# regolith_gen synthetic particle
# verts: 2562  tris: 5120
v -0.812890 0.593999 0.000000
v 0.797942 0.583076 0.000000
v -0.816344 -0.596523 0.000000
v 0.829103 -0.605846 0.000000
v 0.000000 -0.368499 0.724010
v 0.000000 0.358218 0.703810
v 0.000000 -0.368523 -0.724058
v 0.000000 0.391086 -0.768388
v 1.256393 0.000000 -0.425819
v 1.360427 0.000000 0.461079
v -1.355874 0.000000 -0.459535
v -1.325743 0.000000 0.449323
v -1.285318 0.358748 0.269230
v -0.779224 0.217491 0.691412
v -0.485395 0.573901 0.430695
v 0.496491 0.587020 0.440541
v 0.000000 0.686237 0.000000
v 0.492690 0.582526 -0.437168
v -0.480703 0.568354 -0.426532
v -0.763956 0.213229 -0.677865
v -1.258035 0.351133 -0.263515
v -1.567626 0.000000 0.000000
v 0.761409 0.212519 0.675605
v 1.243355 0.347036 0.260440
v -0.759040 -0.211857 0.673503
v 0.000000 0.000000 0.838836
v -1.238990 -0.345817 -0.259525
v -1.239282 -0.345899 0.259587
v 0.000000 0.000000 -0.838770
v -0.786558 -0.219538 -0.697920
v 1.229293 0.343111 -0.257494
v 0.770976 0.215189 -0.684094
v 1.280314 -0.357351 0.268181
v 0.811557 -0.226515 0.720102
v 0.491128 -0.580679 0.435782
v -0.477607 -0.564693 0.423785
v 0.000000 -0.718154 0.000000
v -0.454746 -0.537663 -0.403500
v 0.461134 -0.545216 -0.409168
v 0.776796 -0.216813 -0.689258
v 1.240299 -0.346183 -0.259800
v 1.581107 0.000000 0.000000
v -1.121975 0.512735 0.142447
v -0.917265 0.485011 0.363986
v -0.706890 0.634723 0.232195
v -1.100486 0.113708 0.596387
v -1.086739 0.303322 0.509005
v -1.322570 0.179943 0.364788
v -0.247539 0.482867 0.593324
v -0.682828 0.426162 0.605879
v -0.405013 0.305366 0.737237
v -0.252996 0.668869 0.224486
v -0.408602 0.649572 0.000000
v 0.242265 0.472579 0.580683
v 0.000000 0.586075 0.439832
v 0.406788 0.646689 0.000000
v 0.249678 0.660094 0.221541
v 0.678766 0.609470 0.222958
v -0.245742 0.649689 -0.218049
v -0.677415 0.608256 -0.222514
v 0.660941 0.593464 -0.217102
v 0.255712 0.676047 -0.226895
v -0.249868 0.487410 -0.598907
v 0.000000 0.600626 -0.450752
v 0.260246 0.507653 -0.623781
v -0.950018 0.502329 -0.376983
v -1.102230 0.503712 -0.139940
v -0.406041 0.306141 -0.739108
v -0.671879 0.419329 -0.596165
v -1.335743 0.181735 -0.368421
v -1.054454 0.294311 -0.493884
v -1.073154 0.110884 -0.581575
v -1.351315 0.377168 0.000000
v -1.532723 0.000000 -0.238776
v -1.520837 0.189835 -0.142465
v -1.500541 0.187302 0.140564
v -1.465899 0.000000 0.228366
v 0.939280 0.496652 0.372722
v 1.098105 0.501827 0.139416
v 0.404766 0.305180 0.736789
v 0.649521 0.405375 0.576326
v 1.315135 0.178931 0.362737
v 1.097365 0.306288 0.513982
v 1.095265 0.113168 0.593557
v -0.391711 0.109331 0.777187
v 0.000000 0.184597 0.789053
v -1.057933 -0.109311 0.573326
v -0.829634 0.000000 0.736142
v 0.000000 -0.185814 0.794253
v -0.394765 -0.110184 0.783247
v -0.395497 -0.298192 0.719917
v -1.458865 -0.182100 0.136660
v -1.311020 -0.178371 0.361602
v -1.350873 -0.183793 -0.372594
v -1.479467 -0.184671 -0.138590
v -1.065348 -0.486857 0.135258
v -1.315310 -0.367119 0.000000
v -1.078441 -0.492840 -0.136920
v -0.790363 0.000000 -0.701296
v -1.090985 -0.112726 -0.591238
v 0.000000 0.193947 -0.829017
v -0.388507 0.108437 -0.770831
v -0.406146 -0.306220 -0.739300
v -0.401778 -0.112141 -0.797162
v 0.000000 -0.187596 -0.801872
v 0.685003 0.427520 -0.607809
v 0.395091 0.297885 -0.719177
v 1.073000 0.490354 -0.136229
v 0.901237 0.476536 -0.357626
v 1.068371 0.110390 -0.578983
v 1.058121 0.295335 -0.495601
v 1.302885 0.177264 -0.359358
v 1.114921 -0.509512 0.141552
v 0.935929 -0.494880 0.371392
v 0.666437 -0.598400 0.218908
v 1.160884 -0.119948 0.629118
v 1.086780 -0.303334 0.509025
v 1.356306 -0.184532 0.374093
v 0.262364 -0.511784 0.628857
v 0.684830 -0.427412 0.607656
v 0.404659 -0.305099 0.736592
v 0.247984 -0.655617 0.220038
v 0.421205 -0.669607 0.000000
v -0.258872 -0.504974 0.620488
v 0.000000 -0.623814 0.468153
v -0.432757 -0.687973 0.000000
v -0.258670 -0.683869 0.229520
v -0.669628 -0.601264 0.219956
v 0.242355 -0.640735 -0.215044
v 0.672691 -0.604015 -0.220962
v -0.672802 -0.604115 -0.220998
v -0.243672 -0.644217 -0.216212
v 0.252631 -0.492799 -0.605529
v 0.000000 -0.571170 -0.428646
v -0.240402 -0.468944 -0.576217
v 0.902178 -0.477034 -0.357999
v 1.103683 -0.504376 -0.140125
v 0.413133 -0.311488 -0.752018
v 0.688031 -0.429410 -0.610496
v 1.282521 -0.174494 -0.353741
v 1.055552 -0.294617 -0.494398
v 1.046463 -0.108126 -0.567110
v 1.375703 -0.383975 0.000000
v 1.463683 0.000000 -0.228020
v 1.523048 -0.190111 -0.142673
v 1.446224 -0.180522 0.135476
v 1.455053 0.000000 0.226676
v 0.414415 -0.115668 0.822233
v 0.840635 0.000000 0.745903
v 0.414056 0.115568 0.821522
v -0.901430 -0.476638 0.357702
v -0.648744 -0.404890 0.575637
v -1.043412 -0.291229 0.488712
v -0.657131 -0.410124 -0.583078
v -0.910931 -0.481661 -0.361472
v -1.063792 -0.296917 -0.498258
v 0.817930 0.000000 -0.725757
v 0.395058 -0.110266 -0.783829
v 0.394898 0.110221 -0.783510
v 1.442253 0.180026 0.135104
v 1.499894 0.187221 -0.140504
v 1.331413 0.371613 0.000000
v -0.976280 0.561360 0.070515
v -0.929509 0.582470 0.190081
v -0.764089 0.616098 0.113481
v -1.094848 0.420602 0.315649
v -1.036349 0.507716 0.259843
v -1.204765 0.435201 0.206468
v -0.600968 0.610715 0.337099
v -0.838120 0.574557 0.308255
v -0.726469 0.547733 0.411057
v -1.221112 0.057048 0.525947
v -1.239001 0.150378 0.489672
v -1.349966 0.092479 0.414640
v -0.965569 0.269502 0.622471
v -1.107992 0.210898 0.560113
v -0.943595 0.166493 0.646922
v -1.314611 0.269874 0.320379
v -1.207390 0.240918 0.436189
v -1.174015 0.327682 0.385634
v -0.125125 0.429032 0.663303
v -0.327729 0.396901 0.668739
v -0.198358 0.330768 0.717105
v -0.588738 0.505737 0.522393
v -0.460258 0.454622 0.598852
v -0.374106 0.540626 0.525096
v -0.597083 0.263622 0.720318
v -0.546240 0.367818 0.677976
v -0.745515 0.326306 0.661503
v -0.991402 0.390724 0.431670
v -0.905918 0.372233 0.569275
v -0.806410 0.458678 0.486052
v -0.556678 0.648672 0.112194
v -0.617877 0.633027 0.000000
v -0.368211 0.620773 0.326717
v -0.470504 0.646251 0.226178
v -0.204976 0.664612 0.000000
v -0.333564 0.661371 0.110353
v -0.125589 0.681150 0.111436
v 0.123163 0.422307 0.652905
v 0.000000 0.488459 0.600195
v 0.240023 0.582180 0.436909
v 0.123377 0.535753 0.517174
v 0.364881 0.527296 0.512148
v -0.127532 0.553796 0.534591
v -0.241569 0.585930 0.439723
v 0.604688 0.619515 0.000000
v 0.558805 0.651151 0.112623
v 0.744461 0.600271 0.110566
v 0.126185 0.684382 0.111965
v 0.336501 0.667196 0.111325
v 0.204641 0.663525 0.000000
v 0.599780 0.609507 0.336432
v 0.467095 0.641569 0.224540
v 0.371378 0.626113 0.329527
v -0.127180 0.636977 0.338544
v 0.127196 0.637055 0.338585
v 0.000000 0.672219 0.225610
v -0.547698 0.638208 -0.110384
v -0.759130 0.612099 -0.112745
v -0.127412 0.691036 -0.113054
v -0.332538 0.659338 -0.110014
v -0.596683 0.606361 -0.334695
v -0.461559 0.633964 -0.221878
v -0.367643 0.619816 -0.326213
v 0.742744 0.598886 -0.110311
v 0.533849 0.622070 -0.107593
v 0.376714 0.635109 -0.334262
v 0.460893 0.633050 -0.221558
v 0.583565 0.593030 -0.327337
v 0.333478 0.661201 -0.110325
v 0.126374 0.685407 -0.112133
v -0.132491 0.454290 -0.702353
v 0.000000 0.501981 -0.616811
v 0.130672 0.448055 -0.692712
v -0.246027 0.596743 -0.447838
v -0.125075 0.543126 -0.524292
v -0.370544 0.535478 -0.520096
v 0.384248 0.555283 -0.539332
v 0.127039 0.551653 -0.532522
v 0.244233 0.592392 -0.444573
v 0.000000 0.688410 -0.231045
v 0.130536 0.653784 -0.347477
v -0.129126 0.646720 -0.343723
v -0.887954 0.556430 -0.181584
v -0.954789 0.549003 -0.068963
v -0.724739 0.546429 -0.410078
v -0.840851 0.576429 -0.309259
v -1.191464 0.430396 -0.204189
v -1.037866 0.508459 -0.260224
v -1.116247 0.428823 -0.321819
v -0.211958 0.353445 -0.766270
v -0.336711 0.407779 -0.687067
v -0.726649 0.318048 -0.644762
v -0.541799 0.364828 -0.672465
v -0.586313 0.258867 -0.707325
v -0.469233 0.463487 -0.610529
v -0.582768 0.500609 -0.517095
v -1.340713 0.091845 -0.411798
v -1.211254 0.147010 -0.478706
v -1.215485 0.056785 -0.523523
v -1.184632 0.330645 -0.389122
v -1.207283 0.240897 -0.436150
v -1.349859 0.277110 -0.328969
v -0.918619 0.162086 -0.629799
v -1.081623 0.205879 -0.546783
v -0.919514 0.256648 -0.592781
v -0.813966 0.462976 -0.490606
v -0.889688 0.365565 -0.559076
v -1.008070 0.397293 -0.438927
v -1.118131 0.510979 0.000000
v -1.308351 0.365177 -0.133590
v -1.227425 0.440669 -0.070003
v -1.238234 0.444550 0.070620
v -1.333084 0.372080 0.136115
v -1.455929 0.000000 -0.351944
v -1.435352 0.092331 -0.305064
v -1.597342 0.097191 -0.072939
v -1.567363 0.097265 -0.195775
v -1.558262 0.000000 -0.119022
v -1.438956 0.187302 -0.259456
v -1.394429 0.272948 -0.204839
v -1.433621 0.092220 0.304696
v -1.389606 0.000000 0.335912
v -1.390492 0.272177 0.204261
v -1.415687 0.184273 0.255260
v -1.527379 0.000000 0.116664
v -1.517688 0.094182 0.189570
v -1.591219 0.096819 0.072660
v -1.459197 0.288437 -0.072154
v -1.565614 0.195424 0.000000
v -1.460205 0.288636 0.072204
v 0.910886 0.570800 0.186273
v 0.970299 0.557921 0.070083
v 0.727552 0.548549 0.411670
v 0.822078 0.563559 0.302354
v 1.168236 0.422005 0.200208
v 1.031930 0.505551 0.258735
v 1.111553 0.427020 0.320465
v 0.195988 0.326815 0.708536
v 0.328738 0.398123 0.670798
v 0.704227 0.308234 0.624867
v 0.523708 0.352646 0.650010
v 0.594877 0.262649 0.717658
v 0.449905 0.444395 0.585380
v 0.587301 0.504503 0.521118
v 1.372148 0.093999 0.421453
v 1.240699 0.150584 0.490343
v 1.271150 0.059386 0.547499
v 1.200420 0.335052 0.394307
v 1.198906 0.239225 0.433124
v 1.304278 0.267753 0.317860
v 0.915578 0.161549 0.627714
v 1.081986 0.205948 0.546967
v 0.908234 0.253499 0.585509
v 0.814676 0.463379 0.491034
v 0.878148 0.360823 0.551825
v 1.044011 0.411458 0.454576
v -0.196544 0.241518 0.756702
v 0.000000 0.273211 0.752615
v -0.592402 0.165347 0.749526
v -0.404572 0.208431 0.769758
v 0.000000 0.095654 0.833914
v -0.191305 0.143210 0.763473
v -0.200282 0.055901 0.815202
v -1.201257 -0.056120 0.517395
v -1.080149 0.000000 0.585366
v -0.811236 -0.110373 0.719817
v -0.961249 -0.056792 0.663089
v -0.925137 -0.163236 0.634268
v -0.972069 0.057431 0.670553
v -0.816582 0.111100 0.724560
v 0.000000 -0.272911 0.751788
v -0.197523 -0.242720 0.760469
v -0.196716 -0.328029 0.711167
v -0.198488 -0.055401 0.807902
v -0.198472 -0.148575 0.792075
v 0.000000 -0.095197 0.829929
v -0.583742 -0.257732 0.704224
v -0.391425 -0.201658 0.744745
v -0.587552 -0.163993 0.743389
v -0.619122 0.057602 0.775699
v -0.619477 -0.057635 0.776143
v -0.403955 0.000000 0.801481
v -1.406086 -0.090449 0.298844
v -1.364793 -0.093495 0.419194
v -1.498656 -0.091187 0.068433
v -1.470868 -0.091277 0.183722
v -1.274660 -0.261672 0.310642
v -1.406344 -0.183057 0.253576
v -1.374020 -0.268953 0.201841
v -1.384102 -0.094818 -0.425124
v -1.509421 -0.097096 -0.320806
v -1.390948 -0.272267 -0.204328
v -1.445193 -0.188114 -0.260580
v -1.308653 -0.268651 -0.318927
v -1.547936 -0.096059 -0.193348
v -1.542548 -0.093857 -0.070437
v -0.953901 -0.548492 0.068898
v -1.086193 -0.496383 0.000000
v -0.962029 -0.553166 -0.069486
v -1.309561 -0.365514 0.133713
v -1.199700 -0.430715 0.068422
v -1.149735 -0.415322 0.197037
v -1.161166 -0.419451 -0.198996
v -1.193166 -0.428369 -0.068049
v -1.275855 -0.356107 -0.130272
v -1.448548 -0.180812 0.000000
v -1.366564 -0.270126 -0.067574
v -1.397698 -0.276281 0.069113
v -1.067036 0.000000 -0.578259
v -1.220574 -0.057023 -0.525715
v -0.767111 0.104369 -0.680664
v -0.928201 0.054840 -0.640292
v -0.952541 -0.168071 -0.653056
v -0.954934 -0.056419 -0.658733
v -0.809191 -0.110095 -0.718003
v 0.000000 0.294820 -0.812140
v -0.211231 0.259565 -0.813244
v -0.202673 0.056569 -0.824935
v -0.211349 0.158214 -0.843465
v 0.000000 0.099195 -0.864792
v -0.411187 0.211839 -0.782344
v -0.579375 0.161711 -0.733044
v -0.204602 -0.341179 -0.739678
v -0.203051 -0.249513 -0.781751
v 0.000000 -0.281802 -0.776280
v -0.593712 -0.165712 -0.751183
v -0.412229 -0.212376 -0.784328
v -0.604764 -0.267014 -0.729585
v 0.000000 -0.094139 -0.820711
v -0.202492 -0.151585 -0.808120
v -0.197663 -0.055170 -0.804540
v -0.591830 0.055062 -0.741505
v -0.388939 0.000000 -0.771687
v -0.602782 -0.056081 -0.755226
v 0.344986 0.417801 -0.703953
v 0.211891 0.353333 -0.766028
v 0.608315 0.522554 -0.539764
v 0.477134 0.471291 -0.620809
v 0.591612 0.261207 -0.713718
v 0.550494 0.370684 -0.683258
v 0.750592 0.328528 -0.666007
v 0.952618 0.547755 -0.068806
v 0.865579 0.542409 -0.177008
v 1.104100 0.424156 -0.318317
v 0.992531 0.486249 -0.248856
v 1.170217 0.422721 -0.200548
v 0.787210 0.539656 -0.289530
v 0.712912 0.537511 -0.403386
v 1.140462 0.053280 -0.491210
v 1.204562 0.146198 -0.476061
v 1.293295 0.088597 -0.397233
v 0.940327 0.262457 -0.606199
v 1.092109 0.207875 -0.552084
v 0.958589 0.169138 -0.657202
v 1.274098 0.261557 -0.310505
v 1.181675 0.235787 -0.426899
v 1.146971 0.320134 -0.376751
v 0.797063 0.453362 -0.480419
v 0.996349 0.392674 -0.433823
v 0.883696 0.363103 -0.555311
v 1.000401 -0.575230 0.072257
v 0.876166 -0.549043 0.179173
v 0.751219 -0.605721 0.111570
v 1.134631 -0.435885 0.327119
v 1.028822 -0.504028 0.257956
v 1.226001 -0.442872 0.210108
v 0.587111 -0.596633 0.329326
v 0.804246 -0.551335 0.295796
v 0.711873 -0.536728 0.402799
v 1.283722 -0.059973 0.552914
v 1.252234 -0.151984 0.494902
v 1.347480 -0.092309 0.413876
v 0.960595 -0.268114 0.619265
v 1.125250 -0.214183 0.568837
v 0.994338 -0.175446 0.681711
v 1.295101 -0.265869 0.315624
v 1.233306 -0.246089 0.445552
v 1.191856 -0.332662 0.391495
v 0.131358 -0.450405 0.696346
v 0.346040 -0.419077 0.706103
v 0.204207 -0.340520 0.738249
v 0.610389 -0.524336 0.541604
v 0.490617 -0.484609 0.638352
v 0.384022 -0.554956 0.539014
v 0.597348 -0.263740 0.720638
v 0.548947 -0.369642 0.681337
v 0.738637 -0.323295 0.655399
v 1.021577 -0.402616 0.444808
v 0.899559 -0.369620 0.565279
v 0.832985 -0.473794 0.502070
v 0.542601 -0.632269 0.109357
v 0.624352 -0.639660 0.000000
v 0.371757 -0.626752 0.329863
v 0.454702 -0.624546 0.218582
v 0.212508 -0.689035 0.000000
v 0.334633 -0.663492 0.110707
v 0.128764 -0.698370 0.114254
v -0.127233 -0.436262 0.674480
v 0.000000 -0.508241 0.624503
v -0.246467 -0.597810 0.448639
v -0.130879 -0.568327 0.548619
v -0.372024 -0.537618 0.522175
v 0.133011 -0.577588 0.557558
v 0.255136 -0.618837 0.464419
v -0.642596 -0.658352 0.000000
v -0.568772 -0.662765 0.114631
v -0.751498 -0.605945 0.111611
v -0.130796 -0.709390 0.116057
v -0.350177 -0.694310 0.115850
v -0.218772 -0.709344 0.000000
v -0.583416 -0.592879 0.327253
v -0.470413 -0.646126 0.226135
v -0.372644 -0.628247 0.330650
v 0.130396 -0.653082 0.347104
v -0.129469 -0.648442 0.344638
v 0.000000 -0.682150 0.228943
v 0.563062 -0.656111 -0.113481
v 0.748077 -0.603187 -0.111103
v 0.125338 -0.679789 -0.111214
v 0.339649 -0.673437 -0.112367
v 0.571434 -0.580702 -0.320532
v 0.466723 -0.641058 -0.224361
v 0.357651 -0.602971 -0.317347
v -0.759858 -0.612686 -0.112853
v -0.557784 -0.649960 -0.112417
v -0.361130 -0.608835 -0.320433
v -0.468533 -0.643544 -0.225231
v -0.565357 -0.574527 -0.317124
v -0.338137 -0.670438 -0.111866
v -0.124097 -0.673059 -0.110113
v 0.126468 -0.433639 -0.670424
v 0.000000 -0.486109 -0.597309
v -0.123713 -0.424192 -0.655819
v 0.232147 -0.563077 -0.422572
v 0.124190 -0.539283 -0.520582
v 0.367111 -0.530518 -0.515278
v -0.350210 -0.506093 -0.491555
v -0.120249 -0.522170 -0.504062
v -0.227823 -0.552591 -0.414703
v 0.000000 -0.647214 -0.217218
v -0.123123 -0.616658 -0.327745
v 0.121755 -0.609806 -0.324103
v 0.895614 -0.561230 -0.183150
v 0.992310 -0.570577 -0.071673
v 0.688637 -0.519209 -0.389650
v 0.788978 -0.540868 -0.290181
v 1.174809 -0.424380 -0.201335
v 1.004726 -0.492223 -0.251914
v 1.058203 -0.406524 -0.305084
v 0.210398 -0.350845 -0.760633
v 0.344918 -0.417718 -0.703814
v 0.757902 -0.331728 -0.672493
v 0.559295 -0.376610 -0.694181
v 0.604588 -0.266936 -0.729373
v 0.481683 -0.475784 -0.626728
v 0.580171 -0.498378 -0.514791
v 1.278072 -0.087554 -0.392557
v 1.164760 -0.141367 -0.460331
v 1.144898 -0.053487 -0.493121
v 1.156164 -0.322699 -0.379771
v 1.165483 -0.232556 -0.421049
v 1.278018 -0.262362 -0.311461
v 0.934450 -0.164879 -0.640652
v 1.037336 -0.197449 -0.524395
v 0.958452 -0.267516 -0.617883
v 0.794826 -0.452089 -0.479070
v 0.910675 -0.374188 -0.572264
v 1.009858 -0.397998 -0.439706
v 1.164500 -0.532169 0.000000
v 1.349383 -0.376629 -0.137779
v 1.252578 -0.449699 -0.071438
v 1.258876 -0.451960 0.071797
v 1.341481 -0.374424 0.136972
v 1.387046 0.000000 -0.335293
v 1.392936 -0.089603 -0.296049
v 1.571861 -0.095641 -0.071776
v 1.500370 -0.093107 -0.187407
v 1.544248 0.000000 -0.117952
v 1.385266 -0.180314 -0.249775
v 1.392120 -0.272496 -0.204500
v 1.425676 -0.091709 0.303007
v 1.435208 0.000000 0.346935
v 1.370420 -0.268248 0.201312
v 1.426729 -0.185711 0.257251
v 1.513006 0.000000 0.115566
v 1.490249 -0.092479 0.186143
v 1.527213 -0.092924 0.069737
v 1.476629 -0.291883 -0.073016
v 1.532786 -0.191327 0.000000
v 1.460899 -0.288774 0.072239
v 0.197363 -0.242523 0.759853
v 0.608606 -0.169869 0.770028
v 0.400620 -0.206395 0.762239
v 0.200907 -0.150398 0.801794
v 0.206024 -0.057504 0.838575
v 1.155252 0.000000 0.626066
v 0.820577 0.111644 0.728105
v 0.972524 0.057458 0.670867
v 1.021712 -0.060364 0.704798
v 0.827675 -0.112609 0.734403
v 0.201155 0.247184 0.774454
v 0.205388 0.057326 0.835987
v 0.200042 0.149750 0.798342
v 0.407117 0.209742 0.774600
v 0.600655 0.167650 0.759968
v 0.636852 -0.059251 0.797912
v 0.640446 0.059585 0.802415
v 0.418352 0.000000 0.830045
v -0.863914 -0.541365 0.176667
v -0.698243 -0.526452 0.395086
v -0.785483 -0.538472 0.288895
v -0.980893 -0.480547 0.245939
v -1.097970 -0.421801 0.316549
v -0.334319 -0.404882 0.682187
v -0.718139 -0.314324 0.637211
v -0.534900 -0.360183 0.663903
v -0.456566 -0.450975 0.594048
v -0.582113 -0.500046 0.516514
v -1.222999 -0.148435 0.483348
v -1.136711 -0.317270 0.373381
v -1.203786 -0.240199 0.434887
v -1.058847 -0.201544 0.535269
v -0.921022 -0.257068 0.593753
v -0.795797 -0.452641 0.479655
v -0.880780 -0.361905 0.553479
v -1.012306 -0.398963 0.440771
v -0.331911 -0.401965 -0.677272
v -0.561000 -0.481909 -0.497780
v -0.449349 -0.443846 -0.584657
v -0.554959 -0.373690 -0.688798
v -0.745073 -0.326112 -0.661110
v -0.915632 -0.573774 -0.187244
v -1.054581 -0.405133 -0.304040
v -1.013668 -0.496604 -0.254156
v -0.812045 -0.556681 -0.298664
v -0.686882 -0.517886 -0.388658
v -1.216979 -0.147705 -0.480969
v -0.954031 -0.266282 -0.615033
v -1.081602 -0.205875 -0.546773
v -1.195169 -0.238480 -0.431774
v -1.138733 -0.317834 -0.374045
v -0.787829 -0.448109 -0.474853
v -0.992514 -0.391162 -0.432154
v -0.888706 -0.365161 -0.558459
v 1.057481 0.000000 -0.573081
v 0.819888 -0.111550 -0.727494
v 0.957644 -0.056579 -0.660602
v 0.966534 0.057104 -0.666735
v 0.808851 0.110048 -0.717701
v 0.203652 -0.250252 -0.784066
v 0.198254 -0.055335 -0.806947
v 0.197872 -0.148126 -0.789682
v 0.402080 -0.207147 -0.765018
v 0.593901 -0.165765 -0.751422
v 0.203656 0.250257 -0.784082
v 0.581590 0.162329 -0.735846
v 0.398077 0.205085 -0.757400
v 0.201475 0.150823 -0.804060
v 0.203205 0.056717 -0.827099
v 0.611775 -0.056918 -0.766494
v 0.396678 0.000000 -0.787042
v 0.608218 0.056587 -0.762036
v 1.425209 0.091679 0.302908
v 1.493942 0.090900 0.068218
v 1.417094 0.087940 0.177005
v 1.386917 0.180528 0.250073
v 1.348277 0.263914 0.198060
v 1.408057 0.090575 -0.299263
v 1.372295 0.268616 -0.201588
v 1.425471 0.185547 -0.257024
v 1.497343 0.092920 -0.187029
v 1.534687 0.093379 -0.070078
v 1.068733 0.488404 0.000000
v 1.283531 0.358249 0.131055
v 1.187536 0.426348 0.067728
v 1.216687 0.436814 -0.069391
v 1.311305 0.366001 -0.133891
v 1.503011 0.187610 0.000000
v 1.421900 0.281065 -0.070310
v 1.427519 0.282175 0.070588
v -0.891738 0.576713 0.034741
v -0.867952 0.587486 0.091850
v -0.786580 0.603288 0.056023
v -1.029398 0.549289 0.166735
v -0.957252 0.574213 0.130080
v -1.060550 0.543506 0.107357
v -0.742016 0.630410 0.173293
v -0.848204 0.601455 0.151667
v -0.824590 0.613280 0.212756
v -1.197996 0.393072 0.294989
v -1.149155 0.427825 0.261759
v -1.243322 0.396437 0.237515
v -0.973768 0.495059 0.311846
v -1.055261 0.458729 0.285284
v -0.992436 0.446397 0.335008
v -1.186358 0.482818 0.178144
v -1.115747 0.469150 0.231979
v -1.085809 0.513459 0.202727
v -0.547429 0.597388 0.387780
v -0.674275 0.588376 0.380029
v -0.611766 0.567386 0.425806
v -0.780512 0.610772 0.273051
v -0.726293 0.598973 0.326158
v -0.648431 0.617800 0.282875
v -0.821722 0.515138 0.386595
v -0.782485 0.561477 0.360310
v -0.875818 0.527291 0.335655
v -0.990902 0.548962 0.226974
v -0.943437 0.544063 0.285537
v -0.901134 0.589877 0.254124
v -1.270418 0.028463 0.486495
v -1.298689 0.075515 0.475179
v -1.348490 0.046573 0.435431
v -1.184048 0.133672 0.549548
v -1.247940 0.105142 0.515230
v -1.149097 0.084417 0.555312
v -1.348539 0.137869 0.393104
v -1.300322 0.121950 0.454153
v -1.282261 0.165441 0.426982
v -0.875262 0.244296 0.660656
v -0.946075 0.215282 0.629349
v -0.865411 0.192834 0.672179
v -1.093843 0.256262 0.532853
v -1.031583 0.238601 0.587709
v -1.039218 0.290058 0.572192
v -1.035090 0.142041 0.629890
v -1.049160 0.192941 0.617945
v -1.124838 0.165174 0.589103
v -1.312440 0.316850 0.297854
v -1.242949 0.298580 0.352768
v -1.231557 0.343743 0.328863
v -1.276654 0.212267 0.404043
v -1.250166 0.253182 0.375428
v -1.330516 0.226575 0.345852
v -1.133090 0.316259 0.447630
v -1.192387 0.284582 0.411542
v -1.129968 0.267519 0.464819
v -1.193526 0.183531 0.533548
v -1.163564 0.227117 0.499698
v -1.219839 0.195449 0.461513
v -0.062294 0.395999 0.688606
v -0.161492 0.377938 0.687823
v -0.099709 0.346706 0.714987
v -0.287603 0.439746 0.630919
v -0.223498 0.407328 0.656969
v -0.186716 0.456811 0.629454
v -0.302351 0.320625 0.732423
v -0.259978 0.360081 0.686527
v -0.364792 0.350151 0.700215
v -0.546123 0.549281 0.484580
v -0.482452 0.524547 0.525081
v -0.432660 0.560910 0.480882
v -0.577481 0.446587 0.610467
v -0.533236 0.488490 0.570960
v -0.642074 0.471071 0.569718
v -0.309798 0.510947 0.559111
v -0.417943 0.497838 0.562844
v -0.354254 0.469906 0.597473
v -0.683946 0.239121 0.701618
v -0.670341 0.294557 0.691102
v -0.772718 0.274946 0.685640
v -0.474828 0.336145 0.707262
v -0.570510 0.314631 0.697672
v -0.502376 0.285202 0.730618
v -0.724367 0.381312 0.642737
v -0.649336 0.349239 0.673804
v -0.620843 0.401196 0.649452
v -0.393634 0.425600 0.633969
v -0.507870 0.415581 0.644387
v -0.438383 0.384991 0.677606
v -1.154775 0.380863 0.356925
v -1.040636 0.348425 0.470794
v -1.092444 0.362750 0.412621
v -1.051093 0.408787 0.376890
v -0.962321 0.440963 0.401321
v -0.860021 0.299752 0.645790
v -0.801636 0.402850 0.592952
v -0.838942 0.354913 0.625716
v -0.951184 0.326158 0.605706
v -1.009803 0.341800 0.545768
v -0.652789 0.523054 0.463845
v -0.861967 0.471859 0.424793
v -0.758516 0.497354 0.444047
v -0.700664 0.483938 0.506058
v -0.755617 0.448729 0.552867
v -0.950713 0.382121 0.499451
v -0.857507 0.416845 0.528371
v -0.905427 0.426838 0.461285
v -0.685078 0.620306 0.055520
v -0.714868 0.613552 0.000000
v -0.637511 0.649505 0.172810
v -0.671447 0.643854 0.114857
v -0.512049 0.641494 0.000000
v -0.583953 0.636927 0.055359
v -0.475314 0.641172 0.054342
v -0.425732 0.596787 0.377756
v -0.479784 0.612525 0.330023
v -0.359992 0.654664 0.224333
v -0.426897 0.645306 0.281944
v -0.315305 0.653896 0.279773
v -0.529358 0.622199 0.278016
v -0.588054 0.642634 0.229848
v -0.103280 0.672980 0.000000
v -0.164635 0.667939 0.054562
v -0.062447 0.681601 0.055410
v -0.365212 0.644627 0.053904
v -0.266797 0.658466 0.054259
v -0.306352 0.656868 0.000000
v -0.188947 0.676067 0.167655
v -0.231234 0.674896 0.111500
v -0.294601 0.666816 0.167079
v -0.514647 0.648658 0.169355
v -0.404072 0.658933 0.168675
v -0.446542 0.659270 0.111970
v 0.061394 0.390275 0.678652
v 0.000000 0.427910 0.661568
v 0.124539 0.489065 0.600940
v 0.062206 0.456824 0.629000
v 0.184478 0.451334 0.621907
v -0.063014 0.462755 0.637167
v -0.123329 0.484311 0.595099
v 0.363944 0.582369 0.437050
v 0.304682 0.559046 0.478120
v 0.431450 0.559341 0.479537
v 0.061199 0.555495 0.473979
v 0.181764 0.559871 0.478085
v 0.120176 0.586612 0.440235
v 0.302948 0.499650 0.546749
v 0.243267 0.531262 0.514398
v 0.184086 0.506861 0.552131
v -0.307159 0.563591 0.482007
v -0.365074 0.584177 0.438407
v -0.189633 0.522133 0.568768
v -0.249155 0.544121 0.526849
v -0.120504 0.588212 0.441435
v -0.184755 0.569085 0.485953
v -0.062259 0.565122 0.482194
v 0.062576 0.516537 0.563114
v 0.000000 0.541414 0.522639
v -0.063008 0.520102 0.567001
v 0.696520 0.597804 0.000000
v 0.680675 0.616319 0.055163
v 0.769854 0.590459 0.054832
v 0.482889 0.651390 0.055208
v 0.581806 0.634586 0.055155
v 0.504533 0.632077 0.000000
v 0.709643 0.602906 0.165732
v 0.650512 0.623779 0.111276
v 0.617032 0.628641 0.167259
v 0.062805 0.685503 0.055727
v 0.166476 0.675408 0.055172
v 0.102287 0.666512 0.000000
v 0.291607 0.660038 0.165381
v 0.232076 0.677353 0.111906
v 0.188655 0.675019 0.167395
v 0.306847 0.657929 0.000000
v 0.271084 0.669048 0.055131
v 0.374653 0.661290 0.055297
v 0.549120 0.599233 0.388978
v 0.486470 0.621061 0.334622
v 0.433806 0.608106 0.384920
v 0.576797 0.630333 0.225448
v 0.536891 0.631052 0.281973
v 0.643716 0.613307 0.280818
v 0.311530 0.646069 0.276424
v 0.423056 0.639499 0.279406
v 0.354282 0.644281 0.220775
v 0.453483 0.669518 0.113711
v 0.409767 0.668220 0.171052
v 0.514840 0.648902 0.169418
v -0.303586 0.600720 0.381516
v -0.064077 0.619943 0.394971
v -0.186371 0.618030 0.393333
v -0.247909 0.629198 0.332800
v -0.190530 0.655242 0.282771
v 0.305857 0.605213 0.384369
v 0.187671 0.645413 0.278530
v 0.249556 0.633377 0.335010
v 0.186020 0.616863 0.392591
v 0.064267 0.621778 0.396140
v 0.000000 0.680471 0.111325
v -0.127665 0.679582 0.228082
v -0.063028 0.675435 0.167886
v 0.062521 0.670006 0.166537
v 0.125766 0.669476 0.224690
v 0.000000 0.636172 0.338116
v 0.063661 0.655457 0.282435
v -0.063574 0.654557 0.282047
v -0.687108 0.622144 -0.055684
v -0.786961 0.603580 -0.056051
v -0.481052 0.648912 -0.054998
v -0.582661 0.635519 -0.055236
v -0.711296 0.604311 -0.166119
v -0.650540 0.623806 -0.111281
v -0.614801 0.626368 -0.166654
v -0.062781 0.685243 -0.055706
v -0.166976 0.677435 -0.055337
v -0.293139 0.663505 -0.166250
v -0.231528 0.675755 -0.111642
v -0.190172 0.680450 -0.168742
v -0.269178 0.664343 -0.054744
v -0.370939 0.654736 -0.054749
v -0.538064 0.587169 -0.381147
v -0.482070 0.615444 -0.331596
v -0.431880 0.605405 -0.383211
v -0.571113 0.624120 -0.223226
v -0.531905 0.625192 -0.279354
v -0.642358 0.612013 -0.280225
v -0.301167 0.624576 -0.267228
v -0.415005 0.627329 -0.274089
v -0.350933 0.638190 -0.218688
v -0.439887 0.649444 -0.110301
v -0.399102 0.650828 -0.166600
v -0.502831 0.633766 -0.165467
v 0.777295 0.596167 -0.055362
v 0.670001 0.606655 -0.054298
v 0.598879 0.610146 -0.162338
v 0.635173 0.609071 -0.108652
v 0.701341 0.595853 -0.163793
v 0.563532 0.614655 -0.053423
v 0.464915 0.627144 -0.053153
v 0.431759 0.605235 -0.383103
v 0.479860 0.612622 -0.330075
v 0.543243 0.592820 -0.384815
v 0.359493 0.653757 -0.224022
v 0.426235 0.644306 -0.281506
v 0.320747 0.665183 -0.284602
v 0.630737 0.600941 -0.275156
v 0.527117 0.619565 -0.276840
v 0.563855 0.616189 -0.220389
v 0.167278 0.678659 -0.055437
v 0.062976 0.687380 -0.055880
v 0.366665 0.647192 -0.054119
v 0.266391 0.657463 -0.054177
v 0.190198 0.680540 -0.168764
v 0.230686 0.673296 -0.111235
v 0.295853 0.669649 -0.167789
v 0.498280 0.628030 -0.163969
v 0.397266 0.647833 -0.165833
v 0.432633 0.638735 -0.108482
v -0.066998 0.425899 -0.740598
v 0.000000 0.452943 -0.700269
v 0.066265 0.421239 -0.732496
v -0.126381 0.496297 -0.609826
v -0.065447 0.480622 -0.661768
v -0.193388 0.473133 -0.651945
v 0.196259 0.480157 -0.661624
v 0.064683 0.475009 -0.654040
v 0.128038 0.502804 -0.617822
v -0.366545 0.586532 -0.440174
v -0.308200 0.565501 -0.483640
v -0.425023 0.551008 -0.472393
v -0.063222 0.573856 -0.489646
v -0.185871 0.572521 -0.488887
v -0.123531 0.602988 -0.452524
v -0.307076 0.506458 -0.554199
v -0.247400 0.540289 -0.523138
v -0.186137 0.512509 -0.558284
v 0.445324 0.577327 -0.494957
v 0.310430 0.569594 -0.487141
v 0.371901 0.595101 -0.446606
v 0.192523 0.530091 -0.577436
v 0.253822 0.554313 -0.536717
v 0.321815 0.530767 -0.580799
v 0.123894 0.604763 -0.453857
v 0.186471 0.574370 -0.490466
v 0.063715 0.578331 -0.493464
v -0.063228 0.521923 -0.568986
v 0.000000 0.547560 -0.528571
v 0.063937 0.527777 -0.575368
v 0.000000 0.691572 -0.113141
v 0.129108 0.687266 -0.230660
v 0.064069 0.686589 -0.170659
v -0.064847 0.694923 -0.172730
v -0.126976 0.675915 -0.226851
v 0.315166 0.623633 -0.396067
v 0.065443 0.633156 -0.403389
v 0.188868 0.626308 -0.398602
v 0.254010 0.644681 -0.340989
v 0.196609 0.676151 -0.291795
v -0.311867 0.617105 -0.391922
v -0.186933 0.642873 -0.277434
v -0.250455 0.635659 -0.336218
v -0.189094 0.627057 -0.399079
v -0.065451 0.633235 -0.403439
v 0.066185 0.681448 -0.293635
v 0.000000 0.658567 -0.350019
v -0.064723 0.666392 -0.287147
v -0.853007 0.577369 -0.090269
v -0.892046 0.576912 -0.034753
v -0.789293 0.587029 -0.203649
v -0.813799 0.577058 -0.145515
v -1.016682 0.521024 -0.102916
v -0.923570 0.554008 -0.125503
v -0.994217 0.530517 -0.161037
v -0.601438 0.557807 -0.418618
v -0.658196 0.574345 -0.370966
v -0.895091 0.538894 -0.343041
v -0.783143 0.561949 -0.360613
v -0.843907 0.529045 -0.397032
v -0.723087 0.596329 -0.324718
v -0.758150 0.593273 -0.265228
v -1.226085 0.390941 -0.234222
v -1.155019 0.430008 -0.263095
v -1.191647 0.390989 -0.293425
v -1.072040 0.506948 -0.200156
v -1.122100 0.471821 -0.233300
v -1.167953 0.475327 -0.175381
v -1.039103 0.467388 -0.350760
v -1.069196 0.464786 -0.289051
v -1.000241 0.508518 -0.320324
v -0.867054 0.567568 -0.244514
v -0.947062 0.546154 -0.286635
v -0.976685 0.541086 -0.223717
v -0.108647 0.377785 -0.779078
v -0.172439 0.403557 -0.734448
v -0.372196 0.357258 -0.714427
v -0.274806 0.380619 -0.725684
v -0.314237 0.333230 -0.761217
v -0.238145 0.434021 -0.700022
v -0.298995 0.457164 -0.655910
v -0.755201 0.268713 -0.670096
v -0.660749 0.290343 -0.681214
v -0.683084 0.238819 -0.700733
v -0.611793 0.395348 -0.639986
v -0.639430 0.343911 -0.663524
v -0.699868 0.368416 -0.621000
v -0.494701 0.280845 -0.719456
v -0.556137 0.306704 -0.680095
v -0.468168 0.331430 -0.697342
v -0.475331 0.516804 -0.517331
v -0.537579 0.540687 -0.476998
v -0.357523 0.474242 -0.602986
v -0.415178 0.494543 -0.559119
v -0.631428 0.463260 -0.560271
v -0.522243 0.478419 -0.559190
v -0.574608 0.444365 -0.607430
v -0.439102 0.385622 -0.678716
v -0.507668 0.415416 -0.644131
v -0.404511 0.437360 -0.651487
v -1.348500 0.046574 -0.435434
v -1.293401 0.075208 -0.473244
v -1.286560 0.028824 -0.492676
v -1.284900 0.165782 -0.427860
v -1.285712 0.120580 -0.449050
v -1.316740 0.134618 -0.383834
v -1.137554 0.083569 -0.549734
v -1.209388 0.101894 -0.499313
v -1.145103 0.129276 -0.531472
v -1.237334 0.345355 -0.330405
v -1.258770 0.302380 -0.357258
v -1.302595 0.314474 -0.295620
v -1.120537 0.265286 -0.460939
v -1.199340 0.286241 -0.413942
v -1.114035 0.310941 -0.440103
v -1.352003 0.230234 -0.351437
v -1.277894 0.258798 -0.383755
v -1.281360 0.213050 -0.405532
v -0.834084 0.185854 -0.647847
v -0.928624 0.211311 -0.617740
v -0.843728 0.235495 -0.636853
v -1.084602 0.159265 -0.568030
v -1.012220 0.186148 -0.596188
v -1.004999 0.137911 -0.611578
v -0.997652 0.278457 -0.549305
v -1.008011 0.233149 -0.574279
v -1.061231 0.248622 -0.516966
v -1.220798 0.195603 -0.461876
v -1.125310 0.219650 -0.483269
v -1.143386 0.175821 -0.511134
v -0.660475 0.529213 -0.469307
v -0.743070 0.441277 -0.543686
v -0.702876 0.485466 -0.507656
v -0.780268 0.511618 -0.456781
v -0.884278 0.484073 -0.435789
v -0.826703 0.288139 -0.620770
v -0.983757 0.332983 -0.531691
v -0.896989 0.307574 -0.571195
v -0.803894 0.340086 -0.599576
v -0.769349 0.386625 -0.569070
v -1.153679 0.380502 -0.356586
v -0.991831 0.454485 -0.413627
v -1.068898 0.415712 -0.383274
v -1.086615 0.360814 -0.410420
v -1.042000 0.348882 -0.471411
v -0.848361 0.412399 -0.522736
v -0.959869 0.385802 -0.504262
v -0.924546 0.435851 -0.471026
v -0.963323 0.553910 0.000000
v -1.098202 0.501871 -0.069259
v -1.039997 0.532573 -0.035073
v -1.050716 0.538063 0.035434
v -1.126374 0.514746 0.071036
v -1.292474 0.360745 -0.200038
v -1.258325 0.400246 -0.169842
v -1.296986 0.411585 -0.035388
v -1.276377 0.405361 -0.102625
v -1.356738 0.378682 -0.068836
v -1.219418 0.439125 -0.138287
v -1.179577 0.477887 -0.106099
v -1.279848 0.407092 0.172747
v -1.315469 0.367164 0.203597
v -1.192364 0.483067 0.107249
v -1.239917 0.446507 0.140611
v -1.341033 0.374298 0.068039
v -1.284614 0.407976 0.103287
v -1.288896 0.409018 0.035167
v -1.173531 0.475812 -0.035209
v -1.237357 0.444235 0.000000
v -1.175437 0.476584 0.035266
v -1.405855 0.000000 -0.405666
v -1.390966 0.046303 -0.380456
v -1.497643 0.047208 -0.274959
v -1.436804 0.046445 -0.326241
v -1.495313 0.000000 -0.295601
v -1.381475 0.091656 -0.356797
v -1.373667 0.135930 -0.333918
v -1.582036 0.047832 -0.035896
v -1.573280 0.047797 -0.096039
v -1.563519 0.000000 -0.059425
v -1.538872 0.143405 -0.168378
v -1.587660 0.097553 -0.134718
v -1.572773 0.145057 -0.108861
v -1.553837 0.000000 -0.179474
v -1.579471 0.048406 -0.158494
v -1.561142 0.048551 -0.219045
v -1.383164 0.277166 -0.268317
v -1.334822 0.314239 -0.235827
v -1.392618 0.185248 -0.315601
v -1.389958 0.230987 -0.292870
v -1.461315 0.232534 -0.174510
v -1.417897 0.230402 -0.232304
v -1.467863 0.187071 -0.199900
v -1.510478 0.095411 -0.253377
v -1.497622 0.142579 -0.227444
v -1.442620 0.140081 -0.283464
v -1.376376 0.045817 0.376465
v -1.368220 0.000000 0.394806
v -1.391091 0.137654 0.338154
v -1.393568 0.092458 0.359920
v -1.452721 0.000000 0.287181
v -1.428925 0.046190 0.324452
v -1.446957 0.045610 0.265653
v -1.332254 0.313635 0.235373
v -1.346135 0.269746 0.261134
v -1.474185 0.187876 0.200761
v -1.405804 0.228437 0.230322
v -1.453345 0.231265 0.173558
v -1.376265 0.228712 0.289985
v -1.377126 0.183187 0.312091
v -1.562772 0.000000 0.059397
v -1.565124 0.047549 0.095541
v -1.602346 0.048446 0.036357
v -1.474853 0.045868 0.206937
v -1.530770 0.046913 0.153607
v -1.493974 0.000000 0.172560
v -1.549856 0.142943 0.107274
v -1.567841 0.096335 0.133036
v -1.514591 0.141143 0.165721
v -1.425131 0.138383 0.280028
v -1.477260 0.140641 0.224351
v -1.470305 0.092873 0.246638
v -1.346941 0.318152 -0.168582
v -1.487459 0.238740 -0.107117
v -1.436643 0.282612 -0.140187
v -1.379004 0.326409 -0.102989
v -1.415376 0.335375 -0.036231
v -1.596022 0.097111 0.000000
v -1.554144 0.193992 0.072306
v -1.580659 0.146122 0.036529
v -1.586393 0.146652 -0.036662
v -1.538866 0.192085 -0.071595
v -1.366887 0.322863 0.171079
v -1.421329 0.336785 0.036383
v -1.405008 0.332564 0.104931
v -1.434360 0.282163 0.139964
v -1.483770 0.238147 0.106852
v -1.504290 0.241075 -0.036184
v -1.534769 0.245959 0.036917
v -1.461549 0.288902 0.000000
v 0.864775 0.585335 0.091514
v 0.887253 0.573812 0.034566
v 0.791705 0.588822 0.204271
v 0.824707 0.584793 0.147465
v 1.048944 0.537558 0.106182
v 0.954377 0.572488 0.129689
v 1.030795 0.550034 0.166962
v 0.617818 0.572999 0.430018
v 0.668359 0.583213 0.376694
v 0.886699 0.533842 0.339825
v 0.780023 0.559710 0.359176
v 0.835825 0.523979 0.393230
v 0.715885 0.590389 0.321483
v 0.760143 0.594833 0.265925
v 1.201616 0.383139 0.229548
v 1.138899 0.424007 0.259423
v 1.182060 0.387843 0.291065
v 1.077946 0.509741 0.201259
v 1.106139 0.465110 0.229982
v 1.133911 0.461473 0.170269
v 1.020608 0.459069 0.344517
v 1.058245 0.460026 0.286091
v 0.981635 0.499058 0.314365
v 0.872495 0.571129 0.246048
v 0.935389 0.539422 0.283101
v 0.982695 0.544416 0.225094
v 0.098199 0.341455 0.704158
v 0.162076 0.379304 0.690309
v 0.365199 0.350542 0.700996
v 0.263557 0.365038 0.695977
v 0.301047 0.319242 0.729265
v 0.224587 0.409311 0.660168
v 0.281817 0.430899 0.618226
v 0.735531 0.261715 0.652643
v 0.650833 0.285985 0.670990
v 0.674007 0.235646 0.691422
v 0.588241 0.380128 0.615348
v 0.615949 0.331282 0.639159
v 0.681504 0.358749 0.604704
v 0.505387 0.286911 0.734997
v 0.557341 0.307368 0.681567
v 0.464051 0.328515 0.691209
v 0.478098 0.519813 0.520343
v 0.545977 0.549134 0.484450
v 0.347703 0.461217 0.586425
v 0.411066 0.489646 0.553583
v 0.615854 0.451834 0.546453
v 0.512449 0.469447 0.548702
v 0.550105 0.425416 0.581527
v 0.430811 0.378341 0.665901
v 0.491623 0.402287 0.623774
v 0.389114 0.420713 0.626690
v 1.363766 0.047101 0.440364
v 1.328271 0.077235 0.486003
v 1.336294 0.029939 0.511722
v 1.296919 0.167333 0.431862
v 1.315696 0.123392 0.459522
v 1.343246 0.137328 0.391561
v 1.187736 0.087255 0.573985
v 1.274897 0.107413 0.526359
v 1.187098 0.134017 0.550963
v 1.238545 0.345693 0.330729
v 1.265974 0.304111 0.359303
v 1.275750 0.307993 0.289528
v 1.155515 0.273567 0.475327
v 1.209663 0.288705 0.417505
v 1.156903 0.322906 0.457038
v 1.316304 0.224155 0.342158
v 1.255350 0.254232 0.376984
v 1.257946 0.209157 0.398122
v 0.837649 0.186648 0.650616
v 0.917723 0.208830 0.610488
v 0.825569 0.230426 0.623147
v 1.100109 0.161542 0.576152
v 1.007366 0.185255 0.593328
v 1.007043 0.138192 0.612822
v 1.010192 0.281957 0.556210
v 1.001551 0.231654 0.570599
v 1.091898 0.255806 0.531905
v 1.212579 0.194286 0.458767
v 1.147705 0.224021 0.492887
v 1.169053 0.179768 0.522608
v 0.668161 0.535371 0.474768
v 0.727083 0.431783 0.531989
v 0.702648 0.485308 0.507491
v 0.774199 0.507638 0.453228
v 0.885092 0.484518 0.436190
v 0.806137 0.280971 0.605327
v 1.003067 0.339519 0.542127
v 0.900370 0.308734 0.573348
v 0.787929 0.333332 0.587669
v 0.762391 0.383128 0.563924
v 1.156964 0.381585 0.357601
v 0.986383 0.451989 0.411355
v 1.077419 0.419026 0.386330
v 1.132447 0.376033 0.427730
v 1.081999 0.362275 0.489507
v 0.850004 0.413198 0.523748
v 0.973799 0.391401 0.511580
v 0.938231 0.442303 0.477998
v -0.099581 0.304314 0.740872
v 0.000000 0.312142 0.720333
v -0.298887 0.273073 0.748046
v -0.199454 0.288769 0.744527
v 0.000000 0.229698 0.773734
v -0.099083 0.258848 0.759121
v -0.096719 0.209512 0.759901
v -0.684678 0.191102 0.720283
v -0.590471 0.212595 0.729771
v -0.398146 0.158232 0.773705
v -0.498593 0.186965 0.759903
v -0.492872 0.137566 0.767089
v -0.503512 0.237434 0.750373
v -0.408261 0.258683 0.760097
v 0.000000 0.047880 0.838877
v -0.101699 0.075999 0.829037
v -0.102238 0.028536 0.837457
v -0.096584 0.162062 0.769129
v -0.099103 0.120683 0.800856
v 0.000000 0.139900 0.806545
v -0.294542 0.082210 0.790915
v -0.197072 0.101218 0.794321
v -0.291108 0.127122 0.773652
v -0.297792 0.224119 0.759520
v -0.294383 0.174653 0.765795
v -0.193582 0.191196 0.758987
v -1.281640 -0.028714 0.490792
v -1.209504 0.000000 0.520947
v -1.073186 -0.055081 0.581592
v -1.135178 -0.027804 0.548997
v -1.121169 -0.082365 0.541816
v -1.136812 0.027844 0.549787
v -1.080378 0.055450 0.585490
v -0.784479 -0.161785 0.696075
v -0.875735 -0.138209 0.681854
v -0.844588 -0.188194 0.656005
v -0.897234 -0.028691 0.700221
v -0.892356 -0.084022 0.695872
v -0.818703 -0.055349 0.726442
v -0.991718 -0.136089 0.603496
v -0.946227 -0.110824 0.650749
v -1.018932 -0.084135 0.622874
v -0.876812 0.138379 0.682693
v -0.799488 0.164880 0.709393
v -1.028723 0.084944 0.628859
v -0.956983 0.112083 0.658146
v -0.823794 0.055694 0.730960
v -0.892839 0.084068 0.696249
v -0.899890 0.028776 0.702293
v -1.011132 -0.027827 0.617619
v -0.962310 0.000000 0.663822
v -1.019342 0.028053 0.622634
v 0.000000 -0.320326 0.739218
v -0.097536 -0.298065 0.725658
v -0.099734 -0.346793 0.715166
v -0.097984 -0.212252 0.769840
v -0.097734 -0.255325 0.748790
v 0.000000 -0.227342 0.765798
v -0.297872 -0.315875 0.721573
v -0.198117 -0.286833 0.739535
v -0.295727 -0.270186 0.740137
v -0.101205 -0.028247 0.828997
v -0.101210 -0.075633 0.825049
v 0.000000 -0.047925 0.839658
v -0.296981 -0.129686 0.789260
v -0.199021 -0.102219 0.802177
v -0.294623 -0.082233 0.791131
v 0.000000 -0.142160 0.819577
v -0.101238 -0.123283 0.818109
v -0.099831 -0.167510 0.794986
v -0.669295 -0.233998 0.686588
v -0.582197 -0.209616 0.719545
v -0.677084 -0.188982 0.712294
v -0.397160 -0.251649 0.739429
v -0.495602 -0.233703 0.738583
v -0.499507 -0.283573 0.726445
v -0.487175 -0.135977 0.758223
v -0.490346 -0.183873 0.747333
v -0.392091 -0.155826 0.761939
v -0.196545 -0.194123 0.770605
v -0.294551 -0.174753 0.766233
v -0.295509 -0.222400 0.753697
v -0.703378 0.138616 0.737492
v -0.732387 0.029426 0.765483
v -0.722453 0.084778 0.755904
v -0.605457 0.111698 0.762247
v -0.503602 0.084036 0.777073
v -0.702145 -0.138373 0.736198
v -0.500376 -0.083498 0.772096
v -0.600751 -0.110830 0.756322
v -0.714454 -0.083839 0.747535
v -0.728439 -0.029267 0.761357
v -0.200450 0.000000 0.815885
v -0.399430 0.055370 0.792502
v -0.299365 0.027834 0.802006
v -0.300697 -0.027958 0.805574
v -0.399499 -0.055380 0.792639
v -0.625081 0.000000 0.783165
v -0.509219 -0.028426 0.786934
v -0.513515 0.028666 0.793572
v -1.378052 -0.045873 0.376923
v -1.345023 -0.046454 0.434312
v -1.443079 -0.045488 0.264941
v -1.401932 -0.045318 0.318323
v -1.362888 -0.139336 0.397286
v -1.391069 -0.092292 0.359275
v -1.370581 -0.135624 0.333168
v -1.543289 -0.046660 0.035017
v -1.525747 -0.046353 0.093137
v -1.461792 -0.136222 0.159944
v -1.480003 -0.090938 0.125583
v -1.468837 -0.135471 0.101667
v -1.509424 -0.046259 0.151465
v -1.485309 -0.046193 0.208405
v -1.261963 -0.304664 0.286399
v -1.324218 -0.265354 0.256883
v -1.298410 -0.305667 0.229394
v -1.343628 -0.178732 0.304499
v -1.328307 -0.220742 0.279880
v -1.287296 -0.219215 0.334617
v -1.424586 -0.226689 0.170123
v -1.379728 -0.224200 0.226050
v -1.445104 -0.184170 0.196801
v -1.450175 -0.091602 0.243261
v -1.451924 -0.138228 0.220503
v -1.407345 -0.136656 0.276533
v -1.377526 -0.047576 -0.444807
v -1.460640 -0.048622 -0.399513
v -1.428501 -0.141356 -0.347248
v -1.457918 -0.096727 -0.376540
v -1.363925 -0.139442 -0.397589
v -1.500294 -0.048497 -0.340657
v -1.531702 -0.048282 -0.281212
v -1.307678 -0.307849 -0.231031
v -1.353296 -0.271181 -0.262523
v -1.272809 -0.307283 -0.288860
v -1.469598 -0.187292 -0.200136
v -1.398777 -0.227295 -0.229171
v -1.419799 -0.225927 -0.169552
v -1.327410 -0.226046 -0.345045
v -1.381058 -0.229508 -0.290995
v -1.399843 -0.186209 -0.317239
v -1.559273 -0.047372 -0.095184
v -1.573612 -0.047577 -0.035705
v -1.550157 -0.048210 -0.217503
v -1.563829 -0.047927 -0.156924
v -1.498254 -0.138184 -0.103703
v -1.550767 -0.095286 -0.131588
v -1.519701 -0.141619 -0.166280
v -1.479829 -0.143694 -0.290776
v -1.515620 -0.144293 -0.230177
v -1.552525 -0.098067 -0.260430
v -0.878173 -0.567939 0.034213
v -0.955435 -0.549374 0.000000
v -0.888362 -0.574529 -0.034610
v -1.072738 -0.490234 0.067653
v -1.027731 -0.526293 0.034659
v -1.013497 -0.519392 0.102594
v -1.024471 -0.525016 -0.103705
v -1.035322 -0.530180 -0.034915
v -1.080191 -0.493640 -0.068123
v -1.277037 -0.356436 0.197648
v -1.234260 -0.392592 0.166594
v -1.207414 -0.384988 0.230656
v -1.258785 -0.399462 0.034345
v -1.257801 -0.399461 0.101131
v -1.314010 -0.366756 0.066668
v -1.106887 -0.450475 0.166211
v -1.170757 -0.421602 0.132768
v -1.127850 -0.456931 0.101447
v -1.203317 -0.383682 -0.229873
v -1.215897 -0.386751 -0.164115
v -1.265557 -0.353233 -0.195872
v -1.135064 -0.459853 -0.102095
v -1.180435 -0.425087 -0.133866
v -1.123629 -0.457289 -0.168725
v -1.302371 -0.363507 -0.066078
v -1.245662 -0.395606 -0.100155
v -1.263031 -0.400810 -0.034461
v -1.133051 -0.459399 0.033994
v -1.204294 -0.432364 0.000000
v -1.137848 -0.461344 -0.034138
v -1.514317 -0.092140 0.000000
v -1.470232 -0.183518 -0.068402
v -1.471492 -0.136030 -0.034006
v -1.466032 -0.135525 0.033880
v -1.445277 -0.180403 0.067241
v -1.318458 -0.311424 -0.165017
v -1.355323 -0.321145 -0.034693
v -1.340193 -0.317223 -0.100090
v -1.373147 -0.270121 -0.133991
v -1.433128 -0.230019 -0.103205
v -1.340554 -0.316643 0.167783
v -1.426919 -0.229023 0.102758
v -1.404382 -0.276266 0.137039
v -1.365696 -0.323259 0.101995
v -1.375248 -0.325866 0.035203
v -1.412626 -0.226385 -0.033979
v -1.391279 -0.275012 0.000000
v -1.404468 -0.225077 0.033783
v -1.224852 0.000000 -0.527558
v -1.295355 -0.029021 -0.496044
v -1.086368 0.055758 -0.588736
v -1.147102 0.028096 -0.554764
v -1.146432 -0.084221 -0.554024
v -1.146110 -0.028071 -0.554284
v -1.076742 -0.055264 -0.583519
v -0.764244 0.157612 -0.678120
v -0.838126 0.132273 -0.652572
v -0.861568 0.027550 -0.672386
v -0.845212 0.079583 -0.659108
v -0.785369 0.053096 -0.696865
v -0.921359 0.107911 -0.633646
v -1.004942 0.082980 -0.614322
v -0.873946 -0.194736 -0.678808
v -0.885755 -0.139790 -0.689656
v -0.796796 -0.164325 -0.707004
v -1.025525 -0.084680 -0.626904
v -0.970528 -0.113670 -0.667461
v -1.031390 -0.141533 -0.627638
v -0.811464 -0.054860 -0.720019
v -0.894941 -0.084266 -0.697888
v -0.885535 -0.028317 -0.691090
v -1.007595 0.027730 -0.615458
v -0.934341 0.000000 -0.644527
v -1.009460 -0.027781 -0.616598
v 0.000000 0.346433 -0.799464
v -0.109429 0.334408 -0.814135
v -0.106853 0.231464 -0.839520
v -0.107177 0.279993 -0.821135
v 0.000000 0.244123 -0.822327
v -0.212712 0.307963 -0.794015
v -0.310825 0.283980 -0.777924
v -0.101860 0.028430 -0.834365
v -0.104732 0.078265 -0.853764
v 0.000000 0.048819 -0.855321
v -0.303376 0.132479 -0.806256
v -0.208161 0.106913 -0.839016
v -0.293204 0.081837 -0.787320
v 0.000000 0.146635 -0.845372
v -0.105457 0.128421 -0.852203
v -0.105732 0.177412 -0.841977
v -0.593441 0.213665 -0.733441
v -0.672504 0.187704 -0.707476
v -0.408960 0.259126 -0.761398
v -0.499123 0.235364 -0.743831
v -0.488718 0.136407 -0.760623
v -0.503933 0.188968 -0.768041
v -0.405197 0.161034 -0.787407
v -0.213831 0.211195 -0.838377
v -0.314683 0.186696 -0.818602
v -0.313729 0.236113 -0.800169
v -0.102613 -0.356803 -0.735809
v -0.103631 -0.316691 -0.771003
v 0.000000 -0.328674 -0.758482
v -0.305087 -0.278738 -0.763563
v -0.205443 -0.297439 -0.766882
v -0.305445 -0.323906 -0.739919
v 0.000000 -0.235733 -0.794065
v -0.101816 -0.265988 -0.780063
v -0.102090 -0.221147 -0.802102
v -0.696114 -0.194294 -0.732313
v -0.599878 -0.215982 -0.741397
v -0.700660 -0.244964 -0.718764
v -0.406716 -0.161638 -0.790359
v -0.500121 -0.187538 -0.762231
v -0.494324 -0.137972 -0.769349
v -0.503661 -0.285931 -0.732486
v -0.505472 -0.238358 -0.753293
v -0.411587 -0.260791 -0.766290
v 0.000000 -0.046950 -0.822574
v -0.100485 -0.075091 -0.819141
v -0.100595 -0.028077 -0.824002
v -0.102234 -0.171543 -0.814125
v -0.100834 -0.122792 -0.814847
v 0.000000 -0.140310 -0.808913
v -0.297582 -0.083059 -0.799078
v -0.200671 -0.103066 -0.808826
v -0.301921 -0.131844 -0.802389
v -0.309072 -0.232608 -0.788292
v -0.305569 -0.181289 -0.794894
v -0.204002 -0.201488 -0.799841
v -0.676982 0.133414 -0.709816
v -0.486889 0.081248 -0.751284
v -0.586128 0.108132 -0.737912
v -0.679205 0.079703 -0.710654
v -0.692133 0.027809 -0.723410
v -0.198648 0.000000 -0.808550
v -0.396502 -0.054964 -0.786692
v -0.293679 -0.027305 -0.786771
v -0.295832 0.027505 -0.792542
v -0.385733 0.053471 -0.765328
v -0.698959 -0.137745 -0.732858
v -0.702294 -0.028217 -0.734030
v -0.712102 -0.083563 -0.745074
v -0.600732 -0.110826 -0.756298
v -0.502279 -0.083816 -0.775031
v -0.488939 0.027294 -0.755594
v -0.488655 -0.027278 -0.755155
v -0.588909 0.000000 -0.737845
v 0.174280 0.407866 -0.742290
v 0.107540 0.373934 -0.771137
v 0.308744 0.472071 -0.677298
v 0.241791 0.440666 -0.710739
v 0.306698 0.325235 -0.742954
v 0.280580 0.388615 -0.740930
v 0.374789 0.359747 -0.719404
v 0.557167 0.560388 -0.494379
v 0.499303 0.542868 -0.543422
v 0.580843 0.449188 -0.614022
v 0.549023 0.502952 -0.587864
v 0.649156 0.476267 -0.576002
v 0.433507 0.516376 -0.583803
v 0.373380 0.495276 -0.629731
v 0.687514 0.240368 -0.705278
v 0.672200 0.295374 -0.693018
v 0.761187 0.270843 -0.675408
v 0.467078 0.330658 -0.695718
v 0.574661 0.316920 -0.702748
v 0.492243 0.279449 -0.715882
v 0.726958 0.382676 -0.645037
v 0.653727 0.351601 -0.678360
v 0.615070 0.397465 -0.643413
v 0.415556 0.449302 -0.669275
v 0.514633 0.421115 -0.652969
v 0.448202 0.393614 -0.692782
v 0.877826 0.567715 -0.034199
v 0.856399 0.579666 -0.090628
v 0.970061 0.517627 -0.157124
v 0.909613 0.545636 -0.123606
v 1.004588 0.514826 -0.101692
v 0.807985 0.572936 -0.144475
v 0.775174 0.576528 -0.200006
v 1.168121 0.383270 -0.287632
v 1.145637 0.426516 -0.260958
v 1.215444 0.387549 -0.232190
v 0.953965 0.484991 -0.305504
v 1.054991 0.458611 -0.285211
v 1.003549 0.451395 -0.338759
v 1.143270 0.465282 -0.171674
v 1.099558 0.462342 -0.228613
v 1.041932 0.492711 -0.194535
v 0.649882 0.567091 -0.366281
v 0.609385 0.565178 -0.424149
v 0.735714 0.575716 -0.257379
v 0.691726 0.570465 -0.310634
v 0.809408 0.507418 -0.380802
v 0.745409 0.534873 -0.343238
v 0.851630 0.512728 -0.326385
v 0.934237 0.517570 -0.213994
v 0.892507 0.514693 -0.270123
v 0.840029 0.549878 -0.236892
v 1.204964 0.026996 -0.461430
v 1.226978 0.071345 -0.448941
v 1.287037 0.044451 -0.415588
v 1.144507 0.129209 -0.531196
v 1.180487 0.099459 -0.487381
v 1.111807 0.081677 -0.537291
v 1.291209 0.132008 -0.376392
v 1.241575 0.116441 -0.433635
v 1.249798 0.161253 -0.416171
v 0.862995 0.240872 -0.651396
v 0.952274 0.216692 -0.633472
v 0.865499 0.192854 -0.672248
v 1.075565 0.251980 -0.523949
v 1.031772 0.238644 -0.587816
v 1.010101 0.281931 -0.556160
v 1.015046 0.139290 -0.617692
v 1.043956 0.191984 -0.614880
v 1.092423 0.160414 -0.572126
v 1.251428 0.302121 -0.284008
v 1.203100 0.289007 -0.341458
v 1.182455 0.330037 -0.315751
v 1.251510 0.208086 -0.396085
v 1.235961 0.250306 -0.371162
v 1.302039 0.221726 -0.338450
v 1.099977 0.307017 -0.434549
v 1.169121 0.279029 -0.403512
v 1.119674 0.265081 -0.460584
v 1.161067 0.178540 -0.519038
v 1.140537 0.222622 -0.489809
v 1.215369 0.194733 -0.459822
v 0.667453 0.534804 -0.474265
v 0.846796 0.463554 -0.417317
v 0.764633 0.501365 -0.447628
v 0.708655 0.489457 -0.511830
v 0.753076 0.447220 -0.551008
v 1.123408 0.370518 -0.347230
v 1.032292 0.345632 -0.467019
v 1.082517 0.359453 -0.408871
v 1.055819 0.410625 -0.378585
v 0.946281 0.433613 -0.394631
v 0.855402 0.298142 -0.642321
v 0.791203 0.397608 -0.585236
v 0.836716 0.353971 -0.624056
v 0.920805 0.315741 -0.586361
v 0.970727 0.328573 -0.524649
v 0.883070 0.416299 -0.449895
v 0.934513 0.375610 -0.490941
v 0.842432 0.409517 -0.519082
v 0.913874 -0.591028 0.035604
v 0.867155 -0.586946 0.091766
v 0.796454 -0.610861 0.056727
v 1.000114 -0.533663 0.161992
v 0.928915 -0.557214 0.126229
v 1.064935 -0.545753 0.107801
v 0.700952 -0.595523 0.163703
v 0.816724 -0.579133 0.146038
v 0.774381 -0.575938 0.199801
v 1.210511 -0.397178 0.298070
v 1.173542 -0.436904 0.267314
v 1.270684 -0.405162 0.242742
v 0.976806 -0.496603 0.312819
v 1.081306 -0.470051 0.292325
v 1.046015 -0.470497 0.353094
v 1.165118 -0.474174 0.174955
v 1.122003 -0.471780 0.233280
v 1.068970 -0.505496 0.199583
v 0.539389 -0.588614 0.382085
v 0.646823 -0.564421 0.364556
v 0.603961 -0.560148 0.420374
v 0.745328 -0.583240 0.260742
v 0.704873 -0.581308 0.316538
v 0.632913 -0.603015 0.276105
v 0.823300 -0.516127 0.387338
v 0.754058 -0.541080 0.347221
v 0.862484 -0.519263 0.330544
v 0.948940 -0.525715 0.217362
v 0.909539 -0.524515 0.275278
v 0.841724 -0.550987 0.237370
v 1.326821 -0.029726 0.508094
v 1.319256 -0.076711 0.482704
v 1.352739 -0.046720 0.436803
v 1.207112 -0.136276 0.560252
v 1.276825 -0.107576 0.527155
v 1.233186 -0.090594 0.595949
v 1.362666 -0.139313 0.397222
v 1.299662 -0.121889 0.453922
v 1.291389 -0.166619 0.430021
v 0.895460 -0.249934 0.675901
v 0.978975 -0.222768 0.651234
v 0.905252 -0.201712 0.703124
v 1.111565 -0.260414 0.541486
v 1.044739 -0.241644 0.595204
v 1.019566 -0.284573 0.561371
v 1.083163 -0.148637 0.659143
v 1.062720 -0.195435 0.625931
v 1.139502 -0.167327 0.596783
v 1.288500 -0.311071 0.292421
v 1.233613 -0.296337 0.350118
v 1.231699 -0.343782 0.328901
v 1.284456 -0.213564 0.406512
v 1.256796 -0.254525 0.377419
v 1.314021 -0.223766 0.341564
v 1.143593 -0.319191 0.451780
v 1.213259 -0.289563 0.418746
v 1.172037 -0.277478 0.482124
v 1.196315 -0.183960 0.534795
v 1.196263 -0.233499 0.513740
v 1.244823 -0.199452 0.470966
v 0.064050 -0.407158 0.708011
v 0.168887 -0.395244 0.719319
v 0.101396 -0.352573 0.727084
v 0.307828 -0.470670 0.675287
v 0.241161 -0.439518 0.708888
v 0.197558 -0.483337 0.666005
v 0.306586 -0.325116 0.742683
v 0.276738 -0.383295 0.730786
v 0.381454 -0.366145 0.732198
v 0.546070 -0.549228 0.484533
v 0.500011 -0.543637 0.544192
v 0.438806 -0.568877 0.487713
v 0.589494 -0.455877 0.623166
v 0.556178 -0.509506 0.595525
v 0.654283 -0.480029 0.580551
v 0.324556 -0.535288 0.585746
v 0.445290 -0.530412 0.599671
v 0.377999 -0.501403 0.637520
v 0.710819 -0.248516 0.729185
v 0.676283 -0.297168 0.697228
v 0.769320 -0.273737 0.682624
v 0.473262 -0.335036 0.704929
v 0.566503 -0.312421 0.692771
v 0.496695 -0.281977 0.722356
v 0.718298 -0.378118 0.637353
v 0.644272 -0.346515 0.668548
v 0.617057 -0.398750 0.645492
v 0.419817 -0.453909 0.676138
v 0.514716 -0.421184 0.653074
v 0.443741 -0.389696 0.685887
v 1.175920 -0.387837 0.363461
v 1.058008 -0.354242 0.478653
v 1.123370 -0.373019 0.424302
v 1.086959 -0.422736 0.389750
v 0.986965 -0.452256 0.411598
v 0.849543 -0.296100 0.637921
v 0.809238 -0.406670 0.598575
v 0.830495 -0.351339 0.619417
v 0.921869 -0.316106 0.587039
v 0.994440 -0.336599 0.537465
v 0.658515 -0.527642 0.467914
v 0.883286 -0.483529 0.435300
v 0.768679 -0.504018 0.449996
v 0.718198 -0.496048 0.518722
v 0.767311 -0.455673 0.561423
v 0.955714 -0.384131 0.502078
v 0.872872 -0.424315 0.537839
v 0.938632 -0.442492 0.478202
v 0.691965 -0.626542 0.056078
v 0.730275 -0.626776 0.000000
v 0.604802 -0.616180 0.163944
v 0.644049 -0.617582 0.110171
v 0.518402 -0.649452 0.000000
v 0.580681 -0.633359 0.055049
v 0.479043 -0.646202 0.054768
v 0.435383 -0.610317 0.386320
v 0.486452 -0.621038 0.334610
v 0.352979 -0.641912 0.219963
v 0.416920 -0.630224 0.275354
v 0.312431 -0.647936 0.277223
v 0.531628 -0.624867 0.279209
v 0.563416 -0.615710 0.220218
v 0.108908 -0.709657 0.000000
v 0.172968 -0.701745 0.057323
v 0.065842 -0.718661 0.058423
v 0.377815 -0.666872 0.055764
v 0.276542 -0.682516 0.056241
v 0.318569 -0.683064 0.000000
v 0.187412 -0.670573 0.166292
v 0.232969 -0.679961 0.112337
v 0.287431 -0.650588 0.163013
v 0.500565 -0.630910 0.164721
v 0.391108 -0.637792 0.163263
v 0.435238 -0.642581 0.109136
v -0.062711 -0.398649 0.693214
v 0.000000 -0.436286 0.674517
v -0.129079 -0.506894 0.622847
v -0.064227 -0.471666 0.649436
v -0.192623 -0.471263 0.649368
v 0.065081 -0.477939 0.658073
v 0.130022 -0.510596 0.627397
v -0.363986 -0.582436 0.437101
v -0.309682 -0.568220 0.485966
v -0.428910 -0.556047 0.476713
v -0.065583 -0.595286 0.507931
v -0.188187 -0.579656 0.494980
v -0.123967 -0.605119 0.454123
v -0.320607 -0.528775 0.578619
v -0.254020 -0.554746 0.537136
v -0.194745 -0.536210 0.584102
v 0.319675 -0.586557 0.501648
v 0.375494 -0.600851 0.450921
v 0.198949 -0.547786 0.596711
v 0.260475 -0.568843 0.550786
v 0.128081 -0.625200 0.469194
v 0.195516 -0.602232 0.514257
v 0.065998 -0.599056 0.511148
v -0.066503 -0.548956 0.598457
v 0.000000 -0.578350 0.558294
v 0.066219 -0.546612 0.595902
v -0.735392 -0.631168 0.000000
v -0.703960 -0.637403 0.057050
v -0.791040 -0.606709 0.056341
v -0.502233 -0.677484 0.057420
v -0.605373 -0.660291 0.057389
v -0.534077 -0.669089 0.000000
v -0.710358 -0.603514 0.165900
v -0.663019 -0.635772 0.113416
v -0.617140 -0.628751 0.167288
v -0.065982 -0.720184 0.058546
v -0.177097 -0.718495 0.058691
v -0.107831 -0.702635 0.000000
v -0.304100 -0.688316 0.172467
v -0.243178 -0.709758 0.117259
v -0.196585 -0.703394 0.174431
v -0.327359 -0.701910 0.000000
v -0.290572 -0.717145 0.059095
v -0.395516 -0.698115 0.058377
v -0.534450 -0.583225 0.378587
v -0.476796 -0.608711 0.327968
v -0.425523 -0.596494 0.377570
v -0.571882 -0.624961 0.223527
v -0.530931 -0.624047 0.278843
v -0.629915 -0.600158 0.274797
v -0.317062 -0.657541 0.281332
v -0.419254 -0.633752 0.276895
v -0.363830 -0.661644 0.226725
v -0.456583 -0.674094 0.114488
v -0.410328 -0.669134 0.171286
v -0.515178 -0.649328 0.169530
v 0.316669 -0.626608 0.397957
v 0.066464 -0.643034 0.409682
v 0.191163 -0.633919 0.403446
v 0.250538 -0.635870 0.336329
v 0.191347 -0.658054 0.283985
v -0.310848 -0.615090 0.390642
v -0.194144 -0.667674 0.288136
v -0.253143 -0.642481 0.339826
v -0.185710 -0.615837 0.391938
v -0.065464 -0.633362 0.403520
v 0.000000 -0.708085 0.115843
v 0.125288 -0.666928 0.223835
v 0.064052 -0.686413 0.170615
v -0.065581 -0.702789 0.174686
v -0.128574 -0.684422 0.229706
v 0.000000 -0.654292 0.347747
v -0.064991 -0.669148 0.288335
v 0.064604 -0.665165 0.286618
v 0.687639 -0.622625 -0.055727
v 0.781253 -0.599203 -0.055644
v 0.491398 -0.662868 -0.056181
v 0.586657 -0.639877 -0.055615
v 0.716728 -0.608926 -0.167387
v 0.652644 -0.625823 -0.111641
v 0.623158 -0.634882 -0.168920
v 0.064695 -0.706143 -0.057405
v 0.171341 -0.695146 -0.056784
v 0.291344 -0.659443 -0.165232
v 0.231414 -0.675420 -0.111586
v 0.184442 -0.659948 -0.163657
v 0.275650 -0.680315 -0.056060
v 0.383054 -0.676119 -0.056537
v 0.516098 -0.563199 -0.365587
v 0.461894 -0.589685 -0.317717
v 0.408725 -0.572948 -0.362666
v 0.572991 -0.626173 -0.223960
v 0.520512 -0.611802 -0.273371
v 0.622035 -0.592650 -0.271360
v 0.297232 -0.616417 -0.263737
v 0.408794 -0.617942 -0.269988
v 0.353022 -0.641989 -0.219990
v 0.459433 -0.678301 -0.115202
v 0.404948 -0.660361 -0.169040
v 0.521245 -0.656975 -0.171526
v -0.786038 -0.602872 -0.055985
v -0.702004 -0.635632 -0.056892
v -0.620823 -0.632503 -0.168287
v -0.661578 -0.634391 -0.113169
v -0.718638 -0.610548 -0.167833
v -0.599179 -0.653535 -0.056802
v -0.495274 -0.668097 -0.056624
v -0.406960 -0.570473 -0.361100
v -0.464748 -0.593329 -0.319681
v -0.509817 -0.556344 -0.361138
v -0.357132 -0.649463 -0.222551
v -0.419757 -0.634513 -0.277228
v -0.308658 -0.640111 -0.273875
v -0.621352 -0.591999 -0.271062
v -0.525682 -0.617878 -0.276086
v -0.572946 -0.626124 -0.223943
v -0.170884 -0.693291 -0.056633
v -0.063913 -0.697606 -0.056711
v -0.389592 -0.687659 -0.057502
v -0.278852 -0.688218 -0.056711
v -0.183475 -0.656487 -0.162799
v -0.232033 -0.677229 -0.111885
v -0.287103 -0.649844 -0.162827
v -0.515971 -0.650328 -0.169791
v -0.401625 -0.654942 -0.167653
v -0.451204 -0.666152 -0.113139
v 0.062654 -0.398285 -0.692581
v 0.000000 -0.427554 -0.661017
v -0.062546 -0.397600 -0.691389
v 0.124605 -0.489324 -0.601259
v 0.061930 -0.454797 -0.626209
v 0.191318 -0.468068 -0.644966
v -0.183692 -0.449412 -0.619260
v -0.062194 -0.456737 -0.628881
v -0.121647 -0.477707 -0.586984
v 0.345351 -0.552617 -0.414723
v 0.299266 -0.549109 -0.469621
v 0.414396 -0.537231 -0.460582
v 0.061157 -0.555119 -0.473658
v 0.179129 -0.551754 -0.471153
v 0.116737 -0.569827 -0.427638
v 0.310713 -0.512457 -0.560763
v 0.245506 -0.536151 -0.519132
v 0.187859 -0.517249 -0.563446
v -0.401485 -0.520493 -0.446232
v -0.288642 -0.529616 -0.452950
v -0.341174 -0.545933 -0.409706
v -0.179429 -0.494038 -0.538163
v -0.234551 -0.512227 -0.495967
v -0.294692 -0.486033 -0.531848
v -0.115075 -0.561715 -0.421551
v -0.173615 -0.534770 -0.456650
v -0.060398 -0.548226 -0.467777
v 0.062328 -0.514489 -0.560882
v 0.000000 -0.540250 -0.521514
v -0.061331 -0.506264 -0.551915
v 0.000000 -0.684893 -0.112049
v -0.122886 -0.654141 -0.219543
v -0.061504 -0.659102 -0.163827
v 0.062189 -0.666443 -0.165651
v 0.122344 -0.651256 -0.218575
v -0.291805 -0.577408 -0.366710
v -0.061475 -0.594769 -0.378932
v -0.177295 -0.587931 -0.374177
v -0.242278 -0.614905 -0.325240
v -0.184892 -0.635853 -0.274404
v 0.295214 -0.584154 -0.370994
v 0.181410 -0.623881 -0.269237
v 0.236952 -0.601387 -0.318090
v 0.179030 -0.593686 -0.377840
v 0.060902 -0.589225 -0.375400
v -0.061428 -0.632467 -0.272529
v 0.000000 -0.615587 -0.327175
v 0.061323 -0.631383 -0.272062
v 0.863443 -0.584434 -0.091373
v 0.908670 -0.587663 -0.035401
v 0.781720 -0.581397 -0.201695
v 0.824713 -0.584797 -0.147466
v 1.048838 -0.537504 -0.106171
v 0.946952 -0.568034 -0.128680
v 1.002117 -0.534732 -0.162317
v 0.582599 -0.540335 -0.405505
v 0.631314 -0.550887 -0.355815
v 0.848688 -0.510957 -0.325257
v 0.733709 -0.526478 -0.337850
v 0.796885 -0.499567 -0.374910
v 0.681991 -0.562437 -0.306263
v 0.730305 -0.571484 -0.255487
v 1.203288 -0.383672 -0.229867
v 1.109363 -0.413011 -0.252695
v 1.146639 -0.376221 -0.282343
v 1.045192 -0.494253 -0.195143
v 1.090932 -0.458716 -0.226820
v 1.145482 -0.466182 -0.172006
v 0.987312 -0.444092 -0.333278
v 1.027447 -0.446638 -0.277765
v 0.948413 -0.482169 -0.303726
v 0.844499 -0.552804 -0.238153
v 0.904658 -0.521700 -0.273801
v 0.946209 -0.524202 -0.216736
v 0.103104 -0.358509 -0.739327
v 0.168436 -0.394189 -0.717398
v 0.384596 -0.369160 -0.738227
v 0.277535 -0.384398 -0.732889
v 0.313083 -0.332006 -0.758421
v 0.233563 -0.425671 -0.686554
v 0.298501 -0.456410 -0.654828
v 0.770263 -0.274073 -0.683461
v 0.681292 -0.299369 -0.702392
v 0.695854 -0.243284 -0.713834
v 0.634044 -0.409727 -0.663262
v 0.661851 -0.355970 -0.686790
v 0.735196 -0.387013 -0.652346
v 0.505590 -0.287027 -0.735293
v 0.587516 -0.324009 -0.718468
v 0.490732 -0.347404 -0.730952
v 0.474299 -0.515682 -0.516207
v 0.522868 -0.525891 -0.463945
v 0.366108 -0.485630 -0.617465
v 0.424786 -0.505988 -0.572058
v 0.645953 -0.473918 -0.573160
v 0.539177 -0.493932 -0.577321
v 0.586422 -0.453502 -0.619919
v 0.457994 -0.402213 -0.707917
v 0.524537 -0.429220 -0.665535
v 0.414131 -0.447762 -0.666981
v 1.279144 -0.044178 -0.413039
v 1.230386 -0.071543 -0.450188
v 1.195549 -0.026785 -0.457824
v 1.211588 -0.156323 -0.403448
v 1.238538 -0.116156 -0.432574
v 1.281878 -0.131054 -0.373672
v 1.094649 -0.080417 -0.529000
v 1.173271 -0.098851 -0.484402
v 1.113353 -0.125691 -0.516736
v 1.186470 -0.331158 -0.316823
v 1.217336 -0.292427 -0.345499
v 1.269293 -0.306434 -0.288062
v 1.105094 -0.261630 -0.454586
v 1.168301 -0.278833 -0.403230
v 1.110080 -0.309837 -0.438540
v 1.287498 -0.219249 -0.334670
v 1.221702 -0.247418 -0.366880
v 1.219197 -0.202714 -0.385858
v 0.861512 -0.191966 -0.669151
v 0.949931 -0.216159 -0.631914
v 0.879214 -0.245399 -0.663639
v 1.040315 -0.152762 -0.544836
v 1.004335 -0.184698 -0.591543
v 0.991714 -0.136088 -0.603494
v 0.995926 -0.277975 -0.548355
v 0.998300 -0.230902 -0.568746
v 1.042101 -0.244140 -0.507647
v 1.153057 -0.184749 -0.436247
v 1.094541 -0.213644 -0.470056
v 1.090135 -0.167633 -0.487329
v 0.635560 -0.509249 -0.451603
v 0.753522 -0.447484 -0.551334
v 0.696042 -0.480746 -0.502720
v 0.748702 -0.490919 -0.438301
v 0.847661 -0.464028 -0.417743
v 0.870711 -0.303478 -0.653817
v 1.001534 -0.339000 -0.541299
v 0.944198 -0.323762 -0.601257
v 0.846122 -0.357950 -0.631072
v 0.805344 -0.404713 -0.595695
v 1.115805 -0.368010 -0.344880
v 0.950330 -0.435468 -0.396320
v 1.031371 -0.401117 -0.369818
v 1.086190 -0.360673 -0.410259
v 1.039041 -0.347892 -0.470072
v 0.856308 -0.416263 -0.527633
v 0.958938 -0.385428 -0.503773
v 0.897583 -0.423140 -0.457289
v 1.012454 -0.582160 0.000000
v 1.142774 -0.522240 -0.072070
v 1.088614 -0.557470 -0.036712
v 1.088317 -0.557318 0.036702
v 1.147442 -0.524374 0.072364
v 1.302436 -0.363526 -0.201579
v 1.271664 -0.404489 -0.171643
v 1.324134 -0.420200 -0.036128
v 1.298762 -0.412470 -0.104424
v 1.370992 -0.382660 -0.069559
v 1.219909 -0.439302 -0.138342
v 1.191578 -0.482749 -0.107179
v 1.300919 -0.413795 0.175591
v 1.323897 -0.369516 0.204901
v 1.200087 -0.486196 0.107944
v 1.262815 -0.454753 0.143208
v 1.357769 -0.378970 0.068888
v 1.308135 -0.415446 0.105178
v 1.308647 -0.415286 0.035706
v 1.218789 -0.494162 -0.036567
v 1.259676 -0.452248 0.000000
v 1.217736 -0.493735 0.036535
v 1.320143 0.000000 -0.380933
v 1.325289 -0.044116 -0.362492
v 1.430070 -0.045078 -0.262553
v 1.385403 -0.044783 -0.314570
v 1.424058 0.000000 -0.281515
v 1.326905 -0.088035 -0.342703
v 1.337990 -0.132399 -0.325246
v 1.575122 -0.047623 -0.035740
v 1.555642 -0.047261 -0.094962
v 1.574241 0.000000 -0.059833
v 1.508570 -0.140581 -0.165062
v 1.539691 -0.094605 -0.130648
v 1.545956 -0.142583 -0.107004
v 1.515763 0.000000 -0.175076
v 1.517570 -0.046509 -0.152282
v 1.473994 -0.045841 -0.206817
v 1.326100 -0.265731 -0.257248
v 1.330964 -0.313331 -0.235145
v 1.345949 -0.179040 -0.305025
v 1.333659 -0.221632 -0.281008
v 1.472068 -0.234245 -0.175794
v 1.401327 -0.227709 -0.229589
v 1.459000 -0.185941 -0.198693
v 1.449548 -0.091562 -0.243156
v 1.452715 -0.138304 -0.220624
v 1.405162 -0.136444 -0.276104
v 1.390050 -0.046272 0.380205
v 1.389620 0.000000 0.400981
v 1.406170 -0.139146 0.341819
v 1.399575 -0.092857 0.361472
v 1.440711 0.000000 0.284807
v 1.441830 -0.046607 0.327382
v 1.448780 -0.045668 0.265988
v 1.336430 -0.314618 0.236111
v 1.342736 -0.269065 0.260475
v 1.436371 -0.183057 0.195611
v 1.387839 -0.225518 0.227379
v 1.410902 -0.224512 0.168489
v 1.360475 -0.226088 0.286658
v 1.386820 -0.184477 0.314288
v 1.536033 0.000000 0.058380
v 1.532417 -0.046556 0.093544
v 1.584404 -0.047904 0.035950
v 1.480598 -0.046046 0.207744
v 1.511919 -0.046336 0.151715
v 1.498840 0.000000 0.173122
v 1.483294 -0.136804 0.102667
v 1.514474 -0.093056 0.128508
v 1.484732 -0.138360 0.162454
v 1.435433 -0.139383 0.282052
v 1.472152 -0.140154 0.223576
v 1.460009 -0.092223 0.244911
v 1.385195 -0.327187 -0.173370
v 1.520976 -0.244119 -0.109531
v 1.447290 -0.284706 -0.141226
v 1.412896 -0.334431 -0.105520
v 1.432981 -0.339546 -0.036681
v 1.584086 -0.096385 0.000000
v 1.477912 -0.184477 0.068759
v 1.520968 -0.140604 0.035150
v 1.568530 -0.145001 -0.036249
v 1.567294 -0.195634 -0.072918
v 1.365092 -0.322439 0.170854
v 1.426919 -0.338110 0.036526
v 1.389617 -0.328921 0.103781
v 1.410235 -0.277417 0.137610
v 1.426754 -0.228996 0.102746
v 1.523499 -0.244153 -0.036646
v 1.478258 -0.236903 0.035558
v 1.486470 -0.293828 0.000000
v 0.098780 -0.301866 0.734912
v 0.302014 -0.275930 0.755871
v 0.199712 -0.289142 0.745490
v 0.099142 -0.259003 0.759578
v 0.099319 -0.215145 0.780334
v 0.713555 -0.199162 0.750661
v 0.607977 -0.218898 0.751406
v 0.410907 -0.163304 0.798504
v 0.507359 -0.190252 0.773263
v 0.511834 -0.142859 0.796601
v 0.501070 -0.236282 0.746733
v 0.402636 -0.255119 0.749625
v 0.101874 -0.076130 0.830465
v 0.103175 -0.028797 0.845135
v 0.100250 -0.168213 0.798321
v 0.101654 -0.123789 0.821468
v 0.310780 -0.086743 0.834517
v 0.205051 -0.105316 0.826481
v 0.306278 -0.133746 0.813968
v 0.297686 -0.224039 0.759251
v 0.300569 -0.178323 0.781888
v 0.197349 -0.194917 0.773757
v 1.277682 0.000000 0.550312
v 1.113835 0.057167 0.603621
v 1.207615 0.029578 0.584029
v 1.230363 -0.030135 0.595031
v 1.175332 -0.060324 0.636948
v 0.784519 0.161793 0.696111
v 0.865356 0.136571 0.673773
v 0.920558 0.029437 0.718423
v 0.905109 0.085223 0.705817
v 0.843345 0.057015 0.748307
v 0.945080 0.110689 0.649960
v 1.027960 0.084881 0.628392
v 0.918434 -0.144948 0.715100
v 0.822557 -0.169638 0.729862
v 1.107715 -0.091466 0.677147
v 1.027000 -0.120284 0.706298
v 0.840357 -0.056813 0.745656
v 0.934746 -0.088014 0.728928
v 0.921944 -0.029481 0.719505
v 1.067456 0.029377 0.652023
v 0.995673 0.000000 0.686836
v 1.083275 -0.029813 0.661686
v 0.098278 0.300331 0.731174
v 0.099893 0.216387 0.784838
v 0.099435 0.259768 0.761820
v 0.196621 0.284666 0.733949
v 0.299312 0.273462 0.749110
v 0.102955 0.028736 0.843332
v 0.103137 0.077074 0.840763
v 0.305811 0.133542 0.812725
v 0.203698 0.104621 0.821029
v 0.310520 0.086670 0.833819
v 0.101410 0.123493 0.819500
v 0.100392 0.168452 0.799453
v 0.593979 0.213858 0.734106
v 0.675691 0.188593 0.710828
v 0.409377 0.259391 0.762176
v 0.508628 0.239846 0.757996
v 0.513250 0.143254 0.798805
v 0.507308 0.190233 0.773185
v 0.411012 0.163346 0.798708
v 0.200040 0.197574 0.784306
v 0.303797 0.180238 0.790285
v 0.300332 0.226030 0.765999
v 0.715263 -0.140958 0.749953
v 0.745066 -0.029935 0.778736
v 0.719901 -0.084478 0.753234
v 0.619654 -0.114317 0.780120
v 0.523682 -0.087387 0.808056
v 0.707417 0.139412 0.741727
v 0.526857 0.087917 0.812956
v 0.623602 0.115046 0.785091
v 0.734685 0.086213 0.768702
v 0.746943 0.030011 0.780697
v 0.205349 0.000000 0.835828
v 0.417747 -0.057909 0.828844
v 0.314573 -0.029248 0.842748
v 0.311003 0.028916 0.833184
v 0.420256 0.058257 0.833823
v 0.653698 0.000000 0.819018
v 0.538702 0.030072 0.832495
v 0.538804 -0.030077 0.832653
v -0.850872 -0.575925 0.090043
v -0.769058 -0.571979 0.198428
v -0.804983 -0.570807 0.143938
v -0.909351 -0.545479 0.123571
v -0.972777 -0.519076 0.157564
v -0.592043 -0.549094 0.412078
v -0.644950 -0.562787 0.363501
v -0.840432 -0.505986 0.322093
v -0.748439 -0.537047 0.344633
v -0.800901 -0.502085 0.376799
v -0.686596 -0.566234 0.308331
v -0.720398 -0.563731 0.252021
v -1.142083 -0.425193 0.260149
v -1.169587 -0.383751 0.287993
v -1.019318 -0.482017 0.190312
v -1.071239 -0.450435 0.222725
v -0.997484 -0.448668 0.336712
v -1.053095 -0.457787 0.284698
v -0.936199 -0.475959 0.299815
v -0.819252 -0.536277 0.231033
v -0.875103 -0.504656 0.264856
v -0.917370 -0.508226 0.210131
v -0.165307 -0.386866 0.704071
v -0.363175 -0.348599 0.697111
v -0.267407 -0.370370 0.706144
v -0.232713 -0.424121 0.684054
v -0.297128 -0.454311 0.651816
v -0.739977 -0.263296 0.656588
v -0.644756 -0.283315 0.664724
v -0.593086 -0.383260 0.620417
v -0.629307 -0.338466 0.653020
v -0.694720 -0.365706 0.616431
v -0.563028 -0.310504 0.688521
v -0.465329 -0.329420 0.693113
v -0.483754 -0.525962 0.526499
v -0.529206 -0.532266 0.469569
v -0.366984 -0.486792 0.618943
v -0.427087 -0.508730 0.575158
v -0.616669 -0.452432 0.547176
v -0.518085 -0.474610 0.554737
v -0.551956 -0.426848 0.583484
v -0.433574 -0.380767 0.670171
v -0.501937 -0.410727 0.636860
v -0.398927 -0.431323 0.642494
v -1.290051 -0.075013 0.472018
v -1.285566 -0.165868 0.428082
v -1.295287 -0.121478 0.452394
v -1.217221 -0.102554 0.502547
v -1.141351 -0.128852 0.529731
v -1.190153 -0.332186 0.317807
v -1.209027 -0.290431 0.343140
v -1.116150 -0.264247 0.459135
v -1.158007 -0.276377 0.399677
v -1.097918 -0.306442 0.433735
v -1.234264 -0.249962 0.370652
v -1.266869 -0.210640 0.400946
v -0.918062 -0.208907 0.610714
v -0.842212 -0.235072 0.635709
v -1.063509 -0.156168 0.556984
v -0.996957 -0.183341 0.587197
v -0.977187 -0.272745 0.538037
v -0.984734 -0.227765 0.561018
v -1.047589 -0.245426 0.510320
v -1.222663 -0.195901 0.462582
v -1.138597 -0.222243 0.488975
v -1.157027 -0.177919 0.517232
v -0.643914 -0.515943 0.457539
v -0.726019 -0.431151 0.531210
v -0.696445 -0.481024 0.503011
v -0.750915 -0.492371 0.439597
v -0.856991 -0.469135 0.422341
v -0.818444 -0.285261 0.614569
v -0.975120 -0.330060 0.527023
v -0.906550 -0.310853 0.577284
v -0.793577 -0.335721 0.591882
v -0.761752 -0.382807 0.563451
v -1.128515 -0.372202 0.348808
v -0.956255 -0.438184 0.398791
v -1.045020 -0.406425 0.374713
v -1.078850 -0.358236 0.407487
v -1.045199 -0.349953 0.472858
v -0.841425 -0.409028 0.518462
v -0.966306 -0.388389 0.507643
v -0.909834 -0.428916 0.463531
v -0.164691 -0.385424 -0.701448
v -0.287911 -0.440217 -0.631595
v -0.228058 -0.415637 -0.670371
v -0.270707 -0.374942 -0.714860
v -0.371688 -0.356770 -0.713451
v -0.503616 -0.506528 -0.446863
v -0.456520 -0.496352 -0.496858
v -0.559950 -0.433030 -0.591935
v -0.512411 -0.469412 -0.548661
v -0.619796 -0.454726 -0.549950
v -0.399167 -0.475472 -0.537558
v -0.347775 -0.461311 -0.586545
v -0.682446 -0.299877 -0.703582
v -0.769726 -0.273882 -0.682985
v -0.482040 -0.341250 -0.718005
v -0.586138 -0.323250 -0.716783
v -0.696975 -0.366893 -0.618433
v -0.651909 -0.350623 -0.676473
v -0.611088 -0.394892 -0.639248
v -0.389317 -0.420933 -0.627017
v -0.501872 -0.410673 -0.636777
v -0.439824 -0.386256 -0.679832
v -0.864071 -0.584859 -0.091440
v -1.002494 -0.534933 -0.162378
v -0.935071 -0.560907 -0.127066
v -0.836009 -0.592807 -0.149486
v -0.797892 -0.593424 -0.205867
v -1.156062 -0.379313 -0.284663
v -1.121760 -0.417626 -0.255519
v -0.956380 -0.486219 -0.306278
v -1.027891 -0.446831 -0.277885
v -0.993244 -0.446761 -0.335280
v -1.086597 -0.456893 -0.225919
v -1.052720 -0.497812 -0.196549
v -0.628068 -0.548055 -0.353986
v -0.571538 -0.530076 -0.397806
v -0.747557 -0.584984 -0.261522
v -0.692257 -0.570903 -0.310873
v -0.803437 -0.503675 -0.377993
v -0.753857 -0.540935 -0.347128
v -0.869871 -0.523710 -0.333375
v -0.970737 -0.537791 -0.222355
v -0.929507 -0.536030 -0.281321
v -0.876201 -0.573556 -0.247093
v -1.304672 -0.075863 -0.477368
v -1.140878 -0.128799 -0.529511
v -1.206788 -0.101675 -0.498240
v -1.288568 -0.120848 -0.450047
v -1.278737 -0.164987 -0.425808
v -0.874236 -0.244010 -0.659881
v -0.952247 -0.216686 -0.633454
v -1.064584 -0.249407 -0.518599
v -1.023069 -0.236631 -0.582858
v -0.996168 -0.278042 -0.548488
v -1.021174 -0.187795 -0.601461
v -1.081479 -0.158806 -0.566395
v -1.217736 -0.292523 -0.345612
v -1.175366 -0.328059 -0.313858
v -1.268035 -0.210834 -0.401315
v -1.248042 -0.252752 -0.374790
v -1.097394 -0.306296 -0.433529
v -1.170446 -0.279345 -0.403970
v -1.120211 -0.265209 -0.460805
v -1.142811 -0.175733 -0.510877
v -1.145609 -0.223612 -0.491987
v -1.213008 -0.194354 -0.458929
v -0.618428 -0.495522 -0.439430
v -0.846076 -0.463160 -0.416962
v -0.735686 -0.482385 -0.430682
v -0.677684 -0.468066 -0.489461
v -0.728693 -0.432739 -0.533167
v -1.092863 -0.360444 -0.337789
v -1.042857 -0.349169 -0.471799
v -1.069447 -0.355114 -0.403935
v -1.021649 -0.397336 -0.366332
v -0.952798 -0.436599 -0.397349
v -0.850239 -0.296343 -0.638444
v -0.771669 -0.387791 -0.570787
v -0.816973 -0.345619 -0.609331
v -0.914895 -0.313714 -0.582598
v -0.986968 -0.334070 -0.533426
v -0.898038 -0.423355 -0.457521
v -0.951767 -0.382545 -0.500005
v -0.841107 -0.408873 -0.518266
v 1.130506 0.000000 -0.486922
v 1.054107 -0.054102 -0.571253
v 1.089442 -0.026683 -0.526878
v 1.115820 0.027329 -0.539635
v 1.074010 0.055123 -0.582039
v 0.793688 -0.163684 -0.704246
v 0.873706 -0.137889 -0.680275
v 0.899483 -0.028763 -0.701976
v 0.894097 -0.084186 -0.697229
v 0.822956 -0.055637 -0.730216
v 0.953989 -0.111733 -0.656086
v 1.006110 -0.083076 -0.615036
v 0.880017 0.138885 -0.685188
v 0.793244 0.163592 -0.703853
v 1.020916 0.084299 -0.624087
v 0.955817 0.111947 -0.657344
v 0.824279 0.055726 -0.731390
v 0.906253 0.085331 -0.706709
v 0.898705 0.028738 -0.701369
v 1.009683 -0.027787 -0.616734
v 0.957961 0.000000 -0.660821
v 1.011711 0.027843 -0.617973
v 0.103260 -0.315555 -0.768238
v 0.101202 -0.219224 -0.795126
v 0.102484 -0.267732 -0.785177
v 0.207018 -0.299719 -0.772760
v 0.305806 -0.279394 -0.765361
v 0.100577 -0.028072 -0.823853
v 0.100679 -0.075236 -0.820721
v 0.294516 -0.128610 -0.782709
v 0.198918 -0.102166 -0.801760
v 0.296670 -0.082804 -0.796629
v 0.099659 -0.121361 -0.805351
v 0.098568 -0.165392 -0.784932
v 0.598482 -0.215479 -0.739671
v 0.684871 -0.191156 -0.720486
v 0.407575 -0.258249 -0.758821
v 0.502894 -0.237142 -0.749451
v 0.497851 -0.138956 -0.774838
v 0.498813 -0.187048 -0.760238
v 0.397871 -0.158123 -0.773172
v 0.198803 -0.196353 -0.779457
v 0.301364 -0.178795 -0.783955
v 0.303273 -0.228244 -0.773501
v 0.105773 0.323236 -0.786938
v 0.300534 0.274577 -0.752167
v 0.208646 0.302076 -0.778837
v 0.104220 0.272267 -0.798477
v 0.102824 0.222738 -0.807871
v 0.680196 0.189851 -0.715568
v 0.587521 0.211533 -0.726124
v 0.397377 0.157927 -0.772211
v 0.490325 0.183865 -0.747301
v 0.486623 0.135822 -0.757363
v 0.487038 0.229665 -0.725821
v 0.397553 0.251899 -0.740163
v 0.104092 0.077787 -0.848549
v 0.102591 0.028634 -0.840351
v 0.103440 0.173567 -0.823728
v 0.103643 0.126212 -0.837542
v 0.300441 0.083857 -0.806754
v 0.204254 0.104907 -0.823270
v 0.298554 0.130373 -0.793439
v 0.302378 0.227570 -0.771217
v 0.303239 0.179907 -0.788833
v 0.202779 0.200279 -0.795044
v 0.705509 -0.139036 -0.739726
v 0.505435 -0.084342 -0.779902
v 0.604288 -0.111483 -0.760775
v 0.716144 -0.084037 -0.749303
v 0.717670 -0.028835 -0.750101
v 0.199342 0.000000 -0.811378
v 0.397373 0.055085 -0.788421
v 0.298669 0.027769 -0.800140
v 0.296486 -0.027566 -0.794292
v 0.400905 -0.055575 -0.795429
v 0.688778 0.135738 -0.722183
v 0.718294 0.028860 -0.750753
v 0.711901 0.083540 -0.744863
v 0.592379 0.109286 -0.745782
v 0.496177 0.082797 -0.765616
v 0.505647 -0.028226 -0.781414
v 0.498025 0.027801 -0.769634
v 0.613726 0.000000 -0.768938
v 1.388761 0.046229 0.379853
v 1.437031 0.045297 0.263831
v 1.437043 0.046453 0.326296
v 1.390743 0.092271 0.359190
v 1.392061 0.137750 0.338390
v 1.543596 0.046670 0.035024
v 1.494103 0.045392 0.091205
v 1.417611 0.132105 0.155110
v 1.444890 0.088780 0.122604
v 1.469067 0.135492 0.101683
v 1.461408 0.044788 0.146647
v 1.445648 0.044959 0.202840
v 1.320663 0.264642 0.256193
v 1.296764 0.305280 0.229103
v 1.363294 0.181347 0.308956
v 1.349467 0.224259 0.284339
v 1.418411 0.225707 0.169386
v 1.369013 0.222459 0.224294
v 1.396645 0.177994 0.190201
v 1.415777 0.089429 0.237491
v 1.391347 0.132461 0.211304
v 1.402641 0.136199 0.275609
v 1.334862 0.044435 -0.365110
v 1.374524 0.136014 -0.334127
v 1.346034 0.089304 -0.347643
v 1.402055 0.045322 -0.318351
v 1.440176 0.045397 -0.264408
v 1.309985 0.308392 -0.231439
v 1.326293 0.265770 -0.257285
v 1.469597 0.187292 -0.200136
v 1.385267 0.225100 -0.226957
v 1.431794 0.227836 -0.170984
v 1.355595 0.225277 -0.285630
v 1.376766 0.183140 -0.312009
v 1.547824 0.047024 -0.094485
v 1.570444 0.047481 -0.035633
v 1.496682 0.046547 -0.210000
v 1.535482 0.047058 -0.154080
v 1.537841 0.141835 -0.106443
v 1.529897 0.094004 -0.129817
v 1.509489 0.140667 -0.165163
v 1.421546 0.138035 -0.279323
v 1.475716 0.140494 -0.224117
v 1.440725 0.091005 -0.241676
v 0.955007 0.549128 0.000000
v 1.085945 0.496270 0.068486
v 1.025251 0.525022 0.034576
v 1.019415 0.522034 -0.034379
v 1.071348 0.489599 -0.067565
v 1.259378 0.351508 0.194915
v 1.223644 0.389215 0.165161
v 1.249583 0.396542 0.034094
v 1.234920 0.392194 0.099291
v 1.304516 0.364106 0.066187
v 1.185639 0.426961 0.134456
v 1.143310 0.463194 0.102837
v 1.242626 0.395253 -0.167723
v 1.275195 0.355922 -0.197363
v 1.144446 0.463654 -0.102939
v 1.217427 0.438408 -0.138061
v 1.316727 0.367514 -0.066806
v 1.267430 0.402519 -0.101905
v 1.265178 0.401491 -0.034520
v 1.145690 0.464524 0.034374
v 1.204015 0.432264 0.000000
v 1.150256 0.466375 -0.034511
v 1.544661 0.093986 0.000000
v 1.500473 0.187293 -0.069809
v 1.524978 0.140975 -0.035243
v 1.518000 0.140330 0.035081
v 1.491285 0.186146 0.069382
v 1.339233 0.316331 -0.167618
v 1.392051 0.329848 -0.035633
v 1.371534 0.324641 -0.102431
v 1.408691 0.277113 -0.137460
v 1.468229 0.235653 -0.105732
v 1.331874 0.314593 0.166697
v 1.446067 0.232096 0.104136
v 1.377962 0.271068 0.134461
v 1.354526 0.320615 0.101160
v 1.384949 0.328165 0.035452
v 1.472041 0.235906 -0.035408
v 1.432495 0.283159 0.000000
v 1.469538 0.235505 0.035348
f 1 643 645
f 163 644 643
f 165 645 644
f 643 644 645
f 43 646 648
f 164 647 646
f 163 648 647
f 646 647 648
f 45 649 651
f 165 650 649
f 164 651 650
f 649 650 651
f 163 647 644
f 164 650 647
f 165 644 650
f 647 650 644
f 13 652 654
f 166 653 652
f 168 654 653
f 652 653 654
f 44 655 657
f 167 656 655
f 166 657 656
f 655 656 657
f 43 658 660
f 168 659 658
f 167 660 659
f 658 659 660
f 166 656 653
f 167 659 656
f 168 653 659
f 656 659 653
f 15 661 663
f 169 662 661
f 171 663 662
f 661 662 663
f 45 664 666
f 170 665 664
f 169 666 665
f 664 665 666
f 44 667 669
f 171 668 667
f 170 669 668
f 667 668 669
f 169 665 662
f 170 668 665
f 171 662 668
f 665 668 662
f 43 660 646
f 167 670 660
f 164 646 670
f 660 670 646
f 44 669 655
f 170 671 669
f 167 655 671
f 669 671 655
f 45 651 664
f 164 672 651
f 170 664 672
f 651 672 664
f 167 671 670
f 170 672 671
f 164 670 672
f 671 672 670
f 12 673 675
f 172 674 673
f 174 675 674
f 673 674 675
f 46 676 678
f 173 677 676
f 172 678 677
f 676 677 678
f 48 679 681
f 174 680 679
f 173 681 680
f 679 680 681
f 172 677 674
f 173 680 677
f 174 674 680
f 677 680 674
f 14 682 684
f 175 683 682
f 177 684 683
f 682 683 684
f 47 685 687
f 176 686 685
f 175 687 686
f 685 686 687
f 46 688 690
f 177 689 688
f 176 690 689
f 688 689 690
f 175 686 683
f 176 689 686
f 177 683 689
f 686 689 683
f 13 691 693
f 178 692 691
f 180 693 692
f 691 692 693
f 48 694 696
f 179 695 694
f 178 696 695
f 694 695 696
f 47 697 699
f 180 698 697
f 179 699 698
f 697 698 699
f 178 695 692
f 179 698 695
f 180 692 698
f 695 698 692
f 46 690 676
f 176 700 690
f 173 676 700
f 690 700 676
f 47 699 685
f 179 701 699
f 176 685 701
f 699 701 685
f 48 681 694
f 173 702 681
f 179 694 702
f 681 702 694
f 176 701 700
f 179 702 701
f 173 700 702
f 701 702 700
f 6 703 705
f 181 704 703
f 183 705 704
f 703 704 705
f 49 706 708
f 182 707 706
f 181 708 707
f 706 707 708
f 51 709 711
f 183 710 709
f 182 711 710
f 709 710 711
f 181 707 704
f 182 710 707
f 183 704 710
f 707 710 704
f 15 712 714
f 184 713 712
f 186 714 713
f 712 713 714
f 50 715 717
f 185 716 715
f 184 717 716
f 715 716 717
f 49 718 720
f 186 719 718
f 185 720 719
f 718 719 720
f 184 716 713
f 185 719 716
f 186 713 719
f 716 719 713
f 14 721 723
f 187 722 721
f 189 723 722
f 721 722 723
f 51 724 726
f 188 725 724
f 187 726 725
f 724 725 726
f 50 727 729
f 189 728 727
f 188 729 728
f 727 728 729
f 187 725 722
f 188 728 725
f 189 722 728
f 725 728 722
f 49 720 706
f 185 730 720
f 182 706 730
f 720 730 706
f 50 729 715
f 188 731 729
f 185 715 731
f 729 731 715
f 51 711 724
f 182 732 711
f 188 724 732
f 711 732 724
f 185 731 730
f 188 732 731
f 182 730 732
f 731 732 730
f 13 693 652
f 180 733 693
f 166 652 733
f 693 733 652
f 47 734 697
f 190 735 734
f 180 697 735
f 734 735 697
f 44 657 737
f 166 736 657
f 190 737 736
f 657 736 737
f 180 735 733
f 190 736 735
f 166 733 736
f 735 736 733
f 14 723 682
f 189 738 723
f 175 682 738
f 723 738 682
f 50 739 727
f 191 740 739
f 189 727 740
f 739 740 727
f 47 687 742
f 175 741 687
f 191 742 741
f 687 741 742
f 189 740 738
f 191 741 740
f 175 738 741
f 740 741 738
f 15 663 712
f 171 743 663
f 184 712 743
f 663 743 712
f 44 744 667
f 192 745 744
f 171 667 745
f 744 745 667
f 50 717 747
f 184 746 717
f 192 747 746
f 717 746 747
f 171 745 743
f 192 746 745
f 184 743 746
f 745 746 743
f 47 742 734
f 191 748 742
f 190 734 748
f 742 748 734
f 50 747 739
f 192 749 747
f 191 739 749
f 747 749 739
f 44 737 744
f 190 750 737
f 192 744 750
f 737 750 744
f 191 749 748
f 192 750 749
f 190 748 750
f 749 750 748
f 1 645 752
f 165 751 645
f 194 752 751
f 645 751 752
f 45 753 649
f 193 754 753
f 165 649 754
f 753 754 649
f 53 755 757
f 194 756 755
f 193 757 756
f 755 756 757
f 165 754 751
f 193 756 754
f 194 751 756
f 754 756 751
f 15 758 661
f 195 759 758
f 169 661 759
f 758 759 661
f 52 760 762
f 196 761 760
f 195 762 761
f 760 761 762
f 45 666 764
f 169 763 666
f 196 764 763
f 666 763 764
f 195 761 759
f 196 763 761
f 169 759 763
f 761 763 759
f 17 765 767
f 197 766 765
f 199 767 766
f 765 766 767
f 53 768 770
f 198 769 768
f 197 770 769
f 768 769 770
f 52 771 773
f 199 772 771
f 198 773 772
f 771 772 773
f 197 769 766
f 198 772 769
f 199 766 772
f 769 772 766
f 45 764 753
f 196 774 764
f 193 753 774
f 764 774 753
f 52 773 760
f 198 775 773
f 196 760 775
f 773 775 760
f 53 757 768
f 193 776 757
f 198 768 776
f 757 776 768
f 196 775 774
f 198 776 775
f 193 774 776
f 775 776 774
f 6 777 703
f 200 778 777
f 181 703 778
f 777 778 703
f 54 779 781
f 201 780 779
f 200 781 780
f 779 780 781
f 49 708 783
f 181 782 708
f 201 783 782
f 708 782 783
f 200 780 778
f 201 782 780
f 181 778 782
f 780 782 778
f 16 784 786
f 202 785 784
f 204 786 785
f 784 785 786
f 55 787 789
f 203 788 787
f 202 789 788
f 787 788 789
f 54 790 792
f 204 791 790
f 203 792 791
f 790 791 792
f 202 788 785
f 203 791 788
f 204 785 791
f 788 791 785
f 15 714 794
f 186 793 714
f 206 794 793
f 714 793 794
f 49 795 718
f 205 796 795
f 186 718 796
f 795 796 718
f 55 797 799
f 206 798 797
f 205 799 798
f 797 798 799
f 186 796 793
f 205 798 796
f 206 793 798
f 796 798 793
f 54 792 779
f 203 800 792
f 201 779 800
f 792 800 779
f 55 799 787
f 205 801 799
f 203 787 801
f 799 801 787
f 49 783 795
f 201 802 783
f 205 795 802
f 783 802 795
f 203 801 800
f 205 802 801
f 201 800 802
f 801 802 800
f 2 803 805
f 207 804 803
f 209 805 804
f 803 804 805
f 56 806 808
f 208 807 806
f 207 808 807
f 806 807 808
f 58 809 811
f 209 810 809
f 208 811 810
f 809 810 811
f 207 807 804
f 208 810 807
f 209 804 810
f 807 810 804
f 17 812 814
f 210 813 812
f 212 814 813
f 812 813 814
f 57 815 817
f 211 816 815
f 210 817 816
f 815 816 817
f 56 818 820
f 212 819 818
f 211 820 819
f 818 819 820
f 210 816 813
f 211 819 816
f 212 813 819
f 816 819 813
f 16 821 823
f 213 822 821
f 215 823 822
f 821 822 823
f 58 824 826
f 214 825 824
f 213 826 825
f 824 825 826
f 57 827 829
f 215 828 827
f 214 829 828
f 827 828 829
f 213 825 822
f 214 828 825
f 215 822 828
f 825 828 822
f 56 820 806
f 211 830 820
f 208 806 830
f 820 830 806
f 57 829 815
f 214 831 829
f 211 815 831
f 829 831 815
f 58 811 824
f 208 832 811
f 214 824 832
f 811 832 824
f 211 831 830
f 214 832 831
f 208 830 832
f 831 832 830
f 15 794 758
f 206 833 794
f 195 758 833
f 794 833 758
f 55 834 797
f 216 835 834
f 206 797 835
f 834 835 797
f 52 762 837
f 195 836 762
f 216 837 836
f 762 836 837
f 206 835 833
f 216 836 835
f 195 833 836
f 835 836 833
f 16 823 784
f 215 838 823
f 202 784 838
f 823 838 784
f 57 839 827
f 217 840 839
f 215 827 840
f 839 840 827
f 55 789 842
f 202 841 789
f 217 842 841
f 789 841 842
f 215 840 838
f 217 841 840
f 202 838 841
f 840 841 838
f 17 767 812
f 199 843 767
f 210 812 843
f 767 843 812
f 52 844 771
f 218 845 844
f 199 771 845
f 844 845 771
f 57 817 847
f 210 846 817
f 218 847 846
f 817 846 847
f 199 845 843
f 218 846 845
f 210 843 846
f 845 846 843
f 55 842 834
f 217 848 842
f 216 834 848
f 842 848 834
f 57 847 839
f 218 849 847
f 217 839 849
f 847 849 839
f 52 837 844
f 216 850 837
f 218 844 850
f 837 850 844
f 217 849 848
f 218 850 849
f 216 848 850
f 849 850 848
f 1 752 852
f 194 851 752
f 220 852 851
f 752 851 852
f 53 853 755
f 219 854 853
f 194 755 854
f 853 854 755
f 60 855 857
f 220 856 855
f 219 857 856
f 855 856 857
f 194 854 851
f 219 856 854
f 220 851 856
f 854 856 851
f 17 858 765
f 221 859 858
f 197 765 859
f 858 859 765
f 59 860 862
f 222 861 860
f 221 862 861
f 860 861 862
f 53 770 864
f 197 863 770
f 222 864 863
f 770 863 864
f 221 861 859
f 222 863 861
f 197 859 863
f 861 863 859
f 19 865 867
f 223 866 865
f 225 867 866
f 865 866 867
f 60 868 870
f 224 869 868
f 223 870 869
f 868 869 870
f 59 871 873
f 225 872 871
f 224 873 872
f 871 872 873
f 223 869 866
f 224 872 869
f 225 866 872
f 869 872 866
f 53 864 853
f 222 874 864
f 219 853 874
f 864 874 853
f 59 873 860
f 224 875 873
f 222 860 875
f 873 875 860
f 60 857 868
f 219 876 857
f 224 868 876
f 857 876 868
f 222 875 874
f 224 876 875
f 219 874 876
f 875 876 874
f 2 877 803
f 226 878 877
f 207 803 878
f 877 878 803
f 61 879 881
f 227 880 879
f 226 881 880
f 879 880 881
f 56 808 883
f 207 882 808
f 227 883 882
f 808 882 883
f 226 880 878
f 227 882 880
f 207 878 882
f 880 882 878
f 18 884 886
f 228 885 884
f 230 886 885
f 884 885 886
f 62 887 889
f 229 888 887
f 228 889 888
f 887 888 889
f 61 890 892
f 230 891 890
f 229 892 891
f 890 891 892
f 228 888 885
f 229 891 888
f 230 885 891
f 888 891 885
f 17 814 894
f 212 893 814
f 232 894 893
f 814 893 894
f 56 895 818
f 231 896 895
f 212 818 896
f 895 896 818
f 62 897 899
f 232 898 897
f 231 899 898
f 897 898 899
f 212 896 893
f 231 898 896
f 232 893 898
f 896 898 893
f 61 892 879
f 229 900 892
f 227 879 900
f 892 900 879
f 62 899 887
f 231 901 899
f 229 887 901
f 899 901 887
f 56 883 895
f 227 902 883
f 231 895 902
f 883 902 895
f 229 901 900
f 231 902 901
f 227 900 902
f 901 902 900
f 8 903 905
f 233 904 903
f 235 905 904
f 903 904 905
f 63 906 908
f 234 907 906
f 233 908 907
f 906 907 908
f 65 909 911
f 235 910 909
f 234 911 910
f 909 910 911
f 233 907 904
f 234 910 907
f 235 904 910
f 907 910 904
f 19 912 914
f 236 913 912
f 238 914 913
f 912 913 914
f 64 915 917
f 237 916 915
f 236 917 916
f 915 916 917
f 63 918 920
f 238 919 918
f 237 920 919
f 918 919 920
f 236 916 913
f 237 919 916
f 238 913 919
f 916 919 913
f 18 921 923
f 239 922 921
f 241 923 922
f 921 922 923
f 65 924 926
f 240 925 924
f 239 926 925
f 924 925 926
f 64 927 929
f 241 928 927
f 240 929 928
f 927 928 929
f 239 925 922
f 240 928 925
f 241 922 928
f 925 928 922
f 63 920 906
f 237 930 920
f 234 906 930
f 920 930 906
f 64 929 915
f 240 931 929
f 237 915 931
f 929 931 915
f 65 911 924
f 234 932 911
f 240 924 932
f 911 932 924
f 237 931 930
f 240 932 931
f 234 930 932
f 931 932 930
f 17 894 858
f 232 933 894
f 221 858 933
f 894 933 858
f 62 934 897
f 242 935 934
f 232 897 935
f 934 935 897
f 59 862 937
f 221 936 862
f 242 937 936
f 862 936 937
f 232 935 933
f 242 936 935
f 221 933 936
f 935 936 933
f 18 923 884
f 241 938 923
f 228 884 938
f 923 938 884
f 64 939 927
f 243 940 939
f 241 927 940
f 939 940 927
f 62 889 942
f 228 941 889
f 243 942 941
f 889 941 942
f 241 940 938
f 243 941 940
f 228 938 941
f 940 941 938
f 19 867 912
f 225 943 867
f 236 912 943
f 867 943 912
f 59 944 871
f 244 945 944
f 225 871 945
f 944 945 871
f 64 917 947
f 236 946 917
f 244 947 946
f 917 946 947
f 225 945 943
f 244 946 945
f 236 943 946
f 945 946 943
f 62 942 934
f 243 948 942
f 242 934 948
f 942 948 934
f 64 947 939
f 244 949 947
f 243 939 949
f 947 949 939
f 59 937 944
f 242 950 937
f 244 944 950
f 937 950 944
f 243 949 948
f 244 950 949
f 242 948 950
f 949 950 948
f 1 852 952
f 220 951 852
f 246 952 951
f 852 951 952
f 60 953 855
f 245 954 953
f 220 855 954
f 953 954 855
f 67 955 957
f 246 956 955
f 245 957 956
f 955 956 957
f 220 954 951
f 245 956 954
f 246 951 956
f 954 956 951
f 19 958 865
f 247 959 958
f 223 865 959
f 958 959 865
f 66 960 962
f 248 961 960
f 247 962 961
f 960 961 962
f 60 870 964
f 223 963 870
f 248 964 963
f 870 963 964
f 247 961 959
f 248 963 961
f 223 959 963
f 961 963 959
f 21 965 967
f 249 966 965
f 251 967 966
f 965 966 967
f 67 968 970
f 250 969 968
f 249 970 969
f 968 969 970
f 66 971 973
f 251 972 971
f 250 973 972
f 971 972 973
f 249 969 966
f 250 972 969
f 251 966 972
f 969 972 966
f 60 964 953
f 248 974 964
f 245 953 974
f 964 974 953
f 66 973 960
f 250 975 973
f 248 960 975
f 973 975 960
f 67 957 968
f 245 976 957
f 250 968 976
f 957 976 968
f 248 975 974
f 250 976 975
f 245 974 976
f 975 976 974
f 8 977 903
f 252 978 977
f 233 903 978
f 977 978 903
f 68 979 981
f 253 980 979
f 252 981 980
f 979 980 981
f 63 908 983
f 233 982 908
f 253 983 982
f 908 982 983
f 252 980 978
f 253 982 980
f 233 978 982
f 980 982 978
f 20 984 986
f 254 985 984
f 256 986 985
f 984 985 986
f 69 987 989
f 255 988 987
f 254 989 988
f 987 988 989
f 68 990 992
f 256 991 990
f 255 992 991
f 990 991 992
f 254 988 985
f 255 991 988
f 256 985 991
f 988 991 985
f 19 914 994
f 238 993 914
f 258 994 993
f 914 993 994
f 63 995 918
f 257 996 995
f 238 918 996
f 995 996 918
f 69 997 999
f 258 998 997
f 257 999 998
f 997 998 999
f 238 996 993
f 257 998 996
f 258 993 998
f 996 998 993
f 68 992 979
f 255 1000 992
f 253 979 1000
f 992 1000 979
f 69 999 987
f 257 1001 999
f 255 987 1001
f 999 1001 987
f 63 983 995
f 253 1002 983
f 257 995 1002
f 983 1002 995
f 255 1001 1000
f 257 1002 1001
f 253 1000 1002
f 1001 1002 1000
f 11 1003 1005
f 259 1004 1003
f 261 1005 1004
f 1003 1004 1005
f 70 1006 1008
f 260 1007 1006
f 259 1008 1007
f 1006 1007 1008
f 72 1009 1011
f 261 1010 1009
f 260 1011 1010
f 1009 1010 1011
f 259 1007 1004
f 260 1010 1007
f 261 1004 1010
f 1007 1010 1004
f 21 1012 1014
f 262 1013 1012
f 264 1014 1013
f 1012 1013 1014
f 71 1015 1017
f 263 1016 1015
f 262 1017 1016
f 1015 1016 1017
f 70 1018 1020
f 264 1019 1018
f 263 1020 1019
f 1018 1019 1020
f 262 1016 1013
f 263 1019 1016
f 264 1013 1019
f 1016 1019 1013
f 20 1021 1023
f 265 1022 1021
f 267 1023 1022
f 1021 1022 1023
f 72 1024 1026
f 266 1025 1024
f 265 1026 1025
f 1024 1025 1026
f 71 1027 1029
f 267 1028 1027
f 266 1029 1028
f 1027 1028 1029
f 265 1025 1022
f 266 1028 1025
f 267 1022 1028
f 1025 1028 1022
f 70 1020 1006
f 263 1030 1020
f 260 1006 1030
f 1020 1030 1006
f 71 1029 1015
f 266 1031 1029
f 263 1015 1031
f 1029 1031 1015
f 72 1011 1024
f 260 1032 1011
f 266 1024 1032
f 1011 1032 1024
f 263 1031 1030
f 266 1032 1031
f 260 1030 1032
f 1031 1032 1030
f 19 994 958
f 258 1033 994
f 247 958 1033
f 994 1033 958
f 69 1034 997
f 268 1035 1034
f 258 997 1035
f 1034 1035 997
f 66 962 1037
f 247 1036 962
f 268 1037 1036
f 962 1036 1037
f 258 1035 1033
f 268 1036 1035
f 247 1033 1036
f 1035 1036 1033
f 20 1023 984
f 267 1038 1023
f 254 984 1038
f 1023 1038 984
f 71 1039 1027
f 269 1040 1039
f 267 1027 1040
f 1039 1040 1027
f 69 989 1042
f 254 1041 989
f 269 1042 1041
f 989 1041 1042
f 267 1040 1038
f 269 1041 1040
f 254 1038 1041
f 1040 1041 1038
f 21 967 1012
f 251 1043 967
f 262 1012 1043
f 967 1043 1012
f 66 1044 971
f 270 1045 1044
f 251 971 1045
f 1044 1045 971
f 71 1017 1047
f 262 1046 1017
f 270 1047 1046
f 1017 1046 1047
f 251 1045 1043
f 270 1046 1045
f 262 1043 1046
f 1045 1046 1043
f 69 1042 1034
f 269 1048 1042
f 268 1034 1048
f 1042 1048 1034
f 71 1047 1039
f 270 1049 1047
f 269 1039 1049
f 1047 1049 1039
f 66 1037 1044
f 268 1050 1037
f 270 1044 1050
f 1037 1050 1044
f 269 1049 1048
f 270 1050 1049
f 268 1048 1050
f 1049 1050 1048
f 1 952 643
f 246 1051 952
f 163 643 1051
f 952 1051 643
f 67 1052 955
f 271 1053 1052
f 246 955 1053
f 1052 1053 955
f 43 648 1055
f 163 1054 648
f 271 1055 1054
f 648 1054 1055
f 246 1053 1051
f 271 1054 1053
f 163 1051 1054
f 1053 1054 1051
f 21 1056 965
f 272 1057 1056
f 249 965 1057
f 1056 1057 965
f 73 1058 1060
f 273 1059 1058
f 272 1060 1059
f 1058 1059 1060
f 67 970 1062
f 249 1061 970
f 273 1062 1061
f 970 1061 1062
f 272 1059 1057
f 273 1061 1059
f 249 1057 1061
f 1059 1061 1057
f 13 654 1064
f 168 1063 654
f 275 1064 1063
f 654 1063 1064
f 43 1065 658
f 274 1066 1065
f 168 658 1066
f 1065 1066 658
f 73 1067 1069
f 275 1068 1067
f 274 1069 1068
f 1067 1068 1069
f 168 1066 1063
f 274 1068 1066
f 275 1063 1068
f 1066 1068 1063
f 67 1062 1052
f 273 1070 1062
f 271 1052 1070
f 1062 1070 1052
f 73 1069 1058
f 274 1071 1069
f 273 1058 1071
f 1069 1071 1058
f 43 1055 1065
f 271 1072 1055
f 274 1065 1072
f 1055 1072 1065
f 273 1071 1070
f 274 1072 1071
f 271 1070 1072
f 1071 1072 1070
f 11 1073 1003
f 276 1074 1073
f 259 1003 1074
f 1073 1074 1003
f 74 1075 1077
f 277 1076 1075
f 276 1077 1076
f 1075 1076 1077
f 70 1008 1079
f 259 1078 1008
f 277 1079 1078
f 1008 1078 1079
f 276 1076 1074
f 277 1078 1076
f 259 1074 1078
f 1076 1078 1074
f 22 1080 1082
f 278 1081 1080
f 280 1082 1081
f 1080 1081 1082
f 75 1083 1085
f 279 1084 1083
f 278 1085 1084
f 1083 1084 1085
f 74 1086 1088
f 280 1087 1086
f 279 1088 1087
f 1086 1087 1088
f 278 1084 1081
f 279 1087 1084
f 280 1081 1087
f 1084 1087 1081
f 21 1014 1090
f 264 1089 1014
f 282 1090 1089
f 1014 1089 1090
f 70 1091 1018
f 281 1092 1091
f 264 1018 1092
f 1091 1092 1018
f 75 1093 1095
f 282 1094 1093
f 281 1095 1094
f 1093 1094 1095
f 264 1092 1089
f 281 1094 1092
f 282 1089 1094
f 1092 1094 1089
f 74 1088 1075
f 279 1096 1088
f 277 1075 1096
f 1088 1096 1075
f 75 1095 1083
f 281 1097 1095
f 279 1083 1097
f 1095 1097 1083
f 70 1079 1091
f 277 1098 1079
f 281 1091 1098
f 1079 1098 1091
f 279 1097 1096
f 281 1098 1097
f 277 1096 1098
f 1097 1098 1096
f 12 675 1100
f 174 1099 675
f 284 1100 1099
f 675 1099 1100
f 48 1101 679
f 283 1102 1101
f 174 679 1102
f 1101 1102 679
f 77 1103 1105
f 284 1104 1103
f 283 1105 1104
f 1103 1104 1105
f 174 1102 1099
f 283 1104 1102
f 284 1099 1104
f 1102 1104 1099
f 13 1106 691
f 285 1107 1106
f 178 691 1107
f 1106 1107 691
f 76 1108 1110
f 286 1109 1108
f 285 1110 1109
f 1108 1109 1110
f 48 696 1112
f 178 1111 696
f 286 1112 1111
f 696 1111 1112
f 285 1109 1107
f 286 1111 1109
f 178 1107 1111
f 1109 1111 1107
f 22 1113 1115
f 287 1114 1113
f 289 1115 1114
f 1113 1114 1115
f 77 1116 1118
f 288 1117 1116
f 287 1118 1117
f 1116 1117 1118
f 76 1119 1121
f 289 1120 1119
f 288 1121 1120
f 1119 1120 1121
f 287 1117 1114
f 288 1120 1117
f 289 1114 1120
f 1117 1120 1114
f 48 1112 1101
f 286 1122 1112
f 283 1101 1122
f 1112 1122 1101
f 76 1121 1108
f 288 1123 1121
f 286 1108 1123
f 1121 1123 1108
f 77 1105 1116
f 283 1124 1105
f 288 1116 1124
f 1105 1124 1116
f 286 1123 1122
f 288 1124 1123
f 283 1122 1124
f 1123 1124 1122
f 21 1090 1056
f 282 1125 1090
f 272 1056 1125
f 1090 1125 1056
f 75 1126 1093
f 290 1127 1126
f 282 1093 1127
f 1126 1127 1093
f 73 1060 1129
f 272 1128 1060
f 290 1129 1128
f 1060 1128 1129
f 282 1127 1125
f 290 1128 1127
f 272 1125 1128
f 1127 1128 1125
f 22 1115 1080
f 289 1130 1115
f 278 1080 1130
f 1115 1130 1080
f 76 1131 1119
f 291 1132 1131
f 289 1119 1132
f 1131 1132 1119
f 75 1085 1134
f 278 1133 1085
f 291 1134 1133
f 1085 1133 1134
f 289 1132 1130
f 291 1133 1132
f 278 1130 1133
f 1132 1133 1130
f 13 1064 1106
f 275 1135 1064
f 285 1106 1135
f 1064 1135 1106
f 73 1136 1067
f 292 1137 1136
f 275 1067 1137
f 1136 1137 1067
f 76 1110 1139
f 285 1138 1110
f 292 1139 1138
f 1110 1138 1139
f 275 1137 1135
f 292 1138 1137
f 285 1135 1138
f 1137 1138 1135
f 75 1134 1126
f 291 1140 1134
f 290 1126 1140
f 1134 1140 1126
f 76 1139 1131
f 292 1141 1139
f 291 1131 1141
f 1139 1141 1131
f 73 1129 1136
f 290 1142 1129
f 292 1136 1142
f 1129 1142 1136
f 291 1141 1140
f 292 1142 1141
f 290 1140 1142
f 1141 1142 1140
f 2 805 1144
f 209 1143 805
f 294 1144 1143
f 805 1143 1144
f 58 1145 809
f 293 1146 1145
f 209 809 1146
f 1145 1146 809
f 79 1147 1149
f 294 1148 1147
f 293 1149 1148
f 1147 1148 1149
f 209 1146 1143
f 293 1148 1146
f 294 1143 1148
f 1146 1148 1143
f 16 1150 821
f 295 1151 1150
f 213 821 1151
f 1150 1151 821
f 78 1152 1154
f 296 1153 1152
f 295 1154 1153
f 1152 1153 1154
f 58 826 1156
f 213 1155 826
f 296 1156 1155
f 826 1155 1156
f 295 1153 1151
f 296 1155 1153
f 213 1151 1155
f 1153 1155 1151
f 24 1157 1159
f 297 1158 1157
f 299 1159 1158
f 1157 1158 1159
f 79 1160 1162
f 298 1161 1160
f 297 1162 1161
f 1160 1161 1162
f 78 1163 1165
f 299 1164 1163
f 298 1165 1164
f 1163 1164 1165
f 297 1161 1158
f 298 1164 1161
f 299 1158 1164
f 1161 1164 1158
f 58 1156 1145
f 296 1166 1156
f 293 1145 1166
f 1156 1166 1145
f 78 1165 1152
f 298 1167 1165
f 296 1152 1167
f 1165 1167 1152
f 79 1149 1160
f 293 1168 1149
f 298 1160 1168
f 1149 1168 1160
f 296 1167 1166
f 298 1168 1167
f 293 1166 1168
f 1167 1168 1166
f 6 1169 777
f 300 1170 1169
f 200 777 1170
f 1169 1170 777
f 80 1171 1173
f 301 1172 1171
f 300 1173 1172
f 1171 1172 1173
f 54 781 1175
f 200 1174 781
f 301 1175 1174
f 781 1174 1175
f 300 1172 1170
f 301 1174 1172
f 200 1170 1174
f 1172 1174 1170
f 23 1176 1178
f 302 1177 1176
f 304 1178 1177
f 1176 1177 1178
f 81 1179 1181
f 303 1180 1179
f 302 1181 1180
f 1179 1180 1181
f 80 1182 1184
f 304 1183 1182
f 303 1184 1183
f 1182 1183 1184
f 302 1180 1177
f 303 1183 1180
f 304 1177 1183
f 1180 1183 1177
f 16 786 1186
f 204 1185 786
f 306 1186 1185
f 786 1185 1186
f 54 1187 790
f 305 1188 1187
f 204 790 1188
f 1187 1188 790
f 81 1189 1191
f 306 1190 1189
f 305 1191 1190
f 1189 1190 1191
f 204 1188 1185
f 305 1190 1188
f 306 1185 1190
f 1188 1190 1185
f 80 1184 1171
f 303 1192 1184
f 301 1171 1192
f 1184 1192 1171
f 81 1191 1179
f 305 1193 1191
f 303 1179 1193
f 1191 1193 1179
f 54 1175 1187
f 301 1194 1175
f 305 1187 1194
f 1175 1194 1187
f 303 1193 1192
f 305 1194 1193
f 301 1192 1194
f 1193 1194 1192
f 10 1195 1197
f 307 1196 1195
f 309 1197 1196
f 1195 1196 1197
f 82 1198 1200
f 308 1199 1198
f 307 1200 1199
f 1198 1199 1200
f 84 1201 1203
f 309 1202 1201
f 308 1203 1202
f 1201 1202 1203
f 307 1199 1196
f 308 1202 1199
f 309 1196 1202
f 1199 1202 1196
f 24 1204 1206
f 310 1205 1204
f 312 1206 1205
f 1204 1205 1206
f 83 1207 1209
f 311 1208 1207
f 310 1209 1208
f 1207 1208 1209
f 82 1210 1212
f 312 1211 1210
f 311 1212 1211
f 1210 1211 1212
f 310 1208 1205
f 311 1211 1208
f 312 1205 1211
f 1208 1211 1205
f 23 1213 1215
f 313 1214 1213
f 315 1215 1214
f 1213 1214 1215
f 84 1216 1218
f 314 1217 1216
f 313 1218 1217
f 1216 1217 1218
f 83 1219 1221
f 315 1220 1219
f 314 1221 1220
f 1219 1220 1221
f 313 1217 1214
f 314 1220 1217
f 315 1214 1220
f 1217 1220 1214
f 82 1212 1198
f 311 1222 1212
f 308 1198 1222
f 1212 1222 1198
f 83 1221 1207
f 314 1223 1221
f 311 1207 1223
f 1221 1223 1207
f 84 1203 1216
f 308 1224 1203
f 314 1216 1224
f 1203 1224 1216
f 311 1223 1222
f 314 1224 1223
f 308 1222 1224
f 1223 1224 1222
f 16 1186 1150
f 306 1225 1186
f 295 1150 1225
f 1186 1225 1150
f 81 1226 1189
f 316 1227 1226
f 306 1189 1227
f 1226 1227 1189
f 78 1154 1229
f 295 1228 1154
f 316 1229 1228
f 1154 1228 1229
f 306 1227 1225
f 316 1228 1227
f 295 1225 1228
f 1227 1228 1225
f 23 1215 1176
f 315 1230 1215
f 302 1176 1230
f 1215 1230 1176
f 83 1231 1219
f 317 1232 1231
f 315 1219 1232
f 1231 1232 1219
f 81 1181 1234
f 302 1233 1181
f 317 1234 1233
f 1181 1233 1234
f 315 1232 1230
f 317 1233 1232
f 302 1230 1233
f 1232 1233 1230
f 24 1159 1204
f 299 1235 1159
f 310 1204 1235
f 1159 1235 1204
f 78 1236 1163
f 318 1237 1236
f 299 1163 1237
f 1236 1237 1163
f 83 1209 1239
f 310 1238 1209
f 318 1239 1238
f 1209 1238 1239
f 299 1237 1235
f 318 1238 1237
f 310 1235 1238
f 1237 1238 1235
f 81 1234 1226
f 317 1240 1234
f 316 1226 1240
f 1234 1240 1226
f 83 1239 1231
f 318 1241 1239
f 317 1231 1241
f 1239 1241 1231
f 78 1229 1236
f 316 1242 1229
f 318 1236 1242
f 1229 1242 1236
f 317 1241 1240
f 318 1242 1241
f 316 1240 1242
f 1241 1242 1240
f 6 705 1244
f 183 1243 705
f 320 1244 1243
f 705 1243 1244
f 51 1245 709
f 319 1246 1245
f 183 709 1246
f 1245 1246 709
f 86 1247 1249
f 320 1248 1247
f 319 1249 1248
f 1247 1248 1249
f 183 1246 1243
f 319 1248 1246
f 320 1243 1248
f 1246 1248 1243
f 14 1250 721
f 321 1251 1250
f 187 721 1251
f 1250 1251 721
f 85 1252 1254
f 322 1253 1252
f 321 1254 1253
f 1252 1253 1254
f 51 726 1256
f 187 1255 726
f 322 1256 1255
f 726 1255 1256
f 321 1253 1251
f 322 1255 1253
f 187 1251 1255
f 1253 1255 1251
f 26 1257 1259
f 323 1258 1257
f 325 1259 1258
f 1257 1258 1259
f 86 1260 1262
f 324 1261 1260
f 323 1262 1261
f 1260 1261 1262
f 85 1263 1265
f 325 1264 1263
f 324 1265 1264
f 1263 1264 1265
f 323 1261 1258
f 324 1264 1261
f 325 1258 1264
f 1261 1264 1258
f 51 1256 1245
f 322 1266 1256
f 319 1245 1266
f 1256 1266 1245
f 85 1265 1252
f 324 1267 1265
f 322 1252 1267
f 1265 1267 1252
f 86 1249 1260
f 319 1268 1249
f 324 1260 1268
f 1249 1268 1260
f 322 1267 1266
f 324 1268 1267
f 319 1266 1268
f 1267 1268 1266
f 12 1269 673
f 326 1270 1269
f 172 673 1270
f 1269 1270 673
f 87 1271 1273
f 327 1272 1271
f 326 1273 1272
f 1271 1272 1273
f 46 678 1275
f 172 1274 678
f 327 1275 1274
f 678 1274 1275
f 326 1272 1270
f 327 1274 1272
f 172 1270 1274
f 1272 1274 1270
f 25 1276 1278
f 328 1277 1276
f 330 1278 1277
f 1276 1277 1278
f 88 1279 1281
f 329 1280 1279
f 328 1281 1280
f 1279 1280 1281
f 87 1282 1284
f 330 1283 1282
f 329 1284 1283
f 1282 1283 1284
f 328 1280 1277
f 329 1283 1280
f 330 1277 1283
f 1280 1283 1277
f 14 684 1286
f 177 1285 684
f 332 1286 1285
f 684 1285 1286
f 46 1287 688
f 331 1288 1287
f 177 688 1288
f 1287 1288 688
f 88 1289 1291
f 332 1290 1289
f 331 1291 1290
f 1289 1290 1291
f 177 1288 1285
f 331 1290 1288
f 332 1285 1290
f 1288 1290 1285
f 87 1284 1271
f 329 1292 1284
f 327 1271 1292
f 1284 1292 1271
f 88 1291 1279
f 331 1293 1291
f 329 1279 1293
f 1291 1293 1279
f 46 1275 1287
f 327 1294 1275
f 331 1287 1294
f 1275 1294 1287
f 329 1293 1292
f 331 1294 1293
f 327 1292 1294
f 1293 1294 1292
f 5 1295 1297
f 333 1296 1295
f 335 1297 1296
f 1295 1296 1297
f 89 1298 1300
f 334 1299 1298
f 333 1300 1299
f 1298 1299 1300
f 91 1301 1303
f 335 1302 1301
f 334 1303 1302
f 1301 1302 1303
f 333 1299 1296
f 334 1302 1299
f 335 1296 1302
f 1299 1302 1296
f 26 1304 1306
f 336 1305 1304
f 338 1306 1305
f 1304 1305 1306
f 90 1307 1309
f 337 1308 1307
f 336 1309 1308
f 1307 1308 1309
f 89 1310 1312
f 338 1311 1310
f 337 1312 1311
f 1310 1311 1312
f 336 1308 1305
f 337 1311 1308
f 338 1305 1311
f 1308 1311 1305
f 25 1313 1315
f 339 1314 1313
f 341 1315 1314
f 1313 1314 1315
f 91 1316 1318
f 340 1317 1316
f 339 1318 1317
f 1316 1317 1318
f 90 1319 1321
f 341 1320 1319
f 340 1321 1320
f 1319 1320 1321
f 339 1317 1314
f 340 1320 1317
f 341 1314 1320
f 1317 1320 1314
f 89 1312 1298
f 337 1322 1312
f 334 1298 1322
f 1312 1322 1298
f 90 1321 1307
f 340 1323 1321
f 337 1307 1323
f 1321 1323 1307
f 91 1303 1316
f 334 1324 1303
f 340 1316 1324
f 1303 1324 1316
f 337 1323 1322
f 340 1324 1323
f 334 1322 1324
f 1323 1324 1322
f 14 1286 1250
f 332 1325 1286
f 321 1250 1325
f 1286 1325 1250
f 88 1326 1289
f 342 1327 1326
f 332 1289 1327
f 1326 1327 1289
f 85 1254 1329
f 321 1328 1254
f 342 1329 1328
f 1254 1328 1329
f 332 1327 1325
f 342 1328 1327
f 321 1325 1328
f 1327 1328 1325
f 25 1315 1276
f 341 1330 1315
f 328 1276 1330
f 1315 1330 1276
f 90 1331 1319
f 343 1332 1331
f 341 1319 1332
f 1331 1332 1319
f 88 1281 1334
f 328 1333 1281
f 343 1334 1333
f 1281 1333 1334
f 341 1332 1330
f 343 1333 1332
f 328 1330 1333
f 1332 1333 1330
f 26 1259 1304
f 325 1335 1259
f 336 1304 1335
f 1259 1335 1304
f 85 1336 1263
f 344 1337 1336
f 325 1263 1337
f 1336 1337 1263
f 90 1309 1339
f 336 1338 1309
f 344 1339 1338
f 1309 1338 1339
f 325 1337 1335
f 344 1338 1337
f 336 1335 1338
f 1337 1338 1335
f 88 1334 1326
f 343 1340 1334
f 342 1326 1340
f 1334 1340 1326
f 90 1339 1331
f 344 1341 1339
f 343 1331 1341
f 1339 1341 1331
f 85 1329 1336
f 342 1342 1329
f 344 1336 1342
f 1329 1342 1336
f 343 1341 1340
f 344 1342 1341
f 342 1340 1342
f 1341 1342 1340
f 12 1100 1344
f 284 1343 1100
f 346 1344 1343
f 1100 1343 1344
f 77 1345 1103
f 345 1346 1345
f 284 1103 1346
f 1345 1346 1103
f 93 1347 1349
f 346 1348 1347
f 345 1349 1348
f 1347 1348 1349
f 284 1346 1343
f 345 1348 1346
f 346 1343 1348
f 1346 1348 1343
f 22 1350 1113
f 347 1351 1350
f 287 1113 1351
f 1350 1351 1113
f 92 1352 1354
f 348 1353 1352
f 347 1354 1353
f 1352 1353 1354
f 77 1118 1356
f 287 1355 1118
f 348 1356 1355
f 1118 1355 1356
f 347 1353 1351
f 348 1355 1353
f 287 1351 1355
f 1353 1355 1351
f 28 1357 1359
f 349 1358 1357
f 351 1359 1358
f 1357 1358 1359
f 93 1360 1362
f 350 1361 1360
f 349 1362 1361
f 1360 1361 1362
f 92 1363 1365
f 351 1364 1363
f 350 1365 1364
f 1363 1364 1365
f 349 1361 1358
f 350 1364 1361
f 351 1358 1364
f 1361 1364 1358
f 77 1356 1345
f 348 1366 1356
f 345 1345 1366
f 1356 1366 1345
f 92 1365 1352
f 350 1367 1365
f 348 1352 1367
f 1365 1367 1352
f 93 1349 1360
f 345 1368 1349
f 350 1360 1368
f 1349 1368 1360
f 348 1367 1366
f 350 1368 1367
f 345 1366 1368
f 1367 1368 1366
f 11 1369 1073
f 352 1370 1369
f 276 1073 1370
f 1369 1370 1073
f 94 1371 1373
f 353 1372 1371
f 352 1373 1372
f 1371 1372 1373
f 74 1077 1375
f 276 1374 1077
f 353 1375 1374
f 1077 1374 1375
f 352 1372 1370
f 353 1374 1372
f 276 1370 1374
f 1372 1374 1370
f 27 1376 1378
f 354 1377 1376
f 356 1378 1377
f 1376 1377 1378
f 95 1379 1381
f 355 1380 1379
f 354 1381 1380
f 1379 1380 1381
f 94 1382 1384
f 356 1383 1382
f 355 1384 1383
f 1382 1383 1384
f 354 1380 1377
f 355 1383 1380
f 356 1377 1383
f 1380 1383 1377
f 22 1082 1386
f 280 1385 1082
f 358 1386 1385
f 1082 1385 1386
f 74 1387 1086
f 357 1388 1387
f 280 1086 1388
f 1387 1388 1086
f 95 1389 1391
f 358 1390 1389
f 357 1391 1390
f 1389 1390 1391
f 280 1388 1385
f 357 1390 1388
f 358 1385 1390
f 1388 1390 1385
f 94 1384 1371
f 355 1392 1384
f 353 1371 1392
f 1384 1392 1371
f 95 1391 1379
f 357 1393 1391
f 355 1379 1393
f 1391 1393 1379
f 74 1375 1387
f 353 1394 1375
f 357 1387 1394
f 1375 1394 1387
f 355 1393 1392
f 357 1394 1393
f 353 1392 1394
f 1393 1394 1392
f 3 1395 1397
f 359 1396 1395
f 361 1397 1396
f 1395 1396 1397
f 96 1398 1400
f 360 1399 1398
f 359 1400 1399
f 1398 1399 1400
f 98 1401 1403
f 361 1402 1401
f 360 1403 1402
f 1401 1402 1403
f 359 1399 1396
f 360 1402 1399
f 361 1396 1402
f 1399 1402 1396
f 28 1404 1406
f 362 1405 1404
f 364 1406 1405
f 1404 1405 1406
f 97 1407 1409
f 363 1408 1407
f 362 1409 1408
f 1407 1408 1409
f 96 1410 1412
f 364 1411 1410
f 363 1412 1411
f 1410 1411 1412
f 362 1408 1405
f 363 1411 1408
f 364 1405 1411
f 1408 1411 1405
f 27 1413 1415
f 365 1414 1413
f 367 1415 1414
f 1413 1414 1415
f 98 1416 1418
f 366 1417 1416
f 365 1418 1417
f 1416 1417 1418
f 97 1419 1421
f 367 1420 1419
f 366 1421 1420
f 1419 1420 1421
f 365 1417 1414
f 366 1420 1417
f 367 1414 1420
f 1417 1420 1414
f 96 1412 1398
f 363 1422 1412
f 360 1398 1422
f 1412 1422 1398
f 97 1421 1407
f 366 1423 1421
f 363 1407 1423
f 1421 1423 1407
f 98 1403 1416
f 360 1424 1403
f 366 1416 1424
f 1403 1424 1416
f 363 1423 1422
f 366 1424 1423
f 360 1422 1424
f 1423 1424 1422
f 22 1386 1350
f 358 1425 1386
f 347 1350 1425
f 1386 1425 1350
f 95 1426 1389
f 368 1427 1426
f 358 1389 1427
f 1426 1427 1389
f 92 1354 1429
f 347 1428 1354
f 368 1429 1428
f 1354 1428 1429
f 358 1427 1425
f 368 1428 1427
f 347 1425 1428
f 1427 1428 1425
f 27 1415 1376
f 367 1430 1415
f 354 1376 1430
f 1415 1430 1376
f 97 1431 1419
f 369 1432 1431
f 367 1419 1432
f 1431 1432 1419
f 95 1381 1434
f 354 1433 1381
f 369 1434 1433
f 1381 1433 1434
f 367 1432 1430
f 369 1433 1432
f 354 1430 1433
f 1432 1433 1430
f 28 1359 1404
f 351 1435 1359
f 362 1404 1435
f 1359 1435 1404
f 92 1436 1363
f 370 1437 1436
f 351 1363 1437
f 1436 1437 1363
f 97 1409 1439
f 362 1438 1409
f 370 1439 1438
f 1409 1438 1439
f 351 1437 1435
f 370 1438 1437
f 362 1435 1438
f 1437 1438 1435
f 95 1434 1426
f 369 1440 1434
f 368 1426 1440
f 1434 1440 1426
f 97 1439 1431
f 370 1441 1439
f 369 1431 1441
f 1439 1441 1431
f 92 1429 1436
f 368 1442 1429
f 370 1436 1442
f 1429 1442 1436
f 369 1441 1440
f 370 1442 1441
f 368 1440 1442
f 1441 1442 1440
f 11 1005 1444
f 261 1443 1005
f 372 1444 1443
f 1005 1443 1444
f 72 1445 1009
f 371 1446 1445
f 261 1009 1446
f 1445 1446 1009
f 100 1447 1449
f 372 1448 1447
f 371 1449 1448
f 1447 1448 1449
f 261 1446 1443
f 371 1448 1446
f 372 1443 1448
f 1446 1448 1443
f 20 1450 1021
f 373 1451 1450
f 265 1021 1451
f 1450 1451 1021
f 99 1452 1454
f 374 1453 1452
f 373 1454 1453
f 1452 1453 1454
f 72 1026 1456
f 265 1455 1026
f 374 1456 1455
f 1026 1455 1456
f 373 1453 1451
f 374 1455 1453
f 265 1451 1455
f 1453 1455 1451
f 30 1457 1459
f 375 1458 1457
f 377 1459 1458
f 1457 1458 1459
f 100 1460 1462
f 376 1461 1460
f 375 1462 1461
f 1460 1461 1462
f 99 1463 1465
f 377 1464 1463
f 376 1465 1464
f 1463 1464 1465
f 375 1461 1458
f 376 1464 1461
f 377 1458 1464
f 1461 1464 1458
f 72 1456 1445
f 374 1466 1456
f 371 1445 1466
f 1456 1466 1445
f 99 1465 1452
f 376 1467 1465
f 374 1452 1467
f 1465 1467 1452
f 100 1449 1460
f 371 1468 1449
f 376 1460 1468
f 1449 1468 1460
f 374 1467 1466
f 376 1468 1467
f 371 1466 1468
f 1467 1468 1466
f 8 1469 977
f 378 1470 1469
f 252 977 1470
f 1469 1470 977
f 101 1471 1473
f 379 1472 1471
f 378 1473 1472
f 1471 1472 1473
f 68 981 1475
f 252 1474 981
f 379 1475 1474
f 981 1474 1475
f 378 1472 1470
f 379 1474 1472
f 252 1470 1474
f 1472 1474 1470
f 29 1476 1478
f 380 1477 1476
f 382 1478 1477
f 1476 1477 1478
f 102 1479 1481
f 381 1480 1479
f 380 1481 1480
f 1479 1480 1481
f 101 1482 1484
f 382 1483 1482
f 381 1484 1483
f 1482 1483 1484
f 380 1480 1477
f 381 1483 1480
f 382 1477 1483
f 1480 1483 1477
f 20 986 1486
f 256 1485 986
f 384 1486 1485
f 986 1485 1486
f 68 1487 990
f 383 1488 1487
f 256 990 1488
f 1487 1488 990
f 102 1489 1491
f 384 1490 1489
f 383 1491 1490
f 1489 1490 1491
f 256 1488 1485
f 383 1490 1488
f 384 1485 1490
f 1488 1490 1485
f 101 1484 1471
f 381 1492 1484
f 379 1471 1492
f 1484 1492 1471
f 102 1491 1479
f 383 1493 1491
f 381 1479 1493
f 1491 1493 1479
f 68 1475 1487
f 379 1494 1475
f 383 1487 1494
f 1475 1494 1487
f 381 1493 1492
f 383 1494 1493
f 379 1492 1494
f 1493 1494 1492
f 7 1495 1497
f 385 1496 1495
f 387 1497 1496
f 1495 1496 1497
f 103 1498 1500
f 386 1499 1498
f 385 1500 1499
f 1498 1499 1500
f 105 1501 1503
f 387 1502 1501
f 386 1503 1502
f 1501 1502 1503
f 385 1499 1496
f 386 1502 1499
f 387 1496 1502
f 1499 1502 1496
f 30 1504 1506
f 388 1505 1504
f 390 1506 1505
f 1504 1505 1506
f 104 1507 1509
f 389 1508 1507
f 388 1509 1508
f 1507 1508 1509
f 103 1510 1512
f 390 1511 1510
f 389 1512 1511
f 1510 1511 1512
f 388 1508 1505
f 389 1511 1508
f 390 1505 1511
f 1508 1511 1505
f 29 1513 1515
f 391 1514 1513
f 393 1515 1514
f 1513 1514 1515
f 105 1516 1518
f 392 1517 1516
f 391 1518 1517
f 1516 1517 1518
f 104 1519 1521
f 393 1520 1519
f 392 1521 1520
f 1519 1520 1521
f 391 1517 1514
f 392 1520 1517
f 393 1514 1520
f 1517 1520 1514
f 103 1512 1498
f 389 1522 1512
f 386 1498 1522
f 1512 1522 1498
f 104 1521 1507
f 392 1523 1521
f 389 1507 1523
f 1521 1523 1507
f 105 1503 1516
f 386 1524 1503
f 392 1516 1524
f 1503 1524 1516
f 389 1523 1522
f 392 1524 1523
f 386 1522 1524
f 1523 1524 1522
f 20 1486 1450
f 384 1525 1486
f 373 1450 1525
f 1486 1525 1450
f 102 1526 1489
f 394 1527 1526
f 384 1489 1527
f 1526 1527 1489
f 99 1454 1529
f 373 1528 1454
f 394 1529 1528
f 1454 1528 1529
f 384 1527 1525
f 394 1528 1527
f 373 1525 1528
f 1527 1528 1525
f 29 1515 1476
f 393 1530 1515
f 380 1476 1530
f 1515 1530 1476
f 104 1531 1519
f 395 1532 1531
f 393 1519 1532
f 1531 1532 1519
f 102 1481 1534
f 380 1533 1481
f 395 1534 1533
f 1481 1533 1534
f 393 1532 1530
f 395 1533 1532
f 380 1530 1533
f 1532 1533 1530
f 30 1459 1504
f 377 1535 1459
f 388 1504 1535
f 1459 1535 1504
f 99 1536 1463
f 396 1537 1536
f 377 1463 1537
f 1536 1537 1463
f 104 1509 1539
f 388 1538 1509
f 396 1539 1538
f 1509 1538 1539
f 377 1537 1535
f 396 1538 1537
f 388 1535 1538
f 1537 1538 1535
f 102 1534 1526
f 395 1540 1534
f 394 1526 1540
f 1534 1540 1526
f 104 1539 1531
f 396 1541 1539
f 395 1531 1541
f 1539 1541 1531
f 99 1529 1536
f 394 1542 1529
f 396 1536 1542
f 1529 1542 1536
f 395 1541 1540
f 396 1542 1541
f 394 1540 1542
f 1541 1542 1540
f 8 905 1544
f 235 1543 905
f 398 1544 1543
f 905 1543 1544
f 65 1545 909
f 397 1546 1545
f 235 909 1546
f 1545 1546 909
f 107 1547 1549
f 398 1548 1547
f 397 1549 1548
f 1547 1548 1549
f 235 1546 1543
f 397 1548 1546
f 398 1543 1548
f 1546 1548 1543
f 18 1550 921
f 399 1551 1550
f 239 921 1551
f 1550 1551 921
f 106 1552 1554
f 400 1553 1552
f 399 1554 1553
f 1552 1553 1554
f 65 926 1556
f 239 1555 926
f 400 1556 1555
f 926 1555 1556
f 399 1553 1551
f 400 1555 1553
f 239 1551 1555
f 1553 1555 1551
f 32 1557 1559
f 401 1558 1557
f 403 1559 1558
f 1557 1558 1559
f 107 1560 1562
f 402 1561 1560
f 401 1562 1561
f 1560 1561 1562
f 106 1563 1565
f 403 1564 1563
f 402 1565 1564
f 1563 1564 1565
f 401 1561 1558
f 402 1564 1561
f 403 1558 1564
f 1561 1564 1558
f 65 1556 1545
f 400 1566 1556
f 397 1545 1566
f 1556 1566 1545
f 106 1565 1552
f 402 1567 1565
f 400 1552 1567
f 1565 1567 1552
f 107 1549 1560
f 397 1568 1549
f 402 1560 1568
f 1549 1568 1560
f 400 1567 1566
f 402 1568 1567
f 397 1566 1568
f 1567 1568 1566
f 2 1569 877
f 404 1570 1569
f 226 877 1570
f 1569 1570 877
f 108 1571 1573
f 405 1572 1571
f 404 1573 1572
f 1571 1572 1573
f 61 881 1575
f 226 1574 881
f 405 1575 1574
f 881 1574 1575
f 404 1572 1570
f 405 1574 1572
f 226 1570 1574
f 1572 1574 1570
f 31 1576 1578
f 406 1577 1576
f 408 1578 1577
f 1576 1577 1578
f 109 1579 1581
f 407 1580 1579
f 406 1581 1580
f 1579 1580 1581
f 108 1582 1584
f 408 1583 1582
f 407 1584 1583
f 1582 1583 1584
f 406 1580 1577
f 407 1583 1580
f 408 1577 1583
f 1580 1583 1577
f 18 886 1586
f 230 1585 886
f 410 1586 1585
f 886 1585 1586
f 61 1587 890
f 409 1588 1587
f 230 890 1588
f 1587 1588 890
f 109 1589 1591
f 410 1590 1589
f 409 1591 1590
f 1589 1590 1591
f 230 1588 1585
f 409 1590 1588
f 410 1585 1590
f 1588 1590 1585
f 108 1584 1571
f 407 1592 1584
f 405 1571 1592
f 1584 1592 1571
f 109 1591 1579
f 409 1593 1591
f 407 1579 1593
f 1591 1593 1579
f 61 1575 1587
f 405 1594 1575
f 409 1587 1594
f 1575 1594 1587
f 407 1593 1592
f 409 1594 1593
f 405 1592 1594
f 1593 1594 1592
f 9 1595 1597
f 411 1596 1595
f 413 1597 1596
f 1595 1596 1597
f 110 1598 1600
f 412 1599 1598
f 411 1600 1599
f 1598 1599 1600
f 112 1601 1603
f 413 1602 1601
f 412 1603 1602
f 1601 1602 1603
f 411 1599 1596
f 412 1602 1599
f 413 1596 1602
f 1599 1602 1596
f 32 1604 1606
f 414 1605 1604
f 416 1606 1605
f 1604 1605 1606
f 111 1607 1609
f 415 1608 1607
f 414 1609 1608
f 1607 1608 1609
f 110 1610 1612
f 416 1611 1610
f 415 1612 1611
f 1610 1611 1612
f 414 1608 1605
f 415 1611 1608
f 416 1605 1611
f 1608 1611 1605
f 31 1613 1615
f 417 1614 1613
f 419 1615 1614
f 1613 1614 1615
f 112 1616 1618
f 418 1617 1616
f 417 1618 1617
f 1616 1617 1618
f 111 1619 1621
f 419 1620 1619
f 418 1621 1620
f 1619 1620 1621
f 417 1617 1614
f 418 1620 1617
f 419 1614 1620
f 1617 1620 1614
f 110 1612 1598
f 415 1622 1612
f 412 1598 1622
f 1612 1622 1598
f 111 1621 1607
f 418 1623 1621
f 415 1607 1623
f 1621 1623 1607
f 112 1603 1616
f 412 1624 1603
f 418 1616 1624
f 1603 1624 1616
f 415 1623 1622
f 418 1624 1623
f 412 1622 1624
f 1623 1624 1622
f 18 1586 1550
f 410 1625 1586
f 399 1550 1625
f 1586 1625 1550
f 109 1626 1589
f 420 1627 1626
f 410 1589 1627
f 1626 1627 1589
f 106 1554 1629
f 399 1628 1554
f 420 1629 1628
f 1554 1628 1629
f 410 1627 1625
f 420 1628 1627
f 399 1625 1628
f 1627 1628 1625
f 31 1615 1576
f 419 1630 1615
f 406 1576 1630
f 1615 1630 1576
f 111 1631 1619
f 421 1632 1631
f 419 1619 1632
f 1631 1632 1619
f 109 1581 1634
f 406 1633 1581
f 421 1634 1633
f 1581 1633 1634
f 419 1632 1630
f 421 1633 1632
f 406 1630 1633
f 1632 1633 1630
f 32 1559 1604
f 403 1635 1559
f 414 1604 1635
f 1559 1635 1604
f 106 1636 1563
f 422 1637 1636
f 403 1563 1637
f 1636 1637 1563
f 111 1609 1639
f 414 1638 1609
f 422 1639 1638
f 1609 1638 1639
f 403 1637 1635
f 422 1638 1637
f 414 1635 1638
f 1637 1638 1635
f 109 1634 1626
f 421 1640 1634
f 420 1626 1640
f 1634 1640 1626
f 111 1639 1631
f 422 1641 1639
f 421 1631 1641
f 1639 1641 1631
f 106 1629 1636
f 420 1642 1629
f 422 1636 1642
f 1629 1642 1636
f 421 1641 1640
f 422 1642 1641
f 420 1640 1642
f 1641 1642 1640
f 4 1643 1645
f 423 1644 1643
f 425 1645 1644
f 1643 1644 1645
f 113 1646 1648
f 424 1647 1646
f 423 1648 1647
f 1646 1647 1648
f 115 1649 1651
f 425 1650 1649
f 424 1651 1650
f 1649 1650 1651
f 423 1647 1644
f 424 1650 1647
f 425 1644 1650
f 1647 1650 1644
f 33 1652 1654
f 426 1653 1652
f 428 1654 1653
f 1652 1653 1654
f 114 1655 1657
f 427 1656 1655
f 426 1657 1656
f 1655 1656 1657
f 113 1658 1660
f 428 1659 1658
f 427 1660 1659
f 1658 1659 1660
f 426 1656 1653
f 427 1659 1656
f 428 1653 1659
f 1656 1659 1653
f 35 1661 1663
f 429 1662 1661
f 431 1663 1662
f 1661 1662 1663
f 115 1664 1666
f 430 1665 1664
f 429 1666 1665
f 1664 1665 1666
f 114 1667 1669
f 431 1668 1667
f 430 1669 1668
f 1667 1668 1669
f 429 1665 1662
f 430 1668 1665
f 431 1662 1668
f 1665 1668 1662
f 113 1660 1646
f 427 1670 1660
f 424 1646 1670
f 1660 1670 1646
f 114 1669 1655
f 430 1671 1669
f 427 1655 1671
f 1669 1671 1655
f 115 1651 1664
f 424 1672 1651
f 430 1664 1672
f 1651 1672 1664
f 427 1671 1670
f 430 1672 1671
f 424 1670 1672
f 1671 1672 1670
f 10 1673 1675
f 432 1674 1673
f 434 1675 1674
f 1673 1674 1675
f 116 1676 1678
f 433 1677 1676
f 432 1678 1677
f 1676 1677 1678
f 118 1679 1681
f 434 1680 1679
f 433 1681 1680
f 1679 1680 1681
f 432 1677 1674
f 433 1680 1677
f 434 1674 1680
f 1677 1680 1674
f 34 1682 1684
f 435 1683 1682
f 437 1684 1683
f 1682 1683 1684
f 117 1685 1687
f 436 1686 1685
f 435 1687 1686
f 1685 1686 1687
f 116 1688 1690
f 437 1689 1688
f 436 1690 1689
f 1688 1689 1690
f 435 1686 1683
f 436 1689 1686
f 437 1683 1689
f 1686 1689 1683
f 33 1691 1693
f 438 1692 1691
f 440 1693 1692
f 1691 1692 1693
f 118 1694 1696
f 439 1695 1694
f 438 1696 1695
f 1694 1695 1696
f 117 1697 1699
f 440 1698 1697
f 439 1699 1698
f 1697 1698 1699
f 438 1695 1692
f 439 1698 1695
f 440 1692 1698
f 1695 1698 1692
f 116 1690 1676
f 436 1700 1690
f 433 1676 1700
f 1690 1700 1676
f 117 1699 1685
f 439 1701 1699
f 436 1685 1701
f 1699 1701 1685
f 118 1681 1694
f 433 1702 1681
f 439 1694 1702
f 1681 1702 1694
f 436 1701 1700
f 439 1702 1701
f 433 1700 1702
f 1701 1702 1700
f 5 1703 1705
f 441 1704 1703
f 443 1705 1704
f 1703 1704 1705
f 119 1706 1708
f 442 1707 1706
f 441 1708 1707
f 1706 1707 1708
f 121 1709 1711
f 443 1710 1709
f 442 1711 1710
f 1709 1710 1711
f 441 1707 1704
f 442 1710 1707
f 443 1704 1710
f 1707 1710 1704
f 35 1712 1714
f 444 1713 1712
f 446 1714 1713
f 1712 1713 1714
f 120 1715 1717
f 445 1716 1715
f 444 1717 1716
f 1715 1716 1717
f 119 1718 1720
f 446 1719 1718
f 445 1720 1719
f 1718 1719 1720
f 444 1716 1713
f 445 1719 1716
f 446 1713 1719
f 1716 1719 1713
f 34 1721 1723
f 447 1722 1721
f 449 1723 1722
f 1721 1722 1723
f 121 1724 1726
f 448 1725 1724
f 447 1726 1725
f 1724 1725 1726
f 120 1727 1729
f 449 1728 1727
f 448 1729 1728
f 1727 1728 1729
f 447 1725 1722
f 448 1728 1725
f 449 1722 1728
f 1725 1728 1722
f 119 1720 1706
f 445 1730 1720
f 442 1706 1730
f 1720 1730 1706
f 120 1729 1715
f 448 1731 1729
f 445 1715 1731
f 1729 1731 1715
f 121 1711 1724
f 442 1732 1711
f 448 1724 1732
f 1711 1732 1724
f 445 1731 1730
f 448 1732 1731
f 442 1730 1732
f 1731 1732 1730
f 33 1693 1652
f 440 1733 1693
f 426 1652 1733
f 1693 1733 1652
f 117 1734 1697
f 450 1735 1734
f 440 1697 1735
f 1734 1735 1697
f 114 1657 1737
f 426 1736 1657
f 450 1737 1736
f 1657 1736 1737
f 440 1735 1733
f 450 1736 1735
f 426 1733 1736
f 1735 1736 1733
f 34 1723 1682
f 449 1738 1723
f 435 1682 1738
f 1723 1738 1682
f 120 1739 1727
f 451 1740 1739
f 449 1727 1740
f 1739 1740 1727
f 117 1687 1742
f 435 1741 1687
f 451 1742 1741
f 1687 1741 1742
f 449 1740 1738
f 451 1741 1740
f 435 1738 1741
f 1740 1741 1738
f 35 1663 1712
f 431 1743 1663
f 444 1712 1743
f 1663 1743 1712
f 114 1744 1667
f 452 1745 1744
f 431 1667 1745
f 1744 1745 1667
f 120 1717 1747
f 444 1746 1717
f 452 1747 1746
f 1717 1746 1747
f 431 1745 1743
f 452 1746 1745
f 444 1743 1746
f 1745 1746 1743
f 117 1742 1734
f 451 1748 1742
f 450 1734 1748
f 1742 1748 1734
f 120 1747 1739
f 452 1749 1747
f 451 1739 1749
f 1747 1749 1739
f 114 1737 1744
f 450 1750 1737
f 452 1744 1750
f 1737 1750 1744
f 451 1749 1748
f 452 1750 1749
f 450 1748 1750
f 1749 1750 1748
f 4 1645 1752
f 425 1751 1645
f 454 1752 1751
f 1645 1751 1752
f 115 1753 1649
f 453 1754 1753
f 425 1649 1754
f 1753 1754 1649
f 123 1755 1757
f 454 1756 1755
f 453 1757 1756
f 1755 1756 1757
f 425 1754 1751
f 453 1756 1754
f 454 1751 1756
f 1754 1756 1751
f 35 1758 1661
f 455 1759 1758
f 429 1661 1759
f 1758 1759 1661
f 122 1760 1762
f 456 1761 1760
f 455 1762 1761
f 1760 1761 1762
f 115 1666 1764
f 429 1763 1666
f 456 1764 1763
f 1666 1763 1764
f 455 1761 1759
f 456 1763 1761
f 429 1759 1763
f 1761 1763 1759
f 37 1765 1767
f 457 1766 1765
f 459 1767 1766
f 1765 1766 1767
f 123 1768 1770
f 458 1769 1768
f 457 1770 1769
f 1768 1769 1770
f 122 1771 1773
f 459 1772 1771
f 458 1773 1772
f 1771 1772 1773
f 457 1769 1766
f 458 1772 1769
f 459 1766 1772
f 1769 1772 1766
f 115 1764 1753
f 456 1774 1764
f 453 1753 1774
f 1764 1774 1753
f 122 1773 1760
f 458 1775 1773
f 456 1760 1775
f 1773 1775 1760
f 123 1757 1768
f 453 1776 1757
f 458 1768 1776
f 1757 1776 1768
f 456 1775 1774
f 458 1776 1775
f 453 1774 1776
f 1775 1776 1774
f 5 1777 1703
f 460 1778 1777
f 441 1703 1778
f 1777 1778 1703
f 124 1779 1781
f 461 1780 1779
f 460 1781 1780
f 1779 1780 1781
f 119 1708 1783
f 441 1782 1708
f 461 1783 1782
f 1708 1782 1783
f 460 1780 1778
f 461 1782 1780
f 441 1778 1782
f 1780 1782 1778
f 36 1784 1786
f 462 1785 1784
f 464 1786 1785
f 1784 1785 1786
f 125 1787 1789
f 463 1788 1787
f 462 1789 1788
f 1787 1788 1789
f 124 1790 1792
f 464 1791 1790
f 463 1792 1791
f 1790 1791 1792
f 462 1788 1785
f 463 1791 1788
f 464 1785 1791
f 1788 1791 1785
f 35 1714 1794
f 446 1793 1714
f 466 1794 1793
f 1714 1793 1794
f 119 1795 1718
f 465 1796 1795
f 446 1718 1796
f 1795 1796 1718
f 125 1797 1799
f 466 1798 1797
f 465 1799 1798
f 1797 1798 1799
f 446 1796 1793
f 465 1798 1796
f 466 1793 1798
f 1796 1798 1793
f 124 1792 1779
f 463 1800 1792
f 461 1779 1800
f 1792 1800 1779
f 125 1799 1787
f 465 1801 1799
f 463 1787 1801
f 1799 1801 1787
f 119 1783 1795
f 461 1802 1783
f 465 1795 1802
f 1783 1802 1795
f 463 1801 1800
f 465 1802 1801
f 461 1800 1802
f 1801 1802 1800
f 3 1803 1805
f 467 1804 1803
f 469 1805 1804
f 1803 1804 1805
f 126 1806 1808
f 468 1807 1806
f 467 1808 1807
f 1806 1807 1808
f 128 1809 1811
f 469 1810 1809
f 468 1811 1810
f 1809 1810 1811
f 467 1807 1804
f 468 1810 1807
f 469 1804 1810
f 1807 1810 1804
f 37 1812 1814
f 470 1813 1812
f 472 1814 1813
f 1812 1813 1814
f 127 1815 1817
f 471 1816 1815
f 470 1817 1816
f 1815 1816 1817
f 126 1818 1820
f 472 1819 1818
f 471 1820 1819
f 1818 1819 1820
f 470 1816 1813
f 471 1819 1816
f 472 1813 1819
f 1816 1819 1813
f 36 1821 1823
f 473 1822 1821
f 475 1823 1822
f 1821 1822 1823
f 128 1824 1826
f 474 1825 1824
f 473 1826 1825
f 1824 1825 1826
f 127 1827 1829
f 475 1828 1827
f 474 1829 1828
f 1827 1828 1829
f 473 1825 1822
f 474 1828 1825
f 475 1822 1828
f 1825 1828 1822
f 126 1820 1806
f 471 1830 1820
f 468 1806 1830
f 1820 1830 1806
f 127 1829 1815
f 474 1831 1829
f 471 1815 1831
f 1829 1831 1815
f 128 1811 1824
f 468 1832 1811
f 474 1824 1832
f 1811 1832 1824
f 471 1831 1830
f 474 1832 1831
f 468 1830 1832
f 1831 1832 1830
f 35 1794 1758
f 466 1833 1794
f 455 1758 1833
f 1794 1833 1758
f 125 1834 1797
f 476 1835 1834
f 466 1797 1835
f 1834 1835 1797
f 122 1762 1837
f 455 1836 1762
f 476 1837 1836
f 1762 1836 1837
f 466 1835 1833
f 476 1836 1835
f 455 1833 1836
f 1835 1836 1833
f 36 1823 1784
f 475 1838 1823
f 462 1784 1838
f 1823 1838 1784
f 127 1839 1827
f 477 1840 1839
f 475 1827 1840
f 1839 1840 1827
f 125 1789 1842
f 462 1841 1789
f 477 1842 1841
f 1789 1841 1842
f 475 1840 1838
f 477 1841 1840
f 462 1838 1841
f 1840 1841 1838
f 37 1767 1812
f 459 1843 1767
f 470 1812 1843
f 1767 1843 1812
f 122 1844 1771
f 478 1845 1844
f 459 1771 1845
f 1844 1845 1771
f 127 1817 1847
f 470 1846 1817
f 478 1847 1846
f 1817 1846 1847
f 459 1845 1843
f 478 1846 1845
f 470 1843 1846
f 1845 1846 1843
f 125 1842 1834
f 477 1848 1842
f 476 1834 1848
f 1842 1848 1834
f 127 1847 1839
f 478 1849 1847
f 477 1839 1849
f 1847 1849 1839
f 122 1837 1844
f 476 1850 1837
f 478 1844 1850
f 1837 1850 1844
f 477 1849 1848
f 478 1850 1849
f 476 1848 1850
f 1849 1850 1848
f 4 1752 1852
f 454 1851 1752
f 480 1852 1851
f 1752 1851 1852
f 123 1853 1755
f 479 1854 1853
f 454 1755 1854
f 1853 1854 1755
f 130 1855 1857
f 480 1856 1855
f 479 1857 1856
f 1855 1856 1857
f 454 1854 1851
f 479 1856 1854
f 480 1851 1856
f 1854 1856 1851
f 37 1858 1765
f 481 1859 1858
f 457 1765 1859
f 1858 1859 1765
f 129 1860 1862
f 482 1861 1860
f 481 1862 1861
f 1860 1861 1862
f 123 1770 1864
f 457 1863 1770
f 482 1864 1863
f 1770 1863 1864
f 481 1861 1859
f 482 1863 1861
f 457 1859 1863
f 1861 1863 1859
f 39 1865 1867
f 483 1866 1865
f 485 1867 1866
f 1865 1866 1867
f 130 1868 1870
f 484 1869 1868
f 483 1870 1869
f 1868 1869 1870
f 129 1871 1873
f 485 1872 1871
f 484 1873 1872
f 1871 1872 1873
f 483 1869 1866
f 484 1872 1869
f 485 1866 1872
f 1869 1872 1866
f 123 1864 1853
f 482 1874 1864
f 479 1853 1874
f 1864 1874 1853
f 129 1873 1860
f 484 1875 1873
f 482 1860 1875
f 1873 1875 1860
f 130 1857 1868
f 479 1876 1857
f 484 1868 1876
f 1857 1876 1868
f 482 1875 1874
f 484 1876 1875
f 479 1874 1876
f 1875 1876 1874
f 3 1877 1803
f 486 1878 1877
f 467 1803 1878
f 1877 1878 1803
f 131 1879 1881
f 487 1880 1879
f 486 1881 1880
f 1879 1880 1881
f 126 1808 1883
f 467 1882 1808
f 487 1883 1882
f 1808 1882 1883
f 486 1880 1878
f 487 1882 1880
f 467 1878 1882
f 1880 1882 1878
f 38 1884 1886
f 488 1885 1884
f 490 1886 1885
f 1884 1885 1886
f 132 1887 1889
f 489 1888 1887
f 488 1889 1888
f 1887 1888 1889
f 131 1890 1892
f 490 1891 1890
f 489 1892 1891
f 1890 1891 1892
f 488 1888 1885
f 489 1891 1888
f 490 1885 1891
f 1888 1891 1885
f 37 1814 1894
f 472 1893 1814
f 492 1894 1893
f 1814 1893 1894
f 126 1895 1818
f 491 1896 1895
f 472 1818 1896
f 1895 1896 1818
f 132 1897 1899
f 492 1898 1897
f 491 1899 1898
f 1897 1898 1899
f 472 1896 1893
f 491 1898 1896
f 492 1893 1898
f 1896 1898 1893
f 131 1892 1879
f 489 1900 1892
f 487 1879 1900
f 1892 1900 1879
f 132 1899 1887
f 491 1901 1899
f 489 1887 1901
f 1899 1901 1887
f 126 1883 1895
f 487 1902 1883
f 491 1895 1902
f 1883 1902 1895
f 489 1901 1900
f 491 1902 1901
f 487 1900 1902
f 1901 1902 1900
f 7 1903 1905
f 493 1904 1903
f 495 1905 1904
f 1903 1904 1905
f 133 1906 1908
f 494 1907 1906
f 493 1908 1907
f 1906 1907 1908
f 135 1909 1911
f 495 1910 1909
f 494 1911 1910
f 1909 1910 1911
f 493 1907 1904
f 494 1910 1907
f 495 1904 1910
f 1907 1910 1904
f 39 1912 1914
f 496 1913 1912
f 498 1914 1913
f 1912 1913 1914
f 134 1915 1917
f 497 1916 1915
f 496 1917 1916
f 1915 1916 1917
f 133 1918 1920
f 498 1919 1918
f 497 1920 1919
f 1918 1919 1920
f 496 1916 1913
f 497 1919 1916
f 498 1913 1919
f 1916 1919 1913
f 38 1921 1923
f 499 1922 1921
f 501 1923 1922
f 1921 1922 1923
f 135 1924 1926
f 500 1925 1924
f 499 1926 1925
f 1924 1925 1926
f 134 1927 1929
f 501 1928 1927
f 500 1929 1928
f 1927 1928 1929
f 499 1925 1922
f 500 1928 1925
f 501 1922 1928
f 1925 1928 1922
f 133 1920 1906
f 497 1930 1920
f 494 1906 1930
f 1920 1930 1906
f 134 1929 1915
f 500 1931 1929
f 497 1915 1931
f 1929 1931 1915
f 135 1911 1924
f 494 1932 1911
f 500 1924 1932
f 1911 1932 1924
f 497 1931 1930
f 500 1932 1931
f 494 1930 1932
f 1931 1932 1930
f 37 1894 1858
f 492 1933 1894
f 481 1858 1933
f 1894 1933 1858
f 132 1934 1897
f 502 1935 1934
f 492 1897 1935
f 1934 1935 1897
f 129 1862 1937
f 481 1936 1862
f 502 1937 1936
f 1862 1936 1937
f 492 1935 1933
f 502 1936 1935
f 481 1933 1936
f 1935 1936 1933
f 38 1923 1884
f 501 1938 1923
f 488 1884 1938
f 1923 1938 1884
f 134 1939 1927
f 503 1940 1939
f 501 1927 1940
f 1939 1940 1927
f 132 1889 1942
f 488 1941 1889
f 503 1942 1941
f 1889 1941 1942
f 501 1940 1938
f 503 1941 1940
f 488 1938 1941
f 1940 1941 1938
f 39 1867 1912
f 485 1943 1867
f 496 1912 1943
f 1867 1943 1912
f 129 1944 1871
f 504 1945 1944
f 485 1871 1945
f 1944 1945 1871
f 134 1917 1947
f 496 1946 1917
f 504 1947 1946
f 1917 1946 1947
f 485 1945 1943
f 504 1946 1945
f 496 1943 1946
f 1945 1946 1943
f 132 1942 1934
f 503 1948 1942
f 502 1934 1948
f 1942 1948 1934
f 134 1947 1939
f 504 1949 1947
f 503 1939 1949
f 1947 1949 1939
f 129 1937 1944
f 502 1950 1937
f 504 1944 1950
f 1937 1950 1944
f 503 1949 1948
f 504 1950 1949
f 502 1948 1950
f 1949 1950 1948
f 4 1852 1952
f 480 1951 1852
f 506 1952 1951
f 1852 1951 1952
f 130 1953 1855
f 505 1954 1953
f 480 1855 1954
f 1953 1954 1855
f 137 1955 1957
f 506 1956 1955
f 505 1957 1956
f 1955 1956 1957
f 480 1954 1951
f 505 1956 1954
f 506 1951 1956
f 1954 1956 1951
f 39 1958 1865
f 507 1959 1958
f 483 1865 1959
f 1958 1959 1865
f 136 1960 1962
f 508 1961 1960
f 507 1962 1961
f 1960 1961 1962
f 130 1870 1964
f 483 1963 1870
f 508 1964 1963
f 1870 1963 1964
f 507 1961 1959
f 508 1963 1961
f 483 1959 1963
f 1961 1963 1959
f 41 1965 1967
f 509 1966 1965
f 511 1967 1966
f 1965 1966 1967
f 137 1968 1970
f 510 1969 1968
f 509 1970 1969
f 1968 1969 1970
f 136 1971 1973
f 511 1972 1971
f 510 1973 1972
f 1971 1972 1973
f 509 1969 1966
f 510 1972 1969
f 511 1966 1972
f 1969 1972 1966
f 130 1964 1953
f 508 1974 1964
f 505 1953 1974
f 1964 1974 1953
f 136 1973 1960
f 510 1975 1973
f 508 1960 1975
f 1973 1975 1960
f 137 1957 1968
f 505 1976 1957
f 510 1968 1976
f 1957 1976 1968
f 508 1975 1974
f 510 1976 1975
f 505 1974 1976
f 1975 1976 1974
f 7 1977 1903
f 512 1978 1977
f 493 1903 1978
f 1977 1978 1903
f 138 1979 1981
f 513 1980 1979
f 512 1981 1980
f 1979 1980 1981
f 133 1908 1983
f 493 1982 1908
f 513 1983 1982
f 1908 1982 1983
f 512 1980 1978
f 513 1982 1980
f 493 1978 1982
f 1980 1982 1978
f 40 1984 1986
f 514 1985 1984
f 516 1986 1985
f 1984 1985 1986
f 139 1987 1989
f 515 1988 1987
f 514 1989 1988
f 1987 1988 1989
f 138 1990 1992
f 516 1991 1990
f 515 1992 1991
f 1990 1991 1992
f 514 1988 1985
f 515 1991 1988
f 516 1985 1991
f 1988 1991 1985
f 39 1914 1994
f 498 1993 1914
f 518 1994 1993
f 1914 1993 1994
f 133 1995 1918
f 517 1996 1995
f 498 1918 1996
f 1995 1996 1918
f 139 1997 1999
f 518 1998 1997
f 517 1999 1998
f 1997 1998 1999
f 498 1996 1993
f 517 1998 1996
f 518 1993 1998
f 1996 1998 1993
f 138 1992 1979
f 515 2000 1992
f 513 1979 2000
f 1992 2000 1979
f 139 1999 1987
f 517 2001 1999
f 515 1987 2001
f 1999 2001 1987
f 133 1983 1995
f 513 2002 1983
f 517 1995 2002
f 1983 2002 1995
f 515 2001 2000
f 517 2002 2001
f 513 2000 2002
f 2001 2002 2000
f 9 2003 2005
f 519 2004 2003
f 521 2005 2004
f 2003 2004 2005
f 140 2006 2008
f 520 2007 2006
f 519 2008 2007
f 2006 2007 2008
f 142 2009 2011
f 521 2010 2009
f 520 2011 2010
f 2009 2010 2011
f 519 2007 2004
f 520 2010 2007
f 521 2004 2010
f 2007 2010 2004
f 41 2012 2014
f 522 2013 2012
f 524 2014 2013
f 2012 2013 2014
f 141 2015 2017
f 523 2016 2015
f 522 2017 2016
f 2015 2016 2017
f 140 2018 2020
f 524 2019 2018
f 523 2020 2019
f 2018 2019 2020
f 522 2016 2013
f 523 2019 2016
f 524 2013 2019
f 2016 2019 2013
f 40 2021 2023
f 525 2022 2021
f 527 2023 2022
f 2021 2022 2023
f 142 2024 2026
f 526 2025 2024
f 525 2026 2025
f 2024 2025 2026
f 141 2027 2029
f 527 2028 2027
f 526 2029 2028
f 2027 2028 2029
f 525 2025 2022
f 526 2028 2025
f 527 2022 2028
f 2025 2028 2022
f 140 2020 2006
f 523 2030 2020
f 520 2006 2030
f 2020 2030 2006
f 141 2029 2015
f 526 2031 2029
f 523 2015 2031
f 2029 2031 2015
f 142 2011 2024
f 520 2032 2011
f 526 2024 2032
f 2011 2032 2024
f 523 2031 2030
f 526 2032 2031
f 520 2030 2032
f 2031 2032 2030
f 39 1994 1958
f 518 2033 1994
f 507 1958 2033
f 1994 2033 1958
f 139 2034 1997
f 528 2035 2034
f 518 1997 2035
f 2034 2035 1997
f 136 1962 2037
f 507 2036 1962
f 528 2037 2036
f 1962 2036 2037
f 518 2035 2033
f 528 2036 2035
f 507 2033 2036
f 2035 2036 2033
f 40 2023 1984
f 527 2038 2023
f 514 1984 2038
f 2023 2038 1984
f 141 2039 2027
f 529 2040 2039
f 527 2027 2040
f 2039 2040 2027
f 139 1989 2042
f 514 2041 1989
f 529 2042 2041
f 1989 2041 2042
f 527 2040 2038
f 529 2041 2040
f 514 2038 2041
f 2040 2041 2038
f 41 1967 2012
f 511 2043 1967
f 522 2012 2043
f 1967 2043 2012
f 136 2044 1971
f 530 2045 2044
f 511 1971 2045
f 2044 2045 1971
f 141 2017 2047
f 522 2046 2017
f 530 2047 2046
f 2017 2046 2047
f 511 2045 2043
f 530 2046 2045
f 522 2043 2046
f 2045 2046 2043
f 139 2042 2034
f 529 2048 2042
f 528 2034 2048
f 2042 2048 2034
f 141 2047 2039
f 530 2049 2047
f 529 2039 2049
f 2047 2049 2039
f 136 2037 2044
f 528 2050 2037
f 530 2044 2050
f 2037 2050 2044
f 529 2049 2048
f 530 2050 2049
f 528 2048 2050
f 2049 2050 2048
f 4 1952 1643
f 506 2051 1952
f 423 1643 2051
f 1952 2051 1643
f 137 2052 1955
f 531 2053 2052
f 506 1955 2053
f 2052 2053 1955
f 113 1648 2055
f 423 2054 1648
f 531 2055 2054
f 1648 2054 2055
f 506 2053 2051
f 531 2054 2053
f 423 2051 2054
f 2053 2054 2051
f 41 2056 1965
f 532 2057 2056
f 509 1965 2057
f 2056 2057 1965
f 143 2058 2060
f 533 2059 2058
f 532 2060 2059
f 2058 2059 2060
f 137 1970 2062
f 509 2061 1970
f 533 2062 2061
f 1970 2061 2062
f 532 2059 2057
f 533 2061 2059
f 509 2057 2061
f 2059 2061 2057
f 33 1654 2064
f 428 2063 1654
f 535 2064 2063
f 1654 2063 2064
f 113 2065 1658
f 534 2066 2065
f 428 1658 2066
f 2065 2066 1658
f 143 2067 2069
f 535 2068 2067
f 534 2069 2068
f 2067 2068 2069
f 428 2066 2063
f 534 2068 2066
f 535 2063 2068
f 2066 2068 2063
f 137 2062 2052
f 533 2070 2062
f 531 2052 2070
f 2062 2070 2052
f 143 2069 2058
f 534 2071 2069
f 533 2058 2071
f 2069 2071 2058
f 113 2055 2065
f 531 2072 2055
f 534 2065 2072
f 2055 2072 2065
f 533 2071 2070
f 534 2072 2071
f 531 2070 2072
f 2071 2072 2070
f 9 2073 2003
f 536 2074 2073
f 519 2003 2074
f 2073 2074 2003
f 144 2075 2077
f 537 2076 2075
f 536 2077 2076
f 2075 2076 2077
f 140 2008 2079
f 519 2078 2008
f 537 2079 2078
f 2008 2078 2079
f 536 2076 2074
f 537 2078 2076
f 519 2074 2078
f 2076 2078 2074
f 42 2080 2082
f 538 2081 2080
f 540 2082 2081
f 2080 2081 2082
f 145 2083 2085
f 539 2084 2083
f 538 2085 2084
f 2083 2084 2085
f 144 2086 2088
f 540 2087 2086
f 539 2088 2087
f 2086 2087 2088
f 538 2084 2081
f 539 2087 2084
f 540 2081 2087
f 2084 2087 2081
f 41 2014 2090
f 524 2089 2014
f 542 2090 2089
f 2014 2089 2090
f 140 2091 2018
f 541 2092 2091
f 524 2018 2092
f 2091 2092 2018
f 145 2093 2095
f 542 2094 2093
f 541 2095 2094
f 2093 2094 2095
f 524 2092 2089
f 541 2094 2092
f 542 2089 2094
f 2092 2094 2089
f 144 2088 2075
f 539 2096 2088
f 537 2075 2096
f 2088 2096 2075
f 145 2095 2083
f 541 2097 2095
f 539 2083 2097
f 2095 2097 2083
f 140 2079 2091
f 537 2098 2079
f 541 2091 2098
f 2079 2098 2091
f 539 2097 2096
f 541 2098 2097
f 537 2096 2098
f 2097 2098 2096
f 10 1675 2100
f 434 2099 1675
f 544 2100 2099
f 1675 2099 2100
f 118 2101 1679
f 543 2102 2101
f 434 1679 2102
f 2101 2102 1679
f 147 2103 2105
f 544 2104 2103
f 543 2105 2104
f 2103 2104 2105
f 434 2102 2099
f 543 2104 2102
f 544 2099 2104
f 2102 2104 2099
f 33 2106 1691
f 545 2107 2106
f 438 1691 2107
f 2106 2107 1691
f 146 2108 2110
f 546 2109 2108
f 545 2110 2109
f 2108 2109 2110
f 118 1696 2112
f 438 2111 1696
f 546 2112 2111
f 1696 2111 2112
f 545 2109 2107
f 546 2111 2109
f 438 2107 2111
f 2109 2111 2107
f 42 2113 2115
f 547 2114 2113
f 549 2115 2114
f 2113 2114 2115
f 147 2116 2118
f 548 2117 2116
f 547 2118 2117
f 2116 2117 2118
f 146 2119 2121
f 549 2120 2119
f 548 2121 2120
f 2119 2120 2121
f 547 2117 2114
f 548 2120 2117
f 549 2114 2120
f 2117 2120 2114
f 118 2112 2101
f 546 2122 2112
f 543 2101 2122
f 2112 2122 2101
f 146 2121 2108
f 548 2123 2121
f 546 2108 2123
f 2121 2123 2108
f 147 2105 2116
f 543 2124 2105
f 548 2116 2124
f 2105 2124 2116
f 546 2123 2122
f 548 2124 2123
f 543 2122 2124
f 2123 2124 2122
f 41 2090 2056
f 542 2125 2090
f 532 2056 2125
f 2090 2125 2056
f 145 2126 2093
f 550 2127 2126
f 542 2093 2127
f 2126 2127 2093
f 143 2060 2129
f 532 2128 2060
f 550 2129 2128
f 2060 2128 2129
f 542 2127 2125
f 550 2128 2127
f 532 2125 2128
f 2127 2128 2125
f 42 2115 2080
f 549 2130 2115
f 538 2080 2130
f 2115 2130 2080
f 146 2131 2119
f 551 2132 2131
f 549 2119 2132
f 2131 2132 2119
f 145 2085 2134
f 538 2133 2085
f 551 2134 2133
f 2085 2133 2134
f 549 2132 2130
f 551 2133 2132
f 538 2130 2133
f 2132 2133 2130
f 33 2064 2106
f 535 2135 2064
f 545 2106 2135
f 2064 2135 2106
f 143 2136 2067
f 552 2137 2136
f 535 2067 2137
f 2136 2137 2067
f 146 2110 2139
f 545 2138 2110
f 552 2139 2138
f 2110 2138 2139
f 535 2137 2135
f 552 2138 2137
f 545 2135 2138
f 2137 2138 2135
f 145 2134 2126
f 551 2140 2134
f 550 2126 2140
f 2134 2140 2126
f 146 2139 2131
f 552 2141 2139
f 551 2131 2141
f 2139 2141 2131
f 143 2129 2136
f 550 2142 2129
f 552 2136 2142
f 2129 2142 2136
f 551 2141 2140
f 552 2142 2141
f 550 2140 2142
f 2141 2142 2140
f 5 1705 1295
f 443 2143 1705
f 333 1295 2143
f 1705 2143 1295
f 121 2144 1709
f 553 2145 2144
f 443 1709 2145
f 2144 2145 1709
f 89 1300 2147
f 333 2146 1300
f 553 2147 2146
f 1300 2146 2147
f 443 2145 2143
f 553 2146 2145
f 333 2143 2146
f 2145 2146 2143
f 34 2148 1721
f 554 2149 2148
f 447 1721 2149
f 2148 2149 1721
f 148 2150 2152
f 555 2151 2150
f 554 2152 2151
f 2150 2151 2152
f 121 1726 2154
f 447 2153 1726
f 555 2154 2153
f 1726 2153 2154
f 554 2151 2149
f 555 2153 2151
f 447 2149 2153
f 2151 2153 2149
f 26 1306 2156
f 338 2155 1306
f 557 2156 2155
f 1306 2155 2156
f 89 2157 1310
f 556 2158 2157
f 338 1310 2158
f 2157 2158 1310
f 148 2159 2161
f 557 2160 2159
f 556 2161 2160
f 2159 2160 2161
f 338 2158 2155
f 556 2160 2158
f 557 2155 2160
f 2158 2160 2155
f 121 2154 2144
f 555 2162 2154
f 553 2144 2162
f 2154 2162 2144
f 148 2161 2150
f 556 2163 2161
f 555 2150 2163
f 2161 2163 2150
f 89 2147 2157
f 553 2164 2147
f 556 2157 2164
f 2147 2164 2157
f 555 2163 2162
f 556 2164 2163
f 553 2162 2164
f 2163 2164 2162
f 10 1197 1673
f 309 2165 1197
f 432 1673 2165
f 1197 2165 1673
f 84 2166 1201
f 558 2167 2166
f 309 1201 2167
f 2166 2167 1201
f 116 1678 2169
f 432 2168 1678
f 558 2169 2168
f 1678 2168 2169
f 309 2167 2165
f 558 2168 2167
f 432 2165 2168
f 2167 2168 2165
f 23 2170 1213
f 559 2171 2170
f 313 1213 2171
f 2170 2171 1213
f 149 2172 2174
f 560 2173 2172
f 559 2174 2173
f 2172 2173 2174
f 84 1218 2176
f 313 2175 1218
f 560 2176 2175
f 1218 2175 2176
f 559 2173 2171
f 560 2175 2173
f 313 2171 2175
f 2173 2175 2171
f 34 1684 2178
f 437 2177 1684
f 562 2178 2177
f 1684 2177 2178
f 116 2179 1688
f 561 2180 2179
f 437 1688 2180
f 2179 2180 1688
f 149 2181 2183
f 562 2182 2181
f 561 2183 2182
f 2181 2182 2183
f 437 2180 2177
f 561 2182 2180
f 562 2177 2182
f 2180 2182 2177
f 84 2176 2166
f 560 2184 2176
f 558 2166 2184
f 2176 2184 2166
f 149 2183 2172
f 561 2185 2183
f 560 2172 2185
f 2183 2185 2172
f 116 2169 2179
f 558 2186 2169
f 561 2179 2186
f 2169 2186 2179
f 560 2185 2184
f 561 2186 2185
f 558 2184 2186
f 2185 2186 2184
f 6 1244 1169
f 320 2187 1244
f 300 1169 2187
f 1244 2187 1169
f 86 2188 1247
f 563 2189 2188
f 320 1247 2189
f 2188 2189 1247
f 80 1173 2191
f 300 2190 1173
f 563 2191 2190
f 1173 2190 2191
f 320 2189 2187
f 563 2190 2189
f 300 2187 2190
f 2189 2190 2187
f 26 2192 1257
f 564 2193 2192
f 323 1257 2193
f 2192 2193 1257
f 150 2194 2196
f 565 2195 2194
f 564 2196 2195
f 2194 2195 2196
f 86 1262 2198
f 323 2197 1262
f 565 2198 2197
f 1262 2197 2198
f 564 2195 2193
f 565 2197 2195
f 323 2193 2197
f 2195 2197 2193
f 23 1178 2200
f 304 2199 1178
f 567 2200 2199
f 1178 2199 2200
f 80 2201 1182
f 566 2202 2201
f 304 1182 2202
f 2201 2202 1182
f 150 2203 2205
f 567 2204 2203
f 566 2205 2204
f 2203 2204 2205
f 304 2202 2199
f 566 2204 2202
f 567 2199 2204
f 2202 2204 2199
f 86 2198 2188
f 565 2206 2198
f 563 2188 2206
f 2198 2206 2188
f 150 2205 2194
f 566 2207 2205
f 565 2194 2207
f 2205 2207 2194
f 80 2191 2201
f 563 2208 2191
f 566 2201 2208
f 2191 2208 2201
f 565 2207 2206
f 566 2208 2207
f 563 2206 2208
f 2207 2208 2206
f 34 2178 2148
f 562 2209 2178
f 554 2148 2209
f 2178 2209 2148
f 149 2210 2181
f 568 2211 2210
f 562 2181 2211
f 2210 2211 2181
f 148 2152 2213
f 554 2212 2152
f 568 2213 2212
f 2152 2212 2213
f 562 2211 2209
f 568 2212 2211
f 554 2209 2212
f 2211 2212 2209
f 23 2200 2170
f 567 2214 2200
f 559 2170 2214
f 2200 2214 2170
f 150 2215 2203
f 569 2216 2215
f 567 2203 2216
f 2215 2216 2203
f 149 2174 2218
f 559 2217 2174
f 569 2218 2217
f 2174 2217 2218
f 567 2216 2214
f 569 2217 2216
f 559 2214 2217
f 2216 2217 2214
f 26 2156 2192
f 557 2219 2156
f 564 2192 2219
f 2156 2219 2192
f 148 2220 2159
f 570 2221 2220
f 557 2159 2221
f 2220 2221 2159
f 150 2196 2223
f 564 2222 2196
f 570 2223 2222
f 2196 2222 2223
f 557 2221 2219
f 570 2222 2221
f 564 2219 2222
f 2221 2222 2219
f 149 2218 2210
f 569 2224 2218
f 568 2210 2224
f 2218 2224 2210
f 150 2223 2215
f 570 2225 2223
f 569 2215 2225
f 2223 2225 2215
f 148 2213 2220
f 568 2226 2213
f 570 2220 2226
f 2213 2226 2220
f 569 2225 2224
f 570 2226 2225
f 568 2224 2226
f 2225 2226 2224
f 3 1805 1395
f 469 2227 1805
f 359 1395 2227
f 1805 2227 1395
f 128 2228 1809
f 571 2229 2228
f 469 1809 2229
f 2228 2229 1809
f 96 1400 2231
f 359 2230 1400
f 571 2231 2230
f 1400 2230 2231
f 469 2229 2227
f 571 2230 2229
f 359 2227 2230
f 2229 2230 2227
f 36 2232 1821
f 572 2233 2232
f 473 1821 2233
f 2232 2233 1821
f 151 2234 2236
f 573 2235 2234
f 572 2236 2235
f 2234 2235 2236
f 128 1826 2238
f 473 2237 1826
f 573 2238 2237
f 1826 2237 2238
f 572 2235 2233
f 573 2237 2235
f 473 2233 2237
f 2235 2237 2233
f 28 1406 2240
f 364 2239 1406
f 575 2240 2239
f 1406 2239 2240
f 96 2241 1410
f 574 2242 2241
f 364 1410 2242
f 2241 2242 1410
f 151 2243 2245
f 575 2244 2243
f 574 2245 2244
f 2243 2244 2245
f 364 2242 2239
f 574 2244 2242
f 575 2239 2244
f 2242 2244 2239
f 128 2238 2228
f 573 2246 2238
f 571 2228 2246
f 2238 2246 2228
f 151 2245 2234
f 574 2247 2245
f 573 2234 2247
f 2245 2247 2234
f 96 2231 2241
f 571 2248 2231
f 574 2241 2248
f 2231 2248 2241
f 573 2247 2246
f 574 2248 2247
f 571 2246 2248
f 2247 2248 2246
f 5 1297 1777
f 335 2249 1297
f 460 1777 2249
f 1297 2249 1777
f 91 2250 1301
f 576 2251 2250
f 335 1301 2251
f 2250 2251 1301
f 124 1781 2253
f 460 2252 1781
f 576 2253 2252
f 1781 2252 2253
f 335 2251 2249
f 576 2252 2251
f 460 2249 2252
f 2251 2252 2249
f 25 2254 1313
f 577 2255 2254
f 339 1313 2255
f 2254 2255 1313
f 152 2256 2258
f 578 2257 2256
f 577 2258 2257
f 2256 2257 2258
f 91 1318 2260
f 339 2259 1318
f 578 2260 2259
f 1318 2259 2260
f 577 2257 2255
f 578 2259 2257
f 339 2255 2259
f 2257 2259 2255
f 36 1786 2262
f 464 2261 1786
f 580 2262 2261
f 1786 2261 2262
f 124 2263 1790
f 579 2264 2263
f 464 1790 2264
f 2263 2264 1790
f 152 2265 2267
f 580 2266 2265
f 579 2267 2266
f 2265 2266 2267
f 464 2264 2261
f 579 2266 2264
f 580 2261 2266
f 2264 2266 2261
f 91 2260 2250
f 578 2268 2260
f 576 2250 2268
f 2260 2268 2250
f 152 2267 2256
f 579 2269 2267
f 578 2256 2269
f 2267 2269 2256
f 124 2253 2263
f 576 2270 2253
f 579 2263 2270
f 2253 2270 2263
f 578 2269 2268
f 579 2270 2269
f 576 2268 2270
f 2269 2270 2268
f 12 1344 1269
f 346 2271 1344
f 326 1269 2271
f 1344 2271 1269
f 93 2272 1347
f 581 2273 2272
f 346 1347 2273
f 2272 2273 1347
f 87 1273 2275
f 326 2274 1273
f 581 2275 2274
f 1273 2274 2275
f 346 2273 2271
f 581 2274 2273
f 326 2271 2274
f 2273 2274 2271
f 28 2276 1357
f 582 2277 2276
f 349 1357 2277
f 2276 2277 1357
f 153 2278 2280
f 583 2279 2278
f 582 2280 2279
f 2278 2279 2280
f 93 1362 2282
f 349 2281 1362
f 583 2282 2281
f 1362 2281 2282
f 582 2279 2277
f 583 2281 2279
f 349 2277 2281
f 2279 2281 2277
f 25 1278 2284
f 330 2283 1278
f 585 2284 2283
f 1278 2283 2284
f 87 2285 1282
f 584 2286 2285
f 330 1282 2286
f 2285 2286 1282
f 153 2287 2289
f 585 2288 2287
f 584 2289 2288
f 2287 2288 2289
f 330 2286 2283
f 584 2288 2286
f 585 2283 2288
f 2286 2288 2283
f 93 2282 2272
f 583 2290 2282
f 581 2272 2290
f 2282 2290 2272
f 153 2289 2278
f 584 2291 2289
f 583 2278 2291
f 2289 2291 2278
f 87 2275 2285
f 581 2292 2275
f 584 2285 2292
f 2275 2292 2285
f 583 2291 2290
f 584 2292 2291
f 581 2290 2292
f 2291 2292 2290
f 36 2262 2232
f 580 2293 2262
f 572 2232 2293
f 2262 2293 2232
f 152 2294 2265
f 586 2295 2294
f 580 2265 2295
f 2294 2295 2265
f 151 2236 2297
f 572 2296 2236
f 586 2297 2296
f 2236 2296 2297
f 580 2295 2293
f 586 2296 2295
f 572 2293 2296
f 2295 2296 2293
f 25 2284 2254
f 585 2298 2284
f 577 2254 2298
f 2284 2298 2254
f 153 2299 2287
f 587 2300 2299
f 585 2287 2300
f 2299 2300 2287
f 152 2258 2302
f 577 2301 2258
f 587 2302 2301
f 2258 2301 2302
f 585 2300 2298
f 587 2301 2300
f 577 2298 2301
f 2300 2301 2298
f 28 2240 2276
f 575 2303 2240
f 582 2276 2303
f 2240 2303 2276
f 151 2304 2243
f 588 2305 2304
f 575 2243 2305
f 2304 2305 2243
f 153 2280 2307
f 582 2306 2280
f 588 2307 2306
f 2280 2306 2307
f 575 2305 2303
f 588 2306 2305
f 582 2303 2306
f 2305 2306 2303
f 152 2302 2294
f 587 2308 2302
f 586 2294 2308
f 2302 2308 2294
f 153 2307 2299
f 588 2309 2307
f 587 2299 2309
f 2307 2309 2299
f 151 2297 2304
f 586 2310 2297
f 588 2304 2310
f 2297 2310 2304
f 587 2309 2308
f 588 2310 2309
f 586 2308 2310
f 2309 2310 2308
f 7 1905 1495
f 495 2311 1905
f 385 1495 2311
f 1905 2311 1495
f 135 2312 1909
f 589 2313 2312
f 495 1909 2313
f 2312 2313 1909
f 103 1500 2315
f 385 2314 1500
f 589 2315 2314
f 1500 2314 2315
f 495 2313 2311
f 589 2314 2313
f 385 2311 2314
f 2313 2314 2311
f 38 2316 1921
f 590 2317 2316
f 499 1921 2317
f 2316 2317 1921
f 154 2318 2320
f 591 2319 2318
f 590 2320 2319
f 2318 2319 2320
f 135 1926 2322
f 499 2321 1926
f 591 2322 2321
f 1926 2321 2322
f 590 2319 2317
f 591 2321 2319
f 499 2317 2321
f 2319 2321 2317
f 30 1506 2324
f 390 2323 1506
f 593 2324 2323
f 1506 2323 2324
f 103 2325 1510
f 592 2326 2325
f 390 1510 2326
f 2325 2326 1510
f 154 2327 2329
f 593 2328 2327
f 592 2329 2328
f 2327 2328 2329
f 390 2326 2323
f 592 2328 2326
f 593 2323 2328
f 2326 2328 2323
f 135 2322 2312
f 591 2330 2322
f 589 2312 2330
f 2322 2330 2312
f 154 2329 2318
f 592 2331 2329
f 591 2318 2331
f 2329 2331 2318
f 103 2315 2325
f 589 2332 2315
f 592 2325 2332
f 2315 2332 2325
f 591 2331 2330
f 592 2332 2331
f 589 2330 2332
f 2331 2332 2330
f 3 1397 1877
f 361 2333 1397
f 486 1877 2333
f 1397 2333 1877
f 98 2334 1401
f 594 2335 2334
f 361 1401 2335
f 2334 2335 1401
f 131 1881 2337
f 486 2336 1881
f 594 2337 2336
f 1881 2336 2337
f 361 2335 2333
f 594 2336 2335
f 486 2333 2336
f 2335 2336 2333
f 27 2338 1413
f 595 2339 2338
f 365 1413 2339
f 2338 2339 1413
f 155 2340 2342
f 596 2341 2340
f 595 2342 2341
f 2340 2341 2342
f 98 1418 2344
f 365 2343 1418
f 596 2344 2343
f 1418 2343 2344
f 595 2341 2339
f 596 2343 2341
f 365 2339 2343
f 2341 2343 2339
f 38 1886 2346
f 490 2345 1886
f 598 2346 2345
f 1886 2345 2346
f 131 2347 1890
f 597 2348 2347
f 490 1890 2348
f 2347 2348 1890
f 155 2349 2351
f 598 2350 2349
f 597 2351 2350
f 2349 2350 2351
f 490 2348 2345
f 597 2350 2348
f 598 2345 2350
f 2348 2350 2345
f 98 2344 2334
f 596 2352 2344
f 594 2334 2352
f 2344 2352 2334
f 155 2351 2340
f 597 2353 2351
f 596 2340 2353
f 2351 2353 2340
f 131 2337 2347
f 594 2354 2337
f 597 2347 2354
f 2337 2354 2347
f 596 2353 2352
f 597 2354 2353
f 594 2352 2354
f 2353 2354 2352
f 11 1444 1369
f 372 2355 1444
f 352 1369 2355
f 1444 2355 1369
f 100 2356 1447
f 599 2357 2356
f 372 1447 2357
f 2356 2357 1447
f 94 1373 2359
f 352 2358 1373
f 599 2359 2358
f 1373 2358 2359
f 372 2357 2355
f 599 2358 2357
f 352 2355 2358
f 2357 2358 2355
f 30 2360 1457
f 600 2361 2360
f 375 1457 2361
f 2360 2361 1457
f 156 2362 2364
f 601 2363 2362
f 600 2364 2363
f 2362 2363 2364
f 100 1462 2366
f 375 2365 1462
f 601 2366 2365
f 1462 2365 2366
f 600 2363 2361
f 601 2365 2363
f 375 2361 2365
f 2363 2365 2361
f 27 1378 2368
f 356 2367 1378
f 603 2368 2367
f 1378 2367 2368
f 94 2369 1382
f 602 2370 2369
f 356 1382 2370
f 2369 2370 1382
f 156 2371 2373
f 603 2372 2371
f 602 2373 2372
f 2371 2372 2373
f 356 2370 2367
f 602 2372 2370
f 603 2367 2372
f 2370 2372 2367
f 100 2366 2356
f 601 2374 2366
f 599 2356 2374
f 2366 2374 2356
f 156 2373 2362
f 602 2375 2373
f 601 2362 2375
f 2373 2375 2362
f 94 2359 2369
f 599 2376 2359
f 602 2369 2376
f 2359 2376 2369
f 601 2375 2374
f 602 2376 2375
f 599 2374 2376
f 2375 2376 2374
f 38 2346 2316
f 598 2377 2346
f 590 2316 2377
f 2346 2377 2316
f 155 2378 2349
f 604 2379 2378
f 598 2349 2379
f 2378 2379 2349
f 154 2320 2381
f 590 2380 2320
f 604 2381 2380
f 2320 2380 2381
f 598 2379 2377
f 604 2380 2379
f 590 2377 2380
f 2379 2380 2377
f 27 2368 2338
f 603 2382 2368
f 595 2338 2382
f 2368 2382 2338
f 156 2383 2371
f 605 2384 2383
f 603 2371 2384
f 2383 2384 2371
f 155 2342 2386
f 595 2385 2342
f 605 2386 2385
f 2342 2385 2386
f 603 2384 2382
f 605 2385 2384
f 595 2382 2385
f 2384 2385 2382
f 30 2324 2360
f 593 2387 2324
f 600 2360 2387
f 2324 2387 2360
f 154 2388 2327
f 606 2389 2388
f 593 2327 2389
f 2388 2389 2327
f 156 2364 2391
f 600 2390 2364
f 606 2391 2390
f 2364 2390 2391
f 593 2389 2387
f 606 2390 2389
f 600 2387 2390
f 2389 2390 2387
f 155 2386 2378
f 605 2392 2386
f 604 2378 2392
f 2386 2392 2378
f 156 2391 2383
f 606 2393 2391
f 605 2383 2393
f 2391 2393 2383
f 154 2381 2388
f 604 2394 2381
f 606 2388 2394
f 2381 2394 2388
f 605 2393 2392
f 606 2394 2393
f 604 2392 2394
f 2393 2394 2392
f 9 2005 1595
f 521 2395 2005
f 411 1595 2395
f 2005 2395 1595
f 142 2396 2009
f 607 2397 2396
f 521 2009 2397
f 2396 2397 2009
f 110 1600 2399
f 411 2398 1600
f 607 2399 2398
f 1600 2398 2399
f 521 2397 2395
f 607 2398 2397
f 411 2395 2398
f 2397 2398 2395
f 40 2400 2021
f 608 2401 2400
f 525 2021 2401
f 2400 2401 2021
f 157 2402 2404
f 609 2403 2402
f 608 2404 2403
f 2402 2403 2404
f 142 2026 2406
f 525 2405 2026
f 609 2406 2405
f 2026 2405 2406
f 608 2403 2401
f 609 2405 2403
f 525 2401 2405
f 2403 2405 2401
f 32 1606 2408
f 416 2407 1606
f 611 2408 2407
f 1606 2407 2408
f 110 2409 1610
f 610 2410 2409
f 416 1610 2410
f 2409 2410 1610
f 157 2411 2413
f 611 2412 2411
f 610 2413 2412
f 2411 2412 2413
f 416 2410 2407
f 610 2412 2410
f 611 2407 2412
f 2410 2412 2407
f 142 2406 2396
f 609 2414 2406
f 607 2396 2414
f 2406 2414 2396
f 157 2413 2402
f 610 2415 2413
f 609 2402 2415
f 2413 2415 2402
f 110 2399 2409
f 607 2416 2399
f 610 2409 2416
f 2399 2416 2409
f 609 2415 2414
f 610 2416 2415
f 607 2414 2416
f 2415 2416 2414
f 7 1497 1977
f 387 2417 1497
f 512 1977 2417
f 1497 2417 1977
f 105 2418 1501
f 612 2419 2418
f 387 1501 2419
f 2418 2419 1501
f 138 1981 2421
f 512 2420 1981
f 612 2421 2420
f 1981 2420 2421
f 387 2419 2417
f 612 2420 2419
f 512 2417 2420
f 2419 2420 2417
f 29 2422 1513
f 613 2423 2422
f 391 1513 2423
f 2422 2423 1513
f 158 2424 2426
f 614 2425 2424
f 613 2426 2425
f 2424 2425 2426
f 105 1518 2428
f 391 2427 1518
f 614 2428 2427
f 1518 2427 2428
f 613 2425 2423
f 614 2427 2425
f 391 2423 2427
f 2425 2427 2423
f 40 1986 2430
f 516 2429 1986
f 616 2430 2429
f 1986 2429 2430
f 138 2431 1990
f 615 2432 2431
f 516 1990 2432
f 2431 2432 1990
f 158 2433 2435
f 616 2434 2433
f 615 2435 2434
f 2433 2434 2435
f 516 2432 2429
f 615 2434 2432
f 616 2429 2434
f 2432 2434 2429
f 105 2428 2418
f 614 2436 2428
f 612 2418 2436
f 2428 2436 2418
f 158 2435 2424
f 615 2437 2435
f 614 2424 2437
f 2435 2437 2424
f 138 2421 2431
f 612 2438 2421
f 615 2431 2438
f 2421 2438 2431
f 614 2437 2436
f 615 2438 2437
f 612 2436 2438
f 2437 2438 2436
f 8 1544 1469
f 398 2439 1544
f 378 1469 2439
f 1544 2439 1469
f 107 2440 1547
f 617 2441 2440
f 398 1547 2441
f 2440 2441 1547
f 101 1473 2443
f 378 2442 1473
f 617 2443 2442
f 1473 2442 2443
f 398 2441 2439
f 617 2442 2441
f 378 2439 2442
f 2441 2442 2439
f 32 2444 1557
f 618 2445 2444
f 401 1557 2445
f 2444 2445 1557
f 159 2446 2448
f 619 2447 2446
f 618 2448 2447
f 2446 2447 2448
f 107 1562 2450
f 401 2449 1562
f 619 2450 2449
f 1562 2449 2450
f 618 2447 2445
f 619 2449 2447
f 401 2445 2449
f 2447 2449 2445
f 29 1478 2452
f 382 2451 1478
f 621 2452 2451
f 1478 2451 2452
f 101 2453 1482
f 620 2454 2453
f 382 1482 2454
f 2453 2454 1482
f 159 2455 2457
f 621 2456 2455
f 620 2457 2456
f 2455 2456 2457
f 382 2454 2451
f 620 2456 2454
f 621 2451 2456
f 2454 2456 2451
f 107 2450 2440
f 619 2458 2450
f 617 2440 2458
f 2450 2458 2440
f 159 2457 2446
f 620 2459 2457
f 619 2446 2459
f 2457 2459 2446
f 101 2443 2453
f 617 2460 2443
f 620 2453 2460
f 2443 2460 2453
f 619 2459 2458
f 620 2460 2459
f 617 2458 2460
f 2459 2460 2458
f 40 2430 2400
f 616 2461 2430
f 608 2400 2461
f 2430 2461 2400
f 158 2462 2433
f 622 2463 2462
f 616 2433 2463
f 2462 2463 2433
f 157 2404 2465
f 608 2464 2404
f 622 2465 2464
f 2404 2464 2465
f 616 2463 2461
f 622 2464 2463
f 608 2461 2464
f 2463 2464 2461
f 29 2452 2422
f 621 2466 2452
f 613 2422 2466
f 2452 2466 2422
f 159 2467 2455
f 623 2468 2467
f 621 2455 2468
f 2467 2468 2455
f 158 2426 2470
f 613 2469 2426
f 623 2470 2469
f 2426 2469 2470
f 621 2468 2466
f 623 2469 2468
f 613 2466 2469
f 2468 2469 2466
f 32 2408 2444
f 611 2471 2408
f 618 2444 2471
f 2408 2471 2444
f 157 2472 2411
f 624 2473 2472
f 611 2411 2473
f 2472 2473 2411
f 159 2448 2475
f 618 2474 2448
f 624 2475 2474
f 2448 2474 2475
f 611 2473 2471
f 624 2474 2473
f 618 2471 2474
f 2473 2474 2471
f 158 2470 2462
f 623 2476 2470
f 622 2462 2476
f 2470 2476 2462
f 159 2475 2467
f 624 2477 2475
f 623 2467 2477
f 2475 2477 2467
f 157 2465 2472
f 622 2478 2465
f 624 2472 2478
f 2465 2478 2472
f 623 2477 2476
f 624 2478 2477
f 622 2476 2478
f 2477 2478 2476
f 10 2100 1195
f 544 2479 2100
f 307 1195 2479
f 2100 2479 1195
f 147 2480 2103
f 625 2481 2480
f 544 2103 2481
f 2480 2481 2103
f 82 1200 2483
f 307 2482 1200
f 625 2483 2482
f 1200 2482 2483
f 544 2481 2479
f 625 2482 2481
f 307 2479 2482
f 2481 2482 2479
f 42 2484 2113
f 626 2485 2484
f 547 2113 2485
f 2484 2485 2113
f 160 2486 2488
f 627 2487 2486
f 626 2488 2487
f 2486 2487 2488
f 147 2118 2490
f 547 2489 2118
f 627 2490 2489
f 2118 2489 2490
f 626 2487 2485
f 627 2489 2487
f 547 2485 2489
f 2487 2489 2485
f 24 1206 2492
f 312 2491 1206
f 629 2492 2491
f 1206 2491 2492
f 82 2493 1210
f 628 2494 2493
f 312 1210 2494
f 2493 2494 1210
f 160 2495 2497
f 629 2496 2495
f 628 2497 2496
f 2495 2496 2497
f 312 2494 2491
f 628 2496 2494
f 629 2491 2496
f 2494 2496 2491
f 147 2490 2480
f 627 2498 2490
f 625 2480 2498
f 2490 2498 2480
f 160 2497 2486
f 628 2499 2497
f 627 2486 2499
f 2497 2499 2486
f 82 2483 2493
f 625 2500 2483
f 628 2493 2500
f 2483 2500 2493
f 627 2499 2498
f 628 2500 2499
f 625 2498 2500
f 2499 2500 2498
f 9 1597 2073
f 413 2501 1597
f 536 2073 2501
f 1597 2501 2073
f 112 2502 1601
f 630 2503 2502
f 413 1601 2503
f 2502 2503 1601
f 144 2077 2505
f 536 2504 2077
f 630 2505 2504
f 2077 2504 2505
f 413 2503 2501
f 630 2504 2503
f 536 2501 2504
f 2503 2504 2501
f 31 2506 1613
f 631 2507 2506
f 417 1613 2507
f 2506 2507 1613
f 161 2508 2510
f 632 2509 2508
f 631 2510 2509
f 2508 2509 2510
f 112 1618 2512
f 417 2511 1618
f 632 2512 2511
f 1618 2511 2512
f 631 2509 2507
f 632 2511 2509
f 417 2507 2511
f 2509 2511 2507
f 42 2082 2514
f 540 2513 2082
f 634 2514 2513
f 2082 2513 2514
f 144 2515 2086
f 633 2516 2515
f 540 2086 2516
f 2515 2516 2086
f 161 2517 2519
f 634 2518 2517
f 633 2519 2518
f 2517 2518 2519
f 540 2516 2513
f 633 2518 2516
f 634 2513 2518
f 2516 2518 2513
f 112 2512 2502
f 632 2520 2512
f 630 2502 2520
f 2512 2520 2502
f 161 2519 2508
f 633 2521 2519
f 632 2508 2521
f 2519 2521 2508
f 144 2505 2515
f 630 2522 2505
f 633 2515 2522
f 2505 2522 2515
f 632 2521 2520
f 633 2522 2521
f 630 2520 2522
f 2521 2522 2520
f 2 1144 1569
f 294 2523 1144
f 404 1569 2523
f 1144 2523 1569
f 79 2524 1147
f 635 2525 2524
f 294 1147 2525
f 2524 2525 1147
f 108 1573 2527
f 404 2526 1573
f 635 2527 2526
f 1573 2526 2527
f 294 2525 2523
f 635 2526 2525
f 404 2523 2526
f 2525 2526 2523
f 24 2528 1157
f 636 2529 2528
f 297 1157 2529
f 2528 2529 1157
f 162 2530 2532
f 637 2531 2530
f 636 2532 2531
f 2530 2531 2532
f 79 1162 2534
f 297 2533 1162
f 637 2534 2533
f 1162 2533 2534
f 636 2531 2529
f 637 2533 2531
f 297 2529 2533
f 2531 2533 2529
f 31 1578 2536
f 408 2535 1578
f 639 2536 2535
f 1578 2535 2536
f 108 2537 1582
f 638 2538 2537
f 408 1582 2538
f 2537 2538 1582
f 162 2539 2541
f 639 2540 2539
f 638 2541 2540
f 2539 2540 2541
f 408 2538 2535
f 638 2540 2538
f 639 2535 2540
f 2538 2540 2535
f 79 2534 2524
f 637 2542 2534
f 635 2524 2542
f 2534 2542 2524
f 162 2541 2530
f 638 2543 2541
f 637 2530 2543
f 2541 2543 2530
f 108 2527 2537
f 635 2544 2527
f 638 2537 2544
f 2527 2544 2537
f 637 2543 2542
f 638 2544 2543
f 635 2542 2544
f 2543 2544 2542
f 42 2514 2484
f 634 2545 2514
f 626 2484 2545
f 2514 2545 2484
f 161 2546 2517
f 640 2547 2546
f 634 2517 2547
f 2546 2547 2517
f 160 2488 2549
f 626 2548 2488
f 640 2549 2548
f 2488 2548 2549
f 634 2547 2545
f 640 2548 2547
f 626 2545 2548
f 2547 2548 2545
f 31 2536 2506
f 639 2550 2536
f 631 2506 2550
f 2536 2550 2506
f 162 2551 2539
f 641 2552 2551
f 639 2539 2552
f 2551 2552 2539
f 161 2510 2554
f 631 2553 2510
f 641 2554 2553
f 2510 2553 2554
f 639 2552 2550
f 641 2553 2552
f 631 2550 2553
f 2552 2553 2550
f 24 2492 2528
f 629 2555 2492
f 636 2528 2555
f 2492 2555 2528
f 160 2556 2495
f 642 2557 2556
f 629 2495 2557
f 2556 2557 2495
f 162 2532 2559
f 636 2558 2532
f 642 2559 2558
f 2532 2558 2559
f 629 2557 2555
f 642 2558 2557
f 636 2555 2558
f 2557 2558 2555
f 161 2554 2546
f 641 2560 2554
f 640 2546 2560
f 2554 2560 2546
f 162 2559 2551
f 642 2561 2559
f 641 2551 2561
f 2559 2561 2551
f 160 2549 2556
f 640 2562 2549
f 642 2556 2562
f 2549 2562 2556
f 641 2561 2560
f 642 2562 2561
f 640 2560 2562
f 2561 2562 2560
