# regolith_gen synthetic particle
# verts: 2562  tris: 5120
v -0.818405 0.598029 0.000000
v 0.829435 0.606089 0.000000
v -0.848295 -0.619870 0.000000
v 0.810807 -0.592477 0.000000
v 0.000000 -0.362220 0.711674
v 0.000000 0.359676 0.706675
v 0.000000 -0.365166 -0.717461
v 0.000000 0.376386 -0.739506
v 1.367265 0.000000 -0.463396
v 1.312285 0.000000 0.444762
v -1.257357 0.000000 -0.426146
v -1.281141 0.000000 0.434207
v -1.224303 0.341718 0.256449
v -0.818585 0.228477 0.726337
v -0.485648 0.574200 0.430919
v 0.498424 0.589305 0.442256
v 0.000000 0.698759 0.000000
v 0.491481 0.581096 -0.436095
v -0.478522 0.565774 -0.424597
v -0.798730 0.222935 -0.708720
v -1.276311 0.356234 -0.267343
v -1.565677 0.000000 0.000000
v 0.764852 0.213479 0.678660
v 1.238018 0.345546 0.259322
v -0.789075 -0.220241 0.700154
v 0.000000 0.000000 0.900232
v -1.234026 -0.344432 -0.258486
v -1.231980 -0.343861 0.258057
v 0.000000 0.000000 -0.837598
v -0.798853 -0.222969 -0.708829
v 1.238515 0.345685 -0.259426
v 0.805560 0.224842 -0.714781
v 1.276320 -0.356236 0.267345
v 0.778755 -0.217360 0.690996
v 0.478921 -0.566246 0.424951
v -0.502798 -0.594478 0.446138
v 0.000000 -0.701171 0.000000
v -0.465771 -0.550699 -0.413283
v 0.488095 -0.577094 -0.433091
v 0.746217 -0.208278 -0.662125
v 1.261716 -0.352160 -0.264286
v 1.552912 0.000000 0.000000
v -1.080622 0.493837 0.137197
v -0.882955 0.466869 0.350371
v -0.656112 0.589129 0.215516
v -1.088831 0.112504 0.590071
v -1.057503 0.295162 0.495312
v -1.343335 0.182768 0.370515
v -0.254930 0.497283 0.611038
v -0.679403 0.424025 0.602840
v -0.421237 0.317598 0.766769
v -0.248104 0.655934 0.220145
v -0.404631 0.643260 0.000000
v 0.242360 0.472765 0.580911
v 0.000000 0.578473 0.434127
v 0.431478 0.685940 0.000000
v 0.260722 0.689293 0.231341
v 0.676557 0.607486 0.222232
v -0.245662 0.649478 -0.217978
v -0.682074 0.612440 -0.224044
v 0.686960 0.616828 -0.225649
v 0.247901 0.655397 -0.219965
v -0.250496 0.488634 -0.600411
v 0.000000 0.566539 -0.425171
v 0.243297 0.474592 -0.583156
v -0.950429 0.502546 -0.377146
v -1.120757 0.512179 -0.142292
v -0.404312 0.304838 -0.735962
v -0.670890 0.418712 -0.595287
v -1.365587 0.185795 -0.376652
v -1.101529 0.307450 -0.515933
v -1.097453 0.113394 -0.594743
v -1.333993 0.372334 0.000000
v -1.459861 0.000000 -0.227425
v -1.452129 0.181259 -0.136029
v -1.449500 0.180931 0.135783
v -1.458686 0.000000 0.227242
v 0.891807 0.471550 0.353884
v 1.054167 0.481748 0.133838
v 0.415561 0.313319 0.756437
v 0.655188 0.408912 0.581354
v 1.316064 0.179057 0.362993
v 1.061228 0.296202 0.497056
v 1.079679 0.111558 0.585111
v -0.422018 0.117790 0.837319
v 0.000000 0.199019 0.850699
v -1.046469 -0.108126 0.567113
v -0.818028 0.000000 0.725843
v 0.000000 -0.187119 0.799832
v -0.398786 -0.111306 0.791224
v -0.387694 -0.292308 0.705713
v -1.449426 -0.180921 0.135776
v -1.253115 -0.170493 0.345631
v -1.284890 -0.174816 -0.354395
v -1.436817 -0.179347 -0.134595
v -1.150471 -0.525758 0.146065
v -1.322227 -0.369049 0.000000
v -1.098075 -0.501813 -0.139413
v -0.851064 0.000000 -0.755156
v -1.067830 -0.110334 -0.578690
v 0.000000 0.184339 -0.787951
v -0.392196 0.109467 -0.778150
v -0.415402 -0.313199 -0.756148
v -0.423621 -0.118238 -0.840500
v 0.000000 -0.192444 -0.822597
v 0.637165 0.397663 -0.565362
v 0.413872 0.312045 -0.753363
v 1.045498 0.477786 -0.132737
v 0.921594 0.487300 -0.365704
v 1.134283 0.117200 -0.614702
v 1.085169 0.302884 -0.508270
v 1.371132 0.186550 -0.378182
v 1.096893 -0.501273 0.139263
v 0.891703 -0.471495 0.353843
v 0.656060 -0.589082 0.215499
v 1.093233 -0.112958 0.592456
v 1.083631 -0.302455 0.507550
v 1.301110 -0.177023 0.358869
v 0.249723 -0.487127 0.598559
v 0.653256 -0.407706 0.579640
v 0.414081 -0.312203 0.753744
v 0.251858 -0.665859 0.223476
v 0.426358 -0.677800 0.000000
v -0.254218 -0.495895 0.609333
v 0.000000 -0.594229 0.445951
v -0.434556 -0.690833 0.000000
v -0.258127 -0.682433 0.229038
v -0.691907 -0.621269 0.227274
v 0.244894 -0.647449 -0.217297
v 0.686465 -0.616383 -0.225486
v -0.672210 -0.603583 -0.220804
v -0.248340 -0.656559 -0.220355
v 0.231310 -0.451209 -0.554425
v 0.000000 -0.564265 -0.423464
v -0.234919 -0.458248 -0.563074
v 0.923857 -0.488496 -0.366602
v 1.100339 -0.502848 -0.139700
v 0.387593 -0.292232 -0.705529
v 0.651436 -0.406570 -0.578025
v 1.380217 -0.187786 -0.380688
v 1.058949 -0.295566 -0.495989
v 1.128372 -0.116589 -0.611499
v 1.304584 -0.364125 0.000000
v 1.496897 0.000000 -0.233195
v 1.448146 -0.180762 -0.135656
v 1.450699 -0.181080 0.135895
v 1.508093 0.000000 0.234939
v 0.406068 -0.113339 0.805673
v 0.806242 0.000000 0.715386
v 0.431740 0.120504 0.856609
v -0.925609 -0.489423 0.367297
v -0.683332 -0.426477 0.606327
v -1.096768 -0.306121 0.513702
v -0.683371 -0.426501 -0.606361
v -0.932278 -0.492949 -0.369943
v -1.070184 -0.298701 -0.501251
v 0.860995 0.000000 -0.763968
v 0.411135 -0.114753 -0.815726
v 0.413284 0.115353 -0.819990
v 1.525177 0.190377 0.142872
v 1.443893 0.180231 -0.135258
v 1.281659 0.357727 0.000000
v -0.962614 0.553502 0.069528
v -0.876770 0.549422 0.179296
v -0.744394 0.600217 0.110556
v -1.040735 0.399814 0.300048
v -0.986048 0.483073 0.247231
v -1.140215 0.411883 0.195406
v -0.561907 0.571021 0.315188
v -0.786176 0.538948 0.289150
v -0.691269 0.521194 0.391140
v -1.215335 0.056778 0.523459
v -1.236045 0.150019 0.488504
v -1.304930 0.089394 0.400807
v -0.930147 0.259615 0.599636
v -1.086920 0.206887 0.549461
v -0.963467 0.169999 0.660546
v -1.285732 0.263945 0.313341
v -1.229312 0.245293 0.444109
v -1.162955 0.324595 0.382001
v -0.126144 0.432526 0.668704
v -0.338113 0.409477 0.689928
v -0.203802 0.339846 0.736787
v -0.578940 0.497320 0.513699
v -0.471911 0.466132 0.614014
v -0.372946 0.538950 0.523468
v -0.627974 0.277261 0.757585
v -0.560912 0.377698 0.696187
v -0.748794 0.327741 0.664412
v -0.975376 0.384408 0.424692
v -0.876850 0.360290 0.551009
v -0.801609 0.455947 0.483158
v -0.534248 0.622535 0.107673
v -0.617308 0.632444 0.000000
v -0.368934 0.621993 0.327359
v -0.452351 0.621317 0.217452
v -0.208655 0.676540 0.000000
v -0.334258 0.662747 0.110583
v -0.123884 0.671900 0.109923
v 0.122903 0.421414 0.651525
v 0.000000 0.486854 0.598224
v 0.243649 0.590976 0.443510
v 0.120609 0.523731 0.505569
v 0.364482 0.526718 0.511588
v -0.125079 0.543144 0.524309
v -0.241757 0.586387 0.440066
v 0.642321 0.658071 0.000000
v 0.572625 0.667255 0.115408
v 0.747119 0.602414 0.110961
v 0.128562 0.697271 0.114074
v 0.355252 0.704373 0.117529
v 0.219251 0.710897 0.000000
v 0.584933 0.594420 0.328104
v 0.481471 0.661314 0.231450
v 0.373775 0.630154 0.331654
v -0.126262 0.632381 0.336101
v 0.128415 0.643164 0.341832
v 0.000000 0.673351 0.225990
v -0.538778 0.627814 -0.108586
v -0.741702 0.598046 -0.110156
v -0.121522 0.659090 -0.107827
v -0.329938 0.654182 -0.109154
v -0.578421 0.587803 -0.324452
v -0.463920 0.637207 -0.223013
v -0.357858 0.603319 -0.317530
v 0.751242 0.605739 -0.111573
v 0.566453 0.660062 -0.114164
v 0.375633 0.633287 -0.333302
v 0.469282 0.644572 -0.225591
v 0.605229 0.615046 -0.339489
v 0.348704 0.691390 -0.115362
v 0.125340 0.679799 -0.111216
v -0.126762 0.434646 -0.671982
v 0.000000 0.484736 -0.595621
v 0.128788 0.441592 -0.682721
v -0.235991 0.572402 -0.429570
v -0.122600 0.532380 -0.513918
v -0.365994 0.528903 -0.513710
v 0.359255 0.519166 -0.504252
v 0.123376 0.535747 -0.517168
v 0.237285 0.575541 -0.431926
v 0.000000 0.659870 -0.221466
v 0.122800 0.615040 -0.326885
v -0.123405 0.618070 -0.328496
v -0.901052 0.564637 -0.184262
v -0.983843 0.565709 -0.071061
v -0.702844 0.529921 -0.397689
v -0.818746 0.561275 -0.301129
v -1.238293 0.447312 -0.212214
v -1.035397 0.507249 -0.259604
v -1.153798 0.443249 -0.332645
v -0.206679 0.344643 -0.747188
v -0.338480 0.409922 -0.690678
v -0.747409 0.327135 -0.663183
v -0.545193 0.367114 -0.676677
v -0.599126 0.264525 -0.722784
v -0.467245 0.461523 -0.607942
v -0.585729 0.503152 -0.519722
v -1.325558 0.090807 -0.407143
v -1.233729 0.149738 -0.487588
v -1.206522 0.056366 -0.519663
v -1.187018 0.331311 -0.389905
v -1.223421 0.244117 -0.441980
v -1.327352 0.272489 -0.323484
v -0.986802 0.174116 -0.676545
v -1.108989 0.211088 -0.560617
v -0.974005 0.271856 -0.627909
v -0.806622 0.458798 -0.486180
v -0.886030 0.364062 -0.556777
v -1.037409 0.408856 -0.451702
v -1.099862 0.502630 0.000000
v -1.353644 0.377819 -0.138214
v -1.232570 0.442516 -0.070297
v -1.177280 0.422666 0.067143
v -1.253358 0.349828 0.127975
v -1.368366 0.000000 -0.330777
v -1.441316 0.092715 -0.306332
v -1.523005 0.092668 -0.069545
v -1.501987 0.093208 -0.187609
v -1.524230 0.000000 -0.116423
v -1.415455 0.184243 -0.255218
v -1.380159 0.270155 -0.202743
v -1.384722 0.089074 0.294303
v -1.364170 0.000000 0.329763
v -1.331439 0.260618 0.195586
v -1.399049 0.182108 0.252260
v -1.528629 0.000000 0.116759
v -1.452704 0.090149 0.181453
v -1.523208 0.092681 0.069554
v -1.425719 0.281819 -0.070499
v -1.483914 0.185226 0.000000
v -1.394966 0.275741 0.068978
v 0.871992 0.546428 0.178319
v 0.940315 0.540680 0.067917
v 0.714289 0.538549 0.404165
v 0.805573 0.552244 0.296284
v 1.151881 0.416097 0.197405
v 0.991911 0.485945 0.248701
v 1.093454 0.420067 0.315247
v 0.204553 0.341097 0.739500
v 0.327444 0.396556 0.668158
v 0.722368 0.316174 0.640963
v 0.542790 0.365495 0.673694
v 0.608343 0.268594 0.733903
v 0.454728 0.449159 0.591656
v 0.582815 0.500649 0.517137
v 1.314440 0.090045 0.403728
v 1.179950 0.143211 0.466334
v 1.193650 0.055765 0.514119
v 1.143007 0.319027 0.375449
v 1.194033 0.238253 0.431364
v 1.320694 0.271123 0.321861
v 0.936262 0.165199 0.641895
v 1.063182 0.202369 0.537461
v 0.930713 0.259773 0.600001
v 0.784219 0.446056 0.472677
v 0.858971 0.352943 0.539773
v 0.994886 0.392097 0.433186
v -0.207927 0.255505 0.800525
v 0.000000 0.286957 0.790482
v -0.624977 0.174439 0.790740
v -0.418864 0.215794 0.796951
v 0.000000 0.103597 0.903166
v -0.212729 0.159248 0.848973
v -0.216512 0.060431 0.881261
v -1.180629 -0.055157 0.508511
v -1.079157 0.000000 0.584828
v -0.801367 -0.109030 0.711060
v -0.922157 -0.054482 0.636123
v -0.941362 -0.166099 0.645391
v -0.950150 0.056136 0.655433
v -0.818462 0.111356 0.726229
v 0.000000 -0.274495 0.756152
v -0.198819 -0.244312 0.765457
v -0.198025 -0.330212 0.715901
v -0.212163 -0.059217 0.863561
v -0.200657 -0.150210 0.800794
v 0.000000 -0.096240 0.839024
v -0.591593 -0.261199 0.713696
v -0.401219 -0.206703 0.763378
v -0.585810 -0.163507 0.741186
v -0.636073 0.059179 0.796937
v -0.612710 -0.057005 0.767664
v -0.420485 0.000000 0.834277
v -1.362148 -0.087622 0.289506
v -1.276350 -0.087436 0.392029
v -1.509269 -0.091833 0.068918
v -1.457175 -0.090427 0.182012
v -1.226864 -0.251860 0.298994
v -1.336716 -0.173994 0.241021
v -1.311825 -0.256779 0.192705
v -1.250020 -0.085632 -0.383941
v -1.341179 -0.086273 -0.285049
v -1.347741 -0.263809 -0.197981
v -1.363239 -0.177446 -0.245803
v -1.291021 -0.265031 -0.314630
v -1.465394 -0.090937 -0.183038
v -1.519870 -0.092478 -0.069402
v -1.016436 -0.584450 0.073415
v -1.128246 -0.515601 0.000000
v -0.996592 -0.573039 -0.071982
v -1.317997 -0.367869 0.134574
v -1.236753 -0.444018 0.070535
v -1.209931 -0.437067 0.207354
v -1.168470 -0.422090 -0.200248
v -1.219723 -0.437904 -0.069564
v -1.278989 -0.356981 -0.130592
v -1.441299 -0.179907 0.000000
v -1.358391 -0.268511 -0.067170
v -1.358895 -0.268610 0.067195
v -1.125412 0.000000 -0.609895
v -1.169864 -0.054654 -0.503874
v -0.838446 0.114075 -0.743960
v -1.010010 0.059673 -0.696726
v -0.932003 -0.164447 -0.638975
v -0.978477 -0.057810 -0.674973
v -0.807978 -0.109930 -0.716926
v 0.000000 0.281035 -0.774168
v -0.199447 0.245084 -0.767876
v -0.205437 0.057340 -0.836184
v -0.197942 0.148178 -0.789961
v 0.000000 0.093597 -0.815981
v -0.397054 0.204558 -0.755454
v -0.599718 0.167389 -0.758782
v -0.204192 -0.340495 -0.738195
v -0.202439 -0.248761 -0.779396
v 0.000000 -0.277356 -0.764032
v -0.619517 -0.172915 -0.783832
v -0.423748 -0.218310 -0.806244
v -0.628261 -0.277389 -0.757932
v 0.000000 -0.098654 -0.860071
v -0.212095 -0.158773 -0.846444
v -0.207537 -0.057926 -0.844734
v -0.619280 0.057616 -0.775896
v -0.407366 0.000000 -0.808249
v -0.626973 -0.058332 -0.785535
v 0.324556 0.393058 -0.662264
v 0.209962 0.350117 -0.759054
v 0.568421 0.488284 -0.504365
v 0.440117 0.434727 -0.572646
v 0.611836 0.270136 -0.738116
v 0.529306 0.356416 -0.656960
v 0.722859 0.316390 -0.641399
v 0.945922 0.543904 -0.068322
v 0.884400 0.554203 -0.180857
v 1.138862 0.437511 -0.328339
v 1.021683 0.500531 -0.256166
v 1.166572 0.421404 -0.199923
v 0.800888 0.549033 -0.294561
v 0.699152 0.527137 -0.395601
v 1.272526 0.059450 -0.548091
v 1.276653 0.154947 -0.504553
v 1.379619 0.094510 -0.423748
v 0.966487 0.269758 -0.623063
v 1.145707 0.218077 -0.579179
v 0.991515 0.174948 -0.679776
v 1.351213 0.277388 -0.329299
v 1.253996 0.250218 -0.453026
v 1.217360 0.339780 -0.399872
v 0.794239 0.451755 -0.478716
v 1.029347 0.405679 -0.448191
v 0.856567 0.351956 -0.538263
v 0.975456 -0.560886 0.070455
v 0.880703 -0.551886 0.180101
v 0.739738 -0.596463 0.109865
v 1.133158 -0.435320 0.326694
v 1.026981 -0.503126 0.257494
v 1.210837 -0.437394 0.207509
v 0.580797 -0.590217 0.325784
v 0.785029 -0.538161 0.288728
v 0.694861 -0.523901 0.393172
v 1.207660 -0.056419 0.520153
v 1.222496 -0.148374 0.483149
v 1.336546 -0.091560 0.410518
v 0.938955 -0.262074 0.605314
v 1.101786 -0.209717 0.556976
v 0.945716 -0.166867 0.648377
v 1.322517 -0.271497 0.322305
v 1.210297 -0.241498 0.437239
v 1.227937 -0.342732 0.403346
v 0.124946 -0.428421 0.662358
v 0.334382 -0.404958 0.682315
v 0.200863 -0.334944 0.726161
v 0.581371 -0.499409 0.515856
v 0.462283 -0.456621 0.601486
v 0.361330 -0.522164 0.507164
v 0.599890 -0.264862 0.723705
v 0.538546 -0.362638 0.668428
v 0.730652 -0.319800 0.648314
v 1.000980 -0.394499 0.435840
v 0.872796 -0.358624 0.548461
v 0.772127 -0.439178 0.465389
v 0.555592 -0.647407 0.111975
v 0.634735 -0.650299 0.000000
v 0.367613 -0.619766 0.326186
v 0.467961 -0.642757 0.224956
v 0.214071 -0.694103 0.000000
v 0.340553 -0.675229 0.112666
v 0.125558 -0.680979 0.111408
v -0.125333 -0.429746 0.664407
v 0.000000 -0.493817 0.606780
v -0.252318 -0.612002 0.459289
v -0.128906 -0.559761 0.540349
v -0.378446 -0.546898 0.531187
v 0.122278 -0.530978 0.512564
v 0.236815 -0.574400 0.431070
v -0.652992 -0.669003 0.000000
v -0.578447 -0.674038 0.116581
v -0.782382 -0.630847 0.116198
v -0.126631 -0.686801 0.112361
v -0.352853 -0.699617 0.116735
v -0.216933 -0.703381 0.000000
v -0.617198 -0.627208 0.346202
v -0.487134 -0.669092 0.234172
v -0.387864 -0.653907 0.344155
v 0.126376 -0.632949 0.336403
v -0.131419 -0.658208 0.349828
v 0.000000 -0.670853 0.225152
v 0.565163 -0.658559 -0.113904
v 0.764646 -0.616547 -0.113564
v 0.125102 -0.678509 -0.111004
v 0.345619 -0.685273 -0.114342
v 0.595716 -0.605378 -0.334153
v 0.470353 -0.646043 -0.226105
v 0.360058 -0.607029 -0.319483
v -0.774084 -0.624157 -0.114966
v -0.559803 -0.652313 -0.112824
v -0.359151 -0.605499 -0.318677
v -0.460992 -0.633185 -0.221605
v -0.561938 -0.571053 -0.315206
v -0.343609 -0.681288 -0.113677
v -0.127506 -0.691544 -0.113137
v 0.121691 -0.417258 -0.645099
v 0.000000 -0.453206 -0.556879
v -0.120434 -0.412950 -0.638439
v 0.231202 -0.560784 -0.420852
v 0.117567 -0.510522 -0.492818
v 0.362172 -0.523381 -0.508346
v -0.355600 -0.513884 -0.499122
v -0.120286 -0.522330 -0.504216
v -0.233213 -0.565664 -0.424514
v 0.000000 -0.661860 -0.222134
v -0.122906 -0.615571 -0.327167
v 0.121781 -0.609936 -0.324172
v 0.898701 -0.563164 -0.183781
v 0.976819 -0.561670 -0.070554
v 0.721757 -0.544181 -0.408391
v 0.817510 -0.560428 -0.300674
v 1.183370 -0.427472 -0.202802
v 1.009256 -0.494442 -0.253050
v 1.113216 -0.427658 -0.320945
v 0.198770 -0.331455 -0.718596
v 0.317337 -0.384316 -0.647534
v 0.690524 -0.302237 -0.612708
v 0.523753 -0.352677 -0.650067
v 0.579368 -0.255801 -0.698947
v 0.450205 -0.444692 -0.585771
v 0.579659 -0.497938 -0.514337
v 1.368667 -0.093760 -0.420384
v 1.283166 -0.155738 -0.507127
v 1.274999 -0.059565 -0.549157
v 1.213781 -0.338781 -0.398696
v 1.239963 -0.247418 -0.447957
v 1.323304 -0.271658 -0.322497
v 0.925605 -0.163318 -0.634588
v 1.075539 -0.204721 -0.543707
v 0.876116 -0.244535 -0.564804
v 0.813513 -0.462718 -0.490333
v 0.858341 -0.352685 -0.539378
v 1.033001 -0.407119 -0.449782
v 1.103417 -0.504255 0.000000
v 1.286942 -0.359201 -0.131404
v 1.188496 -0.426693 -0.067783
v 1.216011 -0.436571 0.069352
v 1.298435 -0.362409 0.132577
v 1.439176 0.000000 -0.347894
v 1.406713 -0.090489 -0.298977
v 1.502013 -0.091391 -0.068586
v 1.472884 -0.091402 -0.183974
v 1.521306 0.000000 -0.116200
v 1.445053 -0.188096 -0.260555
v 1.398002 -0.273648 -0.205364
v 1.411387 -0.090790 0.299971
v 1.425933 0.000000 0.344693
v 1.378929 -0.269914 0.202562
v 1.406481 -0.183075 0.253600
v 1.573905 0.000000 0.120217
v 1.498487 -0.092991 0.187172
v 1.516726 -0.092286 0.069258
v 1.399312 -0.276600 -0.069193
v 1.444084 -0.180255 0.000000
v 1.402297 -0.277190 0.069341
v 0.202804 -0.249210 0.780802
v 0.595099 -0.166099 0.752938
v 0.412900 -0.212721 0.785604
v 0.203412 -0.152273 0.811790
v 0.209825 -0.058565 0.854047
v 1.101188 0.000000 0.596767
v 0.801676 0.109072 0.711334
v 0.959321 0.056678 0.661760
v 0.945747 -0.055876 0.652396
v 0.785547 -0.106878 0.697023
v 0.211112 0.259419 0.812789
v 0.222211 0.062022 0.904460
v 0.215732 0.161496 0.860958
v 0.429957 0.221509 0.818056
v 0.608131 0.169737 0.769426
v 0.613357 -0.057065 0.768475
v 0.625746 0.058218 0.783998
v 0.429824 0.000000 0.852807
v -0.926450 -0.580553 0.189456
v -0.716572 -0.540271 0.405457
v -0.826630 -0.566680 0.304029
v -1.051741 -0.515256 0.263702
v -1.105959 -0.424871 0.318853
v -0.334376 -0.404952 0.682303
v -0.752555 -0.329387 0.667749
v -0.544024 -0.366326 0.675226
v -0.479616 -0.473743 0.624039
v -0.591456 -0.508072 0.524805
v -1.184895 -0.143811 0.468288
v -1.146156 -0.319906 0.376483
v -1.176252 -0.234705 0.424940
v -1.073991 -0.204426 0.542925
v -0.960562 -0.268105 0.619244
v -0.803143 -0.456820 0.484083
v -0.907043 -0.372696 0.569982
v -1.017033 -0.400826 0.442830
v -0.327051 -0.396080 -0.667356
v -0.565705 -0.485951 -0.501955
v -0.446637 -0.441168 -0.581129
v -0.542177 -0.365083 -0.672934
v -0.759255 -0.332320 -0.673693
v -0.924906 -0.579585 -0.189140
v -1.107840 -0.425593 -0.319395
v -1.031434 -0.505308 -0.258611
v -0.794137 -0.544405 -0.292078
v -0.693323 -0.522742 -0.392302
v -1.186712 -0.144031 -0.469007
v -0.938475 -0.261940 -0.605005
v -1.087031 -0.206908 -0.549517
v -1.214080 -0.242253 -0.438606
v -1.165142 -0.325205 -0.382720
v -0.835455 -0.475199 -0.503559
v -1.031146 -0.406388 -0.448975
v -0.917741 -0.377092 -0.576705
v 1.177358 0.000000 -0.638046
v 0.821011 -0.111703 -0.728491
v 1.010547 -0.059705 -0.697096
v 1.000186 0.059093 -0.689949
v 0.839882 0.114270 -0.745235
v 0.203607 -0.250196 -0.783891
v 0.209525 -0.058481 -0.852823
v 0.208336 -0.155959 -0.831440
v 0.399240 -0.205684 -0.759614
v 0.584498 -0.163140 -0.739525
v 0.208462 0.256162 -0.802583
v 0.624584 0.174329 -0.790243
v 0.423499 0.218182 -0.805769
v 0.204100 0.152788 -0.814538
v 0.202309 0.056467 -0.823451
v 0.644497 -0.059962 -0.807490
v 0.423442 0.000000 -0.840143
v 0.648808 0.060363 -0.812892
v 1.442139 0.092768 0.306507
v 1.543501 0.093915 0.070481
v 1.538831 0.095494 0.192211
v 1.457862 0.189763 0.262865
v 1.396313 0.273317 0.205116
v 1.436125 0.092381 -0.305228
v 1.373825 0.268915 -0.201813
v 1.448154 0.188499 -0.261114
v 1.482050 0.091971 -0.185119
v 1.504632 0.091550 -0.068706
v 1.042028 0.476200 0.000000
v 1.265880 0.353323 0.129253
v 1.145826 0.411373 0.065350
v 1.116353 0.400792 -0.063669
v 1.237705 0.345458 -0.126376
v 1.477740 0.184456 0.000000
v 1.367600 0.270331 -0.067625
v 1.419059 0.280503 0.070170
v -0.889924 0.575539 0.034670
v -0.865670 0.585941 0.091609
v -0.790431 0.606242 0.056298
v -0.973921 0.519686 0.157750
v -0.925230 0.555004 0.125728
v -1.024305 0.524931 0.103688
v -0.692283 0.588157 0.161678
v -0.816707 0.579121 0.146035
v -0.763345 0.567730 0.196954
v -1.139615 0.373916 0.280613
v -1.084658 0.403814 0.247068
v -1.172121 0.373735 0.223913
v -0.923056 0.469277 0.295606
v -1.002294 0.435704 0.270965
v -0.958788 0.431262 0.323649
v -1.106929 0.450492 0.166217
v -1.059684 0.445576 0.220323
v -1.028534 0.486375 0.192033
v -0.530092 0.578469 0.375500
v -0.632174 0.551638 0.356300
v -0.597357 0.554022 0.415777
v -0.713413 0.558265 0.249577
v -0.673357 0.555316 0.302385
v -0.608525 0.579778 0.265466
v -0.785944 0.492708 0.369763
v -0.738533 0.529939 0.340072
v -0.834156 0.502208 0.319688
v -0.932623 0.516676 0.213624
v -0.892941 0.514943 0.270254
v -0.828475 0.542314 0.233634
v -1.247665 0.027953 0.477782
v -1.258694 0.073189 0.460545
v -1.301943 0.044966 0.420401
v -1.167292 0.131781 0.541771
v -1.220819 0.102857 0.504033
v -1.161425 0.085322 0.561270
v -1.310849 0.134016 0.382117
v -1.267056 0.118831 0.442534
v -1.283230 0.165566 0.427304
v -0.886790 0.247514 0.669357
v -0.947384 0.215579 0.630219
v -0.894531 0.199323 0.694797
v -1.074425 0.251713 0.523393
v -1.003126 0.232019 0.571496
v -0.996804 0.278220 0.548838
v -1.027521 0.141002 0.625283
v -1.030128 0.189441 0.606735
v -1.091810 0.160324 0.571805
v -1.260769 0.304376 0.286128
v -1.237405 0.297248 0.351195
v -1.195505 0.333680 0.319236
v -1.298004 0.215817 0.410799
v -1.268864 0.256969 0.381043
v -1.319642 0.224723 0.343025
v -1.123523 0.313589 0.443851
v -1.204108 0.287379 0.415588
v -1.152829 0.272931 0.474223
v -1.171148 0.180090 0.523544
v -1.176532 0.229648 0.505267
v -1.246216 0.199675 0.471493
v -0.062280 0.395909 0.688449
v -0.166167 0.388878 0.707732
v -0.101129 0.351643 0.725168
v -0.294320 0.450017 0.645656
v -0.231113 0.421206 0.679353
v -0.190797 0.466794 0.643210
v -0.308032 0.326650 0.746186
v -0.270643 0.374853 0.714691
v -0.377333 0.362189 0.724286
v -0.537518 0.540625 0.476944
v -0.481470 0.523478 0.524012
v -0.428827 0.555940 0.476621
v -0.576135 0.445546 0.609044
v -0.533981 0.489172 0.571757
v -0.632253 0.463866 0.561004
v -0.316249 0.521587 0.570754
v -0.425941 0.507364 0.573615
v -0.362308 0.480590 0.611057
v -0.730885 0.255531 0.749770
v -0.695776 0.305734 0.717325
v -0.790002 0.281096 0.700976
v -0.488409 0.345759 0.727491
v -0.593517 0.327319 0.725807
v -0.525803 0.298501 0.764688
v -0.723669 0.380945 0.642118
v -0.662808 0.356485 0.687783
v -0.630317 0.407319 0.659364
v -0.404874 0.437753 0.652072
v -0.520976 0.426306 0.661017
v -0.453333 0.398120 0.700713
v -1.113315 0.367189 0.344110
v -1.017604 0.340714 0.460374
v -1.065972 0.353960 0.402622
v -1.005926 0.391221 0.360694
v -0.935366 0.428612 0.390080
v -0.838988 0.292421 0.629995
v -0.779401 0.391676 0.576506
v -0.806469 0.341175 0.601496
v -0.902278 0.309388 0.574563
v -0.969910 0.328297 0.524207
v -0.642717 0.514984 0.456689
v -0.833987 0.456542 0.411005
v -0.744657 0.488267 0.435934
v -0.690959 0.477235 0.499049
v -0.730527 0.433829 0.534509
v -0.936539 0.376425 0.492005
v -0.842297 0.409452 0.519000
v -0.887503 0.418388 0.452154
v -0.686249 0.621366 0.055615
v -0.719482 0.617512 0.000000
v -0.593677 0.604846 0.160928
v -0.634697 0.608614 0.108571
v -0.509662 0.638502 0.000000
v -0.573370 0.625385 0.054355
v -0.476850 0.643244 0.054518
v -0.427722 0.599576 0.379521
v -0.466500 0.595566 0.320886
v -0.352005 0.640140 0.219356
v -0.406418 0.614349 0.268418
v -0.304617 0.631731 0.270289
v -0.504685 0.593198 0.265058
v -0.553505 0.604878 0.216344
v -0.106354 0.693010 0.000000
v -0.166540 0.675666 0.055193
v -0.062806 0.685522 0.055729
v -0.372955 0.658294 0.055047
v -0.270833 0.668427 0.055080
v -0.304106 0.652051 0.000000
v -0.186180 0.666167 0.165200
v -0.230852 0.673782 0.111316
v -0.293545 0.664425 0.166480
v -0.501205 0.631717 0.164932
v -0.398456 0.649773 0.166330
v -0.438150 0.646880 0.109866
v 0.061375 0.390154 0.678442
v 0.000000 0.426725 0.659735
v 0.121789 0.478265 0.587670
v 0.062372 0.458041 0.630677
v 0.184363 0.451054 0.621521
v -0.062848 0.461540 0.635494
v -0.125744 0.493796 0.606753
v 0.371442 0.594367 0.446054
v 0.305637 0.560799 0.479619
v 0.433718 0.562282 0.482058
v 0.061093 0.554536 0.473161
v 0.180069 0.554652 0.473629
v 0.119020 0.580969 0.435999
v 0.304652 0.502460 0.549824
v 0.239493 0.523020 0.506417
v 0.181089 0.498608 0.543141
v -0.307918 0.564985 0.483199
v -0.365269 0.584489 0.438642
v -0.189220 0.520995 0.567528
v -0.248911 0.543589 0.526334
v -0.118628 0.579055 0.434563
v -0.182444 0.561967 0.479875
v -0.060877 0.552570 0.471483
v 0.060454 0.499020 0.544018
v 0.000000 0.533500 0.514999
v -0.062238 0.513750 0.560076
v 0.743155 0.637830 0.000000
v 0.710699 0.643505 0.057596
v 0.791352 0.606948 0.056363
v 0.506837 0.683695 0.057946
v 0.612634 0.668211 0.058078
v 0.534795 0.669989 0.000000
v 0.713823 0.606458 0.166709
v 0.668835 0.641349 0.114410
v 0.633155 0.645067 0.171629
v 0.063965 0.698168 0.056757
v 0.175367 0.711479 0.058118
v 0.108240 0.705303 0.000000
v 0.308036 0.697224 0.174699
v 0.243116 0.709575 0.117229
v 0.194440 0.695720 0.172528
v 0.326789 0.700689 0.000000
v 0.286039 0.705957 0.058173
v 0.400653 0.707183 0.059135
v 0.544295 0.593969 0.385561
v 0.487200 0.621993 0.335124
v 0.437688 0.613548 0.388365
v 0.587018 0.641502 0.229443
v 0.532478 0.625866 0.279655
v 0.628007 0.598340 0.273965
v 0.321269 0.666265 0.285065
v 0.424410 0.641546 0.280301
v 0.373562 0.679343 0.232790
v 0.469792 0.693595 0.117800
v 0.421901 0.688007 0.176117
v 0.534724 0.673964 0.175962
v -0.309365 0.612154 0.388777
v -0.063150 0.610977 0.389258
v -0.182961 0.606720 0.386135
v -0.245368 0.622747 0.329388
v -0.185935 0.639440 0.275952
v 0.312966 0.619279 0.393303
v 0.194821 0.670002 0.289141
v 0.252579 0.641049 0.339068
v 0.185431 0.614912 0.391349
v 0.063101 0.610504 0.388957
v 0.000000 0.677608 0.110857
v -0.123827 0.659154 0.221225
v -0.062228 0.666866 0.165756
v 0.063697 0.682607 0.169669
v 0.127579 0.679125 0.227928
v 0.000000 0.637620 0.338886
v 0.064875 0.667954 0.287820
v -0.063362 0.652380 0.281110
v -0.680346 0.616021 -0.055136
v -0.783627 0.601023 -0.055813
v -0.472691 0.637634 -0.054042
v -0.577620 0.630020 -0.054758
v -0.719891 0.611613 -0.168126
v -0.641457 0.615097 -0.109727
v -0.611013 0.622509 -0.165628
v -0.062344 0.680479 -0.055319
v -0.164361 0.666824 -0.054471
v -0.286512 0.648507 -0.162492
v -0.225708 0.658768 -0.108835
v -0.182485 0.652944 -0.161921
v -0.266468 0.657655 -0.054192
v -0.368094 0.649714 -0.054329
v -0.531582 0.580095 -0.376555
v -0.471005 0.601317 -0.323984
v -0.424241 0.594698 -0.376433
v -0.569779 0.622662 -0.222705
v -0.521426 0.612876 -0.273851
v -0.632938 0.603038 -0.276116
v -0.304767 0.632042 -0.270422
v -0.408650 0.617723 -0.269892
v -0.353053 0.642046 -0.220009
v -0.438496 0.647390 -0.109953
v -0.399120 0.650857 -0.166607
v -0.508647 0.641097 -0.167381
v 0.800642 0.614073 -0.057025
v 0.705913 0.639171 -0.057208
v 0.630012 0.641865 -0.170778
v 0.656609 0.629626 -0.112319
v 0.719025 0.610878 -0.167924
v 0.596719 0.650852 -0.056569
v 0.501668 0.676722 -0.057355
v 0.439320 0.615835 -0.389813
v 0.491759 0.627814 -0.338261
v 0.550056 0.600255 -0.389641
v 0.357822 0.650718 -0.222981
v 0.419557 0.634210 -0.277095
v 0.312844 0.648793 -0.277589
v 0.645819 0.615311 -0.281735
v 0.538961 0.633486 -0.283060
v 0.584243 0.638469 -0.228358
v 0.173115 0.702341 -0.057372
v 0.062896 0.686496 -0.055808
v 0.393606 0.694745 -0.058095
v 0.285113 0.703672 -0.057984
v 0.186407 0.666976 -0.165400
v 0.235123 0.686248 -0.113375
v 0.294678 0.666989 -0.167123
v 0.525272 0.662050 -0.172851
v 0.411861 0.671634 -0.171926
v 0.465947 0.687919 -0.116836
v -0.064218 0.408228 -0.709871
v 0.000000 0.439851 -0.680028
v 0.064738 0.411535 -0.715622
v -0.124204 0.487749 -0.599324
v -0.063219 0.464261 -0.639241
v -0.188178 0.460386 -0.634381
v 0.185387 0.453560 -0.624974
v 0.063398 0.465574 -0.641049
v 0.122763 0.482088 -0.592368
v -0.355165 0.568321 -0.426508
v -0.301082 0.552441 -0.472471
v -0.419133 0.543372 -0.465847
v -0.060995 0.553646 -0.472402
v -0.179972 0.554354 -0.473373
v -0.117913 0.575568 -0.431946
v -0.308725 0.509178 -0.557175
v -0.244799 0.534609 -0.517638
v -0.184745 0.508674 -0.554106
v 0.422747 0.548057 -0.469863
v 0.301844 0.553839 -0.473666
v 0.362292 0.579726 -0.435067
v 0.184768 0.508740 -0.554177
v 0.243469 0.531704 -0.514825
v 0.302463 0.498849 -0.545873
v 0.115724 0.564883 -0.423928
v 0.181100 0.557826 -0.476338
v 0.060977 0.553481 -0.472261
v -0.062064 0.512314 -0.558510
v 0.000000 0.532813 -0.514336
v 0.061958 0.511439 -0.557556
v 0.000000 0.666086 -0.108972
v 0.123203 0.655831 -0.220110
v 0.062728 0.672215 -0.167086
v -0.061368 0.657645 -0.163464
v -0.122511 0.652145 -0.218873
v 0.306801 0.607081 -0.385555
v 0.060982 0.589996 -0.375891
v 0.181458 0.601737 -0.382964
v 0.248970 0.631890 -0.334224
v 0.186032 0.639774 -0.276096
v -0.299535 0.592704 -0.376425
v -0.184649 0.635017 -0.274043
v -0.238452 0.605195 -0.320104
v -0.180399 0.598223 -0.380728
v -0.061604 0.596015 -0.379726
v 0.061962 0.637966 -0.274898
v 0.000000 0.623671 -0.331472
v -0.062100 0.639381 -0.275508
v -0.866297 0.586365 -0.091675
v -0.891910 0.576824 -0.034748
v -0.796957 0.592728 -0.205626
v -0.826908 0.586354 -0.147859
v -1.060031 0.543240 -0.107304
v -0.954890 0.572796 -0.129759
v -1.027649 0.548356 -0.166452
v -0.592825 0.549819 -0.412623
v -0.648170 0.565596 -0.365316
v -0.891456 0.536706 -0.341648
v -0.770218 0.552675 -0.354662
v -0.827920 0.519023 -0.389511
v -0.703018 0.579778 -0.315706
v -0.753794 0.589865 -0.263704
v -1.260639 0.401959 -0.240823
v -1.191654 0.443648 -0.271440
v -1.213169 0.398050 -0.298725
v -1.091447 0.516125 -0.203779
v -1.157152 0.486560 -0.240588
v -1.180200 0.480311 -0.177219
v -1.054189 0.474174 -0.355853
v -1.103413 0.479661 -0.298302
v -0.991777 0.504214 -0.317613
v -0.862359 0.564494 -0.243190
v -0.932580 0.537802 -0.282251
v -0.979133 0.542442 -0.224278
v -0.104151 0.362151 -0.746836
v -0.169505 0.396690 -0.721951
v -0.369477 0.354648 -0.709207
v -0.272102 0.376873 -0.718542
v -0.303875 0.322241 -0.736114
v -0.233104 0.424835 -0.685206
v -0.293128 0.448194 -0.643040
v -0.781226 0.277974 -0.693189
v -0.676462 0.297247 -0.697413
v -0.702577 0.245634 -0.720730
v -0.612059 0.395520 -0.640264
v -0.636363 0.342261 -0.660341
v -0.709527 0.373500 -0.629570
v -0.503184 0.285660 -0.731793
v -0.569910 0.314300 -0.696938
v -0.474631 0.336005 -0.706968
v -0.474486 0.515885 -0.516411
v -0.531692 0.534766 -0.471775
v -0.362060 0.480261 -0.610639
v -0.421923 0.502577 -0.568202
v -0.627555 0.460419 -0.556835
v -0.535595 0.490651 -0.573486
v -0.566407 0.438023 -0.598761
v -0.446586 0.392195 -0.690285
v -0.507707 0.415448 -0.644182
v -0.402065 0.434715 -0.647547
v -1.291909 0.044619 -0.417161
v -1.258270 0.073165 -0.460390
v -1.229481 0.027546 -0.470818
v -1.305818 0.168481 -0.434826
v -1.291359 0.121110 -0.451022
v -1.352548 0.138279 -0.394272
v -1.160949 0.085287 -0.561040
v -1.219971 0.102786 -0.503682
v -1.164834 0.131503 -0.540630
v -1.227061 0.342488 -0.327662
v -1.253693 0.301161 -0.355817
v -1.286555 0.310601 -0.291980
v -1.161688 0.275028 -0.477867
v -1.216270 0.290282 -0.419785
v -1.142117 0.318779 -0.451197
v -1.356253 0.230958 -0.352542
v -1.288578 0.260962 -0.386963
v -1.292111 0.214837 -0.408935
v -0.902415 0.201080 -0.700921
v -0.977408 0.222412 -0.650192
v -0.890890 0.248658 -0.672452
v -1.098998 0.161379 -0.575570
v -1.045071 0.192189 -0.615536
v -1.048761 0.143917 -0.638209
v -1.040107 0.290307 -0.572681
v -1.044243 0.241529 -0.594921
v -1.104961 0.258867 -0.538269
v -1.235325 0.197930 -0.467373
v -1.156016 0.225643 -0.496456
v -1.171529 0.180149 -0.523715
v -0.638718 0.511780 -0.453847
v -0.738267 0.438425 -0.540172
v -0.689742 0.476395 -0.498170
v -0.761498 0.499310 -0.445792
v -0.879064 0.481218 -0.433219
v -0.861909 0.300410 -0.647207
v -1.010070 0.341890 -0.545912
v -0.936285 0.321049 -0.596219
v -0.820594 0.347150 -0.612031
v -0.787561 0.395777 -0.582541
v -1.158951 0.382241 -0.358216
v -0.994019 0.455488 -0.414540
v -1.085346 0.422109 -0.389172
v -1.114078 0.369934 -0.420792
v -1.068312 0.357692 -0.483315
v -0.858092 0.417130 -0.528732
v -0.962802 0.386980 -0.505802
v -0.928556 0.437741 -0.473069
v -0.969723 0.557590 0.000000
v -1.124770 0.514013 -0.070934
v -1.049453 0.537416 -0.035392
v -1.033820 0.529410 0.034864
v -1.088447 0.497413 0.068644
v -1.324030 0.369553 -0.204921
v -1.308809 0.416304 -0.176656
v -1.268967 0.402694 -0.034623
v -1.304089 0.414162 -0.104853
v -1.355969 0.378467 -0.068797
v -1.235307 0.444847 -0.140089
v -1.184987 0.480079 -0.106586
v -1.199406 0.381506 0.161890
v -1.232871 0.344109 0.190813
v -1.141282 0.462372 0.102655
v -1.167689 0.420497 0.132420
v -1.297897 0.362259 0.065851
v -1.224328 0.388830 0.098440
v -1.245807 0.395344 0.033991
v -1.162574 0.471369 -0.034880
v -1.204662 0.432496 0.000000
v -1.146474 0.464842 0.034397
v -1.312728 0.000000 -0.378794
v -1.344590 0.044759 -0.367771
v -1.474390 0.046475 -0.270690
v -1.412240 0.045651 -0.320664
v -1.423404 0.000000 -0.281385
v -1.382280 0.091709 -0.357005
v -1.389977 0.137544 -0.337883
v -1.550040 0.046865 -0.035170
v -1.529772 0.046475 -0.093383
v -1.548774 0.000000 -0.058865
v -1.475980 0.137544 -0.161496
v -1.504859 0.092465 -0.127692
v -1.473228 0.135876 -0.101970
v -1.486179 0.000000 -0.171659
v -1.515752 0.046453 -0.152100
v -1.498340 0.046598 -0.210233
v -1.369884 0.274505 -0.265741
v -1.353086 0.318539 -0.239054
v -1.391252 0.185067 -0.315292
v -1.386987 0.230494 -0.292244
v -1.412934 0.224835 -0.168732
v -1.385017 0.225059 -0.226916
v -1.427209 0.181890 -0.194364
v -1.492669 0.094286 -0.250390
v -1.470327 0.139981 -0.223298
v -1.438836 0.139713 -0.282721
v -1.329351 0.044251 0.363603
v -1.313374 0.000000 0.378980
v -1.349074 0.133496 0.327940
v -1.343097 0.089110 0.346885
v -1.420905 0.000000 0.280891
v -1.374464 0.044430 0.312086
v -1.409640 0.044434 0.258802
v -1.290933 0.303907 0.228073
v -1.323619 0.265234 0.256767
v -1.428251 0.182022 0.194506
v -1.386432 0.225289 0.227148
v -1.382449 0.219984 0.165091
v -1.358327 0.225731 0.286206
v -1.369022 0.182109 0.310254
v -1.571430 0.000000 0.059726
v -1.537156 0.046700 0.093833
v -1.562201 0.047232 0.035446
v -1.460160 0.045411 0.204876
v -1.502785 0.046056 0.150799
v -1.491446 0.000000 0.172268
v -1.479006 0.136408 0.102370
v -1.496100 0.091927 0.126949
v -1.459362 0.135996 0.159678
v -1.401828 0.136120 0.275449
v -1.437472 0.136853 0.218309
v -1.420069 0.089700 0.238211
v -1.387168 0.327653 -0.173617
v -1.442245 0.231483 -0.103861
v -1.413534 0.278066 -0.137932
v -1.386539 0.328193 -0.103551
v -1.403661 0.332599 -0.035931
v -1.545038 0.094009 0.000000
v -1.481969 0.184983 0.068948
v -1.514043 0.139964 0.034990
v -1.512610 0.139831 -0.034957
v -1.482535 0.185054 -0.068974
v -1.287286 0.304061 0.161116
v -1.402661 0.332362 0.035905
v -1.337696 0.316631 0.099904
v -1.342019 0.263998 0.130954
v -1.419104 0.227768 0.102195
v -1.457163 0.233522 -0.035050
v -1.462996 0.234457 0.035191
v -1.435467 0.283746 0.000000
v 0.848427 0.574269 0.089784
v 0.886402 0.573261 0.034533
v 0.773304 0.575137 0.199523
v 0.808792 0.573508 0.144619
v 0.999486 0.512212 0.101176
v 0.911947 0.547036 0.123923
v 0.969911 0.517547 0.157100
v 0.613075 0.568600 0.426717
v 0.648802 0.566147 0.365672
v 0.856200 0.515480 0.328136
v 0.756275 0.542670 0.348241
v 0.804728 0.504484 0.378600
v 0.687799 0.567226 0.308871
v 0.737289 0.576949 0.257930
v 1.196140 0.381393 0.228502
v 1.128545 0.420152 0.257065
v 1.164487 0.382077 0.286738
v 1.018383 0.481575 0.190138
v 1.083814 0.455723 0.225340
v 1.100983 0.448072 0.165324
v 1.004177 0.451678 0.338971
v 1.051494 0.457091 0.284266
v 0.953484 0.484747 0.305350
v 0.839970 0.549839 0.236876
v 0.900547 0.519330 0.272556
v 0.928853 0.514587 0.212761
v 0.099758 0.346876 0.715336
v 0.162835 0.381080 0.693540
v 0.372233 0.357293 0.714497
v 0.268716 0.372183 0.709601
v 0.311461 0.330285 0.754491
v 0.225365 0.410729 0.662455
v 0.284642 0.435220 0.624426
v 0.746832 0.265736 0.662671
v 0.662304 0.291026 0.682816
v 0.689770 0.241157 0.707592
v 0.598672 0.386869 0.626261
v 0.637882 0.343078 0.661917
v 0.688533 0.362449 0.610941
v 0.516907 0.293451 0.751751
v 0.583940 0.322037 0.714095
v 0.482809 0.341795 0.719151
v 0.481701 0.523730 0.524263
v 0.541774 0.544907 0.480721
v 0.348306 0.462017 0.587442
v 0.409194 0.487416 0.551061
v 0.620198 0.455022 0.550307
v 0.518754 0.475223 0.555453
v 0.549046 0.424598 0.580408
v 0.437203 0.383955 0.675782
v 0.493493 0.403817 0.626147
v 0.389575 0.421212 0.627432
v 1.316147 0.045456 0.424987
v 1.256078 0.073037 0.459588
v 1.239511 0.027770 0.474659
v 1.247157 0.160912 0.415292
v 1.238948 0.116195 0.432717
v 1.307331 0.133656 0.381091
v 1.122389 0.082455 0.542405
v 1.185936 0.099918 0.489631
v 1.123528 0.126840 0.521459
v 1.194648 0.333441 0.319007
v 1.233575 0.296328 0.350107
v 1.282828 0.309701 0.291134
v 1.131293 0.267832 0.465363
v 1.169712 0.279170 0.403716
v 1.090791 0.304453 0.430920
v 1.339096 0.228036 0.348082
v 1.250375 0.253225 0.375490
v 1.259305 0.209383 0.398552
v 0.856821 0.190920 0.665507
v 0.927569 0.211070 0.617038
v 0.837021 0.233623 0.631791
v 1.077757 0.158260 0.564445
v 1.009899 0.185721 0.594820
v 1.016838 0.139536 0.618782
v 0.998056 0.278569 0.549528
v 1.004792 0.232404 0.572445
v 1.067588 0.250111 0.520063
v 1.179337 0.188959 0.446190
v 1.117348 0.218096 0.479850
v 1.110055 0.170696 0.496234
v 0.658922 0.527968 0.468203
v 0.722557 0.429096 0.528678
v 0.687370 0.474756 0.496457
v 0.755573 0.495425 0.442324
v 0.846858 0.463588 0.417348
v 0.820377 0.285935 0.616021
v 0.969704 0.328227 0.524096
v 0.894984 0.306887 0.569918
v 0.796687 0.337037 0.594201
v 0.756148 0.379991 0.559306
v 1.118195 0.368799 0.345619
v 0.945227 0.433130 0.394192
v 1.039774 0.404385 0.372832
v 1.061956 0.352626 0.401106
v 1.028063 0.344216 0.465106
v 0.829291 0.403129 0.510985
v 0.933793 0.375321 0.490563
v 0.892629 0.420805 0.454765
v -0.103192 0.315348 0.767733
v 0.000000 0.324319 0.748433
v -0.309054 0.282362 0.773491
v -0.207275 0.300091 0.773720
v 0.000000 0.245521 0.827035
v -0.104790 0.273757 0.802847
v -0.106205 0.230060 0.834429
v -0.720186 0.201013 0.757638
v -0.623519 0.224494 0.770615
v -0.422195 0.167790 0.820440
v -0.522768 0.196030 0.796748
v -0.521544 0.145569 0.811713
v -0.521189 0.245769 0.776715
v -0.420849 0.266659 0.783533
v 0.000000 0.051882 0.908987
v -0.110166 0.082326 0.898058
v -0.110155 0.030746 0.902311
v -0.106293 0.178354 0.846447
v -0.108150 0.131700 0.873961
v 0.000000 0.151422 0.872975
v -0.319130 0.089073 0.856939
v -0.214825 0.110336 0.865875
v -0.315725 0.137872 0.839075
v -0.314165 0.236441 0.801281
v -0.316263 0.187634 0.822712
v -0.210090 0.207501 0.823711
v -1.237458 -0.027724 0.473873
v -1.207453 0.000000 0.520064
v -1.061340 -0.054473 0.575173
v -1.131732 -0.027719 0.547331
v -1.104298 -0.081126 0.533663
v -1.157740 0.028356 0.559908
v -1.098090 0.056359 0.595088
v -0.808146 -0.166666 0.717075
v -0.882721 -0.139312 0.687294
v -0.883855 -0.196944 0.686505
v -0.870324 -0.027830 0.679219
v -0.863334 -0.081290 0.673240
v -0.803128 -0.054296 0.712623
v -0.995384 -0.136592 0.605727
v -0.932704 -0.109240 0.641449
v -0.995131 -0.082170 0.608324
v -0.889299 0.140350 0.692415
v -0.827326 0.170621 0.734093
v -1.027024 0.084803 0.627821
v -0.958169 0.112222 0.658961
v -0.813899 0.055025 0.722180
v -0.878488 0.082716 0.685057
v -0.878154 0.028081 0.685330
v -0.995163 -0.027388 0.607865
v -0.943211 0.000000 0.650646
v -1.021403 0.028110 0.623893
v 0.000000 -0.319312 0.736878
v -0.099773 -0.304902 0.742302
v -0.100402 -0.349115 0.719955
v -0.099990 -0.216598 0.785602
v -0.099290 -0.259388 0.760706
v 0.000000 -0.229578 0.773332
v -0.293120 -0.310836 0.710062
v -0.196714 -0.284801 0.734298
v -0.292114 -0.266885 0.731095
v -0.108599 -0.030311 0.889567
v -0.105590 -0.078907 0.860759
v 0.000000 -0.049986 0.875760
v -0.300125 -0.131059 0.797616
v -0.205652 -0.105624 0.828903
v -0.306356 -0.085508 0.822639
v 0.000000 -0.143742 0.828697
v -0.103533 -0.126078 0.836657
v -0.101599 -0.170478 0.809070
v -0.683757 -0.239055 0.701424
v -0.585000 -0.210625 0.723009
v -0.687822 -0.191979 0.723590
v -0.392086 -0.248435 0.729984
v -0.492687 -0.232329 0.734239
v -0.491058 -0.278777 0.714159
v -0.497002 -0.138719 0.773516
v -0.496292 -0.186102 0.756396
v -0.401404 -0.159527 0.780036
v -0.202946 -0.200445 0.795703
v -0.300755 -0.178433 0.782371
v -0.300285 -0.225995 0.765878
v -0.735374 0.144921 0.771039
v -0.723793 0.029081 0.756501
v -0.730644 0.085739 0.764474
v -0.636343 0.117396 0.801131
v -0.534222 0.089146 0.824321
v -0.693693 -0.136707 0.727337
v -0.513493 -0.085687 0.792335
v -0.593628 -0.109516 0.747354
v -0.703041 -0.082500 0.735593
v -0.715268 -0.028738 0.747590
v -0.216591 0.000000 0.881584
v -0.424740 0.058879 0.842719
v -0.318763 0.029637 0.853972
v -0.316410 -0.029419 0.847669
v -0.414313 -0.057433 0.822031
v -0.627276 0.000000 0.785914
v -0.528497 -0.029502 0.816724
v -0.529257 0.029544 0.817900
v -1.333191 -0.044379 0.364653
v -1.290807 -0.044581 0.416805
v -1.418137 -0.044702 0.260362
v -1.368604 -0.044240 0.310756
v -1.272048 -0.130049 0.370806
v -1.322677 -0.087755 0.341611
v -1.311299 -0.129758 0.318758
v -1.543956 -0.046681 0.035032
v -1.534916 -0.046632 0.093697
v -1.460214 -0.136075 0.159771
v -1.487887 -0.091422 0.126252
v -1.487220 -0.137166 0.102939
v -1.499840 -0.045965 0.150503
v -1.458232 -0.045351 0.204605
v -1.228651 -0.296622 0.278839
v -1.267736 -0.254036 0.245926
v -1.267361 -0.298358 0.223908
v -1.285128 -0.170950 0.291242
v -1.278763 -0.212509 0.269441
v -1.232320 -0.209853 0.320327
v -1.377351 -0.219173 0.164483
v -1.334577 -0.216863 0.218653
v -1.388194 -0.176917 0.189050
v -1.398114 -0.088313 0.234528
v -1.388162 -0.132158 0.210820
v -1.342670 -0.130376 0.263825
v -1.248045 -0.043104 -0.402997
v -1.299121 -0.043245 -0.355334
v -1.305232 -0.129158 -0.317283
v -1.296968 -0.086049 -0.334971
v -1.275392 -0.130391 -0.371781
v -1.347882 -0.043571 -0.306050
v -1.399101 -0.044102 -0.256867
v -1.302876 -0.306718 -0.230183
v -1.337836 -0.268083 -0.259524
v -1.262240 -0.304731 -0.286462
v -1.419077 -0.180853 -0.193256
v -1.386094 -0.225234 -0.227093
v -1.391303 -0.221393 -0.166149
v -1.305372 -0.222293 -0.339316
v -1.341861 -0.222995 -0.282736
v -1.313707 -0.174751 -0.297718
v -1.538431 -0.046738 -0.093911
v -1.551303 -0.046903 -0.035199
v -1.438882 -0.044749 -0.201890
v -1.492216 -0.045732 -0.149738
v -1.477220 -0.136244 -0.102247
v -1.502007 -0.092290 -0.127450
v -1.455169 -0.135605 -0.159219
v -1.361870 -0.132240 -0.267598
v -1.411321 -0.134363 -0.214337
v -1.397482 -0.088274 -0.234422
v -0.934544 -0.604397 0.036409
v -1.009351 -0.580376 0.000000
v -0.928562 -0.600528 -0.036176
v -1.138134 -0.520120 0.071777
v -1.078273 -0.552175 0.036364
v -1.084233 -0.555643 0.109754
v -1.058004 -0.542201 -0.107099
v -1.073616 -0.549790 -0.036207
v -1.116480 -0.510224 -0.070412
v -1.262370 -0.352343 0.195378
v -1.255514 -0.399352 0.169463
v -1.215117 -0.387444 0.232127
v -1.292235 -0.410078 0.035258
v -1.296857 -0.411865 0.104271
v -1.341189 -0.374342 0.068047
v -1.188573 -0.483719 0.178477
v -1.230651 -0.443170 0.139561
v -1.198210 -0.485436 0.107775
v -1.202401 -0.383390 -0.229698
v -1.222778 -0.388940 -0.165044
v -1.259443 -0.351526 -0.194925
v -1.161282 -0.470475 -0.104454
v -1.202159 -0.432910 -0.136329
v -1.150527 -0.468235 -0.172764
v -1.308532 -0.365227 -0.066390
v -1.262536 -0.400965 -0.101512
v -1.289339 -0.409159 -0.035179
v -1.181622 -0.479092 0.035452
v -1.232466 -0.442479 0.000000
v -1.163559 -0.471769 -0.034910
v -1.512723 -0.092043 0.000000
v -1.430215 -0.178523 -0.066540
v -1.477394 -0.136576 -0.034143
v -1.477680 -0.136602 0.034149
v -1.453895 -0.181479 0.067642
v -1.312335 -0.309978 -0.164251
v -1.327267 -0.314497 -0.033975
v -1.328565 -0.314470 -0.099222
v -1.331184 -0.261866 -0.129896
v -1.379508 -0.221413 -0.099343
v -1.305300 -0.308316 0.163371
v -1.395380 -0.223961 0.100486
v -1.339568 -0.263516 0.130715
v -1.357493 -0.321317 0.101382
v -1.345363 -0.318785 0.034438
v -1.388894 -0.222582 -0.033408
v -1.360800 -0.268987 0.000000
v -1.389086 -0.222612 0.033413
v -1.191135 0.000000 -0.513035
v -1.216871 -0.027263 -0.465989
v -1.125728 0.057778 -0.610066
v -1.158241 0.028368 -0.560151
v -1.121223 -0.082369 -0.541842
v -1.141616 -0.027961 -0.552110
v -1.089976 -0.055943 -0.590691
v -0.823392 0.169810 -0.730603
v -0.913276 0.144134 -0.711084
v -0.940129 0.030063 -0.733697
v -0.924053 0.087007 -0.720590
v -0.851461 0.057564 -0.755509
v -0.996606 0.116724 -0.685396
v -1.068948 0.088265 -0.653449
v -0.883277 -0.196815 -0.686056
v -0.883401 -0.139419 -0.687823
v -0.814724 -0.168022 -0.722912
v -1.023434 -0.084507 -0.625626
v -0.954641 -0.111809 -0.656535
v -0.996495 -0.136744 -0.606403
v -0.823057 -0.055644 -0.730305
v -0.901104 -0.084846 -0.702694
v -0.923159 -0.029520 -0.720453
v -1.074690 0.029576 -0.656441
v -1.010310 0.000000 -0.696933
v -1.056441 -0.029074 -0.645295
v 0.000000 0.334765 -0.772539
v -0.102989 0.314728 -0.766225
v -0.098926 0.214292 -0.777239
v -0.100982 0.263809 -0.773670
v 0.000000 0.232022 -0.781563
v -0.203830 0.295104 -0.760862
v -0.300136 0.274214 -0.751171
v -0.102388 0.028578 -0.838690
v -0.101757 0.076042 -0.829515
v 0.000000 0.047385 -0.830201
v -0.294304 0.128517 -0.782145
v -0.200923 0.103195 -0.809842
v -0.298593 0.083341 -0.801794
v 0.000000 0.138866 -0.800588
v -0.100761 0.122703 -0.814257
v -0.099263 0.166558 -0.790465
v -0.600897 0.216349 -0.742656
v -0.706783 0.197272 -0.743537
v -0.401394 0.254332 -0.747312
v -0.498794 0.235209 -0.743341
v -0.488074 0.136227 -0.759622
v -0.496157 0.186052 -0.756190
v -0.393155 0.156249 -0.764007
v -0.197381 0.194949 -0.773883
v -0.297645 0.176588 -0.774280
v -0.301491 0.226903 -0.768955
v -0.103156 -0.358690 -0.739700
v -0.101838 -0.311211 -0.757661
v 0.000000 -0.321226 -0.741296
v -0.308868 -0.282192 -0.773026
v -0.204057 -0.295433 -0.761709
v -0.307606 -0.326198 -0.745153
v 0.000000 -0.233503 -0.786552
v -0.100934 -0.263682 -0.773300
v -0.100288 -0.217245 -0.787948
v -0.710226 -0.198233 -0.747159
v -0.620049 -0.223245 -0.766326
v -0.710123 -0.248273 -0.728472
v -0.427065 -0.169725 -0.829903
v -0.527717 -0.197886 -0.804291
v -0.520360 -0.145239 -0.809870
v -0.523344 -0.297105 -0.761112
v -0.525496 -0.247801 -0.783135
v -0.419623 -0.265882 -0.781251
v 0.000000 -0.048819 -0.855321
v -0.106072 -0.079266 -0.864684
v -0.102934 -0.028730 -0.843165
v -0.104272 -0.174962 -0.830352
v -0.106154 -0.129270 -0.857836
v 0.000000 -0.146917 -0.846999
v -0.311454 -0.086931 -0.836326
v -0.211659 -0.108710 -0.853117
v -0.317640 -0.138707 -0.844162
v -0.312429 -0.235134 -0.796852
v -0.317740 -0.188510 -0.826555
v -0.207108 -0.204556 -0.812020
v -0.729004 0.143666 -0.764360
v -0.505840 0.084410 -0.780527
v -0.603720 0.111378 -0.760059
v -0.734142 0.086149 -0.768134
v -0.737708 0.029640 -0.771045
v -0.206489 0.000000 -0.840465
v -0.415511 -0.057599 -0.824408
v -0.310851 -0.028902 -0.832778
v -0.307248 0.028567 -0.823126
v -0.401999 0.055726 -0.797600
v -0.726200 -0.143113 -0.761420
v -0.733598 -0.029475 -0.766749
v -0.727024 -0.085314 -0.760687
v -0.623097 -0.114953 -0.784455
v -0.520936 -0.086929 -0.803820
v -0.512683 0.028619 -0.792287
v -0.525148 -0.029315 -0.811549
v -0.633637 0.000000 -0.793885
v 0.170032 0.397924 -0.724196
v 0.106270 0.369521 -0.762035
v 0.283521 0.433505 -0.621966
v 0.229455 0.418184 -0.674479
v 0.310430 0.329192 -0.751993
v 0.271129 0.375526 -0.715974
v 0.368738 0.353939 -0.707789
v 0.523887 0.526916 -0.464850
v 0.460765 0.500968 -0.501478
v 0.536926 0.415224 -0.567595
v 0.503653 0.461389 -0.539284
v 0.598627 0.439195 -0.531167
v 0.407193 0.485032 -0.548367
v 0.346236 0.459270 -0.583949
v 0.704976 0.246473 -0.723191
v 0.669769 0.294306 -0.690513
v 0.767648 0.273142 -0.681141
v 0.475302 0.336480 -0.707968
v 0.569683 0.314175 -0.696660
v 0.509753 0.289390 -0.741346
v 0.673648 0.354613 -0.597734
v 0.620306 0.333626 -0.643680
v 0.574753 0.371413 -0.601239
v 0.382389 0.413442 -0.615858
v 0.481182 0.393743 -0.610526
v 0.427023 0.375014 -0.660046
v 0.891582 0.576611 -0.034735
v 0.859372 0.581678 -0.090942
v 0.964309 0.514557 -0.156193
v 0.904431 0.542528 -0.122902
v 0.999638 0.512290 -0.101191
v 0.815401 0.578195 -0.145801
v 0.778374 0.578907 -0.200831
v 1.197062 0.392765 -0.294759
v 1.162748 0.432886 -0.264856
v 1.215659 0.387617 -0.232231
v 0.981028 0.498750 -0.314171
v 1.087472 0.472731 -0.293992
v 1.044246 0.469701 -0.352496
v 1.088073 0.442818 -0.163386
v 1.097597 0.461518 -0.228206
v 1.022822 0.483674 -0.190967
v 0.649326 0.566605 -0.365967
v 0.593524 0.550467 -0.413109
v 0.746459 0.584125 -0.261138
v 0.710362 0.585834 -0.319003
v 0.804222 0.504167 -0.378362
v 0.759927 0.545291 -0.349923
v 0.866599 0.521740 -0.332121
v 0.946534 0.524382 -0.216811
v 0.916042 0.528265 -0.277246
v 0.841911 0.551110 -0.237423
v 1.315988 0.029484 -0.503945
v 1.344810 0.078197 -0.492054
v 1.386281 0.047879 -0.447634
v 1.218160 0.137523 -0.565380
v 1.283504 0.108138 -0.529913
v 1.205456 0.088557 -0.582548
v 1.368100 0.139869 -0.398806
v 1.332365 0.124956 -0.465344
v 1.327867 0.171326 -0.442168
v 0.895457 0.249933 -0.675899
v 0.988535 0.224943 -0.657594
v 0.900674 0.200692 -0.699568
v 1.103096 0.258430 -0.537360
v 1.049937 0.242846 -0.598165
v 1.032612 0.288215 -0.568555
v 1.069622 0.146779 -0.650903
v 1.065481 0.195943 -0.627558
v 1.151482 0.169086 -0.603057
v 1.302419 0.314431 -0.295580
v 1.282010 0.307963 -0.363854
v 1.237157 0.345306 -0.330358
v 1.339319 0.222686 -0.423875
v 1.316656 0.266648 -0.395395
v 1.374190 0.234012 -0.357204
v 1.145657 0.319767 -0.452595
v 1.231117 0.293825 -0.424910
v 1.169106 0.276784 -0.480918
v 1.211997 0.186372 -0.541805
v 1.183896 0.231085 -0.508429
v 1.263445 0.202436 -0.478011
v 0.639043 0.512040 -0.454078
v 0.849048 0.464787 -0.418427
v 0.747459 0.490105 -0.437574
v 0.672151 0.464244 -0.485464
v 0.712428 0.423081 -0.521266
v 1.179226 0.388928 -0.364483
v 1.054048 0.352916 -0.476862
v 1.128103 0.374591 -0.426090
v 1.081993 0.420805 -0.387970
v 0.977718 0.448018 -0.407742
v 0.852221 0.297034 -0.639932
v 0.752235 0.378024 -0.556411
v 0.797257 0.337278 -0.594626
v 0.913265 0.313155 -0.581560
v 0.983878 0.333024 -0.531756
v 0.919188 0.433325 -0.468296
v 0.951694 0.382516 -0.499967
v 0.832782 0.404826 -0.513137
v 0.895876 -0.579389 0.034902
v 0.857276 -0.580259 0.090720
v 0.787284 -0.603828 0.056074
v 1.007921 -0.537829 0.163257
v 0.929670 -0.557667 0.126332
v 1.047734 -0.536938 0.106060
v 0.697152 -0.592294 0.162815
v 0.812095 -0.575850 0.145210
v 0.765054 -0.569001 0.197395
v 1.207963 -0.396342 0.297443
v 1.184035 -0.440811 0.269705
v 1.234707 -0.393690 0.235869
v 0.964251 -0.490221 0.308798
v 1.084712 -0.471531 0.293246
v 1.019713 -0.458666 0.344215
v 1.161973 -0.472893 0.174482
v 1.134281 -0.476943 0.235833
v 1.064133 -0.503209 0.198680
v 0.533781 -0.582495 0.378113
v 0.636794 -0.555670 0.358904
v 0.590939 -0.548070 0.411310
v 0.719239 -0.562824 0.251615
v 0.672713 -0.554785 0.302096
v 0.626310 -0.596723 0.273224
v 0.794362 -0.497986 0.373723
v 0.745099 -0.534651 0.343095
v 0.840338 -0.505930 0.322057
v 0.959079 -0.531332 0.219684
v 0.911860 -0.525854 0.275980
v 0.842359 -0.551403 0.237550
v 1.255699 -0.028133 0.480858
v 1.277308 -0.074272 0.467356
v 1.333478 -0.046055 0.430584
v 1.157042 -0.130624 0.537013
v 1.212925 -0.102192 0.500773
v 1.161244 -0.085309 0.561182
v 1.306302 -0.133551 0.380791
v 1.266349 -0.118764 0.442287
v 1.251192 -0.161433 0.416636
v 0.863497 -0.241012 0.651775
v 0.953114 -0.216883 0.634031
v 0.862689 -0.192228 0.670065
v 1.104145 -0.258675 0.537871
v 1.026705 -0.237472 0.584929
v 1.021676 -0.285162 0.562533
v 1.010482 -0.138664 0.614915
v 1.025733 -0.188633 0.604146
v 1.093345 -0.160549 0.572609
v 1.323542 -0.319531 0.300374
v 1.271816 -0.305514 0.360961
v 1.257581 -0.351006 0.335812
v 1.254630 -0.208605 0.397072
v 1.273619 -0.257932 0.382471
v 1.312937 -0.223582 0.341282
v 1.155144 -0.322415 0.456343
v 1.223184 -0.291932 0.422172
v 1.168567 -0.276657 0.480697
v 1.165275 -0.179187 0.520919
v 1.157665 -0.225965 0.497164
v 1.216071 -0.194845 0.460088
v 0.062498 -0.397295 0.690858
v 0.164590 -0.385187 0.701016
v 0.099657 -0.346524 0.714610
v 0.292363 -0.447024 0.641361
v 0.228394 -0.416251 0.671360
v 0.188402 -0.460936 0.635138
v 0.308121 -0.326744 0.746400
v 0.270268 -0.374333 0.713699
v 0.372616 -0.357661 0.715232
v 0.529700 -0.532763 0.470008
v 0.470236 -0.511265 0.511786
v 0.422721 -0.548024 0.469835
v 0.560473 -0.433435 0.592488
v 0.522069 -0.478259 0.559003
v 0.616601 -0.452383 0.547116
v 0.304767 -0.502650 0.550032
v 0.411600 -0.490282 0.554302
v 0.357223 -0.473845 0.602481
v 0.687428 -0.240338 0.705190
v 0.665982 -0.292642 0.686608
v 0.756731 -0.269258 0.671454
v 0.471866 -0.334048 0.702850
v 0.571702 -0.315288 0.699129
v 0.508299 -0.288564 0.739232
v 0.687204 -0.361749 0.609762
v 0.634416 -0.341214 0.658322
v 0.594700 -0.384302 0.622105
v 0.397775 -0.430077 0.640639
v 0.502804 -0.411436 0.637960
v 0.438433 -0.385035 0.677683
v 1.180279 -0.389275 0.364808
v 1.043614 -0.349423 0.472141
v 1.111004 -0.368913 0.419631
v 1.070446 -0.416314 0.383830
v 0.954517 -0.437387 0.398066
v 0.829868 -0.289242 0.623147
v 0.763683 -0.383777 0.564879
v 0.803811 -0.340051 0.599514
v 0.917792 -0.314708 0.584442
v 0.988734 -0.334668 0.534381
v 0.637166 -0.510536 0.452744
v 0.838802 -0.459178 0.413377
v 0.738803 -0.484429 0.432506
v 0.685258 -0.473297 0.494931
v 0.722464 -0.429040 0.528609
v 0.926856 -0.372533 0.486918
v 0.817418 -0.397357 0.503670
v 0.879599 -0.414662 0.448127
v 0.686482 -0.621577 0.055634
v 0.728913 -0.625607 0.000000
v 0.605849 -0.617248 0.164228
v 0.641647 -0.615278 0.109760
v 0.532639 -0.667288 0.000000
v 0.593068 -0.646870 0.056223
v 0.492086 -0.663796 0.056260
v 0.421956 -0.591494 0.374405
v 0.477759 -0.609940 0.328630
v 0.361727 -0.657821 0.225415
v 0.420457 -0.635571 0.277690
v 0.311814 -0.646656 0.276675
v 0.525650 -0.617840 0.276069
v 0.566048 -0.618586 0.221246
v 0.107134 -0.698096 0.000000
v 0.170223 -0.690608 0.056413
v 0.064124 -0.699900 0.056897
v 0.380594 -0.671778 0.056174
v 0.277259 -0.684287 0.056387
v 0.321383 -0.689096 0.000000
v 0.188709 -0.675214 0.167443
v 0.232213 -0.677754 0.111972
v 0.296549 -0.671225 0.168184
v 0.515226 -0.649389 0.169546
v 0.409380 -0.667589 0.170890
v 0.448284 -0.661842 0.112407
v -0.062254 -0.395743 0.688160
v 0.000000 -0.426726 0.659737
v -0.126660 -0.497392 0.611172
v -0.062719 -0.460590 0.634186
v -0.191062 -0.467444 0.644106
v 0.062194 -0.456735 0.628878
v 0.123948 -0.486745 0.598090
v -0.374101 -0.598623 0.449248
v -0.313470 -0.575171 0.491911
v -0.439780 -0.570140 0.488795
v -0.063731 -0.578477 0.493589
v -0.189254 -0.582942 0.497786
v -0.125661 -0.613388 0.460329
v -0.320254 -0.528192 0.577981
v -0.254599 -0.556011 0.538361
v -0.192511 -0.530059 0.577401
v 0.302378 -0.554819 0.474505
v 0.358938 -0.574359 0.431039
v 0.183900 -0.506348 0.551572
v 0.243735 -0.532284 0.515387
v 0.118687 -0.579343 0.434780
v 0.181141 -0.557952 0.476446
v 0.061938 -0.562204 0.479703
v -0.063757 -0.526289 0.573746
v 0.000000 -0.545687 0.526763
v 0.062011 -0.511871 0.558028
v -0.757499 -0.650141 0.000000
v -0.728292 -0.659435 0.059022
v -0.829250 -0.636015 0.059063
v -0.513871 -0.693183 0.058750
v -0.618036 -0.674102 0.058590
v -0.540350 -0.676948 0.000000
v -0.742971 -0.631222 0.173516
v -0.680235 -0.652281 0.116361
v -0.637534 -0.649529 0.172817
v -0.064018 -0.698750 0.056804
v -0.171644 -0.696375 0.056884
v -0.108486 -0.706905 0.000000
v -0.306442 -0.693617 0.173795
v -0.240101 -0.700776 0.115775
v -0.193246 -0.691449 0.171469
v -0.323709 -0.694083 0.000000
v -0.285592 -0.704855 0.058082
v -0.396677 -0.700166 0.058548
v -0.561949 -0.613234 0.398066
v -0.506125 -0.646154 0.348142
v -0.446607 -0.626050 0.396279
v -0.592896 -0.647925 0.231740
v -0.549365 -0.645715 0.288524
v -0.651491 -0.620715 0.284210
v -0.326921 -0.677988 0.290080
v -0.438682 -0.663120 0.289726
v -0.375308 -0.682518 0.233878
v -0.468584 -0.691812 0.117497
v -0.422453 -0.688906 0.176347
v -0.534222 -0.673331 0.175797
v 0.301845 -0.597274 0.379327
v 0.063288 -0.612310 0.390107
v 0.182752 -0.606026 0.385694
v 0.248933 -0.631796 0.334174
v 0.191003 -0.656869 0.283473
v -0.320525 -0.634238 0.402803
v -0.195385 -0.671939 0.289977
v -0.261028 -0.662494 0.350411
v -0.192632 -0.638791 0.406546
v -0.066087 -0.639388 0.407359
v 0.000000 -0.684010 0.111904
v 0.125685 -0.669042 0.224544
v 0.062188 -0.666435 0.165649
v -0.062858 -0.673610 0.167433
v -0.127674 -0.679629 0.228097
v 0.000000 -0.649708 0.345310
v -0.065123 -0.670512 0.288923
v 0.063953 -0.658465 0.283731
v 0.692190 -0.626745 -0.056096
v 0.786242 -0.603029 -0.055999
v 0.494798 -0.667454 -0.056570
v 0.600245 -0.654698 -0.056903
v 0.731206 -0.621226 -0.170768
v 0.671776 -0.644170 -0.114914
v 0.636663 -0.648641 -0.172580
v 0.063234 -0.690187 -0.056108
v 0.169248 -0.686654 -0.056090
v 0.296339 -0.670749 -0.168065
v 0.233224 -0.680706 -0.112460
v 0.186370 -0.666846 -0.165368
v 0.279676 -0.690253 -0.056879
v 0.386874 -0.682862 -0.057101
v 0.537882 -0.586970 -0.381018
v 0.479628 -0.612326 -0.329916
v 0.420140 -0.588948 -0.372794
v 0.583858 -0.638049 -0.228208
v 0.535233 -0.629104 -0.281102
v 0.649653 -0.618964 -0.283408
v 0.302202 -0.626723 -0.268147
v 0.415159 -0.627562 -0.274191
v 0.356981 -0.649189 -0.222457
v 0.459523 -0.678434 -0.115225
v 0.412814 -0.673188 -0.172324
v 0.528999 -0.666748 -0.174078
v -0.810155 -0.621369 -0.057702
v -0.718309 -0.650396 -0.058213
v -0.615263 -0.626838 -0.166779
v -0.672843 -0.645193 -0.115096
v -0.726040 -0.616838 -0.169562
v -0.612393 -0.667948 -0.058055
v -0.507212 -0.684200 -0.057989
v -0.410681 -0.575689 -0.364401
v -0.460361 -0.587729 -0.316663
v -0.510652 -0.557255 -0.361729
v -0.357497 -0.650127 -0.222778
v -0.412592 -0.623683 -0.272496
v -0.310377 -0.643677 -0.275401
v -0.615653 -0.586570 -0.268575
v -0.515755 -0.606211 -0.270872
v -0.564045 -0.616397 -0.220464
v -0.172182 -0.698557 -0.057063
v -0.064006 -0.698616 -0.056793
v -0.388324 -0.685420 -0.057315
v -0.278773 -0.688025 -0.056695
v -0.189494 -0.678024 -0.168140
v -0.234993 -0.685869 -0.113313
v -0.295424 -0.668679 -0.167546
v -0.505860 -0.637584 -0.166463
v -0.398064 -0.649135 -0.166167
v -0.453223 -0.669133 -0.113645
v 0.062168 -0.395195 -0.687208
v 0.000000 -0.415971 -0.643110
v -0.062004 -0.394157 -0.685403
v 0.114681 -0.450354 -0.553374
v 0.058962 -0.433001 -0.596199
v 0.175446 -0.429237 -0.591459
v -0.177163 -0.433439 -0.597250
v -0.059587 -0.437586 -0.602512
v -0.118317 -0.464632 -0.570919
v 0.359219 -0.574809 -0.431377
v 0.296371 -0.543796 -0.465077
v 0.422009 -0.547101 -0.469043
v 0.058899 -0.534619 -0.456167
v 0.173716 -0.535083 -0.456918
v 0.112909 -0.551142 -0.413616
v 0.299160 -0.493403 -0.539913
v 0.236740 -0.517007 -0.500596
v 0.176008 -0.484620 -0.527903
v -0.413208 -0.535691 -0.459261
v -0.293756 -0.538999 -0.460974
v -0.352306 -0.563746 -0.423075
v -0.179054 -0.493007 -0.537040
v -0.236027 -0.515452 -0.499089
v -0.294434 -0.485608 -0.531383
v -0.115968 -0.566073 -0.424820
v -0.177855 -0.547830 -0.467803
v -0.059808 -0.542871 -0.463207
v 0.058095 -0.479546 -0.522788
v 0.000000 -0.513357 -0.495554
v -0.059170 -0.488423 -0.532466
v 0.000000 -0.685526 -0.112152
v -0.124425 -0.662335 -0.222293
v -0.063243 -0.677743 -0.168460
v 0.062297 -0.667600 -0.165939
v 0.122675 -0.653020 -0.219167
v -0.296078 -0.585863 -0.372080
v -0.060490 -0.585238 -0.372860
v -0.176909 -0.586651 -0.373363
v -0.242601 -0.615726 -0.325674
v -0.189666 -0.652273 -0.281490
v 0.296775 -0.587243 -0.372956
v 0.186414 -0.641088 -0.276663
v 0.241053 -0.611797 -0.323596
v 0.176664 -0.585838 -0.372845
v 0.060226 -0.582689 -0.371236
v -0.062255 -0.640976 -0.276195
v 0.000000 -0.611806 -0.325166
v 0.062047 -0.638839 -0.275275
v 0.873198 -0.591036 -0.092405
v 0.894375 -0.578418 -0.034844
v 0.793628 -0.590252 -0.204767
v 0.841058 -0.596388 -0.150389
v 1.046264 -0.536185 -0.105911
v 0.947663 -0.568461 -0.128777
v 1.008906 -0.538355 -0.163416
v 0.608325 -0.564195 -0.423411
v 0.654426 -0.571055 -0.368841
v 0.863340 -0.519778 -0.330872
v 0.766969 -0.550343 -0.353165
v 0.835789 -0.523956 -0.393213
v 0.708242 -0.584086 -0.318051
v 0.755781 -0.591419 -0.264399
v 1.241132 -0.395739 -0.237097
v 1.167399 -0.434617 -0.265915
v 1.197293 -0.392841 -0.294815
v 1.069213 -0.505611 -0.199628
v 1.106364 -0.465204 -0.230028
v 1.134095 -0.461548 -0.170296
v 1.019707 -0.458663 -0.344213
v 1.070406 -0.465312 -0.289379
v 0.964954 -0.490578 -0.309024
v 0.865042 -0.566251 -0.243946
v 0.923038 -0.532300 -0.279364
v 0.963554 -0.533811 -0.220709
v 0.099941 -0.347514 -0.716653
v 0.161971 -0.379059 -0.689864
v 0.355456 -0.341190 -0.682294
v 0.258905 -0.358595 -0.683693
v 0.295548 -0.313411 -0.715944
v 0.217727 -0.396809 -0.640004
v 0.271499 -0.415124 -0.595593
v 0.714082 -0.254083 -0.633612
v 0.640238 -0.281330 -0.660066
v 0.666781 -0.233120 -0.684010
v 0.584436 -0.377670 -0.611368
v 0.618354 -0.332575 -0.641654
v 0.669122 -0.352231 -0.593718
v 0.483682 -0.274589 -0.703431
v 0.559576 -0.308601 -0.684301
v 0.457678 -0.324003 -0.681716
v 0.475055 -0.516504 -0.517030
v 0.538028 -0.541139 -0.477397
v 0.338055 -0.448419 -0.570152
v 0.410556 -0.489038 -0.552895
v 0.631279 -0.463152 -0.560140
v 0.519274 -0.475699 -0.556011
v 0.558634 -0.432013 -0.590544
v 0.419014 -0.367981 -0.647667
v 0.485343 -0.397148 -0.615805
v 0.380077 -0.410942 -0.612134
v 1.356969 -0.046866 -0.438169
v 1.328259 -0.077234 -0.485999
v 1.305199 -0.029242 -0.499814
v 1.341337 -0.173064 -0.446653
v 1.336766 -0.125368 -0.466881
v 1.372393 -0.140308 -0.400057
v 1.213255 -0.089130 -0.586317
v 1.288356 -0.108547 -0.531916
v 1.205993 -0.136150 -0.559733
v 1.233856 -0.344384 -0.329477
v 1.258788 -0.302385 -0.357264
v 1.293041 -0.312167 -0.293452
v 1.149671 -0.272183 -0.472923
v 1.224063 -0.292142 -0.422475
v 1.151343 -0.321354 -0.454841
v 1.357934 -0.231244 -0.352979
v 1.293254 -0.261909 -0.388367
v 1.321756 -0.219766 -0.418317
v 0.828747 -0.184665 -0.643702
v 0.911354 -0.207381 -0.606251
v 0.812347 -0.226736 -0.613167
v 1.106991 -0.162553 -0.579756
v 1.000236 -0.183944 -0.589129
v 1.030293 -0.141382 -0.626970
v 0.960474 -0.268080 -0.528835
v 0.975605 -0.225653 -0.555817
v 1.060819 -0.248525 -0.516765
v 1.263612 -0.202462 -0.478074
v 1.170045 -0.228382 -0.502481
v 1.193432 -0.183517 -0.533506
v 0.658906 -0.527955 -0.468192
v 0.735002 -0.436486 -0.537783
v 0.703424 -0.485845 -0.508052
v 0.776960 -0.509448 -0.454844
v 0.877883 -0.480572 -0.432637
v 0.774149 -0.269822 -0.581308
v 0.960646 -0.325161 -0.519200
v 0.859139 -0.294596 -0.547093
v 0.772766 -0.326917 -0.576359
v 0.753062 -0.378440 -0.557023
v 1.155896 -0.381233 -0.357272
v 0.987521 -0.452511 -0.411830
v 1.075666 -0.418344 -0.385701
v 1.129521 -0.375061 -0.426625
v 1.061195 -0.355309 -0.480095
v 0.842185 -0.409397 -0.518930
v 0.959289 -0.385568 -0.503957
v 0.927329 -0.437163 -0.472444
v 0.968881 -0.557106 0.000000
v 1.109357 -0.506969 -0.069962
v 1.050863 -0.538138 -0.035439
v 1.054464 -0.539982 0.035561
v 1.109089 -0.506847 0.069945
v 1.264350 -0.352895 -0.195685
v 1.237084 -0.393490 -0.166975
v 1.244005 -0.394772 -0.033942
v 1.246980 -0.396024 -0.100261
v 1.297202 -0.362065 -0.065815
v 1.185523 -0.426919 -0.134443
v 1.147078 -0.464720 -0.103176
v 1.248360 -0.397077 0.168497
v 1.287957 -0.359484 0.199338
v 1.157328 -0.468873 0.104098
v 1.209654 -0.435609 0.137179
v 1.312785 -0.366414 0.066606
v 1.255799 -0.398825 0.100970
v 1.255999 -0.398579 0.034269
v 1.159669 -0.470192 -0.034793
v 1.204292 -0.432364 0.000000
v 1.167042 -0.473181 0.035014
v 1.402949 0.000000 -0.404827
v 1.394737 -0.046428 -0.381487
v 1.441385 -0.045435 -0.264630
v 1.415280 -0.045749 -0.321354
v 1.467735 0.000000 -0.290149
v 1.376777 -0.091344 -0.355583
v 1.393169 -0.137859 -0.338659
v 1.544463 -0.046696 -0.035044
v 1.528498 -0.046437 -0.093305
v 1.544573 0.000000 -0.058705
v 1.456022 -0.135685 -0.159313
v 1.477084 -0.090759 -0.125335
v 1.458333 -0.134502 -0.100940
v 1.508326 0.000000 -0.174217
v 1.507904 -0.046213 -0.151312
v 1.485788 -0.046208 -0.208472
v 1.370769 -0.274682 -0.265913
v 1.335343 -0.314362 -0.235919
v 1.420054 -0.188898 -0.321819
v 1.400585 -0.232753 -0.295110
v 1.424746 -0.226715 -0.170142
v 1.429258 -0.232248 -0.234165
v 1.447715 -0.184503 -0.197156
v 1.450393 -0.091616 -0.243298
v 1.441962 -0.137280 -0.218991
v 1.418398 -0.137729 -0.278705
v 1.403482 -0.046719 0.383879
v 1.390802 0.000000 0.401322
v 1.357131 -0.134293 0.329899
v 1.383251 -0.091774 0.357256
v 1.475235 0.000000 0.291631
v 1.441876 -0.046609 0.327393
v 1.467349 -0.046253 0.269397
v 1.343596 -0.316305 0.237377
v 1.362462 -0.273017 0.264301
v 1.439947 -0.183513 0.196098
v 1.414096 -0.229784 0.231681
v 1.426254 -0.226955 0.170323
v 1.364072 -0.226686 0.287416
v 1.350530 -0.179650 0.306063
v 1.550247 0.000000 0.058921
v 1.553441 -0.047194 0.094828
v 1.558693 -0.047126 0.035367
v 1.503938 -0.046772 0.211018
v 1.543038 -0.047289 0.154838
v 1.562440 0.000000 0.180468
v 1.484052 -0.136874 0.102720
v 1.518497 -0.093303 0.128849
v 1.475213 -0.137473 0.161412
v 1.405212 -0.136448 0.276114
v 1.451874 -0.138224 0.220496
v 1.442323 -0.091106 0.241944
v 1.340608 -0.316656 -0.167790
v 1.422052 -0.228242 -0.102407
v 1.401005 -0.275601 -0.136710
v 1.347032 -0.318841 -0.100601
v 1.345352 -0.318782 -0.034438
v 1.513505 -0.092090 0.000000
v 1.442823 -0.180097 0.067127
v 1.481822 -0.136985 0.034245
v 1.458376 -0.134818 -0.033703
v 1.427492 -0.178183 -0.066414
v 1.340698 -0.316677 0.167801
v 1.360264 -0.322316 0.034820
v 1.350857 -0.319747 0.100886
v 1.386681 -0.272783 0.135312
v 1.423056 -0.228403 0.102479
v 1.398696 -0.224152 -0.033644
v 1.402543 -0.224769 0.033736
v 1.397079 -0.276158 0.000000
v 0.098746 -0.301763 0.734661
v 0.310261 -0.283465 0.776512
v 0.202752 -0.293543 0.756837
v 0.099825 -0.260786 0.764806
v 0.101217 -0.219256 0.795241
v 0.687079 -0.191772 0.722808
v 0.598401 -0.215450 0.739571
v 0.411859 -0.163682 0.800354
v 0.506939 -0.190095 0.772623
v 0.501503 -0.139976 0.780522
v 0.514042 -0.242399 0.766064
v 0.414486 -0.262627 0.771687
v 0.104168 -0.077844 0.849167
v 0.106995 -0.029864 0.876428
v 0.101548 -0.170392 0.808663
v 0.102471 -0.124785 0.828073
v 0.306842 -0.085643 0.823944
v 0.207338 -0.106490 0.835700
v 0.306634 -0.133902 0.814914
v 0.308539 -0.232207 0.786932
v 0.306329 -0.181740 0.796870
v 0.201959 -0.199470 0.791832
v 1.196223 0.000000 0.515227
v 1.082153 0.055541 0.586451
v 1.141772 0.027965 0.552186
v 1.162833 -0.028481 0.562372
v 1.109760 -0.056958 0.601413
v 0.784829 0.161857 0.696385
v 0.880991 0.139038 0.685947
v 0.883635 0.028256 0.689608
v 0.880246 0.082882 0.686428
v 0.802035 0.054223 0.711653
v 0.958369 0.112246 0.659099
v 1.033188 0.085312 0.631588
v 0.860689 -0.135834 0.670139
v 0.785983 -0.162095 0.697409
v 1.017863 -0.084047 0.622220
v 0.933760 -0.109364 0.642174
v 0.799192 -0.054030 0.709131
v 0.868804 -0.081805 0.677506
v 0.886066 -0.028334 0.691505
v 1.032640 0.028419 0.630757
v 0.968297 0.000000 0.667951
v 1.042614 -0.028694 0.636849
v 0.101751 0.310946 0.757018
v 0.105988 0.229591 0.832726
v 0.104817 0.273827 0.803052
v 0.208538 0.301920 0.778436
v 0.317094 0.289707 0.793613
v 0.109721 0.030624 0.898757
v 0.111005 0.082953 0.904896
v 0.325777 0.142261 0.865788
v 0.220330 0.113163 0.888064
v 0.330011 0.092110 0.886157
v 0.110688 0.134791 0.894474
v 0.107467 0.180323 0.855793
v 0.611929 0.220321 0.756290
v 0.687495 0.191888 0.723247
v 0.427329 0.270765 0.795598
v 0.519785 0.245107 0.774624
v 0.523350 0.146073 0.814524
v 0.522117 0.195787 0.795756
v 0.431380 0.171440 0.838289
v 0.212585 0.209965 0.833493
v 0.324590 0.192574 0.844375
v 0.321794 0.242183 0.820739
v 0.691774 -0.136329 0.725324
v 0.713593 -0.028671 0.745840
v 0.695436 -0.081607 0.727636
v 0.607576 -0.112089 0.764915
v 0.507000 -0.084603 0.782316
v 0.700128 0.137975 0.734084
v 0.533654 0.089051 0.823445
v 0.624271 0.115169 0.785933
v 0.708549 0.083146 0.741356
v 0.708646 0.028472 0.740669
v 0.219341 0.000000 0.892776
v 0.416211 -0.057696 0.825797
v 0.322705 -0.030004 0.864533
v 0.336111 0.031250 0.900450
v 0.435461 0.060365 0.863990
v 0.622762 0.000000 0.780258
v 0.533900 0.029804 0.825075
v 0.522779 -0.029183 0.807888
v -0.899225 -0.608653 0.095160
v -0.812329 -0.604161 0.209592
v -0.862217 -0.611391 0.154172
v -0.988756 -0.593110 0.134361
v -1.050348 -0.560468 0.170129
v -0.616268 -0.571561 0.428939
v -0.671385 -0.585854 0.378400
v -0.878899 -0.529145 0.336835
v -0.774911 -0.556042 0.356822
v -0.822498 -0.515624 0.386960
v -0.718483 -0.592532 0.322650
v -0.759740 -0.594517 0.265784
v -1.156481 -0.430553 0.263428
v -1.157747 -0.379866 0.285078
v -1.099956 -0.520149 0.205368
v -1.148480 -0.482913 0.238785
v -1.025732 -0.461373 0.346247
v -1.082736 -0.470672 0.292712
v -0.990705 -0.503670 0.317270
v -0.869290 -0.569032 0.245144
v -0.945376 -0.545182 0.286124
v -0.997395 -0.552560 0.228461
v -0.161876 -0.378836 0.689456
v -0.361769 -0.347249 0.694411
v -0.263472 -0.364920 0.695753
v -0.230626 -0.420318 0.677920
v -0.297403 -0.454731 0.652419
v -0.771378 -0.274469 0.684450
v -0.675017 -0.296612 0.695923
v -0.621110 -0.401369 0.649732
v -0.649088 -0.349105 0.673546
v -0.732072 -0.385368 0.649574
v -0.572407 -0.315677 0.699992
v -0.465701 -0.329684 0.693668
v -0.487302 -0.529820 0.530360
v -0.543235 -0.546376 0.482018
v -0.367877 -0.487976 0.620449
v -0.427232 -0.508902 0.575353
v -0.641762 -0.470842 0.569441
v -0.538103 -0.492948 0.576171
v -0.582995 -0.450852 0.616296
v -0.436278 -0.383142 0.674352
v -0.515519 -0.421840 0.654092
v -0.408370 -0.441532 0.657702
v -1.241411 -0.072185 0.454222
v -1.223855 -0.157906 0.407533
v -1.235991 -0.115917 0.431684
v -1.191243 -0.100365 0.491822
v -1.117483 -0.126158 0.518653
v -1.184291 -0.330550 0.316241
v -1.190230 -0.285916 0.337806
v -1.140396 -0.269987 0.469108
v -1.161074 -0.277108 0.400735
v -1.139585 -0.318072 0.450197
v -1.188360 -0.240666 0.356867
v -1.197734 -0.199145 0.379066
v -0.952929 -0.216841 0.633908
v -0.881995 -0.246176 0.665738
v -1.061453 -0.155866 0.555907
v -1.007419 -0.185265 0.593360
v -1.037012 -0.289443 0.570977
v -1.031230 -0.238519 0.587507
v -1.089160 -0.255165 0.530571
v -1.166407 -0.186888 0.441298
v -1.125831 -0.219752 0.483493
v -1.108377 -0.170438 0.495483
v -0.662127 -0.530537 0.470481
v -0.748194 -0.444320 0.547436
v -0.700495 -0.483821 0.505936
v -0.756320 -0.495915 0.442761
v -0.867978 -0.475150 0.427756
v -0.859119 -0.299438 0.645112
v -1.006987 -0.340847 0.544246
v -0.944799 -0.323968 0.601640
v -0.840231 -0.355458 0.626678
v -0.801859 -0.402962 0.593117
v -1.128591 -0.372228 0.348832
v -0.978953 -0.448584 0.408257
v -1.067122 -0.415021 0.382638
v -1.099780 -0.365186 0.415392
v -1.064878 -0.356542 0.481761
v -0.858881 -0.417513 0.529218
v -0.958063 -0.385076 0.503313
v -0.918663 -0.433078 0.468029
v -0.164486 -0.384946 -0.700576
v -0.277198 -0.423838 -0.608095
v -0.221727 -0.404100 -0.651763
v -0.267616 -0.370660 -0.706696
v -0.370285 -0.355424 -0.710759
v -0.519002 -0.522002 -0.460515
v -0.461855 -0.502152 -0.502664
v -0.561437 -0.434180 -0.593507
v -0.503120 -0.460900 -0.538713
v -0.619871 -0.454782 -0.550017
v -0.395982 -0.471678 -0.533269
v -0.337880 -0.448187 -0.569858
v -0.692571 -0.304326 -0.714021
v -0.776962 -0.276456 -0.689405
v -0.484794 -0.343200 -0.722106
v -0.596330 -0.328871 -0.729247
v -0.729276 -0.383896 -0.647093
v -0.661647 -0.355860 -0.686578
v -0.616031 -0.398087 -0.644419
v -0.390484 -0.422194 -0.628896
v -0.499675 -0.408875 -0.633990
v -0.432888 -0.380165 -0.669112
v -0.892615 -0.604179 -0.094460
v -1.025063 -0.546976 -0.166033
v -0.968435 -0.580921 -0.131600
v -0.852879 -0.604770 -0.152503
v -0.793029 -0.589807 -0.204613
v -1.166668 -0.382793 -0.287275
v -1.150619 -0.428370 -0.262093
v -0.995349 -0.506030 -0.318757
v -1.083071 -0.470818 -0.292803
v -1.035622 -0.465822 -0.349585
v -1.117298 -0.469802 -0.232302
v -1.073429 -0.507605 -0.200415
v -0.626362 -0.546566 -0.353024
v -0.573555 -0.531947 -0.399210
v -0.732009 -0.572817 -0.256083
v -0.669166 -0.551860 -0.300503
v -0.815802 -0.511426 -0.383810
v -0.749502 -0.537810 -0.345122
v -0.867864 -0.522502 -0.332606
v -0.970134 -0.537457 -0.222217
v -0.923909 -0.532802 -0.279627
v -0.863118 -0.564991 -0.243404
v -1.221026 -0.070999 -0.446763
v -1.135791 -0.128225 -0.527150
v -1.180891 -0.099493 -0.487548
v -1.215838 -0.114027 -0.424646
v -1.227502 -0.158376 -0.408747
v -0.877102 -0.244810 -0.662045
v -0.947004 -0.215493 -0.629967
v -1.083332 -0.253799 -0.527732
v -1.019273 -0.235753 -0.580695
v -1.014738 -0.283226 -0.558713
v -1.010370 -0.185808 -0.595098
v -1.071572 -0.157352 -0.561206
v -1.236016 -0.296914 -0.350801
v -1.198330 -0.334468 -0.319990
v -1.266461 -0.210572 -0.400817
v -1.262707 -0.255722 -0.379194
v -1.117747 -0.311977 -0.441569
v -1.190700 -0.284179 -0.410960
v -1.144158 -0.270878 -0.470656
v -1.138277 -0.175036 -0.508850
v -1.161631 -0.226739 -0.498868
v -1.201524 -0.192514 -0.454584
v -0.628684 -0.503740 -0.446717
v -0.887975 -0.486096 -0.437611
v -0.760502 -0.498656 -0.445209
v -0.692087 -0.478014 -0.499863
v -0.760535 -0.451649 -0.556465
v -1.137889 -0.375294 -0.351706
v -1.058222 -0.354313 -0.478750
v -1.103712 -0.366492 -0.416877
v -1.068623 -0.415605 -0.383176
v -0.991403 -0.454289 -0.413449
v -0.857020 -0.298706 -0.643535
v -0.815770 -0.409953 -0.603407
v -0.840219 -0.355453 -0.626669
v -0.931440 -0.319387 -0.593133
v -0.985859 -0.333695 -0.532827
v -0.954337 -0.449895 -0.486204
v -0.987640 -0.396964 -0.518851
v -0.886102 -0.430746 -0.545991
v 1.257646 0.000000 -0.541682
v 1.164034 -0.059744 -0.630826
v 1.221601 -0.029920 -0.590793
v 1.215090 0.029761 -0.587644
v 1.153492 0.059203 -0.625112
v 0.784436 -0.161776 -0.696037
v 0.877656 -0.138512 -0.683350
v 0.939593 -0.030045 -0.733279
v 0.921575 -0.086773 -0.718657
v 0.855882 -0.057863 -0.759432
v 0.971601 -0.113796 -0.668199
v 1.065744 -0.088001 -0.651490
v 0.909088 0.143473 -0.707823
v 0.825662 0.170278 -0.732617
v 1.075922 0.088841 -0.657712
v 1.000100 0.117133 -0.687799
v 0.852170 0.057612 -0.756139
v 0.917023 0.086345 -0.715108
v 0.937591 0.029981 -0.731716
v 1.100836 -0.030296 -0.672412
v 1.015801 0.000000 -0.700721
v 1.089796 0.029992 -0.665669
v 0.099980 -0.305532 -0.743836
v 0.102407 -0.221833 -0.804590
v 0.101841 -0.266054 -0.780254
v 0.201166 -0.291247 -0.750917
v 0.295130 -0.269641 -0.738644
v 0.102980 -0.028743 -0.843541
v 0.104160 -0.077838 -0.849099
v 0.311215 -0.135902 -0.827089
v 0.210431 -0.108079 -0.848166
v 0.315668 -0.088107 -0.847643
v 0.105048 -0.127923 -0.848899
v 0.105043 -0.176257 -0.836497
v 0.585283 -0.210727 -0.723358
v 0.678754 -0.189449 -0.714051
v 0.393325 -0.249220 -0.732291
v 0.487475 -0.229871 -0.726472
v 0.495985 -0.138435 -0.771934
v 0.491583 -0.184336 -0.749218
v 0.402452 -0.159944 -0.782073
v 0.206122 -0.203581 -0.808152
v 0.305461 -0.181225 -0.794612
v 0.302284 -0.227499 -0.770977
v 0.105188 0.321448 -0.782585
v 0.315602 0.288344 -0.789879
v 0.209750 0.303675 -0.782959
v 0.102966 0.268993 -0.788873
v 0.100686 0.218106 -0.791072
v 0.716282 0.199923 -0.753531
v 0.625658 0.225264 -0.773258
v 0.421310 0.167438 -0.818720
v 0.533182 0.199936 -0.812619
v 0.522705 0.145893 -0.813521
v 0.523455 0.246838 -0.780093
v 0.419432 0.265761 -0.780895
v 0.099777 0.074563 -0.813373
v 0.100791 0.028132 -0.825607
v 0.099742 0.167361 -0.794279
v 0.099685 0.121391 -0.805555
v 0.306365 0.085510 -0.822662
v 0.202964 0.104244 -0.818069
v 0.309321 0.135075 -0.822055
v 0.318555 0.239745 -0.812478
v 0.314777 0.186753 -0.818848
v 0.205137 0.202608 -0.804289
v 0.702272 -0.138398 -0.736332
v 0.516821 -0.086242 -0.797471
v 0.609879 -0.112514 -0.767813
v 0.738741 -0.086689 -0.772946
v 0.760880 -0.030571 -0.795264
v 0.206629 0.000000 -0.841034
v 0.416931 0.057796 -0.827226
v 0.312954 0.029097 -0.838412
v 0.319680 -0.029723 -0.856431
v 0.424558 -0.058853 -0.842359
v 0.728159 0.143499 -0.763474
v 0.764070 0.030699 -0.798598
v 0.747429 0.087709 -0.782037
v 0.634650 0.117084 -0.799000
v 0.538107 0.089794 -0.830315
v 0.539145 -0.030096 -0.833180
v 0.534849 0.029857 -0.826541
v 0.648682 0.000000 -0.812734
v 1.380816 0.045965 0.377679
v 1.477464 0.046572 0.271254
v 1.425955 0.046094 0.323778
v 1.380738 0.091607 0.356606
v 1.388267 0.137374 0.337467
v 1.542093 0.046624 0.034990
v 1.572457 0.047772 0.095988
v 1.533805 0.142933 0.167823
v 1.579610 0.097058 0.134035
v 1.547519 0.142727 0.107113
v 1.583034 0.048515 0.158851
v 1.526793 0.047483 0.214225
v 1.366358 0.273798 0.265057
v 1.314514 0.309458 0.232239
v 1.391476 0.185096 0.315343
v 1.411920 0.234637 0.297498
v 1.464088 0.232975 0.174841
v 1.446175 0.234997 0.236936
v 1.470830 0.187449 0.200304
v 1.481112 0.093556 0.248451
v 1.491981 0.142042 0.226587
v 1.453840 0.141170 0.285669
v 1.422912 0.047366 -0.389194
v 1.407757 0.139303 -0.342205
v 1.409714 0.093529 -0.364090
v 1.444596 0.046697 -0.328010
v 1.474073 0.046465 -0.270632
v 1.298477 0.305683 -0.229406
v 1.363438 0.273213 -0.264491
v 1.450545 0.184864 -0.197542
v 1.435053 0.233190 -0.235114
v 1.419399 0.225864 -0.169504
v 1.414462 0.235060 -0.298034
v 1.418511 0.188693 -0.321470
v 1.508897 0.045841 -0.092108
v 1.530184 0.046264 -0.034720
v 1.490004 0.046339 -0.209063
v 1.496607 0.045866 -0.150179
v 1.467497 0.135347 -0.101574
v 1.484236 0.091198 -0.125942
v 1.454720 0.135563 -0.159170
v 1.442061 0.140027 -0.283355
v 1.460465 0.139042 -0.221801
v 1.464715 0.092520 -0.245700
v 0.948648 0.545472 0.000000
v 1.047851 0.478861 0.066083
v 0.997041 0.510576 0.033624
v 1.002157 0.513196 -0.033797
v 1.050160 0.479916 -0.066229
v 1.261720 0.352161 0.195278
v 1.218864 0.387695 0.164516
v 1.204375 0.382196 0.032861
v 1.214917 0.385842 0.097683
v 1.267459 0.353763 0.064306
v 1.157545 0.416844 0.131270
v 1.095391 0.443780 0.098527
v 1.195414 0.380236 -0.161351
v 1.245971 0.347766 -0.192840
v 1.077991 0.436731 -0.096962
v 1.124163 0.404823 -0.127484
v 1.261482 0.352095 -0.064003
v 1.182878 0.375667 -0.095107
v 1.196073 0.379561 -0.032634
v 1.094750 0.443870 0.032845
v 1.141331 0.409759 0.000000
v 1.084269 0.439620 -0.032531
v 1.519394 0.092449 0.000000
v 1.457621 0.181944 -0.067815
v 1.478880 0.136713 -0.034177
v 1.498771 0.138552 0.034637
v 1.524333 0.190271 0.070919
v 1.310544 0.309555 -0.164027
v 1.341304 0.317823 -0.034334
v 1.317920 0.311951 -0.098427
v 1.355298 0.266610 -0.132249
v 1.416063 0.227280 -0.101976
v 1.330110 0.314176 0.166476
v 1.485513 0.238427 0.106977
v 1.398264 0.275062 0.136442
v 1.341065 0.317429 0.100155
v 1.362712 0.322896 0.034882
v 1.439650 0.230716 -0.034629
v 1.411499 0.279009 0.000000
v 1.471931 0.235889 0.035406
f 1 643 645
f 163 644 643
f 165 645 644
f 643 644 645
f 43 646 648
f 164 647 646
f 163 648 647
f 646 647 648
f 45 649 651
f 165 650 649
f 164 651 650
f 649 650 651
f 163 647 644
f 164 650 647
f 165 644 650
f 647 650 644
f 13 652 654
f 166 653 652
f 168 654 653
f 652 653 654
f 44 655 657
f 167 656 655
f 166 657 656
f 655 656 657
f 43 658 660
f 168 659 658
f 167 660 659
f 658 659 660
f 166 656 653
f 167 659 656
f 168 653 659
f 656 659 653
f 15 661 663
f 169 662 661
f 171 663 662
f 661 662 663
f 45 664 666
f 170 665 664
f 169 666 665
f 664 665 666
f 44 667 669
f 171 668 667
f 170 669 668
f 667 668 669
f 169 665 662
f 170 668 665
f 171 662 668
f 665 668 662
f 43 660 646
f 167 670 660
f 164 646 670
f 660 670 646
f 44 669 655
f 170 671 669
f 167 655 671
f 669 671 655
f 45 651 664
f 164 672 651
f 170 664 672
f 651 672 664
f 167 671 670
f 170 672 671
f 164 670 672
f 671 672 670
f 12 673 675
f 172 674 673
f 174 675 674
f 673 674 675
f 46 676 678
f 173 677 676
f 172 678 677
f 676 677 678
f 48 679 681
f 174 680 679
f 173 681 680
f 679 680 681
f 172 677 674
f 173 680 677
f 174 674 680
f 677 680 674
f 14 682 684
f 175 683 682
f 177 684 683
f 682 683 684
f 47 685 687
f 176 686 685
f 175 687 686
f 685 686 687
f 46 688 690
f 177 689 688
f 176 690 689
f 688 689 690
f 175 686 683
f 176 689 686
f 177 683 689
f 686 689 683
f 13 691 693
f 178 692 691
f 180 693 692
f 691 692 693
f 48 694 696
f 179 695 694
f 178 696 695
f 694 695 696
f 47 697 699
f 180 698 697
f 179 699 698
f 697 698 699
f 178 695 692
f 179 698 695
f 180 692 698
f 695 698 692
f 46 690 676
f 176 700 690
f 173 676 700
f 690 700 676
f 47 699 685
f 179 701 699
f 176 685 701
f 699 701 685
f 48 681 694
f 173 702 681
f 179 694 702
f 681 702 694
f 176 701 700
f 179 702 701
f 173 700 702
f 701 702 700
f 6 703 705
f 181 704 703
f 183 705 704
f 703 704 705
f 49 706 708
f 182 707 706
f 181 708 707
f 706 707 708
f 51 709 711
f 183 710 709
f 182 711 710
f 709 710 711
f 181 707 704
f 182 710 707
f 183 704 710
f 707 710 704
f 15 712 714
f 184 713 712
f 186 714 713
f 712 713 714
f 50 715 717
f 185 716 715
f 184 717 716
f 715 716 717
f 49 718 720
f 186 719 718
f 185 720 719
f 718 719 720
f 184 716 713
f 185 719 716
f 186 713 719
f 716 719 713
f 14 721 723
f 187 722 721
f 189 723 722
f 721 722 723
f 51 724 726
f 188 725 724
f 187 726 725
f 724 725 726
f 50 727 729
f 189 728 727
f 188 729 728
f 727 728 729
f 187 725 722
f 188 728 725
f 189 722 728
f 725 728 722
f 49 720 706
f 185 730 720
f 182 706 730
f 720 730 706
f 50 729 715
f 188 731 729
f 185 715 731
f 729 731 715
f 51 711 724
f 182 732 711
f 188 724 732
f 711 732 724
f 185 731 730
f 188 732 731
f 182 730 732
f 731 732 730
f 13 693 652
f 180 733 693
f 166 652 733
f 693 733 652
f 47 734 697
f 190 735 734
f 180 697 735
f 734 735 697
f 44 657 737
f 166 736 657
f 190 737 736
f 657 736 737
f 180 735 733
f 190 736 735
f 166 733 736
f 735 736 733
f 14 723 682
f 189 738 723
f 175 682 738
f 723 738 682
f 50 739 727
f 191 740 739
f 189 727 740
f 739 740 727
f 47 687 742
f 175 741 687
f 191 742 741
f 687 741 742
f 189 740 738
f 191 741 740
f 175 738 741
f 740 741 738
f 15 663 712
f 171 743 663
f 184 712 743
f 663 743 712
f 44 744 667
f 192 745 744
f 171 667 745
f 744 745 667
f 50 717 747
f 184 746 717
f 192 747 746
f 717 746 747
f 171 745 743
f 192 746 745
f 184 743 746
f 745 746 743
f 47 742 734
f 191 748 742
f 190 734 748
f 742 748 734
f 50 747 739
f 192 749 747
f 191 739 749
f 747 749 739
f 44 737 744
f 190 750 737
f 192 744 750
f 737 750 744
f 191 749 748
f 192 750 749
f 190 748 750
f 749 750 748
f 1 645 752
f 165 751 645
f 194 752 751
f 645 751 752
f 45 753 649
f 193 754 753
f 165 649 754
f 753 754 649
f 53 755 757
f 194 756 755
f 193 757 756
f 755 756 757
f 165 754 751
f 193 756 754
f 194 751 756
f 754 756 751
f 15 758 661
f 195 759 758
f 169 661 759
f 758 759 661
f 52 760 762
f 196 761 760
f 195 762 761
f 760 761 762
f 45 666 764
f 169 763 666
f 196 764 763
f 666 763 764
f 195 761 759
f 196 763 761
f 169 759 763
f 761 763 759
f 17 765 767
f 197 766 765
f 199 767 766
f 765 766 767
f 53 768 770
f 198 769 768
f 197 770 769
f 768 769 770
f 52 771 773
f 199 772 771
f 198 773 772
f 771 772 773
f 197 769 766
f 198 772 769
f 199 766 772
f 769 772 766
f 45 764 753
f 196 774 764
f 193 753 774
f 764 774 753
f 52 773 760
f 198 775 773
f 196 760 775
f 773 775 760
f 53 757 768
f 193 776 757
f 198 768 776
f 757 776 768
f 196 775 774
f 198 776 775
f 193 774 776
f 775 776 774
f 6 777 703
f 200 778 777
f 181 703 778
f 777 778 703
f 54 779 781
f 201 780 779
f 200 781 780
f 779 780 781
f 49 708 783
f 181 782 708
f 201 783 782
f 708 782 783
f 200 780 778
f 201 782 780
f 181 778 782
f 780 782 778
f 16 784 786
f 202 785 784
f 204 786 785
f 784 785 786
f 55 787 789
f 203 788 787
f 202 789 788
f 787 788 789
f 54 790 792
f 204 791 790
f 203 792 791
f 790 791 792
f 202 788 785
f 203 791 788
f 204 785 791
f 788 791 785
f 15 714 794
f 186 793 714
f 206 794 793
f 714 793 794
f 49 795 718
f 205 796 795
f 186 718 796
f 795 796 718
f 55 797 799
f 206 798 797
f 205 799 798
f 797 798 799
f 186 796 793
f 205 798 796
f 206 793 798
f 796 798 793
f 54 792 779
f 203 800 792
f 201 779 800
f 792 800 779
f 55 799 787
f 205 801 799
f 203 787 801
f 799 801 787
f 49 783 795
f 201 802 783
f 205 795 802
f 783 802 795
f 203 801 800
f 205 802 801
f 201 800 802
f 801 802 800
f 2 803 805
f 207 804 803
f 209 805 804
f 803 804 805
f 56 806 808
f 208 807 806
f 207 808 807
f 806 807 808
f 58 809 811
f 209 810 809
f 208 811 810
f 809 810 811
f 207 807 804
f 208 810 807
f 209 804 810
f 807 810 804
f 17 812 814
f 210 813 812
f 212 814 813
f 812 813 814
f 57 815 817
f 211 816 815
f 210 817 816
f 815 816 817
f 56 818 820
f 212 819 818
f 211 820 819
f 818 819 820
f 210 816 813
f 211 819 816
f 212 813 819
f 816 819 813
f 16 821 823
f 213 822 821
f 215 823 822
f 821 822 823
f 58 824 826
f 214 825 824
f 213 826 825
f 824 825 826
f 57 827 829
f 215 828 827
f 214 829 828
f 827 828 829
f 213 825 822
f 214 828 825
f 215 822 828
f 825 828 822
f 56 820 806
f 211 830 820
f 208 806 830
f 820 830 806
f 57 829 815
f 214 831 829
f 211 815 831
f 829 831 815
f 58 811 824
f 208 832 811
f 214 824 832
f 811 832 824
f 211 831 830
f 214 832 831
f 208 830 832
f 831 832 830
f 15 794 758
f 206 833 794
f 195 758 833
f 794 833 758
f 55 834 797
f 216 835 834
f 206 797 835
f 834 835 797
f 52 762 837
f 195 836 762
f 216 837 836
f 762 836 837
f 206 835 833
f 216 836 835
f 195 833 836
f 835 836 833
f 16 823 784
f 215 838 823
f 202 784 838
f 823 838 784
f 57 839 827
f 217 840 839
f 215 827 840
f 839 840 827
f 55 789 842
f 202 841 789
f 217 842 841
f 789 841 842
f 215 840 838
f 217 841 840
f 202 838 841
f 840 841 838
f 17 767 812
f 199 843 767
f 210 812 843
f 767 843 812
f 52 844 771
f 218 845 844
f 199 771 845
f 844 845 771
f 57 817 847
f 210 846 817
f 218 847 846
f 817 846 847
f 199 845 843
f 218 846 845
f 210 843 846
f 845 846 843
f 55 842 834
f 217 848 842
f 216 834 848
f 842 848 834
f 57 847 839
f 218 849 847
f 217 839 849
f 847 849 839
f 52 837 844
f 216 850 837
f 218 844 850
f 837 850 844
f 217 849 848
f 218 850 849
f 216 848 850
f 849 850 848
f 1 752 852
f 194 851 752
f 220 852 851
f 752 851 852
f 53 853 755
f 219 854 853
f 194 755 854
f 853 854 755
f 60 855 857
f 220 856 855
f 219 857 856
f 855 856 857
f 194 854 851
f 219 856 854
f 220 851 856
f 854 856 851
f 17 858 765
f 221 859 858
f 197 765 859
f 858 859 765
f 59 860 862
f 222 861 860
f 221 862 861
f 860 861 862
f 53 770 864
f 197 863 770
f 222 864 863
f 770 863 864
f 221 861 859
f 222 863 861
f 197 859 863
f 861 863 859
f 19 865 867
f 223 866 865
f 225 867 866
f 865 866 867
f 60 868 870
f 224 869 868
f 223 870 869
f 868 869 870
f 59 871 873
f 225 872 871
f 224 873 872
f 871 872 873
f 223 869 866
f 224 872 869
f 225 866 872
f 869 872 866
f 53 864 853
f 222 874 864
f 219 853 874
f 864 874 853
f 59 873 860
f 224 875 873
f 222 860 875
f 873 875 860
f 60 857 868
f 219 876 857
f 224 868 876
f 857 876 868
f 222 875 874
f 224 876 875
f 219 874 876
f 875 876 874
f 2 877 803
f 226 878 877
f 207 803 878
f 877 878 803
f 61 879 881
f 227 880 879
f 226 881 880
f 879 880 881
f 56 808 883
f 207 882 808
f 227 883 882
f 808 882 883
f 226 880 878
f 227 882 880
f 207 878 882
f 880 882 878
f 18 884 886
f 228 885 884
f 230 886 885
f 884 885 886
f 62 887 889
f 229 888 887
f 228 889 888
f 887 888 889
f 61 890 892
f 230 891 890
f 229 892 891
f 890 891 892
f 228 888 885
f 229 891 888
f 230 885 891
f 888 891 885
f 17 814 894
f 212 893 814
f 232 894 893
f 814 893 894
f 56 895 818
f 231 896 895
f 212 818 896
f 895 896 818
f 62 897 899
f 232 898 897
f 231 899 898
f 897 898 899
f 212 896 893
f 231 898 896
f 232 893 898
f 896 898 893
f 61 892 879
f 229 900 892
f 227 879 900
f 892 900 879
f 62 899 887
f 231 901 899
f 229 887 901
f 899 901 887
f 56 883 895
f 227 902 883
f 231 895 902
f 883 902 895
f 229 901 900
f 231 902 901
f 227 900 902
f 901 902 900
f 8 903 905
f 233 904 903
f 235 905 904
f 903 904 905
f 63 906 908
f 234 907 906
f 233 908 907
f 906 907 908
f 65 909 911
f 235 910 909
f 234 911 910
f 909 910 911
f 233 907 904
f 234 910 907
f 235 904 910
f 907 910 904
f 19 912 914
f 236 913 912
f 238 914 913
f 912 913 914
f 64 915 917
f 237 916 915
f 236 917 916
f 915 916 917
f 63 918 920
f 238 919 918
f 237 920 919
f 918 919 920
f 236 916 913
f 237 919 916
f 238 913 919
f 916 919 913
f 18 921 923
f 239 922 921
f 241 923 922
f 921 922 923
f 65 924 926
f 240 925 924
f 239 926 925
f 924 925 926
f 64 927 929
f 241 928 927
f 240 929 928
f 927 928 929
f 239 925 922
f 240 928 925
f 241 922 928
f 925 928 922
f 63 920 906
f 237 930 920
f 234 906 930
f 920 930 906
f 64 929 915
f 240 931 929
f 237 915 931
f 929 931 915
f 65 911 924
f 234 932 911
f 240 924 932
f 911 932 924
f 237 931 930
f 240 932 931
f 234 930 932
f 931 932 930
f 17 894 858
f 232 933 894
f 221 858 933
f 894 933 858
f 62 934 897
f 242 935 934
f 232 897 935
f 934 935 897
f 59 862 937
f 221 936 862
f 242 937 936
f 862 936 937
f 232 935 933
f 242 936 935
f 221 933 936
f 935 936 933
f 18 923 884
f 241 938 923
f 228 884 938
f 923 938 884
f 64 939 927
f 243 940 939
f 241 927 940
f 939 940 927
f 62 889 942
f 228 941 889
f 243 942 941
f 889 941 942
f 241 940 938
f 243 941 940
f 228 938 941
f 940 941 938
f 19 867 912
f 225 943 867
f 236 912 943
f 867 943 912
f 59 944 871
f 244 945 944
f 225 871 945
f 944 945 871
f 64 917 947
f 236 946 917
f 244 947 946
f 917 946 947
f 225 945 943
f 244 946 945
f 236 943 946
f 945 946 943
f 62 942 934
f 243 948 942
f 242 934 948
f 942 948 934
f 64 947 939
f 244 949 947
f 243 939 949
f 947 949 939
f 59 937 944
f 242 950 937
f 244 944 950
f 937 950 944
f 243 949 948
f 244 950 949
f 242 948 950
f 949 950 948
f 1 852 952
f 220 951 852
f 246 952 951
f 852 951 952
f 60 953 855
f 245 954 953
f 220 855 954
f 953 954 855
f 67 955 957
f 246 956 955
f 245 957 956
f 955 956 957
f 220 954 951
f 245 956 954
f 246 951 956
f 954 956 951
f 19 958 865
f 247 959 958
f 223 865 959
f 958 959 865
f 66 960 962
f 248 961 960
f 247 962 961
f 960 961 962
f 60 870 964
f 223 963 870
f 248 964 963
f 870 963 964
f 247 961 959
f 248 963 961
f 223 959 963
f 961 963 959
f 21 965 967
f 249 966 965
f 251 967 966
f 965 966 967
f 67 968 970
f 250 969 968
f 249 970 969
f 968 969 970
f 66 971 973
f 251 972 971
f 250 973 972
f 971 972 973
f 249 969 966
f 250 972 969
f 251 966 972
f 969 972 966
f 60 964 953
f 248 974 964
f 245 953 974
f 964 974 953
f 66 973 960
f 250 975 973
f 248 960 975
f 973 975 960
f 67 957 968
f 245 976 957
f 250 968 976
f 957 976 968
f 248 975 974
f 250 976 975
f 245 974 976
f 975 976 974
f 8 977 903
f 252 978 977
f 233 903 978
f 977 978 903
f 68 979 981
f 253 980 979
f 252 981 980
f 979 980 981
f 63 908 983
f 233 982 908
f 253 983 982
f 908 982 983
f 252 980 978
f 253 982 980
f 233 978 982
f 980 982 978
f 20 984 986
f 254 985 984
f 256 986 985
f 984 985 986
f 69 987 989
f 255 988 987
f 254 989 988
f 987 988 989
f 68 990 992
f 256 991 990
f 255 992 991
f 990 991 992
f 254 988 985
f 255 991 988
f 256 985 991
f 988 991 985
f 19 914 994
f 238 993 914
f 258 994 993
f 914 993 994
f 63 995 918
f 257 996 995
f 238 918 996
f 995 996 918
f 69 997 999
f 258 998 997
f 257 999 998
f 997 998 999
f 238 996 993
f 257 998 996
f 258 993 998
f 996 998 993
f 68 992 979
f 255 1000 992
f 253 979 1000
f 992 1000 979
f 69 999 987
f 257 1001 999
f 255 987 1001
f 999 1001 987
f 63 983 995
f 253 1002 983
f 257 995 1002
f 983 1002 995
f 255 1001 1000
f 257 1002 1001
f 253 1000 1002
f 1001 1002 1000
f 11 1003 1005
f 259 1004 1003
f 261 1005 1004
f 1003 1004 1005
f 70 1006 1008
f 260 1007 1006
f 259 1008 1007
f 1006 1007 1008
f 72 1009 1011
f 261 1010 1009
f 260 1011 1010
f 1009 1010 1011
f 259 1007 1004
f 260 1010 1007
f 261 1004 1010
f 1007 1010 1004
f 21 1012 1014
f 262 1013 1012
f 264 1014 1013
f 1012 1013 1014
f 71 1015 1017
f 263 1016 1015
f 262 1017 1016
f 1015 1016 1017
f 70 1018 1020
f 264 1019 1018
f 263 1020 1019
f 1018 1019 1020
f 262 1016 1013
f 263 1019 1016
f 264 1013 1019
f 1016 1019 1013
f 20 1021 1023
f 265 1022 1021
f 267 1023 1022
f 1021 1022 1023
f 72 1024 1026
f 266 1025 1024
f 265 1026 1025
f 1024 1025 1026
f 71 1027 1029
f 267 1028 1027
f 266 1029 1028
f 1027 1028 1029
f 265 1025 1022
f 266 1028 1025
f 267 1022 1028
f 1025 1028 1022
f 70 1020 1006
f 263 1030 1020
f 260 1006 1030
f 1020 1030 1006
f 71 1029 1015
f 266 1031 1029
f 263 1015 1031
f 1029 1031 1015
f 72 1011 1024
f 260 1032 1011
f 266 1024 1032
f 1011 1032 1024
f 263 1031 1030
f 266 1032 1031
f 260 1030 1032
f 1031 1032 1030
f 19 994 958
f 258 1033 994
f 247 958 1033
f 994 1033 958
f 69 1034 997
f 268 1035 1034
f 258 997 1035
f 1034 1035 997
f 66 962 1037
f 247 1036 962
f 268 1037 1036
f 962 1036 1037
f 258 1035 1033
f 268 1036 1035
f 247 1033 1036
f 1035 1036 1033
f 20 1023 984
f 267 1038 1023
f 254 984 1038
f 1023 1038 984
f 71 1039 1027
f 269 1040 1039
f 267 1027 1040
f 1039 1040 1027
f 69 989 1042
f 254 1041 989
f 269 1042 1041
f 989 1041 1042
f 267 1040 1038
f 269 1041 1040
f 254 1038 1041
f 1040 1041 1038
f 21 967 1012
f 251 1043 967
f 262 1012 1043
f 967 1043 1012
f 66 1044 971
f 270 1045 1044
f 251 971 1045
f 1044 1045 971
f 71 1017 1047
f 262 1046 1017
f 270 1047 1046
f 1017 1046 1047
f 251 1045 1043
f 270 1046 1045
f 262 1043 1046
f 1045 1046 1043
f 69 1042 1034
f 269 1048 1042
f 268 1034 1048
f 1042 1048 1034
f 71 1047 1039
f 270 1049 1047
f 269 1039 1049
f 1047 1049 1039
f 66 1037 1044
f 268 1050 1037
f 270 1044 1050
f 1037 1050 1044
f 269 1049 1048
f 270 1050 1049
f 268 1048 1050
f 1049 1050 1048
f 1 952 643
f 246 1051 952
f 163 643 1051
f 952 1051 643
f 67 1052 955
f 271 1053 1052
f 246 955 1053
f 1052 1053 955
f 43 648 1055
f 163 1054 648
f 271 1055 1054
f 648 1054 1055
f 246 1053 1051
f 271 1054 1053
f 163 1051 1054
f 1053 1054 1051
f 21 1056 965
f 272 1057 1056
f 249 965 1057
f 1056 1057 965
f 73 1058 1060
f 273 1059 1058
f 272 1060 1059
f 1058 1059 1060
f 67 970 1062
f 249 1061 970
f 273 1062 1061
f 970 1061 1062
f 272 1059 1057
f 273 1061 1059
f 249 1057 1061
f 1059 1061 1057
f 13 654 1064
f 168 1063 654
f 275 1064 1063
f 654 1063 1064
f 43 1065 658
f 274 1066 1065
f 168 658 1066
f 1065 1066 658
f 73 1067 1069
f 275 1068 1067
f 274 1069 1068
f 1067 1068 1069
f 168 1066 1063
f 274 1068 1066
f 275 1063 1068
f 1066 1068 1063
f 67 1062 1052
f 273 1070 1062
f 271 1052 1070
f 1062 1070 1052
f 73 1069 1058
f 274 1071 1069
f 273 1058 1071
f 1069 1071 1058
f 43 1055 1065
f 271 1072 1055
f 274 1065 1072
f 1055 1072 1065
f 273 1071 1070
f 274 1072 1071
f 271 1070 1072
f 1071 1072 1070
f 11 1073 1003
f 276 1074 1073
f 259 1003 1074
f 1073 1074 1003
f 74 1075 1077
f 277 1076 1075
f 276 1077 1076
f 1075 1076 1077
f 70 1008 1079
f 259 1078 1008
f 277 1079 1078
f 1008 1078 1079
f 276 1076 1074
f 277 1078 1076
f 259 1074 1078
f 1076 1078 1074
f 22 1080 1082
f 278 1081 1080
f 280 1082 1081
f 1080 1081 1082
f 75 1083 1085
f 279 1084 1083
f 278 1085 1084
f 1083 1084 1085
f 74 1086 1088
f 280 1087 1086
f 279 1088 1087
f 1086 1087 1088
f 278 1084 1081
f 279 1087 1084
f 280 1081 1087
f 1084 1087 1081
f 21 1014 1090
f 264 1089 1014
f 282 1090 1089
f 1014 1089 1090
f 70 1091 1018
f 281 1092 1091
f 264 1018 1092
f 1091 1092 1018
f 75 1093 1095
f 282 1094 1093
f 281 1095 1094
f 1093 1094 1095
f 264 1092 1089
f 281 1094 1092
f 282 1089 1094
f 1092 1094 1089
f 74 1088 1075
f 279 1096 1088
f 277 1075 1096
f 1088 1096 1075
f 75 1095 1083
f 281 1097 1095
f 279 1083 1097
f 1095 1097 1083
f 70 1079 1091
f 277 1098 1079
f 281 1091 1098
f 1079 1098 1091
f 279 1097 1096
f 281 1098 1097
f 277 1096 1098
f 1097 1098 1096
f 12 675 1100
f 174 1099 675
f 284 1100 1099
f 675 1099 1100
f 48 1101 679
f 283 1102 1101
f 174 679 1102
f 1101 1102 679
f 77 1103 1105
f 284 1104 1103
f 283 1105 1104
f 1103 1104 1105
f 174 1102 1099
f 283 1104 1102
f 284 1099 1104
f 1102 1104 1099
f 13 1106 691
f 285 1107 1106
f 178 691 1107
f 1106 1107 691
f 76 1108 1110
f 286 1109 1108
f 285 1110 1109
f 1108 1109 1110
f 48 696 1112
f 178 1111 696
f 286 1112 1111
f 696 1111 1112
f 285 1109 1107
f 286 1111 1109
f 178 1107 1111
f 1109 1111 1107
f 22 1113 1115
f 287 1114 1113
f 289 1115 1114
f 1113 1114 1115
f 77 1116 1118
f 288 1117 1116
f 287 1118 1117
f 1116 1117 1118
f 76 1119 1121
f 289 1120 1119
f 288 1121 1120
f 1119 1120 1121
f 287 1117 1114
f 288 1120 1117
f 289 1114 1120
f 1117 1120 1114
f 48 1112 1101
f 286 1122 1112
f 283 1101 1122
f 1112 1122 1101
f 76 1121 1108
f 288 1123 1121
f 286 1108 1123
f 1121 1123 1108
f 77 1105 1116
f 283 1124 1105
f 288 1116 1124
f 1105 1124 1116
f 286 1123 1122
f 288 1124 1123
f 283 1122 1124
f 1123 1124 1122
f 21 1090 1056
f 282 1125 1090
f 272 1056 1125
f 1090 1125 1056
f 75 1126 1093
f 290 1127 1126
f 282 1093 1127
f 1126 1127 1093
f 73 1060 1129
f 272 1128 1060
f 290 1129 1128
f 1060 1128 1129
f 282 1127 1125
f 290 1128 1127
f 272 1125 1128
f 1127 1128 1125
f 22 1115 1080
f 289 1130 1115
f 278 1080 1130
f 1115 1130 1080
f 76 1131 1119
f 291 1132 1131
f 289 1119 1132
f 1131 1132 1119
f 75 1085 1134
f 278 1133 1085
f 291 1134 1133
f 1085 1133 1134
f 289 1132 1130
f 291 1133 1132
f 278 1130 1133
f 1132 1133 1130
f 13 1064 1106
f 275 1135 1064
f 285 1106 1135
f 1064 1135 1106
f 73 1136 1067
f 292 1137 1136
f 275 1067 1137
f 1136 1137 1067
f 76 1110 1139
f 285 1138 1110
f 292 1139 1138
f 1110 1138 1139
f 275 1137 1135
f 292 1138 1137
f 285 1135 1138
f 1137 1138 1135
f 75 1134 1126
f 291 1140 1134
f 290 1126 1140
f 1134 1140 1126
f 76 1139 1131
f 292 1141 1139
f 291 1131 1141
f 1139 1141 1131
f 73 1129 1136
f 290 1142 1129
f 292 1136 1142
f 1129 1142 1136
f 291 1141 1140
f 292 1142 1141
f 290 1140 1142
f 1141 1142 1140
f 2 805 1144
f 209 1143 805
f 294 1144 1143
f 805 1143 1144
f 58 1145 809
f 293 1146 1145
f 209 809 1146
f 1145 1146 809
f 79 1147 1149
f 294 1148 1147
f 293 1149 1148
f 1147 1148 1149
f 209 1146 1143
f 293 1148 1146
f 294 1143 1148
f 1146 1148 1143
f 16 1150 821
f 295 1151 1150
f 213 821 1151
f 1150 1151 821
f 78 1152 1154
f 296 1153 1152
f 295 1154 1153
f 1152 1153 1154
f 58 826 1156
f 213 1155 826
f 296 1156 1155
f 826 1155 1156
f 295 1153 1151
f 296 1155 1153
f 213 1151 1155
f 1153 1155 1151
f 24 1157 1159
f 297 1158 1157
f 299 1159 1158
f 1157 1158 1159
f 79 1160 1162
f 298 1161 1160
f 297 1162 1161
f 1160 1161 1162
f 78 1163 1165
f 299 1164 1163
f 298 1165 1164
f 1163 1164 1165
f 297 1161 1158
f 298 1164 1161
f 299 1158 1164
f 1161 1164 1158
f 58 1156 1145
f 296 1166 1156
f 293 1145 1166
f 1156 1166 1145
f 78 1165 1152
f 298 1167 1165
f 296 1152 1167
f 1165 1167 1152
f 79 1149 1160
f 293 1168 1149
f 298 1160 1168
f 1149 1168 1160
f 296 1167 1166
f 298 1168 1167
f 293 1166 1168
f 1167 1168 1166
f 6 1169 777
f 300 1170 1169
f 200 777 1170
f 1169 1170 777
f 80 1171 1173
f 301 1172 1171
f 300 1173 1172
f 1171 1172 1173
f 54 781 1175
f 200 1174 781
f 301 1175 1174
f 781 1174 1175
f 300 1172 1170
f 301 1174 1172
f 200 1170 1174
f 1172 1174 1170
f 23 1176 1178
f 302 1177 1176
f 304 1178 1177
f 1176 1177 1178
f 81 1179 1181
f 303 1180 1179
f 302 1181 1180
f 1179 1180 1181
f 80 1182 1184
f 304 1183 1182
f 303 1184 1183
f 1182 1183 1184
f 302 1180 1177
f 303 1183 1180
f 304 1177 1183
f 1180 1183 1177
f 16 786 1186
f 204 1185 786
f 306 1186 1185
f 786 1185 1186
f 54 1187 790
f 305 1188 1187
f 204 790 1188
f 1187 1188 790
f 81 1189 1191
f 306 1190 1189
f 305 1191 1190
f 1189 1190 1191
f 204 1188 1185
f 305 1190 1188
f 306 1185 1190
f 1188 1190 1185
f 80 1184 1171
f 303 1192 1184
f 301 1171 1192
f 1184 1192 1171
f 81 1191 1179
f 305 1193 1191
f 303 1179 1193
f 1191 1193 1179
f 54 1175 1187
f 301 1194 1175
f 305 1187 1194
f 1175 1194 1187
f 303 1193 1192
f 305 1194 1193
f 301 1192 1194
f 1193 1194 1192
f 10 1195 1197
f 307 1196 1195
f 309 1197 1196
f 1195 1196 1197
f 82 1198 1200
f 308 1199 1198
f 307 1200 1199
f 1198 1199 1200
f 84 1201 1203
f 309 1202 1201
f 308 1203 1202
f 1201 1202 1203
f 307 1199 1196
f 308 1202 1199
f 309 1196 1202
f 1199 1202 1196
f 24 1204 1206
f 310 1205 1204
f 312 1206 1205
f 1204 1205 1206
f 83 1207 1209
f 311 1208 1207
f 310 1209 1208
f 1207 1208 1209
f 82 1210 1212
f 312 1211 1210
f 311 1212 1211
f 1210 1211 1212
f 310 1208 1205
f 311 1211 1208
f 312 1205 1211
f 1208 1211 1205
f 23 1213 1215
f 313 1214 1213
f 315 1215 1214
f 1213 1214 1215
f 84 1216 1218
f 314 1217 1216
f 313 1218 1217
f 1216 1217 1218
f 83 1219 1221
f 315 1220 1219
f 314 1221 1220
f 1219 1220 1221
f 313 1217 1214
f 314 1220 1217
f 315 1214 1220
f 1217 1220 1214
f 82 1212 1198
f 311 1222 1212
f 308 1198 1222
f 1212 1222 1198
f 83 1221 1207
f 314 1223 1221
f 311 1207 1223
f 1221 1223 1207
f 84 1203 1216
f 308 1224 1203
f 314 1216 1224
f 1203 1224 1216
f 311 1223 1222
f 314 1224 1223
f 308 1222 1224
f 1223 1224 1222
f 16 1186 1150
f 306 1225 1186
f 295 1150 1225
f 1186 1225 1150
f 81 1226 1189
f 316 1227 1226
f 306 1189 1227
f 1226 1227 1189
f 78 1154 1229
f 295 1228 1154
f 316 1229 1228
f 1154 1228 1229
f 306 1227 1225
f 316 1228 1227
f 295 1225 1228
f 1227 1228 1225
f 23 1215 1176
f 315 1230 1215
f 302 1176 1230
f 1215 1230 1176
f 83 1231 1219
f 317 1232 1231
f 315 1219 1232
f 1231 1232 1219
f 81 1181 1234
f 302 1233 1181
f 317 1234 1233
f 1181 1233 1234
f 315 1232 1230
f 317 1233 1232
f 302 1230 1233
f 1232 1233 1230
f 24 1159 1204
f 299 1235 1159
f 310 1204 1235
f 1159 1235 1204
f 78 1236 1163
f 318 1237 1236
f 299 1163 1237
f 1236 1237 1163
f 83 1209 1239
f 310 1238 1209
f 318 1239 1238
f 1209 1238 1239
f 299 1237 1235
f 318 1238 1237
f 310 1235 1238
f 1237 1238 1235
f 81 1234 1226
f 317 1240 1234
f 316 1226 1240
f 1234 1240 1226
f 83 1239 1231
f 318 1241 1239
f 317 1231 1241
f 1239 1241 1231
f 78 1229 1236
f 316 1242 1229
f 318 1236 1242
f 1229 1242 1236
f 317 1241 1240
f 318 1242 1241
f 316 1240 1242
f 1241 1242 1240
f 6 705 1244
f 183 1243 705
f 320 1244 1243
f 705 1243 1244
f 51 1245 709
f 319 1246 1245
f 183 709 1246
f 1245 1246 709
f 86 1247 1249
f 320 1248 1247
f 319 1249 1248
f 1247 1248 1249
f 183 1246 1243
f 319 1248 1246
f 320 1243 1248
f 1246 1248 1243
f 14 1250 721
f 321 1251 1250
f 187 721 1251
f 1250 1251 721
f 85 1252 1254
f 322 1253 1252
f 321 1254 1253
f 1252 1253 1254
f 51 726 1256
f 187 1255 726
f 322 1256 1255
f 726 1255 1256
f 321 1253 1251
f 322 1255 1253
f 187 1251 1255
f 1253 1255 1251
f 26 1257 1259
f 323 1258 1257
f 325 1259 1258
f 1257 1258 1259
f 86 1260 1262
f 324 1261 1260
f 323 1262 1261
f 1260 1261 1262
f 85 1263 1265
f 325 1264 1263
f 324 1265 1264
f 1263 1264 1265
f 323 1261 1258
f 324 1264 1261
f 325 1258 1264
f 1261 1264 1258
f 51 1256 1245
f 322 1266 1256
f 319 1245 1266
f 1256 1266 1245
f 85 1265 1252
f 324 1267 1265
f 322 1252 1267
f 1265 1267 1252
f 86 1249 1260
f 319 1268 1249
f 324 1260 1268
f 1249 1268 1260
f 322 1267 1266
f 324 1268 1267
f 319 1266 1268
f 1267 1268 1266
f 12 1269 673
f 326 1270 1269
f 172 673 1270
f 1269 1270 673
f 87 1271 1273
f 327 1272 1271
f 326 1273 1272
f 1271 1272 1273
f 46 678 1275
f 172 1274 678
f 327 1275 1274
f 678 1274 1275
f 326 1272 1270
f 327 1274 1272
f 172 1270 1274
f 1272 1274 1270
f 25 1276 1278
f 328 1277 1276
f 330 1278 1277
f 1276 1277 1278
f 88 1279 1281
f 329 1280 1279
f 328 1281 1280
f 1279 1280 1281
f 87 1282 1284
f 330 1283 1282
f 329 1284 1283
f 1282 1283 1284
f 328 1280 1277
f 329 1283 1280
f 330 1277 1283
f 1280 1283 1277
f 14 684 1286
f 177 1285 684
f 332 1286 1285
f 684 1285 1286
f 46 1287 688
f 331 1288 1287
f 177 688 1288
f 1287 1288 688
f 88 1289 1291
f 332 1290 1289
f 331 1291 1290
f 1289 1290 1291
f 177 1288 1285
f 331 1290 1288
f 332 1285 1290
f 1288 1290 1285
f 87 1284 1271
f 329 1292 1284
f 327 1271 1292
f 1284 1292 1271
f 88 1291 1279
f 331 1293 1291
f 329 1279 1293
f 1291 1293 1279
f 46 1275 1287
f 327 1294 1275
f 331 1287 1294
f 1275 1294 1287
f 329 1293 1292
f 331 1294 1293
f 327 1292 1294
f 1293 1294 1292
f 5 1295 1297
f 333 1296 1295
f 335 1297 1296
f 1295 1296 1297
f 89 1298 1300
f 334 1299 1298
f 333 1300 1299
f 1298 1299 1300
f 91 1301 1303
f 335 1302 1301
f 334 1303 1302
f 1301 1302 1303
f 333 1299 1296
f 334 1302 1299
f 335 1296 1302
f 1299 1302 1296
f 26 1304 1306
f 336 1305 1304
f 338 1306 1305
f 1304 1305 1306
f 90 1307 1309
f 337 1308 1307
f 336 1309 1308
f 1307 1308 1309
f 89 1310 1312
f 338 1311 1310
f 337 1312 1311
f 1310 1311 1312
f 336 1308 1305
f 337 1311 1308
f 338 1305 1311
f 1308 1311 1305
f 25 1313 1315
f 339 1314 1313
f 341 1315 1314
f 1313 1314 1315
f 91 1316 1318
f 340 1317 1316
f 339 1318 1317
f 1316 1317 1318
f 90 1319 1321
f 341 1320 1319
f 340 1321 1320
f 1319 1320 1321
f 339 1317 1314
f 340 1320 1317
f 341 1314 1320
f 1317 1320 1314
f 89 1312 1298
f 337 1322 1312
f 334 1298 1322
f 1312 1322 1298
f 90 1321 1307
f 340 1323 1321
f 337 1307 1323
f 1321 1323 1307
f 91 1303 1316
f 334 1324 1303
f 340 1316 1324
f 1303 1324 1316
f 337 1323 1322
f 340 1324 1323
f 334 1322 1324
f 1323 1324 1322
f 14 1286 1250
f 332 1325 1286
f 321 1250 1325
f 1286 1325 1250
f 88 1326 1289
f 342 1327 1326
f 332 1289 1327
f 1326 1327 1289
f 85 1254 1329
f 321 1328 1254
f 342 1329 1328
f 1254 1328 1329
f 332 1327 1325
f 342 1328 1327
f 321 1325 1328
f 1327 1328 1325
f 25 1315 1276
f 341 1330 1315
f 328 1276 1330
f 1315 1330 1276
f 90 1331 1319
f 343 1332 1331
f 341 1319 1332
f 1331 1332 1319
f 88 1281 1334
f 328 1333 1281
f 343 1334 1333
f 1281 1333 1334
f 341 1332 1330
f 343 1333 1332
f 328 1330 1333
f 1332 1333 1330
f 26 1259 1304
f 325 1335 1259
f 336 1304 1335
f 1259 1335 1304
f 85 1336 1263
f 344 1337 1336
f 325 1263 1337
f 1336 1337 1263
f 90 1309 1339
f 336 1338 1309
f 344 1339 1338
f 1309 1338 1339
f 325 1337 1335
f 344 1338 1337
f 336 1335 1338
f 1337 1338 1335
f 88 1334 1326
f 343 1340 1334
f 342 1326 1340
f 1334 1340 1326
f 90 1339 1331
f 344 1341 1339
f 343 1331 1341
f 1339 1341 1331
f 85 1329 1336
f 342 1342 1329
f 344 1336 1342
f 1329 1342 1336
f 343 1341 1340
f 344 1342 1341
f 342 1340 1342
f 1341 1342 1340
f 12 1100 1344
f 284 1343 1100
f 346 1344 1343
f 1100 1343 1344
f 77 1345 1103
f 345 1346 1345
f 284 1103 1346
f 1345 1346 1103
f 93 1347 1349
f 346 1348 1347
f 345 1349 1348
f 1347 1348 1349
f 284 1346 1343
f 345 1348 1346
f 346 1343 1348
f 1346 1348 1343
f 22 1350 1113
f 347 1351 1350
f 287 1113 1351
f 1350 1351 1113
f 92 1352 1354
f 348 1353 1352
f 347 1354 1353
f 1352 1353 1354
f 77 1118 1356
f 287 1355 1118
f 348 1356 1355
f 1118 1355 1356
f 347 1353 1351
f 348 1355 1353
f 287 1351 1355
f 1353 1355 1351
f 28 1357 1359
f 349 1358 1357
f 351 1359 1358
f 1357 1358 1359
f 93 1360 1362
f 350 1361 1360
f 349 1362 1361
f 1360 1361 1362
f 92 1363 1365
f 351 1364 1363
f 350 1365 1364
f 1363 1364 1365
f 349 1361 1358
f 350 1364 1361
f 351 1358 1364
f 1361 1364 1358
f 77 1356 1345
f 348 1366 1356
f 345 1345 1366
f 1356 1366 1345
f 92 1365 1352
f 350 1367 1365
f 348 1352 1367
f 1365 1367 1352
f 93 1349 1360
f 345 1368 1349
f 350 1360 1368
f 1349 1368 1360
f 348 1367 1366
f 350 1368 1367
f 345 1366 1368
f 1367 1368 1366
f 11 1369 1073
f 352 1370 1369
f 276 1073 1370
f 1369 1370 1073
f 94 1371 1373
f 353 1372 1371
f 352 1373 1372
f 1371 1372 1373
f 74 1077 1375
f 276 1374 1077
f 353 1375 1374
f 1077 1374 1375
f 352 1372 1370
f 353 1374 1372
f 276 1370 1374
f 1372 1374 1370
f 27 1376 1378
f 354 1377 1376
f 356 1378 1377
f 1376 1377 1378
f 95 1379 1381
f 355 1380 1379
f 354 1381 1380
f 1379 1380 1381
f 94 1382 1384
f 356 1383 1382
f 355 1384 1383
f 1382 1383 1384
f 354 1380 1377
f 355 1383 1380
f 356 1377 1383
f 1380 1383 1377
f 22 1082 1386
f 280 1385 1082
f 358 1386 1385
f 1082 1385 1386
f 74 1387 1086
f 357 1388 1387
f 280 1086 1388
f 1387 1388 1086
f 95 1389 1391
f 358 1390 1389
f 357 1391 1390
f 1389 1390 1391
f 280 1388 1385
f 357 1390 1388
f 358 1385 1390
f 1388 1390 1385
f 94 1384 1371
f 355 1392 1384
f 353 1371 1392
f 1384 1392 1371
f 95 1391 1379
f 357 1393 1391
f 355 1379 1393
f 1391 1393 1379
f 74 1375 1387
f 353 1394 1375
f 357 1387 1394
f 1375 1394 1387
f 355 1393 1392
f 357 1394 1393
f 353 1392 1394
f 1393 1394 1392
f 3 1395 1397
f 359 1396 1395
f 361 1397 1396
f 1395 1396 1397
f 96 1398 1400
f 360 1399 1398
f 359 1400 1399
f 1398 1399 1400
f 98 1401 1403
f 361 1402 1401
f 360 1403 1402
f 1401 1402 1403
f 359 1399 1396
f 360 1402 1399
f 361 1396 1402
f 1399 1402 1396
f 28 1404 1406
f 362 1405 1404
f 364 1406 1405
f 1404 1405 1406
f 97 1407 1409
f 363 1408 1407
f 362 1409 1408
f 1407 1408 1409
f 96 1410 1412
f 364 1411 1410
f 363 1412 1411
f 1410 1411 1412
f 362 1408 1405
f 363 1411 1408
f 364 1405 1411
f 1408 1411 1405
f 27 1413 1415
f 365 1414 1413
f 367 1415 1414
f 1413 1414 1415
f 98 1416 1418
f 366 1417 1416
f 365 1418 1417
f 1416 1417 1418
f 97 1419 1421
f 367 1420 1419
f 366 1421 1420
f 1419 1420 1421
f 365 1417 1414
f 366 1420 1417
f 367 1414 1420
f 1417 1420 1414
f 96 1412 1398
f 363 1422 1412
f 360 1398 1422
f 1412 1422 1398
f 97 1421 1407
f 366 1423 1421
f 363 1407 1423
f 1421 1423 1407
f 98 1403 1416
f 360 1424 1403
f 366 1416 1424
f 1403 1424 1416
f 363 1423 1422
f 366 1424 1423
f 360 1422 1424
f 1423 1424 1422
f 22 1386 1350
f 358 1425 1386
f 347 1350 1425
f 1386 1425 1350
f 95 1426 1389
f 368 1427 1426
f 358 1389 1427
f 1426 1427 1389
f 92 1354 1429
f 347 1428 1354
f 368 1429 1428
f 1354 1428 1429
f 358 1427 1425
f 368 1428 1427
f 347 1425 1428
f 1427 1428 1425
f 27 1415 1376
f 367 1430 1415
f 354 1376 1430
f 1415 1430 1376
f 97 1431 1419
f 369 1432 1431
f 367 1419 1432
f 1431 1432 1419
f 95 1381 1434
f 354 1433 1381
f 369 1434 1433
f 1381 1433 1434
f 367 1432 1430
f 369 1433 1432
f 354 1430 1433
f 1432 1433 1430
f 28 1359 1404
f 351 1435 1359
f 362 1404 1435
f 1359 1435 1404
f 92 1436 1363
f 370 1437 1436
f 351 1363 1437
f 1436 1437 1363
f 97 1409 1439
f 362 1438 1409
f 370 1439 1438
f 1409 1438 1439
f 351 1437 1435
f 370 1438 1437
f 362 1435 1438
f 1437 1438 1435
f 95 1434 1426
f 369 1440 1434
f 368 1426 1440
f 1434 1440 1426
f 97 1439 1431
f 370 1441 1439
f 369 1431 1441
f 1439 1441 1431
f 92 1429 1436
f 368 1442 1429
f 370 1436 1442
f 1429 1442 1436
f 369 1441 1440
f 370 1442 1441
f 368 1440 1442
f 1441 1442 1440
f 11 1005 1444
f 261 1443 1005
f 372 1444 1443
f 1005 1443 1444
f 72 1445 1009
f 371 1446 1445
f 261 1009 1446
f 1445 1446 1009
f 100 1447 1449
f 372 1448 1447
f 371 1449 1448
f 1447 1448 1449
f 261 1446 1443
f 371 1448 1446
f 372 1443 1448
f 1446 1448 1443
f 20 1450 1021
f 373 1451 1450
f 265 1021 1451
f 1450 1451 1021
f 99 1452 1454
f 374 1453 1452
f 373 1454 1453
f 1452 1453 1454
f 72 1026 1456
f 265 1455 1026
f 374 1456 1455
f 1026 1455 1456
f 373 1453 1451
f 374 1455 1453
f 265 1451 1455
f 1453 1455 1451
f 30 1457 1459
f 375 1458 1457
f 377 1459 1458
f 1457 1458 1459
f 100 1460 1462
f 376 1461 1460
f 375 1462 1461
f 1460 1461 1462
f 99 1463 1465
f 377 1464 1463
f 376 1465 1464
f 1463 1464 1465
f 375 1461 1458
f 376 1464 1461
f 377 1458 1464
f 1461 1464 1458
f 72 1456 1445
f 374 1466 1456
f 371 1445 1466
f 1456 1466 1445
f 99 1465 1452
f 376 1467 1465
f 374 1452 1467
f 1465 1467 1452
f 100 1449 1460
f 371 1468 1449
f 376 1460 1468
f 1449 1468 1460
f 374 1467 1466
f 376 1468 1467
f 371 1466 1468
f 1467 1468 1466
f 8 1469 977
f 378 1470 1469
f 252 977 1470
f 1469 1470 977
f 101 1471 1473
f 379 1472 1471
f 378 1473 1472
f 1471 1472 1473
f 68 981 1475
f 252 1474 981
f 379 1475 1474
f 981 1474 1475
f 378 1472 1470
f 379 1474 1472
f 252 1470 1474
f 1472 1474 1470
f 29 1476 1478
f 380 1477 1476
f 382 1478 1477
f 1476 1477 1478
f 102 1479 1481
f 381 1480 1479
f 380 1481 1480
f 1479 1480 1481
f 101 1482 1484
f 382 1483 1482
f 381 1484 1483
f 1482 1483 1484
f 380 1480 1477
f 381 1483 1480
f 382 1477 1483
f 1480 1483 1477
f 20 986 1486
f 256 1485 986
f 384 1486 1485
f 986 1485 1486
f 68 1487 990
f 383 1488 1487
f 256 990 1488
f 1487 1488 990
f 102 1489 1491
f 384 1490 1489
f 383 1491 1490
f 1489 1490 1491
f 256 1488 1485
f 383 1490 1488
f 384 1485 1490
f 1488 1490 1485
f 101 1484 1471
f 381 1492 1484
f 379 1471 1492
f 1484 1492 1471
f 102 1491 1479
f 383 1493 1491
f 381 1479 1493
f 1491 1493 1479
f 68 1475 1487
f 379 1494 1475
f 383 1487 1494
f 1475 1494 1487
f 381 1493 1492
f 383 1494 1493
f 379 1492 1494
f 1493 1494 1492
f 7 1495 1497
f 385 1496 1495
f 387 1497 1496
f 1495 1496 1497
f 103 1498 1500
f 386 1499 1498
f 385 1500 1499
f 1498 1499 1500
f 105 1501 1503
f 387 1502 1501
f 386 1503 1502
f 1501 1502 1503
f 385 1499 1496
f 386 1502 1499
f 387 1496 1502
f 1499 1502 1496
f 30 1504 1506
f 388 1505 1504
f 390 1506 1505
f 1504 1505 1506
f 104 1507 1509
f 389 1508 1507
f 388 1509 1508
f 1507 1508 1509
f 103 1510 1512
f 390 1511 1510
f 389 1512 1511
f 1510 1511 1512
f 388 1508 1505
f 389 1511 1508
f 390 1505 1511
f 1508 1511 1505
f 29 1513 1515
f 391 1514 1513
f 393 1515 1514
f 1513 1514 1515
f 105 1516 1518
f 392 1517 1516
f 391 1518 1517
f 1516 1517 1518
f 104 1519 1521
f 393 1520 1519
f 392 1521 1520
f 1519 1520 1521
f 391 1517 1514
f 392 1520 1517
f 393 1514 1520
f 1517 1520 1514
f 103 1512 1498
f 389 1522 1512
f 386 1498 1522
f 1512 1522 1498
f 104 1521 1507
f 392 1523 1521
f 389 1507 1523
f 1521 1523 1507
f 105 1503 1516
f 386 1524 1503
f 392 1516 1524
f 1503 1524 1516
f 389 1523 1522
f 392 1524 1523
f 386 1522 1524
f 1523 1524 1522
f 20 1486 1450
f 384 1525 1486
f 373 1450 1525
f 1486 1525 1450
f 102 1526 1489
f 394 1527 1526
f 384 1489 1527
f 1526 1527 1489
f 99 1454 1529
f 373 1528 1454
f 394 1529 1528
f 1454 1528 1529
f 384 1527 1525
f 394 1528 1527
f 373 1525 1528
f 1527 1528 1525
f 29 1515 1476
f 393 1530 1515
f 380 1476 1530
f 1515 1530 1476
f 104 1531 1519
f 395 1532 1531
f 393 1519 1532
f 1531 1532 1519
f 102 1481 1534
f 380 1533 1481
f 395 1534 1533
f 1481 1533 1534
f 393 1532 1530
f 395 1533 1532
f 380 1530 1533
f 1532 1533 1530
f 30 1459 1504
f 377 1535 1459
f 388 1504 1535
f 1459 1535 1504
f 99 1536 1463
f 396 1537 1536
f 377 1463 1537
f 1536 1537 1463
f 104 1509 1539
f 388 1538 1509
f 396 1539 1538
f 1509 1538 1539
f 377 1537 1535
f 396 1538 1537
f 388 1535 1538
f 1537 1538 1535
f 102 1534 1526
f 395 1540 1534
f 394 1526 1540
f 1534 1540 1526
f 104 1539 1531
f 396 1541 1539
f 395 1531 1541
f 1539 1541 1531
f 99 1529 1536
f 394 1542 1529
f 396 1536 1542
f 1529 1542 1536
f 395 1541 1540
f 396 1542 1541
f 394 1540 1542
f 1541 1542 1540
f 8 905 1544
f 235 1543 905
f 398 1544 1543
f 905 1543 1544
f 65 1545 909
f 397 1546 1545
f 235 909 1546
f 1545 1546 909
f 107 1547 1549
f 398 1548 1547
f 397 1549 1548
f 1547 1548 1549
f 235 1546 1543
f 397 1548 1546
f 398 1543 1548
f 1546 1548 1543
f 18 1550 921
f 399 1551 1550
f 239 921 1551
f 1550 1551 921
f 106 1552 1554
f 400 1553 1552
f 399 1554 1553
f 1552 1553 1554
f 65 926 1556
f 239 1555 926
f 400 1556 1555
f 926 1555 1556
f 399 1553 1551
f 400 1555 1553
f 239 1551 1555
f 1553 1555 1551
f 32 1557 1559
f 401 1558 1557
f 403 1559 1558
f 1557 1558 1559
f 107 1560 1562
f 402 1561 1560
f 401 1562 1561
f 1560 1561 1562
f 106 1563 1565
f 403 1564 1563
f 402 1565 1564
f 1563 1564 1565
f 401 1561 1558
f 402 1564 1561
f 403 1558 1564
f 1561 1564 1558
f 65 1556 1545
f 400 1566 1556
f 397 1545 1566
f 1556 1566 1545
f 106 1565 1552
f 402 1567 1565
f 400 1552 1567
f 1565 1567 1552
f 107 1549 1560
f 397 1568 1549
f 402 1560 1568
f 1549 1568 1560
f 400 1567 1566
f 402 1568 1567
f 397 1566 1568
f 1567 1568 1566
f 2 1569 877
f 404 1570 1569
f 226 877 1570
f 1569 1570 877
f 108 1571 1573
f 405 1572 1571
f 404 1573 1572
f 1571 1572 1573
f 61 881 1575
f 226 1574 881
f 405 1575 1574
f 881 1574 1575
f 404 1572 1570
f 405 1574 1572
f 226 1570 1574
f 1572 1574 1570
f 31 1576 1578
f 406 1577 1576
f 408 1578 1577
f 1576 1577 1578
f 109 1579 1581
f 407 1580 1579
f 406 1581 1580
f 1579 1580 1581
f 108 1582 1584
f 408 1583 1582
f 407 1584 1583
f 1582 1583 1584
f 406 1580 1577
f 407 1583 1580
f 408 1577 1583
f 1580 1583 1577
f 18 886 1586
f 230 1585 886
f 410 1586 1585
f 886 1585 1586
f 61 1587 890
f 409 1588 1587
f 230 890 1588
f 1587 1588 890
f 109 1589 1591
f 410 1590 1589
f 409 1591 1590
f 1589 1590 1591
f 230 1588 1585
f 409 1590 1588
f 410 1585 1590
f 1588 1590 1585
f 108 1584 1571
f 407 1592 1584
f 405 1571 1592
f 1584 1592 1571
f 109 1591 1579
f 409 1593 1591
f 407 1579 1593
f 1591 1593 1579
f 61 1575 1587
f 405 1594 1575
f 409 1587 1594
f 1575 1594 1587
f 407 1593 1592
f 409 1594 1593
f 405 1592 1594
f 1593 1594 1592
f 9 1595 1597
f 411 1596 1595
f 413 1597 1596
f 1595 1596 1597
f 110 1598 1600
f 412 1599 1598
f 411 1600 1599
f 1598 1599 1600
f 112 1601 1603
f 413 1602 1601
f 412 1603 1602
f 1601 1602 1603
f 411 1599 1596
f 412 1602 1599
f 413 1596 1602
f 1599 1602 1596
f 32 1604 1606
f 414 1605 1604
f 416 1606 1605
f 1604 1605 1606
f 111 1607 1609
f 415 1608 1607
f 414 1609 1608
f 1607 1608 1609
f 110 1610 1612
f 416 1611 1610
f 415 1612 1611
f 1610 1611 1612
f 414 1608 1605
f 415 1611 1608
f 416 1605 1611
f 1608 1611 1605
f 31 1613 1615
f 417 1614 1613
f 419 1615 1614
f 1613 1614 1615
f 112 1616 1618
f 418 1617 1616
f 417 1618 1617
f 1616 1617 1618
f 111 1619 1621
f 419 1620 1619
f 418 1621 1620
f 1619 1620 1621
f 417 1617 1614
f 418 1620 1617
f 419 1614 1620
f 1617 1620 1614
f 110 1612 1598
f 415 1622 1612
f 412 1598 1622
f 1612 1622 1598
f 111 1621 1607
f 418 1623 1621
f 415 1607 1623
f 1621 1623 1607
f 112 1603 1616
f 412 1624 1603
f 418 1616 1624
f 1603 1624 1616
f 415 1623 1622
f 418 1624 1623
f 412 1622 1624
f 1623 1624 1622
f 18 1586 1550
f 410 1625 1586
f 399 1550 1625
f 1586 1625 1550
f 109 1626 1589
f 420 1627 1626
f 410 1589 1627
f 1626 1627 1589
f 106 1554 1629
f 399 1628 1554
f 420 1629 1628
f 1554 1628 1629
f 410 1627 1625
f 420 1628 1627
f 399 1625 1628
f 1627 1628 1625
f 31 1615 1576
f 419 1630 1615
f 406 1576 1630
f 1615 1630 1576
f 111 1631 1619
f 421 1632 1631
f 419 1619 1632
f 1631 1632 1619
f 109 1581 1634
f 406 1633 1581
f 421 1634 1633
f 1581 1633 1634
f 419 1632 1630
f 421 1633 1632
f 406 1630 1633
f 1632 1633 1630
f 32 1559 1604
f 403 1635 1559
f 414 1604 1635
f 1559 1635 1604
f 106 1636 1563
f 422 1637 1636
f 403 1563 1637
f 1636 1637 1563
f 111 1609 1639
f 414 1638 1609
f 422 1639 1638
f 1609 1638 1639
f 403 1637 1635
f 422 1638 1637
f 414 1635 1638
f 1637 1638 1635
f 109 1634 1626
f 421 1640 1634
f 420 1626 1640
f 1634 1640 1626
f 111 1639 1631
f 422 1641 1639
f 421 1631 1641
f 1639 1641 1631
f 106 1629 1636
f 420 1642 1629
f 422 1636 1642
f 1629 1642 1636
f 421 1641 1640
f 422 1642 1641
f 420 1640 1642
f 1641 1642 1640
f 4 1643 1645
f 423 1644 1643
f 425 1645 1644
f 1643 1644 1645
f 113 1646 1648
f 424 1647 1646
f 423 1648 1647
f 1646 1647 1648
f 115 1649 1651
f 425 1650 1649
f 424 1651 1650
f 1649 1650 1651
f 423 1647 1644
f 424 1650 1647
f 425 1644 1650
f 1647 1650 1644
f 33 1652 1654
f 426 1653 1652
f 428 1654 1653
f 1652 1653 1654
f 114 1655 1657
f 427 1656 1655
f 426 1657 1656
f 1655 1656 1657
f 113 1658 1660
f 428 1659 1658
f 427 1660 1659
f 1658 1659 1660
f 426 1656 1653
f 427 1659 1656
f 428 1653 1659
f 1656 1659 1653
f 35 1661 1663
f 429 1662 1661
f 431 1663 1662
f 1661 1662 1663
f 115 1664 1666
f 430 1665 1664
f 429 1666 1665
f 1664 1665 1666
f 114 1667 1669
f 431 1668 1667
f 430 1669 1668
f 1667 1668 1669
f 429 1665 1662
f 430 1668 1665
f 431 1662 1668
f 1665 1668 1662
f 113 1660 1646
f 427 1670 1660
f 424 1646 1670
f 1660 1670 1646
f 114 1669 1655
f 430 1671 1669
f 427 1655 1671
f 1669 1671 1655
f 115 1651 1664
f 424 1672 1651
f 430 1664 1672
f 1651 1672 1664
f 427 1671 1670
f 430 1672 1671
f 424 1670 1672
f 1671 1672 1670
f 10 1673 1675
f 432 1674 1673
f 434 1675 1674
f 1673 1674 1675
f 116 1676 1678
f 433 1677 1676
f 432 1678 1677
f 1676 1677 1678
f 118 1679 1681
f 434 1680 1679
f 433 1681 1680
f 1679 1680 1681
f 432 1677 1674
f 433 1680 1677
f 434 1674 1680
f 1677 1680 1674
f 34 1682 1684
f 435 1683 1682
f 437 1684 1683
f 1682 1683 1684
f 117 1685 1687
f 436 1686 1685
f 435 1687 1686
f 1685 1686 1687
f 116 1688 1690
f 437 1689 1688
f 436 1690 1689
f 1688 1689 1690
f 435 1686 1683
f 436 1689 1686
f 437 1683 1689
f 1686 1689 1683
f 33 1691 1693
f 438 1692 1691
f 440 1693 1692
f 1691 1692 1693
f 118 1694 1696
f 439 1695 1694
f 438 1696 1695
f 1694 1695 1696
f 117 1697 1699
f 440 1698 1697
f 439 1699 1698
f 1697 1698 1699
f 438 1695 1692
f 439 1698 1695
f 440 1692 1698
f 1695 1698 1692
f 116 1690 1676
f 436 1700 1690
f 433 1676 1700
f 1690 1700 1676
f 117 1699 1685
f 439 1701 1699
f 436 1685 1701
f 1699 1701 1685
f 118 1681 1694
f 433 1702 1681
f 439 1694 1702
f 1681 1702 1694
f 436 1701 1700
f 439 1702 1701
f 433 1700 1702
f 1701 1702 1700
f 5 1703 1705
f 441 1704 1703
f 443 1705 1704
f 1703 1704 1705
f 119 1706 1708
f 442 1707 1706
f 441 1708 1707
f 1706 1707 1708
f 121 1709 1711
f 443 1710 1709
f 442 1711 1710
f 1709 1710 1711
f 441 1707 1704
f 442 1710 1707
f 443 1704 1710
f 1707 1710 1704
f 35 1712 1714
f 444 1713 1712
f 446 1714 1713
f 1712 1713 1714
f 120 1715 1717
f 445 1716 1715
f 444 1717 1716
f 1715 1716 1717
f 119 1718 1720
f 446 1719 1718
f 445 1720 1719
f 1718 1719 1720
f 444 1716 1713
f 445 1719 1716
f 446 1713 1719
f 1716 1719 1713
f 34 1721 1723
f 447 1722 1721
f 449 1723 1722
f 1721 1722 1723
f 121 1724 1726
f 448 1725 1724
f 447 1726 1725
f 1724 1725 1726
f 120 1727 1729
f 449 1728 1727
f 448 1729 1728
f 1727 1728 1729
f 447 1725 1722
f 448 1728 1725
f 449 1722 1728
f 1725 1728 1722
f 119 1720 1706
f 445 1730 1720
f 442 1706 1730
f 1720 1730 1706
f 120 1729 1715
f 448 1731 1729
f 445 1715 1731
f 1729 1731 1715
f 121 1711 1724
f 442 1732 1711
f 448 1724 1732
f 1711 1732 1724
f 445 1731 1730
f 448 1732 1731
f 442 1730 1732
f 1731 1732 1730
f 33 1693 1652
f 440 1733 1693
f 426 1652 1733
f 1693 1733 1652
f 117 1734 1697
f 450 1735 1734
f 440 1697 1735
f 1734 1735 1697
f 114 1657 1737
f 426 1736 1657
f 450 1737 1736
f 1657 1736 1737
f 440 1735 1733
f 450 1736 1735
f 426 1733 1736
f 1735 1736 1733
f 34 1723 1682
f 449 1738 1723
f 435 1682 1738
f 1723 1738 1682
f 120 1739 1727
f 451 1740 1739
f 449 1727 1740
f 1739 1740 1727
f 117 1687 1742
f 435 1741 1687
f 451 1742 1741
f 1687 1741 1742
f 449 1740 1738
f 451 1741 1740
f 435 1738 1741
f 1740 1741 1738
f 35 1663 1712
f 431 1743 1663
f 444 1712 1743
f 1663 1743 1712
f 114 1744 1667
f 452 1745 1744
f 431 1667 1745
f 1744 1745 1667
f 120 1717 1747
f 444 1746 1717
f 452 1747 1746
f 1717 1746 1747
f 431 1745 1743
f 452 1746 1745
f 444 1743 1746
f 1745 1746 1743
f 117 1742 1734
f 451 1748 1742
f 450 1734 1748
f 1742 1748 1734
f 120 1747 1739
f 452 1749 1747
f 451 1739 1749
f 1747 1749 1739
f 114 1737 1744
f 450 1750 1737
f 452 1744 1750
f 1737 1750 1744
f 451 1749 1748
f 452 1750 1749
f 450 1748 1750
f 1749 1750 1748
f 4 1645 1752
f 425 1751 1645
f 454 1752 1751
f 1645 1751 1752
f 115 1753 1649
f 453 1754 1753
f 425 1649 1754
f 1753 1754 1649
f 123 1755 1757
f 454 1756 1755
f 453 1757 1756
f 1755 1756 1757
f 425 1754 1751
f 453 1756 1754
f 454 1751 1756
f 1754 1756 1751
f 35 1758 1661
f 455 1759 1758
f 429 1661 1759
f 1758 1759 1661
f 122 1760 1762
f 456 1761 1760
f 455 1762 1761
f 1760 1761 1762
f 115 1666 1764
f 429 1763 1666
f 456 1764 1763
f 1666 1763 1764
f 455 1761 1759
f 456 1763 1761
f 429 1759 1763
f 1761 1763 1759
f 37 1765 1767
f 457 1766 1765
f 459 1767 1766
f 1765 1766 1767
f 123 1768 1770
f 458 1769 1768
f 457 1770 1769
f 1768 1769 1770
f 122 1771 1773
f 459 1772 1771
f 458 1773 1772
f 1771 1772 1773
f 457 1769 1766
f 458 1772 1769
f 459 1766 1772
f 1769 1772 1766
f 115 1764 1753
f 456 1774 1764
f 453 1753 1774
f 1764 1774 1753
f 122 1773 1760
f 458 1775 1773
f 456 1760 1775
f 1773 1775 1760
f 123 1757 1768
f 453 1776 1757
f 458 1768 1776
f 1757 1776 1768
f 456 1775 1774
f 458 1776 1775
f 453 1774 1776
f 1775 1776 1774
f 5 1777 1703
f 460 1778 1777
f 441 1703 1778
f 1777 1778 1703
f 124 1779 1781
f 461 1780 1779
f 460 1781 1780
f 1779 1780 1781
f 119 1708 1783
f 441 1782 1708
f 461 1783 1782
f 1708 1782 1783
f 460 1780 1778
f 461 1782 1780
f 441 1778 1782
f 1780 1782 1778
f 36 1784 1786
f 462 1785 1784
f 464 1786 1785
f 1784 1785 1786
f 125 1787 1789
f 463 1788 1787
f 462 1789 1788
f 1787 1788 1789
f 124 1790 1792
f 464 1791 1790
f 463 1792 1791
f 1790 1791 1792
f 462 1788 1785
f 463 1791 1788
f 464 1785 1791
f 1788 1791 1785
f 35 1714 1794
f 446 1793 1714
f 466 1794 1793
f 1714 1793 1794
f 119 1795 1718
f 465 1796 1795
f 446 1718 1796
f 1795 1796 1718
f 125 1797 1799
f 466 1798 1797
f 465 1799 1798
f 1797 1798 1799
f 446 1796 1793
f 465 1798 1796
f 466 1793 1798
f 1796 1798 1793
f 124 1792 1779
f 463 1800 1792
f 461 1779 1800
f 1792 1800 1779
f 125 1799 1787
f 465 1801 1799
f 463 1787 1801
f 1799 1801 1787
f 119 1783 1795
f 461 1802 1783
f 465 1795 1802
f 1783 1802 1795
f 463 1801 1800
f 465 1802 1801
f 461 1800 1802
f 1801 1802 1800
f 3 1803 1805
f 467 1804 1803
f 469 1805 1804
f 1803 1804 1805
f 126 1806 1808
f 468 1807 1806
f 467 1808 1807
f 1806 1807 1808
f 128 1809 1811
f 469 1810 1809
f 468 1811 1810
f 1809 1810 1811
f 467 1807 1804
f 468 1810 1807
f 469 1804 1810
f 1807 1810 1804
f 37 1812 1814
f 470 1813 1812
f 472 1814 1813
f 1812 1813 1814
f 127 1815 1817
f 471 1816 1815
f 470 1817 1816
f 1815 1816 1817
f 126 1818 1820
f 472 1819 1818
f 471 1820 1819
f 1818 1819 1820
f 470 1816 1813
f 471 1819 1816
f 472 1813 1819
f 1816 1819 1813
f 36 1821 1823
f 473 1822 1821
f 475 1823 1822
f 1821 1822 1823
f 128 1824 1826
f 474 1825 1824
f 473 1826 1825
f 1824 1825 1826
f 127 1827 1829
f 475 1828 1827
f 474 1829 1828
f 1827 1828 1829
f 473 1825 1822
f 474 1828 1825
f 475 1822 1828
f 1825 1828 1822
f 126 1820 1806
f 471 1830 1820
f 468 1806 1830
f 1820 1830 1806
f 127 1829 1815
f 474 1831 1829
f 471 1815 1831
f 1829 1831 1815
f 128 1811 1824
f 468 1832 1811
f 474 1824 1832
f 1811 1832 1824
f 471 1831 1830
f 474 1832 1831
f 468 1830 1832
f 1831 1832 1830
f 35 1794 1758
f 466 1833 1794
f 455 1758 1833
f 1794 1833 1758
f 125 1834 1797
f 476 1835 1834
f 466 1797 1835
f 1834 1835 1797
f 122 1762 1837
f 455 1836 1762
f 476 1837 1836
f 1762 1836 1837
f 466 1835 1833
f 476 1836 1835
f 455 1833 1836
f 1835 1836 1833
f 36 1823 1784
f 475 1838 1823
f 462 1784 1838
f 1823 1838 1784
f 127 1839 1827
f 477 1840 1839
f 475 1827 1840
f 1839 1840 1827
f 125 1789 1842
f 462 1841 1789
f 477 1842 1841
f 1789 1841 1842
f 475 1840 1838
f 477 1841 1840
f 462 1838 1841
f 1840 1841 1838
f 37 1767 1812
f 459 1843 1767
f 470 1812 1843
f 1767 1843 1812
f 122 1844 1771
f 478 1845 1844
f 459 1771 1845
f 1844 1845 1771
f 127 1817 1847
f 470 1846 1817
f 478 1847 1846
f 1817 1846 1847
f 459 1845 1843
f 478 1846 1845
f 470 1843 1846
f 1845 1846 1843
f 125 1842 1834
f 477 1848 1842
f 476 1834 1848
f 1842 1848 1834
f 127 1847 1839
f 478 1849 1847
f 477 1839 1849
f 1847 1849 1839
f 122 1837 1844
f 476 1850 1837
f 478 1844 1850
f 1837 1850 1844
f 477 1849 1848
f 478 1850 1849
f 476 1848 1850
f 1849 1850 1848
f 4 1752 1852
f 454 1851 1752
f 480 1852 1851
f 1752 1851 1852
f 123 1853 1755
f 479 1854 1853
f 454 1755 1854
f 1853 1854 1755
f 130 1855 1857
f 480 1856 1855
f 479 1857 1856
f 1855 1856 1857
f 454 1854 1851
f 479 1856 1854
f 480 1851 1856
f 1854 1856 1851
f 37 1858 1765
f 481 1859 1858
f 457 1765 1859
f 1858 1859 1765
f 129 1860 1862
f 482 1861 1860
f 481 1862 1861
f 1860 1861 1862
f 123 1770 1864
f 457 1863 1770
f 482 1864 1863
f 1770 1863 1864
f 481 1861 1859
f 482 1863 1861
f 457 1859 1863
f 1861 1863 1859
f 39 1865 1867
f 483 1866 1865
f 485 1867 1866
f 1865 1866 1867
f 130 1868 1870
f 484 1869 1868
f 483 1870 1869
f 1868 1869 1870
f 129 1871 1873
f 485 1872 1871
f 484 1873 1872
f 1871 1872 1873
f 483 1869 1866
f 484 1872 1869
f 485 1866 1872
f 1869 1872 1866
f 123 1864 1853
f 482 1874 1864
f 479 1853 1874
f 1864 1874 1853
f 129 1873 1860
f 484 1875 1873
f 482 1860 1875
f 1873 1875 1860
f 130 1857 1868
f 479 1876 1857
f 484 1868 1876
f 1857 1876 1868
f 482 1875 1874
f 484 1876 1875
f 479 1874 1876
f 1875 1876 1874
f 3 1877 1803
f 486 1878 1877
f 467 1803 1878
f 1877 1878 1803
f 131 1879 1881
f 487 1880 1879
f 486 1881 1880
f 1879 1880 1881
f 126 1808 1883
f 467 1882 1808
f 487 1883 1882
f 1808 1882 1883
f 486 1880 1878
f 487 1882 1880
f 467 1878 1882
f 1880 1882 1878
f 38 1884 1886
f 488 1885 1884
f 490 1886 1885
f 1884 1885 1886
f 132 1887 1889
f 489 1888 1887
f 488 1889 1888
f 1887 1888 1889
f 131 1890 1892
f 490 1891 1890
f 489 1892 1891
f 1890 1891 1892
f 488 1888 1885
f 489 1891 1888
f 490 1885 1891
f 1888 1891 1885
f 37 1814 1894
f 472 1893 1814
f 492 1894 1893
f 1814 1893 1894
f 126 1895 1818
f 491 1896 1895
f 472 1818 1896
f 1895 1896 1818
f 132 1897 1899
f 492 1898 1897
f 491 1899 1898
f 1897 1898 1899
f 472 1896 1893
f 491 1898 1896
f 492 1893 1898
f 1896 1898 1893
f 131 1892 1879
f 489 1900 1892
f 487 1879 1900
f 1892 1900 1879
f 132 1899 1887
f 491 1901 1899
f 489 1887 1901
f 1899 1901 1887
f 126 1883 1895
f 487 1902 1883
f 491 1895 1902
f 1883 1902 1895
f 489 1901 1900
f 491 1902 1901
f 487 1900 1902
f 1901 1902 1900
f 7 1903 1905
f 493 1904 1903
f 495 1905 1904
f 1903 1904 1905
f 133 1906 1908
f 494 1907 1906
f 493 1908 1907
f 1906 1907 1908
f 135 1909 1911
f 495 1910 1909
f 494 1911 1910
f 1909 1910 1911
f 493 1907 1904
f 494 1910 1907
f 495 1904 1910
f 1907 1910 1904
f 39 1912 1914
f 496 1913 1912
f 498 1914 1913
f 1912 1913 1914
f 134 1915 1917
f 497 1916 1915
f 496 1917 1916
f 1915 1916 1917
f 133 1918 1920
f 498 1919 1918
f 497 1920 1919
f 1918 1919 1920
f 496 1916 1913
f 497 1919 1916
f 498 1913 1919
f 1916 1919 1913
f 38 1921 1923
f 499 1922 1921
f 501 1923 1922
f 1921 1922 1923
f 135 1924 1926
f 500 1925 1924
f 499 1926 1925
f 1924 1925 1926
f 134 1927 1929
f 501 1928 1927
f 500 1929 1928
f 1927 1928 1929
f 499 1925 1922
f 500 1928 1925
f 501 1922 1928
f 1925 1928 1922
f 133 1920 1906
f 497 1930 1920
f 494 1906 1930
f 1920 1930 1906
f 134 1929 1915
f 500 1931 1929
f 497 1915 1931
f 1929 1931 1915
f 135 1911 1924
f 494 1932 1911
f 500 1924 1932
f 1911 1932 1924
f 497 1931 1930
f 500 1932 1931
f 494 1930 1932
f 1931 1932 1930
f 37 1894 1858
f 492 1933 1894
f 481 1858 1933
f 1894 1933 1858
f 132 1934 1897
f 502 1935 1934
f 492 1897 1935
f 1934 1935 1897
f 129 1862 1937
f 481 1936 1862
f 502 1937 1936
f 1862 1936 1937
f 492 1935 1933
f 502 1936 1935
f 481 1933 1936
f 1935 1936 1933
f 38 1923 1884
f 501 1938 1923
f 488 1884 1938
f 1923 1938 1884
f 134 1939 1927
f 503 1940 1939
f 501 1927 1940
f 1939 1940 1927
f 132 1889 1942
f 488 1941 1889
f 503 1942 1941
f 1889 1941 1942
f 501 1940 1938
f 503 1941 1940
f 488 1938 1941
f 1940 1941 1938
f 39 1867 1912
f 485 1943 1867
f 496 1912 1943
f 1867 1943 1912
f 129 1944 1871
f 504 1945 1944
f 485 1871 1945
f 1944 1945 1871
f 134 1917 1947
f 496 1946 1917
f 504 1947 1946
f 1917 1946 1947
f 485 1945 1943
f 504 1946 1945
f 496 1943 1946
f 1945 1946 1943
f 132 1942 1934
f 503 1948 1942
f 502 1934 1948
f 1942 1948 1934
f 134 1947 1939
f 504 1949 1947
f 503 1939 1949
f 1947 1949 1939
f 129 1937 1944
f 502 1950 1937
f 504 1944 1950
f 1937 1950 1944
f 503 1949 1948
f 504 1950 1949
f 502 1948 1950
f 1949 1950 1948
f 4 1852 1952
f 480 1951 1852
f 506 1952 1951
f 1852 1951 1952
f 130 1953 1855
f 505 1954 1953
f 480 1855 1954
f 1953 1954 1855
f 137 1955 1957
f 506 1956 1955
f 505 1957 1956
f 1955 1956 1957
f 480 1954 1951
f 505 1956 1954
f 506 1951 1956
f 1954 1956 1951
f 39 1958 1865
f 507 1959 1958
f 483 1865 1959
f 1958 1959 1865
f 136 1960 1962
f 508 1961 1960
f 507 1962 1961
f 1960 1961 1962
f 130 1870 1964
f 483 1963 1870
f 508 1964 1963
f 1870 1963 1964
f 507 1961 1959
f 508 1963 1961
f 483 1959 1963
f 1961 1963 1959
f 41 1965 1967
f 509 1966 1965
f 511 1967 1966
f 1965 1966 1967
f 137 1968 1970
f 510 1969 1968
f 509 1970 1969
f 1968 1969 1970
f 136 1971 1973
f 511 1972 1971
f 510 1973 1972
f 1971 1972 1973
f 509 1969 1966
f 510 1972 1969
f 511 1966 1972
f 1969 1972 1966
f 130 1964 1953
f 508 1974 1964
f 505 1953 1974
f 1964 1974 1953
f 136 1973 1960
f 510 1975 1973
f 508 1960 1975
f 1973 1975 1960
f 137 1957 1968
f 505 1976 1957
f 510 1968 1976
f 1957 1976 1968
f 508 1975 1974
f 510 1976 1975
f 505 1974 1976
f 1975 1976 1974
f 7 1977 1903
f 512 1978 1977
f 493 1903 1978
f 1977 1978 1903
f 138 1979 1981
f 513 1980 1979
f 512 1981 1980
f 1979 1980 1981
f 133 1908 1983
f 493 1982 1908
f 513 1983 1982
f 1908 1982 1983
f 512 1980 1978
f 513 1982 1980
f 493 1978 1982
f 1980 1982 1978
f 40 1984 1986
f 514 1985 1984
f 516 1986 1985
f 1984 1985 1986
f 139 1987 1989
f 515 1988 1987
f 514 1989 1988
f 1987 1988 1989
f 138 1990 1992
f 516 1991 1990
f 515 1992 1991
f 1990 1991 1992
f 514 1988 1985
f 515 1991 1988
f 516 1985 1991
f 1988 1991 1985
f 39 1914 1994
f 498 1993 1914
f 518 1994 1993
f 1914 1993 1994
f 133 1995 1918
f 517 1996 1995
f 498 1918 1996
f 1995 1996 1918
f 139 1997 1999
f 518 1998 1997
f 517 1999 1998
f 1997 1998 1999
f 498 1996 1993
f 517 1998 1996
f 518 1993 1998
f 1996 1998 1993
f 138 1992 1979
f 515 2000 1992
f 513 1979 2000
f 1992 2000 1979
f 139 1999 1987
f 517 2001 1999
f 515 1987 2001
f 1999 2001 1987
f 133 1983 1995
f 513 2002 1983
f 517 1995 2002
f 1983 2002 1995
f 515 2001 2000
f 517 2002 2001
f 513 2000 2002
f 2001 2002 2000
f 9 2003 2005
f 519 2004 2003
f 521 2005 2004
f 2003 2004 2005
f 140 2006 2008
f 520 2007 2006
f 519 2008 2007
f 2006 2007 2008
f 142 2009 2011
f 521 2010 2009
f 520 2011 2010
f 2009 2010 2011
f 519 2007 2004
f 520 2010 2007
f 521 2004 2010
f 2007 2010 2004
f 41 2012 2014
f 522 2013 2012
f 524 2014 2013
f 2012 2013 2014
f 141 2015 2017
f 523 2016 2015
f 522 2017 2016
f 2015 2016 2017
f 140 2018 2020
f 524 2019 2018
f 523 2020 2019
f 2018 2019 2020
f 522 2016 2013
f 523 2019 2016
f 524 2013 2019
f 2016 2019 2013
f 40 2021 2023
f 525 2022 2021
f 527 2023 2022
f 2021 2022 2023
f 142 2024 2026
f 526 2025 2024
f 525 2026 2025
f 2024 2025 2026
f 141 2027 2029
f 527 2028 2027
f 526 2029 2028
f 2027 2028 2029
f 525 2025 2022
f 526 2028 2025
f 527 2022 2028
f 2025 2028 2022
f 140 2020 2006
f 523 2030 2020
f 520 2006 2030
f 2020 2030 2006
f 141 2029 2015
f 526 2031 2029
f 523 2015 2031
f 2029 2031 2015
f 142 2011 2024
f 520 2032 2011
f 526 2024 2032
f 2011 2032 2024
f 523 2031 2030
f 526 2032 2031
f 520 2030 2032
f 2031 2032 2030
f 39 1994 1958
f 518 2033 1994
f 507 1958 2033
f 1994 2033 1958
f 139 2034 1997
f 528 2035 2034
f 518 1997 2035
f 2034 2035 1997
f 136 1962 2037
f 507 2036 1962
f 528 2037 2036
f 1962 2036 2037
f 518 2035 2033
f 528 2036 2035
f 507 2033 2036
f 2035 2036 2033
f 40 2023 1984
f 527 2038 2023
f 514 1984 2038
f 2023 2038 1984
f 141 2039 2027
f 529 2040 2039
f 527 2027 2040
f 2039 2040 2027
f 139 1989 2042
f 514 2041 1989
f 529 2042 2041
f 1989 2041 2042
f 527 2040 2038
f 529 2041 2040
f 514 2038 2041
f 2040 2041 2038
f 41 1967 2012
f 511 2043 1967
f 522 2012 2043
f 1967 2043 2012
f 136 2044 1971
f 530 2045 2044
f 511 1971 2045
f 2044 2045 1971
f 141 2017 2047
f 522 2046 2017
f 530 2047 2046
f 2017 2046 2047
f 511 2045 2043
f 530 2046 2045
f 522 2043 2046
f 2045 2046 2043
f 139 2042 2034
f 529 2048 2042
f 528 2034 2048
f 2042 2048 2034
f 141 2047 2039
f 530 2049 2047
f 529 2039 2049
f 2047 2049 2039
f 136 2037 2044
f 528 2050 2037
f 530 2044 2050
f 2037 2050 2044
f 529 2049 2048
f 530 2050 2049
f 528 2048 2050
f 2049 2050 2048
f 4 1952 1643
f 506 2051 1952
f 423 1643 2051
f 1952 2051 1643
f 137 2052 1955
f 531 2053 2052
f 506 1955 2053
f 2052 2053 1955
f 113 1648 2055
f 423 2054 1648
f 531 2055 2054
f 1648 2054 2055
f 506 2053 2051
f 531 2054 2053
f 423 2051 2054
f 2053 2054 2051
f 41 2056 1965
f 532 2057 2056
f 509 1965 2057
f 2056 2057 1965
f 143 2058 2060
f 533 2059 2058
f 532 2060 2059
f 2058 2059 2060
f 137 1970 2062
f 509 2061 1970
f 533 2062 2061
f 1970 2061 2062
f 532 2059 2057
f 533 2061 2059
f 509 2057 2061
f 2059 2061 2057
f 33 1654 2064
f 428 2063 1654
f 535 2064 2063
f 1654 2063 2064
f 113 2065 1658
f 534 2066 2065
f 428 1658 2066
f 2065 2066 1658
f 143 2067 2069
f 535 2068 2067
f 534 2069 2068
f 2067 2068 2069
f 428 2066 2063
f 534 2068 2066
f 535 2063 2068
f 2066 2068 2063
f 137 2062 2052
f 533 2070 2062
f 531 2052 2070
f 2062 2070 2052
f 143 2069 2058
f 534 2071 2069
f 533 2058 2071
f 2069 2071 2058
f 113 2055 2065
f 531 2072 2055
f 534 2065 2072
f 2055 2072 2065
f 533 2071 2070
f 534 2072 2071
f 531 2070 2072
f 2071 2072 2070
f 9 2073 2003
f 536 2074 2073
f 519 2003 2074
f 2073 2074 2003
f 144 2075 2077
f 537 2076 2075
f 536 2077 2076
f 2075 2076 2077
f 140 2008 2079
f 519 2078 2008
f 537 2079 2078
f 2008 2078 2079
f 536 2076 2074
f 537 2078 2076
f 519 2074 2078
f 2076 2078 2074
f 42 2080 2082
f 538 2081 2080
f 540 2082 2081
f 2080 2081 2082
f 145 2083 2085
f 539 2084 2083
f 538 2085 2084
f 2083 2084 2085
f 144 2086 2088
f 540 2087 2086
f 539 2088 2087
f 2086 2087 2088
f 538 2084 2081
f 539 2087 2084
f 540 2081 2087
f 2084 2087 2081
f 41 2014 2090
f 524 2089 2014
f 542 2090 2089
f 2014 2089 2090
f 140 2091 2018
f 541 2092 2091
f 524 2018 2092
f 2091 2092 2018
f 145 2093 2095
f 542 2094 2093
f 541 2095 2094
f 2093 2094 2095
f 524 2092 2089
f 541 2094 2092
f 542 2089 2094
f 2092 2094 2089
f 144 2088 2075
f 539 2096 2088
f 537 2075 2096
f 2088 2096 2075
f 145 2095 2083
f 541 2097 2095
f 539 2083 2097
f 2095 2097 2083
f 140 2079 2091
f 537 2098 2079
f 541 2091 2098
f 2079 2098 2091
f 539 2097 2096
f 541 2098 2097
f 537 2096 2098
f 2097 2098 2096
f 10 1675 2100
f 434 2099 1675
f 544 2100 2099
f 1675 2099 2100
f 118 2101 1679
f 543 2102 2101
f 434 1679 2102
f 2101 2102 1679
f 147 2103 2105
f 544 2104 2103
f 543 2105 2104
f 2103 2104 2105
f 434 2102 2099
f 543 2104 2102
f 544 2099 2104
f 2102 2104 2099
f 33 2106 1691
f 545 2107 2106
f 438 1691 2107
f 2106 2107 1691
f 146 2108 2110
f 546 2109 2108
f 545 2110 2109
f 2108 2109 2110
f 118 1696 2112
f 438 2111 1696
f 546 2112 2111
f 1696 2111 2112
f 545 2109 2107
f 546 2111 2109
f 438 2107 2111
f 2109 2111 2107
f 42 2113 2115
f 547 2114 2113
f 549 2115 2114
f 2113 2114 2115
f 147 2116 2118
f 548 2117 2116
f 547 2118 2117
f 2116 2117 2118
f 146 2119 2121
f 549 2120 2119
f 548 2121 2120
f 2119 2120 2121
f 547 2117 2114
f 548 2120 2117
f 549 2114 2120
f 2117 2120 2114
f 118 2112 2101
f 546 2122 2112
f 543 2101 2122
f 2112 2122 2101
f 146 2121 2108
f 548 2123 2121
f 546 2108 2123
f 2121 2123 2108
f 147 2105 2116
f 543 2124 2105
f 548 2116 2124
f 2105 2124 2116
f 546 2123 2122
f 548 2124 2123
f 543 2122 2124
f 2123 2124 2122
f 41 2090 2056
f 542 2125 2090
f 532 2056 2125
f 2090 2125 2056
f 145 2126 2093
f 550 2127 2126
f 542 2093 2127
f 2126 2127 2093
f 143 2060 2129
f 532 2128 2060
f 550 2129 2128
f 2060 2128 2129
f 542 2127 2125
f 550 2128 2127
f 532 2125 2128
f 2127 2128 2125
f 42 2115 2080
f 549 2130 2115
f 538 2080 2130
f 2115 2130 2080
f 146 2131 2119
f 551 2132 2131
f 549 2119 2132
f 2131 2132 2119
f 145 2085 2134
f 538 2133 2085
f 551 2134 2133
f 2085 2133 2134
f 549 2132 2130
f 551 2133 2132
f 538 2130 2133
f 2132 2133 2130
f 33 2064 2106
f 535 2135 2064
f 545 2106 2135
f 2064 2135 2106
f 143 2136 2067
f 552 2137 2136
f 535 2067 2137
f 2136 2137 2067
f 146 2110 2139
f 545 2138 2110
f 552 2139 2138
f 2110 2138 2139
f 535 2137 2135
f 552 2138 2137
f 545 2135 2138
f 2137 2138 2135
f 145 2134 2126
f 551 2140 2134
f 550 2126 2140
f 2134 2140 2126
f 146 2139 2131
f 552 2141 2139
f 551 2131 2141
f 2139 2141 2131
f 143 2129 2136
f 550 2142 2129
f 552 2136 2142
f 2129 2142 2136
f 551 2141 2140
f 552 2142 2141
f 550 2140 2142
f 2141 2142 2140
f 5 1705 1295
f 443 2143 1705
f 333 1295 2143
f 1705 2143 1295
f 121 2144 1709
f 553 2145 2144
f 443 1709 2145
f 2144 2145 1709
f 89 1300 2147
f 333 2146 1300
f 553 2147 2146
f 1300 2146 2147
f 443 2145 2143
f 553 2146 2145
f 333 2143 2146
f 2145 2146 2143
f 34 2148 1721
f 554 2149 2148
f 447 1721 2149
f 2148 2149 1721
f 148 2150 2152
f 555 2151 2150
f 554 2152 2151
f 2150 2151 2152
f 121 1726 2154
f 447 2153 1726
f 555 2154 2153
f 1726 2153 2154
f 554 2151 2149
f 555 2153 2151
f 447 2149 2153
f 2151 2153 2149
f 26 1306 2156
f 338 2155 1306
f 557 2156 2155
f 1306 2155 2156
f 89 2157 1310
f 556 2158 2157
f 338 1310 2158
f 2157 2158 1310
f 148 2159 2161
f 557 2160 2159
f 556 2161 2160
f 2159 2160 2161
f 338 2158 2155
f 556 2160 2158
f 557 2155 2160
f 2158 2160 2155
f 121 2154 2144
f 555 2162 2154
f 553 2144 2162
f 2154 2162 2144
f 148 2161 2150
f 556 2163 2161
f 555 2150 2163
f 2161 2163 2150
f 89 2147 2157
f 553 2164 2147
f 556 2157 2164
f 2147 2164 2157
f 555 2163 2162
f 556 2164 2163
f 553 2162 2164
f 2163 2164 2162
f 10 1197 1673
f 309 2165 1197
f 432 1673 2165
f 1197 2165 1673
f 84 2166 1201
f 558 2167 2166
f 309 1201 2167
f 2166 2167 1201
f 116 1678 2169
f 432 2168 1678
f 558 2169 2168
f 1678 2168 2169
f 309 2167 2165
f 558 2168 2167
f 432 2165 2168
f 2167 2168 2165
f 23 2170 1213
f 559 2171 2170
f 313 1213 2171
f 2170 2171 1213
f 149 2172 2174
f 560 2173 2172
f 559 2174 2173
f 2172 2173 2174
f 84 1218 2176
f 313 2175 1218
f 560 2176 2175
f 1218 2175 2176
f 559 2173 2171
f 560 2175 2173
f 313 2171 2175
f 2173 2175 2171
f 34 1684 2178
f 437 2177 1684
f 562 2178 2177
f 1684 2177 2178
f 116 2179 1688
f 561 2180 2179
f 437 1688 2180
f 2179 2180 1688
f 149 2181 2183
f 562 2182 2181
f 561 2183 2182
f 2181 2182 2183
f 437 2180 2177
f 561 2182 2180
f 562 2177 2182
f 2180 2182 2177
f 84 2176 2166
f 560 2184 2176
f 558 2166 2184
f 2176 2184 2166
f 149 2183 2172
f 561 2185 2183
f 560 2172 2185
f 2183 2185 2172
f 116 2169 2179
f 558 2186 2169
f 561 2179 2186
f 2169 2186 2179
f 560 2185 2184
f 561 2186 2185
f 558 2184 2186
f 2185 2186 2184
f 6 1244 1169
f 320 2187 1244
f 300 1169 2187
f 1244 2187 1169
f 86 2188 1247
f 563 2189 2188
f 320 1247 2189
f 2188 2189 1247
f 80 1173 2191
f 300 2190 1173
f 563 2191 2190
f 1173 2190 2191
f 320 2189 2187
f 563 2190 2189
f 300 2187 2190
f 2189 2190 2187
f 26 2192 1257
f 564 2193 2192
f 323 1257 2193
f 2192 2193 1257
f 150 2194 2196
f 565 2195 2194
f 564 2196 2195
f 2194 2195 2196
f 86 1262 2198
f 323 2197 1262
f 565 2198 2197
f 1262 2197 2198
f 564 2195 2193
f 565 2197 2195
f 323 2193 2197
f 2195 2197 2193
f 23 1178 2200
f 304 2199 1178
f 567 2200 2199
f 1178 2199 2200
f 80 2201 1182
f 566 2202 2201
f 304 1182 2202
f 2201 2202 1182
f 150 2203 2205
f 567 2204 2203
f 566 2205 2204
f 2203 2204 2205
f 304 2202 2199
f 566 2204 2202
f 567 2199 2204
f 2202 2204 2199
f 86 2198 2188
f 565 2206 2198
f 563 2188 2206
f 2198 2206 2188
f 150 2205 2194
f 566 2207 2205
f 565 2194 2207
f 2205 2207 2194
f 80 2191 2201
f 563 2208 2191
f 566 2201 2208
f 2191 2208 2201
f 565 2207 2206
f 566 2208 2207
f 563 2206 2208
f 2207 2208 2206
f 34 2178 2148
f 562 2209 2178
f 554 2148 2209
f 2178 2209 2148
f 149 2210 2181
f 568 2211 2210
f 562 2181 2211
f 2210 2211 2181
f 148 2152 2213
f 554 2212 2152
f 568 2213 2212
f 2152 2212 2213
f 562 2211 2209
f 568 2212 2211
f 554 2209 2212
f 2211 2212 2209
f 23 2200 2170
f 567 2214 2200
f 559 2170 2214
f 2200 2214 2170
f 150 2215 2203
f 569 2216 2215
f 567 2203 2216
f 2215 2216 2203
f 149 2174 2218
f 559 2217 2174
f 569 2218 2217
f 2174 2217 2218
f 567 2216 2214
f 569 2217 2216
f 559 2214 2217
f 2216 2217 2214
f 26 2156 2192
f 557 2219 2156
f 564 2192 2219
f 2156 2219 2192
f 148 2220 2159
f 570 2221 2220
f 557 2159 2221
f 2220 2221 2159
f 150 2196 2223
f 564 2222 2196
f 570 2223 2222
f 2196 2222 2223
f 557 2221 2219
f 570 2222 2221
f 564 2219 2222
f 2221 2222 2219
f 149 2218 2210
f 569 2224 2218
f 568 2210 2224
f 2218 2224 2210
f 150 2223 2215
f 570 2225 2223
f 569 2215 2225
f 2223 2225 2215
f 148 2213 2220
f 568 2226 2213
f 570 2220 2226
f 2213 2226 2220
f 569 2225 2224
f 570 2226 2225
f 568 2224 2226
f 2225 2226 2224
f 3 1805 1395
f 469 2227 1805
f 359 1395 2227
f 1805 2227 1395
f 128 2228 1809
f 571 2229 2228
f 469 1809 2229
f 2228 2229 1809
f 96 1400 2231
f 359 2230 1400
f 571 2231 2230
f 1400 2230 2231
f 469 2229 2227
f 571 2230 2229
f 359 2227 2230
f 2229 2230 2227
f 36 2232 1821
f 572 2233 2232
f 473 1821 2233
f 2232 2233 1821
f 151 2234 2236
f 573 2235 2234
f 572 2236 2235
f 2234 2235 2236
f 128 1826 2238
f 473 2237 1826
f 573 2238 2237
f 1826 2237 2238
f 572 2235 2233
f 573 2237 2235
f 473 2233 2237
f 2235 2237 2233
f 28 1406 2240
f 364 2239 1406
f 575 2240 2239
f 1406 2239 2240
f 96 2241 1410
f 574 2242 2241
f 364 1410 2242
f 2241 2242 1410
f 151 2243 2245
f 575 2244 2243
f 574 2245 2244
f 2243 2244 2245
f 364 2242 2239
f 574 2244 2242
f 575 2239 2244
f 2242 2244 2239
f 128 2238 2228
f 573 2246 2238
f 571 2228 2246
f 2238 2246 2228
f 151 2245 2234
f 574 2247 2245
f 573 2234 2247
f 2245 2247 2234
f 96 2231 2241
f 571 2248 2231
f 574 2241 2248
f 2231 2248 2241
f 573 2247 2246
f 574 2248 2247
f 571 2246 2248
f 2247 2248 2246
f 5 1297 1777
f 335 2249 1297
f 460 1777 2249
f 1297 2249 1777
f 91 2250 1301
f 576 2251 2250
f 335 1301 2251
f 2250 2251 1301
f 124 1781 2253
f 460 2252 1781
f 576 2253 2252
f 1781 2252 2253
f 335 2251 2249
f 576 2252 2251
f 460 2249 2252
f 2251 2252 2249
f 25 2254 1313
f 577 2255 2254
f 339 1313 2255
f 2254 2255 1313
f 152 2256 2258
f 578 2257 2256
f 577 2258 2257
f 2256 2257 2258
f 91 1318 2260
f 339 2259 1318
f 578 2260 2259
f 1318 2259 2260
f 577 2257 2255
f 578 2259 2257
f 339 2255 2259
f 2257 2259 2255
f 36 1786 2262
f 464 2261 1786
f 580 2262 2261
f 1786 2261 2262
f 124 2263 1790
f 579 2264 2263
f 464 1790 2264
f 2263 2264 1790
f 152 2265 2267
f 580 2266 2265
f 579 2267 2266
f 2265 2266 2267
f 464 2264 2261
f 579 2266 2264
f 580 2261 2266
f 2264 2266 2261
f 91 2260 2250
f 578 2268 2260
f 576 2250 2268
f 2260 2268 2250
f 152 2267 2256
f 579 2269 2267
f 578 2256 2269
f 2267 2269 2256
f 124 2253 2263
f 576 2270 2253
f 579 2263 2270
f 2253 2270 2263
f 578 2269 2268
f 579 2270 2269
f 576 2268 2270
f 2269 2270 2268
f 12 1344 1269
f 346 2271 1344
f 326 1269 2271
f 1344 2271 1269
f 93 2272 1347
f 581 2273 2272
f 346 1347 2273
f 2272 2273 1347
f 87 1273 2275
f 326 2274 1273
f 581 2275 2274
f 1273 2274 2275
f 346 2273 2271
f 581 2274 2273
f 326 2271 2274
f 2273 2274 2271
f 28 2276 1357
f 582 2277 2276
f 349 1357 2277
f 2276 2277 1357
f 153 2278 2280
f 583 2279 2278
f 582 2280 2279
f 2278 2279 2280
f 93 1362 2282
f 349 2281 1362
f 583 2282 2281
f 1362 2281 2282
f 582 2279 2277
f 583 2281 2279
f 349 2277 2281
f 2279 2281 2277
f 25 1278 2284
f 330 2283 1278
f 585 2284 2283
f 1278 2283 2284
f 87 2285 1282
f 584 2286 2285
f 330 1282 2286
f 2285 2286 1282
f 153 2287 2289
f 585 2288 2287
f 584 2289 2288
f 2287 2288 2289
f 330 2286 2283
f 584 2288 2286
f 585 2283 2288
f 2286 2288 2283
f 93 2282 2272
f 583 2290 2282
f 581 2272 2290
f 2282 2290 2272
f 153 2289 2278
f 584 2291 2289
f 583 2278 2291
f 2289 2291 2278
f 87 2275 2285
f 581 2292 2275
f 584 2285 2292
f 2275 2292 2285
f 583 2291 2290
f 584 2292 2291
f 581 2290 2292
f 2291 2292 2290
f 36 2262 2232
f 580 2293 2262
f 572 2232 2293
f 2262 2293 2232
f 152 2294 2265
f 586 2295 2294
f 580 2265 2295
f 2294 2295 2265
f 151 2236 2297
f 572 2296 2236
f 586 2297 2296
f 2236 2296 2297
f 580 2295 2293
f 586 2296 2295
f 572 2293 2296
f 2295 2296 2293
f 25 2284 2254
f 585 2298 2284
f 577 2254 2298
f 2284 2298 2254
f 153 2299 2287
f 587 2300 2299
f 585 2287 2300
f 2299 2300 2287
f 152 2258 2302
f 577 2301 2258
f 587 2302 2301
f 2258 2301 2302
f 585 2300 2298
f 587 2301 2300
f 577 2298 2301
f 2300 2301 2298
f 28 2240 2276
f 575 2303 2240
f 582 2276 2303
f 2240 2303 2276
f 151 2304 2243
f 588 2305 2304
f 575 2243 2305
f 2304 2305 2243
f 153 2280 2307
f 582 2306 2280
f 588 2307 2306
f 2280 2306 2307
f 575 2305 2303
f 588 2306 2305
f 582 2303 2306
f 2305 2306 2303
f 152 2302 2294
f 587 2308 2302
f 586 2294 2308
f 2302 2308 2294
f 153 2307 2299
f 588 2309 2307
f 587 2299 2309
f 2307 2309 2299
f 151 2297 2304
f 586 2310 2297
f 588 2304 2310
f 2297 2310 2304
f 587 2309 2308
f 588 2310 2309
f 586 2308 2310
f 2309 2310 2308
f 7 1905 1495
f 495 2311 1905
f 385 1495 2311
f 1905 2311 1495
f 135 2312 1909
f 589 2313 2312
f 495 1909 2313
f 2312 2313 1909
f 103 1500 2315
f 385 2314 1500
f 589 2315 2314
f 1500 2314 2315
f 495 2313 2311
f 589 2314 2313
f 385 2311 2314
f 2313 2314 2311
f 38 2316 1921
f 590 2317 2316
f 499 1921 2317
f 2316 2317 1921
f 154 2318 2320
f 591 2319 2318
f 590 2320 2319
f 2318 2319 2320
f 135 1926 2322
f 499 2321 1926
f 591 2322 2321
f 1926 2321 2322
f 590 2319 2317
f 591 2321 2319
f 499 2317 2321
f 2319 2321 2317
f 30 1506 2324
f 390 2323 1506
f 593 2324 2323
f 1506 2323 2324
f 103 2325 1510
f 592 2326 2325
f 390 1510 2326
f 2325 2326 1510
f 154 2327 2329
f 593 2328 2327
f 592 2329 2328
f 2327 2328 2329
f 390 2326 2323
f 592 2328 2326
f 593 2323 2328
f 2326 2328 2323
f 135 2322 2312
f 591 2330 2322
f 589 2312 2330
f 2322 2330 2312
f 154 2329 2318
f 592 2331 2329
f 591 2318 2331
f 2329 2331 2318
f 103 2315 2325
f 589 2332 2315
f 592 2325 2332
f 2315 2332 2325
f 591 2331 2330
f 592 2332 2331
f 589 2330 2332
f 2331 2332 2330
f 3 1397 1877
f 361 2333 1397
f 486 1877 2333
f 1397 2333 1877
f 98 2334 1401
f 594 2335 2334
f 361 1401 2335
f 2334 2335 1401
f 131 1881 2337
f 486 2336 1881
f 594 2337 2336
f 1881 2336 2337
f 361 2335 2333
f 594 2336 2335
f 486 2333 2336
f 2335 2336 2333
f 27 2338 1413
f 595 2339 2338
f 365 1413 2339
f 2338 2339 1413
f 155 2340 2342
f 596 2341 2340
f 595 2342 2341
f 2340 2341 2342
f 98 1418 2344
f 365 2343 1418
f 596 2344 2343
f 1418 2343 2344
f 595 2341 2339
f 596 2343 2341
f 365 2339 2343
f 2341 2343 2339
f 38 1886 2346
f 490 2345 1886
f 598 2346 2345
f 1886 2345 2346
f 131 2347 1890
f 597 2348 2347
f 490 1890 2348
f 2347 2348 1890
f 155 2349 2351
f 598 2350 2349
f 597 2351 2350
f 2349 2350 2351
f 490 2348 2345
f 597 2350 2348
f 598 2345 2350
f 2348 2350 2345
f 98 2344 2334
f 596 2352 2344
f 594 2334 2352
f 2344 2352 2334
f 155 2351 2340
f 597 2353 2351
f 596 2340 2353
f 2351 2353 2340
f 131 2337 2347
f 594 2354 2337
f 597 2347 2354
f 2337 2354 2347
f 596 2353 2352
f 597 2354 2353
f 594 2352 2354
f 2353 2354 2352
f 11 1444 1369
f 372 2355 1444
f 352 1369 2355
f 1444 2355 1369
f 100 2356 1447
f 599 2357 2356
f 372 1447 2357
f 2356 2357 1447
f 94 1373 2359
f 352 2358 1373
f 599 2359 2358
f 1373 2358 2359
f 372 2357 2355
f 599 2358 2357
f 352 2355 2358
f 2357 2358 2355
f 30 2360 1457
f 600 2361 2360
f 375 1457 2361
f 2360 2361 1457
f 156 2362 2364
f 601 2363 2362
f 600 2364 2363
f 2362 2363 2364
f 100 1462 2366
f 375 2365 1462
f 601 2366 2365
f 1462 2365 2366
f 600 2363 2361
f 601 2365 2363
f 375 2361 2365
f 2363 2365 2361
f 27 1378 2368
f 356 2367 1378
f 603 2368 2367
f 1378 2367 2368
f 94 2369 1382
f 602 2370 2369
f 356 1382 2370
f 2369 2370 1382
f 156 2371 2373
f 603 2372 2371
f 602 2373 2372
f 2371 2372 2373
f 356 2370 2367
f 602 2372 2370
f 603 2367 2372
f 2370 2372 2367
f 100 2366 2356
f 601 2374 2366
f 599 2356 2374
f 2366 2374 2356
f 156 2373 2362
f 602 2375 2373
f 601 2362 2375
f 2373 2375 2362
f 94 2359 2369
f 599 2376 2359
f 602 2369 2376
f 2359 2376 2369
f 601 2375 2374
f 602 2376 2375
f 599 2374 2376
f 2375 2376 2374
f 38 2346 2316
f 598 2377 2346
f 590 2316 2377
f 2346 2377 2316
f 155 2378 2349
f 604 2379 2378
f 598 2349 2379
f 2378 2379 2349
f 154 2320 2381
f 590 2380 2320
f 604 2381 2380
f 2320 2380 2381
f 598 2379 2377
f 604 2380 2379
f 590 2377 2380
f 2379 2380 2377
f 27 2368 2338
f 603 2382 2368
f 595 2338 2382
f 2368 2382 2338
f 156 2383 2371
f 605 2384 2383
f 603 2371 2384
f 2383 2384 2371
f 155 2342 2386
f 595 2385 2342
f 605 2386 2385
f 2342 2385 2386
f 603 2384 2382
f 605 2385 2384
f 595 2382 2385
f 2384 2385 2382
f 30 2324 2360
f 593 2387 2324
f 600 2360 2387
f 2324 2387 2360
f 154 2388 2327
f 606 2389 2388
f 593 2327 2389
f 2388 2389 2327
f 156 2364 2391
f 600 2390 2364
f 606 2391 2390
f 2364 2390 2391
f 593 2389 2387
f 606 2390 2389
f 600 2387 2390
f 2389 2390 2387
f 155 2386 2378
f 605 2392 2386
f 604 2378 2392
f 2386 2392 2378
f 156 2391 2383
f 606 2393 2391
f 605 2383 2393
f 2391 2393 2383
f 154 2381 2388
f 604 2394 2381
f 606 2388 2394
f 2381 2394 2388
f 605 2393 2392
f 606 2394 2393
f 604 2392 2394
f 2393 2394 2392
f 9 2005 1595
f 521 2395 2005
f 411 1595 2395
f 2005 2395 1595
f 142 2396 2009
f 607 2397 2396
f 521 2009 2397
f 2396 2397 2009
f 110 1600 2399
f 411 2398 1600
f 607 2399 2398
f 1600 2398 2399
f 521 2397 2395
f 607 2398 2397
f 411 2395 2398
f 2397 2398 2395
f 40 2400 2021
f 608 2401 2400
f 525 2021 2401
f 2400 2401 2021
f 157 2402 2404
f 609 2403 2402
f 608 2404 2403
f 2402 2403 2404
f 142 2026 2406
f 525 2405 2026
f 609 2406 2405
f 2026 2405 2406
f 608 2403 2401
f 609 2405 2403
f 525 2401 2405
f 2403 2405 2401
f 32 1606 2408
f 416 2407 1606
f 611 2408 2407
f 1606 2407 2408
f 110 2409 1610
f 610 2410 2409
f 416 1610 2410
f 2409 2410 1610
f 157 2411 2413
f 611 2412 2411
f 610 2413 2412
f 2411 2412 2413
f 416 2410 2407
f 610 2412 2410
f 611 2407 2412
f 2410 2412 2407
f 142 2406 2396
f 609 2414 2406
f 607 2396 2414
f 2406 2414 2396
f 157 2413 2402
f 610 2415 2413
f 609 2402 2415
f 2413 2415 2402
f 110 2399 2409
f 607 2416 2399
f 610 2409 2416
f 2399 2416 2409
f 609 2415 2414
f 610 2416 2415
f 607 2414 2416
f 2415 2416 2414
f 7 1497 1977
f 387 2417 1497
f 512 1977 2417
f 1497 2417 1977
f 105 2418 1501
f 612 2419 2418
f 387 1501 2419
f 2418 2419 1501
f 138 1981 2421
f 512 2420 1981
f 612 2421 2420
f 1981 2420 2421
f 387 2419 2417
f 612 2420 2419
f 512 2417 2420
f 2419 2420 2417
f 29 2422 1513
f 613 2423 2422
f 391 1513 2423
f 2422 2423 1513
f 158 2424 2426
f 614 2425 2424
f 613 2426 2425
f 2424 2425 2426
f 105 1518 2428
f 391 2427 1518
f 614 2428 2427
f 1518 2427 2428
f 613 2425 2423
f 614 2427 2425
f 391 2423 2427
f 2425 2427 2423
f 40 1986 2430
f 516 2429 1986
f 616 2430 2429
f 1986 2429 2430
f 138 2431 1990
f 615 2432 2431
f 516 1990 2432
f 2431 2432 1990
f 158 2433 2435
f 616 2434 2433
f 615 2435 2434
f 2433 2434 2435
f 516 2432 2429
f 615 2434 2432
f 616 2429 2434
f 2432 2434 2429
f 105 2428 2418
f 614 2436 2428
f 612 2418 2436
f 2428 2436 2418
f 158 2435 2424
f 615 2437 2435
f 614 2424 2437
f 2435 2437 2424
f 138 2421 2431
f 612 2438 2421
f 615 2431 2438
f 2421 2438 2431
f 614 2437 2436
f 615 2438 2437
f 612 2436 2438
f 2437 2438 2436
f 8 1544 1469
f 398 2439 1544
f 378 1469 2439
f 1544 2439 1469
f 107 2440 1547
f 617 2441 2440
f 398 1547 2441
f 2440 2441 1547
f 101 1473 2443
f 378 2442 1473
f 617 2443 2442
f 1473 2442 2443
f 398 2441 2439
f 617 2442 2441
f 378 2439 2442
f 2441 2442 2439
f 32 2444 1557
f 618 2445 2444
f 401 1557 2445
f 2444 2445 1557
f 159 2446 2448
f 619 2447 2446
f 618 2448 2447
f 2446 2447 2448
f 107 1562 2450
f 401 2449 1562
f 619 2450 2449
f 1562 2449 2450
f 618 2447 2445
f 619 2449 2447
f 401 2445 2449
f 2447 2449 2445
f 29 1478 2452
f 382 2451 1478
f 621 2452 2451
f 1478 2451 2452
f 101 2453 1482
f 620 2454 2453
f 382 1482 2454
f 2453 2454 1482
f 159 2455 2457
f 621 2456 2455
f 620 2457 2456
f 2455 2456 2457
f 382 2454 2451
f 620 2456 2454
f 621 2451 2456
f 2454 2456 2451
f 107 2450 2440
f 619 2458 2450
f 617 2440 2458
f 2450 2458 2440
f 159 2457 2446
f 620 2459 2457
f 619 2446 2459
f 2457 2459 2446
f 101 2443 2453
f 617 2460 2443
f 620 2453 2460
f 2443 2460 2453
f 619 2459 2458
f 620 2460 2459
f 617 2458 2460
f 2459 2460 2458
f 40 2430 2400
f 616 2461 2430
f 608 2400 2461
f 2430 2461 2400
f 158 2462 2433
f 622 2463 2462
f 616 2433 2463
f 2462 2463 2433
f 157 2404 2465
f 608 2464 2404
f 622 2465 2464
f 2404 2464 2465
f 616 2463 2461
f 622 2464 2463
f 608 2461 2464
f 2463 2464 2461
f 29 2452 2422
f 621 2466 2452
f 613 2422 2466
f 2452 2466 2422
f 159 2467 2455
f 623 2468 2467
f 621 2455 2468
f 2467 2468 2455
f 158 2426 2470
f 613 2469 2426
f 623 2470 2469
f 2426 2469 2470
f 621 2468 2466
f 623 2469 2468
f 613 2466 2469
f 2468 2469 2466
f 32 2408 2444
f 611 2471 2408
f 618 2444 2471
f 2408 2471 2444
f 157 2472 2411
f 624 2473 2472
f 611 2411 2473
f 2472 2473 2411
f 159 2448 2475
f 618 2474 2448
f 624 2475 2474
f 2448 2474 2475
f 611 2473 2471
f 624 2474 2473
f 618 2471 2474
f 2473 2474 2471
f 158 2470 2462
f 623 2476 2470
f 622 2462 2476
f 2470 2476 2462
f 159 2475 2467
f 624 2477 2475
f 623 2467 2477
f 2475 2477 2467
f 157 2465 2472
f 622 2478 2465
f 624 2472 2478
f 2465 2478 2472
f 623 2477 2476
f 624 2478 2477
f 622 2476 2478
f 2477 2478 2476
f 10 2100 1195
f 544 2479 2100
f 307 1195 2479
f 2100 2479 1195
f 147 2480 2103
f 625 2481 2480
f 544 2103 2481
f 2480 2481 2103
f 82 1200 2483
f 307 2482 1200
f 625 2483 2482
f 1200 2482 2483
f 544 2481 2479
f 625 2482 2481
f 307 2479 2482
f 2481 2482 2479
f 42 2484 2113
f 626 2485 2484
f 547 2113 2485
f 2484 2485 2113
f 160 2486 2488
f 627 2487 2486
f 626 2488 2487
f 2486 2487 2488
f 147 2118 2490
f 547 2489 2118
f 627 2490 2489
f 2118 2489 2490
f 626 2487 2485
f 627 2489 2487
f 547 2485 2489
f 2487 2489 2485
f 24 1206 2492
f 312 2491 1206
f 629 2492 2491
f 1206 2491 2492
f 82 2493 1210
f 628 2494 2493
f 312 1210 2494
f 2493 2494 1210
f 160 2495 2497
f 629 2496 2495
f 628 2497 2496
f 2495 2496 2497
f 312 2494 2491
f 628 2496 2494
f 629 2491 2496
f 2494 2496 2491
f 147 2490 2480
f 627 2498 2490
f 625 2480 2498
f 2490 2498 2480
f 160 2497 2486
f 628 2499 2497
f 627 2486 2499
f 2497 2499 2486
f 82 2483 2493
f 625 2500 2483
f 628 2493 2500
f 2483 2500 2493
f 627 2499 2498
f 628 2500 2499
f 625 2498 2500
f 2499 2500 2498
f 9 1597 2073
f 413 2501 1597
f 536 2073 2501
f 1597 2501 2073
f 112 2502 1601
f 630 2503 2502
f 413 1601 2503
f 2502 2503 1601
f 144 2077 2505
f 536 2504 2077
f 630 2505 2504
f 2077 2504 2505
f 413 2503 2501
f 630 2504 2503
f 536 2501 2504
f 2503 2504 2501
f 31 2506 1613
f 631 2507 2506
f 417 1613 2507
f 2506 2507 1613
f 161 2508 2510
f 632 2509 2508
f 631 2510 2509
f 2508 2509 2510
f 112 1618 2512
f 417 2511 1618
f 632 2512 2511
f 1618 2511 2512
f 631 2509 2507
f 632 2511 2509
f 417 2507 2511
f 2509 2511 2507
f 42 2082 2514
f 540 2513 2082
f 634 2514 2513
f 2082 2513 2514
f 144 2515 2086
f 633 2516 2515
f 540 2086 2516
f 2515 2516 2086
f 161 2517 2519
f 634 2518 2517
f 633 2519 2518
f 2517 2518 2519
f 540 2516 2513
f 633 2518 2516
f 634 2513 2518
f 2516 2518 2513
f 112 2512 2502
f 632 2520 2512
f 630 2502 2520
f 2512 2520 2502
f 161 2519 2508
f 633 2521 2519
f 632 2508 2521
f 2519 2521 2508
f 144 2505 2515
f 630 2522 2505
f 633 2515 2522
f 2505 2522 2515
f 632 2521 2520
f 633 2522 2521
f 630 2520 2522
f 2521 2522 2520
f 2 1144 1569
f 294 2523 1144
f 404 1569 2523
f 1144 2523 1569
f 79 2524 1147
f 635 2525 2524
f 294 1147 2525
f 2524 2525 1147
f 108 1573 2527
f 404 2526 1573
f 635 2527 2526
f 1573 2526 2527
f 294 2525 2523
f 635 2526 2525
f 404 2523 2526
f 2525 2526 2523
f 24 2528 1157
f 636 2529 2528
f 297 1157 2529
f 2528 2529 1157
f 162 2530 2532
f 637 2531 2530
f 636 2532 2531
f 2530 2531 2532
f 79 1162 2534
f 297 2533 1162
f 637 2534 2533
f 1162 2533 2534
f 636 2531 2529
f 637 2533 2531
f 297 2529 2533
f 2531 2533 2529
f 31 1578 2536
f 408 2535 1578
f 639 2536 2535
f 1578 2535 2536
f 108 2537 1582
f 638 2538 2537
f 408 1582 2538
f 2537 2538 1582
f 162 2539 2541
f 639 2540 2539
f 638 2541 2540
f 2539 2540 2541
f 408 2538 2535
f 638 2540 2538
f 639 2535 2540
f 2538 2540 2535
f 79 2534 2524
f 637 2542 2534
f 635 2524 2542
f 2534 2542 2524
f 162 2541 2530
f 638 2543 2541
f 637 2530 2543
f 2541 2543 2530
f 108 2527 2537
f 635 2544 2527
f 638 2537 2544
f 2527 2544 2537
f 637 2543 2542
f 638 2544 2543
f 635 2542 2544
f 2543 2544 2542
f 42 2514 2484
f 634 2545 2514
f 626 2484 2545
f 2514 2545 2484
f 161 2546 2517
f 640 2547 2546
f 634 2517 2547
f 2546 2547 2517
f 160 2488 2549
f 626 2548 2488
f 640 2549 2548
f 2488 2548 2549
f 634 2547 2545
f 640 2548 2547
f 626 2545 2548
f 2547 2548 2545
f 31 2536 2506
f 639 2550 2536
f 631 2506 2550
f 2536 2550 2506
f 162 2551 2539
f 641 2552 2551
f 639 2539 2552
f 2551 2552 2539
f 161 2510 2554
f 631 2553 2510
f 641 2554 2553
f 2510 2553 2554
f 639 2552 2550
f 641 2553 2552
f 631 2550 2553
f 2552 2553 2550
f 24 2492 2528
f 629 2555 2492
f 636 2528 2555
f 2492 2555 2528
f 160 2556 2495
f 642 2557 2556
f 629 2495 2557
f 2556 2557 2495
f 162 2532 2559
f 636 2558 2532
f 642 2559 2558
f 2532 2558 2559
f 629 2557 2555
f 642 2558 2557
f 636 2555 2558
f 2557 2558 2555
f 161 2554 2546
f 641 2560 2554
f 640 2546 2560
f 2554 2560 2546
f 162 2559 2551
f 642 2561 2559
f 641 2551 2561
f 2559 2561 2551
f 160 2549 2556
f 640 2562 2549
f 642 2556 2562
f 2549 2562 2556
f 641 2561 2560
f 642 2562 2561
f 640 2560 2562
f 2561 2562 2560
