# regolith_gen synthetic particle
# verts: 2562  tris: 5120
v -0.820160 0.599311 0.000000
v 0.801575 0.585731 0.000000
v -0.797606 -0.582830 0.000000
v 0.795732 -0.581461 0.000000
v 0.000000 -0.367004 0.721073
v 0.000000 0.365984 0.719068
v 0.000000 -0.356992 -0.701402
v 0.000000 0.382939 -0.752381
v 1.327114 0.000000 -0.449788
v 1.297163 0.000000 0.439637
v -1.281396 0.000000 -0.434293
v -1.341170 0.000000 0.454552
v -1.266737 0.353562 0.265337
v -0.796513 0.222317 0.706754
v -0.474889 0.561479 0.421373
v 0.484092 0.572361 0.429540
v 0.000000 0.703855 0.000000
v 0.463369 0.547858 -0.411151
v -0.478260 0.565465 -0.424364
v -0.797986 0.222728 -0.708061
v -1.223631 0.341530 -0.256308
v -1.549278 0.000000 0.000000
v 0.761373 0.212509 0.675573
v 1.249234 0.348676 0.261671
v -0.776504 -0.216732 0.688999
v 0.000000 0.000000 0.853974
v -1.315246 -0.367101 -0.275498
v -1.280859 -0.357503 0.268295
v 0.000000 0.000000 -0.832725
v -0.751318 -0.209702 -0.666651
v 1.255377 0.350391 -0.262958
v 0.747008 0.208499 -0.662827
v 1.236490 -0.345119 0.259002
v 0.828086 -0.231129 0.734768
v 0.481497 -0.569292 0.427237
v -0.461505 -0.545655 0.409497
v 0.000000 -0.688696 0.000000
v -0.507585 -0.600137 -0.450385
v 0.466676 -0.551769 -0.414086
v 0.763040 -0.212974 -0.677052
v 1.240773 -0.346315 -0.259899
v 1.469328 0.000000 0.000000
v -1.078105 0.492687 0.136877
v -0.926362 0.489821 0.367596
v -0.670657 0.602189 0.220294
v -1.134974 0.117271 0.615077
v -1.115153 0.311253 0.522313
v -1.407615 0.191513 0.388245
v -0.249406 0.486509 0.597800
v -0.689471 0.430309 0.611774
v -0.414004 0.312145 0.753603
v -0.244180 0.645560 0.216663
v -0.446898 0.710453 0.000000
v 0.252505 0.492553 0.605226
v 0.000000 0.568883 0.426930
v 0.442741 0.703844 0.000000
v 0.250575 0.662467 0.222337
v 0.679855 0.610448 0.223315
v -0.266608 0.704855 -0.236564
v -0.693477 0.622679 -0.227790
v 0.668241 0.600019 -0.219500
v 0.258326 0.682960 -0.229215
v -0.242772 0.473567 -0.581896
v 0.000000 0.591836 -0.444155
v 0.253732 0.494947 -0.608168
v -0.914259 0.483422 -0.362793
v -1.061211 0.484967 -0.134732
v -0.410315 0.309364 -0.746889
v -0.622078 0.388247 -0.551975
v -1.281531 0.174359 -0.353469
v -1.017357 0.283957 -0.476508
v -1.067391 0.110288 -0.578452
v -1.295089 0.361475 0.000000
v -1.451861 0.000000 -0.226179
v -1.480386 0.184786 -0.138676
v -1.482408 0.185038 0.138866
v -1.533333 0.000000 0.238871
v 0.880961 0.465815 0.349580
v 1.054546 0.481921 0.133886
v 0.399342 0.301090 0.726914
v 0.659155 0.411388 0.584874
v 1.314378 0.178828 0.362528
v 1.077726 0.300807 0.504784
v 1.118714 0.115591 0.606265
v -0.400371 0.111748 0.794370
v 0.000000 0.188915 0.807512
v -1.057587 -0.109275 0.573138
v -0.806023 0.000000 0.715191
v 0.000000 -0.187195 0.800159
v -0.403315 -0.112570 0.800211
v -0.411151 -0.309994 0.748411
v -1.447302 -0.180656 0.135577
v -1.304224 -0.177446 0.359728
v -1.352073 -0.183957 -0.372925
v -1.483066 -0.185120 -0.138927
v -1.112727 -0.508509 0.141273
v -1.367178 -0.381596 0.000000
v -1.070109 -0.489033 -0.135862
v -0.794585 0.000000 -0.705043
v -1.073954 -0.110966 -0.582008
v 0.000000 0.199719 -0.853693
v -0.400351 0.111743 -0.794331
v -0.392827 -0.296178 -0.715055
v -0.407734 -0.113803 -0.808978
v 0.000000 -0.190645 -0.814904
v 0.668633 0.417303 -0.593284
v 0.405824 0.305978 -0.738714
v 1.081744 0.494350 -0.137339
v 0.922681 0.487875 -0.366135
v 1.069282 0.110484 -0.579476
v 1.080443 0.301565 -0.506056
v 1.340851 0.182430 -0.369830
v 1.043333 -0.476797 0.132463
v 0.941264 -0.497700 0.373509
v 0.690523 -0.620027 0.226819
v 1.149288 -0.118750 0.622834
v 1.112598 -0.310540 0.521117
v 1.334642 -0.181585 0.368117
v 0.249113 -0.485937 0.597097
v 0.684940 -0.427480 0.607753
v 0.421333 -0.317671 0.766945
v 0.246269 -0.651083 0.218517
v 0.409520 -0.651032 0.000000
v -0.247754 -0.483285 0.593839
v 0.000000 -0.600404 0.450585
v -0.427236 -0.679196 0.000000
v -0.242609 -0.641406 0.215269
v -0.677931 -0.608720 0.222683
v 0.254110 -0.671814 -0.225474
v 0.658404 -0.591187 -0.216269
v -0.667067 -0.598965 -0.219115
v -0.260833 -0.689587 -0.231439
v 0.243632 -0.475244 -0.583958
v 0.000000 -0.582549 -0.437185
v -0.249061 -0.485836 -0.596972
v 0.916092 -0.484391 -0.363521
v 1.037127 -0.473960 -0.131675
v 0.413945 -0.312101 -0.753496
v 0.651584 -0.406663 -0.578156
v 1.349110 -0.183553 -0.372108
v 1.121570 -0.313044 -0.525319
v 1.075280 -0.111103 -0.582727
v 1.272055 -0.355046 0.000000
v 1.414105 0.000000 -0.220297
v 1.413977 -0.176496 -0.132455
v 1.390950 -0.173622 0.130298
v 1.426225 0.000000 0.222185
v 0.418356 -0.116768 0.830053
v 0.853818 0.000000 0.757600
v 0.399290 0.111447 0.792224
v -0.893261 -0.472319 0.354461
v -0.648934 -0.405009 0.575805
v -1.077702 -0.300800 0.504772
v -0.660655 -0.412324 -0.586205
v -0.928708 -0.491062 -0.368527
v -1.087497 -0.303534 -0.509360
v 0.819048 0.000000 -0.726749
v 0.412705 -0.115191 -0.818842
v 0.398736 0.111292 -0.791125
v 1.471821 0.183717 0.137874
v 1.487816 0.185713 -0.139372
v 1.281020 0.357548 0.000000
v -0.943330 0.542414 0.068135
v -0.883933 0.553910 0.180761
v -0.748226 0.603307 0.111125
v -1.110262 0.426524 0.320093
v -1.012859 0.496208 0.253953
v -1.184483 0.427874 0.202992
v -0.581397 0.590827 0.326121
v -0.811702 0.556446 0.298538
v -0.721417 0.543924 0.408199
v -1.232854 0.057597 0.531004
v -1.278595 0.155183 0.505320
v -1.388941 0.095149 0.426611
v -0.985319 0.275014 0.635203
v -1.157719 0.220363 0.585251
v -0.992763 0.175168 0.680631
v -1.350576 0.277257 0.329144
v -1.293879 0.258176 0.467435
v -1.235299 0.344787 0.405764
v -0.125508 0.430346 0.665333
v -0.340642 0.412539 0.695088
v -0.206533 0.344399 0.746658
v -0.597480 0.513247 0.530149
v -0.472421 0.466635 0.614677
v -0.364044 0.526085 0.510973
v -0.609958 0.269307 0.735851
v -0.560339 0.377313 0.695476
v -0.745314 0.326218 0.661324
v -1.009232 0.397751 0.439433
v -0.897584 0.368809 0.564038
v -0.832624 0.473588 0.501852
v -0.558851 0.651203 0.112632
v -0.646551 0.662404 0.000000
v -0.366136 0.617276 0.324876
v -0.458748 0.630103 0.220527
v -0.218932 0.709864 0.000000
v -0.343222 0.680522 0.113549
v -0.129063 0.699990 0.114519
v 0.126841 0.434917 0.672401
v 0.000000 0.485423 0.596465
v 0.241011 0.584578 0.438708
v 0.125042 0.542983 0.524153
v 0.367164 0.530595 0.515353
v -0.121544 0.527792 0.509489
v -0.237320 0.575625 0.431989
v 0.629263 0.644692 0.000000
v 0.576001 0.671187 0.116088
v 0.759802 0.612641 0.112845
v 0.128511 0.696994 0.114029
v 0.349723 0.693411 0.115700
v 0.216199 0.701000 0.000000
v 0.577203 0.586564 0.323768
v 0.469996 0.645553 0.225934
v 0.367417 0.619435 0.326012
v -0.123560 0.618846 0.328908
v 0.124235 0.622228 0.330705
v 0.000000 0.671449 0.225352
v -0.580341 0.676245 -0.116963
v -0.755922 0.609512 -0.112268
v -0.133326 0.723109 -0.118301
v -0.360436 0.714652 -0.119244
v -0.597722 0.607417 -0.335278
v -0.493166 0.677378 -0.237072
v -0.384916 0.648937 -0.341539
v 0.748877 0.603832 -0.111222
v 0.570179 0.664404 -0.114915
v 0.368155 0.620679 -0.326667
v 0.471541 0.647676 -0.226677
v 0.589602 0.599165 -0.330723
v 0.346873 0.687760 -0.114757
v 0.129057 0.699958 -0.114513
v -0.127179 0.436078 -0.674195
v 0.000000 0.498049 -0.611980
v 0.130620 0.447875 -0.692434
v -0.241008 0.584571 -0.438703
v -0.121040 0.525602 -0.507375
v -0.357737 0.516972 -0.502121
v 0.366140 0.529115 -0.513916
v 0.125530 0.545103 -0.526199
v 0.239363 0.580581 -0.435708
v 0.000000 0.700150 -0.234985
v 0.130540 0.653804 -0.347487
v -0.131864 0.660437 -0.351013
v -0.871256 0.545966 -0.178169
v -0.959961 0.551977 -0.069336
v -0.703497 0.530413 -0.398059
v -0.801061 0.549151 -0.294625
v -1.137601 0.410939 -0.194958
v -0.986245 0.483169 -0.247281
v -1.066897 0.409864 -0.307591
v -0.211638 0.352911 -0.765113
v -0.327331 0.396420 -0.667928
v -0.726555 0.318007 -0.644679
v -0.533577 0.359292 -0.662260
v -0.604610 0.266946 -0.729399
v -0.445973 0.440511 -0.580265
v -0.559291 0.480442 -0.496264
v -1.277795 0.087535 -0.392473
v -1.168313 0.141798 -0.461735
v -1.182982 0.055267 -0.509524
v -1.134814 0.316740 -0.372758
v -1.163711 0.232203 -0.420409
v -1.264245 0.259534 -0.308104
v -0.930626 0.164204 -0.638031
v -1.043959 0.198710 -0.527743
v -0.932350 0.260230 -0.601056
v -0.765004 0.435127 -0.461095
v -0.852269 0.350190 -0.535562
v -0.967416 0.381271 -0.421226
v -1.083025 0.494935 0.000000
v -1.223786 0.341574 -0.124955
v -1.178644 0.423156 -0.067221
v -1.213158 0.435547 0.069190
v -1.309125 0.365393 0.133669
v -1.361462 0.000000 -0.329108
v -1.395690 0.089780 -0.296635
v -1.548596 0.094225 -0.070713
v -1.488351 0.092362 -0.185906
v -1.499544 0.000000 -0.114537
v -1.394212 0.181478 -0.251388
v -1.359664 0.266143 -0.199732
v -1.521123 0.097849 0.323294
v -1.455670 0.000000 0.351881
v -1.374570 0.269061 0.201922
v -1.473438 0.191790 0.265673
v -1.583814 0.000000 0.120974
v -1.557189 0.096633 0.194504
v -1.555622 0.094653 0.071034
v -1.374986 0.271791 -0.067990
v -1.491970 0.186232 0.000000
v -1.440677 0.284776 0.071239
v 0.866435 0.542945 0.177183
v 0.918949 0.528395 0.066374
v 0.713592 0.538024 0.403771
v 0.795582 0.545395 0.292609
v 1.193112 0.430991 0.204471
v 0.985045 0.482582 0.246980
v 1.090059 0.418762 0.314269
v 0.204021 0.340211 0.737579
v 0.332910 0.403176 0.679311
v 0.729221 0.319174 0.647044
v 0.526922 0.354810 0.654000
v 0.582025 0.256974 0.702152
v 0.461758 0.456103 0.600803
v 0.581502 0.499521 0.515972
v 1.326354 0.090862 0.407387
v 1.268094 0.153909 0.501170
v 1.252407 0.058510 0.539426
v 1.197277 0.334174 0.393275
v 1.228773 0.245185 0.443914
v 1.283455 0.263478 0.312786
v 0.931720 0.164397 0.638781
v 1.116885 0.212591 0.564609
v 0.929131 0.259332 0.598981
v 0.782402 0.445023 0.471582
v 0.883293 0.362937 0.555057
v 0.987873 0.389333 0.430133
v -0.203183 0.249675 0.782259
v 0.000000 0.274651 0.756581
v -0.593406 0.165627 0.750796
v -0.403910 0.208090 0.768498
v 0.000000 0.095919 0.836227
v -0.205455 0.153802 0.819943
v -0.210023 0.058620 0.854849
v -1.195070 -0.055831 0.514730
v -1.084889 0.000000 0.587934
v -0.800574 -0.108922 0.710357
v -0.935727 -0.055284 0.645484
v -0.921782 -0.162644 0.631968
v -0.981955 0.058015 0.677373
v -0.816234 0.111053 0.724252
v 0.000000 -0.282443 0.778048
v -0.204898 -0.251782 0.788861
v -0.206624 -0.344550 0.746987
v -0.208905 -0.058308 0.850300
v -0.206032 -0.154235 0.822248
v 0.000000 -0.097502 0.850025
v -0.594949 -0.262681 0.717744
v -0.409457 -0.210947 0.779052
v -0.585109 -0.163311 0.740299
v -0.597429 0.055583 0.748519
v -0.599829 -0.055806 0.751526
v -0.407263 0.000000 0.808044
v -1.441090 -0.092700 0.306284
v -1.343200 -0.092016 0.412561
v -1.532565 -0.093250 0.069981
v -1.500548 -0.093119 0.187429
v -1.312765 -0.269495 0.319929
v -1.378338 -0.179412 0.248526
v -1.359917 -0.266193 0.199770
v -1.303196 -0.089275 -0.400274
v -1.413390 -0.090918 -0.300396
v -1.425054 -0.278943 -0.209338
v -1.445920 -0.188209 -0.260711
v -1.383973 -0.284113 -0.337282
v -1.465912 -0.090969 -0.183103
v -1.492092 -0.090787 -0.068133
v -0.972397 -0.559127 0.070234
v -1.107165 -0.505967 0.000000
v -0.926030 -0.532467 -0.066885
v -1.341572 -0.374449 0.136982
v -1.250744 -0.449041 0.071333
v -1.227714 -0.443491 0.210401
v -1.207858 -0.436318 -0.206998
v -1.230270 -0.441690 -0.070166
v -1.341771 -0.374504 -0.137002
v -1.505314 -0.187897 0.000000
v -1.446501 -0.285927 -0.071527
v -1.421029 -0.280892 0.070267
v -1.082866 0.000000 -0.586838
v -1.179387 -0.055099 -0.507975
v -0.784961 0.106798 -0.696503
v -0.938827 0.055467 -0.647622
v -0.948156 -0.167297 -0.650049
v -0.936142 -0.055309 -0.645770
v -0.781923 -0.106385 -0.693807
v 0.000000 0.290619 -0.800568
v -0.212253 0.260821 -0.817181
v -0.203307 0.056746 -0.827516
v -0.209520 0.156845 -0.836167
v 0.000000 0.097363 -0.848816
v -0.426378 0.219665 -0.811246
v -0.594740 0.165999 -0.752484
v -0.197983 -0.330142 -0.715750
v -0.197530 -0.242729 -0.760497
v 0.000000 -0.275700 -0.759473
v -0.575809 -0.160715 -0.728532
v -0.398619 -0.205364 -0.758431
v -0.571826 -0.252471 -0.689849
v 0.000000 -0.095533 -0.832862
v -0.206574 -0.154640 -0.824409
v -0.205708 -0.057416 -0.837287
v -0.595493 0.055403 -0.746094
v -0.411574 0.000000 -0.816597
v -0.610660 -0.056814 -0.765097
v 0.344567 0.417293 -0.703098
v 0.215192 0.358838 -0.777963
v 0.582499 0.500377 -0.516856
v 0.471115 0.465345 -0.612977
v 0.571582 0.252364 -0.689555
v 0.544630 0.366734 -0.675978
v 0.708345 0.310037 -0.628521
v 0.933376 0.536690 -0.067416
v 0.886191 0.555325 -0.181223
v 1.093296 0.420006 -0.315202
v 1.029502 0.504361 -0.258126
v 1.164384 0.420613 -0.199548
v 0.822329 0.563732 -0.302447
v 0.723713 0.545655 -0.409498
v 1.233548 0.057629 -0.531303
v 1.253528 0.152141 -0.495414
v 1.346693 0.092255 -0.413634
v 0.903974 0.252310 -0.582763
v 1.065862 0.202879 -0.538816
v 0.906903 0.160018 -0.621767
v 1.323081 0.271613 -0.322443
v 1.242035 0.247831 -0.448705
v 1.209399 0.337558 -0.397257
v 0.813115 0.462492 -0.490094
v 1.026764 0.404661 -0.447067
v 0.860894 0.353734 -0.540982
v 0.920858 -0.529493 0.066512
v 0.889192 -0.557206 0.181837
v 0.753121 -0.607253 0.111852
v 1.084511 -0.416631 0.312669
v 1.009519 -0.494571 0.253116
v 1.149324 -0.415174 0.196967
v 0.589964 -0.599533 0.330926
v 0.823832 -0.564761 0.302999
v 0.723597 -0.545568 0.409432
v 1.264096 -0.059056 0.544461
v 1.276139 -0.154885 0.504350
v 1.342966 -0.092000 0.412490
v 0.966231 -0.269687 0.622898
v 1.150899 -0.219065 0.581803
v 0.984702 -0.173746 0.675105
v 1.271952 -0.261117 0.309982
v 1.250658 -0.249552 0.451820
v 1.195403 -0.333651 0.392659
v 0.125789 -0.431311 0.666825
v 0.339322 -0.410941 0.692396
v 0.209063 -0.348618 0.755805
v 0.573967 -0.493048 0.509286
v 0.464256 -0.458571 0.604053
v 0.362943 -0.524495 0.509428
v 0.629806 -0.278070 0.759795
v 0.563581 -0.379496 0.699500
v 0.773016 -0.338343 0.685905
v 1.042737 -0.410956 0.454022
v 0.900623 -0.370058 0.565948
v 0.814259 -0.463143 0.490783
v 0.551710 -0.642883 0.111193
v 0.614457 -0.629523 0.000000
v 0.372497 -0.628000 0.330520
v 0.467066 -0.641528 0.224525
v 0.213027 -0.690716 0.000000
v 0.331496 -0.657272 0.109670
v 0.123117 -0.667741 0.109243
v -0.126488 -0.433708 0.670532
v 0.000000 -0.483763 0.594425
v -0.231752 -0.562121 0.421855
v -0.123728 -0.537278 0.518646
v -0.351064 -0.507328 0.492754
v 0.126509 -0.549355 0.530304
v 0.246342 -0.597507 0.448411
v -0.620995 -0.636222 0.000000
v -0.556102 -0.648001 0.112078
v -0.765521 -0.617252 0.113694
v -0.122606 -0.664968 0.108789
v -0.332120 -0.658508 0.109876
v -0.212277 -0.688285 0.000000
v -0.567989 -0.577201 0.318600
v -0.459265 -0.630814 0.220776
v -0.353502 -0.595975 0.313665
v 0.130373 -0.652970 0.347044
v -0.128951 -0.645845 0.343257
v 0.000000 -0.652240 0.218905
v 0.542994 -0.632726 -0.109436
v 0.727232 -0.586379 -0.108007
v 0.128240 -0.695526 -0.113788
v 0.344380 -0.682817 -0.113932
v 0.568261 -0.577478 -0.318752
v 0.468149 -0.643017 -0.225046
v 0.360574 -0.607898 -0.319940
v -0.740515 -0.597089 -0.109980
v -0.554769 -0.646448 -0.111809
v -0.385115 -0.649273 -0.341716
v -0.483217 -0.663712 -0.232289
v -0.590135 -0.599706 -0.331022
v -0.346132 -0.686290 -0.114511
v -0.126720 -0.687285 -0.112440
v 0.123764 -0.424368 -0.656092
v 0.000000 -0.477132 -0.586278
v -0.123074 -0.422002 -0.652433
v 0.231120 -0.560586 -0.420703
v 0.120846 -0.524761 -0.506563
v 0.349357 -0.504861 -0.490358
v -0.382648 -0.552970 -0.537086
v -0.127302 -0.552795 -0.533625
v -0.249871 -0.606067 -0.454835
v 0.000000 -0.667811 -0.224131
v -0.127345 -0.637803 -0.338983
v 0.124169 -0.621894 -0.330528
v 0.854860 -0.535691 -0.174816
v 0.915819 -0.526595 -0.066148
v 0.690445 -0.520572 -0.390674
v 0.786751 -0.539342 -0.289361
v 1.145981 -0.413966 -0.196394
v 0.993580 -0.486763 -0.249120
v 1.104967 -0.424490 -0.318567
v 0.204100 -0.340342 -0.737862
v 0.330882 -0.400719 -0.675173
v 0.718305 -0.314396 -0.637358
v 0.535146 -0.360349 -0.664208
v 0.585132 -0.258346 -0.705901
v 0.453597 -0.448042 -0.590184
v 0.569118 -0.488883 -0.504984
v 1.319814 -0.090414 -0.405379
v 1.224766 -0.148650 -0.484046
v 1.211619 -0.056604 -0.521858
v 1.210368 -0.337828 -0.397575
v 1.239293 -0.247284 -0.447715
v 1.326429 -0.272300 -0.323259
v 0.951225 -0.167839 -0.652153
v 1.095415 -0.208504 -0.553755
v 0.942528 -0.263071 -0.607617
v 0.801439 -0.455850 -0.483056
v 0.902123 -0.370674 -0.566890
v 1.025546 -0.404181 -0.446536
v 1.020000 -0.466134 0.000000
v 1.279591 -0.357149 -0.130653
v 1.135601 -0.407702 -0.064766
v 1.155161 -0.414725 0.065882
v 1.235404 -0.344816 0.126141
v 1.374203 0.000000 -0.332188
v 1.406264 -0.090460 -0.298882
v 1.436003 -0.087375 -0.065572
v 1.451615 -0.090082 -0.181317
v 1.454138 0.000000 -0.111069
v 1.389505 -0.180865 -0.250539
v 1.340577 -0.262407 -0.196929
v 1.371039 -0.088194 0.291395
v 1.357444 0.000000 0.328137
v 1.348302 -0.263919 0.198063
v 1.365512 -0.177742 0.246213
v 1.452837 0.000000 0.110970
v 1.402226 -0.087017 0.175148
v 1.408692 -0.085713 0.064325
v 1.367953 -0.270401 -0.067643
v 1.390274 -0.173538 0.000000
v 1.343628 -0.265593 0.066440
v 0.208608 -0.256341 0.803145
v 0.634574 -0.177117 0.802883
v 0.429142 -0.221089 0.816506
v 0.206540 -0.154614 0.824272
v 0.208630 -0.058231 0.849182
v 1.164921 0.000000 0.631306
v 0.798835 0.108686 0.708813
v 0.994154 0.058736 0.685788
v 1.033886 -0.061084 0.713196
v 0.858140 -0.116754 0.761436
v 0.198603 0.244048 0.764628
v 0.211794 0.059114 0.862059
v 0.202833 0.151840 0.809481
v 0.396724 0.204388 0.754827
v 0.577631 0.161224 0.730837
v 0.637151 -0.059279 0.798287
v 0.621502 0.057823 0.778680
v 0.422358 0.000000 0.837993
v -0.906615 -0.568123 0.185400
v -0.695171 -0.524135 0.393348
v -0.801228 -0.549266 0.294686
v -0.993777 -0.486859 0.249169
v -1.092067 -0.419534 0.314847
v -0.342269 -0.414511 0.698410
v -0.702461 -0.307461 0.623300
v -0.544154 -0.366414 0.675388
v -0.462213 -0.456552 0.601394
v -0.560395 -0.481390 0.497244
v -1.191789 -0.144647 0.471013
v -1.202109 -0.335523 0.394862
v -1.196643 -0.238774 0.432306
v -1.049022 -0.199674 0.530303
v -0.907028 -0.253163 0.584732
v -0.781166 -0.444319 0.470837
v -0.868418 -0.356825 0.545710
v -0.996710 -0.392816 0.433980
v -0.325871 -0.394651 -0.664949
v -0.598328 -0.513975 -0.530902
v -0.471704 -0.465928 -0.613744
v -0.524389 -0.353105 -0.650856
v -0.699837 -0.306313 -0.620972
v -0.877707 -0.550009 -0.179488
v -1.139111 -0.437607 -0.328411
v -1.007958 -0.493807 -0.252725
v -0.779278 -0.534219 -0.286613
v -0.706464 -0.532650 -0.399738
v -1.239306 -0.150415 -0.489793
v -0.946168 -0.264087 -0.609964
v -1.121143 -0.213401 -0.566761
v -1.271143 -0.253639 -0.459221
v -1.227909 -0.342724 -0.403337
v -0.812794 -0.462309 -0.489900
v -1.034124 -0.407562 -0.450271
v -0.871733 -0.358187 -0.547793
v 1.113646 0.000000 -0.603518
v 0.810953 -0.110334 -0.719566
v 0.981591 -0.057994 -0.677122
v 0.937063 0.055363 -0.646406
v 0.765441 0.104142 -0.679183
v 0.205453 -0.252465 -0.791000
v 0.202869 -0.056623 -0.825731
v 0.207720 -0.155498 -0.828983
v 0.421466 -0.217134 -0.801901
v 0.593999 -0.165792 -0.751547
v 0.208426 0.256118 -0.802447
v 0.565750 0.157908 -0.715804
v 0.398381 0.205241 -0.757979
v 0.204609 0.153169 -0.816569
v 0.198581 0.055426 -0.808278
v 0.617616 -0.057461 -0.773811
v 0.393984 0.000000 -0.781697
v 0.593390 0.055207 -0.743458
v 1.390939 0.089474 0.295625
v 1.470005 0.089444 0.067125
v 1.450445 0.090009 0.181171
v 1.399666 0.182188 0.252371
v 1.377327 0.269600 0.202327
v 1.383496 0.088995 -0.294043
v 1.386727 0.271440 -0.203708
v 1.411110 0.183678 -0.254435
v 1.450539 0.090015 -0.181183
v 1.483907 0.090289 -0.067759
v 1.055642 0.482422 0.000000
v 1.297211 0.362067 0.132452
v 1.203822 0.432195 0.068657
v 1.170465 0.420219 -0.066755
v 1.263566 0.352677 -0.129017
v 1.487884 0.185722 0.000000
v 1.409019 0.278518 -0.069673
v 1.418190 0.280331 0.070127
v -0.877357 0.567412 0.034181
v -0.846038 0.572652 0.089531
v -0.778227 0.596882 0.055428
v -0.978072 0.521901 0.158422
v -0.922309 0.553252 0.125332
v -1.012845 0.519058 0.102528
v -0.712351 0.605208 0.166365
v -0.817028 0.579348 0.146092
v -0.776404 0.577443 0.200323
v -1.194321 0.391866 0.294084
v -1.148130 0.427444 0.261526
v -1.213358 0.386883 0.231791
v -0.970349 0.493321 0.310751
v -1.067098 0.463874 0.288484
v -1.012129 0.455255 0.341655
v -1.137242 0.462829 0.170769
v -1.106764 0.465373 0.230112
v -1.051328 0.497154 0.196289
v -0.529791 0.578141 0.375287
v -0.653291 0.570065 0.368202
v -0.599684 0.556180 0.417397
v -0.736754 0.576530 0.257743
v -0.700852 0.577991 0.314733
v -0.628468 0.598779 0.274166
v -0.831311 0.521149 0.391107
v -0.768445 0.551403 0.353845
v -0.869815 0.523677 0.333354
v -0.946470 0.524347 0.216796
v -0.908539 0.523938 0.274975
v -0.845944 0.553749 0.238560
v -1.287000 0.028834 0.492845
v -1.312565 0.076322 0.480256
v -1.373288 0.047430 0.443439
v -1.199420 0.135408 0.556682
v -1.250318 0.105342 0.516212
v -1.182831 0.086895 0.571615
v -1.407433 0.143890 0.410271
v -1.334134 0.125121 0.465962
v -1.364012 0.175989 0.454204
v -0.896273 0.250161 0.676515
v -0.995228 0.226466 0.662046
v -0.900543 0.200663 0.699467
v -1.148728 0.269120 0.559589
v -1.079811 0.249756 0.615185
v -1.052410 0.293740 0.579455
v -1.074487 0.147447 0.653864
v -1.084777 0.199491 0.638923
v -1.154725 0.169562 0.604755
v -1.311654 0.316661 0.297676
v -1.299500 0.312164 0.368818
v -1.253239 0.349794 0.334653
v -1.370040 0.227794 0.433598
v -1.338779 0.271128 0.402038
v -1.378505 0.234747 0.358326
v -1.183681 0.330380 0.467616
v -1.279647 0.305408 0.441660
v -1.226474 0.290366 0.504517
v -1.227096 0.188693 0.548555
v -1.241498 0.242329 0.533167
v -1.303756 0.208895 0.493263
v -0.062571 0.397761 0.691669
v -0.166036 0.388571 0.707174
v -0.101954 0.354513 0.731086
v -0.291859 0.446254 0.640256
v -0.231086 0.421157 0.679273
v -0.189050 0.462520 0.637320
v -0.311934 0.330788 0.755638
v -0.275058 0.380968 0.726350
v -0.383445 0.368056 0.736019
v -0.537382 0.540489 0.476824
v -0.480025 0.521907 0.522439
v -0.419196 0.543455 0.465918
v -0.588062 0.454770 0.621652
v -0.538462 0.493277 0.576556
v -0.651549 0.478023 0.578125
v -0.306987 0.506311 0.554038
v -0.415388 0.494794 0.559402
v -0.355631 0.471733 0.599796
v -0.699126 0.244428 0.717190
v -0.676234 0.297147 0.697178
v -0.763909 0.271812 0.677823
v -0.488716 0.345976 0.727949
v -0.582630 0.321315 0.712493
v -0.513284 0.291394 0.746482
v -0.718852 0.378409 0.637844
v -0.653255 0.351347 0.677870
v -0.634969 0.410324 0.664230
v -0.405272 0.438183 0.652713
v -0.527086 0.431306 0.668770
v -0.454512 0.399155 0.702536
v -1.151063 0.379639 0.355778
v -1.055755 0.353487 0.477634
v -1.112788 0.369505 0.420305
v -1.067427 0.415140 0.382747
v -0.973825 0.446234 0.406118
v -0.859511 0.299574 0.645406
v -0.795617 0.399826 0.588501
v -0.821787 0.347655 0.612922
v -0.928518 0.318385 0.591272
v -0.992699 0.336010 0.536524
v -0.663807 0.531883 0.471675
v -0.880341 0.481917 0.433848
v -0.786221 0.515521 0.460266
v -0.725238 0.500911 0.523807
v -0.767001 0.455489 0.561196
v -0.948272 0.381140 0.498169
v -0.863189 0.419608 0.531873
v -0.920933 0.434148 0.469186
v -0.692294 0.626840 0.056105
v -0.726112 0.623203 0.000000
v -0.613827 0.625375 0.166390
v -0.650957 0.624206 0.111352
v -0.553281 0.693148 0.000000
v -0.603676 0.658440 0.057228
v -0.508160 0.685480 0.058097
v -0.421965 0.591506 0.374413
v -0.472761 0.603559 0.325193
v -0.355801 0.647042 0.221721
v -0.416638 0.629799 0.275168
v -0.306522 0.635682 0.271979
v -0.521513 0.612977 0.273896
v -0.562224 0.614407 0.219752
v -0.108410 0.706409 0.000000
v -0.174113 0.706391 0.057703
v -0.064008 0.698644 0.056795
v -0.393247 0.694110 0.058042
v -0.281358 0.694404 0.057221
v -0.330339 0.708300 0.000000
v -0.187504 0.670903 0.166374
v -0.237419 0.692947 0.114482
v -0.293528 0.664386 0.166471
v -0.512501 0.645954 0.168649
v -0.404785 0.660094 0.168972
v -0.454462 0.670962 0.113956
v 0.063010 0.400552 0.696524
v 0.000000 0.430987 0.666325
v 0.126119 0.495269 0.608563
v 0.063114 0.463489 0.638178
v 0.187896 0.459696 0.633430
v -0.063147 0.463736 0.638517
v -0.124997 0.490864 0.603151
v 0.363281 0.581308 0.436254
v 0.305908 0.561296 0.480044
v 0.425202 0.551240 0.472592
v 0.060962 0.553343 0.472143
v 0.181817 0.560035 0.478225
v 0.116928 0.570759 0.428338
v 0.308309 0.508492 0.556425
v 0.247800 0.541161 0.523982
v 0.190710 0.525100 0.571999
v -0.296938 0.544837 0.465967
v -0.353222 0.565212 0.424174
v -0.185654 0.511179 0.556834
v -0.240512 0.525246 0.508572
v -0.117396 0.573043 0.430052
v -0.179421 0.552655 0.471923
v -0.060421 0.548437 0.467957
v 0.062827 0.518610 0.565374
v 0.000000 0.528413 0.510088
v -0.062022 0.511966 0.558131
v 0.721538 0.619277 0.000000
v 0.690034 0.624794 0.055922
v 0.771010 0.591346 0.054914
v 0.509863 0.687777 0.058292
v 0.601598 0.656174 0.057031
v 0.542569 0.679728 0.000000
v 0.721099 0.612639 0.168408
v 0.663022 0.635775 0.113416
v 0.628473 0.640297 0.170360
v 0.064269 0.701488 0.057026
v 0.174592 0.708333 0.057861
v 0.108657 0.708019 0.000000
v 0.303196 0.686269 0.171954
v 0.237310 0.692631 0.114430
v 0.190136 0.680320 0.168709
v 0.330888 0.709477 0.000000
v 0.283707 0.700201 0.057698
v 0.397548 0.701702 0.058677
v 0.533595 0.582292 0.377981
v 0.470198 0.600287 0.323429
v 0.424105 0.594506 0.376312
v 0.572490 0.625626 0.223764
v 0.521084 0.612473 0.273671
v 0.625920 0.596352 0.273054
v 0.308868 0.640547 0.274061
v 0.416612 0.629758 0.275150
v 0.361844 0.658033 0.225487
v 0.467887 0.690782 0.117322
v 0.415309 0.677256 0.173365
v 0.525920 0.662868 0.173065
v -0.301344 0.596283 0.378698
v -0.061752 0.597449 0.380639
v -0.183280 0.607778 0.386809
v -0.244638 0.620897 0.328409
v -0.185239 0.637046 0.274919
v 0.305471 0.604450 0.383884
v 0.188120 0.646957 0.279196
v 0.247365 0.627816 0.332069
v 0.180700 0.599222 0.381363
v 0.061174 0.591862 0.377080
v 0.000000 0.696064 0.113876
v -0.124815 0.664412 0.222990
v -0.064272 0.688770 0.171201
v 0.063193 0.677202 0.168325
v 0.124607 0.663306 0.222619
v 0.000000 0.613051 0.325828
v 0.062151 0.639911 0.275737
v -0.062238 0.640805 0.276122
v -0.702443 0.636029 -0.056927
v -0.789797 0.605756 -0.056253
v -0.521223 0.703100 -0.059591
v -0.612176 0.667711 -0.058034
v -0.729144 0.619474 -0.170287
v -0.677223 0.649392 -0.115845
v -0.639368 0.651397 -0.173314
v -0.065274 0.712456 -0.057918
v -0.177832 0.721478 -0.058935
v -0.315615 0.714379 -0.178997
v -0.248014 0.723871 -0.119591
v -0.199841 0.715046 -0.177321
v -0.293594 0.724602 -0.059709
v -0.406897 0.718203 -0.060057
v -0.540434 0.589755 -0.382826
v -0.493182 0.629630 -0.339239
v -0.436691 0.612150 -0.387480
v -0.592986 0.648024 -0.231775
v -0.552853 0.649815 -0.290356
v -0.650843 0.620097 -0.283927
v -0.330469 0.685345 -0.293228
v -0.441757 0.667769 -0.291758
v -0.385494 0.701042 -0.240225
v -0.478241 0.706070 -0.119919
v -0.429693 0.700714 -0.179370
v -0.534808 0.674069 -0.175989
v 0.772493 0.592484 -0.055020
v 0.683844 0.619189 -0.055420
v 0.622531 0.634244 -0.168750
v 0.656328 0.629356 -0.112271
v 0.706492 0.600230 -0.164997
v 0.602403 0.657051 -0.057108
v 0.504324 0.680305 -0.057659
v 0.412829 0.578700 -0.366307
v 0.469819 0.599804 -0.323169
v 0.522404 0.570080 -0.370054
v 0.366762 0.666975 -0.228552
v 0.419333 0.633871 -0.276948
v 0.319929 0.663487 -0.283876
v 0.632551 0.602670 -0.275947
v 0.525050 0.617136 -0.275754
v 0.571404 0.624438 -0.223340
v 0.171874 0.697306 -0.056961
v 0.065226 0.711928 -0.057875
v 0.393397 0.694376 -0.058064
v 0.281572 0.694932 -0.057264
v 0.192551 0.688960 -0.170852
v 0.237715 0.693813 -0.114625
v 0.300933 0.681147 -0.170670
v 0.524985 0.661689 -0.172757
v 0.412370 0.672463 -0.172138
v 0.462880 0.683390 -0.116067
v -0.065316 0.415205 -0.722004
v 0.000000 0.448487 -0.693380
v 0.065402 0.415755 -0.722959
v -0.124280 0.488045 -0.599687
v -0.063646 0.467400 -0.643562
v -0.186551 0.456407 -0.628898
v 0.194995 0.477067 -0.657365
v 0.064885 0.476495 -0.656086
v 0.128779 0.505715 -0.621399
v -0.359386 0.575076 -0.431577
v -0.297110 0.545153 -0.466238
v -0.416014 0.539329 -0.462380
v -0.061768 0.560662 -0.478388
v -0.179055 0.551528 -0.470960
v -0.120906 0.590176 -0.442910
v -0.297734 0.491050 -0.537338
v -0.238220 0.520241 -0.503726
v -0.181673 0.500216 -0.544893
v 0.415583 0.538771 -0.461902
v 0.298806 0.548265 -0.468899
v 0.354393 0.567086 -0.425581
v 0.189587 0.522007 -0.568629
v 0.246870 0.539131 -0.522017
v 0.311691 0.514069 -0.562527
v 0.120017 0.585836 -0.439652
v 0.182358 0.561701 -0.479647
v 0.061985 0.562633 -0.480069
v -0.061745 0.509680 -0.555640
v 0.000000 0.540706 -0.521955
v 0.063141 0.521207 -0.568205
v 0.000000 0.713845 -0.116785
v 0.130879 0.696690 -0.233823
v 0.065706 0.704135 -0.175020
v -0.066433 0.711919 -0.176955
v -0.131143 0.698099 -0.234296
v 0.301387 0.596368 -0.378752
v 0.065043 0.629286 -0.400923
v 0.187626 0.622190 -0.395981
v 0.252324 0.640402 -0.338726
v 0.195673 0.672930 -0.290405
v -0.314234 0.621790 -0.394897
v -0.197920 0.680660 -0.293740
v -0.257502 0.653545 -0.345678
v -0.188492 0.625061 -0.397808
v -0.065227 0.631074 -0.402062
v 0.066183 0.681427 -0.293625
v 0.000000 0.667899 -0.354979
v -0.066491 0.684591 -0.294989
v -0.848770 0.574502 -0.089820
v -0.891539 0.576584 -0.034733
v -0.782675 0.582107 -0.201941
v -0.818769 0.580583 -0.146403
v -1.014898 0.520110 -0.102736
v -0.918795 0.551144 -0.124854
v -0.962925 0.513819 -0.155969
v -0.585912 0.543408 -0.407811
v -0.646799 0.564400 -0.364543
v -0.871967 0.524972 -0.334178
v -0.758108 0.543985 -0.349085
v -0.809292 0.507345 -0.380747
v -0.705494 0.581820 -0.316817
v -0.742422 0.580966 -0.259726
v -1.177740 0.375526 -0.224987
v -1.107515 0.412323 -0.252274
v -1.143361 0.375146 -0.281535
v -1.006191 0.475809 -0.187861
v -1.059530 0.445512 -0.220291
v -1.106796 0.450438 -0.166197
v -0.983980 0.442594 -0.332153
v -1.016113 0.441711 -0.274701
v -0.949655 0.482800 -0.304124
v -0.833034 0.545299 -0.234920
v -0.898224 0.517990 -0.271853
v -0.931295 0.515940 -0.213320
v -0.106493 0.370295 -0.763632
v -0.169128 0.395809 -0.720347
v -0.367717 0.352958 -0.705828
v -0.272274 0.377111 -0.718997
v -0.311523 0.330351 -0.754642
v -0.228357 0.416182 -0.671250
v -0.284310 0.434711 -0.623695
v -0.770432 0.274133 -0.683611
v -0.665672 0.292506 -0.686289
v -0.699896 0.244697 -0.717980
v -0.580343 0.375024 -0.607086
v -0.625389 0.336359 -0.648955
v -0.671644 0.353558 -0.595955
v -0.507950 0.288366 -0.738724
v -0.573506 0.316283 -0.701335
v -0.472315 0.334365 -0.703518
v -0.461692 0.501975 -0.502487
v -0.520307 0.523315 -0.461673
v -0.343102 0.455113 -0.578664
v -0.404346 0.481640 -0.544532
v -0.595086 0.436597 -0.528025
v -0.509326 0.466586 -0.545358
v -0.540543 0.418021 -0.571419
v -0.429699 0.377364 -0.664181
v -0.486324 0.397951 -0.617050
v -0.387031 0.418461 -0.623335
v -1.288083 0.044487 -0.415926
v -1.224259 0.071187 -0.447946
v -1.237868 0.027734 -0.474030
v -1.239061 0.159868 -0.412596
v -1.237687 0.116076 -0.432277
v -1.283976 0.131268 -0.374283
v -1.123752 0.082555 -0.543064
v -1.172986 0.098827 -0.484284
v -1.123202 0.126803 -0.521307
v -1.193965 0.333250 -0.318824
v -1.197425 0.287644 -0.339848
v -1.251210 0.302068 -0.283958
v -1.094684 0.259165 -0.450304
v -1.151949 0.274931 -0.397586
v -1.085328 0.302928 -0.428762
v -1.282756 0.218442 -0.333437
v -1.218307 0.246730 -0.365860
v -1.233789 0.205140 -0.390476
v -0.868140 0.193443 -0.674299
v -0.933768 0.212481 -0.621162
v -0.866928 0.241970 -0.654365
v -1.064232 0.156274 -0.557362
v -1.000175 0.183933 -0.589093
v -0.997120 0.136830 -0.606783
v -0.983195 0.274422 -0.541345
v -0.981899 0.227109 -0.559403
v -1.034132 0.242273 -0.503765
v -1.168368 0.187202 -0.442040
v -1.102720 0.215240 -0.473568
v -1.103987 0.169763 -0.493521
v -0.633934 0.507947 -0.450448
v -0.691474 0.410637 -0.505935
v -0.666399 0.460272 -0.481310
v -0.741239 0.486026 -0.433933
v -0.841957 0.460905 -0.414932
v -0.832729 0.290240 -0.625295
v -0.937635 0.317372 -0.506763
v -0.891865 0.305817 -0.567932
v -0.796181 0.336823 -0.593823
v -0.743854 0.373813 -0.550212
v -1.106659 0.364994 -0.342053
v -0.934261 0.428105 -0.389619
v -1.018487 0.396106 -0.365199
v -1.053020 0.349659 -0.397730
v -1.001468 0.335311 -0.453074
v -0.808261 0.392906 -0.498027
v -0.907565 0.364779 -0.476784
v -0.867135 0.408787 -0.441777
v -0.963861 0.554219 0.000000
v -1.069289 0.488658 -0.067435
v -1.027980 0.526420 -0.034668
v -1.015360 0.519957 0.034242
v -1.072745 0.490237 0.067653
v -1.234240 0.344491 -0.191025
v -1.190493 0.378671 -0.160687
v -1.237671 0.392762 -0.033769
v -1.195871 0.379793 -0.096152
v -1.248869 0.348574 -0.063363
v -1.170584 0.421540 -0.132749
v -1.121225 0.454246 -0.100851
v -1.259459 0.400607 0.169995
v -1.300657 0.363029 0.201304
v -1.148360 0.465240 0.103291
v -1.218797 0.438901 0.138216
v -1.310782 0.365855 0.066504
v -1.266948 0.402366 0.101867
v -1.248428 0.396176 0.034063
v -1.131323 0.458698 -0.033943
v -1.194958 0.429013 0.000000
v -1.143842 0.463774 0.034318
v -1.314438 0.000000 -0.379287
v -1.323203 0.044047 -0.361921
v -1.425302 0.044928 -0.261678
v -1.384191 0.044744 -0.314295
v -1.401379 0.000000 -0.277031
v -1.338476 0.088803 -0.345691
v -1.335451 0.132148 -0.324629
v -1.545754 0.046735 -0.035073
v -1.544537 0.046924 -0.094284
v -1.517227 0.000000 -0.057666
v -1.509605 0.140678 -0.165175
v -1.540953 0.094683 -0.130755
v -1.544356 0.142436 -0.106894
v -1.494573 0.000000 -0.172629
v -1.515686 0.046451 -0.152093
v -1.478381 0.045977 -0.207432
v -1.314399 0.263386 -0.254978
v -1.287892 0.303191 -0.227536
v -1.329243 0.176818 -0.301239
v -1.323922 0.220013 -0.278956
v -1.393426 0.221731 -0.166402
v -1.371118 0.222801 -0.224639
v -1.438340 0.183308 -0.195880
v -1.446074 0.091343 -0.242573
v -1.456854 0.138698 -0.221252
v -1.394960 0.135453 -0.274100
v -1.437771 0.047861 0.393258
v -1.396004 0.000000 0.402823
v -1.482184 0.146668 0.360297
v -1.463729 0.097113 0.378041
v -1.507730 0.000000 0.298055
v -1.494749 0.048318 0.339398
v -1.541768 0.048599 0.283060
v -1.341973 0.315923 0.237090
v -1.357173 0.271958 0.263276
v -1.472033 0.187602 0.200468
v -1.416477 0.230171 0.232071
v -1.429892 0.227533 0.170757
v -1.394028 0.231664 0.293728
v -1.442149 0.191837 0.326827
v -1.562403 0.000000 0.059383
v -1.588923 0.048272 0.096994
v -1.549256 0.046841 0.035153
v -1.559964 0.048515 0.218879
v -1.575052 0.048270 0.158050
v -1.561021 0.000000 0.180304
v -1.539299 0.141969 0.106544
v -1.572443 0.096618 0.133427
v -1.525980 0.142204 0.166967
v -1.528711 0.148440 0.300381
v -1.523408 0.145034 0.231360
v -1.551149 0.097980 0.260199
v -1.305176 0.308287 -0.163355
v -1.437638 0.230743 -0.103529
v -1.363141 0.268153 -0.133015
v -1.298544 0.307364 -0.096980
v -1.328098 0.314694 -0.033996
v -1.537121 0.093527 0.000000
v -1.487700 0.185699 0.069215
v -1.503497 0.138989 0.034746
v -1.515020 0.140054 -0.035012
v -1.503067 0.187617 -0.069930
v -1.354976 0.320049 0.169588
v -1.371244 0.324918 0.035101
v -1.380209 0.326694 0.103079
v -1.419127 0.279166 0.138478
v -1.459669 0.234279 0.105116
v -1.445341 0.231628 -0.034766
v -1.451888 0.232677 0.034923
v -1.420409 0.280770 0.000000
v 0.834008 0.564510 0.088258
v 0.853946 0.552271 0.033269
v 0.784309 0.583322 0.202363
v 0.814438 0.577511 0.145629
v 0.976101 0.500228 0.098808
v 0.901378 0.540696 0.122487
v 0.947751 0.505722 0.153511
v 0.598455 0.555041 0.416542
v 0.653597 0.570332 0.368374
v 0.840711 0.506154 0.322200
v 0.749023 0.537466 0.344902
v 0.798819 0.500779 0.375820
v 0.700468 0.577675 0.314560
v 0.744845 0.582862 0.260573
v 1.222049 0.389654 0.233451
v 1.147620 0.427254 0.261410
v 1.184227 0.388554 0.291598
v 1.024759 0.484590 0.191328
v 1.098026 0.461698 0.228295
v 1.135631 0.462173 0.170527
v 0.998635 0.449185 0.337100
v 1.040679 0.452390 0.281342
v 0.936250 0.475985 0.299831
v 0.839802 0.549729 0.236829
v 0.885162 0.510457 0.267900
v 0.928303 0.514282 0.212635
v 0.101789 0.353940 0.729903
v 0.167273 0.391467 0.712445
v 0.367009 0.352279 0.704469
v 0.268095 0.371324 0.707962
v 0.304194 0.322579 0.736887
v 0.231557 0.422014 0.680657
v 0.291473 0.445663 0.639409
v 0.761116 0.270818 0.675345
v 0.663352 0.291487 0.683897
v 0.676034 0.236354 0.693501
v 0.593284 0.383387 0.620624
v 0.629765 0.338713 0.653495
v 0.688692 0.362533 0.611083
v 0.482478 0.273905 0.701679
v 0.558582 0.308053 0.683085
v 0.463468 0.328102 0.690341
v 0.473616 0.514940 0.515465
v 0.539558 0.542678 0.478755
v 0.354806 0.470638 0.598404
v 0.414182 0.493357 0.557778
v 0.619567 0.454559 0.549748
v 0.518519 0.475007 0.555202
v 0.562326 0.434868 0.594447
v 0.434284 0.381391 0.671269
v 0.500429 0.409493 0.634947
v 0.394826 0.426888 0.635888
v 1.299872 0.044894 0.419732
v 1.292109 0.075132 0.472771
v 1.276045 0.028589 0.488650
v 1.305034 0.168380 0.434565
v 1.317782 0.123588 0.460251
v 1.344839 0.137491 0.392025
v 1.192181 0.087582 0.576133
v 1.274173 0.107352 0.526061
v 1.214109 0.137066 0.563500
v 1.230489 0.343444 0.328578
v 1.249523 0.300159 0.354634
v 1.278824 0.308735 0.290225
v 1.175463 0.278289 0.483533
v 1.207594 0.288211 0.416791
v 1.148590 0.320585 0.453754
v 1.291688 0.219963 0.335759
v 1.259821 0.255138 0.378327
v 1.279172 0.212686 0.404840
v 0.846719 0.188669 0.657660
v 0.933577 0.212438 0.621035
v 0.855529 0.238788 0.645761
v 1.125513 0.165273 0.589456
v 1.025489 0.188588 0.604003
v 1.034821 0.142004 0.629725
v 1.007981 0.281340 0.554992
v 1.016825 0.235187 0.579300
v 1.086621 0.254570 0.529335
v 1.244323 0.199372 0.470777
v 1.176767 0.229694 0.505368
v 1.206593 0.185541 0.539390
v 0.647452 0.518778 0.460053
v 0.729177 0.433027 0.533522
v 0.682107 0.471121 0.492655
v 0.743585 0.487564 0.435306
v 0.833233 0.456130 0.410633
v 0.832120 0.290027 0.624838
v 0.975081 0.330047 0.527002
v 0.900989 0.308946 0.573742
v 0.805752 0.340872 0.600962
v 0.779802 0.391878 0.576802
v 1.137680 0.375225 0.351641
v 0.943752 0.432454 0.393577
v 1.046541 0.407017 0.375258
v 1.104826 0.366861 0.417298
v 1.052684 0.352459 0.476244
v 0.842401 0.409502 0.519064
v 0.947721 0.380919 0.497880
v 0.888668 0.418938 0.452747
v -0.100939 0.308464 0.750975
v 0.000000 0.320036 0.738548
v -0.307085 0.280563 0.768564
v -0.203117 0.294072 0.758200
v 0.000000 0.232619 0.783576
v -0.100256 0.261912 0.768109
v -0.101105 0.219013 0.794360
v -0.697694 0.194735 0.733976
v -0.604437 0.217624 0.747031
v -0.403212 0.160246 0.783551
v -0.502373 0.188383 0.765664
v -0.491795 0.137266 0.765413
v -0.513134 0.241971 0.764711
v -0.410595 0.260162 0.764443
v 0.000000 0.048836 0.855615
v -0.104495 0.078088 0.851833
v -0.105222 0.029369 0.861904
v -0.101352 0.170063 0.807099
v -0.102492 0.124811 0.828246
v 0.000000 0.143554 0.827615
v -0.311443 0.086927 0.836297
v -0.208906 0.107296 0.842021
v -0.306455 0.133823 0.814438
v -0.305856 0.230188 0.780088
v -0.309648 0.183710 0.805506
v -0.204375 0.201856 0.801302
v -1.266854 -0.028383 0.485130
v -1.215072 0.000000 0.523346
v -1.065014 -0.054662 0.577163
v -1.132771 -0.027745 0.547833
v -1.124742 -0.082627 0.543542
v -1.166344 0.028567 0.564069
v -1.103139 0.056619 0.597825
v -0.792765 -0.163494 0.703427
v -0.865112 -0.136532 0.673584
v -0.857745 -0.191126 0.666225
v -0.866308 -0.027702 0.676085
v -0.865328 -0.081477 0.674795
v -0.796239 -0.053831 0.706510
v -0.979959 -0.134475 0.596340
v -0.931404 -0.109088 0.640555
v -0.990122 -0.081756 0.605262
v -0.914808 0.144375 0.712277
v -0.815595 0.168202 0.723685
v -1.049373 0.086649 0.641483
v -0.992776 0.116276 0.682762
v -0.812144 0.054906 0.720622
v -0.917057 0.086348 0.715134
v -0.896118 0.028655 0.699350
v -1.003157 -0.027608 0.612748
v -0.952901 0.000000 0.657331
v -1.030069 0.028348 0.629186
v 0.000000 -0.327834 0.756545
v -0.102323 -0.312694 0.761272
v -0.102541 -0.356553 0.735293
v -0.101798 -0.220515 0.799808
v -0.102819 -0.268608 0.787744
v 0.000000 -0.234368 0.789464
v -0.314071 -0.333053 0.760814
v -0.207363 -0.300219 0.774050
v -0.308580 -0.281929 0.772306
v -0.104732 -0.029232 0.857892
v -0.104861 -0.078362 0.854814
v 0.000000 -0.049313 0.863971
v -0.307084 -0.134098 0.816109
v -0.210441 -0.108084 0.848207
v -0.312990 -0.087359 0.840452
v 0.000000 -0.142836 0.823473
v -0.103881 -0.126501 0.839463
v -0.102476 -0.171950 0.816054
v -0.680027 -0.237751 0.697598
v -0.587905 -0.211671 0.726599
v -0.678184 -0.189289 0.713451
v -0.413408 -0.261945 0.769681
v -0.508033 -0.239566 0.757110
v -0.507295 -0.287994 0.737771
v -0.497836 -0.138952 0.774814
v -0.502316 -0.188361 0.765577
v -0.404784 -0.160870 0.786605
v -0.203232 -0.200727 0.796822
v -0.306696 -0.181958 0.797827
v -0.308478 -0.232161 0.786776
v -0.701717 0.138288 0.735750
v -0.705739 0.028355 0.737631
v -0.696036 0.081678 0.728263
v -0.591347 0.109095 0.744483
v -0.497149 0.082960 0.767116
v -0.696417 -0.137244 0.730193
v -0.497167 -0.082963 0.767143
v -0.592379 -0.109286 0.745782
v -0.699515 -0.082086 0.731904
v -0.697666 -0.028031 0.729194
v -0.210838 0.000000 0.858167
v -0.406283 0.056320 0.806100
v -0.317096 0.029482 0.849508
v -0.311322 -0.028946 0.834040
v -0.407841 -0.056536 0.809191
v -0.605437 0.000000 0.758552
v -0.504522 -0.028164 0.779675
v -0.500832 0.027958 0.773973
v -1.409760 -0.046928 0.385596
v -1.342828 -0.046378 0.433603
v -1.494541 -0.047110 0.274390
v -1.469389 -0.047498 0.333640
v -1.325879 -0.135552 0.386498
v -1.408683 -0.093461 0.363824
v -1.374530 -0.136015 0.334128
v -1.549200 -0.046839 0.035151
v -1.542798 -0.046871 0.094178
v -1.473953 -0.137356 0.161275
v -1.506120 -0.092543 0.127799
v -1.508517 -0.139130 0.104413
v -1.543384 -0.047300 0.154873
v -1.529622 -0.047571 0.214622
v -1.297610 -0.313270 0.294489
v -1.350127 -0.270546 0.261909
v -1.339865 -0.315426 0.236718
v -1.348864 -0.179428 0.305686
v -1.361034 -0.226181 0.286776
v -1.303522 -0.221978 0.338835
v -1.402304 -0.223143 0.167462
v -1.382725 -0.224687 0.226541
v -1.407982 -0.179439 0.191745
v -1.463624 -0.092451 0.245517
v -1.429501 -0.136094 0.217098
v -1.404717 -0.136400 0.276017
v -1.292071 -0.044625 -0.417213
v -1.338019 -0.044540 -0.365974
v -1.396808 -0.138220 -0.339544
v -1.361610 -0.090338 -0.351666
v -1.333515 -0.136333 -0.388724
v -1.386455 -0.044817 -0.314809
v -1.425085 -0.044921 -0.261638
v -1.393632 -0.328084 -0.246217
v -1.417341 -0.284014 -0.274948
v -1.351352 -0.326245 -0.306685
v -1.464547 -0.186648 -0.199449
v -1.451529 -0.235867 -0.237814
v -1.461198 -0.232515 -0.174496
v -1.381176 -0.235202 -0.359020
v -1.433049 -0.238149 -0.301950
v -1.405937 -0.187020 -0.318620
v -1.482181 -0.045029 -0.090478
v -1.515537 -0.045821 -0.034388
v -1.461202 -0.045443 -0.205022
v -1.462368 -0.044817 -0.146743
v -1.493989 -0.137790 -0.103407
v -1.468952 -0.090259 -0.124645
v -1.490008 -0.138852 -0.163031
v -1.431844 -0.139034 -0.281347
v -1.491080 -0.141956 -0.226450
v -1.454014 -0.091844 -0.243905
v -0.882512 -0.570746 0.034382
v -0.950292 -0.546417 0.000000
v -0.862771 -0.557978 -0.033613
v -1.119344 -0.511533 0.070592
v -1.040551 -0.532857 0.035091
v -1.045130 -0.535604 0.105796
v -0.986610 -0.505614 -0.099872
v -1.021165 -0.522930 -0.034438
v -1.072511 -0.490131 -0.067639
v -1.330996 -0.371497 0.206000
v -1.286487 -0.409204 0.173643
v -1.254865 -0.400118 0.239720
v -1.316993 -0.417934 0.035934
v -1.304359 -0.414247 0.104875
v -1.369182 -0.382155 0.069467
v -1.181248 -0.480738 0.177377
v -1.234473 -0.444546 0.139994
v -1.179829 -0.477989 0.106122
v -1.262457 -0.402539 -0.241171
v -1.273042 -0.404928 -0.171829
v -1.319515 -0.368293 -0.204223
v -1.147268 -0.464797 -0.103193
v -1.207151 -0.434708 -0.136896
v -1.147091 -0.466837 -0.172248
v -1.366404 -0.381380 -0.069326
v -1.302338 -0.413605 -0.104712
v -1.307000 -0.414763 -0.035661
v -1.179589 -0.478268 0.035391
v -1.244457 -0.446784 0.000000
v -1.154741 -0.468193 -0.034645
v -1.544354 -0.093967 0.000000
v -1.504149 -0.187752 -0.069980
v -1.520223 -0.140535 -0.035133
v -1.534057 -0.141814 0.035452
v -1.487932 -0.185728 0.069226
v -1.381472 -0.326308 -0.172904
v -1.411073 -0.334355 -0.036120
v -1.408430 -0.333374 -0.105186
v -1.432454 -0.281788 -0.139778
v -1.471043 -0.236105 -0.105935
v -1.368240 -0.323182 0.171248
v -1.426969 -0.229031 0.102761
v -1.387196 -0.272885 0.135362
v -1.383199 -0.327402 0.103302
v -1.416135 -0.335555 0.036250
v -1.497380 -0.239967 -0.036018
v -1.446606 -0.285948 0.000000
v -1.462363 -0.234356 0.035175
v -1.201428 0.000000 -0.517469
v -1.232895 -0.027622 -0.472126
v -1.084499 0.055662 -0.587723
v -1.149461 0.028153 -0.555904
v -1.124115 -0.082581 -0.543239
v -1.137753 -0.027867 -0.550243
v -1.079306 -0.055395 -0.584908
v -0.781561 0.161183 -0.693486
v -0.858484 0.135486 -0.668423
v -0.862641 0.027585 -0.673223
v -0.873563 0.082253 -0.681217
v -0.792590 0.053584 -0.703272
v -0.950907 0.111372 -0.653967
v -1.000293 0.082596 -0.611480
v -0.854976 -0.190509 -0.664074
v -0.861361 -0.135940 -0.670662
v -0.767814 -0.158348 -0.681288
v -1.014831 -0.083797 -0.620367
v -0.943640 -0.110521 -0.648970
v -1.029780 -0.141312 -0.626658
v -0.785135 -0.053080 -0.696658
v -0.852965 -0.080313 -0.665154
v -0.856716 -0.027395 -0.668599
v -1.008992 0.027768 -0.616312
v -0.932936 0.000000 -0.643558
v -1.008437 -0.027753 -0.615973
v 0.000000 0.340336 -0.785395
v -0.107023 0.327057 -0.796241
v -0.106629 0.230979 -0.837763
v -0.106483 0.278180 -0.815818
v 0.000000 0.246147 -0.829143
v -0.214081 0.309945 -0.799124
v -0.317777 0.290331 -0.795322
v -0.100650 0.028093 -0.824451
v -0.103584 0.077408 -0.844407
v 0.000000 0.047953 -0.840142
v -0.307758 0.134392 -0.817902
v -0.209765 0.107737 -0.845479
v -0.302692 0.084485 -0.812798
v 0.000000 0.149034 -0.859207
v -0.105966 0.129040 -0.856311
v -0.107476 0.180339 -0.855870
v -0.604693 0.217716 -0.747347
v -0.686712 0.191670 -0.722422
v -0.422033 0.267410 -0.785739
v -0.519340 0.244898 -0.773960
v -0.507000 0.141510 -0.789077
v -0.514761 0.193028 -0.784545
v -0.416593 0.165564 -0.809553
v -0.211634 0.209025 -0.829762
v -0.318191 0.188778 -0.827729
v -0.319247 0.240266 -0.814242
v -0.099334 -0.345401 -0.712295
v -0.099605 -0.304387 -0.741048
v 0.000000 -0.318688 -0.735437
v -0.295254 -0.269754 -0.738953
v -0.197133 -0.285408 -0.735862
v -0.297736 -0.315731 -0.721243
v 0.000000 -0.234643 -0.790393
v -0.099380 -0.259623 -0.761396
v -0.100467 -0.217631 -0.789349
v -0.658512 -0.183799 -0.692756
v -0.576972 -0.207735 -0.713087
v -0.651074 -0.227628 -0.667896
v -0.405367 -0.161102 -0.787739
v -0.489435 -0.183531 -0.745945
v -0.491148 -0.137085 -0.764406
v -0.481738 -0.273486 -0.700604
v -0.488704 -0.230451 -0.728303
v -0.398567 -0.252541 -0.742050
v 0.000000 -0.047612 -0.834176
v -0.101560 -0.075895 -0.827907
v -0.100052 -0.027926 -0.819551
v -0.102805 -0.172501 -0.818672
v -0.103174 -0.125640 -0.833749
v 0.000000 -0.144454 -0.832800
v -0.310198 -0.086580 -0.832955
v -0.207061 -0.106348 -0.834583
v -0.308345 -0.134649 -0.819462
v -0.301886 -0.227200 -0.769963
v -0.305296 -0.181128 -0.794184
v -0.203454 -0.200946 -0.797691
v -0.685237 0.135040 -0.718470
v -0.504297 0.084152 -0.778145
v -0.595231 0.109812 -0.749373
v -0.684307 0.080301 -0.715992
v -0.693948 0.027882 -0.725307
v -0.202354 0.000000 -0.823637
v -0.410839 -0.056952 -0.815140
v -0.305281 -0.028384 -0.817854
v -0.303706 0.028237 -0.813636
v -0.405663 0.056234 -0.804869
v -0.678822 -0.133776 -0.711744
v -0.699598 -0.028109 -0.731213
v -0.696216 -0.081699 -0.728452
v -0.596570 -0.110059 -0.751058
v -0.509657 -0.085047 -0.786416
v -0.505116 0.028197 -0.780593
v -0.519282 -0.028988 -0.802485
v -0.599542 0.000000 -0.751166
v 0.172752 0.404289 -0.735781
v 0.106746 0.371175 -0.765447
v 0.300311 0.459177 -0.658798
v 0.240438 0.438201 -0.706763
v 0.316072 0.335175 -0.765662
v 0.281174 0.389439 -0.742500
v 0.382494 0.367143 -0.734194
v 0.522403 0.525423 -0.463532
v 0.477307 0.518952 -0.519481
v 0.571575 0.442020 -0.604224
v 0.534262 0.489429 -0.572058
v 0.633620 0.464869 -0.562217
v 0.420048 0.500345 -0.565679
v 0.361620 0.479677 -0.609896
v 0.654195 0.228719 -0.671098
v 0.640545 0.281465 -0.660383
v 0.720904 0.256510 -0.639664
v 0.474649 0.336018 -0.706995
v 0.561648 0.309744 -0.686835
v 0.485419 0.275575 -0.705957
v 0.686010 0.361121 -0.608703
v 0.629342 0.338485 -0.653056
v 0.605491 0.391276 -0.633394
v 0.408922 0.442130 -0.658592
v 0.510498 0.417732 -0.647722
v 0.447912 0.393360 -0.692335
v 0.859500 0.555863 -0.033485
v 0.838996 0.567886 -0.088786
v 0.990949 0.528772 -0.160508
v 0.914505 0.548571 -0.124271
v 1.010248 0.517727 -0.102265
v 0.808508 0.573307 -0.144569
v 0.772772 0.574742 -0.199386
v 1.180440 0.387312 -0.290666
v 1.129387 0.420466 -0.257257
v 1.185796 0.378095 -0.226526
v 0.977478 0.496945 -0.313034
v 1.067633 0.464107 -0.288629
v 1.004656 0.451894 -0.339133
v 1.120066 0.455838 -0.168190
v 1.095178 0.460501 -0.227703
v 1.053731 0.498290 -0.196737
v 0.661558 0.577279 -0.372861
v 0.595123 0.551950 -0.414222
v 0.751943 0.588416 -0.263056
v 0.713334 0.588285 -0.320338
v 0.836620 0.524477 -0.393604
v 0.781886 0.561047 -0.360034
v 0.869659 0.523583 -0.333294
v 0.964453 0.534309 -0.220915
v 0.916809 0.528707 -0.277478
v 0.851198 0.557189 -0.240042
v 1.294040 0.028992 -0.495541
v 1.296447 0.075385 -0.474359
v 1.334939 0.046105 -0.431056
v 1.179342 0.133141 -0.547364
v 1.251613 0.105452 -0.516746
v 1.157152 0.085008 -0.559205
v 1.341967 0.137197 -0.391188
v 1.306576 0.122537 -0.456337
v 1.317780 0.170024 -0.438809
v 0.834354 0.232878 -0.629778
v 0.927261 0.211000 -0.616833
v 0.834299 0.185902 -0.648014
v 1.075959 0.252072 -0.524141
v 0.996994 0.230600 -0.568002
v 0.988419 0.275880 -0.544222
v 0.990706 0.135950 -0.602880
v 1.006100 0.185022 -0.592583
v 1.072321 0.157462 -0.561598
v 1.294891 0.312614 -0.293872
v 1.275535 0.306408 -0.362016
v 1.245772 0.347710 -0.332659
v 1.292926 0.214973 -0.409193
v 1.289167 0.261081 -0.387140
v 1.330255 0.226531 -0.345784
v 1.159350 0.323589 -0.458004
v 1.225742 0.292542 -0.423055
v 1.163774 0.275522 -0.478725
v 1.171290 0.180112 -0.523608
v 1.168555 0.228091 -0.501841
v 1.263623 0.202464 -0.478079
v 0.655601 0.525308 -0.465844
v 0.869887 0.476194 -0.428696
v 0.765696 0.502062 -0.448250
v 0.708324 0.489229 -0.511591
v 0.748075 0.444250 -0.547349
v 1.156485 0.381427 -0.357454
v 1.064284 0.356343 -0.481492
v 1.107947 0.367898 -0.418477
v 1.055951 0.410677 -0.378632
v 0.979960 0.449046 -0.408677
v 0.796463 0.277599 -0.598063
v 0.764170 0.384022 -0.565240
v 0.772727 0.326901 -0.576331
v 0.866591 0.297151 -0.551838
v 0.965055 0.326653 -0.521583
v 0.926525 0.436784 -0.472034
v 0.959446 0.385632 -0.504039
v 0.847109 0.411791 -0.521964
v 0.858685 -0.555336 0.033453
v 0.832386 -0.563412 0.088086
v 0.777518 -0.596338 0.055378
v 0.956627 -0.510458 0.154948
v 0.897076 -0.538116 0.121903
v 0.978988 -0.501707 0.099101
v 0.719848 -0.611577 0.168116
v 0.814888 -0.577830 0.145709
v 0.797851 -0.593393 0.205857
v 1.161378 -0.381057 0.285972
v 1.113726 -0.414635 0.253689
v 1.204726 -0.384131 0.230142
v 0.970221 -0.493255 0.310710
v 1.043723 -0.453713 0.282165
v 1.023301 -0.460280 0.345426
v 1.096992 -0.446448 0.164725
v 1.076996 -0.452856 0.223922
v 1.027404 -0.485841 0.191822
v 0.541833 -0.591281 0.383816
v 0.655158 -0.571694 0.369254
v 0.607485 -0.563415 0.422826
v 0.765411 -0.598955 0.267768
v 0.706835 -0.582926 0.317420
v 0.637870 -0.607737 0.278268
v 0.838073 -0.525388 0.394288
v 0.772233 -0.554121 0.355590
v 0.884046 -0.532245 0.338808
v 0.956549 -0.529931 0.219105
v 0.925274 -0.533589 0.280040
v 0.874332 -0.572332 0.246566
v 1.284506 -0.028778 0.491890
v 1.310120 -0.076180 0.479362
v 1.318470 -0.045537 0.425738
v 1.227783 -0.138610 0.569846
v 1.268592 -0.106882 0.523756
v 1.217173 -0.089418 0.588211
v 1.346865 -0.137698 0.392616
v 1.320736 -0.123865 0.461282
v 1.327218 -0.171242 0.441952
v 0.905790 -0.252817 0.683698
v 0.974026 -0.221642 0.647942
v 0.908231 -0.202376 0.705438
v 1.133420 -0.265534 0.552132
v 1.055793 -0.244200 0.601501
v 1.047200 -0.292286 0.576586
v 1.081177 -0.148365 0.657935
v 1.068257 -0.196453 0.629193
v 1.154695 -0.169558 0.604739
v 1.249268 -0.301599 0.283518
v 1.231992 -0.295948 0.349658
v 1.210372 -0.337830 0.323206
v 1.298838 -0.215956 0.411064
v 1.258592 -0.254889 0.377958
v 1.311700 -0.223371 0.340961
v 1.162888 -0.324576 0.459402
v 1.221411 -0.291509 0.421560
v 1.189661 -0.281651 0.489374
v 1.212352 -0.186426 0.541964
v 1.199969 -0.234223 0.515332
v 1.269036 -0.203332 0.480127
v 0.062200 -0.395402 0.687567
v 0.167227 -0.391359 0.712248
v 0.102573 -0.356664 0.735522
v 0.295943 -0.452498 0.649215
v 0.232595 -0.423906 0.683708
v 0.189324 -0.463192 0.638246
v 0.317027 -0.336188 0.767975
v 0.275745 -0.381919 0.728163
v 0.381324 -0.366019 0.731947
v 0.523412 -0.526439 0.464429
v 0.461147 -0.501383 0.501894
v 0.420455 -0.545086 0.467316
v 0.573851 -0.443780 0.606629
v 0.517227 -0.473824 0.553818
v 0.623444 -0.457403 0.553188
v 0.306900 -0.506168 0.553881
v 0.410055 -0.488441 0.552220
v 0.354959 -0.470841 0.598661
v 0.723589 -0.252980 0.742285
v 0.695959 -0.305814 0.717513
v 0.809336 -0.287976 0.718131
v 0.498110 -0.352626 0.741940
v 0.604599 -0.333431 0.739358
v 0.529248 -0.300457 0.769698
v 0.732081 -0.385373 0.649582
v 0.674550 -0.362800 0.699967
v 0.632470 -0.408710 0.661616
v 0.409951 -0.443242 0.660248
v 0.519012 -0.424699 0.658525
v 0.451942 -0.396898 0.698562
v 1.158788 -0.382187 0.358166
v 1.081007 -0.361942 0.489058
v 1.120629 -0.372109 0.423267
v 1.074061 -0.417720 0.385126
v 0.991163 -0.454179 0.413349
v 0.877778 -0.305941 0.659123
v 0.803433 -0.403753 0.594282
v 0.843478 -0.356832 0.629099
v 0.935652 -0.320832 0.595815
v 1.018891 -0.344876 0.550680
v 0.652075 -0.522483 0.463338
v 0.872998 -0.477898 0.430230
v 0.770705 -0.505347 0.451183
v 0.701641 -0.484613 0.506764
v 0.754615 -0.448134 0.552134
v 0.986173 -0.396374 0.518080
v 0.870102 -0.422968 0.536132
v 0.930900 -0.438847 0.474263
v 0.683483 -0.618862 0.055391
v 0.704355 -0.604529 0.000000
v 0.625288 -0.637053 0.169497
v 0.657630 -0.630605 0.112494
v 0.513626 -0.643469 0.000000
v 0.583583 -0.636524 0.055324
v 0.484140 -0.653077 0.055351
v 0.431074 -0.604276 0.382496
v 0.481818 -0.615122 0.331422
v 0.355994 -0.647393 0.221842
v 0.421816 -0.637626 0.278588
v 0.310633 -0.644209 0.275628
v 0.527831 -0.620404 0.277214
v 0.576063 -0.629530 0.225161
v 0.107063 -0.697634 0.000000
v 0.167425 -0.679256 0.055486
v 0.062978 -0.687398 0.055881
v 0.378096 -0.667368 0.055806
v 0.270316 -0.667151 0.054975
v 0.313007 -0.671138 0.000000
v 0.184982 -0.661880 0.164137
v 0.227604 -0.664300 0.109749
v 0.287291 -0.650269 0.162933
v 0.510482 -0.643409 0.167984
v 0.394654 -0.643574 0.164743
v 0.446011 -0.658486 0.111837
v -0.063233 -0.401965 0.698979
v 0.000000 -0.431120 0.666530
v -0.122393 -0.480636 0.590583
v -0.062408 -0.458309 0.631045
v -0.188566 -0.461337 0.635690
v 0.062531 -0.459206 0.632281
v 0.124435 -0.488656 0.600437
v -0.347479 -0.556023 0.417279
v -0.292921 -0.537467 0.459665
v -0.399903 -0.518443 0.444474
v -0.063239 -0.574010 0.489777
v -0.179933 -0.554233 0.473270
v -0.120007 -0.585786 0.439615
v -0.302099 -0.498250 0.545216
v -0.240859 -0.526003 0.509306
v -0.184256 -0.507330 0.552642
v 0.306190 -0.561813 0.480486
v 0.362989 -0.580841 0.435904
v 0.187877 -0.517299 0.563502
v 0.246311 -0.537910 0.520835
v 0.123056 -0.600670 0.450785
v 0.185686 -0.571951 0.488400
v 0.063366 -0.575170 0.490767
v -0.062094 -0.512560 0.558779
v 0.000000 -0.545086 0.526183
v 0.062377 -0.514895 0.561324
v -0.712248 -0.611304 0.000000
v -0.690663 -0.625363 0.055973
v -0.793047 -0.608248 0.056484
v -0.486183 -0.655834 0.055585
v -0.587654 -0.640964 0.055710
v -0.530432 -0.664523 0.000000
v -0.726609 -0.617321 0.169695
v -0.662271 -0.635055 0.113288
v -0.626940 -0.638735 0.169945
v -0.062338 -0.680406 0.055313
v -0.168950 -0.685444 0.055992
v -0.105788 -0.689323 0.000000
v -0.287544 -0.650843 0.163077
v -0.228806 -0.667810 0.110329
v -0.181105 -0.648006 0.160696
v -0.321397 -0.689127 0.000000
v -0.275496 -0.679936 0.056029
v -0.377794 -0.666834 0.055761
v -0.513326 -0.560173 0.363623
v -0.459515 -0.586648 0.316081
v -0.409104 -0.573479 0.363002
v -0.564454 -0.616843 0.220623
v -0.511796 -0.601557 0.268793
v -0.620334 -0.591030 0.270618
v -0.298727 -0.619517 0.265063
v -0.402137 -0.607878 0.265591
v -0.347845 -0.632575 0.216764
v -0.446402 -0.659063 0.111935
v -0.397935 -0.648925 0.166113
v -0.513705 -0.647472 0.169045
v 0.314773 -0.622857 0.395575
v 0.064159 -0.620737 0.395476
v 0.188421 -0.624827 0.397659
v 0.253292 -0.642859 0.340026
v 0.190928 -0.656614 0.283363
v -0.295092 -0.583912 0.370841
v -0.190245 -0.654264 0.282350
v -0.246626 -0.625941 0.331077
v -0.180840 -0.599688 0.381660
v -0.063430 -0.613689 0.390986
v 0.000000 -0.664198 0.108663
v 0.122773 -0.653543 0.219342
v 0.061057 -0.654311 0.162636
v -0.061034 -0.654068 0.162575
v -0.122157 -0.650265 0.218242
v 0.000000 -0.642207 0.341324
v -0.064103 -0.660004 0.284395
v 0.063583 -0.654656 0.282090
v 0.668019 -0.604860 -0.054137
v 0.757627 -0.581082 -0.053961
v 0.480209 -0.647775 -0.054902
v 0.578409 -0.630881 -0.054833
v 0.692267 -0.588144 -0.161674
v 0.633163 -0.607144 -0.108309
v 0.593751 -0.604921 -0.160948
v 0.063389 -0.691880 -0.056245
v 0.171440 -0.695548 -0.056817
v 0.301034 -0.681376 -0.170728
v 0.237688 -0.693733 -0.114612
v 0.193038 -0.690704 -0.171285
v 0.275227 -0.679272 -0.055974
v 0.378105 -0.667384 -0.055807
v 0.526041 -0.574048 -0.372630
v 0.463706 -0.591999 -0.318964
v 0.409346 -0.573818 -0.363217
v 0.557611 -0.609365 -0.217949
v 0.522404 -0.614025 -0.274364
v 0.617913 -0.588723 -0.269561
v 0.313580 -0.650319 -0.278242
v 0.411918 -0.622663 -0.272050
v 0.361579 -0.657551 -0.225322
v 0.449139 -0.663103 -0.112621
v 0.411906 -0.671707 -0.171944
v 0.508310 -0.640671 -0.167269
v -0.763757 -0.585783 -0.054398
v -0.681762 -0.617304 -0.055251
v -0.621035 -0.632719 -0.168344
v -0.643159 -0.616729 -0.110018
v -0.706668 -0.600379 -0.165038
v -0.587806 -0.641131 -0.055724
v -0.503318 -0.678948 -0.057544
v -0.446545 -0.625963 -0.396223
v -0.491494 -0.627475 -0.338078
v -0.553771 -0.604309 -0.392273
v -0.377011 -0.685615 -0.234939
v -0.432875 -0.654342 -0.285892
v -0.325273 -0.674569 -0.288618
v -0.622984 -0.593554 -0.271774
v -0.533051 -0.626539 -0.279956
v -0.579449 -0.633231 -0.226484
v -0.170127 -0.690221 -0.056382
v -0.063609 -0.694287 -0.056441
v -0.391506 -0.691038 -0.057785
v -0.279152 -0.688959 -0.056772
v -0.193769 -0.693319 -0.171933
v -0.237285 -0.692556 -0.114417
v -0.307324 -0.695614 -0.174295
v -0.525891 -0.662830 -0.173055
v -0.418241 -0.682038 -0.174589
v -0.458046 -0.676255 -0.114855
v 0.062120 -0.394892 -0.686681
v 0.000000 -0.425732 -0.658200
v -0.061857 -0.393220 -0.683773
v 0.120759 -0.474221 -0.582700
v 0.061786 -0.453739 -0.624753
v 0.184452 -0.451271 -0.621820
v -0.184730 -0.451951 -0.622757
v -0.061938 -0.454855 -0.626289
v -0.122512 -0.481104 -0.591158
v 0.345159 -0.552310 -0.414492
v 0.291071 -0.534073 -0.456762
v 0.406258 -0.526681 -0.451537
v 0.061262 -0.556066 -0.474466
v 0.176852 -0.544741 -0.465165
v 0.116821 -0.570237 -0.427946
v 0.297349 -0.490416 -0.536644
v 0.237740 -0.519191 -0.502710
v 0.180949 -0.498225 -0.542723
v -0.443952 -0.575548 -0.493432
v -0.318844 -0.585032 -0.500344
v -0.382719 -0.612412 -0.459597
v -0.188927 -0.520189 -0.566649
v -0.255090 -0.557083 -0.539399
v -0.317265 -0.523262 -0.572586
v -0.122682 -0.598845 -0.449415
v -0.189081 -0.582409 -0.497330
v -0.062914 -0.571060 -0.487260
v 0.060569 -0.499976 -0.545060
v 0.000000 -0.533441 -0.514943
v -0.061742 -0.509655 -0.555612
v 0.000000 -0.692461 -0.113287
v -0.127703 -0.679783 -0.228149
v -0.063960 -0.685427 -0.170370
v 0.064220 -0.688205 -0.171060
v 0.125805 -0.669679 -0.224758
v -0.322855 -0.638848 -0.405731
v -0.063055 -0.610057 -0.388672
v -0.187858 -0.622960 -0.396471
v -0.257655 -0.653932 -0.345882
v -0.193293 -0.664744 -0.286872
v 0.295098 -0.583924 -0.370849
v 0.189086 -0.650278 -0.280629
v 0.243977 -0.619218 -0.327521
v 0.177899 -0.589935 -0.375453
v 0.061593 -0.595915 -0.379662
v -0.063509 -0.653886 -0.281758
v 0.000000 -0.625469 -0.332428
v 0.063095 -0.649627 -0.279923
v 0.821349 -0.555941 -0.086918
v 0.852188 -0.551135 -0.033200
v 0.761514 -0.566368 -0.196481
v 0.789547 -0.559862 -0.141178
v 0.979264 -0.501849 -0.099129
v 0.884830 -0.530770 -0.120239
v 0.950443 -0.507158 -0.153947
v 0.575971 -0.534188 -0.400892
v 0.633938 -0.553177 -0.357294
v 0.857391 -0.516196 -0.328592
v 0.746718 -0.535812 -0.343841
v 0.797219 -0.499777 -0.375067
v 0.675798 -0.557330 -0.303482
v 0.717338 -0.561337 -0.250950
v 1.206993 -0.384854 -0.230575
v 1.124343 -0.418588 -0.256108
v 1.181397 -0.387625 -0.290901
v 1.022214 -0.483387 -0.190853
v 1.079654 -0.453973 -0.224475
v 1.089634 -0.443453 -0.163620
v 1.019829 -0.458718 -0.344254
v 1.049605 -0.456270 -0.283755
v 0.965479 -0.490845 -0.309192
v 0.821027 -0.537439 -0.231534
v 0.891837 -0.514307 -0.269920
v 0.924918 -0.512407 -0.211859
v 0.101437 -0.352714 -0.727377
v 0.164022 -0.383858 -0.698597
v 0.374286 -0.359264 -0.718439
v 0.270089 -0.374086 -0.713228
v 0.308382 -0.327020 -0.747032
v 0.226351 -0.412526 -0.665353
v 0.292313 -0.446948 -0.641253
v 0.747776 -0.266071 -0.663508
v 0.653635 -0.287217 -0.673879
v 0.674007 -0.235646 -0.691422
v 0.589650 -0.381039 -0.616823
v 0.626310 -0.336854 -0.649909
v 0.692039 -0.364294 -0.614052
v 0.498702 -0.283116 -0.725275
v 0.562483 -0.310204 -0.687855
v 0.477348 -0.337929 -0.711016
v 0.452358 -0.491826 -0.492328
v 0.507921 -0.510858 -0.450683
v 0.354757 -0.470573 -0.598320
v 0.401479 -0.478226 -0.540671
v 0.616333 -0.452186 -0.546878
v 0.507948 -0.465324 -0.543883
v 0.552891 -0.427571 -0.584472
v 0.435581 -0.382530 -0.673275
v 0.495878 -0.405768 -0.629172
v 0.402645 -0.435342 -0.648481
v 1.322188 -0.045665 -0.426938
v 1.263326 -0.073459 -0.462240
v 1.275005 -0.028566 -0.488251
v 1.279751 -0.165118 -0.426146
v 1.272399 -0.119332 -0.444400
v 1.331810 -0.136159 -0.388227
v 1.148317 -0.084359 -0.554935
v 1.207260 -0.101715 -0.498435
v 1.165181 -0.131543 -0.540791
v 1.229442 -0.343152 -0.328298
v 1.266543 -0.304247 -0.359464
v 1.279444 -0.308884 -0.290366
v 1.196122 -0.283181 -0.492032
v 1.236625 -0.295140 -0.426811
v 1.181744 -0.329839 -0.466851
v 1.358226 -0.231294 -0.353055
v 1.291474 -0.261548 -0.387833
v 1.289470 -0.214398 -0.408099
v 0.864597 -0.192653 -0.671547
v 0.944603 -0.214947 -0.628369
v 0.861538 -0.240466 -0.650297
v 1.095775 -0.160906 -0.573882
v 1.019292 -0.187449 -0.600353
v 1.000710 -0.137323 -0.608968
v 1.037972 -0.289711 -0.571506
v 1.025678 -0.237235 -0.584344
v 1.116991 -0.261685 -0.544129
v 1.227803 -0.196725 -0.464526
v 1.179785 -0.230283 -0.506664
v 1.165835 -0.179273 -0.521169
v 0.619105 -0.496065 -0.439911
v 0.728564 -0.432663 -0.533073
v 0.682158 -0.471156 -0.492692
v 0.741108 -0.485940 -0.433856
v 0.860769 -0.471203 -0.424203
v 0.835160 -0.291087 -0.627121
v 1.020656 -0.345473 -0.551634
v 0.923648 -0.316716 -0.588172
v 0.802243 -0.339387 -0.598345
v 0.772871 -0.388395 -0.571676
v 1.157996 -0.381926 -0.357921
v 0.967130 -0.443166 -0.403326
v 1.078048 -0.419270 -0.386555
v 1.117224 -0.370978 -0.421980
v 1.084687 -0.363175 -0.490723
v 0.849118 -0.412767 -0.523202
v 0.971811 -0.390602 -0.510535
v 0.916053 -0.431847 -0.466699
v 0.905444 -0.520629 0.000000
v 1.025226 -0.468522 -0.064657
v 0.969890 -0.496673 -0.032709
v 0.971013 -0.497248 0.032746
v 1.033957 -0.472512 0.065207
v 1.278715 -0.356905 -0.197908
v 1.224849 -0.389598 -0.165324
v 1.219598 -0.387027 -0.033276
v 1.215128 -0.385909 -0.097700
v 1.264310 -0.352884 -0.064147
v 1.144958 -0.412311 -0.129843
v 1.085897 -0.439934 -0.097673
v 1.192225 -0.379221 0.160920
v 1.264234 -0.352863 0.195667
v 1.101283 -0.446167 0.099057
v 1.140795 -0.410812 0.129371
v 1.236906 -0.345236 0.062756
v 1.184070 -0.376045 0.095203
v 1.205289 -0.382486 0.032886
v 1.082976 -0.439096 -0.032492
v 1.155324 -0.414783 0.000000
v 1.104246 -0.447720 0.033130
v 1.347294 0.000000 -0.388768
v 1.352324 -0.045016 -0.369886
v 1.409866 -0.044441 -0.258844
v 1.380332 -0.044619 -0.313419
v 1.387941 0.000000 -0.274375
v 1.358395 -0.090124 -0.350836
v 1.371153 -0.135681 -0.333307
v 1.450233 -0.043847 -0.032906
v 1.448254 -0.043999 -0.088407
v 1.468707 0.000000 -0.055822
v 1.425858 -0.132874 -0.156012
v 1.434205 -0.088124 -0.121697
v 1.410090 -0.130052 -0.097600
v 1.443186 0.000000 -0.166693
v 1.442254 -0.044201 -0.144725
v 1.429861 -0.044468 -0.200625
v 1.329573 -0.266427 -0.257921
v 1.304039 -0.306992 -0.230388
v 1.384240 -0.184134 -0.313703
v 1.368560 -0.227432 -0.288362
v 1.380644 -0.219697 -0.164876
v 1.369367 -0.222516 -0.224352
v 1.397171 -0.178061 -0.190273
v 1.428035 -0.090203 -0.239548
v 1.428137 -0.135964 -0.216891
v 1.420542 -0.137937 -0.279126
v 1.356452 -0.045154 0.371016
v 1.325366 0.000000 0.382440
v 1.354581 -0.134041 0.329279
v 1.353732 -0.089815 0.349631
v 1.395529 0.000000 0.275875
v 1.369708 -0.044276 0.311006
v 1.399905 -0.044127 0.257015
v 1.288782 -0.303401 0.227693
v 1.299203 -0.260341 0.252030
v 1.386652 -0.176721 0.188840
v 1.371321 -0.222834 0.224673
v 1.396655 -0.222245 0.166788
v 1.334968 -0.221849 0.281284
v 1.364326 -0.181485 0.309190
v 1.456126 0.000000 0.055343
v 1.423051 -0.043233 0.086868
v 1.439134 -0.043511 0.032654
v 1.402111 -0.043605 0.196731
v 1.403089 -0.043000 0.140795
v 1.419963 0.000000 0.164011
v 1.414586 -0.130467 0.097912
v 1.403178 -0.086218 0.119064
v 1.401111 -0.130567 0.153304
v 1.364365 -0.132482 0.268088
v 1.395775 -0.132883 0.211976
v 1.386109 -0.087555 0.232515
v 1.332453 -0.314729 -0.166769
v 1.400959 -0.224856 -0.100888
v 1.357008 -0.266946 -0.132416
v 1.328442 -0.314441 -0.099212
v 1.329197 -0.314955 -0.034025
v 1.432276 -0.087148 0.000000
v 1.393807 -0.173979 0.064846
v 1.412301 -0.130558 0.032639
v 1.416274 -0.130926 -0.032730
v 1.412349 -0.176293 -0.065709
v 1.303896 -0.307984 0.163195
v 1.320962 -0.313003 0.033814
v 1.311237 -0.310369 0.097928
v 1.346178 -0.264816 0.131359
v 1.369714 -0.219841 0.098638
v 1.389602 -0.222695 -0.033425
v 1.366657 -0.219018 0.032873
v 1.368843 -0.270577 0.000000
v 0.103688 -0.316864 0.771423
v 0.317086 -0.289700 0.793594
v 0.208644 -0.302073 0.778830
v 0.103717 -0.270954 0.794625
v 0.102540 -0.222123 0.805640
v 0.716903 -0.200096 0.754184
v 0.631425 -0.227340 0.780386
v 0.428258 -0.170200 0.832222
v 0.536253 -0.201087 0.817300
v 0.527999 -0.147371 0.821759
v 0.534685 -0.252134 0.796829
v 0.431307 -0.273286 0.803004
v 0.105258 -0.078659 0.858054
v 0.105260 -0.029379 0.862212
v 0.101165 -0.169749 0.805609
v 0.103498 -0.126035 0.836370
v 0.308303 -0.086051 0.827867
v 0.208879 -0.107282 0.841910
v 0.311088 -0.135847 0.826751
v 0.317961 -0.239298 0.810961
v 0.316888 -0.188005 0.824339
v 0.206306 -0.203763 0.808873
v 1.251434 0.000000 0.539007
v 1.156743 0.059370 0.626874
v 1.204885 0.029511 0.582709
v 1.209698 -0.029629 0.585037
v 1.170490 -0.060075 0.634324
v 0.775805 0.159996 0.688378
v 0.868403 0.137052 0.676146
v 0.941854 0.030118 0.735043
v 0.903802 0.085100 0.704798
v 0.827921 0.055973 0.734622
v 0.969754 0.113579 0.666929
v 1.067305 0.088129 0.652444
v 0.932263 -0.147130 0.725868
v 0.834306 -0.172061 0.740288
v 1.104791 -0.091225 0.675359
v 1.021866 -0.119683 0.702768
v 0.866872 -0.058606 0.769184
v 0.954194 -0.089845 0.744094
v 0.951646 -0.030431 0.742685
v 1.094179 0.030113 0.668346
v 1.026458 0.000000 0.708072
v 1.100454 -0.030286 0.672179
v 0.100778 0.307973 0.749779
v 0.099611 0.215778 0.782627
v 0.099915 0.261021 0.765495
v 0.201088 0.291134 0.750626
v 0.297800 0.272080 0.745325
v 0.105457 0.029434 0.863830
v 0.105093 0.078535 0.856703
v 0.303070 0.132345 0.805442
v 0.207577 0.106613 0.836662
v 0.310245 0.086593 0.833080
v 0.101802 0.123970 0.822667
v 0.100920 0.169338 0.803659
v 0.577750 0.208015 0.714048
v 0.671518 0.187429 0.706439
v 0.396543 0.251258 0.738281
v 0.489267 0.230716 0.729142
v 0.495026 0.138168 0.770441
v 0.486561 0.182454 0.741566
v 0.395488 0.157176 0.768541
v 0.199254 0.196798 0.781224
v 0.301118 0.178649 0.783316
v 0.301732 0.227084 0.769570
v 0.745940 -0.147003 0.782117
v 0.745479 -0.029952 0.779167
v 0.750871 -0.088113 0.785638
v 0.644051 -0.118818 0.810835
v 0.533067 -0.088953 0.822538
v 0.686193 0.135229 0.719473
v 0.511477 0.085351 0.789224
v 0.606815 0.111949 0.763956
v 0.708632 0.083156 0.741443
v 0.732943 0.029448 0.766064
v 0.210181 0.000000 0.855492
v 0.417007 -0.057807 0.827376
v 0.313491 -0.029147 0.839849
v 0.317336 0.029505 0.850152
v 0.411912 0.057100 0.817267
v 0.631269 0.000000 0.790918
v 0.517737 0.028901 0.800097
v 0.525341 -0.029326 0.811849
v -0.866814 -0.586715 0.091730
v -0.789181 -0.586945 0.203620
v -0.833242 -0.590846 0.148991
v -0.941363 -0.564682 0.127921
v -1.018166 -0.543295 0.164916
v -0.582776 -0.540500 0.405629
v -0.627891 -0.547900 0.353886
v -0.852110 -0.513017 0.326568
v -0.743922 -0.533806 0.342553
v -0.797725 -0.500094 0.375305
v -0.685509 -0.565338 0.307842
v -0.739889 -0.578984 0.258839
v -1.167534 -0.434668 0.265946
v -1.198857 -0.393354 0.295201
v -1.069049 -0.505534 0.199597
v -1.112156 -0.467640 0.231233
v -0.996927 -0.448417 0.336524
v -1.037397 -0.450963 0.280455
v -0.944276 -0.480066 0.302402
v -0.843429 -0.552103 0.237851
v -0.895277 -0.516290 0.270961
v -0.960121 -0.531910 0.219923
v -0.167504 -0.392007 0.713428
v -0.380033 -0.364780 0.729469
v -0.275802 -0.381998 0.728313
v -0.235749 -0.429655 0.692980
v -0.295953 -0.452513 0.649237
v -0.736734 -0.262143 0.653710
v -0.660638 -0.290294 0.681099
v -0.595070 -0.384541 0.622492
v -0.632209 -0.340027 0.656031
v -0.682343 -0.359191 0.605449
v -0.574505 -0.316834 0.702557
v -0.481878 -0.341136 0.717764
v -0.450141 -0.489416 0.489915
v -0.506637 -0.509566 0.449543
v -0.354481 -0.470207 0.597855
v -0.401039 -0.477702 0.540079
v -0.610921 -0.448215 0.542075
v -0.511073 -0.468187 0.547229
v -0.558179 -0.431661 0.590063
v -0.448709 -0.394059 0.693566
v -0.505415 -0.413572 0.641273
v -0.404908 -0.437790 0.652127
v -1.273080 -0.074026 0.465809
v -1.252767 -0.161636 0.417160
v -1.270309 -0.119136 0.443670
v -1.203564 -0.101403 0.496909
v -1.132639 -0.127869 0.525687
v -1.248484 -0.348467 0.333383
v -1.268902 -0.304814 0.360134
v -1.149305 -0.272096 0.472773
v -1.221185 -0.291455 0.421482
v -1.139116 -0.317941 0.450011
v -1.265677 -0.256324 0.380086
v -1.252143 -0.208192 0.396285
v -0.920749 -0.209519 0.612501
v -0.838853 -0.234134 0.633173
v -1.046601 -0.153685 0.548128
v -0.982601 -0.180701 0.578742
v -0.986086 -0.275229 0.542937
v -0.988775 -0.228699 0.563320
v -1.064731 -0.249442 0.518671
v -1.181483 -0.189303 0.447002
v -1.130998 -0.220760 0.485712
v -1.110647 -0.170787 0.496498
v -0.627946 -0.503149 0.446193
v -0.713136 -0.423501 0.521785
v -0.680081 -0.469721 0.491192
v -0.750810 -0.492302 0.439535
v -0.841921 -0.460885 0.414914
v -0.798165 -0.278193 0.599342
v -0.966155 -0.327025 0.522178
v -0.895817 -0.307173 0.570449
v -0.783510 -0.331462 0.584373
v -0.747410 -0.375600 0.552843
v -1.146322 -0.378075 0.354312
v -0.948650 -0.434699 0.395620
v -1.049569 -0.408195 0.376344
v -1.098888 -0.364890 0.415055
v -1.030759 -0.345118 0.466325
v -0.814126 -0.395757 0.501641
v -0.925324 -0.371917 0.486114
v -0.881550 -0.415582 0.449121
v -0.160286 -0.375116 -0.682686
v -0.292139 -0.446682 -0.640870
v -0.222921 -0.406276 -0.655273
v -0.259412 -0.359298 -0.685033
v -0.358193 -0.343817 -0.687548
v -0.556551 -0.559769 -0.493833
v -0.486728 -0.529196 -0.529735
v -0.565851 -0.437594 -0.598173
v -0.534838 -0.489957 -0.572675
v -0.634835 -0.465760 -0.563295
v -0.428169 -0.510018 -0.576614
v -0.364449 -0.483429 -0.614667
v -0.634958 -0.279010 -0.654624
v -0.721946 -0.256881 -0.640589
v -0.457350 -0.323771 -0.681228
v -0.544558 -0.300319 -0.665935
v -0.677435 -0.356607 -0.601094
v -0.612359 -0.329351 -0.635433
v -0.587365 -0.379562 -0.614432
v -0.400210 -0.432709 -0.644559
v -0.501146 -0.410079 -0.635856
v -0.426444 -0.374505 -0.659150
v -0.832597 -0.563555 -0.088109
v -0.959611 -0.512050 -0.155432
v -0.897700 -0.538490 -0.121988
v -0.802070 -0.568742 -0.143417
v -0.768614 -0.571649 -0.198313
v -1.228460 -0.403067 -0.302490
v -1.182087 -0.440086 -0.269261
v -0.969809 -0.493046 -0.310578
v -1.074907 -0.467269 -0.290595
v -1.027128 -0.462002 -0.346718
v -1.119567 -0.470756 -0.232774
v -1.047446 -0.495318 -0.195564
v -0.646394 -0.564047 -0.364315
v -0.616463 -0.571742 -0.429075
v -0.717307 -0.561313 -0.250940
v -0.685473 -0.565309 -0.307827
v -0.817304 -0.512368 -0.384517
v -0.752313 -0.539827 -0.346417
v -0.858449 -0.516834 -0.328998
v -0.943292 -0.522586 -0.216068
v -0.898762 -0.518300 -0.272016
v -0.825741 -0.540525 -0.232863
v -1.247638 -0.072547 -0.456500
v -1.143625 -0.129109 -0.530787
v -1.202916 -0.101349 -0.496641
v -1.279829 -0.120028 -0.446995
v -1.302033 -0.167993 -0.433565
v -0.857135 -0.239237 -0.646973
v -0.966605 -0.219953 -0.643005
v -1.103682 -0.258567 -0.537646
v -1.039138 -0.240348 -0.592013
v -1.014376 -0.283125 -0.558513
v -1.038762 -0.191029 -0.611820
v -1.103746 -0.162076 -0.578056
v -1.301718 -0.312697 -0.369447
v -1.278256 -0.356777 -0.341333
v -1.316271 -0.218854 -0.416581
v -1.317982 -0.266917 -0.395793
v -1.158701 -0.323408 -0.457748
v -1.260174 -0.300760 -0.434939
v -1.178432 -0.278992 -0.484754
v -1.190290 -0.183034 -0.532101
v -1.198254 -0.233888 -0.514596
v -1.272630 -0.203907 -0.481487
v -0.667104 -0.534524 -0.474017
v -0.876224 -0.479664 -0.431820
v -0.776122 -0.508899 -0.454354
v -0.716137 -0.494625 -0.517234
v -0.745860 -0.442935 -0.545728
v -1.185161 -0.390885 -0.366317
v -1.073035 -0.359273 -0.485452
v -1.132055 -0.375903 -0.427582
v -1.079245 -0.419736 -0.386985
v -0.987508 -0.452504 -0.411824
v -0.823072 -0.286874 -0.618044
v -0.762113 -0.382989 -0.563718
v -0.790600 -0.334462 -0.589661
v -0.901295 -0.309051 -0.573937
v -0.986830 -0.334024 -0.533352
v -0.918042 -0.432785 -0.467712
v -0.958845 -0.385390 -0.503724
v -0.849671 -0.413036 -0.523543
v 1.240402 0.000000 -0.534255
v 1.098704 -0.056391 -0.595421
v 1.172697 -0.028723 -0.567142
v 1.180709 0.028919 -0.571017
v 1.085747 0.055726 -0.588400
v 0.788849 -0.162686 -0.699953
v 0.891653 -0.140721 -0.694249
v 0.906680 -0.028993 -0.707592
v 0.901916 -0.084922 -0.703327
v 0.820681 -0.055483 -0.728197
v 0.964793 -0.112998 -0.663517
v 1.021018 -0.084307 -0.624149
v 0.827115 0.130536 -0.643999
v 0.748453 0.154355 -0.664109
v 0.994691 0.082134 -0.608055
v 0.916325 0.107322 -0.630184
v 0.796123 0.053823 -0.706407
v 0.853573 0.080370 -0.665628
v 0.885346 0.028311 -0.690943
v 1.045067 -0.028761 -0.638348
v 0.960769 0.000000 -0.662758
v 1.014701 0.027926 -0.619799
v 0.100305 -0.306527 -0.746258
v 0.102141 -0.221257 -0.802502
v 0.102028 -0.266542 -0.781688
v 0.203364 -0.294430 -0.759123
v 0.308722 -0.282059 -0.772661
v 0.100300 -0.027995 -0.821586
v 0.102389 -0.076515 -0.834666
v 0.308505 -0.134718 -0.819885
v 0.205675 -0.105636 -0.828998
v 0.308163 -0.086012 -0.827490
v 0.104240 -0.126939 -0.842367
v 0.102857 -0.172589 -0.819087
v 0.594785 -0.214148 -0.735102
v 0.683681 -0.190824 -0.719233
v 0.418825 -0.265377 -0.779767
v 0.507602 -0.239362 -0.756467
v 0.509304 -0.142153 -0.792663
v 0.510115 -0.191286 -0.777463
v 0.415604 -0.165171 -0.807631
v 0.207952 -0.205389 -0.815327
v 0.316321 -0.187669 -0.822864
v 0.313091 -0.235633 -0.798542
v 0.106068 0.324138 -0.789135
v 0.312060 0.285108 -0.781015
v 0.212501 0.307658 -0.793229
v 0.104757 0.273670 -0.802592
v 0.105179 0.227839 -0.826372
v 0.648884 0.181111 -0.682627
v 0.562758 0.202617 -0.695520
v 0.401553 0.159587 -0.780327
v 0.481291 0.180477 -0.733533
v 0.487675 0.136116 -0.759001
v 0.482222 0.227394 -0.718643
v 0.399575 0.253179 -0.743926
v 0.102099 0.076298 -0.832299
v 0.100695 0.028105 -0.824819
v 0.105539 0.177089 -0.840445
v 0.103280 0.125770 -0.834609
v 0.295171 0.082386 -0.792604
v 0.200163 0.102805 -0.806779
v 0.302129 0.131934 -0.802940
v 0.302996 0.228035 -0.772794
v 0.302780 0.179635 -0.787639
v 0.205338 0.202807 -0.805078
v 0.712122 -0.140339 -0.746659
v 0.509013 -0.084939 -0.785422
v 0.611110 -0.112741 -0.769364
v 0.720064 -0.084497 -0.753404
v 0.719982 -0.028928 -0.752518
v 0.199085 0.000000 -0.810332
v 0.390706 0.054161 -0.775194
v 0.296180 0.027538 -0.793474
v 0.303477 -0.028216 -0.813021
v 0.404349 -0.056052 -0.802263
v 0.669403 0.131920 -0.701869
v 0.705510 0.028346 -0.737392
v 0.682140 0.080047 -0.713725
v 0.589925 0.108833 -0.742693
v 0.494766 0.082562 -0.763439
v 0.503519 -0.028108 -0.778125
v 0.492197 0.027476 -0.760628
v 0.608159 0.000000 -0.761963
v 1.337235 0.044514 0.365759
v 1.412346 0.044519 0.259299
v 1.361291 0.044004 0.309095
v 1.358890 0.090157 0.350964
v 1.364210 0.134994 0.331620
v 1.483072 0.044840 0.033651
v 1.471041 0.044691 0.089798
v 1.482657 0.138167 0.162227
v 1.473259 0.090524 0.125011
v 1.462782 0.134912 0.101248
v 1.454462 0.044575 0.145950
v 1.440669 0.044805 0.202141
v 1.318432 0.264194 0.255760
v 1.310591 0.308535 0.231546
v 1.351668 0.179801 0.306321
v 1.329703 0.220974 0.280175
v 1.435831 0.228478 0.171466
v 1.387193 0.225413 0.227273
v 1.461293 0.186233 0.199005
v 1.441045 0.091025 0.241730
v 1.451470 0.138185 0.220435
v 1.404972 0.136425 0.276067
v 1.367432 0.045519 -0.374019
v 1.383945 0.136947 -0.336417
v 1.386226 0.091971 -0.358024
v 1.377606 0.044531 -0.312800
v 1.378423 0.043450 -0.253071
v 1.314617 0.309483 -0.232257
v 1.345449 0.269608 -0.261001
v 1.448461 0.184598 -0.197258
v 1.401328 0.227710 -0.229589
v 1.443976 0.229775 -0.172439
v 1.359217 0.225879 -0.286393
v 1.374970 0.182901 -0.311602
v 1.489905 0.045264 -0.090949
v 1.487579 0.044976 -0.033753
v 1.426827 0.044374 -0.200199
v 1.463300 0.044846 -0.146837
v 1.490455 0.137464 -0.103163
v 1.482806 0.091110 -0.125821
v 1.462656 0.136303 -0.160038
v 1.407037 0.136626 -0.276473
v 1.413902 0.134609 -0.214729
v 1.391412 0.087890 -0.233404
v 0.912900 0.524917 0.000000
v 1.064979 0.486689 0.067164
v 0.986683 0.505272 0.033275
v 0.993264 0.508642 -0.033497
v 1.072420 0.490089 -0.067633
v 1.265922 0.353334 0.195928
v 1.246462 0.396473 0.168241
v 1.241119 0.393856 0.033863
v 1.250183 0.397042 0.100519
v 1.290057 0.360071 0.065453
v 1.213607 0.437032 0.137628
v 1.134543 0.459642 0.102049
v 1.208095 0.384269 -0.163062
v 1.258895 0.351373 -0.194840
v 1.124946 0.455754 -0.101185
v 1.169906 0.421296 -0.132672
v 1.266993 0.353633 -0.064283
v 1.212073 0.384938 -0.097454
v 1.229813 0.390269 -0.033555
v 1.145579 0.464478 0.034370
v 1.198478 0.430276 0.000000
v 1.127040 0.456962 -0.033814
v 1.467814 0.089310 0.000000
v 1.488469 0.185795 -0.069251
v 1.491286 0.137860 -0.034464
v 1.469841 0.135877 0.033968
v 1.471617 0.183691 0.068466
v 1.338274 0.316104 -0.167498
v 1.357366 0.321629 -0.034746
v 1.345810 0.318552 -0.100510
v 1.420821 0.279499 -0.138643
v 1.454308 0.233419 -0.104730
v 1.346593 0.318069 0.168539
v 1.458058 0.234021 0.105000
v 1.410126 0.277395 0.137600
v 1.361001 0.322148 0.101644
v 1.353827 0.320791 0.034655
v 1.443387 0.231315 -0.034719
v 1.416046 0.279907 0.000000
v 1.460915 0.234123 0.035141
f 1 643 645
f 163 644 643
f 165 645 644
f 643 644 645
f 43 646 648
f 164 647 646
f 163 648 647
f 646 647 648
f 45 649 651
f 165 650 649
f 164 651 650
f 649 650 651
f 163 647 644
f 164 650 647
f 165 644 650
f 647 650 644
f 13 652 654
f 166 653 652
f 168 654 653
f 652 653 654
f 44 655 657
f 167 656 655
f 166 657 656
f 655 656 657
f 43 658 660
f 168 659 658
f 167 660 659
f 658 659 660
f 166 656 653
f 167 659 656
f 168 653 659
f 656 659 653
f 15 661 663
f 169 662 661
f 171 663 662
f 661 662 663
f 45 664 666
f 170 665 664
f 169 666 665
f 664 665 666
f 44 667 669
f 171 668 667
f 170 669 668
f 667 668 669
f 169 665 662
f 170 668 665
f 171 662 668
f 665 668 662
f 43 660 646
f 167 670 660
f 164 646 670
f 660 670 646
f 44 669 655
f 170 671 669
f 167 655 671
f 669 671 655
f 45 651 664
f 164 672 651
f 170 664 672
f 651 672 664
f 167 671 670
f 170 672 671
f 164 670 672
f 671 672 670
f 12 673 675
f 172 674 673
f 174 675 674
f 673 674 675
f 46 676 678
f 173 677 676
f 172 678 677
f 676 677 678
f 48 679 681
f 174 680 679
f 173 681 680
f 679 680 681
f 172 677 674
f 173 680 677
f 174 674 680
f 677 680 674
f 14 682 684
f 175 683 682
f 177 684 683
f 682 683 684
f 47 685 687
f 176 686 685
f 175 687 686
f 685 686 687
f 46 688 690
f 177 689 688
f 176 690 689
f 688 689 690
f 175 686 683
f 176 689 686
f 177 683 689
f 686 689 683
f 13 691 693
f 178 692 691
f 180 693 692
f 691 692 693
f 48 694 696
f 179 695 694
f 178 696 695
f 694 695 696
f 47 697 699
f 180 698 697
f 179 699 698
f 697 698 699
f 178 695 692
f 179 698 695
f 180 692 698
f 695 698 692
f 46 690 676
f 176 700 690
f 173 676 700
f 690 700 676
f 47 699 685
f 179 701 699
f 176 685 701
f 699 701 685
f 48 681 694
f 173 702 681
f 179 694 702
f 681 702 694
f 176 701 700
f 179 702 701
f 173 700 702
f 701 702 700
f 6 703 705
f 181 704 703
f 183 705 704
f 703 704 705
f 49 706 708
f 182 707 706
f 181 708 707
f 706 707 708
f 51 709 711
f 183 710 709
f 182 711 710
f 709 710 711
f 181 707 704
f 182 710 707
f 183 704 710
f 707 710 704
f 15 712 714
f 184 713 712
f 186 714 713
f 712 713 714
f 50 715 717
f 185 716 715
f 184 717 716
f 715 716 717
f 49 718 720
f 186 719 718
f 185 720 719
f 718 719 720
f 184 716 713
f 185 719 716
f 186 713 719
f 716 719 713
f 14 721 723
f 187 722 721
f 189 723 722
f 721 722 723
f 51 724 726
f 188 725 724
f 187 726 725
f 724 725 726
f 50 727 729
f 189 728 727
f 188 729 728
f 727 728 729
f 187 725 722
f 188 728 725
f 189 722 728
f 725 728 722
f 49 720 706
f 185 730 720
f 182 706 730
f 720 730 706
f 50 729 715
f 188 731 729
f 185 715 731
f 729 731 715
f 51 711 724
f 182 732 711
f 188 724 732
f 711 732 724
f 185 731 730
f 188 732 731
f 182 730 732
f 731 732 730
f 13 693 652
f 180 733 693
f 166 652 733
f 693 733 652
f 47 734 697
f 190 735 734
f 180 697 735
f 734 735 697
f 44 657 737
f 166 736 657
f 190 737 736
f 657 736 737
f 180 735 733
f 190 736 735
f 166 733 736
f 735 736 733
f 14 723 682
f 189 738 723
f 175 682 738
f 723 738 682
f 50 739 727
f 191 740 739
f 189 727 740
f 739 740 727
f 47 687 742
f 175 741 687
f 191 742 741
f 687 741 742
f 189 740 738
f 191 741 740
f 175 738 741
f 740 741 738
f 15 663 712
f 171 743 663
f 184 712 743
f 663 743 712
f 44 744 667
f 192 745 744
f 171 667 745
f 744 745 667
f 50 717 747
f 184 746 717
f 192 747 746
f 717 746 747
f 171 745 743
f 192 746 745
f 184 743 746
f 745 746 743
f 47 742 734
f 191 748 742
f 190 734 748
f 742 748 734
f 50 747 739
f 192 749 747
f 191 739 749
f 747 749 739
f 44 737 744
f 190 750 737
f 192 744 750
f 737 750 744
f 191 749 748
f 192 750 749
f 190 748 750
f 749 750 748
f 1 645 752
f 165 751 645
f 194 752 751
f 645 751 752
f 45 753 649
f 193 754 753
f 165 649 754
f 753 754 649
f 53 755 757
f 194 756 755
f 193 757 756
f 755 756 757
f 165 754 751
f 193 756 754
f 194 751 756
f 754 756 751
f 15 758 661
f 195 759 758
f 169 661 759
f 758 759 661
f 52 760 762
f 196 761 760
f 195 762 761
f 760 761 762
f 45 666 764
f 169 763 666
f 196 764 763
f 666 763 764
f 195 761 759
f 196 763 761
f 169 759 763
f 761 763 759
f 17 765 767
f 197 766 765
f 199 767 766
f 765 766 767
f 53 768 770
f 198 769 768
f 197 770 769
f 768 769 770
f 52 771 773
f 199 772 771
f 198 773 772
f 771 772 773
f 197 769 766
f 198 772 769
f 199 766 772
f 769 772 766
f 45 764 753
f 196 774 764
f 193 753 774
f 764 774 753
f 52 773 760
f 198 775 773
f 196 760 775
f 773 775 760
f 53 757 768
f 193 776 757
f 198 768 776
f 757 776 768
f 196 775 774
f 198 776 775
f 193 774 776
f 775 776 774
f 6 777 703
f 200 778 777
f 181 703 778
f 777 778 703
f 54 779 781
f 201 780 779
f 200 781 780
f 779 780 781
f 49 708 783
f 181 782 708
f 201 783 782
f 708 782 783
f 200 780 778
f 201 782 780
f 181 778 782
f 780 782 778
f 16 784 786
f 202 785 784
f 204 786 785
f 784 785 786
f 55 787 789
f 203 788 787
f 202 789 788
f 787 788 789
f 54 790 792
f 204 791 790
f 203 792 791
f 790 791 792
f 202 788 785
f 203 791 788
f 204 785 791
f 788 791 785
f 15 714 794
f 186 793 714
f 206 794 793
f 714 793 794
f 49 795 718
f 205 796 795
f 186 718 796
f 795 796 718
f 55 797 799
f 206 798 797
f 205 799 798
f 797 798 799
f 186 796 793
f 205 798 796
f 206 793 798
f 796 798 793
f 54 792 779
f 203 800 792
f 201 779 800
f 792 800 779
f 55 799 787
f 205 801 799
f 203 787 801
f 799 801 787
f 49 783 795
f 201 802 783
f 205 795 802
f 783 802 795
f 203 801 800
f 205 802 801
f 201 800 802
f 801 802 800
f 2 803 805
f 207 804 803
f 209 805 804
f 803 804 805
f 56 806 808
f 208 807 806
f 207 808 807
f 806 807 808
f 58 809 811
f 209 810 809
f 208 811 810
f 809 810 811
f 207 807 804
f 208 810 807
f 209 804 810
f 807 810 804
f 17 812 814
f 210 813 812
f 212 814 813
f 812 813 814
f 57 815 817
f 211 816 815
f 210 817 816
f 815 816 817
f 56 818 820
f 212 819 818
f 211 820 819
f 818 819 820
f 210 816 813
f 211 819 816
f 212 813 819
f 816 819 813
f 16 821 823
f 213 822 821
f 215 823 822
f 821 822 823
f 58 824 826
f 214 825 824
f 213 826 825
f 824 825 826
f 57 827 829
f 215 828 827
f 214 829 828
f 827 828 829
f 213 825 822
f 214 828 825
f 215 822 828
f 825 828 822
f 56 820 806
f 211 830 820
f 208 806 830
f 820 830 806
f 57 829 815
f 214 831 829
f 211 815 831
f 829 831 815
f 58 811 824
f 208 832 811
f 214 824 832
f 811 832 824
f 211 831 830
f 214 832 831
f 208 830 832
f 831 832 830
f 15 794 758
f 206 833 794
f 195 758 833
f 794 833 758
f 55 834 797
f 216 835 834
f 206 797 835
f 834 835 797
f 52 762 837
f 195 836 762
f 216 837 836
f 762 836 837
f 206 835 833
f 216 836 835
f 195 833 836
f 835 836 833
f 16 823 784
f 215 838 823
f 202 784 838
f 823 838 784
f 57 839 827
f 217 840 839
f 215 827 840
f 839 840 827
f 55 789 842
f 202 841 789
f 217 842 841
f 789 841 842
f 215 840 838
f 217 841 840
f 202 838 841
f 840 841 838
f 17 767 812
f 199 843 767
f 210 812 843
f 767 843 812
f 52 844 771
f 218 845 844
f 199 771 845
f 844 845 771
f 57 817 847
f 210 846 817
f 218 847 846
f 817 846 847
f 199 845 843
f 218 846 845
f 210 843 846
f 845 846 843
f 55 842 834
f 217 848 842
f 216 834 848
f 842 848 834
f 57 847 839
f 218 849 847
f 217 839 849
f 847 849 839
f 52 837 844
f 216 850 837
f 218 844 850
f 837 850 844
f 217 849 848
f 218 850 849
f 216 848 850
f 849 850 848
f 1 752 852
f 194 851 752
f 220 852 851
f 752 851 852
f 53 853 755
f 219 854 853
f 194 755 854
f 853 854 755
f 60 855 857
f 220 856 855
f 219 857 856
f 855 856 857
f 194 854 851
f 219 856 854
f 220 851 856
f 854 856 851
f 17 858 765
f 221 859 858
f 197 765 859
f 858 859 765
f 59 860 862
f 222 861 860
f 221 862 861
f 860 861 862
f 53 770 864
f 197 863 770
f 222 864 863
f 770 863 864
f 221 861 859
f 222 863 861
f 197 859 863
f 861 863 859
f 19 865 867
f 223 866 865
f 225 867 866
f 865 866 867
f 60 868 870
f 224 869 868
f 223 870 869
f 868 869 870
f 59 871 873
f 225 872 871
f 224 873 872
f 871 872 873
f 223 869 866
f 224 872 869
f 225 866 872
f 869 872 866
f 53 864 853
f 222 874 864
f 219 853 874
f 864 874 853
f 59 873 860
f 224 875 873
f 222 860 875
f 873 875 860
f 60 857 868
f 219 876 857
f 224 868 876
f 857 876 868
f 222 875 874
f 224 876 875
f 219 874 876
f 875 876 874
f 2 877 803
f 226 878 877
f 207 803 878
f 877 878 803
f 61 879 881
f 227 880 879
f 226 881 880
f 879 880 881
f 56 808 883
f 207 882 808
f 227 883 882
f 808 882 883
f 226 880 878
f 227 882 880
f 207 878 882
f 880 882 878
f 18 884 886
f 228 885 884
f 230 886 885
f 884 885 886
f 62 887 889
f 229 888 887
f 228 889 888
f 887 888 889
f 61 890 892
f 230 891 890
f 229 892 891
f 890 891 892
f 228 888 885
f 229 891 888
f 230 885 891
f 888 891 885
f 17 814 894
f 212 893 814
f 232 894 893
f 814 893 894
f 56 895 818
f 231 896 895
f 212 818 896
f 895 896 818
f 62 897 899
f 232 898 897
f 231 899 898
f 897 898 899
f 212 896 893
f 231 898 896
f 232 893 898
f 896 898 893
f 61 892 879
f 229 900 892
f 227 879 900
f 892 900 879
f 62 899 887
f 231 901 899
f 229 887 901
f 899 901 887
f 56 883 895
f 227 902 883
f 231 895 902
f 883 902 895
f 229 901 900
f 231 902 901
f 227 900 902
f 901 902 900
f 8 903 905
f 233 904 903
f 235 905 904
f 903 904 905
f 63 906 908
f 234 907 906
f 233 908 907
f 906 907 908
f 65 909 911
f 235 910 909
f 234 911 910
f 909 910 911
f 233 907 904
f 234 910 907
f 235 904 910
f 907 910 904
f 19 912 914
f 236 913 912
f 238 914 913
f 912 913 914
f 64 915 917
f 237 916 915
f 236 917 916
f 915 916 917
f 63 918 920
f 238 919 918
f 237 920 919
f 918 919 920
f 236 916 913
f 237 919 916
f 238 913 919
f 916 919 913
f 18 921 923
f 239 922 921
f 241 923 922
f 921 922 923
f 65 924 926
f 240 925 924
f 239 926 925
f 924 925 926
f 64 927 929
f 241 928 927
f 240 929 928
f 927 928 929
f 239 925 922
f 240 928 925
f 241 922 928
f 925 928 922
f 63 920 906
f 237 930 920
f 234 906 930
f 920 930 906
f 64 929 915
f 240 931 929
f 237 915 931
f 929 931 915
f 65 911 924
f 234 932 911
f 240 924 932
f 911 932 924
f 237 931 930
f 240 932 931
f 234 930 932
f 931 932 930
f 17 894 858
f 232 933 894
f 221 858 933
f 894 933 858
f 62 934 897
f 242 935 934
f 232 897 935
f 934 935 897
f 59 862 937
f 221 936 862
f 242 937 936
f 862 936 937
f 232 935 933
f 242 936 935
f 221 933 936
f 935 936 933
f 18 923 884
f 241 938 923
f 228 884 938
f 923 938 884
f 64 939 927
f 243 940 939
f 241 927 940
f 939 940 927
f 62 889 942
f 228 941 889
f 243 942 941
f 889 941 942
f 241 940 938
f 243 941 940
f 228 938 941
f 940 941 938
f 19 867 912
f 225 943 867
f 236 912 943
f 867 943 912
f 59 944 871
f 244 945 944
f 225 871 945
f 944 945 871
f 64 917 947
f 236 946 917
f 244 947 946
f 917 946 947
f 225 945 943
f 244 946 945
f 236 943 946
f 945 946 943
f 62 942 934
f 243 948 942
f 242 934 948
f 942 948 934
f 64 947 939
f 244 949 947
f 243 939 949
f 947 949 939
f 59 937 944
f 242 950 937
f 244 944 950
f 937 950 944
f 243 949 948
f 244 950 949
f 242 948 950
f 949 950 948
f 1 852 952
f 220 951 852
f 246 952 951
f 852 951 952
f 60 953 855
f 245 954 953
f 220 855 954
f 953 954 855
f 67 955 957
f 246 956 955
f 245 957 956
f 955 956 957
f 220 954 951
f 245 956 954
f 246 951 956
f 954 956 951
f 19 958 865
f 247 959 958
f 223 865 959
f 958 959 865
f 66 960 962
f 248 961 960
f 247 962 961
f 960 961 962
f 60 870 964
f 223 963 870
f 248 964 963
f 870 963 964
f 247 961 959
f 248 963 961
f 223 959 963
f 961 963 959
f 21 965 967
f 249 966 965
f 251 967 966
f 965 966 967
f 67 968 970
f 250 969 968
f 249 970 969
f 968 969 970
f 66 971 973
f 251 972 971
f 250 973 972
f 971 972 973
f 249 969 966
f 250 972 969
f 251 966 972
f 969 972 966
f 60 964 953
f 248 974 964
f 245 953 974
f 964 974 953
f 66 973 960
f 250 975 973
f 248 960 975
f 973 975 960
f 67 957 968
f 245 976 957
f 250 968 976
f 957 976 968
f 248 975 974
f 250 976 975
f 245 974 976
f 975 976 974
f 8 977 903
f 252 978 977
f 233 903 978
f 977 978 903
f 68 979 981
f 253 980 979
f 252 981 980
f 979 980 981
f 63 908 983
f 233 982 908
f 253 983 982
f 908 982 983
f 252 980 978
f 253 982 980
f 233 978 982
f 980 982 978
f 20 984 986
f 254 985 984
f 256 986 985
f 984 985 986
f 69 987 989
f 255 988 987
f 254 989 988
f 987 988 989
f 68 990 992
f 256 991 990
f 255 992 991
f 990 991 992
f 254 988 985
f 255 991 988
f 256 985 991
f 988 991 985
f 19 914 994
f 238 993 914
f 258 994 993
f 914 993 994
f 63 995 918
f 257 996 995
f 238 918 996
f 995 996 918
f 69 997 999
f 258 998 997
f 257 999 998
f 997 998 999
f 238 996 993
f 257 998 996
f 258 993 998
f 996 998 993
f 68 992 979
f 255 1000 992
f 253 979 1000
f 992 1000 979
f 69 999 987
f 257 1001 999
f 255 987 1001
f 999 1001 987
f 63 983 995
f 253 1002 983
f 257 995 1002
f 983 1002 995
f 255 1001 1000
f 257 1002 1001
f 253 1000 1002
f 1001 1002 1000
f 11 1003 1005
f 259 1004 1003
f 261 1005 1004
f 1003 1004 1005
f 70 1006 1008
f 260 1007 1006
f 259 1008 1007
f 1006 1007 1008
f 72 1009 1011
f 261 1010 1009
f 260 1011 1010
f 1009 1010 1011
f 259 1007 1004
f 260 1010 1007
f 261 1004 1010
f 1007 1010 1004
f 21 1012 1014
f 262 1013 1012
f 264 1014 1013
f 1012 1013 1014
f 71 1015 1017
f 263 1016 1015
f 262 1017 1016
f 1015 1016 1017
f 70 1018 1020
f 264 1019 1018
f 263 1020 1019
f 1018 1019 1020
f 262 1016 1013
f 263 1019 1016
f 264 1013 1019
f 1016 1019 1013
f 20 1021 1023
f 265 1022 1021
f 267 1023 1022
f 1021 1022 1023
f 72 1024 1026
f 266 1025 1024
f 265 1026 1025
f 1024 1025 1026
f 71 1027 1029
f 267 1028 1027
f 266 1029 1028
f 1027 1028 1029
f 265 1025 1022
f 266 1028 1025
f 267 1022 1028
f 1025 1028 1022
f 70 1020 1006
f 263 1030 1020
f 260 1006 1030
f 1020 1030 1006
f 71 1029 1015
f 266 1031 1029
f 263 1015 1031
f 1029 1031 1015
f 72 1011 1024
f 260 1032 1011
f 266 1024 1032
f 1011 1032 1024
f 263 1031 1030
f 266 1032 1031
f 260 1030 1032
f 1031 1032 1030
f 19 994 958
f 258 1033 994
f 247 958 1033
f 994 1033 958
f 69 1034 997
f 268 1035 1034
f 258 997 1035
f 1034 1035 997
f 66 962 1037
f 247 1036 962
f 268 1037 1036
f 962 1036 1037
f 258 1035 1033
f 268 1036 1035
f 247 1033 1036
f 1035 1036 1033
f 20 1023 984
f 267 1038 1023
f 254 984 1038
f 1023 1038 984
f 71 1039 1027
f 269 1040 1039
f 267 1027 1040
f 1039 1040 1027
f 69 989 1042
f 254 1041 989
f 269 1042 1041
f 989 1041 1042
f 267 1040 1038
f 269 1041 1040
f 254 1038 1041
f 1040 1041 1038
f 21 967 1012
f 251 1043 967
f 262 1012 1043
f 967 1043 1012
f 66 1044 971
f 270 1045 1044
f 251 971 1045
f 1044 1045 971
f 71 1017 1047
f 262 1046 1017
f 270 1047 1046
f 1017 1046 1047
f 251 1045 1043
f 270 1046 1045
f 262 1043 1046
f 1045 1046 1043
f 69 1042 1034
f 269 1048 1042
f 268 1034 1048
f 1042 1048 1034
f 71 1047 1039
f 270 1049 1047
f 269 1039 1049
f 1047 1049 1039
f 66 1037 1044
f 268 1050 1037
f 270 1044 1050
f 1037 1050 1044
f 269 1049 1048
f 270 1050 1049
f 268 1048 1050
f 1049 1050 1048
f 1 952 643
f 246 1051 952
f 163 643 1051
f 952 1051 643
f 67 1052 955
f 271 1053 1052
f 246 955 1053
f 1052 1053 955
f 43 648 1055
f 163 1054 648
f 271 1055 1054
f 648 1054 1055
f 246 1053 1051
f 271 1054 1053
f 163 1051 1054
f 1053 1054 1051
f 21 1056 965
f 272 1057 1056
f 249 965 1057
f 1056 1057 965
f 73 1058 1060
f 273 1059 1058
f 272 1060 1059
f 1058 1059 1060
f 67 970 1062
f 249 1061 970
f 273 1062 1061
f 970 1061 1062
f 272 1059 1057
f 273 1061 1059
f 249 1057 1061
f 1059 1061 1057
f 13 654 1064
f 168 1063 654
f 275 1064 1063
f 654 1063 1064
f 43 1065 658
f 274 1066 1065
f 168 658 1066
f 1065 1066 658
f 73 1067 1069
f 275 1068 1067
f 274 1069 1068
f 1067 1068 1069
f 168 1066 1063
f 274 1068 1066
f 275 1063 1068
f 1066 1068 1063
f 67 1062 1052
f 273 1070 1062
f 271 1052 1070
f 1062 1070 1052
f 73 1069 1058
f 274 1071 1069
f 273 1058 1071
f 1069 1071 1058
f 43 1055 1065
f 271 1072 1055
f 274 1065 1072
f 1055 1072 1065
f 273 1071 1070
f 274 1072 1071
f 271 1070 1072
f 1071 1072 1070
f 11 1073 1003
f 276 1074 1073
f 259 1003 1074
f 1073 1074 1003
f 74 1075 1077
f 277 1076 1075
f 276 1077 1076
f 1075 1076 1077
f 70 1008 1079
f 259 1078 1008
f 277 1079 1078
f 1008 1078 1079
f 276 1076 1074
f 277 1078 1076
f 259 1074 1078
f 1076 1078 1074
f 22 1080 1082
f 278 1081 1080
f 280 1082 1081
f 1080 1081 1082
f 75 1083 1085
f 279 1084 1083
f 278 1085 1084
f 1083 1084 1085
f 74 1086 1088
f 280 1087 1086
f 279 1088 1087
f 1086 1087 1088
f 278 1084 1081
f 279 1087 1084
f 280 1081 1087
f 1084 1087 1081
f 21 1014 1090
f 264 1089 1014
f 282 1090 1089
f 1014 1089 1090
f 70 1091 1018
f 281 1092 1091
f 264 1018 1092
f 1091 1092 1018
f 75 1093 1095
f 282 1094 1093
f 281 1095 1094
f 1093 1094 1095
f 264 1092 1089
f 281 1094 1092
f 282 1089 1094
f 1092 1094 1089
f 74 1088 1075
f 279 1096 1088
f 277 1075 1096
f 1088 1096 1075
f 75 1095 1083
f 281 1097 1095
f 279 1083 1097
f 1095 1097 1083
f 70 1079 1091
f 277 1098 1079
f 281 1091 1098
f 1079 1098 1091
f 279 1097 1096
f 281 1098 1097
f 277 1096 1098
f 1097 1098 1096
f 12 675 1100
f 174 1099 675
f 284 1100 1099
f 675 1099 1100
f 48 1101 679
f 283 1102 1101
f 174 679 1102
f 1101 1102 679
f 77 1103 1105
f 284 1104 1103
f 283 1105 1104
f 1103 1104 1105
f 174 1102 1099
f 283 1104 1102
f 284 1099 1104
f 1102 1104 1099
f 13 1106 691
f 285 1107 1106
f 178 691 1107
f 1106 1107 691
f 76 1108 1110
f 286 1109 1108
f 285 1110 1109
f 1108 1109 1110
f 48 696 1112
f 178 1111 696
f 286 1112 1111
f 696 1111 1112
f 285 1109 1107
f 286 1111 1109
f 178 1107 1111
f 1109 1111 1107
f 22 1113 1115
f 287 1114 1113
f 289 1115 1114
f 1113 1114 1115
f 77 1116 1118
f 288 1117 1116
f 287 1118 1117
f 1116 1117 1118
f 76 1119 1121
f 289 1120 1119
f 288 1121 1120
f 1119 1120 1121
f 287 1117 1114
f 288 1120 1117
f 289 1114 1120
f 1117 1120 1114
f 48 1112 1101
f 286 1122 1112
f 283 1101 1122
f 1112 1122 1101
f 76 1121 1108
f 288 1123 1121
f 286 1108 1123
f 1121 1123 1108
f 77 1105 1116
f 283 1124 1105
f 288 1116 1124
f 1105 1124 1116
f 286 1123 1122
f 288 1124 1123
f 283 1122 1124
f 1123 1124 1122
f 21 1090 1056
f 282 1125 1090
f 272 1056 1125
f 1090 1125 1056
f 75 1126 1093
f 290 1127 1126
f 282 1093 1127
f 1126 1127 1093
f 73 1060 1129
f 272 1128 1060
f 290 1129 1128
f 1060 1128 1129
f 282 1127 1125
f 290 1128 1127
f 272 1125 1128
f 1127 1128 1125
f 22 1115 1080
f 289 1130 1115
f 278 1080 1130
f 1115 1130 1080
f 76 1131 1119
f 291 1132 1131
f 289 1119 1132
f 1131 1132 1119
f 75 1085 1134
f 278 1133 1085
f 291 1134 1133
f 1085 1133 1134
f 289 1132 1130
f 291 1133 1132
f 278 1130 1133
f 1132 1133 1130
f 13 1064 1106
f 275 1135 1064
f 285 1106 1135
f 1064 1135 1106
f 73 1136 1067
f 292 1137 1136
f 275 1067 1137
f 1136 1137 1067
f 76 1110 1139
f 285 1138 1110
f 292 1139 1138
f 1110 1138 1139
f 275 1137 1135
f 292 1138 1137
f 285 1135 1138
f 1137 1138 1135
f 75 1134 1126
f 291 1140 1134
f 290 1126 1140
f 1134 1140 1126
f 76 1139 1131
f 292 1141 1139
f 291 1131 1141
f 1139 1141 1131
f 73 1129 1136
f 290 1142 1129
f 292 1136 1142
f 1129 1142 1136
f 291 1141 1140
f 292 1142 1141
f 290 1140 1142
f 1141 1142 1140
f 2 805 1144
f 209 1143 805
f 294 1144 1143
f 805 1143 1144
f 58 1145 809
f 293 1146 1145
f 209 809 1146
f 1145 1146 809
f 79 1147 1149
f 294 1148 1147
f 293 1149 1148
f 1147 1148 1149
f 209 1146 1143
f 293 1148 1146
f 294 1143 1148
f 1146 1148 1143
f 16 1150 821
f 295 1151 1150
f 213 821 1151
f 1150 1151 821
f 78 1152 1154
f 296 1153 1152
f 295 1154 1153
f 1152 1153 1154
f 58 826 1156
f 213 1155 826
f 296 1156 1155
f 826 1155 1156
f 295 1153 1151
f 296 1155 1153
f 213 1151 1155
f 1153 1155 1151
f 24 1157 1159
f 297 1158 1157
f 299 1159 1158
f 1157 1158 1159
f 79 1160 1162
f 298 1161 1160
f 297 1162 1161
f 1160 1161 1162
f 78 1163 1165
f 299 1164 1163
f 298 1165 1164
f 1163 1164 1165
f 297 1161 1158
f 298 1164 1161
f 299 1158 1164
f 1161 1164 1158
f 58 1156 1145
f 296 1166 1156
f 293 1145 1166
f 1156 1166 1145
f 78 1165 1152
f 298 1167 1165
f 296 1152 1167
f 1165 1167 1152
f 79 1149 1160
f 293 1168 1149
f 298 1160 1168
f 1149 1168 1160
f 296 1167 1166
f 298 1168 1167
f 293 1166 1168
f 1167 1168 1166
f 6 1169 777
f 300 1170 1169
f 200 777 1170
f 1169 1170 777
f 80 1171 1173
f 301 1172 1171
f 300 1173 1172
f 1171 1172 1173
f 54 781 1175
f 200 1174 781
f 301 1175 1174
f 781 1174 1175
f 300 1172 1170
f 301 1174 1172
f 200 1170 1174
f 1172 1174 1170
f 23 1176 1178
f 302 1177 1176
f 304 1178 1177
f 1176 1177 1178
f 81 1179 1181
f 303 1180 1179
f 302 1181 1180
f 1179 1180 1181
f 80 1182 1184
f 304 1183 1182
f 303 1184 1183
f 1182 1183 1184
f 302 1180 1177
f 303 1183 1180
f 304 1177 1183
f 1180 1183 1177
f 16 786 1186
f 204 1185 786
f 306 1186 1185
f 786 1185 1186
f 54 1187 790
f 305 1188 1187
f 204 790 1188
f 1187 1188 790
f 81 1189 1191
f 306 1190 1189
f 305 1191 1190
f 1189 1190 1191
f 204 1188 1185
f 305 1190 1188
f 306 1185 1190
f 1188 1190 1185
f 80 1184 1171
f 303 1192 1184
f 301 1171 1192
f 1184 1192 1171
f 81 1191 1179
f 305 1193 1191
f 303 1179 1193
f 1191 1193 1179
f 54 1175 1187
f 301 1194 1175
f 305 1187 1194
f 1175 1194 1187
f 303 1193 1192
f 305 1194 1193
f 301 1192 1194
f 1193 1194 1192
f 10 1195 1197
f 307 1196 1195
f 309 1197 1196
f 1195 1196 1197
f 82 1198 1200
f 308 1199 1198
f 307 1200 1199
f 1198 1199 1200
f 84 1201 1203
f 309 1202 1201
f 308 1203 1202
f 1201 1202 1203
f 307 1199 1196
f 308 1202 1199
f 309 1196 1202
f 1199 1202 1196
f 24 1204 1206
f 310 1205 1204
f 312 1206 1205
f 1204 1205 1206
f 83 1207 1209
f 311 1208 1207
f 310 1209 1208
f 1207 1208 1209
f 82 1210 1212
f 312 1211 1210
f 311 1212 1211
f 1210 1211 1212
f 310 1208 1205
f 311 1211 1208
f 312 1205 1211
f 1208 1211 1205
f 23 1213 1215
f 313 1214 1213
f 315 1215 1214
f 1213 1214 1215
f 84 1216 1218
f 314 1217 1216
f 313 1218 1217
f 1216 1217 1218
f 83 1219 1221
f 315 1220 1219
f 314 1221 1220
f 1219 1220 1221
f 313 1217 1214
f 314 1220 1217
f 315 1214 1220
f 1217 1220 1214
f 82 1212 1198
f 311 1222 1212
f 308 1198 1222
f 1212 1222 1198
f 83 1221 1207
f 314 1223 1221
f 311 1207 1223
f 1221 1223 1207
f 84 1203 1216
f 308 1224 1203
f 314 1216 1224
f 1203 1224 1216
f 311 1223 1222
f 314 1224 1223
f 308 1222 1224
f 1223 1224 1222
f 16 1186 1150
f 306 1225 1186
f 295 1150 1225
f 1186 1225 1150
f 81 1226 1189
f 316 1227 1226
f 306 1189 1227
f 1226 1227 1189
f 78 1154 1229
f 295 1228 1154
f 316 1229 1228
f 1154 1228 1229
f 306 1227 1225
f 316 1228 1227
f 295 1225 1228
f 1227 1228 1225
f 23 1215 1176
f 315 1230 1215
f 302 1176 1230
f 1215 1230 1176
f 83 1231 1219
f 317 1232 1231
f 315 1219 1232
f 1231 1232 1219
f 81 1181 1234
f 302 1233 1181
f 317 1234 1233
f 1181 1233 1234
f 315 1232 1230
f 317 1233 1232
f 302 1230 1233
f 1232 1233 1230
f 24 1159 1204
f 299 1235 1159
f 310 1204 1235
f 1159 1235 1204
f 78 1236 1163
f 318 1237 1236
f 299 1163 1237
f 1236 1237 1163
f 83 1209 1239
f 310 1238 1209
f 318 1239 1238
f 1209 1238 1239
f 299 1237 1235
f 318 1238 1237
f 310 1235 1238
f 1237 1238 1235
f 81 1234 1226
f 317 1240 1234
f 316 1226 1240
f 1234 1240 1226
f 83 1239 1231
f 318 1241 1239
f 317 1231 1241
f 1239 1241 1231
f 78 1229 1236
f 316 1242 1229
f 318 1236 1242
f 1229 1242 1236
f 317 1241 1240
f 318 1242 1241
f 316 1240 1242
f 1241 1242 1240
f 6 705 1244
f 183 1243 705
f 320 1244 1243
f 705 1243 1244
f 51 1245 709
f 319 1246 1245
f 183 709 1246
f 1245 1246 709
f 86 1247 1249
f 320 1248 1247
f 319 1249 1248
f 1247 1248 1249
f 183 1246 1243
f 319 1248 1246
f 320 1243 1248
f 1246 1248 1243
f 14 1250 721
f 321 1251 1250
f 187 721 1251
f 1250 1251 721
f 85 1252 1254
f 322 1253 1252
f 321 1254 1253
f 1252 1253 1254
f 51 726 1256
f 187 1255 726
f 322 1256 1255
f 726 1255 1256
f 321 1253 1251
f 322 1255 1253
f 187 1251 1255
f 1253 1255 1251
f 26 1257 1259
f 323 1258 1257
f 325 1259 1258
f 1257 1258 1259
f 86 1260 1262
f 324 1261 1260
f 323 1262 1261
f 1260 1261 1262
f 85 1263 1265
f 325 1264 1263
f 324 1265 1264
f 1263 1264 1265
f 323 1261 1258
f 324 1264 1261
f 325 1258 1264
f 1261 1264 1258
f 51 1256 1245
f 322 1266 1256
f 319 1245 1266
f 1256 1266 1245
f 85 1265 1252
f 324 1267 1265
f 322 1252 1267
f 1265 1267 1252
f 86 1249 1260
f 319 1268 1249
f 324 1260 1268
f 1249 1268 1260
f 322 1267 1266
f 324 1268 1267
f 319 1266 1268
f 1267 1268 1266
f 12 1269 673
f 326 1270 1269
f 172 673 1270
f 1269 1270 673
f 87 1271 1273
f 327 1272 1271
f 326 1273 1272
f 1271 1272 1273
f 46 678 1275
f 172 1274 678
f 327 1275 1274
f 678 1274 1275
f 326 1272 1270
f 327 1274 1272
f 172 1270 1274
f 1272 1274 1270
f 25 1276 1278
f 328 1277 1276
f 330 1278 1277
f 1276 1277 1278
f 88 1279 1281
f 329 1280 1279
f 328 1281 1280
f 1279 1280 1281
f 87 1282 1284
f 330 1283 1282
f 329 1284 1283
f 1282 1283 1284
f 328 1280 1277
f 329 1283 1280
f 330 1277 1283
f 1280 1283 1277
f 14 684 1286
f 177 1285 684
f 332 1286 1285
f 684 1285 1286
f 46 1287 688
f 331 1288 1287
f 177 688 1288
f 1287 1288 688
f 88 1289 1291
f 332 1290 1289
f 331 1291 1290
f 1289 1290 1291
f 177 1288 1285
f 331 1290 1288
f 332 1285 1290
f 1288 1290 1285
f 87 1284 1271
f 329 1292 1284
f 327 1271 1292
f 1284 1292 1271
f 88 1291 1279
f 331 1293 1291
f 329 1279 1293
f 1291 1293 1279
f 46 1275 1287
f 327 1294 1275
f 331 1287 1294
f 1275 1294 1287
f 329 1293 1292
f 331 1294 1293
f 327 1292 1294
f 1293 1294 1292
f 5 1295 1297
f 333 1296 1295
f 335 1297 1296
f 1295 1296 1297
f 89 1298 1300
f 334 1299 1298
f 333 1300 1299
f 1298 1299 1300
f 91 1301 1303
f 335 1302 1301
f 334 1303 1302
f 1301 1302 1303
f 333 1299 1296
f 334 1302 1299
f 335 1296 1302
f 1299 1302 1296
f 26 1304 1306
f 336 1305 1304
f 338 1306 1305
f 1304 1305 1306
f 90 1307 1309
f 337 1308 1307
f 336 1309 1308
f 1307 1308 1309
f 89 1310 1312
f 338 1311 1310
f 337 1312 1311
f 1310 1311 1312
f 336 1308 1305
f 337 1311 1308
f 338 1305 1311
f 1308 1311 1305
f 25 1313 1315
f 339 1314 1313
f 341 1315 1314
f 1313 1314 1315
f 91 1316 1318
f 340 1317 1316
f 339 1318 1317
f 1316 1317 1318
f 90 1319 1321
f 341 1320 1319
f 340 1321 1320
f 1319 1320 1321
f 339 1317 1314
f 340 1320 1317
f 341 1314 1320
f 1317 1320 1314
f 89 1312 1298
f 337 1322 1312
f 334 1298 1322
f 1312 1322 1298
f 90 1321 1307
f 340 1323 1321
f 337 1307 1323
f 1321 1323 1307
f 91 1303 1316
f 334 1324 1303
f 340 1316 1324
f 1303 1324 1316
f 337 1323 1322
f 340 1324 1323
f 334 1322 1324
f 1323 1324 1322
f 14 1286 1250
f 332 1325 1286
f 321 1250 1325
f 1286 1325 1250
f 88 1326 1289
f 342 1327 1326
f 332 1289 1327
f 1326 1327 1289
f 85 1254 1329
f 321 1328 1254
f 342 1329 1328
f 1254 1328 1329
f 332 1327 1325
f 342 1328 1327
f 321 1325 1328
f 1327 1328 1325
f 25 1315 1276
f 341 1330 1315
f 328 1276 1330
f 1315 1330 1276
f 90 1331 1319
f 343 1332 1331
f 341 1319 1332
f 1331 1332 1319
f 88 1281 1334
f 328 1333 1281
f 343 1334 1333
f 1281 1333 1334
f 341 1332 1330
f 343 1333 1332
f 328 1330 1333
f 1332 1333 1330
f 26 1259 1304
f 325 1335 1259
f 336 1304 1335
f 1259 1335 1304
f 85 1336 1263
f 344 1337 1336
f 325 1263 1337
f 1336 1337 1263
f 90 1309 1339
f 336 1338 1309
f 344 1339 1338
f 1309 1338 1339
f 325 1337 1335
f 344 1338 1337
f 336 1335 1338
f 1337 1338 1335
f 88 1334 1326
f 343 1340 1334
f 342 1326 1340
f 1334 1340 1326
f 90 1339 1331
f 344 1341 1339
f 343 1331 1341
f 1339 1341 1331
f 85 1329 1336
f 342 1342 1329
f 344 1336 1342
f 1329 1342 1336
f 343 1341 1340
f 344 1342 1341
f 342 1340 1342
f 1341 1342 1340
f 12 1100 1344
f 284 1343 1100
f 346 1344 1343
f 1100 1343 1344
f 77 1345 1103
f 345 1346 1345
f 284 1103 1346
f 1345 1346 1103
f 93 1347 1349
f 346 1348 1347
f 345 1349 1348
f 1347 1348 1349
f 284 1346 1343
f 345 1348 1346
f 346 1343 1348
f 1346 1348 1343
f 22 1350 1113
f 347 1351 1350
f 287 1113 1351
f 1350 1351 1113
f 92 1352 1354
f 348 1353 1352
f 347 1354 1353
f 1352 1353 1354
f 77 1118 1356
f 287 1355 1118
f 348 1356 1355
f 1118 1355 1356
f 347 1353 1351
f 348 1355 1353
f 287 1351 1355
f 1353 1355 1351
f 28 1357 1359
f 349 1358 1357
f 351 1359 1358
f 1357 1358 1359
f 93 1360 1362
f 350 1361 1360
f 349 1362 1361
f 1360 1361 1362
f 92 1363 1365
f 351 1364 1363
f 350 1365 1364
f 1363 1364 1365
f 349 1361 1358
f 350 1364 1361
f 351 1358 1364
f 1361 1364 1358
f 77 1356 1345
f 348 1366 1356
f 345 1345 1366
f 1356 1366 1345
f 92 1365 1352
f 350 1367 1365
f 348 1352 1367
f 1365 1367 1352
f 93 1349 1360
f 345 1368 1349
f 350 1360 1368
f 1349 1368 1360
f 348 1367 1366
f 350 1368 1367
f 345 1366 1368
f 1367 1368 1366
f 11 1369 1073
f 352 1370 1369
f 276 1073 1370
f 1369 1370 1073
f 94 1371 1373
f 353 1372 1371
f 352 1373 1372
f 1371 1372 1373
f 74 1077 1375
f 276 1374 1077
f 353 1375 1374
f 1077 1374 1375
f 352 1372 1370
f 353 1374 1372
f 276 1370 1374
f 1372 1374 1370
f 27 1376 1378
f 354 1377 1376
f 356 1378 1377
f 1376 1377 1378
f 95 1379 1381
f 355 1380 1379
f 354 1381 1380
f 1379 1380 1381
f 94 1382 1384
f 356 1383 1382
f 355 1384 1383
f 1382 1383 1384
f 354 1380 1377
f 355 1383 1380
f 356 1377 1383
f 1380 1383 1377
f 22 1082 1386
f 280 1385 1082
f 358 1386 1385
f 1082 1385 1386
f 74 1387 1086
f 357 1388 1387
f 280 1086 1388
f 1387 1388 1086
f 95 1389 1391
f 358 1390 1389
f 357 1391 1390
f 1389 1390 1391
f 280 1388 1385
f 357 1390 1388
f 358 1385 1390
f 1388 1390 1385
f 94 1384 1371
f 355 1392 1384
f 353 1371 1392
f 1384 1392 1371
f 95 1391 1379
f 357 1393 1391
f 355 1379 1393
f 1391 1393 1379
f 74 1375 1387
f 353 1394 1375
f 357 1387 1394
f 1375 1394 1387
f 355 1393 1392
f 357 1394 1393
f 353 1392 1394
f 1393 1394 1392
f 3 1395 1397
f 359 1396 1395
f 361 1397 1396
f 1395 1396 1397
f 96 1398 1400
f 360 1399 1398
f 359 1400 1399
f 1398 1399 1400
f 98 1401 1403
f 361 1402 1401
f 360 1403 1402
f 1401 1402 1403
f 359 1399 1396
f 360 1402 1399
f 361 1396 1402
f 1399 1402 1396
f 28 1404 1406
f 362 1405 1404
f 364 1406 1405
f 1404 1405 1406
f 97 1407 1409
f 363 1408 1407
f 362 1409 1408
f 1407 1408 1409
f 96 1410 1412
f 364 1411 1410
f 363 1412 1411
f 1410 1411 1412
f 362 1408 1405
f 363 1411 1408
f 364 1405 1411
f 1408 1411 1405
f 27 1413 1415
f 365 1414 1413
f 367 1415 1414
f 1413 1414 1415
f 98 1416 1418
f 366 1417 1416
f 365 1418 1417
f 1416 1417 1418
f 97 1419 1421
f 367 1420 1419
f 366 1421 1420
f 1419 1420 1421
f 365 1417 1414
f 366 1420 1417
f 367 1414 1420
f 1417 1420 1414
f 96 1412 1398
f 363 1422 1412
f 360 1398 1422
f 1412 1422 1398
f 97 1421 1407
f 366 1423 1421
f 363 1407 1423
f 1421 1423 1407
f 98 1403 1416
f 360 1424 1403
f 366 1416 1424
f 1403 1424 1416
f 363 1423 1422
f 366 1424 1423
f 360 1422 1424
f 1423 1424 1422
f 22 1386 1350
f 358 1425 1386
f 347 1350 1425
f 1386 1425 1350
f 95 1426 1389
f 368 1427 1426
f 358 1389 1427
f 1426 1427 1389
f 92 1354 1429
f 347 1428 1354
f 368 1429 1428
f 1354 1428 1429
f 358 1427 1425
f 368 1428 1427
f 347 1425 1428
f 1427 1428 1425
f 27 1415 1376
f 367 1430 1415
f 354 1376 1430
f 1415 1430 1376
f 97 1431 1419
f 369 1432 1431
f 367 1419 1432
f 1431 1432 1419
f 95 1381 1434
f 354 1433 1381
f 369 1434 1433
f 1381 1433 1434
f 367 1432 1430
f 369 1433 1432
f 354 1430 1433
f 1432 1433 1430
f 28 1359 1404
f 351 1435 1359
f 362 1404 1435
f 1359 1435 1404
f 92 1436 1363
f 370 1437 1436
f 351 1363 1437
f 1436 1437 1363
f 97 1409 1439
f 362 1438 1409
f 370 1439 1438
f 1409 1438 1439
f 351 1437 1435
f 370 1438 1437
f 362 1435 1438
f 1437 1438 1435
f 95 1434 1426
f 369 1440 1434
f 368 1426 1440
f 1434 1440 1426
f 97 1439 1431
f 370 1441 1439
f 369 1431 1441
f 1439 1441 1431
f 92 1429 1436
f 368 1442 1429
f 370 1436 1442
f 1429 1442 1436
f 369 1441 1440
f 370 1442 1441
f 368 1440 1442
f 1441 1442 1440
f 11 1005 1444
f 261 1443 1005
f 372 1444 1443
f 1005 1443 1444
f 72 1445 1009
f 371 1446 1445
f 261 1009 1446
f 1445 1446 1009
f 100 1447 1449
f 372 1448 1447
f 371 1449 1448
f 1447 1448 1449
f 261 1446 1443
f 371 1448 1446
f 372 1443 1448
f 1446 1448 1443
f 20 1450 1021
f 373 1451 1450
f 265 1021 1451
f 1450 1451 1021
f 99 1452 1454
f 374 1453 1452
f 373 1454 1453
f 1452 1453 1454
f 72 1026 1456
f 265 1455 1026
f 374 1456 1455
f 1026 1455 1456
f 373 1453 1451
f 374 1455 1453
f 265 1451 1455
f 1453 1455 1451
f 30 1457 1459
f 375 1458 1457
f 377 1459 1458
f 1457 1458 1459
f 100 1460 1462
f 376 1461 1460
f 375 1462 1461
f 1460 1461 1462
f 99 1463 1465
f 377 1464 1463
f 376 1465 1464
f 1463 1464 1465
f 375 1461 1458
f 376 1464 1461
f 377 1458 1464
f 1461 1464 1458
f 72 1456 1445
f 374 1466 1456
f 371 1445 1466
f 1456 1466 1445
f 99 1465 1452
f 376 1467 1465
f 374 1452 1467
f 1465 1467 1452
f 100 1449 1460
f 371 1468 1449
f 376 1460 1468
f 1449 1468 1460
f 374 1467 1466
f 376 1468 1467
f 371 1466 1468
f 1467 1468 1466
f 8 1469 977
f 378 1470 1469
f 252 977 1470
f 1469 1470 977
f 101 1471 1473
f 379 1472 1471
f 378 1473 1472
f 1471 1472 1473
f 68 981 1475
f 252 1474 981
f 379 1475 1474
f 981 1474 1475
f 378 1472 1470
f 379 1474 1472
f 252 1470 1474
f 1472 1474 1470
f 29 1476 1478
f 380 1477 1476
f 382 1478 1477
f 1476 1477 1478
f 102 1479 1481
f 381 1480 1479
f 380 1481 1480
f 1479 1480 1481
f 101 1482 1484
f 382 1483 1482
f 381 1484 1483
f 1482 1483 1484
f 380 1480 1477
f 381 1483 1480
f 382 1477 1483
f 1480 1483 1477
f 20 986 1486
f 256 1485 986
f 384 1486 1485
f 986 1485 1486
f 68 1487 990
f 383 1488 1487
f 256 990 1488
f 1487 1488 990
f 102 1489 1491
f 384 1490 1489
f 383 1491 1490
f 1489 1490 1491
f 256 1488 1485
f 383 1490 1488
f 384 1485 1490
f 1488 1490 1485
f 101 1484 1471
f 381 1492 1484
f 379 1471 1492
f 1484 1492 1471
f 102 1491 1479
f 383 1493 1491
f 381 1479 1493
f 1491 1493 1479
f 68 1475 1487
f 379 1494 1475
f 383 1487 1494
f 1475 1494 1487
f 381 1493 1492
f 383 1494 1493
f 379 1492 1494
f 1493 1494 1492
f 7 1495 1497
f 385 1496 1495
f 387 1497 1496
f 1495 1496 1497
f 103 1498 1500
f 386 1499 1498
f 385 1500 1499
f 1498 1499 1500
f 105 1501 1503
f 387 1502 1501
f 386 1503 1502
f 1501 1502 1503
f 385 1499 1496
f 386 1502 1499
f 387 1496 1502
f 1499 1502 1496
f 30 1504 1506
f 388 1505 1504
f 390 1506 1505
f 1504 1505 1506
f 104 1507 1509
f 389 1508 1507
f 388 1509 1508
f 1507 1508 1509
f 103 1510 1512
f 390 1511 1510
f 389 1512 1511
f 1510 1511 1512
f 388 1508 1505
f 389 1511 1508
f 390 1505 1511
f 1508 1511 1505
f 29 1513 1515
f 391 1514 1513
f 393 1515 1514
f 1513 1514 1515
f 105 1516 1518
f 392 1517 1516
f 391 1518 1517
f 1516 1517 1518
f 104 1519 1521
f 393 1520 1519
f 392 1521 1520
f 1519 1520 1521
f 391 1517 1514
f 392 1520 1517
f 393 1514 1520
f 1517 1520 1514
f 103 1512 1498
f 389 1522 1512
f 386 1498 1522
f 1512 1522 1498
f 104 1521 1507
f 392 1523 1521
f 389 1507 1523
f 1521 1523 1507
f 105 1503 1516
f 386 1524 1503
f 392 1516 1524
f 1503 1524 1516
f 389 1523 1522
f 392 1524 1523
f 386 1522 1524
f 1523 1524 1522
f 20 1486 1450
f 384 1525 1486
f 373 1450 1525
f 1486 1525 1450
f 102 1526 1489
f 394 1527 1526
f 384 1489 1527
f 1526 1527 1489
f 99 1454 1529
f 373 1528 1454
f 394 1529 1528
f 1454 1528 1529
f 384 1527 1525
f 394 1528 1527
f 373 1525 1528
f 1527 1528 1525
f 29 1515 1476
f 393 1530 1515
f 380 1476 1530
f 1515 1530 1476
f 104 1531 1519
f 395 1532 1531
f 393 1519 1532
f 1531 1532 1519
f 102 1481 1534
f 380 1533 1481
f 395 1534 1533
f 1481 1533 1534
f 393 1532 1530
f 395 1533 1532
f 380 1530 1533
f 1532 1533 1530
f 30 1459 1504
f 377 1535 1459
f 388 1504 1535
f 1459 1535 1504
f 99 1536 1463
f 396 1537 1536
f 377 1463 1537
f 1536 1537 1463
f 104 1509 1539
f 388 1538 1509
f 396 1539 1538
f 1509 1538 1539
f 377 1537 1535
f 396 1538 1537
f 388 1535 1538
f 1537 1538 1535
f 102 1534 1526
f 395 1540 1534
f 394 1526 1540
f 1534 1540 1526
f 104 1539 1531
f 396 1541 1539
f 395 1531 1541
f 1539 1541 1531
f 99 1529 1536
f 394 1542 1529
f 396 1536 1542
f 1529 1542 1536
f 395 1541 1540
f 396 1542 1541
f 394 1540 1542
f 1541 1542 1540
f 8 905 1544
f 235 1543 905
f 398 1544 1543
f 905 1543 1544
f 65 1545 909
f 397 1546 1545
f 235 909 1546
f 1545 1546 909
f 107 1547 1549
f 398 1548 1547
f 397 1549 1548
f 1547 1548 1549
f 235 1546 1543
f 397 1548 1546
f 398 1543 1548
f 1546 1548 1543
f 18 1550 921
f 399 1551 1550
f 239 921 1551
f 1550 1551 921
f 106 1552 1554
f 400 1553 1552
f 399 1554 1553
f 1552 1553 1554
f 65 926 1556
f 239 1555 926
f 400 1556 1555
f 926 1555 1556
f 399 1553 1551
f 400 1555 1553
f 239 1551 1555
f 1553 1555 1551
f 32 1557 1559
f 401 1558 1557
f 403 1559 1558
f 1557 1558 1559
f 107 1560 1562
f 402 1561 1560
f 401 1562 1561
f 1560 1561 1562
f 106 1563 1565
f 403 1564 1563
f 402 1565 1564
f 1563 1564 1565
f 401 1561 1558
f 402 1564 1561
f 403 1558 1564
f 1561 1564 1558
f 65 1556 1545
f 400 1566 1556
f 397 1545 1566
f 1556 1566 1545
f 106 1565 1552
f 402 1567 1565
f 400 1552 1567
f 1565 1567 1552
f 107 1549 1560
f 397 1568 1549
f 402 1560 1568
f 1549 1568 1560
f 400 1567 1566
f 402 1568 1567
f 397 1566 1568
f 1567 1568 1566
f 2 1569 877
f 404 1570 1569
f 226 877 1570
f 1569 1570 877
f 108 1571 1573
f 405 1572 1571
f 404 1573 1572
f 1571 1572 1573
f 61 881 1575
f 226 1574 881
f 405 1575 1574
f 881 1574 1575
f 404 1572 1570
f 405 1574 1572
f 226 1570 1574
f 1572 1574 1570
f 31 1576 1578
f 406 1577 1576
f 408 1578 1577
f 1576 1577 1578
f 109 1579 1581
f 407 1580 1579
f 406 1581 1580
f 1579 1580 1581
f 108 1582 1584
f 408 1583 1582
f 407 1584 1583
f 1582 1583 1584
f 406 1580 1577
f 407 1583 1580
f 408 1577 1583
f 1580 1583 1577
f 18 886 1586
f 230 1585 886
f 410 1586 1585
f 886 1585 1586
f 61 1587 890
f 409 1588 1587
f 230 890 1588
f 1587 1588 890
f 109 1589 1591
f 410 1590 1589
f 409 1591 1590
f 1589 1590 1591
f 230 1588 1585
f 409 1590 1588
f 410 1585 1590
f 1588 1590 1585
f 108 1584 1571
f 407 1592 1584
f 405 1571 1592
f 1584 1592 1571
f 109 1591 1579
f 409 1593 1591
f 407 1579 1593
f 1591 1593 1579
f 61 1575 1587
f 405 1594 1575
f 409 1587 1594
f 1575 1594 1587
f 407 1593 1592
f 409 1594 1593
f 405 1592 1594
f 1593 1594 1592
f 9 1595 1597
f 411 1596 1595
f 413 1597 1596
f 1595 1596 1597
f 110 1598 1600
f 412 1599 1598
f 411 1600 1599
f 1598 1599 1600
f 112 1601 1603
f 413 1602 1601
f 412 1603 1602
f 1601 1602 1603
f 411 1599 1596
f 412 1602 1599
f 413 1596 1602
f 1599 1602 1596
f 32 1604 1606
f 414 1605 1604
f 416 1606 1605
f 1604 1605 1606
f 111 1607 1609
f 415 1608 1607
f 414 1609 1608
f 1607 1608 1609
f 110 1610 1612
f 416 1611 1610
f 415 1612 1611
f 1610 1611 1612
f 414 1608 1605
f 415 1611 1608
f 416 1605 1611
f 1608 1611 1605
f 31 1613 1615
f 417 1614 1613
f 419 1615 1614
f 1613 1614 1615
f 112 1616 1618
f 418 1617 1616
f 417 1618 1617
f 1616 1617 1618
f 111 1619 1621
f 419 1620 1619
f 418 1621 1620
f 1619 1620 1621
f 417 1617 1614
f 418 1620 1617
f 419 1614 1620
f 1617 1620 1614
f 110 1612 1598
f 415 1622 1612
f 412 1598 1622
f 1612 1622 1598
f 111 1621 1607
f 418 1623 1621
f 415 1607 1623
f 1621 1623 1607
f 112 1603 1616
f 412 1624 1603
f 418 1616 1624
f 1603 1624 1616
f 415 1623 1622
f 418 1624 1623
f 412 1622 1624
f 1623 1624 1622
f 18 1586 1550
f 410 1625 1586
f 399 1550 1625
f 1586 1625 1550
f 109 1626 1589
f 420 1627 1626
f 410 1589 1627
f 1626 1627 1589
f 106 1554 1629
f 399 1628 1554
f 420 1629 1628
f 1554 1628 1629
f 410 1627 1625
f 420 1628 1627
f 399 1625 1628
f 1627 1628 1625
f 31 1615 1576
f 419 1630 1615
f 406 1576 1630
f 1615 1630 1576
f 111 1631 1619
f 421 1632 1631
f 419 1619 1632
f 1631 1632 1619
f 109 1581 1634
f 406 1633 1581
f 421 1634 1633
f 1581 1633 1634
f 419 1632 1630
f 421 1633 1632
f 406 1630 1633
f 1632 1633 1630
f 32 1559 1604
f 403 1635 1559
f 414 1604 1635
f 1559 1635 1604
f 106 1636 1563
f 422 1637 1636
f 403 1563 1637
f 1636 1637 1563
f 111 1609 1639
f 414 1638 1609
f 422 1639 1638
f 1609 1638 1639
f 403 1637 1635
f 422 1638 1637
f 414 1635 1638
f 1637 1638 1635
f 109 1634 1626
f 421 1640 1634
f 420 1626 1640
f 1634 1640 1626
f 111 1639 1631
f 422 1641 1639
f 421 1631 1641
f 1639 1641 1631
f 106 1629 1636
f 420 1642 1629
f 422 1636 1642
f 1629 1642 1636
f 421 1641 1640
f 422 1642 1641
f 420 1640 1642
f 1641 1642 1640
f 4 1643 1645
f 423 1644 1643
f 425 1645 1644
f 1643 1644 1645
f 113 1646 1648
f 424 1647 1646
f 423 1648 1647
f 1646 1647 1648
f 115 1649 1651
f 425 1650 1649
f 424 1651 1650
f 1649 1650 1651
f 423 1647 1644
f 424 1650 1647
f 425 1644 1650
f 1647 1650 1644
f 33 1652 1654
f 426 1653 1652
f 428 1654 1653
f 1652 1653 1654
f 114 1655 1657
f 427 1656 1655
f 426 1657 1656
f 1655 1656 1657
f 113 1658 1660
f 428 1659 1658
f 427 1660 1659
f 1658 1659 1660
f 426 1656 1653
f 427 1659 1656
f 428 1653 1659
f 1656 1659 1653
f 35 1661 1663
f 429 1662 1661
f 431 1663 1662
f 1661 1662 1663
f 115 1664 1666
f 430 1665 1664
f 429 1666 1665
f 1664 1665 1666
f 114 1667 1669
f 431 1668 1667
f 430 1669 1668
f 1667 1668 1669
f 429 1665 1662
f 430 1668 1665
f 431 1662 1668
f 1665 1668 1662
f 113 1660 1646
f 427 1670 1660
f 424 1646 1670
f 1660 1670 1646
f 114 1669 1655
f 430 1671 1669
f 427 1655 1671
f 1669 1671 1655
f 115 1651 1664
f 424 1672 1651
f 430 1664 1672
f 1651 1672 1664
f 427 1671 1670
f 430 1672 1671
f 424 1670 1672
f 1671 1672 1670
f 10 1673 1675
f 432 1674 1673
f 434 1675 1674
f 1673 1674 1675
f 116 1676 1678
f 433 1677 1676
f 432 1678 1677
f 1676 1677 1678
f 118 1679 1681
f 434 1680 1679
f 433 1681 1680
f 1679 1680 1681
f 432 1677 1674
f 433 1680 1677
f 434 1674 1680
f 1677 1680 1674
f 34 1682 1684
f 435 1683 1682
f 437 1684 1683
f 1682 1683 1684
f 117 1685 1687
f 436 1686 1685
f 435 1687 1686
f 1685 1686 1687
f 116 1688 1690
f 437 1689 1688
f 436 1690 1689
f 1688 1689 1690
f 435 1686 1683
f 436 1689 1686
f 437 1683 1689
f 1686 1689 1683
f 33 1691 1693
f 438 1692 1691
f 440 1693 1692
f 1691 1692 1693
f 118 1694 1696
f 439 1695 1694
f 438 1696 1695
f 1694 1695 1696
f 117 1697 1699
f 440 1698 1697
f 439 1699 1698
f 1697 1698 1699
f 438 1695 1692
f 439 1698 1695
f 440 1692 1698
f 1695 1698 1692
f 116 1690 1676
f 436 1700 1690
f 433 1676 1700
f 1690 1700 1676
f 117 1699 1685
f 439 1701 1699
f 436 1685 1701
f 1699 1701 1685
f 118 1681 1694
f 433 1702 1681
f 439 1694 1702
f 1681 1702 1694
f 436 1701 1700
f 439 1702 1701
f 433 1700 1702
f 1701 1702 1700
f 5 1703 1705
f 441 1704 1703
f 443 1705 1704
f 1703 1704 1705
f 119 1706 1708
f 442 1707 1706
f 441 1708 1707
f 1706 1707 1708
f 121 1709 1711
f 443 1710 1709
f 442 1711 1710
f 1709 1710 1711
f 441 1707 1704
f 442 1710 1707
f 443 1704 1710
f 1707 1710 1704
f 35 1712 1714
f 444 1713 1712
f 446 1714 1713
f 1712 1713 1714
f 120 1715 1717
f 445 1716 1715
f 444 1717 1716
f 1715 1716 1717
f 119 1718 1720
f 446 1719 1718
f 445 1720 1719
f 1718 1719 1720
f 444 1716 1713
f 445 1719 1716
f 446 1713 1719
f 1716 1719 1713
f 34 1721 1723
f 447 1722 1721
f 449 1723 1722
f 1721 1722 1723
f 121 1724 1726
f 448 1725 1724
f 447 1726 1725
f 1724 1725 1726
f 120 1727 1729
f 449 1728 1727
f 448 1729 1728
f 1727 1728 1729
f 447 1725 1722
f 448 1728 1725
f 449 1722 1728
f 1725 1728 1722
f 119 1720 1706
f 445 1730 1720
f 442 1706 1730
f 1720 1730 1706
f 120 1729 1715
f 448 1731 1729
f 445 1715 1731
f 1729 1731 1715
f 121 1711 1724
f 442 1732 1711
f 448 1724 1732
f 1711 1732 1724
f 445 1731 1730
f 448 1732 1731
f 442 1730 1732
f 1731 1732 1730
f 33 1693 1652
f 440 1733 1693
f 426 1652 1733
f 1693 1733 1652
f 117 1734 1697
f 450 1735 1734
f 440 1697 1735
f 1734 1735 1697
f 114 1657 1737
f 426 1736 1657
f 450 1737 1736
f 1657 1736 1737
f 440 1735 1733
f 450 1736 1735
f 426 1733 1736
f 1735 1736 1733
f 34 1723 1682
f 449 1738 1723
f 435 1682 1738
f 1723 1738 1682
f 120 1739 1727
f 451 1740 1739
f 449 1727 1740
f 1739 1740 1727
f 117 1687 1742
f 435 1741 1687
f 451 1742 1741
f 1687 1741 1742
f 449 1740 1738
f 451 1741 1740
f 435 1738 1741
f 1740 1741 1738
f 35 1663 1712
f 431 1743 1663
f 444 1712 1743
f 1663 1743 1712
f 114 1744 1667
f 452 1745 1744
f 431 1667 1745
f 1744 1745 1667
f 120 1717 1747
f 444 1746 1717
f 452 1747 1746
f 1717 1746 1747
f 431 1745 1743
f 452 1746 1745
f 444 1743 1746
f 1745 1746 1743
f 117 1742 1734
f 451 1748 1742
f 450 1734 1748
f 1742 1748 1734
f 120 1747 1739
f 452 1749 1747
f 451 1739 1749
f 1747 1749 1739
f 114 1737 1744
f 450 1750 1737
f 452 1744 1750
f 1737 1750 1744
f 451 1749 1748
f 452 1750 1749
f 450 1748 1750
f 1749 1750 1748
f 4 1645 1752
f 425 1751 1645
f 454 1752 1751
f 1645 1751 1752
f 115 1753 1649
f 453 1754 1753
f 425 1649 1754
f 1753 1754 1649
f 123 1755 1757
f 454 1756 1755
f 453 1757 1756
f 1755 1756 1757
f 425 1754 1751
f 453 1756 1754
f 454 1751 1756
f 1754 1756 1751
f 35 1758 1661
f 455 1759 1758
f 429 1661 1759
f 1758 1759 1661
f 122 1760 1762
f 456 1761 1760
f 455 1762 1761
f 1760 1761 1762
f 115 1666 1764
f 429 1763 1666
f 456 1764 1763
f 1666 1763 1764
f 455 1761 1759
f 456 1763 1761
f 429 1759 1763
f 1761 1763 1759
f 37 1765 1767
f 457 1766 1765
f 459 1767 1766
f 1765 1766 1767
f 123 1768 1770
f 458 1769 1768
f 457 1770 1769
f 1768 1769 1770
f 122 1771 1773
f 459 1772 1771
f 458 1773 1772
f 1771 1772 1773
f 457 1769 1766
f 458 1772 1769
f 459 1766 1772
f 1769 1772 1766
f 115 1764 1753
f 456 1774 1764
f 453 1753 1774
f 1764 1774 1753
f 122 1773 1760
f 458 1775 1773
f 456 1760 1775
f 1773 1775 1760
f 123 1757 1768
f 453 1776 1757
f 458 1768 1776
f 1757 1776 1768
f 456 1775 1774
f 458 1776 1775
f 453 1774 1776
f 1775 1776 1774
f 5 1777 1703
f 460 1778 1777
f 441 1703 1778
f 1777 1778 1703
f 124 1779 1781
f 461 1780 1779
f 460 1781 1780
f 1779 1780 1781
f 119 1708 1783
f 441 1782 1708
f 461 1783 1782
f 1708 1782 1783
f 460 1780 1778
f 461 1782 1780
f 441 1778 1782
f 1780 1782 1778
f 36 1784 1786
f 462 1785 1784
f 464 1786 1785
f 1784 1785 1786
f 125 1787 1789
f 463 1788 1787
f 462 1789 1788
f 1787 1788 1789
f 124 1790 1792
f 464 1791 1790
f 463 1792 1791
f 1790 1791 1792
f 462 1788 1785
f 463 1791 1788
f 464 1785 1791
f 1788 1791 1785
f 35 1714 1794
f 446 1793 1714
f 466 1794 1793
f 1714 1793 1794
f 119 1795 1718
f 465 1796 1795
f 446 1718 1796
f 1795 1796 1718
f 125 1797 1799
f 466 1798 1797
f 465 1799 1798
f 1797 1798 1799
f 446 1796 1793
f 465 1798 1796
f 466 1793 1798
f 1796 1798 1793
f 124 1792 1779
f 463 1800 1792
f 461 1779 1800
f 1792 1800 1779
f 125 1799 1787
f 465 1801 1799
f 463 1787 1801
f 1799 1801 1787
f 119 1783 1795
f 461 1802 1783
f 465 1795 1802
f 1783 1802 1795
f 463 1801 1800
f 465 1802 1801
f 461 1800 1802
f 1801 1802 1800
f 3 1803 1805
f 467 1804 1803
f 469 1805 1804
f 1803 1804 1805
f 126 1806 1808
f 468 1807 1806
f 467 1808 1807
f 1806 1807 1808
f 128 1809 1811
f 469 1810 1809
f 468 1811 1810
f 1809 1810 1811
f 467 1807 1804
f 468 1810 1807
f 469 1804 1810
f 1807 1810 1804
f 37 1812 1814
f 470 1813 1812
f 472 1814 1813
f 1812 1813 1814
f 127 1815 1817
f 471 1816 1815
f 470 1817 1816
f 1815 1816 1817
f 126 1818 1820
f 472 1819 1818
f 471 1820 1819
f 1818 1819 1820
f 470 1816 1813
f 471 1819 1816
f 472 1813 1819
f 1816 1819 1813
f 36 1821 1823
f 473 1822 1821
f 475 1823 1822
f 1821 1822 1823
f 128 1824 1826
f 474 1825 1824
f 473 1826 1825
f 1824 1825 1826
f 127 1827 1829
f 475 1828 1827
f 474 1829 1828
f 1827 1828 1829
f 473 1825 1822
f 474 1828 1825
f 475 1822 1828
f 1825 1828 1822
f 126 1820 1806
f 471 1830 1820
f 468 1806 1830
f 1820 1830 1806
f 127 1829 1815
f 474 1831 1829
f 471 1815 1831
f 1829 1831 1815
f 128 1811 1824
f 468 1832 1811
f 474 1824 1832
f 1811 1832 1824
f 471 1831 1830
f 474 1832 1831
f 468 1830 1832
f 1831 1832 1830
f 35 1794 1758
f 466 1833 1794
f 455 1758 1833
f 1794 1833 1758
f 125 1834 1797
f 476 1835 1834
f 466 1797 1835
f 1834 1835 1797
f 122 1762 1837
f 455 1836 1762
f 476 1837 1836
f 1762 1836 1837
f 466 1835 1833
f 476 1836 1835
f 455 1833 1836
f 1835 1836 1833
f 36 1823 1784
f 475 1838 1823
f 462 1784 1838
f 1823 1838 1784
f 127 1839 1827
f 477 1840 1839
f 475 1827 1840
f 1839 1840 1827
f 125 1789 1842
f 462 1841 1789
f 477 1842 1841
f 1789 1841 1842
f 475 1840 1838
f 477 1841 1840
f 462 1838 1841
f 1840 1841 1838
f 37 1767 1812
f 459 1843 1767
f 470 1812 1843
f 1767 1843 1812
f 122 1844 1771
f 478 1845 1844
f 459 1771 1845
f 1844 1845 1771
f 127 1817 1847
f 470 1846 1817
f 478 1847 1846
f 1817 1846 1847
f 459 1845 1843
f 478 1846 1845
f 470 1843 1846
f 1845 1846 1843
f 125 1842 1834
f 477 1848 1842
f 476 1834 1848
f 1842 1848 1834
f 127 1847 1839
f 478 1849 1847
f 477 1839 1849
f 1847 1849 1839
f 122 1837 1844
f 476 1850 1837
f 478 1844 1850
f 1837 1850 1844
f 477 1849 1848
f 478 1850 1849
f 476 1848 1850
f 1849 1850 1848
f 4 1752 1852
f 454 1851 1752
f 480 1852 1851
f 1752 1851 1852
f 123 1853 1755
f 479 1854 1853
f 454 1755 1854
f 1853 1854 1755
f 130 1855 1857
f 480 1856 1855
f 479 1857 1856
f 1855 1856 1857
f 454 1854 1851
f 479 1856 1854
f 480 1851 1856
f 1854 1856 1851
f 37 1858 1765
f 481 1859 1858
f 457 1765 1859
f 1858 1859 1765
f 129 1860 1862
f 482 1861 1860
f 481 1862 1861
f 1860 1861 1862
f 123 1770 1864
f 457 1863 1770
f 482 1864 1863
f 1770 1863 1864
f 481 1861 1859
f 482 1863 1861
f 457 1859 1863
f 1861 1863 1859
f 39 1865 1867
f 483 1866 1865
f 485 1867 1866
f 1865 1866 1867
f 130 1868 1870
f 484 1869 1868
f 483 1870 1869
f 1868 1869 1870
f 129 1871 1873
f 485 1872 1871
f 484 1873 1872
f 1871 1872 1873
f 483 1869 1866
f 484 1872 1869
f 485 1866 1872
f 1869 1872 1866
f 123 1864 1853
f 482 1874 1864
f 479 1853 1874
f 1864 1874 1853
f 129 1873 1860
f 484 1875 1873
f 482 1860 1875
f 1873 1875 1860
f 130 1857 1868
f 479 1876 1857
f 484 1868 1876
f 1857 1876 1868
f 482 1875 1874
f 484 1876 1875
f 479 1874 1876
f 1875 1876 1874
f 3 1877 1803
f 486 1878 1877
f 467 1803 1878
f 1877 1878 1803
f 131 1879 1881
f 487 1880 1879
f 486 1881 1880
f 1879 1880 1881
f 126 1808 1883
f 467 1882 1808
f 487 1883 1882
f 1808 1882 1883
f 486 1880 1878
f 487 1882 1880
f 467 1878 1882
f 1880 1882 1878
f 38 1884 1886
f 488 1885 1884
f 490 1886 1885
f 1884 1885 1886
f 132 1887 1889
f 489 1888 1887
f 488 1889 1888
f 1887 1888 1889
f 131 1890 1892
f 490 1891 1890
f 489 1892 1891
f 1890 1891 1892
f 488 1888 1885
f 489 1891 1888
f 490 1885 1891
f 1888 1891 1885
f 37 1814 1894
f 472 1893 1814
f 492 1894 1893
f 1814 1893 1894
f 126 1895 1818
f 491 1896 1895
f 472 1818 1896
f 1895 1896 1818
f 132 1897 1899
f 492 1898 1897
f 491 1899 1898
f 1897 1898 1899
f 472 1896 1893
f 491 1898 1896
f 492 1893 1898
f 1896 1898 1893
f 131 1892 1879
f 489 1900 1892
f 487 1879 1900
f 1892 1900 1879
f 132 1899 1887
f 491 1901 1899
f 489 1887 1901
f 1899 1901 1887
f 126 1883 1895
f 487 1902 1883
f 491 1895 1902
f 1883 1902 1895
f 489 1901 1900
f 491 1902 1901
f 487 1900 1902
f 1901 1902 1900
f 7 1903 1905
f 493 1904 1903
f 495 1905 1904
f 1903 1904 1905
f 133 1906 1908
f 494 1907 1906
f 493 1908 1907
f 1906 1907 1908
f 135 1909 1911
f 495 1910 1909
f 494 1911 1910
f 1909 1910 1911
f 493 1907 1904
f 494 1910 1907
f 495 1904 1910
f 1907 1910 1904
f 39 1912 1914
f 496 1913 1912
f 498 1914 1913
f 1912 1913 1914
f 134 1915 1917
f 497 1916 1915
f 496 1917 1916
f 1915 1916 1917
f 133 1918 1920
f 498 1919 1918
f 497 1920 1919
f 1918 1919 1920
f 496 1916 1913
f 497 1919 1916
f 498 1913 1919
f 1916 1919 1913
f 38 1921 1923
f 499 1922 1921
f 501 1923 1922
f 1921 1922 1923
f 135 1924 1926
f 500 1925 1924
f 499 1926 1925
f 1924 1925 1926
f 134 1927 1929
f 501 1928 1927
f 500 1929 1928
f 1927 1928 1929
f 499 1925 1922
f 500 1928 1925
f 501 1922 1928
f 1925 1928 1922
f 133 1920 1906
f 497 1930 1920
f 494 1906 1930
f 1920 1930 1906
f 134 1929 1915
f 500 1931 1929
f 497 1915 1931
f 1929 1931 1915
f 135 1911 1924
f 494 1932 1911
f 500 1924 1932
f 1911 1932 1924
f 497 1931 1930
f 500 1932 1931
f 494 1930 1932
f 1931 1932 1930
f 37 1894 1858
f 492 1933 1894
f 481 1858 1933
f 1894 1933 1858
f 132 1934 1897
f 502 1935 1934
f 492 1897 1935
f 1934 1935 1897
f 129 1862 1937
f 481 1936 1862
f 502 1937 1936
f 1862 1936 1937
f 492 1935 1933
f 502 1936 1935
f 481 1933 1936
f 1935 1936 1933
f 38 1923 1884
f 501 1938 1923
f 488 1884 1938
f 1923 1938 1884
f 134 1939 1927
f 503 1940 1939
f 501 1927 1940
f 1939 1940 1927
f 132 1889 1942
f 488 1941 1889
f 503 1942 1941
f 1889 1941 1942
f 501 1940 1938
f 503 1941 1940
f 488 1938 1941
f 1940 1941 1938
f 39 1867 1912
f 485 1943 1867
f 496 1912 1943
f 1867 1943 1912
f 129 1944 1871
f 504 1945 1944
f 485 1871 1945
f 1944 1945 1871
f 134 1917 1947
f 496 1946 1917
f 504 1947 1946
f 1917 1946 1947
f 485 1945 1943
f 504 1946 1945
f 496 1943 1946
f 1945 1946 1943
f 132 1942 1934
f 503 1948 1942
f 502 1934 1948
f 1942 1948 1934
f 134 1947 1939
f 504 1949 1947
f 503 1939 1949
f 1947 1949 1939
f 129 1937 1944
f 502 1950 1937
f 504 1944 1950
f 1937 1950 1944
f 503 1949 1948
f 504 1950 1949
f 502 1948 1950
f 1949 1950 1948
f 4 1852 1952
f 480 1951 1852
f 506 1952 1951
f 1852 1951 1952
f 130 1953 1855
f 505 1954 1953
f 480 1855 1954
f 1953 1954 1855
f 137 1955 1957
f 506 1956 1955
f 505 1957 1956
f 1955 1956 1957
f 480 1954 1951
f 505 1956 1954
f 506 1951 1956
f 1954 1956 1951
f 39 1958 1865
f 507 1959 1958
f 483 1865 1959
f 1958 1959 1865
f 136 1960 1962
f 508 1961 1960
f 507 1962 1961
f 1960 1961 1962
f 130 1870 1964
f 483 1963 1870
f 508 1964 1963
f 1870 1963 1964
f 507 1961 1959
f 508 1963 1961
f 483 1959 1963
f 1961 1963 1959
f 41 1965 1967
f 509 1966 1965
f 511 1967 1966
f 1965 1966 1967
f 137 1968 1970
f 510 1969 1968
f 509 1970 1969
f 1968 1969 1970
f 136 1971 1973
f 511 1972 1971
f 510 1973 1972
f 1971 1972 1973
f 509 1969 1966
f 510 1972 1969
f 511 1966 1972
f 1969 1972 1966
f 130 1964 1953
f 508 1974 1964
f 505 1953 1974
f 1964 1974 1953
f 136 1973 1960
f 510 1975 1973
f 508 1960 1975
f 1973 1975 1960
f 137 1957 1968
f 505 1976 1957
f 510 1968 1976
f 1957 1976 1968
f 508 1975 1974
f 510 1976 1975
f 505 1974 1976
f 1975 1976 1974
f 7 1977 1903
f 512 1978 1977
f 493 1903 1978
f 1977 1978 1903
f 138 1979 1981
f 513 1980 1979
f 512 1981 1980
f 1979 1980 1981
f 133 1908 1983
f 493 1982 1908
f 513 1983 1982
f 1908 1982 1983
f 512 1980 1978
f 513 1982 1980
f 493 1978 1982
f 1980 1982 1978
f 40 1984 1986
f 514 1985 1984
f 516 1986 1985
f 1984 1985 1986
f 139 1987 1989
f 515 1988 1987
f 514 1989 1988
f 1987 1988 1989
f 138 1990 1992
f 516 1991 1990
f 515 1992 1991
f 1990 1991 1992
f 514 1988 1985
f 515 1991 1988
f 516 1985 1991
f 1988 1991 1985
f 39 1914 1994
f 498 1993 1914
f 518 1994 1993
f 1914 1993 1994
f 133 1995 1918
f 517 1996 1995
f 498 1918 1996
f 1995 1996 1918
f 139 1997 1999
f 518 1998 1997
f 517 1999 1998
f 1997 1998 1999
f 498 1996 1993
f 517 1998 1996
f 518 1993 1998
f 1996 1998 1993
f 138 1992 1979
f 515 2000 1992
f 513 1979 2000
f 1992 2000 1979
f 139 1999 1987
f 517 2001 1999
f 515 1987 2001
f 1999 2001 1987
f 133 1983 1995
f 513 2002 1983
f 517 1995 2002
f 1983 2002 1995
f 515 2001 2000
f 517 2002 2001
f 513 2000 2002
f 2001 2002 2000
f 9 2003 2005
f 519 2004 2003
f 521 2005 2004
f 2003 2004 2005
f 140 2006 2008
f 520 2007 2006
f 519 2008 2007
f 2006 2007 2008
f 142 2009 2011
f 521 2010 2009
f 520 2011 2010
f 2009 2010 2011
f 519 2007 2004
f 520 2010 2007
f 521 2004 2010
f 2007 2010 2004
f 41 2012 2014
f 522 2013 2012
f 524 2014 2013
f 2012 2013 2014
f 141 2015 2017
f 523 2016 2015
f 522 2017 2016
f 2015 2016 2017
f 140 2018 2020
f 524 2019 2018
f 523 2020 2019
f 2018 2019 2020
f 522 2016 2013
f 523 2019 2016
f 524 2013 2019
f 2016 2019 2013
f 40 2021 2023
f 525 2022 2021
f 527 2023 2022
f 2021 2022 2023
f 142 2024 2026
f 526 2025 2024
f 525 2026 2025
f 2024 2025 2026
f 141 2027 2029
f 527 2028 2027
f 526 2029 2028
f 2027 2028 2029
f 525 2025 2022
f 526 2028 2025
f 527 2022 2028
f 2025 2028 2022
f 140 2020 2006
f 523 2030 2020
f 520 2006 2030
f 2020 2030 2006
f 141 2029 2015
f 526 2031 2029
f 523 2015 2031
f 2029 2031 2015
f 142 2011 2024
f 520 2032 2011
f 526 2024 2032
f 2011 2032 2024
f 523 2031 2030
f 526 2032 2031
f 520 2030 2032
f 2031 2032 2030
f 39 1994 1958
f 518 2033 1994
f 507 1958 2033
f 1994 2033 1958
f 139 2034 1997
f 528 2035 2034
f 518 1997 2035
f 2034 2035 1997
f 136 1962 2037
f 507 2036 1962
f 528 2037 2036
f 1962 2036 2037
f 518 2035 2033
f 528 2036 2035
f 507 2033 2036
f 2035 2036 2033
f 40 2023 1984
f 527 2038 2023
f 514 1984 2038
f 2023 2038 1984
f 141 2039 2027
f 529 2040 2039
f 527 2027 2040
f 2039 2040 2027
f 139 1989 2042
f 514 2041 1989
f 529 2042 2041
f 1989 2041 2042
f 527 2040 2038
f 529 2041 2040
f 514 2038 2041
f 2040 2041 2038
f 41 1967 2012
f 511 2043 1967
f 522 2012 2043
f 1967 2043 2012
f 136 2044 1971
f 530 2045 2044
f 511 1971 2045
f 2044 2045 1971
f 141 2017 2047
f 522 2046 2017
f 530 2047 2046
f 2017 2046 2047
f 511 2045 2043
f 530 2046 2045
f 522 2043 2046
f 2045 2046 2043
f 139 2042 2034
f 529 2048 2042
f 528 2034 2048
f 2042 2048 2034
f 141 2047 2039
f 530 2049 2047
f 529 2039 2049
f 2047 2049 2039
f 136 2037 2044
f 528 2050 2037
f 530 2044 2050
f 2037 2050 2044
f 529 2049 2048
f 530 2050 2049
f 528 2048 2050
f 2049 2050 2048
f 4 1952 1643
f 506 2051 1952
f 423 1643 2051
f 1952 2051 1643
f 137 2052 1955
f 531 2053 2052
f 506 1955 2053
f 2052 2053 1955
f 113 1648 2055
f 423 2054 1648
f 531 2055 2054
f 1648 2054 2055
f 506 2053 2051
f 531 2054 2053
f 423 2051 2054
f 2053 2054 2051
f 41 2056 1965
f 532 2057 2056
f 509 1965 2057
f 2056 2057 1965
f 143 2058 2060
f 533 2059 2058
f 532 2060 2059
f 2058 2059 2060
f 137 1970 2062
f 509 2061 1970
f 533 2062 2061
f 1970 2061 2062
f 532 2059 2057
f 533 2061 2059
f 509 2057 2061
f 2059 2061 2057
f 33 1654 2064
f 428 2063 1654
f 535 2064 2063
f 1654 2063 2064
f 113 2065 1658
f 534 2066 2065
f 428 1658 2066
f 2065 2066 1658
f 143 2067 2069
f 535 2068 2067
f 534 2069 2068
f 2067 2068 2069
f 428 2066 2063
f 534 2068 2066
f 535 2063 2068
f 2066 2068 2063
f 137 2062 2052
f 533 2070 2062
f 531 2052 2070
f 2062 2070 2052
f 143 2069 2058
f 534 2071 2069
f 533 2058 2071
f 2069 2071 2058
f 113 2055 2065
f 531 2072 2055
f 534 2065 2072
f 2055 2072 2065
f 533 2071 2070
f 534 2072 2071
f 531 2070 2072
f 2071 2072 2070
f 9 2073 2003
f 536 2074 2073
f 519 2003 2074
f 2073 2074 2003
f 144 2075 2077
f 537 2076 2075
f 536 2077 2076
f 2075 2076 2077
f 140 2008 2079
f 519 2078 2008
f 537 2079 2078
f 2008 2078 2079
f 536 2076 2074
f 537 2078 2076
f 519 2074 2078
f 2076 2078 2074
f 42 2080 2082
f 538 2081 2080
f 540 2082 2081
f 2080 2081 2082
f 145 2083 2085
f 539 2084 2083
f 538 2085 2084
f 2083 2084 2085
f 144 2086 2088
f 540 2087 2086
f 539 2088 2087
f 2086 2087 2088
f 538 2084 2081
f 539 2087 2084
f 540 2081 2087
f 2084 2087 2081
f 41 2014 2090
f 524 2089 2014
f 542 2090 2089
f 2014 2089 2090
f 140 2091 2018
f 541 2092 2091
f 524 2018 2092
f 2091 2092 2018
f 145 2093 2095
f 542 2094 2093
f 541 2095 2094
f 2093 2094 2095
f 524 2092 2089
f 541 2094 2092
f 542 2089 2094
f 2092 2094 2089
f 144 2088 2075
f 539 2096 2088
f 537 2075 2096
f 2088 2096 2075
f 145 2095 2083
f 541 2097 2095
f 539 2083 2097
f 2095 2097 2083
f 140 2079 2091
f 537 2098 2079
f 541 2091 2098
f 2079 2098 2091
f 539 2097 2096
f 541 2098 2097
f 537 2096 2098
f 2097 2098 2096
f 10 1675 2100
f 434 2099 1675
f 544 2100 2099
f 1675 2099 2100
f 118 2101 1679
f 543 2102 2101
f 434 1679 2102
f 2101 2102 1679
f 147 2103 2105
f 544 2104 2103
f 543 2105 2104
f 2103 2104 2105
f 434 2102 2099
f 543 2104 2102
f 544 2099 2104
f 2102 2104 2099
f 33 2106 1691
f 545 2107 2106
f 438 1691 2107
f 2106 2107 1691
f 146 2108 2110
f 546 2109 2108
f 545 2110 2109
f 2108 2109 2110
f 118 1696 2112
f 438 2111 1696
f 546 2112 2111
f 1696 2111 2112
f 545 2109 2107
f 546 2111 2109
f 438 2107 2111
f 2109 2111 2107
f 42 2113 2115
f 547 2114 2113
f 549 2115 2114
f 2113 2114 2115
f 147 2116 2118
f 548 2117 2116
f 547 2118 2117
f 2116 2117 2118
f 146 2119 2121
f 549 2120 2119
f 548 2121 2120
f 2119 2120 2121
f 547 2117 2114
f 548 2120 2117
f 549 2114 2120
f 2117 2120 2114
f 118 2112 2101
f 546 2122 2112
f 543 2101 2122
f 2112 2122 2101
f 146 2121 2108
f 548 2123 2121
f 546 2108 2123
f 2121 2123 2108
f 147 2105 2116
f 543 2124 2105
f 548 2116 2124
f 2105 2124 2116
f 546 2123 2122
f 548 2124 2123
f 543 2122 2124
f 2123 2124 2122
f 41 2090 2056
f 542 2125 2090
f 532 2056 2125
f 2090 2125 2056
f 145 2126 2093
f 550 2127 2126
f 542 2093 2127
f 2126 2127 2093
f 143 2060 2129
f 532 2128 2060
f 550 2129 2128
f 2060 2128 2129
f 542 2127 2125
f 550 2128 2127
f 532 2125 2128
f 2127 2128 2125
f 42 2115 2080
f 549 2130 2115
f 538 2080 2130
f 2115 2130 2080
f 146 2131 2119
f 551 2132 2131
f 549 2119 2132
f 2131 2132 2119
f 145 2085 2134
f 538 2133 2085
f 551 2134 2133
f 2085 2133 2134
f 549 2132 2130
f 551 2133 2132
f 538 2130 2133
f 2132 2133 2130
f 33 2064 2106
f 535 2135 2064
f 545 2106 2135
f 2064 2135 2106
f 143 2136 2067
f 552 2137 2136
f 535 2067 2137
f 2136 2137 2067
f 146 2110 2139
f 545 2138 2110
f 552 2139 2138
f 2110 2138 2139
f 535 2137 2135
f 552 2138 2137
f 545 2135 2138
f 2137 2138 2135
f 145 2134 2126
f 551 2140 2134
f 550 2126 2140
f 2134 2140 2126
f 146 2139 2131
f 552 2141 2139
f 551 2131 2141
f 2139 2141 2131
f 143 2129 2136
f 550 2142 2129
f 552 2136 2142
f 2129 2142 2136
f 551 2141 2140
f 552 2142 2141
f 550 2140 2142
f 2141 2142 2140
f 5 1705 1295
f 443 2143 1705
f 333 1295 2143
f 1705 2143 1295
f 121 2144 1709
f 553 2145 2144
f 443 1709 2145
f 2144 2145 1709
f 89 1300 2147
f 333 2146 1300
f 553 2147 2146
f 1300 2146 2147
f 443 2145 2143
f 553 2146 2145
f 333 2143 2146
f 2145 2146 2143
f 34 2148 1721
f 554 2149 2148
f 447 1721 2149
f 2148 2149 1721
f 148 2150 2152
f 555 2151 2150
f 554 2152 2151
f 2150 2151 2152
f 121 1726 2154
f 447 2153 1726
f 555 2154 2153
f 1726 2153 2154
f 554 2151 2149
f 555 2153 2151
f 447 2149 2153
f 2151 2153 2149
f 26 1306 2156
f 338 2155 1306
f 557 2156 2155
f 1306 2155 2156
f 89 2157 1310
f 556 2158 2157
f 338 1310 2158
f 2157 2158 1310
f 148 2159 2161
f 557 2160 2159
f 556 2161 2160
f 2159 2160 2161
f 338 2158 2155
f 556 2160 2158
f 557 2155 2160
f 2158 2160 2155
f 121 2154 2144
f 555 2162 2154
f 553 2144 2162
f 2154 2162 2144
f 148 2161 2150
f 556 2163 2161
f 555 2150 2163
f 2161 2163 2150
f 89 2147 2157
f 553 2164 2147
f 556 2157 2164
f 2147 2164 2157
f 555 2163 2162
f 556 2164 2163
f 553 2162 2164
f 2163 2164 2162
f 10 1197 1673
f 309 2165 1197
f 432 1673 2165
f 1197 2165 1673
f 84 2166 1201
f 558 2167 2166
f 309 1201 2167
f 2166 2167 1201
f 116 1678 2169
f 432 2168 1678
f 558 2169 2168
f 1678 2168 2169
f 309 2167 2165
f 558 2168 2167
f 432 2165 2168
f 2167 2168 2165
f 23 2170 1213
f 559 2171 2170
f 313 1213 2171
f 2170 2171 1213
f 149 2172 2174
f 560 2173 2172
f 559 2174 2173
f 2172 2173 2174
f 84 1218 2176
f 313 2175 1218
f 560 2176 2175
f 1218 2175 2176
f 559 2173 2171
f 560 2175 2173
f 313 2171 2175
f 2173 2175 2171
f 34 1684 2178
f 437 2177 1684
f 562 2178 2177
f 1684 2177 2178
f 116 2179 1688
f 561 2180 2179
f 437 1688 2180
f 2179 2180 1688
f 149 2181 2183
f 562 2182 2181
f 561 2183 2182
f 2181 2182 2183
f 437 2180 2177
f 561 2182 2180
f 562 2177 2182
f 2180 2182 2177
f 84 2176 2166
f 560 2184 2176
f 558 2166 2184
f 2176 2184 2166
f 149 2183 2172
f 561 2185 2183
f 560 2172 2185
f 2183 2185 2172
f 116 2169 2179
f 558 2186 2169
f 561 2179 2186
f 2169 2186 2179
f 560 2185 2184
f 561 2186 2185
f 558 2184 2186
f 2185 2186 2184
f 6 1244 1169
f 320 2187 1244
f 300 1169 2187
f 1244 2187 1169
f 86 2188 1247
f 563 2189 2188
f 320 1247 2189
f 2188 2189 1247
f 80 1173 2191
f 300 2190 1173
f 563 2191 2190
f 1173 2190 2191
f 320 2189 2187
f 563 2190 2189
f 300 2187 2190
f 2189 2190 2187
f 26 2192 1257
f 564 2193 2192
f 323 1257 2193
f 2192 2193 1257
f 150 2194 2196
f 565 2195 2194
f 564 2196 2195
f 2194 2195 2196
f 86 1262 2198
f 323 2197 1262
f 565 2198 2197
f 1262 2197 2198
f 564 2195 2193
f 565 2197 2195
f 323 2193 2197
f 2195 2197 2193
f 23 1178 2200
f 304 2199 1178
f 567 2200 2199
f 1178 2199 2200
f 80 2201 1182
f 566 2202 2201
f 304 1182 2202
f 2201 2202 1182
f 150 2203 2205
f 567 2204 2203
f 566 2205 2204
f 2203 2204 2205
f 304 2202 2199
f 566 2204 2202
f 567 2199 2204
f 2202 2204 2199
f 86 2198 2188
f 565 2206 2198
f 563 2188 2206
f 2198 2206 2188
f 150 2205 2194
f 566 2207 2205
f 565 2194 2207
f 2205 2207 2194
f 80 2191 2201
f 563 2208 2191
f 566 2201 2208
f 2191 2208 2201
f 565 2207 2206
f 566 2208 2207
f 563 2206 2208
f 2207 2208 2206
f 34 2178 2148
f 562 2209 2178
f 554 2148 2209
f 2178 2209 2148
f 149 2210 2181
f 568 2211 2210
f 562 2181 2211
f 2210 2211 2181
f 148 2152 2213
f 554 2212 2152
f 568 2213 2212
f 2152 2212 2213
f 562 2211 2209
f 568 2212 2211
f 554 2209 2212
f 2211 2212 2209
f 23 2200 2170
f 567 2214 2200
f 559 2170 2214
f 2200 2214 2170
f 150 2215 2203
f 569 2216 2215
f 567 2203 2216
f 2215 2216 2203
f 149 2174 2218
f 559 2217 2174
f 569 2218 2217
f 2174 2217 2218
f 567 2216 2214
f 569 2217 2216
f 559 2214 2217
f 2216 2217 2214
f 26 2156 2192
f 557 2219 2156
f 564 2192 2219
f 2156 2219 2192
f 148 2220 2159
f 570 2221 2220
f 557 2159 2221
f 2220 2221 2159
f 150 2196 2223
f 564 2222 2196
f 570 2223 2222
f 2196 2222 2223
f 557 2221 2219
f 570 2222 2221
f 564 2219 2222
f 2221 2222 2219
f 149 2218 2210
f 569 2224 2218
f 568 2210 2224
f 2218 2224 2210
f 150 2223 2215
f 570 2225 2223
f 569 2215 2225
f 2223 2225 2215
f 148 2213 2220
f 568 2226 2213
f 570 2220 2226
f 2213 2226 2220
f 569 2225 2224
f 570 2226 2225
f 568 2224 2226
f 2225 2226 2224
f 3 1805 1395
f 469 2227 1805
f 359 1395 2227
f 1805 2227 1395
f 128 2228 1809
f 571 2229 2228
f 469 1809 2229
f 2228 2229 1809
f 96 1400 2231
f 359 2230 1400
f 571 2231 2230
f 1400 2230 2231
f 469 2229 2227
f 571 2230 2229
f 359 2227 2230
f 2229 2230 2227
f 36 2232 1821
f 572 2233 2232
f 473 1821 2233
f 2232 2233 1821
f 151 2234 2236
f 573 2235 2234
f 572 2236 2235
f 2234 2235 2236
f 128 1826 2238
f 473 2237 1826
f 573 2238 2237
f 1826 2237 2238
f 572 2235 2233
f 573 2237 2235
f 473 2233 2237
f 2235 2237 2233
f 28 1406 2240
f 364 2239 1406
f 575 2240 2239
f 1406 2239 2240
f 96 2241 1410
f 574 2242 2241
f 364 1410 2242
f 2241 2242 1410
f 151 2243 2245
f 575 2244 2243
f 574 2245 2244
f 2243 2244 2245
f 364 2242 2239
f 574 2244 2242
f 575 2239 2244
f 2242 2244 2239
f 128 2238 2228
f 573 2246 2238
f 571 2228 2246
f 2238 2246 2228
f 151 2245 2234
f 574 2247 2245
f 573 2234 2247
f 2245 2247 2234
f 96 2231 2241
f 571 2248 2231
f 574 2241 2248
f 2231 2248 2241
f 573 2247 2246
f 574 2248 2247
f 571 2246 2248
f 2247 2248 2246
f 5 1297 1777
f 335 2249 1297
f 460 1777 2249
f 1297 2249 1777
f 91 2250 1301
f 576 2251 2250
f 335 1301 2251
f 2250 2251 1301
f 124 1781 2253
f 460 2252 1781
f 576 2253 2252
f 1781 2252 2253
f 335 2251 2249
f 576 2252 2251
f 460 2249 2252
f 2251 2252 2249
f 25 2254 1313
f 577 2255 2254
f 339 1313 2255
f 2254 2255 1313
f 152 2256 2258
f 578 2257 2256
f 577 2258 2257
f 2256 2257 2258
f 91 1318 2260
f 339 2259 1318
f 578 2260 2259
f 1318 2259 2260
f 577 2257 2255
f 578 2259 2257
f 339 2255 2259
f 2257 2259 2255
f 36 1786 2262
f 464 2261 1786
f 580 2262 2261
f 1786 2261 2262
f 124 2263 1790
f 579 2264 2263
f 464 1790 2264
f 2263 2264 1790
f 152 2265 2267
f 580 2266 2265
f 579 2267 2266
f 2265 2266 2267
f 464 2264 2261
f 579 2266 2264
f 580 2261 2266
f 2264 2266 2261
f 91 2260 2250
f 578 2268 2260
f 576 2250 2268
f 2260 2268 2250
f 152 2267 2256
f 579 2269 2267
f 578 2256 2269
f 2267 2269 2256
f 124 2253 2263
f 576 2270 2253
f 579 2263 2270
f 2253 2270 2263
f 578 2269 2268
f 579 2270 2269
f 576 2268 2270
f 2269 2270 2268
f 12 1344 1269
f 346 2271 1344
f 326 1269 2271
f 1344 2271 1269
f 93 2272 1347
f 581 2273 2272
f 346 1347 2273
f 2272 2273 1347
f 87 1273 2275
f 326 2274 1273
f 581 2275 2274
f 1273 2274 2275
f 346 2273 2271
f 581 2274 2273
f 326 2271 2274
f 2273 2274 2271
f 28 2276 1357
f 582 2277 2276
f 349 1357 2277
f 2276 2277 1357
f 153 2278 2280
f 583 2279 2278
f 582 2280 2279
f 2278 2279 2280
f 93 1362 2282
f 349 2281 1362
f 583 2282 2281
f 1362 2281 2282
f 582 2279 2277
f 583 2281 2279
f 349 2277 2281
f 2279 2281 2277
f 25 1278 2284
f 330 2283 1278
f 585 2284 2283
f 1278 2283 2284
f 87 2285 1282
f 584 2286 2285
f 330 1282 2286
f 2285 2286 1282
f 153 2287 2289
f 585 2288 2287
f 584 2289 2288
f 2287 2288 2289
f 330 2286 2283
f 584 2288 2286
f 585 2283 2288
f 2286 2288 2283
f 93 2282 2272
f 583 2290 2282
f 581 2272 2290
f 2282 2290 2272
f 153 2289 2278
f 584 2291 2289
f 583 2278 2291
f 2289 2291 2278
f 87 2275 2285
f 581 2292 2275
f 584 2285 2292
f 2275 2292 2285
f 583 2291 2290
f 584 2292 2291
f 581 2290 2292
f 2291 2292 2290
f 36 2262 2232
f 580 2293 2262
f 572 2232 2293
f 2262 2293 2232
f 152 2294 2265
f 586 2295 2294
f 580 2265 2295
f 2294 2295 2265
f 151 2236 2297
f 572 2296 2236
f 586 2297 2296
f 2236 2296 2297
f 580 2295 2293
f 586 2296 2295
f 572 2293 2296
f 2295 2296 2293
f 25 2284 2254
f 585 2298 2284
f 577 2254 2298
f 2284 2298 2254
f 153 2299 2287
f 587 2300 2299
f 585 2287 2300
f 2299 2300 2287
f 152 2258 2302
f 577 2301 2258
f 587 2302 2301
f 2258 2301 2302
f 585 2300 2298
f 587 2301 2300
f 577 2298 2301
f 2300 2301 2298
f 28 2240 2276
f 575 2303 2240
f 582 2276 2303
f 2240 2303 2276
f 151 2304 2243
f 588 2305 2304
f 575 2243 2305
f 2304 2305 2243
f 153 2280 2307
f 582 2306 2280
f 588 2307 2306
f 2280 2306 2307
f 575 2305 2303
f 588 2306 2305
f 582 2303 2306
f 2305 2306 2303
f 152 2302 2294
f 587 2308 2302
f 586 2294 2308
f 2302 2308 2294
f 153 2307 2299
f 588 2309 2307
f 587 2299 2309
f 2307 2309 2299
f 151 2297 2304
f 586 2310 2297
f 588 2304 2310
f 2297 2310 2304
f 587 2309 2308
f 588 2310 2309
f 586 2308 2310
f 2309 2310 2308
f 7 1905 1495
f 495 2311 1905
f 385 1495 2311
f 1905 2311 1495
f 135 2312 1909
f 589 2313 2312
f 495 1909 2313
f 2312 2313 1909
f 103 1500 2315
f 385 2314 1500
f 589 2315 2314
f 1500 2314 2315
f 495 2313 2311
f 589 2314 2313
f 385 2311 2314
f 2313 2314 2311
f 38 2316 1921
f 590 2317 2316
f 499 1921 2317
f 2316 2317 1921
f 154 2318 2320
f 591 2319 2318
f 590 2320 2319
f 2318 2319 2320
f 135 1926 2322
f 499 2321 1926
f 591 2322 2321
f 1926 2321 2322
f 590 2319 2317
f 591 2321 2319
f 499 2317 2321
f 2319 2321 2317
f 30 1506 2324
f 390 2323 1506
f 593 2324 2323
f 1506 2323 2324
f 103 2325 1510
f 592 2326 2325
f 390 1510 2326
f 2325 2326 1510
f 154 2327 2329
f 593 2328 2327
f 592 2329 2328
f 2327 2328 2329
f 390 2326 2323
f 592 2328 2326
f 593 2323 2328
f 2326 2328 2323
f 135 2322 2312
f 591 2330 2322
f 589 2312 2330
f 2322 2330 2312
f 154 2329 2318
f 592 2331 2329
f 591 2318 2331
f 2329 2331 2318
f 103 2315 2325
f 589 2332 2315
f 592 2325 2332
f 2315 2332 2325
f 591 2331 2330
f 592 2332 2331
f 589 2330 2332
f 2331 2332 2330
f 3 1397 1877
f 361 2333 1397
f 486 1877 2333
f 1397 2333 1877
f 98 2334 1401
f 594 2335 2334
f 361 1401 2335
f 2334 2335 1401
f 131 1881 2337
f 486 2336 1881
f 594 2337 2336
f 1881 2336 2337
f 361 2335 2333
f 594 2336 2335
f 486 2333 2336
f 2335 2336 2333
f 27 2338 1413
f 595 2339 2338
f 365 1413 2339
f 2338 2339 1413
f 155 2340 2342
f 596 2341 2340
f 595 2342 2341
f 2340 2341 2342
f 98 1418 2344
f 365 2343 1418
f 596 2344 2343
f 1418 2343 2344
f 595 2341 2339
f 596 2343 2341
f 365 2339 2343
f 2341 2343 2339
f 38 1886 2346
f 490 2345 1886
f 598 2346 2345
f 1886 2345 2346
f 131 2347 1890
f 597 2348 2347
f 490 1890 2348
f 2347 2348 1890
f 155 2349 2351
f 598 2350 2349
f 597 2351 2350
f 2349 2350 2351
f 490 2348 2345
f 597 2350 2348
f 598 2345 2350
f 2348 2350 2345
f 98 2344 2334
f 596 2352 2344
f 594 2334 2352
f 2344 2352 2334
f 155 2351 2340
f 597 2353 2351
f 596 2340 2353
f 2351 2353 2340
f 131 2337 2347
f 594 2354 2337
f 597 2347 2354
f 2337 2354 2347
f 596 2353 2352
f 597 2354 2353
f 594 2352 2354
f 2353 2354 2352
f 11 1444 1369
f 372 2355 1444
f 352 1369 2355
f 1444 2355 1369
f 100 2356 1447
f 599 2357 2356
f 372 1447 2357
f 2356 2357 1447
f 94 1373 2359
f 352 2358 1373
f 599 2359 2358
f 1373 2358 2359
f 372 2357 2355
f 599 2358 2357
f 352 2355 2358
f 2357 2358 2355
f 30 2360 1457
f 600 2361 2360
f 375 1457 2361
f 2360 2361 1457
f 156 2362 2364
f 601 2363 2362
f 600 2364 2363
f 2362 2363 2364
f 100 1462 2366
f 375 2365 1462
f 601 2366 2365
f 1462 2365 2366
f 600 2363 2361
f 601 2365 2363
f 375 2361 2365
f 2363 2365 2361
f 27 1378 2368
f 356 2367 1378
f 603 2368 2367
f 1378 2367 2368
f 94 2369 1382
f 602 2370 2369
f 356 1382 2370
f 2369 2370 1382
f 156 2371 2373
f 603 2372 2371
f 602 2373 2372
f 2371 2372 2373
f 356 2370 2367
f 602 2372 2370
f 603 2367 2372
f 2370 2372 2367
f 100 2366 2356
f 601 2374 2366
f 599 2356 2374
f 2366 2374 2356
f 156 2373 2362
f 602 2375 2373
f 601 2362 2375
f 2373 2375 2362
f 94 2359 2369
f 599 2376 2359
f 602 2369 2376
f 2359 2376 2369
f 601 2375 2374
f 602 2376 2375
f 599 2374 2376
f 2375 2376 2374
f 38 2346 2316
f 598 2377 2346
f 590 2316 2377
f 2346 2377 2316
f 155 2378 2349
f 604 2379 2378
f 598 2349 2379
f 2378 2379 2349
f 154 2320 2381
f 590 2380 2320
f 604 2381 2380
f 2320 2380 2381
f 598 2379 2377
f 604 2380 2379
f 590 2377 2380
f 2379 2380 2377
f 27 2368 2338
f 603 2382 2368
f 595 2338 2382
f 2368 2382 2338
f 156 2383 2371
f 605 2384 2383
f 603 2371 2384
f 2383 2384 2371
f 155 2342 2386
f 595 2385 2342
f 605 2386 2385
f 2342 2385 2386
f 603 2384 2382
f 605 2385 2384
f 595 2382 2385
f 2384 2385 2382
f 30 2324 2360
f 593 2387 2324
f 600 2360 2387
f 2324 2387 2360
f 154 2388 2327
f 606 2389 2388
f 593 2327 2389
f 2388 2389 2327
f 156 2364 2391
f 600 2390 2364
f 606 2391 2390
f 2364 2390 2391
f 593 2389 2387
f 606 2390 2389
f 600 2387 2390
f 2389 2390 2387
f 155 2386 2378
f 605 2392 2386
f 604 2378 2392
f 2386 2392 2378
f 156 2391 2383
f 606 2393 2391
f 605 2383 2393
f 2391 2393 2383
f 154 2381 2388
f 604 2394 2381
f 606 2388 2394
f 2381 2394 2388
f 605 2393 2392
f 606 2394 2393
f 604 2392 2394
f 2393 2394 2392
f 9 2005 1595
f 521 2395 2005
f 411 1595 2395
f 2005 2395 1595
f 142 2396 2009
f 607 2397 2396
f 521 2009 2397
f 2396 2397 2009
f 110 1600 2399
f 411 2398 1600
f 607 2399 2398
f 1600 2398 2399
f 521 2397 2395
f 607 2398 2397
f 411 2395 2398
f 2397 2398 2395
f 40 2400 2021
f 608 2401 2400
f 525 2021 2401
f 2400 2401 2021
f 157 2402 2404
f 609 2403 2402
f 608 2404 2403
f 2402 2403 2404
f 142 2026 2406
f 525 2405 2026
f 609 2406 2405
f 2026 2405 2406
f 608 2403 2401
f 609 2405 2403
f 525 2401 2405
f 2403 2405 2401
f 32 1606 2408
f 416 2407 1606
f 611 2408 2407
f 1606 2407 2408
f 110 2409 1610
f 610 2410 2409
f 416 1610 2410
f 2409 2410 1610
f 157 2411 2413
f 611 2412 2411
f 610 2413 2412
f 2411 2412 2413
f 416 2410 2407
f 610 2412 2410
f 611 2407 2412
f 2410 2412 2407
f 142 2406 2396
f 609 2414 2406
f 607 2396 2414
f 2406 2414 2396
f 157 2413 2402
f 610 2415 2413
f 609 2402 2415
f 2413 2415 2402
f 110 2399 2409
f 607 2416 2399
f 610 2409 2416
f 2399 2416 2409
f 609 2415 2414
f 610 2416 2415
f 607 2414 2416
f 2415 2416 2414
f 7 1497 1977
f 387 2417 1497
f 512 1977 2417
f 1497 2417 1977
f 105 2418 1501
f 612 2419 2418
f 387 1501 2419
f 2418 2419 1501
f 138 1981 2421
f 512 2420 1981
f 612 2421 2420
f 1981 2420 2421
f 387 2419 2417
f 612 2420 2419
f 512 2417 2420
f 2419 2420 2417
f 29 2422 1513
f 613 2423 2422
f 391 1513 2423
f 2422 2423 1513
f 158 2424 2426
f 614 2425 2424
f 613 2426 2425
f 2424 2425 2426
f 105 1518 2428
f 391 2427 1518
f 614 2428 2427
f 1518 2427 2428
f 613 2425 2423
f 614 2427 2425
f 391 2423 2427
f 2425 2427 2423
f 40 1986 2430
f 516 2429 1986
f 616 2430 2429
f 1986 2429 2430
f 138 2431 1990
f 615 2432 2431
f 516 1990 2432
f 2431 2432 1990
f 158 2433 2435
f 616 2434 2433
f 615 2435 2434
f 2433 2434 2435
f 516 2432 2429
f 615 2434 2432
f 616 2429 2434
f 2432 2434 2429
f 105 2428 2418
f 614 2436 2428
f 612 2418 2436
f 2428 2436 2418
f 158 2435 2424
f 615 2437 2435
f 614 2424 2437
f 2435 2437 2424
f 138 2421 2431
f 612 2438 2421
f 615 2431 2438
f 2421 2438 2431
f 614 2437 2436
f 615 2438 2437
f 612 2436 2438
f 2437 2438 2436
f 8 1544 1469
f 398 2439 1544
f 378 1469 2439
f 1544 2439 1469
f 107 2440 1547
f 617 2441 2440
f 398 1547 2441
f 2440 2441 1547
f 101 1473 2443
f 378 2442 1473
f 617 2443 2442
f 1473 2442 2443
f 398 2441 2439
f 617 2442 2441
f 378 2439 2442
f 2441 2442 2439
f 32 2444 1557
f 618 2445 2444
f 401 1557 2445
f 2444 2445 1557
f 159 2446 2448
f 619 2447 2446
f 618 2448 2447
f 2446 2447 2448
f 107 1562 2450
f 401 2449 1562
f 619 2450 2449
f 1562 2449 2450
f 618 2447 2445
f 619 2449 2447
f 401 2445 2449
f 2447 2449 2445
f 29 1478 2452
f 382 2451 1478
f 621 2452 2451
f 1478 2451 2452
f 101 2453 1482
f 620 2454 2453
f 382 1482 2454
f 2453 2454 1482
f 159 2455 2457
f 621 2456 2455
f 620 2457 2456
f 2455 2456 2457
f 382 2454 2451
f 620 2456 2454
f 621 2451 2456
f 2454 2456 2451
f 107 2450 2440
f 619 2458 2450
f 617 2440 2458
f 2450 2458 2440
f 159 2457 2446
f 620 2459 2457
f 619 2446 2459
f 2457 2459 2446
f 101 2443 2453
f 617 2460 2443
f 620 2453 2460
f 2443 2460 2453
f 619 2459 2458
f 620 2460 2459
f 617 2458 2460
f 2459 2460 2458
f 40 2430 2400
f 616 2461 2430
f 608 2400 2461
f 2430 2461 2400
f 158 2462 2433
f 622 2463 2462
f 616 2433 2463
f 2462 2463 2433
f 157 2404 2465
f 608 2464 2404
f 622 2465 2464
f 2404 2464 2465
f 616 2463 2461
f 622 2464 2463
f 608 2461 2464
f 2463 2464 2461
f 29 2452 2422
f 621 2466 2452
f 613 2422 2466
f 2452 2466 2422
f 159 2467 2455
f 623 2468 2467
f 621 2455 2468
f 2467 2468 2455
f 158 2426 2470
f 613 2469 2426
f 623 2470 2469
f 2426 2469 2470
f 621 2468 2466
f 623 2469 2468
f 613 2466 2469
f 2468 2469 2466
f 32 2408 2444
f 611 2471 2408
f 618 2444 2471
f 2408 2471 2444
f 157 2472 2411
f 624 2473 2472
f 611 2411 2473
f 2472 2473 2411
f 159 2448 2475
f 618 2474 2448
f 624 2475 2474
f 2448 2474 2475
f 611 2473 2471
f 624 2474 2473
f 618 2471 2474
f 2473 2474 2471
f 158 2470 2462
f 623 2476 2470
f 622 2462 2476
f 2470 2476 2462
f 159 2475 2467
f 624 2477 2475
f 623 2467 2477
f 2475 2477 2467
f 157 2465 2472
f 622 2478 2465
f 624 2472 2478
f 2465 2478 2472
f 623 2477 2476
f 624 2478 2477
f 622 2476 2478
f 2477 2478 2476
f 10 2100 1195
f 544 2479 2100
f 307 1195 2479
f 2100 2479 1195
f 147 2480 2103
f 625 2481 2480
f 544 2103 2481
f 2480 2481 2103
f 82 1200 2483
f 307 2482 1200
f 625 2483 2482
f 1200 2482 2483
f 544 2481 2479
f 625 2482 2481
f 307 2479 2482
f 2481 2482 2479
f 42 2484 2113
f 626 2485 2484
f 547 2113 2485
f 2484 2485 2113
f 160 2486 2488
f 627 2487 2486
f 626 2488 2487
f 2486 2487 2488
f 147 2118 2490
f 547 2489 2118
f 627 2490 2489
f 2118 2489 2490
f 626 2487 2485
f 627 2489 2487
f 547 2485 2489
f 2487 2489 2485
f 24 1206 2492
f 312 2491 1206
f 629 2492 2491
f 1206 2491 2492
f 82 2493 1210
f 628 2494 2493
f 312 1210 2494
f 2493 2494 1210
f 160 2495 2497
f 629 2496 2495
f 628 2497 2496
f 2495 2496 2497
f 312 2494 2491
f 628 2496 2494
f 629 2491 2496
f 2494 2496 2491
f 147 2490 2480
f 627 2498 2490
f 625 2480 2498
f 2490 2498 2480
f 160 2497 2486
f 628 2499 2497
f 627 2486 2499
f 2497 2499 2486
f 82 2483 2493
f 625 2500 2483
f 628 2493 2500
f 2483 2500 2493
f 627 2499 2498
f 628 2500 2499
f 625 2498 2500
f 2499 2500 2498
f 9 1597 2073
f 413 2501 1597
f 536 2073 2501
f 1597 2501 2073
f 112 2502 1601
f 630 2503 2502
f 413 1601 2503
f 2502 2503 1601
f 144 2077 2505
f 536 2504 2077
f 630 2505 2504
f 2077 2504 2505
f 413 2503 2501
f 630 2504 2503
f 536 2501 2504
f 2503 2504 2501
f 31 2506 1613
f 631 2507 2506
f 417 1613 2507
f 2506 2507 1613
f 161 2508 2510
f 632 2509 2508
f 631 2510 2509
f 2508 2509 2510
f 112 1618 2512
f 417 2511 1618
f 632 2512 2511
f 1618 2511 2512
f 631 2509 2507
f 632 2511 2509
f 417 2507 2511
f 2509 2511 2507
f 42 2082 2514
f 540 2513 2082
f 634 2514 2513
f 2082 2513 2514
f 144 2515 2086
f 633 2516 2515
f 540 2086 2516
f 2515 2516 2086
f 161 2517 2519
f 634 2518 2517
f 633 2519 2518
f 2517 2518 2519
f 540 2516 2513
f 633 2518 2516
f 634 2513 2518
f 2516 2518 2513
f 112 2512 2502
f 632 2520 2512
f 630 2502 2520
f 2512 2520 2502
f 161 2519 2508
f 633 2521 2519
f 632 2508 2521
f 2519 2521 2508
f 144 2505 2515
f 630 2522 2505
f 633 2515 2522
f 2505 2522 2515
f 632 2521 2520
f 633 2522 2521
f 630 2520 2522
f 2521 2522 2520
f 2 1144 1569
f 294 2523 1144
f 404 1569 2523
f 1144 2523 1569
f 79 2524 1147
f 635 2525 2524
f 294 1147 2525
f 2524 2525 1147
f 108 1573 2527
f 404 2526 1573
f 635 2527 2526
f 1573 2526 2527
f 294 2525 2523
f 635 2526 2525
f 404 2523 2526
f 2525 2526 2523
f 24 2528 1157
f 636 2529 2528
f 297 1157 2529
f 2528 2529 1157
f 162 2530 2532
f 637 2531 2530
f 636 2532 2531
f 2530 2531 2532
f 79 1162 2534
f 297 2533 1162
f 637 2534 2533
f 1162 2533 2534
f 636 2531 2529
f 637 2533 2531
f 297 2529 2533
f 2531 2533 2529
f 31 1578 2536
f 408 2535 1578
f 639 2536 2535
f 1578 2535 2536
f 108 2537 1582
f 638 2538 2537
f 408 1582 2538
f 2537 2538 1582
f 162 2539 2541
f 639 2540 2539
f 638 2541 2540
f 2539 2540 2541
f 408 2538 2535
f 638 2540 2538
f 639 2535 2540
f 2538 2540 2535
f 79 2534 2524
f 637 2542 2534
f 635 2524 2542
f 2534 2542 2524
f 162 2541 2530
f 638 2543 2541
f 637 2530 2543
f 2541 2543 2530
f 108 2527 2537
f 635 2544 2527
f 638 2537 2544
f 2527 2544 2537
f 637 2543 2542
f 638 2544 2543
f 635 2542 2544
f 2543 2544 2542
f 42 2514 2484
f 634 2545 2514
f 626 2484 2545
f 2514 2545 2484
f 161 2546 2517
f 640 2547 2546
f 634 2517 2547
f 2546 2547 2517
f 160 2488 2549
f 626 2548 2488
f 640 2549 2548
f 2488 2548 2549
f 634 2547 2545
f 640 2548 2547
f 626 2545 2548
f 2547 2548 2545
f 31 2536 2506
f 639 2550 2536
f 631 2506 2550
f 2536 2550 2506
f 162 2551 2539
f 641 2552 2551
f 639 2539 2552
f 2551 2552 2539
f 161 2510 2554
f 631 2553 2510
f 641 2554 2553
f 2510 2553 2554
f 639 2552 2550
f 641 2553 2552
f 631 2550 2553
f 2552 2553 2550
f 24 2492 2528
f 629 2555 2492
f 636 2528 2555
f 2492 2555 2528
f 160 2556 2495
f 642 2557 2556
f 629 2495 2557
f 2556 2557 2495
f 162 2532 2559
f 636 2558 2532
f 642 2559 2558
f 2532 2558 2559
f 629 2557 2555
f 642 2558 2557
f 636 2555 2558
f 2557 2558 2555
f 161 2554 2546
f 641 2560 2554
f 640 2546 2560
f 2554 2560 2546
f 162 2559 2551
f 642 2561 2559
f 641 2551 2561
f 2559 2561 2551
f 160 2549 2556
f 640 2562 2549
f 642 2556 2562
f 2549 2562 2556
f 641 2561 2560
f 642 2562 2561
f 640 2560 2562
f 2561 2562 2560
