# regolith_gen synthetic particle
# verts: 2562  tris: 5120
v -0.814599 0.595248 0.000000
v 0.812190 0.593488 0.000000
v -0.810654 -0.592365 0.000000
v 0.768176 -0.561325 0.000000
v 0.000000 -0.380547 0.747682
v 0.000000 0.390659 0.767550
v 0.000000 -0.351189 -0.690001
v 0.000000 0.351893 -0.691383
v 1.327879 0.000000 -0.450047
v 1.289199 0.000000 0.436938
v -1.280029 0.000000 -0.433830
v -1.321126 0.000000 0.447758
v -1.270412 0.354587 0.266107
v -0.800053 0.223304 0.709894
v -0.476579 0.563478 0.422873
v 0.477196 0.564207 0.423420
v 0.000000 0.687223 0.000000
v 0.468172 0.553538 -0.415414
v -0.475908 0.562685 -0.422278
v -0.750359 0.209434 -0.665801
v -1.321479 0.368841 -0.276804
v -1.574434 0.000000 0.000000
v 0.768876 0.214603 0.682230
v 1.273028 0.355317 0.266655
v -0.732022 -0.204316 0.649530
v 0.000000 0.000000 0.840715
v -1.216557 -0.339556 -0.254826
v -1.255614 -0.350457 0.263008
v 0.000000 0.000000 -0.872071
v -0.777082 -0.216893 -0.689512
v 1.264470 0.352929 -0.264862
v 0.773141 0.215793 -0.686015
v 1.243928 -0.347195 0.260560
v 0.778950 -0.217414 0.691170
v 0.458189 -0.541735 0.406556
v -0.478237 -0.565438 0.424344
v 0.000000 -0.682552 0.000000
v -0.491749 -0.581414 -0.436334
v 0.475582 -0.562299 -0.421989
v 0.765852 -0.213759 -0.679548
v 1.165687 -0.325357 -0.244171
v 1.511706 0.000000 0.000000
v -1.084248 0.495495 0.137657
v -0.942187 0.498189 0.373876
v -0.677204 0.608067 0.222444
v -1.064305 0.109969 0.576779
v -1.086591 0.303281 0.508936
v -1.369170 0.186283 0.377641
v -0.256016 0.499403 0.613643
v -0.692900 0.432448 0.614816
v -0.409341 0.308629 0.745116
v -0.248199 0.656186 0.220229
v -0.420682 0.668777 0.000000
v 0.255549 0.498491 0.612522
v 0.000000 0.611800 0.459137
v 0.409728 0.651362 0.000000
v 0.251250 0.664251 0.222936
v 0.646381 0.580391 0.212320
v -0.250572 0.662459 -0.222335
v -0.684389 0.614519 -0.224805
v 0.683669 0.613873 -0.224568
v 0.246043 0.650487 -0.218317
v -0.237462 0.463209 -0.569169
v 0.000000 0.570151 -0.427881
v 0.240377 0.468895 -0.576157
v -0.896179 0.473861 -0.355619
v -1.059757 0.484302 -0.134548
v -0.391977 0.295537 -0.713508
v -0.648739 0.404887 -0.575632
v -1.370031 0.186400 -0.377878
v -1.043401 0.291226 -0.488706
v -1.064713 0.110012 -0.577000
v -1.311244 0.365984 0.000000
v -1.474183 0.000000 -0.229656
v -1.504060 0.187741 -0.140894
v -1.578083 0.196981 0.147828
v -1.538599 0.000000 0.239691
v 0.907602 0.479902 0.360152
v 1.103474 0.504281 0.140098
v 0.408031 0.307641 0.742730
v 0.664530 0.414742 0.589643
v 1.315279 0.178951 0.362777
v 1.057941 0.295284 0.495517
v 1.033969 0.106835 0.560339
v -0.409600 0.114324 0.812680
v 0.000000 0.192944 0.824733
v -1.081026 -0.111697 0.585841
v -0.801817 0.000000 0.711460
v 0.000000 -0.194800 0.832667
v -0.393481 -0.109825 0.780699
v -0.387750 -0.292350 0.705814
v -1.518602 -0.189556 0.142256
v -1.357219 -0.184657 0.374345
v -1.331799 -0.181198 -0.367333
v -1.450739 -0.181085 -0.135899
v -1.048293 -0.479063 0.133092
v -1.305060 -0.364258 0.000000
v -1.037236 -0.474010 -0.131689
v -0.821190 0.000000 -0.728650
v -1.120379 -0.115763 -0.607167
v 0.000000 0.182784 -0.781304
v -0.411366 0.114817 -0.816185
v -0.396709 -0.299105 -0.722122
v -0.416810 -0.116337 -0.826987
v 0.000000 -0.193647 -0.827739
v 0.647649 0.404207 -0.574665
v 0.410195 0.309273 -0.746670
v 1.102736 0.503944 -0.140005
v 0.911904 0.482176 -0.361859
v 1.123270 0.116062 -0.608734
v 1.087479 0.303529 -0.509352
v 1.366169 0.185874 -0.376813
v 1.073282 -0.490483 0.136265
v 0.894424 -0.472933 0.354922
v 0.627240 -0.563204 0.206032
v 1.056566 -0.109170 0.572585
v 1.061327 -0.296229 0.497102
v 1.323883 -0.180121 0.365150
v 0.248807 -0.485339 0.596362
v 0.683232 -0.426415 0.606238
v 0.420028 -0.316687 0.764568
v 0.236731 -0.625866 0.210053
v 0.396179 -0.629823 0.000000
v -0.243055 -0.474119 0.582575
v 0.000000 -0.570735 0.428320
v -0.428278 -0.680853 0.000000
v -0.253894 -0.671242 0.225283
v -0.673069 -0.604354 0.221086
v 0.243364 -0.643403 -0.215939
v 0.640345 -0.574972 -0.210337
v -0.671205 -0.602681 -0.220474
v -0.252784 -0.668306 -0.224297
v 0.243827 -0.475625 -0.584425
v 0.000000 -0.586498 -0.440149
v -0.239739 -0.467651 -0.574628
v 0.890568 -0.470894 -0.353392
v 1.020947 -0.466566 -0.129620
v 0.399920 -0.301526 -0.727966
v 0.659649 -0.411696 -0.585312
v 1.285909 -0.174955 -0.354676
v 1.065644 -0.297434 -0.499125
v 1.076121 -0.111190 -0.583182
v 1.324718 -0.369745 0.000000
v 1.470898 0.000000 -0.229144
v 1.419902 -0.177236 -0.133010
v 1.473061 -0.183872 0.137990
v 1.491045 0.000000 0.232283
v 0.420203 -0.117284 0.833718
v 0.823756 0.000000 0.730926
v 0.413715 0.115473 0.820845
v -0.916192 -0.484444 0.363560
v -0.628944 -0.392533 0.558068
v -1.052815 -0.293853 0.493116
v -0.664676 -0.414833 -0.589773
v -0.906146 -0.479132 -0.359574
v -1.101032 -0.307311 -0.515700
v 0.818889 0.000000 -0.726607
v 0.403782 -0.112700 -0.801136
v 0.413393 0.115383 -0.820205
v 1.419333 0.177165 0.132957
v 1.424705 0.177836 -0.133460
v 1.328108 0.370691 0.000000
v -0.953198 0.548088 0.068848
v -0.870211 0.545312 0.177955
v -0.746111 0.601601 0.110811
v -1.132806 0.435184 0.326593
v -1.018696 0.499067 0.255417
v -1.171400 0.423148 0.200750
v -0.570376 0.579627 0.319939
v -0.802399 0.550069 0.295117
v -0.712282 0.537036 0.403030
v -1.177089 0.054991 0.506986
v -1.230412 0.149335 0.486277
v -1.345879 0.092199 0.413385
v -0.981894 0.274058 0.632995
v -1.096588 0.208727 0.554348
v -0.965366 0.170334 0.661848
v -1.327299 0.272479 0.323471
v -1.202722 0.239987 0.434503
v -1.170253 0.326632 0.384398
v -0.128742 0.441436 0.682479
v -0.343958 0.416555 0.701855
v -0.207568 0.346125 0.750400
v -0.586124 0.503491 0.520073
v -0.468535 0.462797 0.609621
v -0.369791 0.534391 0.519040
v -0.602842 0.266165 0.727267
v -0.559803 0.376951 0.694811
v -0.761538 0.333319 0.675719
v -1.041131 0.410323 0.453322
v -0.903570 0.371269 0.567800
v -0.823635 0.468475 0.496434
v -0.555427 0.647214 0.111942
v -0.630150 0.645601 0.000000
v -0.361476 0.609420 0.320741
v -0.460475 0.632476 0.221357
v -0.210638 0.682972 0.000000
v -0.338730 0.671614 0.112063
v -0.125619 0.681309 0.111463
v 0.131298 0.450199 0.696027
v 0.000000 0.508467 0.624780
v 0.247606 0.600573 0.450712
v 0.130278 0.565718 0.546099
v 0.367524 0.531115 0.515858
v -0.126910 0.551095 0.531984
v -0.238557 0.578626 0.434242
v 0.612223 0.627234 0.000000
v 0.525844 0.612743 0.105980
v 0.722854 0.582849 0.107357
v 0.125627 0.681354 0.111470
v 0.335899 0.666000 0.111126
v 0.209983 0.680846 0.000000
v 0.569834 0.579076 0.319634
v 0.442353 0.607585 0.212646
v 0.359302 0.605754 0.318812
v -0.123392 0.618003 0.328460
v 0.127511 0.638632 0.339424
v 0.000000 0.676245 0.226962
v -0.563887 0.657072 -0.113647
v -0.757575 0.610845 -0.112514
v -0.128223 0.695435 -0.113774
v -0.347719 0.689437 -0.115036
v -0.577198 0.586560 -0.323765
v -0.474396 0.651597 -0.228049
v -0.376451 0.634667 -0.334029
v 0.763638 0.615734 -0.113414
v 0.557442 0.649562 -0.112348
v 0.360013 0.606954 -0.319443
v 0.467282 0.641825 -0.224629
v 0.576879 0.586236 -0.323587
v 0.334872 0.663965 -0.110786
v 0.129088 0.700123 -0.114541
v -0.121039 0.415024 -0.641645
v 0.000000 0.484798 -0.595697
v 0.121792 0.417607 -0.645638
v -0.245490 0.595441 -0.446860
v -0.121422 0.527262 -0.508977
v -0.358916 0.518675 -0.503776
v 0.350076 0.505901 -0.491368
v 0.118670 0.515311 -0.497440
v 0.230254 0.558487 -0.419128
v 0.000000 0.671389 -0.225332
v 0.121795 0.610005 -0.324209
v -0.127672 0.639441 -0.339854
v -0.882093 0.552757 -0.180385
v -0.953256 0.548122 -0.068852
v -0.683103 0.515036 -0.386519
v -0.791147 0.542355 -0.290978
v -1.185178 0.428125 -0.203111
v -1.011014 0.495304 -0.253491
v -1.130705 0.434377 -0.325987
v -0.196866 0.328279 -0.711711
v -0.320953 0.388695 -0.654912
v -0.709472 0.310530 -0.629521
v -0.530312 0.357093 -0.658207
v -0.573955 0.253411 -0.692417
v -0.440553 0.435158 -0.573213
v -0.556861 0.478354 -0.494108
v -1.317946 0.090286 -0.404805
v -1.218254 0.147860 -0.481472
v -1.165571 0.054453 -0.502025
v -1.193495 0.333119 -0.392033
v -1.213047 0.242047 -0.438233
v -1.356560 0.278486 -0.330602
v -0.918025 0.161981 -0.629392
v -1.055249 0.200859 -0.533450
v -0.913146 0.254870 -0.588676
v -0.779032 0.443105 -0.469550
v -0.873698 0.358995 -0.549028
v -1.016608 0.400658 -0.442644
v -1.096501 0.501094 0.000000
v -1.335246 0.372683 -0.136336
v -1.223623 0.439304 -0.069786
v -1.198338 0.430226 0.068344
v -1.288220 0.359558 0.131534
v -1.399245 0.000000 -0.338242
v -1.452190 0.093414 -0.308643
v -1.551675 0.094413 -0.070854
v -1.533534 0.095165 -0.191549
v -1.566390 0.000000 -0.119643
v -1.448202 0.188506 -0.261123
v -1.407496 0.275506 -0.206759
v -1.485956 0.095586 0.315819
v -1.439863 0.000000 0.348060
v -1.421795 0.278305 0.208859
v -1.479925 0.192635 0.266843
v -1.597896 0.000000 0.122050
v -1.574862 0.097730 0.196711
v -1.590143 0.096753 0.072611
v -1.424565 0.281591 -0.070442
v -1.550185 0.193498 0.000000
v -1.445823 0.285793 0.071493
v 0.910775 0.570731 0.186250
v 0.965121 0.554944 0.069709
v 0.704504 0.531172 0.398629
v 0.817973 0.560745 0.300845
v 1.211021 0.437461 0.207540
v 1.042352 0.510657 0.261348
v 1.117119 0.429158 0.322070
v 0.211692 0.353001 0.765308
v 0.343471 0.415966 0.700862
v 0.737927 0.322985 0.654769
v 0.552044 0.371727 0.685180
v 0.602594 0.266056 0.726967
v 0.467740 0.462012 0.608586
v 0.579888 0.498135 0.514540
v 1.304614 0.089372 0.400710
v 1.171567 0.142193 0.463021
v 1.151086 0.053776 0.495786
v 1.202146 0.335534 0.394875
v 1.213179 0.242073 0.438280
v 1.323266 0.271651 0.322488
v 0.920110 0.162349 0.630821
v 1.034053 0.196824 0.522735
v 0.896062 0.250102 0.577662
v 0.786835 0.447544 0.474254
v 0.872117 0.358345 0.548035
v 1.000409 0.394274 0.435591
v -0.205216 0.252173 0.790087
v 0.000000 0.289882 0.798539
v -0.597863 0.166871 0.756435
v -0.415945 0.214290 0.791396
v 0.000000 0.097418 0.849300
v -0.210219 0.157369 0.838956
v -0.205862 0.057459 0.837914
v -1.206661 -0.056373 0.519723
v -1.061787 0.000000 0.575415
v -0.778704 -0.105947 0.690951
v -0.948303 -0.056027 0.654159
v -0.919918 -0.162315 0.630689
v -0.970314 0.057328 0.669343
v -0.819936 0.111557 0.727537
v 0.000000 -0.289716 0.798081
v -0.201436 -0.247529 0.775536
v -0.202019 -0.336872 0.730341
v -0.200320 -0.055912 0.815357
v -0.201130 -0.150565 0.802684
v 0.000000 -0.095161 0.829622
v -0.570233 -0.251768 0.687927
v -0.395445 -0.203729 0.752393
v -0.575051 -0.160504 0.727573
v -0.610207 0.056772 0.764528
v -0.600007 -0.055823 0.751749
v -0.405057 0.000000 0.803667
v -1.484964 -0.095522 0.315608
v -1.352521 -0.092654 0.415425
v -1.568091 -0.095412 0.071604
v -1.562632 -0.096971 0.195184
v -1.303629 -0.267619 0.317702
v -1.479028 -0.192518 0.266681
v -1.404661 -0.274951 0.206342
v -1.340859 -0.091855 -0.411843
v -1.425803 -0.091717 -0.303035
v -1.348218 -0.263903 -0.198051
v -1.421497 -0.185030 -0.256308
v -1.281027 -0.262979 -0.312194
v -1.517927 -0.094197 -0.189600
v -1.572743 -0.095695 -0.071816
v -0.944985 -0.543366 0.068255
v -1.056370 -0.482754 0.000000
v -0.935058 -0.537658 -0.067538
v -1.322779 -0.369204 0.135063
v -1.194002 -0.428669 0.068097
v -1.168345 -0.422045 0.200227
v -1.128275 -0.407570 -0.193360
v -1.155095 -0.414701 -0.065878
v -1.271940 -0.355014 -0.129872
v -1.507709 -0.188196 0.000000
v -1.399385 -0.276614 -0.069197
v -1.444152 -0.285463 0.071410
v -1.100937 0.000000 -0.596631
v -1.201434 -0.056129 -0.517471
v -0.798801 0.108681 -0.708784
v -0.953310 0.056323 -0.657613
v -0.953646 -0.168266 -0.653813
v -0.986042 -0.058257 -0.680192
v -0.813535 -0.110686 -0.721857
v 0.000000 0.269219 -0.741619
v -0.192450 0.236486 -0.740936
v -0.208487 0.058191 -0.848600
v -0.200203 0.149871 -0.798984
v 0.000000 0.094814 -0.826598
v -0.402313 0.207267 -0.765461
v -0.601743 0.167954 -0.761344
v -0.195189 -0.325482 -0.705646
v -0.200434 -0.246298 -0.771678
v 0.000000 -0.278936 -0.768386
v -0.616476 -0.172066 -0.779985
v -0.411843 -0.212177 -0.783593
v -0.591347 -0.261090 -0.713399
v 0.000000 -0.099694 -0.869137
v -0.206978 -0.154942 -0.826021
v -0.214077 -0.059752 -0.871352
v -0.637933 0.059352 -0.799267
v -0.421618 0.000000 -0.836525
v -0.627530 -0.058384 -0.786232
v 0.330305 0.400021 -0.673996
v 0.200964 0.335113 -0.726527
v 0.551619 0.473851 -0.489456
v 0.444029 0.438591 -0.577735
v 0.605549 0.267361 -0.730532
v 0.538306 0.362476 -0.668130
v 0.724147 0.316953 -0.642542
v 0.964737 0.554723 -0.069681
v 0.894976 0.560830 -0.183019
v 1.086337 0.417333 -0.313195
v 0.996137 0.488015 -0.249761
v 1.189016 0.429512 -0.203769
v 0.804370 0.551420 -0.295841
v 0.693096 0.522571 -0.392173
v 1.252057 0.058494 -0.539275
v 1.275393 0.154795 -0.504055
v 1.366610 0.093619 -0.419752
v 0.952523 0.265861 -0.614061
v 1.129169 0.214929 -0.570819
v 0.957426 0.168933 -0.656404
v 1.316154 0.270191 -0.320755
v 1.242443 0.247913 -0.448852
v 1.182258 0.329982 -0.388342
v 0.760101 0.432338 -0.458140
v 0.978597 0.385678 -0.426094
v 0.865403 0.355586 -0.543815
v 0.922908 -0.530671 0.066660
v 0.851216 -0.533408 0.174071
v 0.700481 -0.564809 0.104034
v 1.100040 -0.422597 0.317146
v 0.984033 -0.482086 0.246726
v 1.155236 -0.417309 0.197980
v 0.541795 -0.550582 0.303907
v 0.743682 -0.509816 0.273521
v 0.648823 -0.489191 0.367123
v 1.168417 -0.054586 0.503251
v 1.188646 -0.144266 0.469771
v 1.349977 -0.092480 0.414643
v 0.916011 -0.255670 0.590523
v 1.046993 -0.199287 0.529277
v 0.924828 -0.163181 0.634056
v 1.299586 -0.266789 0.316717
v 1.209753 -0.241390 0.437043
v 1.185203 -0.330804 0.389309
v 0.129308 -0.443378 0.685481
v 0.344128 -0.416762 0.702203
v 0.209064 -0.348620 0.755811
v 0.575546 -0.494405 0.510687
v 0.473697 -0.467896 0.616337
v 0.351539 -0.508015 0.493421
v 0.606414 -0.267743 0.731576
v 0.555944 -0.374353 0.690021
v 0.728775 -0.318979 0.646649
v 1.020601 -0.402232 0.444383
v 0.881031 -0.362008 0.553636
v 0.798085 -0.453943 0.481035
v 0.516638 -0.602015 0.104124
v 0.587004 -0.601397 0.000000
v 0.349006 -0.588396 0.309676
v 0.443114 -0.608630 0.213012
v 0.202698 -0.657227 0.000000
v 0.318918 -0.632333 0.105508
v 0.121340 -0.658104 0.107666
v -0.128389 -0.440226 0.680609
v 0.000000 -0.489652 0.601662
v -0.241934 -0.586816 0.440388
v -0.122676 -0.532707 0.514233
v -0.354944 -0.512936 0.498201
v 0.120736 -0.524286 0.506104
v 0.227367 -0.551483 0.413872
v -0.622226 -0.637483 0.000000
v -0.563523 -0.656648 0.113573
v -0.749961 -0.604706 0.111383
v -0.126798 -0.687706 0.112509
v -0.351621 -0.697174 0.116327
v -0.214971 -0.697020 0.000000
v -0.587777 -0.597310 0.329699
v -0.467310 -0.641864 0.224643
v -0.366053 -0.617136 0.324802
v 0.122236 -0.612214 0.325383
v -0.126113 -0.631633 0.335704
v 0.000000 -0.663614 0.222722
v 0.534924 -0.623322 -0.107810
v 0.715482 -0.576905 -0.106262
v 0.124219 -0.673719 -0.110221
v 0.328173 -0.650683 -0.108570
v 0.575640 -0.584977 -0.322892
v 0.460463 -0.632459 -0.221351
v 0.366627 -0.618103 -0.325311
v -0.744351 -0.600183 -0.110550
v -0.551645 -0.642807 -0.111180
v -0.370480 -0.624599 -0.328730
v -0.470984 -0.646910 -0.226409
v -0.578885 -0.588274 -0.324712
v -0.339481 -0.673103 -0.112311
v -0.123842 -0.671673 -0.109886
v 0.120285 -0.412438 -0.637647
v 0.000000 -0.476068 -0.584970
v -0.120007 -0.411486 -0.636175
v 0.240306 -0.582867 -0.437424
v 0.127234 -0.552499 -0.533340
v 0.366956 -0.530293 -0.515060
v -0.365615 -0.528357 -0.513179
v -0.122986 -0.534056 -0.515536
v -0.240510 -0.583363 -0.437796
v 0.000000 -0.656586 -0.220364
v -0.125390 -0.628010 -0.333778
v 0.126989 -0.636021 -0.338036
v 0.848908 -0.531962 -0.173599
v 0.930248 -0.534892 -0.067190
v 0.719056 -0.542144 -0.406863
v 0.777810 -0.533212 -0.286073
v 1.092487 -0.394642 -0.187226
v 0.947831 -0.464350 -0.237649
v 1.048418 -0.402765 -0.302263
v 0.199779 -0.333137 -0.722243
v 0.326647 -0.395591 -0.666532
v 0.707587 -0.309705 -0.627848
v 0.532341 -0.358460 -0.660726
v 0.583759 -0.257740 -0.704245
v 0.454033 -0.448473 -0.590752
v 0.570001 -0.489642 -0.505767
v 1.335603 -0.091495 -0.410228
v 1.234766 -0.149864 -0.487998
v 1.235861 -0.057737 -0.532299
v 1.154003 -0.322096 -0.379061
v 1.202178 -0.239878 -0.434306
v 1.256635 -0.257972 -0.306250
v 0.928532 -0.163835 -0.636595
v 1.083676 -0.206270 -0.547821
v 0.934388 -0.260799 -0.602370
v 0.789604 -0.449119 -0.475923
v 0.876818 -0.360277 -0.550989
v 0.987193 -0.389065 -0.429837
v 1.079804 -0.493463 0.000000
v 1.240065 -0.346117 -0.126617
v 1.164926 -0.418231 -0.066439
v 1.224680 -0.439684 0.069847
v 1.317959 -0.367858 0.134571
v 1.422570 0.000000 -0.343880
v 1.440255 -0.092647 -0.306106
v 1.481888 -0.090167 -0.067667
v 1.475075 -0.091538 -0.184247
v 1.478358 0.000000 -0.112919
v 1.396746 -0.181808 -0.251845
v 1.357228 -0.265666 -0.199374
v 1.463396 -0.094135 0.311024
v 1.424056 0.000000 0.344239
v 1.360520 -0.266311 0.199858
v 1.405097 -0.182895 0.253351
v 1.522790 0.000000 0.116313
v 1.503019 -0.093272 0.187738
v 1.527416 -0.092937 0.069746
v 1.405826 -0.277887 -0.069515
v 1.509819 -0.188460 0.000000
v 1.407859 -0.278289 0.069616
v 0.211445 -0.259827 0.814068
v 0.595268 -0.166146 0.753151
v 0.423638 -0.218253 0.806034
v 0.216377 -0.161978 0.863531
v 0.211684 -0.059083 0.861610
v 1.066412 0.000000 0.577921
v 0.795055 0.108171 0.705459
v 0.943071 0.055718 0.650550
v 0.945328 -0.055851 0.652107
v 0.820845 -0.111680 0.728343
v 0.214522 0.263609 0.825916
v 0.209889 0.058583 0.854306
v 0.212319 0.158940 0.847335
v 0.417505 0.215094 0.794366
v 0.594942 0.166055 0.752739
v 0.638555 -0.059410 0.800046
v 0.646728 0.060170 0.810286
v 0.426911 0.000000 0.847027
v -0.877225 -0.549707 0.179389
v -0.715997 -0.539837 0.405132
v -0.806776 -0.553069 0.296727
v -0.992076 -0.486026 0.248743
v -1.058781 -0.406746 0.305251
v -0.318056 -0.385187 0.649002
v -0.678808 -0.297109 0.602312
v -0.503495 -0.339036 0.624923
v -0.435330 -0.429999 0.566417
v -0.563763 -0.484283 0.500232
v -1.224539 -0.148622 0.483957
v -1.156646 -0.322834 0.379929
v -1.213367 -0.242111 0.438348
v -1.078621 -0.205308 0.545265
v -0.907092 -0.253180 0.584773
v -0.789835 -0.449250 0.476062
v -0.868466 -0.356845 0.545740
v -0.985060 -0.388225 0.428908
v -0.313128 -0.379218 -0.638945
v -0.582531 -0.500405 -0.516885
v -0.446113 -0.440650 -0.580447
v -0.528068 -0.355583 -0.655423
v -0.738675 -0.323312 -0.655433
v -0.867773 -0.543783 -0.177457
v -1.046100 -0.401875 -0.301595
v -0.981677 -0.480932 -0.246135
v -0.818741 -0.561272 -0.301127
v -0.702211 -0.529443 -0.397331
v -1.251087 -0.151845 -0.494449
v -0.946430 -0.264160 -0.610133
v -1.136261 -0.216279 -0.574403
v -1.253337 -0.250086 -0.452788
v -1.152882 -0.321783 -0.378693
v -0.787137 -0.447716 -0.474436
v -0.989547 -0.389993 -0.430862
v -0.878933 -0.361146 -0.552318
v 1.140701 0.000000 -0.618181
v 0.798444 -0.108633 -0.708467
v 0.973731 -0.057530 -0.671700
v 1.001091 0.059146 -0.690573
v 0.823621 0.112058 -0.730806
v 0.204233 -0.250965 -0.786301
v 0.213555 -0.059606 -0.869229
v 0.211551 -0.158366 -0.844273
v 0.394410 -0.203195 -0.750423
v 0.582235 -0.162509 -0.736662
v 0.198881 0.244390 -0.765699
v 0.614260 0.171447 -0.777181
v 0.415430 0.214025 -0.790416
v 0.196433 0.147048 -0.783936
v 0.202609 0.056551 -0.824673
v 0.622143 -0.057883 -0.779483
v 0.420591 0.000000 -0.834488
v 0.652535 0.060710 -0.817561
v 1.381888 0.088892 0.293701
v 1.483116 0.090241 0.067723
v 1.439487 0.089329 0.179802
v 1.413084 0.183934 0.254791
v 1.356675 0.265558 0.199293
v 1.428208 0.091872 -0.303546
v 1.406510 0.275313 -0.206614
v 1.434604 0.186736 -0.258671
v 1.431720 0.088847 -0.178832
v 1.446393 0.088007 -0.066047
v 1.095377 0.500580 0.000000
v 1.332170 0.371825 0.136022
v 1.224338 0.439561 0.069827
v 1.214677 0.436092 -0.069276
v 1.290664 0.360240 -0.131784
v 1.436182 0.179268 0.000000
v 1.412473 0.279201 -0.069844
v 1.408658 0.278447 0.069655
v -0.885034 0.572377 0.034480
v -0.842317 0.570134 0.089137
v -0.779889 0.598156 0.055547
v -0.985171 0.525689 0.159572
v -0.917477 0.550353 0.124675
v -1.022976 0.524250 0.103553
v -0.711968 0.604882 0.166276
v -0.810472 0.574699 0.144920
v -0.785851 0.584469 0.202761
v -1.201051 0.394074 0.295741
v -1.154261 0.429726 0.262923
v -1.229501 0.392030 0.234875
v -0.984792 0.500664 0.315377
v -1.087729 0.472843 0.294062
v -1.039122 0.467396 0.350767
v -1.122289 0.456743 0.168524
v -1.093846 0.459941 0.227426
v -1.044214 0.493790 0.194961
v -0.528326 0.576542 0.374249
v -0.639609 0.558126 0.360491
v -0.593084 0.550060 0.412803
v -0.732345 0.573080 0.256200
v -0.685544 0.565367 0.307858
v -0.616259 0.587147 0.268840
v -0.829333 0.519909 0.390176
v -0.755328 0.541991 0.347805
v -0.884976 0.532804 0.339164
v -0.936097 0.518600 0.214420
v -0.907763 0.523491 0.274740
v -0.833014 0.545286 0.234914
v -1.234946 0.027668 0.472911
v -1.261267 0.073339 0.461487
v -1.324414 0.045742 0.427657
v -1.134176 0.128042 0.526401
v -1.203978 0.101438 0.497080
v -1.122726 0.082479 0.542568
v -1.378640 0.140946 0.401878
v -1.297659 0.121701 0.453223
v -1.301902 0.167976 0.433522
v -0.881086 0.245922 0.665052
v -0.979158 0.222810 0.651356
v -0.886561 0.197547 0.688607
v -1.096426 0.256867 0.534111
v -1.050829 0.243052 0.598673
v -1.030670 0.287673 0.567485
v -1.017896 0.139681 0.619426
v -1.042584 0.191732 0.614071
v -1.090102 0.160073 0.570911
v -1.305541 0.315185 0.296289
v -1.263633 0.303548 0.358638
v -1.217414 0.339795 0.325086
v -1.279598 0.212757 0.404974
v -1.276162 0.258447 0.383234
v -1.341236 0.228401 0.348638
v -1.129196 0.315172 0.446092
v -1.190076 0.284030 0.410745
v -1.158299 0.274226 0.476473
v -1.162953 0.178830 0.519881
v -1.172018 0.228767 0.503328
v -1.234559 0.197807 0.467083
v -0.066153 0.420531 0.731265
v -0.170017 0.397888 0.724131
v -0.106655 0.370857 0.764791
v -0.300145 0.458923 0.658433
v -0.235640 0.429457 0.692661
v -0.191181 0.467735 0.644507
v -0.308146 0.326770 0.746461
v -0.276981 0.383631 0.731427
v -0.380461 0.365191 0.730291
v -0.532784 0.535864 0.472744
v -0.474676 0.516092 0.516618
v -0.427859 0.554685 0.475545
v -0.588385 0.455020 0.621994
v -0.527046 0.482819 0.564332
v -0.645648 0.473694 0.572889
v -0.312205 0.514917 0.563455
v -0.418417 0.498402 0.563482
v -0.366435 0.486064 0.618017
v -0.707361 0.247307 0.725637
v -0.677124 0.297538 0.698096
v -0.775893 0.276076 0.688457
v -0.487127 0.344852 0.725582
v -0.580524 0.320154 0.709918
v -0.509812 0.289423 0.741432
v -0.729062 0.383784 0.646903
v -0.658628 0.354237 0.683446
v -0.628450 0.406112 0.657411
v -0.411944 0.445397 0.663458
v -0.522472 0.427530 0.662915
v -0.452758 0.397615 0.699825
v -1.158235 0.382005 0.357994
v -1.070285 0.358352 0.484207
v -1.119208 0.371637 0.422730
v -1.092889 0.425042 0.391877
v -0.986588 0.452083 0.411441
v -0.867302 0.302290 0.651257
v -0.795632 0.399833 0.588511
v -0.837948 0.354492 0.624975
v -0.945176 0.324097 0.601880
v -1.007006 0.340853 0.544257
v -0.656034 0.525654 0.466151
v -0.883011 0.483379 0.435164
v -0.774481 0.507823 0.453393
v -0.715229 0.493998 0.516578
v -0.755718 0.448789 0.552941
v -0.986727 0.396597 0.518371
v -0.863620 0.419817 0.532138
v -0.942920 0.444513 0.480387
v -0.699533 0.633394 0.056691
v -0.722993 0.620526 0.000000
v -0.620168 0.631835 0.168109
v -0.664540 0.637231 0.113676
v -0.524638 0.657265 0.000000
v -0.596025 0.650095 0.056503
v -0.483999 0.652887 0.055335
v -0.421893 0.591406 0.374349
v -0.469209 0.599025 0.322749
v -0.356494 0.648304 0.222154
v -0.410779 0.620942 0.271298
v -0.302221 0.626763 0.268164
v -0.514621 0.604877 0.270277
v -0.573572 0.626808 0.224187
v -0.104920 0.683667 0.000000
v -0.167748 0.680569 0.055593
v -0.063011 0.687755 0.055910
v -0.377918 0.667053 0.055779
v -0.275848 0.680805 0.056100
v -0.316401 0.678415 0.000000
v -0.189975 0.679744 0.168566
v -0.233991 0.682944 0.112829
v -0.297436 0.673233 0.168687
v -0.513123 0.646738 0.168853
v -0.400566 0.653216 0.167211
v -0.441195 0.651375 0.110629
v 0.066436 0.422328 0.734389
v 0.000000 0.447951 0.692553
v 0.129544 0.508718 0.625089
v 0.064872 0.476401 0.655957
v 0.194641 0.476198 0.656169
v -0.064001 0.470003 0.647146
v -0.127163 0.499368 0.613600
v 0.358951 0.574380 0.431055
v 0.306217 0.561863 0.480529
v 0.422968 0.548344 0.470109
v 0.064518 0.585622 0.499685
v 0.190255 0.586025 0.500418
v 0.124481 0.607626 0.456005
v 0.312464 0.515344 0.563923
v 0.253954 0.554602 0.536997
v 0.194152 0.534575 0.582320
v -0.304792 0.559248 0.478293
v -0.355314 0.568560 0.426687
v -0.189124 0.520733 0.567241
v -0.248528 0.542751 0.525522
v -0.123607 0.603359 0.452803
v -0.184548 0.568447 0.485408
v -0.064470 0.585186 0.499313
v 0.065811 0.543246 0.592232
v 0.000000 0.561377 0.541910
v -0.064748 0.534472 0.582667
v 0.708083 0.607729 0.000000
v 0.665841 0.602888 0.053961
v 0.766089 0.587572 0.054564
v 0.472115 0.636856 0.053976
v 0.568658 0.620245 0.053909
v 0.513072 0.642774 0.000000
v 0.682913 0.580197 0.159490
v 0.627339 0.601559 0.107312
v 0.587021 0.598065 0.159124
v 0.063140 0.689161 0.056024
v 0.168216 0.682465 0.055748
v 0.106349 0.692978 0.000000
v 0.293354 0.663994 0.166372
v 0.231417 0.675430 0.111588
v 0.190723 0.682422 0.169231
v 0.313054 0.671237 0.000000
v 0.275264 0.679363 0.055981
v 0.374065 0.660252 0.055211
v 0.522767 0.570476 0.370311
v 0.464346 0.592816 0.319404
v 0.417599 0.585387 0.370539
v 0.547798 0.598642 0.214113
v 0.512154 0.601977 0.268981
v 0.612685 0.583742 0.267281
v 0.304058 0.630572 0.269793
v 0.403794 0.610383 0.266685
v 0.349305 0.635229 0.217673
v 0.433956 0.640688 0.108814
v 0.386158 0.629719 0.161196
v 0.485225 0.611575 0.159673
v -0.299967 0.593559 0.376968
v -0.063724 0.616533 0.392798
v -0.180894 0.599865 0.381773
v -0.238940 0.606432 0.320759
v -0.183218 0.630099 0.271921
v 0.299971 0.593566 0.376972
v 0.191393 0.658212 0.284053
v 0.244925 0.621623 0.328793
v 0.185691 0.615774 0.391897
v 0.064173 0.620871 0.395562
v 0.000000 0.691920 0.113198
v -0.124755 0.664094 0.222883
v -0.063774 0.683429 0.169873
v 0.064355 0.689655 0.171421
v 0.128155 0.682192 0.228957
v 0.000000 0.637581 0.338865
v 0.064454 0.663620 0.285953
v -0.063314 0.651885 0.280896
v -0.693170 0.627633 -0.056176
v -0.791448 0.607022 -0.056370
v -0.488985 0.659613 -0.055905
v -0.600594 0.655078 -0.056936
v -0.719041 0.610891 -0.167927
v -0.658049 0.631007 -0.112566
v -0.622260 0.633967 -0.168676
v -0.062815 0.685617 -0.055736
v -0.169583 0.688011 -0.056201
v -0.299828 0.678647 -0.170044
v -0.237400 0.692891 -0.114473
v -0.188835 0.675666 -0.167555
v -0.278157 0.686503 -0.056570
v -0.384142 0.678040 -0.056698
v -0.533159 0.581816 -0.377672
v -0.481978 0.615327 -0.331533
v -0.434274 0.608761 -0.385335
v -0.580445 0.634319 -0.226874
v -0.529822 0.622744 -0.278260
v -0.632655 0.602768 -0.275992
v -0.312397 0.647865 -0.277192
v -0.422920 0.639294 -0.279317
v -0.362048 0.658404 -0.225615
v -0.454252 0.670653 -0.113903
v -0.416746 0.679600 -0.173965
v -0.523334 0.659608 -0.172214
v 0.784858 0.601967 -0.055901
v 0.685426 0.620621 -0.055548
v 0.625396 0.637162 -0.169526
v 0.659589 0.632483 -0.112829
v 0.730797 0.620879 -0.170673
v 0.591356 0.645002 -0.056060
v 0.485957 0.655528 -0.055559
v 0.419875 0.588578 -0.372559
v 0.469182 0.598990 -0.322731
v 0.522744 0.570451 -0.370295
v 0.354761 0.645151 -0.221073
v 0.416077 0.628951 -0.274798
v 0.306072 0.634749 -0.271580
v 0.631870 0.602020 -0.275650
v 0.524480 0.616466 -0.275455
v 0.577564 0.631171 -0.225748
v 0.170429 0.691446 -0.056482
v 0.063868 0.697116 -0.056671
v 0.374060 0.660243 -0.055210
v 0.271266 0.669497 -0.055168
v 0.188524 0.674552 -0.167279
v 0.234570 0.684632 -0.113108
v 0.291840 0.660567 -0.165514
v 0.513153 0.646776 -0.168863
v 0.395361 0.644727 -0.165038
v 0.441755 0.652202 -0.110770
v -0.060452 0.384286 -0.668238
v 0.000000 0.418533 -0.647071
v 0.060774 0.386334 -0.671800
v -0.122641 0.481610 -0.591779
v -0.061465 0.451379 -0.621503
v -0.180406 0.441372 -0.608181
v 0.182534 0.446580 -0.615356
v 0.061734 0.453355 -0.624225
v 0.120502 0.473212 -0.581461
v -0.365110 0.584235 -0.438451
v -0.304724 0.559124 -0.478187
v -0.413720 0.536356 -0.459831
v -0.059542 0.540458 -0.461149
v -0.182434 0.561936 -0.479848
v -0.120179 0.586629 -0.440247
v -0.295142 0.486776 -0.532661
v -0.242172 0.528872 -0.512083
v -0.181306 0.499206 -0.543793
v 0.408841 0.530029 -0.454408
v 0.291826 0.535457 -0.457946
v 0.352759 0.564471 -0.423619
v 0.179610 0.494536 -0.538705
v 0.236490 0.516463 -0.500068
v 0.296773 0.489465 -0.535604
v 0.114782 0.560284 -0.420476
v 0.174226 0.536653 -0.458258
v 0.059137 0.536777 -0.458008
v -0.061396 0.506797 -0.552496
v 0.000000 0.520520 -0.502469
v 0.060550 0.499818 -0.544888
v 0.000000 0.700201 -0.114553
v 0.124260 0.661455 -0.221998
v 0.063810 0.683814 -0.169969
v -0.064068 0.686580 -0.170656
v -0.124430 0.662365 -0.222303
v 0.297894 0.589457 -0.374362
v 0.060807 0.588304 -0.374813
v 0.176306 0.584651 -0.372090
v 0.239277 0.607288 -0.321211
v 0.184127 0.633222 -0.273269
v -0.316875 0.627015 -0.398216
v -0.188254 0.647417 -0.279394
v -0.253182 0.642581 -0.339879
v -0.188650 0.625585 -0.398142
v -0.063561 0.614953 -0.391791
v 0.062105 0.639430 -0.275529
v 0.000000 0.628266 -0.333914
v -0.062379 0.642255 -0.276747
v -0.854710 0.578523 -0.090449
v -0.885454 0.572648 -0.034496
v -0.784835 0.583713 -0.202498
v -0.818373 0.580302 -0.146332
v -1.003377 0.514206 -0.101570
v -0.910106 0.545932 -0.123673
v -0.969000 0.517060 -0.156953
v -0.585429 0.542960 -0.407475
v -0.631523 0.551070 -0.355933
v -0.844305 0.508318 -0.323577
v -0.736291 0.528330 -0.339039
v -0.779431 0.488625 -0.366699
v -0.683510 0.563689 -0.306945
v -0.738410 0.577826 -0.258322
v -1.247117 0.397647 -0.238240
v -1.156276 0.430477 -0.263382
v -1.218520 0.399806 -0.300042
v -1.026605 0.485463 -0.191673
v -1.098203 0.461773 -0.228332
v -1.130285 0.459997 -0.169724
v -1.005654 0.452342 -0.339469
v -1.060388 0.460958 -0.286670
v -0.962541 0.489351 -0.308251
v -0.842001 0.551168 -0.237449
v -0.905528 0.522202 -0.274064
v -0.957103 0.530237 -0.219232
v -0.097771 0.339967 -0.701090
v -0.158945 0.371976 -0.676972
v -0.360935 0.346449 -0.692811
v -0.260863 0.361307 -0.688865
v -0.293151 0.310869 -0.710136
v -0.218693 0.398570 -0.642844
v -0.274099 0.419099 -0.601297
v -0.719962 0.256175 -0.638829
v -0.639614 0.281056 -0.659424
v -0.662126 0.231492 -0.679235
v -0.593821 0.383734 -0.621186
v -0.622448 0.334778 -0.645903
v -0.689872 0.363154 -0.612130
v -0.489092 0.277661 -0.711299
v -0.555271 0.306226 -0.679035
v -0.466529 0.330269 -0.694900
v -0.452021 0.491460 -0.491961
v -0.513465 0.516433 -0.455602
v -0.336800 0.446754 -0.568035
v -0.396228 0.471972 -0.533600
v -0.606946 0.445299 -0.538549
v -0.506428 0.463931 -0.542256
v -0.550406 0.425649 -0.581845
v -0.423953 0.372318 -0.655300
v -0.487678 0.399059 -0.618768
v -0.378371 0.409098 -0.609387
v -1.310574 0.045264 -0.423188
v -1.250352 0.072704 -0.457493
v -1.221662 0.027370 -0.467824
v -1.288026 0.166185 -0.428901
v -1.275265 0.119600 -0.445401
v -1.335761 0.136563 -0.389379
v -1.124386 0.082601 -0.543370
v -1.203684 0.101413 -0.496958
v -1.143811 0.129130 -0.530873
v -1.257506 0.350985 -0.335792
v -1.286360 0.309008 -0.365089
v -1.345611 0.324859 -0.305382
v -1.117512 0.264569 -0.459694
v -1.193269 0.284792 -0.411847
v -1.123739 0.313649 -0.443936
v -1.386820 0.236163 -0.360487
v -1.301766 0.263632 -0.390923
v -1.303250 0.216689 -0.412460
v -0.836076 0.186298 -0.649394
v -0.915789 0.208390 -0.609202
v -0.825334 0.230361 -0.622970
v -1.064017 0.156242 -0.557249
v -0.987463 0.181595 -0.581606
v -0.988375 0.135630 -0.601462
v -0.979284 0.273330 -0.539192
v -0.983905 0.227573 -0.560546
v -1.047060 0.245302 -0.510063
v -1.219728 0.195431 -0.461472
v -1.137467 0.222023 -0.488490
v -1.145392 0.176130 -0.512031
v -0.626105 0.501673 -0.444885
v -0.716991 0.425790 -0.524605
v -0.668700 0.461861 -0.482972
v -0.732791 0.480487 -0.428987
v -0.834700 0.456933 -0.411356
v -0.813314 0.283473 -0.610717
v -0.962380 0.325748 -0.520137
v -0.882432 0.302583 -0.561925
v -0.799028 0.338027 -0.595947
v -0.760056 0.381955 -0.562197
v -1.172764 0.386796 -0.362485
v -0.963839 0.441659 -0.401954
v -1.058280 0.411582 -0.379467
v -1.115475 0.370397 -0.421320
v -1.032976 0.345861 -0.467328
v -0.841598 0.409112 -0.518569
v -0.955816 0.384172 -0.502132
v -0.906132 0.427170 -0.461645
v -0.965291 0.555042 0.000000
v -1.084306 0.495521 -0.068383
v -1.025882 0.525346 -0.034597
v -1.033337 0.529163 0.034848
v -1.098653 0.502077 0.069287
v -1.331381 0.371605 -0.206059
v -1.264552 0.402227 -0.170683
v -1.266907 0.402040 -0.034567
v -1.287954 0.409037 -0.103556
v -1.310935 0.365898 -0.066512
v -1.219260 0.439068 -0.138269
v -1.153703 0.467404 -0.103772
v -1.246375 0.396445 0.168229
v -1.291544 0.360486 0.199894
v -1.154723 0.467817 0.103864
v -1.201738 0.432758 0.136282
v -1.299911 0.362821 0.065953
v -1.238207 0.393238 0.099556
v -1.239734 0.393417 0.033826
v -1.156184 0.468778 -0.034688
v -1.201967 0.431529 0.000000
v -1.161406 0.470896 0.034845
v -1.345283 0.000000 -0.388187
v -1.375757 0.045796 -0.376296
v -1.474580 0.046481 -0.270725
v -1.425771 0.046088 -0.323736
v -1.451891 0.000000 -0.287017
v -1.385070 0.091894 -0.357725
v -1.412047 0.139727 -0.343248
v -1.563525 0.047272 -0.035476
v -1.552981 0.047180 -0.094799
v -1.573628 0.000000 -0.059809
v -1.521946 0.141828 -0.166526
v -1.544626 0.094909 -0.131067
v -1.542742 0.142287 -0.106782
v -1.518877 0.000000 -0.175436
v -1.541790 0.047251 -0.154713
v -1.507781 0.046892 -0.211558
v -1.378244 0.276180 -0.267363
v -1.370935 0.322741 -0.242207
v -1.417860 0.188606 -0.321322
v -1.409504 0.234236 -0.296989
v -1.456483 0.231765 -0.173932
v -1.409767 0.229081 -0.230971
v -1.478562 0.188434 -0.201357
v -1.501507 0.094844 -0.251872
v -1.494274 0.142260 -0.226935
v -1.471308 0.142867 -0.289101
v -1.394778 0.046429 0.381498
v -1.371741 0.000000 0.395822
v -1.439094 0.142404 0.349823
v -1.431738 0.094991 0.369778
v -1.496595 0.000000 0.295854
v -1.470314 0.047528 0.333850
v -1.525408 0.048083 0.280057
v -1.355836 0.319186 0.239540
v -1.373276 0.275184 0.266399
v -1.535746 0.195722 0.209145
v -1.453871 0.236248 0.238197
v -1.511889 0.240581 0.180549
v -1.396237 0.232031 0.294194
v -1.428796 0.190061 0.323800
v -1.596486 0.000000 0.060678
v -1.605088 0.048763 0.097980
v -1.580101 0.047773 0.035853
v -1.557278 0.048431 0.218503
v -1.589474 0.048712 0.159498
v -1.573186 0.000000 0.181709
v -1.595175 0.147123 0.110411
v -1.590439 0.097724 0.134954
v -1.577402 0.146996 0.172594
v -1.491221 0.144800 0.293014
v -1.539333 0.146550 0.233778
v -1.530536 0.096678 0.256742
v -1.386090 0.327399 -0.173482
v -1.478255 0.237262 -0.106454
v -1.432758 0.281848 -0.139808
v -1.367067 0.323584 -0.102097
v -1.354533 0.320958 -0.034673
v -1.594181 0.096999 0.000000
v -1.577418 0.196898 0.073389
v -1.601587 0.148057 0.037013
v -1.574133 0.145519 -0.036379
v -1.520003 0.189731 -0.070718
v -1.351890 0.319320 0.169202
v -1.375062 0.325822 0.035199
v -1.357030 0.321208 0.101348
v -1.433685 0.282030 0.139898
v -1.521855 0.244260 0.109594
v -1.482292 0.237549 -0.035655
v -1.507236 0.241547 0.036255
v -1.441929 0.285024 0.000000
v 0.849050 0.574691 0.089850
v 0.889490 0.575259 0.034654
v 0.786314 0.584813 0.202880
v 0.818318 0.580263 0.146323
v 1.049407 0.537795 0.106229
v 0.937703 0.562486 0.127423
v 1.008437 0.538104 0.163340
v 0.594500 0.551372 0.413788
v 0.646063 0.563758 0.364128
v 0.864718 0.520608 0.331400
v 0.766998 0.550364 0.353179
v 0.810248 0.507944 0.381197
v 0.695769 0.573800 0.312450
v 0.744506 0.582596 0.260454
v 1.251058 0.398904 0.238993
v 1.186572 0.441755 0.270282
v 1.212068 0.397689 0.298454
v 1.093201 0.516955 0.204107
v 1.134323 0.476960 0.235841
v 1.163230 0.473405 0.174671
v 1.029099 0.462888 0.347383
v 1.085908 0.472051 0.293569
v 0.968896 0.492582 0.310286
v 0.873251 0.571625 0.246261
v 0.930297 0.536486 0.281561
v 0.981544 0.543778 0.224830
v 0.106526 0.370409 0.763867
v 0.171193 0.400641 0.729141
v 0.379420 0.364192 0.728293
v 0.277507 0.384360 0.732817
v 0.314601 0.333615 0.762098
v 0.236776 0.431527 0.695999
v 0.300292 0.459147 0.658756
v 0.757234 0.269437 0.671901
v 0.663892 0.291724 0.684453
v 0.694100 0.242671 0.712035
v 0.614646 0.397192 0.642971
v 0.641303 0.344918 0.665468
v 0.707823 0.372604 0.628058
v 0.504391 0.286346 0.733548
v 0.573093 0.316055 0.700830
v 0.481938 0.341178 0.717853
v 0.472797 0.514049 0.514573
v 0.530701 0.533769 0.470896
v 0.358282 0.475250 0.604267
v 0.416515 0.496136 0.560920
v 0.625240 0.458721 0.554781
v 0.528534 0.484183 0.565926
v 0.577031 0.446239 0.609991
v 0.452747 0.397605 0.699807
v 0.515638 0.421938 0.654244
v 0.407604 0.440704 0.656468
v 1.308450 0.045191 0.422502
v 1.220834 0.070988 0.446693
v 1.205787 0.027015 0.461745
v 1.254740 0.161891 0.417817
v 1.238441 0.116147 0.432540
v 1.309614 0.133889 0.381757
v 1.098573 0.080705 0.530896
v 1.164236 0.098090 0.480671
v 1.103452 0.124574 0.512141
v 1.239966 0.346090 0.331108
v 1.258581 0.302335 0.357205
v 1.313055 0.316999 0.297994
v 1.139474 0.269769 0.468729
v 1.215874 0.290187 0.419649
v 1.130993 0.315674 0.446802
v 1.324787 0.225599 0.344363
v 1.278397 0.258900 0.383906
v 1.269543 0.211085 0.401792
v 0.853320 0.190140 0.662788
v 0.913737 0.207923 0.607837
v 0.849309 0.237052 0.641066
v 1.042962 0.153151 0.546223
v 0.975920 0.179472 0.574807
v 0.977558 0.134146 0.594879
v 0.965996 0.269621 0.531876
v 0.982627 0.227277 0.559817
v 1.042119 0.244144 0.507656
v 1.184050 0.189715 0.447973
v 1.109266 0.216518 0.476379
v 1.096540 0.168617 0.490192
v 0.638277 0.511426 0.453534
v 0.726822 0.431629 0.531798
v 0.685114 0.473198 0.494827
v 0.746374 0.489393 0.436938
v 0.854127 0.467567 0.420930
v 0.831264 0.289729 0.624195
v 0.966130 0.327017 0.522164
v 0.890623 0.305391 0.567141
v 0.817095 0.345670 0.609422
v 0.774555 0.389241 0.572921
v 1.164644 0.384118 0.359975
v 0.958420 0.439175 0.399694
v 1.058469 0.411656 0.379535
v 1.095675 0.363823 0.413842
v 1.041564 0.348736 0.471213
v 0.821612 0.399396 0.506254
v 0.930501 0.373997 0.488833
v 0.880769 0.415214 0.448723
v -0.103550 0.316442 0.770396
v 0.000000 0.339515 0.783501
v -0.306250 0.279800 0.766475
v -0.203085 0.294026 0.758081
v 0.000000 0.241756 0.814351
v -0.103295 0.269851 0.791392
v -0.103397 0.223979 0.812374
v -0.701415 0.195773 0.737890
v -0.606329 0.218305 0.749369
v -0.416114 0.165373 0.808623
v -0.511618 0.191849 0.779754
v -0.503689 0.140586 0.783924
v -0.513462 0.242125 0.765199
v -0.414115 0.262393 0.770997
v 0.000000 0.048087 0.842492
v -0.103065 0.077020 0.840174
v -0.101950 0.028455 0.835097
v -0.104867 0.175961 0.835090
v -0.105319 0.128253 0.851087
v 0.000000 0.147152 0.848354
v -0.309129 0.086282 0.830084
v -0.209899 0.107805 0.846019
v -0.313062 0.136709 0.831998
v -0.309889 0.233223 0.790376
v -0.315090 0.186938 0.819662
v -0.206183 0.203642 0.808393
v -1.271271 -0.028482 0.486821
v -1.177215 0.000000 0.507040
v -1.067451 -0.054787 0.578484
v -1.122809 -0.027501 0.543015
v -1.151557 -0.084597 0.556501
v -1.117708 0.027376 0.540548
v -1.062575 0.054537 0.575841
v -0.752556 -0.155201 0.667750
v -0.852126 -0.134483 0.663472
v -0.816690 -0.181978 0.634337
v -0.875684 -0.028002 0.683403
v -0.866987 -0.081634 0.676089
v -0.790573 -0.053448 0.701483
v -1.008788 -0.138431 0.613884
v -0.935405 -0.109556 0.643306
v -1.008828 -0.083301 0.616697
v -0.888092 0.140159 0.691476
v -0.804910 0.165998 0.714204
v -1.015023 0.083812 0.620484
v -0.959176 0.112340 0.659654
v -0.815899 0.055160 0.723954
v -0.901886 0.084920 0.703304
v -0.895118 0.028623 0.698569
v -1.016186 -0.027966 0.620706
v -0.962434 0.000000 0.663907
v -1.030285 0.028354 0.629318
v 0.000000 -0.333581 0.769805
v -0.103785 -0.317162 0.772149
v -0.104714 -0.364108 0.750873
v -0.101580 -0.220043 0.798096
v -0.103540 -0.270491 0.793267
v 0.000000 -0.243740 0.821035
v -0.297629 -0.315618 0.720984
v -0.204081 -0.295467 0.761797
v -0.300266 -0.274333 0.751497
v -0.100590 -0.028076 0.823964
v -0.100562 -0.075149 0.819768
v 0.000000 -0.047138 0.825870
v -0.299210 -0.130660 0.795184
v -0.199281 -0.102352 0.803224
v -0.298823 -0.083405 0.802410
v 0.000000 -0.146118 0.842396
v -0.101795 -0.123962 0.822613
v -0.101383 -0.170115 0.807348
v -0.656714 -0.229600 0.673682
v -0.568713 -0.204761 0.702879
v -0.657161 -0.183422 0.691335
v -0.397763 -0.252032 0.740553
v -0.484470 -0.228455 0.721995
v -0.478455 -0.271622 0.695829
v -0.484435 -0.135212 0.753957
v -0.484318 -0.181612 0.738146
v -0.397035 -0.157791 0.771547
v -0.201910 -0.199422 0.791639
v -0.300399 -0.178222 0.781445
v -0.301069 -0.226585 0.767879
v -0.709477 0.139818 0.743886
v -0.711370 0.028582 0.743516
v -0.717675 0.084217 0.750905
v -0.610161 0.112566 0.768168
v -0.516854 0.086248 0.797521
v -0.677542 -0.133524 0.710402
v -0.495335 -0.082657 0.764316
v -0.586807 -0.108258 0.738767
v -0.691634 -0.081161 0.723658
v -0.701852 -0.028199 0.733569
v -0.203557 0.000000 0.828532
v -0.409619 0.056783 0.812718
v -0.307417 0.028583 0.823578
v -0.306992 -0.028543 0.822438
v -0.398832 -0.055287 0.791316
v -0.612378 0.000000 0.767249
v -0.507227 -0.028315 0.783855
v -0.512858 0.028629 0.792558
v -1.414414 -0.047083 0.386869
v -1.348457 -0.046572 0.435420
v -1.518101 -0.047853 0.278715
v -1.465222 -0.047364 0.332694
v -1.357447 -0.138780 0.395700
v -1.441391 -0.095631 0.372271
v -1.431426 -0.141645 0.347959
v -1.580954 -0.047799 0.035872
v -1.564697 -0.047536 0.095515
v -1.532637 -0.142824 0.167695
v -1.551488 -0.095330 0.131649
v -1.549998 -0.142956 0.107284
v -1.576961 -0.048329 0.158242
v -1.554987 -0.048360 0.218181
v -1.273301 -0.307401 0.288972
v -1.344339 -0.269386 0.260786
v -1.314881 -0.309545 0.232304
v -1.426504 -0.189756 0.323281
v -1.393192 -0.231525 0.293552
v -1.330200 -0.226521 0.345770
v -1.471956 -0.234227 0.175780
v -1.437552 -0.233596 0.235524
v -1.490683 -0.189979 0.203008
v -1.523902 -0.096259 0.255629
v -1.522192 -0.144918 0.231175
v -1.483930 -0.144092 0.291581
v -1.306718 -0.045131 -0.421943
v -1.356664 -0.045161 -0.371073
v -1.387545 -0.137303 -0.337292
v -1.378858 -0.091482 -0.356121
v -1.343950 -0.137400 -0.391766
v -1.402575 -0.045339 -0.318469
v -1.452530 -0.045786 -0.266677
v -1.281924 -0.301786 -0.226481
v -1.310859 -0.262677 -0.254291
v -1.239161 -0.299159 -0.281224
v -1.441625 -0.183727 -0.196327
v -1.388002 -0.225544 -0.227406
v -1.408323 -0.224101 -0.168181
v -1.316725 -0.224227 -0.342267
v -1.334744 -0.221812 -0.281237
v -1.360426 -0.180966 -0.308306
v -1.570046 -0.047699 -0.095841
v -1.569650 -0.047457 -0.035615
v -1.501248 -0.046689 -0.210641
v -1.537772 -0.047128 -0.154309
v -1.513800 -0.139618 -0.104779
v -1.539726 -0.094608 -0.130651
v -1.504727 -0.140223 -0.164642
v -1.434639 -0.139306 -0.281896
v -1.490753 -0.141925 -0.226401
v -1.466621 -0.092641 -0.246020
v -0.884718 -0.572173 0.034468
v -0.937593 -0.539115 0.000000
v -0.865057 -0.559457 -0.033702
v -1.055774 -0.482482 0.066583
v -1.003884 -0.514080 0.033855
v -0.997421 -0.511154 0.100967
v -0.973662 -0.498978 -0.098562
v -0.990037 -0.506989 -0.033388
v -1.036190 -0.473532 -0.065348
v -1.307827 -0.365031 0.202414
v -1.256135 -0.399550 0.169547
v -1.218944 -0.388664 0.232858
v -1.265122 -0.401473 0.034518
v -1.259775 -0.400088 0.101290
v -1.318903 -0.368122 0.066916
v -1.114769 -0.453683 0.167394
v -1.191316 -0.429005 0.135100
v -1.123068 -0.454993 0.101016
v -1.181228 -0.376639 -0.225653
v -1.195155 -0.380154 -0.161316
v -1.242897 -0.346908 -0.192364
v -1.087238 -0.440477 -0.097794
v -1.137795 -0.409732 -0.129030
v -1.081867 -0.440293 -0.162454
v -1.283995 -0.358379 -0.065145
v -1.209630 -0.384163 -0.097258
v -1.234925 -0.391891 -0.033694
v -1.119750 -0.454006 0.033595
v -1.190306 -0.427342 0.000000
v -1.113641 -0.451529 -0.033412
v -1.592175 -0.096877 0.000000
v -1.503984 -0.187731 -0.069972
v -1.559205 -0.144139 -0.036034
v -1.568405 -0.144989 0.036246
v -1.525013 -0.190356 0.070951
v -1.318181 -0.311358 -0.164983
v -1.364082 -0.323221 -0.034918
v -1.326219 -0.313915 -0.099046
v -1.366892 -0.268891 -0.133381
v -1.438720 -0.230917 -0.103607
v -1.373588 -0.324446 0.171917
v -1.494587 -0.239883 0.107631
v -1.447993 -0.284844 0.141295
v -1.387087 -0.328322 0.103592
v -1.399609 -0.331639 0.035827
v -1.483314 -0.237713 -0.035679
v -1.450574 -0.286733 0.000000
v -1.495139 -0.239608 0.035964
v -1.183544 0.000000 -0.509766
v -1.231578 -0.027593 -0.471621
v -1.071564 0.054998 -0.580713
v -1.133053 0.027752 -0.547969
v -1.163561 -0.085479 -0.562302
v -1.158555 -0.028376 -0.560303
v -1.119155 -0.057441 -0.606504
v -0.775191 0.159869 -0.687834
v -0.862031 0.136046 -0.671185
v -0.888734 0.028419 -0.693587
v -0.876998 0.082576 -0.683896
v -0.814073 0.055036 -0.722335
v -0.936820 0.109722 -0.644279
v -0.998794 0.082472 -0.610564
v -0.859974 -0.191623 -0.667956
v -0.886699 -0.139939 -0.690391
v -0.796259 -0.164214 -0.706527
v -1.047401 -0.086486 -0.640277
v -0.968958 -0.113486 -0.666382
v -1.041248 -0.142885 -0.633637
v -0.820323 -0.055459 -0.727880
v -0.893844 -0.084162 -0.697032
v -0.903903 -0.028904 -0.705425
v -1.019948 0.028070 -0.623004
v -0.971580 0.000000 -0.670216
v -1.052770 -0.028973 -0.643052
v 0.000000 0.311193 -0.718142
v -0.097641 0.298385 -0.726436
v -0.096986 0.210091 -0.762001
v -0.098055 0.256161 -0.751243
v 0.000000 0.228016 -0.768070
v -0.196656 0.284717 -0.734082
v -0.290641 0.265539 -0.727408
v -0.106009 0.029588 -0.868352
v -0.103144 0.077078 -0.840816
v 0.000000 0.048531 -0.850283
v -0.308171 0.134573 -0.818998
v -0.202978 0.104251 -0.818126
v -0.310313 0.086612 -0.833263
v 0.000000 0.138359 -0.797660
v -0.099540 0.121215 -0.804384
v -0.097819 0.164134 -0.778962
v -0.587293 0.211451 -0.725843
v -0.681822 0.190305 -0.717278
v -0.395274 0.250455 -0.735919
v -0.495234 0.233530 -0.738035
v -0.512984 0.143180 -0.798391
v -0.504101 0.189031 -0.768297
v -0.410752 0.163242 -0.798203
v -0.196645 0.194221 -0.770994
v -0.303040 0.179789 -0.788314
v -0.295984 0.222758 -0.754909
v -0.097061 -0.337497 -0.695994
v -0.099329 -0.303545 -0.738998
v 0.000000 -0.319458 -0.737215
v -0.298907 -0.273091 -0.748095
v -0.197708 -0.286240 -0.738008
v -0.293016 -0.310726 -0.709810
v 0.000000 -0.234868 -0.791150
v -0.100134 -0.261593 -0.767174
v -0.100795 -0.218341 -0.791926
v -0.700946 -0.195643 -0.737397
v -0.607864 -0.218857 -0.751266
v -0.699271 -0.244479 -0.717339
v -0.417958 -0.166106 -0.812207
v -0.511954 -0.191975 -0.780266
v -0.521599 -0.145585 -0.811799
v -0.491777 -0.279184 -0.715203
v -0.503275 -0.237322 -0.750019
v -0.404045 -0.256012 -0.752249
v 0.000000 -0.050640 -0.887236
v -0.107229 -0.080131 -0.874115
v -0.107839 -0.030099 -0.883336
v -0.103798 -0.174168 -0.826581
v -0.105946 -0.129016 -0.856151
v 0.000000 -0.148102 -0.853835
v -0.317233 -0.088544 -0.851846
v -0.210227 -0.107974 -0.847343
v -0.309817 -0.135291 -0.823372
v -0.306229 -0.230468 -0.781038
v -0.311714 -0.184935 -0.810879
v -0.206362 -0.203819 -0.809095
v -0.704749 0.138886 -0.738929
v -0.527850 0.088083 -0.814488
v -0.623021 0.114939 -0.784359
v -0.723373 0.084886 -0.756866
v -0.719577 0.028911 -0.752094
v -0.214212 0.000000 -0.871900
v -0.419405 -0.058139 -0.832134
v -0.319736 -0.029728 -0.856579
v -0.316248 0.029404 -0.847236
v -0.417253 0.057841 -0.827864
v -0.714749 -0.140856 -0.749414
v -0.724492 -0.029109 -0.757232
v -0.723257 -0.084872 -0.756745
v -0.624404 -0.115194 -0.786100
v -0.526828 -0.087912 -0.812912
v -0.532134 0.029705 -0.822346
v -0.527550 -0.029449 -0.815262
v -0.637443 0.000000 -0.798653
v 0.160913 0.376583 -0.685356
v 0.097863 0.340285 -0.701745
v 0.286360 0.437846 -0.628193
v 0.223910 0.408078 -0.658180
v 0.304777 0.323198 -0.738301
v 0.264881 0.366872 -0.699475
v 0.370741 0.355861 -0.711633
v 0.508225 0.511163 -0.450952
v 0.456777 0.496631 -0.497138
v 0.541090 0.418445 -0.571998
v 0.496436 0.454777 -0.531556
v 0.587227 0.430832 -0.521052
v 0.397649 0.473663 -0.535513
v 0.347092 0.460406 -0.585394
v 0.693019 0.242293 -0.710926
v 0.668794 0.293878 -0.689508
v 0.757297 0.269459 -0.671957
v 0.477758 0.338219 -0.711627
v 0.572534 0.315747 -0.700146
v 0.508405 0.288624 -0.739386
v 0.686362 0.361306 -0.609015
v 0.635869 0.341996 -0.659829
v 0.595040 0.384522 -0.622461
v 0.393202 0.425133 -0.633274
v 0.497337 0.406963 -0.631024
v 0.434479 0.381563 -0.671571
v 0.901996 0.583347 -0.035141
v 0.867342 0.587073 -0.091786
v 0.991924 0.529293 -0.160666
v 0.931845 0.558972 -0.126627
v 1.034873 0.530347 -0.104758
v 0.842333 0.597292 -0.150617
v 0.801567 0.596157 -0.206816
v 1.187198 0.389529 -0.292330
v 1.140529 0.424614 -0.259795
v 1.225220 0.390665 -0.234057
v 0.958253 0.487171 -0.306877
v 1.054346 0.458331 -0.285037
v 1.002129 0.450757 -0.338279
v 1.151490 0.468627 -0.172908
v 1.099645 0.462379 -0.228631
v 1.058121 0.500366 -0.197557
v 0.628118 0.548099 -0.354014
v 0.574428 0.532757 -0.399818
v 0.749711 0.586669 -0.262275
v 0.690640 0.569570 -0.310147
v 0.810392 0.508035 -0.381265
v 0.755105 0.541831 -0.347703
v 0.861436 0.518632 -0.330143
v 0.944887 0.523470 -0.216433
v 0.907735 0.523474 -0.274732
v 0.853996 0.559021 -0.240831
v 1.290306 0.028908 -0.494111
v 1.312980 0.076346 -0.480408
v 1.356000 0.046833 -0.437856
v 1.196136 0.135037 -0.555158
v 1.269113 0.106926 -0.523972
v 1.209534 0.088857 -0.584519
v 1.383559 0.141449 -0.403312
v 1.326432 0.124399 -0.463272
v 1.320044 0.170316 -0.439563
v 0.866732 0.241915 -0.654217
v 0.957904 0.217973 -0.637218
v 0.864174 0.192559 -0.671218
v 1.120546 0.262518 -0.545861
v 1.036780 0.239803 -0.590669
v 1.028285 0.287007 -0.566172
v 1.037202 0.142330 -0.631174
v 1.039058 0.191083 -0.611995
v 1.112686 0.163389 -0.582738
v 1.306800 0.315489 -0.296574
v 1.253359 0.301080 -0.355723
v 1.224961 0.341901 -0.327101
v 1.297317 0.215703 -0.410582
v 1.279365 0.259096 -0.384196
v 1.341135 0.228383 -0.348612
v 1.129908 0.315371 -0.446374
v 1.200143 0.286433 -0.414220
v 1.157301 0.273990 -0.476062
v 1.202937 0.184978 -0.537755
v 1.200133 0.234255 -0.515402
v 1.256082 0.201256 -0.475226
v 0.622606 0.498870 -0.442398
v 0.834291 0.456709 -0.411154
v 0.729323 0.478213 -0.426957
v 0.654053 0.451745 -0.472394
v 0.700519 0.416008 -0.512553
v 1.147629 0.378506 -0.354716
v 1.028243 0.344276 -0.465187
v 1.087881 0.361235 -0.410898
v 1.036286 0.403028 -0.371581
v 0.943393 0.432289 -0.393427
v 0.835737 0.291288 -0.627554
v 0.746608 0.375197 -0.552249
v 0.789635 0.334054 -0.588942
v 0.908844 0.311639 -0.578744
v 0.984958 0.333390 -0.532340
v 0.879646 0.414684 -0.448151
v 0.921455 0.370362 -0.484081
v 0.808944 0.393238 -0.498448
v 0.847119 -0.547856 0.033003
v 0.819740 -0.554852 0.086748
v 0.734983 -0.563714 0.052348
v 0.971266 -0.518269 0.157320
v 0.892355 -0.535284 0.121261
v 0.998887 -0.511905 0.101115
v 0.664807 -0.564815 0.155261
v 0.773605 -0.548558 0.138328
v 0.727456 -0.541038 0.187694
v 1.155043 -0.378979 0.284412
v 1.118782 -0.416518 0.254841
v 1.195521 -0.381196 0.228384
v 0.940731 -0.478263 0.301266
v 1.031538 -0.448416 0.278871
v 1.004117 -0.451651 0.338951
v 1.133432 -0.461278 0.170197
v 1.082009 -0.454964 0.224965
v 1.033137 -0.488552 0.192893
v 0.502464 -0.548319 0.355929
v 0.601420 -0.524802 0.338967
v 0.554816 -0.514568 0.386167
v 0.679505 -0.531732 0.237715
v 0.640180 -0.527955 0.287487
v 0.582278 -0.554772 0.254016
v 0.758453 -0.475474 0.356829
v 0.701607 -0.503443 0.323069
v 0.818395 -0.492719 0.313647
v 0.925016 -0.512461 0.211882
v 0.866113 -0.499472 0.262135
v 0.795169 -0.520513 0.224242
v 1.228441 -0.027522 0.470420
v 1.259707 -0.073248 0.460916
v 1.331874 -0.046000 0.430066
v 1.125342 -0.127045 0.522300
v 1.195144 -0.100694 0.493432
v 1.109846 -0.081533 0.536344
v 1.332321 -0.136211 0.388376
v 1.263899 -0.118535 0.441431
v 1.259349 -0.162485 0.419352
v 0.845955 -0.236116 0.638534
v 0.911091 -0.207321 0.606076
v 0.857509 -0.191074 0.666041
v 1.044783 -0.244768 0.508954
v 0.987132 -0.228319 0.562384
v 0.990141 -0.276360 0.545170
v 0.996451 -0.136738 0.606376
v 0.991978 -0.182425 0.584265
v 1.052659 -0.154574 0.551301
v 1.273222 -0.307382 0.288954
v 1.271217 -0.305370 0.360791
v 1.230324 -0.343398 0.328534
v 1.277179 -0.212354 0.404209
v 1.282943 -0.259820 0.385271
v 1.333886 -0.227149 0.346728
v 1.131552 -0.315830 0.447023
v 1.221187 -0.291455 0.421482
v 1.149707 -0.272192 0.472938
v 1.120069 -0.172236 0.500710
v 1.115684 -0.217771 0.479135
v 1.188851 -0.190484 0.449789
v 0.064945 -0.412852 0.717911
v 0.170043 -0.397949 0.724242
v 0.105459 -0.366699 0.756216
v 0.296203 -0.452896 0.649786
v 0.234943 -0.428186 0.690610
v 0.192293 -0.470455 0.648255
v 0.317169 -0.336339 0.768319
v 0.278325 -0.385492 0.734976
v 0.384984 -0.369533 0.738973
v 0.512121 -0.515082 0.454410
v 0.467326 -0.508101 0.508619
v 0.410002 -0.531535 0.455698
v 0.580424 -0.448863 0.613578
v 0.529436 -0.485008 0.566891
v 0.633846 -0.465035 0.562417
v 0.299194 -0.493459 0.539974
v 0.416484 -0.496099 0.560878
v 0.357267 -0.473903 0.602555
v 0.686506 -0.240016 0.704244
v 0.672329 -0.295431 0.693152
v 0.756765 -0.269270 0.671485
v 0.484654 -0.343100 0.721897
v 0.579751 -0.319727 0.708972
v 0.519249 -0.294781 0.755157
v 0.711200 -0.374381 0.631055
v 0.645846 -0.347362 0.670182
v 0.622096 -0.402006 0.650764
v 0.410648 -0.443996 0.661372
v 0.521034 -0.426353 0.661090
v 0.454803 -0.399411 0.702985
v 1.146828 -0.378242 0.354469
v 1.044556 -0.349738 0.472567
v 1.105421 -0.367059 0.417522
v 1.061857 -0.412974 0.380750
v 0.954083 -0.437188 0.397885
v 0.814899 -0.284025 0.611907
v 0.792114 -0.398065 0.585909
v 0.805707 -0.340853 0.600928
v 0.900029 -0.308617 0.573131
v 0.974263 -0.329770 0.526560
v 0.618908 -0.495907 0.439771
v 0.831324 -0.455084 0.409692
v 0.715347 -0.469049 0.418775
v 0.693552 -0.479026 0.500921
v 0.755917 -0.448907 0.553086
v 0.954354 -0.383585 0.501364
v 0.855329 -0.415787 0.527030
v 0.911471 -0.429688 0.464365
v 0.638282 -0.577935 0.051727
v 0.671311 -0.576169 0.000000
v 0.575524 -0.586352 0.156007
v 0.601645 -0.576921 0.102917
v 0.495720 -0.621035 0.000000
v 0.555245 -0.605616 0.052637
v 0.454660 -0.613310 0.051981
v 0.404850 -0.567515 0.359227
v 0.450768 -0.575481 0.310064
v 0.341751 -0.621493 0.212966
v 0.395336 -0.597598 0.261099
v 0.293554 -0.608789 0.260473
v 0.492971 -0.579430 0.258906
v 0.534933 -0.584583 0.209085
v 0.102274 -0.666424 0.000000
v 0.161774 -0.656330 0.053613
v 0.061092 -0.666812 0.054208
v 0.359001 -0.633663 0.052987
v 0.264619 -0.653092 0.053816
v 0.306047 -0.656214 0.000000
v 0.179955 -0.643892 0.159676
v 0.221074 -0.645241 0.106601
v 0.278781 -0.631009 0.158107
v 0.481498 -0.606878 0.158447
v 0.378449 -0.617148 0.157978
v 0.413421 -0.610370 0.103665
v -0.064466 -0.409803 0.712609
v 0.000000 -0.442138 0.683564
v -0.124063 -0.487195 0.598643
v -0.064198 -0.471447 0.649136
v -0.189076 -0.462584 0.637409
v 0.064491 -0.473606 0.652107
v 0.126147 -0.495377 0.608696
v -0.362861 -0.580636 0.435750
v -0.299414 -0.549380 0.469853
v -0.417967 -0.541861 0.464551
v -0.060131 -0.545799 0.465706
v -0.179546 -0.553040 0.472251
v -0.118054 -0.576256 0.432463
v -0.298352 -0.492070 0.538455
v -0.240742 -0.525748 0.509058
v -0.185613 -0.511066 0.556711
v 0.288959 -0.530197 0.453447
v 0.343101 -0.549018 0.412021
v 0.183240 -0.504531 0.549593
v 0.233835 -0.510664 0.494453
v 0.116382 -0.568092 0.426336
v 0.174420 -0.537250 0.458769
v 0.060303 -0.547360 0.467038
v -0.061841 -0.510471 0.556501
v 0.000000 -0.527296 0.509010
v 0.061566 -0.508198 0.554023
v -0.714376 -0.613130 0.000000
v -0.688106 -0.623048 0.055765
v -0.789850 -0.605796 0.056256
v -0.505879 -0.682402 0.057837
v -0.597384 -0.651577 0.056632
v -0.531610 -0.665999 0.000000
v -0.714805 -0.607293 0.166938
v -0.653301 -0.626453 0.111753
v -0.618320 -0.629953 0.167608
v -0.062355 -0.680601 0.055328
v -0.172433 -0.699575 0.057146
v -0.106598 -0.694600 0.000000
v -0.303214 -0.686311 0.171964
v -0.239211 -0.698179 0.115346
v -0.192745 -0.689654 0.171024
v -0.325027 -0.696909 0.000000
v -0.282402 -0.696980 0.057433
v -0.390646 -0.689519 0.057658
v -0.532306 -0.580885 0.377068
v -0.474070 -0.605230 0.326093
v -0.424543 -0.595120 0.376700
v -0.571797 -0.624868 0.223493
v -0.530574 -0.623628 0.278655
v -0.635232 -0.605223 0.277116
v -0.313069 -0.649261 0.277789
v -0.416622 -0.629774 0.275157
v -0.360827 -0.656182 0.224853
v -0.462859 -0.683360 0.116062
v -0.412691 -0.672987 0.172272
v -0.513618 -0.647362 0.169016
v 0.290688 -0.575198 0.365306
v 0.061891 -0.598797 0.381499
v 0.175768 -0.582868 0.370955
v 0.234143 -0.594259 0.314320
v 0.181277 -0.623423 0.269040
v -0.307244 -0.607959 0.386113
v -0.191003 -0.656871 0.283474
v -0.250800 -0.636535 0.336681
v -0.184384 -0.611439 0.389138
v -0.061888 -0.598768 0.381480
v 0.000000 -0.665133 0.108816
v 0.121732 -0.647999 0.217481
v 0.061987 -0.664284 0.165115
v -0.063094 -0.676144 0.168062
v -0.126106 -0.671286 0.225297
v 0.000000 -0.624442 0.331882
v -0.063367 -0.652425 0.281129
v 0.062533 -0.643840 0.277430
v 0.646288 -0.585184 -0.052376
v 0.742304 -0.569329 -0.052870
v 0.462367 -0.623707 -0.052862
v 0.559985 -0.610785 -0.053087
v 0.679326 -0.577149 -0.158652
v 0.630549 -0.604637 -0.107861
v 0.599784 -0.611068 -0.162584
v 0.062118 -0.678010 -0.055118
v 0.165063 -0.669676 -0.054703
v 0.290873 -0.658378 -0.164965
v 0.229459 -0.669716 -0.110644
v 0.184573 -0.660416 -0.163773
v 0.267319 -0.659756 -0.054366
v 0.364524 -0.643412 -0.053802
v 0.530473 -0.578885 -0.375769
v 0.472665 -0.603436 -0.325126
v 0.420837 -0.589926 -0.373412
v 0.555588 -0.607155 -0.217158
v 0.519617 -0.610749 -0.272900
v 0.611391 -0.582509 -0.266716
v 0.305029 -0.632586 -0.270655
v 0.415865 -0.628630 -0.274657
v 0.353154 -0.642229 -0.220072
v 0.427780 -0.631569 -0.107265
v 0.395612 -0.645136 -0.165143
v 0.497619 -0.627197 -0.163751
v -0.775682 -0.594929 -0.055247
v -0.679199 -0.614983 -0.055043
v -0.608332 -0.619777 -0.164901
v -0.651865 -0.625077 -0.111508
v -0.708502 -0.601938 -0.165466
v -0.589850 -0.643359 -0.055918
v -0.491588 -0.663125 -0.056203
v -0.425824 -0.596916 -0.377838
v -0.478085 -0.610357 -0.328855
v -0.537165 -0.586188 -0.380510
v -0.368890 -0.670846 -0.229878
v -0.426099 -0.644100 -0.281416
v -0.315528 -0.654360 -0.279971
v -0.629304 -0.599576 -0.274531
v -0.532125 -0.625450 -0.279469
v -0.567332 -0.619989 -0.221748
v -0.169969 -0.689576 -0.056329
v -0.062749 -0.684902 -0.055678
v -0.386820 -0.682766 -0.057093
v -0.277241 -0.684243 -0.056383
v -0.186482 -0.667247 -0.165467
v -0.228855 -0.667953 -0.110353
v -0.296401 -0.670891 -0.168100
v -0.511134 -0.644231 -0.168199
v -0.406547 -0.662969 -0.169708
v -0.448522 -0.662193 -0.112467
v 0.060394 -0.383920 -0.667601
v 0.000000 -0.417725 -0.645821
v -0.060401 -0.383966 -0.667681
v 0.122654 -0.481663 -0.591845
v 0.060691 -0.445695 -0.613677
v 0.183251 -0.448333 -0.617772
v -0.179109 -0.438198 -0.603807
v -0.060385 -0.443449 -0.610584
v -0.119061 -0.467552 -0.574506
v 0.363517 -0.581686 -0.436538
v 0.307704 -0.564592 -0.482863
v 0.420920 -0.545689 -0.467833
v 0.062933 -0.571232 -0.487407
v 0.185883 -0.572558 -0.488919
v 0.120821 -0.589760 -0.442597
v 0.309236 -0.510020 -0.558096
v 0.250996 -0.548141 -0.530741
v 0.187449 -0.516120 -0.562217
v -0.426985 -0.553553 -0.474575
v -0.307099 -0.563481 -0.481913
v -0.363696 -0.581972 -0.436752
v -0.180717 -0.497586 -0.542027
v -0.243013 -0.530708 -0.513861
v -0.301576 -0.497388 -0.544273
v -0.119879 -0.585164 -0.439148
v -0.182032 -0.560698 -0.478791
v -0.062037 -0.563100 -0.480468
v 0.062955 -0.519669 -0.566529
v 0.000000 -0.547370 -0.528388
v -0.061186 -0.505062 -0.550605
v 0.000000 -0.669774 -0.109575
v -0.124122 -0.660720 -0.221751
v -0.062297 -0.667598 -0.165938
v 0.062252 -0.667124 -0.165821
v 0.122306 -0.651054 -0.218507
v -0.301892 -0.597368 -0.379387
v -0.062840 -0.607980 -0.387349
v -0.181667 -0.602429 -0.383404
v -0.246122 -0.624661 -0.330400
v -0.190896 -0.656501 -0.283315
v 0.303872 -0.601286 -0.381875
v 0.185132 -0.636680 -0.274761
v 0.245717 -0.623633 -0.329856
v 0.184458 -0.611685 -0.389295
v 0.063229 -0.611736 -0.389742
v -0.063134 -0.650034 -0.280098
v 0.000000 -0.629396 -0.334515
v 0.061979 -0.638143 -0.274975
v 0.824662 -0.558184 -0.087269
v 0.854709 -0.552764 -0.033299
v 0.744823 -0.553955 -0.192175
v 0.778710 -0.552177 -0.139241
v 0.978962 -0.501694 -0.099098
v 0.894416 -0.536520 -0.121541
v 0.933447 -0.498089 -0.151194
v 0.603760 -0.559961 -0.420233
v 0.641720 -0.559968 -0.361680
v 0.836121 -0.503391 -0.320441
v 0.755063 -0.541801 -0.347683
v 0.816895 -0.512112 -0.384324
v 0.681224 -0.561804 -0.305918
v 0.709888 -0.555507 -0.248344
v 1.139010 -0.363177 -0.217588
v 1.055382 -0.392914 -0.240399
v 1.107633 -0.363423 -0.272738
v 0.988102 -0.467255 -0.184484
v 1.016653 -0.427483 -0.211376
v 1.060992 -0.431797 -0.159319
v 0.985268 -0.443173 -0.332588
v 0.999064 -0.434299 -0.270092
v 0.922090 -0.468786 -0.295297
v 0.808547 -0.529270 -0.228015
v 0.866428 -0.499653 -0.262230
v 0.900800 -0.499046 -0.206335
v 0.098616 -0.342905 -0.707147
v 0.162052 -0.379247 -0.690206
v 0.368204 -0.353427 -0.706764
v 0.266524 -0.369148 -0.703814
v 0.305889 -0.324377 -0.740995
v 0.223645 -0.407595 -0.657400
v 0.282612 -0.432116 -0.619972
v 0.736353 -0.262007 -0.653373
v 0.653608 -0.287205 -0.673851
v 0.673517 -0.235474 -0.690919
v 0.598159 -0.386537 -0.625723
v 0.627358 -0.337418 -0.650998
v 0.694515 -0.365598 -0.616250
v 0.494450 -0.280702 -0.719090
v 0.558273 -0.307882 -0.682707
v 0.466122 -0.329981 -0.694294
v 0.472334 -0.513545 -0.514069
v 0.526239 -0.529281 -0.466936
v 0.349370 -0.463427 -0.589235
v 0.412803 -0.491715 -0.555921
v 0.616008 -0.451947 -0.546589
v 0.515163 -0.471933 -0.551609
v 0.557087 -0.430816 -0.588908
v 0.433712 -0.380889 -0.670386
v 0.495355 -0.405341 -0.628509
v 0.388138 -0.419658 -0.625118
v 1.324423 -0.045742 -0.427660
v 1.291964 -0.075124 -0.472719
v 1.279964 -0.028677 -0.490150
v 1.255929 -0.162044 -0.418213
v 1.289737 -0.120958 -0.450456
v 1.325109 -0.135474 -0.386273
v 1.160407 -0.085248 -0.560778
v 1.236562 -0.104184 -0.510532
v 1.161965 -0.131179 -0.539298
v 1.152568 -0.321696 -0.307770
v 1.195611 -0.287208 -0.339333
v 1.220731 -0.294710 -0.277041
v 1.145734 -0.271251 -0.471304
v 1.194005 -0.284968 -0.412101
v 1.112385 -0.310480 -0.439451
v 1.271107 -0.216458 -0.330409
v 1.219887 -0.247050 -0.366335
v 1.239796 -0.206139 -0.392377
v 0.856974 -0.190955 -0.665626
v 0.934903 -0.212739 -0.621917
v 0.834266 -0.232854 -0.629711
v 1.075964 -0.157997 -0.563506
v 1.015770 -0.186801 -0.598278
v 1.003503 -0.137706 -0.610668
v 1.009711 -0.281823 -0.555945
v 1.018362 -0.235543 -0.580176
v 1.090108 -0.255387 -0.531033
v 1.213505 -0.194434 -0.459117
v 1.162820 -0.226972 -0.499378
v 1.161462 -0.178601 -0.519214
v 0.645859 -0.517501 -0.458921
v 0.729534 -0.433239 -0.533783
v 0.686719 -0.474307 -0.495987
v 0.752407 -0.493349 -0.440470
v 0.844239 -0.462154 -0.416057
v 0.816359 -0.284534 -0.613004
v 0.968036 -0.327662 -0.523194
v 0.900992 -0.308947 -0.573744
v 0.793857 -0.335840 -0.592090
v 0.774209 -0.389067 -0.572665
v 1.110379 -0.366221 -0.343203
v 0.949331 -0.435011 -0.395903
v 1.038412 -0.403856 -0.372343
v 1.071524 -0.355803 -0.404719
v 1.018381 -0.340974 -0.460726
v 0.836107 -0.406443 -0.515185
v 0.926218 -0.372276 -0.486583
v 0.889041 -0.419113 -0.452937
v 0.931891 -0.535837 0.000000
v 1.050649 -0.480140 -0.066260
v 1.002659 -0.513453 -0.033814
v 1.011712 -0.518089 0.034119
v 1.074539 -0.491058 0.067767
v 1.214095 -0.338869 -0.187907
v 1.171354 -0.372583 -0.158103
v 1.250705 -0.396899 -0.034125
v 1.202603 -0.381931 -0.096693
v 1.290380 -0.360161 -0.065469
v 1.126857 -0.405793 -0.127790
v 1.091426 -0.442174 -0.098170
v 1.234025 -0.392517 0.166562
v 1.278168 -0.356752 0.197823
v 1.145081 -0.463911 0.102996
v 1.190972 -0.428881 0.135061
v 1.308081 -0.365101 0.066367
v 1.271675 -0.403867 0.102247
v 1.265972 -0.401743 0.034541
v 1.121747 -0.454816 -0.033655
v 1.203762 -0.432173 0.000000
v 1.153943 -0.467870 0.034621
v 1.378971 0.000000 -0.397908
v 1.378575 -0.045890 -0.377066
v 1.474228 -0.046470 -0.270660
v 1.433969 -0.046353 -0.325597
v 1.462911 0.000000 -0.289195
v 1.386930 -0.092018 -0.358206
v 1.392295 -0.137773 -0.338446
v 1.509556 -0.045641 -0.034252
v 1.500934 -0.045599 -0.091622
v 1.497200 0.000000 -0.056905
v 1.462662 -0.136303 -0.160039
v 1.493933 -0.091794 -0.126765
v 1.471922 -0.135755 -0.101880
v 1.466215 0.000000 -0.169354
v 1.486812 -0.045566 -0.149196
v 1.482152 -0.046095 -0.207962
v 1.297608 -0.260022 -0.251721
v 1.273111 -0.299711 -0.224924
v 1.350948 -0.179705 -0.306158
v 1.318343 -0.219086 -0.277781
v 1.384018 -0.220234 -0.165279
v 1.374556 -0.223359 -0.225203
v 1.419044 -0.180849 -0.193252
v 1.463141 -0.092421 -0.245437
v 1.437346 -0.136841 -0.218290
v 1.434452 -0.139288 -0.281860
v 1.418856 -0.047231 0.388084
v 1.385142 0.000000 0.399689
v 1.373279 -0.135891 0.333824
v 1.412711 -0.093728 0.364864
v 1.460067 0.000000 0.288633
v 1.465163 -0.047362 0.332680
v 1.482427 -0.046728 0.272166
v 1.313805 -0.309291 0.232114
v 1.320251 -0.264559 0.256113
v 1.430447 -0.182302 0.194805
v 1.381409 -0.224473 0.226325
v 1.412685 -0.224795 0.168702
v 1.350838 -0.224486 0.284628
v 1.362556 -0.181249 0.308789
v 1.523640 0.000000 0.057909
v 1.529519 -0.046468 0.093367
v 1.515819 -0.045830 0.034394
v 1.506876 -0.046864 0.211431
v 1.531864 -0.046947 0.153717
v 1.519725 0.000000 0.175534
v 1.530846 -0.141190 0.105959
v 1.523210 -0.093593 0.129249
v 1.494771 -0.139295 0.163552
v 1.421587 -0.138039 0.279332
v 1.467668 -0.139727 0.222895
v 1.479596 -0.093460 0.248197
v 1.309978 -0.309421 -0.163956
v 1.432225 -0.229874 -0.103140
v 1.383631 -0.272183 -0.135014
v 1.348441 -0.319175 -0.100706
v 1.361021 -0.322495 -0.034839
v 1.510160 -0.091887 0.000000
v 1.516365 -0.189277 0.070548
v 1.519505 -0.140469 0.035116
v 1.501357 -0.138791 -0.034697
v 1.478276 -0.184522 -0.068776
v 1.356002 -0.320292 0.169716
v 1.367739 -0.324087 0.035011
v 1.360720 -0.322081 0.101623
v 1.387600 -0.272964 0.135401
v 1.454722 -0.233485 0.104760
v 1.464569 -0.234709 -0.035228
v 1.479115 -0.237040 0.035578
v 1.411120 -0.278934 0.000000
v 0.104886 -0.320525 0.780338
v 0.320849 -0.293138 0.803012
v 0.212200 -0.307222 0.792105
v 0.105325 -0.275155 0.806946
v 0.105679 -0.228921 0.830297
v 0.691964 -0.193136 0.727948
v 0.598520 -0.215493 0.739719
v 0.419973 -0.166907 0.816122
v 0.510664 -0.191492 0.778301
v 0.512305 -0.142990 0.797334
v 0.515148 -0.242921 0.767713
v 0.427168 -0.270663 0.795299
v 0.103713 -0.077504 0.845454
v 0.103181 -0.028799 0.845183
v 0.106358 -0.178462 0.846961
v 0.105651 -0.128656 0.853766
v 0.321760 -0.089807 0.864001
v 0.213304 -0.109554 0.859745
v 0.320237 -0.139842 0.851064
v 0.321678 -0.242095 0.820442
v 0.323534 -0.191948 0.841626
v 0.213033 -0.210408 0.835251
v 1.165835 0.000000 0.502138
v 1.054283 0.054111 0.571348
v 1.117098 0.027361 0.540253
v 1.112284 -0.027243 0.537925
v 1.068716 -0.054852 0.579170
v 0.785982 0.162095 0.697409
v 0.857280 0.135296 0.667485
v 0.885297 0.028309 0.690905
v 0.871887 0.082095 0.679910
v 0.818520 0.055337 0.726280
v 0.927541 0.108635 0.637898
v 0.988506 0.081623 0.604274
v 0.884057 -0.139522 0.688334
v 0.806627 -0.166352 0.715727
v 1.007066 -0.083155 0.615620
v 0.947693 -0.110995 0.651757
v 0.823974 -0.055706 0.731120
v 0.893320 -0.084113 0.696624
v 0.892192 -0.028530 0.696286
v 1.019830 0.028067 0.622932
v 0.951685 0.000000 0.656492
v 1.009529 -0.027783 0.616640
v 0.106714 0.326113 0.793942
v 0.105315 0.228133 0.827438
v 0.106220 0.277492 0.813801
v 0.214210 0.310131 0.799606
v 0.316186 0.288877 0.791340
v 0.104696 0.029222 0.857595
v 0.104918 0.078404 0.855281
v 0.316502 0.138211 0.841138
v 0.213493 0.109652 0.860509
v 0.320581 0.089478 0.860834
v 0.105574 0.128563 0.853146
v 0.105322 0.176725 0.838717
v 0.596366 0.214718 0.737056
v 0.687038 0.191761 0.722766
v 0.414948 0.262920 0.772547
v 0.505612 0.238424 0.753501
v 0.505803 0.141176 0.787214
v 0.507500 0.190305 0.773478
v 0.410219 0.163031 0.797167
v 0.213752 0.211118 0.838068
v 0.315221 0.187016 0.820003
v 0.317190 0.238718 0.808997
v 0.709170 -0.139757 0.743564
v 0.734169 -0.029498 0.767346
v 0.727035 -0.085315 0.760698
v 0.615915 -0.113628 0.775413
v 0.530407 -0.088510 0.818434
v 0.696775 0.137314 0.730568
v 0.529420 0.088345 0.816911
v 0.620684 0.114507 0.781417
v 0.722639 0.084800 0.756099
v 0.736089 0.029575 0.769353
v 0.210922 0.000000 0.858509
v 0.429784 -0.059578 0.852727
v 0.323873 -0.030112 0.867662
v 0.320940 0.029840 0.859806
v 0.423322 0.058682 0.839906
v 0.648625 0.000000 0.812663
v 0.540434 0.030168 0.835173
v 0.539608 -0.030122 0.833896
v -0.856338 -0.579624 0.090621
v -0.779981 -0.580103 0.201246
v -0.825668 -0.585475 0.147637
v -0.914433 -0.548527 0.124261
v -0.964308 -0.514557 0.156193
v -0.587609 -0.544981 0.408992
v -0.649543 -0.566794 0.366089
v -0.866640 -0.521765 0.332137
v -0.763906 -0.548146 0.351755
v -0.825688 -0.517624 0.388461
v -0.703392 -0.580086 0.315873
v -0.743002 -0.581420 0.259928
v -1.116082 -0.415513 0.254226
v -1.163452 -0.381738 0.286483
v -1.031140 -0.487607 0.192520
v -1.077313 -0.452989 0.223988
v -0.999160 -0.449422 0.337277
v -1.034422 -0.449670 0.279650
v -0.958955 -0.487528 0.307103
v -0.844523 -0.552820 0.238160
v -0.899805 -0.518901 0.272332
v -0.940846 -0.521231 0.215508
v -0.166957 -0.390728 0.711099
v -0.348988 -0.334982 0.669880
v -0.260226 -0.360425 0.687183
v -0.229023 -0.417396 0.673208
v -0.284092 -0.434378 0.623219
v -0.708178 -0.251982 0.628373
v -0.619938 -0.272409 0.639138
v -0.566378 -0.366000 0.592478
v -0.592299 -0.318562 0.614617
v -0.654394 -0.344478 0.580649
v -0.535277 -0.295200 0.654586
v -0.443600 -0.314037 0.660747
v -0.463601 -0.504051 0.504565
v -0.521889 -0.524906 0.463077
v -0.335524 -0.445061 0.565883
v -0.395121 -0.470652 0.532109
v -0.592988 -0.435059 0.526164
v -0.493888 -0.452444 0.528829
v -0.535800 -0.414354 0.566405
v -0.408857 -0.359061 0.631966
v -0.473515 -0.387469 0.600798
v -0.375248 -0.405721 0.604358
v -1.298846 -0.075524 0.475237
v -1.289331 -0.166354 0.429336
v -1.296747 -0.121615 0.452904
v -1.240815 -0.104542 0.512288
v -1.173841 -0.132520 0.544810
v -1.213301 -0.338647 0.323988
v -1.239658 -0.297789 0.351834
v -1.143487 -0.270719 0.470380
v -1.186756 -0.283238 0.409599
v -1.099941 -0.307007 0.434535
v -1.263505 -0.255884 0.379433
v -1.278030 -0.212496 0.404478
v -0.899442 -0.204670 0.598328
v -0.816003 -0.227756 0.615927
v -1.092961 -0.160492 0.572408
v -1.011496 -0.186015 0.595761
v -0.989271 -0.276118 0.544691
v -0.986046 -0.228068 0.561765
v -1.062133 -0.248833 0.517405
v -1.229026 -0.196921 0.464989
v -1.150454 -0.224558 0.494068
v -1.151900 -0.177130 0.514940
v -0.629849 -0.504673 0.447545
v -0.712543 -0.423149 0.521351
v -0.673268 -0.465016 0.486271
v -0.750970 -0.492407 0.439629
v -0.855095 -0.468097 0.421407
v -0.807577 -0.281473 0.606409
v -0.967372 -0.327437 0.522835
v -0.900966 -0.308938 0.573728
v -0.782365 -0.330978 0.583519
v -0.755483 -0.379657 0.558814
v -1.116720 -0.368312 0.345163
v -0.941218 -0.431293 0.392520
v -1.025548 -0.398852 0.367730
v -1.058821 -0.351585 0.399921
v -1.028877 -0.344488 0.465474
v -0.835752 -0.406270 0.514967
v -0.937615 -0.376857 0.492570
v -0.886240 -0.417793 0.451510
v -0.156904 -0.367200 -0.668281
v -0.276381 -0.422588 -0.606302
v -0.217168 -0.395791 -0.638362
v -0.255249 -0.353532 -0.674040
v -0.354392 -0.340168 -0.680251
v -0.532251 -0.535329 -0.472272
v -0.474466 -0.515864 -0.516390
v -0.553088 -0.427723 -0.584681
v -0.518208 -0.474722 -0.554869
v -0.623707 -0.457596 -0.553421
v -0.408426 -0.486500 -0.550026
v -0.342528 -0.454351 -0.577695
v -0.665030 -0.292224 -0.685626
v -0.759912 -0.270390 -0.674277
v -0.457307 -0.323741 -0.681164
v -0.557649 -0.307538 -0.681944
v -0.698457 -0.367673 -0.619747
v -0.632656 -0.340268 -0.656495
v -0.595753 -0.384983 -0.623207
v -0.377784 -0.408463 -0.608442
v -0.483750 -0.395844 -0.613784
v -0.416411 -0.365695 -0.643643
v -0.837894 -0.567140 -0.088669
v -0.940559 -0.501884 -0.152346
v -0.899721 -0.539702 -0.122262
v -0.805161 -0.570933 -0.143970
v -0.781284 -0.581072 -0.201582
v -1.138993 -0.373712 -0.280460
v -1.089947 -0.405782 -0.248273
v -0.955480 -0.485761 -0.305990
v -1.024664 -0.445428 -0.277013
v -0.992468 -0.446411 -0.335018
v -1.061519 -0.446348 -0.220704
v -1.006590 -0.475998 -0.187936
v -0.649712 -0.566942 -0.366185
v -0.602292 -0.558599 -0.419212
v -0.743825 -0.582064 -0.260216
v -0.698358 -0.575935 -0.313613
v -0.801451 -0.502430 -0.377059
v -0.760861 -0.545961 -0.350353
v -0.860555 -0.518101 -0.329805
v -0.923973 -0.511883 -0.211643
v -0.910555 -0.525101 -0.275585
v -0.846952 -0.554410 -0.238845
v -1.271372 -0.073927 -0.465184
v -1.195070 -0.134917 -0.554663
v -1.239164 -0.104403 -0.511607
v -1.296259 -0.121569 -0.452733
v -1.307146 -0.168652 -0.435268
v -0.857510 -0.239341 -0.647256
v -0.955368 -0.217396 -0.635531
v -1.116239 -0.261509 -0.543763
v -1.052429 -0.243422 -0.599584
v -1.032991 -0.288320 -0.568763
v -1.049706 -0.193042 -0.618266
v -1.134877 -0.166648 -0.594360
v -1.230684 -0.295634 -0.349287
v -1.189739 -0.332071 -0.317696
v -1.308432 -0.217551 -0.414100
v -1.275735 -0.258361 -0.383106
v -1.133214 -0.316294 -0.447679
v -1.217366 -0.290543 -0.420164
v -1.189810 -0.281686 -0.489435
v -1.190143 -0.183011 -0.532036
v -1.190251 -0.232326 -0.511159
v -1.242663 -0.199106 -0.470149
v -0.645931 -0.517559 -0.458972
v -0.840531 -0.460125 -0.414229
v -0.750450 -0.492066 -0.439325
v -0.684132 -0.472520 -0.494118
v -0.731575 -0.434451 -0.535276
v -1.097128 -0.361850 -0.339107
v -1.037061 -0.347229 -0.469177
v -1.071052 -0.355647 -0.404541
v -1.017929 -0.395889 -0.364999
v -0.941473 -0.431410 -0.392626
v -0.838688 -0.292317 -0.629770
v -0.775402 -0.389667 -0.573548
v -0.819030 -0.346489 -0.610865
v -0.917776 -0.314702 -0.584432
v -0.992678 -0.336003 -0.536512
v -0.898934 -0.423777 -0.457977
v -0.940754 -0.378119 -0.494220
v -0.833056 -0.404959 -0.513305
v 1.256989 0.000000 -0.541399
v 1.115634 -0.057260 -0.604596
v 1.193072 -0.029222 -0.576996
v 1.206556 0.029552 -0.583517
v 1.138021 0.058409 -0.616728
v 0.792084 -0.163353 -0.702823
v 0.871060 -0.137471 -0.678215
v 0.891498 -0.028507 -0.695744
v 0.889613 -0.083764 -0.693733
v 0.812605 -0.054937 -0.721032
v 0.943703 -0.110528 -0.649013
v 1.019599 -0.084190 -0.623281
v 0.886797 0.139955 -0.690468
v 0.802556 0.165513 -0.712115
v 1.060591 0.087575 -0.648340
v 0.976454 0.114364 -0.671537
v 0.832940 0.056312 -0.739075
v 0.915459 0.086197 -0.713888
v 0.912639 0.029183 -0.712243
v 1.056762 -0.029083 -0.645491
v 0.996609 0.000000 -0.687482
v 1.082231 0.029784 -0.661048
v 0.099562 -0.304257 -0.740731
v 0.103051 -0.223228 -0.809650
v 0.101179 -0.264325 -0.775184
v 0.202298 -0.292886 -0.755143
v 0.304734 -0.278415 -0.762679
v 0.105848 -0.029543 -0.867028
v 0.107012 -0.079969 -0.872350
v 0.307612 -0.134329 -0.817513
v 0.214078 -0.109952 -0.862865
v 0.311869 -0.087046 -0.837442
v 0.107220 -0.130568 -0.866453
v 0.105888 -0.177674 -0.843221
v 0.572914 -0.206274 -0.708071
v 0.676687 -0.188872 -0.711877
v 0.402781 -0.255211 -0.749895
v 0.487703 -0.229979 -0.726813
v 0.496925 -0.138698 -0.773397
v 0.488134 -0.183043 -0.743962
v 0.400214 -0.159054 -0.777724
v 0.205175 -0.202646 -0.804440
v 0.304229 -0.180495 -0.791408
v 0.301963 -0.227258 -0.770159
v 0.097288 0.297305 -0.723807
v 0.302431 0.276311 -0.756915
v 0.198840 0.287879 -0.742233
v 0.098409 0.257087 -0.753959
v 0.097746 0.211737 -0.767973
v 0.696797 0.194484 -0.733032
v 0.612781 0.220628 -0.757343
v 0.410157 0.163006 -0.797047
v 0.518531 0.194442 -0.790290
v 0.518582 0.144742 -0.807103
v 0.513300 0.242049 -0.764959
v 0.410274 0.259959 -0.763845
v 0.101402 0.075777 -0.826619
v 0.103633 0.028925 -0.848888
v 0.097785 0.164078 -0.778698
v 0.098671 0.120157 -0.797363
v 0.308107 0.085996 -0.827339
v 0.199777 0.102607 -0.805223
v 0.302771 0.132215 -0.804648
v 0.303925 0.228734 -0.775163
v 0.305377 0.181176 -0.794394
v 0.198372 0.195927 -0.777765
v 0.700850 -0.138117 -0.734840
v 0.514009 -0.085773 -0.793132
v 0.606840 -0.111953 -0.763988
v 0.716542 -0.084084 -0.749719
v 0.724947 -0.029127 -0.757707
v 0.209540 0.000000 -0.852884
v 0.420221 0.058252 -0.833753
v 0.312659 0.029070 -0.837619
v 0.317217 -0.029494 -0.849830
v 0.418868 -0.058065 -0.831069
v 0.722555 0.142395 -0.757598
v 0.736011 0.029572 -0.769271
v 0.741112 0.086967 -0.775426
v 0.636662 0.117455 -0.801533
v 0.538000 0.089777 -0.830151
v 0.523989 -0.029250 -0.809759
v 0.534572 0.029841 -0.826113
v 0.634705 0.000000 -0.795222
v 1.360937 0.045303 0.372242
v 1.426423 0.044963 0.261884
v 1.391525 0.044981 0.315960
v 1.339931 0.088899 0.346067
v 1.352785 0.133863 0.328842
v 1.490946 0.045078 0.033830
v 1.498142 0.045514 0.091452
v 1.425264 0.132818 0.155947
v 1.472004 0.090447 0.124904
v 1.449350 0.133673 0.100318
v 1.492783 0.045749 0.149795
v 1.463524 0.045515 0.205348
v 1.348975 0.270315 0.261685
v 1.319399 0.310608 0.233102
v 1.362498 0.181242 0.308776
v 1.374668 0.228447 0.289649
v 1.391572 0.221436 0.166181
v 1.379441 0.224153 0.226003
v 1.405215 0.179086 0.191368
v 1.422008 0.089823 0.238537
v 1.415947 0.134803 0.215040
v 1.396177 0.135571 0.274339
v 1.396506 0.046487 -0.381971
v 1.420782 0.140592 -0.345371
v 1.403167 0.093095 -0.362399
v 1.438446 0.046498 -0.326614
v 1.450136 0.045711 -0.266237
v 1.352837 0.318480 -0.239010
v 1.377395 0.276010 -0.267198
v 1.425033 0.181612 -0.194067
v 1.407645 0.228736 -0.230624
v 1.417720 0.225597 -0.169303
v 1.391538 0.231250 -0.293203
v 1.411400 0.187747 -0.319858
v 1.453334 0.044153 -0.088717
v 1.472083 0.044508 -0.033402
v 1.454249 0.045227 -0.204047
v 1.445282 0.044293 -0.145029
v 1.432628 0.132131 -0.099160
v 1.434831 0.088162 -0.121750
v 1.423108 0.132617 -0.155711
v 1.431452 0.138996 -0.281270
v 1.426316 0.135791 -0.216614
v 1.454271 0.091861 -0.243949
v 0.973407 0.559708 0.000000
v 1.091221 0.498681 0.068819
v 1.038372 0.531741 0.035018
v 1.040525 0.532844 -0.035091
v 1.086711 0.496620 -0.068534
v 1.308724 0.365281 0.202553
v 1.274703 0.405456 0.172053
v 1.272652 0.403863 0.034724
v 1.286529 0.408584 0.103441
v 1.332165 0.371823 0.067589
v 1.217531 0.438446 0.138073
v 1.160593 0.470196 0.104392
v 1.254822 0.399132 -0.169369
v 1.283909 0.358355 -0.198712
v 1.155963 0.468320 -0.103975
v 1.220002 0.439336 -0.138353
v 1.314745 0.366961 -0.066705
v 1.268214 0.402768 -0.101968
v 1.262214 0.400551 -0.034439
v 1.157937 0.469489 0.034741
v 1.214625 0.436073 0.000000
v 1.147961 0.465444 -0.034442
v 1.455340 0.088551 0.000000
v 1.447047 0.180624 -0.067323
v 1.428407 0.132047 -0.033011
v 1.431625 0.132345 0.033085
v 1.432045 0.178752 0.066625
v 1.343051 0.317233 -0.168095
v 1.389531 0.329251 -0.035569
v 1.369962 0.324269 -0.102313
v 1.393658 0.274156 -0.135993
v 1.423941 0.228545 -0.102543
v 1.351788 0.319296 0.169189
v 1.404442 0.225415 0.101139
v 1.374893 0.270464 0.134162
v 1.372553 0.324882 0.102507
v 1.394075 0.330327 0.035685
v 1.432466 0.229564 -0.034456
v 1.417918 0.280277 0.000000
v 1.424958 0.228361 0.034276
f 1 643 645
f 163 644 643
f 165 645 644
f 643 644 645
f 43 646 648
f 164 647 646
f 163 648 647
f 646 647 648
f 45 649 651
f 165 650 649
f 164 651 650
f 649 650 651
f 163 647 644
f 164 650 647
f 165 644 650
f 647 650 644
f 13 652 654
f 166 653 652
f 168 654 653
f 652 653 654
f 44 655 657
f 167 656 655
f 166 657 656
f 655 656 657
f 43 658 660
f 168 659 658
f 167 660 659
f 658 659 660
f 166 656 653
f 167 659 656
f 168 653 659
f 656 659 653
f 15 661 663
f 169 662 661
f 171 663 662
f 661 662 663
f 45 664 666
f 170 665 664
f 169 666 665
f 664 665 666
f 44 667 669
f 171 668 667
f 170 669 668
f 667 668 669
f 169 665 662
f 170 668 665
f 171 662 668
f 665 668 662
f 43 660 646
f 167 670 660
f 164 646 670
f 660 670 646
f 44 669 655
f 170 671 669
f 167 655 671
f 669 671 655
f 45 651 664
f 164 672 651
f 170 664 672
f 651 672 664
f 167 671 670
f 170 672 671
f 164 670 672
f 671 672 670
f 12 673 675
f 172 674 673
f 174 675 674
f 673 674 675
f 46 676 678
f 173 677 676
f 172 678 677
f 676 677 678
f 48 679 681
f 174 680 679
f 173 681 680
f 679 680 681
f 172 677 674
f 173 680 677
f 174 674 680
f 677 680 674
f 14 682 684
f 175 683 682
f 177 684 683
f 682 683 684
f 47 685 687
f 176 686 685
f 175 687 686
f 685 686 687
f 46 688 690
f 177 689 688
f 176 690 689
f 688 689 690
f 175 686 683
f 176 689 686
f 177 683 689
f 686 689 683
f 13 691 693
f 178 692 691
f 180 693 692
f 691 692 693
f 48 694 696
f 179 695 694
f 178 696 695
f 694 695 696
f 47 697 699
f 180 698 697
f 179 699 698
f 697 698 699
f 178 695 692
f 179 698 695
f 180 692 698
f 695 698 692
f 46 690 676
f 176 700 690
f 173 676 700
f 690 700 676
f 47 699 685
f 179 701 699
f 176 685 701
f 699 701 685
f 48 681 694
f 173 702 681
f 179 694 702
f 681 702 694
f 176 701 700
f 179 702 701
f 173 700 702
f 701 702 700
f 6 703 705
f 181 704 703
f 183 705 704
f 703 704 705
f 49 706 708
f 182 707 706
f 181 708 707
f 706 707 708
f 51 709 711
f 183 710 709
f 182 711 710
f 709 710 711
f 181 707 704
f 182 710 707
f 183 704 710
f 707 710 704
f 15 712 714
f 184 713 712
f 186 714 713
f 712 713 714
f 50 715 717
f 185 716 715
f 184 717 716
f 715 716 717
f 49 718 720
f 186 719 718
f 185 720 719
f 718 719 720
f 184 716 713
f 185 719 716
f 186 713 719
f 716 719 713
f 14 721 723
f 187 722 721
f 189 723 722
f 721 722 723
f 51 724 726
f 188 725 724
f 187 726 725
f 724 725 726
f 50 727 729
f 189 728 727
f 188 729 728
f 727 728 729
f 187 725 722
f 188 728 725
f 189 722 728
f 725 728 722
f 49 720 706
f 185 730 720
f 182 706 730
f 720 730 706
f 50 729 715
f 188 731 729
f 185 715 731
f 729 731 715
f 51 711 724
f 182 732 711
f 188 724 732
f 711 732 724
f 185 731 730
f 188 732 731
f 182 730 732
f 731 732 730
f 13 693 652
f 180 733 693
f 166 652 733
f 693 733 652
f 47 734 697
f 190 735 734
f 180 697 735
f 734 735 697
f 44 657 737
f 166 736 657
f 190 737 736
f 657 736 737
f 180 735 733
f 190 736 735
f 166 733 736
f 735 736 733
f 14 723 682
f 189 738 723
f 175 682 738
f 723 738 682
f 50 739 727
f 191 740 739
f 189 727 740
f 739 740 727
f 47 687 742
f 175 741 687
f 191 742 741
f 687 741 742
f 189 740 738
f 191 741 740
f 175 738 741
f 740 741 738
f 15 663 712
f 171 743 663
f 184 712 743
f 663 743 712
f 44 744 667
f 192 745 744
f 171 667 745
f 744 745 667
f 50 717 747
f 184 746 717
f 192 747 746
f 717 746 747
f 171 745 743
f 192 746 745
f 184 743 746
f 745 746 743
f 47 742 734
f 191 748 742
f 190 734 748
f 742 748 734
f 50 747 739
f 192 749 747
f 191 739 749
f 747 749 739
f 44 737 744
f 190 750 737
f 192 744 750
f 737 750 744
f 191 749 748
f 192 750 749
f 190 748 750
f 749 750 748
f 1 645 752
f 165 751 645
f 194 752 751
f 645 751 752
f 45 753 649
f 193 754 753
f 165 649 754
f 753 754 649
f 53 755 757
f 194 756 755
f 193 757 756
f 755 756 757
f 165 754 751
f 193 756 754
f 194 751 756
f 754 756 751
f 15 758 661
f 195 759 758
f 169 661 759
f 758 759 661
f 52 760 762
f 196 761 760
f 195 762 761
f 760 761 762
f 45 666 764
f 169 763 666
f 196 764 763
f 666 763 764
f 195 761 759
f 196 763 761
f 169 759 763
f 761 763 759
f 17 765 767
f 197 766 765
f 199 767 766
f 765 766 767
f 53 768 770
f 198 769 768
f 197 770 769
f 768 769 770
f 52 771 773
f 199 772 771
f 198 773 772
f 771 772 773
f 197 769 766
f 198 772 769
f 199 766 772
f 769 772 766
f 45 764 753
f 196 774 764
f 193 753 774
f 764 774 753
f 52 773 760
f 198 775 773
f 196 760 775
f 773 775 760
f 53 757 768
f 193 776 757
f 198 768 776
f 757 776 768
f 196 775 774
f 198 776 775
f 193 774 776
f 775 776 774
f 6 777 703
f 200 778 777
f 181 703 778
f 777 778 703
f 54 779 781
f 201 780 779
f 200 781 780
f 779 780 781
f 49 708 783
f 181 782 708
f 201 783 782
f 708 782 783
f 200 780 778
f 201 782 780
f 181 778 782
f 780 782 778
f 16 784 786
f 202 785 784
f 204 786 785
f 784 785 786
f 55 787 789
f 203 788 787
f 202 789 788
f 787 788 789
f 54 790 792
f 204 791 790
f 203 792 791
f 790 791 792
f 202 788 785
f 203 791 788
f 204 785 791
f 788 791 785
f 15 714 794
f 186 793 714
f 206 794 793
f 714 793 794
f 49 795 718
f 205 796 795
f 186 718 796
f 795 796 718
f 55 797 799
f 206 798 797
f 205 799 798
f 797 798 799
f 186 796 793
f 205 798 796
f 206 793 798
f 796 798 793
f 54 792 779
f 203 800 792
f 201 779 800
f 792 800 779
f 55 799 787
f 205 801 799
f 203 787 801
f 799 801 787
f 49 783 795
f 201 802 783
f 205 795 802
f 783 802 795
f 203 801 800
f 205 802 801
f 201 800 802
f 801 802 800
f 2 803 805
f 207 804 803
f 209 805 804
f 803 804 805
f 56 806 808
f 208 807 806
f 207 808 807
f 806 807 808
f 58 809 811
f 209 810 809
f 208 811 810
f 809 810 811
f 207 807 804
f 208 810 807
f 209 804 810
f 807 810 804
f 17 812 814
f 210 813 812
f 212 814 813
f 812 813 814
f 57 815 817
f 211 816 815
f 210 817 816
f 815 816 817
f 56 818 820
f 212 819 818
f 211 820 819
f 818 819 820
f 210 816 813
f 211 819 816
f 212 813 819
f 816 819 813
f 16 821 823
f 213 822 821
f 215 823 822
f 821 822 823
f 58 824 826
f 214 825 824
f 213 826 825
f 824 825 826
f 57 827 829
f 215 828 827
f 214 829 828
f 827 828 829
f 213 825 822
f 214 828 825
f 215 822 828
f 825 828 822
f 56 820 806
f 211 830 820
f 208 806 830
f 820 830 806
f 57 829 815
f 214 831 829
f 211 815 831
f 829 831 815
f 58 811 824
f 208 832 811
f 214 824 832
f 811 832 824
f 211 831 830
f 214 832 831
f 208 830 832
f 831 832 830
f 15 794 758
f 206 833 794
f 195 758 833
f 794 833 758
f 55 834 797
f 216 835 834
f 206 797 835
f 834 835 797
f 52 762 837
f 195 836 762
f 216 837 836
f 762 836 837
f 206 835 833
f 216 836 835
f 195 833 836
f 835 836 833
f 16 823 784
f 215 838 823
f 202 784 838
f 823 838 784
f 57 839 827
f 217 840 839
f 215 827 840
f 839 840 827
f 55 789 842
f 202 841 789
f 217 842 841
f 789 841 842
f 215 840 838
f 217 841 840
f 202 838 841
f 840 841 838
f 17 767 812
f 199 843 767
f 210 812 843
f 767 843 812
f 52 844 771
f 218 845 844
f 199 771 845
f 844 845 771
f 57 817 847
f 210 846 817
f 218 847 846
f 817 846 847
f 199 845 843
f 218 846 845
f 210 843 846
f 845 846 843
f 55 842 834
f 217 848 842
f 216 834 848
f 842 848 834
f 57 847 839
f 218 849 847
f 217 839 849
f 847 849 839
f 52 837 844
f 216 850 837
f 218 844 850
f 837 850 844
f 217 849 848
f 218 850 849
f 216 848 850
f 849 850 848
f 1 752 852
f 194 851 752
f 220 852 851
f 752 851 852
f 53 853 755
f 219 854 853
f 194 755 854
f 853 854 755
f 60 855 857
f 220 856 855
f 219 857 856
f 855 856 857
f 194 854 851
f 219 856 854
f 220 851 856
f 854 856 851
f 17 858 765
f 221 859 858
f 197 765 859
f 858 859 765
f 59 860 862
f 222 861 860
f 221 862 861
f 860 861 862
f 53 770 864
f 197 863 770
f 222 864 863
f 770 863 864
f 221 861 859
f 222 863 861
f 197 859 863
f 861 863 859
f 19 865 867
f 223 866 865
f 225 867 866
f 865 866 867
f 60 868 870
f 224 869 868
f 223 870 869
f 868 869 870
f 59 871 873
f 225 872 871
f 224 873 872
f 871 872 873
f 223 869 866
f 224 872 869
f 225 866 872
f 869 872 866
f 53 864 853
f 222 874 864
f 219 853 874
f 864 874 853
f 59 873 860
f 224 875 873
f 222 860 875
f 873 875 860
f 60 857 868
f 219 876 857
f 224 868 876
f 857 876 868
f 222 875 874
f 224 876 875
f 219 874 876
f 875 876 874
f 2 877 803
f 226 878 877
f 207 803 878
f 877 878 803
f 61 879 881
f 227 880 879
f 226 881 880
f 879 880 881
f 56 808 883
f 207 882 808
f 227 883 882
f 808 882 883
f 226 880 878
f 227 882 880
f 207 878 882
f 880 882 878
f 18 884 886
f 228 885 884
f 230 886 885
f 884 885 886
f 62 887 889
f 229 888 887
f 228 889 888
f 887 888 889
f 61 890 892
f 230 891 890
f 229 892 891
f 890 891 892
f 228 888 885
f 229 891 888
f 230 885 891
f 888 891 885
f 17 814 894
f 212 893 814
f 232 894 893
f 814 893 894
f 56 895 818
f 231 896 895
f 212 818 896
f 895 896 818
f 62 897 899
f 232 898 897
f 231 899 898
f 897 898 899
f 212 896 893
f 231 898 896
f 232 893 898
f 896 898 893
f 61 892 879
f 229 900 892
f 227 879 900
f 892 900 879
f 62 899 887
f 231 901 899
f 229 887 901
f 899 901 887
f 56 883 895
f 227 902 883
f 231 895 902
f 883 902 895
f 229 901 900
f 231 902 901
f 227 900 902
f 901 902 900
f 8 903 905
f 233 904 903
f 235 905 904
f 903 904 905
f 63 906 908
f 234 907 906
f 233 908 907
f 906 907 908
f 65 909 911
f 235 910 909
f 234 911 910
f 909 910 911
f 233 907 904
f 234 910 907
f 235 904 910
f 907 910 904
f 19 912 914
f 236 913 912
f 238 914 913
f 912 913 914
f 64 915 917
f 237 916 915
f 236 917 916
f 915 916 917
f 63 918 920
f 238 919 918
f 237 920 919
f 918 919 920
f 236 916 913
f 237 919 916
f 238 913 919
f 916 919 913
f 18 921 923
f 239 922 921
f 241 923 922
f 921 922 923
f 65 924 926
f 240 925 924
f 239 926 925
f 924 925 926
f 64 927 929
f 241 928 927
f 240 929 928
f 927 928 929
f 239 925 922
f 240 928 925
f 241 922 928
f 925 928 922
f 63 920 906
f 237 930 920
f 234 906 930
f 920 930 906
f 64 929 915
f 240 931 929
f 237 915 931
f 929 931 915
f 65 911 924
f 234 932 911
f 240 924 932
f 911 932 924
f 237 931 930
f 240 932 931
f 234 930 932
f 931 932 930
f 17 894 858
f 232 933 894
f 221 858 933
f 894 933 858
f 62 934 897
f 242 935 934
f 232 897 935
f 934 935 897
f 59 862 937
f 221 936 862
f 242 937 936
f 862 936 937
f 232 935 933
f 242 936 935
f 221 933 936
f 935 936 933
f 18 923 884
f 241 938 923
f 228 884 938
f 923 938 884
f 64 939 927
f 243 940 939
f 241 927 940
f 939 940 927
f 62 889 942
f 228 941 889
f 243 942 941
f 889 941 942
f 241 940 938
f 243 941 940
f 228 938 941
f 940 941 938
f 19 867 912
f 225 943 867
f 236 912 943
f 867 943 912
f 59 944 871
f 244 945 944
f 225 871 945
f 944 945 871
f 64 917 947
f 236 946 917
f 244 947 946
f 917 946 947
f 225 945 943
f 244 946 945
f 236 943 946
f 945 946 943
f 62 942 934
f 243 948 942
f 242 934 948
f 942 948 934
f 64 947 939
f 244 949 947
f 243 939 949
f 947 949 939
f 59 937 944
f 242 950 937
f 244 944 950
f 937 950 944
f 243 949 948
f 244 950 949
f 242 948 950
f 949 950 948
f 1 852 952
f 220 951 852
f 246 952 951
f 852 951 952
f 60 953 855
f 245 954 953
f 220 855 954
f 953 954 855
f 67 955 957
f 246 956 955
f 245 957 956
f 955 956 957
f 220 954 951
f 245 956 954
f 246 951 956
f 954 956 951
f 19 958 865
f 247 959 958
f 223 865 959
f 958 959 865
f 66 960 962
f 248 961 960
f 247 962 961
f 960 961 962
f 60 870 964
f 223 963 870
f 248 964 963
f 870 963 964
f 247 961 959
f 248 963 961
f 223 959 963
f 961 963 959
f 21 965 967
f 249 966 965
f 251 967 966
f 965 966 967
f 67 968 970
f 250 969 968
f 249 970 969
f 968 969 970
f 66 971 973
f 251 972 971
f 250 973 972
f 971 972 973
f 249 969 966
f 250 972 969
f 251 966 972
f 969 972 966
f 60 964 953
f 248 974 964
f 245 953 974
f 964 974 953
f 66 973 960
f 250 975 973
f 248 960 975
f 973 975 960
f 67 957 968
f 245 976 957
f 250 968 976
f 957 976 968
f 248 975 974
f 250 976 975
f 245 974 976
f 975 976 974
f 8 977 903
f 252 978 977
f 233 903 978
f 977 978 903
f 68 979 981
f 253 980 979
f 252 981 980
f 979 980 981
f 63 908 983
f 233 982 908
f 253 983 982
f 908 982 983
f 252 980 978
f 253 982 980
f 233 978 982
f 980 982 978
f 20 984 986
f 254 985 984
f 256 986 985
f 984 985 986
f 69 987 989
f 255 988 987
f 254 989 988
f 987 988 989
f 68 990 992
f 256 991 990
f 255 992 991
f 990 991 992
f 254 988 985
f 255 991 988
f 256 985 991
f 988 991 985
f 19 914 994
f 238 993 914
f 258 994 993
f 914 993 994
f 63 995 918
f 257 996 995
f 238 918 996
f 995 996 918
f 69 997 999
f 258 998 997
f 257 999 998
f 997 998 999
f 238 996 993
f 257 998 996
f 258 993 998
f 996 998 993
f 68 992 979
f 255 1000 992
f 253 979 1000
f 992 1000 979
f 69 999 987
f 257 1001 999
f 255 987 1001
f 999 1001 987
f 63 983 995
f 253 1002 983
f 257 995 1002
f 983 1002 995
f 255 1001 1000
f 257 1002 1001
f 253 1000 1002
f 1001 1002 1000
f 11 1003 1005
f 259 1004 1003
f 261 1005 1004
f 1003 1004 1005
f 70 1006 1008
f 260 1007 1006
f 259 1008 1007
f 1006 1007 1008
f 72 1009 1011
f 261 1010 1009
f 260 1011 1010
f 1009 1010 1011
f 259 1007 1004
f 260 1010 1007
f 261 1004 1010
f 1007 1010 1004
f 21 1012 1014
f 262 1013 1012
f 264 1014 1013
f 1012 1013 1014
f 71 1015 1017
f 263 1016 1015
f 262 1017 1016
f 1015 1016 1017
f 70 1018 1020
f 264 1019 1018
f 263 1020 1019
f 1018 1019 1020
f 262 1016 1013
f 263 1019 1016
f 264 1013 1019
f 1016 1019 1013
f 20 1021 1023
f 265 1022 1021
f 267 1023 1022
f 1021 1022 1023
f 72 1024 1026
f 266 1025 1024
f 265 1026 1025
f 1024 1025 1026
f 71 1027 1029
f 267 1028 1027
f 266 1029 1028
f 1027 1028 1029
f 265 1025 1022
f 266 1028 1025
f 267 1022 1028
f 1025 1028 1022
f 70 1020 1006
f 263 1030 1020
f 260 1006 1030
f 1020 1030 1006
f 71 1029 1015
f 266 1031 1029
f 263 1015 1031
f 1029 1031 1015
f 72 1011 1024
f 260 1032 1011
f 266 1024 1032
f 1011 1032 1024
f 263 1031 1030
f 266 1032 1031
f 260 1030 1032
f 1031 1032 1030
f 19 994 958
f 258 1033 994
f 247 958 1033
f 994 1033 958
f 69 1034 997
f 268 1035 1034
f 258 997 1035
f 1034 1035 997
f 66 962 1037
f 247 1036 962
f 268 1037 1036
f 962 1036 1037
f 258 1035 1033
f 268 1036 1035
f 247 1033 1036
f 1035 1036 1033
f 20 1023 984
f 267 1038 1023
f 254 984 1038
f 1023 1038 984
f 71 1039 1027
f 269 1040 1039
f 267 1027 1040
f 1039 1040 1027
f 69 989 1042
f 254 1041 989
f 269 1042 1041
f 989 1041 1042
f 267 1040 1038
f 269 1041 1040
f 254 1038 1041
f 1040 1041 1038
f 21 967 1012
f 251 1043 967
f 262 1012 1043
f 967 1043 1012
f 66 1044 971
f 270 1045 1044
f 251 971 1045
f 1044 1045 971
f 71 1017 1047
f 262 1046 1017
f 270 1047 1046
f 1017 1046 1047
f 251 1045 1043
f 270 1046 1045
f 262 1043 1046
f 1045 1046 1043
f 69 1042 1034
f 269 1048 1042
f 268 1034 1048
f 1042 1048 1034
f 71 1047 1039
f 270 1049 1047
f 269 1039 1049
f 1047 1049 1039
f 66 1037 1044
f 268 1050 1037
f 270 1044 1050
f 1037 1050 1044
f 269 1049 1048
f 270 1050 1049
f 268 1048 1050
f 1049 1050 1048
f 1 952 643
f 246 1051 952
f 163 643 1051
f 952 1051 643
f 67 1052 955
f 271 1053 1052
f 246 955 1053
f 1052 1053 955
f 43 648 1055
f 163 1054 648
f 271 1055 1054
f 648 1054 1055
f 246 1053 1051
f 271 1054 1053
f 163 1051 1054
f 1053 1054 1051
f 21 1056 965
f 272 1057 1056
f 249 965 1057
f 1056 1057 965
f 73 1058 1060
f 273 1059 1058
f 272 1060 1059
f 1058 1059 1060
f 67 970 1062
f 249 1061 970
f 273 1062 1061
f 970 1061 1062
f 272 1059 1057
f 273 1061 1059
f 249 1057 1061
f 1059 1061 1057
f 13 654 1064
f 168 1063 654
f 275 1064 1063
f 654 1063 1064
f 43 1065 658
f 274 1066 1065
f 168 658 1066
f 1065 1066 658
f 73 1067 1069
f 275 1068 1067
f 274 1069 1068
f 1067 1068 1069
f 168 1066 1063
f 274 1068 1066
f 275 1063 1068
f 1066 1068 1063
f 67 1062 1052
f 273 1070 1062
f 271 1052 1070
f 1062 1070 1052
f 73 1069 1058
f 274 1071 1069
f 273 1058 1071
f 1069 1071 1058
f 43 1055 1065
f 271 1072 1055
f 274 1065 1072
f 1055 1072 1065
f 273 1071 1070
f 274 1072 1071
f 271 1070 1072
f 1071 1072 1070
f 11 1073 1003
f 276 1074 1073
f 259 1003 1074
f 1073 1074 1003
f 74 1075 1077
f 277 1076 1075
f 276 1077 1076
f 1075 1076 1077
f 70 1008 1079
f 259 1078 1008
f 277 1079 1078
f 1008 1078 1079
f 276 1076 1074
f 277 1078 1076
f 259 1074 1078
f 1076 1078 1074
f 22 1080 1082
f 278 1081 1080
f 280 1082 1081
f 1080 1081 1082
f 75 1083 1085
f 279 1084 1083
f 278 1085 1084
f 1083 1084 1085
f 74 1086 1088
f 280 1087 1086
f 279 1088 1087
f 1086 1087 1088
f 278 1084 1081
f 279 1087 1084
f 280 1081 1087
f 1084 1087 1081
f 21 1014 1090
f 264 1089 1014
f 282 1090 1089
f 1014 1089 1090
f 70 1091 1018
f 281 1092 1091
f 264 1018 1092
f 1091 1092 1018
f 75 1093 1095
f 282 1094 1093
f 281 1095 1094
f 1093 1094 1095
f 264 1092 1089
f 281 1094 1092
f 282 1089 1094
f 1092 1094 1089
f 74 1088 1075
f 279 1096 1088
f 277 1075 1096
f 1088 1096 1075
f 75 1095 1083
f 281 1097 1095
f 279 1083 1097
f 1095 1097 1083
f 70 1079 1091
f 277 1098 1079
f 281 1091 1098
f 1079 1098 1091
f 279 1097 1096
f 281 1098 1097
f 277 1096 1098
f 1097 1098 1096
f 12 675 1100
f 174 1099 675
f 284 1100 1099
f 675 1099 1100
f 48 1101 679
f 283 1102 1101
f 174 679 1102
f 1101 1102 679
f 77 1103 1105
f 284 1104 1103
f 283 1105 1104
f 1103 1104 1105
f 174 1102 1099
f 283 1104 1102
f 284 1099 1104
f 1102 1104 1099
f 13 1106 691
f 285 1107 1106
f 178 691 1107
f 1106 1107 691
f 76 1108 1110
f 286 1109 1108
f 285 1110 1109
f 1108 1109 1110
f 48 696 1112
f 178 1111 696
f 286 1112 1111
f 696 1111 1112
f 285 1109 1107
f 286 1111 1109
f 178 1107 1111
f 1109 1111 1107
f 22 1113 1115
f 287 1114 1113
f 289 1115 1114
f 1113 1114 1115
f 77 1116 1118
f 288 1117 1116
f 287 1118 1117
f 1116 1117 1118
f 76 1119 1121
f 289 1120 1119
f 288 1121 1120
f 1119 1120 1121
f 287 1117 1114
f 288 1120 1117
f 289 1114 1120
f 1117 1120 1114
f 48 1112 1101
f 286 1122 1112
f 283 1101 1122
f 1112 1122 1101
f 76 1121 1108
f 288 1123 1121
f 286 1108 1123
f 1121 1123 1108
f 77 1105 1116
f 283 1124 1105
f 288 1116 1124
f 1105 1124 1116
f 286 1123 1122
f 288 1124 1123
f 283 1122 1124
f 1123 1124 1122
f 21 1090 1056
f 282 1125 1090
f 272 1056 1125
f 1090 1125 1056
f 75 1126 1093
f 290 1127 1126
f 282 1093 1127
f 1126 1127 1093
f 73 1060 1129
f 272 1128 1060
f 290 1129 1128
f 1060 1128 1129
f 282 1127 1125
f 290 1128 1127
f 272 1125 1128
f 1127 1128 1125
f 22 1115 1080
f 289 1130 1115
f 278 1080 1130
f 1115 1130 1080
f 76 1131 1119
f 291 1132 1131
f 289 1119 1132
f 1131 1132 1119
f 75 1085 1134
f 278 1133 1085
f 291 1134 1133
f 1085 1133 1134
f 289 1132 1130
f 291 1133 1132
f 278 1130 1133
f 1132 1133 1130
f 13 1064 1106
f 275 1135 1064
f 285 1106 1135
f 1064 1135 1106
f 73 1136 1067
f 292 1137 1136
f 275 1067 1137
f 1136 1137 1067
f 76 1110 1139
f 285 1138 1110
f 292 1139 1138
f 1110 1138 1139
f 275 1137 1135
f 292 1138 1137
f 285 1135 1138
f 1137 1138 1135
f 75 1134 1126
f 291 1140 1134
f 290 1126 1140
f 1134 1140 1126
f 76 1139 1131
f 292 1141 1139
f 291 1131 1141
f 1139 1141 1131
f 73 1129 1136
f 290 1142 1129
f 292 1136 1142
f 1129 1142 1136
f 291 1141 1140
f 292 1142 1141
f 290 1140 1142
f 1141 1142 1140
f 2 805 1144
f 209 1143 805
f 294 1144 1143
f 805 1143 1144
f 58 1145 809
f 293 1146 1145
f 209 809 1146
f 1145 1146 809
f 79 1147 1149
f 294 1148 1147
f 293 1149 1148
f 1147 1148 1149
f 209 1146 1143
f 293 1148 1146
f 294 1143 1148
f 1146 1148 1143
f 16 1150 821
f 295 1151 1150
f 213 821 1151
f 1150 1151 821
f 78 1152 1154
f 296 1153 1152
f 295 1154 1153
f 1152 1153 1154
f 58 826 1156
f 213 1155 826
f 296 1156 1155
f 826 1155 1156
f 295 1153 1151
f 296 1155 1153
f 213 1151 1155
f 1153 1155 1151
f 24 1157 1159
f 297 1158 1157
f 299 1159 1158
f 1157 1158 1159
f 79 1160 1162
f 298 1161 1160
f 297 1162 1161
f 1160 1161 1162
f 78 1163 1165
f 299 1164 1163
f 298 1165 1164
f 1163 1164 1165
f 297 1161 1158
f 298 1164 1161
f 299 1158 1164
f 1161 1164 1158
f 58 1156 1145
f 296 1166 1156
f 293 1145 1166
f 1156 1166 1145
f 78 1165 1152
f 298 1167 1165
f 296 1152 1167
f 1165 1167 1152
f 79 1149 1160
f 293 1168 1149
f 298 1160 1168
f 1149 1168 1160
f 296 1167 1166
f 298 1168 1167
f 293 1166 1168
f 1167 1168 1166
f 6 1169 777
f 300 1170 1169
f 200 777 1170
f 1169 1170 777
f 80 1171 1173
f 301 1172 1171
f 300 1173 1172
f 1171 1172 1173
f 54 781 1175
f 200 1174 781
f 301 1175 1174
f 781 1174 1175
f 300 1172 1170
f 301 1174 1172
f 200 1170 1174
f 1172 1174 1170
f 23 1176 1178
f 302 1177 1176
f 304 1178 1177
f 1176 1177 1178
f 81 1179 1181
f 303 1180 1179
f 302 1181 1180
f 1179 1180 1181
f 80 1182 1184
f 304 1183 1182
f 303 1184 1183
f 1182 1183 1184
f 302 1180 1177
f 303 1183 1180
f 304 1177 1183
f 1180 1183 1177
f 16 786 1186
f 204 1185 786
f 306 1186 1185
f 786 1185 1186
f 54 1187 790
f 305 1188 1187
f 204 790 1188
f 1187 1188 790
f 81 1189 1191
f 306 1190 1189
f 305 1191 1190
f 1189 1190 1191
f 204 1188 1185
f 305 1190 1188
f 306 1185 1190
f 1188 1190 1185
f 80 1184 1171
f 303 1192 1184
f 301 1171 1192
f 1184 1192 1171
f 81 1191 1179
f 305 1193 1191
f 303 1179 1193
f 1191 1193 1179
f 54 1175 1187
f 301 1194 1175
f 305 1187 1194
f 1175 1194 1187
f 303 1193 1192
f 305 1194 1193
f 301 1192 1194
f 1193 1194 1192
f 10 1195 1197
f 307 1196 1195
f 309 1197 1196
f 1195 1196 1197
f 82 1198 1200
f 308 1199 1198
f 307 1200 1199
f 1198 1199 1200
f 84 1201 1203
f 309 1202 1201
f 308 1203 1202
f 1201 1202 1203
f 307 1199 1196
f 308 1202 1199
f 309 1196 1202
f 1199 1202 1196
f 24 1204 1206
f 310 1205 1204
f 312 1206 1205
f 1204 1205 1206
f 83 1207 1209
f 311 1208 1207
f 310 1209 1208
f 1207 1208 1209
f 82 1210 1212
f 312 1211 1210
f 311 1212 1211
f 1210 1211 1212
f 310 1208 1205
f 311 1211 1208
f 312 1205 1211
f 1208 1211 1205
f 23 1213 1215
f 313 1214 1213
f 315 1215 1214
f 1213 1214 1215
f 84 1216 1218
f 314 1217 1216
f 313 1218 1217
f 1216 1217 1218
f 83 1219 1221
f 315 1220 1219
f 314 1221 1220
f 1219 1220 1221
f 313 1217 1214
f 314 1220 1217
f 315 1214 1220
f 1217 1220 1214
f 82 1212 1198
f 311 1222 1212
f 308 1198 1222
f 1212 1222 1198
f 83 1221 1207
f 314 1223 1221
f 311 1207 1223
f 1221 1223 1207
f 84 1203 1216
f 308 1224 1203
f 314 1216 1224
f 1203 1224 1216
f 311 1223 1222
f 314 1224 1223
f 308 1222 1224
f 1223 1224 1222
f 16 1186 1150
f 306 1225 1186
f 295 1150 1225
f 1186 1225 1150
f 81 1226 1189
f 316 1227 1226
f 306 1189 1227
f 1226 1227 1189
f 78 1154 1229
f 295 1228 1154
f 316 1229 1228
f 1154 1228 1229
f 306 1227 1225
f 316 1228 1227
f 295 1225 1228
f 1227 1228 1225
f 23 1215 1176
f 315 1230 1215
f 302 1176 1230
f 1215 1230 1176
f 83 1231 1219
f 317 1232 1231
f 315 1219 1232
f 1231 1232 1219
f 81 1181 1234
f 302 1233 1181
f 317 1234 1233
f 1181 1233 1234
f 315 1232 1230
f 317 1233 1232
f 302 1230 1233
f 1232 1233 1230
f 24 1159 1204
f 299 1235 1159
f 310 1204 1235
f 1159 1235 1204
f 78 1236 1163
f 318 1237 1236
f 299 1163 1237
f 1236 1237 1163
f 83 1209 1239
f 310 1238 1209
f 318 1239 1238
f 1209 1238 1239
f 299 1237 1235
f 318 1238 1237
f 310 1235 1238
f 1237 1238 1235
f 81 1234 1226
f 317 1240 1234
f 316 1226 1240
f 1234 1240 1226
f 83 1239 1231
f 318 1241 1239
f 317 1231 1241
f 1239 1241 1231
f 78 1229 1236
f 316 1242 1229
f 318 1236 1242
f 1229 1242 1236
f 317 1241 1240
f 318 1242 1241
f 316 1240 1242
f 1241 1242 1240
f 6 705 1244
f 183 1243 705
f 320 1244 1243
f 705 1243 1244
f 51 1245 709
f 319 1246 1245
f 183 709 1246
f 1245 1246 709
f 86 1247 1249
f 320 1248 1247
f 319 1249 1248
f 1247 1248 1249
f 183 1246 1243
f 319 1248 1246
f 320 1243 1248
f 1246 1248 1243
f 14 1250 721
f 321 1251 1250
f 187 721 1251
f 1250 1251 721
f 85 1252 1254
f 322 1253 1252
f 321 1254 1253
f 1252 1253 1254
f 51 726 1256
f 187 1255 726
f 322 1256 1255
f 726 1255 1256
f 321 1253 1251
f 322 1255 1253
f 187 1251 1255
f 1253 1255 1251
f 26 1257 1259
f 323 1258 1257
f 325 1259 1258
f 1257 1258 1259
f 86 1260 1262
f 324 1261 1260
f 323 1262 1261
f 1260 1261 1262
f 85 1263 1265
f 325 1264 1263
f 324 1265 1264
f 1263 1264 1265
f 323 1261 1258
f 324 1264 1261
f 325 1258 1264
f 1261 1264 1258
f 51 1256 1245
f 322 1266 1256
f 319 1245 1266
f 1256 1266 1245
f 85 1265 1252
f 324 1267 1265
f 322 1252 1267
f 1265 1267 1252
f 86 1249 1260
f 319 1268 1249
f 324 1260 1268
f 1249 1268 1260
f 322 1267 1266
f 324 1268 1267
f 319 1266 1268
f 1267 1268 1266
f 12 1269 673
f 326 1270 1269
f 172 673 1270
f 1269 1270 673
f 87 1271 1273
f 327 1272 1271
f 326 1273 1272
f 1271 1272 1273
f 46 678 1275
f 172 1274 678
f 327 1275 1274
f 678 1274 1275
f 326 1272 1270
f 327 1274 1272
f 172 1270 1274
f 1272 1274 1270
f 25 1276 1278
f 328 1277 1276
f 330 1278 1277
f 1276 1277 1278
f 88 1279 1281
f 329 1280 1279
f 328 1281 1280
f 1279 1280 1281
f 87 1282 1284
f 330 1283 1282
f 329 1284 1283
f 1282 1283 1284
f 328 1280 1277
f 329 1283 1280
f 330 1277 1283
f 1280 1283 1277
f 14 684 1286
f 177 1285 684
f 332 1286 1285
f 684 1285 1286
f 46 1287 688
f 331 1288 1287
f 177 688 1288
f 1287 1288 688
f 88 1289 1291
f 332 1290 1289
f 331 1291 1290
f 1289 1290 1291
f 177 1288 1285
f 331 1290 1288
f 332 1285 1290
f 1288 1290 1285
f 87 1284 1271
f 329 1292 1284
f 327 1271 1292
f 1284 1292 1271
f 88 1291 1279
f 331 1293 1291
f 329 1279 1293
f 1291 1293 1279
f 46 1275 1287
f 327 1294 1275
f 331 1287 1294
f 1275 1294 1287
f 329 1293 1292
f 331 1294 1293
f 327 1292 1294
f 1293 1294 1292
f 5 1295 1297
f 333 1296 1295
f 335 1297 1296
f 1295 1296 1297
f 89 1298 1300
f 334 1299 1298
f 333 1300 1299
f 1298 1299 1300
f 91 1301 1303
f 335 1302 1301
f 334 1303 1302
f 1301 1302 1303
f 333 1299 1296
f 334 1302 1299
f 335 1296 1302
f 1299 1302 1296
f 26 1304 1306
f 336 1305 1304
f 338 1306 1305
f 1304 1305 1306
f 90 1307 1309
f 337 1308 1307
f 336 1309 1308
f 1307 1308 1309
f 89 1310 1312
f 338 1311 1310
f 337 1312 1311
f 1310 1311 1312
f 336 1308 1305
f 337 1311 1308
f 338 1305 1311
f 1308 1311 1305
f 25 1313 1315
f 339 1314 1313
f 341 1315 1314
f 1313 1314 1315
f 91 1316 1318
f 340 1317 1316
f 339 1318 1317
f 1316 1317 1318
f 90 1319 1321
f 341 1320 1319
f 340 1321 1320
f 1319 1320 1321
f 339 1317 1314
f 340 1320 1317
f 341 1314 1320
f 1317 1320 1314
f 89 1312 1298
f 337 1322 1312
f 334 1298 1322
f 1312 1322 1298
f 90 1321 1307
f 340 1323 1321
f 337 1307 1323
f 1321 1323 1307
f 91 1303 1316
f 334 1324 1303
f 340 1316 1324
f 1303 1324 1316
f 337 1323 1322
f 340 1324 1323
f 334 1322 1324
f 1323 1324 1322
f 14 1286 1250
f 332 1325 1286
f 321 1250 1325
f 1286 1325 1250
f 88 1326 1289
f 342 1327 1326
f 332 1289 1327
f 1326 1327 1289
f 85 1254 1329
f 321 1328 1254
f 342 1329 1328
f 1254 1328 1329
f 332 1327 1325
f 342 1328 1327
f 321 1325 1328
f 1327 1328 1325
f 25 1315 1276
f 341 1330 1315
f 328 1276 1330
f 1315 1330 1276
f 90 1331 1319
f 343 1332 1331
f 341 1319 1332
f 1331 1332 1319
f 88 1281 1334
f 328 1333 1281
f 343 1334 1333
f 1281 1333 1334
f 341 1332 1330
f 343 1333 1332
f 328 1330 1333
f 1332 1333 1330
f 26 1259 1304
f 325 1335 1259
f 336 1304 1335
f 1259 1335 1304
f 85 1336 1263
f 344 1337 1336
f 325 1263 1337
f 1336 1337 1263
f 90 1309 1339
f 336 1338 1309
f 344 1339 1338
f 1309 1338 1339
f 325 1337 1335
f 344 1338 1337
f 336 1335 1338
f 1337 1338 1335
f 88 1334 1326
f 343 1340 1334
f 342 1326 1340
f 1334 1340 1326
f 90 1339 1331
f 344 1341 1339
f 343 1331 1341
f 1339 1341 1331
f 85 1329 1336
f 342 1342 1329
f 344 1336 1342
f 1329 1342 1336
f 343 1341 1340
f 344 1342 1341
f 342 1340 1342
f 1341 1342 1340
f 12 1100 1344
f 284 1343 1100
f 346 1344 1343
f 1100 1343 1344
f 77 1345 1103
f 345 1346 1345
f 284 1103 1346
f 1345 1346 1103
f 93 1347 1349
f 346 1348 1347
f 345 1349 1348
f 1347 1348 1349
f 284 1346 1343
f 345 1348 1346
f 346 1343 1348
f 1346 1348 1343
f 22 1350 1113
f 347 1351 1350
f 287 1113 1351
f 1350 1351 1113
f 92 1352 1354
f 348 1353 1352
f 347 1354 1353
f 1352 1353 1354
f 77 1118 1356
f 287 1355 1118
f 348 1356 1355
f 1118 1355 1356
f 347 1353 1351
f 348 1355 1353
f 287 1351 1355
f 1353 1355 1351
f 28 1357 1359
f 349 1358 1357
f 351 1359 1358
f 1357 1358 1359
f 93 1360 1362
f 350 1361 1360
f 349 1362 1361
f 1360 1361 1362
f 92 1363 1365
f 351 1364 1363
f 350 1365 1364
f 1363 1364 1365
f 349 1361 1358
f 350 1364 1361
f 351 1358 1364
f 1361 1364 1358
f 77 1356 1345
f 348 1366 1356
f 345 1345 1366
f 1356 1366 1345
f 92 1365 1352
f 350 1367 1365
f 348 1352 1367
f 1365 1367 1352
f 93 1349 1360
f 345 1368 1349
f 350 1360 1368
f 1349 1368 1360
f 348 1367 1366
f 350 1368 1367
f 345 1366 1368
f 1367 1368 1366
f 11 1369 1073
f 352 1370 1369
f 276 1073 1370
f 1369 1370 1073
f 94 1371 1373
f 353 1372 1371
f 352 1373 1372
f 1371 1372 1373
f 74 1077 1375
f 276 1374 1077
f 353 1375 1374
f 1077 1374 1375
f 352 1372 1370
f 353 1374 1372
f 276 1370 1374
f 1372 1374 1370
f 27 1376 1378
f 354 1377 1376
f 356 1378 1377
f 1376 1377 1378
f 95 1379 1381
f 355 1380 1379
f 354 1381 1380
f 1379 1380 1381
f 94 1382 1384
f 356 1383 1382
f 355 1384 1383
f 1382 1383 1384
f 354 1380 1377
f 355 1383 1380
f 356 1377 1383
f 1380 1383 1377
f 22 1082 1386
f 280 1385 1082
f 358 1386 1385
f 1082 1385 1386
f 74 1387 1086
f 357 1388 1387
f 280 1086 1388
f 1387 1388 1086
f 95 1389 1391
f 358 1390 1389
f 357 1391 1390
f 1389 1390 1391
f 280 1388 1385
f 357 1390 1388
f 358 1385 1390
f 1388 1390 1385
f 94 1384 1371
f 355 1392 1384
f 353 1371 1392
f 1384 1392 1371
f 95 1391 1379
f 357 1393 1391
f 355 1379 1393
f 1391 1393 1379
f 74 1375 1387
f 353 1394 1375
f 357 1387 1394
f 1375 1394 1387
f 355 1393 1392
f 357 1394 1393
f 353 1392 1394
f 1393 1394 1392
f 3 1395 1397
f 359 1396 1395
f 361 1397 1396
f 1395 1396 1397
f 96 1398 1400
f 360 1399 1398
f 359 1400 1399
f 1398 1399 1400
f 98 1401 1403
f 361 1402 1401
f 360 1403 1402
f 1401 1402 1403
f 359 1399 1396
f 360 1402 1399
f 361 1396 1402
f 1399 1402 1396
f 28 1404 1406
f 362 1405 1404
f 364 1406 1405
f 1404 1405 1406
f 97 1407 1409
f 363 1408 1407
f 362 1409 1408
f 1407 1408 1409
f 96 1410 1412
f 364 1411 1410
f 363 1412 1411
f 1410 1411 1412
f 362 1408 1405
f 363 1411 1408
f 364 1405 1411
f 1408 1411 1405
f 27 1413 1415
f 365 1414 1413
f 367 1415 1414
f 1413 1414 1415
f 98 1416 1418
f 366 1417 1416
f 365 1418 1417
f 1416 1417 1418
f 97 1419 1421
f 367 1420 1419
f 366 1421 1420
f 1419 1420 1421
f 365 1417 1414
f 366 1420 1417
f 367 1414 1420
f 1417 1420 1414
f 96 1412 1398
f 363 1422 1412
f 360 1398 1422
f 1412 1422 1398
f 97 1421 1407
f 366 1423 1421
f 363 1407 1423
f 1421 1423 1407
f 98 1403 1416
f 360 1424 1403
f 366 1416 1424
f 1403 1424 1416
f 363 1423 1422
f 366 1424 1423
f 360 1422 1424
f 1423 1424 1422
f 22 1386 1350
f 358 1425 1386
f 347 1350 1425
f 1386 1425 1350
f 95 1426 1389
f 368 1427 1426
f 358 1389 1427
f 1426 1427 1389
f 92 1354 1429
f 347 1428 1354
f 368 1429 1428
f 1354 1428 1429
f 358 1427 1425
f 368 1428 1427
f 347 1425 1428
f 1427 1428 1425
f 27 1415 1376
f 367 1430 1415
f 354 1376 1430
f 1415 1430 1376
f 97 1431 1419
f 369 1432 1431
f 367 1419 1432
f 1431 1432 1419
f 95 1381 1434
f 354 1433 1381
f 369 1434 1433
f 1381 1433 1434
f 367 1432 1430
f 369 1433 1432
f 354 1430 1433
f 1432 1433 1430
f 28 1359 1404
f 351 1435 1359
f 362 1404 1435
f 1359 1435 1404
f 92 1436 1363
f 370 1437 1436
f 351 1363 1437
f 1436 1437 1363
f 97 1409 1439
f 362 1438 1409
f 370 1439 1438
f 1409 1438 1439
f 351 1437 1435
f 370 1438 1437
f 362 1435 1438
f 1437 1438 1435
f 95 1434 1426
f 369 1440 1434
f 368 1426 1440
f 1434 1440 1426
f 97 1439 1431
f 370 1441 1439
f 369 1431 1441
f 1439 1441 1431
f 92 1429 1436
f 368 1442 1429
f 370 1436 1442
f 1429 1442 1436
f 369 1441 1440
f 370 1442 1441
f 368 1440 1442
f 1441 1442 1440
f 11 1005 1444
f 261 1443 1005
f 372 1444 1443
f 1005 1443 1444
f 72 1445 1009
f 371 1446 1445
f 261 1009 1446
f 1445 1446 1009
f 100 1447 1449
f 372 1448 1447
f 371 1449 1448
f 1447 1448 1449
f 261 1446 1443
f 371 1448 1446
f 372 1443 1448
f 1446 1448 1443
f 20 1450 1021
f 373 1451 1450
f 265 1021 1451
f 1450 1451 1021
f 99 1452 1454
f 374 1453 1452
f 373 1454 1453
f 1452 1453 1454
f 72 1026 1456
f 265 1455 1026
f 374 1456 1455
f 1026 1455 1456
f 373 1453 1451
f 374 1455 1453
f 265 1451 1455
f 1453 1455 1451
f 30 1457 1459
f 375 1458 1457
f 377 1459 1458
f 1457 1458 1459
f 100 1460 1462
f 376 1461 1460
f 375 1462 1461
f 1460 1461 1462
f 99 1463 1465
f 377 1464 1463
f 376 1465 1464
f 1463 1464 1465
f 375 1461 1458
f 376 1464 1461
f 377 1458 1464
f 1461 1464 1458
f 72 1456 1445
f 374 1466 1456
f 371 1445 1466
f 1456 1466 1445
f 99 1465 1452
f 376 1467 1465
f 374 1452 1467
f 1465 1467 1452
f 100 1449 1460
f 371 1468 1449
f 376 1460 1468
f 1449 1468 1460
f 374 1467 1466
f 376 1468 1467
f 371 1466 1468
f 1467 1468 1466
f 8 1469 977
f 378 1470 1469
f 252 977 1470
f 1469 1470 977
f 101 1471 1473
f 379 1472 1471
f 378 1473 1472
f 1471 1472 1473
f 68 981 1475
f 252 1474 981
f 379 1475 1474
f 981 1474 1475
f 378 1472 1470
f 379 1474 1472
f 252 1470 1474
f 1472 1474 1470
f 29 1476 1478
f 380 1477 1476
f 382 1478 1477
f 1476 1477 1478
f 102 1479 1481
f 381 1480 1479
f 380 1481 1480
f 1479 1480 1481
f 101 1482 1484
f 382 1483 1482
f 381 1484 1483
f 1482 1483 1484
f 380 1480 1477
f 381 1483 1480
f 382 1477 1483
f 1480 1483 1477
f 20 986 1486
f 256 1485 986
f 384 1486 1485
f 986 1485 1486
f 68 1487 990
f 383 1488 1487
f 256 990 1488
f 1487 1488 990
f 102 1489 1491
f 384 1490 1489
f 383 1491 1490
f 1489 1490 1491
f 256 1488 1485
f 383 1490 1488
f 384 1485 1490
f 1488 1490 1485
f 101 1484 1471
f 381 1492 1484
f 379 1471 1492
f 1484 1492 1471
f 102 1491 1479
f 383 1493 1491
f 381 1479 1493
f 1491 1493 1479
f 68 1475 1487
f 379 1494 1475
f 383 1487 1494
f 1475 1494 1487
f 381 1493 1492
f 383 1494 1493
f 379 1492 1494
f 1493 1494 1492
f 7 1495 1497
f 385 1496 1495
f 387 1497 1496
f 1495 1496 1497
f 103 1498 1500
f 386 1499 1498
f 385 1500 1499
f 1498 1499 1500
f 105 1501 1503
f 387 1502 1501
f 386 1503 1502
f 1501 1502 1503
f 385 1499 1496
f 386 1502 1499
f 387 1496 1502
f 1499 1502 1496
f 30 1504 1506
f 388 1505 1504
f 390 1506 1505
f 1504 1505 1506
f 104 1507 1509
f 389 1508 1507
f 388 1509 1508
f 1507 1508 1509
f 103 1510 1512
f 390 1511 1510
f 389 1512 1511
f 1510 1511 1512
f 388 1508 1505
f 389 1511 1508
f 390 1505 1511
f 1508 1511 1505
f 29 1513 1515
f 391 1514 1513
f 393 1515 1514
f 1513 1514 1515
f 105 1516 1518
f 392 1517 1516
f 391 1518 1517
f 1516 1517 1518
f 104 1519 1521
f 393 1520 1519
f 392 1521 1520
f 1519 1520 1521
f 391 1517 1514
f 392 1520 1517
f 393 1514 1520
f 1517 1520 1514
f 103 1512 1498
f 389 1522 1512
f 386 1498 1522
f 1512 1522 1498
f 104 1521 1507
f 392 1523 1521
f 389 1507 1523
f 1521 1523 1507
f 105 1503 1516
f 386 1524 1503
f 392 1516 1524
f 1503 1524 1516
f 389 1523 1522
f 392 1524 1523
f 386 1522 1524
f 1523 1524 1522
f 20 1486 1450
f 384 1525 1486
f 373 1450 1525
f 1486 1525 1450
f 102 1526 1489
f 394 1527 1526
f 384 1489 1527
f 1526 1527 1489
f 99 1454 1529
f 373 1528 1454
f 394 1529 1528
f 1454 1528 1529
f 384 1527 1525
f 394 1528 1527
f 373 1525 1528
f 1527 1528 1525
f 29 1515 1476
f 393 1530 1515
f 380 1476 1530
f 1515 1530 1476
f 104 1531 1519
f 395 1532 1531
f 393 1519 1532
f 1531 1532 1519
f 102 1481 1534
f 380 1533 1481
f 395 1534 1533
f 1481 1533 1534
f 393 1532 1530
f 395 1533 1532
f 380 1530 1533
f 1532 1533 1530
f 30 1459 1504
f 377 1535 1459
f 388 1504 1535
f 1459 1535 1504
f 99 1536 1463
f 396 1537 1536
f 377 1463 1537
f 1536 1537 1463
f 104 1509 1539
f 388 1538 1509
f 396 1539 1538
f 1509 1538 1539
f 377 1537 1535
f 396 1538 1537
f 388 1535 1538
f 1537 1538 1535
f 102 1534 1526
f 395 1540 1534
f 394 1526 1540
f 1534 1540 1526
f 104 1539 1531
f 396 1541 1539
f 395 1531 1541
f 1539 1541 1531
f 99 1529 1536
f 394 1542 1529
f 396 1536 1542
f 1529 1542 1536
f 395 1541 1540
f 396 1542 1541
f 394 1540 1542
f 1541 1542 1540
f 8 905 1544
f 235 1543 905
f 398 1544 1543
f 905 1543 1544
f 65 1545 909
f 397 1546 1545
f 235 909 1546
f 1545 1546 909
f 107 1547 1549
f 398 1548 1547
f 397 1549 1548
f 1547 1548 1549
f 235 1546 1543
f 397 1548 1546
f 398 1543 1548
f 1546 1548 1543
f 18 1550 921
f 399 1551 1550
f 239 921 1551
f 1550 1551 921
f 106 1552 1554
f 400 1553 1552
f 399 1554 1553
f 1552 1553 1554
f 65 926 1556
f 239 1555 926
f 400 1556 1555
f 926 1555 1556
f 399 1553 1551
f 400 1555 1553
f 239 1551 1555
f 1553 1555 1551
f 32 1557 1559
f 401 1558 1557
f 403 1559 1558
f 1557 1558 1559
f 107 1560 1562
f 402 1561 1560
f 401 1562 1561
f 1560 1561 1562
f 106 1563 1565
f 403 1564 1563
f 402 1565 1564
f 1563 1564 1565
f 401 1561 1558
f 402 1564 1561
f 403 1558 1564
f 1561 1564 1558
f 65 1556 1545
f 400 1566 1556
f 397 1545 1566
f 1556 1566 1545
f 106 1565 1552
f 402 1567 1565
f 400 1552 1567
f 1565 1567 1552
f 107 1549 1560
f 397 1568 1549
f 402 1560 1568
f 1549 1568 1560
f 400 1567 1566
f 402 1568 1567
f 397 1566 1568
f 1567 1568 1566
f 2 1569 877
f 404 1570 1569
f 226 877 1570
f 1569 1570 877
f 108 1571 1573
f 405 1572 1571
f 404 1573 1572
f 1571 1572 1573
f 61 881 1575
f 226 1574 881
f 405 1575 1574
f 881 1574 1575
f 404 1572 1570
f 405 1574 1572
f 226 1570 1574
f 1572 1574 1570
f 31 1576 1578
f 406 1577 1576
f 408 1578 1577
f 1576 1577 1578
f 109 1579 1581
f 407 1580 1579
f 406 1581 1580
f 1579 1580 1581
f 108 1582 1584
f 408 1583 1582
f 407 1584 1583
f 1582 1583 1584
f 406 1580 1577
f 407 1583 1580
f 408 1577 1583
f 1580 1583 1577
f 18 886 1586
f 230 1585 886
f 410 1586 1585
f 886 1585 1586
f 61 1587 890
f 409 1588 1587
f 230 890 1588
f 1587 1588 890
f 109 1589 1591
f 410 1590 1589
f 409 1591 1590
f 1589 1590 1591
f 230 1588 1585
f 409 1590 1588
f 410 1585 1590
f 1588 1590 1585
f 108 1584 1571
f 407 1592 1584
f 405 1571 1592
f 1584 1592 1571
f 109 1591 1579
f 409 1593 1591
f 407 1579 1593
f 1591 1593 1579
f 61 1575 1587
f 405 1594 1575
f 409 1587 1594
f 1575 1594 1587
f 407 1593 1592
f 409 1594 1593
f 405 1592 1594
f 1593 1594 1592
f 9 1595 1597
f 411 1596 1595
f 413 1597 1596
f 1595 1596 1597
f 110 1598 1600
f 412 1599 1598
f 411 1600 1599
f 1598 1599 1600
f 112 1601 1603
f 413 1602 1601
f 412 1603 1602
f 1601 1602 1603
f 411 1599 1596
f 412 1602 1599
f 413 1596 1602
f 1599 1602 1596
f 32 1604 1606
f 414 1605 1604
f 416 1606 1605
f 1604 1605 1606
f 111 1607 1609
f 415 1608 1607
f 414 1609 1608
f 1607 1608 1609
f 110 1610 1612
f 416 1611 1610
f 415 1612 1611
f 1610 1611 1612
f 414 1608 1605
f 415 1611 1608
f 416 1605 1611
f 1608 1611 1605
f 31 1613 1615
f 417 1614 1613
f 419 1615 1614
f 1613 1614 1615
f 112 1616 1618
f 418 1617 1616
f 417 1618 1617
f 1616 1617 1618
f 111 1619 1621
f 419 1620 1619
f 418 1621 1620
f 1619 1620 1621
f 417 1617 1614
f 418 1620 1617
f 419 1614 1620
f 1617 1620 1614
f 110 1612 1598
f 415 1622 1612
f 412 1598 1622
f 1612 1622 1598
f 111 1621 1607
f 418 1623 1621
f 415 1607 1623
f 1621 1623 1607
f 112 1603 1616
f 412 1624 1603
f 418 1616 1624
f 1603 1624 1616
f 415 1623 1622
f 418 1624 1623
f 412 1622 1624
f 1623 1624 1622
f 18 1586 1550
f 410 1625 1586
f 399 1550 1625
f 1586 1625 1550
f 109 1626 1589
f 420 1627 1626
f 410 1589 1627
f 1626 1627 1589
f 106 1554 1629
f 399 1628 1554
f 420 1629 1628
f 1554 1628 1629
f 410 1627 1625
f 420 1628 1627
f 399 1625 1628
f 1627 1628 1625
f 31 1615 1576
f 419 1630 1615
f 406 1576 1630
f 1615 1630 1576
f 111 1631 1619
f 421 1632 1631
f 419 1619 1632
f 1631 1632 1619
f 109 1581 1634
f 406 1633 1581
f 421 1634 1633
f 1581 1633 1634
f 419 1632 1630
f 421 1633 1632
f 406 1630 1633
f 1632 1633 1630
f 32 1559 1604
f 403 1635 1559
f 414 1604 1635
f 1559 1635 1604
f 106 1636 1563
f 422 1637 1636
f 403 1563 1637
f 1636 1637 1563
f 111 1609 1639
f 414 1638 1609
f 422 1639 1638
f 1609 1638 1639
f 403 1637 1635
f 422 1638 1637
f 414 1635 1638
f 1637 1638 1635
f 109 1634 1626
f 421 1640 1634
f 420 1626 1640
f 1634 1640 1626
f 111 1639 1631
f 422 1641 1639
f 421 1631 1641
f 1639 1641 1631
f 106 1629 1636
f 420 1642 1629
f 422 1636 1642
f 1629 1642 1636
f 421 1641 1640
f 422 1642 1641
f 420 1640 1642
f 1641 1642 1640
f 4 1643 1645
f 423 1644 1643
f 425 1645 1644
f 1643 1644 1645
f 113 1646 1648
f 424 1647 1646
f 423 1648 1647
f 1646 1647 1648
f 115 1649 1651
f 425 1650 1649
f 424 1651 1650
f 1649 1650 1651
f 423 1647 1644
f 424 1650 1647
f 425 1644 1650
f 1647 1650 1644
f 33 1652 1654
f 426 1653 1652
f 428 1654 1653
f 1652 1653 1654
f 114 1655 1657
f 427 1656 1655
f 426 1657 1656
f 1655 1656 1657
f 113 1658 1660
f 428 1659 1658
f 427 1660 1659
f 1658 1659 1660
f 426 1656 1653
f 427 1659 1656
f 428 1653 1659
f 1656 1659 1653
f 35 1661 1663
f 429 1662 1661
f 431 1663 1662
f 1661 1662 1663
f 115 1664 1666
f 430 1665 1664
f 429 1666 1665
f 1664 1665 1666
f 114 1667 1669
f 431 1668 1667
f 430 1669 1668
f 1667 1668 1669
f 429 1665 1662
f 430 1668 1665
f 431 1662 1668
f 1665 1668 1662
f 113 1660 1646
f 427 1670 1660
f 424 1646 1670
f 1660 1670 1646
f 114 1669 1655
f 430 1671 1669
f 427 1655 1671
f 1669 1671 1655
f 115 1651 1664
f 424 1672 1651
f 430 1664 1672
f 1651 1672 1664
f 427 1671 1670
f 430 1672 1671
f 424 1670 1672
f 1671 1672 1670
f 10 1673 1675
f 432 1674 1673
f 434 1675 1674
f 1673 1674 1675
f 116 1676 1678
f 433 1677 1676
f 432 1678 1677
f 1676 1677 1678
f 118 1679 1681
f 434 1680 1679
f 433 1681 1680
f 1679 1680 1681
f 432 1677 1674
f 433 1680 1677
f 434 1674 1680
f 1677 1680 1674
f 34 1682 1684
f 435 1683 1682
f 437 1684 1683
f 1682 1683 1684
f 117 1685 1687
f 436 1686 1685
f 435 1687 1686
f 1685 1686 1687
f 116 1688 1690
f 437 1689 1688
f 436 1690 1689
f 1688 1689 1690
f 435 1686 1683
f 436 1689 1686
f 437 1683 1689
f 1686 1689 1683
f 33 1691 1693
f 438 1692 1691
f 440 1693 1692
f 1691 1692 1693
f 118 1694 1696
f 439 1695 1694
f 438 1696 1695
f 1694 1695 1696
f 117 1697 1699
f 440 1698 1697
f 439 1699 1698
f 1697 1698 1699
f 438 1695 1692
f 439 1698 1695
f 440 1692 1698
f 1695 1698 1692
f 116 1690 1676
f 436 1700 1690
f 433 1676 1700
f 1690 1700 1676
f 117 1699 1685
f 439 1701 1699
f 436 1685 1701
f 1699 1701 1685
f 118 1681 1694
f 433 1702 1681
f 439 1694 1702
f 1681 1702 1694
f 436 1701 1700
f 439 1702 1701
f 433 1700 1702
f 1701 1702 1700
f 5 1703 1705
f 441 1704 1703
f 443 1705 1704
f 1703 1704 1705
f 119 1706 1708
f 442 1707 1706
f 441 1708 1707
f 1706 1707 1708
f 121 1709 1711
f 443 1710 1709
f 442 1711 1710
f 1709 1710 1711
f 441 1707 1704
f 442 1710 1707
f 443 1704 1710
f 1707 1710 1704
f 35 1712 1714
f 444 1713 1712
f 446 1714 1713
f 1712 1713 1714
f 120 1715 1717
f 445 1716 1715
f 444 1717 1716
f 1715 1716 1717
f 119 1718 1720
f 446 1719 1718
f 445 1720 1719
f 1718 1719 1720
f 444 1716 1713
f 445 1719 1716
f 446 1713 1719
f 1716 1719 1713
f 34 1721 1723
f 447 1722 1721
f 449 1723 1722
f 1721 1722 1723
f 121 1724 1726
f 448 1725 1724
f 447 1726 1725
f 1724 1725 1726
f 120 1727 1729
f 449 1728 1727
f 448 1729 1728
f 1727 1728 1729
f 447 1725 1722
f 448 1728 1725
f 449 1722 1728
f 1725 1728 1722
f 119 1720 1706
f 445 1730 1720
f 442 1706 1730
f 1720 1730 1706
f 120 1729 1715
f 448 1731 1729
f 445 1715 1731
f 1729 1731 1715
f 121 1711 1724
f 442 1732 1711
f 448 1724 1732
f 1711 1732 1724
f 445 1731 1730
f 448 1732 1731
f 442 1730 1732
f 1731 1732 1730
f 33 1693 1652
f 440 1733 1693
f 426 1652 1733
f 1693 1733 1652
f 117 1734 1697
f 450 1735 1734
f 440 1697 1735
f 1734 1735 1697
f 114 1657 1737
f 426 1736 1657
f 450 1737 1736
f 1657 1736 1737
f 440 1735 1733
f 450 1736 1735
f 426 1733 1736
f 1735 1736 1733
f 34 1723 1682
f 449 1738 1723
f 435 1682 1738
f 1723 1738 1682
f 120 1739 1727
f 451 1740 1739
f 449 1727 1740
f 1739 1740 1727
f 117 1687 1742
f 435 1741 1687
f 451 1742 1741
f 1687 1741 1742
f 449 1740 1738
f 451 1741 1740
f 435 1738 1741
f 1740 1741 1738
f 35 1663 1712
f 431 1743 1663
f 444 1712 1743
f 1663 1743 1712
f 114 1744 1667
f 452 1745 1744
f 431 1667 1745
f 1744 1745 1667
f 120 1717 1747
f 444 1746 1717
f 452 1747 1746
f 1717 1746 1747
f 431 1745 1743
f 452 1746 1745
f 444 1743 1746
f 1745 1746 1743
f 117 1742 1734
f 451 1748 1742
f 450 1734 1748
f 1742 1748 1734
f 120 1747 1739
f 452 1749 1747
f 451 1739 1749
f 1747 1749 1739
f 114 1737 1744
f 450 1750 1737
f 452 1744 1750
f 1737 1750 1744
f 451 1749 1748
f 452 1750 1749
f 450 1748 1750
f 1749 1750 1748
f 4 1645 1752
f 425 1751 1645
f 454 1752 1751
f 1645 1751 1752
f 115 1753 1649
f 453 1754 1753
f 425 1649 1754
f 1753 1754 1649
f 123 1755 1757
f 454 1756 1755
f 453 1757 1756
f 1755 1756 1757
f 425 1754 1751
f 453 1756 1754
f 454 1751 1756
f 1754 1756 1751
f 35 1758 1661
f 455 1759 1758
f 429 1661 1759
f 1758 1759 1661
f 122 1760 1762
f 456 1761 1760
f 455 1762 1761
f 1760 1761 1762
f 115 1666 1764
f 429 1763 1666
f 456 1764 1763
f 1666 1763 1764
f 455 1761 1759
f 456 1763 1761
f 429 1759 1763
f 1761 1763 1759
f 37 1765 1767
f 457 1766 1765
f 459 1767 1766
f 1765 1766 1767
f 123 1768 1770
f 458 1769 1768
f 457 1770 1769
f 1768 1769 1770
f 122 1771 1773
f 459 1772 1771
f 458 1773 1772
f 1771 1772 1773
f 457 1769 1766
f 458 1772 1769
f 459 1766 1772
f 1769 1772 1766
f 115 1764 1753
f 456 1774 1764
f 453 1753 1774
f 1764 1774 1753
f 122 1773 1760
f 458 1775 1773
f 456 1760 1775
f 1773 1775 1760
f 123 1757 1768
f 453 1776 1757
f 458 1768 1776
f 1757 1776 1768
f 456 1775 1774
f 458 1776 1775
f 453 1774 1776
f 1775 1776 1774
f 5 1777 1703
f 460 1778 1777
f 441 1703 1778
f 1777 1778 1703
f 124 1779 1781
f 461 1780 1779
f 460 1781 1780
f 1779 1780 1781
f 119 1708 1783
f 441 1782 1708
f 461 1783 1782
f 1708 1782 1783
f 460 1780 1778
f 461 1782 1780
f 441 1778 1782
f 1780 1782 1778
f 36 1784 1786
f 462 1785 1784
f 464 1786 1785
f 1784 1785 1786
f 125 1787 1789
f 463 1788 1787
f 462 1789 1788
f 1787 1788 1789
f 124 1790 1792
f 464 1791 1790
f 463 1792 1791
f 1790 1791 1792
f 462 1788 1785
f 463 1791 1788
f 464 1785 1791
f 1788 1791 1785
f 35 1714 1794
f 446 1793 1714
f 466 1794 1793
f 1714 1793 1794
f 119 1795 1718
f 465 1796 1795
f 446 1718 1796
f 1795 1796 1718
f 125 1797 1799
f 466 1798 1797
f 465 1799 1798
f 1797 1798 1799
f 446 1796 1793
f 465 1798 1796
f 466 1793 1798
f 1796 1798 1793
f 124 1792 1779
f 463 1800 1792
f 461 1779 1800
f 1792 1800 1779
f 125 1799 1787
f 465 1801 1799
f 463 1787 1801
f 1799 1801 1787
f 119 1783 1795
f 461 1802 1783
f 465 1795 1802
f 1783 1802 1795
f 463 1801 1800
f 465 1802 1801
f 461 1800 1802
f 1801 1802 1800
f 3 1803 1805
f 467 1804 1803
f 469 1805 1804
f 1803 1804 1805
f 126 1806 1808
f 468 1807 1806
f 467 1808 1807
f 1806 1807 1808
f 128 1809 1811
f 469 1810 1809
f 468 1811 1810
f 1809 1810 1811
f 467 1807 1804
f 468 1810 1807
f 469 1804 1810
f 1807 1810 1804
f 37 1812 1814
f 470 1813 1812
f 472 1814 1813
f 1812 1813 1814
f 127 1815 1817
f 471 1816 1815
f 470 1817 1816
f 1815 1816 1817
f 126 1818 1820
f 472 1819 1818
f 471 1820 1819
f 1818 1819 1820
f 470 1816 1813
f 471 1819 1816
f 472 1813 1819
f 1816 1819 1813
f 36 1821 1823
f 473 1822 1821
f 475 1823 1822
f 1821 1822 1823
f 128 1824 1826
f 474 1825 1824
f 473 1826 1825
f 1824 1825 1826
f 127 1827 1829
f 475 1828 1827
f 474 1829 1828
f 1827 1828 1829
f 473 1825 1822
f 474 1828 1825
f 475 1822 1828
f 1825 1828 1822
f 126 1820 1806
f 471 1830 1820
f 468 1806 1830
f 1820 1830 1806
f 127 1829 1815
f 474 1831 1829
f 471 1815 1831
f 1829 1831 1815
f 128 1811 1824
f 468 1832 1811
f 474 1824 1832
f 1811 1832 1824
f 471 1831 1830
f 474 1832 1831
f 468 1830 1832
f 1831 1832 1830
f 35 1794 1758
f 466 1833 1794
f 455 1758 1833
f 1794 1833 1758
f 125 1834 1797
f 476 1835 1834
f 466 1797 1835
f 1834 1835 1797
f 122 1762 1837
f 455 1836 1762
f 476 1837 1836
f 1762 1836 1837
f 466 1835 1833
f 476 1836 1835
f 455 1833 1836
f 1835 1836 1833
f 36 1823 1784
f 475 1838 1823
f 462 1784 1838
f 1823 1838 1784
f 127 1839 1827
f 477 1840 1839
f 475 1827 1840
f 1839 1840 1827
f 125 1789 1842
f 462 1841 1789
f 477 1842 1841
f 1789 1841 1842
f 475 1840 1838
f 477 1841 1840
f 462 1838 1841
f 1840 1841 1838
f 37 1767 1812
f 459 1843 1767
f 470 1812 1843
f 1767 1843 1812
f 122 1844 1771
f 478 1845 1844
f 459 1771 1845
f 1844 1845 1771
f 127 1817 1847
f 470 1846 1817
f 478 1847 1846
f 1817 1846 1847
f 459 1845 1843
f 478 1846 1845
f 470 1843 1846
f 1845 1846 1843
f 125 1842 1834
f 477 1848 1842
f 476 1834 1848
f 1842 1848 1834
f 127 1847 1839
f 478 1849 1847
f 477 1839 1849
f 1847 1849 1839
f 122 1837 1844
f 476 1850 1837
f 478 1844 1850
f 1837 1850 1844
f 477 1849 1848
f 478 1850 1849
f 476 1848 1850
f 1849 1850 1848
f 4 1752 1852
f 454 1851 1752
f 480 1852 1851
f 1752 1851 1852
f 123 1853 1755
f 479 1854 1853
f 454 1755 1854
f 1853 1854 1755
f 130 1855 1857
f 480 1856 1855
f 479 1857 1856
f 1855 1856 1857
f 454 1854 1851
f 479 1856 1854
f 480 1851 1856
f 1854 1856 1851
f 37 1858 1765
f 481 1859 1858
f 457 1765 1859
f 1858 1859 1765
f 129 1860 1862
f 482 1861 1860
f 481 1862 1861
f 1860 1861 1862
f 123 1770 1864
f 457 1863 1770
f 482 1864 1863
f 1770 1863 1864
f 481 1861 1859
f 482 1863 1861
f 457 1859 1863
f 1861 1863 1859
f 39 1865 1867
f 483 1866 1865
f 485 1867 1866
f 1865 1866 1867
f 130 1868 1870
f 484 1869 1868
f 483 1870 1869
f 1868 1869 1870
f 129 1871 1873
f 485 1872 1871
f 484 1873 1872
f 1871 1872 1873
f 483 1869 1866
f 484 1872 1869
f 485 1866 1872
f 1869 1872 1866
f 123 1864 1853
f 482 1874 1864
f 479 1853 1874
f 1864 1874 1853
f 129 1873 1860
f 484 1875 1873
f 482 1860 1875
f 1873 1875 1860
f 130 1857 1868
f 479 1876 1857
f 484 1868 1876
f 1857 1876 1868
f 482 1875 1874
f 484 1876 1875
f 479 1874 1876
f 1875 1876 1874
f 3 1877 1803
f 486 1878 1877
f 467 1803 1878
f 1877 1878 1803
f 131 1879 1881
f 487 1880 1879
f 486 1881 1880
f 1879 1880 1881
f 126 1808 1883
f 467 1882 1808
f 487 1883 1882
f 1808 1882 1883
f 486 1880 1878
f 487 1882 1880
f 467 1878 1882
f 1880 1882 1878
f 38 1884 1886
f 488 1885 1884
f 490 1886 1885
f 1884 1885 1886
f 132 1887 1889
f 489 1888 1887
f 488 1889 1888
f 1887 1888 1889
f 131 1890 1892
f 490 1891 1890
f 489 1892 1891
f 1890 1891 1892
f 488 1888 1885
f 489 1891 1888
f 490 1885 1891
f 1888 1891 1885
f 37 1814 1894
f 472 1893 1814
f 492 1894 1893
f 1814 1893 1894
f 126 1895 1818
f 491 1896 1895
f 472 1818 1896
f 1895 1896 1818
f 132 1897 1899
f 492 1898 1897
f 491 1899 1898
f 1897 1898 1899
f 472 1896 1893
f 491 1898 1896
f 492 1893 1898
f 1896 1898 1893
f 131 1892 1879
f 489 1900 1892
f 487 1879 1900
f 1892 1900 1879
f 132 1899 1887
f 491 1901 1899
f 489 1887 1901
f 1899 1901 1887
f 126 1883 1895
f 487 1902 1883
f 491 1895 1902
f 1883 1902 1895
f 489 1901 1900
f 491 1902 1901
f 487 1900 1902
f 1901 1902 1900
f 7 1903 1905
f 493 1904 1903
f 495 1905 1904
f 1903 1904 1905
f 133 1906 1908
f 494 1907 1906
f 493 1908 1907
f 1906 1907 1908
f 135 1909 1911
f 495 1910 1909
f 494 1911 1910
f 1909 1910 1911
f 493 1907 1904
f 494 1910 1907
f 495 1904 1910
f 1907 1910 1904
f 39 1912 1914
f 496 1913 1912
f 498 1914 1913
f 1912 1913 1914
f 134 1915 1917
f 497 1916 1915
f 496 1917 1916
f 1915 1916 1917
f 133 1918 1920
f 498 1919 1918
f 497 1920 1919
f 1918 1919 1920
f 496 1916 1913
f 497 1919 1916
f 498 1913 1919
f 1916 1919 1913
f 38 1921 1923
f 499 1922 1921
f 501 1923 1922
f 1921 1922 1923
f 135 1924 1926
f 500 1925 1924
f 499 1926 1925
f 1924 1925 1926
f 134 1927 1929
f 501 1928 1927
f 500 1929 1928
f 1927 1928 1929
f 499 1925 1922
f 500 1928 1925
f 501 1922 1928
f 1925 1928 1922
f 133 1920 1906
f 497 1930 1920
f 494 1906 1930
f 1920 1930 1906
f 134 1929 1915
f 500 1931 1929
f 497 1915 1931
f 1929 1931 1915
f 135 1911 1924
f 494 1932 1911
f 500 1924 1932
f 1911 1932 1924
f 497 1931 1930
f 500 1932 1931
f 494 1930 1932
f 1931 1932 1930
f 37 1894 1858
f 492 1933 1894
f 481 1858 1933
f 1894 1933 1858
f 132 1934 1897
f 502 1935 1934
f 492 1897 1935
f 1934 1935 1897
f 129 1862 1937
f 481 1936 1862
f 502 1937 1936
f 1862 1936 1937
f 492 1935 1933
f 502 1936 1935
f 481 1933 1936
f 1935 1936 1933
f 38 1923 1884
f 501 1938 1923
f 488 1884 1938
f 1923 1938 1884
f 134 1939 1927
f 503 1940 1939
f 501 1927 1940
f 1939 1940 1927
f 132 1889 1942
f 488 1941 1889
f 503 1942 1941
f 1889 1941 1942
f 501 1940 1938
f 503 1941 1940
f 488 1938 1941
f 1940 1941 1938
f 39 1867 1912
f 485 1943 1867
f 496 1912 1943
f 1867 1943 1912
f 129 1944 1871
f 504 1945 1944
f 485 1871 1945
f 1944 1945 1871
f 134 1917 1947
f 496 1946 1917
f 504 1947 1946
f 1917 1946 1947
f 485 1945 1943
f 504 1946 1945
f 496 1943 1946
f 1945 1946 1943
f 132 1942 1934
f 503 1948 1942
f 502 1934 1948
f 1942 1948 1934
f 134 1947 1939
f 504 1949 1947
f 503 1939 1949
f 1947 1949 1939
f 129 1937 1944
f 502 1950 1937
f 504 1944 1950
f 1937 1950 1944
f 503 1949 1948
f 504 1950 1949
f 502 1948 1950
f 1949 1950 1948
f 4 1852 1952
f 480 1951 1852
f 506 1952 1951
f 1852 1951 1952
f 130 1953 1855
f 505 1954 1953
f 480 1855 1954
f 1953 1954 1855
f 137 1955 1957
f 506 1956 1955
f 505 1957 1956
f 1955 1956 1957
f 480 1954 1951
f 505 1956 1954
f 506 1951 1956
f 1954 1956 1951
f 39 1958 1865
f 507 1959 1958
f 483 1865 1959
f 1958 1959 1865
f 136 1960 1962
f 508 1961 1960
f 507 1962 1961
f 1960 1961 1962
f 130 1870 1964
f 483 1963 1870
f 508 1964 1963
f 1870 1963 1964
f 507 1961 1959
f 508 1963 1961
f 483 1959 1963
f 1961 1963 1959
f 41 1965 1967
f 509 1966 1965
f 511 1967 1966
f 1965 1966 1967
f 137 1968 1970
f 510 1969 1968
f 509 1970 1969
f 1968 1969 1970
f 136 1971 1973
f 511 1972 1971
f 510 1973 1972
f 1971 1972 1973
f 509 1969 1966
f 510 1972 1969
f 511 1966 1972
f 1969 1972 1966
f 130 1964 1953
f 508 1974 1964
f 505 1953 1974
f 1964 1974 1953
f 136 1973 1960
f 510 1975 1973
f 508 1960 1975
f 1973 1975 1960
f 137 1957 1968
f 505 1976 1957
f 510 1968 1976
f 1957 1976 1968
f 508 1975 1974
f 510 1976 1975
f 505 1974 1976
f 1975 1976 1974
f 7 1977 1903
f 512 1978 1977
f 493 1903 1978
f 1977 1978 1903
f 138 1979 1981
f 513 1980 1979
f 512 1981 1980
f 1979 1980 1981
f 133 1908 1983
f 493 1982 1908
f 513 1983 1982
f 1908 1982 1983
f 512 1980 1978
f 513 1982 1980
f 493 1978 1982
f 1980 1982 1978
f 40 1984 1986
f 514 1985 1984
f 516 1986 1985
f 1984 1985 1986
f 139 1987 1989
f 515 1988 1987
f 514 1989 1988
f 1987 1988 1989
f 138 1990 1992
f 516 1991 1990
f 515 1992 1991
f 1990 1991 1992
f 514 1988 1985
f 515 1991 1988
f 516 1985 1991
f 1988 1991 1985
f 39 1914 1994
f 498 1993 1914
f 518 1994 1993
f 1914 1993 1994
f 133 1995 1918
f 517 1996 1995
f 498 1918 1996
f 1995 1996 1918
f 139 1997 1999
f 518 1998 1997
f 517 1999 1998
f 1997 1998 1999
f 498 1996 1993
f 517 1998 1996
f 518 1993 1998
f 1996 1998 1993
f 138 1992 1979
f 515 2000 1992
f 513 1979 2000
f 1992 2000 1979
f 139 1999 1987
f 517 2001 1999
f 515 1987 2001
f 1999 2001 1987
f 133 1983 1995
f 513 2002 1983
f 517 1995 2002
f 1983 2002 1995
f 515 2001 2000
f 517 2002 2001
f 513 2000 2002
f 2001 2002 2000
f 9 2003 2005
f 519 2004 2003
f 521 2005 2004
f 2003 2004 2005
f 140 2006 2008
f 520 2007 2006
f 519 2008 2007
f 2006 2007 2008
f 142 2009 2011
f 521 2010 2009
f 520 2011 2010
f 2009 2010 2011
f 519 2007 2004
f 520 2010 2007
f 521 2004 2010
f 2007 2010 2004
f 41 2012 2014
f 522 2013 2012
f 524 2014 2013
f 2012 2013 2014
f 141 2015 2017
f 523 2016 2015
f 522 2017 2016
f 2015 2016 2017
f 140 2018 2020
f 524 2019 2018
f 523 2020 2019
f 2018 2019 2020
f 522 2016 2013
f 523 2019 2016
f 524 2013 2019
f 2016 2019 2013
f 40 2021 2023
f 525 2022 2021
f 527 2023 2022
f 2021 2022 2023
f 142 2024 2026
f 526 2025 2024
f 525 2026 2025
f 2024 2025 2026
f 141 2027 2029
f 527 2028 2027
f 526 2029 2028
f 2027 2028 2029
f 525 2025 2022
f 526 2028 2025
f 527 2022 2028
f 2025 2028 2022
f 140 2020 2006
f 523 2030 2020
f 520 2006 2030
f 2020 2030 2006
f 141 2029 2015
f 526 2031 2029
f 523 2015 2031
f 2029 2031 2015
f 142 2011 2024
f 520 2032 2011
f 526 2024 2032
f 2011 2032 2024
f 523 2031 2030
f 526 2032 2031
f 520 2030 2032
f 2031 2032 2030
f 39 1994 1958
f 518 2033 1994
f 507 1958 2033
f 1994 2033 1958
f 139 2034 1997
f 528 2035 2034
f 518 1997 2035
f 2034 2035 1997
f 136 1962 2037
f 507 2036 1962
f 528 2037 2036
f 1962 2036 2037
f 518 2035 2033
f 528 2036 2035
f 507 2033 2036
f 2035 2036 2033
f 40 2023 1984
f 527 2038 2023
f 514 1984 2038
f 2023 2038 1984
f 141 2039 2027
f 529 2040 2039
f 527 2027 2040
f 2039 2040 2027
f 139 1989 2042
f 514 2041 1989
f 529 2042 2041
f 1989 2041 2042
f 527 2040 2038
f 529 2041 2040
f 514 2038 2041
f 2040 2041 2038
f 41 1967 2012
f 511 2043 1967
f 522 2012 2043
f 1967 2043 2012
f 136 2044 1971
f 530 2045 2044
f 511 1971 2045
f 2044 2045 1971
f 141 2017 2047
f 522 2046 2017
f 530 2047 2046
f 2017 2046 2047
f 511 2045 2043
f 530 2046 2045
f 522 2043 2046
f 2045 2046 2043
f 139 2042 2034
f 529 2048 2042
f 528 2034 2048
f 2042 2048 2034
f 141 2047 2039
f 530 2049 2047
f 529 2039 2049
f 2047 2049 2039
f 136 2037 2044
f 528 2050 2037
f 530 2044 2050
f 2037 2050 2044
f 529 2049 2048
f 530 2050 2049
f 528 2048 2050
f 2049 2050 2048
f 4 1952 1643
f 506 2051 1952
f 423 1643 2051
f 1952 2051 1643
f 137 2052 1955
f 531 2053 2052
f 506 1955 2053
f 2052 2053 1955
f 113 1648 2055
f 423 2054 1648
f 531 2055 2054
f 1648 2054 2055
f 506 2053 2051
f 531 2054 2053
f 423 2051 2054
f 2053 2054 2051
f 41 2056 1965
f 532 2057 2056
f 509 1965 2057
f 2056 2057 1965
f 143 2058 2060
f 533 2059 2058
f 532 2060 2059
f 2058 2059 2060
f 137 1970 2062
f 509 2061 1970
f 533 2062 2061
f 1970 2061 2062
f 532 2059 2057
f 533 2061 2059
f 509 2057 2061
f 2059 2061 2057
f 33 1654 2064
f 428 2063 1654
f 535 2064 2063
f 1654 2063 2064
f 113 2065 1658
f 534 2066 2065
f 428 1658 2066
f 2065 2066 1658
f 143 2067 2069
f 535 2068 2067
f 534 2069 2068
f 2067 2068 2069
f 428 2066 2063
f 534 2068 2066
f 535 2063 2068
f 2066 2068 2063
f 137 2062 2052
f 533 2070 2062
f 531 2052 2070
f 2062 2070 2052
f 143 2069 2058
f 534 2071 2069
f 533 2058 2071
f 2069 2071 2058
f 113 2055 2065
f 531 2072 2055
f 534 2065 2072
f 2055 2072 2065
f 533 2071 2070
f 534 2072 2071
f 531 2070 2072
f 2071 2072 2070
f 9 2073 2003
f 536 2074 2073
f 519 2003 2074
f 2073 2074 2003
f 144 2075 2077
f 537 2076 2075
f 536 2077 2076
f 2075 2076 2077
f 140 2008 2079
f 519 2078 2008
f 537 2079 2078
f 2008 2078 2079
f 536 2076 2074
f 537 2078 2076
f 519 2074 2078
f 2076 2078 2074
f 42 2080 2082
f 538 2081 2080
f 540 2082 2081
f 2080 2081 2082
f 145 2083 2085
f 539 2084 2083
f 538 2085 2084
f 2083 2084 2085
f 144 2086 2088
f 540 2087 2086
f 539 2088 2087
f 2086 2087 2088
f 538 2084 2081
f 539 2087 2084
f 540 2081 2087
f 2084 2087 2081
f 41 2014 2090
f 524 2089 2014
f 542 2090 2089
f 2014 2089 2090
f 140 2091 2018
f 541 2092 2091
f 524 2018 2092
f 2091 2092 2018
f 145 2093 2095
f 542 2094 2093
f 541 2095 2094
f 2093 2094 2095
f 524 2092 2089
f 541 2094 2092
f 542 2089 2094
f 2092 2094 2089
f 144 2088 2075
f 539 2096 2088
f 537 2075 2096
f 2088 2096 2075
f 145 2095 2083
f 541 2097 2095
f 539 2083 2097
f 2095 2097 2083
f 140 2079 2091
f 537 2098 2079
f 541 2091 2098
f 2079 2098 2091
f 539 2097 2096
f 541 2098 2097
f 537 2096 2098
f 2097 2098 2096
f 10 1675 2100
f 434 2099 1675
f 544 2100 2099
f 1675 2099 2100
f 118 2101 1679
f 543 2102 2101
f 434 1679 2102
f 2101 2102 1679
f 147 2103 2105
f 544 2104 2103
f 543 2105 2104
f 2103 2104 2105
f 434 2102 2099
f 543 2104 2102
f 544 2099 2104
f 2102 2104 2099
f 33 2106 1691
f 545 2107 2106
f 438 1691 2107
f 2106 2107 1691
f 146 2108 2110
f 546 2109 2108
f 545 2110 2109
f 2108 2109 2110
f 118 1696 2112
f 438 2111 1696
f 546 2112 2111
f 1696 2111 2112
f 545 2109 2107
f 546 2111 2109
f 438 2107 2111
f 2109 2111 2107
f 42 2113 2115
f 547 2114 2113
f 549 2115 2114
f 2113 2114 2115
f 147 2116 2118
f 548 2117 2116
f 547 2118 2117
f 2116 2117 2118
f 146 2119 2121
f 549 2120 2119
f 548 2121 2120
f 2119 2120 2121
f 547 2117 2114
f 548 2120 2117
f 549 2114 2120
f 2117 2120 2114
f 118 2112 2101
f 546 2122 2112
f 543 2101 2122
f 2112 2122 2101
f 146 2121 2108
f 548 2123 2121
f 546 2108 2123
f 2121 2123 2108
f 147 2105 2116
f 543 2124 2105
f 548 2116 2124
f 2105 2124 2116
f 546 2123 2122
f 548 2124 2123
f 543 2122 2124
f 2123 2124 2122
f 41 2090 2056
f 542 2125 2090
f 532 2056 2125
f 2090 2125 2056
f 145 2126 2093
f 550 2127 2126
f 542 2093 2127
f 2126 2127 2093
f 143 2060 2129
f 532 2128 2060
f 550 2129 2128
f 2060 2128 2129
f 542 2127 2125
f 550 2128 2127
f 532 2125 2128
f 2127 2128 2125
f 42 2115 2080
f 549 2130 2115
f 538 2080 2130
f 2115 2130 2080
f 146 2131 2119
f 551 2132 2131
f 549 2119 2132
f 2131 2132 2119
f 145 2085 2134
f 538 2133 2085
f 551 2134 2133
f 2085 2133 2134
f 549 2132 2130
f 551 2133 2132
f 538 2130 2133
f 2132 2133 2130
f 33 2064 2106
f 535 2135 2064
f 545 2106 2135
f 2064 2135 2106
f 143 2136 2067
f 552 2137 2136
f 535 2067 2137
f 2136 2137 2067
f 146 2110 2139
f 545 2138 2110
f 552 2139 2138
f 2110 2138 2139
f 535 2137 2135
f 552 2138 2137
f 545 2135 2138
f 2137 2138 2135
f 145 2134 2126
f 551 2140 2134
f 550 2126 2140
f 2134 2140 2126
f 146 2139 2131
f 552 2141 2139
f 551 2131 2141
f 2139 2141 2131
f 143 2129 2136
f 550 2142 2129
f 552 2136 2142
f 2129 2142 2136
f 551 2141 2140
f 552 2142 2141
f 550 2140 2142
f 2141 2142 2140
f 5 1705 1295
f 443 2143 1705
f 333 1295 2143
f 1705 2143 1295
f 121 2144 1709
f 553 2145 2144
f 443 1709 2145
f 2144 2145 1709
f 89 1300 2147
f 333 2146 1300
f 553 2147 2146
f 1300 2146 2147
f 443 2145 2143
f 553 2146 2145
f 333 2143 2146
f 2145 2146 2143
f 34 2148 1721
f 554 2149 2148
f 447 1721 2149
f 2148 2149 1721
f 148 2150 2152
f 555 2151 2150
f 554 2152 2151
f 2150 2151 2152
f 121 1726 2154
f 447 2153 1726
f 555 2154 2153
f 1726 2153 2154
f 554 2151 2149
f 555 2153 2151
f 447 2149 2153
f 2151 2153 2149
f 26 1306 2156
f 338 2155 1306
f 557 2156 2155
f 1306 2155 2156
f 89 2157 1310
f 556 2158 2157
f 338 1310 2158
f 2157 2158 1310
f 148 2159 2161
f 557 2160 2159
f 556 2161 2160
f 2159 2160 2161
f 338 2158 2155
f 556 2160 2158
f 557 2155 2160
f 2158 2160 2155
f 121 2154 2144
f 555 2162 2154
f 553 2144 2162
f 2154 2162 2144
f 148 2161 2150
f 556 2163 2161
f 555 2150 2163
f 2161 2163 2150
f 89 2147 2157
f 553 2164 2147
f 556 2157 2164
f 2147 2164 2157
f 555 2163 2162
f 556 2164 2163
f 553 2162 2164
f 2163 2164 2162
f 10 1197 1673
f 309 2165 1197
f 432 1673 2165
f 1197 2165 1673
f 84 2166 1201
f 558 2167 2166
f 309 1201 2167
f 2166 2167 1201
f 116 1678 2169
f 432 2168 1678
f 558 2169 2168
f 1678 2168 2169
f 309 2167 2165
f 558 2168 2167
f 432 2165 2168
f 2167 2168 2165
f 23 2170 1213
f 559 2171 2170
f 313 1213 2171
f 2170 2171 1213
f 149 2172 2174
f 560 2173 2172
f 559 2174 2173
f 2172 2173 2174
f 84 1218 2176
f 313 2175 1218
f 560 2176 2175
f 1218 2175 2176
f 559 2173 2171
f 560 2175 2173
f 313 2171 2175
f 2173 2175 2171
f 34 1684 2178
f 437 2177 1684
f 562 2178 2177
f 1684 2177 2178
f 116 2179 1688
f 561 2180 2179
f 437 1688 2180
f 2179 2180 1688
f 149 2181 2183
f 562 2182 2181
f 561 2183 2182
f 2181 2182 2183
f 437 2180 2177
f 561 2182 2180
f 562 2177 2182
f 2180 2182 2177
f 84 2176 2166
f 560 2184 2176
f 558 2166 2184
f 2176 2184 2166
f 149 2183 2172
f 561 2185 2183
f 560 2172 2185
f 2183 2185 2172
f 116 2169 2179
f 558 2186 2169
f 561 2179 2186
f 2169 2186 2179
f 560 2185 2184
f 561 2186 2185
f 558 2184 2186
f 2185 2186 2184
f 6 1244 1169
f 320 2187 1244
f 300 1169 2187
f 1244 2187 1169
f 86 2188 1247
f 563 2189 2188
f 320 1247 2189
f 2188 2189 1247
f 80 1173 2191
f 300 2190 1173
f 563 2191 2190
f 1173 2190 2191
f 320 2189 2187
f 563 2190 2189
f 300 2187 2190
f 2189 2190 2187
f 26 2192 1257
f 564 2193 2192
f 323 1257 2193
f 2192 2193 1257
f 150 2194 2196
f 565 2195 2194
f 564 2196 2195
f 2194 2195 2196
f 86 1262 2198
f 323 2197 1262
f 565 2198 2197
f 1262 2197 2198
f 564 2195 2193
f 565 2197 2195
f 323 2193 2197
f 2195 2197 2193
f 23 1178 2200
f 304 2199 1178
f 567 2200 2199
f 1178 2199 2200
f 80 2201 1182
f 566 2202 2201
f 304 1182 2202
f 2201 2202 1182
f 150 2203 2205
f 567 2204 2203
f 566 2205 2204
f 2203 2204 2205
f 304 2202 2199
f 566 2204 2202
f 567 2199 2204
f 2202 2204 2199
f 86 2198 2188
f 565 2206 2198
f 563 2188 2206
f 2198 2206 2188
f 150 2205 2194
f 566 2207 2205
f 565 2194 2207
f 2205 2207 2194
f 80 2191 2201
f 563 2208 2191
f 566 2201 2208
f 2191 2208 2201
f 565 2207 2206
f 566 2208 2207
f 563 2206 2208
f 2207 2208 2206
f 34 2178 2148
f 562 2209 2178
f 554 2148 2209
f 2178 2209 2148
f 149 2210 2181
f 568 2211 2210
f 562 2181 2211
f 2210 2211 2181
f 148 2152 2213
f 554 2212 2152
f 568 2213 2212
f 2152 2212 2213
f 562 2211 2209
f 568 2212 2211
f 554 2209 2212
f 2211 2212 2209
f 23 2200 2170
f 567 2214 2200
f 559 2170 2214
f 2200 2214 2170
f 150 2215 2203
f 569 2216 2215
f 567 2203 2216
f 2215 2216 2203
f 149 2174 2218
f 559 2217 2174
f 569 2218 2217
f 2174 2217 2218
f 567 2216 2214
f 569 2217 2216
f 559 2214 2217
f 2216 2217 2214
f 26 2156 2192
f 557 2219 2156
f 564 2192 2219
f 2156 2219 2192
f 148 2220 2159
f 570 2221 2220
f 557 2159 2221
f 2220 2221 2159
f 150 2196 2223
f 564 2222 2196
f 570 2223 2222
f 2196 2222 2223
f 557 2221 2219
f 570 2222 2221
f 564 2219 2222
f 2221 2222 2219
f 149 2218 2210
f 569 2224 2218
f 568 2210 2224
f 2218 2224 2210
f 150 2223 2215
f 570 2225 2223
f 569 2215 2225
f 2223 2225 2215
f 148 2213 2220
f 568 2226 2213
f 570 2220 2226
f 2213 2226 2220
f 569 2225 2224
f 570 2226 2225
f 568 2224 2226
f 2225 2226 2224
f 3 1805 1395
f 469 2227 1805
f 359 1395 2227
f 1805 2227 1395
f 128 2228 1809
f 571 2229 2228
f 469 1809 2229
f 2228 2229 1809
f 96 1400 2231
f 359 2230 1400
f 571 2231 2230
f 1400 2230 2231
f 469 2229 2227
f 571 2230 2229
f 359 2227 2230
f 2229 2230 2227
f 36 2232 1821
f 572 2233 2232
f 473 1821 2233
f 2232 2233 1821
f 151 2234 2236
f 573 2235 2234
f 572 2236 2235
f 2234 2235 2236
f 128 1826 2238
f 473 2237 1826
f 573 2238 2237
f 1826 2237 2238
f 572 2235 2233
f 573 2237 2235
f 473 2233 2237
f 2235 2237 2233
f 28 1406 2240
f 364 2239 1406
f 575 2240 2239
f 1406 2239 2240
f 96 2241 1410
f 574 2242 2241
f 364 1410 2242
f 2241 2242 1410
f 151 2243 2245
f 575 2244 2243
f 574 2245 2244
f 2243 2244 2245
f 364 2242 2239
f 574 2244 2242
f 575 2239 2244
f 2242 2244 2239
f 128 2238 2228
f 573 2246 2238
f 571 2228 2246
f 2238 2246 2228
f 151 2245 2234
f 574 2247 2245
f 573 2234 2247
f 2245 2247 2234
f 96 2231 2241
f 571 2248 2231
f 574 2241 2248
f 2231 2248 2241
f 573 2247 2246
f 574 2248 2247
f 571 2246 2248
f 2247 2248 2246
f 5 1297 1777
f 335 2249 1297
f 460 1777 2249
f 1297 2249 1777
f 91 2250 1301
f 576 2251 2250
f 335 1301 2251
f 2250 2251 1301
f 124 1781 2253
f 460 2252 1781
f 576 2253 2252
f 1781 2252 2253
f 335 2251 2249
f 576 2252 2251
f 460 2249 2252
f 2251 2252 2249
f 25 2254 1313
f 577 2255 2254
f 339 1313 2255
f 2254 2255 1313
f 152 2256 2258
f 578 2257 2256
f 577 2258 2257
f 2256 2257 2258
f 91 1318 2260
f 339 2259 1318
f 578 2260 2259
f 1318 2259 2260
f 577 2257 2255
f 578 2259 2257
f 339 2255 2259
f 2257 2259 2255
f 36 1786 2262
f 464 2261 1786
f 580 2262 2261
f 1786 2261 2262
f 124 2263 1790
f 579 2264 2263
f 464 1790 2264
f 2263 2264 1790
f 152 2265 2267
f 580 2266 2265
f 579 2267 2266
f 2265 2266 2267
f 464 2264 2261
f 579 2266 2264
f 580 2261 2266
f 2264 2266 2261
f 91 2260 2250
f 578 2268 2260
f 576 2250 2268
f 2260 2268 2250
f 152 2267 2256
f 579 2269 2267
f 578 2256 2269
f 2267 2269 2256
f 124 2253 2263
f 576 2270 2253
f 579 2263 2270
f 2253 2270 2263
f 578 2269 2268
f 579 2270 2269
f 576 2268 2270
f 2269 2270 2268
f 12 1344 1269
f 346 2271 1344
f 326 1269 2271
f 1344 2271 1269
f 93 2272 1347
f 581 2273 2272
f 346 1347 2273
f 2272 2273 1347
f 87 1273 2275
f 326 2274 1273
f 581 2275 2274
f 1273 2274 2275
f 346 2273 2271
f 581 2274 2273
f 326 2271 2274
f 2273 2274 2271
f 28 2276 1357
f 582 2277 2276
f 349 1357 2277
f 2276 2277 1357
f 153 2278 2280
f 583 2279 2278
f 582 2280 2279
f 2278 2279 2280
f 93 1362 2282
f 349 2281 1362
f 583 2282 2281
f 1362 2281 2282
f 582 2279 2277
f 583 2281 2279
f 349 2277 2281
f 2279 2281 2277
f 25 1278 2284
f 330 2283 1278
f 585 2284 2283
f 1278 2283 2284
f 87 2285 1282
f 584 2286 2285
f 330 1282 2286
f 2285 2286 1282
f 153 2287 2289
f 585 2288 2287
f 584 2289 2288
f 2287 2288 2289
f 330 2286 2283
f 584 2288 2286
f 585 2283 2288
f 2286 2288 2283
f 93 2282 2272
f 583 2290 2282
f 581 2272 2290
f 2282 2290 2272
f 153 2289 2278
f 584 2291 2289
f 583 2278 2291
f 2289 2291 2278
f 87 2275 2285
f 581 2292 2275
f 584 2285 2292
f 2275 2292 2285
f 583 2291 2290
f 584 2292 2291
f 581 2290 2292
f 2291 2292 2290
f 36 2262 2232
f 580 2293 2262
f 572 2232 2293
f 2262 2293 2232
f 152 2294 2265
f 586 2295 2294
f 580 2265 2295
f 2294 2295 2265
f 151 2236 2297
f 572 2296 2236
f 586 2297 2296
f 2236 2296 2297
f 580 2295 2293
f 586 2296 2295
f 572 2293 2296
f 2295 2296 2293
f 25 2284 2254
f 585 2298 2284
f 577 2254 2298
f 2284 2298 2254
f 153 2299 2287
f 587 2300 2299
f 585 2287 2300
f 2299 2300 2287
f 152 2258 2302
f 577 2301 2258
f 587 2302 2301
f 2258 2301 2302
f 585 2300 2298
f 587 2301 2300
f 577 2298 2301
f 2300 2301 2298
f 28 2240 2276
f 575 2303 2240
f 582 2276 2303
f 2240 2303 2276
f 151 2304 2243
f 588 2305 2304
f 575 2243 2305
f 2304 2305 2243
f 153 2280 2307
f 582 2306 2280
f 588 2307 2306
f 2280 2306 2307
f 575 2305 2303
f 588 2306 2305
f 582 2303 2306
f 2305 2306 2303
f 152 2302 2294
f 587 2308 2302
f 586 2294 2308
f 2302 2308 2294
f 153 2307 2299
f 588 2309 2307
f 587 2299 2309
f 2307 2309 2299
f 151 2297 2304
f 586 2310 2297
f 588 2304 2310
f 2297 2310 2304
f 587 2309 2308
f 588 2310 2309
f 586 2308 2310
f 2309 2310 2308
f 7 1905 1495
f 495 2311 1905
f 385 1495 2311
f 1905 2311 1495
f 135 2312 1909
f 589 2313 2312
f 495 1909 2313
f 2312 2313 1909
f 103 1500 2315
f 385 2314 1500
f 589 2315 2314
f 1500 2314 2315
f 495 2313 2311
f 589 2314 2313
f 385 2311 2314
f 2313 2314 2311
f 38 2316 1921
f 590 2317 2316
f 499 1921 2317
f 2316 2317 1921
f 154 2318 2320
f 591 2319 2318
f 590 2320 2319
f 2318 2319 2320
f 135 1926 2322
f 499 2321 1926
f 591 2322 2321
f 1926 2321 2322
f 590 2319 2317
f 591 2321 2319
f 499 2317 2321
f 2319 2321 2317
f 30 1506 2324
f 390 2323 1506
f 593 2324 2323
f 1506 2323 2324
f 103 2325 1510
f 592 2326 2325
f 390 1510 2326
f 2325 2326 1510
f 154 2327 2329
f 593 2328 2327
f 592 2329 2328
f 2327 2328 2329
f 390 2326 2323
f 592 2328 2326
f 593 2323 2328
f 2326 2328 2323
f 135 2322 2312
f 591 2330 2322
f 589 2312 2330
f 2322 2330 2312
f 154 2329 2318
f 592 2331 2329
f 591 2318 2331
f 2329 2331 2318
f 103 2315 2325
f 589 2332 2315
f 592 2325 2332
f 2315 2332 2325
f 591 2331 2330
f 592 2332 2331
f 589 2330 2332
f 2331 2332 2330
f 3 1397 1877
f 361 2333 1397
f 486 1877 2333
f 1397 2333 1877
f 98 2334 1401
f 594 2335 2334
f 361 1401 2335
f 2334 2335 1401
f 131 1881 2337
f 486 2336 1881
f 594 2337 2336
f 1881 2336 2337
f 361 2335 2333
f 594 2336 2335
f 486 2333 2336
f 2335 2336 2333
f 27 2338 1413
f 595 2339 2338
f 365 1413 2339
f 2338 2339 1413
f 155 2340 2342
f 596 2341 2340
f 595 2342 2341
f 2340 2341 2342
f 98 1418 2344
f 365 2343 1418
f 596 2344 2343
f 1418 2343 2344
f 595 2341 2339
f 596 2343 2341
f 365 2339 2343
f 2341 2343 2339
f 38 1886 2346
f 490 2345 1886
f 598 2346 2345
f 1886 2345 2346
f 131 2347 1890
f 597 2348 2347
f 490 1890 2348
f 2347 2348 1890
f 155 2349 2351
f 598 2350 2349
f 597 2351 2350
f 2349 2350 2351
f 490 2348 2345
f 597 2350 2348
f 598 2345 2350
f 2348 2350 2345
f 98 2344 2334
f 596 2352 2344
f 594 2334 2352
f 2344 2352 2334
f 155 2351 2340
f 597 2353 2351
f 596 2340 2353
f 2351 2353 2340
f 131 2337 2347
f 594 2354 2337
f 597 2347 2354
f 2337 2354 2347
f 596 2353 2352
f 597 2354 2353
f 594 2352 2354
f 2353 2354 2352
f 11 1444 1369
f 372 2355 1444
f 352 1369 2355
f 1444 2355 1369
f 100 2356 1447
f 599 2357 2356
f 372 1447 2357
f 2356 2357 1447
f 94 1373 2359
f 352 2358 1373
f 599 2359 2358
f 1373 2358 2359
f 372 2357 2355
f 599 2358 2357
f 352 2355 2358
f 2357 2358 2355
f 30 2360 1457
f 600 2361 2360
f 375 1457 2361
f 2360 2361 1457
f 156 2362 2364
f 601 2363 2362
f 600 2364 2363
f 2362 2363 2364
f 100 1462 2366
f 375 2365 1462
f 601 2366 2365
f 1462 2365 2366
f 600 2363 2361
f 601 2365 2363
f 375 2361 2365
f 2363 2365 2361
f 27 1378 2368
f 356 2367 1378
f 603 2368 2367
f 1378 2367 2368
f 94 2369 1382
f 602 2370 2369
f 356 1382 2370
f 2369 2370 1382
f 156 2371 2373
f 603 2372 2371
f 602 2373 2372
f 2371 2372 2373
f 356 2370 2367
f 602 2372 2370
f 603 2367 2372
f 2370 2372 2367
f 100 2366 2356
f 601 2374 2366
f 599 2356 2374
f 2366 2374 2356
f 156 2373 2362
f 602 2375 2373
f 601 2362 2375
f 2373 2375 2362
f 94 2359 2369
f 599 2376 2359
f 602 2369 2376
f 2359 2376 2369
f 601 2375 2374
f 602 2376 2375
f 599 2374 2376
f 2375 2376 2374
f 38 2346 2316
f 598 2377 2346
f 590 2316 2377
f 2346 2377 2316
f 155 2378 2349
f 604 2379 2378
f 598 2349 2379
f 2378 2379 2349
f 154 2320 2381
f 590 2380 2320
f 604 2381 2380
f 2320 2380 2381
f 598 2379 2377
f 604 2380 2379
f 590 2377 2380
f 2379 2380 2377
f 27 2368 2338
f 603 2382 2368
f 595 2338 2382
f 2368 2382 2338
f 156 2383 2371
f 605 2384 2383
f 603 2371 2384
f 2383 2384 2371
f 155 2342 2386
f 595 2385 2342
f 605 2386 2385
f 2342 2385 2386
f 603 2384 2382
f 605 2385 2384
f 595 2382 2385
f 2384 2385 2382
f 30 2324 2360
f 593 2387 2324
f 600 2360 2387
f 2324 2387 2360
f 154 2388 2327
f 606 2389 2388
f 593 2327 2389
f 2388 2389 2327
f 156 2364 2391
f 600 2390 2364
f 606 2391 2390
f 2364 2390 2391
f 593 2389 2387
f 606 2390 2389
f 600 2387 2390
f 2389 2390 2387
f 155 2386 2378
f 605 2392 2386
f 604 2378 2392
f 2386 2392 2378
f 156 2391 2383
f 606 2393 2391
f 605 2383 2393
f 2391 2393 2383
f 154 2381 2388
f 604 2394 2381
f 606 2388 2394
f 2381 2394 2388
f 605 2393 2392
f 606 2394 2393
f 604 2392 2394
f 2393 2394 2392
f 9 2005 1595
f 521 2395 2005
f 411 1595 2395
f 2005 2395 1595
f 142 2396 2009
f 607 2397 2396
f 521 2009 2397
f 2396 2397 2009
f 110 1600 2399
f 411 2398 1600
f 607 2399 2398
f 1600 2398 2399
f 521 2397 2395
f 607 2398 2397
f 411 2395 2398
f 2397 2398 2395
f 40 2400 2021
f 608 2401 2400
f 525 2021 2401
f 2400 2401 2021
f 157 2402 2404
f 609 2403 2402
f 608 2404 2403
f 2402 2403 2404
f 142 2026 2406
f 525 2405 2026
f 609 2406 2405
f 2026 2405 2406
f 608 2403 2401
f 609 2405 2403
f 525 2401 2405
f 2403 2405 2401
f 32 1606 2408
f 416 2407 1606
f 611 2408 2407
f 1606 2407 2408
f 110 2409 1610
f 610 2410 2409
f 416 1610 2410
f 2409 2410 1610
f 157 2411 2413
f 611 2412 2411
f 610 2413 2412
f 2411 2412 2413
f 416 2410 2407
f 610 2412 2410
f 611 2407 2412
f 2410 2412 2407
f 142 2406 2396
f 609 2414 2406
f 607 2396 2414
f 2406 2414 2396
f 157 2413 2402
f 610 2415 2413
f 609 2402 2415
f 2413 2415 2402
f 110 2399 2409
f 607 2416 2399
f 610 2409 2416
f 2399 2416 2409
f 609 2415 2414
f 610 2416 2415
f 607 2414 2416
f 2415 2416 2414
f 7 1497 1977
f 387 2417 1497
f 512 1977 2417
f 1497 2417 1977
f 105 2418 1501
f 612 2419 2418
f 387 1501 2419
f 2418 2419 1501
f 138 1981 2421
f 512 2420 1981
f 612 2421 2420
f 1981 2420 2421
f 387 2419 2417
f 612 2420 2419
f 512 2417 2420
f 2419 2420 2417
f 29 2422 1513
f 613 2423 2422
f 391 1513 2423
f 2422 2423 1513
f 158 2424 2426
f 614 2425 2424
f 613 2426 2425
f 2424 2425 2426
f 105 1518 2428
f 391 2427 1518
f 614 2428 2427
f 1518 2427 2428
f 613 2425 2423
f 614 2427 2425
f 391 2423 2427
f 2425 2427 2423
f 40 1986 2430
f 516 2429 1986
f 616 2430 2429
f 1986 2429 2430
f 138 2431 1990
f 615 2432 2431
f 516 1990 2432
f 2431 2432 1990
f 158 2433 2435
f 616 2434 2433
f 615 2435 2434
f 2433 2434 2435
f 516 2432 2429
f 615 2434 2432
f 616 2429 2434
f 2432 2434 2429
f 105 2428 2418
f 614 2436 2428
f 612 2418 2436
f 2428 2436 2418
f 158 2435 2424
f 615 2437 2435
f 614 2424 2437
f 2435 2437 2424
f 138 2421 2431
f 612 2438 2421
f 615 2431 2438
f 2421 2438 2431
f 614 2437 2436
f 615 2438 2437
f 612 2436 2438
f 2437 2438 2436
f 8 1544 1469
f 398 2439 1544
f 378 1469 2439
f 1544 2439 1469
f 107 2440 1547
f 617 2441 2440
f 398 1547 2441
f 2440 2441 1547
f 101 1473 2443
f 378 2442 1473
f 617 2443 2442
f 1473 2442 2443
f 398 2441 2439
f 617 2442 2441
f 378 2439 2442
f 2441 2442 2439
f 32 2444 1557
f 618 2445 2444
f 401 1557 2445
f 2444 2445 1557
f 159 2446 2448
f 619 2447 2446
f 618 2448 2447
f 2446 2447 2448
f 107 1562 2450
f 401 2449 1562
f 619 2450 2449
f 1562 2449 2450
f 618 2447 2445
f 619 2449 2447
f 401 2445 2449
f 2447 2449 2445
f 29 1478 2452
f 382 2451 1478
f 621 2452 2451
f 1478 2451 2452
f 101 2453 1482
f 620 2454 2453
f 382 1482 2454
f 2453 2454 1482
f 159 2455 2457
f 621 2456 2455
f 620 2457 2456
f 2455 2456 2457
f 382 2454 2451
f 620 2456 2454
f 621 2451 2456
f 2454 2456 2451
f 107 2450 2440
f 619 2458 2450
f 617 2440 2458
f 2450 2458 2440
f 159 2457 2446
f 620 2459 2457
f 619 2446 2459
f 2457 2459 2446
f 101 2443 2453
f 617 2460 2443
f 620 2453 2460
f 2443 2460 2453
f 619 2459 2458
f 620 2460 2459
f 617 2458 2460
f 2459 2460 2458
f 40 2430 2400
f 616 2461 2430
f 608 2400 2461
f 2430 2461 2400
f 158 2462 2433
f 622 2463 2462
f 616 2433 2463
f 2462 2463 2433
f 157 2404 2465
f 608 2464 2404
f 622 2465 2464
f 2404 2464 2465
f 616 2463 2461
f 622 2464 2463
f 608 2461 2464
f 2463 2464 2461
f 29 2452 2422
f 621 2466 2452
f 613 2422 2466
f 2452 2466 2422
f 159 2467 2455
f 623 2468 2467
f 621 2455 2468
f 2467 2468 2455
f 158 2426 2470
f 613 2469 2426
f 623 2470 2469
f 2426 2469 2470
f 621 2468 2466
f 623 2469 2468
f 613 2466 2469
f 2468 2469 2466
f 32 2408 2444
f 611 2471 2408
f 618 2444 2471
f 2408 2471 2444
f 157 2472 2411
f 624 2473 2472
f 611 2411 2473
f 2472 2473 2411
f 159 2448 2475
f 618 2474 2448
f 624 2475 2474
f 2448 2474 2475
f 611 2473 2471
f 624 2474 2473
f 618 2471 2474
f 2473 2474 2471
f 158 2470 2462
f 623 2476 2470
f 622 2462 2476
f 2470 2476 2462
f 159 2475 2467
f 624 2477 2475
f 623 2467 2477
f 2475 2477 2467
f 157 2465 2472
f 622 2478 2465
f 624 2472 2478
f 2465 2478 2472
f 623 2477 2476
f 624 2478 2477
f 622 2476 2478
f 2477 2478 2476
f 10 2100 1195
f 544 2479 2100
f 307 1195 2479
f 2100 2479 1195
f 147 2480 2103
f 625 2481 2480
f 544 2103 2481
f 2480 2481 2103
f 82 1200 2483
f 307 2482 1200
f 625 2483 2482
f 1200 2482 2483
f 544 2481 2479
f 625 2482 2481
f 307 2479 2482
f 2481 2482 2479
f 42 2484 2113
f 626 2485 2484
f 547 2113 2485
f 2484 2485 2113
f 160 2486 2488
f 627 2487 2486
f 626 2488 2487
f 2486 2487 2488
f 147 2118 2490
f 547 2489 2118
f 627 2490 2489
f 2118 2489 2490
f 626 2487 2485
f 627 2489 2487
f 547 2485 2489
f 2487 2489 2485
f 24 1206 2492
f 312 2491 1206
f 629 2492 2491
f 1206 2491 2492
f 82 2493 1210
f 628 2494 2493
f 312 1210 2494
f 2493 2494 1210
f 160 2495 2497
f 629 2496 2495
f 628 2497 2496
f 2495 2496 2497
f 312 2494 2491
f 628 2496 2494
f 629 2491 2496
f 2494 2496 2491
f 147 2490 2480
f 627 2498 2490
f 625 2480 2498
f 2490 2498 2480
f 160 2497 2486
f 628 2499 2497
f 627 2486 2499
f 2497 2499 2486
f 82 2483 2493
f 625 2500 2483
f 628 2493 2500
f 2483 2500 2493
f 627 2499 2498
f 628 2500 2499
f 625 2498 2500
f 2499 2500 2498
f 9 1597 2073
f 413 2501 1597
f 536 2073 2501
f 1597 2501 2073
f 112 2502 1601
f 630 2503 2502
f 413 1601 2503
f 2502 2503 1601
f 144 2077 2505
f 536 2504 2077
f 630 2505 2504
f 2077 2504 2505
f 413 2503 2501
f 630 2504 2503
f 536 2501 2504
f 2503 2504 2501
f 31 2506 1613
f 631 2507 2506
f 417 1613 2507
f 2506 2507 1613
f 161 2508 2510
f 632 2509 2508
f 631 2510 2509
f 2508 2509 2510
f 112 1618 2512
f 417 2511 1618
f 632 2512 2511
f 1618 2511 2512
f 631 2509 2507
f 632 2511 2509
f 417 2507 2511
f 2509 2511 2507
f 42 2082 2514
f 540 2513 2082
f 634 2514 2513
f 2082 2513 2514
f 144 2515 2086
f 633 2516 2515
f 540 2086 2516
f 2515 2516 2086
f 161 2517 2519
f 634 2518 2517
f 633 2519 2518
f 2517 2518 2519
f 540 2516 2513
f 633 2518 2516
f 634 2513 2518
f 2516 2518 2513
f 112 2512 2502
f 632 2520 2512
f 630 2502 2520
f 2512 2520 2502
f 161 2519 2508
f 633 2521 2519
f 632 2508 2521
f 2519 2521 2508
f 144 2505 2515
f 630 2522 2505
f 633 2515 2522
f 2505 2522 2515
f 632 2521 2520
f 633 2522 2521
f 630 2520 2522
f 2521 2522 2520
f 2 1144 1569
f 294 2523 1144
f 404 1569 2523
f 1144 2523 1569
f 79 2524 1147
f 635 2525 2524
f 294 1147 2525
f 2524 2525 1147
f 108 1573 2527
f 404 2526 1573
f 635 2527 2526
f 1573 2526 2527
f 294 2525 2523
f 635 2526 2525
f 404 2523 2526
f 2525 2526 2523
f 24 2528 1157
f 636 2529 2528
f 297 1157 2529
f 2528 2529 1157
f 162 2530 2532
f 637 2531 2530
f 636 2532 2531
f 2530 2531 2532
f 79 1162 2534
f 297 2533 1162
f 637 2534 2533
f 1162 2533 2534
f 636 2531 2529
f 637 2533 2531
f 297 2529 2533
f 2531 2533 2529
f 31 1578 2536
f 408 2535 1578
f 639 2536 2535
f 1578 2535 2536
f 108 2537 1582
f 638 2538 2537
f 408 1582 2538
f 2537 2538 1582
f 162 2539 2541
f 639 2540 2539
f 638 2541 2540
f 2539 2540 2541
f 408 2538 2535
f 638 2540 2538
f 639 2535 2540
f 2538 2540 2535
f 79 2534 2524
f 637 2542 2534
f 635 2524 2542
f 2534 2542 2524
f 162 2541 2530
f 638 2543 2541
f 637 2530 2543
f 2541 2543 2530
f 108 2527 2537
f 635 2544 2527
f 638 2537 2544
f 2527 2544 2537
f 637 2543 2542
f 638 2544 2543
f 635 2542 2544
f 2543 2544 2542
f 42 2514 2484
f 634 2545 2514
f 626 2484 2545
f 2514 2545 2484
f 161 2546 2517
f 640 2547 2546
f 634 2517 2547
f 2546 2547 2517
f 160 2488 2549
f 626 2548 2488
f 640 2549 2548
f 2488 2548 2549
f 634 2547 2545
f 640 2548 2547
f 626 2545 2548
f 2547 2548 2545
f 31 2536 2506
f 639 2550 2536
f 631 2506 2550
f 2536 2550 2506
f 162 2551 2539
f 641 2552 2551
f 639 2539 2552
f 2551 2552 2539
f 161 2510 2554
f 631 2553 2510
f 641 2554 2553
f 2510 2553 2554
f 639 2552 2550
f 641 2553 2552
f 631 2550 2553
f 2552 2553 2550
f 24 2492 2528
f 629 2555 2492
f 636 2528 2555
f 2492 2555 2528
f 160 2556 2495
f 642 2557 2556
f 629 2495 2557
f 2556 2557 2495
f 162 2532 2559
f 636 2558 2532
f 642 2559 2558
f 2532 2558 2559
f 629 2557 2555
f 642 2558 2557
f 636 2555 2558
f 2557 2558 2555
f 161 2554 2546
f 641 2560 2554
f 640 2546 2560
f 2554 2560 2546
f 162 2559 2551
f 642 2561 2559
f 641 2551 2561
f 2559 2561 2551
f 160 2549 2556
f 640 2562 2549
f 642 2556 2562
f 2549 2562 2556
f 641 2561 2560
f 642 2562 2561
f 640 2560 2562
f 2561 2562 2560
