# regolith_gen synthetic particle
# verts: 2562  tris: 5120
v -0.815718 0.596066 0.000000
v 0.841663 0.615024 0.000000
v -0.806509 -0.589337 0.000000
v 0.803427 -0.587084 0.000000
v 0.000000 -0.363247 0.713691
v 0.000000 0.354984 0.697456
v 0.000000 -0.372404 -0.731682
v 0.000000 0.373743 -0.734313
v 1.344266 0.000000 -0.455601
v 1.251290 0.000000 0.424089
v -1.344484 0.000000 -0.455675
v -1.334960 0.000000 0.452447
v -1.251377 0.349275 0.262120
v -0.767387 0.214187 0.680909
v -0.462384 0.546694 0.410278
v 0.466012 0.550984 0.413497
v 0.000000 0.690885 0.000000
v 0.471386 0.557338 -0.418265
v -0.470961 0.556835 -0.417888
v -0.811024 0.226367 -0.719629
v -1.261631 0.352136 -0.264268
v -1.513258 0.000000 0.000000
v 0.772641 0.215653 0.685571
v 1.223204 0.341411 0.256219
v -0.761652 -0.212586 0.675821
v 0.000000 0.000000 0.835222
v -1.210798 -0.337949 -0.253620
v -1.258212 -0.351182 0.263552
v 0.000000 0.000000 -0.887445
v -0.788703 -0.220136 -0.699823
v 1.254017 0.350011 -0.262673
v 0.769404 0.214750 -0.682699
v 1.184290 -0.330550 0.248068
v 0.798789 -0.222952 0.708772
v 0.456013 -0.539161 0.404624
v -0.479315 -0.566713 0.425301
v 0.000000 -0.695674 0.000000
v -0.475140 -0.561776 -0.421596
v 0.491353 -0.580945 -0.435982
v 0.776974 -0.216863 -0.689416
v 1.265387 -0.353185 -0.265055
v 1.551927 0.000000 0.000000
v -1.087143 0.496817 0.138025
v -0.905822 0.478961 0.359445
v -0.677494 0.608327 0.222539
v -1.098591 0.113512 0.595360
v -1.081973 0.301992 0.506773
v -1.329595 0.180898 0.366725
v -0.243846 0.475663 0.584473
v -0.644511 0.402248 0.571880
v -0.388940 0.293248 0.707981
v -0.250312 0.661773 0.222104
v -0.427596 0.679769 0.000000
v 0.237398 0.463085 0.569017
v 0.000000 0.576601 0.432722
v 0.445454 0.708158 0.000000
v 0.250525 0.662336 0.222293
v 0.689044 0.618698 0.226333
v -0.253659 0.670620 -0.225074
v -0.680593 0.611110 -0.223558
v 0.686130 0.616082 -0.225376
v 0.262097 0.692930 -0.232561
v -0.250772 0.489173 -0.601073
v 0.000000 0.584617 -0.438738
v 0.239391 0.466973 -0.573794
v -0.941081 0.497604 -0.373437
v -1.119739 0.511714 -0.142163
v -0.405016 0.305368 -0.737242
v -0.668522 0.417234 -0.593186
v -1.328626 0.180766 -0.366458
v -1.089350 0.304051 -0.510228
v -1.153756 0.119212 -0.625256
v -1.361155 0.379915 0.000000
v -1.530780 0.000000 -0.238473
v -1.485605 0.185437 -0.139165
v -1.441878 0.179979 0.135069
v -1.424451 0.000000 0.221908
v 0.891429 0.471350 0.353734
v 1.057230 0.483148 0.134227
v 0.386780 0.291619 0.704049
v 0.630460 0.393479 0.559413
v 1.319295 0.179497 0.363884
v 1.040454 0.290403 0.487326
v 1.092753 0.112909 0.592196
v -0.406072 0.113340 0.805681
v 0.000000 0.191533 0.818702
v -1.123044 -0.116039 0.608611
v -0.837827 0.000000 0.743411
v 0.000000 -0.189167 0.808590
v -0.398947 -0.111351 0.791544
v -0.380256 -0.286700 0.692174
v -1.509683 -0.188443 0.141421
v -1.383021 -0.188167 0.381461
v -1.308434 -0.178019 -0.360889
v -1.432563 -0.178816 -0.134196
v -1.081770 -0.494362 0.137343
v -1.304701 -0.364158 0.000000
v -1.004873 -0.459221 -0.127580
v -0.835822 0.000000 -0.741633
v -1.085312 -0.112140 -0.588164
v 0.000000 0.193849 -0.828601
v -0.415311 0.115918 -0.824011
v -0.402054 -0.303135 -0.731851
v -0.399163 -0.111411 -0.791973
v 0.000000 -0.187331 -0.800739
v 0.651761 0.406773 -0.578314
v 0.410861 0.309775 -0.747882
v 1.054613 0.481952 -0.133895
v 0.914201 0.483391 -0.362770
v 1.051500 0.108646 -0.569840
v 1.072463 0.299337 -0.502319
v 1.342386 0.182639 -0.370253
v 1.062588 -0.485596 0.134907
v 0.901401 -0.476623 0.357691
v 0.683483 -0.613706 0.224507
v 1.102078 -0.113872 0.597250
v 1.044071 -0.291413 0.489021
v 1.258376 -0.171209 0.347082
v 0.239809 -0.467788 0.574796
v 0.662703 -0.413602 0.588022
v 0.409932 -0.309075 0.746192
v 0.250109 -0.661235 0.221924
v 0.439246 -0.698288 0.000000
v -0.239317 -0.466828 0.573617
v 0.000000 -0.581522 0.436414
v -0.427152 -0.679063 0.000000
v -0.252358 -0.667182 0.223920
v -0.673082 -0.604366 0.221090
v 0.243373 -0.643427 -0.215947
v 0.690504 -0.620010 -0.226813
v -0.632405 -0.567842 -0.207729
v -0.250076 -0.661147 -0.221894
v 0.262266 -0.511594 -0.628623
v 0.000000 -0.587182 -0.440663
v -0.256449 -0.500248 -0.614681
v 0.916339 -0.484521 -0.363618
v 1.057002 -0.483043 -0.134198
v 0.402682 -0.303608 -0.732994
v 0.665964 -0.415637 -0.590916
v 1.329244 -0.180851 -0.366628
v 1.025959 -0.286357 -0.480537
v 1.113609 -0.115064 -0.603498
v 1.265047 -0.353090 0.000000
v 1.548810 0.000000 -0.241282
v 1.495021 -0.186613 -0.140047
v 1.360434 -0.169813 0.127440
v 1.434825 0.000000 0.223525
v 0.419759 -0.117160 0.832837
v 0.845623 0.000000 0.750329
v 0.397017 0.110812 0.787715
v -0.926351 -0.489815 0.367591
v -0.664039 -0.414436 0.589208
v -1.092222 -0.304852 0.511573
v -0.669833 -0.418052 -0.594349
v -0.876200 -0.463297 -0.347691
v -1.026330 -0.286461 -0.480711
v 0.801727 0.000000 -0.711380
v 0.405742 -0.113247 -0.805025
v 0.412186 0.115046 -0.817811
v 1.521598 0.189930 0.142537
v 1.541982 0.192474 -0.144446
v 1.297800 0.362232 0.000000
v -0.948833 0.545578 0.068532
v -0.878451 0.550475 0.179640
v -0.764391 0.616341 0.113526
v -1.114097 0.427997 0.321199
v -1.015778 0.497638 0.254685
v -1.210310 0.437204 0.207419
v -0.583806 0.593274 0.327472
v -0.787039 0.539539 0.289467
v -0.691419 0.521307 0.391225
v -1.236292 0.057757 0.532485
v -1.226913 0.148910 0.484895
v -1.332342 0.091272 0.409227
v -0.910795 0.254214 0.587160
v -1.093180 0.208079 0.552625
v -0.948634 0.167382 0.650377
v -1.313886 0.269725 0.320202
v -1.230093 0.245448 0.444391
v -1.172076 0.327141 0.384997
v -0.121566 0.416830 0.644437
v -0.328360 0.397665 0.670027
v -0.198005 0.330179 0.715828
v -0.552417 0.474537 0.490165
v -0.438732 0.433359 0.570843
v -0.352700 0.509692 0.495051
v -0.586435 0.258922 0.707473
v -0.521479 0.351146 0.647244
v -0.718114 0.314313 0.637189
v -0.998987 0.393713 0.434972
v -0.865549 0.355646 0.543907
v -0.786003 0.447071 0.473752
v -0.570690 0.664999 0.115018
v -0.633409 0.648940 0.000000
v -0.368630 0.621480 0.327089
v -0.477661 0.656081 0.229619
v -0.209102 0.677990 0.000000
v -0.336086 0.666373 0.111188
v -0.124731 0.676496 0.110675
v 0.116198 0.398426 0.615984
v 0.000000 0.467149 0.574010
v 0.238538 0.578578 0.434205
v 0.122521 0.532037 0.513587
v 0.349661 0.505300 0.490785
v -0.123147 0.534755 0.516211
v -0.235189 0.570455 0.428110
v 0.663464 0.679732 0.000000
v 0.576252 0.671480 0.116139
v 0.779139 0.628233 0.115717
v 0.125993 0.683342 0.111795
v 0.344061 0.682184 0.113826
v 0.215220 0.697827 0.000000
v 0.579787 0.589190 0.325217
v 0.465565 0.639466 0.223804
v 0.361852 0.610053 0.321075
v -0.125524 0.628684 0.334136
v 0.128148 0.641822 0.341119
v 0.000000 0.676383 0.227008
v -0.559839 0.652355 -0.112831
v -0.747371 0.602618 -0.110999
v -0.128165 0.695120 -0.113722
v -0.339937 0.674008 -0.112462
v -0.579725 0.589128 -0.325183
v -0.456575 0.627119 -0.219482
v -0.361833 0.610021 -0.321057
v 0.770919 0.621605 -0.114496
v 0.583160 0.679530 -0.117531
v 0.377952 0.637196 -0.335360
v 0.485319 0.666599 -0.233300
v 0.588697 0.598245 -0.330215
v 0.358009 0.709839 -0.118441
v 0.130350 0.706970 -0.115661
v -0.127916 0.438605 -0.678102
v 0.000000 0.493097 -0.605895
v 0.124889 0.428223 -0.662052
v -0.238808 0.579234 -0.434698
v -0.124336 0.539917 -0.521193
v -0.363560 0.525386 -0.510294
v 0.362646 0.524066 -0.509011
v 0.123958 0.538274 -0.519607
v 0.238183 0.577718 -0.433560
v 0.000000 0.669843 -0.224813
v 0.126859 0.635370 -0.337690
v -0.125584 0.628985 -0.334296
v -0.919772 0.576368 -0.188090
v -0.957226 0.550404 -0.069139
v -0.703574 0.530471 -0.398103
v -0.834410 0.572013 -0.306890
v -1.213117 0.438218 -0.207900
v -1.054826 0.516767 -0.264476
v -1.123673 0.431676 -0.323960
v -0.205462 0.342613 -0.742787
v -0.335552 0.406376 -0.684703
v -0.767617 0.335980 -0.681114
v -0.548519 0.369353 -0.680806
v -0.610210 0.269418 -0.736155
v -0.458637 0.453021 -0.596743
v -0.576973 0.495631 -0.511953
v -1.368237 0.093731 -0.420251
v -1.264833 0.153513 -0.499881
v -1.270874 0.059373 -0.547380
v -1.170958 0.326829 -0.384630
v -1.216987 0.242833 -0.439656
v -1.312302 0.269400 -0.319816
v -0.997306 0.175970 -0.683746
v -1.146634 0.218253 -0.579648
v -0.988130 0.275799 -0.637016
v -0.810435 0.460968 -0.488478
v -0.925213 0.380162 -0.581400
v -1.032887 0.407074 -0.449733
v -1.114857 0.509483 0.000000
v -1.327339 0.370477 -0.135528
v -1.232363 0.442442 -0.070285
v -1.231666 0.442192 0.070245
v -1.306329 0.364612 0.133383
v -1.462299 0.000000 -0.353484
v -1.446671 0.093059 -0.307470
v -1.466663 0.089240 -0.066972
v -1.492452 0.092616 -0.186418
v -1.519093 0.000000 -0.116031
v -1.427174 0.185768 -0.257331
v -1.390056 0.272092 -0.204197
v -1.381779 0.088885 0.293678
v -1.406520 0.000000 0.340000
v -1.368503 0.267873 0.201031
v -1.402771 0.182592 0.252931
v -1.468113 0.000000 0.112137
v -1.437907 0.089231 0.179605
v -1.476617 0.089846 0.067427
v -1.459903 0.288577 -0.072189
v -1.490865 0.186094 0.000000
v -1.458955 0.288389 0.072142
v 0.895703 0.561286 0.183168
v 0.957847 0.550761 0.069183
v 0.691324 0.521235 0.391171
v 0.797388 0.546633 0.293273
v 1.123575 0.405872 0.192554
v 0.965735 0.473121 0.242138
v 1.056935 0.406037 0.304719
v 0.193616 0.322860 0.699963
v 0.305452 0.369923 0.623283
v 0.719197 0.314787 0.638150
v 0.511982 0.344750 0.635457
v 0.567063 0.250368 0.684103
v 0.431017 0.425738 0.560805
v 0.542734 0.466219 0.481573
v 1.297995 0.088919 0.398677
v 1.209394 0.146784 0.477971
v 1.195254 0.055840 0.514810
v 1.128902 0.315090 0.370816
v 1.169885 0.233435 0.422640
v 1.285375 0.263872 0.313254
v 0.954276 0.168377 0.654245
v 1.068830 0.203444 0.540316
v 0.929174 0.259344 0.599009
v 0.770082 0.438015 0.464156
v 0.871445 0.358069 0.547612
v 0.989296 0.389894 0.430753
v -0.199865 0.245598 0.769485
v 0.000000 0.276661 0.762118
v -0.595665 0.166257 0.753655
v -0.398873 0.205495 0.758916
v 0.000000 0.094449 0.823409
v -0.203189 0.152106 0.810902
v -0.203330 0.056752 0.827608
v -1.275854 -0.059605 0.549525
v -1.180068 0.000000 0.639515
v -0.805791 -0.109632 0.714986
v -1.019802 -0.060251 0.703480
v -0.933766 -0.164758 0.640183
v -1.015603 0.060003 0.700584
v -0.814189 0.110775 0.722437
v 0.000000 -0.277468 0.764342
v -0.197277 -0.242418 0.759522
v -0.194397 -0.324162 0.702785
v -0.203762 -0.056873 0.829369
v -0.196771 -0.147302 0.785288
v 0.000000 -0.095736 0.834636
v -0.585677 -0.258587 0.706559
v -0.390335 -0.201096 0.742670
v -0.584858 -0.163241 0.739981
v -0.632278 0.058825 0.792181
v -0.631348 -0.058739 0.791016
v -0.420206 0.000000 0.833724
v -1.452810 -0.093454 0.308775
v -1.372529 -0.094025 0.421570
v -1.524439 -0.092756 0.069610
v -1.511468 -0.093796 0.188793
v -1.360138 -0.279220 0.331474
v -1.461781 -0.190273 0.263571
v -1.433026 -0.280503 0.210509
v -1.299816 -0.089044 -0.399236
v -1.431729 -0.092098 -0.304294
v -1.345172 -0.263306 -0.197604
v -1.382596 -0.179966 -0.249294
v -1.265760 -0.259845 -0.308473
v -1.472621 -0.091385 -0.183941
v -1.491726 -0.090765 -0.068117
v -0.932162 -0.535992 0.067328
v -1.050506 -0.480075 0.000000
v -0.895845 -0.515110 -0.064705
v -1.310052 -0.365651 0.133763
v -1.204987 -0.432613 0.068724
v -1.188090 -0.429177 0.203611
v -1.102282 -0.398181 -0.188905
v -1.150867 -0.413183 -0.065637
v -1.274583 -0.355752 -0.130142
v -1.509353 -0.188402 0.000000
v -1.380730 -0.272927 -0.068274
v -1.439499 -0.284543 0.071180
v -1.151000 0.000000 -0.623762
v -1.212681 -0.056654 -0.522316
v -0.860031 0.117012 -0.763113
v -1.016831 0.060076 -0.701431
v -0.957423 -0.168932 -0.656402
v -0.994707 -0.058769 -0.686170
v -0.811908 -0.110464 -0.720413
v 0.000000 0.285588 -0.786710
v -0.209021 0.256849 -0.804735
v -0.212717 0.059372 -0.865817
v -0.210688 0.157720 -0.840827
v 0.000000 0.100707 -0.877967
v -0.413984 0.213280 -0.787667
v -0.627295 0.175086 -0.793674
v -0.199345 -0.332414 -0.720674
v -0.199553 -0.245214 -0.768283
v 0.000000 -0.276486 -0.761637
v -0.579906 -0.161859 -0.733716
v -0.402834 -0.207535 -0.766451
v -0.591307 -0.261073 -0.713351
v 0.000000 -0.096822 -0.844101
v -0.200559 -0.150137 -0.800403
v -0.210582 -0.058776 -0.857125
v -0.645394 0.060046 -0.808614
v -0.423145 0.000000 -0.839554
v -0.622666 -0.057931 -0.780139
v 0.325940 0.394734 -0.665088
v 0.204518 0.341039 -0.739375
v 0.554451 0.476284 -0.491970
v 0.447324 0.441846 -0.582022
v 0.593597 0.262084 -0.716113
v 0.532868 0.358814 -0.661380
v 0.719465 0.314904 -0.638387
v 0.959791 0.551879 -0.069324
v 0.889042 0.557112 -0.181806
v 1.110664 0.426678 -0.320209
v 1.011936 0.495756 -0.253722
v 1.180297 0.426362 -0.202275
v 0.808333 0.554137 -0.297299
v 0.693030 0.522521 -0.392136
v 1.196461 0.055896 -0.515329
v 1.215025 0.147468 -0.480196
v 1.344869 0.092130 -0.413074
v 0.943270 0.263278 -0.608096
v 1.069062 0.203488 -0.540433
v 0.936681 0.165273 -0.642182
v 1.342267 0.275551 -0.327119
v 1.218354 0.243106 -0.440150
v 1.194326 0.333351 -0.392306
v 0.785530 0.446801 -0.473467
v 1.006040 0.396493 -0.438043
v 0.862438 0.354368 -0.541952
v 0.965978 -0.555436 0.069771
v 0.904745 -0.566952 0.185017
v 0.747189 -0.602471 0.110972
v 1.074184 -0.412664 0.309692
v 1.010137 -0.494874 0.253271
v 1.136893 -0.410683 0.194837
v 0.573222 -0.582519 0.321535
v 0.803490 -0.550816 0.295518
v 0.694092 -0.523322 0.392737
v 1.178034 -0.055035 0.507393
v 1.212503 -0.147162 0.479200
v 1.285538 -0.088065 0.394851
v 0.946743 -0.264247 0.610334
v 1.088501 -0.207188 0.550260
v 0.958619 -0.169144 0.657223
v 1.224415 -0.251358 0.298397
v 1.179206 -0.235295 0.426007
v 1.117894 -0.312018 0.367200
v 0.122147 -0.418822 0.647518
v 0.319259 -0.386643 0.651456
v 0.199458 -0.332601 0.721080
v 0.563192 -0.483793 0.499726
v 0.449386 -0.443883 0.584706
v 0.357831 -0.517107 0.502252
v 0.616963 -0.272400 0.744301
v 0.548652 -0.369443 0.680970
v 0.760364 -0.332805 0.674678
v 0.992428 -0.391129 0.432116
v 0.879197 -0.361254 0.552483
v 0.783661 -0.445738 0.472340
v 0.559671 -0.652160 0.112797
v 0.635320 -0.650898 0.000000
v 0.351997 -0.593438 0.312330
v 0.456572 -0.627115 0.219481
v 0.214038 -0.693995 0.000000
v 0.341067 -0.676248 0.112836
v 0.126763 -0.687516 0.112478
v -0.120707 -0.413884 0.639883
v 0.000000 -0.471845 0.579781
v -0.238493 -0.578469 0.434124
v -0.121130 -0.525995 0.507754
v -0.361089 -0.521815 0.506826
v 0.121860 -0.529166 0.510815
v 0.234526 -0.568848 0.426904
v -0.636743 -0.652356 0.000000
v -0.558459 -0.650747 0.112553
v -0.759555 -0.612442 0.112808
v -0.125089 -0.678437 0.110993
v -0.341229 -0.676569 0.112889
v -0.211558 -0.685954 0.000000
v -0.584429 -0.593908 0.327821
v -0.475300 -0.652839 0.228484
v -0.370753 -0.625059 0.328972
v 0.122218 -0.612123 0.325335
v -0.124492 -0.623515 0.331389
v 0.000000 -0.658822 0.221114
v 0.555612 -0.647430 -0.111979
v 0.752494 -0.606748 -0.111759
v 0.127806 -0.693170 -0.113403
v 0.338874 -0.671900 -0.112110
v 0.590576 -0.600154 -0.331269
v 0.459153 -0.630659 -0.220721
v 0.365323 -0.615905 -0.324154
v -0.723742 -0.583565 -0.107489
v -0.538713 -0.627738 -0.108573
v -0.366856 -0.618490 -0.325515
v -0.451029 -0.619501 -0.216816
v -0.571318 -0.580585 -0.320467
v -0.336536 -0.667265 -0.111337
v -0.127467 -0.691332 -0.113102
v 0.131908 -0.452292 -0.699264
v 0.000000 -0.510583 -0.627380
v -0.127498 -0.437170 -0.675884
v 0.239318 -0.580471 -0.435626
v 0.127727 -0.554641 -0.535407
v 0.375937 -0.543272 -0.527666
v -0.370000 -0.534693 -0.519334
v -0.126404 -0.548897 -0.529863
v -0.238871 -0.579386 -0.434812
v 0.000000 -0.687318 -0.230678
v -0.127200 -0.637077 -0.338597
v 0.125407 -0.628097 -0.333825
v 0.909680 -0.570044 -0.186026
v 0.948861 -0.545594 -0.068534
v 0.724865 -0.546524 -0.410149
v 0.830515 -0.569343 -0.305458
v 1.153265 -0.416597 -0.197642
v 1.011398 -0.495492 -0.253587
v 1.076164 -0.413425 -0.310263
v 0.207811 -0.346531 -0.751280
v 0.346753 -0.419941 -0.707559
v 0.719571 -0.314950 -0.638482
v 0.538997 -0.362941 -0.668987
v 0.600795 -0.265261 -0.724796
v 0.477138 -0.471295 -0.620814
v 0.602717 -0.517745 -0.534796
v 1.382159 -0.094685 -0.424528
v 1.259165 -0.152825 -0.497641
v 1.256487 -0.058701 -0.541183
v 1.142339 -0.318841 -0.375229
v 1.174816 -0.234419 -0.424421
v 1.295870 -0.266027 -0.315811
v 0.940889 -0.166015 -0.645067
v 1.076122 -0.204832 -0.544002
v 0.912316 -0.254638 -0.588141
v 0.821218 -0.467101 -0.494977
v 0.855735 -0.351614 -0.537740
v 0.975503 -0.384458 -0.424747
v 1.083277 -0.495050 0.000000
v 1.310885 -0.365884 -0.133848
v 1.171169 -0.420472 -0.066795
v 1.178917 -0.423254 0.067237
v 1.237642 -0.345441 0.126370
v 1.481848 0.000000 -0.358209
v 1.479445 -0.095167 -0.314435
v 1.559461 -0.094887 -0.071210
v 1.550573 -0.096223 -0.193678
v 1.583784 0.000000 -0.120972
v 1.431260 -0.186300 -0.258068
v 1.398802 -0.273804 -0.205482
v 1.335997 -0.085940 0.283948
v 1.352684 0.000000 0.326986
v 1.308350 -0.256099 0.192194
v 1.312419 -0.170831 0.236640
v 1.497467 0.000000 0.114379
v 1.392296 -0.086401 0.173908
v 1.491441 -0.090748 0.068104
v 1.417967 -0.280287 -0.070116
v 1.475846 -0.184219 0.000000
v 1.338061 -0.264492 0.066165
v 0.204272 -0.251014 0.786454
v 0.617049 -0.172226 0.780710
v 0.422849 -0.217847 0.804533
v 0.207509 -0.155340 0.828140
v 0.208311 -0.058142 0.847880
v 1.115883 0.000000 0.604731
v 0.811373 0.110392 0.719939
v 0.980028 0.057902 0.676043
v 0.987844 -0.058363 0.681435
v 0.825412 -0.112302 0.732395
v 0.195150 0.239804 0.751333
v 0.205275 0.057295 0.835525
v 0.199064 0.149018 0.794437
v 0.385051 0.198374 0.732617
v 0.582424 0.162562 0.736901
v 0.627132 -0.058347 0.785733
v 0.631795 0.058781 0.791577
v 0.415963 0.000000 0.825305
v -0.877120 -0.549640 0.179368
v -0.713688 -0.538097 0.403825
v -0.800436 -0.548723 0.294395
v -1.004045 -0.491889 0.251743
v -1.138595 -0.437408 0.328262
v -0.312714 -0.378717 0.638101
v -0.722901 -0.316408 0.641436
v -0.526392 -0.354454 0.653343
v -0.451712 -0.446180 0.587731
v -0.566236 -0.486407 0.502426
v -1.289059 -0.156453 0.509456
v -1.204906 -0.336304 0.395781
v -1.248947 -0.249210 0.451202
v -1.102606 -0.209873 0.557390
v -0.929181 -0.259346 0.599013
v -0.804422 -0.457548 0.484854
v -0.883632 -0.363077 0.555271
v -1.034194 -0.407589 0.450302
v -0.334304 -0.404864 -0.682156
v -0.568645 -0.488477 -0.504564
v -0.471311 -0.465539 -0.613233
v -0.548582 -0.369396 -0.680884
v -0.734045 -0.321285 -0.651325
v -0.828836 -0.519384 -0.169494
v -1.024520 -0.393585 -0.295373
v -0.939077 -0.460061 -0.235454
v -0.771504 -0.528889 -0.283754
v -0.690390 -0.520530 -0.390642
v -1.195265 -0.145069 -0.472387
v -0.938751 -0.262017 -0.605183
v -1.077243 -0.205045 -0.544569
v -1.179025 -0.235258 -0.425942
v -1.122965 -0.313433 -0.368866
v -0.777030 -0.441967 -0.468344
v -0.977668 -0.385311 -0.425689
v -0.886136 -0.364105 -0.556844
v 1.108173 0.000000 -0.600552
v 0.816812 -0.111131 -0.724764
v 0.957477 -0.056569 -0.660487
v 0.940853 0.055587 -0.649020
v 0.784274 0.106704 -0.695893
v 0.202477 -0.248808 -0.779543
v 0.207339 -0.057871 -0.843927
v 0.203878 -0.152622 -0.813650
v 0.405315 -0.208813 -0.771171
v 0.591419 -0.165072 -0.748282
v 0.207631 0.255141 -0.799383
v 0.584813 0.163228 -0.739923
v 0.422706 0.217773 -0.804261
v 0.209604 0.156908 -0.836502
v 0.213494 0.059589 -0.868980
v 0.620289 -0.057710 -0.777161
v 0.426625 0.000000 -0.846459
v 0.609093 0.056668 -0.763133
v 1.413589 0.090931 0.300439
v 1.531438 0.093181 0.069930
v 1.477609 0.091695 0.184564
v 1.431297 0.186305 0.258075
v 1.407561 0.275518 0.206768
v 1.465069 0.094243 -0.311380
v 1.411166 0.276224 -0.207298
v 1.432667 0.186483 -0.258322
v 1.537793 0.095430 -0.192081
v 1.603648 0.097575 -0.073227
v 1.077509 0.492415 0.000000
v 1.264043 0.352810 0.129066
v 1.192652 0.428185 0.068020
v 1.179429 0.423437 -0.067266
v 1.301313 0.363212 -0.132871
v 1.549213 0.193377 0.000000
v 1.457109 0.288024 -0.072051
v 1.420419 0.280772 0.070237
v -0.884358 0.571939 0.034454
v -0.858067 0.580795 0.090804
v -0.789678 0.605664 0.056244
v -0.984003 0.525066 0.159383
v -0.920929 0.552424 0.125144
v -1.026492 0.526052 0.103909
v -0.725397 0.616291 0.169412
v -0.823857 0.584190 0.147313
v -0.777934 0.578581 0.200718
v -1.173794 0.385131 0.289029
v -1.163646 0.433220 0.265060
v -1.232762 0.393070 0.235498
v -0.952563 0.484278 0.305055
v -1.068393 0.464437 0.288834
v -1.014213 0.456192 0.342358
v -1.155518 0.470266 0.173513
v -1.122690 0.472069 0.233423
v -1.048893 0.496002 0.195834
v -0.525750 0.573731 0.372424
v -0.642863 0.560966 0.362325
v -0.584393 0.541999 0.406754
v -0.739398 0.578600 0.258668
v -0.691387 0.570186 0.310482
v -0.628770 0.599067 0.274297
v -0.793864 0.497673 0.373489
v -0.739896 0.530917 0.340699
v -0.844770 0.508598 0.323755
v -0.931583 0.516099 0.213386
v -0.892031 0.514419 0.269979
v -0.829989 0.543306 0.234061
v -1.294866 0.029011 0.495857
v -1.281439 0.074512 0.468867
v -1.329557 0.045920 0.429318
v -1.159794 0.130934 0.538291
v -1.230363 0.103661 0.507973
v -1.180697 0.086738 0.570583
v -1.326854 0.135652 0.386782
v -1.291682 0.121140 0.451135
v -1.286560 0.165996 0.428413
v -0.849100 0.236994 0.640908
v -0.925735 0.210653 0.615818
v -0.857734 0.191124 0.666216
v -1.100644 0.257855 0.536166
v -1.005673 0.232608 0.572947
v -1.004443 0.280352 0.553045
v -1.027726 0.141030 0.625408
v -1.016297 0.186898 0.598588
v -1.084739 0.159285 0.568102
v -1.283071 0.309760 0.291189
v -1.242714 0.298523 0.352701
v -1.206997 0.336888 0.322305
v -1.291171 0.214681 0.408637
v -1.274821 0.258176 0.382832
v -1.341991 0.228529 0.348835
v -1.124927 0.313981 0.444406
v -1.200247 0.286458 0.414255
v -1.153807 0.273162 0.474625
v -1.153501 0.177377 0.515656
v -1.166876 0.227763 0.501120
v -1.222395 0.195858 0.462481
v -0.060415 0.384056 0.667838
v -0.161232 0.377330 0.686715
v -0.101084 0.351486 0.724845
v -0.283261 0.433108 0.621396
v -0.223427 0.407198 0.656759
v -0.182605 0.446754 0.615596
v -0.293115 0.310831 0.710050
v -0.260593 0.360933 0.688152
v -0.361610 0.347097 0.694107
v -0.503973 0.506887 0.447180
v -0.449164 0.488354 0.488852
v -0.406320 0.526762 0.451606
v -0.544744 0.421270 0.575860
v -0.493370 0.451969 0.528274
v -0.602303 0.441892 0.534429
v -0.299151 0.493387 0.539896
v -0.390839 0.465552 0.526343
v -0.341484 0.452967 0.575935
v -0.671839 0.234888 0.689198
v -0.645609 0.283690 0.665604
v -0.740336 0.263424 0.656907
v -0.459260 0.325123 0.684073
v -0.556430 0.306866 0.680454
v -0.488084 0.277088 0.709833
v -0.683573 0.359838 0.606541
v -0.618937 0.332889 0.642259
v -0.584587 0.377767 0.611527
v -0.390278 0.421972 0.628564
v -0.492126 0.402699 0.624412
v -0.427031 0.375022 0.660059
v -1.131845 0.373301 0.349838
v -1.047549 0.350740 0.473922
v -1.084510 0.360115 0.409624
v -1.057660 0.411341 0.379245
v -0.960301 0.440037 0.400478
v -0.813635 0.283585 0.610958
v -0.755751 0.379791 0.559012
v -0.785255 0.332200 0.585674
v -0.887769 0.304413 0.565324
v -0.978722 0.331279 0.528970
v -0.627245 0.502587 0.445695
v -0.850301 0.465473 0.419044
v -0.730195 0.478784 0.427467
v -0.668020 0.461391 0.482481
v -0.722940 0.429323 0.528958
v -0.948254 0.381133 0.498160
v -0.840628 0.408640 0.517971
v -0.905302 0.426779 0.461222
v -0.702328 0.635925 0.056918
v -0.727416 0.624322 0.000000
v -0.629440 0.641282 0.170622
v -0.674554 0.646833 0.115389
v -0.530309 0.664369 0.000000
v -0.606216 0.661210 0.057469
v -0.496458 0.669694 0.056759
v -0.414250 0.580691 0.367567
v -0.476112 0.607837 0.327497
v -0.361736 0.657836 0.225420
v -0.423290 0.639853 0.279561
v -0.316279 0.655916 0.280637
v -0.532997 0.626476 0.279928
v -0.587555 0.642088 0.229653
v -0.105603 0.688119 0.000000
v -0.166969 0.677407 0.055335
v -0.062356 0.680608 0.055329
v -0.383147 0.676283 0.056551
v -0.274335 0.677071 0.055792
v -0.318721 0.683388 0.000000
v -0.186879 0.668666 0.165819
v -0.228277 0.666267 0.110074
v -0.296136 0.670290 0.167950
v -0.520889 0.656526 0.171409
v -0.404452 0.659553 0.168833
v -0.454069 0.670383 0.113858
v 0.058986 0.374968 0.652035
v 0.000000 0.407593 0.630156
v 0.118895 0.466901 0.573706
v 0.058911 0.432623 0.595679
v 0.175350 0.429004 0.591138
v -0.060049 0.440981 0.607186
v -0.120108 0.471663 0.579557
v 0.354671 0.567532 0.425915
v 0.296002 0.543120 0.464500
v 0.410450 0.532116 0.456197
v 0.061508 0.558304 0.476376
v 0.180240 0.555178 0.474078
v 0.118659 0.579210 0.434680
v 0.291802 0.481266 0.526632
v 0.239933 0.523982 0.507349
v 0.181552 0.499883 0.544529
v -0.294290 0.539979 0.461813
v -0.346257 0.554067 0.415810
v -0.183251 0.504562 0.549626
v -0.241806 0.528071 0.511308
v -0.119079 0.581260 0.436218
v -0.180905 0.557225 0.475826
v -0.061738 0.560387 0.478153
v 0.061233 0.505449 0.551027
v 0.000000 0.541035 0.522273
v -0.060966 0.503253 0.548632
v 0.756560 0.649335 0.000000
v 0.723943 0.655496 0.058670
v 0.811939 0.622738 0.057830
v 0.520025 0.701485 0.059454
v 0.620374 0.676653 0.058811
v 0.556737 0.697478 0.000000
v 0.739400 0.628188 0.172682
v 0.681772 0.653755 0.116624
v 0.639607 0.651640 0.173378
v 0.063607 0.694257 0.056439
v 0.169684 0.688422 0.056235
v 0.107600 0.701131 0.000000
v 0.297055 0.672370 0.168471
v 0.232165 0.677614 0.111949
v 0.186793 0.668359 0.165743
v 0.325783 0.698531 0.000000
v 0.277254 0.684275 0.056386
v 0.393814 0.695111 0.058126
v 0.516817 0.563983 0.366096
v 0.473413 0.604392 0.325641
v 0.419913 0.588630 0.372593
v 0.578257 0.631928 0.226019
v 0.524463 0.616445 0.275446
v 0.636354 0.606293 0.277606
v 0.307815 0.638363 0.273127
v 0.415724 0.628417 0.274565
v 0.360651 0.655863 0.224744
v 0.466831 0.689225 0.117058
v 0.409299 0.667456 0.170856
v 0.526619 0.663749 0.173295
v -0.299238 0.592116 0.376051
v -0.062819 0.607776 0.387219
v -0.182102 0.603872 0.384323
v -0.247827 0.628990 0.332690
v -0.188204 0.647244 0.279320
v 0.302820 0.599203 0.380552
v 0.191132 0.657312 0.283665
v 0.246923 0.626695 0.331476
v 0.185079 0.613744 0.390606
v 0.063405 0.613440 0.390827
v 0.000000 0.682578 0.111670
v -0.125194 0.666428 0.223667
v -0.062850 0.673529 0.167412
v 0.063168 0.676933 0.168259
v 0.126094 0.671221 0.225275
v 0.000000 0.645269 0.342951
v 0.064376 0.662814 0.285605
v -0.062956 0.648196 0.279307
v -0.693420 0.627859 -0.056196
v -0.783330 0.600796 -0.055792
v -0.500034 0.674518 -0.057168
v -0.599518 0.653905 -0.056834
v -0.717154 0.609288 -0.167487
v -0.658930 0.631851 -0.112716
v -0.611720 0.623229 -0.165819
v -0.063518 0.693286 -0.056360
v -0.170217 0.690585 -0.056411
v -0.295838 0.669614 -0.167781
v -0.235578 0.687575 -0.113595
v -0.192792 0.689822 -0.171066
v -0.276723 0.682965 -0.056278
v -0.385488 0.680415 -0.056897
v -0.523192 0.570940 -0.370612
v -0.469731 0.599691 -0.323108
v -0.413249 0.579288 -0.366679
v -0.568148 0.620880 -0.222067
v -0.529296 0.622126 -0.277984
v -0.635476 0.605456 -0.277223
v -0.308081 0.638915 -0.273363
v -0.408699 0.617798 -0.269925
v -0.354220 0.644169 -0.220737
v -0.451266 0.666244 -0.113155
v -0.399116 0.650850 -0.166606
v -0.505100 0.636626 -0.166213
v 0.802567 0.615549 -0.057162
v 0.727500 0.658717 -0.058958
v 0.634435 0.646372 -0.171977
v 0.681656 0.653643 -0.116604
v 0.723340 0.614544 -0.168931
v 0.624887 0.681575 -0.059239
v 0.519356 0.700582 -0.059377
v 0.425282 0.596157 -0.377357
v 0.483756 0.617596 -0.332755
v 0.527883 0.576058 -0.373935
v 0.379247 0.689681 -0.236332
v 0.439663 0.664603 -0.290375
v 0.323862 0.671643 -0.287366
v 0.641927 0.611602 -0.280037
v 0.546623 0.642492 -0.287084
v 0.589088 0.643764 -0.230252
v 0.174397 0.707541 -0.057797
v 0.065128 0.710859 -0.057788
v 0.403373 0.711984 -0.059536
v 0.286224 0.706413 -0.058210
v 0.198030 0.708567 -0.175714
v 0.245174 0.715583 -0.118222
v 0.312334 0.706953 -0.177136
v 0.533063 0.671870 -0.175415
v 0.425395 0.693704 -0.177575
v 0.471448 0.696041 -0.118215
v -0.063598 0.404290 -0.703023
v 0.000000 0.431997 -0.667886
v 0.062852 0.399543 -0.694768
v -0.126422 0.496461 -0.610028
v -0.063082 0.463259 -0.637860
v -0.190666 0.466474 -0.642769
v 0.182078 0.445462 -0.613816
v 0.062404 0.458275 -0.630999
v 0.122493 0.481031 -0.591068
v -0.357091 0.571404 -0.428822
v -0.298806 0.548264 -0.468898
v -0.415845 0.539110 -0.462192
v -0.061909 0.561938 -0.479476
v -0.182609 0.562473 -0.480307
v -0.118701 0.579412 -0.434831
v -0.310499 0.512103 -0.560376
v -0.246369 0.538038 -0.520958
v -0.188638 0.519393 -0.565783
v 0.418296 0.542288 -0.464917
v 0.301390 0.553005 -0.472954
v 0.356651 0.570699 -0.428293
v 0.184751 0.508691 -0.554125
v 0.243466 0.531697 -0.514819
v 0.303367 0.500340 -0.547504
v 0.120760 0.589461 -0.442373
v 0.182781 0.563005 -0.480761
v 0.062168 0.564291 -0.481484
v -0.063305 0.522553 -0.569673
v 0.000000 0.539612 -0.520899
v 0.062386 0.514972 -0.561409
v 0.000000 0.700636 -0.114624
v 0.127439 0.678381 -0.227678
v 0.064645 0.692767 -0.172194
v -0.064081 0.686723 -0.170692
v -0.126559 0.673694 -0.226105
v 0.300700 0.595008 -0.377888
v 0.062502 0.604710 -0.385266
v 0.182381 0.604797 -0.384912
v 0.249230 0.632549 -0.334572
v 0.192920 0.663463 -0.286319
v -0.302203 0.597982 -0.379777
v -0.189878 0.653002 -0.281805
v -0.246985 0.626853 -0.331559
v -0.182356 0.604713 -0.384858
v -0.062368 0.603409 -0.384437
v 0.064472 0.663805 -0.286032
v 0.000000 0.631681 -0.335729
v -0.063914 0.658060 -0.283557
v -0.845170 0.572065 -0.089439
v -0.884473 0.572014 -0.034458
v -0.797600 0.593207 -0.205792
v -0.830504 0.588904 -0.148502
v -1.029292 0.527487 -0.104193
v -0.928468 0.556946 -0.126168
v -1.015245 0.541737 -0.164443
v -0.591948 0.549006 -0.412012
v -0.642137 0.560332 -0.361915
v -0.887363 0.534241 -0.340079
v -0.767937 0.551038 -0.353611
v -0.819355 0.513653 -0.385481
v -0.704717 0.581179 -0.316469
v -0.761585 0.595962 -0.266430
v -1.236429 0.394240 -0.236198
v -1.178013 0.438569 -0.268333
v -1.201173 0.394114 -0.295771
v -1.088392 0.514681 -0.203209
v -1.145118 0.481500 -0.238086
v -1.175292 0.478314 -0.176483
v -1.028820 0.462763 -0.347289
v -1.100122 0.478230 -0.297412
v -1.004564 0.510715 -0.321709
v -0.881351 0.576927 -0.248546
v -0.958070 0.552502 -0.289966
v -0.987474 0.547063 -0.226188
v -0.104288 0.362629 -0.747822
v -0.167546 0.392107 -0.713609
v -0.372057 0.357124 -0.714159
v -0.267272 0.370184 -0.705790
v -0.303619 0.321969 -0.735494
v -0.233876 0.426240 -0.687473
v -0.298509 0.456422 -0.654845
v -0.792472 0.281975 -0.703167
v -0.689916 0.303159 -0.711284
v -0.715055 0.249997 -0.733531
v -0.618349 0.399585 -0.646844
v -0.661867 0.355978 -0.686806
v -0.725468 0.381892 -0.643714
v -0.504386 0.286343 -0.733541
v -0.576981 0.318199 -0.705584
v -0.475641 0.336720 -0.708473
v -0.473781 0.515119 -0.515644
v -0.525147 0.528183 -0.465967
v -0.359383 0.476710 -0.606124
v -0.417197 0.496948 -0.561838
v -0.615128 0.451302 -0.545809
v -0.516867 0.473494 -0.553433
v -0.559405 0.432608 -0.591358
v -0.438686 0.385256 -0.678072
v -0.508365 0.415987 -0.645016
v -0.401531 0.434139 -0.646688
v -1.372853 0.047415 -0.443298
v -1.333057 0.077513 -0.487754
v -1.324550 0.029676 -0.507224
v -1.318626 0.170133 -0.439091
v -1.325138 0.124278 -0.462820
v -1.356092 0.138641 -0.395305
v -1.218262 0.089498 -0.588737
v -1.280117 0.107853 -0.528515
v -1.217249 0.137421 -0.564957
v -1.227780 0.342688 -0.327854
v -1.248565 0.299929 -0.354362
v -1.273490 0.307447 -0.289015
v -1.138044 0.269431 -0.468141
v -1.190851 0.284215 -0.411012
v -1.123664 0.313628 -0.443907
v -1.334463 0.227247 -0.346878
v -1.267844 0.256763 -0.380736
v -1.291906 0.214803 -0.408870
v -0.904602 0.201567 -0.702619
v -0.988140 0.224854 -0.657331
v -0.900399 0.251312 -0.679629
v -1.152844 0.169286 -0.603770
v -1.078666 0.198367 -0.635323
v -1.084756 0.148856 -0.660113
v -1.046327 0.292043 -0.576106
v -1.067262 0.246853 -0.608035
v -1.118050 0.261933 -0.544645
v -1.246535 0.199726 -0.471613
v -1.185037 0.231308 -0.508920
v -1.198949 0.184365 -0.535972
v -0.639045 0.512041 -0.454079
v -0.742789 0.441111 -0.543481
v -0.685715 0.473613 -0.495262
v -0.752127 0.493166 -0.440307
v -0.883794 0.483808 -0.435550
v -0.880518 0.306896 -0.661180
v -1.022150 0.345979 -0.552441
v -0.958263 0.328585 -0.610214
v -0.847606 0.358578 -0.632178
v -0.794818 0.399424 -0.587909
v -1.164840 0.384183 -0.360036
v -0.989932 0.453615 -0.412836
v -1.086245 0.422459 -0.389495
v -1.108027 0.367924 -0.418507
v -1.066827 0.357195 -0.482643
v -0.863452 0.419735 -0.532035
v -0.974592 0.391719 -0.511996
v -0.934509 0.440548 -0.476102
v -0.965571 0.555203 0.000000
v -1.113315 0.508778 -0.070212
v -1.044966 0.535118 -0.035240
v -1.032663 0.528818 0.034825
v -1.088738 0.497546 0.068662
v -1.303936 0.363945 -0.201812
v -1.258019 0.400149 -0.169801
v -1.304857 0.414083 -0.035602
v -1.273049 0.404303 -0.102357
v -1.352167 0.377406 -0.068604
v -1.218731 0.438878 -0.138209
v -1.183551 0.479497 -0.106457
v -1.272665 0.404808 0.171778
v -1.289344 0.359872 0.199553
v -1.152129 0.466767 0.103630
v -1.216780 0.438175 0.137987
v -1.325730 0.370027 0.067263
v -1.290313 0.409787 0.103745
v -1.297028 0.411599 0.035389
v -1.180050 0.478455 -0.035405
v -1.250573 0.448979 0.000000
v -1.173391 0.475755 0.035205
v -1.391842 0.000000 -0.401622
v -1.414391 0.047082 -0.386863
v -1.509233 0.047573 -0.277087
v -1.458545 0.047148 -0.331178
v -1.526747 0.000000 -0.301815
v -1.403446 0.093113 -0.362471
v -1.383871 0.136939 -0.336399
v -1.496860 0.045257 -0.033964
v -1.491502 0.045313 -0.091047
v -1.518132 0.000000 -0.057700
v -1.478663 0.137794 -0.161790
v -1.485556 0.091279 -0.126054
v -1.491724 0.137581 -0.103251
v -1.525209 0.000000 -0.176167
v -1.515106 0.046433 -0.152035
v -1.522571 0.047352 -0.213633
v -1.342422 0.269002 -0.260414
v -1.315777 0.309756 -0.232462
v -1.379825 0.183546 -0.312702
v -1.366892 0.227154 -0.288010
v -1.451319 0.230943 -0.173316
v -1.413392 0.229670 -0.231565
v -1.462931 0.186442 -0.199228
v -1.466990 0.092664 -0.246082
v -1.463709 0.139350 -0.222293
v -1.424298 0.138302 -0.279864
v -1.360084 0.045275 0.372009
v -1.368635 0.000000 0.394926
v -1.364794 0.135052 0.331762
v -1.362373 0.090388 0.351863
v -1.421776 0.000000 0.281063
v -1.394622 0.045081 0.316663
v -1.419560 0.044747 0.260623
v -1.326532 0.312288 0.234362
v -1.349662 0.270453 0.261819
v -1.417859 0.180698 0.193090
v -1.392095 0.226209 0.228076
v -1.426518 0.226997 0.170354
v -1.372112 0.228022 0.289110
v -1.379814 0.183545 0.312700
v -1.471858 0.000000 0.055941
v -1.476374 0.044853 0.090123
v -1.480497 0.044762 0.033593
v -1.439262 0.044761 0.201944
v -1.443785 0.044248 0.144878
v -1.451265 0.000000 0.167627
v -1.459820 0.134639 0.101042
v -1.467492 0.090169 0.124521
v -1.441712 0.134351 0.157747
v -1.404539 0.136383 0.275982
v -1.424960 0.135661 0.216409
v -1.424776 0.089998 0.239001
v -1.357617 0.320673 -0.169918
v -1.475880 0.236881 -0.106283
v -1.419125 0.279166 -0.138478
v -1.401694 0.331780 -0.104683
v -1.417313 0.335834 -0.036280
v -1.475986 0.089807 0.000000
v -1.482213 0.185014 0.068959
v -1.473059 0.136175 0.034043
v -1.486509 0.137418 -0.034354
v -1.499917 0.187224 -0.069783
v -1.347266 0.318228 0.168623
v -1.398647 0.331411 0.035802
v -1.373619 0.325135 0.102586
v -1.407780 0.276934 0.137371
v -1.451873 0.233028 0.104555
v -1.503773 0.240992 -0.036171
v -1.485048 0.237991 0.035721
v -1.464509 0.289487 0.000000
v 0.872579 0.590617 0.092340
v 0.902614 0.583746 0.035165
v 0.797883 0.593417 0.205865
v 0.837399 0.593793 0.149735
v 1.011228 0.518229 0.102364
v 0.922895 0.553603 0.125411
v 0.984532 0.525348 0.159468
v 0.565335 0.524323 0.393489
v 0.631683 0.551209 0.356023
v 0.839570 0.505468 0.321763
v 0.753618 0.540763 0.347018
v 0.800096 0.501580 0.376421
v 0.697739 0.575424 0.313335
v 0.741248 0.580047 0.259315
v 1.170384 0.373181 0.223582
v 1.088572 0.405271 0.247960
v 1.123055 0.368483 0.276535
v 1.007849 0.476594 0.188171
v 1.044695 0.439274 0.217206
v 1.101890 0.448441 0.165460
v 0.981156 0.441323 0.331200
v 1.000785 0.435047 0.270557
v 0.922703 0.469098 0.295493
v 0.843709 0.552286 0.237930
v 0.879929 0.507439 0.266316
v 0.935459 0.518247 0.214274
v 0.097300 0.338330 0.697712
v 0.155737 0.364470 0.663312
v 0.347525 0.333577 0.667071
v 0.251098 0.347782 0.663078
v 0.290585 0.308148 0.703922
v 0.211796 0.386000 0.622569
v 0.274819 0.420199 0.602875
v 0.748482 0.266323 0.664135
v 0.656322 0.288397 0.676649
v 0.669849 0.234192 0.687156
v 0.572402 0.369893 0.598779
v 0.616719 0.331696 0.639957
v 0.675815 0.355754 0.599657
v 0.476765 0.270662 0.693371
v 0.547648 0.302023 0.669714
v 0.453903 0.321331 0.676094
v 0.444454 0.483233 0.483726
v 0.503625 0.506536 0.446871
v 0.336027 0.445729 0.566732
v 0.387904 0.462056 0.522390
v 0.586499 0.430298 0.520406
v 0.482142 0.441683 0.516252
v 0.525884 0.406685 0.555923
v 0.411537 0.361415 0.636110
v 0.471585 0.385890 0.598350
v 0.375942 0.406471 0.605474
v 1.270756 0.043889 0.410331
v 1.235854 0.071861 0.452188
v 1.219200 0.027315 0.466882
v 1.264415 0.163139 0.421039
v 1.243734 0.116643 0.434388
v 1.320117 0.134963 0.384818
v 1.156194 0.084938 0.558742
v 1.208985 0.101860 0.499147
v 1.161367 0.131112 0.539021
v 1.173600 0.327566 0.313386
v 1.189371 0.285709 0.337562
v 1.263071 0.304932 0.286650
v 1.111132 0.263059 0.457070
v 1.146320 0.273587 0.395643
v 1.094205 0.305406 0.432269
v 1.290772 0.219807 0.335521
v 1.215044 0.246069 0.364880
v 1.228574 0.204273 0.388826
v 0.865334 0.192817 0.672120
v 0.950411 0.216268 0.632233
v 0.861875 0.240560 0.650551
v 1.083124 0.159048 0.567256
v 1.026240 0.188726 0.604445
v 1.033699 0.141850 0.629043
v 0.999437 0.278955 0.550288
v 1.000840 0.231490 0.570194
v 1.046893 0.245263 0.509982
v 1.196440 0.191700 0.452661
v 1.124120 0.219418 0.482758
v 1.158674 0.178172 0.517968
v 0.615885 0.493485 0.437623
v 0.701640 0.416674 0.513373
v 0.654019 0.451721 0.472369
v 0.728543 0.477701 0.426500
v 0.841818 0.460829 0.414864
v 0.823989 0.287194 0.618733
v 0.960933 0.325258 0.519355
v 0.890494 0.305347 0.567059
v 0.798839 0.337947 0.595806
v 0.759375 0.381612 0.561693
v 1.103618 0.363991 0.341113
v 0.948900 0.434813 0.395724
v 1.033497 0.401944 0.370581
v 1.074214 0.356697 0.405736
v 1.011892 0.338801 0.457790
v 0.812903 0.395163 0.500888
v 0.925271 0.371895 0.486086
v 0.871571 0.410878 0.444037
v -0.100062 0.305785 0.744452
v 0.000000 0.316541 0.730484
v -0.294430 0.269001 0.736890
v -0.199128 0.288296 0.743307
v 0.000000 0.234821 0.790990
v -0.100463 0.262452 0.769692
v -0.101946 0.220836 0.800973
v -0.689927 0.192567 0.725805
v -0.590319 0.212540 0.729582
v -0.402530 0.159975 0.782225
v -0.494977 0.185609 0.754392
v -0.497944 0.138982 0.774982
v -0.498124 0.234893 0.742343
v -0.396306 0.251109 0.737841
v 0.000000 0.046852 0.820853
v -0.101141 0.075582 0.824492
v -0.101163 0.028236 0.828653
v -0.103006 0.172839 0.820276
v -0.102039 0.124259 0.824583
v 0.000000 0.143730 0.828626
v -0.304910 0.085104 0.818754
v -0.204251 0.104905 0.823256
v -0.303484 0.132526 0.806542
v -0.299859 0.225674 0.764792
v -0.301754 0.179026 0.784970
v -0.202570 0.200073 0.794225
v -1.315595 -0.029475 0.503795
v -1.267687 0.000000 0.546007
v -1.172358 -0.060171 0.635336
v -1.236502 -0.030285 0.598000
v -1.201465 -0.088264 0.580620
v -1.212945 0.029708 0.586607
v -1.147504 0.058896 0.621867
v -0.783483 -0.161579 0.695191
v -0.863842 -0.136332 0.672594
v -0.842145 -0.187650 0.654108
v -0.925009 -0.029579 0.721897
v -0.907591 -0.085457 0.707753
v -0.825658 -0.055820 0.732614
v -1.023813 -0.140493 0.623027
v -0.970649 -0.113684 0.667544
v -1.085153 -0.089603 0.663354
v -0.891154 0.140642 0.693860
v -0.797507 0.164472 0.707635
v -1.071042 0.088438 0.654729
v -0.987398 0.115646 0.679063
v -0.829215 0.056060 0.735770
v -0.910577 0.085738 0.710081
v -0.929964 0.029737 0.725764
v -1.113315 -0.030639 0.680034
v -1.031359 0.000000 0.711453
v -1.112288 0.030611 0.679407
v 0.000000 -0.319934 0.738313
v -0.098667 -0.301520 0.734069
v -0.098743 -0.343346 0.708056
v -0.099827 -0.216244 0.784319
v -0.099422 -0.259732 0.761716
v 0.000000 -0.236482 0.796587
v -0.286729 -0.304059 0.694580
v -0.195033 -0.282368 0.728024
v -0.288983 -0.264024 0.723257
v -0.101908 -0.028444 0.834759
v -0.101524 -0.075868 0.827610
v 0.000000 -0.047963 0.840327
v -0.297032 -0.129708 0.789395
v -0.201695 -0.103592 0.812955
v -0.303306 -0.084656 0.814449
v 0.000000 -0.144045 0.830445
v -0.101196 -0.123232 0.817767
v -0.100212 -0.168150 0.798020
v -0.676375 -0.236474 0.693852
v -0.589557 -0.212266 0.728641
v -0.682767 -0.190569 0.718273
v -0.388364 -0.246076 0.723053
v -0.484968 -0.228689 0.722736
v -0.479359 -0.272135 0.697144
v -0.496796 -0.138662 0.773196
v -0.485319 -0.181988 0.739672
v -0.392398 -0.155948 0.762536
v -0.198440 -0.195994 0.778033
v -0.296001 -0.175613 0.770004
v -0.293409 -0.220820 0.748343
v -0.713262 0.140564 0.747855
v -0.736596 0.029595 0.769883
v -0.722410 0.084773 0.755859
v -0.617928 0.113999 0.777947
v -0.520079 0.086786 0.802498
v -0.698105 -0.137576 0.731963
v -0.518280 -0.086486 0.799722
v -0.610303 -0.112592 0.768348
v -0.719716 -0.084457 0.753040
v -0.731321 -0.029383 0.764369
v -0.205209 0.000000 0.835255
v -0.413833 0.057367 0.821079
v -0.309250 0.028753 0.828488
v -0.310507 -0.028870 0.831855
v -0.410694 -0.056932 0.814851
v -0.631128 0.000000 0.790741
v -0.531883 -0.029691 0.821958
v -0.523930 0.029247 0.809667
v -1.393979 -0.046403 0.381280
v -1.355622 -0.046820 0.437734
v -1.457617 -0.045946 0.267610
v -1.437747 -0.046475 0.326455
v -1.382585 -0.141350 0.403028
v -1.420028 -0.094214 0.366754
v -1.447407 -0.143226 0.351843
v -1.504966 -0.045502 0.034148
v -1.493745 -0.045381 0.091184
v -1.519362 -0.141587 0.166243
v -1.527318 -0.093845 0.129598
v -1.520667 -0.140251 0.105254
v -1.499575 -0.045957 0.150477
v -1.473480 -0.045825 0.206745
v -1.319666 -0.318595 0.299494
v -1.409013 -0.282346 0.273332
v -1.360165 -0.320205 0.240304
v -1.439891 -0.191537 0.326315
v -1.432692 -0.238089 0.301875
v -1.378149 -0.234687 0.358234
v -1.486662 -0.236567 0.177536
v -1.449349 -0.235513 0.237456
v -1.483910 -0.189116 0.202085
v -1.487910 -0.093986 0.249591
v -1.493693 -0.142205 0.226847
v -1.477700 -0.143487 0.290357
v -1.321041 -0.045625 -0.426568
v -1.377376 -0.045850 -0.376739
v -1.373323 -0.135896 -0.333835
v -1.377441 -0.091388 -0.355755
v -1.305500 -0.133469 -0.380557
v -1.459326 -0.047173 -0.331355
v -1.496517 -0.047173 -0.274752
v -1.293017 -0.304398 -0.228441
v -1.294287 -0.259356 -0.251076
v -1.231769 -0.297375 -0.279546
v -1.409109 -0.179583 -0.191899
v -1.358211 -0.220703 -0.222525
v -1.395993 -0.222139 -0.166709
v -1.293159 -0.220213 -0.336141
v -1.329958 -0.221017 -0.280228
v -1.351826 -0.179822 -0.306357
v -1.506088 -0.045756 -0.091937
v -1.504122 -0.045476 -0.034129
v -1.508534 -0.046915 -0.211663
v -1.524719 -0.046728 -0.153000
v -1.466661 -0.135270 -0.101516
v -1.498435 -0.092070 -0.127147
v -1.452918 -0.135395 -0.158973
v -1.414379 -0.137339 -0.277915
v -1.428286 -0.135978 -0.216914
v -1.446247 -0.091354 -0.242603
v -0.861567 -0.557200 0.033566
v -0.925893 -0.532388 0.000000
v -0.862888 -0.558054 -0.033617
v -1.067699 -0.487931 0.067335
v -0.995303 -0.509686 0.033566
v -1.005406 -0.515246 0.101775
v -0.950817 -0.487270 -0.096249
v -0.970889 -0.497184 -0.032742
v -1.025433 -0.468616 -0.064670
v -1.296967 -0.361999 0.200733
v -1.249499 -0.397439 0.168651
v -1.215402 -0.387535 0.232182
v -1.269099 -0.402736 0.034627
v -1.272264 -0.404054 0.102294
v -1.304778 -0.364179 0.066200
v -1.147673 -0.467074 0.172335
v -1.194827 -0.430270 0.135498
v -1.135913 -0.460197 0.102172
v -1.168263 -0.372504 -0.223176
v -1.192724 -0.379380 -0.160988
v -1.249476 -0.348744 -0.193383
v -1.077503 -0.436533 -0.096918
v -1.132545 -0.407841 -0.128435
v -1.050195 -0.427403 -0.157698
v -1.282127 -0.357857 -0.065051
v -1.214592 -0.385738 -0.097657
v -1.231533 -0.390814 -0.033602
v -1.133909 -0.459747 0.034020
v -1.183708 -0.424974 0.000000
v -1.101804 -0.446730 -0.033057
v -1.510118 -0.091884 0.000000
v -1.468768 -0.183336 -0.068334
v -1.497083 -0.138396 -0.034598
v -1.512367 -0.139809 0.034951
v -1.503195 -0.187633 0.069936
v -1.322845 -0.312460 -0.165567
v -1.348387 -0.319502 -0.034516
v -1.340327 -0.317254 -0.100100
v -1.381111 -0.271688 -0.134768
v -1.422830 -0.228366 -0.102463
v -1.377217 -0.325303 0.172372
v -1.501344 -0.240968 0.108117
v -1.443563 -0.283973 0.140862
v -1.369132 -0.324073 0.102251
v -1.370888 -0.324833 0.035092
v -1.478556 -0.236951 -0.035565
v -1.422834 -0.281249 0.000000
v -1.501215 -0.240582 0.036110
v -1.245147 0.000000 -0.536299
v -1.302168 -0.029174 -0.498653
v -1.161349 0.059606 -0.629370
v -1.204552 0.029503 -0.582548
v -1.157700 -0.085049 -0.559470
v -1.197415 -0.029328 -0.579096
v -1.134435 -0.058225 -0.614785
v -0.845070 0.174281 -0.749838
v -0.921167 0.145379 -0.717228
v -0.917353 0.029334 -0.715922
v -0.929096 0.087482 -0.724522
v -0.855518 0.057838 -0.759109
v -1.015918 0.118986 -0.698677
v -1.098916 0.090740 -0.671768
v -0.884780 -0.197150 -0.687223
v -0.901057 -0.142205 -0.701571
v -0.806829 -0.166394 -0.715907
v -1.050341 -0.086729 -0.642074
v -0.971463 -0.113779 -0.668104
v -1.010174 -0.138621 -0.614727
v -0.818865 -0.055360 -0.726586
v -0.900630 -0.084801 -0.702324
v -0.904482 -0.028923 -0.705877
v -1.087625 0.029932 -0.664342
v -0.999625 0.000000 -0.689562
v -1.080743 -0.029743 -0.660139
v 0.000000 0.333261 -0.769067
v -0.104078 0.318055 -0.774325
v -0.104380 0.226108 -0.820095
v -0.103333 0.269950 -0.791682
v 0.000000 0.239817 -0.807820
v -0.208367 0.301672 -0.777796
v -0.308022 0.281419 -0.770909
v -0.107529 0.030013 -0.880797
v -0.107500 0.080334 -0.876328
v 0.000000 0.050690 -0.888102
v -0.311020 0.135817 -0.826570
v -0.211897 0.108832 -0.854074
v -0.314411 0.087756 -0.844266
v 0.000000 0.147715 -0.851600
v -0.106016 0.129102 -0.856723
v -0.105576 0.177151 -0.840739
v -0.620089 0.223259 -0.766375
v -0.724944 0.202341 -0.762643
v -0.409989 0.259778 -0.763314
v -0.511560 0.241229 -0.762366
v -0.515870 0.143986 -0.802883
v -0.518083 0.194274 -0.789607
v -0.416728 0.165617 -0.809816
v -0.210760 0.208163 -0.826339
v -0.314236 0.186431 -0.817439
v -0.314544 0.236726 -0.802246
v -0.100869 -0.350740 -0.723305
v -0.099687 -0.304637 -0.741657
v 0.000000 -0.321836 -0.742702
v -0.300337 -0.274398 -0.751674
v -0.199157 -0.288339 -0.743418
v -0.300936 -0.319125 -0.728996
v 0.000000 -0.231089 -0.778421
v -0.099740 -0.260563 -0.764152
v -0.100564 -0.217842 -0.790115
v -0.691775 -0.193083 -0.727749
v -0.583936 -0.210242 -0.721693
v -0.688425 -0.240687 -0.706213
v -0.396519 -0.157586 -0.770545
v -0.489908 -0.183709 -0.746666
v -0.493477 -0.137735 -0.768031
v -0.494430 -0.280691 -0.719062
v -0.491655 -0.231842 -0.732702
v -0.402543 -0.255060 -0.749452
v 0.000000 -0.049713 -0.870990
v -0.105076 -0.078523 -0.856571
v -0.107076 -0.029886 -0.877087
v -0.101161 -0.169743 -0.805582
v -0.102026 -0.124242 -0.824474
v 0.000000 -0.142164 -0.819596
v -0.306003 -0.085409 -0.821691
v -0.204811 -0.105193 -0.825514
v -0.300644 -0.131286 -0.798994
v -0.303651 -0.228528 -0.774463
v -0.300368 -0.178204 -0.781364
v -0.201130 -0.198651 -0.788580
v -0.747870 0.147384 -0.784141
v -0.526134 0.087796 -0.811840
v -0.637089 0.117534 -0.802070
v -0.759049 0.089072 -0.794194
v -0.748371 0.030068 -0.782189
v -0.212530 0.000000 -0.865056
v -0.417904 -0.057931 -0.829157
v -0.315121 -0.029299 -0.844216
v -0.321922 0.029931 -0.862437
v -0.423031 0.058642 -0.839328
v -0.702241 -0.138392 -0.736299
v -0.739745 -0.029722 -0.773173
v -0.720413 -0.084538 -0.753770
v -0.601321 -0.110935 -0.757039
v -0.510856 -0.085247 -0.788266
v -0.532141 0.029705 -0.822357
v -0.528311 -0.029492 -0.816438
v -0.637736 0.000000 -0.799020
v 0.164432 0.384817 -0.700342
v 0.102882 0.357740 -0.737741
v 0.281152 0.429883 -0.616769
v 0.225462 0.410907 -0.662741
v 0.308431 0.327072 -0.747152
v 0.264325 0.366102 -0.698006
v 0.370311 0.355448 -0.710807
v 0.523758 0.526786 -0.464735
v 0.464810 0.505365 -0.505880
v 0.550843 0.425987 -0.582308
v 0.506948 0.464407 -0.542812
v 0.603214 0.442561 -0.535237
v 0.404119 0.481371 -0.544227
v 0.342744 0.454639 -0.578061
v 0.681676 0.238327 -0.699289
v 0.664056 0.291796 -0.684623
v 0.746491 0.265614 -0.662368
v 0.475220 0.336422 -0.707846
v 0.568021 0.313258 -0.694628
v 0.503636 0.285917 -0.732450
v 0.684663 0.360412 -0.607508
v 0.627836 0.337675 -0.651493
v 0.594215 0.383989 -0.621598
v 0.384652 0.415889 -0.619504
v 0.492242 0.402793 -0.624558
v 0.433194 0.380434 -0.669584
v 0.905917 0.585882 -0.035294
v 0.872171 0.590341 -0.092297
v 0.983231 0.524654 -0.159258
v 0.920019 0.551878 -0.125020
v 1.010275 0.517741 -0.102268
v 0.828970 0.587816 -0.148227
v 0.795512 0.591654 -0.205253
v 1.189036 0.390132 -0.292782
v 1.144641 0.426145 -0.260731
v 1.210377 0.385933 -0.231221
v 0.969534 0.492906 -0.310490
v 1.065361 0.463119 -0.288015
v 1.015778 0.456896 -0.342887
v 1.113758 0.453271 -0.167242
v 1.092454 0.459356 -0.227136
v 1.037720 0.490719 -0.193748
v 0.639079 0.557663 -0.360192
v 0.584972 0.542536 -0.407157
v 0.750111 0.586982 -0.262415
v 0.700078 0.577353 -0.314385
v 0.798142 0.500355 -0.375501
v 0.747511 0.536381 -0.344206
v 0.863645 0.519962 -0.330989
v 0.951632 0.527207 -0.217979
v 0.916459 0.528505 -0.277372
v 0.860439 0.563238 -0.242648
v 1.260154 0.028233 -0.482564
v 1.263416 0.073464 -0.462273
v 1.341738 0.046340 -0.433251
v 1.126638 0.127191 -0.522902
v 1.201080 0.101194 -0.495883
v 1.118023 0.082134 -0.540295
v 1.344675 0.137474 -0.391977
v 1.278260 0.119881 -0.446447
v 1.286593 0.166000 -0.428424
v 0.853741 0.238290 -0.644412
v 0.944272 0.214871 -0.628149
v 0.864139 0.192551 -0.671192
v 1.069160 0.250479 -0.520829
v 1.011077 0.233858 -0.576026
v 1.009461 0.281753 -0.555808
v 0.994074 0.136412 -0.604930
v 1.000556 0.184003 -0.589317
v 1.071323 0.157315 -0.561076
v 1.307882 0.315750 -0.296820
v 1.285840 0.308883 -0.364941
v 1.235590 0.344868 -0.329940
v 1.279741 0.212780 -0.405020
v 1.288508 0.260947 -0.386942
v 1.339638 0.228128 -0.348223
v 1.135381 0.316899 -0.448536
v 1.214735 0.289915 -0.419256
v 1.136752 0.269125 -0.467609
v 1.136772 0.174804 -0.508177
v 1.137836 0.222095 -0.488649
v 1.209273 0.193756 -0.457516
v 0.633869 0.507895 -0.450402
v 0.846092 0.463169 -0.416970
v 0.744092 0.487897 -0.435603
v 0.677760 0.468118 -0.489516
v 0.716053 0.425233 -0.523919
v 1.165109 0.384272 -0.360119
v 1.052894 0.352529 -0.476339
v 1.115411 0.370376 -0.421296
v 1.058114 0.411518 -0.379408
v 0.957712 0.438851 -0.399399
v 0.828961 0.288926 -0.622466
v 0.762810 0.383339 -0.564233
v 0.798937 0.337989 -0.595879
v 0.909724 0.311941 -0.579304
v 0.979015 0.331378 -0.529128
v 0.886232 0.417789 -0.451506
v 0.933131 0.375055 -0.490215
v 0.824600 0.400849 -0.508095
v 0.876295 -0.566725 0.034140
v 0.855293 -0.578917 0.090511
v 0.777082 -0.596003 0.055347
v 0.998632 -0.532872 0.161752
v 0.926376 -0.555692 0.125884
v 1.039601 -0.532770 0.105236
v 0.724956 -0.615916 0.169309
v 0.827514 -0.586784 0.147967
v 0.800032 -0.595016 0.206420
v 1.116539 -0.366345 0.274931
v 1.106335 -0.411884 0.252006
v 1.159243 -0.369628 0.221453
v 0.948574 -0.482251 0.303778
v 1.043630 -0.453673 0.282140
v 0.992703 -0.446517 0.335098
v 1.092980 -0.444815 0.164123
v 1.070400 -0.450082 0.222551
v 1.029462 -0.486814 0.192206
v 0.522749 -0.570456 0.370298
v 0.636448 -0.555368 0.358709
v 0.575780 -0.534011 0.400759
v 0.748216 -0.585500 0.261753
v 0.692170 -0.570831 0.310834
v 0.628542 -0.598849 0.274198
v 0.789454 -0.494909 0.371414
v 0.745112 -0.534660 0.343101
v 0.854233 -0.514296 0.327382
v 0.960656 -0.532206 0.220046
v 0.910574 -0.525112 0.275591
v 0.850808 -0.556933 0.239932
v 1.216179 -0.027248 0.465724
v 1.239091 -0.072050 0.453373
v 1.267074 -0.043762 0.409142
v 1.162039 -0.131188 0.539333
v 1.203854 -0.101428 0.497028
v 1.154887 -0.084842 0.558110
v 1.270258 -0.129866 0.370284
v 1.254669 -0.117669 0.438208
v 1.253121 -0.161682 0.417278
v 0.876632 -0.244679 0.661690
v 0.943288 -0.214647 0.627494
v 0.882114 -0.196556 0.685153
v 1.069230 -0.250496 0.520863
v 1.018190 -0.235503 0.580078
v 1.003325 -0.280040 0.552429
v 1.032794 -0.141725 0.628492
v 1.020031 -0.187584 0.600788
v 1.105534 -0.162339 0.578993
v 1.206196 -0.291201 0.273743
v 1.154891 -0.277427 0.327776
v 1.138036 -0.317640 0.303890
v 1.233795 -0.205141 0.390478
v 1.196578 -0.242330 0.359335
v 1.249052 -0.212702 0.324676
v 1.081113 -0.301752 0.427097
v 1.135579 -0.271024 0.391936
v 1.101890 -0.260871 0.453268
v 1.151951 -0.177138 0.514963
v 1.131277 -0.220815 0.485832
v 1.213884 -0.194495 0.459260
v 0.061669 -0.392023 0.681692
v 0.161224 -0.377311 0.686681
v 0.100436 -0.349233 0.720197
v 0.277520 -0.424330 0.608802
v 0.220001 -0.400954 0.646689
v 0.181228 -0.443384 0.610952
v 0.302970 -0.321281 0.733922
v 0.261427 -0.362088 0.690354
v 0.369467 -0.354638 0.709188
v 0.508636 -0.511577 0.451317
v 0.454802 -0.494483 0.494987
v 0.406537 -0.527042 0.451847
v 0.559857 -0.432958 0.591837
v 0.507535 -0.464945 0.543441
v 0.621033 -0.455634 0.551048
v 0.298196 -0.491812 0.538172
v 0.400088 -0.476569 0.538798
v 0.344130 -0.456477 0.580399
v 0.712047 -0.248945 0.730445
v 0.689955 -0.303176 0.711324
v 0.787845 -0.280329 0.699062
v 0.482565 -0.341622 0.718787
v 0.587383 -0.323936 0.718306
v 0.517103 -0.293562 0.752036
v 0.720163 -0.379099 0.639007
v 0.652393 -0.350883 0.676975
v 0.612493 -0.395800 0.640718
v 0.385192 -0.416473 0.620373
v 0.500874 -0.409856 0.635511
v 0.435853 -0.382769 0.673695
v 1.109272 -0.365856 0.342861
v 1.011805 -0.338772 0.457750
v 1.075202 -0.357025 0.406109
v 1.044258 -0.406129 0.374439
v 0.951450 -0.435982 0.396787
v 0.862152 -0.300495 0.647390
v 0.791337 -0.397674 0.585334
v 0.826402 -0.349608 0.616364
v 0.914736 -0.313659 0.582496
v 0.958859 -0.324556 0.518234
v 0.624031 -0.500012 0.443411
v 0.837872 -0.458669 0.412919
v 0.730598 -0.479049 0.427703
v 0.676563 -0.467292 0.488651
v 0.727636 -0.432112 0.532394
v 0.926352 -0.372330 0.486653
v 0.833520 -0.405185 0.513591
v 0.893738 -0.421328 0.455330
v 0.696022 -0.630215 0.056407
v 0.721583 -0.619315 0.000000
v 0.627366 -0.639170 0.170060
v 0.659088 -0.632003 0.112743
v 0.540467 -0.677095 0.000000
v 0.599581 -0.653973 0.056840
v 0.498227 -0.672080 0.056962
v 0.409360 -0.573838 0.363229
v 0.458581 -0.585456 0.315439
v 0.353039 -0.642020 0.220000
v 0.406558 -0.614561 0.268511
v 0.301088 -0.624412 0.267158
v 0.511663 -0.601400 0.268723
v 0.574697 -0.628038 0.224627
v 0.106088 -0.691281 0.000000
v 0.170006 -0.689727 0.056341
v 0.063162 -0.689409 0.056045
v 0.391853 -0.691650 0.057836
v 0.282434 -0.697059 0.057439
v 0.327514 -0.702242 0.000000
v 0.190079 -0.680115 0.168659
v 0.236516 -0.690313 0.114047
v 0.296951 -0.672136 0.168412
v 0.514556 -0.648544 0.169325
v 0.401535 -0.654795 0.167615
v 0.456208 -0.673541 0.114394
v -0.060463 -0.384359 0.668364
v 0.000000 -0.417830 0.645984
v -0.121597 -0.477512 0.586744
v -0.061056 -0.448380 0.617374
v -0.180423 -0.441415 0.608240
v 0.060915 -0.447342 0.615945
v 0.121044 -0.475338 0.584073
v -0.356950 -0.571178 0.428652
v -0.301514 -0.553234 0.473149
v -0.417655 -0.541456 0.464204
v -0.061491 -0.558147 0.476242
v -0.178312 -0.549240 0.469007
v -0.119238 -0.582035 0.436800
v -0.297604 -0.490835 0.537103
v -0.239939 -0.523995 0.507362
v -0.180252 -0.496303 0.540630
v 0.296415 -0.543877 0.465147
v 0.348144 -0.557087 0.418077
v 0.181666 -0.500198 0.544873
v 0.240235 -0.524641 0.507987
v 0.117270 -0.572429 0.429591
v 0.180060 -0.554623 0.473603
v 0.061477 -0.558022 0.476135
v -0.061113 -0.504461 0.549950
v 0.000000 -0.528529 0.510200
v 0.061294 -0.505958 0.551582
v -0.726740 -0.623741 0.000000
v -0.691650 -0.626257 0.056053
v -0.790240 -0.606095 0.056284
v -0.495565 -0.668490 0.056657
v -0.595099 -0.649085 0.056415
v -0.534654 -0.669813 0.000000
v -0.716658 -0.608867 0.167371
v -0.661227 -0.634054 0.113109
v -0.617222 -0.628834 0.167310
v -0.063643 -0.694657 0.056471
v -0.168961 -0.685490 0.055995
v -0.107201 -0.698531 0.000000
v -0.295229 -0.668236 0.167435
v -0.229306 -0.669268 0.110570
v -0.187976 -0.672590 0.166792
v -0.320218 -0.686598 0.000000
v -0.276061 -0.681331 0.056143
v -0.387534 -0.684026 0.057199
v -0.541243 -0.590637 0.383398
v -0.479443 -0.612090 0.329789
v -0.428418 -0.600552 0.380139
v -0.570529 -0.623482 0.222998
v -0.529809 -0.622728 0.278253
v -0.634448 -0.604477 0.276775
v -0.313043 -0.649205 0.277765
v -0.422634 -0.638862 0.279128
v -0.365109 -0.663970 0.227522
v -0.449069 -0.663001 0.112604
v -0.407311 -0.664214 0.170026
v -0.518249 -0.653199 0.170540
v 0.292934 -0.579641 0.368129
v 0.061906 -0.598941 0.381590
v 0.177486 -0.588563 0.374580
v 0.238107 -0.604319 0.319641
v 0.182639 -0.628106 0.271061
v -0.306650 -0.606782 0.385365
v -0.191172 -0.657452 0.283725
v -0.250656 -0.636170 0.336488
v -0.183995 -0.610148 0.388317
v -0.062189 -0.601680 0.383335
v 0.000000 -0.688038 0.112563
v 0.123859 -0.659321 0.221282
v 0.062892 -0.673979 0.167525
v -0.061883 -0.663169 0.164837
v -0.124147 -0.660857 0.221797
v 0.000000 -0.608900 0.323622
v -0.062310 -0.641543 0.276440
v 0.060875 -0.626775 0.270076
v 0.691642 -0.626250 -0.056052
v 0.778893 -0.597392 -0.055476
v 0.497116 -0.670582 -0.056835
v 0.596371 -0.650472 -0.056536
v 0.722586 -0.613903 -0.168755
v 0.661102 -0.633934 -0.113088
v 0.623360 -0.635088 -0.168974
v 0.064488 -0.703883 -0.057221
v 0.172259 -0.698869 -0.057088
v 0.288998 -0.654133 -0.163902
v 0.233486 -0.681468 -0.112586
v 0.187272 -0.670073 -0.166168
v 0.280947 -0.693389 -0.057137
v 0.388802 -0.686265 -0.057386
v 0.535687 -0.584575 -0.379463
v 0.476287 -0.608061 -0.327618
v 0.425961 -0.597109 -0.377959
v 0.577275 -0.630854 -0.225635
v 0.524687 -0.616709 -0.275564
v 0.644608 -0.614157 -0.281207
v 0.302055 -0.626419 -0.268016
v 0.411780 -0.622455 -0.271959
v 0.345769 -0.628799 -0.215470
v 0.446993 -0.659936 -0.112083
v 0.396797 -0.647069 -0.165638
v 0.510712 -0.643699 -0.168060
v -0.772284 -0.592323 -0.055005
v -0.690427 -0.625149 -0.055953
v -0.585840 -0.596862 -0.158804
v -0.635355 -0.609245 -0.108683
v -0.667340 -0.566967 -0.155853
v -0.592712 -0.646481 -0.056189
v -0.491189 -0.662587 -0.056157
v -0.423318 -0.593403 -0.375614
v -0.470324 -0.600448 -0.323516
v -0.527663 -0.575819 -0.373779
v -0.349932 -0.636371 -0.218064
v -0.407681 -0.616259 -0.269252
v -0.307393 -0.637488 -0.272753
v -0.605442 -0.576841 -0.264121
v -0.512977 -0.602945 -0.269413
v -0.547852 -0.598700 -0.214134
v -0.169810 -0.688931 -0.056276
v -0.064192 -0.700643 -0.056958
v -0.384872 -0.679327 -0.056806
v -0.278736 -0.687933 -0.056687
v -0.188346 -0.673915 -0.167121
v -0.232983 -0.680002 -0.112343
v -0.289664 -0.655641 -0.164279
v -0.497825 -0.627457 -0.163819
v -0.394790 -0.643795 -0.164800
v -0.441558 -0.651911 -0.110720
v 0.064734 -0.411512 -0.715581
v 0.000000 -0.444490 -0.687200
v -0.063829 -0.405754 -0.705568
v 0.130036 -0.510649 -0.627462
v 0.065906 -0.483992 -0.666408
v 0.199649 -0.488452 -0.673053
v -0.192106 -0.469996 -0.647623
v -0.065259 -0.479239 -0.659864
v -0.129179 -0.507284 -0.623327
v 0.365532 -0.584911 -0.438958
v 0.309963 -0.568736 -0.486408
v 0.438548 -0.568543 -0.487426
v 0.062475 -0.567077 -0.483861
v 0.183533 -0.565321 -0.482739
v 0.120088 -0.586183 -0.439913
v 0.317816 -0.524172 -0.573582
v 0.251669 -0.549612 -0.532165
v 0.194951 -0.536776 -0.584718
v -0.422982 -0.548362 -0.470125
v -0.307097 -0.563477 -0.481910
v -0.358115 -0.573042 -0.430051
v -0.193065 -0.531585 -0.579063
v -0.250279 -0.546575 -0.529224
v -0.315131 -0.519743 -0.568736
v -0.118232 -0.577122 -0.433113
v -0.182099 -0.560903 -0.478966
v -0.061854 -0.561443 -0.479054
v 0.065430 -0.540099 -0.588802
v 0.000000 -0.548615 -0.529589
v -0.065082 -0.537223 -0.585666
v 0.000000 -0.692657 -0.113319
v -0.128356 -0.683262 -0.229316
v -0.064403 -0.690167 -0.171548
v 0.064086 -0.686770 -0.170704
v 0.125491 -0.668009 -0.224197
v -0.303843 -0.601228 -0.381838
v -0.063259 -0.612032 -0.389930
v -0.183069 -0.607079 -0.386364
v -0.249557 -0.633381 -0.335012
v -0.190738 -0.655959 -0.283081
v 0.304328 -0.602188 -0.382448
v 0.184887 -0.635836 -0.274397
v 0.243892 -0.619003 -0.327407
v 0.181771 -0.602775 -0.383624
v 0.063127 -0.610755 -0.389117
v -0.064467 -0.663755 -0.286011
v 0.000000 -0.640233 -0.340275
v 0.063768 -0.656563 -0.282912
v 0.852705 -0.577165 -0.090237
v 0.869547 -0.562361 -0.033877
v 0.814393 -0.605696 -0.210125
v 0.834727 -0.591899 -0.149257
v 0.999736 -0.512340 -0.101201
v 0.924914 -0.554815 -0.125686
v 0.990739 -0.528660 -0.160474
v 0.614322 -0.569757 -0.427586
v 0.661375 -0.577119 -0.372758
v 0.886203 -0.533543 -0.339634
v 0.781521 -0.560786 -0.359866
v 0.835600 -0.523838 -0.393124
v 0.715279 -0.589889 -0.321211
v 0.771207 -0.603491 -0.269795
v 1.226455 -0.391059 -0.234293
v 1.136023 -0.422937 -0.258768
v 1.190384 -0.390574 -0.293114
v 1.032389 -0.488198 -0.192753
v 1.079503 -0.453910 -0.224444
v 1.104301 -0.449422 -0.165822
v 0.991616 -0.446028 -0.334731
v 1.033631 -0.449326 -0.279437
v 0.972553 -0.494441 -0.311457
v 0.882489 -0.577672 -0.248866
v 0.931630 -0.537255 -0.281964
v 0.967567 -0.536035 -0.221628
v 0.104002 -0.361633 -0.745770
v 0.170733 -0.399564 -0.727181
v 0.375296 -0.360233 -0.720376
v 0.277851 -0.384836 -0.733724
v 0.305032 -0.323468 -0.738918
v 0.239804 -0.437046 -0.704900
v 0.310563 -0.474853 -0.681289
v 0.751442 -0.267376 -0.666762
v 0.671980 -0.295278 -0.692792
v 0.688516 -0.240719 -0.706306
v 0.605202 -0.391089 -0.633091
v 0.640141 -0.344293 -0.664262
v 0.694573 -0.365628 -0.616301
v 0.502830 -0.285459 -0.731278
v 0.576271 -0.317808 -0.704717
v 0.475339 -0.336506 -0.708023
v 0.492056 -0.534988 -0.535534
v 0.552543 -0.555738 -0.490276
v 0.374731 -0.497068 -0.632009
v 0.427532 -0.509259 -0.575757
v 0.638771 -0.468648 -0.566787
v 0.538877 -0.493657 -0.577000
v 0.575550 -0.445094 -0.608426
v 0.444118 -0.390028 -0.686470
v 0.505702 -0.413808 -0.641638
v 0.413198 -0.446753 -0.665479
v 1.370910 -0.047348 -0.442671
v 1.341707 -0.078016 -0.490919
v 1.306394 -0.029269 -0.500272
v 1.289846 -0.166420 -0.429507
v 1.327847 -0.124532 -0.463766
v 1.362877 -0.139335 -0.397283
v 1.194772 -0.087772 -0.577385
v 1.274043 -0.107341 -0.526007
v 1.196893 -0.135123 -0.555509
v 1.217586 -0.339843 -0.325132
v 1.228291 -0.295059 -0.348608
v 1.286920 -0.310689 -0.292063
v 1.111722 -0.263199 -0.457313
v 1.158131 -0.276406 -0.399719
v 1.083722 -0.302480 -0.428127
v 1.297656 -0.220979 -0.337310
v 1.237919 -0.250702 -0.371750
v 1.256348 -0.208891 -0.397616
v 0.859613 -0.191542 -0.667676
v 0.917678 -0.208820 -0.610458
v 0.846486 -0.236264 -0.638935
v 1.104648 -0.162209 -0.578529
v 1.008706 -0.185502 -0.594118
v 1.030594 -0.141423 -0.627153
v 0.975157 -0.272178 -0.536920
v 0.994381 -0.229996 -0.566514
v 1.054408 -0.247023 -0.513643
v 1.217219 -0.195029 -0.460522
v 1.125842 -0.219754 -0.483498
v 1.170699 -0.180021 -0.523344
v 0.671058 -0.537692 -0.476826
v 0.749924 -0.445348 -0.548701
v 0.714381 -0.493412 -0.515966
v 0.786340 -0.515599 -0.460336
v 0.866147 -0.474147 -0.426854
v 0.815941 -0.284389 -0.612690
v 0.930390 -0.314920 -0.502848
v 0.887396 -0.304285 -0.565086
v 0.796273 -0.336862 -0.593892
v 0.771758 -0.387835 -0.570852
v 1.117483 -0.368564 -0.345398
v 0.937587 -0.429629 -0.391006
v 1.017756 -0.395822 -0.364936
v 1.046162 -0.347382 -0.395140
v 0.992839 -0.332422 -0.449170
v 0.839229 -0.407960 -0.517109
v 0.907392 -0.364709 -0.476693
v 0.893532 -0.421231 -0.455226
v 0.945261 -0.543524 0.000000
v 1.060935 -0.484840 -0.066909
v 1.013986 -0.519254 -0.034196
v 1.035413 -0.530226 0.034918
v 1.088358 -0.497373 0.068638
v 1.300426 -0.362965 -0.201268
v 1.237808 -0.393720 -0.167073
v 1.210713 -0.384207 -0.033034
v 1.244771 -0.395323 -0.100083
v 1.292977 -0.360886 -0.065601
v 1.165597 -0.419744 -0.132183
v 1.113281 -0.451028 -0.100136
v 1.178698 -0.374919 0.159094
v 1.209401 -0.337558 0.187180
v 1.124249 -0.455472 0.101123
v 1.148999 -0.413767 0.130301
v 1.253749 -0.349937 0.063611
v 1.211790 -0.384849 0.097432
v 1.212066 -0.384637 0.033071
v 1.124087 -0.455765 -0.033725
v 1.172109 -0.420809 0.000000
v 1.140314 -0.462344 0.034212
v 1.412289 0.000000 -0.407522
v 1.444864 -0.048097 -0.395198
v 1.514813 -0.047749 -0.278111
v 1.519703 -0.049125 -0.345064
v 1.516371 0.000000 -0.299763
v 1.437685 -0.095385 -0.371314
v 1.403690 -0.138900 -0.341216
v 1.567728 -0.047399 -0.035572
v 1.579145 -0.047975 -0.096397
v 1.569464 0.000000 -0.059651
v 1.521228 -0.141761 -0.166447
v 1.573868 -0.096705 -0.133548
v 1.534506 -0.141527 -0.106212
v 1.574075 0.000000 -0.181812
v 1.558801 -0.047772 -0.156420
v 1.540786 -0.047918 -0.216189
v 1.361463 -0.272817 -0.264108
v 1.348847 -0.317541 -0.238305
v 1.385566 -0.184310 -0.314003
v 1.368691 -0.227453 -0.288389
v 1.451293 -0.230939 -0.173313
v 1.412632 -0.229547 -0.231441
v 1.474239 -0.187883 -0.200769
v 1.507024 -0.095193 -0.252798
v 1.494941 -0.142324 -0.227036
v 1.439467 -0.139775 -0.282845
v 1.319433 -0.043921 0.360890
v 1.314286 0.000000 0.379243
v 1.304124 -0.129048 0.317013
v 1.307675 -0.086759 0.337736
v 1.388197 0.000000 0.274425
v 1.347364 -0.043554 0.305933
v 1.375047 -0.043344 0.252451
v 1.249982 -0.294267 0.220838
v 1.266751 -0.253838 0.245735
v 1.348013 -0.171796 0.183578
v 1.305254 -0.212098 0.213848
v 1.340415 -0.213295 0.160072
v 1.284381 -0.213442 0.270625
v 1.285727 -0.171029 0.291377
v 1.535154 0.000000 0.058347
v 1.492887 -0.045355 0.091131
v 1.533648 -0.046369 0.034799
v 1.408618 -0.043808 0.197644
v 1.446295 -0.044324 0.145130
v 1.459269 0.000000 0.168551
v 1.425552 -0.131478 0.098671
v 1.427228 -0.087695 0.121105
v 1.361401 -0.126867 0.148959
v 1.327408 -0.128894 0.260826
v 1.348452 -0.128378 0.204789
v 1.365157 -0.086232 0.229000
v 1.373924 -0.324525 -0.171959
v 1.482160 -0.237889 -0.106736
v 1.430819 -0.281466 -0.139619
v 1.373084 -0.325008 -0.102546
v 1.345608 -0.318843 -0.034445
v 1.524938 -0.092786 0.000000
v 1.428764 -0.178342 0.066473
v 1.475634 -0.136413 0.034102
v 1.501263 -0.138782 -0.034695
v 1.510236 -0.188512 -0.070263
v 1.277346 -0.301713 0.159872
v 1.326077 -0.314215 0.033945
v 1.294142 -0.306322 0.096651
v 1.321939 -0.260047 0.128994
v 1.371949 -0.220200 0.098799
v 1.466104 -0.234955 -0.035265
v 1.410646 -0.226067 0.033931
v 1.393091 -0.275370 0.000000
v 0.099837 -0.305096 0.742774
v 0.305793 -0.279382 0.765329
v 0.201304 -0.291447 0.751432
v 0.102215 -0.267031 0.783121
v 0.102043 -0.221046 0.801735
v 0.714198 -0.199341 0.751338
v 0.616334 -0.221907 0.761735
v 0.422599 -0.167951 0.821225
v 0.519433 -0.194780 0.791665
v 0.515153 -0.143786 0.801767
v 0.519543 -0.244993 0.774263
v 0.422876 -0.267943 0.787307
v 0.104368 -0.077993 0.850798
v 0.104145 -0.029068 0.853083
v 0.104045 -0.174582 0.828547
v 0.104991 -0.127853 0.848435
v 0.312505 -0.087224 0.839150
v 0.210102 -0.107910 0.846840
v 0.316080 -0.138026 0.840017
v 0.317504 -0.238954 0.809795
v 0.316068 -0.187518 0.822205
v 0.206445 -0.203901 0.809421
v 1.188516 0.000000 0.511908
v 1.105519 0.056741 0.599114
v 1.155814 0.028309 0.558977
v 1.164535 -0.028523 0.563195
v 1.112451 -0.057096 0.602871
v 0.791753 0.163285 0.702529
v 0.882787 0.139322 0.687345
v 0.922260 0.029491 0.719752
v 0.901575 0.084890 0.703061
v 0.832288 0.056268 0.738497
v 0.967316 0.113294 0.665252
v 1.043363 0.086152 0.637808
v 0.896899 -0.141549 0.698333
v 0.804831 -0.165982 0.714134
v 1.045738 -0.086349 0.639260
v 0.978690 -0.114626 0.673075
v 0.833882 -0.056376 0.739911
v 0.909412 -0.085628 0.709172
v 0.918988 -0.029386 0.717198
v 1.058187 0.029122 0.646361
v 0.992385 0.000000 0.684568
v 1.077794 -0.029662 0.658338
v 0.098395 0.300689 0.732046
v 0.100867 0.218498 0.792495
v 0.099411 0.259704 0.761632
v 0.195059 0.282406 0.728121
v 0.291033 0.265898 0.728390
v 0.101801 0.028414 0.833881
v 0.100811 0.075335 0.821796
v 0.297487 0.129907 0.790603
v 0.201136 0.103305 0.810699
v 0.304748 0.085059 0.818319
v 0.100420 0.122287 0.811499
v 0.101043 0.169544 0.804639
v 0.576636 0.207614 0.712672
v 0.677763 0.189172 0.713008
v 0.379951 0.240746 0.707391
v 0.475010 0.223994 0.707897
v 0.485487 0.135505 0.755595
v 0.481361 0.180503 0.733639
v 0.387394 0.153959 0.752812
v 0.198377 0.195932 0.777788
v 0.293937 0.174388 0.764635
v 0.292265 0.219959 0.745424
v 0.724439 -0.142766 0.759574
v 0.745627 -0.029958 0.779322
v 0.729123 -0.085561 0.762883
v 0.622960 -0.114927 0.784282
v 0.519704 -0.086723 0.801918
v 0.706927 0.139315 0.741213
v 0.512683 0.085552 0.791085
v 0.607878 0.112145 0.765294
v 0.730850 0.085763 0.764689
v 0.745857 0.029967 0.779562
v 0.207176 0.000000 0.843263
v 0.419565 -0.058161 0.832452
v 0.313425 -0.029141 0.839672
v 0.309413 0.028768 0.828925
v 0.410990 0.056973 0.815438
v 0.630721 0.000000 0.790231
v 0.524625 0.029286 0.810741
v 0.521591 -0.029116 0.806052
v -0.843707 -0.571075 0.089284
v -0.784559 -0.583508 0.202427
v -0.823351 -0.583831 0.147223
v -0.902690 -0.541483 0.122666
v -0.973836 -0.519641 0.157736
v -0.600765 -0.557183 0.418149
v -0.645883 -0.563601 0.364027
v -0.857224 -0.516096 0.328528
v -0.756286 -0.542678 0.348247
v -0.827350 -0.518666 0.389243
v -0.695852 -0.573868 0.312487
v -0.740855 -0.579739 0.259177
v -1.166203 -0.434172 0.265643
v -1.187530 -0.389638 0.292412
v -1.039019 -0.491333 0.193991
v -1.111024 -0.467164 0.230997
v -1.042631 -0.468975 0.351951
v -1.075343 -0.467458 0.290713
v -0.971400 -0.493855 0.311088
v -0.844030 -0.552496 0.238021
v -0.906036 -0.522495 0.274218
v -0.934271 -0.517589 0.214002
v -0.156654 -0.366615 0.667216
v -0.343728 -0.329933 0.659783
v -0.253429 -0.351010 0.669232
v -0.217179 -0.395811 0.638394
v -0.277500 -0.424299 0.608757
v -0.737651 -0.262469 0.654524
v -0.650765 -0.285955 0.670920
v -0.593774 -0.383704 0.621137
v -0.639249 -0.343814 0.663336
v -0.701833 -0.369450 0.622743
v -0.553271 -0.305124 0.676590
v -0.447094 -0.316511 0.665952
v -0.463533 -0.503976 0.504490
v -0.521818 -0.524835 0.463013
v -0.341946 -0.453579 0.576714
v -0.406810 -0.484576 0.547851
v -0.614062 -0.450520 0.544863
v -0.507926 -0.465303 0.543859
v -0.555837 -0.429849 0.587587
v -0.412710 -0.362445 0.637923
v -0.487317 -0.398764 0.618310
v -0.379249 -0.410047 0.610801
v -1.324170 -0.076997 0.484502
v -1.328342 -0.171387 0.442326
v -1.340622 -0.125730 0.468228
v -1.271294 -0.107110 0.524872
v -1.210404 -0.136648 0.561780
v -1.232972 -0.344138 0.329241
v -1.284114 -0.308468 0.364451
v -1.179378 -0.279216 0.485144
v -1.229487 -0.293436 0.424347
v -1.167599 -0.325891 0.461263
v -1.307410 -0.264775 0.392618
v -1.317564 -0.219069 0.416990
v -0.925879 -0.210686 0.615914
v -0.846160 -0.236174 0.638689
v -1.118377 -0.164225 0.585719
v -1.020729 -0.187713 0.601199
v -1.011765 -0.282396 0.557076
v -1.015886 -0.234970 0.578766
v -1.086850 -0.254624 0.529446
v -1.258315 -0.201614 0.476070
v -1.181531 -0.230624 0.507414
v -1.208488 -0.185832 0.540236
v -0.636992 -0.510397 0.452621
v -0.734400 -0.436129 0.537343
v -0.680603 -0.470082 0.491569
v -0.761843 -0.499536 0.445995
v -0.872845 -0.477814 0.430154
v -0.818476 -0.285272 0.614593
v -0.996964 -0.337454 0.538829
v -0.903654 -0.309860 0.575439
v -0.802848 -0.339643 0.598796
v -0.776002 -0.389968 0.573991
v -1.167786 -0.385155 0.360946
v -0.991826 -0.454483 0.413625
v -1.101976 -0.428577 0.395135
v -1.125133 -0.373604 0.424968
v -1.061100 -0.355277 0.480052
v -0.841252 -0.408944 0.518356
v -0.959645 -0.385711 0.504144
v -0.906814 -0.427492 0.461992
v -0.166038 -0.388576 -0.707183
v -0.298389 -0.456238 -0.654581
v -0.230676 -0.420409 -0.678068
v -0.268559 -0.371966 -0.709187
v -0.367546 -0.352795 -0.705501
v -0.523215 -0.526241 -0.464254
v -0.474536 -0.515940 -0.516465
v -0.576728 -0.446005 -0.609671
v -0.520081 -0.476439 -0.556875
v -0.630699 -0.462726 -0.559625
v -0.419573 -0.499779 -0.565038
v -0.368257 -0.488480 -0.621090
v -0.669361 -0.294127 -0.690092
v -0.762427 -0.271285 -0.676509
v -0.468298 -0.331522 -0.697536
v -0.570779 -0.314779 -0.698000
v -0.714591 -0.376166 -0.634063
v -0.650562 -0.349898 -0.675075
v -0.614718 -0.397238 -0.643045
v -0.408830 -0.442030 -0.658443
v -0.515936 -0.422181 -0.654621
v -0.438908 -0.385452 -0.678417
v -0.821402 -0.555977 -0.086924
v -0.929565 -0.496018 -0.150565
v -0.874586 -0.524625 -0.118847
v -0.772889 -0.548049 -0.138200
v -0.732690 -0.544931 -0.189044
v -1.110142 -0.364246 -0.273356
v -1.057818 -0.393821 -0.240954
v -0.922495 -0.468992 -0.295426
v -0.986733 -0.428939 -0.266758
v -0.962627 -0.432989 -0.324945
v -1.007216 -0.423515 -0.209414
v -0.968288 -0.457886 -0.180785
v -0.628616 -0.548533 -0.354295
v -0.585527 -0.543050 -0.407543
v -0.703018 -0.550131 -0.245941
v -0.661679 -0.545686 -0.297141
v -0.788127 -0.494077 -0.370790
v -0.729480 -0.523443 -0.335903
v -0.830954 -0.500280 -0.318461
v -0.904964 -0.501352 -0.207289
v -0.866358 -0.499614 -0.262209
v -0.802752 -0.525477 -0.226380
v -1.274255 -0.074094 -0.466239
v -1.143669 -0.129114 -0.530807
v -1.197094 -0.100858 -0.494237
v -1.243837 -0.116653 -0.434425
v -1.254084 -0.161806 -0.417599
v -0.872829 -0.243617 -0.658819
v -0.954938 -0.217298 -0.635244
v -1.059804 -0.248287 -0.516271
v -1.014387 -0.234623 -0.577911
v -1.002443 -0.279794 -0.551943
v -1.019170 -0.187426 -0.600281
v -1.090507 -0.160132 -0.571123
v -1.185921 -0.284881 -0.336583
v -1.167559 -0.325880 -0.311773
v -1.250882 -0.207982 -0.395886
v -1.221936 -0.247465 -0.366950
v -1.068741 -0.298299 -0.422209
v -1.136046 -0.271135 -0.392097
v -1.095049 -0.259251 -0.450454
v -1.138574 -0.175081 -0.508983
v -1.117997 -0.218222 -0.480128
v -1.191369 -0.190887 -0.450742
v -0.627818 -0.503046 -0.446102
v -0.821707 -0.449820 -0.404953
v -0.732734 -0.480450 -0.428954
v -0.682066 -0.471093 -0.492626
v -0.735832 -0.436979 -0.538391
v -1.072956 -0.353878 -0.331636
v -1.012468 -0.338994 -0.458050
v -1.043560 -0.346518 -0.394157
v -1.009591 -0.392647 -0.362009
v -0.921522 -0.422268 -0.384306
v -0.840982 -0.293116 -0.631493
v -0.774884 -0.389406 -0.573165
v -0.817926 -0.346022 -0.610042
v -0.911743 -0.312633 -0.580590
v -0.962023 -0.325627 -0.519945
v -0.872397 -0.411267 -0.444458
v -0.937908 -0.376975 -0.492725
v -0.838075 -0.407399 -0.516398
v 1.216356 0.000000 -0.523898
v 1.135013 -0.058254 -0.615098
v 1.174434 -0.028765 -0.567982
v 1.150699 0.028184 -0.556503
v 1.087836 0.055833 -0.589531
v 0.794793 -0.163912 -0.705227
v 0.886769 -0.139950 -0.690445
v 0.881332 -0.028182 -0.687811
v 0.896161 -0.084381 -0.698839
v 0.818047 -0.055305 -0.725860
v 0.965054 -0.113029 -0.663696
v 1.045841 -0.086357 -0.639323
v 0.864616 0.136454 -0.673197
v 0.773092 0.159436 -0.685971
v 1.015580 0.083858 -0.620824
v 0.941759 0.110300 -0.647676
v 0.790012 0.053410 -0.700984
v 0.864257 0.081376 -0.673960
v 0.858853 0.027464 -0.670267
v 1.047394 -0.028825 -0.639768
v 0.947984 0.000000 -0.653939
v 1.023502 0.028168 -0.625175
v 0.102126 -0.312092 -0.759808
v 0.100113 -0.216863 -0.786565
v 0.101038 -0.263956 -0.774101
v 0.205666 -0.297762 -0.767715
v 0.302554 -0.276423 -0.757222
v 0.107296 -0.029948 -0.878893
v 0.103861 -0.077615 -0.846664
v 0.304483 -0.132962 -0.809197
v 0.202862 -0.104192 -0.817659
v 0.305234 -0.085195 -0.819626
v 0.101493 -0.123594 -0.820172
v 0.100776 -0.169096 -0.802510
v 0.595537 -0.214419 -0.736031
v 0.682895 -0.190604 -0.718407
v 0.406953 -0.257854 -0.757662
v 0.505958 -0.238587 -0.754017
v 0.501059 -0.139852 -0.779831
v 0.500483 -0.187674 -0.762783
v 0.403775 -0.160470 -0.784645
v 0.201848 -0.199360 -0.791394
v 0.302693 -0.179583 -0.787411
v 0.304957 -0.229511 -0.777795
v 0.104646 0.319792 -0.778554
v 0.312460 0.285473 -0.782015
v 0.206406 0.298834 -0.770477
v 0.104077 0.271893 -0.797380
v 0.103296 0.223761 -0.811581
v 0.673522 0.187988 -0.708547
v 0.588544 0.211902 -0.727389
v 0.418456 0.166304 -0.813174
v 0.503978 0.188984 -0.768110
v 0.506428 0.141350 -0.788187
v 0.507761 0.239437 -0.756704
v 0.420330 0.266331 -0.782568
v 0.107475 0.080315 -0.876127
v 0.107537 0.030015 -0.880865
v 0.104767 0.175793 -0.834294
v 0.107058 0.130370 -0.865141
v 0.318277 0.088835 -0.854649
v 0.213801 0.109810 -0.861748
v 0.314532 0.137350 -0.835902
v 0.318167 0.239453 -0.811487
v 0.317261 0.188226 -0.825308
v 0.207892 0.205329 -0.815091
v 0.704516 -0.138840 -0.738685
v 0.515073 -0.085951 -0.794773
v 0.604782 -0.111574 -0.761397
v 0.713425 -0.083718 -0.746457
v 0.712833 -0.028640 -0.745046
v 0.214974 0.000000 -0.875004
v 0.419574 0.058163 -0.832469
v 0.324600 0.030180 -0.869610
v 0.318372 -0.029601 -0.852925
v 0.416226 -0.057698 -0.825827
v 0.684132 0.134823 -0.717311
v 0.711974 0.028606 -0.744148
v 0.700461 0.082197 -0.732893
v 0.601557 0.110979 -0.757337
v 0.512226 0.085476 -0.790380
v 0.523521 -0.029224 -0.809035
v 0.514334 0.028711 -0.794839
v 0.622469 0.000000 -0.779891
v 1.345655 0.044794 0.368062
v 1.433220 0.045177 0.263131
v 1.400708 0.045278 0.318045
v 1.374063 0.091164 0.354882
v 1.385314 0.137082 0.336750
v 1.542270 0.046630 0.034994
v 1.515109 0.046030 0.092488
v 1.522192 0.141851 0.166553
v 1.516134 0.093158 0.128649
v 1.541915 0.142211 0.106725
v 1.494644 0.045806 0.149982
v 1.468890 0.045682 0.206101
v 1.348715 0.270263 0.261635
v 1.322777 0.311404 0.233699
v 1.381019 0.183705 0.312973
v 1.365663 0.226950 0.287751
v 1.465343 0.233175 0.174991
v 1.428198 0.232076 0.233991
v 1.485018 0.189257 0.202236
v 1.451017 0.091655 0.243403
v 1.479143 0.140820 0.224637
v 1.435783 0.139417 0.282121
v 1.412355 0.047015 -0.386306
v 1.409658 0.139491 -0.342667
v 1.401109 0.092958 -0.361868
v 1.470358 0.047530 -0.333860
v 1.520264 0.047921 -0.279112
v 1.348986 0.317574 -0.238329
v 1.376863 0.275903 -0.267095
v 1.470730 0.187436 -0.200291
v 1.422156 0.231094 -0.233001
v 1.480608 0.235604 -0.176813
v 1.372668 0.228114 -0.289227
v 1.389633 0.184851 -0.314925
v 1.605229 0.048768 -0.097989
v 1.565349 0.047327 -0.035518
v 1.553345 0.048309 -0.217951
v 1.582876 0.048510 -0.158836
v 1.577213 0.145466 -0.109168
v 1.591028 0.097760 -0.135004
v 1.539968 0.143507 -0.168498
v 1.452563 0.141046 -0.285418
v 1.478545 0.140763 -0.224546
v 1.508999 0.095318 -0.253129
v 0.967668 0.556408 0.000000
v 1.065333 0.486850 0.067186
v 1.025151 0.524971 0.034572
v 1.027778 0.526317 -0.034661
v 1.080463 0.493765 -0.068140
v 1.241916 0.346634 0.192213
v 1.185923 0.377217 0.160070
v 1.243561 0.394631 0.033930
v 1.232671 0.391480 0.099111
v 1.294617 0.361343 0.065684
v 1.167957 0.420593 0.132451
v 1.113662 0.451183 0.100170
v 1.225106 0.389680 -0.165358
v 1.284005 0.358381 -0.198727
v 1.123375 0.455118 -0.101044
v 1.183768 0.426287 -0.134244
v 1.305071 0.364261 -0.066215
v 1.243017 0.394766 -0.099942
v 1.247250 0.395802 -0.034031
v 1.119105 0.453745 0.033576
v 1.190698 0.427483 0.000000
v 1.143387 0.463590 -0.034305
v 1.575463 0.095860 0.000000
v 1.555487 0.194160 -0.072369
v 1.582380 0.146281 -0.036569
v 1.555949 0.143838 0.035958
v 1.539871 0.192211 0.071642
v 1.371601 0.323976 -0.171669
v 1.384647 0.328094 -0.035444
v 1.394201 0.330006 -0.104124
v 1.445555 0.284365 -0.141057
v 1.524615 0.244703 -0.109793
v 1.349999 0.318874 0.168965
v 1.479339 0.237436 0.106532
v 1.432746 0.281845 0.139807
v 1.350927 0.319763 0.100892
v 1.354642 0.320984 0.034676
v 1.491060 0.238954 -0.035866
v 1.427805 0.282232 0.000000
v 1.495601 0.239682 0.035975
f 1 643 645
f 163 644 643
f 165 645 644
f 643 644 645
f 43 646 648
f 164 647 646
f 163 648 647
f 646 647 648
f 45 649 651
f 165 650 649
f 164 651 650
f 649 650 651
f 163 647 644
f 164 650 647
f 165 644 650
f 647 650 644
f 13 652 654
f 166 653 652
f 168 654 653
f 652 653 654
f 44 655 657
f 167 656 655
f 166 657 656
f 655 656 657
f 43 658 660
f 168 659 658
f 167 660 659
f 658 659 660
f 166 656 653
f 167 659 656
f 168 653 659
f 656 659 653
f 15 661 663
f 169 662 661
f 171 663 662
f 661 662 663
f 45 664 666
f 170 665 664
f 169 666 665
f 664 665 666
f 44 667 669
f 171 668 667
f 170 669 668
f 667 668 669
f 169 665 662
f 170 668 665
f 171 662 668
f 665 668 662
f 43 660 646
f 167 670 660
f 164 646 670
f 660 670 646
f 44 669 655
f 170 671 669
f 167 655 671
f 669 671 655
f 45 651 664
f 164 672 651
f 170 664 672
f 651 672 664
f 167 671 670
f 170 672 671
f 164 670 672
f 671 672 670
f 12 673 675
f 172 674 673
f 174 675 674
f 673 674 675
f 46 676 678
f 173 677 676
f 172 678 677
f 676 677 678
f 48 679 681
f 174 680 679
f 173 681 680
f 679 680 681
f 172 677 674
f 173 680 677
f 174 674 680
f 677 680 674
f 14 682 684
f 175 683 682
f 177 684 683
f 682 683 684
f 47 685 687
f 176 686 685
f 175 687 686
f 685 686 687
f 46 688 690
f 177 689 688
f 176 690 689
f 688 689 690
f 175 686 683
f 176 689 686
f 177 683 689
f 686 689 683
f 13 691 693
f 178 692 691
f 180 693 692
f 691 692 693
f 48 694 696
f 179 695 694
f 178 696 695
f 694 695 696
f 47 697 699
f 180 698 697
f 179 699 698
f 697 698 699
f 178 695 692
f 179 698 695
f 180 692 698
f 695 698 692
f 46 690 676
f 176 700 690
f 173 676 700
f 690 700 676
f 47 699 685
f 179 701 699
f 176 685 701
f 699 701 685
f 48 681 694
f 173 702 681
f 179 694 702
f 681 702 694
f 176 701 700
f 179 702 701
f 173 700 702
f 701 702 700
f 6 703 705
f 181 704 703
f 183 705 704
f 703 704 705
f 49 706 708
f 182 707 706
f 181 708 707
f 706 707 708
f 51 709 711
f 183 710 709
f 182 711 710
f 709 710 711
f 181 707 704
f 182 710 707
f 183 704 710
f 707 710 704
f 15 712 714
f 184 713 712
f 186 714 713
f 712 713 714
f 50 715 717
f 185 716 715
f 184 717 716
f 715 716 717
f 49 718 720
f 186 719 718
f 185 720 719
f 718 719 720
f 184 716 713
f 185 719 716
f 186 713 719
f 716 719 713
f 14 721 723
f 187 722 721
f 189 723 722
f 721 722 723
f 51 724 726
f 188 725 724
f 187 726 725
f 724 725 726
f 50 727 729
f 189 728 727
f 188 729 728
f 727 728 729
f 187 725 722
f 188 728 725
f 189 722 728
f 725 728 722
f 49 720 706
f 185 730 720
f 182 706 730
f 720 730 706
f 50 729 715
f 188 731 729
f 185 715 731
f 729 731 715
f 51 711 724
f 182 732 711
f 188 724 732
f 711 732 724
f 185 731 730
f 188 732 731
f 182 730 732
f 731 732 730
f 13 693 652
f 180 733 693
f 166 652 733
f 693 733 652
f 47 734 697
f 190 735 734
f 180 697 735
f 734 735 697
f 44 657 737
f 166 736 657
f 190 737 736
f 657 736 737
f 180 735 733
f 190 736 735
f 166 733 736
f 735 736 733
f 14 723 682
f 189 738 723
f 175 682 738
f 723 738 682
f 50 739 727
f 191 740 739
f 189 727 740
f 739 740 727
f 47 687 742
f 175 741 687
f 191 742 741
f 687 741 742
f 189 740 738
f 191 741 740
f 175 738 741
f 740 741 738
f 15 663 712
f 171 743 663
f 184 712 743
f 663 743 712
f 44 744 667
f 192 745 744
f 171 667 745
f 744 745 667
f 50 717 747
f 184 746 717
f 192 747 746
f 717 746 747
f 171 745 743
f 192 746 745
f 184 743 746
f 745 746 743
f 47 742 734
f 191 748 742
f 190 734 748
f 742 748 734
f 50 747 739
f 192 749 747
f 191 739 749
f 747 749 739
f 44 737 744
f 190 750 737
f 192 744 750
f 737 750 744
f 191 749 748
f 192 750 749
f 190 748 750
f 749 750 748
f 1 645 752
f 165 751 645
f 194 752 751
f 645 751 752
f 45 753 649
f 193 754 753
f 165 649 754
f 753 754 649
f 53 755 757
f 194 756 755
f 193 757 756
f 755 756 757
f 165 754 751
f 193 756 754
f 194 751 756
f 754 756 751
f 15 758 661
f 195 759 758
f 169 661 759
f 758 759 661
f 52 760 762
f 196 761 760
f 195 762 761
f 760 761 762
f 45 666 764
f 169 763 666
f 196 764 763
f 666 763 764
f 195 761 759
f 196 763 761
f 169 759 763
f 761 763 759
f 17 765 767
f 197 766 765
f 199 767 766
f 765 766 767
f 53 768 770
f 198 769 768
f 197 770 769
f 768 769 770
f 52 771 773
f 199 772 771
f 198 773 772
f 771 772 773
f 197 769 766
f 198 772 769
f 199 766 772
f 769 772 766
f 45 764 753
f 196 774 764
f 193 753 774
f 764 774 753
f 52 773 760
f 198 775 773
f 196 760 775
f 773 775 760
f 53 757 768
f 193 776 757
f 198 768 776
f 757 776 768
f 196 775 774
f 198 776 775
f 193 774 776
f 775 776 774
f 6 777 703
f 200 778 777
f 181 703 778
f 777 778 703
f 54 779 781
f 201 780 779
f 200 781 780
f 779 780 781
f 49 708 783
f 181 782 708
f 201 783 782
f 708 782 783
f 200 780 778
f 201 782 780
f 181 778 782
f 780 782 778
f 16 784 786
f 202 785 784
f 204 786 785
f 784 785 786
f 55 787 789
f 203 788 787
f 202 789 788
f 787 788 789
f 54 790 792
f 204 791 790
f 203 792 791
f 790 791 792
f 202 788 785
f 203 791 788
f 204 785 791
f 788 791 785
f 15 714 794
f 186 793 714
f 206 794 793
f 714 793 794
f 49 795 718
f 205 796 795
f 186 718 796
f 795 796 718
f 55 797 799
f 206 798 797
f 205 799 798
f 797 798 799
f 186 796 793
f 205 798 796
f 206 793 798
f 796 798 793
f 54 792 779
f 203 800 792
f 201 779 800
f 792 800 779
f 55 799 787
f 205 801 799
f 203 787 801
f 799 801 787
f 49 783 795
f 201 802 783
f 205 795 802
f 783 802 795
f 203 801 800
f 205 802 801
f 201 800 802
f 801 802 800
f 2 803 805
f 207 804 803
f 209 805 804
f 803 804 805
f 56 806 808
f 208 807 806
f 207 808 807
f 806 807 808
f 58 809 811
f 209 810 809
f 208 811 810
f 809 810 811
f 207 807 804
f 208 810 807
f 209 804 810
f 807 810 804
f 17 812 814
f 210 813 812
f 212 814 813
f 812 813 814
f 57 815 817
f 211 816 815
f 210 817 816
f 815 816 817
f 56 818 820
f 212 819 818
f 211 820 819
f 818 819 820
f 210 816 813
f 211 819 816
f 212 813 819
f 816 819 813
f 16 821 823
f 213 822 821
f 215 823 822
f 821 822 823
f 58 824 826
f 214 825 824
f 213 826 825
f 824 825 826
f 57 827 829
f 215 828 827
f 214 829 828
f 827 828 829
f 213 825 822
f 214 828 825
f 215 822 828
f 825 828 822
f 56 820 806
f 211 830 820
f 208 806 830
f 820 830 806
f 57 829 815
f 214 831 829
f 211 815 831
f 829 831 815
f 58 811 824
f 208 832 811
f 214 824 832
f 811 832 824
f 211 831 830
f 214 832 831
f 208 830 832
f 831 832 830
f 15 794 758
f 206 833 794
f 195 758 833
f 794 833 758
f 55 834 797
f 216 835 834
f 206 797 835
f 834 835 797
f 52 762 837
f 195 836 762
f 216 837 836
f 762 836 837
f 206 835 833
f 216 836 835
f 195 833 836
f 835 836 833
f 16 823 784
f 215 838 823
f 202 784 838
f 823 838 784
f 57 839 827
f 217 840 839
f 215 827 840
f 839 840 827
f 55 789 842
f 202 841 789
f 217 842 841
f 789 841 842
f 215 840 838
f 217 841 840
f 202 838 841
f 840 841 838
f 17 767 812
f 199 843 767
f 210 812 843
f 767 843 812
f 52 844 771
f 218 845 844
f 199 771 845
f 844 845 771
f 57 817 847
f 210 846 817
f 218 847 846
f 817 846 847
f 199 845 843
f 218 846 845
f 210 843 846
f 845 846 843
f 55 842 834
f 217 848 842
f 216 834 848
f 842 848 834
f 57 847 839
f 218 849 847
f 217 839 849
f 847 849 839
f 52 837 844
f 216 850 837
f 218 844 850
f 837 850 844
f 217 849 848
f 218 850 849
f 216 848 850
f 849 850 848
f 1 752 852
f 194 851 752
f 220 852 851
f 752 851 852
f 53 853 755
f 219 854 853
f 194 755 854
f 853 854 755
f 60 855 857
f 220 856 855
f 219 857 856
f 855 856 857
f 194 854 851
f 219 856 854
f 220 851 856
f 854 856 851
f 17 858 765
f 221 859 858
f 197 765 859
f 858 859 765
f 59 860 862
f 222 861 860
f 221 862 861
f 860 861 862
f 53 770 864
f 197 863 770
f 222 864 863
f 770 863 864
f 221 861 859
f 222 863 861
f 197 859 863
f 861 863 859
f 19 865 867
f 223 866 865
f 225 867 866
f 865 866 867
f 60 868 870
f 224 869 868
f 223 870 869
f 868 869 870
f 59 871 873
f 225 872 871
f 224 873 872
f 871 872 873
f 223 869 866
f 224 872 869
f 225 866 872
f 869 872 866
f 53 864 853
f 222 874 864
f 219 853 874
f 864 874 853
f 59 873 860
f 224 875 873
f 222 860 875
f 873 875 860
f 60 857 868
f 219 876 857
f 224 868 876
f 857 876 868
f 222 875 874
f 224 876 875
f 219 874 876
f 875 876 874
f 2 877 803
f 226 878 877
f 207 803 878
f 877 878 803
f 61 879 881
f 227 880 879
f 226 881 880
f 879 880 881
f 56 808 883
f 207 882 808
f 227 883 882
f 808 882 883
f 226 880 878
f 227 882 880
f 207 878 882
f 880 882 878
f 18 884 886
f 228 885 884
f 230 886 885
f 884 885 886
f 62 887 889
f 229 888 887
f 228 889 888
f 887 888 889
f 61 890 892
f 230 891 890
f 229 892 891
f 890 891 892
f 228 888 885
f 229 891 888
f 230 885 891
f 888 891 885
f 17 814 894
f 212 893 814
f 232 894 893
f 814 893 894
f 56 895 818
f 231 896 895
f 212 818 896
f 895 896 818
f 62 897 899
f 232 898 897
f 231 899 898
f 897 898 899
f 212 896 893
f 231 898 896
f 232 893 898
f 896 898 893
f 61 892 879
f 229 900 892
f 227 879 900
f 892 900 879
f 62 899 887
f 231 901 899
f 229 887 901
f 899 901 887
f 56 883 895
f 227 902 883
f 231 895 902
f 883 902 895
f 229 901 900
f 231 902 901
f 227 900 902
f 901 902 900
f 8 903 905
f 233 904 903
f 235 905 904
f 903 904 905
f 63 906 908
f 234 907 906
f 233 908 907
f 906 907 908
f 65 909 911
f 235 910 909
f 234 911 910
f 909 910 911
f 233 907 904
f 234 910 907
f 235 904 910
f 907 910 904
f 19 912 914
f 236 913 912
f 238 914 913
f 912 913 914
f 64 915 917
f 237 916 915
f 236 917 916
f 915 916 917
f 63 918 920
f 238 919 918
f 237 920 919
f 918 919 920
f 236 916 913
f 237 919 916
f 238 913 919
f 916 919 913
f 18 921 923
f 239 922 921
f 241 923 922
f 921 922 923
f 65 924 926
f 240 925 924
f 239 926 925
f 924 925 926
f 64 927 929
f 241 928 927
f 240 929 928
f 927 928 929
f 239 925 922
f 240 928 925
f 241 922 928
f 925 928 922
f 63 920 906
f 237 930 920
f 234 906 930
f 920 930 906
f 64 929 915
f 240 931 929
f 237 915 931
f 929 931 915
f 65 911 924
f 234 932 911
f 240 924 932
f 911 932 924
f 237 931 930
f 240 932 931
f 234 930 932
f 931 932 930
f 17 894 858
f 232 933 894
f 221 858 933
f 894 933 858
f 62 934 897
f 242 935 934
f 232 897 935
f 934 935 897
f 59 862 937
f 221 936 862
f 242 937 936
f 862 936 937
f 232 935 933
f 242 936 935
f 221 933 936
f 935 936 933
f 18 923 884
f 241 938 923
f 228 884 938
f 923 938 884
f 64 939 927
f 243 940 939
f 241 927 940
f 939 940 927
f 62 889 942
f 228 941 889
f 243 942 941
f 889 941 942
f 241 940 938
f 243 941 940
f 228 938 941
f 940 941 938
f 19 867 912
f 225 943 867
f 236 912 943
f 867 943 912
f 59 944 871
f 244 945 944
f 225 871 945
f 944 945 871
f 64 917 947
f 236 946 917
f 244 947 946
f 917 946 947
f 225 945 943
f 244 946 945
f 236 943 946
f 945 946 943
f 62 942 934
f 243 948 942
f 242 934 948
f 942 948 934
f 64 947 939
f 244 949 947
f 243 939 949
f 947 949 939
f 59 937 944
f 242 950 937
f 244 944 950
f 937 950 944
f 243 949 948
f 244 950 949
f 242 948 950
f 949 950 948
f 1 852 952
f 220 951 852
f 246 952 951
f 852 951 952
f 60 953 855
f 245 954 953
f 220 855 954
f 953 954 855
f 67 955 957
f 246 956 955
f 245 957 956
f 955 956 957
f 220 954 951
f 245 956 954
f 246 951 956
f 954 956 951
f 19 958 865
f 247 959 958
f 223 865 959
f 958 959 865
f 66 960 962
f 248 961 960
f 247 962 961
f 960 961 962
f 60 870 964
f 223 963 870
f 248 964 963
f 870 963 964
f 247 961 959
f 248 963 961
f 223 959 963
f 961 963 959
f 21 965 967
f 249 966 965
f 251 967 966
f 965 966 967
f 67 968 970
f 250 969 968
f 249 970 969
f 968 969 970
f 66 971 973
f 251 972 971
f 250 973 972
f 971 972 973
f 249 969 966
f 250 972 969
f 251 966 972
f 969 972 966
f 60 964 953
f 248 974 964
f 245 953 974
f 964 974 953
f 66 973 960
f 250 975 973
f 248 960 975
f 973 975 960
f 67 957 968
f 245 976 957
f 250 968 976
f 957 976 968
f 248 975 974
f 250 976 975
f 245 974 976
f 975 976 974
f 8 977 903
f 252 978 977
f 233 903 978
f 977 978 903
f 68 979 981
f 253 980 979
f 252 981 980
f 979 980 981
f 63 908 983
f 233 982 908
f 253 983 982
f 908 982 983
f 252 980 978
f 253 982 980
f 233 978 982
f 980 982 978
f 20 984 986
f 254 985 984
f 256 986 985
f 984 985 986
f 69 987 989
f 255 988 987
f 254 989 988
f 987 988 989
f 68 990 992
f 256 991 990
f 255 992 991
f 990 991 992
f 254 988 985
f 255 991 988
f 256 985 991
f 988 991 985
f 19 914 994
f 238 993 914
f 258 994 993
f 914 993 994
f 63 995 918
f 257 996 995
f 238 918 996
f 995 996 918
f 69 997 999
f 258 998 997
f 257 999 998
f 997 998 999
f 238 996 993
f 257 998 996
f 258 993 998
f 996 998 993
f 68 992 979
f 255 1000 992
f 253 979 1000
f 992 1000 979
f 69 999 987
f 257 1001 999
f 255 987 1001
f 999 1001 987
f 63 983 995
f 253 1002 983
f 257 995 1002
f 983 1002 995
f 255 1001 1000
f 257 1002 1001
f 253 1000 1002
f 1001 1002 1000
f 11 1003 1005
f 259 1004 1003
f 261 1005 1004
f 1003 1004 1005
f 70 1006 1008
f 260 1007 1006
f 259 1008 1007
f 1006 1007 1008
f 72 1009 1011
f 261 1010 1009
f 260 1011 1010
f 1009 1010 1011
f 259 1007 1004
f 260 1010 1007
f 261 1004 1010
f 1007 1010 1004
f 21 1012 1014
f 262 1013 1012
f 264 1014 1013
f 1012 1013 1014
f 71 1015 1017
f 263 1016 1015
f 262 1017 1016
f 1015 1016 1017
f 70 1018 1020
f 264 1019 1018
f 263 1020 1019
f 1018 1019 1020
f 262 1016 1013
f 263 1019 1016
f 264 1013 1019
f 1016 1019 1013
f 20 1021 1023
f 265 1022 1021
f 267 1023 1022
f 1021 1022 1023
f 72 1024 1026
f 266 1025 1024
f 265 1026 1025
f 1024 1025 1026
f 71 1027 1029
f 267 1028 1027
f 266 1029 1028
f 1027 1028 1029
f 265 1025 1022
f 266 1028 1025
f 267 1022 1028
f 1025 1028 1022
f 70 1020 1006
f 263 1030 1020
f 260 1006 1030
f 1020 1030 1006
f 71 1029 1015
f 266 1031 1029
f 263 1015 1031
f 1029 1031 1015
f 72 1011 1024
f 260 1032 1011
f 266 1024 1032
f 1011 1032 1024
f 263 1031 1030
f 266 1032 1031
f 260 1030 1032
f 1031 1032 1030
f 19 994 958
f 258 1033 994
f 247 958 1033
f 994 1033 958
f 69 1034 997
f 268 1035 1034
f 258 997 1035
f 1034 1035 997
f 66 962 1037
f 247 1036 962
f 268 1037 1036
f 962 1036 1037
f 258 1035 1033
f 268 1036 1035
f 247 1033 1036
f 1035 1036 1033
f 20 1023 984
f 267 1038 1023
f 254 984 1038
f 1023 1038 984
f 71 1039 1027
f 269 1040 1039
f 267 1027 1040
f 1039 1040 1027
f 69 989 1042
f 254 1041 989
f 269 1042 1041
f 989 1041 1042
f 267 1040 1038
f 269 1041 1040
f 254 1038 1041
f 1040 1041 1038
f 21 967 1012
f 251 1043 967
f 262 1012 1043
f 967 1043 1012
f 66 1044 971
f 270 1045 1044
f 251 971 1045
f 1044 1045 971
f 71 1017 1047
f 262 1046 1017
f 270 1047 1046
f 1017 1046 1047
f 251 1045 1043
f 270 1046 1045
f 262 1043 1046
f 1045 1046 1043
f 69 1042 1034
f 269 1048 1042
f 268 1034 1048
f 1042 1048 1034
f 71 1047 1039
f 270 1049 1047
f 269 1039 1049
f 1047 1049 1039
f 66 1037 1044
f 268 1050 1037
f 270 1044 1050
f 1037 1050 1044
f 269 1049 1048
f 270 1050 1049
f 268 1048 1050
f 1049 1050 1048
f 1 952 643
f 246 1051 952
f 163 643 1051
f 952 1051 643
f 67 1052 955
f 271 1053 1052
f 246 955 1053
f 1052 1053 955
f 43 648 1055
f 163 1054 648
f 271 1055 1054
f 648 1054 1055
f 246 1053 1051
f 271 1054 1053
f 163 1051 1054
f 1053 1054 1051
f 21 1056 965
f 272 1057 1056
f 249 965 1057
f 1056 1057 965
f 73 1058 1060
f 273 1059 1058
f 272 1060 1059
f 1058 1059 1060
f 67 970 1062
f 249 1061 970
f 273 1062 1061
f 970 1061 1062
f 272 1059 1057
f 273 1061 1059
f 249 1057 1061
f 1059 1061 1057
f 13 654 1064
f 168 1063 654
f 275 1064 1063
f 654 1063 1064
f 43 1065 658
f 274 1066 1065
f 168 658 1066
f 1065 1066 658
f 73 1067 1069
f 275 1068 1067
f 274 1069 1068
f 1067 1068 1069
f 168 1066 1063
f 274 1068 1066
f 275 1063 1068
f 1066 1068 1063
f 67 1062 1052
f 273 1070 1062
f 271 1052 1070
f 1062 1070 1052
f 73 1069 1058
f 274 1071 1069
f 273 1058 1071
f 1069 1071 1058
f 43 1055 1065
f 271 1072 1055
f 274 1065 1072
f 1055 1072 1065
f 273 1071 1070
f 274 1072 1071
f 271 1070 1072
f 1071 1072 1070
f 11 1073 1003
f 276 1074 1073
f 259 1003 1074
f 1073 1074 1003
f 74 1075 1077
f 277 1076 1075
f 276 1077 1076
f 1075 1076 1077
f 70 1008 1079
f 259 1078 1008
f 277 1079 1078
f 1008 1078 1079
f 276 1076 1074
f 277 1078 1076
f 259 1074 1078
f 1076 1078 1074
f 22 1080 1082
f 278 1081 1080
f 280 1082 1081
f 1080 1081 1082
f 75 1083 1085
f 279 1084 1083
f 278 1085 1084
f 1083 1084 1085
f 74 1086 1088
f 280 1087 1086
f 279 1088 1087
f 1086 1087 1088
f 278 1084 1081
f 279 1087 1084
f 280 1081 1087
f 1084 1087 1081
f 21 1014 1090
f 264 1089 1014
f 282 1090 1089
f 1014 1089 1090
f 70 1091 1018
f 281 1092 1091
f 264 1018 1092
f 1091 1092 1018
f 75 1093 1095
f 282 1094 1093
f 281 1095 1094
f 1093 1094 1095
f 264 1092 1089
f 281 1094 1092
f 282 1089 1094
f 1092 1094 1089
f 74 1088 1075
f 279 1096 1088
f 277 1075 1096
f 1088 1096 1075
f 75 1095 1083
f 281 1097 1095
f 279 1083 1097
f 1095 1097 1083
f 70 1079 1091
f 277 1098 1079
f 281 1091 1098
f 1079 1098 1091
f 279 1097 1096
f 281 1098 1097
f 277 1096 1098
f 1097 1098 1096
f 12 675 1100
f 174 1099 675
f 284 1100 1099
f 675 1099 1100
f 48 1101 679
f 283 1102 1101
f 174 679 1102
f 1101 1102 679
f 77 1103 1105
f 284 1104 1103
f 283 1105 1104
f 1103 1104 1105
f 174 1102 1099
f 283 1104 1102
f 284 1099 1104
f 1102 1104 1099
f 13 1106 691
f 285 1107 1106
f 178 691 1107
f 1106 1107 691
f 76 1108 1110
f 286 1109 1108
f 285 1110 1109
f 1108 1109 1110
f 48 696 1112
f 178 1111 696
f 286 1112 1111
f 696 1111 1112
f 285 1109 1107
f 286 1111 1109
f 178 1107 1111
f 1109 1111 1107
f 22 1113 1115
f 287 1114 1113
f 289 1115 1114
f 1113 1114 1115
f 77 1116 1118
f 288 1117 1116
f 287 1118 1117
f 1116 1117 1118
f 76 1119 1121
f 289 1120 1119
f 288 1121 1120
f 1119 1120 1121
f 287 1117 1114
f 288 1120 1117
f 289 1114 1120
f 1117 1120 1114
f 48 1112 1101
f 286 1122 1112
f 283 1101 1122
f 1112 1122 1101
f 76 1121 1108
f 288 1123 1121
f 286 1108 1123
f 1121 1123 1108
f 77 1105 1116
f 283 1124 1105
f 288 1116 1124
f 1105 1124 1116
f 286 1123 1122
f 288 1124 1123
f 283 1122 1124
f 1123 1124 1122
f 21 1090 1056
f 282 1125 1090
f 272 1056 1125
f 1090 1125 1056
f 75 1126 1093
f 290 1127 1126
f 282 1093 1127
f 1126 1127 1093
f 73 1060 1129
f 272 1128 1060
f 290 1129 1128
f 1060 1128 1129
f 282 1127 1125
f 290 1128 1127
f 272 1125 1128
f 1127 1128 1125
f 22 1115 1080
f 289 1130 1115
f 278 1080 1130
f 1115 1130 1080
f 76 1131 1119
f 291 1132 1131
f 289 1119 1132
f 1131 1132 1119
f 75 1085 1134
f 278 1133 1085
f 291 1134 1133
f 1085 1133 1134
f 289 1132 1130
f 291 1133 1132
f 278 1130 1133
f 1132 1133 1130
f 13 1064 1106
f 275 1135 1064
f 285 1106 1135
f 1064 1135 1106
f 73 1136 1067
f 292 1137 1136
f 275 1067 1137
f 1136 1137 1067
f 76 1110 1139
f 285 1138 1110
f 292 1139 1138
f 1110 1138 1139
f 275 1137 1135
f 292 1138 1137
f 285 1135 1138
f 1137 1138 1135
f 75 1134 1126
f 291 1140 1134
f 290 1126 1140
f 1134 1140 1126
f 76 1139 1131
f 292 1141 1139
f 291 1131 1141
f 1139 1141 1131
f 73 1129 1136
f 290 1142 1129
f 292 1136 1142
f 1129 1142 1136
f 291 1141 1140
f 292 1142 1141
f 290 1140 1142
f 1141 1142 1140
f 2 805 1144
f 209 1143 805
f 294 1144 1143
f 805 1143 1144
f 58 1145 809
f 293 1146 1145
f 209 809 1146
f 1145 1146 809
f 79 1147 1149
f 294 1148 1147
f 293 1149 1148
f 1147 1148 1149
f 209 1146 1143
f 293 1148 1146
f 294 1143 1148
f 1146 1148 1143
f 16 1150 821
f 295 1151 1150
f 213 821 1151
f 1150 1151 821
f 78 1152 1154
f 296 1153 1152
f 295 1154 1153
f 1152 1153 1154
f 58 826 1156
f 213 1155 826
f 296 1156 1155
f 826 1155 1156
f 295 1153 1151
f 296 1155 1153
f 213 1151 1155
f 1153 1155 1151
f 24 1157 1159
f 297 1158 1157
f 299 1159 1158
f 1157 1158 1159
f 79 1160 1162
f 298 1161 1160
f 297 1162 1161
f 1160 1161 1162
f 78 1163 1165
f 299 1164 1163
f 298 1165 1164
f 1163 1164 1165
f 297 1161 1158
f 298 1164 1161
f 299 1158 1164
f 1161 1164 1158
f 58 1156 1145
f 296 1166 1156
f 293 1145 1166
f 1156 1166 1145
f 78 1165 1152
f 298 1167 1165
f 296 1152 1167
f 1165 1167 1152
f 79 1149 1160
f 293 1168 1149
f 298 1160 1168
f 1149 1168 1160
f 296 1167 1166
f 298 1168 1167
f 293 1166 1168
f 1167 1168 1166
f 6 1169 777
f 300 1170 1169
f 200 777 1170
f 1169 1170 777
f 80 1171 1173
f 301 1172 1171
f 300 1173 1172
f 1171 1172 1173
f 54 781 1175
f 200 1174 781
f 301 1175 1174
f 781 1174 1175
f 300 1172 1170
f 301 1174 1172
f 200 1170 1174
f 1172 1174 1170
f 23 1176 1178
f 302 1177 1176
f 304 1178 1177
f 1176 1177 1178
f 81 1179 1181
f 303 1180 1179
f 302 1181 1180
f 1179 1180 1181
f 80 1182 1184
f 304 1183 1182
f 303 1184 1183
f 1182 1183 1184
f 302 1180 1177
f 303 1183 1180
f 304 1177 1183
f 1180 1183 1177
f 16 786 1186
f 204 1185 786
f 306 1186 1185
f 786 1185 1186
f 54 1187 790
f 305 1188 1187
f 204 790 1188
f 1187 1188 790
f 81 1189 1191
f 306 1190 1189
f 305 1191 1190
f 1189 1190 1191
f 204 1188 1185
f 305 1190 1188
f 306 1185 1190
f 1188 1190 1185
f 80 1184 1171
f 303 1192 1184
f 301 1171 1192
f 1184 1192 1171
f 81 1191 1179
f 305 1193 1191
f 303 1179 1193
f 1191 1193 1179
f 54 1175 1187
f 301 1194 1175
f 305 1187 1194
f 1175 1194 1187
f 303 1193 1192
f 305 1194 1193
f 301 1192 1194
f 1193 1194 1192
f 10 1195 1197
f 307 1196 1195
f 309 1197 1196
f 1195 1196 1197
f 82 1198 1200
f 308 1199 1198
f 307 1200 1199
f 1198 1199 1200
f 84 1201 1203
f 309 1202 1201
f 308 1203 1202
f 1201 1202 1203
f 307 1199 1196
f 308 1202 1199
f 309 1196 1202
f 1199 1202 1196
f 24 1204 1206
f 310 1205 1204
f 312 1206 1205
f 1204 1205 1206
f 83 1207 1209
f 311 1208 1207
f 310 1209 1208
f 1207 1208 1209
f 82 1210 1212
f 312 1211 1210
f 311 1212 1211
f 1210 1211 1212
f 310 1208 1205
f 311 1211 1208
f 312 1205 1211
f 1208 1211 1205
f 23 1213 1215
f 313 1214 1213
f 315 1215 1214
f 1213 1214 1215
f 84 1216 1218
f 314 1217 1216
f 313 1218 1217
f 1216 1217 1218
f 83 1219 1221
f 315 1220 1219
f 314 1221 1220
f 1219 1220 1221
f 313 1217 1214
f 314 1220 1217
f 315 1214 1220
f 1217 1220 1214
f 82 1212 1198
f 311 1222 1212
f 308 1198 1222
f 1212 1222 1198
f 83 1221 1207
f 314 1223 1221
f 311 1207 1223
f 1221 1223 1207
f 84 1203 1216
f 308 1224 1203
f 314 1216 1224
f 1203 1224 1216
f 311 1223 1222
f 314 1224 1223
f 308 1222 1224
f 1223 1224 1222
f 16 1186 1150
f 306 1225 1186
f 295 1150 1225
f 1186 1225 1150
f 81 1226 1189
f 316 1227 1226
f 306 1189 1227
f 1226 1227 1189
f 78 1154 1229
f 295 1228 1154
f 316 1229 1228
f 1154 1228 1229
f 306 1227 1225
f 316 1228 1227
f 295 1225 1228
f 1227 1228 1225
f 23 1215 1176
f 315 1230 1215
f 302 1176 1230
f 1215 1230 1176
f 83 1231 1219
f 317 1232 1231
f 315 1219 1232
f 1231 1232 1219
f 81 1181 1234
f 302 1233 1181
f 317 1234 1233
f 1181 1233 1234
f 315 1232 1230
f 317 1233 1232
f 302 1230 1233
f 1232 1233 1230
f 24 1159 1204
f 299 1235 1159
f 310 1204 1235
f 1159 1235 1204
f 78 1236 1163
f 318 1237 1236
f 299 1163 1237
f 1236 1237 1163
f 83 1209 1239
f 310 1238 1209
f 318 1239 1238
f 1209 1238 1239
f 299 1237 1235
f 318 1238 1237
f 310 1235 1238
f 1237 1238 1235
f 81 1234 1226
f 317 1240 1234
f 316 1226 1240
f 1234 1240 1226
f 83 1239 1231
f 318 1241 1239
f 317 1231 1241
f 1239 1241 1231
f 78 1229 1236
f 316 1242 1229
f 318 1236 1242
f 1229 1242 1236
f 317 1241 1240
f 318 1242 1241
f 316 1240 1242
f 1241 1242 1240
f 6 705 1244
f 183 1243 705
f 320 1244 1243
f 705 1243 1244
f 51 1245 709
f 319 1246 1245
f 183 709 1246
f 1245 1246 709
f 86 1247 1249
f 320 1248 1247
f 319 1249 1248
f 1247 1248 1249
f 183 1246 1243
f 319 1248 1246
f 320 1243 1248
f 1246 1248 1243
f 14 1250 721
f 321 1251 1250
f 187 721 1251
f 1250 1251 721
f 85 1252 1254
f 322 1253 1252
f 321 1254 1253
f 1252 1253 1254
f 51 726 1256
f 187 1255 726
f 322 1256 1255
f 726 1255 1256
f 321 1253 1251
f 322 1255 1253
f 187 1251 1255
f 1253 1255 1251
f 26 1257 1259
f 323 1258 1257
f 325 1259 1258
f 1257 1258 1259
f 86 1260 1262
f 324 1261 1260
f 323 1262 1261
f 1260 1261 1262
f 85 1263 1265
f 325 1264 1263
f 324 1265 1264
f 1263 1264 1265
f 323 1261 1258
f 324 1264 1261
f 325 1258 1264
f 1261 1264 1258
f 51 1256 1245
f 322 1266 1256
f 319 1245 1266
f 1256 1266 1245
f 85 1265 1252
f 324 1267 1265
f 322 1252 1267
f 1265 1267 1252
f 86 1249 1260
f 319 1268 1249
f 324 1260 1268
f 1249 1268 1260
f 322 1267 1266
f 324 1268 1267
f 319 1266 1268
f 1267 1268 1266
f 12 1269 673
f 326 1270 1269
f 172 673 1270
f 1269 1270 673
f 87 1271 1273
f 327 1272 1271
f 326 1273 1272
f 1271 1272 1273
f 46 678 1275
f 172 1274 678
f 327 1275 1274
f 678 1274 1275
f 326 1272 1270
f 327 1274 1272
f 172 1270 1274
f 1272 1274 1270
f 25 1276 1278
f 328 1277 1276
f 330 1278 1277
f 1276 1277 1278
f 88 1279 1281
f 329 1280 1279
f 328 1281 1280
f 1279 1280 1281
f 87 1282 1284
f 330 1283 1282
f 329 1284 1283
f 1282 1283 1284
f 328 1280 1277
f 329 1283 1280
f 330 1277 1283
f 1280 1283 1277
f 14 684 1286
f 177 1285 684
f 332 1286 1285
f 684 1285 1286
f 46 1287 688
f 331 1288 1287
f 177 688 1288
f 1287 1288 688
f 88 1289 1291
f 332 1290 1289
f 331 1291 1290
f 1289 1290 1291
f 177 1288 1285
f 331 1290 1288
f 332 1285 1290
f 1288 1290 1285
f 87 1284 1271
f 329 1292 1284
f 327 1271 1292
f 1284 1292 1271
f 88 1291 1279
f 331 1293 1291
f 329 1279 1293
f 1291 1293 1279
f 46 1275 1287
f 327 1294 1275
f 331 1287 1294
f 1275 1294 1287
f 329 1293 1292
f 331 1294 1293
f 327 1292 1294
f 1293 1294 1292
f 5 1295 1297
f 333 1296 1295
f 335 1297 1296
f 1295 1296 1297
f 89 1298 1300
f 334 1299 1298
f 333 1300 1299
f 1298 1299 1300
f 91 1301 1303
f 335 1302 1301
f 334 1303 1302
f 1301 1302 1303
f 333 1299 1296
f 334 1302 1299
f 335 1296 1302
f 1299 1302 1296
f 26 1304 1306
f 336 1305 1304
f 338 1306 1305
f 1304 1305 1306
f 90 1307 1309
f 337 1308 1307
f 336 1309 1308
f 1307 1308 1309
f 89 1310 1312
f 338 1311 1310
f 337 1312 1311
f 1310 1311 1312
f 336 1308 1305
f 337 1311 1308
f 338 1305 1311
f 1308 1311 1305
f 25 1313 1315
f 339 1314 1313
f 341 1315 1314
f 1313 1314 1315
f 91 1316 1318
f 340 1317 1316
f 339 1318 1317
f 1316 1317 1318
f 90 1319 1321
f 341 1320 1319
f 340 1321 1320
f 1319 1320 1321
f 339 1317 1314
f 340 1320 1317
f 341 1314 1320
f 1317 1320 1314
f 89 1312 1298
f 337 1322 1312
f 334 1298 1322
f 1312 1322 1298
f 90 1321 1307
f 340 1323 1321
f 337 1307 1323
f 1321 1323 1307
f 91 1303 1316
f 334 1324 1303
f 340 1316 1324
f 1303 1324 1316
f 337 1323 1322
f 340 1324 1323
f 334 1322 1324
f 1323 1324 1322
f 14 1286 1250
f 332 1325 1286
f 321 1250 1325
f 1286 1325 1250
f 88 1326 1289
f 342 1327 1326
f 332 1289 1327
f 1326 1327 1289
f 85 1254 1329
f 321 1328 1254
f 342 1329 1328
f 1254 1328 1329
f 332 1327 1325
f 342 1328 1327
f 321 1325 1328
f 1327 1328 1325
f 25 1315 1276
f 341 1330 1315
f 328 1276 1330
f 1315 1330 1276
f 90 1331 1319
f 343 1332 1331
f 341 1319 1332
f 1331 1332 1319
f 88 1281 1334
f 328 1333 1281
f 343 1334 1333
f 1281 1333 1334
f 341 1332 1330
f 343 1333 1332
f 328 1330 1333
f 1332 1333 1330
f 26 1259 1304
f 325 1335 1259
f 336 1304 1335
f 1259 1335 1304
f 85 1336 1263
f 344 1337 1336
f 325 1263 1337
f 1336 1337 1263
f 90 1309 1339
f 336 1338 1309
f 344 1339 1338
f 1309 1338 1339
f 325 1337 1335
f 344 1338 1337
f 336 1335 1338
f 1337 1338 1335
f 88 1334 1326
f 343 1340 1334
f 342 1326 1340
f 1334 1340 1326
f 90 1339 1331
f 344 1341 1339
f 343 1331 1341
f 1339 1341 1331
f 85 1329 1336
f 342 1342 1329
f 344 1336 1342
f 1329 1342 1336
f 343 1341 1340
f 344 1342 1341
f 342 1340 1342
f 1341 1342 1340
f 12 1100 1344
f 284 1343 1100
f 346 1344 1343
f 1100 1343 1344
f 77 1345 1103
f 345 1346 1345
f 284 1103 1346
f 1345 1346 1103
f 93 1347 1349
f 346 1348 1347
f 345 1349 1348
f 1347 1348 1349
f 284 1346 1343
f 345 1348 1346
f 346 1343 1348
f 1346 1348 1343
f 22 1350 1113
f 347 1351 1350
f 287 1113 1351
f 1350 1351 1113
f 92 1352 1354
f 348 1353 1352
f 347 1354 1353
f 1352 1353 1354
f 77 1118 1356
f 287 1355 1118
f 348 1356 1355
f 1118 1355 1356
f 347 1353 1351
f 348 1355 1353
f 287 1351 1355
f 1353 1355 1351
f 28 1357 1359
f 349 1358 1357
f 351 1359 1358
f 1357 1358 1359
f 93 1360 1362
f 350 1361 1360
f 349 1362 1361
f 1360 1361 1362
f 92 1363 1365
f 351 1364 1363
f 350 1365 1364
f 1363 1364 1365
f 349 1361 1358
f 350 1364 1361
f 351 1358 1364
f 1361 1364 1358
f 77 1356 1345
f 348 1366 1356
f 345 1345 1366
f 1356 1366 1345
f 92 1365 1352
f 350 1367 1365
f 348 1352 1367
f 1365 1367 1352
f 93 1349 1360
f 345 1368 1349
f 350 1360 1368
f 1349 1368 1360
f 348 1367 1366
f 350 1368 1367
f 345 1366 1368
f 1367 1368 1366
f 11 1369 1073
f 352 1370 1369
f 276 1073 1370
f 1369 1370 1073
f 94 1371 1373
f 353 1372 1371
f 352 1373 1372
f 1371 1372 1373
f 74 1077 1375
f 276 1374 1077
f 353 1375 1374
f 1077 1374 1375
f 352 1372 1370
f 353 1374 1372
f 276 1370 1374
f 1372 1374 1370
f 27 1376 1378
f 354 1377 1376
f 356 1378 1377
f 1376 1377 1378
f 95 1379 1381
f 355 1380 1379
f 354 1381 1380
f 1379 1380 1381
f 94 1382 1384
f 356 1383 1382
f 355 1384 1383
f 1382 1383 1384
f 354 1380 1377
f 355 1383 1380
f 356 1377 1383
f 1380 1383 1377
f 22 1082 1386
f 280 1385 1082
f 358 1386 1385
f 1082 1385 1386
f 74 1387 1086
f 357 1388 1387
f 280 1086 1388
f 1387 1388 1086
f 95 1389 1391
f 358 1390 1389
f 357 1391 1390
f 1389 1390 1391
f 280 1388 1385
f 357 1390 1388
f 358 1385 1390
f 1388 1390 1385
f 94 1384 1371
f 355 1392 1384
f 353 1371 1392
f 1384 1392 1371
f 95 1391 1379
f 357 1393 1391
f 355 1379 1393
f 1391 1393 1379
f 74 1375 1387
f 353 1394 1375
f 357 1387 1394
f 1375 1394 1387
f 355 1393 1392
f 357 1394 1393
f 353 1392 1394
f 1393 1394 1392
f 3 1395 1397
f 359 1396 1395
f 361 1397 1396
f 1395 1396 1397
f 96 1398 1400
f 360 1399 1398
f 359 1400 1399
f 1398 1399 1400
f 98 1401 1403
f 361 1402 1401
f 360 1403 1402
f 1401 1402 1403
f 359 1399 1396
f 360 1402 1399
f 361 1396 1402
f 1399 1402 1396
f 28 1404 1406
f 362 1405 1404
f 364 1406 1405
f 1404 1405 1406
f 97 1407 1409
f 363 1408 1407
f 362 1409 1408
f 1407 1408 1409
f 96 1410 1412
f 364 1411 1410
f 363 1412 1411
f 1410 1411 1412
f 362 1408 1405
f 363 1411 1408
f 364 1405 1411
f 1408 1411 1405
f 27 1413 1415
f 365 1414 1413
f 367 1415 1414
f 1413 1414 1415
f 98 1416 1418
f 366 1417 1416
f 365 1418 1417
f 1416 1417 1418
f 97 1419 1421
f 367 1420 1419
f 366 1421 1420
f 1419 1420 1421
f 365 1417 1414
f 366 1420 1417
f 367 1414 1420
f 1417 1420 1414
f 96 1412 1398
f 363 1422 1412
f 360 1398 1422
f 1412 1422 1398
f 97 1421 1407
f 366 1423 1421
f 363 1407 1423
f 1421 1423 1407
f 98 1403 1416
f 360 1424 1403
f 366 1416 1424
f 1403 1424 1416
f 363 1423 1422
f 366 1424 1423
f 360 1422 1424
f 1423 1424 1422
f 22 1386 1350
f 358 1425 1386
f 347 1350 1425
f 1386 1425 1350
f 95 1426 1389
f 368 1427 1426
f 358 1389 1427
f 1426 1427 1389
f 92 1354 1429
f 347 1428 1354
f 368 1429 1428
f 1354 1428 1429
f 358 1427 1425
f 368 1428 1427
f 347 1425 1428
f 1427 1428 1425
f 27 1415 1376
f 367 1430 1415
f 354 1376 1430
f 1415 1430 1376
f 97 1431 1419
f 369 1432 1431
f 367 1419 1432
f 1431 1432 1419
f 95 1381 1434
f 354 1433 1381
f 369 1434 1433
f 1381 1433 1434
f 367 1432 1430
f 369 1433 1432
f 354 1430 1433
f 1432 1433 1430
f 28 1359 1404
f 351 1435 1359
f 362 1404 1435
f 1359 1435 1404
f 92 1436 1363
f 370 1437 1436
f 351 1363 1437
f 1436 1437 1363
f 97 1409 1439
f 362 1438 1409
f 370 1439 1438
f 1409 1438 1439
f 351 1437 1435
f 370 1438 1437
f 362 1435 1438
f 1437 1438 1435
f 95 1434 1426
f 369 1440 1434
f 368 1426 1440
f 1434 1440 1426
f 97 1439 1431
f 370 1441 1439
f 369 1431 1441
f 1439 1441 1431
f 92 1429 1436
f 368 1442 1429
f 370 1436 1442
f 1429 1442 1436
f 369 1441 1440
f 370 1442 1441
f 368 1440 1442
f 1441 1442 1440
f 11 1005 1444
f 261 1443 1005
f 372 1444 1443
f 1005 1443 1444
f 72 1445 1009
f 371 1446 1445
f 261 1009 1446
f 1445 1446 1009
f 100 1447 1449
f 372 1448 1447
f 371 1449 1448
f 1447 1448 1449
f 261 1446 1443
f 371 1448 1446
f 372 1443 1448
f 1446 1448 1443
f 20 1450 1021
f 373 1451 1450
f 265 1021 1451
f 1450 1451 1021
f 99 1452 1454
f 374 1453 1452
f 373 1454 1453
f 1452 1453 1454
f 72 1026 1456
f 265 1455 1026
f 374 1456 1455
f 1026 1455 1456
f 373 1453 1451
f 374 1455 1453
f 265 1451 1455
f 1453 1455 1451
f 30 1457 1459
f 375 1458 1457
f 377 1459 1458
f 1457 1458 1459
f 100 1460 1462
f 376 1461 1460
f 375 1462 1461
f 1460 1461 1462
f 99 1463 1465
f 377 1464 1463
f 376 1465 1464
f 1463 1464 1465
f 375 1461 1458
f 376 1464 1461
f 377 1458 1464
f 1461 1464 1458
f 72 1456 1445
f 374 1466 1456
f 371 1445 1466
f 1456 1466 1445
f 99 1465 1452
f 376 1467 1465
f 374 1452 1467
f 1465 1467 1452
f 100 1449 1460
f 371 1468 1449
f 376 1460 1468
f 1449 1468 1460
f 374 1467 1466
f 376 1468 1467
f 371 1466 1468
f 1467 1468 1466
f 8 1469 977
f 378 1470 1469
f 252 977 1470
f 1469 1470 977
f 101 1471 1473
f 379 1472 1471
f 378 1473 1472
f 1471 1472 1473
f 68 981 1475
f 252 1474 981
f 379 1475 1474
f 981 1474 1475
f 378 1472 1470
f 379 1474 1472
f 252 1470 1474
f 1472 1474 1470
f 29 1476 1478
f 380 1477 1476
f 382 1478 1477
f 1476 1477 1478
f 102 1479 1481
f 381 1480 1479
f 380 1481 1480
f 1479 1480 1481
f 101 1482 1484
f 382 1483 1482
f 381 1484 1483
f 1482 1483 1484
f 380 1480 1477
f 381 1483 1480
f 382 1477 1483
f 1480 1483 1477
f 20 986 1486
f 256 1485 986
f 384 1486 1485
f 986 1485 1486
f 68 1487 990
f 383 1488 1487
f 256 990 1488
f 1487 1488 990
f 102 1489 1491
f 384 1490 1489
f 383 1491 1490
f 1489 1490 1491
f 256 1488 1485
f 383 1490 1488
f 384 1485 1490
f 1488 1490 1485
f 101 1484 1471
f 381 1492 1484
f 379 1471 1492
f 1484 1492 1471
f 102 1491 1479
f 383 1493 1491
f 381 1479 1493
f 1491 1493 1479
f 68 1475 1487
f 379 1494 1475
f 383 1487 1494
f 1475 1494 1487
f 381 1493 1492
f 383 1494 1493
f 379 1492 1494
f 1493 1494 1492
f 7 1495 1497
f 385 1496 1495
f 387 1497 1496
f 1495 1496 1497
f 103 1498 1500
f 386 1499 1498
f 385 1500 1499
f 1498 1499 1500
f 105 1501 1503
f 387 1502 1501
f 386 1503 1502
f 1501 1502 1503
f 385 1499 1496
f 386 1502 1499
f 387 1496 1502
f 1499 1502 1496
f 30 1504 1506
f 388 1505 1504
f 390 1506 1505
f 1504 1505 1506
f 104 1507 1509
f 389 1508 1507
f 388 1509 1508
f 1507 1508 1509
f 103 1510 1512
f 390 1511 1510
f 389 1512 1511
f 1510 1511 1512
f 388 1508 1505
f 389 1511 1508
f 390 1505 1511
f 1508 1511 1505
f 29 1513 1515
f 391 1514 1513
f 393 1515 1514
f 1513 1514 1515
f 105 1516 1518
f 392 1517 1516
f 391 1518 1517
f 1516 1517 1518
f 104 1519 1521
f 393 1520 1519
f 392 1521 1520
f 1519 1520 1521
f 391 1517 1514
f 392 1520 1517
f 393 1514 1520
f 1517 1520 1514
f 103 1512 1498
f 389 1522 1512
f 386 1498 1522
f 1512 1522 1498
f 104 1521 1507
f 392 1523 1521
f 389 1507 1523
f 1521 1523 1507
f 105 1503 1516
f 386 1524 1503
f 392 1516 1524
f 1503 1524 1516
f 389 1523 1522
f 392 1524 1523
f 386 1522 1524
f 1523 1524 1522
f 20 1486 1450
f 384 1525 1486
f 373 1450 1525
f 1486 1525 1450
f 102 1526 1489
f 394 1527 1526
f 384 1489 1527
f 1526 1527 1489
f 99 1454 1529
f 373 1528 1454
f 394 1529 1528
f 1454 1528 1529
f 384 1527 1525
f 394 1528 1527
f 373 1525 1528
f 1527 1528 1525
f 29 1515 1476
f 393 1530 1515
f 380 1476 1530
f 1515 1530 1476
f 104 1531 1519
f 395 1532 1531
f 393 1519 1532
f 1531 1532 1519
f 102 1481 1534
f 380 1533 1481
f 395 1534 1533
f 1481 1533 1534
f 393 1532 1530
f 395 1533 1532
f 380 1530 1533
f 1532 1533 1530
f 30 1459 1504
f 377 1535 1459
f 388 1504 1535
f 1459 1535 1504
f 99 1536 1463
f 396 1537 1536
f 377 1463 1537
f 1536 1537 1463
f 104 1509 1539
f 388 1538 1509
f 396 1539 1538
f 1509 1538 1539
f 377 1537 1535
f 396 1538 1537
f 388 1535 1538
f 1537 1538 1535
f 102 1534 1526
f 395 1540 1534
f 394 1526 1540
f 1534 1540 1526
f 104 1539 1531
f 396 1541 1539
f 395 1531 1541
f 1539 1541 1531
f 99 1529 1536
f 394 1542 1529
f 396 1536 1542
f 1529 1542 1536
f 395 1541 1540
f 396 1542 1541
f 394 1540 1542
f 1541 1542 1540
f 8 905 1544
f 235 1543 905
f 398 1544 1543
f 905 1543 1544
f 65 1545 909
f 397 1546 1545
f 235 909 1546
f 1545 1546 909
f 107 1547 1549
f 398 1548 1547
f 397 1549 1548
f 1547 1548 1549
f 235 1546 1543
f 397 1548 1546
f 398 1543 1548
f 1546 1548 1543
f 18 1550 921
f 399 1551 1550
f 239 921 1551
f 1550 1551 921
f 106 1552 1554
f 400 1553 1552
f 399 1554 1553
f 1552 1553 1554
f 65 926 1556
f 239 1555 926
f 400 1556 1555
f 926 1555 1556
f 399 1553 1551
f 400 1555 1553
f 239 1551 1555
f 1553 1555 1551
f 32 1557 1559
f 401 1558 1557
f 403 1559 1558
f 1557 1558 1559
f 107 1560 1562
f 402 1561 1560
f 401 1562 1561
f 1560 1561 1562
f 106 1563 1565
f 403 1564 1563
f 402 1565 1564
f 1563 1564 1565
f 401 1561 1558
f 402 1564 1561
f 403 1558 1564
f 1561 1564 1558
f 65 1556 1545
f 400 1566 1556
f 397 1545 1566
f 1556 1566 1545
f 106 1565 1552
f 402 1567 1565
f 400 1552 1567
f 1565 1567 1552
f 107 1549 1560
f 397 1568 1549
f 402 1560 1568
f 1549 1568 1560
f 400 1567 1566
f 402 1568 1567
f 397 1566 1568
f 1567 1568 1566
f 2 1569 877
f 404 1570 1569
f 226 877 1570
f 1569 1570 877
f 108 1571 1573
f 405 1572 1571
f 404 1573 1572
f 1571 1572 1573
f 61 881 1575
f 226 1574 881
f 405 1575 1574
f 881 1574 1575
f 404 1572 1570
f 405 1574 1572
f 226 1570 1574
f 1572 1574 1570
f 31 1576 1578
f 406 1577 1576
f 408 1578 1577
f 1576 1577 1578
f 109 1579 1581
f 407 1580 1579
f 406 1581 1580
f 1579 1580 1581
f 108 1582 1584
f 408 1583 1582
f 407 1584 1583
f 1582 1583 1584
f 406 1580 1577
f 407 1583 1580
f 408 1577 1583
f 1580 1583 1577
f 18 886 1586
f 230 1585 886
f 410 1586 1585
f 886 1585 1586
f 61 1587 890
f 409 1588 1587
f 230 890 1588
f 1587 1588 890
f 109 1589 1591
f 410 1590 1589
f 409 1591 1590
f 1589 1590 1591
f 230 1588 1585
f 409 1590 1588
f 410 1585 1590
f 1588 1590 1585
f 108 1584 1571
f 407 1592 1584
f 405 1571 1592
f 1584 1592 1571
f 109 1591 1579
f 409 1593 1591
f 407 1579 1593
f 1591 1593 1579
f 61 1575 1587
f 405 1594 1575
f 409 1587 1594
f 1575 1594 1587
f 407 1593 1592
f 409 1594 1593
f 405 1592 1594
f 1593 1594 1592
f 9 1595 1597
f 411 1596 1595
f 413 1597 1596
f 1595 1596 1597
f 110 1598 1600
f 412 1599 1598
f 411 1600 1599
f 1598 1599 1600
f 112 1601 1603
f 413 1602 1601
f 412 1603 1602
f 1601 1602 1603
f 411 1599 1596
f 412 1602 1599
f 413 1596 1602
f 1599 1602 1596
f 32 1604 1606
f 414 1605 1604
f 416 1606 1605
f 1604 1605 1606
f 111 1607 1609
f 415 1608 1607
f 414 1609 1608
f 1607 1608 1609
f 110 1610 1612
f 416 1611 1610
f 415 1612 1611
f 1610 1611 1612
f 414 1608 1605
f 415 1611 1608
f 416 1605 1611
f 1608 1611 1605
f 31 1613 1615
f 417 1614 1613
f 419 1615 1614
f 1613 1614 1615
f 112 1616 1618
f 418 1617 1616
f 417 1618 1617
f 1616 1617 1618
f 111 1619 1621
f 419 1620 1619
f 418 1621 1620
f 1619 1620 1621
f 417 1617 1614
f 418 1620 1617
f 419 1614 1620
f 1617 1620 1614
f 110 1612 1598
f 415 1622 1612
f 412 1598 1622
f 1612 1622 1598
f 111 1621 1607
f 418 1623 1621
f 415 1607 1623
f 1621 1623 1607
f 112 1603 1616
f 412 1624 1603
f 418 1616 1624
f 1603 1624 1616
f 415 1623 1622
f 418 1624 1623
f 412 1622 1624
f 1623 1624 1622
f 18 1586 1550
f 410 1625 1586
f 399 1550 1625
f 1586 1625 1550
f 109 1626 1589
f 420 1627 1626
f 410 1589 1627
f 1626 1627 1589
f 106 1554 1629
f 399 1628 1554
f 420 1629 1628
f 1554 1628 1629
f 410 1627 1625
f 420 1628 1627
f 399 1625 1628
f 1627 1628 1625
f 31 1615 1576
f 419 1630 1615
f 406 1576 1630
f 1615 1630 1576
f 111 1631 1619
f 421 1632 1631
f 419 1619 1632
f 1631 1632 1619
f 109 1581 1634
f 406 1633 1581
f 421 1634 1633
f 1581 1633 1634
f 419 1632 1630
f 421 1633 1632
f 406 1630 1633
f 1632 1633 1630
f 32 1559 1604
f 403 1635 1559
f 414 1604 1635
f 1559 1635 1604
f 106 1636 1563
f 422 1637 1636
f 403 1563 1637
f 1636 1637 1563
f 111 1609 1639
f 414 1638 1609
f 422 1639 1638
f 1609 1638 1639
f 403 1637 1635
f 422 1638 1637
f 414 1635 1638
f 1637 1638 1635
f 109 1634 1626
f 421 1640 1634
f 420 1626 1640
f 1634 1640 1626
f 111 1639 1631
f 422 1641 1639
f 421 1631 1641
f 1639 1641 1631
f 106 1629 1636
f 420 1642 1629
f 422 1636 1642
f 1629 1642 1636
f 421 1641 1640
f 422 1642 1641
f 420 1640 1642
f 1641 1642 1640
f 4 1643 1645
f 423 1644 1643
f 425 1645 1644
f 1643 1644 1645
f 113 1646 1648
f 424 1647 1646
f 423 1648 1647
f 1646 1647 1648
f 115 1649 1651
f 425 1650 1649
f 424 1651 1650
f 1649 1650 1651
f 423 1647 1644
f 424 1650 1647
f 425 1644 1650
f 1647 1650 1644
f 33 1652 1654
f 426 1653 1652
f 428 1654 1653
f 1652 1653 1654
f 114 1655 1657
f 427 1656 1655
f 426 1657 1656
f 1655 1656 1657
f 113 1658 1660
f 428 1659 1658
f 427 1660 1659
f 1658 1659 1660
f 426 1656 1653
f 427 1659 1656
f 428 1653 1659
f 1656 1659 1653
f 35 1661 1663
f 429 1662 1661
f 431 1663 1662
f 1661 1662 1663
f 115 1664 1666
f 430 1665 1664
f 429 1666 1665
f 1664 1665 1666
f 114 1667 1669
f 431 1668 1667
f 430 1669 1668
f 1667 1668 1669
f 429 1665 1662
f 430 1668 1665
f 431 1662 1668
f 1665 1668 1662
f 113 1660 1646
f 427 1670 1660
f 424 1646 1670
f 1660 1670 1646
f 114 1669 1655
f 430 1671 1669
f 427 1655 1671
f 1669 1671 1655
f 115 1651 1664
f 424 1672 1651
f 430 1664 1672
f 1651 1672 1664
f 427 1671 1670
f 430 1672 1671
f 424 1670 1672
f 1671 1672 1670
f 10 1673 1675
f 432 1674 1673
f 434 1675 1674
f 1673 1674 1675
f 116 1676 1678
f 433 1677 1676
f 432 1678 1677
f 1676 1677 1678
f 118 1679 1681
f 434 1680 1679
f 433 1681 1680
f 1679 1680 1681
f 432 1677 1674
f 433 1680 1677
f 434 1674 1680
f 1677 1680 1674
f 34 1682 1684
f 435 1683 1682
f 437 1684 1683
f 1682 1683 1684
f 117 1685 1687
f 436 1686 1685
f 435 1687 1686
f 1685 1686 1687
f 116 1688 1690
f 437 1689 1688
f 436 1690 1689
f 1688 1689 1690
f 435 1686 1683
f 436 1689 1686
f 437 1683 1689
f 1686 1689 1683
f 33 1691 1693
f 438 1692 1691
f 440 1693 1692
f 1691 1692 1693
f 118 1694 1696
f 439 1695 1694
f 438 1696 1695
f 1694 1695 1696
f 117 1697 1699
f 440 1698 1697
f 439 1699 1698
f 1697 1698 1699
f 438 1695 1692
f 439 1698 1695
f 440 1692 1698
f 1695 1698 1692
f 116 1690 1676
f 436 1700 1690
f 433 1676 1700
f 1690 1700 1676
f 117 1699 1685
f 439 1701 1699
f 436 1685 1701
f 1699 1701 1685
f 118 1681 1694
f 433 1702 1681
f 439 1694 1702
f 1681 1702 1694
f 436 1701 1700
f 439 1702 1701
f 433 1700 1702
f 1701 1702 1700
f 5 1703 1705
f 441 1704 1703
f 443 1705 1704
f 1703 1704 1705
f 119 1706 1708
f 442 1707 1706
f 441 1708 1707
f 1706 1707 1708
f 121 1709 1711
f 443 1710 1709
f 442 1711 1710
f 1709 1710 1711
f 441 1707 1704
f 442 1710 1707
f 443 1704 1710
f 1707 1710 1704
f 35 1712 1714
f 444 1713 1712
f 446 1714 1713
f 1712 1713 1714
f 120 1715 1717
f 445 1716 1715
f 444 1717 1716
f 1715 1716 1717
f 119 1718 1720
f 446 1719 1718
f 445 1720 1719
f 1718 1719 1720
f 444 1716 1713
f 445 1719 1716
f 446 1713 1719
f 1716 1719 1713
f 34 1721 1723
f 447 1722 1721
f 449 1723 1722
f 1721 1722 1723
f 121 1724 1726
f 448 1725 1724
f 447 1726 1725
f 1724 1725 1726
f 120 1727 1729
f 449 1728 1727
f 448 1729 1728
f 1727 1728 1729
f 447 1725 1722
f 448 1728 1725
f 449 1722 1728
f 1725 1728 1722
f 119 1720 1706
f 445 1730 1720
f 442 1706 1730
f 1720 1730 1706
f 120 1729 1715
f 448 1731 1729
f 445 1715 1731
f 1729 1731 1715
f 121 1711 1724
f 442 1732 1711
f 448 1724 1732
f 1711 1732 1724
f 445 1731 1730
f 448 1732 1731
f 442 1730 1732
f 1731 1732 1730
f 33 1693 1652
f 440 1733 1693
f 426 1652 1733
f 1693 1733 1652
f 117 1734 1697
f 450 1735 1734
f 440 1697 1735
f 1734 1735 1697
f 114 1657 1737
f 426 1736 1657
f 450 1737 1736
f 1657 1736 1737
f 440 1735 1733
f 450 1736 1735
f 426 1733 1736
f 1735 1736 1733
f 34 1723 1682
f 449 1738 1723
f 435 1682 1738
f 1723 1738 1682
f 120 1739 1727
f 451 1740 1739
f 449 1727 1740
f 1739 1740 1727
f 117 1687 1742
f 435 1741 1687
f 451 1742 1741
f 1687 1741 1742
f 449 1740 1738
f 451 1741 1740
f 435 1738 1741
f 1740 1741 1738
f 35 1663 1712
f 431 1743 1663
f 444 1712 1743
f 1663 1743 1712
f 114 1744 1667
f 452 1745 1744
f 431 1667 1745
f 1744 1745 1667
f 120 1717 1747
f 444 1746 1717
f 452 1747 1746
f 1717 1746 1747
f 431 1745 1743
f 452 1746 1745
f 444 1743 1746
f 1745 1746 1743
f 117 1742 1734
f 451 1748 1742
f 450 1734 1748
f 1742 1748 1734
f 120 1747 1739
f 452 1749 1747
f 451 1739 1749
f 1747 1749 1739
f 114 1737 1744
f 450 1750 1737
f 452 1744 1750
f 1737 1750 1744
f 451 1749 1748
f 452 1750 1749
f 450 1748 1750
f 1749 1750 1748
f 4 1645 1752
f 425 1751 1645
f 454 1752 1751
f 1645 1751 1752
f 115 1753 1649
f 453 1754 1753
f 425 1649 1754
f 1753 1754 1649
f 123 1755 1757
f 454 1756 1755
f 453 1757 1756
f 1755 1756 1757
f 425 1754 1751
f 453 1756 1754
f 454 1751 1756
f 1754 1756 1751
f 35 1758 1661
f 455 1759 1758
f 429 1661 1759
f 1758 1759 1661
f 122 1760 1762
f 456 1761 1760
f 455 1762 1761
f 1760 1761 1762
f 115 1666 1764
f 429 1763 1666
f 456 1764 1763
f 1666 1763 1764
f 455 1761 1759
f 456 1763 1761
f 429 1759 1763
f 1761 1763 1759
f 37 1765 1767
f 457 1766 1765
f 459 1767 1766
f 1765 1766 1767
f 123 1768 1770
f 458 1769 1768
f 457 1770 1769
f 1768 1769 1770
f 122 1771 1773
f 459 1772 1771
f 458 1773 1772
f 1771 1772 1773
f 457 1769 1766
f 458 1772 1769
f 459 1766 1772
f 1769 1772 1766
f 115 1764 1753
f 456 1774 1764
f 453 1753 1774
f 1764 1774 1753
f 122 1773 1760
f 458 1775 1773
f 456 1760 1775
f 1773 1775 1760
f 123 1757 1768
f 453 1776 1757
f 458 1768 1776
f 1757 1776 1768
f 456 1775 1774
f 458 1776 1775
f 453 1774 1776
f 1775 1776 1774
f 5 1777 1703
f 460 1778 1777
f 441 1703 1778
f 1777 1778 1703
f 124 1779 1781
f 461 1780 1779
f 460 1781 1780
f 1779 1780 1781
f 119 1708 1783
f 441 1782 1708
f 461 1783 1782
f 1708 1782 1783
f 460 1780 1778
f 461 1782 1780
f 441 1778 1782
f 1780 1782 1778
f 36 1784 1786
f 462 1785 1784
f 464 1786 1785
f 1784 1785 1786
f 125 1787 1789
f 463 1788 1787
f 462 1789 1788
f 1787 1788 1789
f 124 1790 1792
f 464 1791 1790
f 463 1792 1791
f 1790 1791 1792
f 462 1788 1785
f 463 1791 1788
f 464 1785 1791
f 1788 1791 1785
f 35 1714 1794
f 446 1793 1714
f 466 1794 1793
f 1714 1793 1794
f 119 1795 1718
f 465 1796 1795
f 446 1718 1796
f 1795 1796 1718
f 125 1797 1799
f 466 1798 1797
f 465 1799 1798
f 1797 1798 1799
f 446 1796 1793
f 465 1798 1796
f 466 1793 1798
f 1796 1798 1793
f 124 1792 1779
f 463 1800 1792
f 461 1779 1800
f 1792 1800 1779
f 125 1799 1787
f 465 1801 1799
f 463 1787 1801
f 1799 1801 1787
f 119 1783 1795
f 461 1802 1783
f 465 1795 1802
f 1783 1802 1795
f 463 1801 1800
f 465 1802 1801
f 461 1800 1802
f 1801 1802 1800
f 3 1803 1805
f 467 1804 1803
f 469 1805 1804
f 1803 1804 1805
f 126 1806 1808
f 468 1807 1806
f 467 1808 1807
f 1806 1807 1808
f 128 1809 1811
f 469 1810 1809
f 468 1811 1810
f 1809 1810 1811
f 467 1807 1804
f 468 1810 1807
f 469 1804 1810
f 1807 1810 1804
f 37 1812 1814
f 470 1813 1812
f 472 1814 1813
f 1812 1813 1814
f 127 1815 1817
f 471 1816 1815
f 470 1817 1816
f 1815 1816 1817
f 126 1818 1820
f 472 1819 1818
f 471 1820 1819
f 1818 1819 1820
f 470 1816 1813
f 471 1819 1816
f 472 1813 1819
f 1816 1819 1813
f 36 1821 1823
f 473 1822 1821
f 475 1823 1822
f 1821 1822 1823
f 128 1824 1826
f 474 1825 1824
f 473 1826 1825
f 1824 1825 1826
f 127 1827 1829
f 475 1828 1827
f 474 1829 1828
f 1827 1828 1829
f 473 1825 1822
f 474 1828 1825
f 475 1822 1828
f 1825 1828 1822
f 126 1820 1806
f 471 1830 1820
f 468 1806 1830
f 1820 1830 1806
f 127 1829 1815
f 474 1831 1829
f 471 1815 1831
f 1829 1831 1815
f 128 1811 1824
f 468 1832 1811
f 474 1824 1832
f 1811 1832 1824
f 471 1831 1830
f 474 1832 1831
f 468 1830 1832
f 1831 1832 1830
f 35 1794 1758
f 466 1833 1794
f 455 1758 1833
f 1794 1833 1758
f 125 1834 1797
f 476 1835 1834
f 466 1797 1835
f 1834 1835 1797
f 122 1762 1837
f 455 1836 1762
f 476 1837 1836
f 1762 1836 1837
f 466 1835 1833
f 476 1836 1835
f 455 1833 1836
f 1835 1836 1833
f 36 1823 1784
f 475 1838 1823
f 462 1784 1838
f 1823 1838 1784
f 127 1839 1827
f 477 1840 1839
f 475 1827 1840
f 1839 1840 1827
f 125 1789 1842
f 462 1841 1789
f 477 1842 1841
f 1789 1841 1842
f 475 1840 1838
f 477 1841 1840
f 462 1838 1841
f 1840 1841 1838
f 37 1767 1812
f 459 1843 1767
f 470 1812 1843
f 1767 1843 1812
f 122 1844 1771
f 478 1845 1844
f 459 1771 1845
f 1844 1845 1771
f 127 1817 1847
f 470 1846 1817
f 478 1847 1846
f 1817 1846 1847
f 459 1845 1843
f 478 1846 1845
f 470 1843 1846
f 1845 1846 1843
f 125 1842 1834
f 477 1848 1842
f 476 1834 1848
f 1842 1848 1834
f 127 1847 1839
f 478 1849 1847
f 477 1839 1849
f 1847 1849 1839
f 122 1837 1844
f 476 1850 1837
f 478 1844 1850
f 1837 1850 1844
f 477 1849 1848
f 478 1850 1849
f 476 1848 1850
f 1849 1850 1848
f 4 1752 1852
f 454 1851 1752
f 480 1852 1851
f 1752 1851 1852
f 123 1853 1755
f 479 1854 1853
f 454 1755 1854
f 1853 1854 1755
f 130 1855 1857
f 480 1856 1855
f 479 1857 1856
f 1855 1856 1857
f 454 1854 1851
f 479 1856 1854
f 480 1851 1856
f 1854 1856 1851
f 37 1858 1765
f 481 1859 1858
f 457 1765 1859
f 1858 1859 1765
f 129 1860 1862
f 482 1861 1860
f 481 1862 1861
f 1860 1861 1862
f 123 1770 1864
f 457 1863 1770
f 482 1864 1863
f 1770 1863 1864
f 481 1861 1859
f 482 1863 1861
f 457 1859 1863
f 1861 1863 1859
f 39 1865 1867
f 483 1866 1865
f 485 1867 1866
f 1865 1866 1867
f 130 1868 1870
f 484 1869 1868
f 483 1870 1869
f 1868 1869 1870
f 129 1871 1873
f 485 1872 1871
f 484 1873 1872
f 1871 1872 1873
f 483 1869 1866
f 484 1872 1869
f 485 1866 1872
f 1869 1872 1866
f 123 1864 1853
f 482 1874 1864
f 479 1853 1874
f 1864 1874 1853
f 129 1873 1860
f 484 1875 1873
f 482 1860 1875
f 1873 1875 1860
f 130 1857 1868
f 479 1876 1857
f 484 1868 1876
f 1857 1876 1868
f 482 1875 1874
f 484 1876 1875
f 479 1874 1876
f 1875 1876 1874
f 3 1877 1803
f 486 1878 1877
f 467 1803 1878
f 1877 1878 1803
f 131 1879 1881
f 487 1880 1879
f 486 1881 1880
f 1879 1880 1881
f 126 1808 1883
f 467 1882 1808
f 487 1883 1882
f 1808 1882 1883
f 486 1880 1878
f 487 1882 1880
f 467 1878 1882
f 1880 1882 1878
f 38 1884 1886
f 488 1885 1884
f 490 1886 1885
f 1884 1885 1886
f 132 1887 1889
f 489 1888 1887
f 488 1889 1888
f 1887 1888 1889
f 131 1890 1892
f 490 1891 1890
f 489 1892 1891
f 1890 1891 1892
f 488 1888 1885
f 489 1891 1888
f 490 1885 1891
f 1888 1891 1885
f 37 1814 1894
f 472 1893 1814
f 492 1894 1893
f 1814 1893 1894
f 126 1895 1818
f 491 1896 1895
f 472 1818 1896
f 1895 1896 1818
f 132 1897 1899
f 492 1898 1897
f 491 1899 1898
f 1897 1898 1899
f 472 1896 1893
f 491 1898 1896
f 492 1893 1898
f 1896 1898 1893
f 131 1892 1879
f 489 1900 1892
f 487 1879 1900
f 1892 1900 1879
f 132 1899 1887
f 491 1901 1899
f 489 1887 1901
f 1899 1901 1887
f 126 1883 1895
f 487 1902 1883
f 491 1895 1902
f 1883 1902 1895
f 489 1901 1900
f 491 1902 1901
f 487 1900 1902
f 1901 1902 1900
f 7 1903 1905
f 493 1904 1903
f 495 1905 1904
f 1903 1904 1905
f 133 1906 1908
f 494 1907 1906
f 493 1908 1907
f 1906 1907 1908
f 135 1909 1911
f 495 1910 1909
f 494 1911 1910
f 1909 1910 1911
f 493 1907 1904
f 494 1910 1907
f 495 1904 1910
f 1907 1910 1904
f 39 1912 1914
f 496 1913 1912
f 498 1914 1913
f 1912 1913 1914
f 134 1915 1917
f 497 1916 1915
f 496 1917 1916
f 1915 1916 1917
f 133 1918 1920
f 498 1919 1918
f 497 1920 1919
f 1918 1919 1920
f 496 1916 1913
f 497 1919 1916
f 498 1913 1919
f 1916 1919 1913
f 38 1921 1923
f 499 1922 1921
f 501 1923 1922
f 1921 1922 1923
f 135 1924 1926
f 500 1925 1924
f 499 1926 1925
f 1924 1925 1926
f 134 1927 1929
f 501 1928 1927
f 500 1929 1928
f 1927 1928 1929
f 499 1925 1922
f 500 1928 1925
f 501 1922 1928
f 1925 1928 1922
f 133 1920 1906
f 497 1930 1920
f 494 1906 1930
f 1920 1930 1906
f 134 1929 1915
f 500 1931 1929
f 497 1915 1931
f 1929 1931 1915
f 135 1911 1924
f 494 1932 1911
f 500 1924 1932
f 1911 1932 1924
f 497 1931 1930
f 500 1932 1931
f 494 1930 1932
f 1931 1932 1930
f 37 1894 1858
f 492 1933 1894
f 481 1858 1933
f 1894 1933 1858
f 132 1934 1897
f 502 1935 1934
f 492 1897 1935
f 1934 1935 1897
f 129 1862 1937
f 481 1936 1862
f 502 1937 1936
f 1862 1936 1937
f 492 1935 1933
f 502 1936 1935
f 481 1933 1936
f 1935 1936 1933
f 38 1923 1884
f 501 1938 1923
f 488 1884 1938
f 1923 1938 1884
f 134 1939 1927
f 503 1940 1939
f 501 1927 1940
f 1939 1940 1927
f 132 1889 1942
f 488 1941 1889
f 503 1942 1941
f 1889 1941 1942
f 501 1940 1938
f 503 1941 1940
f 488 1938 1941
f 1940 1941 1938
f 39 1867 1912
f 485 1943 1867
f 496 1912 1943
f 1867 1943 1912
f 129 1944 1871
f 504 1945 1944
f 485 1871 1945
f 1944 1945 1871
f 134 1917 1947
f 496 1946 1917
f 504 1947 1946
f 1917 1946 1947
f 485 1945 1943
f 504 1946 1945
f 496 1943 1946
f 1945 1946 1943
f 132 1942 1934
f 503 1948 1942
f 502 1934 1948
f 1942 1948 1934
f 134 1947 1939
f 504 1949 1947
f 503 1939 1949
f 1947 1949 1939
f 129 1937 1944
f 502 1950 1937
f 504 1944 1950
f 1937 1950 1944
f 503 1949 1948
f 504 1950 1949
f 502 1948 1950
f 1949 1950 1948
f 4 1852 1952
f 480 1951 1852
f 506 1952 1951
f 1852 1951 1952
f 130 1953 1855
f 505 1954 1953
f 480 1855 1954
f 1953 1954 1855
f 137 1955 1957
f 506 1956 1955
f 505 1957 1956
f 1955 1956 1957
f 480 1954 1951
f 505 1956 1954
f 506 1951 1956
f 1954 1956 1951
f 39 1958 1865
f 507 1959 1958
f 483 1865 1959
f 1958 1959 1865
f 136 1960 1962
f 508 1961 1960
f 507 1962 1961
f 1960 1961 1962
f 130 1870 1964
f 483 1963 1870
f 508 1964 1963
f 1870 1963 1964
f 507 1961 1959
f 508 1963 1961
f 483 1959 1963
f 1961 1963 1959
f 41 1965 1967
f 509 1966 1965
f 511 1967 1966
f 1965 1966 1967
f 137 1968 1970
f 510 1969 1968
f 509 1970 1969
f 1968 1969 1970
f 136 1971 1973
f 511 1972 1971
f 510 1973 1972
f 1971 1972 1973
f 509 1969 1966
f 510 1972 1969
f 511 1966 1972
f 1969 1972 1966
f 130 1964 1953
f 508 1974 1964
f 505 1953 1974
f 1964 1974 1953
f 136 1973 1960
f 510 1975 1973
f 508 1960 1975
f 1973 1975 1960
f 137 1957 1968
f 505 1976 1957
f 510 1968 1976
f 1957 1976 1968
f 508 1975 1974
f 510 1976 1975
f 505 1974 1976
f 1975 1976 1974
f 7 1977 1903
f 512 1978 1977
f 493 1903 1978
f 1977 1978 1903
f 138 1979 1981
f 513 1980 1979
f 512 1981 1980
f 1979 1980 1981
f 133 1908 1983
f 493 1982 1908
f 513 1983 1982
f 1908 1982 1983
f 512 1980 1978
f 513 1982 1980
f 493 1978 1982
f 1980 1982 1978
f 40 1984 1986
f 514 1985 1984
f 516 1986 1985
f 1984 1985 1986
f 139 1987 1989
f 515 1988 1987
f 514 1989 1988
f 1987 1988 1989
f 138 1990 1992
f 516 1991 1990
f 515 1992 1991
f 1990 1991 1992
f 514 1988 1985
f 515 1991 1988
f 516 1985 1991
f 1988 1991 1985
f 39 1914 1994
f 498 1993 1914
f 518 1994 1993
f 1914 1993 1994
f 133 1995 1918
f 517 1996 1995
f 498 1918 1996
f 1995 1996 1918
f 139 1997 1999
f 518 1998 1997
f 517 1999 1998
f 1997 1998 1999
f 498 1996 1993
f 517 1998 1996
f 518 1993 1998
f 1996 1998 1993
f 138 1992 1979
f 515 2000 1992
f 513 1979 2000
f 1992 2000 1979
f 139 1999 1987
f 517 2001 1999
f 515 1987 2001
f 1999 2001 1987
f 133 1983 1995
f 513 2002 1983
f 517 1995 2002
f 1983 2002 1995
f 515 2001 2000
f 517 2002 2001
f 513 2000 2002
f 2001 2002 2000
f 9 2003 2005
f 519 2004 2003
f 521 2005 2004
f 2003 2004 2005
f 140 2006 2008
f 520 2007 2006
f 519 2008 2007
f 2006 2007 2008
f 142 2009 2011
f 521 2010 2009
f 520 2011 2010
f 2009 2010 2011
f 519 2007 2004
f 520 2010 2007
f 521 2004 2010
f 2007 2010 2004
f 41 2012 2014
f 522 2013 2012
f 524 2014 2013
f 2012 2013 2014
f 141 2015 2017
f 523 2016 2015
f 522 2017 2016
f 2015 2016 2017
f 140 2018 2020
f 524 2019 2018
f 523 2020 2019
f 2018 2019 2020
f 522 2016 2013
f 523 2019 2016
f 524 2013 2019
f 2016 2019 2013
f 40 2021 2023
f 525 2022 2021
f 527 2023 2022
f 2021 2022 2023
f 142 2024 2026
f 526 2025 2024
f 525 2026 2025
f 2024 2025 2026
f 141 2027 2029
f 527 2028 2027
f 526 2029 2028
f 2027 2028 2029
f 525 2025 2022
f 526 2028 2025
f 527 2022 2028
f 2025 2028 2022
f 140 2020 2006
f 523 2030 2020
f 520 2006 2030
f 2020 2030 2006
f 141 2029 2015
f 526 2031 2029
f 523 2015 2031
f 2029 2031 2015
f 142 2011 2024
f 520 2032 2011
f 526 2024 2032
f 2011 2032 2024
f 523 2031 2030
f 526 2032 2031
f 520 2030 2032
f 2031 2032 2030
f 39 1994 1958
f 518 2033 1994
f 507 1958 2033
f 1994 2033 1958
f 139 2034 1997
f 528 2035 2034
f 518 1997 2035
f 2034 2035 1997
f 136 1962 2037
f 507 2036 1962
f 528 2037 2036
f 1962 2036 2037
f 518 2035 2033
f 528 2036 2035
f 507 2033 2036
f 2035 2036 2033
f 40 2023 1984
f 527 2038 2023
f 514 1984 2038
f 2023 2038 1984
f 141 2039 2027
f 529 2040 2039
f 527 2027 2040
f 2039 2040 2027
f 139 1989 2042
f 514 2041 1989
f 529 2042 2041
f 1989 2041 2042
f 527 2040 2038
f 529 2041 2040
f 514 2038 2041
f 2040 2041 2038
f 41 1967 2012
f 511 2043 1967
f 522 2012 2043
f 1967 2043 2012
f 136 2044 1971
f 530 2045 2044
f 511 1971 2045
f 2044 2045 1971
f 141 2017 2047
f 522 2046 2017
f 530 2047 2046
f 2017 2046 2047
f 511 2045 2043
f 530 2046 2045
f 522 2043 2046
f 2045 2046 2043
f 139 2042 2034
f 529 2048 2042
f 528 2034 2048
f 2042 2048 2034
f 141 2047 2039
f 530 2049 2047
f 529 2039 2049
f 2047 2049 2039
f 136 2037 2044
f 528 2050 2037
f 530 2044 2050
f 2037 2050 2044
f 529 2049 2048
f 530 2050 2049
f 528 2048 2050
f 2049 2050 2048
f 4 1952 1643
f 506 2051 1952
f 423 1643 2051
f 1952 2051 1643
f 137 2052 1955
f 531 2053 2052
f 506 1955 2053
f 2052 2053 1955
f 113 1648 2055
f 423 2054 1648
f 531 2055 2054
f 1648 2054 2055
f 506 2053 2051
f 531 2054 2053
f 423 2051 2054
f 2053 2054 2051
f 41 2056 1965
f 532 2057 2056
f 509 1965 2057
f 2056 2057 1965
f 143 2058 2060
f 533 2059 2058
f 532 2060 2059
f 2058 2059 2060
f 137 1970 2062
f 509 2061 1970
f 533 2062 2061
f 1970 2061 2062
f 532 2059 2057
f 533 2061 2059
f 509 2057 2061
f 2059 2061 2057
f 33 1654 2064
f 428 2063 1654
f 535 2064 2063
f 1654 2063 2064
f 113 2065 1658
f 534 2066 2065
f 428 1658 2066
f 2065 2066 1658
f 143 2067 2069
f 535 2068 2067
f 534 2069 2068
f 2067 2068 2069
f 428 2066 2063
f 534 2068 2066
f 535 2063 2068
f 2066 2068 2063
f 137 2062 2052
f 533 2070 2062
f 531 2052 2070
f 2062 2070 2052
f 143 2069 2058
f 534 2071 2069
f 533 2058 2071
f 2069 2071 2058
f 113 2055 2065
f 531 2072 2055
f 534 2065 2072
f 2055 2072 2065
f 533 2071 2070
f 534 2072 2071
f 531 2070 2072
f 2071 2072 2070
f 9 2073 2003
f 536 2074 2073
f 519 2003 2074
f 2073 2074 2003
f 144 2075 2077
f 537 2076 2075
f 536 2077 2076
f 2075 2076 2077
f 140 2008 2079
f 519 2078 2008
f 537 2079 2078
f 2008 2078 2079
f 536 2076 2074
f 537 2078 2076
f 519 2074 2078
f 2076 2078 2074
f 42 2080 2082
f 538 2081 2080
f 540 2082 2081
f 2080 2081 2082
f 145 2083 2085
f 539 2084 2083
f 538 2085 2084
f 2083 2084 2085
f 144 2086 2088
f 540 2087 2086
f 539 2088 2087
f 2086 2087 2088
f 538 2084 2081
f 539 2087 2084
f 540 2081 2087
f 2084 2087 2081
f 41 2014 2090
f 524 2089 2014
f 542 2090 2089
f 2014 2089 2090
f 140 2091 2018
f 541 2092 2091
f 524 2018 2092
f 2091 2092 2018
f 145 2093 2095
f 542 2094 2093
f 541 2095 2094
f 2093 2094 2095
f 524 2092 2089
f 541 2094 2092
f 542 2089 2094
f 2092 2094 2089
f 144 2088 2075
f 539 2096 2088
f 537 2075 2096
f 2088 2096 2075
f 145 2095 2083
f 541 2097 2095
f 539 2083 2097
f 2095 2097 2083
f 140 2079 2091
f 537 2098 2079
f 541 2091 2098
f 2079 2098 2091
f 539 2097 2096
f 541 2098 2097
f 537 2096 2098
f 2097 2098 2096
f 10 1675 2100
f 434 2099 1675
f 544 2100 2099
f 1675 2099 2100
f 118 2101 1679
f 543 2102 2101
f 434 1679 2102
f 2101 2102 1679
f 147 2103 2105
f 544 2104 2103
f 543 2105 2104
f 2103 2104 2105
f 434 2102 2099
f 543 2104 2102
f 544 2099 2104
f 2102 2104 2099
f 33 2106 1691
f 545 2107 2106
f 438 1691 2107
f 2106 2107 1691
f 146 2108 2110
f 546 2109 2108
f 545 2110 2109
f 2108 2109 2110
f 118 1696 2112
f 438 2111 1696
f 546 2112 2111
f 1696 2111 2112
f 545 2109 2107
f 546 2111 2109
f 438 2107 2111
f 2109 2111 2107
f 42 2113 2115
f 547 2114 2113
f 549 2115 2114
f 2113 2114 2115
f 147 2116 2118
f 548 2117 2116
f 547 2118 2117
f 2116 2117 2118
f 146 2119 2121
f 549 2120 2119
f 548 2121 2120
f 2119 2120 2121
f 547 2117 2114
f 548 2120 2117
f 549 2114 2120
f 2117 2120 2114
f 118 2112 2101
f 546 2122 2112
f 543 2101 2122
f 2112 2122 2101
f 146 2121 2108
f 548 2123 2121
f 546 2108 2123
f 2121 2123 2108
f 147 2105 2116
f 543 2124 2105
f 548 2116 2124
f 2105 2124 2116
f 546 2123 2122
f 548 2124 2123
f 543 2122 2124
f 2123 2124 2122
f 41 2090 2056
f 542 2125 2090
f 532 2056 2125
f 2090 2125 2056
f 145 2126 2093
f 550 2127 2126
f 542 2093 2127
f 2126 2127 2093
f 143 2060 2129
f 532 2128 2060
f 550 2129 2128
f 2060 2128 2129
f 542 2127 2125
f 550 2128 2127
f 532 2125 2128
f 2127 2128 2125
f 42 2115 2080
f 549 2130 2115
f 538 2080 2130
f 2115 2130 2080
f 146 2131 2119
f 551 2132 2131
f 549 2119 2132
f 2131 2132 2119
f 145 2085 2134
f 538 2133 2085
f 551 2134 2133
f 2085 2133 2134
f 549 2132 2130
f 551 2133 2132
f 538 2130 2133
f 2132 2133 2130
f 33 2064 2106
f 535 2135 2064
f 545 2106 2135
f 2064 2135 2106
f 143 2136 2067
f 552 2137 2136
f 535 2067 2137
f 2136 2137 2067
f 146 2110 2139
f 545 2138 2110
f 552 2139 2138
f 2110 2138 2139
f 535 2137 2135
f 552 2138 2137
f 545 2135 2138
f 2137 2138 2135
f 145 2134 2126
f 551 2140 2134
f 550 2126 2140
f 2134 2140 2126
f 146 2139 2131
f 552 2141 2139
f 551 2131 2141
f 2139 2141 2131
f 143 2129 2136
f 550 2142 2129
f 552 2136 2142
f 2129 2142 2136
f 551 2141 2140
f 552 2142 2141
f 550 2140 2142
f 2141 2142 2140
f 5 1705 1295
f 443 2143 1705
f 333 1295 2143
f 1705 2143 1295
f 121 2144 1709
f 553 2145 2144
f 443 1709 2145
f 2144 2145 1709
f 89 1300 2147
f 333 2146 1300
f 553 2147 2146
f 1300 2146 2147
f 443 2145 2143
f 553 2146 2145
f 333 2143 2146
f 2145 2146 2143
f 34 2148 1721
f 554 2149 2148
f 447 1721 2149
f 2148 2149 1721
f 148 2150 2152
f 555 2151 2150
f 554 2152 2151
f 2150 2151 2152
f 121 1726 2154
f 447 2153 1726
f 555 2154 2153
f 1726 2153 2154
f 554 2151 2149
f 555 2153 2151
f 447 2149 2153
f 2151 2153 2149
f 26 1306 2156
f 338 2155 1306
f 557 2156 2155
f 1306 2155 2156
f 89 2157 1310
f 556 2158 2157
f 338 1310 2158
f 2157 2158 1310
f 148 2159 2161
f 557 2160 2159
f 556 2161 2160
f 2159 2160 2161
f 338 2158 2155
f 556 2160 2158
f 557 2155 2160
f 2158 2160 2155
f 121 2154 2144
f 555 2162 2154
f 553 2144 2162
f 2154 2162 2144
f 148 2161 2150
f 556 2163 2161
f 555 2150 2163
f 2161 2163 2150
f 89 2147 2157
f 553 2164 2147
f 556 2157 2164
f 2147 2164 2157
f 555 2163 2162
f 556 2164 2163
f 553 2162 2164
f 2163 2164 2162
f 10 1197 1673
f 309 2165 1197
f 432 1673 2165
f 1197 2165 1673
f 84 2166 1201
f 558 2167 2166
f 309 1201 2167
f 2166 2167 1201
f 116 1678 2169
f 432 2168 1678
f 558 2169 2168
f 1678 2168 2169
f 309 2167 2165
f 558 2168 2167
f 432 2165 2168
f 2167 2168 2165
f 23 2170 1213
f 559 2171 2170
f 313 1213 2171
f 2170 2171 1213
f 149 2172 2174
f 560 2173 2172
f 559 2174 2173
f 2172 2173 2174
f 84 1218 2176
f 313 2175 1218
f 560 2176 2175
f 1218 2175 2176
f 559 2173 2171
f 560 2175 2173
f 313 2171 2175
f 2173 2175 2171
f 34 1684 2178
f 437 2177 1684
f 562 2178 2177
f 1684 2177 2178
f 116 2179 1688
f 561 2180 2179
f 437 1688 2180
f 2179 2180 1688
f 149 2181 2183
f 562 2182 2181
f 561 2183 2182
f 2181 2182 2183
f 437 2180 2177
f 561 2182 2180
f 562 2177 2182
f 2180 2182 2177
f 84 2176 2166
f 560 2184 2176
f 558 2166 2184
f 2176 2184 2166
f 149 2183 2172
f 561 2185 2183
f 560 2172 2185
f 2183 2185 2172
f 116 2169 2179
f 558 2186 2169
f 561 2179 2186
f 2169 2186 2179
f 560 2185 2184
f 561 2186 2185
f 558 2184 2186
f 2185 2186 2184
f 6 1244 1169
f 320 2187 1244
f 300 1169 2187
f 1244 2187 1169
f 86 2188 1247
f 563 2189 2188
f 320 1247 2189
f 2188 2189 1247
f 80 1173 2191
f 300 2190 1173
f 563 2191 2190
f 1173 2190 2191
f 320 2189 2187
f 563 2190 2189
f 300 2187 2190
f 2189 2190 2187
f 26 2192 1257
f 564 2193 2192
f 323 1257 2193
f 2192 2193 1257
f 150 2194 2196
f 565 2195 2194
f 564 2196 2195
f 2194 2195 2196
f 86 1262 2198
f 323 2197 1262
f 565 2198 2197
f 1262 2197 2198
f 564 2195 2193
f 565 2197 2195
f 323 2193 2197
f 2195 2197 2193
f 23 1178 2200
f 304 2199 1178
f 567 2200 2199
f 1178 2199 2200
f 80 2201 1182
f 566 2202 2201
f 304 1182 2202
f 2201 2202 1182
f 150 2203 2205
f 567 2204 2203
f 566 2205 2204
f 2203 2204 2205
f 304 2202 2199
f 566 2204 2202
f 567 2199 2204
f 2202 2204 2199
f 86 2198 2188
f 565 2206 2198
f 563 2188 2206
f 2198 2206 2188
f 150 2205 2194
f 566 2207 2205
f 565 2194 2207
f 2205 2207 2194
f 80 2191 2201
f 563 2208 2191
f 566 2201 2208
f 2191 2208 2201
f 565 2207 2206
f 566 2208 2207
f 563 2206 2208
f 2207 2208 2206
f 34 2178 2148
f 562 2209 2178
f 554 2148 2209
f 2178 2209 2148
f 149 2210 2181
f 568 2211 2210
f 562 2181 2211
f 2210 2211 2181
f 148 2152 2213
f 554 2212 2152
f 568 2213 2212
f 2152 2212 2213
f 562 2211 2209
f 568 2212 2211
f 554 2209 2212
f 2211 2212 2209
f 23 2200 2170
f 567 2214 2200
f 559 2170 2214
f 2200 2214 2170
f 150 2215 2203
f 569 2216 2215
f 567 2203 2216
f 2215 2216 2203
f 149 2174 2218
f 559 2217 2174
f 569 2218 2217
f 2174 2217 2218
f 567 2216 2214
f 569 2217 2216
f 559 2214 2217
f 2216 2217 2214
f 26 2156 2192
f 557 2219 2156
f 564 2192 2219
f 2156 2219 2192
f 148 2220 2159
f 570 2221 2220
f 557 2159 2221
f 2220 2221 2159
f 150 2196 2223
f 564 2222 2196
f 570 2223 2222
f 2196 2222 2223
f 557 2221 2219
f 570 2222 2221
f 564 2219 2222
f 2221 2222 2219
f 149 2218 2210
f 569 2224 2218
f 568 2210 2224
f 2218 2224 2210
f 150 2223 2215
f 570 2225 2223
f 569 2215 2225
f 2223 2225 2215
f 148 2213 2220
f 568 2226 2213
f 570 2220 2226
f 2213 2226 2220
f 569 2225 2224
f 570 2226 2225
f 568 2224 2226
f 2225 2226 2224
f 3 1805 1395
f 469 2227 1805
f 359 1395 2227
f 1805 2227 1395
f 128 2228 1809
f 571 2229 2228
f 469 1809 2229
f 2228 2229 1809
f 96 1400 2231
f 359 2230 1400
f 571 2231 2230
f 1400 2230 2231
f 469 2229 2227
f 571 2230 2229
f 359 2227 2230
f 2229 2230 2227
f 36 2232 1821
f 572 2233 2232
f 473 1821 2233
f 2232 2233 1821
f 151 2234 2236
f 573 2235 2234
f 572 2236 2235
f 2234 2235 2236
f 128 1826 2238
f 473 2237 1826
f 573 2238 2237
f 1826 2237 2238
f 572 2235 2233
f 573 2237 2235
f 473 2233 2237
f 2235 2237 2233
f 28 1406 2240
f 364 2239 1406
f 575 2240 2239
f 1406 2239 2240
f 96 2241 1410
f 574 2242 2241
f 364 1410 2242
f 2241 2242 1410
f 151 2243 2245
f 575 2244 2243
f 574 2245 2244
f 2243 2244 2245
f 364 2242 2239
f 574 2244 2242
f 575 2239 2244
f 2242 2244 2239
f 128 2238 2228
f 573 2246 2238
f 571 2228 2246
f 2238 2246 2228
f 151 2245 2234
f 574 2247 2245
f 573 2234 2247
f 2245 2247 2234
f 96 2231 2241
f 571 2248 2231
f 574 2241 2248
f 2231 2248 2241
f 573 2247 2246
f 574 2248 2247
f 571 2246 2248
f 2247 2248 2246
f 5 1297 1777
f 335 2249 1297
f 460 1777 2249
f 1297 2249 1777
f 91 2250 1301
f 576 2251 2250
f 335 1301 2251
f 2250 2251 1301
f 124 1781 2253
f 460 2252 1781
f 576 2253 2252
f 1781 2252 2253
f 335 2251 2249
f 576 2252 2251
f 460 2249 2252
f 2251 2252 2249
f 25 2254 1313
f 577 2255 2254
f 339 1313 2255
f 2254 2255 1313
f 152 2256 2258
f 578 2257 2256
f 577 2258 2257
f 2256 2257 2258
f 91 1318 2260
f 339 2259 1318
f 578 2260 2259
f 1318 2259 2260
f 577 2257 2255
f 578 2259 2257
f 339 2255 2259
f 2257 2259 2255
f 36 1786 2262
f 464 2261 1786
f 580 2262 2261
f 1786 2261 2262
f 124 2263 1790
f 579 2264 2263
f 464 1790 2264
f 2263 2264 1790
f 152 2265 2267
f 580 2266 2265
f 579 2267 2266
f 2265 2266 2267
f 464 2264 2261
f 579 2266 2264
f 580 2261 2266
f 2264 2266 2261
f 91 2260 2250
f 578 2268 2260
f 576 2250 2268
f 2260 2268 2250
f 152 2267 2256
f 579 2269 2267
f 578 2256 2269
f 2267 2269 2256
f 124 2253 2263
f 576 2270 2253
f 579 2263 2270
f 2253 2270 2263
f 578 2269 2268
f 579 2270 2269
f 576 2268 2270
f 2269 2270 2268
f 12 1344 1269
f 346 2271 1344
f 326 1269 2271
f 1344 2271 1269
f 93 2272 1347
f 581 2273 2272
f 346 1347 2273
f 2272 2273 1347
f 87 1273 2275
f 326 2274 1273
f 581 2275 2274
f 1273 2274 2275
f 346 2273 2271
f 581 2274 2273
f 326 2271 2274
f 2273 2274 2271
f 28 2276 1357
f 582 2277 2276
f 349 1357 2277
f 2276 2277 1357
f 153 2278 2280
f 583 2279 2278
f 582 2280 2279
f 2278 2279 2280
f 93 1362 2282
f 349 2281 1362
f 583 2282 2281
f 1362 2281 2282
f 582 2279 2277
f 583 2281 2279
f 349 2277 2281
f 2279 2281 2277
f 25 1278 2284
f 330 2283 1278
f 585 2284 2283
f 1278 2283 2284
f 87 2285 1282
f 584 2286 2285
f 330 1282 2286
f 2285 2286 1282
f 153 2287 2289
f 585 2288 2287
f 584 2289 2288
f 2287 2288 2289
f 330 2286 2283
f 584 2288 2286
f 585 2283 2288
f 2286 2288 2283
f 93 2282 2272
f 583 2290 2282
f 581 2272 2290
f 2282 2290 2272
f 153 2289 2278
f 584 2291 2289
f 583 2278 2291
f 2289 2291 2278
f 87 2275 2285
f 581 2292 2275
f 584 2285 2292
f 2275 2292 2285
f 583 2291 2290
f 584 2292 2291
f 581 2290 2292
f 2291 2292 2290
f 36 2262 2232
f 580 2293 2262
f 572 2232 2293
f 2262 2293 2232
f 152 2294 2265
f 586 2295 2294
f 580 2265 2295
f 2294 2295 2265
f 151 2236 2297
f 572 2296 2236
f 586 2297 2296
f 2236 2296 2297
f 580 2295 2293
f 586 2296 2295
f 572 2293 2296
f 2295 2296 2293
f 25 2284 2254
f 585 2298 2284
f 577 2254 2298
f 2284 2298 2254
f 153 2299 2287
f 587 2300 2299
f 585 2287 2300
f 2299 2300 2287
f 152 2258 2302
f 577 2301 2258
f 587 2302 2301
f 2258 2301 2302
f 585 2300 2298
f 587 2301 2300
f 577 2298 2301
f 2300 2301 2298
f 28 2240 2276
f 575 2303 2240
f 582 2276 2303
f 2240 2303 2276
f 151 2304 2243
f 588 2305 2304
f 575 2243 2305
f 2304 2305 2243
f 153 2280 2307
f 582 2306 2280
f 588 2307 2306
f 2280 2306 2307
f 575 2305 2303
f 588 2306 2305
f 582 2303 2306
f 2305 2306 2303
f 152 2302 2294
f 587 2308 2302
f 586 2294 2308
f 2302 2308 2294
f 153 2307 2299
f 588 2309 2307
f 587 2299 2309
f 2307 2309 2299
f 151 2297 2304
f 586 2310 2297
f 588 2304 2310
f 2297 2310 2304
f 587 2309 2308
f 588 2310 2309
f 586 2308 2310
f 2309 2310 2308
f 7 1905 1495
f 495 2311 1905
f 385 1495 2311
f 1905 2311 1495
f 135 2312 1909
f 589 2313 2312
f 495 1909 2313
f 2312 2313 1909
f 103 1500 2315
f 385 2314 1500
f 589 2315 2314
f 1500 2314 2315
f 495 2313 2311
f 589 2314 2313
f 385 2311 2314
f 2313 2314 2311
f 38 2316 1921
f 590 2317 2316
f 499 1921 2317
f 2316 2317 1921
f 154 2318 2320
f 591 2319 2318
f 590 2320 2319
f 2318 2319 2320
f 135 1926 2322
f 499 2321 1926
f 591 2322 2321
f 1926 2321 2322
f 590 2319 2317
f 591 2321 2319
f 499 2317 2321
f 2319 2321 2317
f 30 1506 2324
f 390 2323 1506
f 593 2324 2323
f 1506 2323 2324
f 103 2325 1510
f 592 2326 2325
f 390 1510 2326
f 2325 2326 1510
f 154 2327 2329
f 593 2328 2327
f 592 2329 2328
f 2327 2328 2329
f 390 2326 2323
f 592 2328 2326
f 593 2323 2328
f 2326 2328 2323
f 135 2322 2312
f 591 2330 2322
f 589 2312 2330
f 2322 2330 2312
f 154 2329 2318
f 592 2331 2329
f 591 2318 2331
f 2329 2331 2318
f 103 2315 2325
f 589 2332 2315
f 592 2325 2332
f 2315 2332 2325
f 591 2331 2330
f 592 2332 2331
f 589 2330 2332
f 2331 2332 2330
f 3 1397 1877
f 361 2333 1397
f 486 1877 2333
f 1397 2333 1877
f 98 2334 1401
f 594 2335 2334
f 361 1401 2335
f 2334 2335 1401
f 131 1881 2337
f 486 2336 1881
f 594 2337 2336
f 1881 2336 2337
f 361 2335 2333
f 594 2336 2335
f 486 2333 2336
f 2335 2336 2333
f 27 2338 1413
f 595 2339 2338
f 365 1413 2339
f 2338 2339 1413
f 155 2340 2342
f 596 2341 2340
f 595 2342 2341
f 2340 2341 2342
f 98 1418 2344
f 365 2343 1418
f 596 2344 2343
f 1418 2343 2344
f 595 2341 2339
f 596 2343 2341
f 365 2339 2343
f 2341 2343 2339
f 38 1886 2346
f 490 2345 1886
f 598 2346 2345
f 1886 2345 2346
f 131 2347 1890
f 597 2348 2347
f 490 1890 2348
f 2347 2348 1890
f 155 2349 2351
f 598 2350 2349
f 597 2351 2350
f 2349 2350 2351
f 490 2348 2345
f 597 2350 2348
f 598 2345 2350
f 2348 2350 2345
f 98 2344 2334
f 596 2352 2344
f 594 2334 2352
f 2344 2352 2334
f 155 2351 2340
f 597 2353 2351
f 596 2340 2353
f 2351 2353 2340
f 131 2337 2347
f 594 2354 2337
f 597 2347 2354
f 2337 2354 2347
f 596 2353 2352
f 597 2354 2353
f 594 2352 2354
f 2353 2354 2352
f 11 1444 1369
f 372 2355 1444
f 352 1369 2355
f 1444 2355 1369
f 100 2356 1447
f 599 2357 2356
f 372 1447 2357
f 2356 2357 1447
f 94 1373 2359
f 352 2358 1373
f 599 2359 2358
f 1373 2358 2359
f 372 2357 2355
f 599 2358 2357
f 352 2355 2358
f 2357 2358 2355
f 30 2360 1457
f 600 2361 2360
f 375 1457 2361
f 2360 2361 1457
f 156 2362 2364
f 601 2363 2362
f 600 2364 2363
f 2362 2363 2364
f 100 1462 2366
f 375 2365 1462
f 601 2366 2365
f 1462 2365 2366
f 600 2363 2361
f 601 2365 2363
f 375 2361 2365
f 2363 2365 2361
f 27 1378 2368
f 356 2367 1378
f 603 2368 2367
f 1378 2367 2368
f 94 2369 1382
f 602 2370 2369
f 356 1382 2370
f 2369 2370 1382
f 156 2371 2373
f 603 2372 2371
f 602 2373 2372
f 2371 2372 2373
f 356 2370 2367
f 602 2372 2370
f 603 2367 2372
f 2370 2372 2367
f 100 2366 2356
f 601 2374 2366
f 599 2356 2374
f 2366 2374 2356
f 156 2373 2362
f 602 2375 2373
f 601 2362 2375
f 2373 2375 2362
f 94 2359 2369
f 599 2376 2359
f 602 2369 2376
f 2359 2376 2369
f 601 2375 2374
f 602 2376 2375
f 599 2374 2376
f 2375 2376 2374
f 38 2346 2316
f 598 2377 2346
f 590 2316 2377
f 2346 2377 2316
f 155 2378 2349
f 604 2379 2378
f 598 2349 2379
f 2378 2379 2349
f 154 2320 2381
f 590 2380 2320
f 604 2381 2380
f 2320 2380 2381
f 598 2379 2377
f 604 2380 2379
f 590 2377 2380
f 2379 2380 2377
f 27 2368 2338
f 603 2382 2368
f 595 2338 2382
f 2368 2382 2338
f 156 2383 2371
f 605 2384 2383
f 603 2371 2384
f 2383 2384 2371
f 155 2342 2386
f 595 2385 2342
f 605 2386 2385
f 2342 2385 2386
f 603 2384 2382
f 605 2385 2384
f 595 2382 2385
f 2384 2385 2382
f 30 2324 2360
f 593 2387 2324
f 600 2360 2387
f 2324 2387 2360
f 154 2388 2327
f 606 2389 2388
f 593 2327 2389
f 2388 2389 2327
f 156 2364 2391
f 600 2390 2364
f 606 2391 2390
f 2364 2390 2391
f 593 2389 2387
f 606 2390 2389
f 600 2387 2390
f 2389 2390 2387
f 155 2386 2378
f 605 2392 2386
f 604 2378 2392
f 2386 2392 2378
f 156 2391 2383
f 606 2393 2391
f 605 2383 2393
f 2391 2393 2383
f 154 2381 2388
f 604 2394 2381
f 606 2388 2394
f 2381 2394 2388
f 605 2393 2392
f 606 2394 2393
f 604 2392 2394
f 2393 2394 2392
f 9 2005 1595
f 521 2395 2005
f 411 1595 2395
f 2005 2395 1595
f 142 2396 2009
f 607 2397 2396
f 521 2009 2397
f 2396 2397 2009
f 110 1600 2399
f 411 2398 1600
f 607 2399 2398
f 1600 2398 2399
f 521 2397 2395
f 607 2398 2397
f 411 2395 2398
f 2397 2398 2395
f 40 2400 2021
f 608 2401 2400
f 525 2021 2401
f 2400 2401 2021
f 157 2402 2404
f 609 2403 2402
f 608 2404 2403
f 2402 2403 2404
f 142 2026 2406
f 525 2405 2026
f 609 2406 2405
f 2026 2405 2406
f 608 2403 2401
f 609 2405 2403
f 525 2401 2405
f 2403 2405 2401
f 32 1606 2408
f 416 2407 1606
f 611 2408 2407
f 1606 2407 2408
f 110 2409 1610
f 610 2410 2409
f 416 1610 2410
f 2409 2410 1610
f 157 2411 2413
f 611 2412 2411
f 610 2413 2412
f 2411 2412 2413
f 416 2410 2407
f 610 2412 2410
f 611 2407 2412
f 2410 2412 2407
f 142 2406 2396
f 609 2414 2406
f 607 2396 2414
f 2406 2414 2396
f 157 2413 2402
f 610 2415 2413
f 609 2402 2415
f 2413 2415 2402
f 110 2399 2409
f 607 2416 2399
f 610 2409 2416
f 2399 2416 2409
f 609 2415 2414
f 610 2416 2415
f 607 2414 2416
f 2415 2416 2414
f 7 1497 1977
f 387 2417 1497
f 512 1977 2417
f 1497 2417 1977
f 105 2418 1501
f 612 2419 2418
f 387 1501 2419
f 2418 2419 1501
f 138 1981 2421
f 512 2420 1981
f 612 2421 2420
f 1981 2420 2421
f 387 2419 2417
f 612 2420 2419
f 512 2417 2420
f 2419 2420 2417
f 29 2422 1513
f 613 2423 2422
f 391 1513 2423
f 2422 2423 1513
f 158 2424 2426
f 614 2425 2424
f 613 2426 2425
f 2424 2425 2426
f 105 1518 2428
f 391 2427 1518
f 614 2428 2427
f 1518 2427 2428
f 613 2425 2423
f 614 2427 2425
f 391 2423 2427
f 2425 2427 2423
f 40 1986 2430
f 516 2429 1986
f 616 2430 2429
f 1986 2429 2430
f 138 2431 1990
f 615 2432 2431
f 516 1990 2432
f 2431 2432 1990
f 158 2433 2435
f 616 2434 2433
f 615 2435 2434
f 2433 2434 2435
f 516 2432 2429
f 615 2434 2432
f 616 2429 2434
f 2432 2434 2429
f 105 2428 2418
f 614 2436 2428
f 612 2418 2436
f 2428 2436 2418
f 158 2435 2424
f 615 2437 2435
f 614 2424 2437
f 2435 2437 2424
f 138 2421 2431
f 612 2438 2421
f 615 2431 2438
f 2421 2438 2431
f 614 2437 2436
f 615 2438 2437
f 612 2436 2438
f 2437 2438 2436
f 8 1544 1469
f 398 2439 1544
f 378 1469 2439
f 1544 2439 1469
f 107 2440 1547
f 617 2441 2440
f 398 1547 2441
f 2440 2441 1547
f 101 1473 2443
f 378 2442 1473
f 617 2443 2442
f 1473 2442 2443
f 398 2441 2439
f 617 2442 2441
f 378 2439 2442
f 2441 2442 2439
f 32 2444 1557
f 618 2445 2444
f 401 1557 2445
f 2444 2445 1557
f 159 2446 2448
f 619 2447 2446
f 618 2448 2447
f 2446 2447 2448
f 107 1562 2450
f 401 2449 1562
f 619 2450 2449
f 1562 2449 2450
f 618 2447 2445
f 619 2449 2447
f 401 2445 2449
f 2447 2449 2445
f 29 1478 2452
f 382 2451 1478
f 621 2452 2451
f 1478 2451 2452
f 101 2453 1482
f 620 2454 2453
f 382 1482 2454
f 2453 2454 1482
f 159 2455 2457
f 621 2456 2455
f 620 2457 2456
f 2455 2456 2457
f 382 2454 2451
f 620 2456 2454
f 621 2451 2456
f 2454 2456 2451
f 107 2450 2440
f 619 2458 2450
f 617 2440 2458
f 2450 2458 2440
f 159 2457 2446
f 620 2459 2457
f 619 2446 2459
f 2457 2459 2446
f 101 2443 2453
f 617 2460 2443
f 620 2453 2460
f 2443 2460 2453
f 619 2459 2458
f 620 2460 2459
f 617 2458 2460
f 2459 2460 2458
f 40 2430 2400
f 616 2461 2430
f 608 2400 2461
f 2430 2461 2400
f 158 2462 2433
f 622 2463 2462
f 616 2433 2463
f 2462 2463 2433
f 157 2404 2465
f 608 2464 2404
f 622 2465 2464
f 2404 2464 2465
f 616 2463 2461
f 622 2464 2463
f 608 2461 2464
f 2463 2464 2461
f 29 2452 2422
f 621 2466 2452
f 613 2422 2466
f 2452 2466 2422
f 159 2467 2455
f 623 2468 2467
f 621 2455 2468
f 2467 2468 2455
f 158 2426 2470
f 613 2469 2426
f 623 2470 2469
f 2426 2469 2470
f 621 2468 2466
f 623 2469 2468
f 613 2466 2469
f 2468 2469 2466
f 32 2408 2444
f 611 2471 2408
f 618 2444 2471
f 2408 2471 2444
f 157 2472 2411
f 624 2473 2472
f 611 2411 2473
f 2472 2473 2411
f 159 2448 2475
f 618 2474 2448
f 624 2475 2474
f 2448 2474 2475
f 611 2473 2471
f 624 2474 2473
f 618 2471 2474
f 2473 2474 2471
f 158 2470 2462
f 623 2476 2470
f 622 2462 2476
f 2470 2476 2462
f 159 2475 2467
f 624 2477 2475
f 623 2467 2477
f 2475 2477 2467
f 157 2465 2472
f 622 2478 2465
f 624 2472 2478
f 2465 2478 2472
f 623 2477 2476
f 624 2478 2477
f 622 2476 2478
f 2477 2478 2476
f 10 2100 1195
f 544 2479 2100
f 307 1195 2479
f 2100 2479 1195
f 147 2480 2103
f 625 2481 2480
f 544 2103 2481
f 2480 2481 2103
f 82 1200 2483
f 307 2482 1200
f 625 2483 2482
f 1200 2482 2483
f 544 2481 2479
f 625 2482 2481
f 307 2479 2482
f 2481 2482 2479
f 42 2484 2113
f 626 2485 2484
f 547 2113 2485
f 2484 2485 2113
f 160 2486 2488
f 627 2487 2486
f 626 2488 2487
f 2486 2487 2488
f 147 2118 2490
f 547 2489 2118
f 627 2490 2489
f 2118 2489 2490
f 626 2487 2485
f 627 2489 2487
f 547 2485 2489
f 2487 2489 2485
f 24 1206 2492
f 312 2491 1206
f 629 2492 2491
f 1206 2491 2492
f 82 2493 1210
f 628 2494 2493
f 312 1210 2494
f 2493 2494 1210
f 160 2495 2497
f 629 2496 2495
f 628 2497 2496
f 2495 2496 2497
f 312 2494 2491
f 628 2496 2494
f 629 2491 2496
f 2494 2496 2491
f 147 2490 2480
f 627 2498 2490
f 625 2480 2498
f 2490 2498 2480
f 160 2497 2486
f 628 2499 2497
f 627 2486 2499
f 2497 2499 2486
f 82 2483 2493
f 625 2500 2483
f 628 2493 2500
f 2483 2500 2493
f 627 2499 2498
f 628 2500 2499
f 625 2498 2500
f 2499 2500 2498
f 9 1597 2073
f 413 2501 1597
f 536 2073 2501
f 1597 2501 2073
f 112 2502 1601
f 630 2503 2502
f 413 1601 2503
f 2502 2503 1601
f 144 2077 2505
f 536 2504 2077
f 630 2505 2504
f 2077 2504 2505
f 413 2503 2501
f 630 2504 2503
f 536 2501 2504
f 2503 2504 2501
f 31 2506 1613
f 631 2507 2506
f 417 1613 2507
f 2506 2507 1613
f 161 2508 2510
f 632 2509 2508
f 631 2510 2509
f 2508 2509 2510
f 112 1618 2512
f 417 2511 1618
f 632 2512 2511
f 1618 2511 2512
f 631 2509 2507
f 632 2511 2509
f 417 2507 2511
f 2509 2511 2507
f 42 2082 2514
f 540 2513 2082
f 634 2514 2513
f 2082 2513 2514
f 144 2515 2086
f 633 2516 2515
f 540 2086 2516
f 2515 2516 2086
f 161 2517 2519
f 634 2518 2517
f 633 2519 2518
f 2517 2518 2519
f 540 2516 2513
f 633 2518 2516
f 634 2513 2518
f 2516 2518 2513
f 112 2512 2502
f 632 2520 2512
f 630 2502 2520
f 2512 2520 2502
f 161 2519 2508
f 633 2521 2519
f 632 2508 2521
f 2519 2521 2508
f 144 2505 2515
f 630 2522 2505
f 633 2515 2522
f 2505 2522 2515
f 632 2521 2520
f 633 2522 2521
f 630 2520 2522
f 2521 2522 2520
f 2 1144 1569
f 294 2523 1144
f 404 1569 2523
f 1144 2523 1569
f 79 2524 1147
f 635 2525 2524
f 294 1147 2525
f 2524 2525 1147
f 108 1573 2527
f 404 2526 1573
f 635 2527 2526
f 1573 2526 2527
f 294 2525 2523
f 635 2526 2525
f 404 2523 2526
f 2525 2526 2523
f 24 2528 1157
f 636 2529 2528
f 297 1157 2529
f 2528 2529 1157
f 162 2530 2532
f 637 2531 2530
f 636 2532 2531
f 2530 2531 2532
f 79 1162 2534
f 297 2533 1162
f 637 2534 2533
f 1162 2533 2534
f 636 2531 2529
f 637 2533 2531
f 297 2529 2533
f 2531 2533 2529
f 31 1578 2536
f 408 2535 1578
f 639 2536 2535
f 1578 2535 2536
f 108 2537 1582
f 638 2538 2537
f 408 1582 2538
f 2537 2538 1582
f 162 2539 2541
f 639 2540 2539
f 638 2541 2540
f 2539 2540 2541
f 408 2538 2535
f 638 2540 2538
f 639 2535 2540
f 2538 2540 2535
f 79 2534 2524
f 637 2542 2534
f 635 2524 2542
f 2534 2542 2524
f 162 2541 2530
f 638 2543 2541
f 637 2530 2543
f 2541 2543 2530
f 108 2527 2537
f 635 2544 2527
f 638 2537 2544
f 2527 2544 2537
f 637 2543 2542
f 638 2544 2543
f 635 2542 2544
f 2543 2544 2542
f 42 2514 2484
f 634 2545 2514
f 626 2484 2545
f 2514 2545 2484
f 161 2546 2517
f 640 2547 2546
f 634 2517 2547
f 2546 2547 2517
f 160 2488 2549
f 626 2548 2488
f 640 2549 2548
f 2488 2548 2549
f 634 2547 2545
f 640 2548 2547
f 626 2545 2548
f 2547 2548 2545
f 31 2536 2506
f 639 2550 2536
f 631 2506 2550
f 2536 2550 2506
f 162 2551 2539
f 641 2552 2551
f 639 2539 2552
f 2551 2552 2539
f 161 2510 2554
f 631 2553 2510
f 641 2554 2553
f 2510 2553 2554
f 639 2552 2550
f 641 2553 2552
f 631 2550 2553
f 2552 2553 2550
f 24 2492 2528
f 629 2555 2492
f 636 2528 2555
f 2492 2555 2528
f 160 2556 2495
f 642 2557 2556
f 629 2495 2557
f 2556 2557 2495
f 162 2532 2559
f 636 2558 2532
f 642 2559 2558
f 2532 2558 2559
f 629 2557 2555
f 642 2558 2557
f 636 2555 2558
f 2557 2558 2555
f 161 2554 2546
f 641 2560 2554
f 640 2546 2560
f 2554 2560 2546
f 162 2559 2551
f 642 2561 2559
f 641 2551 2561
f 2559 2561 2551
f 160 2549 2556
f 640 2562 2549
f 642 2556 2562
f 2549 2562 2556
f 641 2561 2560
f 642 2562 2561
f 640 2560 2562
f 2561 2562 2560
