# regolith_gen synthetic particle
# verts: 2562  tris: 5120
v -0.848229 0.619823 0.000000
v 0.821926 0.600602 0.000000
v -0.805923 -0.588908 0.000000
v 0.798326 -0.583357 0.000000
v 0.000000 -0.373987 0.734794
v 0.000000 0.368303 0.723625
v 0.000000 -0.374392 -0.735588
v 0.000000 0.363363 -0.713920
v 1.254882 0.000000 -0.425307
v 1.258902 0.000000 0.426669
v -1.312484 0.000000 -0.444829
v -1.343859 0.000000 0.455463
v -1.267037 0.353645 0.265400
v -0.790007 0.220501 0.700980
v -0.492111 0.581841 0.436654
v 0.493977 0.584047 0.438310
v 0.000000 0.708585 0.000000
v 0.486161 0.574806 -0.431375
v -0.479801 0.567287 -0.425732
v -0.770317 0.215005 -0.683509
v -1.278101 0.356733 -0.267718
v -1.529970 0.000000 0.000000
v 0.762479 0.212817 0.676555
v 1.336303 0.372978 0.279909
v -0.739648 -0.206445 0.656296
v 0.000000 0.000000 0.839793
v -1.232430 -0.343986 -0.258151
v -1.243234 -0.347002 0.260414
v 0.000000 0.000000 -0.834212
v -0.740076 -0.206564 -0.656676
v 1.255833 0.350518 -0.263053
v 0.766389 0.213909 -0.680024
v 1.241503 -0.346519 0.260052
v 0.761898 -0.212655 0.676039
v 0.490437 -0.579862 0.435169
v -0.462744 -0.547120 0.410597
v 0.000000 -0.699282 0.000000
v -0.498725 -0.589662 -0.442524
v 0.485981 -0.574594 -0.431216
v 0.799267 -0.223085 -0.709197
v 1.222337 -0.341169 -0.256037
v 1.529585 0.000000 0.000000
v -1.073472 0.490570 0.136289
v -0.899725 0.475736 0.357026
v -0.675564 0.606594 0.221906
v -1.102670 0.113933 0.597570
v -1.063287 0.296776 0.498021
v -1.365837 0.185829 0.376722
v -0.246006 0.479877 0.589650
v -0.633237 0.395212 0.561877
v -0.417363 0.314677 0.759718
v -0.252662 0.667986 0.224190
v -0.429888 0.683412 0.000000
v 0.258887 0.505002 0.620522
v 0.000000 0.618629 0.464262
v 0.422064 0.670974 0.000000
v 0.259415 0.685839 0.230181
v 0.649024 0.582764 0.213188
v -0.254569 0.673026 -0.225881
v -0.683223 0.613472 -0.224422
v 0.684072 0.614235 -0.224700
v 0.261911 0.692438 -0.232396
v -0.243318 0.474633 -0.583207
v 0.000000 0.593971 -0.445757
v 0.243393 0.474779 -0.583386
v -0.960411 0.507825 -0.381107
v -1.086365 0.496462 -0.137926
v -0.404019 0.304616 -0.735427
v -0.683371 0.426501 -0.606362
v -1.354940 0.184347 -0.373716
v -1.069942 0.298634 -0.501138
v -1.058381 0.109357 -0.573569
v -1.326102 0.370131 0.000000
v -1.529956 0.000000 -0.238345
v -1.433119 0.178886 -0.134248
v -1.441000 0.179870 0.134987
v -1.501130 0.000000 0.233854
v 0.911199 0.481803 0.361579
v 1.096317 0.501010 0.139189
v 0.408530 0.308018 0.743640
v 0.671869 0.419323 0.596156
v 1.359709 0.184995 0.375031
v 1.073895 0.299737 0.502989
v 1.035786 0.107023 0.561324
v -0.418804 0.116893 0.830943
v 0.000000 0.187595 0.801868
v -1.057888 -0.109306 0.573301
v -0.790993 0.000000 0.701855
v 0.000000 -0.183639 0.784959
v -0.388896 -0.108545 0.771601
v -0.387286 -0.292001 0.704970
v -1.493458 -0.186418 0.139901
v -1.367632 -0.186073 0.377216
v -1.337685 -0.181999 -0.368957
v -1.521505 -0.189918 -0.142528
v -1.103784 -0.504422 0.140137
v -1.335057 -0.372631 0.000000
v -1.087856 -0.497143 -0.138115
v -0.786988 0.000000 -0.698301
v -1.119791 -0.115702 -0.606849
v 0.000000 0.184911 -0.790397
v -0.410267 0.114511 -0.814005
v -0.395049 -0.297853 -0.719100
v -0.407367 -0.113701 -0.808250
v 0.000000 -0.197827 -0.845603
v 0.666453 0.415943 -0.591350
v 0.401444 0.302676 -0.730742
v 1.087623 0.497037 -0.138086
v 0.922285 0.487665 -0.365978
v 1.047200 0.108202 -0.567509
v 1.065474 0.297387 -0.499045
v 1.306578 0.177767 -0.360377
v 1.026282 -0.469004 0.130298
v 0.874366 -0.462328 0.346963
v 0.670351 -0.601914 0.220193
v 1.038935 -0.107348 0.563031
v 1.054550 -0.294338 0.493928
v 1.355211 -0.184384 0.373791
v 0.255620 -0.498630 0.612693
v 0.658434 -0.410938 0.584235
v 0.392608 -0.296013 0.714658
v 0.247958 -0.655547 0.220015
v 0.421548 -0.670153 0.000000
v -0.253474 -0.494444 0.607550
v 0.000000 -0.616679 0.462799
v -0.412919 -0.656435 0.000000
v -0.242683 -0.641601 0.215334
v -0.665297 -0.597376 0.218533
v 0.249817 -0.660463 -0.221665
v 0.659796 -0.592436 -0.216726
v -0.693846 -0.623010 -0.227911
v -0.249813 -0.660454 -0.221662
v 0.247818 -0.483411 -0.593993
v 0.000000 -0.589910 -0.442710
v -0.239055 -0.466318 -0.572990
v 0.900693 -0.476248 -0.357410
v 1.049494 -0.479612 -0.133245
v 0.414946 -0.312855 -0.755318
v 0.663848 -0.414316 -0.589038
v 1.297770 -0.176568 -0.357947
v 1.054283 -0.294263 -0.493804
v 1.101531 -0.113816 -0.596953
v 1.320581 -0.368590 0.000000
v 1.447572 0.000000 -0.225510
v 1.472539 -0.183806 -0.137941
v 1.469168 -0.183386 0.137625
v 1.435370 0.000000 0.223610
v 0.398362 -0.111188 0.790383
v 0.774749 0.000000 0.687442
v 0.401218 0.111985 0.796050
v -0.902631 -0.477273 0.358179
v -0.647497 -0.404112 0.574530
v -1.066920 -0.297790 0.499723
v -0.655889 -0.409350 -0.581977
v -0.897738 -0.474686 -0.356237
v -1.047971 -0.292501 -0.490847
v 0.803047 0.000000 -0.712551
v 0.415384 -0.115939 -0.824156
v 0.390699 0.109049 -0.775180
v 1.539252 0.192134 0.144190
v 1.480533 0.184804 -0.138690
v 1.360843 0.379828 0.000000
v -0.967734 0.556446 0.069898
v -0.883286 0.553505 0.180629
v -0.769808 0.620709 0.114331
v -1.090223 0.418826 0.314316
v -0.992137 0.486056 0.248758
v -1.185340 0.428184 0.203139
v -0.591449 0.601042 0.331759
v -0.799938 0.548381 0.294211
v -0.700320 0.528017 0.396261
v -1.214793 0.056753 0.523225
v -1.262336 0.153210 0.498894
v -1.394098 0.095502 0.428195
v -0.939750 0.262296 0.605826
v -1.108817 0.211055 0.560530
v -0.963412 0.169989 0.660509
v -1.297663 0.266395 0.316248
v -1.210190 0.241477 0.437200
v -1.146354 0.319961 0.376548
v -0.126806 0.434796 0.672213
v -0.334561 0.405175 0.682680
v -0.203876 0.339968 0.737052
v -0.567202 0.487238 0.503284
v -0.453957 0.448397 0.590653
v -0.371434 0.536765 0.521346
v -0.626954 0.276811 0.756355
v -0.555751 0.374223 0.689781
v -0.730300 0.319646 0.648002
v -0.986022 0.388604 0.429327
v -0.849143 0.348905 0.533598
v -0.757259 0.430721 0.456427
v -0.556848 0.648870 0.112228
v -0.635251 0.650827 0.000000
v -0.383120 0.645909 0.339945
v -0.471316 0.647366 0.226569
v -0.215053 0.697286 0.000000
v -0.341385 0.676878 0.112941
v -0.129253 0.701019 0.114687
v 0.129468 0.443924 0.686326
v 0.000000 0.507986 0.624190
v 0.253141 0.613999 0.460788
v 0.131733 0.572039 0.552202
v 0.384976 0.556335 0.540354
v -0.127653 0.554322 0.535099
v -0.251463 0.609930 0.457734
v 0.625127 0.640455 0.000000
v 0.547254 0.637690 0.110295
v 0.734687 0.592390 0.109115
v 0.130766 0.709224 0.116029
v 0.349090 0.692156 0.115490
v 0.217870 0.706419 0.000000
v 0.575021 0.584347 0.322544
v 0.474173 0.651290 0.227942
v 0.380419 0.641356 0.337550
v -0.130990 0.656057 0.348685
v 0.133213 0.667192 0.354603
v 0.000000 0.676688 0.227110
v -0.565880 0.659394 -0.114049
v -0.759962 0.612770 -0.112869
v -0.128538 0.697145 -0.114053
v -0.344004 0.682071 -0.113807
v -0.601256 0.611008 -0.337260
v -0.473570 0.650462 -0.227652
v -0.368264 0.620863 -0.326764
v 0.758591 0.611664 -0.112665
v 0.570900 0.665245 -0.115060
v 0.385059 0.649179 -0.341667
v 0.481748 0.661695 -0.231584
v 0.598691 0.608401 -0.335821
v 0.346369 0.686761 -0.114590
v 0.129171 0.700577 -0.114615
v -0.120781 0.414138 -0.640276
v 0.000000 0.463466 -0.569485
v 0.120795 0.414188 -0.640353
v -0.235807 0.571956 -0.429236
v -0.121149 0.526078 -0.507834
v -0.363298 0.525007 -0.509926
v 0.373063 0.539119 -0.523632
v 0.123115 0.534614 -0.516075
v 0.250031 0.606455 -0.455127
v 0.000000 0.674843 -0.226491
v 0.129177 0.646978 -0.343859
v -0.125914 0.630636 -0.335174
v -0.908760 0.569468 -0.185838
v -0.969656 0.557551 -0.070036
v -0.727474 0.548491 -0.411626
v -0.822286 0.563702 -0.302431
v -1.196209 0.432110 -0.205002
v -1.030249 0.504727 -0.258313
v -1.125735 0.432468 -0.324554
v -0.205199 0.342174 -0.741835
v -0.331332 0.401265 -0.676091
v -0.744248 0.325751 -0.660378
v -0.538326 0.362490 -0.668154
v -0.605220 0.267215 -0.730135
v -0.459179 0.453555 -0.597447
v -0.595256 0.511336 -0.528176
v -1.326415 0.090866 -0.407406
v -1.223034 0.148440 -0.483362
v -1.169398 0.054632 -0.503673
v -1.209436 0.337568 -0.397269
v -1.214168 0.242271 -0.438638
v -1.317436 0.270454 -0.321067
v -0.909661 0.160505 -0.623658
v -1.066346 0.202971 -0.539060
v -0.930549 0.259727 -0.599895
v -0.830650 0.472465 -0.500662
v -0.882655 0.362675 -0.554657
v -1.028130 0.405199 -0.447661
v -1.098881 0.502182 0.000000
v -1.319121 0.368183 -0.134689
v -1.224841 0.439741 -0.069856
v -1.227865 0.440827 0.070028
v -1.325162 0.369869 0.135306
v -1.444167 0.000000 -0.349101
v -1.445199 0.092965 -0.307157
v -1.454716 0.088513 -0.066427
v -1.486637 0.092255 -0.185692
v -1.528020 0.000000 -0.116713
v -1.434783 0.186759 -0.258703
v -1.428007 0.279521 -0.209772
v -1.451922 0.093397 0.308586
v -1.484744 0.000000 0.358909
v -1.390799 0.272237 0.204306
v -1.432462 0.186457 0.258285
v -1.509983 0.000000 0.115335
v -1.460551 0.090636 0.182433
v -1.466485 0.089229 0.066964
v -1.394853 0.275718 -0.068973
v -1.412618 0.176327 0.000000
v -1.403704 0.277468 0.069410
v 0.873960 0.547661 0.178722
v 0.959120 0.551493 0.069275
v 0.701929 0.529231 0.397172
v 0.780055 0.534751 0.286898
v 1.229624 0.444180 0.210728
v 1.015618 0.497559 0.254645
v 1.136262 0.436512 0.327589
v 0.203649 0.339590 0.736233
v 0.343085 0.415499 0.700074
v 0.735570 0.321953 0.652678
v 0.552505 0.372037 0.685753
v 0.592658 0.261669 0.714981
v 0.476457 0.470622 0.619928
v 0.588842 0.505826 0.522485
v 1.305763 0.089451 0.401063
v 1.201774 0.145859 0.474960
v 1.170437 0.054681 0.504121
v 1.184733 0.330673 0.389155
v 1.204830 0.240407 0.435264
v 1.336693 0.274407 0.325760
v 0.892540 0.157484 0.611919
v 1.088429 0.207174 0.550223
v 0.943466 0.263333 0.608222
v 0.791846 0.450394 0.477274
v 0.884638 0.363490 0.555903
v 1.007293 0.396987 0.438589
v -0.201248 0.247298 0.774812
v 0.000000 0.280211 0.771897
v -0.619443 0.172894 0.783738
v -0.422598 0.217718 0.804056
v 0.000000 0.096208 0.838750
v -0.205393 0.153756 0.819698
v -0.202513 0.056524 0.824284
v -1.204239 -0.056260 0.518679
v -1.069242 0.000000 0.579455
v -0.757734 -0.103094 0.672344
v -0.940233 -0.055550 0.648592
v -0.915715 -0.161573 0.627808
v -0.965022 0.057015 0.665692
v -0.820653 0.111654 0.728172
v 0.000000 -0.279296 0.769376
v -0.201490 -0.247595 0.775741
v -0.202879 -0.338307 0.733450
v -0.202568 -0.056539 0.824506
v -0.199712 -0.149503 0.797025
v 0.000000 -0.092833 0.809326
v -0.557570 -0.246177 0.672650
v -0.386202 -0.198967 0.734807
v -0.559201 -0.156080 0.707518
v -0.619114 0.057601 0.775688
v -0.580589 -0.054016 0.727420
v -0.403456 0.000000 0.800489
v -1.485756 -0.095573 0.315777
v -1.382562 -0.094712 0.424651
v -1.580844 -0.096188 0.072186
v -1.504076 -0.093337 0.187870
v -1.325763 -0.272163 0.323096
v -1.461277 -0.190207 0.263480
v -1.412195 -0.276426 0.207449
v -1.344696 -0.092118 -0.413021
v -1.456619 -0.093699 -0.309584
v -1.410755 -0.276144 -0.207238
v -1.424558 -0.185428 -0.256860
v -1.301491 -0.267180 -0.317181
v -1.533453 -0.095160 -0.191539
v -1.622972 -0.098751 -0.074110
v -0.952601 -0.547745 0.068805
v -1.098745 -0.502119 0.000000
v -0.952242 -0.547539 -0.068779
v -1.322732 -0.369191 0.135058
v -1.221497 -0.438541 0.069665
v -1.186131 -0.428469 0.203275
v -1.174386 -0.424227 -0.201262
v -1.220456 -0.438167 -0.069606
v -1.336214 -0.372953 -0.136435
v -1.565086 -0.195358 0.000000
v -1.490138 -0.294553 -0.073684
v -1.468125 -0.290202 0.072596
v -1.087272 0.000000 -0.589226
v -1.223809 -0.057174 -0.527108
v -0.782694 0.106490 -0.694492
v -0.919922 0.054350 -0.634581
v -0.921549 -0.162603 -0.631807
v -0.936869 -0.055352 -0.646271
v -0.776211 -0.105608 -0.688739
v 0.000000 0.279929 -0.771121
v -0.203094 0.249566 -0.781916
v -0.201949 0.056366 -0.821987
v -0.203860 0.152608 -0.813578
v 0.000000 0.095964 -0.836622
v -0.411768 0.212138 -0.783450
v -0.602197 0.168080 -0.761919
v -0.200918 -0.335036 -0.726360
v -0.205619 -0.252669 -0.791638
v 0.000000 -0.289560 -0.797651
v -0.587600 -0.164006 -0.743450
v -0.409869 -0.211160 -0.779836
v -0.584691 -0.258152 -0.705369
v 0.000000 -0.096730 -0.843294
v -0.204665 -0.153211 -0.816792
v -0.203178 -0.056709 -0.826988
v -0.621359 0.057810 -0.778501
v -0.411075 0.000000 -0.815607
v -0.617621 -0.057462 -0.773818
v 0.326579 0.395508 -0.666393
v 0.199100 0.332005 -0.719788
v 0.594245 0.510467 -0.527279
v 0.472709 0.466920 -0.615051
v 0.596543 0.263384 -0.719667
v 0.542122 0.365046 -0.672866
v 0.718328 0.314406 -0.637379
v 0.983605 0.565572 -0.071044
v 0.905237 0.567260 -0.185118
v 1.079561 0.414729 -0.311242
v 1.009228 0.494429 -0.253043
v 1.166818 0.421493 -0.199965
v 0.823334 0.564420 -0.302816
v 0.715323 0.539329 -0.404750
v 1.128303 0.052712 -0.485973
v 1.193727 0.144883 -0.471779
v 1.276615 0.087454 -0.392110
v 0.935622 0.261144 -0.603166
v 1.079274 0.205432 -0.545596
v 0.920014 0.162332 -0.630755
v 1.304173 0.267731 -0.317835
v 1.180606 0.235574 -0.426513
v 1.193590 0.333145 -0.392064
v 0.799511 0.454754 -0.481894
v 1.031315 0.406454 -0.449048
v 0.882030 0.362418 -0.554264
v 0.947373 -0.544739 0.068427
v 0.865596 -0.542419 0.177011
v 0.738546 -0.595502 0.109688
v 1.066360 -0.409658 0.307436
v 0.971419 -0.475906 0.243563
v 1.130462 -0.408360 0.193734
v 0.573333 -0.582632 0.321597
v 0.777731 -0.533158 0.286044
v 0.687593 -0.518422 0.389060
v 1.166464 -0.054495 0.502409
v 1.222138 -0.148331 0.483008
v 1.308828 -0.089661 0.402004
v 0.910111 -0.254023 0.586719
v 1.067561 -0.203202 0.539675
v 0.896017 -0.158098 0.614303
v 1.309635 -0.268852 0.319166
v 1.228701 -0.245171 0.443888
v 1.184391 -0.330578 0.389043
v 0.127608 -0.437547 0.676466
v 0.335199 -0.405948 0.683982
v 0.199949 -0.333420 0.722856
v 0.577410 -0.496006 0.512341
v 0.463473 -0.457797 0.603035
v 0.380281 -0.549550 0.533764
v 0.587997 -0.259611 0.709357
v 0.534546 -0.359945 0.663463
v 0.726549 -0.318005 0.644674
v 1.006128 -0.396528 0.438082
v 0.865161 -0.355487 0.543664
v 0.784518 -0.446226 0.472857
v 0.544516 -0.634500 0.109743
v 0.617735 -0.632881 0.000000
v 0.365304 -0.615873 0.324138
v 0.455155 -0.625169 0.218800
v 0.216315 -0.701376 0.000000
v 0.337146 -0.668474 0.111539
v 0.129171 -0.700579 0.114615
v -0.127068 -0.435697 0.673606
v 0.000000 -0.501782 0.616567
v -0.240150 -0.582490 0.437141
v -0.127668 -0.554386 0.535161
v -0.364105 -0.526174 0.511059
v 0.129429 -0.562032 0.542541
v 0.249760 -0.605797 0.454633
v -0.618868 -0.634042 0.000000
v -0.545881 -0.636091 0.110018
v -0.750412 -0.605070 0.111450
v -0.126450 -0.685818 0.112200
v -0.329479 -0.653272 0.109002
v -0.213849 -0.693383 0.000000
v -0.558447 -0.567505 0.313248
v -0.447218 -0.614267 0.214984
v -0.353639 -0.596207 0.313787
v 0.128700 -0.644590 0.342590
v -0.127271 -0.637432 0.338786
v 0.000000 -0.680529 0.228399
v 0.537982 -0.626886 -0.108426
v 0.736244 -0.593646 -0.109346
v 0.127629 -0.692214 -0.113247
v 0.343079 -0.680238 -0.113502
v 0.574102 -0.583413 -0.322028
v 0.455759 -0.625998 -0.219090
v 0.362743 -0.611555 -0.321865
v -0.766187 -0.617789 -0.113793
v -0.550800 -0.641823 -0.111009
v -0.374702 -0.631718 -0.332477
v -0.474819 -0.652178 -0.228253
v -0.615450 -0.625432 -0.345222
v -0.341933 -0.677965 -0.113122
v -0.127107 -0.689380 -0.112783
v 0.128532 -0.440714 -0.681363
v 0.000000 -0.496395 -0.609947
v -0.122369 -0.419582 -0.648692
v 0.235315 -0.570762 -0.428340
v 0.123796 -0.537570 -0.518928
v 0.365694 -0.528470 -0.513289
v -0.370971 -0.536097 -0.520697
v -0.124718 -0.541575 -0.522794
v -0.248489 -0.602714 -0.452319
v 0.000000 -0.669758 -0.224784
v -0.125001 -0.626061 -0.332743
v 0.123494 -0.618514 -0.328731
v 0.872319 -0.546632 -0.178386
v 0.940079 -0.540544 -0.067900
v 0.716470 -0.540194 -0.405399
v 0.803001 -0.550482 -0.295338
v 1.119049 -0.404237 -0.191779
v 0.971093 -0.475746 -0.243481
v 1.019178 -0.391532 -0.293833
v 0.207592 -0.346165 -0.750487
v 0.344589 -0.417320 -0.703143
v 0.738351 -0.323170 -0.655146
v 0.554220 -0.373192 -0.687882
v 0.600887 -0.265302 -0.724908
v 0.467193 -0.461471 -0.607874
v 0.581864 -0.499832 -0.516293
v 1.278977 -0.087616 -0.392836
v 1.190575 -0.144500 -0.470533
v 1.173773 -0.054836 -0.505558
v 1.107174 -0.309026 -0.363679
v 1.159661 -0.231395 -0.418946
v 1.282203 -0.263221 -0.312481
v 0.972111 -0.171524 -0.666472
v 1.070912 -0.203840 -0.541369
v 0.942096 -0.262951 -0.607339
v 0.799036 -0.454484 -0.481608
v 0.871583 -0.358126 -0.547699
v 0.985402 -0.388359 -0.429057
v 1.058044 -0.483519 0.000000
v 1.308230 -0.365143 -0.133577
v 1.184113 -0.425119 -0.067533
v 1.161787 -0.417104 0.066260
v 1.265150 -0.353119 0.129179
v 1.349084 0.000000 -0.326116
v 1.372151 -0.088266 -0.291632
v 1.525142 -0.092798 -0.069642
v 1.480142 -0.091852 -0.184880
v 1.528482 0.000000 -0.116748
v 1.407149 -0.183162 -0.253721
v 1.377095 -0.269555 -0.202293
v 1.382360 -0.088922 0.293801
v 1.393857 0.000000 0.336939
v 1.397178 -0.273486 0.205243
v 1.403724 -0.182716 0.253103
v 1.499677 0.000000 0.114548
v 1.446246 -0.089749 0.180647
v 1.489792 -0.090647 0.068028
v 1.441839 -0.285006 -0.071296
v 1.475766 -0.184209 0.000000
v 1.443434 -0.285321 0.071375
v 0.194073 -0.238481 0.747187
v 0.587822 -0.164068 0.743732
v 0.396600 -0.204324 0.754591
v 0.197528 -0.147868 0.788307
v 0.199114 -0.055575 0.810448
v 1.028079 0.000000 0.557147
v 0.755078 0.102732 0.669987
v 0.902617 0.053328 0.622644
v 0.906424 -0.053553 0.625270
v 0.776500 -0.105647 0.688996
v 0.206826 0.254152 0.796287
v 0.204236 0.057005 0.831297
v 0.199942 0.149675 0.797941
v 0.408697 0.210556 0.777607
v 0.581234 0.162229 0.735396
v 0.600889 -0.055905 0.752854
v 0.591064 0.054991 0.740544
v 0.402455 0.000000 0.798504
v -0.895212 -0.560978 0.183068
v -0.691644 -0.521476 0.391352
v -0.797931 -0.547006 0.293473
v -1.034346 -0.506734 0.259341
v -1.078884 -0.414469 0.311047
v -0.324585 -0.393094 0.662325
v -0.689075 -0.301602 0.611422
v -0.510864 -0.343998 0.634069
v -0.457053 -0.451456 0.594681
v -0.559128 -0.480301 0.496119
v -1.236355 -0.150056 0.488626
v -1.157126 -0.322968 0.380087
v -1.194516 -0.238349 0.431538
v -1.067039 -0.203103 0.539410
v -0.895226 -0.249868 0.577123
v -0.781530 -0.444526 0.471056
v -0.853660 -0.350761 0.536436
v -1.000669 -0.394376 0.435705
v -0.321996 -0.389958 -0.657040
v -0.592135 -0.508655 -0.525407
v -0.444448 -0.439005 -0.578281
v -0.520188 -0.350276 -0.645642
v -0.707644 -0.309730 -0.627899
v -0.891331 -0.558546 -0.182274
v -1.069082 -0.410704 -0.308221
v -1.014520 -0.497021 -0.254370
v -0.817590 -0.560483 -0.300704
v -0.711907 -0.536754 -0.402817
v -1.243373 -0.150908 -0.491400
v -0.902057 -0.251775 -0.581527
v -1.098847 -0.209157 -0.555490
v -1.185079 -0.236466 -0.428129
v -1.137227 -0.317414 -0.373550
v -0.805103 -0.457935 -0.485265
v -0.983382 -0.387563 -0.428177
v -0.866287 -0.355950 -0.544371
v 1.069033 0.000000 -0.579341
v 0.833003 -0.113334 -0.739131
v 0.970588 -0.057344 -0.669532
v 0.956170 0.056492 -0.659585
v 0.787949 0.107205 -0.699154
v 0.211731 -0.260180 -0.815171
v 0.209727 -0.058537 -0.853647
v 0.218746 -0.163752 -0.872986
v 0.427823 -0.220409 -0.813996
v 0.620340 -0.173145 -0.784874
v 0.193411 0.237667 -0.744636
v 0.598402 0.167021 -0.757117
v 0.395970 0.203999 -0.753391
v 0.195035 0.146002 -0.778358
v 0.200510 0.055965 -0.816129
v 0.613239 -0.057054 -0.768328
v 0.405648 0.000000 -0.804840
v 0.608775 0.056639 -0.762734
v 1.424783 0.091651 0.302818
v 1.541591 0.093799 0.070394
v 1.511922 0.093824 0.188850
v 1.488128 0.193703 0.268322
v 1.471952 0.288123 0.216227
v 1.383737 0.089011 -0.294094
v 1.367694 0.267715 -0.200912
v 1.391636 0.181143 -0.250924
v 1.488771 0.092388 -0.185958
v 1.508175 0.091766 -0.068868
v 1.091446 0.498784 0.000000
v 1.377007 0.384339 0.140600
v 1.228854 0.441182 0.070085
v 1.208910 0.434022 -0.068947
v 1.325167 0.369870 -0.135307
v 1.524446 0.190286 0.000000
v 1.406290 0.277979 -0.069538
v 1.477147 0.291985 0.073042
v -0.916989 0.593043 0.035725
v -0.875753 0.592766 0.092676
v -0.817726 0.627176 0.058242
v -0.981172 0.523555 0.158924
v -0.931133 0.558545 0.126531
v -1.034354 0.530081 0.104705
v -0.722503 0.613832 0.168736
v -0.831662 0.589725 0.148709
v -0.781702 0.581383 0.201690
v -1.184073 0.388504 0.291560
v -1.151804 0.428812 0.262363
v -1.226920 0.391207 0.234382
v -0.948365 0.482144 0.303711
v -1.049167 0.456080 0.283637
v -0.990586 0.445565 0.334383
v -1.129912 0.459846 0.169668
v -1.093654 0.459860 0.227386
v -1.044145 0.493757 0.194948
v -0.540018 0.589301 0.382531
v -0.645346 0.563132 0.363724
v -0.594106 0.551008 0.413515
v -0.737841 0.577381 0.258123
v -0.700124 0.577391 0.314406
v -0.637014 0.606921 0.277894
v -0.808075 0.506582 0.380175
v -0.755564 0.542160 0.347914
v -0.852590 0.513306 0.326752
v -0.933288 0.517044 0.213777
v -0.894146 0.515638 0.270619
v -0.842444 0.551459 0.237574
v -1.286490 0.028823 0.492649
v -1.312017 0.076290 0.480056
v -1.375407 0.047503 0.444123
v -1.189370 0.134273 0.552018
v -1.250703 0.105375 0.516370
v -1.160766 0.085274 0.560951
v -1.382285 0.141319 0.402941
v -1.332628 0.124980 0.465436
v -1.317115 0.169938 0.438587
v -0.870269 0.242903 0.656887
v -0.953646 0.217004 0.634385
v -0.889481 0.198198 0.690875
v -1.096580 0.256903 0.534186
v -1.032003 0.238698 0.587948
v -1.005707 0.280705 0.553740
v -1.033072 0.141764 0.628662
v -1.031149 0.189629 0.607337
v -1.111942 0.163280 0.582349
v -1.260967 0.304424 0.286173
v -1.222497 0.293667 0.346964
v -1.205428 0.336450 0.321886
v -1.280344 0.212881 0.405210
v -1.253657 0.253889 0.376476
v -1.324192 0.225498 0.344208
v -1.093274 0.305146 0.431901
v -1.181882 0.282075 0.407917
v -1.133934 0.268458 0.466450
v -1.185142 0.182242 0.529800
v -1.163132 0.227032 0.499512
v -1.239544 0.198606 0.468969
v -0.063943 0.406479 0.706829
v -0.163911 0.383599 0.698125
v -0.100811 0.350537 0.722887
v -0.286502 0.438062 0.628504
v -0.228265 0.416014 0.670979
v -0.187298 0.458234 0.631415
v -0.308900 0.327570 0.748289
v -0.270648 0.374860 0.714704
v -0.377861 0.362696 0.725300
v -0.531004 0.534074 0.471164
v -0.477087 0.518714 0.519243
v -0.435908 0.565121 0.484492
v -0.549057 0.424606 0.580419
v -0.516950 0.473570 0.553521
v -0.604825 0.443743 0.536667
v -0.309192 0.509948 0.558018
v -0.418288 0.498248 0.563308
v -0.352237 0.467230 0.594071
v -0.709486 0.248050 0.727818
v -0.686591 0.301698 0.707856
v -0.756058 0.269018 0.670857
v -0.491639 0.348046 0.732302
v -0.594286 0.327743 0.726747
v -0.523127 0.296982 0.760797
v -0.693086 0.364846 0.614982
v -0.654688 0.352117 0.679357
v -0.599406 0.387343 0.627028
v -0.396196 0.428370 0.638095
v -0.504140 0.412529 0.639655
v -0.444626 0.390473 0.687254
v -1.123901 0.370681 0.347382
v -1.013699 0.339407 0.458607
v -1.077509 0.357791 0.406980
v -1.037246 0.403402 0.371925
v -0.938975 0.430265 0.391585
v -0.823531 0.287034 0.618389
v -0.735216 0.369472 0.543823
v -0.792953 0.335457 0.591416
v -0.892089 0.305894 0.568075
v -0.960320 0.325051 0.519024
v -0.628099 0.503271 0.446301
v -0.834245 0.456683 0.411131
v -0.735948 0.482557 0.430835
v -0.664764 0.459142 0.480129
v -0.698649 0.414898 0.511185
v -0.915707 0.368051 0.481061
v -0.802147 0.389934 0.494260
v -0.870637 0.410437 0.443561
v -0.707043 0.640195 0.057300
v -0.738986 0.634252 0.000000
v -0.611639 0.623146 0.165797
v -0.661400 0.634220 0.113139
v -0.535814 0.671265 0.000000
v -0.594069 0.647962 0.056318
v -0.497041 0.670481 0.056826
v -0.439589 0.616211 0.390051
v -0.489892 0.625430 0.336976
v -0.360304 0.655232 0.224528
v -0.429684 0.649519 0.283784
v -0.321220 0.666163 0.285021
v -0.536658 0.630779 0.281850
v -0.564979 0.617418 0.220829
v -0.108066 0.704169 0.000000
v -0.172476 0.699750 0.057160
v -0.064911 0.708490 0.057596
v -0.385887 0.681120 0.056956
v -0.279417 0.689613 0.056826
v -0.318127 0.682115 0.000000
v -0.190971 0.683308 0.169450
v -0.235458 0.687225 0.113537
v -0.296579 0.671293 0.168201
v -0.507628 0.639813 0.167045
v -0.402379 0.656172 0.167968
v -0.450758 0.665493 0.113027
v 0.064890 0.412500 0.717299
v 0.000000 0.447887 0.692453
v 0.129392 0.508121 0.624356
v 0.065203 0.478834 0.659307
v 0.196560 0.480894 0.662639
v -0.063956 0.469673 0.646692
v -0.126395 0.496352 0.609894
v 0.376934 0.603155 0.452650
v 0.321184 0.589326 0.504016
v 0.444117 0.575762 0.493615
v 0.065400 0.593632 0.506520
v 0.194445 0.598932 0.511439
v 0.126389 0.616937 0.462993
v 0.323786 0.534018 0.584356
v 0.261203 0.570433 0.552325
v 0.195658 0.538722 0.586838
v -0.313882 0.575926 0.492557
v -0.378324 0.605379 0.454319
v -0.188824 0.519906 0.566341
v -0.249931 0.545816 0.528490
v -0.126624 0.618088 0.463856
v -0.190803 0.587713 0.501860
v -0.065153 0.591384 0.504602
v 0.064862 0.535410 0.583689
v 0.000000 0.561548 0.542074
v -0.064817 0.535038 0.583284
v 0.715198 0.613835 0.000000
v 0.675249 0.611406 0.054723
v 0.774574 0.594079 0.055168
v 0.489086 0.659749 0.055917
v 0.586356 0.639549 0.055587
v 0.521571 0.653422 0.000000
v 0.689035 0.585398 0.160920
v 0.640955 0.614615 0.109641
v 0.605571 0.616964 0.164152
v 0.064864 0.707984 0.057555
v 0.176168 0.714726 0.058383
v 0.108711 0.708372 0.000000
v 0.307395 0.695774 0.174335
v 0.242293 0.707174 0.116833
v 0.194812 0.697052 0.172859
v 0.324897 0.696632 0.000000
v 0.287124 0.708635 0.058393
v 0.392201 0.692264 0.057887
v 0.535172 0.584013 0.379098
v 0.479216 0.611800 0.329633
v 0.438100 0.614125 0.388730
v 0.565961 0.618490 0.221212
v 0.517295 0.608020 0.271681
v 0.607645 0.578940 0.265082
v 0.319595 0.662794 0.283580
v 0.424806 0.642145 0.280562
v 0.370596 0.673949 0.230941
v 0.456336 0.673730 0.114426
v 0.414848 0.676506 0.173173
v 0.513743 0.647520 0.169057
v -0.321660 0.636484 0.404229
v -0.065902 0.637603 0.406222
v -0.193594 0.641980 0.408576
v -0.259714 0.659158 0.348647
v -0.192356 0.661523 0.285482
v 0.320162 0.633520 0.402346
v 0.196028 0.674153 0.290932
v 0.260512 0.661183 0.349718
v 0.194663 0.645526 0.410833
v 0.067255 0.650695 0.414563
v 0.000000 0.710394 0.116221
v -0.125982 0.670626 0.225076
v -0.064390 0.690034 0.171515
v 0.064266 0.688705 0.171185
v 0.130589 0.695148 0.233306
v 0.000000 0.666119 0.354033
v 0.065672 0.676159 0.291356
v -0.064797 0.667148 0.287473
v -0.702935 0.636475 -0.056967
v -0.805129 0.617515 -0.057345
v -0.502172 0.677402 -0.057413
v -0.602281 0.656918 -0.057096
v -0.718299 0.610260 -0.167754
v -0.662730 0.635495 -0.113366
v -0.625706 0.637478 -0.169610
v -0.065050 0.710013 -0.057719
v -0.172305 0.699056 -0.057103
v -0.299103 0.677005 -0.169632
v -0.237915 0.694396 -0.114721
v -0.193319 0.691709 -0.171534
v -0.278080 0.686313 -0.056554
v -0.385942 0.681217 -0.056964
v -0.547325 0.597275 -0.387707
v -0.479619 0.612314 -0.329910
v -0.425704 0.596748 -0.377731
v -0.580450 0.634324 -0.226875
v -0.534532 0.628280 -0.280734
v -0.640069 0.609832 -0.279227
v -0.314024 0.651240 -0.278636
v -0.425009 0.642452 -0.280696
v -0.366908 0.667241 -0.228643
v -0.456755 0.674349 -0.114531
v -0.409187 0.667274 -0.170810
v -0.518885 0.654001 -0.170750
v 0.797445 0.611621 -0.056797
v 0.689041 0.623894 -0.055841
v 0.631734 0.643619 -0.171244
v 0.664037 0.636748 -0.113590
v 0.728764 0.619152 -0.170198
v 0.594132 0.648030 -0.056324
v 0.494160 0.666594 -0.056497
v 0.434086 0.608498 -0.385168
v 0.493986 0.630657 -0.339792
v 0.538598 0.587751 -0.381525
v 0.376480 0.684649 -0.234608
v 0.437267 0.660982 -0.288792
v 0.323034 0.669927 -0.286631
v 0.644887 0.614423 -0.281329
v 0.544301 0.639763 -0.285865
v 0.578933 0.632666 -0.226283
v 0.173804 0.705135 -0.057600
v 0.065345 0.713232 -0.057981
v 0.384797 0.679195 -0.056795
v 0.281195 0.694002 -0.057188
v 0.194120 0.694574 -0.172244
v 0.239313 0.698477 -0.115396
v 0.308040 0.697235 -0.174701
v 0.527733 0.665152 -0.173661
v 0.417671 0.681108 -0.174351
v 0.461233 0.680959 -0.115654
v -0.060786 0.386414 -0.671938
v 0.000000 0.408356 -0.631337
v 0.060859 0.386876 -0.672741
v -0.119089 0.467664 -0.574643
v -0.058905 0.432580 -0.595620
v -0.181487 0.444019 -0.611827
v 0.180297 0.441106 -0.607814
v 0.058954 0.432940 -0.596115
v 0.120128 0.471741 -0.579653
v -0.355991 0.569643 -0.427500
v -0.295651 0.542476 -0.463948
v -0.417577 0.541356 -0.464118
v -0.061537 0.558563 -0.476597
v -0.178439 0.549631 -0.469341
v -0.118233 0.577127 -0.433116
v -0.301670 0.497542 -0.544442
v -0.240799 0.525872 -0.509179
v -0.181868 0.500755 -0.545479
v 0.433559 0.562075 -0.481881
v 0.310621 0.569944 -0.487440
v 0.370548 0.592937 -0.444981
v 0.180772 0.497736 -0.542191
v 0.244463 0.533874 -0.516927
v 0.307408 0.507006 -0.554798
v 0.123954 0.605055 -0.454075
v 0.185258 0.570635 -0.487276
v 0.063021 0.572031 -0.488089
v -0.060134 0.496382 -0.541142
v 0.000000 0.533359 -0.514863
v 0.060330 0.498000 -0.542906
v 0.000000 0.701772 -0.114810
v 0.129135 0.687408 -0.230708
v 0.064311 0.689185 -0.171304
v -0.064330 0.689387 -0.171354
v -0.127067 0.676399 -0.227013
v 0.317410 0.628074 -0.398888
v 0.063741 0.616697 -0.392903
v 0.190660 0.632250 -0.402383
v 0.258482 0.656031 -0.346993
v 0.195901 0.673716 -0.290744
v -0.302509 0.598590 -0.380163
v -0.191442 0.658379 -0.284125
v -0.246185 0.624821 -0.330485
v -0.181241 0.601016 -0.382505
v -0.063189 0.611351 -0.389497
v 0.064194 0.660942 -0.284799
v 0.000000 0.634300 -0.337121
v -0.063631 0.655151 -0.282303
v -0.876430 0.593224 -0.092747
v -0.909934 0.588480 -0.035450
v -0.800230 0.595163 -0.206471
v -0.836494 0.593152 -0.149573
v -1.019892 0.522670 -0.103241
v -0.939579 0.563611 -0.127678
v -0.995614 0.531262 -0.161263
v -0.616610 0.571879 -0.429178
v -0.666210 0.581338 -0.375483
v -0.890760 0.536287 -0.341381
v -0.775056 0.556146 -0.356889
v -0.844553 0.529450 -0.397337
v -0.717341 0.591590 -0.322138
v -0.759717 0.594499 -0.265776
v -1.242634 0.396218 -0.237384
v -1.161638 0.432473 -0.264603
v -1.202693 0.394613 -0.296145
v -1.060327 0.501409 -0.197969
v -1.111575 0.467395 -0.231112
v -1.148582 0.467444 -0.172472
v -1.054190 0.474174 -0.355853
v -1.073619 0.466709 -0.290247
v -0.992700 0.504684 -0.317909
v -0.862505 0.564590 -0.243231
v -0.924550 0.533171 -0.279821
v -0.966944 0.535689 -0.221486
v -0.101343 0.352386 -0.726700
v -0.161954 0.379019 -0.689790
v -0.369570 0.354737 -0.709386
v -0.267969 0.371149 -0.707629
v -0.304237 0.322625 -0.736992
v -0.224571 0.409282 -0.660122
v -0.285994 0.437286 -0.627391
v -0.768816 0.273558 -0.682177
v -0.675878 0.296990 -0.696810
v -0.692727 0.242191 -0.710625
v -0.610668 0.394621 -0.638809
v -0.646386 0.347652 -0.670742
v -0.714309 0.376018 -0.633813
v -0.501356 0.284623 -0.729135
v -0.570826 0.314805 -0.698058
v -0.474263 0.335745 -0.706420
v -0.483742 0.525949 -0.526485
v -0.547843 0.551011 -0.486106
v -0.349661 0.463814 -0.589727
v -0.413657 0.492732 -0.557072
v -0.638655 0.468563 -0.566684
v -0.531177 0.486603 -0.568755
v -0.575011 0.444677 -0.607856
v -0.435116 0.382122 -0.672555
v -0.498513 0.407925 -0.632515
v -0.391507 0.423300 -0.630543
v -1.329065 0.045903 -0.429159
v -1.254215 0.072929 -0.458907
v -1.226005 0.027468 -0.469487
v -1.286507 0.165989 -0.428395
v -1.283313 0.120355 -0.448212
v -1.335265 0.136512 -0.389234
v -1.113618 0.081810 -0.538167
v -1.201050 0.101192 -0.495871
v -1.141376 0.128855 -0.529742
v -1.243251 0.347006 -0.331985
v -1.263007 0.303398 -0.358461
v -1.312689 0.316911 -0.297911
v -1.153365 0.273058 -0.474443
v -1.214389 0.289833 -0.419136
v -1.145542 0.319735 -0.452550
v -1.332454 0.226905 -0.346356
v -1.271375 0.257478 -0.381797
v -1.289098 0.214336 -0.407981
v -0.844802 0.188242 -0.656172
v -0.929035 0.211404 -0.618014
v -0.862723 0.240797 -0.651191
v -1.050460 0.154252 -0.550149
v -0.986108 0.181346 -0.580808
v -0.982073 0.134765 -0.597627
v -0.989740 0.276248 -0.544949
v -0.995905 0.230348 -0.567382
v -1.070955 0.250900 -0.521703
v -1.228994 0.196916 -0.464977
v -1.156257 0.225690 -0.496560
v -1.142921 0.175750 -0.510926
v -0.674773 0.540669 -0.479466
v -0.762612 0.452883 -0.557985
v -0.715058 0.493880 -0.516454
v -0.786795 0.515897 -0.460602
v -0.899872 0.492609 -0.443474
v -0.848816 0.295847 -0.637375
v -0.967835 0.327594 -0.523086
v -0.912801 0.312996 -0.581264
v -0.823119 0.348219 -0.613915
v -0.793582 0.398803 -0.586995
v -1.167343 0.385009 -0.360810
v -0.998875 0.457713 -0.416565
v -1.091277 0.424416 -0.391299
v -1.113723 0.369816 -0.420658
v -1.042060 0.348902 -0.471438
v -0.868490 0.422184 -0.535139
v -0.952660 0.382904 -0.500474
v -0.928794 0.437854 -0.473190
v -0.972470 0.559170 0.000000
v -1.096656 0.501165 -0.069161
v -1.023665 0.524210 -0.034522
v -1.037598 0.531345 0.034992
v -1.089595 0.497938 0.068716
v -1.313472 0.366606 -0.203287
v -1.266698 0.402910 -0.170972
v -1.280196 0.406257 -0.034930
v -1.275145 0.404969 -0.102526
v -1.334900 0.372587 -0.067728
v -1.215518 0.437721 -0.137844
v -1.162778 0.471081 -0.104588
v -1.265704 0.402593 0.170838
v -1.298908 0.362541 0.201033
v -1.138173 0.461113 0.102375
v -1.211287 0.436197 0.137365
v -1.323078 0.369287 0.067128
v -1.283569 0.407645 0.103203
v -1.280277 0.406283 0.034932
v -1.175950 0.476792 -0.035282
v -1.224436 0.439596 0.000000
v -1.162349 0.471278 0.034873
v -1.379580 0.000000 -0.398084
v -1.387979 0.046203 -0.379639
v -1.482904 0.046743 -0.272253
v -1.447127 0.046779 -0.328585
v -1.492504 0.000000 -0.295045
v -1.386924 0.092017 -0.358204
v -1.379475 0.136504 -0.335330
v -1.482605 0.044826 -0.033640
v -1.488284 0.045215 -0.090850
v -1.530072 0.000000 -0.058154
v -1.452310 0.135339 -0.158906
v -1.476209 0.090705 -0.125261
v -1.442724 0.133062 -0.099859
v -1.543734 0.000000 -0.178307
v -1.510218 0.046283 -0.151545
v -1.506084 0.046839 -0.211319
v -1.398211 0.280181 -0.271237
v -1.376676 0.324092 -0.243221
v -1.381693 0.183795 -0.313126
v -1.393857 0.231635 -0.293692
v -1.424405 0.226660 -0.170102
v -1.429343 0.232262 -0.234179
v -1.445988 0.184283 -0.196921
v -1.462807 0.092400 -0.245380
v -1.448483 0.137901 -0.219981
v -1.430359 0.138890 -0.281055
v -1.442653 0.048023 0.394593
v -1.424584 0.000000 0.411070
v -1.425501 0.141059 0.346518
v -1.442460 0.095702 0.372548
v -1.502915 0.000000 0.297103
v -1.476480 0.047727 0.335250
v -1.483428 0.046760 0.272349
v -1.326377 0.312251 0.234335
v -1.337000 0.267915 0.259362
v -1.442336 0.183817 0.196424
v -1.409236 0.228995 0.230884
v -1.434921 0.228334 0.171358
v -1.368562 0.227432 0.288362
v -1.402656 0.186583 0.317876
v -1.527706 0.000000 0.058064
v -1.489509 0.045252 0.090925
v -1.508618 0.045612 0.034231
v -1.478286 0.045974 0.207419
v -1.470754 0.045074 0.147585
v -1.500351 0.000000 0.173296
v -1.450353 0.133766 0.100387
v -1.462363 0.089854 0.124086
v -1.435394 0.133762 0.157056
v -1.447811 0.140585 0.284484
v -1.450052 0.138050 0.220219
v -1.462767 0.092397 0.245374
v -1.383237 0.326725 -0.173125
v -1.423118 0.228413 -0.102484
v -1.425365 0.280393 -0.139087
v -1.376460 0.325807 -0.102799
v -1.357577 0.321679 -0.034751
v -1.463919 0.089073 0.000000
v -1.432839 0.178851 0.066662
v -1.433198 0.132490 0.033122
v -1.435435 0.132697 -0.033173
v -1.413353 0.176419 -0.065756
v -1.366569 0.322788 0.171039
v -1.375967 0.326037 0.035222
v -1.369822 0.324236 0.102303
v -1.411393 0.277645 0.137723
v -1.437684 0.230751 0.103533
v -1.420281 0.227612 -0.034163
v -1.410804 0.226093 0.033935
v -1.382478 0.273272 0.000000
v 0.843889 0.571198 0.089304
v 0.893789 0.578039 0.034821
v 0.762183 0.566866 0.196654
v 0.807338 0.572477 0.144359
v 1.024958 0.525266 0.103754
v 0.908507 0.544973 0.123456
v 0.974809 0.520160 0.157893
v 0.605565 0.561635 0.421490
v 0.639602 0.558119 0.360486
v 0.853903 0.514097 0.327256
v 0.742605 0.532861 0.341947
v 0.803477 0.503700 0.378011
v 0.676526 0.557930 0.303809
v 0.716129 0.560391 0.250527
v 1.283906 0.409378 0.245268
v 1.189950 0.443013 0.271052
v 1.235632 0.405420 0.304256
v 1.051784 0.497369 0.196374
v 1.136567 0.477904 0.236308
v 1.161385 0.472654 0.174394
v 1.025631 0.461328 0.346213
v 1.089932 0.473800 0.294657
v 0.969216 0.492745 0.310388
v 0.827549 0.541709 0.233373
v 0.891378 0.514042 0.269781
v 0.938533 0.519950 0.214978
v 0.101862 0.354191 0.730422
v 0.167236 0.391381 0.712288
v 0.376826 0.361702 0.723314
v 0.273416 0.378693 0.722013
v 0.306685 0.325221 0.742922
v 0.236293 0.430646 0.694578
v 0.302968 0.463240 0.664628
v 0.751861 0.267525 0.667133
v 0.663924 0.291738 0.684486
v 0.674177 0.235705 0.691596
v 0.617199 0.398841 0.645641
v 0.644770 0.346783 0.669066
v 0.708311 0.372860 0.628491
v 0.504612 0.286471 0.733869
v 0.572598 0.315782 0.700225
v 0.478120 0.338475 0.712165
v 0.483747 0.525954 0.526490
v 0.542126 0.545261 0.481034
v 0.370729 0.491759 0.625258
v 0.427521 0.509246 0.575742
v 0.622006 0.456348 0.551911
v 0.524830 0.480789 0.561960
v 0.577344 0.446481 0.610322
v 0.452284 0.397199 0.699091
v 0.521675 0.426878 0.661904
v 0.412167 0.445638 0.663817
v 1.280373 0.044221 0.413436
v 1.227668 0.071385 0.449193
v 1.205666 0.027012 0.461699
v 1.280036 0.165154 0.426241
v 1.253138 0.117525 0.437673
v 1.332926 0.136273 0.388552
v 1.108349 0.081423 0.535620
v 1.185249 0.099860 0.489347
v 1.129755 0.127543 0.524349
v 1.247142 0.348093 0.333025
v 1.254274 0.301300 0.355982
v 1.334990 0.322294 0.302972
v 1.157798 0.274107 0.476267
v 1.204983 0.287588 0.415890
v 1.130678 0.315586 0.446678
v 1.351543 0.230156 0.351318
v 1.269754 0.257149 0.381310
v 1.275792 0.212124 0.403770
v 0.825580 0.183959 0.641241
v 0.918975 0.209115 0.611321
v 0.856853 0.239158 0.646761
v 1.051960 0.154472 0.550935
v 0.989180 0.181911 0.582617
v 0.957005 0.131325 0.582372
v 1.001343 0.279487 0.551338
v 1.013819 0.234492 0.577588
v 1.080291 0.253087 0.526251
v 1.211602 0.194129 0.458397
v 1.155457 0.225534 0.496216
v 1.143170 0.175788 0.511037
v 0.656476 0.526009 0.466465
v 0.735333 0.436683 0.538026
v 0.694874 0.479939 0.501876
v 0.745080 0.488545 0.436181
v 0.837104 0.458248 0.412541
v 0.847737 0.295471 0.636565
v 0.975605 0.330224 0.527285
v 0.918436 0.314929 0.584853
v 0.815420 0.344962 0.608172
v 0.790855 0.397432 0.584978
v 1.166025 0.384574 0.360402
v 0.960155 0.439970 0.400417
v 1.076956 0.418846 0.386164
v 1.109927 0.368555 0.419224
v 1.047489 0.350720 0.473894
v 0.843802 0.410183 0.519927
v 0.940723 0.378106 0.494203
v 0.890957 0.420017 0.453913
v -0.101156 0.309125 0.752584
v 0.000000 0.324033 0.747773
v -0.307559 0.280996 0.769749
v -0.203480 0.294598 0.759555
v 0.000000 0.235938 0.794753
v -0.100594 0.262795 0.770696
v -0.100641 0.218008 0.790716
v -0.706293 0.197135 0.743022
v -0.621485 0.223762 0.768101
v -0.424928 0.168876 0.825750
v -0.530189 0.198813 0.808058
v -0.523464 0.146105 0.814701
v -0.530309 0.250070 0.790307
v -0.417141 0.264310 0.776631
v 0.000000 0.048399 0.847969
v -0.103247 0.077156 0.841658
v -0.102545 0.028622 0.839977
v -0.101609 0.170494 0.809145
v -0.103520 0.126062 0.836546
v 0.000000 0.140735 0.811362
v -0.306873 0.085652 0.824027
v -0.204997 0.105288 0.826265
v -0.309178 0.135012 0.821674
v -0.310429 0.233629 0.791750
v -0.313937 0.186254 0.816661
v -0.202528 0.200032 0.794063
v -1.267038 -0.028387 0.485200
v -1.212940 0.000000 0.522427
v -1.056450 -0.054222 0.572522
v -1.124704 -0.027547 0.543931
v -1.129161 -0.082952 0.545678
v -1.146017 0.028069 0.554239
v -1.084889 0.055682 0.587934
v -0.748601 -0.154386 0.664240
v -0.836272 -0.131981 0.651128
v -0.830426 -0.185039 0.645006
v -0.872171 -0.027889 0.680661
v -0.857335 -0.080725 0.668562
v -0.786663 -0.053183 0.698013
v -0.994355 -0.136451 0.605101
v -0.934717 -0.109476 0.642833
v -0.992186 -0.081927 0.606524
v -0.910369 0.143675 0.708821
v -0.817623 0.168620 0.725484
v -1.029762 0.085029 0.629494
v -0.974517 0.114137 0.670204
v -0.804495 0.054389 0.713836
v -0.902676 0.084994 0.703920
v -0.880215 0.028147 0.686938
v -1.018966 -0.028043 0.622404
v -0.951242 0.000000 0.656186
v -1.014665 0.027925 0.619777
v 0.000000 -0.324580 0.749034
v -0.100920 -0.308407 0.750835
v -0.102686 -0.357057 0.736332
v -0.101072 -0.218941 0.794100
v -0.100411 -0.262319 0.769301
v 0.000000 -0.231385 0.779416
v -0.298319 -0.316349 0.722655
v -0.200323 -0.290026 0.747769
v -0.299148 -0.273312 0.748699
v -0.101591 -0.028355 0.832160
v -0.102366 -0.076497 0.834474
v 0.000000 -0.046783 0.819659
v -0.296562 -0.129503 0.788147
v -0.201278 -0.103378 0.811274
v -0.296388 -0.082726 0.795873
v 0.000000 -0.139703 0.805412
v -0.100431 -0.122300 0.811588
v -0.100545 -0.168710 0.800678
v -0.643975 -0.225146 0.660614
v -0.560810 -0.201916 0.693112
v -0.639074 -0.178373 0.672307
v -0.389188 -0.246598 0.724588
v -0.477755 -0.225288 0.711987
v -0.475561 -0.269979 0.691621
v -0.472159 -0.131785 0.734853
v -0.475369 -0.178257 0.724507
v -0.386544 -0.153621 0.751160
v -0.203753 -0.201242 0.798866
v -0.296146 -0.175699 0.770380
v -0.298335 -0.224528 0.760906
v -0.712082 0.140331 0.746617
v -0.701810 0.028197 0.733524
v -0.710212 0.083341 0.743096
v -0.624315 0.115177 0.785988
v -0.527835 0.088080 0.814465
v -0.661229 -0.130309 0.693298
v -0.482308 -0.080483 0.744215
v -0.570719 -0.105290 0.718513
v -0.677539 -0.079507 0.708910
v -0.689758 -0.027713 0.720928
v -0.200703 0.000000 0.816916
v -0.414328 0.057435 0.822062
v -0.303946 0.028260 0.814279
v -0.301264 -0.028010 0.807092
v -0.393938 -0.054609 0.781606
v -0.597104 0.000000 0.748113
v -0.496541 -0.027718 0.767342
v -0.515269 0.028764 0.796283
v -1.436183 -0.047808 0.392823
v -1.359333 -0.046948 0.438932
v -1.504016 -0.047409 0.276129
v -1.491783 -0.048222 0.338725
v -1.391581 -0.142269 0.405650
v -1.438540 -0.095442 0.371535
v -1.438259 -0.142321 0.349620
v -1.584012 -0.047892 0.035941
v -1.552351 -0.047161 0.094761
v -1.489869 -0.138839 0.163016
v -1.529088 -0.093954 0.129748
v -1.539597 -0.141997 0.106564
v -1.518760 -0.046545 0.152402
v -1.502234 -0.046719 0.210779
v -1.290903 -0.311651 0.292967
v -1.377361 -0.276003 0.267192
v -1.335305 -0.314353 0.235912
v -1.422209 -0.189184 0.322307
v -1.408920 -0.234139 0.296866
v -1.352077 -0.230247 0.351456
v -1.470332 -0.233969 0.175586
v -1.440198 -0.234026 0.235957
v -1.472310 -0.187637 0.200506
v -1.502866 -0.094930 0.252100
v -1.490407 -0.141892 0.226348
v -1.485039 -0.144200 0.291800
v -1.326359 -0.045809 -0.428285
v -1.382214 -0.046011 -0.378062
v -1.390409 -0.137586 -0.337988
v -1.393000 -0.092420 -0.359773
v -1.339577 -0.136953 -0.390491
v -1.458707 -0.047153 -0.331215
v -1.494738 -0.047116 -0.274426
v -1.329112 -0.312895 -0.234818
v -1.351861 -0.270893 -0.262245
v -1.260925 -0.304414 -0.286163
v -1.485182 -0.189278 -0.202259
v -1.417528 -0.230342 -0.232243
v -1.464403 -0.233025 -0.174878
v -1.305832 -0.222372 -0.339436
v -1.373960 -0.228329 -0.289500
v -1.380124 -0.183586 -0.312770
v -1.567220 -0.047613 -0.095669
v -1.591136 -0.048107 -0.036103
v -1.542314 -0.047966 -0.216403
v -1.565370 -0.047974 -0.157079
v -1.585497 -0.146230 -0.109741
v -1.573811 -0.096702 -0.133543
v -1.523459 -0.141969 -0.166691
v -1.444962 -0.140308 -0.283925
v -1.473988 -0.140329 -0.223854
v -1.477018 -0.093298 -0.247764
v -0.875081 -0.565940 0.034092
v -0.949629 -0.546036 0.000000
v -0.890794 -0.576102 -0.034704
v -1.107827 -0.506270 0.069866
v -1.031898 -0.528426 0.034800
v -1.032670 -0.529218 0.104535
v -1.020938 -0.523205 -0.103347
v -1.019897 -0.522281 -0.034395
v -1.092880 -0.499439 -0.068923
v -1.303613 -0.363854 0.201761
v -1.266256 -0.402769 0.170913
v -1.210702 -0.386036 0.231284
v -1.271268 -0.403424 0.034686
v -1.256971 -0.399197 0.101064
v -1.315550 -0.367186 0.066746
v -1.165324 -0.474257 0.174986
v -1.222382 -0.440192 0.138623
v -1.178232 -0.477342 0.105978
v -1.202074 -0.383285 -0.229635
v -1.251063 -0.397936 -0.168862
v -1.277110 -0.356457 -0.197660
v -1.158313 -0.469272 -0.104187
v -1.210518 -0.435920 -0.137277
v -1.130768 -0.460194 -0.169797
v -1.355101 -0.378225 -0.068753
v -1.286595 -0.408606 -0.103446
v -1.278405 -0.405689 -0.034881
v -1.163828 -0.471878 0.034918
v -1.217280 -0.437027 0.000000
v -1.158430 -0.469689 -0.034756
v -1.604468 -0.097625 0.000000
v -1.567957 -0.195717 -0.072949
v -1.591691 -0.147142 -0.036784
v -1.581049 -0.146158 0.036538
v -1.534500 -0.191540 0.071392
v -1.378148 -0.325523 -0.172488
v -1.419292 -0.336303 -0.036331
v -1.427651 -0.337924 -0.106622
v -1.462676 -0.287733 -0.142727
v -1.514095 -0.243015 -0.109035
v -1.385672 -0.327300 0.173430
v -1.516202 -0.243353 0.109187
v -1.450170 -0.285273 0.141507
v -1.398301 -0.330977 0.104430
v -1.390841 -0.329561 0.035603
v -1.537727 -0.246433 -0.036988
v -1.491632 -0.294848 0.000000
v -1.538554 -0.246566 0.037008
v -1.189057 0.000000 -0.512140
v -1.259489 -0.028218 -0.482310
v -1.067113 0.054770 -0.578301
v -1.129175 0.027657 -0.546094
v -1.189061 -0.087353 -0.574625
v -1.169196 -0.028637 -0.565449
v -1.111927 -0.057070 -0.602587
v -0.773715 0.159565 -0.686525
v -0.841732 0.132843 -0.655380
v -0.848602 0.027136 -0.662267
v -0.842770 0.079353 -0.657204
v -0.785260 0.053088 -0.696768
v -0.918042 0.107523 -0.631365
v -0.997058 0.082329 -0.609502
v -0.826748 -0.184219 -0.642149
v -0.847485 -0.133750 -0.659859
v -0.768566 -0.158503 -0.681955
v -1.032273 -0.085237 -0.631029
v -0.941692 -0.110293 -0.647630
v -1.025627 -0.140742 -0.624131
v -0.788280 -0.053293 -0.699448
v -0.852090 -0.080231 -0.664472
v -0.866137 -0.027696 -0.675952
v -1.010744 0.027817 -0.617382
v -0.936195 0.000000 -0.645807
v -1.025642 -0.028227 -0.626482
v 0.000000 0.325522 -0.751210
v -0.102995 0.314747 -0.766270
v -0.100380 0.217443 -0.788667
v -0.102462 0.267677 -0.785014
v 0.000000 0.231025 -0.778204
v -0.205274 0.297194 -0.766250
v -0.302155 0.276058 -0.756224
v -0.101236 0.028256 -0.829249
v -0.102737 0.076774 -0.837499
v 0.000000 0.047642 -0.834696
v -0.305548 0.133427 -0.812026
v -0.204671 0.105120 -0.824949
v -0.303414 0.084687 -0.814739
v 0.000000 0.141740 -0.817157
v -0.101909 0.124100 -0.823528
v -0.100449 0.168547 -0.799906
v -0.606214 0.218263 -0.749227
v -0.689068 0.192327 -0.724901
v -0.409043 0.259179 -0.761553
v -0.509324 0.240174 -0.759033
v -0.510329 0.142439 -0.794258
v -0.511260 0.191715 -0.779209
v -0.410865 0.163287 -0.798423
v -0.203502 0.200994 -0.797880
v -0.305175 0.181056 -0.793870
v -0.308340 0.232057 -0.786423
v -0.102548 -0.356577 -0.735343
v -0.104368 -0.318944 -0.776488
v 0.000000 -0.334821 -0.772668
v -0.300342 -0.274402 -0.751686
v -0.205524 -0.297557 -0.767186
v -0.295790 -0.313668 -0.716531
v 0.000000 -0.244614 -0.823981
v -0.104569 -0.273180 -0.801153
v -0.104265 -0.225858 -0.819190
v -0.670662 -0.187190 -0.705538
v -0.592137 -0.213195 -0.731829
v -0.664720 -0.232399 -0.681895
v -0.408309 -0.162271 -0.793455
v -0.496513 -0.186185 -0.756733
v -0.500176 -0.139605 -0.778456
v -0.487284 -0.276634 -0.708670
v -0.492641 -0.232307 -0.734171
v -0.401966 -0.254695 -0.748379
v 0.000000 -0.047782 -0.837157
v -0.102437 -0.076550 -0.835056
v -0.101948 -0.028455 -0.835085
v -0.104130 -0.174725 -0.829224
v -0.102343 -0.124629 -0.827037
v 0.000000 -0.146477 -0.844462
v -0.305087 -0.085154 -0.819230
v -0.201328 -0.103403 -0.811473
v -0.305562 -0.133433 -0.812063
v -0.308510 -0.232185 -0.786858
v -0.310054 -0.183950 -0.806561
v -0.205925 -0.203387 -0.807381
v -0.699705 0.137892 -0.733640
v -0.526906 0.087925 -0.813032
v -0.620703 0.114511 -0.781441
v -0.700490 0.082200 -0.732924
v -0.705601 0.028350 -0.737487
v -0.203098 0.000000 -0.826665
v -0.405648 -0.056232 -0.804840
v -0.304819 -0.028341 -0.816617
v -0.303305 0.028200 -0.812561
v -0.411874 0.057095 -0.817192
v -0.698234 -0.137602 -0.732098
v -0.706226 -0.028375 -0.738140
v -0.704219 -0.082638 -0.736825
v -0.612732 -0.113040 -0.771406
v -0.509227 -0.084975 -0.785753
v -0.527752 0.029460 -0.815574
v -0.517331 -0.028879 -0.799470
v -0.627110 0.000000 -0.785706
v 0.162069 0.379287 -0.690278
v 0.100167 0.348300 -0.718273
v 0.282488 0.431926 -0.619699
v 0.222512 0.405530 -0.654070
v 0.297042 0.314995 -0.719563
v 0.264894 0.366891 -0.699510
v 0.369152 0.354336 -0.708584
v 0.535392 0.538487 -0.475058
v 0.482381 0.524470 -0.525004
v 0.580600 0.448999 -0.613764
v 0.533902 0.489100 -0.571674
v 0.637646 0.467823 -0.565789
v 0.422327 0.503059 -0.568747
v 0.357202 0.473817 -0.602445
v 0.678112 0.237081 -0.695633
v 0.656177 0.288333 -0.676499
v 0.752398 0.267716 -0.667610
v 0.469971 0.332706 -0.700028
v 0.568716 0.313641 -0.695478
v 0.498369 0.282927 -0.724791
v 0.695899 0.366327 -0.617478
v 0.629508 0.338575 -0.653229
v 0.604184 0.390431 -0.632026
v 0.397968 0.430286 -0.640949
v 0.515238 0.421610 -0.653736
v 0.438458 0.385057 -0.677721
v 0.905977 0.585921 -0.035296
v 0.869998 0.588870 -0.092067
v 1.011322 0.539644 -0.163808
v 0.949324 0.569457 -0.129003
v 1.037529 0.531708 -0.105027
v 0.834159 0.591496 -0.149155
v 0.796406 0.592319 -0.205484
v 1.169214 0.383628 -0.287901
v 1.125575 0.419047 -0.256388
v 1.208042 0.385188 -0.230776
v 0.964800 0.490499 -0.308974
v 1.048849 0.455941 -0.283551
v 1.010950 0.454725 -0.341257
v 1.132104 0.460738 -0.169997
v 1.086912 0.457025 -0.225984
v 1.040439 0.492005 -0.194256
v 0.661108 0.576886 -0.372607
v 0.600126 0.556591 -0.417705
v 0.759580 0.594392 -0.265728
v 0.715409 0.589997 -0.321270
v 0.824440 0.516842 -0.387874
v 0.780173 0.559818 -0.359245
v 0.878877 0.529132 -0.336827
v 0.958655 0.531097 -0.219587
v 0.914634 0.527453 -0.276820
v 0.863903 0.565506 -0.243625
v 1.182779 0.026499 -0.452934
v 1.214332 0.070610 -0.444314
v 1.261630 0.043573 -0.407384
v 1.127615 0.127301 -0.523355
v 1.167610 0.098374 -0.482064
v 1.090081 0.080081 -0.526792
v 1.279809 0.130842 -0.373068
v 1.237456 0.116055 -0.432196
v 1.237543 0.159672 -0.412091
v 0.855723 0.238843 -0.645907
v 0.932868 0.212276 -0.620563
v 0.850646 0.189544 -0.660711
v 1.060570 0.248467 -0.516644
v 1.011043 0.233850 -0.576007
v 0.996892 0.278245 -0.548887
v 0.993219 0.136295 -0.604409
v 1.011466 0.186009 -0.595743
v 1.071777 0.157382 -0.561314
v 1.284341 0.310067 -0.291477
v 1.241466 0.298223 -0.352347
v 1.214480 0.338976 -0.324303
v 1.258276 0.209211 -0.398226
v 1.248816 0.252909 -0.375022
v 1.305942 0.222390 -0.339464
v 1.133194 0.316288 -0.447672
v 1.190531 0.284139 -0.410902
v 1.131470 0.267874 -0.465436
v 1.128985 0.173607 -0.504696
v 1.125819 0.219749 -0.483488
v 1.179066 0.188916 -0.446088
v 0.658782 0.527856 -0.468104
v 0.861160 0.471417 -0.424396
v 0.762972 0.500276 -0.446655
v 0.707320 0.488535 -0.510865
v 0.737200 0.437791 -0.539391
v 1.128496 0.372196 -0.348802
v 1.066954 0.357237 -0.482700
v 1.097529 0.364438 -0.414542
v 1.052701 0.409413 -0.377467
v 0.979169 0.448683 -0.408347
v 0.829839 0.289233 -0.623126
v 0.779580 0.391766 -0.576638
v 0.801566 0.339101 -0.597840
v 0.904916 0.310292 -0.576243
v 0.983600 0.332930 -0.531606
v 0.918200 0.432860 -0.467793
v 0.954579 0.383675 -0.501483
v 0.849873 0.413134 -0.523667
v 0.872292 -0.564136 0.033984
v 0.842440 -0.570217 0.089150
v 0.778909 -0.597405 0.055477
v 0.959124 -0.511791 0.155353
v 0.907545 -0.544396 0.123325
v 0.990637 -0.507677 0.100280
v 0.703790 -0.597934 0.164365
v 0.802790 -0.569252 0.143546
v 0.773366 -0.575183 0.199539
v 1.162453 -0.381410 0.286237
v 1.087714 -0.404951 0.247764
v 1.185437 -0.377981 0.226457
v 0.927681 -0.471629 0.297087
v 1.005536 -0.437113 0.271841
v 0.973427 -0.437847 0.328591
v 1.082635 -0.440605 0.162569
v 1.045019 -0.439410 0.217274
v 1.002243 -0.473942 0.187124
v 0.530522 -0.578939 0.375805
v 0.632249 -0.551704 0.356343
v 0.589095 -0.546360 0.410027
v 0.722277 -0.565201 0.252678
v 0.682826 -0.563126 0.306638
v 0.619591 -0.590321 0.270293
v 0.780644 -0.489386 0.367269
v 0.735164 -0.527521 0.338520
v 0.825949 -0.497267 0.316542
v 0.920285 -0.509840 0.210798
v 0.879045 -0.506930 0.266049
v 0.822000 -0.538076 0.231808
v 1.202598 -0.026943 0.460524
v 1.241245 -0.072175 0.454161
v 1.288869 -0.044514 0.416180
v 1.124669 -0.126969 0.521989
v 1.197799 -0.100918 0.494528
v 1.102733 -0.081011 0.532906
v 1.342736 -0.137276 0.391412
v 1.280876 -0.120127 0.447361
v 1.286931 -0.166044 0.428536
v 0.832431 -0.232341 0.628326
v 0.907842 -0.206581 0.603915
v 0.824757 -0.183776 0.640602
v 1.061085 -0.248587 0.516895
v 0.984713 -0.227760 0.561006
v 0.977663 -0.272878 0.538300
v 0.974452 -0.133719 0.592989
v 0.975447 -0.179385 0.574528
v 1.060845 -0.155777 0.555588
v 1.296021 -0.312886 0.294128
v 1.260186 -0.302720 0.357660
v 1.226526 -0.342338 0.327519
v 1.306845 -0.217287 0.413597
v 1.287419 -0.260727 0.386615
v 1.348461 -0.229631 0.350516
v 1.134440 -0.316636 0.448164
v 1.223148 -0.291923 0.422159
v 1.157642 -0.274070 0.476202
v 1.143696 -0.175869 0.511272
v 1.161967 -0.226805 0.499012
v 1.226182 -0.196465 0.463913
v 0.063930 -0.406400 0.706692
v 0.166250 -0.389073 0.708088
v 0.101846 -0.354138 0.730312
v 0.298273 -0.456061 0.654327
v 0.232114 -0.423030 0.682294
v 0.192804 -0.471705 0.649978
v 0.294920 -0.312745 0.714423
v 0.265584 -0.367846 0.701331
v 0.367092 -0.352359 0.704629
v 0.540658 -0.543784 0.479731
v 0.483534 -0.525722 0.526258
v 0.437316 -0.566945 0.486056
v 0.556949 -0.430709 0.588762
v 0.523464 -0.479537 0.560497
v 0.617673 -0.453169 0.548067
v 0.316966 -0.522770 0.572048
v 0.424107 -0.505180 0.571145
v 0.361080 -0.478961 0.608985
v 0.683540 -0.238979 0.701201
v 0.660295 -0.290143 0.680745
v 0.749348 -0.266631 0.664903
v 0.469291 -0.332225 0.699014
v 0.559189 -0.308388 0.683828
v 0.485522 -0.275634 0.706107
v 0.700497 -0.368747 0.621557
v 0.623485 -0.335335 0.646979
v 0.595818 -0.385025 0.623275
v 0.402660 -0.435359 0.648505
v 0.504076 -0.412477 0.639574
v 0.435729 -0.382660 0.673503
v 1.133464 -0.373835 0.350338
v 1.048214 -0.350963 0.474222
v 1.100850 -0.365541 0.415796
v 1.050983 -0.408744 0.376851
v 0.943664 -0.432414 0.393540
v 0.813477 -0.283529 0.610839
v 0.764886 -0.384382 0.565769
v 0.792498 -0.335265 0.591076
v 0.886927 -0.304124 0.564788
v 0.962678 -0.325848 0.520298
v 0.644336 -0.516281 0.457839
v 0.829765 -0.454231 0.408924
v 0.736986 -0.483237 0.431443
v 0.684684 -0.472901 0.494517
v 0.725409 -0.430789 0.530764
v 0.955931 -0.384219 0.502193
v 0.839021 -0.407859 0.516981
v 0.895490 -0.422154 0.456223
v 0.687753 -0.622728 0.055737
v 0.709180 -0.608670 0.000000
v 0.611217 -0.622716 0.165683
v 0.646198 -0.619643 0.110538
v 0.520977 -0.652678 0.000000
v 0.582756 -0.635623 0.055245
v 0.484800 -0.653968 0.055427
v 0.427496 -0.599261 0.379321
v 0.472442 -0.603152 0.324973
v 0.350402 -0.637224 0.218357
v 0.409592 -0.619148 0.270515
v 0.303809 -0.630055 0.269572
v 0.522075 -0.613638 0.274191
v 0.567199 -0.619843 0.221696
v 0.107219 -0.698646 0.000000
v 0.172554 -0.700065 0.057186
v 0.064295 -0.701768 0.057049
v 0.384242 -0.678215 0.056713
v 0.282739 -0.697812 0.057502
v 0.321377 -0.689084 0.000000
v 0.191423 -0.684926 0.169852
v 0.236026 -0.688883 0.113811
v 0.295307 -0.668413 0.167480
v 0.503497 -0.634605 0.165686
v 0.398621 -0.650042 0.166399
v 0.441272 -0.651490 0.110649
v -0.064502 -0.410036 0.713014
v 0.000000 -0.443916 0.686313
v -0.129923 -0.510206 0.626918
v -0.064526 -0.473860 0.652458
v -0.190756 -0.466695 0.643074
v 0.064189 -0.471387 0.649052
v 0.126831 -0.498066 0.612000
v -0.355428 -0.568742 0.426824
v -0.304613 -0.558920 0.478012
v -0.412342 -0.534569 0.458300
v -0.064635 -0.586688 0.500595
v -0.184608 -0.568632 0.485566
v -0.122639 -0.598636 0.449258
v -0.310405 -0.511949 0.560207
v -0.250486 -0.547027 0.529662
v -0.194107 -0.534453 0.582187
v 0.316841 -0.581357 0.497201
v 0.372517 -0.596087 0.447346
v 0.192962 -0.531301 0.578754
v 0.255230 -0.557388 0.539695
v 0.125900 -0.614551 0.461202
v 0.190741 -0.587524 0.501698
v 0.065422 -0.593826 0.506685
v -0.064944 -0.536087 0.584427
v 0.000000 -0.567403 0.547726
v 0.064591 -0.533169 0.581246
v -0.720463 -0.618354 0.000000
v -0.677923 -0.613827 0.054940
v -0.777009 -0.595947 0.055342
v -0.476244 -0.642426 0.054448
v -0.578760 -0.631264 0.054866
v -0.513585 -0.643418 0.000000
v -0.706896 -0.600573 0.165091
v -0.651856 -0.625069 0.111506
v -0.609475 -0.620942 0.165211
v -0.063916 -0.697631 0.056713
v -0.170014 -0.689760 0.056344
v -0.107250 -0.698852 0.000000
v -0.288363 -0.652696 0.163542
v -0.228823 -0.667859 0.110337
v -0.187024 -0.669184 0.165948
v -0.316238 -0.678064 0.000000
v -0.273426 -0.674828 0.055608
v -0.372639 -0.657735 0.055000
v -0.505379 -0.551501 0.357994
v -0.452634 -0.577864 0.311348
v -0.408807 -0.573062 0.362738
v -0.559017 -0.610902 0.218498
v -0.499725 -0.587369 0.262454
v -0.609160 -0.580383 0.265743
v -0.296520 -0.614939 0.263105
v -0.399954 -0.604578 0.264149
v -0.342491 -0.622838 0.213427
v -0.434987 -0.642210 0.109073
v -0.391547 -0.638507 0.163446
v -0.498679 -0.628533 0.164100
v 0.312992 -0.619331 0.393335
v 0.065545 -0.634143 0.404017
v 0.189316 -0.627793 0.399547
v 0.250364 -0.635428 0.336095
v 0.187375 -0.644393 0.278089
v -0.299687 -0.593005 0.376616
v -0.186567 -0.641614 0.276890
v -0.241019 -0.611711 0.323550
v -0.184207 -0.610854 0.388766
v -0.065264 -0.631425 0.402286
v 0.000000 -0.699324 0.114410
v 0.125361 -0.667318 0.223965
v 0.064567 -0.691932 0.171987
v -0.064146 -0.687413 0.170864
v -0.126134 -0.671432 0.225346
v 0.000000 -0.653240 0.347188
v -0.064748 -0.666646 0.287257
v 0.064429 -0.663368 0.285844
v 0.673735 -0.610036 -0.054601
v 0.760203 -0.583058 -0.054145
v 0.482139 -0.650379 -0.055122
v 0.577297 -0.629668 -0.054728
v 0.702041 -0.596448 -0.163957
v 0.639027 -0.612767 -0.109312
v 0.598844 -0.610111 -0.162329
v 0.063429 -0.692314 -0.056281
v 0.171650 -0.696398 -0.056886
v 0.297534 -0.673453 -0.168743
v 0.238544 -0.696233 -0.115025
v 0.190408 -0.681293 -0.168951
v 0.283410 -0.699467 -0.057638
v 0.385062 -0.679663 -0.056834
v 0.536347 -0.585295 -0.379931
v 0.466407 -0.595447 -0.320822
v 0.422773 -0.592639 -0.375130
v 0.562064 -0.614232 -0.219689
v 0.518958 -0.609975 -0.272554
v 0.623611 -0.594152 -0.272047
v 0.309990 -0.642875 -0.275057
v 0.412582 -0.623667 -0.272489
v 0.358308 -0.651603 -0.223284
v 0.440887 -0.650921 -0.110552
v 0.401916 -0.655416 -0.167774
v 0.499234 -0.629232 -0.164283
v -0.784726 -0.601866 -0.055891
v -0.691832 -0.626422 -0.056067
v -0.629394 -0.641235 -0.170610
v -0.667086 -0.639672 -0.114111
v -0.739745 -0.628481 -0.172763
v -0.585670 -0.638801 -0.055521
v -0.477278 -0.643821 -0.054567
v -0.447841 -0.627780 -0.397374
v -0.495877 -0.633071 -0.341093
v -0.563868 -0.615328 -0.399426
v -0.363020 -0.660170 -0.226220
v -0.424701 -0.641986 -0.280493
v -0.308522 -0.639830 -0.273754
v -0.655559 -0.624590 -0.285984
v -0.546019 -0.641782 -0.286767
v -0.589545 -0.644264 -0.230431
v -0.171861 -0.697252 -0.056956
v -0.063924 -0.697725 -0.056721
v -0.378297 -0.667723 -0.055835
v -0.278781 -0.688043 -0.056697
v -0.188768 -0.675424 -0.167495
v -0.236431 -0.690065 -0.114006
v -0.297649 -0.673714 -0.168808
v -0.515386 -0.649591 -0.169598
v -0.405649 -0.661504 -0.169333
v -0.444879 -0.656814 -0.111553
v 0.064447 -0.409686 -0.712407
v 0.000000 -0.438919 -0.678587
v -0.063333 -0.402604 -0.700091
v 0.125056 -0.491093 -0.603432
v 0.063541 -0.466627 -0.642499
v 0.189726 -0.464174 -0.639600
v -0.183208 -0.448227 -0.617626
v -0.062454 -0.458642 -0.631503
v -0.122180 -0.479798 -0.589554
v 0.357244 -0.571649 -0.429005
v 0.298696 -0.548064 -0.468727
v 0.426551 -0.552990 -0.474092
v 0.061681 -0.559874 -0.477715
v 0.179878 -0.554062 -0.473124
v 0.119151 -0.581611 -0.436481
v 0.307273 -0.506783 -0.554554
v 0.244951 -0.534940 -0.517959
v 0.186941 -0.514722 -0.560694
v -0.433268 -0.561698 -0.481558
v -0.310201 -0.569172 -0.486780
v -0.372939 -0.596763 -0.447853
v -0.184029 -0.506705 -0.551961
v -0.247684 -0.540908 -0.523738
v -0.304869 -0.502818 -0.550216
v -0.121740 -0.594249 -0.445966
v -0.186474 -0.574378 -0.490473
v -0.063059 -0.572378 -0.488384
v 0.063176 -0.521491 -0.568515
v 0.000000 -0.547261 -0.528283
v -0.063133 -0.521133 -0.568125
v 0.000000 -0.685970 -0.112225
v -0.125273 -0.666851 -0.223809
v -0.062471 -0.669462 -0.166402
v 0.063372 -0.679122 -0.168803
v 0.125576 -0.668462 -0.224350
v -0.316465 -0.626204 -0.397701
v -0.064061 -0.619790 -0.394873
v -0.185385 -0.614760 -0.391252
v -0.246798 -0.626376 -0.331308
v -0.187878 -0.646122 -0.278836
v 0.299488 -0.592611 -0.376366
v 0.187581 -0.645103 -0.278396
v 0.244147 -0.619649 -0.327749
v 0.179449 -0.595073 -0.378723
v 0.062610 -0.605746 -0.385926
v -0.063140 -0.650093 -0.280124
v 0.000000 -0.626012 -0.332716
v 0.063345 -0.652201 -0.281032
v 0.844117 -0.571352 -0.089328
v 0.877871 -0.567744 -0.034201
v 0.766366 -0.569977 -0.197733
v 0.807921 -0.572891 -0.144464
v 0.989846 -0.507272 -0.100200
v 0.897904 -0.538612 -0.122015
v 0.944353 -0.503909 -0.152960
v 0.607159 -0.563113 -0.422600
v 0.653482 -0.570232 -0.368310
v 0.860137 -0.517850 -0.329645
v 0.760814 -0.545927 -0.350331
v 0.814162 -0.510399 -0.383039
v 0.693896 -0.572255 -0.311609
v 0.735056 -0.575202 -0.257149
v 1.164769 -0.371391 -0.222509
v 1.070009 -0.398360 -0.243731
v 1.112749 -0.365102 -0.273998
v 1.005335 -0.475404 -0.187702
v 1.034425 -0.434955 -0.215071
v 1.078691 -0.439000 -0.161977
v 0.960765 -0.432151 -0.324317
v 1.005124 -0.436934 -0.271730
v 0.938913 -0.477339 -0.300684
v 0.835614 -0.546987 -0.235647
v 0.888990 -0.512665 -0.269059
v 0.909791 -0.504027 -0.208394
v 0.103989 -0.361587 -0.745674
v 0.168487 -0.394308 -0.717616
v 0.379816 -0.364572 -0.729053
v 0.274817 -0.380634 -0.725713
v 0.312434 -0.331317 -0.756848
v 0.234924 -0.428151 -0.690555
v 0.296525 -0.453389 -0.650493
v 0.768898 -0.273587 -0.682250
v 0.672554 -0.295530 -0.693384
v 0.694923 -0.242958 -0.712879
v 0.613954 -0.396745 -0.642247
v 0.644797 -0.346798 -0.669093
v 0.702585 -0.369846 -0.623410
v 0.507780 -0.288270 -0.738478
v 0.579228 -0.319439 -0.708333
v 0.486696 -0.344547 -0.724940
v 0.476706 -0.518299 -0.518828
v 0.537352 -0.540459 -0.476797
v 0.357935 -0.474788 -0.603680
v 0.417080 -0.496809 -0.561681
v 0.625456 -0.458879 -0.554973
v 0.524153 -0.480169 -0.561235
v 0.568090 -0.439325 -0.600539
v 0.454025 -0.398728 -0.701783
v 0.513255 -0.419988 -0.651220
v 0.408474 -0.441645 -0.657869
v 1.269807 -0.043856 -0.410024
v 1.232080 -0.071642 -0.450808
v 1.198872 -0.026860 -0.459097
v 1.250715 -0.161371 -0.416477
v 1.236735 -0.115987 -0.431944
v 1.282105 -0.131077 -0.373738
v 1.149532 -0.084449 -0.555522
v 1.184809 -0.099823 -0.489165
v 1.152263 -0.130084 -0.534795
v 1.182290 -0.329991 -0.315707
v 1.213055 -0.291399 -0.344284
v 1.269300 -0.306435 -0.288064
v 1.100907 -0.260638 -0.452864
v 1.135267 -0.270949 -0.391828
v 1.083242 -0.302346 -0.427938
v 1.288601 -0.219437 -0.334957
v 1.214553 -0.245970 -0.364733
v 1.238258 -0.205883 -0.391891
v 0.886917 -0.197627 -0.688884
v 0.953892 -0.217060 -0.634548
v 0.873072 -0.243685 -0.659003
v 1.096125 -0.160957 -0.574065
v 1.022323 -0.188006 -0.602138
v 1.030585 -0.141422 -0.627148
v 1.002034 -0.279680 -0.551718
v 1.010693 -0.233769 -0.575807
v 1.068352 -0.250290 -0.520435
v 1.181583 -0.189319 -0.447040
v 1.119046 -0.218427 -0.480579
v 1.125874 -0.173128 -0.503305
v 0.647792 -0.519051 -0.460295
v 0.732025 -0.434718 -0.535605
v 0.685942 -0.473770 -0.495425
v 0.756951 -0.496329 -0.443131
v 0.858318 -0.469862 -0.422995
v 0.846115 -0.294905 -0.635347
v 0.964715 -0.326538 -0.521399
v 0.910455 -0.312192 -0.579770
v 0.812464 -0.343711 -0.605968
v 0.776737 -0.390337 -0.574535
v 1.070835 -0.353179 -0.330980
v 0.933007 -0.427530 -0.389096
v 0.987668 -0.384120 -0.354148
v 1.041477 -0.345826 -0.393371
v 1.024384 -0.342984 -0.463441
v 0.849157 -0.412786 -0.523226
v 0.937179 -0.376682 -0.492341
v 0.904226 -0.426272 -0.460674
v 0.944087 -0.542849 0.000000
v 1.057819 -0.483417 -0.066712
v 1.002591 -0.513418 -0.033811
v 1.001817 -0.513022 0.033785
v 1.056312 -0.482728 0.066617
v 1.266846 -0.353592 -0.196071
v 1.223239 -0.389086 -0.165106
v 1.249832 -0.396621 -0.034101
v 1.251607 -0.397494 -0.100633
v 1.329148 -0.370981 -0.067436
v 1.165564 -0.419732 -0.132179
v 1.111938 -0.450484 -0.100015
v 1.201005 -0.382014 0.162105
v 1.263332 -0.352611 0.195527
v 1.094147 -0.443276 0.098415
v 1.153671 -0.415449 0.130831
v 1.296844 -0.361965 0.065797
v 1.221180 -0.387830 0.098187
v 1.246186 -0.395464 0.034002
v 1.127584 -0.457182 -0.033830
v 1.192951 -0.428292 0.000000
v 1.125372 -0.456285 0.033764
v 1.304704 0.000000 -0.376478
v 1.316706 -0.043831 -0.360144
v 1.421879 -0.044820 -0.261049
v 1.351782 -0.043697 -0.306936
v 1.383920 0.000000 -0.273580
v 1.330003 -0.088241 -0.343503
v 1.334501 -0.132054 -0.324398
v 1.537831 -0.046495 -0.034893
v 1.525848 -0.046356 -0.093143
v 1.528872 0.000000 -0.058108
v 1.490330 -0.138882 -0.163066
v 1.508990 -0.092719 -0.128043
v 1.511038 -0.139363 -0.104588
v 1.502266 0.000000 -0.173518
v 1.514181 -0.046405 -0.151942
v 1.465172 -0.045567 -0.205579
v 1.333117 -0.267137 -0.258609
v 1.308609 -0.308068 -0.231196
v 1.345356 -0.178961 -0.304891
v 1.348860 -0.224158 -0.284211
v 1.423167 -0.226463 -0.169954
v 1.374417 -0.223337 -0.225180
v 1.432275 -0.182535 -0.195054
v 1.431934 -0.090450 -0.240202
v 1.438349 -0.136936 -0.218442
v 1.390243 -0.134995 -0.273173
v 1.356263 -0.045147 0.370964
v 1.344713 0.000000 0.388023
v 1.382524 -0.136806 0.336071
v 1.368650 -0.090805 0.353484
v 1.407951 0.000000 0.278330
v 1.387563 -0.044853 0.315061
v 1.397422 -0.044049 0.256559
v 1.318700 -0.310444 0.232979
v 1.357934 -0.272110 0.263423
v 1.436877 -0.183122 0.195680
v 1.408952 -0.228949 0.230838
v 1.427062 -0.227083 0.170419
v 1.369101 -0.227522 0.288476
v 1.378656 -0.183391 0.312437
v 1.508194 0.000000 0.057322
v 1.490986 -0.045297 0.091015
v 1.527360 -0.046179 0.034656
v 1.434354 -0.044608 0.201255
v 1.473382 -0.045155 0.147848
v 1.466195 0.000000 0.169351
v 1.474238 -0.135969 0.102040
v 1.470134 -0.090332 0.124746
v 1.464128 -0.136440 0.160200
v 1.403497 -0.136282 0.275777
v 1.443545 -0.137431 0.219231
v 1.411877 -0.089183 0.236837
v 1.356811 -0.320483 -0.169818
v 1.463521 -0.234897 -0.105393
v 1.425077 -0.280337 -0.139059
v 1.374619 -0.325371 -0.102661
v 1.398646 -0.331410 -0.035802
v 1.529311 -0.093052 0.000000
v 1.495019 -0.186612 0.069555
v 1.498378 -0.138516 0.034628
v 1.493759 -0.138089 -0.034521
v 1.487335 -0.185653 -0.069198
v 1.335788 -0.315517 0.167186
v 1.372391 -0.325189 0.035130
v 1.362568 -0.322519 0.101761
v 1.405200 -0.276426 0.137119
v 1.464939 -0.235125 0.105495
v 1.475065 -0.236391 -0.035481
v 1.482129 -0.237523 0.035651
v 1.461366 -0.288866 0.000000
v 0.099666 -0.304574 0.741504
v 0.294775 -0.269316 0.737755
v 0.196970 -0.285171 0.735252
v 0.098985 -0.258591 0.758369
v 0.096577 -0.209205 0.758788
v 0.676690 -0.188872 0.711879
v 0.593375 -0.213641 0.733359
v 0.397156 -0.157839 0.771781
v 0.499699 -0.187380 0.761589
v 0.496066 -0.138458 0.772059
v 0.493468 -0.232697 0.735403
v 0.393452 -0.249300 0.732526
v 0.097520 -0.072876 0.794969
v 0.100334 -0.028004 0.821865
v 0.097708 -0.163948 0.778081
v 0.098377 -0.119799 0.794988
v 0.298523 -0.083321 0.801605
v 0.198023 -0.101706 0.798154
v 0.297721 -0.130009 0.791226
v 0.295974 -0.222750 0.754884
v 0.295990 -0.175606 0.769976
v 0.195088 -0.192684 0.764892
v 1.160694 0.000000 0.499924
v 1.033306 0.053034 0.559980
v 1.101574 0.026981 0.532745
v 1.085686 -0.026591 0.525061
v 1.026704 -0.052696 0.556402
v 0.754679 0.155639 0.669633
v 0.815715 0.128737 0.635122
v 0.837867 0.026792 0.653890
v 0.823049 0.077496 0.641825
v 0.760752 0.051432 0.675022
v 0.886553 0.103835 0.609709
v 0.970518 0.080138 0.593278
v 0.838853 -0.132388 0.653138
v 0.771059 -0.159017 0.684168
v 0.957591 -0.079070 0.585376
v 0.899924 -0.105401 0.618905
v 0.782372 -0.052893 0.694205
v 0.844496 -0.079516 0.658550
v 0.846318 -0.027063 0.660484
v 0.972723 0.026770 0.594158
v 0.911563 0.000000 0.628815
v 0.972080 -0.026753 0.593766
v 0.102187 0.312277 0.760258
v 0.102127 0.221227 0.802390
v 0.103189 0.269575 0.790581
v 0.207061 0.299781 0.772920
v 0.308046 0.281441 0.770969
v 0.103626 0.028923 0.848828
v 0.103136 0.077073 0.840754
v 0.302119 0.131930 0.802914
v 0.200446 0.102950 0.807918
v 0.303536 0.084721 0.815066
v 0.101613 0.123739 0.821136
v 0.101610 0.170495 0.809152
v 0.593382 0.213643 0.733368
v 0.669985 0.187001 0.704826
v 0.411945 0.261017 0.766956
v 0.507158 0.239153 0.755805
v 0.498741 0.139205 0.776223
v 0.505888 0.189701 0.771020
v 0.408771 0.162455 0.794353
v 0.202221 0.199729 0.792860
v 0.305084 0.181002 0.793633
v 0.306262 0.230493 0.781123
v 0.690471 -0.136072 0.723958
v 0.691334 -0.027777 0.722575
v 0.698571 -0.081975 0.730916
v 0.597223 -0.110179 0.751880
v 0.501827 -0.083740 0.774334
v 0.676413 0.133301 0.709218
v 0.502372 0.083831 0.775174
v 0.589898 0.108828 0.742659
v 0.682776 0.080122 0.714389
v 0.685487 0.027542 0.716464
v 0.205719 0.000000 0.837331
v 0.396646 -0.054984 0.786979
v 0.302404 -0.028116 0.810147
v 0.310484 0.028868 0.831794
v 0.406634 0.056369 0.806796
v 0.592937 0.000000 0.742891
v 0.505064 0.028194 0.780512
v 0.502812 -0.028068 0.777032
v -0.848910 -0.574597 0.089835
v -0.778117 -0.578717 0.200765
v -0.816180 -0.578747 0.145940
v -0.915657 -0.549262 0.124428
v -1.000620 -0.533933 0.162074
v -0.576410 -0.534595 0.401198
v -0.626894 -0.547030 0.353324
v -0.852302 -0.513133 0.326642
v -0.752758 -0.540146 0.346622
v -0.802619 -0.503162 0.377608
v -0.683848 -0.563968 0.307097
v -0.730084 -0.571311 0.255409
v -1.129671 -0.420572 0.257321
v -1.152861 -0.378263 0.283875
v -1.091884 -0.516332 0.203861
v -1.126575 -0.473703 0.234231
v -1.007243 -0.453057 0.340006
v -1.058552 -0.460159 0.286174
v -0.962941 -0.489555 0.308379
v -0.847242 -0.554599 0.238927
v -0.914029 -0.527104 0.276637
v -0.971918 -0.538445 0.222625
v -0.165955 -0.388381 0.706829
v -0.354524 -0.340295 0.680505
v -0.264497 -0.366340 0.698459
v -0.227607 -0.414815 0.669046
v -0.288275 -0.440774 0.632394
v -0.713635 -0.253924 0.633215
v -0.618913 -0.271959 0.638081
v -0.583207 -0.376875 0.610082
v -0.600233 -0.322829 0.622850
v -0.669211 -0.352278 0.593797
v -0.534373 -0.294701 0.653479
v -0.446174 -0.315860 0.664582
v -0.458371 -0.498365 0.498873
v -0.510528 -0.513480 0.452996
v -0.352645 -0.467772 0.594760
v -0.407336 -0.485203 0.548559
v -0.614002 -0.450476 0.544810
v -0.513165 -0.470103 0.549469
v -0.554224 -0.428602 0.585882
v -0.419107 -0.368062 0.647809
v -0.493390 -0.403733 0.626016
v -0.393438 -0.425388 0.633653
v -1.297724 -0.075459 0.474826
v -1.312899 -0.169394 0.437184
v -1.307516 -0.122625 0.456665
v -1.232453 -0.103837 0.508836
v -1.155488 -0.130448 0.536292
v -1.200561 -0.335091 0.320586
v -1.229746 -0.295408 0.349021
v -1.147579 -0.271688 0.472063
v -1.182155 -0.282140 0.408011
v -1.109018 -0.309540 0.438121
v -1.261881 -0.255555 0.378946
v -1.282580 -0.213253 0.405918
v -0.905827 -0.206123 0.602575
v -0.827540 -0.230976 0.624634
v -1.068697 -0.156930 0.559700
v -0.992703 -0.182559 0.584692
v -0.984606 -0.274815 0.542122
v -0.990211 -0.229031 0.564138
v -1.072797 -0.251331 0.522600
v -1.217465 -0.195069 0.460615
v -1.133023 -0.221155 0.486582
v -1.159807 -0.178346 0.518474
v -0.632228 -0.506580 0.449236
v -0.719007 -0.426988 0.526080
v -0.681787 -0.470900 0.492425
v -0.735779 -0.482446 0.430736
v -0.840315 -0.460006 0.414123
v -0.787288 -0.274402 0.591174
v -0.962201 -0.325687 0.520041
v -0.875858 -0.300329 0.557739
v -0.774592 -0.327690 0.577722
v -0.754345 -0.379085 0.557972
v -1.126972 -0.371694 0.348331
v -0.956516 -0.438303 0.398900
v -1.050394 -0.408516 0.376640
v -1.072188 -0.356024 0.404970
v -1.024643 -0.343071 0.463559
v -0.822534 -0.399845 0.506822
v -0.927860 -0.372936 0.487446
v -0.889660 -0.419405 0.453253
v -0.161653 -0.378315 -0.688509
v -0.280479 -0.428853 -0.615292
v -0.222161 -0.404891 -0.653038
v -0.263082 -0.364381 -0.694724
v -0.359778 -0.345339 -0.690591
v -0.543341 -0.546483 -0.482111
v -0.477422 -0.519078 -0.519607
v -0.554974 -0.429182 -0.586674
v -0.519006 -0.475454 -0.555724
v -0.627255 -0.460199 -0.556569
v -0.412268 -0.491077 -0.555201
v -0.341453 -0.452925 -0.575882
v -0.641370 -0.281827 -0.661234
v -0.715074 -0.254436 -0.634491
v -0.460101 -0.325719 -0.685327
v -0.552467 -0.304680 -0.675607
v -0.684057 -0.360093 -0.606970
v -0.615505 -0.331043 -0.638698
v -0.584072 -0.377434 -0.610988
v -0.378210 -0.408924 -0.609128
v -0.482721 -0.395003 -0.612479
v -0.417907 -0.367009 -0.645956
v -0.856778 -0.579922 -0.090668
v -0.985279 -0.525747 -0.159589
v -0.924521 -0.554579 -0.125632
v -0.829267 -0.588027 -0.148280
v -0.793365 -0.590057 -0.204699
v -1.143560 -0.375211 -0.281584
v -1.122413 -0.417869 -0.255668
v -0.965160 -0.490683 -0.309089
v -1.047452 -0.455334 -0.283173
v -0.986049 -0.443524 -0.332852
v -1.088721 -0.457786 -0.226360
v -1.044641 -0.493992 -0.195040
v -0.673961 -0.588102 -0.379852
v -0.615751 -0.571082 -0.428580
v -0.753812 -0.589879 -0.263710
v -0.717086 -0.591380 -0.322023
v -0.806583 -0.505647 -0.379473
v -0.765260 -0.549117 -0.352379
v -0.865782 -0.521248 -0.331808
v -0.951057 -0.526888 -0.217847
v -0.917806 -0.529282 -0.277780
v -0.852545 -0.558070 -0.240422
v -1.294236 -0.075256 -0.473550
v -1.190889 -0.134445 -0.552723
v -1.247492 -0.105104 -0.515045
v -1.292355 -0.121203 -0.451370
v -1.277696 -0.164852 -0.425461
v -0.816461 -0.227884 -0.616272
v -0.908583 -0.206750 -0.604408
v -1.076218 -0.252133 -0.524267
v -0.996664 -0.230524 -0.567815
v -0.983273 -0.274443 -0.541388
v -1.006966 -0.185182 -0.593093
v -1.110084 -0.163007 -0.581376
v -1.212695 -0.291312 -0.344181
v -1.193410 -0.333095 -0.318676
v -1.250628 -0.207940 -0.395806
v -1.225343 -0.248155 -0.367973
v -1.097945 -0.306450 -0.433746
v -1.156814 -0.276092 -0.399265
v -1.112100 -0.263288 -0.457469
v -1.179799 -0.181420 -0.527412
v -1.162548 -0.226918 -0.499261
v -1.228423 -0.196824 -0.464761
v -0.659482 -0.528417 -0.468601
v -0.854063 -0.467532 -0.420898
v -0.760892 -0.498913 -0.445438
v -0.710752 -0.490905 -0.513344
v -0.746029 -0.443035 -0.545852
v -1.102785 -0.363716 -0.340856
v -1.032675 -0.345760 -0.467192
v -1.063552 -0.353156 -0.401708
v -1.015890 -0.395096 -0.364267
v -0.942229 -0.431756 -0.392941
v -0.796395 -0.277576 -0.598013
v -0.765382 -0.384631 -0.566136
v -0.785724 -0.332399 -0.586024
v -0.882145 -0.302484 -0.561743
v -0.969648 -0.328208 -0.524065
v -0.898513 -0.423579 -0.457763
v -0.948482 -0.381225 -0.498279
v -0.842247 -0.409427 -0.518968
v 1.137637 0.000000 -0.489993
v 1.095321 -0.056217 -0.593588
v 1.127627 -0.027619 -0.545345
v 1.092051 0.026747 -0.528140
v 1.045034 0.053636 -0.566336
v 0.824374 -0.170012 -0.731475
v 0.906652 -0.143088 -0.705927
v 0.898274 -0.028724 -0.701032
v 0.913229 -0.085988 -0.712149
v 0.829343 -0.056069 -0.735883
v 0.977958 -0.114540 -0.672571
v 1.023907 -0.084546 -0.625915
v 0.865015 0.136517 -0.673508
v 0.778490 0.160550 -0.690761
v 0.994829 0.082145 -0.608140
v 0.942693 0.110410 -0.648318
v 0.788278 0.053292 -0.699446
v 0.866649 0.081602 -0.675825
v 0.884485 0.028283 -0.690271
v 1.023389 -0.028165 -0.625106
v 0.972284 0.000000 -0.670702
v 1.017119 0.027992 -0.621276
v 0.105213 -0.321523 -0.782768
v 0.107792 -0.233498 -0.846898
v 0.106532 -0.278307 -0.816191
v 0.210340 -0.304529 -0.785161
v 0.316959 -0.289584 -0.793275
v 0.103257 -0.028820 -0.845809
v 0.104822 -0.078333 -0.854499
v 0.322625 -0.140884 -0.857410
v 0.216357 -0.111122 -0.872049
v 0.315905 -0.088173 -0.848278
v 0.106424 -0.129599 -0.860018
v 0.108749 -0.182474 -0.866003
v 0.613677 -0.220950 -0.758451
v 0.720113 -0.200992 -0.757560
v 0.423502 -0.268340 -0.788473
v 0.518819 -0.244652 -0.773184
v 0.515912 -0.143997 -0.802947
v 0.515849 -0.193436 -0.786203
v 0.423120 -0.168158 -0.822237
v 0.217127 -0.214451 -0.851302
v 0.324738 -0.192662 -0.844758
v 0.322269 -0.242540 -0.821950
v 0.100067 0.305797 -0.744482
v 0.294243 0.268830 -0.736422
v 0.196708 0.284793 -0.734276
v 0.097947 0.255881 -0.750421
v 0.098621 0.213633 -0.774848
v 0.682884 0.190601 -0.718395
v 0.599473 0.215836 -0.740896
v 0.391606 0.155633 -0.760997
v 0.494483 0.185424 -0.753640
v 0.490977 0.137038 -0.764139
v 0.501660 0.236560 -0.747612
v 0.400967 0.254061 -0.746517
v 0.100355 0.074994 -0.818080
v 0.100728 0.028114 -0.825090
v 0.099457 0.166883 -0.792009
v 0.100387 0.122246 -0.811230
v 0.296593 0.082783 -0.796421
v 0.198312 0.101854 -0.799318
v 0.289341 0.126350 -0.768955
v 0.296059 0.222815 -0.755101
v 0.293422 0.174083 -0.763295
v 0.197190 0.194759 -0.773132
v 0.729974 -0.143857 -0.765377
v 0.519888 -0.086754 -0.802202
v 0.628461 -0.115942 -0.791207
v 0.728278 -0.085461 -0.761999
v 0.711512 -0.028587 -0.743665
v 0.204496 0.000000 -0.832353
v 0.398858 0.055291 -0.791368
v 0.303791 0.028245 -0.813863
v 0.307876 -0.028625 -0.824807
v 0.408209 -0.056587 -0.809920
v 0.692913 0.136553 -0.726519
v 0.706398 0.028382 -0.738320
v 0.704275 0.082645 -0.736885
v 0.601950 0.111051 -0.757832
v 0.501032 0.083608 -0.773108
v 0.509339 -0.028433 -0.787119
v 0.506572 0.028278 -0.782843
v 0.609108 0.000000 -0.763152
v 1.368424 0.045552 0.374290
v 1.442681 0.045476 0.264868
v 1.402897 0.045349 0.318542
v 1.369753 0.090878 0.353769
v 1.403911 0.138922 0.341270
v 1.530681 0.046279 0.034731
v 1.512018 0.045936 0.092299
v 1.529381 0.142521 0.167339
v 1.509092 0.092725 0.128051
v 1.546692 0.142651 0.107055
v 1.483382 0.045461 0.148852
v 1.459647 0.045395 0.204804
v 1.409569 0.282457 0.273440
v 1.401360 0.329903 0.247582
v 1.446994 0.192481 0.327924
v 1.425978 0.236973 0.300460
v 1.496303 0.238101 0.178688
v 1.481930 0.240807 0.242794
v 1.524942 0.194345 0.207673
v 1.490257 0.094134 0.249985
v 1.518220 0.144540 0.230572
v 1.478733 0.143587 0.290560
v 1.321986 0.044006 -0.361588
v 1.331249 0.131732 -0.323607
v 1.336734 0.088687 -0.345241
v 1.379709 0.044599 -0.313277
v 1.416366 0.044646 -0.260037
v 1.330352 0.313187 -0.235037
v 1.340550 0.268627 -0.260051
v 1.441731 0.183740 -0.196341
v 1.375796 0.223561 -0.225406
v 1.429694 0.227502 -0.170733
v 1.331080 0.221203 -0.280465
v 1.345576 0.178991 -0.304941
v 1.509869 0.045871 -0.092168
v 1.523849 0.046073 -0.034576
v 1.478235 0.045973 -0.207412
v 1.519317 0.046562 -0.152458
v 1.520511 0.140236 -0.105243
v 1.518427 0.093299 -0.128843
v 1.490363 0.138885 -0.163070
v 1.386335 0.134616 -0.272405
v 1.438975 0.136996 -0.218537
v 1.424188 0.089960 -0.238902
v 0.973054 0.559505 0.000000
v 1.108935 0.506776 0.069936
v 1.040076 0.532614 0.035075
v 1.036468 0.530766 -0.034954
v 1.095951 0.500843 -0.069117
v 1.372211 0.383001 0.212379
v 1.312320 0.417421 0.177130
v 1.307916 0.415054 0.035686
v 1.321073 0.419555 0.106218
v 1.375813 0.384006 0.069804
v 1.230999 0.443296 0.139600
v 1.175433 0.476208 0.105726
v 1.255273 0.399276 -0.169430
v 1.284144 0.358420 -0.198748
v 1.158483 0.469341 -0.104202
v 1.213725 0.437075 -0.137641
v 1.336757 0.373105 -0.067822
v 1.285224 0.408170 -0.103336
v 1.290207 0.409434 -0.035203
v 1.166886 0.473118 0.035010
v 1.223475 0.439251 0.000000
v 1.148837 0.465800 -0.034468
v 1.524885 0.092783 0.000000
v 1.505823 0.187961 -0.070058
v 1.534914 0.141893 -0.035472
v 1.552924 0.143558 0.035888
v 1.541868 0.192460 0.071735
v 1.351646 0.319263 -0.169171
v 1.396557 0.330916 -0.035749
v 1.366174 0.323372 -0.102030
v 1.399513 0.275308 -0.136564
v 1.438508 0.230883 -0.103592
v 1.430921 0.337988 0.179093
v 1.502812 0.241204 0.108223
v 1.469339 0.289044 0.143377
v 1.425398 0.337391 0.106453
v 1.424645 0.337571 0.036468
v 1.488111 0.238482 -0.035795
v 1.450550 0.286728 0.000000
v 1.506615 0.241447 0.036240
f 1 643 645
f 163 644 643
f 165 645 644
f 643 644 645
f 43 646 648
f 164 647 646
f 163 648 647
f 646 647 648
f 45 649 651
f 165 650 649
f 164 651 650
f 649 650 651
f 163 647 644
f 164 650 647
f 165 644 650
f 647 650 644
f 13 652 654
f 166 653 652
f 168 654 653
f 652 653 654
f 44 655 657
f 167 656 655
f 166 657 656
f 655 656 657
f 43 658 660
f 168 659 658
f 167 660 659
f 658 659 660
f 166 656 653
f 167 659 656
f 168 653 659
f 656 659 653
f 15 661 663
f 169 662 661
f 171 663 662
f 661 662 663
f 45 664 666
f 170 665 664
f 169 666 665
f 664 665 666
f 44 667 669
f 171 668 667
f 170 669 668
f 667 668 669
f 169 665 662
f 170 668 665
f 171 662 668
f 665 668 662
f 43 660 646
f 167 670 660
f 164 646 670
f 660 670 646
f 44 669 655
f 170 671 669
f 167 655 671
f 669 671 655
f 45 651 664
f 164 672 651
f 170 664 672
f 651 672 664
f 167 671 670
f 170 672 671
f 164 670 672
f 671 672 670
f 12 673 675
f 172 674 673
f 174 675 674
f 673 674 675
f 46 676 678
f 173 677 676
f 172 678 677
f 676 677 678
f 48 679 681
f 174 680 679
f 173 681 680
f 679 680 681
f 172 677 674
f 173 680 677
f 174 674 680
f 677 680 674
f 14 682 684
f 175 683 682
f 177 684 683
f 682 683 684
f 47 685 687
f 176 686 685
f 175 687 686
f 685 686 687
f 46 688 690
f 177 689 688
f 176 690 689
f 688 689 690
f 175 686 683
f 176 689 686
f 177 683 689
f 686 689 683
f 13 691 693
f 178 692 691
f 180 693 692
f 691 692 693
f 48 694 696
f 179 695 694
f 178 696 695
f 694 695 696
f 47 697 699
f 180 698 697
f 179 699 698
f 697 698 699
f 178 695 692
f 179 698 695
f 180 692 698
f 695 698 692
f 46 690 676
f 176 700 690
f 173 676 700
f 690 700 676
f 47 699 685
f 179 701 699
f 176 685 701
f 699 701 685
f 48 681 694
f 173 702 681
f 179 694 702
f 681 702 694
f 176 701 700
f 179 702 701
f 173 700 702
f 701 702 700
f 6 703 705
f 181 704 703
f 183 705 704
f 703 704 705
f 49 706 708
f 182 707 706
f 181 708 707
f 706 707 708
f 51 709 711
f 183 710 709
f 182 711 710
f 709 710 711
f 181 707 704
f 182 710 707
f 183 704 710
f 707 710 704
f 15 712 714
f 184 713 712
f 186 714 713
f 712 713 714
f 50 715 717
f 185 716 715
f 184 717 716
f 715 716 717
f 49 718 720
f 186 719 718
f 185 720 719
f 718 719 720
f 184 716 713
f 185 719 716
f 186 713 719
f 716 719 713
f 14 721 723
f 187 722 721
f 189 723 722
f 721 722 723
f 51 724 726
f 188 725 724
f 187 726 725
f 724 725 726
f 50 727 729
f 189 728 727
f 188 729 728
f 727 728 729
f 187 725 722
f 188 728 725
f 189 722 728
f 725 728 722
f 49 720 706
f 185 730 720
f 182 706 730
f 720 730 706
f 50 729 715
f 188 731 729
f 185 715 731
f 729 731 715
f 51 711 724
f 182 732 711
f 188 724 732
f 711 732 724
f 185 731 730
f 188 732 731
f 182 730 732
f 731 732 730
f 13 693 652
f 180 733 693
f 166 652 733
f 693 733 652
f 47 734 697
f 190 735 734
f 180 697 735
f 734 735 697
f 44 657 737
f 166 736 657
f 190 737 736
f 657 736 737
f 180 735 733
f 190 736 735
f 166 733 736
f 735 736 733
f 14 723 682
f 189 738 723
f 175 682 738
f 723 738 682
f 50 739 727
f 191 740 739
f 189 727 740
f 739 740 727
f 47 687 742
f 175 741 687
f 191 742 741
f 687 741 742
f 189 740 738
f 191 741 740
f 175 738 741
f 740 741 738
f 15 663 712
f 171 743 663
f 184 712 743
f 663 743 712
f 44 744 667
f 192 745 744
f 171 667 745
f 744 745 667
f 50 717 747
f 184 746 717
f 192 747 746
f 717 746 747
f 171 745 743
f 192 746 745
f 184 743 746
f 745 746 743
f 47 742 734
f 191 748 742
f 190 734 748
f 742 748 734
f 50 747 739
f 192 749 747
f 191 739 749
f 747 749 739
f 44 737 744
f 190 750 737
f 192 744 750
f 737 750 744
f 191 749 748
f 192 750 749
f 190 748 750
f 749 750 748
f 1 645 752
f 165 751 645
f 194 752 751
f 645 751 752
f 45 753 649
f 193 754 753
f 165 649 754
f 753 754 649
f 53 755 757
f 194 756 755
f 193 757 756
f 755 756 757
f 165 754 751
f 193 756 754
f 194 751 756
f 754 756 751
f 15 758 661
f 195 759 758
f 169 661 759
f 758 759 661
f 52 760 762
f 196 761 760
f 195 762 761
f 760 761 762
f 45 666 764
f 169 763 666
f 196 764 763
f 666 763 764
f 195 761 759
f 196 763 761
f 169 759 763
f 761 763 759
f 17 765 767
f 197 766 765
f 199 767 766
f 765 766 767
f 53 768 770
f 198 769 768
f 197 770 769
f 768 769 770
f 52 771 773
f 199 772 771
f 198 773 772
f 771 772 773
f 197 769 766
f 198 772 769
f 199 766 772
f 769 772 766
f 45 764 753
f 196 774 764
f 193 753 774
f 764 774 753
f 52 773 760
f 198 775 773
f 196 760 775
f 773 775 760
f 53 757 768
f 193 776 757
f 198 768 776
f 757 776 768
f 196 775 774
f 198 776 775
f 193 774 776
f 775 776 774
f 6 777 703
f 200 778 777
f 181 703 778
f 777 778 703
f 54 779 781
f 201 780 779
f 200 781 780
f 779 780 781
f 49 708 783
f 181 782 708
f 201 783 782
f 708 782 783
f 200 780 778
f 201 782 780
f 181 778 782
f 780 782 778
f 16 784 786
f 202 785 784
f 204 786 785
f 784 785 786
f 55 787 789
f 203 788 787
f 202 789 788
f 787 788 789
f 54 790 792
f 204 791 790
f 203 792 791
f 790 791 792
f 202 788 785
f 203 791 788
f 204 785 791
f 788 791 785
f 15 714 794
f 186 793 714
f 206 794 793
f 714 793 794
f 49 795 718
f 205 796 795
f 186 718 796
f 795 796 718
f 55 797 799
f 206 798 797
f 205 799 798
f 797 798 799
f 186 796 793
f 205 798 796
f 206 793 798
f 796 798 793
f 54 792 779
f 203 800 792
f 201 779 800
f 792 800 779
f 55 799 787
f 205 801 799
f 203 787 801
f 799 801 787
f 49 783 795
f 201 802 783
f 205 795 802
f 783 802 795
f 203 801 800
f 205 802 801
f 201 800 802
f 801 802 800
f 2 803 805
f 207 804 803
f 209 805 804
f 803 804 805
f 56 806 808
f 208 807 806
f 207 808 807
f 806 807 808
f 58 809 811
f 209 810 809
f 208 811 810
f 809 810 811
f 207 807 804
f 208 810 807
f 209 804 810
f 807 810 804
f 17 812 814
f 210 813 812
f 212 814 813
f 812 813 814
f 57 815 817
f 211 816 815
f 210 817 816
f 815 816 817
f 56 818 820
f 212 819 818
f 211 820 819
f 818 819 820
f 210 816 813
f 211 819 816
f 212 813 819
f 816 819 813
f 16 821 823
f 213 822 821
f 215 823 822
f 821 822 823
f 58 824 826
f 214 825 824
f 213 826 825
f 824 825 826
f 57 827 829
f 215 828 827
f 214 829 828
f 827 828 829
f 213 825 822
f 214 828 825
f 215 822 828
f 825 828 822
f 56 820 806
f 211 830 820
f 208 806 830
f 820 830 806
f 57 829 815
f 214 831 829
f 211 815 831
f 829 831 815
f 58 811 824
f 208 832 811
f 214 824 832
f 811 832 824
f 211 831 830
f 214 832 831
f 208 830 832
f 831 832 830
f 15 794 758
f 206 833 794
f 195 758 833
f 794 833 758
f 55 834 797
f 216 835 834
f 206 797 835
f 834 835 797
f 52 762 837
f 195 836 762
f 216 837 836
f 762 836 837
f 206 835 833
f 216 836 835
f 195 833 836
f 835 836 833
f 16 823 784
f 215 838 823
f 202 784 838
f 823 838 784
f 57 839 827
f 217 840 839
f 215 827 840
f 839 840 827
f 55 789 842
f 202 841 789
f 217 842 841
f 789 841 842
f 215 840 838
f 217 841 840
f 202 838 841
f 840 841 838
f 17 767 812
f 199 843 767
f 210 812 843
f 767 843 812
f 52 844 771
f 218 845 844
f 199 771 845
f 844 845 771
f 57 817 847
f 210 846 817
f 218 847 846
f 817 846 847
f 199 845 843
f 218 846 845
f 210 843 846
f 845 846 843
f 55 842 834
f 217 848 842
f 216 834 848
f 842 848 834
f 57 847 839
f 218 849 847
f 217 839 849
f 847 849 839
f 52 837 844
f 216 850 837
f 218 844 850
f 837 850 844
f 217 849 848
f 218 850 849
f 216 848 850
f 849 850 848
f 1 752 852
f 194 851 752
f 220 852 851
f 752 851 852
f 53 853 755
f 219 854 853
f 194 755 854
f 853 854 755
f 60 855 857
f 220 856 855
f 219 857 856
f 855 856 857
f 194 854 851
f 219 856 854
f 220 851 856
f 854 856 851
f 17 858 765
f 221 859 858
f 197 765 859
f 858 859 765
f 59 860 862
f 222 861 860
f 221 862 861
f 860 861 862
f 53 770 864
f 197 863 770
f 222 864 863
f 770 863 864
f 221 861 859
f 222 863 861
f 197 859 863
f 861 863 859
f 19 865 867
f 223 866 865
f 225 867 866
f 865 866 867
f 60 868 870
f 224 869 868
f 223 870 869
f 868 869 870
f 59 871 873
f 225 872 871
f 224 873 872
f 871 872 873
f 223 869 866
f 224 872 869
f 225 866 872
f 869 872 866
f 53 864 853
f 222 874 864
f 219 853 874
f 864 874 853
f 59 873 860
f 224 875 873
f 222 860 875
f 873 875 860
f 60 857 868
f 219 876 857
f 224 868 876
f 857 876 868
f 222 875 874
f 224 876 875
f 219 874 876
f 875 876 874
f 2 877 803
f 226 878 877
f 207 803 878
f 877 878 803
f 61 879 881
f 227 880 879
f 226 881 880
f 879 880 881
f 56 808 883
f 207 882 808
f 227 883 882
f 808 882 883
f 226 880 878
f 227 882 880
f 207 878 882
f 880 882 878
f 18 884 886
f 228 885 884
f 230 886 885
f 884 885 886
f 62 887 889
f 229 888 887
f 228 889 888
f 887 888 889
f 61 890 892
f 230 891 890
f 229 892 891
f 890 891 892
f 228 888 885
f 229 891 888
f 230 885 891
f 888 891 885
f 17 814 894
f 212 893 814
f 232 894 893
f 814 893 894
f 56 895 818
f 231 896 895
f 212 818 896
f 895 896 818
f 62 897 899
f 232 898 897
f 231 899 898
f 897 898 899
f 212 896 893
f 231 898 896
f 232 893 898
f 896 898 893
f 61 892 879
f 229 900 892
f 227 879 900
f 892 900 879
f 62 899 887
f 231 901 899
f 229 887 901
f 899 901 887
f 56 883 895
f 227 902 883
f 231 895 902
f 883 902 895
f 229 901 900
f 231 902 901
f 227 900 902
f 901 902 900
f 8 903 905
f 233 904 903
f 235 905 904
f 903 904 905
f 63 906 908
f 234 907 906
f 233 908 907
f 906 907 908
f 65 909 911
f 235 910 909
f 234 911 910
f 909 910 911
f 233 907 904
f 234 910 907
f 235 904 910
f 907 910 904
f 19 912 914
f 236 913 912
f 238 914 913
f 912 913 914
f 64 915 917
f 237 916 915
f 236 917 916
f 915 916 917
f 63 918 920
f 238 919 918
f 237 920 919
f 918 919 920
f 236 916 913
f 237 919 916
f 238 913 919
f 916 919 913
f 18 921 923
f 239 922 921
f 241 923 922
f 921 922 923
f 65 924 926
f 240 925 924
f 239 926 925
f 924 925 926
f 64 927 929
f 241 928 927
f 240 929 928
f 927 928 929
f 239 925 922
f 240 928 925
f 241 922 928
f 925 928 922
f 63 920 906
f 237 930 920
f 234 906 930
f 920 930 906
f 64 929 915
f 240 931 929
f 237 915 931
f 929 931 915
f 65 911 924
f 234 932 911
f 240 924 932
f 911 932 924
f 237 931 930
f 240 932 931
f 234 930 932
f 931 932 930
f 17 894 858
f 232 933 894
f 221 858 933
f 894 933 858
f 62 934 897
f 242 935 934
f 232 897 935
f 934 935 897
f 59 862 937
f 221 936 862
f 242 937 936
f 862 936 937
f 232 935 933
f 242 936 935
f 221 933 936
f 935 936 933
f 18 923 884
f 241 938 923
f 228 884 938
f 923 938 884
f 64 939 927
f 243 940 939
f 241 927 940
f 939 940 927
f 62 889 942
f 228 941 889
f 243 942 941
f 889 941 942
f 241 940 938
f 243 941 940
f 228 938 941
f 940 941 938
f 19 867 912
f 225 943 867
f 236 912 943
f 867 943 912
f 59 944 871
f 244 945 944
f 225 871 945
f 944 945 871
f 64 917 947
f 236 946 917
f 244 947 946
f 917 946 947
f 225 945 943
f 244 946 945
f 236 943 946
f 945 946 943
f 62 942 934
f 243 948 942
f 242 934 948
f 942 948 934
f 64 947 939
f 244 949 947
f 243 939 949
f 947 949 939
f 59 937 944
f 242 950 937
f 244 944 950
f 937 950 944
f 243 949 948
f 244 950 949
f 242 948 950
f 949 950 948
f 1 852 952
f 220 951 852
f 246 952 951
f 852 951 952
f 60 953 855
f 245 954 953
f 220 855 954
f 953 954 855
f 67 955 957
f 246 956 955
f 245 957 956
f 955 956 957
f 220 954 951
f 245 956 954
f 246 951 956
f 954 956 951
f 19 958 865
f 247 959 958
f 223 865 959
f 958 959 865
f 66 960 962
f 248 961 960
f 247 962 961
f 960 961 962
f 60 870 964
f 223 963 870
f 248 964 963
f 870 963 964
f 247 961 959
f 248 963 961
f 223 959 963
f 961 963 959
f 21 965 967
f 249 966 965
f 251 967 966
f 965 966 967
f 67 968 970
f 250 969 968
f 249 970 969
f 968 969 970
f 66 971 973
f 251 972 971
f 250 973 972
f 971 972 973
f 249 969 966
f 250 972 969
f 251 966 972
f 969 972 966
f 60 964 953
f 248 974 964
f 245 953 974
f 964 974 953
f 66 973 960
f 250 975 973
f 248 960 975
f 973 975 960
f 67 957 968
f 245 976 957
f 250 968 976
f 957 976 968
f 248 975 974
f 250 976 975
f 245 974 976
f 975 976 974
f 8 977 903
f 252 978 977
f 233 903 978
f 977 978 903
f 68 979 981
f 253 980 979
f 252 981 980
f 979 980 981
f 63 908 983
f 233 982 908
f 253 983 982
f 908 982 983
f 252 980 978
f 253 982 980
f 233 978 982
f 980 982 978
f 20 984 986
f 254 985 984
f 256 986 985
f 984 985 986
f 69 987 989
f 255 988 987
f 254 989 988
f 987 988 989
f 68 990 992
f 256 991 990
f 255 992 991
f 990 991 992
f 254 988 985
f 255 991 988
f 256 985 991
f 988 991 985
f 19 914 994
f 238 993 914
f 258 994 993
f 914 993 994
f 63 995 918
f 257 996 995
f 238 918 996
f 995 996 918
f 69 997 999
f 258 998 997
f 257 999 998
f 997 998 999
f 238 996 993
f 257 998 996
f 258 993 998
f 996 998 993
f 68 992 979
f 255 1000 992
f 253 979 1000
f 992 1000 979
f 69 999 987
f 257 1001 999
f 255 987 1001
f 999 1001 987
f 63 983 995
f 253 1002 983
f 257 995 1002
f 983 1002 995
f 255 1001 1000
f 257 1002 1001
f 253 1000 1002
f 1001 1002 1000
f 11 1003 1005
f 259 1004 1003
f 261 1005 1004
f 1003 1004 1005
f 70 1006 1008
f 260 1007 1006
f 259 1008 1007
f 1006 1007 1008
f 72 1009 1011
f 261 1010 1009
f 260 1011 1010
f 1009 1010 1011
f 259 1007 1004
f 260 1010 1007
f 261 1004 1010
f 1007 1010 1004
f 21 1012 1014
f 262 1013 1012
f 264 1014 1013
f 1012 1013 1014
f 71 1015 1017
f 263 1016 1015
f 262 1017 1016
f 1015 1016 1017
f 70 1018 1020
f 264 1019 1018
f 263 1020 1019
f 1018 1019 1020
f 262 1016 1013
f 263 1019 1016
f 264 1013 1019
f 1016 1019 1013
f 20 1021 1023
f 265 1022 1021
f 267 1023 1022
f 1021 1022 1023
f 72 1024 1026
f 266 1025 1024
f 265 1026 1025
f 1024 1025 1026
f 71 1027 1029
f 267 1028 1027
f 266 1029 1028
f 1027 1028 1029
f 265 1025 1022
f 266 1028 1025
f 267 1022 1028
f 1025 1028 1022
f 70 1020 1006
f 263 1030 1020
f 260 1006 1030
f 1020 1030 1006
f 71 1029 1015
f 266 1031 1029
f 263 1015 1031
f 1029 1031 1015
f 72 1011 1024
f 260 1032 1011
f 266 1024 1032
f 1011 1032 1024
f 263 1031 1030
f 266 1032 1031
f 260 1030 1032
f 1031 1032 1030
f 19 994 958
f 258 1033 994
f 247 958 1033
f 994 1033 958
f 69 1034 997
f 268 1035 1034
f 258 997 1035
f 1034 1035 997
f 66 962 1037
f 247 1036 962
f 268 1037 1036
f 962 1036 1037
f 258 1035 1033
f 268 1036 1035
f 247 1033 1036
f 1035 1036 1033
f 20 1023 984
f 267 1038 1023
f 254 984 1038
f 1023 1038 984
f 71 1039 1027
f 269 1040 1039
f 267 1027 1040
f 1039 1040 1027
f 69 989 1042
f 254 1041 989
f 269 1042 1041
f 989 1041 1042
f 267 1040 1038
f 269 1041 1040
f 254 1038 1041
f 1040 1041 1038
f 21 967 1012
f 251 1043 967
f 262 1012 1043
f 967 1043 1012
f 66 1044 971
f 270 1045 1044
f 251 971 1045
f 1044 1045 971
f 71 1017 1047
f 262 1046 1017
f 270 1047 1046
f 1017 1046 1047
f 251 1045 1043
f 270 1046 1045
f 262 1043 1046
f 1045 1046 1043
f 69 1042 1034
f 269 1048 1042
f 268 1034 1048
f 1042 1048 1034
f 71 1047 1039
f 270 1049 1047
f 269 1039 1049
f 1047 1049 1039
f 66 1037 1044
f 268 1050 1037
f 270 1044 1050
f 1037 1050 1044
f 269 1049 1048
f 270 1050 1049
f 268 1048 1050
f 1049 1050 1048
f 1 952 643
f 246 1051 952
f 163 643 1051
f 952 1051 643
f 67 1052 955
f 271 1053 1052
f 246 955 1053
f 1052 1053 955
f 43 648 1055
f 163 1054 648
f 271 1055 1054
f 648 1054 1055
f 246 1053 1051
f 271 1054 1053
f 163 1051 1054
f 1053 1054 1051
f 21 1056 965
f 272 1057 1056
f 249 965 1057
f 1056 1057 965
f 73 1058 1060
f 273 1059 1058
f 272 1060 1059
f 1058 1059 1060
f 67 970 1062
f 249 1061 970
f 273 1062 1061
f 970 1061 1062
f 272 1059 1057
f 273 1061 1059
f 249 1057 1061
f 1059 1061 1057
f 13 654 1064
f 168 1063 654
f 275 1064 1063
f 654 1063 1064
f 43 1065 658
f 274 1066 1065
f 168 658 1066
f 1065 1066 658
f 73 1067 1069
f 275 1068 1067
f 274 1069 1068
f 1067 1068 1069
f 168 1066 1063
f 274 1068 1066
f 275 1063 1068
f 1066 1068 1063
f 67 1062 1052
f 273 1070 1062
f 271 1052 1070
f 1062 1070 1052
f 73 1069 1058
f 274 1071 1069
f 273 1058 1071
f 1069 1071 1058
f 43 1055 1065
f 271 1072 1055
f 274 1065 1072
f 1055 1072 1065
f 273 1071 1070
f 274 1072 1071
f 271 1070 1072
f 1071 1072 1070
f 11 1073 1003
f 276 1074 1073
f 259 1003 1074
f 1073 1074 1003
f 74 1075 1077
f 277 1076 1075
f 276 1077 1076
f 1075 1076 1077
f 70 1008 1079
f 259 1078 1008
f 277 1079 1078
f 1008 1078 1079
f 276 1076 1074
f 277 1078 1076
f 259 1074 1078
f 1076 1078 1074
f 22 1080 1082
f 278 1081 1080
f 280 1082 1081
f 1080 1081 1082
f 75 1083 1085
f 279 1084 1083
f 278 1085 1084
f 1083 1084 1085
f 74 1086 1088
f 280 1087 1086
f 279 1088 1087
f 1086 1087 1088
f 278 1084 1081
f 279 1087 1084
f 280 1081 1087
f 1084 1087 1081
f 21 1014 1090
f 264 1089 1014
f 282 1090 1089
f 1014 1089 1090
f 70 1091 1018
f 281 1092 1091
f 264 1018 1092
f 1091 1092 1018
f 75 1093 1095
f 282 1094 1093
f 281 1095 1094
f 1093 1094 1095
f 264 1092 1089
f 281 1094 1092
f 282 1089 1094
f 1092 1094 1089
f 74 1088 1075
f 279 1096 1088
f 277 1075 1096
f 1088 1096 1075
f 75 1095 1083
f 281 1097 1095
f 279 1083 1097
f 1095 1097 1083
f 70 1079 1091
f 277 1098 1079
f 281 1091 1098
f 1079 1098 1091
f 279 1097 1096
f 281 1098 1097
f 277 1096 1098
f 1097 1098 1096
f 12 675 1100
f 174 1099 675
f 284 1100 1099
f 675 1099 1100
f 48 1101 679
f 283 1102 1101
f 174 679 1102
f 1101 1102 679
f 77 1103 1105
f 284 1104 1103
f 283 1105 1104
f 1103 1104 1105
f 174 1102 1099
f 283 1104 1102
f 284 1099 1104
f 1102 1104 1099
f 13 1106 691
f 285 1107 1106
f 178 691 1107
f 1106 1107 691
f 76 1108 1110
f 286 1109 1108
f 285 1110 1109
f 1108 1109 1110
f 48 696 1112
f 178 1111 696
f 286 1112 1111
f 696 1111 1112
f 285 1109 1107
f 286 1111 1109
f 178 1107 1111
f 1109 1111 1107
f 22 1113 1115
f 287 1114 1113
f 289 1115 1114
f 1113 1114 1115
f 77 1116 1118
f 288 1117 1116
f 287 1118 1117
f 1116 1117 1118
f 76 1119 1121
f 289 1120 1119
f 288 1121 1120
f 1119 1120 1121
f 287 1117 1114
f 288 1120 1117
f 289 1114 1120
f 1117 1120 1114
f 48 1112 1101
f 286 1122 1112
f 283 1101 1122
f 1112 1122 1101
f 76 1121 1108
f 288 1123 1121
f 286 1108 1123
f 1121 1123 1108
f 77 1105 1116
f 283 1124 1105
f 288 1116 1124
f 1105 1124 1116
f 286 1123 1122
f 288 1124 1123
f 283 1122 1124
f 1123 1124 1122
f 21 1090 1056
f 282 1125 1090
f 272 1056 1125
f 1090 1125 1056
f 75 1126 1093
f 290 1127 1126
f 282 1093 1127
f 1126 1127 1093
f 73 1060 1129
f 272 1128 1060
f 290 1129 1128
f 1060 1128 1129
f 282 1127 1125
f 290 1128 1127
f 272 1125 1128
f 1127 1128 1125
f 22 1115 1080
f 289 1130 1115
f 278 1080 1130
f 1115 1130 1080
f 76 1131 1119
f 291 1132 1131
f 289 1119 1132
f 1131 1132 1119
f 75 1085 1134
f 278 1133 1085
f 291 1134 1133
f 1085 1133 1134
f 289 1132 1130
f 291 1133 1132
f 278 1130 1133
f 1132 1133 1130
f 13 1064 1106
f 275 1135 1064
f 285 1106 1135
f 1064 1135 1106
f 73 1136 1067
f 292 1137 1136
f 275 1067 1137
f 1136 1137 1067
f 76 1110 1139
f 285 1138 1110
f 292 1139 1138
f 1110 1138 1139
f 275 1137 1135
f 292 1138 1137
f 285 1135 1138
f 1137 1138 1135
f 75 1134 1126
f 291 1140 1134
f 290 1126 1140
f 1134 1140 1126
f 76 1139 1131
f 292 1141 1139
f 291 1131 1141
f 1139 1141 1131
f 73 1129 1136
f 290 1142 1129
f 292 1136 1142
f 1129 1142 1136
f 291 1141 1140
f 292 1142 1141
f 290 1140 1142
f 1141 1142 1140
f 2 805 1144
f 209 1143 805
f 294 1144 1143
f 805 1143 1144
f 58 1145 809
f 293 1146 1145
f 209 809 1146
f 1145 1146 809
f 79 1147 1149
f 294 1148 1147
f 293 1149 1148
f 1147 1148 1149
f 209 1146 1143
f 293 1148 1146
f 294 1143 1148
f 1146 1148 1143
f 16 1150 821
f 295 1151 1150
f 213 821 1151
f 1150 1151 821
f 78 1152 1154
f 296 1153 1152
f 295 1154 1153
f 1152 1153 1154
f 58 826 1156
f 213 1155 826
f 296 1156 1155
f 826 1155 1156
f 295 1153 1151
f 296 1155 1153
f 213 1151 1155
f 1153 1155 1151
f 24 1157 1159
f 297 1158 1157
f 299 1159 1158
f 1157 1158 1159
f 79 1160 1162
f 298 1161 1160
f 297 1162 1161
f 1160 1161 1162
f 78 1163 1165
f 299 1164 1163
f 298 1165 1164
f 1163 1164 1165
f 297 1161 1158
f 298 1164 1161
f 299 1158 1164
f 1161 1164 1158
f 58 1156 1145
f 296 1166 1156
f 293 1145 1166
f 1156 1166 1145
f 78 1165 1152
f 298 1167 1165
f 296 1152 1167
f 1165 1167 1152
f 79 1149 1160
f 293 1168 1149
f 298 1160 1168
f 1149 1168 1160
f 296 1167 1166
f 298 1168 1167
f 293 1166 1168
f 1167 1168 1166
f 6 1169 777
f 300 1170 1169
f 200 777 1170
f 1169 1170 777
f 80 1171 1173
f 301 1172 1171
f 300 1173 1172
f 1171 1172 1173
f 54 781 1175
f 200 1174 781
f 301 1175 1174
f 781 1174 1175
f 300 1172 1170
f 301 1174 1172
f 200 1170 1174
f 1172 1174 1170
f 23 1176 1178
f 302 1177 1176
f 304 1178 1177
f 1176 1177 1178
f 81 1179 1181
f 303 1180 1179
f 302 1181 1180
f 1179 1180 1181
f 80 1182 1184
f 304 1183 1182
f 303 1184 1183
f 1182 1183 1184
f 302 1180 1177
f 303 1183 1180
f 304 1177 1183
f 1180 1183 1177
f 16 786 1186
f 204 1185 786
f 306 1186 1185
f 786 1185 1186
f 54 1187 790
f 305 1188 1187
f 204 790 1188
f 1187 1188 790
f 81 1189 1191
f 306 1190 1189
f 305 1191 1190
f 1189 1190 1191
f 204 1188 1185
f 305 1190 1188
f 306 1185 1190
f 1188 1190 1185
f 80 1184 1171
f 303 1192 1184
f 301 1171 1192
f 1184 1192 1171
f 81 1191 1179
f 305 1193 1191
f 303 1179 1193
f 1191 1193 1179
f 54 1175 1187
f 301 1194 1175
f 305 1187 1194
f 1175 1194 1187
f 303 1193 1192
f 305 1194 1193
f 301 1192 1194
f 1193 1194 1192
f 10 1195 1197
f 307 1196 1195
f 309 1197 1196
f 1195 1196 1197
f 82 1198 1200
f 308 1199 1198
f 307 1200 1199
f 1198 1199 1200
f 84 1201 1203
f 309 1202 1201
f 308 1203 1202
f 1201 1202 1203
f 307 1199 1196
f 308 1202 1199
f 309 1196 1202
f 1199 1202 1196
f 24 1204 1206
f 310 1205 1204
f 312 1206 1205
f 1204 1205 1206
f 83 1207 1209
f 311 1208 1207
f 310 1209 1208
f 1207 1208 1209
f 82 1210 1212
f 312 1211 1210
f 311 1212 1211
f 1210 1211 1212
f 310 1208 1205
f 311 1211 1208
f 312 1205 1211
f 1208 1211 1205
f 23 1213 1215
f 313 1214 1213
f 315 1215 1214
f 1213 1214 1215
f 84 1216 1218
f 314 1217 1216
f 313 1218 1217
f 1216 1217 1218
f 83 1219 1221
f 315 1220 1219
f 314 1221 1220
f 1219 1220 1221
f 313 1217 1214
f 314 1220 1217
f 315 1214 1220
f 1217 1220 1214
f 82 1212 1198
f 311 1222 1212
f 308 1198 1222
f 1212 1222 1198
f 83 1221 1207
f 314 1223 1221
f 311 1207 1223
f 1221 1223 1207
f 84 1203 1216
f 308 1224 1203
f 314 1216 1224
f 1203 1224 1216
f 311 1223 1222
f 314 1224 1223
f 308 1222 1224
f 1223 1224 1222
f 16 1186 1150
f 306 1225 1186
f 295 1150 1225
f 1186 1225 1150
f 81 1226 1189
f 316 1227 1226
f 306 1189 1227
f 1226 1227 1189
f 78 1154 1229
f 295 1228 1154
f 316 1229 1228
f 1154 1228 1229
f 306 1227 1225
f 316 1228 1227
f 295 1225 1228
f 1227 1228 1225
f 23 1215 1176
f 315 1230 1215
f 302 1176 1230
f 1215 1230 1176
f 83 1231 1219
f 317 1232 1231
f 315 1219 1232
f 1231 1232 1219
f 81 1181 1234
f 302 1233 1181
f 317 1234 1233
f 1181 1233 1234
f 315 1232 1230
f 317 1233 1232
f 302 1230 1233
f 1232 1233 1230
f 24 1159 1204
f 299 1235 1159
f 310 1204 1235
f 1159 1235 1204
f 78 1236 1163
f 318 1237 1236
f 299 1163 1237
f 1236 1237 1163
f 83 1209 1239
f 310 1238 1209
f 318 1239 1238
f 1209 1238 1239
f 299 1237 1235
f 318 1238 1237
f 310 1235 1238
f 1237 1238 1235
f 81 1234 1226
f 317 1240 1234
f 316 1226 1240
f 1234 1240 1226
f 83 1239 1231
f 318 1241 1239
f 317 1231 1241
f 1239 1241 1231
f 78 1229 1236
f 316 1242 1229
f 318 1236 1242
f 1229 1242 1236
f 317 1241 1240
f 318 1242 1241
f 316 1240 1242
f 1241 1242 1240
f 6 705 1244
f 183 1243 705
f 320 1244 1243
f 705 1243 1244
f 51 1245 709
f 319 1246 1245
f 183 709 1246
f 1245 1246 709
f 86 1247 1249
f 320 1248 1247
f 319 1249 1248
f 1247 1248 1249
f 183 1246 1243
f 319 1248 1246
f 320 1243 1248
f 1246 1248 1243
f 14 1250 721
f 321 1251 1250
f 187 721 1251
f 1250 1251 721
f 85 1252 1254
f 322 1253 1252
f 321 1254 1253
f 1252 1253 1254
f 51 726 1256
f 187 1255 726
f 322 1256 1255
f 726 1255 1256
f 321 1253 1251
f 322 1255 1253
f 187 1251 1255
f 1253 1255 1251
f 26 1257 1259
f 323 1258 1257
f 325 1259 1258
f 1257 1258 1259
f 86 1260 1262
f 324 1261 1260
f 323 1262 1261
f 1260 1261 1262
f 85 1263 1265
f 325 1264 1263
f 324 1265 1264
f 1263 1264 1265
f 323 1261 1258
f 324 1264 1261
f 325 1258 1264
f 1261 1264 1258
f 51 1256 1245
f 322 1266 1256
f 319 1245 1266
f 1256 1266 1245
f 85 1265 1252
f 324 1267 1265
f 322 1252 1267
f 1265 1267 1252
f 86 1249 1260
f 319 1268 1249
f 324 1260 1268
f 1249 1268 1260
f 322 1267 1266
f 324 1268 1267
f 319 1266 1268
f 1267 1268 1266
f 12 1269 673
f 326 1270 1269
f 172 673 1270
f 1269 1270 673
f 87 1271 1273
f 327 1272 1271
f 326 1273 1272
f 1271 1272 1273
f 46 678 1275
f 172 1274 678
f 327 1275 1274
f 678 1274 1275
f 326 1272 1270
f 327 1274 1272
f 172 1270 1274
f 1272 1274 1270
f 25 1276 1278
f 328 1277 1276
f 330 1278 1277
f 1276 1277 1278
f 88 1279 1281
f 329 1280 1279
f 328 1281 1280
f 1279 1280 1281
f 87 1282 1284
f 330 1283 1282
f 329 1284 1283
f 1282 1283 1284
f 328 1280 1277
f 329 1283 1280
f 330 1277 1283
f 1280 1283 1277
f 14 684 1286
f 177 1285 684
f 332 1286 1285
f 684 1285 1286
f 46 1287 688
f 331 1288 1287
f 177 688 1288
f 1287 1288 688
f 88 1289 1291
f 332 1290 1289
f 331 1291 1290
f 1289 1290 1291
f 177 1288 1285
f 331 1290 1288
f 332 1285 1290
f 1288 1290 1285
f 87 1284 1271
f 329 1292 1284
f 327 1271 1292
f 1284 1292 1271
f 88 1291 1279
f 331 1293 1291
f 329 1279 1293
f 1291 1293 1279
f 46 1275 1287
f 327 1294 1275
f 331 1287 1294
f 1275 1294 1287
f 329 1293 1292
f 331 1294 1293
f 327 1292 1294
f 1293 1294 1292
f 5 1295 1297
f 333 1296 1295
f 335 1297 1296
f 1295 1296 1297
f 89 1298 1300
f 334 1299 1298
f 333 1300 1299
f 1298 1299 1300
f 91 1301 1303
f 335 1302 1301
f 334 1303 1302
f 1301 1302 1303
f 333 1299 1296
f 334 1302 1299
f 335 1296 1302
f 1299 1302 1296
f 26 1304 1306
f 336 1305 1304
f 338 1306 1305
f 1304 1305 1306
f 90 1307 1309
f 337 1308 1307
f 336 1309 1308
f 1307 1308 1309
f 89 1310 1312
f 338 1311 1310
f 337 1312 1311
f 1310 1311 1312
f 336 1308 1305
f 337 1311 1308
f 338 1305 1311
f 1308 1311 1305
f 25 1313 1315
f 339 1314 1313
f 341 1315 1314
f 1313 1314 1315
f 91 1316 1318
f 340 1317 1316
f 339 1318 1317
f 1316 1317 1318
f 90 1319 1321
f 341 1320 1319
f 340 1321 1320
f 1319 1320 1321
f 339 1317 1314
f 340 1320 1317
f 341 1314 1320
f 1317 1320 1314
f 89 1312 1298
f 337 1322 1312
f 334 1298 1322
f 1312 1322 1298
f 90 1321 1307
f 340 1323 1321
f 337 1307 1323
f 1321 1323 1307
f 91 1303 1316
f 334 1324 1303
f 340 1316 1324
f 1303 1324 1316
f 337 1323 1322
f 340 1324 1323
f 334 1322 1324
f 1323 1324 1322
f 14 1286 1250
f 332 1325 1286
f 321 1250 1325
f 1286 1325 1250
f 88 1326 1289
f 342 1327 1326
f 332 1289 1327
f 1326 1327 1289
f 85 1254 1329
f 321 1328 1254
f 342 1329 1328
f 1254 1328 1329
f 332 1327 1325
f 342 1328 1327
f 321 1325 1328
f 1327 1328 1325
f 25 1315 1276
f 341 1330 1315
f 328 1276 1330
f 1315 1330 1276
f 90 1331 1319
f 343 1332 1331
f 341 1319 1332
f 1331 1332 1319
f 88 1281 1334
f 328 1333 1281
f 343 1334 1333
f 1281 1333 1334
f 341 1332 1330
f 343 1333 1332
f 328 1330 1333
f 1332 1333 1330
f 26 1259 1304
f 325 1335 1259
f 336 1304 1335
f 1259 1335 1304
f 85 1336 1263
f 344 1337 1336
f 325 1263 1337
f 1336 1337 1263
f 90 1309 1339
f 336 1338 1309
f 344 1339 1338
f 1309 1338 1339
f 325 1337 1335
f 344 1338 1337
f 336 1335 1338
f 1337 1338 1335
f 88 1334 1326
f 343 1340 1334
f 342 1326 1340
f 1334 1340 1326
f 90 1339 1331
f 344 1341 1339
f 343 1331 1341
f 1339 1341 1331
f 85 1329 1336
f 342 1342 1329
f 344 1336 1342
f 1329 1342 1336
f 343 1341 1340
f 344 1342 1341
f 342 1340 1342
f 1341 1342 1340
f 12 1100 1344
f 284 1343 1100
f 346 1344 1343
f 1100 1343 1344
f 77 1345 1103
f 345 1346 1345
f 284 1103 1346
f 1345 1346 1103
f 93 1347 1349
f 346 1348 1347
f 345 1349 1348
f 1347 1348 1349
f 284 1346 1343
f 345 1348 1346
f 346 1343 1348
f 1346 1348 1343
f 22 1350 1113
f 347 1351 1350
f 287 1113 1351
f 1350 1351 1113
f 92 1352 1354
f 348 1353 1352
f 347 1354 1353
f 1352 1353 1354
f 77 1118 1356
f 287 1355 1118
f 348 1356 1355
f 1118 1355 1356
f 347 1353 1351
f 348 1355 1353
f 287 1351 1355
f 1353 1355 1351
f 28 1357 1359
f 349 1358 1357
f 351 1359 1358
f 1357 1358 1359
f 93 1360 1362
f 350 1361 1360
f 349 1362 1361
f 1360 1361 1362
f 92 1363 1365
f 351 1364 1363
f 350 1365 1364
f 1363 1364 1365
f 349 1361 1358
f 350 1364 1361
f 351 1358 1364
f 1361 1364 1358
f 77 1356 1345
f 348 1366 1356
f 345 1345 1366
f 1356 1366 1345
f 92 1365 1352
f 350 1367 1365
f 348 1352 1367
f 1365 1367 1352
f 93 1349 1360
f 345 1368 1349
f 350 1360 1368
f 1349 1368 1360
f 348 1367 1366
f 350 1368 1367
f 345 1366 1368
f 1367 1368 1366
f 11 1369 1073
f 352 1370 1369
f 276 1073 1370
f 1369 1370 1073
f 94 1371 1373
f 353 1372 1371
f 352 1373 1372
f 1371 1372 1373
f 74 1077 1375
f 276 1374 1077
f 353 1375 1374
f 1077 1374 1375
f 352 1372 1370
f 353 1374 1372
f 276 1370 1374
f 1372 1374 1370
f 27 1376 1378
f 354 1377 1376
f 356 1378 1377
f 1376 1377 1378
f 95 1379 1381
f 355 1380 1379
f 354 1381 1380
f 1379 1380 1381
f 94 1382 1384
f 356 1383 1382
f 355 1384 1383
f 1382 1383 1384
f 354 1380 1377
f 355 1383 1380
f 356 1377 1383
f 1380 1383 1377
f 22 1082 1386
f 280 1385 1082
f 358 1386 1385
f 1082 1385 1386
f 74 1387 1086
f 357 1388 1387
f 280 1086 1388
f 1387 1388 1086
f 95 1389 1391
f 358 1390 1389
f 357 1391 1390
f 1389 1390 1391
f 280 1388 1385
f 357 1390 1388
f 358 1385 1390
f 1388 1390 1385
f 94 1384 1371
f 355 1392 1384
f 353 1371 1392
f 1384 1392 1371
f 95 1391 1379
f 357 1393 1391
f 355 1379 1393
f 1391 1393 1379
f 74 1375 1387
f 353 1394 1375
f 357 1387 1394
f 1375 1394 1387
f 355 1393 1392
f 357 1394 1393
f 353 1392 1394
f 1393 1394 1392
f 3 1395 1397
f 359 1396 1395
f 361 1397 1396
f 1395 1396 1397
f 96 1398 1400
f 360 1399 1398
f 359 1400 1399
f 1398 1399 1400
f 98 1401 1403
f 361 1402 1401
f 360 1403 1402
f 1401 1402 1403
f 359 1399 1396
f 360 1402 1399
f 361 1396 1402
f 1399 1402 1396
f 28 1404 1406
f 362 1405 1404
f 364 1406 1405
f 1404 1405 1406
f 97 1407 1409
f 363 1408 1407
f 362 1409 1408
f 1407 1408 1409
f 96 1410 1412
f 364 1411 1410
f 363 1412 1411
f 1410 1411 1412
f 362 1408 1405
f 363 1411 1408
f 364 1405 1411
f 1408 1411 1405
f 27 1413 1415
f 365 1414 1413
f 367 1415 1414
f 1413 1414 1415
f 98 1416 1418
f 366 1417 1416
f 365 1418 1417
f 1416 1417 1418
f 97 1419 1421
f 367 1420 1419
f 366 1421 1420
f 1419 1420 1421
f 365 1417 1414
f 366 1420 1417
f 367 1414 1420
f 1417 1420 1414
f 96 1412 1398
f 363 1422 1412
f 360 1398 1422
f 1412 1422 1398
f 97 1421 1407
f 366 1423 1421
f 363 1407 1423
f 1421 1423 1407
f 98 1403 1416
f 360 1424 1403
f 366 1416 1424
f 1403 1424 1416
f 363 1423 1422
f 366 1424 1423
f 360 1422 1424
f 1423 1424 1422
f 22 1386 1350
f 358 1425 1386
f 347 1350 1425
f 1386 1425 1350
f 95 1426 1389
f 368 1427 1426
f 358 1389 1427
f 1426 1427 1389
f 92 1354 1429
f 347 1428 1354
f 368 1429 1428
f 1354 1428 1429
f 358 1427 1425
f 368 1428 1427
f 347 1425 1428
f 1427 1428 1425
f 27 1415 1376
f 367 1430 1415
f 354 1376 1430
f 1415 1430 1376
f 97 1431 1419
f 369 1432 1431
f 367 1419 1432
f 1431 1432 1419
f 95 1381 1434
f 354 1433 1381
f 369 1434 1433
f 1381 1433 1434
f 367 1432 1430
f 369 1433 1432
f 354 1430 1433
f 1432 1433 1430
f 28 1359 1404
f 351 1435 1359
f 362 1404 1435
f 1359 1435 1404
f 92 1436 1363
f 370 1437 1436
f 351 1363 1437
f 1436 1437 1363
f 97 1409 1439
f 362 1438 1409
f 370 1439 1438
f 1409 1438 1439
f 351 1437 1435
f 370 1438 1437
f 362 1435 1438
f 1437 1438 1435
f 95 1434 1426
f 369 1440 1434
f 368 1426 1440
f 1434 1440 1426
f 97 1439 1431
f 370 1441 1439
f 369 1431 1441
f 1439 1441 1431
f 92 1429 1436
f 368 1442 1429
f 370 1436 1442
f 1429 1442 1436
f 369 1441 1440
f 370 1442 1441
f 368 1440 1442
f 1441 1442 1440
f 11 1005 1444
f 261 1443 1005
f 372 1444 1443
f 1005 1443 1444
f 72 1445 1009
f 371 1446 1445
f 261 1009 1446
f 1445 1446 1009
f 100 1447 1449
f 372 1448 1447
f 371 1449 1448
f 1447 1448 1449
f 261 1446 1443
f 371 1448 1446
f 372 1443 1448
f 1446 1448 1443
f 20 1450 1021
f 373 1451 1450
f 265 1021 1451
f 1450 1451 1021
f 99 1452 1454
f 374 1453 1452
f 373 1454 1453
f 1452 1453 1454
f 72 1026 1456
f 265 1455 1026
f 374 1456 1455
f 1026 1455 1456
f 373 1453 1451
f 374 1455 1453
f 265 1451 1455
f 1453 1455 1451
f 30 1457 1459
f 375 1458 1457
f 377 1459 1458
f 1457 1458 1459
f 100 1460 1462
f 376 1461 1460
f 375 1462 1461
f 1460 1461 1462
f 99 1463 1465
f 377 1464 1463
f 376 1465 1464
f 1463 1464 1465
f 375 1461 1458
f 376 1464 1461
f 377 1458 1464
f 1461 1464 1458
f 72 1456 1445
f 374 1466 1456
f 371 1445 1466
f 1456 1466 1445
f 99 1465 1452
f 376 1467 1465
f 374 1452 1467
f 1465 1467 1452
f 100 1449 1460
f 371 1468 1449
f 376 1460 1468
f 1449 1468 1460
f 374 1467 1466
f 376 1468 1467
f 371 1466 1468
f 1467 1468 1466
f 8 1469 977
f 378 1470 1469
f 252 977 1470
f 1469 1470 977
f 101 1471 1473
f 379 1472 1471
f 378 1473 1472
f 1471 1472 1473
f 68 981 1475
f 252 1474 981
f 379 1475 1474
f 981 1474 1475
f 378 1472 1470
f 379 1474 1472
f 252 1470 1474
f 1472 1474 1470
f 29 1476 1478
f 380 1477 1476
f 382 1478 1477
f 1476 1477 1478
f 102 1479 1481
f 381 1480 1479
f 380 1481 1480
f 1479 1480 1481
f 101 1482 1484
f 382 1483 1482
f 381 1484 1483
f 1482 1483 1484
f 380 1480 1477
f 381 1483 1480
f 382 1477 1483
f 1480 1483 1477
f 20 986 1486
f 256 1485 986
f 384 1486 1485
f 986 1485 1486
f 68 1487 990
f 383 1488 1487
f 256 990 1488
f 1487 1488 990
f 102 1489 1491
f 384 1490 1489
f 383 1491 1490
f 1489 1490 1491
f 256 1488 1485
f 383 1490 1488
f 384 1485 1490
f 1488 1490 1485
f 101 1484 1471
f 381 1492 1484
f 379 1471 1492
f 1484 1492 1471
f 102 1491 1479
f 383 1493 1491
f 381 1479 1493
f 1491 1493 1479
f 68 1475 1487
f 379 1494 1475
f 383 1487 1494
f 1475 1494 1487
f 381 1493 1492
f 383 1494 1493
f 379 1492 1494
f 1493 1494 1492
f 7 1495 1497
f 385 1496 1495
f 387 1497 1496
f 1495 1496 1497
f 103 1498 1500
f 386 1499 1498
f 385 1500 1499
f 1498 1499 1500
f 105 1501 1503
f 387 1502 1501
f 386 1503 1502
f 1501 1502 1503
f 385 1499 1496
f 386 1502 1499
f 387 1496 1502
f 1499 1502 1496
f 30 1504 1506
f 388 1505 1504
f 390 1506 1505
f 1504 1505 1506
f 104 1507 1509
f 389 1508 1507
f 388 1509 1508
f 1507 1508 1509
f 103 1510 1512
f 390 1511 1510
f 389 1512 1511
f 1510 1511 1512
f 388 1508 1505
f 389 1511 1508
f 390 1505 1511
f 1508 1511 1505
f 29 1513 1515
f 391 1514 1513
f 393 1515 1514
f 1513 1514 1515
f 105 1516 1518
f 392 1517 1516
f 391 1518 1517
f 1516 1517 1518
f 104 1519 1521
f 393 1520 1519
f 392 1521 1520
f 1519 1520 1521
f 391 1517 1514
f 392 1520 1517
f 393 1514 1520
f 1517 1520 1514
f 103 1512 1498
f 389 1522 1512
f 386 1498 1522
f 1512 1522 1498
f 104 1521 1507
f 392 1523 1521
f 389 1507 1523
f 1521 1523 1507
f 105 1503 1516
f 386 1524 1503
f 392 1516 1524
f 1503 1524 1516
f 389 1523 1522
f 392 1524 1523
f 386 1522 1524
f 1523 1524 1522
f 20 1486 1450
f 384 1525 1486
f 373 1450 1525
f 1486 1525 1450
f 102 1526 1489
f 394 1527 1526
f 384 1489 1527
f 1526 1527 1489
f 99 1454 1529
f 373 1528 1454
f 394 1529 1528
f 1454 1528 1529
f 384 1527 1525
f 394 1528 1527
f 373 1525 1528
f 1527 1528 1525
f 29 1515 1476
f 393 1530 1515
f 380 1476 1530
f 1515 1530 1476
f 104 1531 1519
f 395 1532 1531
f 393 1519 1532
f 1531 1532 1519
f 102 1481 1534
f 380 1533 1481
f 395 1534 1533
f 1481 1533 1534
f 393 1532 1530
f 395 1533 1532
f 380 1530 1533
f 1532 1533 1530
f 30 1459 1504
f 377 1535 1459
f 388 1504 1535
f 1459 1535 1504
f 99 1536 1463
f 396 1537 1536
f 377 1463 1537
f 1536 1537 1463
f 104 1509 1539
f 388 1538 1509
f 396 1539 1538
f 1509 1538 1539
f 377 1537 1535
f 396 1538 1537
f 388 1535 1538
f 1537 1538 1535
f 102 1534 1526
f 395 1540 1534
f 394 1526 1540
f 1534 1540 1526
f 104 1539 1531
f 396 1541 1539
f 395 1531 1541
f 1539 1541 1531
f 99 1529 1536
f 394 1542 1529
f 396 1536 1542
f 1529 1542 1536
f 395 1541 1540
f 396 1542 1541
f 394 1540 1542
f 1541 1542 1540
f 8 905 1544
f 235 1543 905
f 398 1544 1543
f 905 1543 1544
f 65 1545 909
f 397 1546 1545
f 235 909 1546
f 1545 1546 909
f 107 1547 1549
f 398 1548 1547
f 397 1549 1548
f 1547 1548 1549
f 235 1546 1543
f 397 1548 1546
f 398 1543 1548
f 1546 1548 1543
f 18 1550 921
f 399 1551 1550
f 239 921 1551
f 1550 1551 921
f 106 1552 1554
f 400 1553 1552
f 399 1554 1553
f 1552 1553 1554
f 65 926 1556
f 239 1555 926
f 400 1556 1555
f 926 1555 1556
f 399 1553 1551
f 400 1555 1553
f 239 1551 1555
f 1553 1555 1551
f 32 1557 1559
f 401 1558 1557
f 403 1559 1558
f 1557 1558 1559
f 107 1560 1562
f 402 1561 1560
f 401 1562 1561
f 1560 1561 1562
f 106 1563 1565
f 403 1564 1563
f 402 1565 1564
f 1563 1564 1565
f 401 1561 1558
f 402 1564 1561
f 403 1558 1564
f 1561 1564 1558
f 65 1556 1545
f 400 1566 1556
f 397 1545 1566
f 1556 1566 1545
f 106 1565 1552
f 402 1567 1565
f 400 1552 1567
f 1565 1567 1552
f 107 1549 1560
f 397 1568 1549
f 402 1560 1568
f 1549 1568 1560
f 400 1567 1566
f 402 1568 1567
f 397 1566 1568
f 1567 1568 1566
f 2 1569 877
f 404 1570 1569
f 226 877 1570
f 1569 1570 877
f 108 1571 1573
f 405 1572 1571
f 404 1573 1572
f 1571 1572 1573
f 61 881 1575
f 226 1574 881
f 405 1575 1574
f 881 1574 1575
f 404 1572 1570
f 405 1574 1572
f 226 1570 1574
f 1572 1574 1570
f 31 1576 1578
f 406 1577 1576
f 408 1578 1577
f 1576 1577 1578
f 109 1579 1581
f 407 1580 1579
f 406 1581 1580
f 1579 1580 1581
f 108 1582 1584
f 408 1583 1582
f 407 1584 1583
f 1582 1583 1584
f 406 1580 1577
f 407 1583 1580
f 408 1577 1583
f 1580 1583 1577
f 18 886 1586
f 230 1585 886
f 410 1586 1585
f 886 1585 1586
f 61 1587 890
f 409 1588 1587
f 230 890 1588
f 1587 1588 890
f 109 1589 1591
f 410 1590 1589
f 409 1591 1590
f 1589 1590 1591
f 230 1588 1585
f 409 1590 1588
f 410 1585 1590
f 1588 1590 1585
f 108 1584 1571
f 407 1592 1584
f 405 1571 1592
f 1584 1592 1571
f 109 1591 1579
f 409 1593 1591
f 407 1579 1593
f 1591 1593 1579
f 61 1575 1587
f 405 1594 1575
f 409 1587 1594
f 1575 1594 1587
f 407 1593 1592
f 409 1594 1593
f 405 1592 1594
f 1593 1594 1592
f 9 1595 1597
f 411 1596 1595
f 413 1597 1596
f 1595 1596 1597
f 110 1598 1600
f 412 1599 1598
f 411 1600 1599
f 1598 1599 1600
f 112 1601 1603
f 413 1602 1601
f 412 1603 1602
f 1601 1602 1603
f 411 1599 1596
f 412 1602 1599
f 413 1596 1602
f 1599 1602 1596
f 32 1604 1606
f 414 1605 1604
f 416 1606 1605
f 1604 1605 1606
f 111 1607 1609
f 415 1608 1607
f 414 1609 1608
f 1607 1608 1609
f 110 1610 1612
f 416 1611 1610
f 415 1612 1611
f 1610 1611 1612
f 414 1608 1605
f 415 1611 1608
f 416 1605 1611
f 1608 1611 1605
f 31 1613 1615
f 417 1614 1613
f 419 1615 1614
f 1613 1614 1615
f 112 1616 1618
f 418 1617 1616
f 417 1618 1617
f 1616 1617 1618
f 111 1619 1621
f 419 1620 1619
f 418 1621 1620
f 1619 1620 1621
f 417 1617 1614
f 418 1620 1617
f 419 1614 1620
f 1617 1620 1614
f 110 1612 1598
f 415 1622 1612
f 412 1598 1622
f 1612 1622 1598
f 111 1621 1607
f 418 1623 1621
f 415 1607 1623
f 1621 1623 1607
f 112 1603 1616
f 412 1624 1603
f 418 1616 1624
f 1603 1624 1616
f 415 1623 1622
f 418 1624 1623
f 412 1622 1624
f 1623 1624 1622
f 18 1586 1550
f 410 1625 1586
f 399 1550 1625
f 1586 1625 1550
f 109 1626 1589
f 420 1627 1626
f 410 1589 1627
f 1626 1627 1589
f 106 1554 1629
f 399 1628 1554
f 420 1629 1628
f 1554 1628 1629
f 410 1627 1625
f 420 1628 1627
f 399 1625 1628
f 1627 1628 1625
f 31 1615 1576
f 419 1630 1615
f 406 1576 1630
f 1615 1630 1576
f 111 1631 1619
f 421 1632 1631
f 419 1619 1632
f 1631 1632 1619
f 109 1581 1634
f 406 1633 1581
f 421 1634 1633
f 1581 1633 1634
f 419 1632 1630
f 421 1633 1632
f 406 1630 1633
f 1632 1633 1630
f 32 1559 1604
f 403 1635 1559
f 414 1604 1635
f 1559 1635 1604
f 106 1636 1563
f 422 1637 1636
f 403 1563 1637
f 1636 1637 1563
f 111 1609 1639
f 414 1638 1609
f 422 1639 1638
f 1609 1638 1639
f 403 1637 1635
f 422 1638 1637
f 414 1635 1638
f 1637 1638 1635
f 109 1634 1626
f 421 1640 1634
f 420 1626 1640
f 1634 1640 1626
f 111 1639 1631
f 422 1641 1639
f 421 1631 1641
f 1639 1641 1631
f 106 1629 1636
f 420 1642 1629
f 422 1636 1642
f 1629 1642 1636
f 421 1641 1640
f 422 1642 1641
f 420 1640 1642
f 1641 1642 1640
f 4 1643 1645
f 423 1644 1643
f 425 1645 1644
f 1643 1644 1645
f 113 1646 1648
f 424 1647 1646
f 423 1648 1647
f 1646 1647 1648
f 115 1649 1651
f 425 1650 1649
f 424 1651 1650
f 1649 1650 1651
f 423 1647 1644
f 424 1650 1647
f 425 1644 1650
f 1647 1650 1644
f 33 1652 1654
f 426 1653 1652
f 428 1654 1653
f 1652 1653 1654
f 114 1655 1657
f 427 1656 1655
f 426 1657 1656
f 1655 1656 1657
f 113 1658 1660
f 428 1659 1658
f 427 1660 1659
f 1658 1659 1660
f 426 1656 1653
f 427 1659 1656
f 428 1653 1659
f 1656 1659 1653
f 35 1661 1663
f 429 1662 1661
f 431 1663 1662
f 1661 1662 1663
f 115 1664 1666
f 430 1665 1664
f 429 1666 1665
f 1664 1665 1666
f 114 1667 1669
f 431 1668 1667
f 430 1669 1668
f 1667 1668 1669
f 429 1665 1662
f 430 1668 1665
f 431 1662 1668
f 1665 1668 1662
f 113 1660 1646
f 427 1670 1660
f 424 1646 1670
f 1660 1670 1646
f 114 1669 1655
f 430 1671 1669
f 427 1655 1671
f 1669 1671 1655
f 115 1651 1664
f 424 1672 1651
f 430 1664 1672
f 1651 1672 1664
f 427 1671 1670
f 430 1672 1671
f 424 1670 1672
f 1671 1672 1670
f 10 1673 1675
f 432 1674 1673
f 434 1675 1674
f 1673 1674 1675
f 116 1676 1678
f 433 1677 1676
f 432 1678 1677
f 1676 1677 1678
f 118 1679 1681
f 434 1680 1679
f 433 1681 1680
f 1679 1680 1681
f 432 1677 1674
f 433 1680 1677
f 434 1674 1680
f 1677 1680 1674
f 34 1682 1684
f 435 1683 1682
f 437 1684 1683
f 1682 1683 1684
f 117 1685 1687
f 436 1686 1685
f 435 1687 1686
f 1685 1686 1687
f 116 1688 1690
f 437 1689 1688
f 436 1690 1689
f 1688 1689 1690
f 435 1686 1683
f 436 1689 1686
f 437 1683 1689
f 1686 1689 1683
f 33 1691 1693
f 438 1692 1691
f 440 1693 1692
f 1691 1692 1693
f 118 1694 1696
f 439 1695 1694
f 438 1696 1695
f 1694 1695 1696
f 117 1697 1699
f 440 1698 1697
f 439 1699 1698
f 1697 1698 1699
f 438 1695 1692
f 439 1698 1695
f 440 1692 1698
f 1695 1698 1692
f 116 1690 1676
f 436 1700 1690
f 433 1676 1700
f 1690 1700 1676
f 117 1699 1685
f 439 1701 1699
f 436 1685 1701
f 1699 1701 1685
f 118 1681 1694
f 433 1702 1681
f 439 1694 1702
f 1681 1702 1694
f 436 1701 1700
f 439 1702 1701
f 433 1700 1702
f 1701 1702 1700
f 5 1703 1705
f 441 1704 1703
f 443 1705 1704
f 1703 1704 1705
f 119 1706 1708
f 442 1707 1706
f 441 1708 1707
f 1706 1707 1708
f 121 1709 1711
f 443 1710 1709
f 442 1711 1710
f 1709 1710 1711
f 441 1707 1704
f 442 1710 1707
f 443 1704 1710
f 1707 1710 1704
f 35 1712 1714
f 444 1713 1712
f 446 1714 1713
f 1712 1713 1714
f 120 1715 1717
f 445 1716 1715
f 444 1717 1716
f 1715 1716 1717
f 119 1718 1720
f 446 1719 1718
f 445 1720 1719
f 1718 1719 1720
f 444 1716 1713
f 445 1719 1716
f 446 1713 1719
f 1716 1719 1713
f 34 1721 1723
f 447 1722 1721
f 449 1723 1722
f 1721 1722 1723
f 121 1724 1726
f 448 1725 1724
f 447 1726 1725
f 1724 1725 1726
f 120 1727 1729
f 449 1728 1727
f 448 1729 1728
f 1727 1728 1729
f 447 1725 1722
f 448 1728 1725
f 449 1722 1728
f 1725 1728 1722
f 119 1720 1706
f 445 1730 1720
f 442 1706 1730
f 1720 1730 1706
f 120 1729 1715
f 448 1731 1729
f 445 1715 1731
f 1729 1731 1715
f 121 1711 1724
f 442 1732 1711
f 448 1724 1732
f 1711 1732 1724
f 445 1731 1730
f 448 1732 1731
f 442 1730 1732
f 1731 1732 1730
f 33 1693 1652
f 440 1733 1693
f 426 1652 1733
f 1693 1733 1652
f 117 1734 1697
f 450 1735 1734
f 440 1697 1735
f 1734 1735 1697
f 114 1657 1737
f 426 1736 1657
f 450 1737 1736
f 1657 1736 1737
f 440 1735 1733
f 450 1736 1735
f 426 1733 1736
f 1735 1736 1733
f 34 1723 1682
f 449 1738 1723
f 435 1682 1738
f 1723 1738 1682
f 120 1739 1727
f 451 1740 1739
f 449 1727 1740
f 1739 1740 1727
f 117 1687 1742
f 435 1741 1687
f 451 1742 1741
f 1687 1741 1742
f 449 1740 1738
f 451 1741 1740
f 435 1738 1741
f 1740 1741 1738
f 35 1663 1712
f 431 1743 1663
f 444 1712 1743
f 1663 1743 1712
f 114 1744 1667
f 452 1745 1744
f 431 1667 1745
f 1744 1745 1667
f 120 1717 1747
f 444 1746 1717
f 452 1747 1746
f 1717 1746 1747
f 431 1745 1743
f 452 1746 1745
f 444 1743 1746
f 1745 1746 1743
f 117 1742 1734
f 451 1748 1742
f 450 1734 1748
f 1742 1748 1734
f 120 1747 1739
f 452 1749 1747
f 451 1739 1749
f 1747 1749 1739
f 114 1737 1744
f 450 1750 1737
f 452 1744 1750
f 1737 1750 1744
f 451 1749 1748
f 452 1750 1749
f 450 1748 1750
f 1749 1750 1748
f 4 1645 1752
f 425 1751 1645
f 454 1752 1751
f 1645 1751 1752
f 115 1753 1649
f 453 1754 1753
f 425 1649 1754
f 1753 1754 1649
f 123 1755 1757
f 454 1756 1755
f 453 1757 1756
f 1755 1756 1757
f 425 1754 1751
f 453 1756 1754
f 454 1751 1756
f 1754 1756 1751
f 35 1758 1661
f 455 1759 1758
f 429 1661 1759
f 1758 1759 1661
f 122 1760 1762
f 456 1761 1760
f 455 1762 1761
f 1760 1761 1762
f 115 1666 1764
f 429 1763 1666
f 456 1764 1763
f 1666 1763 1764
f 455 1761 1759
f 456 1763 1761
f 429 1759 1763
f 1761 1763 1759
f 37 1765 1767
f 457 1766 1765
f 459 1767 1766
f 1765 1766 1767
f 123 1768 1770
f 458 1769 1768
f 457 1770 1769
f 1768 1769 1770
f 122 1771 1773
f 459 1772 1771
f 458 1773 1772
f 1771 1772 1773
f 457 1769 1766
f 458 1772 1769
f 459 1766 1772
f 1769 1772 1766
f 115 1764 1753
f 456 1774 1764
f 453 1753 1774
f 1764 1774 1753
f 122 1773 1760
f 458 1775 1773
f 456 1760 1775
f 1773 1775 1760
f 123 1757 1768
f 453 1776 1757
f 458 1768 1776
f 1757 1776 1768
f 456 1775 1774
f 458 1776 1775
f 453 1774 1776
f 1775 1776 1774
f 5 1777 1703
f 460 1778 1777
f 441 1703 1778
f 1777 1778 1703
f 124 1779 1781
f 461 1780 1779
f 460 1781 1780
f 1779 1780 1781
f 119 1708 1783
f 441 1782 1708
f 461 1783 1782
f 1708 1782 1783
f 460 1780 1778
f 461 1782 1780
f 441 1778 1782
f 1780 1782 1778
f 36 1784 1786
f 462 1785 1784
f 464 1786 1785
f 1784 1785 1786
f 125 1787 1789
f 463 1788 1787
f 462 1789 1788
f 1787 1788 1789
f 124 1790 1792
f 464 1791 1790
f 463 1792 1791
f 1790 1791 1792
f 462 1788 1785
f 463 1791 1788
f 464 1785 1791
f 1788 1791 1785
f 35 1714 1794
f 446 1793 1714
f 466 1794 1793
f 1714 1793 1794
f 119 1795 1718
f 465 1796 1795
f 446 1718 1796
f 1795 1796 1718
f 125 1797 1799
f 466 1798 1797
f 465 1799 1798
f 1797 1798 1799
f 446 1796 1793
f 465 1798 1796
f 466 1793 1798
f 1796 1798 1793
f 124 1792 1779
f 463 1800 1792
f 461 1779 1800
f 1792 1800 1779
f 125 1799 1787
f 465 1801 1799
f 463 1787 1801
f 1799 1801 1787
f 119 1783 1795
f 461 1802 1783
f 465 1795 1802
f 1783 1802 1795
f 463 1801 1800
f 465 1802 1801
f 461 1800 1802
f 1801 1802 1800
f 3 1803 1805
f 467 1804 1803
f 469 1805 1804
f 1803 1804 1805
f 126 1806 1808
f 468 1807 1806
f 467 1808 1807
f 1806 1807 1808
f 128 1809 1811
f 469 1810 1809
f 468 1811 1810
f 1809 1810 1811
f 467 1807 1804
f 468 1810 1807
f 469 1804 1810
f 1807 1810 1804
f 37 1812 1814
f 470 1813 1812
f 472 1814 1813
f 1812 1813 1814
f 127 1815 1817
f 471 1816 1815
f 470 1817 1816
f 1815 1816 1817
f 126 1818 1820
f 472 1819 1818
f 471 1820 1819
f 1818 1819 1820
f 470 1816 1813
f 471 1819 1816
f 472 1813 1819
f 1816 1819 1813
f 36 1821 1823
f 473 1822 1821
f 475 1823 1822
f 1821 1822 1823
f 128 1824 1826
f 474 1825 1824
f 473 1826 1825
f 1824 1825 1826
f 127 1827 1829
f 475 1828 1827
f 474 1829 1828
f 1827 1828 1829
f 473 1825 1822
f 474 1828 1825
f 475 1822 1828
f 1825 1828 1822
f 126 1820 1806
f 471 1830 1820
f 468 1806 1830
f 1820 1830 1806
f 127 1829 1815
f 474 1831 1829
f 471 1815 1831
f 1829 1831 1815
f 128 1811 1824
f 468 1832 1811
f 474 1824 1832
f 1811 1832 1824
f 471 1831 1830
f 474 1832 1831
f 468 1830 1832
f 1831 1832 1830
f 35 1794 1758
f 466 1833 1794
f 455 1758 1833
f 1794 1833 1758
f 125 1834 1797
f 476 1835 1834
f 466 1797 1835
f 1834 1835 1797
f 122 1762 1837
f 455 1836 1762
f 476 1837 1836
f 1762 1836 1837
f 466 1835 1833
f 476 1836 1835
f 455 1833 1836
f 1835 1836 1833
f 36 1823 1784
f 475 1838 1823
f 462 1784 1838
f 1823 1838 1784
f 127 1839 1827
f 477 1840 1839
f 475 1827 1840
f 1839 1840 1827
f 125 1789 1842
f 462 1841 1789
f 477 1842 1841
f 1789 1841 1842
f 475 1840 1838
f 477 1841 1840
f 462 1838 1841
f 1840 1841 1838
f 37 1767 1812
f 459 1843 1767
f 470 1812 1843
f 1767 1843 1812
f 122 1844 1771
f 478 1845 1844
f 459 1771 1845
f 1844 1845 1771
f 127 1817 1847
f 470 1846 1817
f 478 1847 1846
f 1817 1846 1847
f 459 1845 1843
f 478 1846 1845
f 470 1843 1846
f 1845 1846 1843
f 125 1842 1834
f 477 1848 1842
f 476 1834 1848
f 1842 1848 1834
f 127 1847 1839
f 478 1849 1847
f 477 1839 1849
f 1847 1849 1839
f 122 1837 1844
f 476 1850 1837
f 478 1844 1850
f 1837 1850 1844
f 477 1849 1848
f 478 1850 1849
f 476 1848 1850
f 1849 1850 1848
f 4 1752 1852
f 454 1851 1752
f 480 1852 1851
f 1752 1851 1852
f 123 1853 1755
f 479 1854 1853
f 454 1755 1854
f 1853 1854 1755
f 130 1855 1857
f 480 1856 1855
f 479 1857 1856
f 1855 1856 1857
f 454 1854 1851
f 479 1856 1854
f 480 1851 1856
f 1854 1856 1851
f 37 1858 1765
f 481 1859 1858
f 457 1765 1859
f 1858 1859 1765
f 129 1860 1862
f 482 1861 1860
f 481 1862 1861
f 1860 1861 1862
f 123 1770 1864
f 457 1863 1770
f 482 1864 1863
f 1770 1863 1864
f 481 1861 1859
f 482 1863 1861
f 457 1859 1863
f 1861 1863 1859
f 39 1865 1867
f 483 1866 1865
f 485 1867 1866
f 1865 1866 1867
f 130 1868 1870
f 484 1869 1868
f 483 1870 1869
f 1868 1869 1870
f 129 1871 1873
f 485 1872 1871
f 484 1873 1872
f 1871 1872 1873
f 483 1869 1866
f 484 1872 1869
f 485 1866 1872
f 1869 1872 1866
f 123 1864 1853
f 482 1874 1864
f 479 1853 1874
f 1864 1874 1853
f 129 1873 1860
f 484 1875 1873
f 482 1860 1875
f 1873 1875 1860
f 130 1857 1868
f 479 1876 1857
f 484 1868 1876
f 1857 1876 1868
f 482 1875 1874
f 484 1876 1875
f 479 1874 1876
f 1875 1876 1874
f 3 1877 1803
f 486 1878 1877
f 467 1803 1878
f 1877 1878 1803
f 131 1879 1881
f 487 1880 1879
f 486 1881 1880
f 1879 1880 1881
f 126 1808 1883
f 467 1882 1808
f 487 1883 1882
f 1808 1882 1883
f 486 1880 1878
f 487 1882 1880
f 467 1878 1882
f 1880 1882 1878
f 38 1884 1886
f 488 1885 1884
f 490 1886 1885
f 1884 1885 1886
f 132 1887 1889
f 489 1888 1887
f 488 1889 1888
f 1887 1888 1889
f 131 1890 1892
f 490 1891 1890
f 489 1892 1891
f 1890 1891 1892
f 488 1888 1885
f 489 1891 1888
f 490 1885 1891
f 1888 1891 1885
f 37 1814 1894
f 472 1893 1814
f 492 1894 1893
f 1814 1893 1894
f 126 1895 1818
f 491 1896 1895
f 472 1818 1896
f 1895 1896 1818
f 132 1897 1899
f 492 1898 1897
f 491 1899 1898
f 1897 1898 1899
f 472 1896 1893
f 491 1898 1896
f 492 1893 1898
f 1896 1898 1893
f 131 1892 1879
f 489 1900 1892
f 487 1879 1900
f 1892 1900 1879
f 132 1899 1887
f 491 1901 1899
f 489 1887 1901
f 1899 1901 1887
f 126 1883 1895
f 487 1902 1883
f 491 1895 1902
f 1883 1902 1895
f 489 1901 1900
f 491 1902 1901
f 487 1900 1902
f 1901 1902 1900
f 7 1903 1905
f 493 1904 1903
f 495 1905 1904
f 1903 1904 1905
f 133 1906 1908
f 494 1907 1906
f 493 1908 1907
f 1906 1907 1908
f 135 1909 1911
f 495 1910 1909
f 494 1911 1910
f 1909 1910 1911
f 493 1907 1904
f 494 1910 1907
f 495 1904 1910
f 1907 1910 1904
f 39 1912 1914
f 496 1913 1912
f 498 1914 1913
f 1912 1913 1914
f 134 1915 1917
f 497 1916 1915
f 496 1917 1916
f 1915 1916 1917
f 133 1918 1920
f 498 1919 1918
f 497 1920 1919
f 1918 1919 1920
f 496 1916 1913
f 497 1919 1916
f 498 1913 1919
f 1916 1919 1913
f 38 1921 1923
f 499 1922 1921
f 501 1923 1922
f 1921 1922 1923
f 135 1924 1926
f 500 1925 1924
f 499 1926 1925
f 1924 1925 1926
f 134 1927 1929
f 501 1928 1927
f 500 1929 1928
f 1927 1928 1929
f 499 1925 1922
f 500 1928 1925
f 501 1922 1928
f 1925 1928 1922
f 133 1920 1906
f 497 1930 1920
f 494 1906 1930
f 1920 1930 1906
f 134 1929 1915
f 500 1931 1929
f 497 1915 1931
f 1929 1931 1915
f 135 1911 1924
f 494 1932 1911
f 500 1924 1932
f 1911 1932 1924
f 497 1931 1930
f 500 1932 1931
f 494 1930 1932
f 1931 1932 1930
f 37 1894 1858
f 492 1933 1894
f 481 1858 1933
f 1894 1933 1858
f 132 1934 1897
f 502 1935 1934
f 492 1897 1935
f 1934 1935 1897
f 129 1862 1937
f 481 1936 1862
f 502 1937 1936
f 1862 1936 1937
f 492 1935 1933
f 502 1936 1935
f 481 1933 1936
f 1935 1936 1933
f 38 1923 1884
f 501 1938 1923
f 488 1884 1938
f 1923 1938 1884
f 134 1939 1927
f 503 1940 1939
f 501 1927 1940
f 1939 1940 1927
f 132 1889 1942
f 488 1941 1889
f 503 1942 1941
f 1889 1941 1942
f 501 1940 1938
f 503 1941 1940
f 488 1938 1941
f 1940 1941 1938
f 39 1867 1912
f 485 1943 1867
f 496 1912 1943
f 1867 1943 1912
f 129 1944 1871
f 504 1945 1944
f 485 1871 1945
f 1944 1945 1871
f 134 1917 1947
f 496 1946 1917
f 504 1947 1946
f 1917 1946 1947
f 485 1945 1943
f 504 1946 1945
f 496 1943 1946
f 1945 1946 1943
f 132 1942 1934
f 503 1948 1942
f 502 1934 1948
f 1942 1948 1934
f 134 1947 1939
f 504 1949 1947
f 503 1939 1949
f 1947 1949 1939
f 129 1937 1944
f 502 1950 1937
f 504 1944 1950
f 1937 1950 1944
f 503 1949 1948
f 504 1950 1949
f 502 1948 1950
f 1949 1950 1948
f 4 1852 1952
f 480 1951 1852
f 506 1952 1951
f 1852 1951 1952
f 130 1953 1855
f 505 1954 1953
f 480 1855 1954
f 1953 1954 1855
f 137 1955 1957
f 506 1956 1955
f 505 1957 1956
f 1955 1956 1957
f 480 1954 1951
f 505 1956 1954
f 506 1951 1956
f 1954 1956 1951
f 39 1958 1865
f 507 1959 1958
f 483 1865 1959
f 1958 1959 1865
f 136 1960 1962
f 508 1961 1960
f 507 1962 1961
f 1960 1961 1962
f 130 1870 1964
f 483 1963 1870
f 508 1964 1963
f 1870 1963 1964
f 507 1961 1959
f 508 1963 1961
f 483 1959 1963
f 1961 1963 1959
f 41 1965 1967
f 509 1966 1965
f 511 1967 1966
f 1965 1966 1967
f 137 1968 1970
f 510 1969 1968
f 509 1970 1969
f 1968 1969 1970
f 136 1971 1973
f 511 1972 1971
f 510 1973 1972
f 1971 1972 1973
f 509 1969 1966
f 510 1972 1969
f 511 1966 1972
f 1969 1972 1966
f 130 1964 1953
f 508 1974 1964
f 505 1953 1974
f 1964 1974 1953
f 136 1973 1960
f 510 1975 1973
f 508 1960 1975
f 1973 1975 1960
f 137 1957 1968
f 505 1976 1957
f 510 1968 1976
f 1957 1976 1968
f 508 1975 1974
f 510 1976 1975
f 505 1974 1976
f 1975 1976 1974
f 7 1977 1903
f 512 1978 1977
f 493 1903 1978
f 1977 1978 1903
f 138 1979 1981
f 513 1980 1979
f 512 1981 1980
f 1979 1980 1981
f 133 1908 1983
f 493 1982 1908
f 513 1983 1982
f 1908 1982 1983
f 512 1980 1978
f 513 1982 1980
f 493 1978 1982
f 1980 1982 1978
f 40 1984 1986
f 514 1985 1984
f 516 1986 1985
f 1984 1985 1986
f 139 1987 1989
f 515 1988 1987
f 514 1989 1988
f 1987 1988 1989
f 138 1990 1992
f 516 1991 1990
f 515 1992 1991
f 1990 1991 1992
f 514 1988 1985
f 515 1991 1988
f 516 1985 1991
f 1988 1991 1985
f 39 1914 1994
f 498 1993 1914
f 518 1994 1993
f 1914 1993 1994
f 133 1995 1918
f 517 1996 1995
f 498 1918 1996
f 1995 1996 1918
f 139 1997 1999
f 518 1998 1997
f 517 1999 1998
f 1997 1998 1999
f 498 1996 1993
f 517 1998 1996
f 518 1993 1998
f 1996 1998 1993
f 138 1992 1979
f 515 2000 1992
f 513 1979 2000
f 1992 2000 1979
f 139 1999 1987
f 517 2001 1999
f 515 1987 2001
f 1999 2001 1987
f 133 1983 1995
f 513 2002 1983
f 517 1995 2002
f 1983 2002 1995
f 515 2001 2000
f 517 2002 2001
f 513 2000 2002
f 2001 2002 2000
f 9 2003 2005
f 519 2004 2003
f 521 2005 2004
f 2003 2004 2005
f 140 2006 2008
f 520 2007 2006
f 519 2008 2007
f 2006 2007 2008
f 142 2009 2011
f 521 2010 2009
f 520 2011 2010
f 2009 2010 2011
f 519 2007 2004
f 520 2010 2007
f 521 2004 2010
f 2007 2010 2004
f 41 2012 2014
f 522 2013 2012
f 524 2014 2013
f 2012 2013 2014
f 141 2015 2017
f 523 2016 2015
f 522 2017 2016
f 2015 2016 2017
f 140 2018 2020
f 524 2019 2018
f 523 2020 2019
f 2018 2019 2020
f 522 2016 2013
f 523 2019 2016
f 524 2013 2019
f 2016 2019 2013
f 40 2021 2023
f 525 2022 2021
f 527 2023 2022
f 2021 2022 2023
f 142 2024 2026
f 526 2025 2024
f 525 2026 2025
f 2024 2025 2026
f 141 2027 2029
f 527 2028 2027
f 526 2029 2028
f 2027 2028 2029
f 525 2025 2022
f 526 2028 2025
f 527 2022 2028
f 2025 2028 2022
f 140 2020 2006
f 523 2030 2020
f 520 2006 2030
f 2020 2030 2006
f 141 2029 2015
f 526 2031 2029
f 523 2015 2031
f 2029 2031 2015
f 142 2011 2024
f 520 2032 2011
f 526 2024 2032
f 2011 2032 2024
f 523 2031 2030
f 526 2032 2031
f 520 2030 2032
f 2031 2032 2030
f 39 1994 1958
f 518 2033 1994
f 507 1958 2033
f 1994 2033 1958
f 139 2034 1997
f 528 2035 2034
f 518 1997 2035
f 2034 2035 1997
f 136 1962 2037
f 507 2036 1962
f 528 2037 2036
f 1962 2036 2037
f 518 2035 2033
f 528 2036 2035
f 507 2033 2036
f 2035 2036 2033
f 40 2023 1984
f 527 2038 2023
f 514 1984 2038
f 2023 2038 1984
f 141 2039 2027
f 529 2040 2039
f 527 2027 2040
f 2039 2040 2027
f 139 1989 2042
f 514 2041 1989
f 529 2042 2041
f 1989 2041 2042
f 527 2040 2038
f 529 2041 2040
f 514 2038 2041
f 2040 2041 2038
f 41 1967 2012
f 511 2043 1967
f 522 2012 2043
f 1967 2043 2012
f 136 2044 1971
f 530 2045 2044
f 511 1971 2045
f 2044 2045 1971
f 141 2017 2047
f 522 2046 2017
f 530 2047 2046
f 2017 2046 2047
f 511 2045 2043
f 530 2046 2045
f 522 2043 2046
f 2045 2046 2043
f 139 2042 2034
f 529 2048 2042
f 528 2034 2048
f 2042 2048 2034
f 141 2047 2039
f 530 2049 2047
f 529 2039 2049
f 2047 2049 2039
f 136 2037 2044
f 528 2050 2037
f 530 2044 2050
f 2037 2050 2044
f 529 2049 2048
f 530 2050 2049
f 528 2048 2050
f 2049 2050 2048
f 4 1952 1643
f 506 2051 1952
f 423 1643 2051
f 1952 2051 1643
f 137 2052 1955
f 531 2053 2052
f 506 1955 2053
f 2052 2053 1955
f 113 1648 2055
f 423 2054 1648
f 531 2055 2054
f 1648 2054 2055
f 506 2053 2051
f 531 2054 2053
f 423 2051 2054
f 2053 2054 2051
f 41 2056 1965
f 532 2057 2056
f 509 1965 2057
f 2056 2057 1965
f 143 2058 2060
f 533 2059 2058
f 532 2060 2059
f 2058 2059 2060
f 137 1970 2062
f 509 2061 1970
f 533 2062 2061
f 1970 2061 2062
f 532 2059 2057
f 533 2061 2059
f 509 2057 2061
f 2059 2061 2057
f 33 1654 2064
f 428 2063 1654
f 535 2064 2063
f 1654 2063 2064
f 113 2065 1658
f 534 2066 2065
f 428 1658 2066
f 2065 2066 1658
f 143 2067 2069
f 535 2068 2067
f 534 2069 2068
f 2067 2068 2069
f 428 2066 2063
f 534 2068 2066
f 535 2063 2068
f 2066 2068 2063
f 137 2062 2052
f 533 2070 2062
f 531 2052 2070
f 2062 2070 2052
f 143 2069 2058
f 534 2071 2069
f 533 2058 2071
f 2069 2071 2058
f 113 2055 2065
f 531 2072 2055
f 534 2065 2072
f 2055 2072 2065
f 533 2071 2070
f 534 2072 2071
f 531 2070 2072
f 2071 2072 2070
f 9 2073 2003
f 536 2074 2073
f 519 2003 2074
f 2073 2074 2003
f 144 2075 2077
f 537 2076 2075
f 536 2077 2076
f 2075 2076 2077
f 140 2008 2079
f 519 2078 2008
f 537 2079 2078
f 2008 2078 2079
f 536 2076 2074
f 537 2078 2076
f 519 2074 2078
f 2076 2078 2074
f 42 2080 2082
f 538 2081 2080
f 540 2082 2081
f 2080 2081 2082
f 145 2083 2085
f 539 2084 2083
f 538 2085 2084
f 2083 2084 2085
f 144 2086 2088
f 540 2087 2086
f 539 2088 2087
f 2086 2087 2088
f 538 2084 2081
f 539 2087 2084
f 540 2081 2087
f 2084 2087 2081
f 41 2014 2090
f 524 2089 2014
f 542 2090 2089
f 2014 2089 2090
f 140 2091 2018
f 541 2092 2091
f 524 2018 2092
f 2091 2092 2018
f 145 2093 2095
f 542 2094 2093
f 541 2095 2094
f 2093 2094 2095
f 524 2092 2089
f 541 2094 2092
f 542 2089 2094
f 2092 2094 2089
f 144 2088 2075
f 539 2096 2088
f 537 2075 2096
f 2088 2096 2075
f 145 2095 2083
f 541 2097 2095
f 539 2083 2097
f 2095 2097 2083
f 140 2079 2091
f 537 2098 2079
f 541 2091 2098
f 2079 2098 2091
f 539 2097 2096
f 541 2098 2097
f 537 2096 2098
f 2097 2098 2096
f 10 1675 2100
f 434 2099 1675
f 544 2100 2099
f 1675 2099 2100
f 118 2101 1679
f 543 2102 2101
f 434 1679 2102
f 2101 2102 1679
f 147 2103 2105
f 544 2104 2103
f 543 2105 2104
f 2103 2104 2105
f 434 2102 2099
f 543 2104 2102
f 544 2099 2104
f 2102 2104 2099
f 33 2106 1691
f 545 2107 2106
f 438 1691 2107
f 2106 2107 1691
f 146 2108 2110
f 546 2109 2108
f 545 2110 2109
f 2108 2109 2110
f 118 1696 2112
f 438 2111 1696
f 546 2112 2111
f 1696 2111 2112
f 545 2109 2107
f 546 2111 2109
f 438 2107 2111
f 2109 2111 2107
f 42 2113 2115
f 547 2114 2113
f 549 2115 2114
f 2113 2114 2115
f 147 2116 2118
f 548 2117 2116
f 547 2118 2117
f 2116 2117 2118
f 146 2119 2121
f 549 2120 2119
f 548 2121 2120
f 2119 2120 2121
f 547 2117 2114
f 548 2120 2117
f 549 2114 2120
f 2117 2120 2114
f 118 2112 2101
f 546 2122 2112
f 543 2101 2122
f 2112 2122 2101
f 146 2121 2108
f 548 2123 2121
f 546 2108 2123
f 2121 2123 2108
f 147 2105 2116
f 543 2124 2105
f 548 2116 2124
f 2105 2124 2116
f 546 2123 2122
f 548 2124 2123
f 543 2122 2124
f 2123 2124 2122
f 41 2090 2056
f 542 2125 2090
f 532 2056 2125
f 2090 2125 2056
f 145 2126 2093
f 550 2127 2126
f 542 2093 2127
f 2126 2127 2093
f 143 2060 2129
f 532 2128 2060
f 550 2129 2128
f 2060 2128 2129
f 542 2127 2125
f 550 2128 2127
f 532 2125 2128
f 2127 2128 2125
f 42 2115 2080
f 549 2130 2115
f 538 2080 2130
f 2115 2130 2080
f 146 2131 2119
f 551 2132 2131
f 549 2119 2132
f 2131 2132 2119
f 145 2085 2134
f 538 2133 2085
f 551 2134 2133
f 2085 2133 2134
f 549 2132 2130
f 551 2133 2132
f 538 2130 2133
f 2132 2133 2130
f 33 2064 2106
f 535 2135 2064
f 545 2106 2135
f 2064 2135 2106
f 143 2136 2067
f 552 2137 2136
f 535 2067 2137
f 2136 2137 2067
f 146 2110 2139
f 545 2138 2110
f 552 2139 2138
f 2110 2138 2139
f 535 2137 2135
f 552 2138 2137
f 545 2135 2138
f 2137 2138 2135
f 145 2134 2126
f 551 2140 2134
f 550 2126 2140
f 2134 2140 2126
f 146 2139 2131
f 552 2141 2139
f 551 2131 2141
f 2139 2141 2131
f 143 2129 2136
f 550 2142 2129
f 552 2136 2142
f 2129 2142 2136
f 551 2141 2140
f 552 2142 2141
f 550 2140 2142
f 2141 2142 2140
f 5 1705 1295
f 443 2143 1705
f 333 1295 2143
f 1705 2143 1295
f 121 2144 1709
f 553 2145 2144
f 443 1709 2145
f 2144 2145 1709
f 89 1300 2147
f 333 2146 1300
f 553 2147 2146
f 1300 2146 2147
f 443 2145 2143
f 553 2146 2145
f 333 2143 2146
f 2145 2146 2143
f 34 2148 1721
f 554 2149 2148
f 447 1721 2149
f 2148 2149 1721
f 148 2150 2152
f 555 2151 2150
f 554 2152 2151
f 2150 2151 2152
f 121 1726 2154
f 447 2153 1726
f 555 2154 2153
f 1726 2153 2154
f 554 2151 2149
f 555 2153 2151
f 447 2149 2153
f 2151 2153 2149
f 26 1306 2156
f 338 2155 1306
f 557 2156 2155
f 1306 2155 2156
f 89 2157 1310
f 556 2158 2157
f 338 1310 2158
f 2157 2158 1310
f 148 2159 2161
f 557 2160 2159
f 556 2161 2160
f 2159 2160 2161
f 338 2158 2155
f 556 2160 2158
f 557 2155 2160
f 2158 2160 2155
f 121 2154 2144
f 555 2162 2154
f 553 2144 2162
f 2154 2162 2144
f 148 2161 2150
f 556 2163 2161
f 555 2150 2163
f 2161 2163 2150
f 89 2147 2157
f 553 2164 2147
f 556 2157 2164
f 2147 2164 2157
f 555 2163 2162
f 556 2164 2163
f 553 2162 2164
f 2163 2164 2162
f 10 1197 1673
f 309 2165 1197
f 432 1673 2165
f 1197 2165 1673
f 84 2166 1201
f 558 2167 2166
f 309 1201 2167
f 2166 2167 1201
f 116 1678 2169
f 432 2168 1678
f 558 2169 2168
f 1678 2168 2169
f 309 2167 2165
f 558 2168 2167
f 432 2165 2168
f 2167 2168 2165
f 23 2170 1213
f 559 2171 2170
f 313 1213 2171
f 2170 2171 1213
f 149 2172 2174
f 560 2173 2172
f 559 2174 2173
f 2172 2173 2174
f 84 1218 2176
f 313 2175 1218
f 560 2176 2175
f 1218 2175 2176
f 559 2173 2171
f 560 2175 2173
f 313 2171 2175
f 2173 2175 2171
f 34 1684 2178
f 437 2177 1684
f 562 2178 2177
f 1684 2177 2178
f 116 2179 1688
f 561 2180 2179
f 437 1688 2180
f 2179 2180 1688
f 149 2181 2183
f 562 2182 2181
f 561 2183 2182
f 2181 2182 2183
f 437 2180 2177
f 561 2182 2180
f 562 2177 2182
f 2180 2182 2177
f 84 2176 2166
f 560 2184 2176
f 558 2166 2184
f 2176 2184 2166
f 149 2183 2172
f 561 2185 2183
f 560 2172 2185
f 2183 2185 2172
f 116 2169 2179
f 558 2186 2169
f 561 2179 2186
f 2169 2186 2179
f 560 2185 2184
f 561 2186 2185
f 558 2184 2186
f 2185 2186 2184
f 6 1244 1169
f 320 2187 1244
f 300 1169 2187
f 1244 2187 1169
f 86 2188 1247
f 563 2189 2188
f 320 1247 2189
f 2188 2189 1247
f 80 1173 2191
f 300 2190 1173
f 563 2191 2190
f 1173 2190 2191
f 320 2189 2187
f 563 2190 2189
f 300 2187 2190
f 2189 2190 2187
f 26 2192 1257
f 564 2193 2192
f 323 1257 2193
f 2192 2193 1257
f 150 2194 2196
f 565 2195 2194
f 564 2196 2195
f 2194 2195 2196
f 86 1262 2198
f 323 2197 1262
f 565 2198 2197
f 1262 2197 2198
f 564 2195 2193
f 565 2197 2195
f 323 2193 2197
f 2195 2197 2193
f 23 1178 2200
f 304 2199 1178
f 567 2200 2199
f 1178 2199 2200
f 80 2201 1182
f 566 2202 2201
f 304 1182 2202
f 2201 2202 1182
f 150 2203 2205
f 567 2204 2203
f 566 2205 2204
f 2203 2204 2205
f 304 2202 2199
f 566 2204 2202
f 567 2199 2204
f 2202 2204 2199
f 86 2198 2188
f 565 2206 2198
f 563 2188 2206
f 2198 2206 2188
f 150 2205 2194
f 566 2207 2205
f 565 2194 2207
f 2205 2207 2194
f 80 2191 2201
f 563 2208 2191
f 566 2201 2208
f 2191 2208 2201
f 565 2207 2206
f 566 2208 2207
f 563 2206 2208
f 2207 2208 2206
f 34 2178 2148
f 562 2209 2178
f 554 2148 2209
f 2178 2209 2148
f 149 2210 2181
f 568 2211 2210
f 562 2181 2211
f 2210 2211 2181
f 148 2152 2213
f 554 2212 2152
f 568 2213 2212
f 2152 2212 2213
f 562 2211 2209
f 568 2212 2211
f 554 2209 2212
f 2211 2212 2209
f 23 2200 2170
f 567 2214 2200
f 559 2170 2214
f 2200 2214 2170
f 150 2215 2203
f 569 2216 2215
f 567 2203 2216
f 2215 2216 2203
f 149 2174 2218
f 559 2217 2174
f 569 2218 2217
f 2174 2217 2218
f 567 2216 2214
f 569 2217 2216
f 559 2214 2217
f 2216 2217 2214
f 26 2156 2192
f 557 2219 2156
f 564 2192 2219
f 2156 2219 2192
f 148 2220 2159
f 570 2221 2220
f 557 2159 2221
f 2220 2221 2159
f 150 2196 2223
f 564 2222 2196
f 570 2223 2222
f 2196 2222 2223
f 557 2221 2219
f 570 2222 2221
f 564 2219 2222
f 2221 2222 2219
f 149 2218 2210
f 569 2224 2218
f 568 2210 2224
f 2218 2224 2210
f 150 2223 2215
f 570 2225 2223
f 569 2215 2225
f 2223 2225 2215
f 148 2213 2220
f 568 2226 2213
f 570 2220 2226
f 2213 2226 2220
f 569 2225 2224
f 570 2226 2225
f 568 2224 2226
f 2225 2226 2224
f 3 1805 1395
f 469 2227 1805
f 359 1395 2227
f 1805 2227 1395
f 128 2228 1809
f 571 2229 2228
f 469 1809 2229
f 2228 2229 1809
f 96 1400 2231
f 359 2230 1400
f 571 2231 2230
f 1400 2230 2231
f 469 2229 2227
f 571 2230 2229
f 359 2227 2230
f 2229 2230 2227
f 36 2232 1821
f 572 2233 2232
f 473 1821 2233
f 2232 2233 1821
f 151 2234 2236
f 573 2235 2234
f 572 2236 2235
f 2234 2235 2236
f 128 1826 2238
f 473 2237 1826
f 573 2238 2237
f 1826 2237 2238
f 572 2235 2233
f 573 2237 2235
f 473 2233 2237
f 2235 2237 2233
f 28 1406 2240
f 364 2239 1406
f 575 2240 2239
f 1406 2239 2240
f 96 2241 1410
f 574 2242 2241
f 364 1410 2242
f 2241 2242 1410
f 151 2243 2245
f 575 2244 2243
f 574 2245 2244
f 2243 2244 2245
f 364 2242 2239
f 574 2244 2242
f 575 2239 2244
f 2242 2244 2239
f 128 2238 2228
f 573 2246 2238
f 571 2228 2246
f 2238 2246 2228
f 151 2245 2234
f 574 2247 2245
f 573 2234 2247
f 2245 2247 2234
f 96 2231 2241
f 571 2248 2231
f 574 2241 2248
f 2231 2248 2241
f 573 2247 2246
f 574 2248 2247
f 571 2246 2248
f 2247 2248 2246
f 5 1297 1777
f 335 2249 1297
f 460 1777 2249
f 1297 2249 1777
f 91 2250 1301
f 576 2251 2250
f 335 1301 2251
f 2250 2251 1301
f 124 1781 2253
f 460 2252 1781
f 576 2253 2252
f 1781 2252 2253
f 335 2251 2249
f 576 2252 2251
f 460 2249 2252
f 2251 2252 2249
f 25 2254 1313
f 577 2255 2254
f 339 1313 2255
f 2254 2255 1313
f 152 2256 2258
f 578 2257 2256
f 577 2258 2257
f 2256 2257 2258
f 91 1318 2260
f 339 2259 1318
f 578 2260 2259
f 1318 2259 2260
f 577 2257 2255
f 578 2259 2257
f 339 2255 2259
f 2257 2259 2255
f 36 1786 2262
f 464 2261 1786
f 580 2262 2261
f 1786 2261 2262
f 124 2263 1790
f 579 2264 2263
f 464 1790 2264
f 2263 2264 1790
f 152 2265 2267
f 580 2266 2265
f 579 2267 2266
f 2265 2266 2267
f 464 2264 2261
f 579 2266 2264
f 580 2261 2266
f 2264 2266 2261
f 91 2260 2250
f 578 2268 2260
f 576 2250 2268
f 2260 2268 2250
f 152 2267 2256
f 579 2269 2267
f 578 2256 2269
f 2267 2269 2256
f 124 2253 2263
f 576 2270 2253
f 579 2263 2270
f 2253 2270 2263
f 578 2269 2268
f 579 2270 2269
f 576 2268 2270
f 2269 2270 2268
f 12 1344 1269
f 346 2271 1344
f 326 1269 2271
f 1344 2271 1269
f 93 2272 1347
f 581 2273 2272
f 346 1347 2273
f 2272 2273 1347
f 87 1273 2275
f 326 2274 1273
f 581 2275 2274
f 1273 2274 2275
f 346 2273 2271
f 581 2274 2273
f 326 2271 2274
f 2273 2274 2271
f 28 2276 1357
f 582 2277 2276
f 349 1357 2277
f 2276 2277 1357
f 153 2278 2280
f 583 2279 2278
f 582 2280 2279
f 2278 2279 2280
f 93 1362 2282
f 349 2281 1362
f 583 2282 2281
f 1362 2281 2282
f 582 2279 2277
f 583 2281 2279
f 349 2277 2281
f 2279 2281 2277
f 25 1278 2284
f 330 2283 1278
f 585 2284 2283
f 1278 2283 2284
f 87 2285 1282
f 584 2286 2285
f 330 1282 2286
f 2285 2286 1282
f 153 2287 2289
f 585 2288 2287
f 584 2289 2288
f 2287 2288 2289
f 330 2286 2283
f 584 2288 2286
f 585 2283 2288
f 2286 2288 2283
f 93 2282 2272
f 583 2290 2282
f 581 2272 2290
f 2282 2290 2272
f 153 2289 2278
f 584 2291 2289
f 583 2278 2291
f 2289 2291 2278
f 87 2275 2285
f 581 2292 2275
f 584 2285 2292
f 2275 2292 2285
f 583 2291 2290
f 584 2292 2291
f 581 2290 2292
f 2291 2292 2290
f 36 2262 2232
f 580 2293 2262
f 572 2232 2293
f 2262 2293 2232
f 152 2294 2265
f 586 2295 2294
f 580 2265 2295
f 2294 2295 2265
f 151 2236 2297
f 572 2296 2236
f 586 2297 2296
f 2236 2296 2297
f 580 2295 2293
f 586 2296 2295
f 572 2293 2296
f 2295 2296 2293
f 25 2284 2254
f 585 2298 2284
f 577 2254 2298
f 2284 2298 2254
f 153 2299 2287
f 587 2300 2299
f 585 2287 2300
f 2299 2300 2287
f 152 2258 2302
f 577 2301 2258
f 587 2302 2301
f 2258 2301 2302
f 585 2300 2298
f 587 2301 2300
f 577 2298 2301
f 2300 2301 2298
f 28 2240 2276
f 575 2303 2240
f 582 2276 2303
f 2240 2303 2276
f 151 2304 2243
f 588 2305 2304
f 575 2243 2305
f 2304 2305 2243
f 153 2280 2307
f 582 2306 2280
f 588 2307 2306
f 2280 2306 2307
f 575 2305 2303
f 588 2306 2305
f 582 2303 2306
f 2305 2306 2303
f 152 2302 2294
f 587 2308 2302
f 586 2294 2308
f 2302 2308 2294
f 153 2307 2299
f 588 2309 2307
f 587 2299 2309
f 2307 2309 2299
f 151 2297 2304
f 586 2310 2297
f 588 2304 2310
f 2297 2310 2304
f 587 2309 2308
f 588 2310 2309
f 586 2308 2310
f 2309 2310 2308
f 7 1905 1495
f 495 2311 1905
f 385 1495 2311
f 1905 2311 1495
f 135 2312 1909
f 589 2313 2312
f 495 1909 2313
f 2312 2313 1909
f 103 1500 2315
f 385 2314 1500
f 589 2315 2314
f 1500 2314 2315
f 495 2313 2311
f 589 2314 2313
f 385 2311 2314
f 2313 2314 2311
f 38 2316 1921
f 590 2317 2316
f 499 1921 2317
f 2316 2317 1921
f 154 2318 2320
f 591 2319 2318
f 590 2320 2319
f 2318 2319 2320
f 135 1926 2322
f 499 2321 1926
f 591 2322 2321
f 1926 2321 2322
f 590 2319 2317
f 591 2321 2319
f 499 2317 2321
f 2319 2321 2317
f 30 1506 2324
f 390 2323 1506
f 593 2324 2323
f 1506 2323 2324
f 103 2325 1510
f 592 2326 2325
f 390 1510 2326
f 2325 2326 1510
f 154 2327 2329
f 593 2328 2327
f 592 2329 2328
f 2327 2328 2329
f 390 2326 2323
f 592 2328 2326
f 593 2323 2328
f 2326 2328 2323
f 135 2322 2312
f 591 2330 2322
f 589 2312 2330
f 2322 2330 2312
f 154 2329 2318
f 592 2331 2329
f 591 2318 2331
f 2329 2331 2318
f 103 2315 2325
f 589 2332 2315
f 592 2325 2332
f 2315 2332 2325
f 591 2331 2330
f 592 2332 2331
f 589 2330 2332
f 2331 2332 2330
f 3 1397 1877
f 361 2333 1397
f 486 1877 2333
f 1397 2333 1877
f 98 2334 1401
f 594 2335 2334
f 361 1401 2335
f 2334 2335 1401
f 131 1881 2337
f 486 2336 1881
f 594 2337 2336
f 1881 2336 2337
f 361 2335 2333
f 594 2336 2335
f 486 2333 2336
f 2335 2336 2333
f 27 2338 1413
f 595 2339 2338
f 365 1413 2339
f 2338 2339 1413
f 155 2340 2342
f 596 2341 2340
f 595 2342 2341
f 2340 2341 2342
f 98 1418 2344
f 365 2343 1418
f 596 2344 2343
f 1418 2343 2344
f 595 2341 2339
f 596 2343 2341
f 365 2339 2343
f 2341 2343 2339
f 38 1886 2346
f 490 2345 1886
f 598 2346 2345
f 1886 2345 2346
f 131 2347 1890
f 597 2348 2347
f 490 1890 2348
f 2347 2348 1890
f 155 2349 2351
f 598 2350 2349
f 597 2351 2350
f 2349 2350 2351
f 490 2348 2345
f 597 2350 2348
f 598 2345 2350
f 2348 2350 2345
f 98 2344 2334
f 596 2352 2344
f 594 2334 2352
f 2344 2352 2334
f 155 2351 2340
f 597 2353 2351
f 596 2340 2353
f 2351 2353 2340
f 131 2337 2347
f 594 2354 2337
f 597 2347 2354
f 2337 2354 2347
f 596 2353 2352
f 597 2354 2353
f 594 2352 2354
f 2353 2354 2352
f 11 1444 1369
f 372 2355 1444
f 352 1369 2355
f 1444 2355 1369
f 100 2356 1447
f 599 2357 2356
f 372 1447 2357
f 2356 2357 1447
f 94 1373 2359
f 352 2358 1373
f 599 2359 2358
f 1373 2358 2359
f 372 2357 2355
f 599 2358 2357
f 352 2355 2358
f 2357 2358 2355
f 30 2360 1457
f 600 2361 2360
f 375 1457 2361
f 2360 2361 1457
f 156 2362 2364
f 601 2363 2362
f 600 2364 2363
f 2362 2363 2364
f 100 1462 2366
f 375 2365 1462
f 601 2366 2365
f 1462 2365 2366
f 600 2363 2361
f 601 2365 2363
f 375 2361 2365
f 2363 2365 2361
f 27 1378 2368
f 356 2367 1378
f 603 2368 2367
f 1378 2367 2368
f 94 2369 1382
f 602 2370 2369
f 356 1382 2370
f 2369 2370 1382
f 156 2371 2373
f 603 2372 2371
f 602 2373 2372
f 2371 2372 2373
f 356 2370 2367
f 602 2372 2370
f 603 2367 2372
f 2370 2372 2367
f 100 2366 2356
f 601 2374 2366
f 599 2356 2374
f 2366 2374 2356
f 156 2373 2362
f 602 2375 2373
f 601 2362 2375
f 2373 2375 2362
f 94 2359 2369
f 599 2376 2359
f 602 2369 2376
f 2359 2376 2369
f 601 2375 2374
f 602 2376 2375
f 599 2374 2376
f 2375 2376 2374
f 38 2346 2316
f 598 2377 2346
f 590 2316 2377
f 2346 2377 2316
f 155 2378 2349
f 604 2379 2378
f 598 2349 2379
f 2378 2379 2349
f 154 2320 2381
f 590 2380 2320
f 604 2381 2380
f 2320 2380 2381
f 598 2379 2377
f 604 2380 2379
f 590 2377 2380
f 2379 2380 2377
f 27 2368 2338
f 603 2382 2368
f 595 2338 2382
f 2368 2382 2338
f 156 2383 2371
f 605 2384 2383
f 603 2371 2384
f 2383 2384 2371
f 155 2342 2386
f 595 2385 2342
f 605 2386 2385
f 2342 2385 2386
f 603 2384 2382
f 605 2385 2384
f 595 2382 2385
f 2384 2385 2382
f 30 2324 2360
f 593 2387 2324
f 600 2360 2387
f 2324 2387 2360
f 154 2388 2327
f 606 2389 2388
f 593 2327 2389
f 2388 2389 2327
f 156 2364 2391
f 600 2390 2364
f 606 2391 2390
f 2364 2390 2391
f 593 2389 2387
f 606 2390 2389
f 600 2387 2390
f 2389 2390 2387
f 155 2386 2378
f 605 2392 2386
f 604 2378 2392
f 2386 2392 2378
f 156 2391 2383
f 606 2393 2391
f 605 2383 2393
f 2391 2393 2383
f 154 2381 2388
f 604 2394 2381
f 606 2388 2394
f 2381 2394 2388
f 605 2393 2392
f 606 2394 2393
f 604 2392 2394
f 2393 2394 2392
f 9 2005 1595
f 521 2395 2005
f 411 1595 2395
f 2005 2395 1595
f 142 2396 2009
f 607 2397 2396
f 521 2009 2397
f 2396 2397 2009
f 110 1600 2399
f 411 2398 1600
f 607 2399 2398
f 1600 2398 2399
f 521 2397 2395
f 607 2398 2397
f 411 2395 2398
f 2397 2398 2395
f 40 2400 2021
f 608 2401 2400
f 525 2021 2401
f 2400 2401 2021
f 157 2402 2404
f 609 2403 2402
f 608 2404 2403
f 2402 2403 2404
f 142 2026 2406
f 525 2405 2026
f 609 2406 2405
f 2026 2405 2406
f 608 2403 2401
f 609 2405 2403
f 525 2401 2405
f 2403 2405 2401
f 32 1606 2408
f 416 2407 1606
f 611 2408 2407
f 1606 2407 2408
f 110 2409 1610
f 610 2410 2409
f 416 1610 2410
f 2409 2410 1610
f 157 2411 2413
f 611 2412 2411
f 610 2413 2412
f 2411 2412 2413
f 416 2410 2407
f 610 2412 2410
f 611 2407 2412
f 2410 2412 2407
f 142 2406 2396
f 609 2414 2406
f 607 2396 2414
f 2406 2414 2396
f 157 2413 2402
f 610 2415 2413
f 609 2402 2415
f 2413 2415 2402
f 110 2399 2409
f 607 2416 2399
f 610 2409 2416
f 2399 2416 2409
f 609 2415 2414
f 610 2416 2415
f 607 2414 2416
f 2415 2416 2414
f 7 1497 1977
f 387 2417 1497
f 512 1977 2417
f 1497 2417 1977
f 105 2418 1501
f 612 2419 2418
f 387 1501 2419
f 2418 2419 1501
f 138 1981 2421
f 512 2420 1981
f 612 2421 2420
f 1981 2420 2421
f 387 2419 2417
f 612 2420 2419
f 512 2417 2420
f 2419 2420 2417
f 29 2422 1513
f 613 2423 2422
f 391 1513 2423
f 2422 2423 1513
f 158 2424 2426
f 614 2425 2424
f 613 2426 2425
f 2424 2425 2426
f 105 1518 2428
f 391 2427 1518
f 614 2428 2427
f 1518 2427 2428
f 613 2425 2423
f 614 2427 2425
f 391 2423 2427
f 2425 2427 2423
f 40 1986 2430
f 516 2429 1986
f 616 2430 2429
f 1986 2429 2430
f 138 2431 1990
f 615 2432 2431
f 516 1990 2432
f 2431 2432 1990
f 158 2433 2435
f 616 2434 2433
f 615 2435 2434
f 2433 2434 2435
f 516 2432 2429
f 615 2434 2432
f 616 2429 2434
f 2432 2434 2429
f 105 2428 2418
f 614 2436 2428
f 612 2418 2436
f 2428 2436 2418
f 158 2435 2424
f 615 2437 2435
f 614 2424 2437
f 2435 2437 2424
f 138 2421 2431
f 612 2438 2421
f 615 2431 2438
f 2421 2438 2431
f 614 2437 2436
f 615 2438 2437
f 612 2436 2438
f 2437 2438 2436
f 8 1544 1469
f 398 2439 1544
f 378 1469 2439
f 1544 2439 1469
f 107 2440 1547
f 617 2441 2440
f 398 1547 2441
f 2440 2441 1547
f 101 1473 2443
f 378 2442 1473
f 617 2443 2442
f 1473 2442 2443
f 398 2441 2439
f 617 2442 2441
f 378 2439 2442
f 2441 2442 2439
f 32 2444 1557
f 618 2445 2444
f 401 1557 2445
f 2444 2445 1557
f 159 2446 2448
f 619 2447 2446
f 618 2448 2447
f 2446 2447 2448
f 107 1562 2450
f 401 2449 1562
f 619 2450 2449
f 1562 2449 2450
f 618 2447 2445
f 619 2449 2447
f 401 2445 2449
f 2447 2449 2445
f 29 1478 2452
f 382 2451 1478
f 621 2452 2451
f 1478 2451 2452
f 101 2453 1482
f 620 2454 2453
f 382 1482 2454
f 2453 2454 1482
f 159 2455 2457
f 621 2456 2455
f 620 2457 2456
f 2455 2456 2457
f 382 2454 2451
f 620 2456 2454
f 621 2451 2456
f 2454 2456 2451
f 107 2450 2440
f 619 2458 2450
f 617 2440 2458
f 2450 2458 2440
f 159 2457 2446
f 620 2459 2457
f 619 2446 2459
f 2457 2459 2446
f 101 2443 2453
f 617 2460 2443
f 620 2453 2460
f 2443 2460 2453
f 619 2459 2458
f 620 2460 2459
f 617 2458 2460
f 2459 2460 2458
f 40 2430 2400
f 616 2461 2430
f 608 2400 2461
f 2430 2461 2400
f 158 2462 2433
f 622 2463 2462
f 616 2433 2463
f 2462 2463 2433
f 157 2404 2465
f 608 2464 2404
f 622 2465 2464
f 2404 2464 2465
f 616 2463 2461
f 622 2464 2463
f 608 2461 2464
f 2463 2464 2461
f 29 2452 2422
f 621 2466 2452
f 613 2422 2466
f 2452 2466 2422
f 159 2467 2455
f 623 2468 2467
f 621 2455 2468
f 2467 2468 2455
f 158 2426 2470
f 613 2469 2426
f 623 2470 2469
f 2426 2469 2470
f 621 2468 2466
f 623 2469 2468
f 613 2466 2469
f 2468 2469 2466
f 32 2408 2444
f 611 2471 2408
f 618 2444 2471
f 2408 2471 2444
f 157 2472 2411
f 624 2473 2472
f 611 2411 2473
f 2472 2473 2411
f 159 2448 2475
f 618 2474 2448
f 624 2475 2474
f 2448 2474 2475
f 611 2473 2471
f 624 2474 2473
f 618 2471 2474
f 2473 2474 2471
f 158 2470 2462
f 623 2476 2470
f 622 2462 2476
f 2470 2476 2462
f 159 2475 2467
f 624 2477 2475
f 623 2467 2477
f 2475 2477 2467
f 157 2465 2472
f 622 2478 2465
f 624 2472 2478
f 2465 2478 2472
f 623 2477 2476
f 624 2478 2477
f 622 2476 2478
f 2477 2478 2476
f 10 2100 1195
f 544 2479 2100
f 307 1195 2479
f 2100 2479 1195
f 147 2480 2103
f 625 2481 2480
f 544 2103 2481
f 2480 2481 2103
f 82 1200 2483
f 307 2482 1200
f 625 2483 2482
f 1200 2482 2483
f 544 2481 2479
f 625 2482 2481
f 307 2479 2482
f 2481 2482 2479
f 42 2484 2113
f 626 2485 2484
f 547 2113 2485
f 2484 2485 2113
f 160 2486 2488
f 627 2487 2486
f 626 2488 2487
f 2486 2487 2488
f 147 2118 2490
f 547 2489 2118
f 627 2490 2489
f 2118 2489 2490
f 626 2487 2485
f 627 2489 2487
f 547 2485 2489
f 2487 2489 2485
f 24 1206 2492
f 312 2491 1206
f 629 2492 2491
f 1206 2491 2492
f 82 2493 1210
f 628 2494 2493
f 312 1210 2494
f 2493 2494 1210
f 160 2495 2497
f 629 2496 2495
f 628 2497 2496
f 2495 2496 2497
f 312 2494 2491
f 628 2496 2494
f 629 2491 2496
f 2494 2496 2491
f 147 2490 2480
f 627 2498 2490
f 625 2480 2498
f 2490 2498 2480
f 160 2497 2486
f 628 2499 2497
f 627 2486 2499
f 2497 2499 2486
f 82 2483 2493
f 625 2500 2483
f 628 2493 2500
f 2483 2500 2493
f 627 2499 2498
f 628 2500 2499
f 625 2498 2500
f 2499 2500 2498
f 9 1597 2073
f 413 2501 1597
f 536 2073 2501
f 1597 2501 2073
f 112 2502 1601
f 630 2503 2502
f 413 1601 2503
f 2502 2503 1601
f 144 2077 2505
f 536 2504 2077
f 630 2505 2504
f 2077 2504 2505
f 413 2503 2501
f 630 2504 2503
f 536 2501 2504
f 2503 2504 2501
f 31 2506 1613
f 631 2507 2506
f 417 1613 2507
f 2506 2507 1613
f 161 2508 2510
f 632 2509 2508
f 631 2510 2509
f 2508 2509 2510
f 112 1618 2512
f 417 2511 1618
f 632 2512 2511
f 1618 2511 2512
f 631 2509 2507
f 632 2511 2509
f 417 2507 2511
f 2509 2511 2507
f 42 2082 2514
f 540 2513 2082
f 634 2514 2513
f 2082 2513 2514
f 144 2515 2086
f 633 2516 2515
f 540 2086 2516
f 2515 2516 2086
f 161 2517 2519
f 634 2518 2517
f 633 2519 2518
f 2517 2518 2519
f 540 2516 2513
f 633 2518 2516
f 634 2513 2518
f 2516 2518 2513
f 112 2512 2502
f 632 2520 2512
f 630 2502 2520
f 2512 2520 2502
f 161 2519 2508
f 633 2521 2519
f 632 2508 2521
f 2519 2521 2508
f 144 2505 2515
f 630 2522 2505
f 633 2515 2522
f 2505 2522 2515
f 632 2521 2520
f 633 2522 2521
f 630 2520 2522
f 2521 2522 2520
f 2 1144 1569
f 294 2523 1144
f 404 1569 2523
f 1144 2523 1569
f 79 2524 1147
f 635 2525 2524
f 294 1147 2525
f 2524 2525 1147
f 108 1573 2527
f 404 2526 1573
f 635 2527 2526
f 1573 2526 2527
f 294 2525 2523
f 635 2526 2525
f 404 2523 2526
f 2525 2526 2523
f 24 2528 1157
f 636 2529 2528
f 297 1157 2529
f 2528 2529 1157
f 162 2530 2532
f 637 2531 2530
f 636 2532 2531
f 2530 2531 2532
f 79 1162 2534
f 297 2533 1162
f 637 2534 2533
f 1162 2533 2534
f 636 2531 2529
f 637 2533 2531
f 297 2529 2533
f 2531 2533 2529
f 31 1578 2536
f 408 2535 1578
f 639 2536 2535
f 1578 2535 2536
f 108 2537 1582
f 638 2538 2537
f 408 1582 2538
f 2537 2538 1582
f 162 2539 2541
f 639 2540 2539
f 638 2541 2540
f 2539 2540 2541
f 408 2538 2535
f 638 2540 2538
f 639 2535 2540
f 2538 2540 2535
f 79 2534 2524
f 637 2542 2534
f 635 2524 2542
f 2534 2542 2524
f 162 2541 2530
f 638 2543 2541
f 637 2530 2543
f 2541 2543 2530
f 108 2527 2537
f 635 2544 2527
f 638 2537 2544
f 2527 2544 2537
f 637 2543 2542
f 638 2544 2543
f 635 2542 2544
f 2543 2544 2542
f 42 2514 2484
f 634 2545 2514
f 626 2484 2545
f 2514 2545 2484
f 161 2546 2517
f 640 2547 2546
f 634 2517 2547
f 2546 2547 2517
f 160 2488 2549
f 626 2548 2488
f 640 2549 2548
f 2488 2548 2549
f 634 2547 2545
f 640 2548 2547
f 626 2545 2548
f 2547 2548 2545
f 31 2536 2506
f 639 2550 2536
f 631 2506 2550
f 2536 2550 2506
f 162 2551 2539
f 641 2552 2551
f 639 2539 2552
f 2551 2552 2539
f 161 2510 2554
f 631 2553 2510
f 641 2554 2553
f 2510 2553 2554
f 639 2552 2550
f 641 2553 2552
f 631 2550 2553
f 2552 2553 2550
f 24 2492 2528
f 629 2555 2492
f 636 2528 2555
f 2492 2555 2528
f 160 2556 2495
f 642 2557 2556
f 629 2495 2557
f 2556 2557 2495
f 162 2532 2559
f 636 2558 2532
f 642 2559 2558
f 2532 2558 2559
f 629 2557 2555
f 642 2558 2557
f 636 2555 2558
f 2557 2558 2555
f 161 2554 2546
f 641 2560 2554
f 640 2546 2560
f 2554 2560 2546
f 162 2559 2551
f 642 2561 2559
f 641 2551 2561
f 2559 2561 2551
f 160 2549 2556
f 640 2562 2549
f 642 2556 2562
f 2549 2562 2556
f 641 2561 2560
f 642 2562 2561
f 640 2560 2562
f 2561 2562 2560
