# regolith_gen synthetic particle
# verts: 2562  tris: 5120
v -0.524864 0.849248 0.000000
v 0.513286 0.830514 0.000000
v -0.497925 -0.805660 0.000000
v 0.552160 -0.893413 0.000000
v 0.000000 -0.492310 0.796574
v 0.000000 0.534097 0.864188
v 0.000000 -0.526506 -0.851905
v 0.000000 0.531065 -0.859281
v 0.861885 0.000000 -0.532674
v 0.865560 0.000000 0.534945
v -0.834343 0.000000 -0.515653
v -0.880031 0.000000 0.543889
v -0.805682 0.497939 0.307743
v -0.484720 0.299574 0.784294
v -0.303584 0.794794 0.491209
v 0.313869 0.821720 0.507851
v 0.000000 0.958308 0.000000
v 0.305627 0.800141 -0.494514
v -0.303727 0.795168 -0.491441
v -0.513861 0.317584 -0.831445
v -0.786912 0.486339 -0.300574
v -1.003786 0.000000 0.000000
v 0.512442 0.316707 0.829149
v 0.844436 0.521890 0.322546
v -0.501868 -0.310171 0.812039
v 0.000000 0.000000 1.018005
v -0.823063 -0.508681 -0.314382
v -0.844183 -0.521734 0.322449
v 0.000000 0.000000 -1.001884
v -0.510335 -0.315404 -0.825739
v 0.833482 0.515120 -0.318362
v 0.517192 0.319642 -0.836835
v 0.867699 -0.536268 0.331432
v 0.484637 -0.299522 0.784160
v 0.296943 -0.777407 0.480464
v -0.312698 -0.818655 0.505957
v 0.000000 -0.954418 0.000000
v -0.302580 -0.792164 -0.489584
v 0.299407 -0.783857 -0.484450
v 0.517125 -0.319601 -0.836726
v 0.827998 -0.511731 -0.316267
v 1.023249 0.000000 0.000000
v -0.714668 0.723183 0.165458
v -0.595849 0.697632 0.431160
v -0.419876 0.834809 0.251499
v -0.689049 0.157648 0.680936
v -0.673463 0.416223 0.575206
v -0.865341 0.260697 0.435233
v -0.158254 0.683553 0.691697
v -0.421997 0.583186 0.682806
v -0.258071 0.430848 0.856624
v -0.165558 0.969193 0.267878
v -0.272190 0.958148 0.000000
v 0.156267 0.674970 0.683012
v 0.000000 0.855926 0.528991
v 0.256249 0.902036 0.000000
v 0.160967 0.942315 0.260449
v 0.430975 0.856876 0.258147
v -0.157073 0.919520 -0.254149
v -0.434680 0.864241 -0.260366
v 0.434270 0.863426 -0.260120
v 0.157005 0.919121 -0.254039
v -0.167048 0.721537 -0.730134
v 0.000000 0.824110 -0.509328
v 0.168628 0.728360 -0.737038
v -0.586555 0.686751 -0.424435
v -0.695816 0.704106 -0.161093
v -0.268641 0.448496 -0.891711
v -0.437890 0.605149 -0.708521
v -0.840574 0.253236 -0.422776
v -0.699523 0.432329 -0.597464
v -0.714087 0.163377 -0.705679
v -0.824262 0.509422 0.000000
v -0.953189 0.000000 -0.270781
v -0.935748 0.258634 -0.159845
v -0.926888 0.256185 0.158331
v -0.994567 0.000000 0.282536
v 0.604576 0.707850 0.437475
v 0.702550 0.710921 0.162652
v 0.261654 0.436830 0.868516
v 0.446625 0.617220 0.722654
v 0.898228 0.270605 0.451773
v 0.716361 0.442735 0.611845
v 0.713426 0.163226 0.705026
v -0.257922 0.159405 0.933172
v 0.000000 0.276428 0.973068
v -0.686731 -0.157118 0.678645
v -0.505949 0.000000 0.818642
v 0.000000 -0.271129 0.954412
v -0.270293 -0.167050 0.977929
v -0.252343 -0.421285 0.837611
v -0.988214 -0.273136 0.168807
v -0.896091 -0.269961 0.450699
v -0.844116 -0.254303 -0.424557
v -0.996521 -0.275432 -0.170226
v -0.724332 -0.732962 0.167695
v -0.898608 -0.555371 0.000000
v -0.671896 -0.679902 -0.155555
v -0.538261 0.000000 -0.870925
v -0.688980 -0.157633 -0.680868
v 0.000000 0.275138 -0.968526
v -0.270120 0.166943 -0.977303
v -0.274029 -0.457491 -0.909596
v -0.269417 -0.166509 -0.974759
v 0.000000 -0.284904 -1.002904
v 0.440221 0.608371 -0.712293
v 0.254195 0.424377 -0.843758
v 0.697354 0.705663 -0.161449
v 0.596980 0.698957 -0.431979
v 0.755684 0.172894 -0.746787
v 0.732036 0.452423 -0.625233
v 0.910331 0.274251 -0.457861
v 0.723179 -0.731796 0.167428
v 0.598729 -0.701004 0.433244
v 0.459693 -0.913974 0.275348
v 0.690863 -0.158063 0.682729
v 0.688931 -0.425783 0.588417
v 0.857004 -0.258185 0.431040
v 0.151682 -0.655167 0.662973
v 0.412531 -0.570103 0.667488
v 0.245999 -0.410694 0.816553
v 0.164579 -0.963460 0.266294
v 0.269685 -0.949330 0.000000
v -0.155590 -0.672046 0.680053
v 0.000000 -0.817659 0.505341
v -0.257486 -0.906389 0.000000
v -0.158723 -0.929182 0.256819
v -0.431313 -0.857548 0.258349
v 0.155944 -0.912910 -0.252322
v 0.437046 -0.868946 -0.261783
v -0.422323 -0.839674 -0.252964
v -0.152177 -0.890858 -0.246227
v 0.155614 -0.672148 -0.680157
v 0.000000 -0.800625 -0.494813
v -0.169281 -0.731182 -0.739893
v 0.595661 -0.697413 -0.431025
v 0.713491 -0.721992 -0.165185
v 0.264182 -0.441052 -0.876910
v 0.422624 -0.584052 -0.683820
v 0.833253 -0.251030 -0.419094
v 0.706426 -0.436595 -0.603360
v 0.735444 -0.168263 -0.726785
v 0.889336 -0.549640 0.000000
v 0.965719 0.000000 -0.274340
v 0.910022 -0.251524 -0.155450
v 0.953712 -0.263599 0.162913
v 0.981079 0.000000 0.278704
v 0.259920 -0.160639 0.940398
v 0.512593 0.000000 0.829393
v 0.272552 0.168447 0.986104
v -0.609465 -0.713574 0.441013
v -0.433653 -0.599293 0.701665
v -0.694369 -0.429144 0.593062
v -0.457361 -0.632057 -0.740025
v -0.593154 -0.694477 -0.429210
v -0.715041 -0.441920 -0.610718
v 0.565995 0.000000 -0.915798
v 0.273482 -0.169021 -0.989466
v 0.263471 0.162834 -0.953249
v 0.985525 0.272392 0.168348
v 0.986594 0.272688 -0.168530
v 0.856932 0.529613 0.000000
v -0.618399 0.787353 0.081449
v -0.571014 0.792319 0.212934
v -0.467200 0.834146 0.126531
v -0.727716 0.619032 0.382583
v -0.666599 0.723124 0.304777
v -0.758756 0.606908 0.237119
v -0.364879 0.821050 0.373222
v -0.513868 0.780031 0.344641
v -0.447675 0.747391 0.461913
v -0.795098 0.082251 0.624482
v -0.786800 0.211451 0.567036
v -0.885685 0.134349 0.496067
v -0.590253 0.364797 0.693884
v -0.677698 0.285631 0.624724
v -0.595884 0.232811 0.744973
v -0.822959 0.374089 0.365727
v -0.767649 0.339171 0.505711
v -0.755722 0.467062 0.452665
v -0.079712 0.605207 0.770557
v -0.215573 0.578091 0.802139
v -0.130214 0.480799 0.858426
v -0.360710 0.686111 0.583641
v -0.294203 0.643471 0.698034
v -0.231914 0.742103 0.593588
v -0.375445 0.367052 0.825940
v -0.346860 0.517176 0.785053
v -0.470319 0.455821 0.760992
v -0.664501 0.579895 0.527606
v -0.567167 0.516026 0.649916
v -0.508655 0.640633 0.559066
v -0.348887 0.900200 0.128222
v -0.397080 0.900807 0.000000
v -0.234998 0.877273 0.380235
v -0.300228 0.913110 0.263179
v -0.134031 0.962286 0.000000
v -0.218326 0.958530 0.131712
v -0.082014 0.984942 0.132701
v 0.080136 0.608423 0.774652
v 0.000000 0.680979 0.689092
v 0.157382 0.845265 0.522402
v 0.080813 0.777043 0.617726
v 0.237206 0.759036 0.607132
v -0.080001 0.769233 0.611517
v -0.156654 0.841356 0.519987
v 0.387056 0.878066 0.000000
v 0.349364 0.901433 0.128398
v 0.485286 0.866436 0.131429
v 0.079130 0.950303 0.128034
v 0.213703 0.938232 0.128923
v 0.128293 0.921090 0.000000
v 0.379411 0.853749 0.388086
v 0.297864 0.905919 0.261107
v 0.234456 0.875250 0.379358
v -0.080439 0.892085 0.390460
v 0.081303 0.901663 0.394652
v 0.000000 0.948055 0.262036
v -0.352062 0.908392 -0.129389
v -0.477805 0.853080 -0.129403
v -0.077686 0.932963 -0.125698
v -0.213660 0.938043 -0.128897
v -0.368679 0.829602 -0.377109
v -0.302946 0.921375 -0.265561
v -0.237269 0.885752 -0.383910
v 0.478749 0.854766 -0.129659
v 0.343853 0.887212 -0.126372
v 0.234024 0.873637 -0.378659
v 0.295255 0.897984 -0.258820
v 0.367352 0.826615 -0.375751
v 0.205865 0.903821 -0.124194
v 0.078425 0.941843 -0.126894
v -0.084259 0.639733 -0.814516
v 0.000000 0.727489 -0.736157
v 0.082589 0.627049 -0.798366
v -0.153858 0.826341 -0.510707
v -0.080378 0.772860 -0.614401
v -0.236749 0.757574 -0.605962
v 0.236751 0.757579 -0.605967
v 0.080971 0.778560 -0.618932
v 0.152655 0.819881 -0.506714
v 0.000000 0.907166 -0.250735
v 0.078030 0.865366 -0.378766
v -0.079464 0.881267 -0.385725
v -0.576238 0.799568 -0.214882
v -0.626918 0.798200 -0.082572
v -0.453546 0.757194 -0.467972
v -0.509568 0.773503 -0.341757
v -0.752794 0.602139 -0.235256
v -0.652118 0.707415 -0.298156
v -0.713350 0.606812 -0.375030
v -0.133743 0.493831 -0.881693
v -0.220981 0.592593 -0.822262
v -0.478574 0.463822 -0.774350
v -0.358704 0.534835 -0.811858
v -0.399016 0.390096 -0.877794
v -0.309163 0.676191 -0.733529
v -0.370844 0.705388 -0.600039
v -0.838534 0.127196 -0.469658
v -0.774800 0.208226 -0.558388
v -0.772894 0.079954 -0.607042
v -0.762782 0.471425 -0.456893
v -0.767057 0.338909 -0.505321
v -0.829326 0.376984 -0.368557
v -0.635781 0.248399 -0.794853
v -0.707985 0.298396 -0.652643
v -0.628592 0.388491 -0.738955
v -0.520157 0.655119 -0.571708
v -0.585253 0.532481 -0.670640
v -0.653293 0.570114 -0.518707
v -0.704658 0.713054 0.000000
v -0.805880 0.498061 -0.150048
v -0.764079 0.607420 -0.079465
v -0.789414 0.627561 0.082100
v -0.827991 0.511727 0.154165
v -0.877233 0.000000 -0.386688
v -0.924913 0.131742 -0.358464
v -0.978643 0.131852 -0.081489
v -0.958111 0.131655 -0.218231
v -0.999998 0.000000 -0.139284
v -0.909616 0.262172 -0.299080
v -0.857344 0.371597 -0.229660
v -0.944477 0.134529 0.366047
v -0.948629 0.000000 0.418160
v -0.866801 0.375696 0.232193
v -0.908170 0.261756 0.298604
v -1.001359 0.000000 0.139473
v -0.982217 0.134967 0.223721
v -0.988870 0.133230 0.082341
v -0.884816 0.387279 -0.079784
v -0.937587 0.259143 0.000000
v -0.866957 0.379462 0.078173
v 0.591048 0.820118 0.220405
v 0.614086 0.781862 0.080881
v 0.458022 0.764666 0.472590
v 0.529538 0.803817 0.355151
v 0.775596 0.620378 0.242381
v 0.664172 0.720491 0.303667
v 0.725181 0.616876 0.381250
v 0.129761 0.479127 0.855441
v 0.214148 0.574270 0.796838
v 0.493773 0.478553 0.798942
v 0.353626 0.527264 0.800365
v 0.393474 0.384679 0.865604
v 0.299925 0.655986 0.711611
v 0.381236 0.725154 0.616853
v 0.905775 0.137396 0.507319
v 0.811412 0.218065 0.584774
v 0.800785 0.082839 0.628948
v 0.788150 0.487104 0.472089
v 0.808841 0.357371 0.532848
v 0.890197 0.404654 0.395608
v 0.617477 0.241248 0.771969
v 0.712506 0.300302 0.656811
v 0.620016 0.383191 0.728873
v 0.540124 0.680267 0.593654
v 0.606184 0.551524 0.694624
v 0.675120 0.589162 0.536037
v -0.129500 0.352364 0.909173
v 0.000000 0.406732 0.922703
v -0.379587 0.234598 0.875779
v -0.260464 0.297131 0.903690
v 0.000000 0.140977 1.012156
v -0.133190 0.220776 0.969285
v -0.133137 0.082283 0.988178
v -0.801382 -0.082901 0.629418
v -0.689786 0.000000 0.681664
v -0.499168 -0.150382 0.807671
v -0.596170 -0.077993 0.749927
v -0.594944 -0.232444 0.743799
v -0.604449 0.079076 0.760342
v -0.515149 0.155197 0.833529
v 0.000000 -0.382426 0.867563
v -0.128723 -0.350250 0.903718
v -0.125322 -0.462735 0.826175
v -0.135150 -0.083528 1.003122
v -0.136157 -0.225694 0.990876
v 0.000000 -0.141817 1.018186
v -0.385490 -0.376873 0.848038
v -0.264051 -0.301223 0.916134
v -0.385616 -0.238324 0.889689
v -0.396631 0.081711 0.906184
v -0.398204 -0.082034 0.909776
v -0.269434 0.000000 0.974823
v -0.952895 -0.135728 0.369310
v -0.903261 -0.137015 0.505911
v -1.010424 -0.136134 0.084136
v -0.991917 -0.136300 0.225931
v -0.865385 -0.393375 0.384582
v -0.928129 -0.267508 0.305167
v -0.925784 -0.401261 0.247993
v -0.830091 -0.125916 -0.464929
v -0.898276 -0.127948 -0.348141
v -0.904337 -0.391965 -0.242248
v -0.930546 -0.268205 -0.305961
v -0.853888 -0.388149 -0.379472
v -0.990864 -0.136155 -0.225691
v -1.021191 -0.137585 -0.085032
v -0.605275 -0.770644 0.079721
v -0.710848 -0.719318 0.000000
v -0.579684 -0.738060 -0.076350
v -0.877910 -0.542578 0.163460
v -0.815253 -0.648102 0.084787
v -0.797885 -0.638206 0.249347
v -0.765781 -0.612527 -0.239314
v -0.809657 -0.643653 -0.084205
v -0.881718 -0.544932 -0.164169
v -1.006938 -0.278311 0.000000
v -0.965018 -0.422383 -0.087016
v -0.943492 -0.412961 0.085075
v -0.718751 0.000000 -0.710289
v -0.758649 -0.078480 -0.595854
v -0.530646 0.159865 -0.858604
v -0.643549 0.084191 -0.809526
v -0.603507 -0.235790 -0.754504
v -0.628450 -0.082216 -0.790533
v -0.524602 -0.158044 -0.848824
v 0.000000 0.397290 -0.901284
v -0.132152 0.359581 -0.927794
v -0.133740 0.082656 -0.992654
v -0.135104 0.223949 -0.983218
v 0.000000 0.137613 -0.988004
v -0.269858 0.307847 -0.936282
v -0.394861 0.244037 -0.911018
v -0.138579 -0.511687 -0.913574
v -0.138273 -0.376235 -0.970763
v 0.000000 -0.414243 -0.939744
v -0.391755 -0.242118 -0.903851
v -0.272018 -0.310312 -0.943777
v -0.397652 -0.388763 -0.874793
v 0.000000 -0.142374 -1.022183
v -0.137739 -0.228316 -1.002388
v -0.135769 -0.083910 -1.007711
v -0.401460 0.082705 -0.917215
v -0.268756 0.000000 -0.972369
v -0.406204 -0.083683 -0.928055
v 0.213778 0.573277 -0.795459
v 0.128059 0.472844 -0.844223
v 0.376163 0.715505 -0.608645
v 0.306881 0.671200 -0.728115
v 0.385727 0.377104 -0.848560
v 0.345671 0.515404 -0.782362
v 0.480478 0.465667 -0.777430
v 0.604121 0.769175 -0.079569
v 0.566999 0.786749 -0.211437
v 0.733884 0.624279 -0.385825
v 0.666360 0.722865 -0.304668
v 0.788614 0.630791 -0.246450
v 0.515660 0.782751 -0.345844
v 0.448101 0.748103 -0.462353
v 0.832244 0.086093 -0.653657
v 0.847966 0.227889 -0.611118
v 0.898850 0.136346 -0.503440
v 0.621449 0.384077 -0.730557
v 0.745653 0.314272 -0.687367
v 0.637543 0.249088 -0.797055
v 0.892439 0.405673 -0.396604
v 0.825984 0.364945 -0.544141
v 0.790572 0.488600 -0.473539
v 0.513361 0.646560 -0.564238
v 0.659639 0.575652 -0.523746
v 0.582798 0.530247 -0.667827
v 0.654734 -0.833616 0.086235
v 0.600071 -0.832638 0.223770
v 0.517053 -0.923155 0.140033
v 0.722829 -0.614875 0.380014
v 0.666042 -0.722520 0.304523
v 0.790151 -0.632020 0.246930
v 0.371042 -0.834919 0.379526
v 0.522641 -0.793348 0.350525
v 0.447704 -0.747440 0.461943
v 0.766561 -0.079299 0.602068
v 0.782530 -0.210303 0.563959
v 0.861846 -0.130733 0.482715
v 0.591729 -0.365708 0.695619
v 0.690069 -0.290845 0.636128
v 0.596817 -0.233176 0.746139
v 0.868121 -0.394619 0.385798
v 0.787030 -0.347734 0.518479
v 0.780541 -0.482401 0.467531
v 0.074968 -0.569185 0.724694
v 0.201112 -0.539312 0.748330
v 0.123271 -0.455163 0.812655
v 0.350948 -0.667543 0.567846
v 0.283358 -0.619751 0.672304
v 0.226739 -0.725543 0.580342
v 0.367130 -0.358923 0.807649
v 0.329922 -0.491922 0.746717
v 0.449649 -0.435789 0.727547
v 0.662866 -0.578469 0.526308
v 0.566648 -0.515553 0.649320
v 0.512252 -0.645163 0.563020
v 0.374610 -0.966573 0.137676
v 0.418915 -0.950342 0.000000
v 0.232339 -0.867344 0.375932
v 0.311558 -0.947566 0.273110
v 0.134195 -0.963463 0.000000
v 0.224596 -0.986056 0.135494
v 0.080539 -0.967227 0.130314
v -0.075701 -0.574755 0.731785
v 0.000000 -0.649425 0.657163
v -0.153531 -0.824583 0.509620
v -0.077909 -0.749116 0.595525
v -0.236180 -0.755753 0.604506
v 0.075868 -0.729490 0.579923
v 0.150839 -0.810128 0.500687
v -0.375659 -0.852212 0.000000
v -0.344393 -0.888604 0.126570
v -0.456902 -0.815760 0.123742
v -0.081165 -0.974753 0.131328
v -0.213344 -0.936657 0.128706
v -0.127795 -0.917514 0.000000
v -0.379701 -0.854404 0.388383
v -0.305201 -0.928233 0.267538
v -0.238748 -0.891273 0.386303
v 0.078857 -0.874533 0.382778
v -0.078822 -0.874144 0.382608
v 0.000000 -0.934125 0.258186
v 0.360861 -0.931097 -0.132623
v 0.497384 -0.888036 -0.134705
v 0.077321 -0.928587 -0.125108
v 0.213965 -0.939384 -0.129081
v 0.378730 -0.852218 -0.387390
v 0.302423 -0.919784 -0.265103
v 0.229878 -0.858158 -0.371950
v -0.461191 -0.823417 -0.124903
v -0.333432 -0.860325 -0.122542
v -0.233471 -0.871571 -0.377763
v -0.290460 -0.883401 -0.254617
v -0.368521 -0.829247 -0.376948
v -0.201522 -0.884754 -0.121574
v -0.075954 -0.912171 -0.122897
v 0.080139 -0.608447 -0.774682
v 0.000000 -0.702203 -0.710569
v -0.084329 -0.640264 -0.815192
v 0.145482 -0.781355 -0.482904
v 0.076056 -0.731307 -0.581367
v 0.230610 -0.737928 -0.590249
v -0.244357 -0.781918 -0.625435
v -0.081108 -0.779881 -0.619982
v -0.153329 -0.823500 -0.508951
v 0.000000 -0.909659 -0.251424
v -0.078441 -0.869925 -0.380761
v 0.077823 -0.863074 -0.377762
v 0.569758 -0.790576 -0.212466
v 0.643473 -0.819278 -0.084752
v 0.447925 -0.747810 -0.462172
v 0.508330 -0.771624 -0.340927
v 0.790899 -0.632618 -0.247164
v 0.653266 -0.708660 -0.298681
v 0.722902 -0.614937 -0.380052
v 0.129588 -0.478489 -0.854302
v 0.208414 -0.558893 -0.775501
v 0.477182 -0.462473 -0.772097
v 0.345374 -0.514959 -0.781688
v 0.401277 -0.392307 -0.882770
v 0.292488 -0.639721 -0.693967
v 0.369168 -0.702200 -0.597327
v 0.862340 -0.130808 -0.482992
v 0.788828 -0.211996 -0.568497
v 0.800596 -0.082819 -0.628800
v 0.757487 -0.468153 -0.453722
v 0.760400 -0.335968 -0.500935
v 0.830839 -0.377671 -0.369229
v 0.629368 -0.245894 -0.786836
v 0.723726 -0.305031 -0.667154
v 0.623519 -0.385356 -0.732991
v 0.512776 -0.645823 -0.563596
v 0.579381 -0.527138 -0.663912
v 0.659464 -0.575499 -0.523607
v 0.741498 -0.750332 0.000000
v 0.884909 -0.546904 -0.164763
v 0.827317 -0.657693 -0.086042
v 0.812133 -0.645622 0.084462
v 0.876730 -0.541849 0.163240
v 0.926834 0.000000 -0.408553
v 0.907677 -0.129287 -0.351784
v 0.968046 -0.130425 -0.080607
v 0.949649 -0.130492 -0.216303
v 0.994462 0.000000 -0.138513
v 0.902469 -0.260112 -0.296730
v 0.893356 -0.387206 -0.239306
v 0.926476 -0.131965 0.359070
v 0.930539 0.000000 0.410186
v 0.943417 -0.408903 0.252716
v 0.934892 -0.269457 0.307390
v 1.010008 0.000000 0.140678
v 0.972299 -0.133604 0.221462
v 0.975706 -0.131457 0.081245
v 0.928464 -0.406383 -0.083720
v 0.942680 -0.260550 0.000000
v 0.937453 -0.410317 0.084530
v 0.125873 -0.342495 0.883708
v 0.375894 -0.232315 0.867257
v 0.259005 -0.295466 0.898626
v 0.132560 -0.219732 0.964703
v 0.132710 -0.082019 0.985010
v 0.702322 0.000000 0.694052
v 0.517023 0.155761 0.836561
v 0.605867 0.079262 0.762124
v 0.599634 -0.078446 0.754285
v 0.505827 -0.152388 0.818446
v 0.133113 0.362195 0.934538
v 0.138312 0.085481 1.026587
v 0.138945 0.230316 1.011170
v 0.271743 0.309997 0.942821
v 0.391923 0.242221 0.904238
v 0.397022 -0.081791 0.907076
v 0.402037 0.082824 0.918534
v 0.266670 0.000000 0.964821
v -0.579346 -0.803880 0.216041
v -0.476233 -0.795070 0.491380
v -0.527012 -0.799983 0.353457
v -0.667081 -0.723647 0.304998
v -0.740394 -0.629816 0.389248
v -0.205701 -0.551617 0.765405
v -0.471347 -0.456818 0.762656
v -0.339586 -0.506330 0.768588
v -0.291884 -0.638399 0.692533
v -0.382993 -0.728497 0.619696
v -0.809405 -0.217526 0.583327
v -0.786705 -0.486211 0.471223
v -0.810125 -0.357938 0.533694
v -0.708866 -0.298768 0.653456
v -0.603622 -0.373059 0.709600
v -0.539171 -0.679066 0.592606
v -0.576068 -0.524124 0.660115
v -0.671930 -0.586378 0.533505
v -0.230229 -0.617392 -0.856672
v -0.383426 -0.729321 -0.620397
v -0.317468 -0.694356 -0.753234
v -0.373925 -0.557530 -0.846307
v -0.495083 -0.479822 -0.801060
v -0.553097 -0.767458 -0.206253
v -0.711026 -0.604835 -0.373808
v -0.644133 -0.698753 -0.294506
v -0.513447 -0.779392 -0.344359
v -0.451541 -0.753846 -0.465902
v -0.778473 -0.209213 -0.561035
v -0.613690 -0.379281 -0.721436
v -0.701509 -0.295667 -0.646674
v -0.803337 -0.354939 -0.529221
v -0.770103 -0.475950 -0.461279
v -0.518150 -0.652591 -0.569502
v -0.662530 -0.578176 -0.526042
v -0.585342 -0.532562 -0.670743
v 0.759683 0.000000 -0.750738
v 0.539074 -0.162404 -0.872240
v 0.648475 -0.084836 -0.815722
v 0.678712 0.088791 -0.853758
v 0.561475 0.169153 -0.908486
v 0.134915 -0.367099 -0.947192
v 0.134657 -0.083222 -0.999456
v 0.139718 -0.231597 -1.016794
v 0.277303 -0.316340 -0.962112
v 0.409632 -0.253166 -0.945098
v 0.128939 0.350837 -0.905232
v 0.405645 0.250702 -0.935898
v 0.263786 0.300920 -0.915213
v 0.132640 0.219864 -0.965280
v 0.132189 0.081697 -0.981141
v 0.409315 -0.084323 -0.935162
v 0.266854 0.000000 -0.965487
v 0.412755 0.085032 -0.943022
v 0.943451 0.134383 0.365649
v 1.007273 0.135710 0.083873
v 0.979707 0.134622 0.223150
v 0.945043 0.272383 0.310728
v 0.927037 0.401804 0.248329
v 0.954561 0.135965 -0.369955
v 0.924588 0.400743 -0.247673
v 0.954946 0.275237 -0.313984
v 0.999221 0.137303 -0.227594
v 1.009742 0.136042 -0.084079
v 0.690704 0.698933 0.000000
v 0.849550 0.525051 0.158179
v 0.790981 0.628807 0.082263
v 0.783166 0.622594 -0.081450
v 0.882008 0.545111 -0.164223
v 0.977520 0.270180 0.000000
v 0.927316 0.405881 -0.083616
v 0.927835 0.406108 0.083663
v -0.577610 0.827162 0.041035
v -0.548842 0.822587 0.105912
v -0.498726 0.846988 0.064774
v -0.641883 0.758415 0.189589
v -0.598252 0.794628 0.148245
v -0.662231 0.751478 0.122242
v -0.443841 0.834971 0.189020
v -0.518170 0.813595 0.168956
v -0.494512 0.814388 0.232666
v -0.767969 0.557948 0.344831
v -0.745902 0.614898 0.309826
v -0.786046 0.554974 0.273822
v -0.639095 0.719450 0.373219
v -0.702998 0.676681 0.346565
v -0.672924 0.670221 0.414219
v -0.738066 0.665114 0.202099
v -0.716467 0.667076 0.271639
v -0.686294 0.718615 0.233658
v -0.339063 0.819300 0.437977
v -0.408865 0.790008 0.420216
v -0.372813 0.765629 0.473185
v -0.469118 0.812860 0.299267
v -0.436565 0.797219 0.357501
v -0.397710 0.839042 0.316380
v -0.519883 0.721668 0.446015
v -0.483106 0.767594 0.405654
v -0.553940 0.738470 0.387128
v -0.621993 0.763011 0.259802
v -0.593098 0.757350 0.327333
v -0.547605 0.793729 0.281603
v -0.843219 0.041832 0.588823
v -0.845684 0.108885 0.564252
v -0.886733 0.067814 0.522129
v -0.749952 0.187474 0.634721
v -0.800018 0.149251 0.602309
v -0.741725 0.120656 0.653636
v -0.869251 0.196780 0.462063
v -0.838106 0.174046 0.533780
v -0.833200 0.238040 0.505935
v -0.548895 0.339236 0.755509
v -0.586607 0.295571 0.711583
v -0.546935 0.269856 0.774660
v -0.672115 0.348663 0.597047
v -0.626023 0.320621 0.650371
v -0.633795 0.391707 0.636351
v -0.641954 0.195061 0.712365
v -0.631869 0.257302 0.678653
v -0.690023 0.224361 0.658987
v -0.804032 0.429815 0.332744
v -0.788282 0.419298 0.407972
v -0.785258 0.485316 0.382371
v -0.822009 0.302635 0.474398
v -0.801869 0.359586 0.439111
v -0.853192 0.321716 0.404417
v -0.722557 0.446565 0.520523
v -0.756052 0.399554 0.475841
v -0.719181 0.377016 0.539471
v -0.733216 0.249657 0.597704
v -0.723240 0.312590 0.566386
v -0.778272 0.276119 0.536941
v -0.040558 0.570900 0.817553
v -0.106508 0.551930 0.827216
v -0.065939 0.507692 0.862215
v -0.187083 0.633400 0.748392
v -0.148695 0.600067 0.797039
v -0.119739 0.648672 0.736092
v -0.194350 0.456357 0.858517
v -0.174003 0.533646 0.837895
v -0.236577 0.502825 0.828078
v -0.330234 0.735461 0.534330
v -0.294782 0.709682 0.585040
v -0.265747 0.762865 0.538607
v -0.355975 0.609568 0.686210
v -0.327615 0.664559 0.639681
v -0.390075 0.633700 0.631155
v -0.195280 0.713165 0.642675
v -0.259680 0.684923 0.637707
v -0.226323 0.664751 0.696058
v -0.427940 0.331292 0.800523
v -0.425374 0.413884 0.799706
v -0.483440 0.380893 0.782222
v -0.306237 0.480045 0.831792
v -0.368835 0.450405 0.822493
v -0.321145 0.403700 0.851678
v -0.443163 0.516558 0.717053
v -0.409074 0.487179 0.774067
v -0.384473 0.550141 0.733405
v -0.256392 0.613829 0.752996
v -0.322225 0.583843 0.745532
v -0.281759 0.547908 0.794169
v -0.749284 0.547208 0.422317
v -0.676119 0.501265 0.557786
v -0.721147 0.530232 0.496694
v -0.709952 0.611391 0.464211
v -0.639123 0.648486 0.486037
v -0.545835 0.421258 0.747405
v -0.498207 0.554383 0.671994
v -0.525927 0.492662 0.715293
v -0.584568 0.443845 0.678805
v -0.624329 0.467931 0.615316
v -0.398361 0.706780 0.516166
v -0.555623 0.673497 0.499321
v -0.476969 0.692508 0.509174
v -0.431322 0.659653 0.568075
v -0.470454 0.618632 0.627695
v -0.612043 0.544713 0.586325
v -0.548036 0.589902 0.615777
v -0.589211 0.615055 0.547393
v -0.436378 0.874909 0.064489
v -0.455837 0.866302 0.000000
v -0.382907 0.863818 0.189273
v -0.404373 0.858601 0.126137
v -0.336672 0.933945 0.000000
v -0.376044 0.908207 0.065007
v -0.314871 0.940504 0.065645
v -0.270035 0.838178 0.436925
v -0.303590 0.858220 0.380801
v -0.234135 0.942815 0.266060
v -0.267625 0.895783 0.322313
v -0.200321 0.919895 0.324126
v -0.336752 0.876442 0.322510
v -0.361047 0.873663 0.257335
v -0.066900 0.965270 0.000000
v -0.109963 0.987856 0.066454
v -0.041002 0.990966 0.066343
v -0.243319 0.950982 0.065488
v -0.176610 0.965165 0.065497
v -0.201583 0.957071 0.000000
v -0.123527 0.978688 0.199871
v -0.151368 0.978256 0.133097
v -0.194083 0.972730 0.200719
v -0.324843 0.906597 0.194928
v -0.262807 0.948970 0.200051
v -0.286619 0.936999 0.131056
v 0.040756 0.573684 0.821539
v 0.000000 0.617207 0.785836
v 0.077800 0.676510 0.684570
v 0.039647 0.644707 0.731045
v 0.118741 0.643261 0.729951
v -0.040101 0.652089 0.739415
v -0.078882 0.685917 0.694090
v 0.232698 0.824500 0.509569
v 0.198689 0.807249 0.568559
v 0.274276 0.787349 0.555894
v 0.040741 0.818854 0.575393
v 0.120082 0.819016 0.575955
v 0.078075 0.843874 0.521543
v 0.197266 0.720416 0.649209
v 0.159238 0.770025 0.614008
v 0.118887 0.724831 0.650233
v -0.195584 0.794637 0.559676
v -0.231158 0.819042 0.506196
v -0.119205 0.726768 0.651970
v -0.158635 0.767113 0.611686
v -0.078577 0.849301 0.524897
v -0.119715 0.816513 0.574195
v -0.040460 0.813189 0.571413
v 0.039906 0.729409 0.654855
v 0.000000 0.778885 0.619190
v -0.039421 0.720528 0.646883
v 0.452445 0.859854 0.000000
v 0.438052 0.878265 0.064736
v 0.500641 0.850240 0.065023
v 0.301730 0.901253 0.062905
v 0.369653 0.892771 0.063902
v 0.323319 0.896902 0.000000
v 0.460063 0.865488 0.195928
v 0.415271 0.881742 0.129536
v 0.390551 0.881061 0.193051
v 0.039577 0.956520 0.064037
v 0.103903 0.933413 0.062792
v 0.065038 0.938401 0.000000
v 0.188422 0.944357 0.194864
v 0.146487 0.946709 0.128805
v 0.119641 0.947897 0.193583
v 0.191195 0.907753 0.000000
v 0.170109 0.929637 0.063086
v 0.234155 0.915168 0.063022
v 0.349085 0.843518 0.450924
v 0.308030 0.870773 0.386371
v 0.273523 0.849007 0.442570
v 0.365406 0.884210 0.260442
v 0.339795 0.884363 0.325425
v 0.404870 0.854147 0.322076
v 0.197159 0.905376 0.319010
v 0.264803 0.886337 0.318914
v 0.226882 0.913609 0.257818
v 0.280857 0.918162 0.128421
v 0.256730 0.927026 0.195425
v 0.325520 0.908485 0.195334
v -0.197708 0.866258 0.453071
v -0.041052 0.879458 0.461432
v -0.119208 0.875324 0.458774
v -0.159278 0.895128 0.389906
v -0.121960 0.928735 0.330069
v 0.196839 0.862451 0.451080
v 0.118911 0.905516 0.321817
v 0.158603 0.891330 0.388252
v 0.119834 0.879921 0.461184
v 0.041578 0.890724 0.467343
v 0.000000 0.973037 0.131097
v -0.080826 0.952693 0.263318
v -0.040723 0.966330 0.197805
v 0.039965 0.948349 0.194124
v 0.079158 0.933042 0.257886
v 0.000000 0.900167 0.393998
v 0.040178 0.915995 0.325048
v -0.040636 0.926445 0.328756
v -0.431849 0.865827 -0.063819
v -0.501590 0.851852 -0.065146
v -0.312290 0.932792 -0.065107
v -0.372867 0.900533 -0.064458
v -0.455449 0.856809 -0.193964
v -0.415769 0.882799 -0.129692
v -0.398418 0.898810 -0.196940
v -0.039130 0.945718 -0.063314
v -0.104088 0.935075 -0.062904
v -0.185178 0.928099 -0.191509
v -0.143835 0.929570 -0.126473
v -0.116043 0.919396 -0.187762
v -0.171227 0.935745 -0.063501
v -0.243325 0.951005 -0.065490
v -0.340570 0.822941 -0.439924
v -0.305409 0.863363 -0.383083
v -0.272286 0.845168 -0.440568
v -0.369054 0.893037 -0.263042
v -0.337741 0.879017 -0.323458
v -0.400570 0.845075 -0.318655
v -0.198301 0.910618 -0.320857
v -0.269302 0.901397 -0.324333
v -0.230517 0.928245 -0.261949
v -0.282247 0.922708 -0.129057
v -0.256354 0.925670 -0.195139
v -0.329246 0.918884 -0.197570
v 0.496268 0.842815 -0.064455
v 0.428479 0.859072 -0.063322
v 0.390096 0.880034 -0.192826
v 0.412447 0.875745 -0.128655
v 0.453551 0.853238 -0.193155
v 0.364561 0.880474 -0.063022
v 0.300313 0.897020 -0.062610
v 0.267216 0.829430 -0.432365
v 0.295600 0.835633 -0.370779
v 0.335053 0.809610 -0.432797
v 0.227066 0.914349 -0.258027
v 0.263383 0.881585 -0.317205
v 0.197835 0.908478 -0.320103
v 0.405724 0.855948 -0.322755
v 0.330709 0.860715 -0.316723
v 0.366081 0.885845 -0.260924
v 0.102866 0.924105 -0.062166
v 0.038650 0.934124 -0.062537
v 0.232295 0.907899 -0.062521
v 0.166382 0.909270 -0.061704
v 0.116738 0.924897 -0.188885
v 0.143562 0.927808 -0.126233
v 0.183507 0.919722 -0.189781
v 0.321981 0.898610 -0.193211
v 0.251622 0.908581 -0.191536
v 0.274366 0.896944 -0.125454
v -0.041304 0.581392 -0.832578
v 0.000000 0.626695 -0.797916
v 0.040456 0.569465 -0.815498
v -0.083688 0.727710 -0.736380
v -0.042211 0.686389 -0.778308
v -0.126698 0.686371 -0.778871
v 0.125735 0.681154 -0.772951
v 0.041857 0.680638 -0.771786
v 0.083636 0.727258 -0.735923
v -0.231442 0.820048 -0.506817
v -0.193986 0.788144 -0.555103
v -0.269738 0.774322 -0.546696
v -0.039766 0.799241 -0.561612
v -0.117141 0.798957 -0.561849
v -0.076242 0.824068 -0.509302
v -0.203747 0.744086 -0.670539
v -0.160097 0.774183 -0.617324
v -0.124737 0.760493 -0.682225
v 0.270459 0.776391 -0.548157
v 0.194659 0.790876 -0.557028
v 0.231191 0.819160 -0.506269
v 0.124417 0.758548 -0.680480
v 0.159465 0.771124 -0.614884
v 0.207848 0.759061 -0.684034
v 0.075852 0.819848 -0.506694
v 0.115972 0.790981 -0.556240
v 0.040076 0.805471 -0.565989
v -0.041497 0.758483 -0.680958
v 0.000000 0.778585 -0.618952
v 0.041266 0.754258 -0.677165
v 0.000000 0.942641 -0.127002
v 0.077271 0.910790 -0.251736
v 0.039019 0.925892 -0.189527
v -0.038903 0.923140 -0.188964
v -0.076657 0.903556 -0.249737
v 0.193980 0.849927 -0.444530
v 0.039304 0.842008 -0.441782
v 0.116170 0.853014 -0.447081
v 0.156406 0.878985 -0.382875
v 0.117051 0.891348 -0.316782
v -0.194235 0.851041 -0.445112
v -0.118460 0.902079 -0.320596
v -0.156522 0.879639 -0.383159
v -0.116456 0.855115 -0.448183
v -0.040010 0.857136 -0.449720
v 0.039001 0.889149 -0.315521
v 0.000000 0.865622 -0.378878
v -0.038897 0.886792 -0.314685
v -0.550634 0.825274 -0.106258
v -0.577339 0.826773 -0.041016
v -0.504965 0.831602 -0.237584
v -0.526725 0.827028 -0.171746
v -0.667074 0.756974 -0.123136
v -0.597325 0.793398 -0.148016
v -0.641802 0.758320 -0.189565
v -0.381885 0.784260 -0.484699
v -0.413788 0.799519 -0.425275
v -0.544454 0.725824 -0.380498
v -0.480027 0.762703 -0.403068
v -0.516399 0.716832 -0.443026
v -0.440920 0.805172 -0.361067
v -0.473078 0.819722 -0.301793
v -0.758454 0.535493 -0.264210
v -0.729574 0.601438 -0.303044
v -0.745828 0.541862 -0.334889
v -0.679051 0.711031 -0.231192
v -0.710165 0.661208 -0.269250
v -0.721479 0.650167 -0.197557
v -0.659383 0.656735 -0.405885
v -0.685475 0.659814 -0.337927
v -0.621947 0.700146 -0.363205
v -0.546103 0.791554 -0.280831
v -0.573869 0.732796 -0.316720
v -0.613565 0.752673 -0.256282
v -0.067352 0.518578 -0.880703
v -0.111202 0.576257 -0.863677
v -0.246343 0.523581 -0.862261
v -0.178263 0.546712 -0.858410
v -0.200866 0.471656 -0.887298
v -0.154508 0.623526 -0.828199
v -0.193440 0.654922 -0.773822
v -0.500453 0.394297 -0.809750
v -0.440968 0.429057 -0.829022
v -0.461045 0.356921 -0.862451
v -0.402104 0.575369 -0.767037
v -0.419318 0.499379 -0.793451
v -0.461341 0.537746 -0.746465
v -0.334426 0.420395 -0.886900
v -0.376589 0.459875 -0.839786
v -0.316066 0.495452 -0.858489
v -0.300953 0.724539 -0.597287
v -0.336154 0.748644 -0.543908
v -0.238866 0.701590 -0.734632
v -0.272221 0.718001 -0.668505
v -0.402432 0.653774 -0.651148
v -0.339249 0.688158 -0.662396
v -0.371201 0.635641 -0.715561
v -0.292651 0.569090 -0.824871
v -0.338600 0.613514 -0.783421
v -0.266152 0.637194 -0.781659
v -0.835516 0.063897 -0.491971
v -0.803258 0.103423 -0.535945
v -0.805367 0.039954 -0.562391
v -0.804597 0.229869 -0.488566
v -0.799028 0.165931 -0.508892
v -0.839297 0.189999 -0.446141
v -0.746819 0.121484 -0.658126
v -0.773686 0.144338 -0.582485
v -0.744741 0.186171 -0.630310
v -0.777907 0.480773 -0.378792
v -0.802299 0.426754 -0.415226
v -0.814485 0.435403 -0.337070
v -0.730273 0.382831 -0.547792
v -0.763662 0.403575 -0.480630
v -0.728965 0.450525 -0.525139
v -0.837621 0.315845 -0.397036
v -0.804295 0.360674 -0.440440
v -0.802836 0.295576 -0.463333
v -0.581204 0.286764 -0.823197
v -0.639502 0.322223 -0.775748
v -0.576371 0.356217 -0.793326
v -0.716748 0.233051 -0.684511
v -0.680715 0.277193 -0.731115
v -0.678272 0.206097 -0.752667
v -0.676618 0.418173 -0.679346
v -0.680624 0.348585 -0.707095
v -0.708280 0.367424 -0.629173
v -0.768964 0.272816 -0.530518
v -0.731636 0.316219 -0.572961
v -0.737122 0.250987 -0.600889
v -0.414677 0.735729 -0.537308
v -0.475100 0.624743 -0.633894
v -0.444523 0.679842 -0.585461
v -0.487719 0.708117 -0.520651
v -0.557916 0.676276 -0.501382
v -0.559884 0.432101 -0.766643
v -0.653408 0.489726 -0.643975
v -0.611127 0.464010 -0.709645
v -0.536801 0.502847 -0.730081
v -0.513779 0.571711 -0.692998
v -0.733307 0.535540 -0.413312
v -0.627678 0.636872 -0.477332
v -0.690011 0.594218 -0.451173
v -0.708846 0.521187 -0.488222
v -0.673894 0.499616 -0.555950
v -0.552893 0.595131 -0.621235
v -0.619647 0.551480 -0.593610
v -0.590848 0.616764 -0.548915
v -0.629168 0.801065 0.000000
v -0.706062 0.714474 -0.081199
v -0.674185 0.764470 -0.041460
v -0.667587 0.756988 0.041054
v -0.708501 0.716942 0.081479
v -0.797485 0.492873 -0.225074
v -0.771230 0.543191 -0.189823
v -0.795981 0.559320 -0.039603
v -0.786655 0.553197 -0.115337
v -0.817931 0.505509 -0.075675
v -0.757024 0.603642 -0.156549
v -0.734544 0.658946 -0.120480
v -0.796038 0.560663 0.195929
v -0.818850 0.506077 0.231104
v -0.762090 0.683658 0.124998
v -0.776223 0.618951 0.160519
v -0.834844 0.515962 0.077239
v -0.807237 0.567672 0.118355
v -0.804607 0.565382 0.040033
v -0.740407 0.664730 -0.040508
v -0.773002 0.614514 0.000000
v -0.744946 0.668804 0.040756
v -0.863857 0.000000 -0.454551
v -0.870190 0.064141 -0.434025
v -0.929555 0.064881 -0.311206
v -0.904395 0.064734 -0.374466
v -0.910291 0.000000 -0.328146
v -0.891215 0.130928 -0.419733
v -0.881778 0.193208 -0.390869
v -0.989910 0.066272 -0.040958
v -0.992122 0.066741 -0.110438
v -1.001053 0.000000 -0.069380
v -0.943066 0.194598 -0.188164
v -0.969868 0.131956 -0.150070
v -0.954440 0.194919 -0.120466
v -0.993271 0.000000 -0.209207
v -0.981686 0.066618 -0.179633
v -0.959695 0.066088 -0.245548
v -0.841018 0.373168 -0.297504
v -0.824443 0.429765 -0.265610
v -0.876721 0.258236 -0.362311
v -0.871917 0.320845 -0.335013
v -0.906416 0.319377 -0.197386
v -0.893996 0.321670 -0.267091
v -0.929463 0.262292 -0.230819
v -0.938327 0.131242 -0.287025
v -0.935607 0.197234 -0.259106
v -0.910616 0.195792 -0.326283
v -0.929937 0.068545 0.463825
v -0.913809 0.000000 0.480835
v -0.909590 0.199302 0.403197
v -0.915222 0.134455 0.431039
v -0.968181 0.000000 0.349014
v -0.956614 0.068472 0.396087
v -0.966237 0.067441 0.323487
v -0.825548 0.430341 0.265966
v -0.841844 0.373535 0.297797
v -0.916141 0.258533 0.227511
v -0.881327 0.317112 0.263306
v -0.891503 0.314122 0.194138
v -0.866059 0.318690 0.332762
v -0.893690 0.263234 0.369323
v -1.003509 0.000000 0.069551
v -0.996716 0.067050 0.110949
v -0.996830 0.066735 0.041245
v -0.993723 0.068432 0.254254
v -1.001070 0.067934 0.183180
v -1.005073 0.000000 0.211693
v -0.956654 0.195371 0.120746
v -0.986881 0.134271 0.152702
v -0.952047 0.196451 0.189956
v -0.927406 0.199402 0.332299
v -0.946246 0.199476 0.262053
v -0.951672 0.133108 0.291107
v -0.838426 0.438515 -0.191356
v -0.903375 0.321056 -0.118630
v -0.866386 0.377387 -0.154164
v -0.844835 0.442795 -0.115056
v -0.852863 0.447478 -0.039810
v -0.973289 0.131131 0.000000
v -0.929309 0.256855 0.078842
v -0.962950 0.197113 0.040581
v -0.959173 0.196340 -0.040422
v -0.938340 0.259351 -0.079608
v -0.841243 0.439988 0.191998
v -0.849371 0.445646 0.039647
v -0.846773 0.443810 0.115320
v -0.876958 0.381992 0.156045
v -0.896023 0.318443 0.117665
v -0.898508 0.318842 -0.039411
v -0.899018 0.319023 0.039433
v -0.878931 0.384703 0.000000
v 0.553597 0.829715 0.106829
v 0.555980 0.796187 0.039498
v 0.516297 0.850265 0.242916
v 0.537671 0.844215 0.175315
v 0.658166 0.746865 0.121492
v 0.607609 0.807057 0.150564
v 0.650380 0.768455 0.192099
v 0.389002 0.798875 0.493732
v 0.420829 0.813125 0.432512
v 0.571229 0.761518 0.399210
v 0.492906 0.783167 0.413883
v 0.533864 0.741076 0.458010
v 0.447017 0.816307 0.366060
v 0.482623 0.836260 0.307882
v 0.813524 0.574375 0.283394
v 0.760270 0.626743 0.315794
v 0.799787 0.581065 0.359118
v 0.691375 0.723936 0.235388
v 0.717151 0.667714 0.271899
v 0.743979 0.670443 0.203718
v 0.661248 0.658592 0.407032
v 0.688637 0.662857 0.339485
v 0.632874 0.712447 0.369586
v 0.565570 0.819769 0.290841
v 0.604727 0.772200 0.333751
v 0.632439 0.775826 0.264166
v 0.065370 0.503314 0.854780
v 0.106995 0.554453 0.830997
v 0.237831 0.505490 0.832468
v 0.173224 0.531257 0.834144
v 0.194810 0.457437 0.860548
v 0.146248 0.590192 0.783922
v 0.186630 0.631863 0.746576
v 0.504977 0.397862 0.817071
v 0.443803 0.431816 0.834353
v 0.457294 0.354017 0.855435
v 0.400665 0.573311 0.764294
v 0.426203 0.507578 0.806479
v 0.475226 0.553932 0.768933
v 0.325629 0.409336 0.863570
v 0.373679 0.456321 0.833296
v 0.305540 0.478952 0.829899
v 0.309991 0.746298 0.615225
v 0.347629 0.774200 0.562475
v 0.226119 0.664153 0.695431
v 0.269407 0.710581 0.661596
v 0.413542 0.671823 0.669125
v 0.342356 0.694460 0.668462
v 0.372382 0.637663 0.717837
v 0.284591 0.553415 0.802151
v 0.331404 0.600475 0.766770
v 0.260166 0.622864 0.764080
v 0.891136 0.068150 0.524721
v 0.855635 0.110167 0.570891
v 0.831095 0.041230 0.580357
v 0.862969 0.246545 0.524011
v 0.866410 0.179924 0.551807
v 0.900604 0.203878 0.478729
v 0.765738 0.124562 0.674797
v 0.818412 0.152682 0.616158
v 0.761382 0.190331 0.644394
v 0.823532 0.508971 0.401009
v 0.838519 0.446019 0.433972
v 0.879398 0.470104 0.363934
v 0.760725 0.398794 0.570634
v 0.801821 0.423742 0.504647
v 0.756469 0.467524 0.544953
v 0.888262 0.334940 0.421040
v 0.847151 0.379892 0.463908
v 0.861252 0.317083 0.497046
v 0.561977 0.277278 0.795966
v 0.620104 0.312449 0.752217
v 0.567970 0.351025 0.781763
v 0.709933 0.230835 0.678002
v 0.667860 0.271958 0.717309
v 0.657034 0.199644 0.729100
v 0.672246 0.415471 0.674956
v 0.670589 0.343445 0.696669
v 0.716352 0.371611 0.636343
v 0.803565 0.285092 0.554390
v 0.753037 0.325468 0.589720
v 0.756136 0.257461 0.616389
v 0.419924 0.745037 0.544106
v 0.494793 0.650637 0.660168
v 0.459576 0.702864 0.605286
v 0.493711 0.716817 0.527048
v 0.576663 0.699001 0.518230
v 0.561953 0.433698 0.769475
v 0.665896 0.499086 0.656282
v 0.622206 0.472423 0.722511
v 0.548615 0.513914 0.746149
v 0.525041 0.584243 0.708188
v 0.760899 0.555690 0.428864
v 0.639109 0.648471 0.486026
v 0.694192 0.597819 0.453906
v 0.726652 0.534279 0.500486
v 0.708896 0.525566 0.584826
v 0.574494 0.618382 0.645506
v 0.639626 0.569261 0.612749
v 0.606399 0.632997 0.563362
v -0.066365 0.449077 0.900368
v 0.000000 0.468948 0.891219
v -0.192655 0.389750 0.879254
v -0.130468 0.418259 0.888084
v 0.000000 0.342892 0.951199
v -0.065779 0.380512 0.918999
v -0.065923 0.316206 0.944489
v -0.432145 0.267080 0.829009
v -0.375798 0.299601 0.846944
v -0.259368 0.228246 0.919100
v -0.321483 0.266935 0.893475
v -0.322660 0.199415 0.915734
v -0.319902 0.334029 0.869355
v -0.258807 0.363111 0.878658
v 0.000000 0.071428 1.030599
v -0.067413 0.111550 1.002114
v -0.067759 0.041877 1.012118
v -0.066955 0.248769 0.972284
v -0.067188 0.181170 0.990085
v 0.000000 0.210260 0.998270
v -0.197919 0.122321 0.969130
v -0.133195 0.151480 0.978978
v -0.195736 0.189265 0.948582
v -0.194815 0.324655 0.906072
v -0.196518 0.258166 0.932212
v -0.131869 0.288397 0.942812
v -0.839419 -0.041643 0.586170
v -0.795611 0.000000 0.624885
v -0.693216 -0.078783 0.685054
v -0.752125 -0.040791 0.663298
v -0.746917 -0.121500 0.658212
v -0.736743 0.039956 0.649733
v -0.689725 0.078386 0.681604
v -0.497841 -0.227342 0.805523
v -0.545836 -0.190748 0.774986
v -0.546809 -0.269793 0.774481
v -0.559090 -0.039587 0.795653
v -0.548916 -0.114445 0.780567
v -0.503171 -0.075325 0.814148
v -0.639606 -0.194348 0.709760
v -0.598885 -0.155315 0.751059
v -0.636154 -0.116313 0.709136
v -0.561577 0.196248 0.797335
v -0.502600 0.229516 0.813223
v -0.648775 0.118621 0.723206
v -0.609844 0.158158 0.764803
v -0.511606 0.076587 0.827796
v -0.564054 0.117601 0.802093
v -0.556776 0.039423 0.792360
v -0.638823 -0.038929 0.711551
v -0.603424 0.000000 0.759051
v -0.646619 0.039404 0.720235
v 0.000000 -0.438522 0.833395
v -0.061960 -0.419268 0.840604
v -0.062215 -0.479024 0.813528
v -0.065551 -0.314420 0.939156
v -0.063243 -0.365842 0.883568
v 0.000000 -0.330571 0.917021
v -0.187309 -0.439824 0.827413
v -0.127064 -0.407345 0.864911
v -0.191017 -0.386435 0.871777
v -0.067388 -0.041648 1.006570
v -0.068047 -0.112598 1.011531
v 0.000000 -0.070019 1.010273
v -0.205633 -0.198834 0.996545
v -0.137508 -0.156385 1.010679
v -0.202896 -0.125397 0.993503
v 0.000000 -0.208883 0.991732
v -0.068932 -0.185873 1.015785
v -0.067591 -0.251129 0.981508
v -0.447126 -0.346145 0.836414
v -0.388127 -0.309430 0.874730
v -0.446857 -0.276173 0.857231
v -0.257634 -0.361465 0.874675
v -0.326640 -0.341064 0.887665
v -0.321466 -0.404103 0.852529
v -0.327593 -0.202464 0.929735
v -0.328170 -0.272488 0.912059
v -0.270443 -0.237992 0.958346
v -0.133313 -0.291555 0.953137
v -0.204022 -0.268024 0.967808
v -0.195745 -0.326205 0.910397
v -0.447129 0.195115 0.854896
v -0.451138 0.040136 0.859839
v -0.452699 0.117629 0.863733
v -0.389699 0.159194 0.894652
v -0.326731 0.120727 0.919342
v -0.444419 -0.193932 0.849714
v -0.336702 -0.124411 0.947399
v -0.393111 -0.160588 0.902486
v -0.447995 -0.116407 0.854757
v -0.451877 -0.040202 0.861247
v -0.134632 0.000000 0.999272
v -0.264392 0.081155 0.956581
v -0.200702 0.041320 0.980487
v -0.203009 -0.041795 0.991755
v -0.272229 -0.083561 0.984934
v -0.402013 0.000000 0.918481
v -0.335125 -0.041424 0.944394
v -0.332486 0.041098 0.936958
v -0.918590 -0.067709 0.458165
v -0.886889 -0.067826 0.522220
v -0.973070 -0.067918 0.325774
v -0.943050 -0.067501 0.390471
v -0.899114 -0.203541 0.477937
v -0.929560 -0.136561 0.437792
v -0.933709 -0.204587 0.413888
v -0.998419 -0.066842 0.041311
v -1.015452 -0.068311 0.113035
v -0.989714 -0.204224 0.197472
v -1.008674 -0.137236 0.156074
v -0.997217 -0.203655 0.125866
v -1.002813 -0.068052 0.183499
v -1.004384 -0.069166 0.256982
v -0.860837 -0.460182 0.356253
v -0.895980 -0.397555 0.316947
v -0.896795 -0.467481 0.288919
v -0.923960 -0.272150 0.381833
v -0.897032 -0.330087 0.344663
v -0.879966 -0.331812 0.417108
v -0.960731 -0.338515 0.209214
v -0.926335 -0.333306 0.276753
v -0.957955 -0.270333 0.237895
v -0.980998 -0.137210 0.300078
v -0.966967 -0.203845 0.267791
v -0.944581 -0.203095 0.338453
v -0.833728 -0.063760 -0.490918
v -0.856669 -0.063144 -0.427281
v -0.865003 -0.189533 -0.383433
v -0.859569 -0.126279 -0.404829
v -0.840419 -0.190253 -0.446737
v -0.880122 -0.062997 -0.364416
v -0.918566 -0.064114 -0.307527
v -0.860151 -0.448379 -0.277114
v -0.874416 -0.387987 -0.309319
v -0.837791 -0.447862 -0.346715
v -0.965314 -0.272409 -0.239723
v -0.927994 -0.333903 -0.277248
v -0.951781 -0.335361 -0.207265
v -0.849451 -0.320305 -0.402644
v -0.886985 -0.326390 -0.340803
v -0.885123 -0.260711 -0.365783
v -1.017714 -0.068463 -0.113287
v -0.997572 -0.066785 -0.041275
v -0.981493 -0.067589 -0.251125
v -1.019094 -0.069157 -0.186478
v -1.009262 -0.206115 -0.127386
v -1.020455 -0.138839 -0.157897
v -1.001101 -0.206573 -0.199743
v -0.912437 -0.196184 -0.326936
v -0.964309 -0.203284 -0.267055
v -0.938746 -0.131300 -0.287153
v -0.549430 -0.786806 0.039033
v -0.598154 -0.761578 0.000000
v -0.541462 -0.775396 -0.038467
v -0.724360 -0.732991 0.083303
v -0.661928 -0.750571 0.040706
v -0.670151 -0.760465 0.123704
v -0.625448 -0.709737 -0.115452
v -0.639988 -0.725693 -0.039357
v -0.689967 -0.698187 -0.079348
v -0.859727 -0.531340 0.242640
v -0.838430 -0.590520 0.206363
v -0.819163 -0.578355 0.285358
v -0.868696 -0.610416 0.043221
v -0.855607 -0.601686 0.125447
v -0.896777 -0.554239 0.082969
v -0.760429 -0.685267 0.208222
v -0.807918 -0.644223 0.167073
v -0.767830 -0.688807 0.125940
v -0.798648 -0.563871 -0.278212
v -0.829478 -0.584215 -0.204160
v -0.846332 -0.523062 -0.238860
v -0.743635 -0.667102 -0.121971
v -0.792776 -0.632150 -0.163942
v -0.724076 -0.652507 -0.198268
v -0.894606 -0.552897 -0.082768
v -0.847693 -0.596121 -0.124287
v -0.868835 -0.610514 -0.043228
v -0.779108 -0.699475 0.042625
v -0.823096 -0.654337 0.000000
v -0.761532 -0.683695 -0.041664
v -1.006806 -0.135647 0.000000
v -1.015224 -0.280601 -0.086131
v -1.017503 -0.208280 -0.042880
v -1.005003 -0.205721 0.042353
v -0.993105 -0.274487 0.084254
v -0.895143 -0.468179 -0.204300
v -0.932579 -0.489303 -0.043531
v -0.924602 -0.484602 -0.125919
v -0.939641 -0.409296 -0.167199
v -0.978357 -0.347705 -0.128477
v -0.905636 -0.473667 0.206695
v -0.983936 -0.349687 0.129209
v -0.945444 -0.411823 0.168232
v -0.914834 -0.479483 0.124589
v -0.917693 -0.481492 0.042836
v -0.990921 -0.351636 -0.043465
v -0.964259 -0.422050 0.000000
v -0.982078 -0.348498 0.043077
v -0.773272 0.000000 -0.607340
v -0.800499 -0.039712 -0.558992
v -0.726361 0.082549 -0.717808
v -0.751003 0.040730 -0.662309
v -0.731720 -0.119028 -0.644820
v -0.734847 -0.039854 -0.648061
v -0.707659 -0.080424 -0.699327
v -0.521912 0.238335 -0.844472
v -0.582988 0.203731 -0.827736
v -0.593674 0.042036 -0.844871
v -0.582866 0.121523 -0.828844
v -0.535694 0.080193 -0.866770
v -0.634695 0.164602 -0.795968
v -0.682465 0.124780 -0.760760
v -0.564243 -0.278396 -0.799175
v -0.572073 -0.199916 -0.812238
v -0.520194 -0.237550 -0.841691
v -0.671577 -0.122790 -0.748623
v -0.619831 -0.160748 -0.777327
v -0.645309 -0.196081 -0.716089
v -0.540151 -0.080860 -0.873982
v -0.580722 -0.121076 -0.825794
v -0.592529 -0.041955 -0.843241
v -0.692192 0.042182 -0.770996
v -0.642967 0.000000 -0.808793
v -0.683167 -0.041632 -0.760943
v 0.000000 0.470320 -0.893826
v -0.066422 0.449463 -0.901142
v -0.066744 0.320143 -0.956251
v -0.065816 0.380726 -0.919514
v 0.000000 0.336636 -0.933844
v -0.132097 0.423482 -0.899174
v -0.199942 0.404492 -0.912511
v -0.067378 0.041642 -1.006434
v -0.067483 0.111665 -1.003150
v 0.000000 0.069172 -0.998046
v -0.202440 0.195747 -0.981068
v -0.135628 0.154246 -0.996859
v -0.200520 0.123928 -0.981867
v 0.000000 0.206487 -0.980356
v -0.067740 0.182657 -0.998213
v -0.068023 0.252736 -0.987787
v -0.395549 0.315347 -0.891458
v -0.457341 0.282653 -0.877344
v -0.272569 0.382420 -0.925382
v -0.335690 0.350513 -0.912258
v -0.331460 0.204853 -0.940708
v -0.333559 0.276963 -0.927038
v -0.269439 0.237109 -0.954789
v -0.134037 0.293139 -0.958315
v -0.202566 0.266111 -0.960900
v -0.199990 0.333278 -0.930138
v -0.067745 -0.521600 -0.885836
v -0.068772 -0.465362 -0.933019
v 0.000000 -0.474697 -0.902144
v -0.207205 -0.419185 -0.945659
v -0.139230 -0.446348 -0.947726
v -0.208960 -0.490662 -0.923052
v 0.000000 -0.347408 -0.963727
v -0.069226 -0.400448 -0.967146
v -0.068411 -0.328139 -0.980134
v -0.447972 -0.276862 -0.859369
v -0.390109 -0.311010 -0.879197
v -0.455614 -0.352717 -0.852293
v -0.271223 -0.238678 -0.961109
v -0.331943 -0.275621 -0.922546
v -0.334002 -0.206424 -0.947923
v -0.340562 -0.428108 -0.903172
v -0.335110 -0.349907 -0.910681
v -0.273431 -0.383630 -0.928309
v 0.000000 -0.070061 -1.010868
v -0.067912 -0.112375 -1.009522
v -0.066510 -0.041106 -0.993469
v -0.069927 -0.259808 -1.015430
v -0.069117 -0.186371 -1.018507
v 0.000000 -0.215265 -1.022033
v -0.204060 -0.126116 -0.999202
v -0.136802 -0.155581 -1.005484
v -0.205270 -0.198484 -0.994788
v -0.208413 -0.347315 -0.969314
v -0.207884 -0.273098 -0.986130
v -0.138535 -0.302975 -0.990471
v -0.463263 0.202155 -0.885745
v -0.337474 0.124696 -0.949569
v -0.397291 0.162295 -0.912081
v -0.465791 0.121031 -0.888711
v -0.474379 0.042204 -0.904134
v -0.134141 0.000000 -0.995629
v -0.269339 -0.082674 -0.974479
v -0.202078 -0.041603 -0.987209
v -0.200629 0.041305 -0.980128
v -0.266709 0.081866 -0.964961
v -0.459109 -0.200342 -0.877802
v -0.477268 -0.042461 -0.909640
v -0.466765 -0.121284 -0.890570
v -0.396445 -0.161949 -0.910139
v -0.335947 -0.124132 -0.945273
v -0.337928 0.041770 -0.952292
v -0.341414 -0.042201 -0.962116
v -0.410553 0.000000 -0.937991
v 0.106027 0.549440 -0.823485
v 0.065186 0.501895 -0.852371
v 0.193722 0.655875 -0.774947
v 0.148642 0.599854 -0.796756
v 0.190207 0.446629 -0.840215
v 0.172679 0.529586 -0.831521
v 0.231900 0.492884 -0.811707
v 0.339165 0.755351 -0.548781
v 0.308727 0.743255 -0.612716
v 0.377571 0.646549 -0.727841
v 0.344206 0.698214 -0.672075
v 0.415997 0.675811 -0.673097
v 0.276629 0.729629 -0.679331
v 0.237564 0.697768 -0.730630
v 0.454893 0.352158 -0.850944
v 0.429197 0.417604 -0.806892
v 0.492083 0.387702 -0.796206
v 0.297922 0.467010 -0.809207
v 0.363748 0.444194 -0.811150
v 0.320280 0.402612 -0.849383
v 0.460010 0.536195 -0.744311
v 0.413471 0.492416 -0.782387
v 0.397339 0.568552 -0.757949
v 0.257488 0.616452 -0.756214
v 0.326734 0.592014 -0.755966
v 0.278231 0.541049 -0.784227
v 0.554464 0.794016 -0.039391
v 0.541637 0.811789 -0.104521
v 0.637242 0.752931 -0.188218
v 0.580893 0.771571 -0.143944
v 0.651485 0.739284 -0.120259
v 0.521359 0.818604 -0.169996
v 0.501702 0.826230 -0.236049
v 0.781027 0.567435 -0.350694
v 0.768488 0.633518 -0.319208
v 0.818553 0.577925 -0.285146
v 0.636450 0.716472 -0.371674
v 0.707129 0.680657 -0.348601
v 0.668504 0.665819 -0.411499
v 0.740438 0.667251 -0.202748
v 0.732532 0.682034 -0.277730
v 0.691963 0.724552 -0.235588
v 0.409486 0.791208 -0.420854
v 0.374296 0.768674 -0.475066
v 0.473813 0.820994 -0.302262
v 0.449329 0.820528 -0.367953
v 0.524003 0.727387 -0.449550
v 0.484174 0.769292 -0.406551
v 0.557055 0.742622 -0.389304
v 0.618668 0.758932 -0.258413
v 0.590017 0.753416 -0.325632
v 0.545208 0.790255 -0.280370
v 0.852732 0.042304 -0.595466
v 0.873062 0.112411 -0.582519
v 0.881114 0.067384 -0.518820
v 0.802042 0.200495 -0.678806
v 0.850557 0.158679 -0.640359
v 0.797125 0.129668 -0.702457
v 0.910787 0.206183 -0.484142
v 0.878803 0.182498 -0.559700
v 0.881395 0.251810 -0.535200
v 0.568589 0.351408 -0.782616
v 0.629746 0.317307 -0.763913
v 0.581521 0.286920 -0.823646
v 0.738959 0.383339 -0.656426
v 0.684837 0.350742 -0.711472
v 0.677654 0.418813 -0.680386
v 0.701472 0.213146 -0.778411
v 0.693659 0.282464 -0.745018
v 0.754628 0.245367 -0.720687
v 0.858142 0.458741 -0.355138
v 0.842000 0.447871 -0.435774
v 0.802394 0.495907 -0.390715
v 0.863162 0.317787 -0.498149
v 0.859247 0.385317 -0.470532
v 0.906273 0.341731 -0.429578
v 0.762061 0.470980 -0.548982
v 0.809564 0.427834 -0.509520
v 0.779085 0.408419 -0.584407
v 0.793974 0.270345 -0.647233
v 0.790777 0.341780 -0.619275
v 0.838632 0.297533 -0.578583
v 0.408916 0.725507 -0.529843
v 0.552943 0.670248 -0.496913
v 0.484179 0.702976 -0.516871
v 0.449124 0.686879 -0.591521
v 0.484075 0.636544 -0.645868
v 0.757170 0.552967 -0.426762
v 0.699531 0.518623 -0.577101
v 0.727805 0.535127 -0.501280
v 0.699121 0.602064 -0.457129
v 0.632897 0.642168 -0.481301
v 0.556116 0.429192 -0.761482
v 0.513812 0.571747 -0.693042
v 0.539039 0.504944 -0.733126
v 0.610549 0.463572 -0.708974
v 0.658667 0.493667 -0.649158
v 0.592013 0.617980 -0.549997
v 0.623334 0.554761 -0.597141
v 0.547937 0.589795 -0.615665
v 0.606134 -0.868008 0.043061
v 0.589876 -0.884089 0.113830
v 0.541710 -0.919987 0.070357
v 0.661376 -0.781447 0.195346
v 0.630736 -0.837776 0.156295
v 0.697738 -0.791771 0.128797
v 0.493027 -0.927501 0.209967
v 0.562642 -0.883423 0.183457
v 0.531446 -0.875213 0.250043
v 0.792758 -0.575958 0.355962
v 0.755484 -0.622797 0.313806
v 0.831486 -0.587056 0.289651
v 0.629012 -0.708099 0.367330
v 0.688854 -0.663066 0.339592
v 0.662706 -0.660045 0.407930
v 0.755319 -0.680662 0.206823
v 0.718327 -0.668808 0.272344
v 0.691879 -0.724463 0.235559
v 0.329020 -0.795031 0.425004
v 0.411178 -0.794476 0.422592
v 0.367123 -0.753943 0.465962
v 0.494910 -0.857551 0.315721
v 0.453401 -0.827963 0.371288
v 0.417292 -0.880355 0.331958
v 0.527309 -0.731977 0.452386
v 0.487562 -0.774675 0.409396
v 0.561374 -0.748380 0.392323
v 0.634021 -0.777766 0.264826
v 0.598777 -0.764602 0.330467
v 0.565504 -0.819674 0.290807
v 0.814881 -0.040426 0.569035
v 0.827626 -0.106560 0.552203
v 0.862874 -0.065989 0.508080
v 0.742291 -0.185558 0.628236
v 0.779804 -0.145480 0.587091
v 0.736772 -0.119850 0.649271
v 0.855872 -0.193752 0.454951
v 0.825458 -0.171420 0.525725
v 0.825119 -0.235732 0.501028
v 0.535071 -0.330692 0.736481
v 0.590192 -0.297378 0.715932
v 0.544510 -0.268659 0.771226
v 0.684481 -0.355078 0.608032
v 0.642502 -0.329060 0.667490
v 0.638978 -0.394910 0.641555
v 0.642911 -0.195352 0.713428
v 0.644913 -0.262614 0.692663
v 0.697019 -0.226636 0.665669
v 0.869878 -0.465015 0.359994
v 0.816738 -0.434434 0.422699
v 0.812252 -0.501999 0.395516
v 0.825502 -0.303921 0.476414
v 0.819206 -0.367361 0.448605
v 0.863477 -0.325594 0.409292
v 0.740858 -0.457875 0.533707
v 0.771610 -0.407776 0.485633
v 0.738999 -0.387405 0.554337
v 0.739097 -0.251660 0.602499
v 0.743270 -0.321247 0.582071
v 0.785981 -0.278854 0.542259
v 0.037620 -0.529540 0.758323
v 0.099030 -0.513179 0.769137
v 0.062007 -0.477423 0.810809
v 0.178478 -0.604263 0.713966
v 0.138214 -0.557771 0.740859
v 0.112939 -0.611833 0.694288
v 0.183939 -0.431911 0.812527
v 0.160744 -0.492982 0.774048
v 0.222472 -0.472846 0.778707
v 0.326794 -0.727800 0.528764
v 0.292412 -0.703976 0.580336
v 0.263985 -0.757807 0.535036
v 0.349165 -0.597907 0.673083
v 0.320630 -0.650391 0.626043
v 0.381366 -0.619552 0.617064
v 0.189531 -0.692167 0.623752
v 0.254537 -0.671359 0.625078
v 0.217038 -0.637478 0.667500
v 0.425601 -0.329482 0.796149
v 0.408318 -0.397288 0.767639
v 0.463326 -0.365045 0.749677
v 0.285094 -0.446901 0.774363
v 0.346867 -0.423580 0.773506
v 0.308397 -0.387674 0.817869
v 0.434764 -0.506769 0.703464
v 0.392751 -0.467739 0.743179
v 0.373569 -0.534539 0.712606
v 0.243907 -0.583937 0.716328
v 0.307243 -0.556698 0.710869
v 0.266087 -0.517432 0.749996
v 0.762031 -0.556516 0.429502
v 0.687243 -0.509512 0.566963
v 0.720815 -0.529987 0.496465
v 0.696333 -0.599662 0.455306
v 0.634065 -0.643354 0.482190
v 0.516086 -0.398299 0.706670
v 0.495027 -0.550844 0.667705
v 0.508841 -0.476657 0.692055
v 0.576461 -0.437690 0.669392
v 0.628747 -0.471242 0.619669
v 0.395396 -0.701520 0.512325
v 0.556223 -0.674224 0.499861
v 0.477140 -0.692757 0.509357
v 0.425062 -0.650079 0.559830
v 0.462522 -0.608202 0.617112
v 0.625312 -0.556522 0.599037
v 0.548915 -0.590848 0.616765
v 0.595874 -0.622011 0.553584
v 0.475514 -0.953372 0.070272
v 0.488786 -0.928920 0.000000
v 0.420891 -0.949506 0.208048
v 0.451189 -0.958004 0.140740
v 0.344023 -0.954336 0.000000
v 0.396865 -0.958492 0.068606
v 0.321469 -0.960212 0.067021
v 0.263955 -0.819307 0.427088
v 0.301733 -0.852972 0.378473
v 0.238658 -0.961027 0.271200
v 0.270518 -0.905467 0.325798
v 0.200245 -0.919548 0.324004
v 0.344695 -0.897115 0.330117
v 0.386243 -0.934632 0.275294
v 0.066907 -0.965371 0.000000
v 0.108523 -0.974924 0.065584
v 0.040295 -0.973874 0.065199
v 0.248142 -0.969834 0.066787
v 0.179955 -0.983446 0.066738
v 0.202558 -0.961703 0.000000
v 0.121875 -0.965599 0.197198
v 0.151830 -0.981244 0.133504
v 0.197178 -0.988242 0.203920
v 0.342884 -0.956947 0.205754
v 0.270988 -0.978511 0.206278
v 0.299232 -0.978234 0.136824
v -0.037857 -0.532882 0.763110
v 0.000000 -0.567187 0.722149
v -0.076490 -0.665120 0.673045
v -0.037719 -0.613352 0.695490
v -0.115146 -0.623790 0.707857
v 0.037658 -0.612361 0.694367
v 0.075222 -0.654091 0.661884
v -0.232856 -0.825058 0.509914
v -0.196528 -0.798471 0.562377
v -0.275560 -0.791034 0.558496
v -0.038765 -0.779140 0.547487
v -0.114954 -0.784039 0.551358
v -0.075006 -0.810700 0.501040
v -0.196118 -0.716223 0.645431
v -0.157891 -0.763514 0.608816
v -0.118429 -0.722039 0.647728
v 0.189055 -0.768108 0.540992
v 0.224675 -0.796074 0.492001
v 0.115105 -0.701773 0.629548
v 0.150796 -0.729203 0.581457
v 0.074902 -0.809584 0.500351
v 0.113361 -0.773175 0.543718
v 0.038461 -0.773020 0.543186
v -0.038120 -0.696755 0.625539
v 0.000000 -0.722339 0.574239
v 0.037408 -0.683745 0.613859
v -0.432699 -0.822328 0.000000
v -0.414469 -0.830983 0.061251
v -0.475357 -0.807300 0.061739
v -0.303436 -0.906347 0.063261
v -0.359535 -0.868335 0.062153
v -0.316720 -0.878598 0.000000
v -0.439772 -0.827316 0.187287
v -0.395893 -0.840595 0.123492
v -0.383465 -0.865077 0.189549
v -0.040188 -0.971295 0.065026
v -0.105298 -0.945952 0.063635
v -0.065280 -0.941891 0.000000
v -0.188107 -0.942781 0.194539
v -0.146576 -0.947290 0.128884
v -0.120669 -0.956049 0.195247
v -0.193519 -0.918787 0.000000
v -0.170261 -0.930468 0.063142
v -0.236351 -0.923750 0.063613
v -0.350348 -0.846568 0.452554
v -0.309592 -0.875189 0.388331
v -0.276004 -0.856707 0.446584
v -0.367397 -0.889028 0.261861
v -0.340249 -0.885544 0.325860
v -0.409836 -0.864623 0.326026
v -0.198946 -0.913580 0.321901
v -0.274370 -0.918360 0.330437
v -0.233305 -0.939471 0.265117
v -0.282769 -0.924413 0.129296
v -0.259898 -0.938465 0.197836
v -0.329173 -0.918681 0.197526
v 0.194022 -0.850111 0.444626
v 0.039568 -0.847664 0.444750
v 0.115622 -0.848995 0.444975
v 0.157585 -0.885609 0.385760
v 0.119847 -0.912641 0.324349
v -0.197632 -0.865928 0.452899
v -0.118209 -0.900170 0.319917
v -0.157321 -0.884128 0.385115
v -0.116345 -0.854302 0.447756
v -0.039386 -0.843783 0.442714
v 0.000000 -0.975470 0.131425
v 0.080634 -0.950431 0.262693
v 0.040503 -0.961107 0.196735
v -0.040637 -0.964296 0.197388
v -0.079981 -0.942739 0.260567
v 0.000000 -0.882084 0.386083
v -0.039652 -0.903991 0.320788
v 0.039973 -0.911317 0.323388
v 0.460320 -0.922911 -0.068027
v 0.525474 -0.892415 -0.068248
v 0.315431 -0.942175 -0.065762
v 0.389223 -0.940035 -0.067285
v 0.464616 -0.874053 -0.197867
v 0.437891 -0.929769 -0.136592
v 0.401950 -0.906778 -0.198686
v 0.039001 -0.942611 -0.063106
v 0.106007 -0.952319 -0.064064
v 0.185414 -0.929282 -0.191754
v 0.144822 -0.935955 -0.127342
v 0.116800 -0.925389 -0.188986
v 0.174373 -0.952941 -0.064667
v 0.240370 -0.939459 -0.064695
v 0.340149 -0.821924 -0.439380
v 0.308896 -0.873221 -0.387457
v 0.265038 -0.822668 -0.428840
v 0.374263 -0.905644 -0.266755
v 0.342627 -0.891734 -0.328138
v 0.412087 -0.869372 -0.327817
v 0.193195 -0.887171 -0.312596
v 0.266783 -0.892965 -0.321299
v 0.228717 -0.920995 -0.259903
v 0.285834 -0.934432 -0.130697
v 0.256927 -0.927737 -0.195574
v 0.331559 -0.925341 -0.198959
v -0.476450 -0.809157 -0.061881
v -0.415379 -0.832806 -0.061385
v -0.382205 -0.862233 -0.188926
v -0.400276 -0.849902 -0.124859
v -0.451974 -0.850270 -0.192484
v -0.353826 -0.854547 -0.061166
v -0.294380 -0.879299 -0.061373
v -0.268392 -0.833081 -0.434268
v -0.304664 -0.861256 -0.382148
v -0.335155 -0.809858 -0.432930
v -0.219854 -0.885306 -0.249831
v -0.262840 -0.879767 -0.316550
v -0.192405 -0.883544 -0.311318
v -0.393836 -0.830869 -0.313298
v -0.332819 -0.866206 -0.318744
v -0.354236 -0.857181 -0.252481
v -0.100672 -0.904387 -0.060839
v -0.038724 -0.935909 -0.062657
v -0.230538 -0.901031 -0.062049
v -0.165015 -0.901800 -0.061197
v -0.114641 -0.908287 -0.185493
v -0.138484 -0.894993 -0.121769
v -0.177425 -0.889242 -0.183492
v -0.312253 -0.871459 -0.187373
v -0.244134 -0.881544 -0.185837
v -0.270494 -0.884284 -0.123683
v 0.040395 -0.568596 -0.814254
v 0.000000 -0.624956 -0.795702
v -0.041257 -0.580733 -0.831633
v 0.077844 -0.676890 -0.684955
v 0.040399 -0.656935 -0.744910
v 0.118637 -0.642698 -0.729313
v -0.127454 -0.690464 -0.783516
v -0.041751 -0.678913 -0.769831
v -0.082961 -0.721390 -0.729985
v 0.221412 -0.784509 -0.484853
v 0.186348 -0.757110 -0.533246
v 0.264624 -0.759641 -0.536331
v 0.037887 -0.761475 -0.535074
v 0.110256 -0.752001 -0.528828
v 0.073442 -0.793797 -0.490593
v 0.193583 -0.706965 -0.637088
v 0.149104 -0.721021 -0.574933
v 0.114662 -0.699068 -0.627122
v -0.274900 -0.789139 -0.557158
v -0.198143 -0.805033 -0.566999
v -0.229260 -0.812316 -0.502039
v -0.124109 -0.756669 -0.678795
v -0.163484 -0.790561 -0.630383
v -0.209775 -0.766098 -0.690376
v -0.075811 -0.819410 -0.506423
v -0.119207 -0.813046 -0.571757
v -0.039474 -0.793377 -0.557491
v 0.039264 -0.717675 -0.644321
v 0.000000 -0.756955 -0.601757
v -0.040521 -0.740647 -0.664945
v 0.000000 -0.927031 -0.124899
v -0.076135 -0.897400 -0.248035
v -0.038744 -0.919367 -0.188191
v 0.038787 -0.920382 -0.188399
v 0.077254 -0.910594 -0.251682
v -0.191832 -0.840514 -0.439607
v -0.039589 -0.848125 -0.444992
v -0.115133 -0.845402 -0.443092
v -0.154022 -0.865585 -0.377038
v -0.114899 -0.874961 -0.310958
v 0.187088 -0.819728 -0.428735
v 0.116896 -0.890169 -0.316363
v 0.152407 -0.856514 -0.373086
v 0.112600 -0.826805 -0.433344
v 0.039267 -0.841227 -0.441373
v -0.039078 -0.890925 -0.316151
v 0.000000 -0.876129 -0.383477
v 0.039559 -0.901888 -0.320041
v 0.568014 -0.851323 -0.109612
v 0.593858 -0.850430 -0.042189
v 0.498178 -0.820425 -0.234391
v 0.533459 -0.837601 -0.173942
v 0.681418 -0.773251 -0.125784
v 0.608972 -0.808868 -0.150902
v 0.640100 -0.756309 -0.189063
v 0.374710 -0.769525 -0.475593
v 0.410679 -0.793513 -0.422080
v 0.553169 -0.737441 -0.386588
v 0.481436 -0.764941 -0.404252
v 0.521541 -0.723970 -0.447438
v 0.443343 -0.809597 -0.363052
v 0.470059 -0.814491 -0.299867
v 0.816707 -0.576621 -0.284503
v 0.764214 -0.629994 -0.317433
v 0.783242 -0.569045 -0.351689
v 0.679519 -0.711521 -0.231351
v 0.725617 -0.675596 -0.275108
v 0.750223 -0.676070 -0.205428
v 0.655828 -0.653194 -0.403696
v 0.693800 -0.667826 -0.342030
v 0.627027 -0.705865 -0.366171
v 0.537046 -0.778425 -0.276173
v 0.582794 -0.744192 -0.321645
v 0.612485 -0.751348 -0.255831
v 0.065155 -0.501660 -0.851971
v 0.104249 -0.540224 -0.809671
v 0.234851 -0.499155 -0.822035
v 0.167448 -0.513543 -0.806331
v 0.194136 -0.455855 -0.857572
v 0.143140 -0.577650 -0.767264
v 0.183455 -0.621114 -0.733876
v 0.499343 -0.393423 -0.807954
v 0.437507 -0.425689 -0.822515
v 0.464321 -0.359457 -0.868580
v 0.384365 -0.549988 -0.733201
v 0.413540 -0.492497 -0.782517
v 0.457157 -0.532870 -0.739696
v 0.332329 -0.417758 -0.881337
v 0.372407 -0.454768 -0.830460
v 0.306593 -0.480602 -0.832758
v 0.300816 -0.724210 -0.597016
v 0.332181 -0.739796 -0.537480
v 0.226208 -0.664413 -0.695704
v 0.262717 -0.692933 -0.645165
v 0.397773 -0.646205 -0.643610
v 0.333905 -0.677319 -0.651962
v 0.358918 -0.614606 -0.691882
v 0.275349 -0.535443 -0.776102
v 0.314875 -0.570526 -0.728527
v 0.247950 -0.593619 -0.728204
v 0.860555 -0.065812 -0.506714
v 0.833359 -0.107299 -0.556028
v 0.833164 -0.041333 -0.581801
v 0.804812 -0.229930 -0.488697
v 0.822987 -0.170907 -0.524151
v 0.848328 -0.192044 -0.450941
v 0.767330 -0.124821 -0.676201
v 0.801259 -0.149482 -0.603244
v 0.763722 -0.190916 -0.646374
v 0.784261 -0.484700 -0.381886
v 0.791671 -0.421100 -0.409726
v 0.827096 -0.442145 -0.342289
v 0.733956 -0.384761 -0.550554
v 0.756770 -0.399933 -0.476293
v 0.724290 -0.447636 -0.521771
v 0.828092 -0.312251 -0.392519
v 0.799753 -0.358637 -0.437953
v 0.785423 -0.289166 -0.453284
v 0.569284 -0.280883 -0.806314
v 0.630377 -0.317625 -0.764678
v 0.568455 -0.351325 -0.782431
v 0.716039 -0.232820 -0.683834
v 0.678922 -0.276463 -0.729190
v 0.683074 -0.207556 -0.757996
v 0.679672 -0.420060 -0.682412
v 0.684439 -0.350538 -0.711058
v 0.727564 -0.377428 -0.646303
v 0.770373 -0.273316 -0.531491
v 0.746995 -0.322857 -0.584989
v 0.756117 -0.257455 -0.616372
v 0.410301 -0.727964 -0.531637
v 0.474845 -0.624407 -0.633554
v 0.442343 -0.676508 -0.582590
v 0.482095 -0.699951 -0.514647
v 0.550294 -0.667037 -0.494532
v 0.546046 -0.421421 -0.747693
v 0.653087 -0.489485 -0.643658
v 0.598649 -0.454536 -0.695156
v 0.534283 -0.500489 -0.726658
v 0.510262 -0.567797 -0.688253
v 0.742770 -0.542450 -0.418646
v 0.623372 -0.632504 -0.474058
v 0.682857 -0.588057 -0.446494
v 0.709068 -0.521351 -0.488375
v 0.687981 -0.510060 -0.567573
v 0.551757 -0.593907 -0.619958
v 0.622176 -0.553731 -0.596032
v 0.588553 -0.614369 -0.546783
v 0.651649 -0.829688 0.000000
v 0.735499 -0.744262 -0.084584
v 0.693372 -0.786226 -0.042640
v 0.704912 -0.799312 0.043350
v 0.740820 -0.749646 0.085196
v 0.866465 -0.535505 -0.244542
v 0.846264 -0.596038 -0.208291
v 0.860787 -0.604859 -0.042828
v 0.862360 -0.606436 -0.126437
v 0.891521 -0.550990 -0.082483
v 0.813371 -0.648571 -0.168201
v 0.780795 -0.700437 -0.128066
v 0.847046 -0.596589 0.208484
v 0.888346 -0.549028 0.250717
v 0.769326 -0.690149 0.126185
v 0.809134 -0.645193 0.167325
v 0.872026 -0.538942 0.080679
v 0.846961 -0.595607 0.124179
v 0.850141 -0.597378 0.042298
v 0.779572 -0.699891 -0.042651
v 0.817928 -0.650229 0.000000
v 0.777256 -0.697812 0.042524
v 0.891951 0.000000 -0.469333
v 0.895545 -0.066010 -0.446671
v 0.940052 -0.065613 -0.314720
v 0.918273 -0.065727 -0.380212
v 0.943693 0.000000 -0.340186
v 0.882650 -0.129670 -0.415699
v 0.876093 -0.191963 -0.388349
v 0.996333 -0.066702 -0.041224
v 0.982308 -0.066081 -0.109345
v 1.010871 0.000000 -0.070061
v 0.924922 -0.190854 -0.184544
v 0.960348 -0.130661 -0.148597
v 0.943432 -0.192671 -0.119077
v 0.985975 0.000000 -0.207671
v 0.972595 -0.066001 -0.177970
v 0.954328 -0.065719 -0.244175
v 0.859544 -0.381388 -0.304058
v 0.870794 -0.453927 -0.280542
v 0.867565 -0.255539 -0.358527
v 0.867580 -0.319249 -0.333347
v 0.899782 -0.317039 -0.195941
v 0.890264 -0.320328 -0.265976
v 0.896593 -0.253017 -0.222657
v 0.934177 -0.130661 -0.285756
v 0.917739 -0.193467 -0.254158
v 0.908473 -0.195332 -0.325515
v 0.900365 -0.066365 0.449075
v 0.901692 0.000000 0.474459
v 0.887780 -0.194523 0.393529
v 0.893189 -0.131218 0.420662
v 0.966803 0.000000 0.348517
v 0.930637 -0.066612 0.385331
v 0.958378 -0.066893 0.320855
v 0.912290 -0.475558 0.293911
v 0.912604 -0.404932 0.322828
v 0.946224 -0.267022 0.234982
v 0.939672 -0.338105 0.280737
v 0.939966 -0.331198 0.204692
v 0.913980 -0.336323 0.351175
v 0.898155 -0.264550 0.371169
v 1.024626 0.000000 0.071014
v 1.000719 -0.067320 0.111395
v 1.008574 -0.067522 0.041731
v 0.989310 -0.068128 0.253125
v 0.992421 -0.067347 0.181597
v 1.005023 0.000000 0.211683
v 0.971683 -0.198440 0.122643
v 0.986160 -0.134173 0.152591
v 0.959092 -0.197905 0.191362
v 0.929021 -0.199750 0.332878
v 0.954250 -0.201164 0.264269
v 0.958223 -0.134025 0.293111
v 0.898588 -0.469980 -0.205086
v 0.923551 -0.328227 -0.121280
v 0.920610 -0.401006 -0.163813
v 0.907014 -0.475384 -0.123524
v 0.919793 -0.482594 -0.042934
v 0.970878 -0.130806 0.000000
v 0.950517 -0.262716 0.080641
v 0.963464 -0.197218 0.040602
v 0.958364 -0.196174 -0.040388
v 0.929345 -0.256865 -0.078845
v 0.915141 -0.478638 0.208864
v 0.919259 -0.482314 0.042910
v 0.908721 -0.476279 0.123756
v 0.938977 -0.409006 0.167081
v 0.938544 -0.333555 0.123248
v 0.924887 -0.328203 -0.040568
v 0.932999 -0.331082 0.040924
v 0.940363 -0.411591 0.000000
v 0.062672 -0.424083 0.850258
v 0.184048 -0.372337 0.839972
v 0.124266 -0.398374 0.845864
v 0.063262 -0.365953 0.883835
v 0.064243 -0.308145 0.920412
v 0.429819 -0.265643 0.824546
v 0.374682 -0.298711 0.844430
v 0.259577 -0.228430 0.919841
v 0.318596 -0.264539 0.885453
v 0.316490 -0.195601 0.898222
v 0.315771 -0.329715 0.858128
v 0.251648 -0.353067 0.854353
v 0.067103 -0.111036 0.997497
v 0.067322 -0.041607 1.005586
v 0.066219 -0.246035 0.961598
v 0.067469 -0.181927 0.994220
v 0.198304 -0.122558 0.971014
v 0.133129 -0.151404 0.978490
v 0.197054 -0.190540 0.954971
v 0.193051 -0.321714 0.897864
v 0.197700 -0.259719 0.937820
v 0.131191 -0.286913 0.937961
v 0.771276 0.000000 0.605771
v 0.712151 0.080935 0.703766
v 0.751128 0.040737 0.662419
v 0.731363 -0.039665 0.644988
v 0.699941 -0.079547 0.691700
v 0.510979 0.233342 0.826780
v 0.567724 0.198397 0.806063
v 0.556684 0.039417 0.792229
v 0.559760 0.116706 0.795987
v 0.512891 0.076780 0.829875
v 0.616571 0.159902 0.773239
v 0.657431 0.120203 0.732855
v 0.556475 -0.194465 0.790091
v 0.501458 -0.228994 0.811376
v 0.643100 -0.117583 0.716879
v 0.607230 -0.157480 0.761524
v 0.510777 -0.076463 0.826455
v 0.559982 -0.116752 0.796302
v 0.559262 -0.039599 0.795897
v 0.651000 0.039671 0.725115
v 0.607587 0.000000 0.764289
v 0.646061 -0.039370 0.719614
v 0.066262 0.448374 0.898959
v 0.067265 0.322642 0.963716
v 0.065993 0.381748 0.921982
v 0.132377 0.424378 0.901078
v 0.197454 0.399457 0.901154
v 0.068462 0.042312 1.022625
v 0.068648 0.113592 1.020460
v 0.206876 0.200036 1.002566
v 0.139405 0.158541 1.024616
v 0.207358 0.128154 1.015350
v 0.069051 0.186192 1.017532
v 0.068886 0.255944 1.000325
v 0.396164 0.315837 0.892843
v 0.456205 0.281950 0.875163
v 0.264380 0.370931 0.897581
v 0.330470 0.345063 0.898073
v 0.336667 0.208072 0.955487
v 0.338019 0.280666 0.939432
v 0.274909 0.241922 0.974172
v 0.137669 0.301082 0.984280
v 0.207082 0.272044 0.982322
v 0.201274 0.335419 0.936113
v 0.441152 -0.192506 0.843468
v 0.462789 -0.041172 0.882046
v 0.458202 -0.119059 0.874231
v 0.384885 -0.157227 0.883601
v 0.327820 -0.121129 0.922407
v 0.458243 0.199965 0.876147
v 0.338636 0.125126 0.952840
v 0.398431 0.162761 0.914699
v 0.458939 0.119251 0.875638
v 0.459767 0.040904 0.876285
v 0.134355 0.000000 0.997218
v 0.263307 -0.080822 0.952655
v 0.199653 -0.041104 0.975360
v 0.203703 0.041937 0.995144
v 0.272171 0.083543 0.984726
v 0.398530 0.000000 0.910522
v 0.336084 0.041542 0.947095
v 0.330380 -0.040837 0.931022
v -0.525495 -0.787596 0.101406
v -0.499477 -0.822564 0.235002
v -0.513741 -0.806642 0.167512
v -0.595140 -0.790494 0.147474
v -0.652767 -0.771276 0.192804
v -0.395226 -0.811658 0.501632
v -0.433585 -0.837772 0.445622
v -0.577022 -0.769240 0.403258
v -0.509072 -0.808852 0.427457
v -0.547709 -0.760294 0.469888
v -0.459384 -0.838889 0.376187
v -0.479634 -0.831080 0.305975
v -0.769502 -0.634353 0.319629
v -0.794755 -0.577409 0.356858
v -0.693710 -0.726381 0.236183
v -0.737298 -0.686472 0.279537
v -0.671818 -0.669120 0.413539
v -0.704796 -0.678412 0.347451
v -0.638477 -0.718754 0.372857
v -0.551653 -0.799598 0.283685
v -0.600284 -0.766526 0.331298
v -0.629603 -0.772346 0.262981
v -0.100228 -0.519387 0.778442
v -0.227864 -0.484305 0.797579
v -0.165472 -0.507485 0.796818
v -0.138551 -0.559128 0.742662
v -0.179157 -0.606565 0.716685
v -0.487799 -0.384328 0.789276
v -0.427096 -0.415560 0.802943
v -0.386964 -0.553707 0.738159
v -0.405867 -0.483360 0.767998
v -0.453627 -0.528755 0.733984
v -0.361775 -0.441784 0.806750
v -0.294122 -0.461053 0.798885
v -0.306271 -0.737342 0.607842
v -0.344827 -0.767960 0.557942
v -0.223439 -0.656278 0.687186
v -0.265849 -0.701194 0.652857
v -0.413561 -0.671854 0.669156
v -0.339421 -0.688508 0.662733
v -0.362560 -0.620844 0.698904
v -0.273810 -0.532451 0.771765
v -0.315486 -0.571633 0.729940
v -0.248691 -0.595393 0.730380
v -0.851863 -0.109681 0.568375
v -0.855804 -0.244498 0.519660
v -0.861086 -0.178819 0.548416
v -0.810145 -0.151140 0.609934
v -0.758372 -0.189578 0.641846
v -0.821519 -0.507727 0.400028
v -0.834536 -0.443901 0.431911
v -0.757385 -0.397043 0.568129
v -0.803087 -0.424411 0.505444
v -0.736033 -0.454893 0.530231
v -0.847829 -0.380196 0.464280
v -0.856636 -0.315384 0.494383
v -0.609824 -0.307270 0.739747
v -0.557525 -0.344570 0.767387
v -0.697404 -0.226761 0.666037
v -0.650311 -0.264812 0.698460
v -0.656200 -0.405554 0.658846
v -0.656741 -0.336353 0.682283
v -0.708292 -0.367430 0.629184
v -0.810249 -0.287464 0.559002
v -0.760334 -0.328622 0.595435
v -0.759993 -0.258774 0.619532
v -0.426348 -0.756436 0.552431
v -0.490828 -0.645423 0.654878
v -0.462639 -0.707548 0.609321
v -0.510614 -0.741358 0.545092
v -0.579916 -0.702944 0.521153
v -0.540359 -0.417032 0.739906
v -0.640425 -0.479995 0.631179
v -0.596376 -0.452811 0.692517
v -0.530362 -0.496816 0.721325
v -0.511360 -0.569019 0.689734
v -0.765650 -0.559160 0.431541
v -0.651132 -0.660670 0.495169
v -0.706363 -0.608300 0.461865
v -0.724799 -0.532917 0.499209
v -0.688488 -0.510435 0.567990
v -0.558907 -0.601604 0.627992
v -0.623277 -0.554711 0.597087
v -0.612229 -0.639083 0.568778
v -0.110540 -0.572824 -0.858531
v -0.203583 -0.689261 -0.814394
v -0.154844 -0.624882 -0.830000
v -0.182450 -0.559555 -0.878575
v -0.254181 -0.540240 -0.889695
v -0.343714 -0.765481 -0.556140
v -0.314729 -0.757705 -0.624628
v -0.392147 -0.671508 -0.755938
v -0.351389 -0.712784 -0.686100
v -0.422399 -0.686212 -0.683457
v -0.280268 -0.739227 -0.688267
v -0.244829 -0.719106 -0.752972
v -0.448971 -0.436844 -0.844068
v -0.503450 -0.396659 -0.814599
v -0.325385 -0.510059 -0.883800
v -0.388152 -0.473995 -0.865571
v -0.479575 -0.559001 -0.775969
v -0.438541 -0.522272 -0.829825
v -0.415982 -0.595227 -0.793511
v -0.278653 -0.667124 -0.818374
v -0.351429 -0.636758 -0.813101
v -0.302864 -0.588949 -0.853657
v -0.518102 -0.776516 -0.099980
v -0.610574 -0.721422 -0.180342
v -0.559556 -0.743230 -0.138656
v -0.513561 -0.806360 -0.167454
v -0.503825 -0.829726 -0.237048
v -0.762828 -0.554213 -0.342523
v -0.734349 -0.605375 -0.305028
v -0.620654 -0.698690 -0.362449
v -0.686139 -0.660453 -0.338254
v -0.659675 -0.657026 -0.406064
v -0.699685 -0.651451 -0.265276
v -0.654490 -0.685313 -0.222830
v -0.411244 -0.794605 -0.422661
v -0.380115 -0.780624 -0.482452
v -0.472710 -0.819083 -0.301558
v -0.444986 -0.812597 -0.364397
v -0.523074 -0.726098 -0.448753
v -0.486236 -0.772568 -0.408282
v -0.553909 -0.738429 -0.387106
v -0.594163 -0.728871 -0.248178
v -0.574835 -0.734029 -0.317253
v -0.539957 -0.782645 -0.277670
v -0.794867 -0.102343 -0.530346
v -0.729899 -0.182461 -0.617748
v -0.762329 -0.142219 -0.573935
v -0.802762 -0.166707 -0.511270
v -0.814936 -0.232822 -0.494844
v -0.566837 -0.350324 -0.780203
v -0.603471 -0.304068 -0.732040
v -0.715514 -0.371177 -0.635599
v -0.657034 -0.336503 -0.682587
v -0.667476 -0.412523 -0.670167
v -0.643140 -0.261892 -0.690759
v -0.687231 -0.223453 -0.656321
v -0.814540 -0.433264 -0.421561
v -0.800282 -0.494601 -0.389687
v -0.818061 -0.301182 -0.472120
v -0.830328 -0.372348 -0.454696
v -0.737809 -0.455991 -0.531511
v -0.785636 -0.415188 -0.494460
v -0.763278 -0.400133 -0.572549
v -0.740793 -0.252237 -0.603881
v -0.764832 -0.330566 -0.598957
v -0.791589 -0.280843 -0.546128
v -0.421367 -0.747597 -0.545976
v -0.558774 -0.677316 -0.502153
v -0.486787 -0.706763 -0.519656
v -0.452574 -0.692155 -0.596064
v -0.498042 -0.654910 -0.664504
v -0.748620 -0.546723 -0.421943
v -0.689224 -0.510982 -0.568598
v -0.715556 -0.526121 -0.492843
v -0.685043 -0.589940 -0.447924
v -0.627505 -0.636697 -0.477201
v -0.561993 -0.433728 -0.769529
v -0.527675 -0.587173 -0.711741
v -0.547849 -0.513197 -0.745108
v -0.611974 -0.464654 -0.710630
v -0.650830 -0.487794 -0.641434
v -0.596487 -0.622651 -0.554154
v -0.627733 -0.558677 -0.601356
v -0.561932 -0.604859 -0.631390
v 0.813356 0.000000 -0.638822
v 0.753448 -0.085628 -0.744577
v 0.787317 -0.042699 -0.694334
v 0.800719 0.043426 -0.706153
v 0.768232 0.087308 -0.759187
v 0.528782 -0.241472 -0.855586
v 0.587359 -0.205258 -0.833941
v 0.611068 -0.043267 -0.869624
v 0.599412 -0.124973 -0.852372
v 0.554027 -0.082938 -0.896434
v 0.641295 -0.166314 -0.804245
v 0.700361 -0.128053 -0.780710
v 0.605072 0.211448 -0.859091
v 0.541656 0.247351 -0.876417
v 0.721284 0.131878 -0.804033
v 0.665539 0.172602 -0.834649
v 0.568451 0.085097 -0.919774
v 0.619422 0.129145 -0.880827
v 0.622990 0.044112 -0.886591
v 0.709939 -0.043263 -0.790764
v 0.670868 0.000000 -0.843891
v 0.730538 0.044518 -0.813707
v 0.066131 -0.447492 -0.897192
v 0.068046 -0.326388 -0.974903
v 0.066361 -0.383877 -0.927124
v 0.131056 -0.420144 -0.892087
v 0.197735 -0.400027 -0.902440
v 0.067344 -0.041621 -1.005918
v 0.068131 -0.112737 -1.012775
v 0.206783 -0.199947 -1.002119
v 0.137521 -0.156399 -1.010774
v 0.202713 -0.125283 -0.992604
v 0.069469 -0.187319 -1.023691
v 0.069583 -0.258533 -1.010446
v 0.407343 -0.324750 -0.918039
v 0.462308 -0.285722 -0.886872
v 0.272938 -0.382937 -0.926633
v 0.342616 -0.357746 -0.931081
v 0.341991 -0.211362 -0.970596
v 0.346374 -0.287603 -0.962653
v 0.277250 -0.243982 -0.982467
v 0.139069 -0.304143 -0.994286
v 0.207536 -0.272641 -0.984480
v 0.205407 -0.342306 -0.955335
v 0.064008 0.433123 -0.868382
v 0.191145 0.386696 -0.872364
v 0.127228 0.407871 -0.866029
v 0.063827 0.369219 -0.891724
v 0.065774 0.315490 -0.942352
v 0.464404 0.287017 -0.890892
v 0.397423 0.316841 -0.895681
v 0.266189 0.234249 -0.943271
v 0.332886 0.276404 -0.925168
v 0.335630 0.207431 -0.952545
v 0.330231 0.344814 -0.897424
v 0.258382 0.362515 -0.877214
v 0.067072 0.110985 -0.997035
v 0.067171 0.041514 -1.003336
v 0.066374 0.246609 -0.963841
v 0.066432 0.179130 -0.978935
v 0.195668 0.120929 -0.958108
v 0.130931 0.148905 -0.962338
v 0.196423 0.189929 -0.951910
v 0.196117 0.326825 -0.912127
v 0.197745 0.259778 -0.938031
v 0.130985 0.286463 -0.936489
v 0.473848 -0.206774 -0.905983
v 0.340915 -0.125968 -0.959252
v 0.409959 -0.167470 -0.941165
v 0.479420 -0.124572 -0.914715
v 0.486430 -0.043276 -0.927103
v 0.134030 0.000000 -0.994809
v 0.264707 0.081252 -0.957721
v 0.199097 0.040989 -0.972643
v 0.201166 -0.041415 -0.982754
v 0.267878 -0.082225 -0.969193
v 0.483165 0.210840 -0.923797
v 0.490408 0.043630 -0.934684
v 0.492334 0.127928 -0.939354
v 0.412127 0.168356 -0.946142
v 0.336238 0.124240 -0.946092
v 0.337510 -0.041719 -0.951115
v 0.337456 0.041712 -0.950962
v 0.406875 0.000000 -0.929588
v 0.922176 0.067973 0.459954
v 0.969584 0.067675 0.324607
v 0.944050 0.067572 0.390885
v 0.924413 0.135805 0.435368
v 0.927609 0.203250 0.411184
v 1.028717 0.068870 0.042564
v 1.022814 0.068806 0.113854
v 0.980713 0.202366 0.195676
v 0.981312 0.133513 0.151841
v 0.984076 0.200971 0.124207
v 0.998813 0.067780 0.182767
v 0.988422 0.068067 0.252898
v 0.911432 0.404412 0.322413
v 0.889651 0.463757 0.286617
v 0.918032 0.270404 0.379383
v 0.917728 0.337703 0.352615
v 0.975374 0.343674 0.212402
v 0.950251 0.341912 0.283898
v 0.974086 0.274885 0.241901
v 0.961445 0.134475 0.294097
v 0.966892 0.203829 0.267770
v 0.949804 0.204218 0.340325
v 0.917076 0.067597 -0.457410
v 0.945091 0.207081 -0.418934
v 0.931812 0.136892 -0.438853
v 0.952703 0.068192 -0.394468
v 0.964960 0.067352 -0.323059
v 0.882398 0.459976 -0.284281
v 0.912139 0.404726 -0.322663
v 0.972047 0.274310 -0.241395
v 0.945097 0.340057 -0.282358
v 0.955078 0.336523 -0.207983
v 0.929361 0.341983 -0.357085
v 0.939389 0.276695 -0.388209
v 1.003724 0.067522 -0.111729
v 1.018809 0.068207 -0.042154
v 0.999651 0.068840 -0.255771
v 1.004706 0.068180 -0.183845
v 1.009873 0.206239 -0.127463
v 1.005144 0.136755 -0.155528
v 0.996912 0.205709 -0.198908
v 0.961979 0.206836 -0.344687
v 0.977939 0.206158 -0.270830
v 0.970312 0.135715 -0.296809
v 0.601294 0.765575 0.000000
v 0.701626 0.709985 0.080688
v 0.652153 0.739487 0.040105
v 0.650846 0.738006 -0.040025
v 0.692230 0.700478 -0.079608
v 0.846276 0.523028 0.238844
v 0.816529 0.575095 0.200973
v 0.829827 0.583103 0.041287
v 0.821850 0.577948 0.120498
v 0.859243 0.531041 0.079497
v 0.787257 0.627748 0.162801
v 0.751163 0.673855 0.123206
v 0.828987 0.583870 -0.204039
v 0.859988 0.531502 -0.242714
v 0.730876 0.655656 -0.119879
v 0.785593 0.626422 -0.162457
v 0.866565 0.535567 -0.080174
v 0.837102 0.588673 -0.122734
v 0.830153 0.583332 -0.041304
v 0.740401 0.664724 0.040508
v 0.779456 0.619645 0.000000
v 0.728789 0.654298 -0.039872
v 1.014298 0.136656 0.000000
v 0.996035 0.275297 -0.084503
v 1.005723 0.205868 -0.042383
v 0.989679 0.202584 0.041707
v 0.983511 0.271836 0.083440
v 0.905651 0.473674 -0.206698
v 0.886158 0.464947 -0.041364
v 0.917564 0.480913 -0.124960
v 0.938569 0.408829 -0.167008
v 0.959903 0.341146 -0.126053
v 0.890448 0.465723 0.203228
v 0.966388 0.343451 0.126905
v 0.930619 0.405366 0.165594
v 0.893974 0.468550 0.121748
v 0.889530 0.466716 0.041522
v 0.963255 0.341818 -0.042251
v 0.926586 0.405561 0.000000
v 0.955270 0.338985 0.041901
f 1 643 645
f 163 644 643
f 165 645 644
f 643 644 645
f 43 646 648
f 164 647 646
f 163 648 647
f 646 647 648
f 45 649 651
f 165 650 649
f 164 651 650
f 649 650 651
f 163 647 644
f 164 650 647
f 165 644 650
f 647 650 644
f 13 652 654
f 166 653 652
f 168 654 653
f 652 653 654
f 44 655 657
f 167 656 655
f 166 657 656
f 655 656 657
f 43 658 660
f 168 659 658
f 167 660 659
f 658 659 660
f 166 656 653
f 167 659 656
f 168 653 659
f 656 659 653
f 15 661 663
f 169 662 661
f 171 663 662
f 661 662 663
f 45 664 666
f 170 665 664
f 169 666 665
f 664 665 666
f 44 667 669
f 171 668 667
f 170 669 668
f 667 668 669
f 169 665 662
f 170 668 665
f 171 662 668
f 665 668 662
f 43 660 646
f 167 670 660
f 164 646 670
f 660 670 646
f 44 669 655
f 170 671 669
f 167 655 671
f 669 671 655
f 45 651 664
f 164 672 651
f 170 664 672
f 651 672 664
f 167 671 670
f 170 672 671
f 164 670 672
f 671 672 670
f 12 673 675
f 172 674 673
f 174 675 674
f 673 674 675
f 46 676 678
f 173 677 676
f 172 678 677
f 676 677 678
f 48 679 681
f 174 680 679
f 173 681 680
f 679 680 681
f 172 677 674
f 173 680 677
f 174 674 680
f 677 680 674
f 14 682 684
f 175 683 682
f 177 684 683
f 682 683 684
f 47 685 687
f 176 686 685
f 175 687 686
f 685 686 687
f 46 688 690
f 177 689 688
f 176 690 689
f 688 689 690
f 175 686 683
f 176 689 686
f 177 683 689
f 686 689 683
f 13 691 693
f 178 692 691
f 180 693 692
f 691 692 693
f 48 694 696
f 179 695 694
f 178 696 695
f 694 695 696
f 47 697 699
f 180 698 697
f 179 699 698
f 697 698 699
f 178 695 692
f 179 698 695
f 180 692 698
f 695 698 692
f 46 690 676
f 176 700 690
f 173 676 700
f 690 700 676
f 47 699 685
f 179 701 699
f 176 685 701
f 699 701 685
f 48 681 694
f 173 702 681
f 179 694 702
f 681 702 694
f 176 701 700
f 179 702 701
f 173 700 702
f 701 702 700
f 6 703 705
f 181 704 703
f 183 705 704
f 703 704 705
f 49 706 708
f 182 707 706
f 181 708 707
f 706 707 708
f 51 709 711
f 183 710 709
f 182 711 710
f 709 710 711
f 181 707 704
f 182 710 707
f 183 704 710
f 707 710 704
f 15 712 714
f 184 713 712
f 186 714 713
f 712 713 714
f 50 715 717
f 185 716 715
f 184 717 716
f 715 716 717
f 49 718 720
f 186 719 718
f 185 720 719
f 718 719 720
f 184 716 713
f 185 719 716
f 186 713 719
f 716 719 713
f 14 721 723
f 187 722 721
f 189 723 722
f 721 722 723
f 51 724 726
f 188 725 724
f 187 726 725
f 724 725 726
f 50 727 729
f 189 728 727
f 188 729 728
f 727 728 729
f 187 725 722
f 188 728 725
f 189 722 728
f 725 728 722
f 49 720 706
f 185 730 720
f 182 706 730
f 720 730 706
f 50 729 715
f 188 731 729
f 185 715 731
f 729 731 715
f 51 711 724
f 182 732 711
f 188 724 732
f 711 732 724
f 185 731 730
f 188 732 731
f 182 730 732
f 731 732 730
f 13 693 652
f 180 733 693
f 166 652 733
f 693 733 652
f 47 734 697
f 190 735 734
f 180 697 735
f 734 735 697
f 44 657 737
f 166 736 657
f 190 737 736
f 657 736 737
f 180 735 733
f 190 736 735
f 166 733 736
f 735 736 733
f 14 723 682
f 189 738 723
f 175 682 738
f 723 738 682
f 50 739 727
f 191 740 739
f 189 727 740
f 739 740 727
f 47 687 742
f 175 741 687
f 191 742 741
f 687 741 742
f 189 740 738
f 191 741 740
f 175 738 741
f 740 741 738
f 15 663 712
f 171 743 663
f 184 712 743
f 663 743 712
f 44 744 667
f 192 745 744
f 171 667 745
f 744 745 667
f 50 717 747
f 184 746 717
f 192 747 746
f 717 746 747
f 171 745 743
f 192 746 745
f 184 743 746
f 745 746 743
f 47 742 734
f 191 748 742
f 190 734 748
f 742 748 734
f 50 747 739
f 192 749 747
f 191 739 749
f 747 749 739
f 44 737 744
f 190 750 737
f 192 744 750
f 737 750 744
f 191 749 748
f 192 750 749
f 190 748 750
f 749 750 748
f 1 645 752
f 165 751 645
f 194 752 751
f 645 751 752
f 45 753 649
f 193 754 753
f 165 649 754
f 753 754 649
f 53 755 757
f 194 756 755
f 193 757 756
f 755 756 757
f 165 754 751
f 193 756 754
f 194 751 756
f 754 756 751
f 15 758 661
f 195 759 758
f 169 661 759
f 758 759 661
f 52 760 762
f 196 761 760
f 195 762 761
f 760 761 762
f 45 666 764
f 169 763 666
f 196 764 763
f 666 763 764
f 195 761 759
f 196 763 761
f 169 759 763
f 761 763 759
f 17 765 767
f 197 766 765
f 199 767 766
f 765 766 767
f 53 768 770
f 198 769 768
f 197 770 769
f 768 769 770
f 52 771 773
f 199 772 771
f 198 773 772
f 771 772 773
f 197 769 766
f 198 772 769
f 199 766 772
f 769 772 766
f 45 764 753
f 196 774 764
f 193 753 774
f 764 774 753
f 52 773 760
f 198 775 773
f 196 760 775
f 773 775 760
f 53 757 768
f 193 776 757
f 198 768 776
f 757 776 768
f 196 775 774
f 198 776 775
f 193 774 776
f 775 776 774
f 6 777 703
f 200 778 777
f 181 703 778
f 777 778 703
f 54 779 781
f 201 780 779
f 200 781 780
f 779 780 781
f 49 708 783
f 181 782 708
f 201 783 782
f 708 782 783
f 200 780 778
f 201 782 780
f 181 778 782
f 780 782 778
f 16 784 786
f 202 785 784
f 204 786 785
f 784 785 786
f 55 787 789
f 203 788 787
f 202 789 788
f 787 788 789
f 54 790 792
f 204 791 790
f 203 792 791
f 790 791 792
f 202 788 785
f 203 791 788
f 204 785 791
f 788 791 785
f 15 714 794
f 186 793 714
f 206 794 793
f 714 793 794
f 49 795 718
f 205 796 795
f 186 718 796
f 795 796 718
f 55 797 799
f 206 798 797
f 205 799 798
f 797 798 799
f 186 796 793
f 205 798 796
f 206 793 798
f 796 798 793
f 54 792 779
f 203 800 792
f 201 779 800
f 792 800 779
f 55 799 787
f 205 801 799
f 203 787 801
f 799 801 787
f 49 783 795
f 201 802 783
f 205 795 802
f 783 802 795
f 203 801 800
f 205 802 801
f 201 800 802
f 801 802 800
f 2 803 805
f 207 804 803
f 209 805 804
f 803 804 805
f 56 806 808
f 208 807 806
f 207 808 807
f 806 807 808
f 58 809 811
f 209 810 809
f 208 811 810
f 809 810 811
f 207 807 804
f 208 810 807
f 209 804 810
f 807 810 804
f 17 812 814
f 210 813 812
f 212 814 813
f 812 813 814
f 57 815 817
f 211 816 815
f 210 817 816
f 815 816 817
f 56 818 820
f 212 819 818
f 211 820 819
f 818 819 820
f 210 816 813
f 211 819 816
f 212 813 819
f 816 819 813
f 16 821 823
f 213 822 821
f 215 823 822
f 821 822 823
f 58 824 826
f 214 825 824
f 213 826 825
f 824 825 826
f 57 827 829
f 215 828 827
f 214 829 828
f 827 828 829
f 213 825 822
f 214 828 825
f 215 822 828
f 825 828 822
f 56 820 806
f 211 830 820
f 208 806 830
f 820 830 806
f 57 829 815
f 214 831 829
f 211 815 831
f 829 831 815
f 58 811 824
f 208 832 811
f 214 824 832
f 811 832 824
f 211 831 830
f 214 832 831
f 208 830 832
f 831 832 830
f 15 794 758
f 206 833 794
f 195 758 833
f 794 833 758
f 55 834 797
f 216 835 834
f 206 797 835
f 834 835 797
f 52 762 837
f 195 836 762
f 216 837 836
f 762 836 837
f 206 835 833
f 216 836 835
f 195 833 836
f 835 836 833
f 16 823 784
f 215 838 823
f 202 784 838
f 823 838 784
f 57 839 827
f 217 840 839
f 215 827 840
f 839 840 827
f 55 789 842
f 202 841 789
f 217 842 841
f 789 841 842
f 215 840 838
f 217 841 840
f 202 838 841
f 840 841 838
f 17 767 812
f 199 843 767
f 210 812 843
f 767 843 812
f 52 844 771
f 218 845 844
f 199 771 845
f 844 845 771
f 57 817 847
f 210 846 817
f 218 847 846
f 817 846 847
f 199 845 843
f 218 846 845
f 210 843 846
f 845 846 843
f 55 842 834
f 217 848 842
f 216 834 848
f 842 848 834
f 57 847 839
f 218 849 847
f 217 839 849
f 847 849 839
f 52 837 844
f 216 850 837
f 218 844 850
f 837 850 844
f 217 849 848
f 218 850 849
f 216 848 850
f 849 850 848
f 1 752 852
f 194 851 752
f 220 852 851
f 752 851 852
f 53 853 755
f 219 854 853
f 194 755 854
f 853 854 755
f 60 855 857
f 220 856 855
f 219 857 856
f 855 856 857
f 194 854 851
f 219 856 854
f 220 851 856
f 854 856 851
f 17 858 765
f 221 859 858
f 197 765 859
f 858 859 765
f 59 860 862
f 222 861 860
f 221 862 861
f 860 861 862
f 53 770 864
f 197 863 770
f 222 864 863
f 770 863 864
f 221 861 859
f 222 863 861
f 197 859 863
f 861 863 859
f 19 865 867
f 223 866 865
f 225 867 866
f 865 866 867
f 60 868 870
f 224 869 868
f 223 870 869
f 868 869 870
f 59 871 873
f 225 872 871
f 224 873 872
f 871 872 873
f 223 869 866
f 224 872 869
f 225 866 872
f 869 872 866
f 53 864 853
f 222 874 864
f 219 853 874
f 864 874 853
f 59 873 860
f 224 875 873
f 222 860 875
f 873 875 860
f 60 857 868
f 219 876 857
f 224 868 876
f 857 876 868
f 222 875 874
f 224 876 875
f 219 874 876
f 875 876 874
f 2 877 803
f 226 878 877
f 207 803 878
f 877 878 803
f 61 879 881
f 227 880 879
f 226 881 880
f 879 880 881
f 56 808 883
f 207 882 808
f 227 883 882
f 808 882 883
f 226 880 878
f 227 882 880
f 207 878 882
f 880 882 878
f 18 884 886
f 228 885 884
f 230 886 885
f 884 885 886
f 62 887 889
f 229 888 887
f 228 889 888
f 887 888 889
f 61 890 892
f 230 891 890
f 229 892 891
f 890 891 892
f 228 888 885
f 229 891 888
f 230 885 891
f 888 891 885
f 17 814 894
f 212 893 814
f 232 894 893
f 814 893 894
f 56 895 818
f 231 896 895
f 212 818 896
f 895 896 818
f 62 897 899
f 232 898 897
f 231 899 898
f 897 898 899
f 212 896 893
f 231 898 896
f 232 893 898
f 896 898 893
f 61 892 879
f 229 900 892
f 227 879 900
f 892 900 879
f 62 899 887
f 231 901 899
f 229 887 901
f 899 901 887
f 56 883 895
f 227 902 883
f 231 895 902
f 883 902 895
f 229 901 900
f 231 902 901
f 227 900 902
f 901 902 900
f 8 903 905
f 233 904 903
f 235 905 904
f 903 904 905
f 63 906 908
f 234 907 906
f 233 908 907
f 906 907 908
f 65 909 911
f 235 910 909
f 234 911 910
f 909 910 911
f 233 907 904
f 234 910 907
f 235 904 910
f 907 910 904
f 19 912 914
f 236 913 912
f 238 914 913
f 912 913 914
f 64 915 917
f 237 916 915
f 236 917 916
f 915 916 917
f 63 918 920
f 238 919 918
f 237 920 919
f 918 919 920
f 236 916 913
f 237 919 916
f 238 913 919
f 916 919 913
f 18 921 923
f 239 922 921
f 241 923 922
f 921 922 923
f 65 924 926
f 240 925 924
f 239 926 925
f 924 925 926
f 64 927 929
f 241 928 927
f 240 929 928
f 927 928 929
f 239 925 922
f 240 928 925
f 241 922 928
f 925 928 922
f 63 920 906
f 237 930 920
f 234 906 930
f 920 930 906
f 64 929 915
f 240 931 929
f 237 915 931
f 929 931 915
f 65 911 924
f 234 932 911
f 240 924 932
f 911 932 924
f 237 931 930
f 240 932 931
f 234 930 932
f 931 932 930
f 17 894 858
f 232 933 894
f 221 858 933
f 894 933 858
f 62 934 897
f 242 935 934
f 232 897 935
f 934 935 897
f 59 862 937
f 221 936 862
f 242 937 936
f 862 936 937
f 232 935 933
f 242 936 935
f 221 933 936
f 935 936 933
f 18 923 884
f 241 938 923
f 228 884 938
f 923 938 884
f 64 939 927
f 243 940 939
f 241 927 940
f 939 940 927
f 62 889 942
f 228 941 889
f 243 942 941
f 889 941 942
f 241 940 938
f 243 941 940
f 228 938 941
f 940 941 938
f 19 867 912
f 225 943 867
f 236 912 943
f 867 943 912
f 59 944 871
f 244 945 944
f 225 871 945
f 944 945 871
f 64 917 947
f 236 946 917
f 244 947 946
f 917 946 947
f 225 945 943
f 244 946 945
f 236 943 946
f 945 946 943
f 62 942 934
f 243 948 942
f 242 934 948
f 942 948 934
f 64 947 939
f 244 949 947
f 243 939 949
f 947 949 939
f 59 937 944
f 242 950 937
f 244 944 950
f 937 950 944
f 243 949 948
f 244 950 949
f 242 948 950
f 949 950 948
f 1 852 952
f 220 951 852
f 246 952 951
f 852 951 952
f 60 953 855
f 245 954 953
f 220 855 954
f 953 954 855
f 67 955 957
f 246 956 955
f 245 957 956
f 955 956 957
f 220 954 951
f 245 956 954
f 246 951 956
f 954 956 951
f 19 958 865
f 247 959 958
f 223 865 959
f 958 959 865
f 66 960 962
f 248 961 960
f 247 962 961
f 960 961 962
f 60 870 964
f 223 963 870
f 248 964 963
f 870 963 964
f 247 961 959
f 248 963 961
f 223 959 963
f 961 963 959
f 21 965 967
f 249 966 965
f 251 967 966
f 965 966 967
f 67 968 970
f 250 969 968
f 249 970 969
f 968 969 970
f 66 971 973
f 251 972 971
f 250 973 972
f 971 972 973
f 249 969 966
f 250 972 969
f 251 966 972
f 969 972 966
f 60 964 953
f 248 974 964
f 245 953 974
f 964 974 953
f 66 973 960
f 250 975 973
f 248 960 975
f 973 975 960
f 67 957 968
f 245 976 957
f 250 968 976
f 957 976 968
f 248 975 974
f 250 976 975
f 245 974 976
f 975 976 974
f 8 977 903
f 252 978 977
f 233 903 978
f 977 978 903
f 68 979 981
f 253 980 979
f 252 981 980
f 979 980 981
f 63 908 983
f 233 982 908
f 253 983 982
f 908 982 983
f 252 980 978
f 253 982 980
f 233 978 982
f 980 982 978
f 20 984 986
f 254 985 984
f 256 986 985
f 984 985 986
f 69 987 989
f 255 988 987
f 254 989 988
f 987 988 989
f 68 990 992
f 256 991 990
f 255 992 991
f 990 991 992
f 254 988 985
f 255 991 988
f 256 985 991
f 988 991 985
f 19 914 994
f 238 993 914
f 258 994 993
f 914 993 994
f 63 995 918
f 257 996 995
f 238 918 996
f 995 996 918
f 69 997 999
f 258 998 997
f 257 999 998
f 997 998 999
f 238 996 993
f 257 998 996
f 258 993 998
f 996 998 993
f 68 992 979
f 255 1000 992
f 253 979 1000
f 992 1000 979
f 69 999 987
f 257 1001 999
f 255 987 1001
f 999 1001 987
f 63 983 995
f 253 1002 983
f 257 995 1002
f 983 1002 995
f 255 1001 1000
f 257 1002 1001
f 253 1000 1002
f 1001 1002 1000
f 11 1003 1005
f 259 1004 1003
f 261 1005 1004
f 1003 1004 1005
f 70 1006 1008
f 260 1007 1006
f 259 1008 1007
f 1006 1007 1008
f 72 1009 1011
f 261 1010 1009
f 260 1011 1010
f 1009 1010 1011
f 259 1007 1004
f 260 1010 1007
f 261 1004 1010
f 1007 1010 1004
f 21 1012 1014
f 262 1013 1012
f 264 1014 1013
f 1012 1013 1014
f 71 1015 1017
f 263 1016 1015
f 262 1017 1016
f 1015 1016 1017
f 70 1018 1020
f 264 1019 1018
f 263 1020 1019
f 1018 1019 1020
f 262 1016 1013
f 263 1019 1016
f 264 1013 1019
f 1016 1019 1013
f 20 1021 1023
f 265 1022 1021
f 267 1023 1022
f 1021 1022 1023
f 72 1024 1026
f 266 1025 1024
f 265 1026 1025
f 1024 1025 1026
f 71 1027 1029
f 267 1028 1027
f 266 1029 1028
f 1027 1028 1029
f 265 1025 1022
f 266 1028 1025
f 267 1022 1028
f 1025 1028 1022
f 70 1020 1006
f 263 1030 1020
f 260 1006 1030
f 1020 1030 1006
f 71 1029 1015
f 266 1031 1029
f 263 1015 1031
f 1029 1031 1015
f 72 1011 1024
f 260 1032 1011
f 266 1024 1032
f 1011 1032 1024
f 263 1031 1030
f 266 1032 1031
f 260 1030 1032
f 1031 1032 1030
f 19 994 958
f 258 1033 994
f 247 958 1033
f 994 1033 958
f 69 1034 997
f 268 1035 1034
f 258 997 1035
f 1034 1035 997
f 66 962 1037
f 247 1036 962
f 268 1037 1036
f 962 1036 1037
f 258 1035 1033
f 268 1036 1035
f 247 1033 1036
f 1035 1036 1033
f 20 1023 984
f 267 1038 1023
f 254 984 1038
f 1023 1038 984
f 71 1039 1027
f 269 1040 1039
f 267 1027 1040
f 1039 1040 1027
f 69 989 1042
f 254 1041 989
f 269 1042 1041
f 989 1041 1042
f 267 1040 1038
f 269 1041 1040
f 254 1038 1041
f 1040 1041 1038
f 21 967 1012
f 251 1043 967
f 262 1012 1043
f 967 1043 1012
f 66 1044 971
f 270 1045 1044
f 251 971 1045
f 1044 1045 971
f 71 1017 1047
f 262 1046 1017
f 270 1047 1046
f 1017 1046 1047
f 251 1045 1043
f 270 1046 1045
f 262 1043 1046
f 1045 1046 1043
f 69 1042 1034
f 269 1048 1042
f 268 1034 1048
f 1042 1048 1034
f 71 1047 1039
f 270 1049 1047
f 269 1039 1049
f 1047 1049 1039
f 66 1037 1044
f 268 1050 1037
f 270 1044 1050
f 1037 1050 1044
f 269 1049 1048
f 270 1050 1049
f 268 1048 1050
f 1049 1050 1048
f 1 952 643
f 246 1051 952
f 163 643 1051
f 952 1051 643
f 67 1052 955
f 271 1053 1052
f 246 955 1053
f 1052 1053 955
f 43 648 1055
f 163 1054 648
f 271 1055 1054
f 648 1054 1055
f 246 1053 1051
f 271 1054 1053
f 163 1051 1054
f 1053 1054 1051
f 21 1056 965
f 272 1057 1056
f 249 965 1057
f 1056 1057 965
f 73 1058 1060
f 273 1059 1058
f 272 1060 1059
f 1058 1059 1060
f 67 970 1062
f 249 1061 970
f 273 1062 1061
f 970 1061 1062
f 272 1059 1057
f 273 1061 1059
f 249 1057 1061
f 1059 1061 1057
f 13 654 1064
f 168 1063 654
f 275 1064 1063
f 654 1063 1064
f 43 1065 658
f 274 1066 1065
f 168 658 1066
f 1065 1066 658
f 73 1067 1069
f 275 1068 1067
f 274 1069 1068
f 1067 1068 1069
f 168 1066 1063
f 274 1068 1066
f 275 1063 1068
f 1066 1068 1063
f 67 1062 1052
f 273 1070 1062
f 271 1052 1070
f 1062 1070 1052
f 73 1069 1058
f 274 1071 1069
f 273 1058 1071
f 1069 1071 1058
f 43 1055 1065
f 271 1072 1055
f 274 1065 1072
f 1055 1072 1065
f 273 1071 1070
f 274 1072 1071
f 271 1070 1072
f 1071 1072 1070
f 11 1073 1003
f 276 1074 1073
f 259 1003 1074
f 1073 1074 1003
f 74 1075 1077
f 277 1076 1075
f 276 1077 1076
f 1075 1076 1077
f 70 1008 1079
f 259 1078 1008
f 277 1079 1078
f 1008 1078 1079
f 276 1076 1074
f 277 1078 1076
f 259 1074 1078
f 1076 1078 1074
f 22 1080 1082
f 278 1081 1080
f 280 1082 1081
f 1080 1081 1082
f 75 1083 1085
f 279 1084 1083
f 278 1085 1084
f 1083 1084 1085
f 74 1086 1088
f 280 1087 1086
f 279 1088 1087
f 1086 1087 1088
f 278 1084 1081
f 279 1087 1084
f 280 1081 1087
f 1084 1087 1081
f 21 1014 1090
f 264 1089 1014
f 282 1090 1089
f 1014 1089 1090
f 70 1091 1018
f 281 1092 1091
f 264 1018 1092
f 1091 1092 1018
f 75 1093 1095
f 282 1094 1093
f 281 1095 1094
f 1093 1094 1095
f 264 1092 1089
f 281 1094 1092
f 282 1089 1094
f 1092 1094 1089
f 74 1088 1075
f 279 1096 1088
f 277 1075 1096
f 1088 1096 1075
f 75 1095 1083
f 281 1097 1095
f 279 1083 1097
f 1095 1097 1083
f 70 1079 1091
f 277 1098 1079
f 281 1091 1098
f 1079 1098 1091
f 279 1097 1096
f 281 1098 1097
f 277 1096 1098
f 1097 1098 1096
f 12 675 1100
f 174 1099 675
f 284 1100 1099
f 675 1099 1100
f 48 1101 679
f 283 1102 1101
f 174 679 1102
f 1101 1102 679
f 77 1103 1105
f 284 1104 1103
f 283 1105 1104
f 1103 1104 1105
f 174 1102 1099
f 283 1104 1102
f 284 1099 1104
f 1102 1104 1099
f 13 1106 691
f 285 1107 1106
f 178 691 1107
f 1106 1107 691
f 76 1108 1110
f 286 1109 1108
f 285 1110 1109
f 1108 1109 1110
f 48 696 1112
f 178 1111 696
f 286 1112 1111
f 696 1111 1112
f 285 1109 1107
f 286 1111 1109
f 178 1107 1111
f 1109 1111 1107
f 22 1113 1115
f 287 1114 1113
f 289 1115 1114
f 1113 1114 1115
f 77 1116 1118
f 288 1117 1116
f 287 1118 1117
f 1116 1117 1118
f 76 1119 1121
f 289 1120 1119
f 288 1121 1120
f 1119 1120 1121
f 287 1117 1114
f 288 1120 1117
f 289 1114 1120
f 1117 1120 1114
f 48 1112 1101
f 286 1122 1112
f 283 1101 1122
f 1112 1122 1101
f 76 1121 1108
f 288 1123 1121
f 286 1108 1123
f 1121 1123 1108
f 77 1105 1116
f 283 1124 1105
f 288 1116 1124
f 1105 1124 1116
f 286 1123 1122
f 288 1124 1123
f 283 1122 1124
f 1123 1124 1122
f 21 1090 1056
f 282 1125 1090
f 272 1056 1125
f 1090 1125 1056
f 75 1126 1093
f 290 1127 1126
f 282 1093 1127
f 1126 1127 1093
f 73 1060 1129
f 272 1128 1060
f 290 1129 1128
f 1060 1128 1129
f 282 1127 1125
f 290 1128 1127
f 272 1125 1128
f 1127 1128 1125
f 22 1115 1080
f 289 1130 1115
f 278 1080 1130
f 1115 1130 1080
f 76 1131 1119
f 291 1132 1131
f 289 1119 1132
f 1131 1132 1119
f 75 1085 1134
f 278 1133 1085
f 291 1134 1133
f 1085 1133 1134
f 289 1132 1130
f 291 1133 1132
f 278 1130 1133
f 1132 1133 1130
f 13 1064 1106
f 275 1135 1064
f 285 1106 1135
f 1064 1135 1106
f 73 1136 1067
f 292 1137 1136
f 275 1067 1137
f 1136 1137 1067
f 76 1110 1139
f 285 1138 1110
f 292 1139 1138
f 1110 1138 1139
f 275 1137 1135
f 292 1138 1137
f 285 1135 1138
f 1137 1138 1135
f 75 1134 1126
f 291 1140 1134
f 290 1126 1140
f 1134 1140 1126
f 76 1139 1131
f 292 1141 1139
f 291 1131 1141
f 1139 1141 1131
f 73 1129 1136
f 290 1142 1129
f 292 1136 1142
f 1129 1142 1136
f 291 1141 1140
f 292 1142 1141
f 290 1140 1142
f 1141 1142 1140
f 2 805 1144
f 209 1143 805
f 294 1144 1143
f 805 1143 1144
f 58 1145 809
f 293 1146 1145
f 209 809 1146
f 1145 1146 809
f 79 1147 1149
f 294 1148 1147
f 293 1149 1148
f 1147 1148 1149
f 209 1146 1143
f 293 1148 1146
f 294 1143 1148
f 1146 1148 1143
f 16 1150 821
f 295 1151 1150
f 213 821 1151
f 1150 1151 821
f 78 1152 1154
f 296 1153 1152
f 295 1154 1153
f 1152 1153 1154
f 58 826 1156
f 213 1155 826
f 296 1156 1155
f 826 1155 1156
f 295 1153 1151
f 296 1155 1153
f 213 1151 1155
f 1153 1155 1151
f 24 1157 1159
f 297 1158 1157
f 299 1159 1158
f 1157 1158 1159
f 79 1160 1162
f 298 1161 1160
f 297 1162 1161
f 1160 1161 1162
f 78 1163 1165
f 299 1164 1163
f 298 1165 1164
f 1163 1164 1165
f 297 1161 1158
f 298 1164 1161
f 299 1158 1164
f 1161 1164 1158
f 58 1156 1145
f 296 1166 1156
f 293 1145 1166
f 1156 1166 1145
f 78 1165 1152
f 298 1167 1165
f 296 1152 1167
f 1165 1167 1152
f 79 1149 1160
f 293 1168 1149
f 298 1160 1168
f 1149 1168 1160
f 296 1167 1166
f 298 1168 1167
f 293 1166 1168
f 1167 1168 1166
f 6 1169 777
f 300 1170 1169
f 200 777 1170
f 1169 1170 777
f 80 1171 1173
f 301 1172 1171
f 300 1173 1172
f 1171 1172 1173
f 54 781 1175
f 200 1174 781
f 301 1175 1174
f 781 1174 1175
f 300 1172 1170
f 301 1174 1172
f 200 1170 1174
f 1172 1174 1170
f 23 1176 1178
f 302 1177 1176
f 304 1178 1177
f 1176 1177 1178
f 81 1179 1181
f 303 1180 1179
f 302 1181 1180
f 1179 1180 1181
f 80 1182 1184
f 304 1183 1182
f 303 1184 1183
f 1182 1183 1184
f 302 1180 1177
f 303 1183 1180
f 304 1177 1183
f 1180 1183 1177
f 16 786 1186
f 204 1185 786
f 306 1186 1185
f 786 1185 1186
f 54 1187 790
f 305 1188 1187
f 204 790 1188
f 1187 1188 790
f 81 1189 1191
f 306 1190 1189
f 305 1191 1190
f 1189 1190 1191
f 204 1188 1185
f 305 1190 1188
f 306 1185 1190
f 1188 1190 1185
f 80 1184 1171
f 303 1192 1184
f 301 1171 1192
f 1184 1192 1171
f 81 1191 1179
f 305 1193 1191
f 303 1179 1193
f 1191 1193 1179
f 54 1175 1187
f 301 1194 1175
f 305 1187 1194
f 1175 1194 1187
f 303 1193 1192
f 305 1194 1193
f 301 1192 1194
f 1193 1194 1192
f 10 1195 1197
f 307 1196 1195
f 309 1197 1196
f 1195 1196 1197
f 82 1198 1200
f 308 1199 1198
f 307 1200 1199
f 1198 1199 1200
f 84 1201 1203
f 309 1202 1201
f 308 1203 1202
f 1201 1202 1203
f 307 1199 1196
f 308 1202 1199
f 309 1196 1202
f 1199 1202 1196
f 24 1204 1206
f 310 1205 1204
f 312 1206 1205
f 1204 1205 1206
f 83 1207 1209
f 311 1208 1207
f 310 1209 1208
f 1207 1208 1209
f 82 1210 1212
f 312 1211 1210
f 311 1212 1211
f 1210 1211 1212
f 310 1208 1205
f 311 1211 1208
f 312 1205 1211
f 1208 1211 1205
f 23 1213 1215
f 313 1214 1213
f 315 1215 1214
f 1213 1214 1215
f 84 1216 1218
f 314 1217 1216
f 313 1218 1217
f 1216 1217 1218
f 83 1219 1221
f 315 1220 1219
f 314 1221 1220
f 1219 1220 1221
f 313 1217 1214
f 314 1220 1217
f 315 1214 1220
f 1217 1220 1214
f 82 1212 1198
f 311 1222 1212
f 308 1198 1222
f 1212 1222 1198
f 83 1221 1207
f 314 1223 1221
f 311 1207 1223
f 1221 1223 1207
f 84 1203 1216
f 308 1224 1203
f 314 1216 1224
f 1203 1224 1216
f 311 1223 1222
f 314 1224 1223
f 308 1222 1224
f 1223 1224 1222
f 16 1186 1150
f 306 1225 1186
f 295 1150 1225
f 1186 1225 1150
f 81 1226 1189
f 316 1227 1226
f 306 1189 1227
f 1226 1227 1189
f 78 1154 1229
f 295 1228 1154
f 316 1229 1228
f 1154 1228 1229
f 306 1227 1225
f 316 1228 1227
f 295 1225 1228
f 1227 1228 1225
f 23 1215 1176
f 315 1230 1215
f 302 1176 1230
f 1215 1230 1176
f 83 1231 1219
f 317 1232 1231
f 315 1219 1232
f 1231 1232 1219
f 81 1181 1234
f 302 1233 1181
f 317 1234 1233
f 1181 1233 1234
f 315 1232 1230
f 317 1233 1232
f 302 1230 1233
f 1232 1233 1230
f 24 1159 1204
f 299 1235 1159
f 310 1204 1235
f 1159 1235 1204
f 78 1236 1163
f 318 1237 1236
f 299 1163 1237
f 1236 1237 1163
f 83 1209 1239
f 310 1238 1209
f 318 1239 1238
f 1209 1238 1239
f 299 1237 1235
f 318 1238 1237
f 310 1235 1238
f 1237 1238 1235
f 81 1234 1226
f 317 1240 1234
f 316 1226 1240
f 1234 1240 1226
f 83 1239 1231
f 318 1241 1239
f 317 1231 1241
f 1239 1241 1231
f 78 1229 1236
f 316 1242 1229
f 318 1236 1242
f 1229 1242 1236
f 317 1241 1240
f 318 1242 1241
f 316 1240 1242
f 1241 1242 1240
f 6 705 1244
f 183 1243 705
f 320 1244 1243
f 705 1243 1244
f 51 1245 709
f 319 1246 1245
f 183 709 1246
f 1245 1246 709
f 86 1247 1249
f 320 1248 1247
f 319 1249 1248
f 1247 1248 1249
f 183 1246 1243
f 319 1248 1246
f 320 1243 1248
f 1246 1248 1243
f 14 1250 721
f 321 1251 1250
f 187 721 1251
f 1250 1251 721
f 85 1252 1254
f 322 1253 1252
f 321 1254 1253
f 1252 1253 1254
f 51 726 1256
f 187 1255 726
f 322 1256 1255
f 726 1255 1256
f 321 1253 1251
f 322 1255 1253
f 187 1251 1255
f 1253 1255 1251
f 26 1257 1259
f 323 1258 1257
f 325 1259 1258
f 1257 1258 1259
f 86 1260 1262
f 324 1261 1260
f 323 1262 1261
f 1260 1261 1262
f 85 1263 1265
f 325 1264 1263
f 324 1265 1264
f 1263 1264 1265
f 323 1261 1258
f 324 1264 1261
f 325 1258 1264
f 1261 1264 1258
f 51 1256 1245
f 322 1266 1256
f 319 1245 1266
f 1256 1266 1245
f 85 1265 1252
f 324 1267 1265
f 322 1252 1267
f 1265 1267 1252
f 86 1249 1260
f 319 1268 1249
f 324 1260 1268
f 1249 1268 1260
f 322 1267 1266
f 324 1268 1267
f 319 1266 1268
f 1267 1268 1266
f 12 1269 673
f 326 1270 1269
f 172 673 1270
f 1269 1270 673
f 87 1271 1273
f 327 1272 1271
f 326 1273 1272
f 1271 1272 1273
f 46 678 1275
f 172 1274 678
f 327 1275 1274
f 678 1274 1275
f 326 1272 1270
f 327 1274 1272
f 172 1270 1274
f 1272 1274 1270
f 25 1276 1278
f 328 1277 1276
f 330 1278 1277
f 1276 1277 1278
f 88 1279 1281
f 329 1280 1279
f 328 1281 1280
f 1279 1280 1281
f 87 1282 1284
f 330 1283 1282
f 329 1284 1283
f 1282 1283 1284
f 328 1280 1277
f 329 1283 1280
f 330 1277 1283
f 1280 1283 1277
f 14 684 1286
f 177 1285 684
f 332 1286 1285
f 684 1285 1286
f 46 1287 688
f 331 1288 1287
f 177 688 1288
f 1287 1288 688
f 88 1289 1291
f 332 1290 1289
f 331 1291 1290
f 1289 1290 1291
f 177 1288 1285
f 331 1290 1288
f 332 1285 1290
f 1288 1290 1285
f 87 1284 1271
f 329 1292 1284
f 327 1271 1292
f 1284 1292 1271
f 88 1291 1279
f 331 1293 1291
f 329 1279 1293
f 1291 1293 1279
f 46 1275 1287
f 327 1294 1275
f 331 1287 1294
f 1275 1294 1287
f 329 1293 1292
f 331 1294 1293
f 327 1292 1294
f 1293 1294 1292
f 5 1295 1297
f 333 1296 1295
f 335 1297 1296
f 1295 1296 1297
f 89 1298 1300
f 334 1299 1298
f 333 1300 1299
f 1298 1299 1300
f 91 1301 1303
f 335 1302 1301
f 334 1303 1302
f 1301 1302 1303
f 333 1299 1296
f 334 1302 1299
f 335 1296 1302
f 1299 1302 1296
f 26 1304 1306
f 336 1305 1304
f 338 1306 1305
f 1304 1305 1306
f 90 1307 1309
f 337 1308 1307
f 336 1309 1308
f 1307 1308 1309
f 89 1310 1312
f 338 1311 1310
f 337 1312 1311
f 1310 1311 1312
f 336 1308 1305
f 337 1311 1308
f 338 1305 1311
f 1308 1311 1305
f 25 1313 1315
f 339 1314 1313
f 341 1315 1314
f 1313 1314 1315
f 91 1316 1318
f 340 1317 1316
f 339 1318 1317
f 1316 1317 1318
f 90 1319 1321
f 341 1320 1319
f 340 1321 1320
f 1319 1320 1321
f 339 1317 1314
f 340 1320 1317
f 341 1314 1320
f 1317 1320 1314
f 89 1312 1298
f 337 1322 1312
f 334 1298 1322
f 1312 1322 1298
f 90 1321 1307
f 340 1323 1321
f 337 1307 1323
f 1321 1323 1307
f 91 1303 1316
f 334 1324 1303
f 340 1316 1324
f 1303 1324 1316
f 337 1323 1322
f 340 1324 1323
f 334 1322 1324
f 1323 1324 1322
f 14 1286 1250
f 332 1325 1286
f 321 1250 1325
f 1286 1325 1250
f 88 1326 1289
f 342 1327 1326
f 332 1289 1327
f 1326 1327 1289
f 85 1254 1329
f 321 1328 1254
f 342 1329 1328
f 1254 1328 1329
f 332 1327 1325
f 342 1328 1327
f 321 1325 1328
f 1327 1328 1325
f 25 1315 1276
f 341 1330 1315
f 328 1276 1330
f 1315 1330 1276
f 90 1331 1319
f 343 1332 1331
f 341 1319 1332
f 1331 1332 1319
f 88 1281 1334
f 328 1333 1281
f 343 1334 1333
f 1281 1333 1334
f 341 1332 1330
f 343 1333 1332
f 328 1330 1333
f 1332 1333 1330
f 26 1259 1304
f 325 1335 1259
f 336 1304 1335
f 1259 1335 1304
f 85 1336 1263
f 344 1337 1336
f 325 1263 1337
f 1336 1337 1263
f 90 1309 1339
f 336 1338 1309
f 344 1339 1338
f 1309 1338 1339
f 325 1337 1335
f 344 1338 1337
f 336 1335 1338
f 1337 1338 1335
f 88 1334 1326
f 343 1340 1334
f 342 1326 1340
f 1334 1340 1326
f 90 1339 1331
f 344 1341 1339
f 343 1331 1341
f 1339 1341 1331
f 85 1329 1336
f 342 1342 1329
f 344 1336 1342
f 1329 1342 1336
f 343 1341 1340
f 344 1342 1341
f 342 1340 1342
f 1341 1342 1340
f 12 1100 1344
f 284 1343 1100
f 346 1344 1343
f 1100 1343 1344
f 77 1345 1103
f 345 1346 1345
f 284 1103 1346
f 1345 1346 1103
f 93 1347 1349
f 346 1348 1347
f 345 1349 1348
f 1347 1348 1349
f 284 1346 1343
f 345 1348 1346
f 346 1343 1348
f 1346 1348 1343
f 22 1350 1113
f 347 1351 1350
f 287 1113 1351
f 1350 1351 1113
f 92 1352 1354
f 348 1353 1352
f 347 1354 1353
f 1352 1353 1354
f 77 1118 1356
f 287 1355 1118
f 348 1356 1355
f 1118 1355 1356
f 347 1353 1351
f 348 1355 1353
f 287 1351 1355
f 1353 1355 1351
f 28 1357 1359
f 349 1358 1357
f 351 1359 1358
f 1357 1358 1359
f 93 1360 1362
f 350 1361 1360
f 349 1362 1361
f 1360 1361 1362
f 92 1363 1365
f 351 1364 1363
f 350 1365 1364
f 1363 1364 1365
f 349 1361 1358
f 350 1364 1361
f 351 1358 1364
f 1361 1364 1358
f 77 1356 1345
f 348 1366 1356
f 345 1345 1366
f 1356 1366 1345
f 92 1365 1352
f 350 1367 1365
f 348 1352 1367
f 1365 1367 1352
f 93 1349 1360
f 345 1368 1349
f 350 1360 1368
f 1349 1368 1360
f 348 1367 1366
f 350 1368 1367
f 345 1366 1368
f 1367 1368 1366
f 11 1369 1073
f 352 1370 1369
f 276 1073 1370
f 1369 1370 1073
f 94 1371 1373
f 353 1372 1371
f 352 1373 1372
f 1371 1372 1373
f 74 1077 1375
f 276 1374 1077
f 353 1375 1374
f 1077 1374 1375
f 352 1372 1370
f 353 1374 1372
f 276 1370 1374
f 1372 1374 1370
f 27 1376 1378
f 354 1377 1376
f 356 1378 1377
f 1376 1377 1378
f 95 1379 1381
f 355 1380 1379
f 354 1381 1380
f 1379 1380 1381
f 94 1382 1384
f 356 1383 1382
f 355 1384 1383
f 1382 1383 1384
f 354 1380 1377
f 355 1383 1380
f 356 1377 1383
f 1380 1383 1377
f 22 1082 1386
f 280 1385 1082
f 358 1386 1385
f 1082 1385 1386
f 74 1387 1086
f 357 1388 1387
f 280 1086 1388
f 1387 1388 1086
f 95 1389 1391
f 358 1390 1389
f 357 1391 1390
f 1389 1390 1391
f 280 1388 1385
f 357 1390 1388
f 358 1385 1390
f 1388 1390 1385
f 94 1384 1371
f 355 1392 1384
f 353 1371 1392
f 1384 1392 1371
f 95 1391 1379
f 357 1393 1391
f 355 1379 1393
f 1391 1393 1379
f 74 1375 1387
f 353 1394 1375
f 357 1387 1394
f 1375 1394 1387
f 355 1393 1392
f 357 1394 1393
f 353 1392 1394
f 1393 1394 1392
f 3 1395 1397
f 359 1396 1395
f 361 1397 1396
f 1395 1396 1397
f 96 1398 1400
f 360 1399 1398
f 359 1400 1399
f 1398 1399 1400
f 98 1401 1403
f 361 1402 1401
f 360 1403 1402
f 1401 1402 1403
f 359 1399 1396
f 360 1402 1399
f 361 1396 1402
f 1399 1402 1396
f 28 1404 1406
f 362 1405 1404
f 364 1406 1405
f 1404 1405 1406
f 97 1407 1409
f 363 1408 1407
f 362 1409 1408
f 1407 1408 1409
f 96 1410 1412
f 364 1411 1410
f 363 1412 1411
f 1410 1411 1412
f 362 1408 1405
f 363 1411 1408
f 364 1405 1411
f 1408 1411 1405
f 27 1413 1415
f 365 1414 1413
f 367 1415 1414
f 1413 1414 1415
f 98 1416 1418
f 366 1417 1416
f 365 1418 1417
f 1416 1417 1418
f 97 1419 1421
f 367 1420 1419
f 366 1421 1420
f 1419 1420 1421
f 365 1417 1414
f 366 1420 1417
f 367 1414 1420
f 1417 1420 1414
f 96 1412 1398
f 363 1422 1412
f 360 1398 1422
f 1412 1422 1398
f 97 1421 1407
f 366 1423 1421
f 363 1407 1423
f 1421 1423 1407
f 98 1403 1416
f 360 1424 1403
f 366 1416 1424
f 1403 1424 1416
f 363 1423 1422
f 366 1424 1423
f 360 1422 1424
f 1423 1424 1422
f 22 1386 1350
f 358 1425 1386
f 347 1350 1425
f 1386 1425 1350
f 95 1426 1389
f 368 1427 1426
f 358 1389 1427
f 1426 1427 1389
f 92 1354 1429
f 347 1428 1354
f 368 1429 1428
f 1354 1428 1429
f 358 1427 1425
f 368 1428 1427
f 347 1425 1428
f 1427 1428 1425
f 27 1415 1376
f 367 1430 1415
f 354 1376 1430
f 1415 1430 1376
f 97 1431 1419
f 369 1432 1431
f 367 1419 1432
f 1431 1432 1419
f 95 1381 1434
f 354 1433 1381
f 369 1434 1433
f 1381 1433 1434
f 367 1432 1430
f 369 1433 1432
f 354 1430 1433
f 1432 1433 1430
f 28 1359 1404
f 351 1435 1359
f 362 1404 1435
f 1359 1435 1404
f 92 1436 1363
f 370 1437 1436
f 351 1363 1437
f 1436 1437 1363
f 97 1409 1439
f 362 1438 1409
f 370 1439 1438
f 1409 1438 1439
f 351 1437 1435
f 370 1438 1437
f 362 1435 1438
f 1437 1438 1435
f 95 1434 1426
f 369 1440 1434
f 368 1426 1440
f 1434 1440 1426
f 97 1439 1431
f 370 1441 1439
f 369 1431 1441
f 1439 1441 1431
f 92 1429 1436
f 368 1442 1429
f 370 1436 1442
f 1429 1442 1436
f 369 1441 1440
f 370 1442 1441
f 368 1440 1442
f 1441 1442 1440
f 11 1005 1444
f 261 1443 1005
f 372 1444 1443
f 1005 1443 1444
f 72 1445 1009
f 371 1446 1445
f 261 1009 1446
f 1445 1446 1009
f 100 1447 1449
f 372 1448 1447
f 371 1449 1448
f 1447 1448 1449
f 261 1446 1443
f 371 1448 1446
f 372 1443 1448
f 1446 1448 1443
f 20 1450 1021
f 373 1451 1450
f 265 1021 1451
f 1450 1451 1021
f 99 1452 1454
f 374 1453 1452
f 373 1454 1453
f 1452 1453 1454
f 72 1026 1456
f 265 1455 1026
f 374 1456 1455
f 1026 1455 1456
f 373 1453 1451
f 374 1455 1453
f 265 1451 1455
f 1453 1455 1451
f 30 1457 1459
f 375 1458 1457
f 377 1459 1458
f 1457 1458 1459
f 100 1460 1462
f 376 1461 1460
f 375 1462 1461
f 1460 1461 1462
f 99 1463 1465
f 377 1464 1463
f 376 1465 1464
f 1463 1464 1465
f 375 1461 1458
f 376 1464 1461
f 377 1458 1464
f 1461 1464 1458
f 72 1456 1445
f 374 1466 1456
f 371 1445 1466
f 1456 1466 1445
f 99 1465 1452
f 376 1467 1465
f 374 1452 1467
f 1465 1467 1452
f 100 1449 1460
f 371 1468 1449
f 376 1460 1468
f 1449 1468 1460
f 374 1467 1466
f 376 1468 1467
f 371 1466 1468
f 1467 1468 1466
f 8 1469 977
f 378 1470 1469
f 252 977 1470
f 1469 1470 977
f 101 1471 1473
f 379 1472 1471
f 378 1473 1472
f 1471 1472 1473
f 68 981 1475
f 252 1474 981
f 379 1475 1474
f 981 1474 1475
f 378 1472 1470
f 379 1474 1472
f 252 1470 1474
f 1472 1474 1470
f 29 1476 1478
f 380 1477 1476
f 382 1478 1477
f 1476 1477 1478
f 102 1479 1481
f 381 1480 1479
f 380 1481 1480
f 1479 1480 1481
f 101 1482 1484
f 382 1483 1482
f 381 1484 1483
f 1482 1483 1484
f 380 1480 1477
f 381 1483 1480
f 382 1477 1483
f 1480 1483 1477
f 20 986 1486
f 256 1485 986
f 384 1486 1485
f 986 1485 1486
f 68 1487 990
f 383 1488 1487
f 256 990 1488
f 1487 1488 990
f 102 1489 1491
f 384 1490 1489
f 383 1491 1490
f 1489 1490 1491
f 256 1488 1485
f 383 1490 1488
f 384 1485 1490
f 1488 1490 1485
f 101 1484 1471
f 381 1492 1484
f 379 1471 1492
f 1484 1492 1471
f 102 1491 1479
f 383 1493 1491
f 381 1479 1493
f 1491 1493 1479
f 68 1475 1487
f 379 1494 1475
f 383 1487 1494
f 1475 1494 1487
f 381 1493 1492
f 383 1494 1493
f 379 1492 1494
f 1493 1494 1492
f 7 1495 1497
f 385 1496 1495
f 387 1497 1496
f 1495 1496 1497
f 103 1498 1500
f 386 1499 1498
f 385 1500 1499
f 1498 1499 1500
f 105 1501 1503
f 387 1502 1501
f 386 1503 1502
f 1501 1502 1503
f 385 1499 1496
f 386 1502 1499
f 387 1496 1502
f 1499 1502 1496
f 30 1504 1506
f 388 1505 1504
f 390 1506 1505
f 1504 1505 1506
f 104 1507 1509
f 389 1508 1507
f 388 1509 1508
f 1507 1508 1509
f 103 1510 1512
f 390 1511 1510
f 389 1512 1511
f 1510 1511 1512
f 388 1508 1505
f 389 1511 1508
f 390 1505 1511
f 1508 1511 1505
f 29 1513 1515
f 391 1514 1513
f 393 1515 1514
f 1513 1514 1515
f 105 1516 1518
f 392 1517 1516
f 391 1518 1517
f 1516 1517 1518
f 104 1519 1521
f 393 1520 1519
f 392 1521 1520
f 1519 1520 1521
f 391 1517 1514
f 392 1520 1517
f 393 1514 1520
f 1517 1520 1514
f 103 1512 1498
f 389 1522 1512
f 386 1498 1522
f 1512 1522 1498
f 104 1521 1507
f 392 1523 1521
f 389 1507 1523
f 1521 1523 1507
f 105 1503 1516
f 386 1524 1503
f 392 1516 1524
f 1503 1524 1516
f 389 1523 1522
f 392 1524 1523
f 386 1522 1524
f 1523 1524 1522
f 20 1486 1450
f 384 1525 1486
f 373 1450 1525
f 1486 1525 1450
f 102 1526 1489
f 394 1527 1526
f 384 1489 1527
f 1526 1527 1489
f 99 1454 1529
f 373 1528 1454
f 394 1529 1528
f 1454 1528 1529
f 384 1527 1525
f 394 1528 1527
f 373 1525 1528
f 1527 1528 1525
f 29 1515 1476
f 393 1530 1515
f 380 1476 1530
f 1515 1530 1476
f 104 1531 1519
f 395 1532 1531
f 393 1519 1532
f 1531 1532 1519
f 102 1481 1534
f 380 1533 1481
f 395 1534 1533
f 1481 1533 1534
f 393 1532 1530
f 395 1533 1532
f 380 1530 1533
f 1532 1533 1530
f 30 1459 1504
f 377 1535 1459
f 388 1504 1535
f 1459 1535 1504
f 99 1536 1463
f 396 1537 1536
f 377 1463 1537
f 1536 1537 1463
f 104 1509 1539
f 388 1538 1509
f 396 1539 1538
f 1509 1538 1539
f 377 1537 1535
f 396 1538 1537
f 388 1535 1538
f 1537 1538 1535
f 102 1534 1526
f 395 1540 1534
f 394 1526 1540
f 1534 1540 1526
f 104 1539 1531
f 396 1541 1539
f 395 1531 1541
f 1539 1541 1531
f 99 1529 1536
f 394 1542 1529
f 396 1536 1542
f 1529 1542 1536
f 395 1541 1540
f 396 1542 1541
f 394 1540 1542
f 1541 1542 1540
f 8 905 1544
f 235 1543 905
f 398 1544 1543
f 905 1543 1544
f 65 1545 909
f 397 1546 1545
f 235 909 1546
f 1545 1546 909
f 107 1547 1549
f 398 1548 1547
f 397 1549 1548
f 1547 1548 1549
f 235 1546 1543
f 397 1548 1546
f 398 1543 1548
f 1546 1548 1543
f 18 1550 921
f 399 1551 1550
f 239 921 1551
f 1550 1551 921
f 106 1552 1554
f 400 1553 1552
f 399 1554 1553
f 1552 1553 1554
f 65 926 1556
f 239 1555 926
f 400 1556 1555
f 926 1555 1556
f 399 1553 1551
f 400 1555 1553
f 239 1551 1555
f 1553 1555 1551
f 32 1557 1559
f 401 1558 1557
f 403 1559 1558
f 1557 1558 1559
f 107 1560 1562
f 402 1561 1560
f 401 1562 1561
f 1560 1561 1562
f 106 1563 1565
f 403 1564 1563
f 402 1565 1564
f 1563 1564 1565
f 401 1561 1558
f 402 1564 1561
f 403 1558 1564
f 1561 1564 1558
f 65 1556 1545
f 400 1566 1556
f 397 1545 1566
f 1556 1566 1545
f 106 1565 1552
f 402 1567 1565
f 400 1552 1567
f 1565 1567 1552
f 107 1549 1560
f 397 1568 1549
f 402 1560 1568
f 1549 1568 1560
f 400 1567 1566
f 402 1568 1567
f 397 1566 1568
f 1567 1568 1566
f 2 1569 877
f 404 1570 1569
f 226 877 1570
f 1569 1570 877
f 108 1571 1573
f 405 1572 1571
f 404 1573 1572
f 1571 1572 1573
f 61 881 1575
f 226 1574 881
f 405 1575 1574
f 881 1574 1575
f 404 1572 1570
f 405 1574 1572
f 226 1570 1574
f 1572 1574 1570
f 31 1576 1578
f 406 1577 1576
f 408 1578 1577
f 1576 1577 1578
f 109 1579 1581
f 407 1580 1579
f 406 1581 1580
f 1579 1580 1581
f 108 1582 1584
f 408 1583 1582
f 407 1584 1583
f 1582 1583 1584
f 406 1580 1577
f 407 1583 1580
f 408 1577 1583
f 1580 1583 1577
f 18 886 1586
f 230 1585 886
f 410 1586 1585
f 886 1585 1586
f 61 1587 890
f 409 1588 1587
f 230 890 1588
f 1587 1588 890
f 109 1589 1591
f 410 1590 1589
f 409 1591 1590
f 1589 1590 1591
f 230 1588 1585
f 409 1590 1588
f 410 1585 1590
f 1588 1590 1585
f 108 1584 1571
f 407 1592 1584
f 405 1571 1592
f 1584 1592 1571
f 109 1591 1579
f 409 1593 1591
f 407 1579 1593
f 1591 1593 1579
f 61 1575 1587
f 405 1594 1575
f 409 1587 1594
f 1575 1594 1587
f 407 1593 1592
f 409 1594 1593
f 405 1592 1594
f 1593 1594 1592
f 9 1595 1597
f 411 1596 1595
f 413 1597 1596
f 1595 1596 1597
f 110 1598 1600
f 412 1599 1598
f 411 1600 1599
f 1598 1599 1600
f 112 1601 1603
f 413 1602 1601
f 412 1603 1602
f 1601 1602 1603
f 411 1599 1596
f 412 1602 1599
f 413 1596 1602
f 1599 1602 1596
f 32 1604 1606
f 414 1605 1604
f 416 1606 1605
f 1604 1605 1606
f 111 1607 1609
f 415 1608 1607
f 414 1609 1608
f 1607 1608 1609
f 110 1610 1612
f 416 1611 1610
f 415 1612 1611
f 1610 1611 1612
f 414 1608 1605
f 415 1611 1608
f 416 1605 1611
f 1608 1611 1605
f 31 1613 1615
f 417 1614 1613
f 419 1615 1614
f 1613 1614 1615
f 112 1616 1618
f 418 1617 1616
f 417 1618 1617
f 1616 1617 1618
f 111 1619 1621
f 419 1620 1619
f 418 1621 1620
f 1619 1620 1621
f 417 1617 1614
f 418 1620 1617
f 419 1614 1620
f 1617 1620 1614
f 110 1612 1598
f 415 1622 1612
f 412 1598 1622
f 1612 1622 1598
f 111 1621 1607
f 418 1623 1621
f 415 1607 1623
f 1621 1623 1607
f 112 1603 1616
f 412 1624 1603
f 418 1616 1624
f 1603 1624 1616
f 415 1623 1622
f 418 1624 1623
f 412 1622 1624
f 1623 1624 1622
f 18 1586 1550
f 410 1625 1586
f 399 1550 1625
f 1586 1625 1550
f 109 1626 1589
f 420 1627 1626
f 410 1589 1627
f 1626 1627 1589
f 106 1554 1629
f 399 1628 1554
f 420 1629 1628
f 1554 1628 1629
f 410 1627 1625
f 420 1628 1627
f 399 1625 1628
f 1627 1628 1625
f 31 1615 1576
f 419 1630 1615
f 406 1576 1630
f 1615 1630 1576
f 111 1631 1619
f 421 1632 1631
f 419 1619 1632
f 1631 1632 1619
f 109 1581 1634
f 406 1633 1581
f 421 1634 1633
f 1581 1633 1634
f 419 1632 1630
f 421 1633 1632
f 406 1630 1633
f 1632 1633 1630
f 32 1559 1604
f 403 1635 1559
f 414 1604 1635
f 1559 1635 1604
f 106 1636 1563
f 422 1637 1636
f 403 1563 1637
f 1636 1637 1563
f 111 1609 1639
f 414 1638 1609
f 422 1639 1638
f 1609 1638 1639
f 403 1637 1635
f 422 1638 1637
f 414 1635 1638
f 1637 1638 1635
f 109 1634 1626
f 421 1640 1634
f 420 1626 1640
f 1634 1640 1626
f 111 1639 1631
f 422 1641 1639
f 421 1631 1641
f 1639 1641 1631
f 106 1629 1636
f 420 1642 1629
f 422 1636 1642
f 1629 1642 1636
f 421 1641 1640
f 422 1642 1641
f 420 1640 1642
f 1641 1642 1640
f 4 1643 1645
f 423 1644 1643
f 425 1645 1644
f 1643 1644 1645
f 113 1646 1648
f 424 1647 1646
f 423 1648 1647
f 1646 1647 1648
f 115 1649 1651
f 425 1650 1649
f 424 1651 1650
f 1649 1650 1651
f 423 1647 1644
f 424 1650 1647
f 425 1644 1650
f 1647 1650 1644
f 33 1652 1654
f 426 1653 1652
f 428 1654 1653
f 1652 1653 1654
f 114 1655 1657
f 427 1656 1655
f 426 1657 1656
f 1655 1656 1657
f 113 1658 1660
f 428 1659 1658
f 427 1660 1659
f 1658 1659 1660
f 426 1656 1653
f 427 1659 1656
f 428 1653 1659
f 1656 1659 1653
f 35 1661 1663
f 429 1662 1661
f 431 1663 1662
f 1661 1662 1663
f 115 1664 1666
f 430 1665 1664
f 429 1666 1665
f 1664 1665 1666
f 114 1667 1669
f 431 1668 1667
f 430 1669 1668
f 1667 1668 1669
f 429 1665 1662
f 430 1668 1665
f 431 1662 1668
f 1665 1668 1662
f 113 1660 1646
f 427 1670 1660
f 424 1646 1670
f 1660 1670 1646
f 114 1669 1655
f 430 1671 1669
f 427 1655 1671
f 1669 1671 1655
f 115 1651 1664
f 424 1672 1651
f 430 1664 1672
f 1651 1672 1664
f 427 1671 1670
f 430 1672 1671
f 424 1670 1672
f 1671 1672 1670
f 10 1673 1675
f 432 1674 1673
f 434 1675 1674
f 1673 1674 1675
f 116 1676 1678
f 433 1677 1676
f 432 1678 1677
f 1676 1677 1678
f 118 1679 1681
f 434 1680 1679
f 433 1681 1680
f 1679 1680 1681
f 432 1677 1674
f 433 1680 1677
f 434 1674 1680
f 1677 1680 1674
f 34 1682 1684
f 435 1683 1682
f 437 1684 1683
f 1682 1683 1684
f 117 1685 1687
f 436 1686 1685
f 435 1687 1686
f 1685 1686 1687
f 116 1688 1690
f 437 1689 1688
f 436 1690 1689
f 1688 1689 1690
f 435 1686 1683
f 436 1689 1686
f 437 1683 1689
f 1686 1689 1683
f 33 1691 1693
f 438 1692 1691
f 440 1693 1692
f 1691 1692 1693
f 118 1694 1696
f 439 1695 1694
f 438 1696 1695
f 1694 1695 1696
f 117 1697 1699
f 440 1698 1697
f 439 1699 1698
f 1697 1698 1699
f 438 1695 1692
f 439 1698 1695
f 440 1692 1698
f 1695 1698 1692
f 116 1690 1676
f 436 1700 1690
f 433 1676 1700
f 1690 1700 1676
f 117 1699 1685
f 439 1701 1699
f 436 1685 1701
f 1699 1701 1685
f 118 1681 1694
f 433 1702 1681
f 439 1694 1702
f 1681 1702 1694
f 436 1701 1700
f 439 1702 1701
f 433 1700 1702
f 1701 1702 1700
f 5 1703 1705
f 441 1704 1703
f 443 1705 1704
f 1703 1704 1705
f 119 1706 1708
f 442 1707 1706
f 441 1708 1707
f 1706 1707 1708
f 121 1709 1711
f 443 1710 1709
f 442 1711 1710
f 1709 1710 1711
f 441 1707 1704
f 442 1710 1707
f 443 1704 1710
f 1707 1710 1704
f 35 1712 1714
f 444 1713 1712
f 446 1714 1713
f 1712 1713 1714
f 120 1715 1717
f 445 1716 1715
f 444 1717 1716
f 1715 1716 1717
f 119 1718 1720
f 446 1719 1718
f 445 1720 1719
f 1718 1719 1720
f 444 1716 1713
f 445 1719 1716
f 446 1713 1719
f 1716 1719 1713
f 34 1721 1723
f 447 1722 1721
f 449 1723 1722
f 1721 1722 1723
f 121 1724 1726
f 448 1725 1724
f 447 1726 1725
f 1724 1725 1726
f 120 1727 1729
f 449 1728 1727
f 448 1729 1728
f 1727 1728 1729
f 447 1725 1722
f 448 1728 1725
f 449 1722 1728
f 1725 1728 1722
f 119 1720 1706
f 445 1730 1720
f 442 1706 1730
f 1720 1730 1706
f 120 1729 1715
f 448 1731 1729
f 445 1715 1731
f 1729 1731 1715
f 121 1711 1724
f 442 1732 1711
f 448 1724 1732
f 1711 1732 1724
f 445 1731 1730
f 448 1732 1731
f 442 1730 1732
f 1731 1732 1730
f 33 1693 1652
f 440 1733 1693
f 426 1652 1733
f 1693 1733 1652
f 117 1734 1697
f 450 1735 1734
f 440 1697 1735
f 1734 1735 1697
f 114 1657 1737
f 426 1736 1657
f 450 1737 1736
f 1657 1736 1737
f 440 1735 1733
f 450 1736 1735
f 426 1733 1736
f 1735 1736 1733
f 34 1723 1682
f 449 1738 1723
f 435 1682 1738
f 1723 1738 1682
f 120 1739 1727
f 451 1740 1739
f 449 1727 1740
f 1739 1740 1727
f 117 1687 1742
f 435 1741 1687
f 451 1742 1741
f 1687 1741 1742
f 449 1740 1738
f 451 1741 1740
f 435 1738 1741
f 1740 1741 1738
f 35 1663 1712
f 431 1743 1663
f 444 1712 1743
f 1663 1743 1712
f 114 1744 1667
f 452 1745 1744
f 431 1667 1745
f 1744 1745 1667
f 120 1717 1747
f 444 1746 1717
f 452 1747 1746
f 1717 1746 1747
f 431 1745 1743
f 452 1746 1745
f 444 1743 1746
f 1745 1746 1743
f 117 1742 1734
f 451 1748 1742
f 450 1734 1748
f 1742 1748 1734
f 120 1747 1739
f 452 1749 1747
f 451 1739 1749
f 1747 1749 1739
f 114 1737 1744
f 450 1750 1737
f 452 1744 1750
f 1737 1750 1744
f 451 1749 1748
f 452 1750 1749
f 450 1748 1750
f 1749 1750 1748
f 4 1645 1752
f 425 1751 1645
f 454 1752 1751
f 1645 1751 1752
f 115 1753 1649
f 453 1754 1753
f 425 1649 1754
f 1753 1754 1649
f 123 1755 1757
f 454 1756 1755
f 453 1757 1756
f 1755 1756 1757
f 425 1754 1751
f 453 1756 1754
f 454 1751 1756
f 1754 1756 1751
f 35 1758 1661
f 455 1759 1758
f 429 1661 1759
f 1758 1759 1661
f 122 1760 1762
f 456 1761 1760
f 455 1762 1761
f 1760 1761 1762
f 115 1666 1764
f 429 1763 1666
f 456 1764 1763
f 1666 1763 1764
f 455 1761 1759
f 456 1763 1761
f 429 1759 1763
f 1761 1763 1759
f 37 1765 1767
f 457 1766 1765
f 459 1767 1766
f 1765 1766 1767
f 123 1768 1770
f 458 1769 1768
f 457 1770 1769
f 1768 1769 1770
f 122 1771 1773
f 459 1772 1771
f 458 1773 1772
f 1771 1772 1773
f 457 1769 1766
f 458 1772 1769
f 459 1766 1772
f 1769 1772 1766
f 115 1764 1753
f 456 1774 1764
f 453 1753 1774
f 1764 1774 1753
f 122 1773 1760
f 458 1775 1773
f 456 1760 1775
f 1773 1775 1760
f 123 1757 1768
f 453 1776 1757
f 458 1768 1776
f 1757 1776 1768
f 456 1775 1774
f 458 1776 1775
f 453 1774 1776
f 1775 1776 1774
f 5 1777 1703
f 460 1778 1777
f 441 1703 1778
f 1777 1778 1703
f 124 1779 1781
f 461 1780 1779
f 460 1781 1780
f 1779 1780 1781
f 119 1708 1783
f 441 1782 1708
f 461 1783 1782
f 1708 1782 1783
f 460 1780 1778
f 461 1782 1780
f 441 1778 1782
f 1780 1782 1778
f 36 1784 1786
f 462 1785 1784
f 464 1786 1785
f 1784 1785 1786
f 125 1787 1789
f 463 1788 1787
f 462 1789 1788
f 1787 1788 1789
f 124 1790 1792
f 464 1791 1790
f 463 1792 1791
f 1790 1791 1792
f 462 1788 1785
f 463 1791 1788
f 464 1785 1791
f 1788 1791 1785
f 35 1714 1794
f 446 1793 1714
f 466 1794 1793
f 1714 1793 1794
f 119 1795 1718
f 465 1796 1795
f 446 1718 1796
f 1795 1796 1718
f 125 1797 1799
f 466 1798 1797
f 465 1799 1798
f 1797 1798 1799
f 446 1796 1793
f 465 1798 1796
f 466 1793 1798
f 1796 1798 1793
f 124 1792 1779
f 463 1800 1792
f 461 1779 1800
f 1792 1800 1779
f 125 1799 1787
f 465 1801 1799
f 463 1787 1801
f 1799 1801 1787
f 119 1783 1795
f 461 1802 1783
f 465 1795 1802
f 1783 1802 1795
f 463 1801 1800
f 465 1802 1801
f 461 1800 1802
f 1801 1802 1800
f 3 1803 1805
f 467 1804 1803
f 469 1805 1804
f 1803 1804 1805
f 126 1806 1808
f 468 1807 1806
f 467 1808 1807
f 1806 1807 1808
f 128 1809 1811
f 469 1810 1809
f 468 1811 1810
f 1809 1810 1811
f 467 1807 1804
f 468 1810 1807
f 469 1804 1810
f 1807 1810 1804
f 37 1812 1814
f 470 1813 1812
f 472 1814 1813
f 1812 1813 1814
f 127 1815 1817
f 471 1816 1815
f 470 1817 1816
f 1815 1816 1817
f 126 1818 1820
f 472 1819 1818
f 471 1820 1819
f 1818 1819 1820
f 470 1816 1813
f 471 1819 1816
f 472 1813 1819
f 1816 1819 1813
f 36 1821 1823
f 473 1822 1821
f 475 1823 1822
f 1821 1822 1823
f 128 1824 1826
f 474 1825 1824
f 473 1826 1825
f 1824 1825 1826
f 127 1827 1829
f 475 1828 1827
f 474 1829 1828
f 1827 1828 1829
f 473 1825 1822
f 474 1828 1825
f 475 1822 1828
f 1825 1828 1822
f 126 1820 1806
f 471 1830 1820
f 468 1806 1830
f 1820 1830 1806
f 127 1829 1815
f 474 1831 1829
f 471 1815 1831
f 1829 1831 1815
f 128 1811 1824
f 468 1832 1811
f 474 1824 1832
f 1811 1832 1824
f 471 1831 1830
f 474 1832 1831
f 468 1830 1832
f 1831 1832 1830
f 35 1794 1758
f 466 1833 1794
f 455 1758 1833
f 1794 1833 1758
f 125 1834 1797
f 476 1835 1834
f 466 1797 1835
f 1834 1835 1797
f 122 1762 1837
f 455 1836 1762
f 476 1837 1836
f 1762 1836 1837
f 466 1835 1833
f 476 1836 1835
f 455 1833 1836
f 1835 1836 1833
f 36 1823 1784
f 475 1838 1823
f 462 1784 1838
f 1823 1838 1784
f 127 1839 1827
f 477 1840 1839
f 475 1827 1840
f 1839 1840 1827
f 125 1789 1842
f 462 1841 1789
f 477 1842 1841
f 1789 1841 1842
f 475 1840 1838
f 477 1841 1840
f 462 1838 1841
f 1840 1841 1838
f 37 1767 1812
f 459 1843 1767
f 470 1812 1843
f 1767 1843 1812
f 122 1844 1771
f 478 1845 1844
f 459 1771 1845
f 1844 1845 1771
f 127 1817 1847
f 470 1846 1817
f 478 1847 1846
f 1817 1846 1847
f 459 1845 1843
f 478 1846 1845
f 470 1843 1846
f 1845 1846 1843
f 125 1842 1834
f 477 1848 1842
f 476 1834 1848
f 1842 1848 1834
f 127 1847 1839
f 478 1849 1847
f 477 1839 1849
f 1847 1849 1839
f 122 1837 1844
f 476 1850 1837
f 478 1844 1850
f 1837 1850 1844
f 477 1849 1848
f 478 1850 1849
f 476 1848 1850
f 1849 1850 1848
f 4 1752 1852
f 454 1851 1752
f 480 1852 1851
f 1752 1851 1852
f 123 1853 1755
f 479 1854 1853
f 454 1755 1854
f 1853 1854 1755
f 130 1855 1857
f 480 1856 1855
f 479 1857 1856
f 1855 1856 1857
f 454 1854 1851
f 479 1856 1854
f 480 1851 1856
f 1854 1856 1851
f 37 1858 1765
f 481 1859 1858
f 457 1765 1859
f 1858 1859 1765
f 129 1860 1862
f 482 1861 1860
f 481 1862 1861
f 1860 1861 1862
f 123 1770 1864
f 457 1863 1770
f 482 1864 1863
f 1770 1863 1864
f 481 1861 1859
f 482 1863 1861
f 457 1859 1863
f 1861 1863 1859
f 39 1865 1867
f 483 1866 1865
f 485 1867 1866
f 1865 1866 1867
f 130 1868 1870
f 484 1869 1868
f 483 1870 1869
f 1868 1869 1870
f 129 1871 1873
f 485 1872 1871
f 484 1873 1872
f 1871 1872 1873
f 483 1869 1866
f 484 1872 1869
f 485 1866 1872
f 1869 1872 1866
f 123 1864 1853
f 482 1874 1864
f 479 1853 1874
f 1864 1874 1853
f 129 1873 1860
f 484 1875 1873
f 482 1860 1875
f 1873 1875 1860
f 130 1857 1868
f 479 1876 1857
f 484 1868 1876
f 1857 1876 1868
f 482 1875 1874
f 484 1876 1875
f 479 1874 1876
f 1875 1876 1874
f 3 1877 1803
f 486 1878 1877
f 467 1803 1878
f 1877 1878 1803
f 131 1879 1881
f 487 1880 1879
f 486 1881 1880
f 1879 1880 1881
f 126 1808 1883
f 467 1882 1808
f 487 1883 1882
f 1808 1882 1883
f 486 1880 1878
f 487 1882 1880
f 467 1878 1882
f 1880 1882 1878
f 38 1884 1886
f 488 1885 1884
f 490 1886 1885
f 1884 1885 1886
f 132 1887 1889
f 489 1888 1887
f 488 1889 1888
f 1887 1888 1889
f 131 1890 1892
f 490 1891 1890
f 489 1892 1891
f 1890 1891 1892
f 488 1888 1885
f 489 1891 1888
f 490 1885 1891
f 1888 1891 1885
f 37 1814 1894
f 472 1893 1814
f 492 1894 1893
f 1814 1893 1894
f 126 1895 1818
f 491 1896 1895
f 472 1818 1896
f 1895 1896 1818
f 132 1897 1899
f 492 1898 1897
f 491 1899 1898
f 1897 1898 1899
f 472 1896 1893
f 491 1898 1896
f 492 1893 1898
f 1896 1898 1893
f 131 1892 1879
f 489 1900 1892
f 487 1879 1900
f 1892 1900 1879
f 132 1899 1887
f 491 1901 1899
f 489 1887 1901
f 1899 1901 1887
f 126 1883 1895
f 487 1902 1883
f 491 1895 1902
f 1883 1902 1895
f 489 1901 1900
f 491 1902 1901
f 487 1900 1902
f 1901 1902 1900
f 7 1903 1905
f 493 1904 1903
f 495 1905 1904
f 1903 1904 1905
f 133 1906 1908
f 494 1907 1906
f 493 1908 1907
f 1906 1907 1908
f 135 1909 1911
f 495 1910 1909
f 494 1911 1910
f 1909 1910 1911
f 493 1907 1904
f 494 1910 1907
f 495 1904 1910
f 1907 1910 1904
f 39 1912 1914
f 496 1913 1912
f 498 1914 1913
f 1912 1913 1914
f 134 1915 1917
f 497 1916 1915
f 496 1917 1916
f 1915 1916 1917
f 133 1918 1920
f 498 1919 1918
f 497 1920 1919
f 1918 1919 1920
f 496 1916 1913
f 497 1919 1916
f 498 1913 1919
f 1916 1919 1913
f 38 1921 1923
f 499 1922 1921
f 501 1923 1922
f 1921 1922 1923
f 135 1924 1926
f 500 1925 1924
f 499 1926 1925
f 1924 1925 1926
f 134 1927 1929
f 501 1928 1927
f 500 1929 1928
f 1927 1928 1929
f 499 1925 1922
f 500 1928 1925
f 501 1922 1928
f 1925 1928 1922
f 133 1920 1906
f 497 1930 1920
f 494 1906 1930
f 1920 1930 1906
f 134 1929 1915
f 500 1931 1929
f 497 1915 1931
f 1929 1931 1915
f 135 1911 1924
f 494 1932 1911
f 500 1924 1932
f 1911 1932 1924
f 497 1931 1930
f 500 1932 1931
f 494 1930 1932
f 1931 1932 1930
f 37 1894 1858
f 492 1933 1894
f 481 1858 1933
f 1894 1933 1858
f 132 1934 1897
f 502 1935 1934
f 492 1897 1935
f 1934 1935 1897
f 129 1862 1937
f 481 1936 1862
f 502 1937 1936
f 1862 1936 1937
f 492 1935 1933
f 502 1936 1935
f 481 1933 1936
f 1935 1936 1933
f 38 1923 1884
f 501 1938 1923
f 488 1884 1938
f 1923 1938 1884
f 134 1939 1927
f 503 1940 1939
f 501 1927 1940
f 1939 1940 1927
f 132 1889 1942
f 488 1941 1889
f 503 1942 1941
f 1889 1941 1942
f 501 1940 1938
f 503 1941 1940
f 488 1938 1941
f 1940 1941 1938
f 39 1867 1912
f 485 1943 1867
f 496 1912 1943
f 1867 1943 1912
f 129 1944 1871
f 504 1945 1944
f 485 1871 1945
f 1944 1945 1871
f 134 1917 1947
f 496 1946 1917
f 504 1947 1946
f 1917 1946 1947
f 485 1945 1943
f 504 1946 1945
f 496 1943 1946
f 1945 1946 1943
f 132 1942 1934
f 503 1948 1942
f 502 1934 1948
f 1942 1948 1934
f 134 1947 1939
f 504 1949 1947
f 503 1939 1949
f 1947 1949 1939
f 129 1937 1944
f 502 1950 1937
f 504 1944 1950
f 1937 1950 1944
f 503 1949 1948
f 504 1950 1949
f 502 1948 1950
f 1949 1950 1948
f 4 1852 1952
f 480 1951 1852
f 506 1952 1951
f 1852 1951 1952
f 130 1953 1855
f 505 1954 1953
f 480 1855 1954
f 1953 1954 1855
f 137 1955 1957
f 506 1956 1955
f 505 1957 1956
f 1955 1956 1957
f 480 1954 1951
f 505 1956 1954
f 506 1951 1956
f 1954 1956 1951
f 39 1958 1865
f 507 1959 1958
f 483 1865 1959
f 1958 1959 1865
f 136 1960 1962
f 508 1961 1960
f 507 1962 1961
f 1960 1961 1962
f 130 1870 1964
f 483 1963 1870
f 508 1964 1963
f 1870 1963 1964
f 507 1961 1959
f 508 1963 1961
f 483 1959 1963
f 1961 1963 1959
f 41 1965 1967
f 509 1966 1965
f 511 1967 1966
f 1965 1966 1967
f 137 1968 1970
f 510 1969 1968
f 509 1970 1969
f 1968 1969 1970
f 136 1971 1973
f 511 1972 1971
f 510 1973 1972
f 1971 1972 1973
f 509 1969 1966
f 510 1972 1969
f 511 1966 1972
f 1969 1972 1966
f 130 1964 1953
f 508 1974 1964
f 505 1953 1974
f 1964 1974 1953
f 136 1973 1960
f 510 1975 1973
f 508 1960 1975
f 1973 1975 1960
f 137 1957 1968
f 505 1976 1957
f 510 1968 1976
f 1957 1976 1968
f 508 1975 1974
f 510 1976 1975
f 505 1974 1976
f 1975 1976 1974
f 7 1977 1903
f 512 1978 1977
f 493 1903 1978
f 1977 1978 1903
f 138 1979 1981
f 513 1980 1979
f 512 1981 1980
f 1979 1980 1981
f 133 1908 1983
f 493 1982 1908
f 513 1983 1982
f 1908 1982 1983
f 512 1980 1978
f 513 1982 1980
f 493 1978 1982
f 1980 1982 1978
f 40 1984 1986
f 514 1985 1984
f 516 1986 1985
f 1984 1985 1986
f 139 1987 1989
f 515 1988 1987
f 514 1989 1988
f 1987 1988 1989
f 138 1990 1992
f 516 1991 1990
f 515 1992 1991
f 1990 1991 1992
f 514 1988 1985
f 515 1991 1988
f 516 1985 1991
f 1988 1991 1985
f 39 1914 1994
f 498 1993 1914
f 518 1994 1993
f 1914 1993 1994
f 133 1995 1918
f 517 1996 1995
f 498 1918 1996
f 1995 1996 1918
f 139 1997 1999
f 518 1998 1997
f 517 1999 1998
f 1997 1998 1999
f 498 1996 1993
f 517 1998 1996
f 518 1993 1998
f 1996 1998 1993
f 138 1992 1979
f 515 2000 1992
f 513 1979 2000
f 1992 2000 1979
f 139 1999 1987
f 517 2001 1999
f 515 1987 2001
f 1999 2001 1987
f 133 1983 1995
f 513 2002 1983
f 517 1995 2002
f 1983 2002 1995
f 515 2001 2000
f 517 2002 2001
f 513 2000 2002
f 2001 2002 2000
f 9 2003 2005
f 519 2004 2003
f 521 2005 2004
f 2003 2004 2005
f 140 2006 2008
f 520 2007 2006
f 519 2008 2007
f 2006 2007 2008
f 142 2009 2011
f 521 2010 2009
f 520 2011 2010
f 2009 2010 2011
f 519 2007 2004
f 520 2010 2007
f 521 2004 2010
f 2007 2010 2004
f 41 2012 2014
f 522 2013 2012
f 524 2014 2013
f 2012 2013 2014
f 141 2015 2017
f 523 2016 2015
f 522 2017 2016
f 2015 2016 2017
f 140 2018 2020
f 524 2019 2018
f 523 2020 2019
f 2018 2019 2020
f 522 2016 2013
f 523 2019 2016
f 524 2013 2019
f 2016 2019 2013
f 40 2021 2023
f 525 2022 2021
f 527 2023 2022
f 2021 2022 2023
f 142 2024 2026
f 526 2025 2024
f 525 2026 2025
f 2024 2025 2026
f 141 2027 2029
f 527 2028 2027
f 526 2029 2028
f 2027 2028 2029
f 525 2025 2022
f 526 2028 2025
f 527 2022 2028
f 2025 2028 2022
f 140 2020 2006
f 523 2030 2020
f 520 2006 2030
f 2020 2030 2006
f 141 2029 2015
f 526 2031 2029
f 523 2015 2031
f 2029 2031 2015
f 142 2011 2024
f 520 2032 2011
f 526 2024 2032
f 2011 2032 2024
f 523 2031 2030
f 526 2032 2031
f 520 2030 2032
f 2031 2032 2030
f 39 1994 1958
f 518 2033 1994
f 507 1958 2033
f 1994 2033 1958
f 139 2034 1997
f 528 2035 2034
f 518 1997 2035
f 2034 2035 1997
f 136 1962 2037
f 507 2036 1962
f 528 2037 2036
f 1962 2036 2037
f 518 2035 2033
f 528 2036 2035
f 507 2033 2036
f 2035 2036 2033
f 40 2023 1984
f 527 2038 2023
f 514 1984 2038
f 2023 2038 1984
f 141 2039 2027
f 529 2040 2039
f 527 2027 2040
f 2039 2040 2027
f 139 1989 2042
f 514 2041 1989
f 529 2042 2041
f 1989 2041 2042
f 527 2040 2038
f 529 2041 2040
f 514 2038 2041
f 2040 2041 2038
f 41 1967 2012
f 511 2043 1967
f 522 2012 2043
f 1967 2043 2012
f 136 2044 1971
f 530 2045 2044
f 511 1971 2045
f 2044 2045 1971
f 141 2017 2047
f 522 2046 2017
f 530 2047 2046
f 2017 2046 2047
f 511 2045 2043
f 530 2046 2045
f 522 2043 2046
f 2045 2046 2043
f 139 2042 2034
f 529 2048 2042
f 528 2034 2048
f 2042 2048 2034
f 141 2047 2039
f 530 2049 2047
f 529 2039 2049
f 2047 2049 2039
f 136 2037 2044
f 528 2050 2037
f 530 2044 2050
f 2037 2050 2044
f 529 2049 2048
f 530 2050 2049
f 528 2048 2050
f 2049 2050 2048
f 4 1952 1643
f 506 2051 1952
f 423 1643 2051
f 1952 2051 1643
f 137 2052 1955
f 531 2053 2052
f 506 1955 2053
f 2052 2053 1955
f 113 1648 2055
f 423 2054 1648
f 531 2055 2054
f 1648 2054 2055
f 506 2053 2051
f 531 2054 2053
f 423 2051 2054
f 2053 2054 2051
f 41 2056 1965
f 532 2057 2056
f 509 1965 2057
f 2056 2057 1965
f 143 2058 2060
f 533 2059 2058
f 532 2060 2059
f 2058 2059 2060
f 137 1970 2062
f 509 2061 1970
f 533 2062 2061
f 1970 2061 2062
f 532 2059 2057
f 533 2061 2059
f 509 2057 2061
f 2059 2061 2057
f 33 1654 2064
f 428 2063 1654
f 535 2064 2063
f 1654 2063 2064
f 113 2065 1658
f 534 2066 2065
f 428 1658 2066
f 2065 2066 1658
f 143 2067 2069
f 535 2068 2067
f 534 2069 2068
f 2067 2068 2069
f 428 2066 2063
f 534 2068 2066
f 535 2063 2068
f 2066 2068 2063
f 137 2062 2052
f 533 2070 2062
f 531 2052 2070
f 2062 2070 2052
f 143 2069 2058
f 534 2071 2069
f 533 2058 2071
f 2069 2071 2058
f 113 2055 2065
f 531 2072 2055
f 534 2065 2072
f 2055 2072 2065
f 533 2071 2070
f 534 2072 2071
f 531 2070 2072
f 2071 2072 2070
f 9 2073 2003
f 536 2074 2073
f 519 2003 2074
f 2073 2074 2003
f 144 2075 2077
f 537 2076 2075
f 536 2077 2076
f 2075 2076 2077
f 140 2008 2079
f 519 2078 2008
f 537 2079 2078
f 2008 2078 2079
f 536 2076 2074
f 537 2078 2076
f 519 2074 2078
f 2076 2078 2074
f 42 2080 2082
f 538 2081 2080
f 540 2082 2081
f 2080 2081 2082
f 145 2083 2085
f 539 2084 2083
f 538 2085 2084
f 2083 2084 2085
f 144 2086 2088
f 540 2087 2086
f 539 2088 2087
f 2086 2087 2088
f 538 2084 2081
f 539 2087 2084
f 540 2081 2087
f 2084 2087 2081
f 41 2014 2090
f 524 2089 2014
f 542 2090 2089
f 2014 2089 2090
f 140 2091 2018
f 541 2092 2091
f 524 2018 2092
f 2091 2092 2018
f 145 2093 2095
f 542 2094 2093
f 541 2095 2094
f 2093 2094 2095
f 524 2092 2089
f 541 2094 2092
f 542 2089 2094
f 2092 2094 2089
f 144 2088 2075
f 539 2096 2088
f 537 2075 2096
f 2088 2096 2075
f 145 2095 2083
f 541 2097 2095
f 539 2083 2097
f 2095 2097 2083
f 140 2079 2091
f 537 2098 2079
f 541 2091 2098
f 2079 2098 2091
f 539 2097 2096
f 541 2098 2097
f 537 2096 2098
f 2097 2098 2096
f 10 1675 2100
f 434 2099 1675
f 544 2100 2099
f 1675 2099 2100
f 118 2101 1679
f 543 2102 2101
f 434 1679 2102
f 2101 2102 1679
f 147 2103 2105
f 544 2104 2103
f 543 2105 2104
f 2103 2104 2105
f 434 2102 2099
f 543 2104 2102
f 544 2099 2104
f 2102 2104 2099
f 33 2106 1691
f 545 2107 2106
f 438 1691 2107
f 2106 2107 1691
f 146 2108 2110
f 546 2109 2108
f 545 2110 2109
f 2108 2109 2110
f 118 1696 2112
f 438 2111 1696
f 546 2112 2111
f 1696 2111 2112
f 545 2109 2107
f 546 2111 2109
f 438 2107 2111
f 2109 2111 2107
f 42 2113 2115
f 547 2114 2113
f 549 2115 2114
f 2113 2114 2115
f 147 2116 2118
f 548 2117 2116
f 547 2118 2117
f 2116 2117 2118
f 146 2119 2121
f 549 2120 2119
f 548 2121 2120
f 2119 2120 2121
f 547 2117 2114
f 548 2120 2117
f 549 2114 2120
f 2117 2120 2114
f 118 2112 2101
f 546 2122 2112
f 543 2101 2122
f 2112 2122 2101
f 146 2121 2108
f 548 2123 2121
f 546 2108 2123
f 2121 2123 2108
f 147 2105 2116
f 543 2124 2105
f 548 2116 2124
f 2105 2124 2116
f 546 2123 2122
f 548 2124 2123
f 543 2122 2124
f 2123 2124 2122
f 41 2090 2056
f 542 2125 2090
f 532 2056 2125
f 2090 2125 2056
f 145 2126 2093
f 550 2127 2126
f 542 2093 2127
f 2126 2127 2093
f 143 2060 2129
f 532 2128 2060
f 550 2129 2128
f 2060 2128 2129
f 542 2127 2125
f 550 2128 2127
f 532 2125 2128
f 2127 2128 2125
f 42 2115 2080
f 549 2130 2115
f 538 2080 2130
f 2115 2130 2080
f 146 2131 2119
f 551 2132 2131
f 549 2119 2132
f 2131 2132 2119
f 145 2085 2134
f 538 2133 2085
f 551 2134 2133
f 2085 2133 2134
f 549 2132 2130
f 551 2133 2132
f 538 2130 2133
f 2132 2133 2130
f 33 2064 2106
f 535 2135 2064
f 545 2106 2135
f 2064 2135 2106
f 143 2136 2067
f 552 2137 2136
f 535 2067 2137
f 2136 2137 2067
f 146 2110 2139
f 545 2138 2110
f 552 2139 2138
f 2110 2138 2139
f 535 2137 2135
f 552 2138 2137
f 545 2135 2138
f 2137 2138 2135
f 145 2134 2126
f 551 2140 2134
f 550 2126 2140
f 2134 2140 2126
f 146 2139 2131
f 552 2141 2139
f 551 2131 2141
f 2139 2141 2131
f 143 2129 2136
f 550 2142 2129
f 552 2136 2142
f 2129 2142 2136
f 551 2141 2140
f 552 2142 2141
f 550 2140 2142
f 2141 2142 2140
f 5 1705 1295
f 443 2143 1705
f 333 1295 2143
f 1705 2143 1295
f 121 2144 1709
f 553 2145 2144
f 443 1709 2145
f 2144 2145 1709
f 89 1300 2147
f 333 2146 1300
f 553 2147 2146
f 1300 2146 2147
f 443 2145 2143
f 553 2146 2145
f 333 2143 2146
f 2145 2146 2143
f 34 2148 1721
f 554 2149 2148
f 447 1721 2149
f 2148 2149 1721
f 148 2150 2152
f 555 2151 2150
f 554 2152 2151
f 2150 2151 2152
f 121 1726 2154
f 447 2153 1726
f 555 2154 2153
f 1726 2153 2154
f 554 2151 2149
f 555 2153 2151
f 447 2149 2153
f 2151 2153 2149
f 26 1306 2156
f 338 2155 1306
f 557 2156 2155
f 1306 2155 2156
f 89 2157 1310
f 556 2158 2157
f 338 1310 2158
f 2157 2158 1310
f 148 2159 2161
f 557 2160 2159
f 556 2161 2160
f 2159 2160 2161
f 338 2158 2155
f 556 2160 2158
f 557 2155 2160
f 2158 2160 2155
f 121 2154 2144
f 555 2162 2154
f 553 2144 2162
f 2154 2162 2144
f 148 2161 2150
f 556 2163 2161
f 555 2150 2163
f 2161 2163 2150
f 89 2147 2157
f 553 2164 2147
f 556 2157 2164
f 2147 2164 2157
f 555 2163 2162
f 556 2164 2163
f 553 2162 2164
f 2163 2164 2162
f 10 1197 1673
f 309 2165 1197
f 432 1673 2165
f 1197 2165 1673
f 84 2166 1201
f 558 2167 2166
f 309 1201 2167
f 2166 2167 1201
f 116 1678 2169
f 432 2168 1678
f 558 2169 2168
f 1678 2168 2169
f 309 2167 2165
f 558 2168 2167
f 432 2165 2168
f 2167 2168 2165
f 23 2170 1213
f 559 2171 2170
f 313 1213 2171
f 2170 2171 1213
f 149 2172 2174
f 560 2173 2172
f 559 2174 2173
f 2172 2173 2174
f 84 1218 2176
f 313 2175 1218
f 560 2176 2175
f 1218 2175 2176
f 559 2173 2171
f 560 2175 2173
f 313 2171 2175
f 2173 2175 2171
f 34 1684 2178
f 437 2177 1684
f 562 2178 2177
f 1684 2177 2178
f 116 2179 1688
f 561 2180 2179
f 437 1688 2180
f 2179 2180 1688
f 149 2181 2183
f 562 2182 2181
f 561 2183 2182
f 2181 2182 2183
f 437 2180 2177
f 561 2182 2180
f 562 2177 2182
f 2180 2182 2177
f 84 2176 2166
f 560 2184 2176
f 558 2166 2184
f 2176 2184 2166
f 149 2183 2172
f 561 2185 2183
f 560 2172 2185
f 2183 2185 2172
f 116 2169 2179
f 558 2186 2169
f 561 2179 2186
f 2169 2186 2179
f 560 2185 2184
f 561 2186 2185
f 558 2184 2186
f 2185 2186 2184
f 6 1244 1169
f 320 2187 1244
f 300 1169 2187
f 1244 2187 1169
f 86 2188 1247
f 563 2189 2188
f 320 1247 2189
f 2188 2189 1247
f 80 1173 2191
f 300 2190 1173
f 563 2191 2190
f 1173 2190 2191
f 320 2189 2187
f 563 2190 2189
f 300 2187 2190
f 2189 2190 2187
f 26 2192 1257
f 564 2193 2192
f 323 1257 2193
f 2192 2193 1257
f 150 2194 2196
f 565 2195 2194
f 564 2196 2195
f 2194 2195 2196
f 86 1262 2198
f 323 2197 1262
f 565 2198 2197
f 1262 2197 2198
f 564 2195 2193
f 565 2197 2195
f 323 2193 2197
f 2195 2197 2193
f 23 1178 2200
f 304 2199 1178
f 567 2200 2199
f 1178 2199 2200
f 80 2201 1182
f 566 2202 2201
f 304 1182 2202
f 2201 2202 1182
f 150 2203 2205
f 567 2204 2203
f 566 2205 2204
f 2203 2204 2205
f 304 2202 2199
f 566 2204 2202
f 567 2199 2204
f 2202 2204 2199
f 86 2198 2188
f 565 2206 2198
f 563 2188 2206
f 2198 2206 2188
f 150 2205 2194
f 566 2207 2205
f 565 2194 2207
f 2205 2207 2194
f 80 2191 2201
f 563 2208 2191
f 566 2201 2208
f 2191 2208 2201
f 565 2207 2206
f 566 2208 2207
f 563 2206 2208
f 2207 2208 2206
f 34 2178 2148
f 562 2209 2178
f 554 2148 2209
f 2178 2209 2148
f 149 2210 2181
f 568 2211 2210
f 562 2181 2211
f 2210 2211 2181
f 148 2152 2213
f 554 2212 2152
f 568 2213 2212
f 2152 2212 2213
f 562 2211 2209
f 568 2212 2211
f 554 2209 2212
f 2211 2212 2209
f 23 2200 2170
f 567 2214 2200
f 559 2170 2214
f 2200 2214 2170
f 150 2215 2203
f 569 2216 2215
f 567 2203 2216
f 2215 2216 2203
f 149 2174 2218
f 559 2217 2174
f 569 2218 2217
f 2174 2217 2218
f 567 2216 2214
f 569 2217 2216
f 559 2214 2217
f 2216 2217 2214
f 26 2156 2192
f 557 2219 2156
f 564 2192 2219
f 2156 2219 2192
f 148 2220 2159
f 570 2221 2220
f 557 2159 2221
f 2220 2221 2159
f 150 2196 2223
f 564 2222 2196
f 570 2223 2222
f 2196 2222 2223
f 557 2221 2219
f 570 2222 2221
f 564 2219 2222
f 2221 2222 2219
f 149 2218 2210
f 569 2224 2218
f 568 2210 2224
f 2218 2224 2210
f 150 2223 2215
f 570 2225 2223
f 569 2215 2225
f 2223 2225 2215
f 148 2213 2220
f 568 2226 2213
f 570 2220 2226
f 2213 2226 2220
f 569 2225 2224
f 570 2226 2225
f 568 2224 2226
f 2225 2226 2224
f 3 1805 1395
f 469 2227 1805
f 359 1395 2227
f 1805 2227 1395
f 128 2228 1809
f 571 2229 2228
f 469 1809 2229
f 2228 2229 1809
f 96 1400 2231
f 359 2230 1400
f 571 2231 2230
f 1400 2230 2231
f 469 2229 2227
f 571 2230 2229
f 359 2227 2230
f 2229 2230 2227
f 36 2232 1821
f 572 2233 2232
f 473 1821 2233
f 2232 2233 1821
f 151 2234 2236
f 573 2235 2234
f 572 2236 2235
f 2234 2235 2236
f 128 1826 2238
f 473 2237 1826
f 573 2238 2237
f 1826 2237 2238
f 572 2235 2233
f 573 2237 2235
f 473 2233 2237
f 2235 2237 2233
f 28 1406 2240
f 364 2239 1406
f 575 2240 2239
f 1406 2239 2240
f 96 2241 1410
f 574 2242 2241
f 364 1410 2242
f 2241 2242 1410
f 151 2243 2245
f 575 2244 2243
f 574 2245 2244
f 2243 2244 2245
f 364 2242 2239
f 574 2244 2242
f 575 2239 2244
f 2242 2244 2239
f 128 2238 2228
f 573 2246 2238
f 571 2228 2246
f 2238 2246 2228
f 151 2245 2234
f 574 2247 2245
f 573 2234 2247
f 2245 2247 2234
f 96 2231 2241
f 571 2248 2231
f 574 2241 2248
f 2231 2248 2241
f 573 2247 2246
f 574 2248 2247
f 571 2246 2248
f 2247 2248 2246
f 5 1297 1777
f 335 2249 1297
f 460 1777 2249
f 1297 2249 1777
f 91 2250 1301
f 576 2251 2250
f 335 1301 2251
f 2250 2251 1301
f 124 1781 2253
f 460 2252 1781
f 576 2253 2252
f 1781 2252 2253
f 335 2251 2249
f 576 2252 2251
f 460 2249 2252
f 2251 2252 2249
f 25 2254 1313
f 577 2255 2254
f 339 1313 2255
f 2254 2255 1313
f 152 2256 2258
f 578 2257 2256
f 577 2258 2257
f 2256 2257 2258
f 91 1318 2260
f 339 2259 1318
f 578 2260 2259
f 1318 2259 2260
f 577 2257 2255
f 578 2259 2257
f 339 2255 2259
f 2257 2259 2255
f 36 1786 2262
f 464 2261 1786
f 580 2262 2261
f 1786 2261 2262
f 124 2263 1790
f 579 2264 2263
f 464 1790 2264
f 2263 2264 1790
f 152 2265 2267
f 580 2266 2265
f 579 2267 2266
f 2265 2266 2267
f 464 2264 2261
f 579 2266 2264
f 580 2261 2266
f 2264 2266 2261
f 91 2260 2250
f 578 2268 2260
f 576 2250 2268
f 2260 2268 2250
f 152 2267 2256
f 579 2269 2267
f 578 2256 2269
f 2267 2269 2256
f 124 2253 2263
f 576 2270 2253
f 579 2263 2270
f 2253 2270 2263
f 578 2269 2268
f 579 2270 2269
f 576 2268 2270
f 2269 2270 2268
f 12 1344 1269
f 346 2271 1344
f 326 1269 2271
f 1344 2271 1269
f 93 2272 1347
f 581 2273 2272
f 346 1347 2273
f 2272 2273 1347
f 87 1273 2275
f 326 2274 1273
f 581 2275 2274
f 1273 2274 2275
f 346 2273 2271
f 581 2274 2273
f 326 2271 2274
f 2273 2274 2271
f 28 2276 1357
f 582 2277 2276
f 349 1357 2277
f 2276 2277 1357
f 153 2278 2280
f 583 2279 2278
f 582 2280 2279
f 2278 2279 2280
f 93 1362 2282
f 349 2281 1362
f 583 2282 2281
f 1362 2281 2282
f 582 2279 2277
f 583 2281 2279
f 349 2277 2281
f 2279 2281 2277
f 25 1278 2284
f 330 2283 1278
f 585 2284 2283
f 1278 2283 2284
f 87 2285 1282
f 584 2286 2285
f 330 1282 2286
f 2285 2286 1282
f 153 2287 2289
f 585 2288 2287
f 584 2289 2288
f 2287 2288 2289
f 330 2286 2283
f 584 2288 2286
f 585 2283 2288
f 2286 2288 2283
f 93 2282 2272
f 583 2290 2282
f 581 2272 2290
f 2282 2290 2272
f 153 2289 2278
f 584 2291 2289
f 583 2278 2291
f 2289 2291 2278
f 87 2275 2285
f 581 2292 2275
f 584 2285 2292
f 2275 2292 2285
f 583 2291 2290
f 584 2292 2291
f 581 2290 2292
f 2291 2292 2290
f 36 2262 2232
f 580 2293 2262
f 572 2232 2293
f 2262 2293 2232
f 152 2294 2265
f 586 2295 2294
f 580 2265 2295
f 2294 2295 2265
f 151 2236 2297
f 572 2296 2236
f 586 2297 2296
f 2236 2296 2297
f 580 2295 2293
f 586 2296 2295
f 572 2293 2296
f 2295 2296 2293
f 25 2284 2254
f 585 2298 2284
f 577 2254 2298
f 2284 2298 2254
f 153 2299 2287
f 587 2300 2299
f 585 2287 2300
f 2299 2300 2287
f 152 2258 2302
f 577 2301 2258
f 587 2302 2301
f 2258 2301 2302
f 585 2300 2298
f 587 2301 2300
f 577 2298 2301
f 2300 2301 2298
f 28 2240 2276
f 575 2303 2240
f 582 2276 2303
f 2240 2303 2276
f 151 2304 2243
f 588 2305 2304
f 575 2243 2305
f 2304 2305 2243
f 153 2280 2307
f 582 2306 2280
f 588 2307 2306
f 2280 2306 2307
f 575 2305 2303
f 588 2306 2305
f 582 2303 2306
f 2305 2306 2303
f 152 2302 2294
f 587 2308 2302
f 586 2294 2308
f 2302 2308 2294
f 153 2307 2299
f 588 2309 2307
f 587 2299 2309
f 2307 2309 2299
f 151 2297 2304
f 586 2310 2297
f 588 2304 2310
f 2297 2310 2304
f 587 2309 2308
f 588 2310 2309
f 586 2308 2310
f 2309 2310 2308
f 7 1905 1495
f 495 2311 1905
f 385 1495 2311
f 1905 2311 1495
f 135 2312 1909
f 589 2313 2312
f 495 1909 2313
f 2312 2313 1909
f 103 1500 2315
f 385 2314 1500
f 589 2315 2314
f 1500 2314 2315
f 495 2313 2311
f 589 2314 2313
f 385 2311 2314
f 2313 2314 2311
f 38 2316 1921
f 590 2317 2316
f 499 1921 2317
f 2316 2317 1921
f 154 2318 2320
f 591 2319 2318
f 590 2320 2319
f 2318 2319 2320
f 135 1926 2322
f 499 2321 1926
f 591 2322 2321
f 1926 2321 2322
f 590 2319 2317
f 591 2321 2319
f 499 2317 2321
f 2319 2321 2317
f 30 1506 2324
f 390 2323 1506
f 593 2324 2323
f 1506 2323 2324
f 103 2325 1510
f 592 2326 2325
f 390 1510 2326
f 2325 2326 1510
f 154 2327 2329
f 593 2328 2327
f 592 2329 2328
f 2327 2328 2329
f 390 2326 2323
f 592 2328 2326
f 593 2323 2328
f 2326 2328 2323
f 135 2322 2312
f 591 2330 2322
f 589 2312 2330
f 2322 2330 2312
f 154 2329 2318
f 592 2331 2329
f 591 2318 2331
f 2329 2331 2318
f 103 2315 2325
f 589 2332 2315
f 592 2325 2332
f 2315 2332 2325
f 591 2331 2330
f 592 2332 2331
f 589 2330 2332
f 2331 2332 2330
f 3 1397 1877
f 361 2333 1397
f 486 1877 2333
f 1397 2333 1877
f 98 2334 1401
f 594 2335 2334
f 361 1401 2335
f 2334 2335 1401
f 131 1881 2337
f 486 2336 1881
f 594 2337 2336
f 1881 2336 2337
f 361 2335 2333
f 594 2336 2335
f 486 2333 2336
f 2335 2336 2333
f 27 2338 1413
f 595 2339 2338
f 365 1413 2339
f 2338 2339 1413
f 155 2340 2342
f 596 2341 2340
f 595 2342 2341
f 2340 2341 2342
f 98 1418 2344
f 365 2343 1418
f 596 2344 2343
f 1418 2343 2344
f 595 2341 2339
f 596 2343 2341
f 365 2339 2343
f 2341 2343 2339
f 38 1886 2346
f 490 2345 1886
f 598 2346 2345
f 1886 2345 2346
f 131 2347 1890
f 597 2348 2347
f 490 1890 2348
f 2347 2348 1890
f 155 2349 2351
f 598 2350 2349
f 597 2351 2350
f 2349 2350 2351
f 490 2348 2345
f 597 2350 2348
f 598 2345 2350
f 2348 2350 2345
f 98 2344 2334
f 596 2352 2344
f 594 2334 2352
f 2344 2352 2334
f 155 2351 2340
f 597 2353 2351
f 596 2340 2353
f 2351 2353 2340
f 131 2337 2347
f 594 2354 2337
f 597 2347 2354
f 2337 2354 2347
f 596 2353 2352
f 597 2354 2353
f 594 2352 2354
f 2353 2354 2352
f 11 1444 1369
f 372 2355 1444
f 352 1369 2355
f 1444 2355 1369
f 100 2356 1447
f 599 2357 2356
f 372 1447 2357
f 2356 2357 1447
f 94 1373 2359
f 352 2358 1373
f 599 2359 2358
f 1373 2358 2359
f 372 2357 2355
f 599 2358 2357
f 352 2355 2358
f 2357 2358 2355
f 30 2360 1457
f 600 2361 2360
f 375 1457 2361
f 2360 2361 1457
f 156 2362 2364
f 601 2363 2362
f 600 2364 2363
f 2362 2363 2364
f 100 1462 2366
f 375 2365 1462
f 601 2366 2365
f 1462 2365 2366
f 600 2363 2361
f 601 2365 2363
f 375 2361 2365
f 2363 2365 2361
f 27 1378 2368
f 356 2367 1378
f 603 2368 2367
f 1378 2367 2368
f 94 2369 1382
f 602 2370 2369
f 356 1382 2370
f 2369 2370 1382
f 156 2371 2373
f 603 2372 2371
f 602 2373 2372
f 2371 2372 2373
f 356 2370 2367
f 602 2372 2370
f 603 2367 2372
f 2370 2372 2367
f 100 2366 2356
f 601 2374 2366
f 599 2356 2374
f 2366 2374 2356
f 156 2373 2362
f 602 2375 2373
f 601 2362 2375
f 2373 2375 2362
f 94 2359 2369
f 599 2376 2359
f 602 2369 2376
f 2359 2376 2369
f 601 2375 2374
f 602 2376 2375
f 599 2374 2376
f 2375 2376 2374
f 38 2346 2316
f 598 2377 2346
f 590 2316 2377
f 2346 2377 2316
f 155 2378 2349
f 604 2379 2378
f 598 2349 2379
f 2378 2379 2349
f 154 2320 2381
f 590 2380 2320
f 604 2381 2380
f 2320 2380 2381
f 598 2379 2377
f 604 2380 2379
f 590 2377 2380
f 2379 2380 2377
f 27 2368 2338
f 603 2382 2368
f 595 2338 2382
f 2368 2382 2338
f 156 2383 2371
f 605 2384 2383
f 603 2371 2384
f 2383 2384 2371
f 155 2342 2386
f 595 2385 2342
f 605 2386 2385
f 2342 2385 2386
f 603 2384 2382
f 605 2385 2384
f 595 2382 2385
f 2384 2385 2382
f 30 2324 2360
f 593 2387 2324
f 600 2360 2387
f 2324 2387 2360
f 154 2388 2327
f 606 2389 2388
f 593 2327 2389
f 2388 2389 2327
f 156 2364 2391
f 600 2390 2364
f 606 2391 2390
f 2364 2390 2391
f 593 2389 2387
f 606 2390 2389
f 600 2387 2390
f 2389 2390 2387
f 155 2386 2378
f 605 2392 2386
f 604 2378 2392
f 2386 2392 2378
f 156 2391 2383
f 606 2393 2391
f 605 2383 2393
f 2391 2393 2383
f 154 2381 2388
f 604 2394 2381
f 606 2388 2394
f 2381 2394 2388
f 605 2393 2392
f 606 2394 2393
f 604 2392 2394
f 2393 2394 2392
f 9 2005 1595
f 521 2395 2005
f 411 1595 2395
f 2005 2395 1595
f 142 2396 2009
f 607 2397 2396
f 521 2009 2397
f 2396 2397 2009
f 110 1600 2399
f 411 2398 1600
f 607 2399 2398
f 1600 2398 2399
f 521 2397 2395
f 607 2398 2397
f 411 2395 2398
f 2397 2398 2395
f 40 2400 2021
f 608 2401 2400
f 525 2021 2401
f 2400 2401 2021
f 157 2402 2404
f 609 2403 2402
f 608 2404 2403
f 2402 2403 2404
f 142 2026 2406
f 525 2405 2026
f 609 2406 2405
f 2026 2405 2406
f 608 2403 2401
f 609 2405 2403
f 525 2401 2405
f 2403 2405 2401
f 32 1606 2408
f 416 2407 1606
f 611 2408 2407
f 1606 2407 2408
f 110 2409 1610
f 610 2410 2409
f 416 1610 2410
f 2409 2410 1610
f 157 2411 2413
f 611 2412 2411
f 610 2413 2412
f 2411 2412 2413
f 416 2410 2407
f 610 2412 2410
f 611 2407 2412
f 2410 2412 2407
f 142 2406 2396
f 609 2414 2406
f 607 2396 2414
f 2406 2414 2396
f 157 2413 2402
f 610 2415 2413
f 609 2402 2415
f 2413 2415 2402
f 110 2399 2409
f 607 2416 2399
f 610 2409 2416
f 2399 2416 2409
f 609 2415 2414
f 610 2416 2415
f 607 2414 2416
f 2415 2416 2414
f 7 1497 1977
f 387 2417 1497
f 512 1977 2417
f 1497 2417 1977
f 105 2418 1501
f 612 2419 2418
f 387 1501 2419
f 2418 2419 1501
f 138 1981 2421
f 512 2420 1981
f 612 2421 2420
f 1981 2420 2421
f 387 2419 2417
f 612 2420 2419
f 512 2417 2420
f 2419 2420 2417
f 29 2422 1513
f 613 2423 2422
f 391 1513 2423
f 2422 2423 1513
f 158 2424 2426
f 614 2425 2424
f 613 2426 2425
f 2424 2425 2426
f 105 1518 2428
f 391 2427 1518
f 614 2428 2427
f 1518 2427 2428
f 613 2425 2423
f 614 2427 2425
f 391 2423 2427
f 2425 2427 2423
f 40 1986 2430
f 516 2429 1986
f 616 2430 2429
f 1986 2429 2430
f 138 2431 1990
f 615 2432 2431
f 516 1990 2432
f 2431 2432 1990
f 158 2433 2435
f 616 2434 2433
f 615 2435 2434
f 2433 2434 2435
f 516 2432 2429
f 615 2434 2432
f 616 2429 2434
f 2432 2434 2429
f 105 2428 2418
f 614 2436 2428
f 612 2418 2436
f 2428 2436 2418
f 158 2435 2424
f 615 2437 2435
f 614 2424 2437
f 2435 2437 2424
f 138 2421 2431
f 612 2438 2421
f 615 2431 2438
f 2421 2438 2431
f 614 2437 2436
f 615 2438 2437
f 612 2436 2438
f 2437 2438 2436
f 8 1544 1469
f 398 2439 1544
f 378 1469 2439
f 1544 2439 1469
f 107 2440 1547
f 617 2441 2440
f 398 1547 2441
f 2440 2441 1547
f 101 1473 2443
f 378 2442 1473
f 617 2443 2442
f 1473 2442 2443
f 398 2441 2439
f 617 2442 2441
f 378 2439 2442
f 2441 2442 2439
f 32 2444 1557
f 618 2445 2444
f 401 1557 2445
f 2444 2445 1557
f 159 2446 2448
f 619 2447 2446
f 618 2448 2447
f 2446 2447 2448
f 107 1562 2450
f 401 2449 1562
f 619 2450 2449
f 1562 2449 2450
f 618 2447 2445
f 619 2449 2447
f 401 2445 2449
f 2447 2449 2445
f 29 1478 2452
f 382 2451 1478
f 621 2452 2451
f 1478 2451 2452
f 101 2453 1482
f 620 2454 2453
f 382 1482 2454
f 2453 2454 1482
f 159 2455 2457
f 621 2456 2455
f 620 2457 2456
f 2455 2456 2457
f 382 2454 2451
f 620 2456 2454
f 621 2451 2456
f 2454 2456 2451
f 107 2450 2440
f 619 2458 2450
f 617 2440 2458
f 2450 2458 2440
f 159 2457 2446
f 620 2459 2457
f 619 2446 2459
f 2457 2459 2446
f 101 2443 2453
f 617 2460 2443
f 620 2453 2460
f 2443 2460 2453
f 619 2459 2458
f 620 2460 2459
f 617 2458 2460
f 2459 2460 2458
f 40 2430 2400
f 616 2461 2430
f 608 2400 2461
f 2430 2461 2400
f 158 2462 2433
f 622 2463 2462
f 616 2433 2463
f 2462 2463 2433
f 157 2404 2465
f 608 2464 2404
f 622 2465 2464
f 2404 2464 2465
f 616 2463 2461
f 622 2464 2463
f 608 2461 2464
f 2463 2464 2461
f 29 2452 2422
f 621 2466 2452
f 613 2422 2466
f 2452 2466 2422
f 159 2467 2455
f 623 2468 2467
f 621 2455 2468
f 2467 2468 2455
f 158 2426 2470
f 613 2469 2426
f 623 2470 2469
f 2426 2469 2470
f 621 2468 2466
f 623 2469 2468
f 613 2466 2469
f 2468 2469 2466
f 32 2408 2444
f 611 2471 2408
f 618 2444 2471
f 2408 2471 2444
f 157 2472 2411
f 624 2473 2472
f 611 2411 2473
f 2472 2473 2411
f 159 2448 2475
f 618 2474 2448
f 624 2475 2474
f 2448 2474 2475
f 611 2473 2471
f 624 2474 2473
f 618 2471 2474
f 2473 2474 2471
f 158 2470 2462
f 623 2476 2470
f 622 2462 2476
f 2470 2476 2462
f 159 2475 2467
f 624 2477 2475
f 623 2467 2477
f 2475 2477 2467
f 157 2465 2472
f 622 2478 2465
f 624 2472 2478
f 2465 2478 2472
f 623 2477 2476
f 624 2478 2477
f 622 2476 2478
f 2477 2478 2476
f 10 2100 1195
f 544 2479 2100
f 307 1195 2479
f 2100 2479 1195
f 147 2480 2103
f 625 2481 2480
f 544 2103 2481
f 2480 2481 2103
f 82 1200 2483
f 307 2482 1200
f 625 2483 2482
f 1200 2482 2483
f 544 2481 2479
f 625 2482 2481
f 307 2479 2482
f 2481 2482 2479
f 42 2484 2113
f 626 2485 2484
f 547 2113 2485
f 2484 2485 2113
f 160 2486 2488
f 627 2487 2486
f 626 2488 2487
f 2486 2487 2488
f 147 2118 2490
f 547 2489 2118
f 627 2490 2489
f 2118 2489 2490
f 626 2487 2485
f 627 2489 2487
f 547 2485 2489
f 2487 2489 2485
f 24 1206 2492
f 312 2491 1206
f 629 2492 2491
f 1206 2491 2492
f 82 2493 1210
f 628 2494 2493
f 312 1210 2494
f 2493 2494 1210
f 160 2495 2497
f 629 2496 2495
f 628 2497 2496
f 2495 2496 2497
f 312 2494 2491
f 628 2496 2494
f 629 2491 2496
f 2494 2496 2491
f 147 2490 2480
f 627 2498 2490
f 625 2480 2498
f 2490 2498 2480
f 160 2497 2486
f 628 2499 2497
f 627 2486 2499
f 2497 2499 2486
f 82 2483 2493
f 625 2500 2483
f 628 2493 2500
f 2483 2500 2493
f 627 2499 2498
f 628 2500 2499
f 625 2498 2500
f 2499 2500 2498
f 9 1597 2073
f 413 2501 1597
f 536 2073 2501
f 1597 2501 2073
f 112 2502 1601
f 630 2503 2502
f 413 1601 2503
f 2502 2503 1601
f 144 2077 2505
f 536 2504 2077
f 630 2505 2504
f 2077 2504 2505
f 413 2503 2501
f 630 2504 2503
f 536 2501 2504
f 2503 2504 2501
f 31 2506 1613
f 631 2507 2506
f 417 1613 2507
f 2506 2507 1613
f 161 2508 2510
f 632 2509 2508
f 631 2510 2509
f 2508 2509 2510
f 112 1618 2512
f 417 2511 1618
f 632 2512 2511
f 1618 2511 2512
f 631 2509 2507
f 632 2511 2509
f 417 2507 2511
f 2509 2511 2507
f 42 2082 2514
f 540 2513 2082
f 634 2514 2513
f 2082 2513 2514
f 144 2515 2086
f 633 2516 2515
f 540 2086 2516
f 2515 2516 2086
f 161 2517 2519
f 634 2518 2517
f 633 2519 2518
f 2517 2518 2519
f 540 2516 2513
f 633 2518 2516
f 634 2513 2518
f 2516 2518 2513
f 112 2512 2502
f 632 2520 2512
f 630 2502 2520
f 2512 2520 2502
f 161 2519 2508
f 633 2521 2519
f 632 2508 2521
f 2519 2521 2508
f 144 2505 2515
f 630 2522 2505
f 633 2515 2522
f 2505 2522 2515
f 632 2521 2520
f 633 2522 2521
f 630 2520 2522
f 2521 2522 2520
f 2 1144 1569
f 294 2523 1144
f 404 1569 2523
f 1144 2523 1569
f 79 2524 1147
f 635 2525 2524
f 294 1147 2525
f 2524 2525 1147
f 108 1573 2527
f 404 2526 1573
f 635 2527 2526
f 1573 2526 2527
f 294 2525 2523
f 635 2526 2525
f 404 2523 2526
f 2525 2526 2523
f 24 2528 1157
f 636 2529 2528
f 297 1157 2529
f 2528 2529 1157
f 162 2530 2532
f 637 2531 2530
f 636 2532 2531
f 2530 2531 2532
f 79 1162 2534
f 297 2533 1162
f 637 2534 2533
f 1162 2533 2534
f 636 2531 2529
f 637 2533 2531
f 297 2529 2533
f 2531 2533 2529
f 31 1578 2536
f 408 2535 1578
f 639 2536 2535
f 1578 2535 2536
f 108 2537 1582
f 638 2538 2537
f 408 1582 2538
f 2537 2538 1582
f 162 2539 2541
f 639 2540 2539
f 638 2541 2540
f 2539 2540 2541
f 408 2538 2535
f 638 2540 2538
f 639 2535 2540
f 2538 2540 2535
f 79 2534 2524
f 637 2542 2534
f 635 2524 2542
f 2534 2542 2524
f 162 2541 2530
f 638 2543 2541
f 637 2530 2543
f 2541 2543 2530
f 108 2527 2537
f 635 2544 2527
f 638 2537 2544
f 2527 2544 2537
f 637 2543 2542
f 638 2544 2543
f 635 2542 2544
f 2543 2544 2542
f 42 2514 2484
f 634 2545 2514
f 626 2484 2545
f 2514 2545 2484
f 161 2546 2517
f 640 2547 2546
f 634 2517 2547
f 2546 2547 2517
f 160 2488 2549
f 626 2548 2488
f 640 2549 2548
f 2488 2548 2549
f 634 2547 2545
f 640 2548 2547
f 626 2545 2548
f 2547 2548 2545
f 31 2536 2506
f 639 2550 2536
f 631 2506 2550
f 2536 2550 2506
f 162 2551 2539
f 641 2552 2551
f 639 2539 2552
f 2551 2552 2539
f 161 2510 2554
f 631 2553 2510
f 641 2554 2553
f 2510 2553 2554
f 639 2552 2550
f 641 2553 2552
f 631 2550 2553
f 2552 2553 2550
f 24 2492 2528
f 629 2555 2492
f 636 2528 2555
f 2492 2555 2528
f 160 2556 2495
f 642 2557 2556
f 629 2495 2557
f 2556 2557 2495
f 162 2532 2559
f 636 2558 2532
f 642 2559 2558
f 2532 2558 2559
f 629 2557 2555
f 642 2558 2557
f 636 2555 2558
f 2557 2558 2555
f 161 2554 2546
f 641 2560 2554
f 640 2546 2560
f 2554 2560 2546
f 162 2559 2551
f 642 2561 2559
f 641 2551 2561
f 2559 2561 2551
f 160 2549 2556
f 640 2562 2549
f 642 2556 2562
f 2549 2562 2556
f 641 2561 2560
f 642 2562 2561
f 640 2560 2562
f 2561 2562 2560
