# regolith_gen synthetic particle
# verts: 2562  tris: 5120
v -0.540886 0.875172 0.000000
v 0.547272 0.885505 0.000000
v -0.547195 -0.885380 0.000000
v 0.532666 -0.861872 0.000000
v 0.000000 -0.527378 0.853316
v 0.000000 0.534036 0.864088
v 0.000000 -0.531622 -0.860182
v 0.000000 0.518444 -0.838860
v 0.866408 0.000000 -0.535470
v 0.871631 0.000000 0.538697
v -0.888586 0.000000 -0.549176
v -0.877606 0.000000 0.542390
v -0.794564 0.491067 0.303496
v -0.483645 0.298909 0.782554
v -0.297452 0.778738 0.481287
v 0.318419 0.833632 0.515213
v 0.000000 1.009307 0.000000
v 0.314704 0.823905 -0.509202
v -0.318044 0.832649 -0.514606
v -0.516609 0.319282 -0.835891
v -0.821451 0.507685 -0.313766
v -0.983757 0.000000 0.000000
v 0.472253 0.291868 0.764121
v 0.865179 0.534710 0.330469
v -0.506645 -0.313124 0.819770
v 0.000000 0.000000 0.971846
v -0.833560 -0.515169 -0.318392
v -0.820898 -0.507343 0.313555
v 0.000000 0.000000 -1.038967
v -0.510748 -0.315660 -0.826407
v 0.770412 0.476141 -0.294271
v 0.488457 0.301883 -0.790339
v 0.828959 -0.512325 0.316634
v 0.506781 -0.313208 0.819989
v 0.296978 -0.777500 0.480521
v -0.304245 -0.796525 0.492280
v 0.000000 -1.021227 0.000000
v -0.310123 -0.811913 -0.501790
v 0.321867 -0.842657 -0.520791
v 0.505808 -0.312606 -0.818414
v 0.788751 -0.487475 -0.301276
v 1.007874 0.000000 0.000000
v -0.680370 0.688476 0.157517
v -0.558047 0.653373 0.403807
v -0.449676 0.894058 0.269349
v -0.703903 0.161047 0.695615
v -0.676657 0.418197 0.577934
v -0.886823 0.267169 0.446037
v -0.158074 0.682775 0.690910
v -0.407214 0.562756 0.658886
v -0.258004 0.430737 0.856402
v -0.168330 0.985418 0.272363
v -0.286504 1.008535 0.000000
v 0.158090 0.682842 0.690977
v 0.000000 0.860208 0.531638
v 0.280312 0.986740 0.000000
v 0.167140 0.978456 0.270439
v 0.450094 0.894889 0.269599
v -0.167610 0.981205 -0.271198
v -0.443028 0.880839 -0.265366
v 0.438651 0.872137 -0.262744
v 0.164115 0.960744 -0.265543
v -0.160060 0.691351 -0.699588
v 0.000000 0.846789 -0.523345
v 0.157558 0.680548 -0.688656
v -0.594066 0.695545 -0.429870
v -0.701190 0.709544 -0.162337
v -0.270225 0.451140 -0.896969
v -0.420785 0.581510 -0.680844
v -0.870178 0.262154 -0.437665
v -0.655950 0.405399 -0.560248
v -0.686711 0.157113 -0.678625
v -0.849182 0.524823 0.000000
v -0.966664 0.000000 -0.274609
v -0.974265 0.269280 -0.166424
v -0.965230 0.266783 0.164881
v -0.989745 0.000000 0.281166
v 0.623260 0.729726 0.450995
v 0.712103 0.720587 0.164864
v 0.254044 0.424125 0.843256
v 0.423153 0.584783 0.684675
v 0.885879 0.266884 0.445562
v 0.697503 0.431081 0.595739
v 0.696627 0.159382 0.688424
v -0.266870 0.164934 0.965543
v 0.000000 0.271307 0.955039
v -0.693510 -0.158669 0.685344
v -0.502143 0.000000 0.812484
v 0.000000 -0.266146 0.936873
v -0.263256 -0.162701 0.952468
v -0.270598 -0.451762 0.898206
v -0.923034 -0.255120 0.157673
v -0.910596 -0.274331 0.457994
v -0.898704 -0.270748 -0.452013
v -0.930332 -0.257138 -0.158920
v -0.711505 -0.719982 0.164726
v -0.849886 -0.525258 0.000000
v -0.710824 -0.719293 -0.164568
v -0.537927 0.000000 -0.870384
v -0.722531 -0.165309 -0.714023
v 0.000000 0.285145 -1.003752
v -0.272291 0.168285 -0.985157
v -0.247052 -0.412453 -0.820050
v -0.260012 -0.160696 -0.940733
v 0.000000 -0.264196 -0.930009
v 0.432719 0.598002 -0.700153
v 0.262321 0.437944 -0.870731
v 0.678930 0.687019 -0.157184
v 0.588251 0.688736 -0.425662
v 0.717489 0.164155 -0.709041
v 0.679241 0.419794 -0.580141
v 0.849267 0.255854 -0.427148
v 0.686090 -0.694264 0.158841
v 0.612116 -0.716678 0.442931
v 0.453258 -0.901179 0.271494
v 0.727585 -0.166465 0.719019
v 0.705150 -0.435807 0.602270
v 0.891575 -0.268600 0.448427
v 0.155363 -0.671066 0.679062
v 0.433693 -0.599348 0.701729
v 0.253208 -0.422731 0.840484
v 0.160115 -0.937331 0.259072
v 0.286287 -1.007771 0.000000
v -0.165365 -0.714268 0.722778
v 0.000000 -0.798160 0.493290
v -0.283317 -0.997318 0.000000
v -0.158779 -0.929506 0.256909
v -0.431074 -0.857072 0.258206
v 0.164373 -0.962254 -0.265960
v 0.445929 -0.886607 -0.267104
v -0.435479 -0.865831 -0.260845
v -0.163703 -0.958337 -0.264878
v 0.168256 -0.726752 -0.735411
v 0.000000 -0.864069 -0.534024
v -0.160292 -0.692355 -0.700604
v 0.602486 -0.705403 -0.435963
v 0.677013 -0.685079 -0.156740
v 0.261780 -0.437041 -0.868937
v 0.440420 -0.608646 -0.712615
v 0.881036 -0.265426 -0.443127
v 0.698063 -0.431427 -0.596217
v 0.718001 -0.164272 -0.709547
v 0.838073 -0.517958 0.000000
v 0.963570 0.000000 -0.273730
v 0.949538 -0.262446 -0.162200
v 0.932412 -0.257712 0.159275
v 1.005038 0.000000 0.285510
v 0.256902 -0.158774 0.929479
v 0.522445 0.000000 0.845334
v 0.255672 0.158014 0.925029
v -0.584817 -0.684715 0.423177
v -0.427740 -0.591122 0.692098
v -0.699199 -0.432129 0.597187
v -0.425401 -0.587889 -0.688313
v -0.596982 -0.698959 -0.431980
v -0.723826 -0.447349 -0.618221
v 0.532859 0.000000 -0.862183
v 0.257255 -0.158993 -0.930759
v 0.269204 0.166377 -0.973991
v 0.943228 0.260702 0.161123
v 0.928773 0.256706 -0.158653
v 0.820886 0.507336 0.000000
v -0.614109 0.781891 0.080884
v -0.567199 0.787025 0.211511
v -0.505553 0.902621 0.136918
v -0.684486 0.582259 0.359856
v -0.635951 0.689877 0.290765
v -0.742192 0.593659 0.231942
v -0.369204 0.830783 0.377646
v -0.502077 0.762132 0.336733
v -0.425546 0.710448 0.439081
v -0.782887 0.080987 0.614891
v -0.817165 0.219611 0.588920
v -0.893200 0.135489 0.500276
v -0.591918 0.365825 0.695841
v -0.695402 0.293093 0.641044
v -0.595522 0.232670 0.744521
v -0.828608 0.376657 0.368238
v -0.780147 0.344693 0.513945
v -0.740404 0.457595 0.443489
v -0.082495 0.626338 0.797461
v -0.212357 0.569465 0.790170
v -0.134258 0.495730 0.885084
v -0.344603 0.655474 0.557580
v -0.280362 0.613199 0.665196
v -0.230794 0.738517 0.590719
v -0.369669 0.361405 0.813234
v -0.338640 0.504919 0.766447
v -0.458265 0.444139 0.741489
v -0.637410 0.556254 0.506097
v -0.566865 0.515751 0.649570
v -0.496240 0.624996 0.545421
v -0.379523 0.979248 0.139481
v -0.416942 0.945865 0.000000
v -0.245677 0.917137 0.397513
v -0.309675 0.941839 0.271460
v -0.140016 1.005254 0.000000
v -0.227892 1.000527 0.137483
v -0.084197 1.011163 0.136234
v 0.081141 0.616054 0.784367
v 0.000000 0.707857 0.716291
v 0.161416 0.866933 0.535794
v 0.081016 0.778998 0.619281
v 0.236623 0.757171 0.605640
v -0.080533 0.774348 0.615584
v -0.157929 0.848204 0.524219
v 0.416968 0.945925 0.000000
v 0.370565 0.956135 0.136189
v 0.494897 0.883597 0.134032
v 0.082831 0.994751 0.134023
v 0.225784 0.991273 0.136211
v 0.139648 1.002616 0.000000
v 0.391313 0.880533 0.400261
v 0.314970 0.957945 0.276102
v 0.250376 0.934679 0.405116
v -0.084288 0.934772 0.409144
v 0.085091 0.943676 0.413041
v 0.000000 0.986234 0.272588
v -0.375976 0.970096 -0.138178
v -0.494025 0.882040 -0.133796
v -0.083771 1.006042 -0.135544
v -0.226295 0.993517 -0.136520
v -0.386567 0.869853 -0.395406
v -0.306078 0.930902 -0.268307
v -0.243721 0.909835 -0.394348
v 0.492508 0.879331 -0.133385
v 0.369737 0.953998 -0.135885
v 0.238348 0.889778 -0.385655
v 0.308754 0.939038 -0.270653
v 0.376815 0.847910 -0.385431
v 0.223568 0.981546 -0.134875
v 0.083174 0.998877 -0.134579
v -0.080214 0.609023 -0.775415
v 0.000000 0.678690 -0.686776
v 0.077975 0.592019 -0.753766
v -0.157018 0.843311 -0.521195
v -0.079806 0.767358 -0.610027
v -0.244052 0.780943 -0.624655
v 0.234541 0.750506 -0.600310
v 0.080234 0.771478 -0.613303
v 0.156716 0.841690 -0.520193
v 0.000000 1.005570 -0.277933
v 0.084806 0.940518 -0.411659
v -0.083771 0.929034 -0.406633
v -0.569007 0.789535 -0.212186
v -0.615769 0.784005 -0.081103
v -0.464463 0.775420 -0.479236
v -0.522682 0.793409 -0.350553
v -0.779732 0.623686 -0.243674
v -0.661845 0.717967 -0.302604
v -0.727270 0.618653 -0.382349
v -0.132355 0.488704 -0.872540
v -0.215742 0.578542 -0.802766
v -0.476879 0.462179 -0.771606
v -0.356828 0.532039 -0.807613
v -0.396881 0.388010 -0.873099
v -0.298356 0.652554 -0.707888
v -0.383569 0.729592 -0.620628
v -0.893425 0.135523 -0.500402
v -0.765264 0.205663 -0.551516
v -0.802098 0.082975 -0.629980
v -0.758400 0.468717 -0.454269
v -0.753455 0.332900 -0.496361
v -0.846886 0.384966 -0.376361
v -0.611915 0.239075 -0.765016
v -0.685001 0.288709 -0.631456
v -0.598289 0.369763 -0.703331
v -0.512864 0.645933 -0.563692
v -0.549734 0.500164 -0.629939
v -0.633180 0.552562 -0.502738
v -0.698879 0.707206 0.000000
v -0.852380 0.526800 -0.158706
v -0.798575 0.634843 -0.083052
v -0.764256 0.607561 0.079483
v -0.797694 0.493002 0.148524
v -0.941737 0.000000 -0.415122
v -0.970425 0.138225 -0.376103
v -0.996681 0.134283 -0.082991
v -1.006307 0.138277 -0.229208
v -0.980075 0.000000 -0.136509
v -0.941275 0.271297 -0.309489
v -0.906738 0.393006 -0.242891
v -0.961229 0.136915 0.372539
v -0.940948 0.000000 0.414774
v -0.882678 0.382578 0.236446
v -0.932814 0.268859 0.306707
v -0.975976 0.000000 0.135938
v -0.989242 0.135932 0.225321
v -0.981147 0.132190 0.081698
v -0.918354 0.401958 -0.082808
v -0.949650 0.262477 0.000000
v -0.893720 0.391176 0.080587
v 0.585904 0.812980 0.218487
v 0.634185 0.807453 0.083529
v 0.474655 0.792435 0.489752
v 0.539855 0.819479 0.362071
v 0.784479 0.627483 0.245157
v 0.667231 0.723809 0.305066
v 0.755187 0.642400 0.397025
v 0.129451 0.477982 0.853397
v 0.207205 0.555649 0.771000
v 0.447031 0.433251 0.723312
v 0.330731 0.493127 0.748546
v 0.363146 0.355028 0.798884
v 0.290546 0.635473 0.689358
v 0.367107 0.698279 0.593992
v 0.881213 0.133670 0.493562
v 0.811078 0.217975 0.584533
v 0.797022 0.082450 0.625993
v 0.799407 0.494061 0.478832
v 0.807062 0.356585 0.531676
v 0.869519 0.395254 0.386419
v 0.595941 0.232834 0.745045
v 0.718245 0.302721 0.662102
v 0.588642 0.363801 0.691990
v 0.525247 0.661529 0.577302
v 0.570619 0.519166 0.653871
v 0.684453 0.597307 0.543448
v -0.134054 0.364754 0.941142
v 0.000000 0.402533 0.913178
v -0.379976 0.234838 0.876675
v -0.267934 0.305653 0.929607
v 0.000000 0.135367 0.971880
v -0.133889 0.221934 0.974371
v -0.134509 0.083131 0.998364
v -0.775948 -0.080270 0.609441
v -0.696082 0.000000 0.687886
v -0.500497 -0.150782 0.809821
v -0.589119 -0.077071 0.741058
v -0.596627 -0.233102 0.745903
v -0.600305 0.078534 0.755128
v -0.506236 0.152511 0.819107
v 0.000000 -0.400316 0.908148
v -0.131768 -0.358535 0.925094
v -0.135106 -0.498861 0.890674
v -0.131734 -0.081416 0.977767
v -0.131126 -0.217354 0.954263
v 0.000000 -0.132840 0.953733
v -0.391885 -0.383125 0.862107
v -0.271710 -0.309960 0.942707
v -0.387738 -0.239635 0.894584
v -0.390796 0.080508 0.892853
v -0.395558 -0.081489 0.903731
v -0.261243 0.000000 0.945188
v -0.960463 -0.136806 0.372243
v -0.904302 -0.137173 0.506494
v -0.958107 -0.129086 0.079779
v -0.958106 -0.131654 0.218230
v -0.874245 -0.397402 0.388519
v -0.932803 -0.268855 0.306703
v -0.904520 -0.392045 0.242297
v -0.897727 -0.136175 -0.502812
v -0.923086 -0.131482 -0.357757
v -0.886302 -0.384148 -0.237417
v -0.907929 -0.261686 -0.298525
v -0.877810 -0.399023 -0.390103
v -0.940801 -0.129276 -0.214288
v -0.958356 -0.129119 -0.079800
v -0.642524 -0.818069 0.084627
v -0.726640 -0.735297 0.000000
v -0.640684 -0.815727 -0.084385
v -0.842004 -0.520387 0.156774
v -0.789497 -0.627627 0.082108
v -0.765769 -0.612517 0.239310
v -0.769824 -0.615761 -0.240578
v -0.798598 -0.634862 -0.083055
v -0.831914 -0.514151 -0.154896
v -0.923341 -0.255205 0.000000
v -0.896572 -0.392424 -0.080844
v -0.895729 -0.392055 0.080768
v -0.749226 0.000000 -0.740405
v -0.824125 -0.085253 -0.647280
v -0.535224 0.161244 -0.866011
v -0.634574 0.083017 -0.798235
v -0.619083 -0.241876 -0.773978
v -0.640890 -0.083843 -0.806181
v -0.536545 -0.161642 -0.868148
v 0.000000 0.408094 -0.925793
v -0.134077 0.364818 -0.941307
v -0.138243 0.085439 -1.026076
v -0.137159 0.227356 -0.998173
v 0.000000 0.144200 -1.035295
v -0.273231 0.311695 -0.947984
v -0.403367 0.249294 -0.930643
v -0.130741 -0.482746 -0.861902
v -0.127308 -0.346400 -0.893784
v 0.000000 -0.399572 -0.906460
v -0.386774 -0.239039 -0.892360
v -0.254721 -0.290579 -0.883762
v -0.377643 -0.369201 -0.830776
v 0.000000 -0.138126 -0.991684
v -0.128559 -0.213100 -0.935584
v -0.135157 -0.083532 -1.003171
v -0.409760 0.084415 -0.936178
v -0.267803 0.000000 -0.968920
v -0.397627 -0.081916 -0.908458
v 0.211138 0.566198 -0.785636
v 0.132251 0.488323 -0.871859
v 0.381100 0.724895 -0.616633
v 0.293374 0.641659 -0.696070
v 0.382198 0.373655 -0.840798
v 0.351166 0.523596 -0.794797
v 0.473031 0.458450 -0.765381
v 0.623376 0.793690 -0.082105
v 0.565223 0.784285 -0.210775
v 0.693192 0.589665 -0.364433
v 0.635863 0.689782 -0.290724
v 0.725764 0.580518 -0.226808
v 0.517236 0.785143 -0.346900
v 0.467352 0.780242 -0.482216
v 0.824963 0.085340 -0.647938
v 0.813772 0.218700 -0.586475
v 0.888212 0.134732 -0.497482
v 0.598664 0.369995 -0.703772
v 0.702044 0.295893 -0.647167
v 0.608044 0.237562 -0.760176
v 0.797698 0.362607 -0.354501
v 0.786365 0.347440 -0.518041
v 0.733528 0.453345 -0.439371
v 0.532558 0.670737 -0.585338
v 0.650927 0.568050 -0.516829
v 0.575094 0.523238 -0.658999
v 0.617117 -0.785721 0.081281
v 0.592246 -0.821781 0.220852
v 0.498490 -0.890012 0.135005
v 0.720660 -0.613030 0.378873
v 0.674596 -0.731799 0.308434
v 0.760559 -0.608350 0.237682
v 0.378279 -0.851203 0.386928
v 0.542198 -0.823035 0.363642
v 0.463523 -0.773850 0.478266
v 0.799373 -0.082693 0.627840
v 0.816878 -0.219534 0.588713
v 0.906385 -0.137489 0.507661
v 0.622090 -0.384473 0.731311
v 0.729010 -0.307258 0.672025
v 0.623461 -0.243586 0.779451
v 0.861082 -0.391419 0.382669
v 0.792693 -0.350236 0.522210
v 0.786529 -0.486101 0.471117
v 0.078132 -0.593215 0.755289
v 0.201388 -0.540050 0.749355
v 0.126039 -0.465385 0.830905
v 0.365994 -0.696163 0.592191
v 0.288221 -0.630388 0.683842
v 0.227781 -0.728877 0.583009
v 0.377973 -0.369524 0.831503
v 0.338150 -0.504189 0.765339
v 0.482026 -0.467167 0.779934
v 0.671853 -0.586312 0.533444
v 0.583338 -0.530738 0.668446
v 0.528421 -0.665527 0.580791
v 0.379471 -0.979113 0.139462
v 0.422393 -0.958233 0.000000
v 0.231855 -0.865540 0.375149
v 0.306264 -0.931466 0.268470
v 0.141699 -1.017340 0.000000
v 0.228200 -1.001880 0.137669
v 0.082218 -0.987399 0.133032
v -0.082107 -0.623390 0.793707
v 0.000000 -0.689701 0.697919
v -0.152209 -0.817486 0.505234
v -0.079201 -0.761543 0.605405
v -0.238000 -0.761577 0.609164
v 0.076279 -0.733446 0.583068
v 0.145472 -0.781299 0.482870
v -0.416967 -0.945922 0.000000
v -0.368380 -0.950497 0.135386
v -0.500235 -0.893127 0.135478
v -0.081370 -0.977209 0.131659
v -0.221528 -0.972585 0.133643
v -0.138396 -0.993628 0.000000
v -0.375299 -0.844498 0.383880
v -0.301510 -0.917007 0.264303
v -0.232888 -0.869395 0.376821
v 0.077472 -0.859179 0.376058
v -0.078676 -0.872531 0.381901
v 0.000000 -0.936608 0.258872
v 0.366051 -0.944487 -0.134530
v 0.498849 -0.890652 -0.135102
v 0.085495 -1.026745 -0.138333
v 0.225962 -0.992056 -0.136319
v 0.380336 -0.855832 -0.389032
v 0.306884 -0.933352 -0.269013
v 0.242764 -0.906264 -0.392800
v -0.495361 -0.884425 -0.134158
v -0.376013 -0.970191 -0.138191
v -0.238323 -0.889687 -0.385615
v -0.305144 -0.928059 -0.267488
v -0.378837 -0.852459 -0.387499
v -0.226667 -0.995148 -0.136744
v -0.084211 -1.011328 -0.136256
v 0.085812 -0.651525 -0.829530
v 0.000000 -0.730961 -0.739670
v -0.081971 -0.622361 -0.792397
v 0.163835 -0.879927 -0.543825
v 0.085249 -0.819693 -0.651632
v 0.247196 -0.791003 -0.632701
v -0.235460 -0.753447 -0.602661
v -0.082056 -0.788997 -0.627229
v -0.157700 -0.846977 -0.523461
v 0.000000 -0.996304 -0.275372
v -0.080966 -0.897927 -0.393017
v 0.082685 -0.916987 -0.401360
v 0.571330 -0.792758 -0.213052
v 0.605240 -0.770599 -0.079716
v 0.465537 -0.777212 -0.480343
v 0.529330 -0.803502 -0.355012
v 0.739558 -0.591552 -0.231119
v 0.654511 -0.710011 -0.299250
v 0.708587 -0.602760 -0.372526
v 0.134422 -0.496338 -0.886169
v 0.223409 -0.599104 -0.831297
v 0.475201 -0.460553 -0.768891
v 0.353583 -0.527199 -0.800267
v 0.378871 -0.370402 -0.833478
v 0.309710 -0.677387 -0.734827
v 0.399865 -0.760588 -0.646995
v 0.869534 -0.131899 -0.487021
v 0.799422 -0.214843 -0.576133
v 0.801749 -0.082939 -0.629706
v 0.765273 -0.472965 -0.458386
v 0.794072 -0.350845 -0.523118
v 0.840762 -0.382182 -0.373639
v 0.609844 -0.238266 -0.762427
v 0.704376 -0.296875 -0.649316
v 0.603284 -0.372850 -0.709203
v 0.532293 -0.670403 -0.585046
v 0.575977 -0.524041 -0.660011
v 0.648557 -0.565982 -0.514947
v 0.682122 -0.690249 0.000000
v 0.826133 -0.510578 -0.153819
v 0.748570 -0.595091 -0.077852
v 0.760361 -0.604465 0.079078
v 0.846494 -0.523162 0.157611
v 0.923218 0.000000 -0.406959
v 0.926040 -0.131903 -0.358901
v 0.995444 -0.134116 -0.082888
v 0.971089 -0.133438 -0.221187
v 1.000100 0.000000 -0.139298
v 0.913179 -0.263199 -0.300251
v 0.862304 -0.373747 -0.230988
v 0.955209 -0.136057 0.370206
v 0.944650 0.000000 0.416406
v 0.892744 -0.386940 0.239142
v 0.911319 -0.262663 0.299640
v 1.003632 0.000000 0.139790
v 0.982429 -0.134996 0.223770
v 0.987892 -0.133099 0.082259
v 0.888239 -0.388777 -0.080093
v 0.955456 -0.264081 0.000000
v 0.910754 -0.398632 0.082123
v 0.128969 -0.350920 0.905446
v 0.387769 -0.239654 0.894656
v 0.259874 -0.296458 0.901642
v 0.127374 -0.211135 0.926959
v 0.128092 -0.079165 0.950730
v 0.714698 0.000000 0.706283
v 0.492061 0.148241 0.796172
v 0.605669 0.079236 0.761876
v 0.622643 -0.081456 0.783228
v 0.526280 -0.158550 0.851538
v 0.129872 0.353377 0.911786
v 0.129761 0.080197 0.963122
v 0.131796 0.218466 0.959144
v 0.260022 0.296627 0.902157
v 0.363576 0.224702 0.838838
v 0.397131 -0.081813 0.907324
v 0.387675 0.079865 0.885720
v 0.262346 0.000000 0.949177
v -0.575729 -0.798862 0.214693
v -0.443185 -0.739895 0.457280
v -0.505420 -0.767207 0.338976
v -0.665347 -0.721766 0.304205
v -0.710766 -0.604613 0.373672
v -0.222530 -0.596746 0.828024
v -0.487738 -0.472704 0.789177
v -0.364000 -0.542732 0.823846
v -0.302302 -0.661185 0.717251
v -0.369142 -0.702150 0.597284
v -0.797182 -0.214241 0.574519
v -0.780930 -0.482641 0.467764
v -0.799844 -0.353396 0.526920
v -0.694345 -0.292647 0.640069
v -0.607431 -0.375413 0.714078
v -0.511160 -0.643788 0.561820
v -0.566721 -0.515620 0.649405
v -0.659811 -0.575802 0.523882
v -0.211627 -0.567509 -0.787456
v -0.366612 -0.697338 -0.593191
v -0.285307 -0.624016 -0.676930
v -0.338024 -0.504002 -0.765054
v -0.474249 -0.459631 -0.767351
v -0.576637 -0.800122 -0.215031
v -0.734312 -0.624643 -0.386051
v -0.664888 -0.721268 -0.303995
v -0.514848 -0.781518 -0.345298
v -0.453996 -0.757945 -0.468436
v -0.833196 -0.223920 -0.600473
v -0.631687 -0.390404 -0.742593
v -0.734237 -0.309461 -0.676844
v -0.833095 -0.368087 -0.548826
v -0.788273 -0.487179 -0.472162
v -0.503251 -0.633826 -0.553126
v -0.673520 -0.587766 -0.534767
v -0.570529 -0.519085 -0.653768
v 0.740269 0.000000 -0.731553
v 0.520388 -0.156775 -0.842006
v 0.636107 -0.083218 -0.800164
v 0.630865 0.082532 -0.793570
v 0.512134 0.154288 -0.828650
v 0.133064 -0.362062 -0.934196
v 0.132661 -0.081989 -0.984645
v 0.131690 -0.218290 -0.958370
v 0.265066 -0.302380 -0.919654
v 0.392971 -0.242869 -0.906657
v 0.136075 0.370255 -0.955336
v 0.385140 0.238030 -0.888591
v 0.271601 0.309836 -0.942330
v 0.139340 0.230970 -1.014040
v 0.137843 0.085192 -1.023105
v 0.403272 -0.083079 -0.921356
v 0.266795 0.000000 -0.965273
v 0.402320 0.082883 -0.919181
v 0.952519 0.135674 0.369164
v 1.019075 0.137300 0.084856
v 0.995609 0.136807 0.226772
v 0.946116 0.272692 0.311081
v 0.895811 0.388270 0.239964
v 0.933777 0.133005 -0.361900
v 0.842633 0.365221 -0.225719
v 0.900840 0.259643 -0.296194
v 0.965706 0.132698 -0.219961
v 0.987325 0.133022 -0.082212
v 0.697808 0.706122 0.000000
v 0.842513 0.520701 0.156869
v 0.767279 0.609964 0.079798
v 0.753930 0.599352 -0.078409
v 0.787541 0.486727 -0.146634
v 0.968363 0.267649 0.000000
v 0.892069 0.390453 -0.080438
v 0.893224 0.390959 0.080542
v -0.584726 0.837352 0.041541
v -0.563274 0.844219 0.108697
v -0.525124 0.891820 0.068203
v -0.622077 0.735014 0.183739
v -0.599510 0.796300 0.148557
v -0.643639 0.730380 0.118810
v -0.482643 0.907967 0.205545
v -0.545294 0.856183 0.177800
v -0.515427 0.848833 0.242507
v -0.740045 0.537661 0.332293
v -0.720054 0.593590 0.299090
v -0.768670 0.542706 0.267769
v -0.604176 0.680141 0.352827
v -0.660886 0.636145 0.325805
v -0.627894 0.625372 0.386501
v -0.713146 0.642658 0.195275
v -0.694952 0.647045 0.263482
v -0.664875 0.696188 0.226366
v -0.330719 0.799138 0.427199
v -0.397330 0.767720 0.408361
v -0.360196 0.739718 0.457171
v -0.474198 0.821662 0.302508
v -0.437407 0.798757 0.358191
v -0.404064 0.852448 0.321435
v -0.488622 0.678274 0.419197
v -0.462714 0.735195 0.388532
v -0.535130 0.713394 0.373982
v -0.598615 0.734334 0.250038
v -0.574222 0.733247 0.316915
v -0.542619 0.786503 0.279039
v -0.826266 0.040991 0.576985
v -0.844443 0.108726 0.563424
v -0.881245 0.067394 0.518897
v -0.764184 0.191031 0.646765
v -0.806853 0.150526 0.607455
v -0.752434 0.122398 0.663074
v -0.899584 0.203647 0.478187
v -0.857725 0.178121 0.546276
v -0.858004 0.245127 0.520996
v -0.535849 0.331173 0.737551
v -0.588338 0.296443 0.713683
v -0.537755 0.265326 0.761657
v -0.684705 0.355194 0.608231
v -0.642918 0.329274 0.667923
v -0.643843 0.397917 0.646439
v -0.643760 0.195610 0.714370
v -0.644207 0.262327 0.691904
v -0.703842 0.228854 0.672185
v -0.806303 0.431029 0.333684
v -0.775703 0.412607 0.401462
v -0.762010 0.470948 0.371051
v -0.831343 0.306072 0.479786
v -0.797892 0.357803 0.436934
v -0.850694 0.320774 0.403233
v -0.711415 0.439678 0.512496
v -0.755108 0.399055 0.475247
v -0.729341 0.382342 0.547093
v -0.760167 0.258834 0.619674
v -0.738948 0.319379 0.578687
v -0.805642 0.285829 0.555823
v -0.041419 0.583022 0.834912
v -0.109183 0.565793 0.847993
v -0.067334 0.518433 0.880457
v -0.187026 0.633206 0.748163
v -0.149500 0.603315 0.801354
v -0.121062 0.655837 0.744222
v -0.197644 0.464092 0.873068
v -0.174558 0.535348 0.840568
v -0.233971 0.497286 0.818957
v -0.320185 0.713080 0.518070
v -0.286719 0.690272 0.569039
v -0.262349 0.753111 0.531720
v -0.341789 0.585275 0.658863
v -0.310974 0.630802 0.607187
v -0.375862 0.610610 0.608158
v -0.195065 0.712380 0.641967
v -0.253768 0.669331 0.623189
v -0.223832 0.657433 0.688395
v -0.430495 0.333271 0.805304
v -0.412357 0.401219 0.775233
v -0.471952 0.371842 0.763635
v -0.294122 0.461053 0.798886
v -0.350300 0.427771 0.781161
v -0.311967 0.392163 0.827339
v -0.432547 0.504183 0.699875
v -0.393599 0.468750 0.744785
v -0.372398 0.532863 0.710372
v -0.251314 0.601670 0.738081
v -0.313713 0.568421 0.725838
v -0.275876 0.536468 0.777587
v -0.721960 0.527252 0.406916
v -0.650466 0.482247 0.536623
v -0.686875 0.505032 0.473089
v -0.664861 0.572559 0.434727
v -0.592102 0.600776 0.450278
v -0.521952 0.402826 0.714702
v -0.489080 0.544227 0.659683
v -0.514953 0.482382 0.700367
v -0.579010 0.439625 0.672351
v -0.624278 0.467893 0.615265
v -0.388468 0.689227 0.503348
v -0.523609 0.634692 0.470552
v -0.459346 0.666923 0.490362
v -0.420655 0.643339 0.554025
v -0.452223 0.594660 0.603371
v -0.599580 0.533620 0.574385
v -0.534410 0.575236 0.600467
v -0.565838 0.590658 0.525680
v -0.462468 0.927216 0.068344
v -0.476803 0.906146 0.000000
v -0.422751 0.953703 0.208968
v -0.448974 0.953302 0.140049
v -0.359561 0.997440 0.000000
v -0.403719 0.975046 0.069791
v -0.335247 1.001366 0.069893
v -0.273157 0.847871 0.441978
v -0.308665 0.872569 0.387168
v -0.239664 0.965079 0.272343
v -0.278972 0.933762 0.335979
v -0.209426 0.961707 0.338859
v -0.342526 0.891470 0.328040
v -0.379652 0.918684 0.270596
v -0.070240 1.013462 0.000000
v -0.111606 1.002619 0.067447
v -0.041884 1.012281 0.067770
v -0.257377 1.005926 0.069272
v -0.183749 1.004180 0.068145
v -0.210497 0.999394 0.000000
v -0.125371 0.993297 0.202854
v -0.155863 1.007308 0.137050
v -0.198992 0.997333 0.205796
v -0.344984 0.962808 0.207014
v -0.272147 0.982696 0.207160
v -0.305478 0.998653 0.139680
v 0.041040 0.577686 0.827270
v 0.000000 0.627362 0.798765
v 0.078665 0.684032 0.692182
v 0.040527 0.659018 0.747271
v 0.119263 0.646093 0.733166
v -0.040772 0.662998 0.751784
v -0.081023 0.704536 0.712930
v 0.241163 0.854493 0.528106
v 0.200033 0.812712 0.572407
v 0.273870 0.786185 0.555072
v 0.040888 0.821805 0.577466
v 0.120928 0.824785 0.580012
v 0.079939 0.864020 0.533994
v 0.197278 0.720461 0.649249
v 0.160213 0.774742 0.617769
v 0.118422 0.721992 0.647686
v -0.196052 0.796539 0.561016
v -0.231940 0.821814 0.507909
v -0.120074 0.732069 0.656727
v -0.158565 0.766775 0.611417
v -0.080171 0.866534 0.535547
v -0.120247 0.820140 0.576746
v -0.041055 0.825164 0.579827
v 0.040376 0.737992 0.662561
v 0.000000 0.781565 0.621321
v -0.040632 0.742675 0.666765
v 0.482794 0.917532 0.000000
v 0.462416 0.927112 0.068337
v 0.520263 0.883564 0.067571
v 0.323637 0.966686 0.067472
v 0.395349 0.954831 0.068344
v 0.350208 0.971495 0.000000
v 0.473499 0.890765 0.201651
v 0.435110 0.923864 0.135725
v 0.411872 0.929160 0.203590
v 0.041207 0.995915 0.066674
v 0.111168 0.998683 0.067183
v 0.069572 1.003811 0.000000
v 0.196985 0.987275 0.203720
v 0.154955 1.001440 0.136251
v 0.124141 0.983552 0.200864
v 0.209550 0.994899 0.000000
v 0.181101 0.989706 0.067162
v 0.252171 0.985579 0.067871
v 0.360165 0.870291 0.465236
v 0.325313 0.919630 0.408050
v 0.288932 0.896836 0.467502
v 0.383523 0.928052 0.273355
v 0.358969 0.934265 0.343788
v 0.420361 0.886828 0.334399
v 0.210040 0.964527 0.339852
v 0.284480 0.952200 0.342613
v 0.244663 0.985208 0.278024
v 0.300482 0.982318 0.137395
v 0.272205 0.982904 0.207204
v 0.345249 0.963546 0.207173
v -0.200141 0.876919 0.458647
v -0.042462 0.909675 0.477286
v -0.121446 0.891761 0.467389
v -0.167106 0.939116 0.409067
v -0.127338 0.969685 0.344623
v 0.207912 0.910969 0.476456
v 0.126848 0.965953 0.343296
v 0.169557 0.952893 0.415068
v 0.124983 0.917727 0.480999
v 0.042253 0.905201 0.474938
v 0.000000 1.003448 0.135194
v -0.083678 0.986309 0.272609
v -0.042022 0.997152 0.204114
v 0.041764 0.991024 0.202859
v 0.082851 0.976567 0.269916
v 0.000000 0.935641 0.409525
v 0.042038 0.958407 0.340098
v -0.042131 0.960521 0.340848
v -0.453133 0.908501 -0.066965
v -0.513167 0.871513 -0.066650
v -0.335116 1.000975 -0.069866
v -0.397517 0.960068 -0.068719
v -0.470181 0.884522 -0.200237
v -0.436659 0.927154 -0.136208
v -0.410026 0.924996 -0.202678
v -0.042244 1.020991 -0.068353
v -0.111794 1.004306 -0.067561
v -0.198730 0.996022 -0.205525
v -0.154319 0.997327 -0.135692
v -0.126609 1.003107 -0.204858
v -0.182701 0.998453 -0.067756
v -0.258658 1.010935 -0.069617
v -0.348924 0.843129 -0.450716
v -0.314926 0.890268 -0.395021
v -0.281911 0.875043 -0.456142
v -0.375008 0.907445 -0.267286
v -0.343559 0.894158 -0.329030
v -0.418538 0.882982 -0.332949
v -0.206526 0.948388 -0.334166
v -0.276419 0.925217 -0.332904
v -0.237348 0.955752 -0.269711
v -0.304963 0.996969 -0.139444
v -0.272257 0.983092 -0.207244
v -0.346565 0.967221 -0.207963
v 0.522312 0.887045 -0.067837
v 0.458105 0.918469 -0.067700
v 0.410334 0.925690 -0.202830
v 0.433132 0.919666 -0.135108
v 0.464250 0.873364 -0.197712
v 0.393206 0.949655 -0.067974
v 0.325193 0.971333 -0.067797
v 0.275340 0.854647 -0.445510
v 0.308648 0.872521 -0.387147
v 0.346221 0.836596 -0.447223
v 0.232637 0.936784 -0.264358
v 0.269214 0.901102 -0.324227
v 0.200662 0.921459 -0.324677
v 0.411860 0.868893 -0.327636
v 0.343157 0.893112 -0.328644
v 0.378778 0.916568 -0.269973
v 0.111732 1.003746 -0.067523
v 0.042341 1.023314 -0.068508
v 0.252878 0.988344 -0.068061
v 0.181846 0.993778 -0.067439
v 0.124573 0.986979 -0.201564
v 0.153343 0.991024 -0.134834
v 0.195296 0.978808 -0.201973
v 0.340874 0.951338 -0.204548
v 0.263989 0.953237 -0.200950
v 0.297813 0.973593 -0.136174
v -0.039602 0.557439 -0.798276
v 0.000000 0.594314 -0.756688
v 0.039270 0.552761 -0.791577
v -0.079166 0.688390 -0.696592
v -0.039167 0.636897 -0.722188
v -0.119904 0.649566 -0.737106
v 0.118050 0.639522 -0.725709
v 0.039178 0.637073 -0.722388
v 0.077942 0.677748 -0.685823
v -0.240560 0.852356 -0.526785
v -0.200988 0.816590 -0.575138
v -0.284725 0.817344 -0.577071
v -0.040251 0.809007 -0.568474
v -0.118238 0.806439 -0.567111
v -0.077743 0.840288 -0.519327
v -0.200710 0.732993 -0.660542
v -0.161019 0.778638 -0.620876
v -0.121400 0.740151 -0.663976
v 0.275715 0.791479 -0.558810
v 0.194988 0.792213 -0.557969
v 0.231259 0.819402 -0.506419
v 0.118949 0.725206 -0.650569
v 0.158844 0.768123 -0.612492
v 0.195123 0.712589 -0.642155
v 0.079190 0.855933 -0.528996
v 0.118175 0.806009 -0.566808
v 0.039945 0.802841 -0.564141
v -0.039566 0.723193 -0.649275
v 0.000000 0.766101 -0.609028
v 0.039593 0.723686 -0.649717
v 0.000000 1.006784 -0.135644
v 0.083997 0.990075 -0.273650
v 0.042124 0.999565 -0.204608
v -0.042254 1.002651 -0.205239
v -0.085230 1.004611 -0.277668
v 0.198219 0.868499 -0.454244
v 0.042308 0.906382 -0.475558
v 0.122227 0.897490 -0.470392
v 0.162834 0.915108 -0.398609
v 0.124533 0.948323 -0.337030
v -0.204071 0.894141 -0.467655
v -0.126566 0.963809 -0.342534
v -0.163637 0.919622 -0.400575
v -0.120629 0.885759 -0.464244
v -0.041693 0.893203 -0.468643
v 0.043029 0.980994 -0.348113
v 0.000000 0.950522 -0.416038
v -0.043268 0.986432 -0.350043
v -0.554191 0.830605 -0.106944
v -0.578578 0.828548 -0.041104
v -0.505904 0.833150 -0.238026
v -0.531721 0.834873 -0.173375
v -0.661993 0.751208 -0.122198
v -0.593632 0.788493 -0.147101
v -0.634969 0.750246 -0.187547
v -0.397842 0.817029 -0.504951
v -0.427821 0.826634 -0.439697
v -0.565310 0.753627 -0.395074
v -0.496782 0.789324 -0.417137
v -0.526819 0.731297 -0.451966
v -0.460638 0.841178 -0.377214
v -0.481706 0.834671 -0.307297
v -0.809874 0.571797 -0.282123
v -0.766822 0.632144 -0.318516
v -0.782681 0.568637 -0.351437
v -0.679788 0.711803 -0.231443
v -0.722198 0.672412 -0.273812
v -0.738943 0.665904 -0.202339
v -0.667896 0.665214 -0.411125
v -0.709019 0.682476 -0.349533
v -0.636369 0.716380 -0.371626
v -0.548782 0.795436 -0.282208
v -0.591943 0.755875 -0.326695
v -0.612483 0.751345 -0.255830
v -0.065599 0.505074 -0.857770
v -0.107060 0.554793 -0.831507
v -0.240378 0.510904 -0.841383
v -0.174567 0.535376 -0.840612
v -0.200701 0.471270 -0.886570
v -0.149097 0.601688 -0.799192
v -0.186555 0.631609 -0.746277
v -0.502385 0.395820 -0.812877
v -0.444110 0.432115 -0.834930
v -0.457306 0.354027 -0.855458
v -0.391661 0.560427 -0.747118
v -0.421080 0.501478 -0.796786
v -0.448547 0.522834 -0.725765
v -0.336115 0.422518 -0.891379
v -0.380679 0.464868 -0.848904
v -0.313818 0.491928 -0.852383
v -0.320171 0.770808 -0.635430
v -0.358514 0.798443 -0.580089
v -0.230479 0.676959 -0.708840
v -0.274636 0.724372 -0.674436
v -0.401690 0.652569 -0.649948
v -0.339478 0.688622 -0.662843
v -0.359855 0.616212 -0.693690
v -0.284605 0.553443 -0.802192
v -0.327322 0.593079 -0.757325
v -0.257366 0.616161 -0.755857
v -0.884486 0.067642 -0.520805
v -0.831583 0.107070 -0.554844
v -0.847650 0.042051 -0.591917
v -0.821679 0.234749 -0.498939
v -0.834540 0.173306 -0.531509
v -0.884685 0.200274 -0.470267
v -0.741228 0.120575 -0.653199
v -0.781442 0.145785 -0.588325
v -0.726985 0.181732 -0.615282
v -0.795681 0.491758 -0.387447
v -0.806516 0.428997 -0.417409
v -0.842166 0.450201 -0.348526
v -0.703044 0.368556 -0.527367
v -0.759083 0.401156 -0.477749
v -0.705691 0.436141 -0.508373
v -0.852766 0.321555 -0.404215
v -0.812075 0.364163 -0.444700
v -0.807552 0.297313 -0.466055
v -0.573064 0.282747 -0.811668
v -0.615990 0.310376 -0.747226
v -0.565009 0.349195 -0.777687
v -0.694151 0.225703 -0.662930
v -0.657238 0.267633 -0.705900
v -0.646561 0.196462 -0.717478
v -0.624266 0.385817 -0.626783
v -0.642622 0.329122 -0.667615
v -0.661882 0.343355 -0.587957
v -0.755158 0.267918 -0.520993
v -0.715262 0.309142 -0.560138
v -0.724843 0.246806 -0.590879
v -0.428759 0.760713 -0.555554
v -0.471082 0.619458 -0.628533
v -0.450852 0.689521 -0.593797
v -0.495741 0.719763 -0.529214
v -0.552241 0.669398 -0.496282
v -0.539329 0.416237 -0.738496
v -0.605576 0.453876 -0.596833
v -0.570474 0.433144 -0.662439
v -0.518202 0.485425 -0.704787
v -0.493007 0.548597 -0.664980
v -0.741735 0.541695 -0.418063
v -0.619767 0.628846 -0.471316
v -0.687915 0.592413 -0.449802
v -0.698207 0.513365 -0.480894
v -0.646261 0.479129 -0.533154
v -0.531321 0.571911 -0.596996
v -0.591438 0.526374 -0.566586
v -0.574163 0.599348 -0.533414
v -0.620204 0.789651 0.000000
v -0.714649 0.723164 -0.082186
v -0.659915 0.748289 -0.040583
v -0.651796 0.739082 0.040083
v -0.688146 0.696345 0.079138
v -0.848068 0.524135 -0.239350
v -0.830177 0.584708 -0.204332
v -0.828782 0.582369 -0.041235
v -0.830092 0.583744 -0.121706
v -0.860139 0.531595 -0.079580
v -0.791306 0.630977 -0.163638
v -0.746152 0.669360 -0.122384
v -0.762705 0.537186 0.187725
v -0.794675 0.491136 0.224281
v -0.723631 0.649157 0.118690
v -0.748339 0.596716 0.154753
v -0.817881 0.505478 0.075670
v -0.776295 0.545912 0.113818
v -0.807813 0.567635 0.040192
v -0.754254 0.677161 -0.041266
v -0.787331 0.625905 0.000000
v -0.737434 0.662060 0.040345
v -0.913695 0.000000 -0.480775
v -0.919872 0.067803 -0.458804
v -0.969791 0.067689 -0.324676
v -0.956445 0.068460 -0.396017
v -0.952057 0.000000 -0.343201
v -0.938808 0.137920 -0.442148
v -0.929445 0.203653 -0.411998
v -1.005539 0.067318 -0.041605
v -0.995820 0.066990 -0.110849
v -0.986600 0.000000 -0.068379
v -0.995222 0.205360 -0.198571
v -1.004493 0.136667 -0.155428
v -0.990392 0.202261 -0.125004
v -0.977375 0.000000 -0.205859
v -1.002675 0.068042 -0.183474
v -0.992991 0.068381 -0.254067
v -0.886299 0.393260 -0.313522
v -0.869577 0.453293 -0.280150
v -0.909347 0.267846 -0.375794
v -0.885755 0.325937 -0.340330
v -0.953501 0.335967 -0.207639
v -0.927417 0.333696 -0.277076
v -0.968632 0.273346 -0.240547
v -0.984736 0.137733 -0.301221
v -0.985496 0.207751 -0.272922
v -0.958138 0.206010 -0.343311
v -0.922037 0.067963 0.459885
v -0.918758 0.000000 0.483439
v -0.934198 0.204694 0.414105
v -0.931016 0.136775 0.438478
v -0.960399 0.000000 0.346209
v -0.944794 0.067626 0.391193
v -0.973731 0.067964 0.325996
v -0.830746 0.433051 0.267640
v -0.855401 0.379550 0.302592
v -0.953388 0.269044 0.236761
v -0.914486 0.329043 0.273213
v -0.920463 0.324326 0.200445
v -0.893515 0.328793 0.343312
v -0.915109 0.269543 0.378175
v -0.968592 0.000000 0.067131
v -0.973518 0.065490 0.108367
v -0.984279 0.065895 0.040725
v -0.982972 0.067691 0.251504
v -0.987079 0.066984 0.180620
v -0.986888 0.000000 0.207863
v -0.970812 0.198262 0.122533
v -0.973141 0.132401 0.150576
v -0.981103 0.202447 0.195754
v -0.958110 0.206004 0.343301
v -0.972493 0.205010 0.269322
v -0.987378 0.138102 0.302029
v -0.883260 0.461963 -0.201588
v -0.947661 0.336795 -0.124446
v -0.921447 0.401370 -0.163962
v -0.890066 0.466501 -0.121216
v -0.873116 0.458104 -0.040756
v -1.000927 0.134855 0.000000
v -0.952854 0.263362 0.080839
v -0.975954 0.199774 0.041129
v -0.981576 0.200925 -0.041366
v -0.965495 0.266856 -0.081912
v -0.839361 0.439003 0.191569
v -0.854640 0.448410 0.039893
v -0.843208 0.441942 0.114834
v -0.884015 0.385065 0.157301
v -0.936075 0.332678 0.122924
v -0.931619 0.330592 -0.040863
v -0.930070 0.330042 0.040795
v -0.905173 0.396189 0.000000
v 0.565856 0.848088 0.109195
v 0.596557 0.854295 0.042381
v 0.521065 0.858117 0.245159
v 0.545322 0.856228 0.177810
v 0.675177 0.766169 0.124632
v 0.609145 0.809097 0.150944
v 0.654939 0.773842 0.193445
v 0.397767 0.816876 0.504857
v 0.433915 0.838409 0.445961
v 0.583665 0.778097 0.407901
v 0.510760 0.811534 0.428875
v 0.554002 0.769030 0.475287
v 0.465957 0.850893 0.381570
v 0.494454 0.856759 0.315429
v 0.832340 0.587659 0.289949
v 0.780895 0.643745 0.324361
v 0.816704 0.593355 0.366714
v 0.690695 0.723224 0.235156
v 0.730241 0.679901 0.276861
v 0.737330 0.664451 0.201897
v 0.684797 0.682047 0.421528
v 0.713966 0.687238 0.351972
v 0.649789 0.731488 0.379464
v 0.564036 0.817546 0.290052
v 0.605072 0.772640 0.333941
v 0.630355 0.773270 0.263295
v 0.066439 0.511549 0.868765
v 0.107099 0.554994 0.831808
v 0.229506 0.487796 0.803328
v 0.167658 0.514187 0.807342
v 0.192053 0.450963 0.848369
v 0.147140 0.593790 0.788702
v 0.185278 0.627287 0.741169
v 0.458779 0.361463 0.742320
v 0.397887 0.387140 0.748030
v 0.416928 0.322768 0.779925
v 0.375037 0.536640 0.715407
v 0.389315 0.463647 0.736677
v 0.439303 0.512059 0.710808
v 0.307627 0.386707 0.815829
v 0.346631 0.423291 0.772978
v 0.290437 0.455277 0.788876
v 0.298261 0.718058 0.591944
v 0.341505 0.760561 0.552566
v 0.224644 0.659819 0.690894
v 0.264246 0.696967 0.648921
v 0.395086 0.641840 0.639262
v 0.328270 0.665887 0.640959
v 0.357937 0.612927 0.689992
v 0.265977 0.517219 0.749687
v 0.312671 0.566532 0.723428
v 0.247790 0.593235 0.727734
v 0.881884 0.067443 0.519273
v 0.840457 0.108213 0.560764
v 0.833751 0.041362 0.582211
v 0.850955 0.243113 0.516716
v 0.840614 0.174567 0.535378
v 0.882815 0.199851 0.469273
v 0.750375 0.122063 0.661259
v 0.803642 0.149927 0.605038
v 0.763781 0.190930 0.646424
v 0.840913 0.519713 0.409472
v 0.850676 0.452486 0.440264
v 0.864202 0.461981 0.357645
v 0.757675 0.397196 0.568347
v 0.804818 0.425325 0.506533
v 0.742666 0.458993 0.535010
v 0.879319 0.331567 0.416801
v 0.855432 0.383606 0.468443
v 0.856241 0.315238 0.494154
v 0.531621 0.262300 0.752970
v 0.593701 0.299146 0.720188
v 0.528231 0.326465 0.727066
v 0.710133 0.230900 0.678194
v 0.658749 0.268248 0.707523
v 0.653254 0.198495 0.724905
v 0.643086 0.397449 0.645679
v 0.649920 0.332859 0.675196
v 0.708752 0.367669 0.629592
v 0.814399 0.288936 0.561865
v 0.769789 0.332709 0.602840
v 0.775968 0.264214 0.632555
v 0.421533 0.747893 0.546191
v 0.477603 0.628033 0.637233
v 0.448148 0.685386 0.590235
v 0.504600 0.732625 0.538671
v 0.579949 0.702983 0.521182
v 0.520367 0.401603 0.712532
v 0.632303 0.473907 0.623174
v 0.576787 0.437937 0.669770
v 0.513625 0.481138 0.698561
v 0.500973 0.557461 0.675725
v 0.791268 0.577869 0.445980
v 0.651797 0.661345 0.495674
v 0.721382 0.621234 0.471685
v 0.746405 0.548802 0.514090
v 0.688549 0.510481 0.568041
v 0.559849 0.602618 0.629050
v 0.625270 0.556484 0.598996
v 0.608246 0.634925 0.565078
v -0.067469 0.456547 0.915345
v 0.000000 0.466485 0.886538
v -0.199844 0.404293 0.912062
v -0.134602 0.431511 0.916223
v 0.000000 0.335036 0.929406
v -0.066788 0.386347 0.933089
v -0.066318 0.318100 0.950148
v -0.434005 0.268230 0.832576
v -0.376229 0.299945 0.847916
v -0.268418 0.236210 0.951171
v -0.322323 0.267633 0.895811
v -0.325783 0.201345 0.924598
v -0.320601 0.334758 0.871252
v -0.263416 0.369579 0.894308
v 0.000000 0.067613 0.975557
v -0.066399 0.109872 0.987037
v -0.065971 0.040773 0.985418
v -0.067313 0.250098 0.977479
v -0.067067 0.180842 0.988294
v 0.000000 0.204840 0.972537
v -0.201192 0.124343 0.985156
v -0.134811 0.153316 0.990850
v -0.201484 0.194823 0.976438
v -0.202634 0.337684 0.942435
v -0.201568 0.264800 0.956166
v -0.134919 0.295068 0.964619
v -0.823645 -0.040861 0.575154
v -0.775203 0.000000 0.608856
v -0.694055 -0.078878 0.685883
v -0.729141 -0.039544 0.643029
v -0.745299 -0.121237 0.656786
v -0.732138 0.039707 0.645671
v -0.695634 0.079057 0.687443
v -0.504065 -0.230185 0.815594
v -0.547947 -0.191485 0.777983
v -0.553643 -0.273165 0.784160
v -0.546004 -0.038660 0.777029
v -0.543086 -0.113229 0.772276
v -0.495053 -0.074109 0.801013
v -0.640747 -0.194695 0.711026
v -0.591509 -0.153403 0.741809
v -0.636975 -0.116463 0.710052
v -0.555918 0.194271 0.789301
v -0.501341 0.228941 0.811187
v -0.644954 0.117922 0.718946
v -0.602327 0.156208 0.755375
v -0.505090 0.075612 0.817253
v -0.559049 0.116557 0.794976
v -0.548196 0.038816 0.780149
v -0.647195 -0.039440 0.720876
v -0.598963 0.000000 0.753441
v -0.644712 0.039288 0.718111
v 0.000000 -0.459351 0.872980
v -0.065718 -0.444697 0.891588
v -0.066895 -0.515056 0.874721
v -0.065440 -0.313890 0.937573
v -0.065780 -0.380518 0.919013
v 0.000000 -0.336529 0.933548
v -0.203482 -0.477800 0.898856
v -0.133889 -0.429225 0.911368
v -0.199818 -0.404241 0.911945
v -0.065250 -0.040327 0.974647
v -0.064875 -0.107350 0.964384
v 0.000000 -0.066726 0.962753
v -0.196458 -0.189963 0.952082
v -0.131112 -0.149111 0.963668
v -0.194942 -0.120481 0.954553
v 0.000000 -0.199094 0.945255
v -0.065133 -0.175628 0.959797
v -0.065059 -0.241725 0.944753
v -0.448492 -0.347203 0.838970
v -0.395629 -0.315411 0.891637
v -0.443342 -0.274001 0.850489
v -0.270544 -0.379579 0.918507
v -0.334474 -0.349244 0.908954
v -0.335608 -0.421881 0.890035
v -0.325831 -0.201375 0.924733
v -0.330294 -0.274252 0.917964
v -0.266997 -0.234959 0.946133
v -0.131208 -0.286951 0.938085
v -0.198142 -0.260300 0.939918
v -0.199226 -0.332005 0.926585
v -0.446896 0.195013 0.854451
v -0.451898 0.040204 0.861288
v -0.450325 0.117012 0.859202
v -0.395447 0.161542 0.907848
v -0.328857 0.121513 0.925326
v -0.448680 -0.195791 0.857861
v -0.329459 -0.121735 0.927019
v -0.392509 -0.160342 0.901104
v -0.443527 -0.115246 0.846232
v -0.446097 -0.039687 0.850231
v -0.132570 0.000000 0.983966
v -0.263866 0.080994 0.954677
v -0.201025 0.041386 0.982060
v -0.200123 -0.041201 0.977658
v -0.264251 -0.081112 0.956070
v -0.385706 0.000000 0.881224
v -0.324036 -0.040053 0.913144
v -0.320538 0.039621 0.903287
v -0.938915 -0.069207 0.468302
v -0.891713 -0.068194 0.525061
v -0.967235 -0.067511 0.323821
v -0.956728 -0.068480 0.396134
v -0.910134 -0.206035 0.483795
v -0.941674 -0.138341 0.443497
v -0.929973 -0.203768 0.412232
v -0.968408 -0.064833 0.040069
v -0.976180 -0.065669 0.108663
v -0.939936 -0.193952 0.187540
v -0.960543 -0.130687 0.148627
v -0.932825 -0.190505 0.117738
v -0.976236 -0.066248 0.178636
v -0.977165 -0.067291 0.250018
v -0.846211 -0.452363 0.350200
v -0.881329 -0.391055 0.311764
v -0.854417 -0.445390 0.275266
v -0.930599 -0.274106 0.384576
v -0.920391 -0.338683 0.353638
v -0.901818 -0.340051 0.427466
v -0.926437 -0.326431 0.201746
v -0.922651 -0.331981 0.275652
v -0.941464 -0.265679 0.233800
v -0.963161 -0.134715 0.294621
v -0.945158 -0.199247 0.261751
v -0.946450 -0.203497 0.339123
v -0.910776 -0.069652 -0.536286
v -0.926530 -0.068294 -0.462125
v -0.908863 -0.199143 -0.402874
v -0.911873 -0.133963 -0.429462
v -0.890999 -0.201704 -0.473624
v -0.933204 -0.066796 -0.386394
v -0.939670 -0.065587 -0.314592
v -0.858117 -0.447319 -0.276458
v -0.875995 -0.388688 -0.309877
v -0.849392 -0.454064 -0.351516
v -0.918649 -0.259241 -0.228134
v -0.894444 -0.321831 -0.267225
v -0.905334 -0.318995 -0.197150
v -0.899553 -0.339197 -0.426392
v -0.893543 -0.328803 -0.343322
v -0.907692 -0.267359 -0.375110
v -0.963452 -0.064813 -0.107246
v -0.976476 -0.065373 -0.040403
v -0.937665 -0.064571 -0.239911
v -0.961514 -0.065249 -0.175942
v -0.942440 -0.192468 -0.118952
v -0.953302 -0.129702 -0.147507
v -0.936148 -0.193170 -0.186784
v -0.918120 -0.197406 -0.328972
v -0.917284 -0.193371 -0.254032
v -0.918135 -0.128418 -0.280849
v -0.602871 -0.863337 0.042830
v -0.643061 -0.818753 0.000000
v -0.598717 -0.857388 -0.042534
v -0.731259 -0.739971 0.084096
v -0.689442 -0.781770 0.042398
v -0.681711 -0.773583 0.125838
v -0.674025 -0.764862 -0.124419
v -0.685368 -0.777150 -0.042148
v -0.720879 -0.729467 -0.082903
v -0.822088 -0.508079 0.232018
v -0.803652 -0.566026 0.197803
v -0.791384 -0.558743 0.275681
v -0.819739 -0.576015 0.040785
v -0.817686 -0.575019 0.119887
v -0.853724 -0.527631 0.078986
v -0.743822 -0.670301 0.203675
v -0.782221 -0.623733 0.161759
v -0.756066 -0.678254 0.124010
v -0.798964 -0.564094 -0.278322
v -0.807160 -0.568497 -0.198667
v -0.830811 -0.513470 -0.234480
v -0.757662 -0.679685 -0.124272
v -0.782887 -0.624264 -0.161897
v -0.745265 -0.671601 -0.204070
v -0.840019 -0.519161 -0.077718
v -0.813304 -0.571938 -0.119245
v -0.818204 -0.574937 -0.040709
v -0.764072 -0.685976 0.041803
v -0.791106 -0.628906 0.000000
v -0.760185 -0.682486 -0.041590
v -0.953409 -0.128453 0.000000
v -0.934193 -0.258204 -0.079256
v -0.932580 -0.190896 -0.039301
v -0.936060 -0.191608 0.039448
v -0.929065 -0.256787 0.078821
v -0.872167 -0.456162 -0.199056
v -0.876185 -0.459714 -0.040899
v -0.870667 -0.456334 -0.118574
v -0.892631 -0.388819 -0.158834
v -0.913333 -0.324595 -0.119938
v -0.875124 -0.457708 0.199731
v -0.918777 -0.326530 0.120653
v -0.905067 -0.394235 0.161047
v -0.884932 -0.463810 0.120516
v -0.884000 -0.463815 0.041264
v -0.907439 -0.322011 -0.039803
v -0.902695 -0.395104 0.000000
v -0.905543 -0.321339 0.039720
v -0.831859 0.000000 -0.653355
v -0.866519 -0.042987 -0.605093
v -0.717278 0.081517 -0.708833
v -0.776177 0.042095 -0.684510
v -0.775033 -0.126074 -0.682989
v -0.790808 -0.042889 -0.697413
v -0.741828 -0.084307 -0.733094
v -0.530438 0.242228 -0.858267
v -0.578504 0.202164 -0.821368
v -0.602699 0.042675 -0.857714
v -0.588593 0.122717 -0.836988
v -0.539738 0.080799 -0.873314
v -0.620520 0.160926 -0.778191
v -0.657672 0.120247 -0.733123
v -0.571116 -0.281786 -0.808908
v -0.581277 -0.203133 -0.825306
v -0.524998 -0.239744 -0.849464
v -0.683504 -0.124970 -0.761919
v -0.625797 -0.162295 -0.784810
v -0.663919 -0.201736 -0.736739
v -0.539507 -0.080764 -0.872940
v -0.592837 -0.123602 -0.843022
v -0.598939 -0.042409 -0.852362
v -0.686022 0.041806 -0.764123
v -0.646731 0.000000 -0.813528
v -0.699277 -0.042613 -0.778888
v 0.000000 0.467217 -0.887929
v -0.066023 0.446759 -0.895722
v -0.066751 0.320175 -0.956346
v -0.066610 0.385317 -0.930603
v 0.000000 0.347107 -0.962892
v -0.133555 0.428153 -0.909094
v -0.203977 0.412654 -0.930925
v -0.069512 0.042960 -1.038297
v -0.069347 0.114750 -1.030861
v 0.000000 0.072466 -1.045577
v -0.204260 0.197506 -0.989889
v -0.137821 0.156740 -1.012975
v -0.206393 0.127558 -1.010625
v 0.000000 0.215296 -1.022180
v -0.069406 0.187149 -1.022763
v -0.068973 0.256267 -1.001590
v -0.396520 0.316121 -0.893647
v -0.462740 0.285989 -0.887700
v -0.271437 0.380832 -0.921539
v -0.332179 0.346847 -0.902717
v -0.336999 0.208277 -0.956430
v -0.336903 0.279739 -0.936331
v -0.273794 0.240941 -0.970219
v -0.135408 0.296136 -0.968113
v -0.203779 0.267705 -0.966655
v -0.202033 0.336683 -0.939640
v -0.066034 -0.508426 -0.863462
v -0.065209 -0.441252 -0.884680
v 0.000000 -0.468323 -0.890030
v -0.189439 -0.383244 -0.864576
v -0.129027 -0.413637 -0.878272
v -0.190167 -0.446534 -0.840036
v 0.000000 -0.329226 -0.913289
v -0.064066 -0.370600 -0.895058
v -0.063826 -0.306146 -0.914442
v -0.449751 -0.277961 -0.862782
v -0.385933 -0.307681 -0.869785
v -0.446795 -0.345889 -0.835795
v -0.259433 -0.228303 -0.919330
v -0.318494 -0.264454 -0.885169
v -0.324016 -0.200253 -0.919583
v -0.307141 -0.386096 -0.814540
v -0.314026 -0.327893 -0.853386
v -0.251479 -0.352830 -0.853780
v 0.000000 -0.070711 -1.020248
v -0.067970 -0.112471 -1.010383
v -0.068051 -0.042058 -1.016486
v -0.065444 -0.243153 -0.950336
v -0.066362 -0.178943 -0.977918
v 0.000000 -0.205131 -0.973915
v -0.197490 -0.122056 -0.967032
v -0.132351 -0.150520 -0.972774
v -0.192818 -0.186443 -0.934441
v -0.190568 -0.317577 -0.886319
v -0.190869 -0.250745 -0.905417
v -0.128516 -0.281064 -0.918840
v -0.474237 0.206944 -0.906727
v -0.343192 0.126809 -0.965660
v -0.408737 0.166971 -0.938359
v -0.472256 0.122711 -0.901047
v -0.472255 0.042015 -0.900086
v -0.136862 0.000000 -1.015828
v -0.263548 -0.080896 -0.953525
v -0.202552 -0.041701 -0.989523
v -0.207346 0.042688 -1.012942
v -0.273948 0.084089 -0.991155
v -0.461380 -0.201333 -0.882143
v -0.468272 -0.041660 -0.892496
v -0.465315 -0.120908 -0.887804
v -0.395989 -0.161763 -0.909093
v -0.334594 -0.123632 -0.941467
v -0.339356 0.041947 -0.956317
v -0.333903 -0.041273 -0.940951
v -0.398633 0.000000 -0.910757
v 0.104695 0.542537 -0.813139
v 0.065357 0.503213 -0.854609
v 0.186208 0.630434 -0.744888
v 0.145388 0.586721 -0.779313
v 0.197299 0.463282 -0.871543
v 0.171499 0.525967 -0.825838
v 0.238663 0.507258 -0.835379
v 0.350484 0.780559 -0.567095
v 0.306781 0.738571 -0.608855
v 0.361628 0.619247 -0.697106
v 0.336172 0.681916 -0.656387
v 0.410492 0.666868 -0.664190
v 0.263546 0.695122 -0.647203
v 0.225881 0.663451 -0.694696
v 0.433657 0.335718 -0.811219
v 0.424545 0.413078 -0.798148
v 0.482402 0.380075 -0.780543
v 0.304724 0.477673 -0.827682
v 0.367321 0.448556 -0.819117
v 0.324304 0.407671 -0.860057
v 0.450511 0.525123 -0.728942
v 0.414396 0.493517 -0.784137
v 0.393215 0.562651 -0.750082
v 0.251769 0.602761 -0.739419
v 0.322783 0.584855 -0.746824
v 0.282640 0.549622 -0.796653
v 0.593413 0.849792 -0.042158
v 0.559717 0.838887 -0.108010
v 0.621865 0.734763 -0.183677
v 0.595774 0.791338 -0.147631
v 0.647291 0.734524 -0.119484
v 0.528815 0.830309 -0.172427
v 0.503099 0.828530 -0.236706
v 0.732399 0.532106 -0.328860
v 0.713442 0.588140 -0.296343
v 0.751826 0.530813 -0.261901
v 0.618107 0.695823 -0.360962
v 0.667292 0.642311 -0.328963
v 0.647935 0.645333 -0.398838
v 0.703960 0.634379 -0.192760
v 0.684706 0.637504 -0.259597
v 0.650160 0.680780 -0.221356
v 0.422504 0.816361 -0.434233
v 0.394454 0.810072 -0.500652
v 0.474146 0.821571 -0.302474
v 0.449787 0.821363 -0.368328
v 0.529434 0.734926 -0.454209
v 0.495154 0.786737 -0.415770
v 0.552422 0.736446 -0.386066
v 0.600740 0.736940 -0.250925
v 0.578487 0.738693 -0.319269
v 0.543849 0.788285 -0.279671
v 0.845099 0.041925 -0.590136
v 0.863674 0.111202 -0.576255
v 0.877780 0.067129 -0.516857
v 0.769061 0.192250 -0.650893
v 0.820328 0.153040 -0.617600
v 0.777489 0.126473 -0.685153
v 0.868853 0.196690 -0.461852
v 0.859592 0.178508 -0.547464
v 0.845203 0.241470 -0.513223
v 0.546759 0.337916 -0.752568
v 0.601041 0.302844 -0.729092
v 0.548798 0.270775 -0.777298
v 0.694165 0.360102 -0.616635
v 0.655188 0.335557 -0.680670
v 0.644464 0.398300 -0.647062
v 0.668240 0.203049 -0.741534
v 0.657921 0.267911 -0.706633
v 0.709814 0.230796 -0.677889
v 0.770158 0.411707 -0.318726
v 0.760965 0.404767 -0.393834
v 0.745739 0.460892 -0.363128
v 0.821825 0.302568 -0.474292
v 0.790350 0.354421 -0.432803
v 0.833973 0.314469 -0.395307
v 0.711462 0.439707 -0.512530
v 0.755485 0.399254 -0.475484
v 0.737606 0.386675 -0.553292
v 0.763123 0.259840 -0.622084
v 0.755144 0.326379 -0.591370
v 0.804819 0.285537 -0.555255
v 0.426496 0.756697 -0.552622
v 0.569320 0.690100 -0.511631
v 0.503207 0.730604 -0.537185
v 0.460167 0.703768 -0.606065
v 0.487597 0.641176 -0.650568
v 0.712434 0.520296 -0.401548
v 0.669270 0.496187 -0.552136
v 0.694013 0.510281 -0.478005
v 0.667732 0.575032 -0.436605
v 0.628870 0.638082 -0.478239
v 0.540592 0.417212 -0.740225
v 0.510385 0.567934 -0.688419
v 0.523040 0.489957 -0.711365
v 0.587198 0.445842 -0.681860
v 0.631088 0.472997 -0.621977
v 0.601492 0.627875 -0.558803
v 0.615392 0.547694 -0.589534
v 0.561638 0.604544 -0.631061
v 0.566465 -0.811202 0.040243
v 0.555324 -0.832302 0.107163
v 0.512802 -0.870893 0.066602
v 0.639942 -0.756122 0.189016
v 0.607926 -0.807478 0.150643
v 0.659271 -0.748119 0.121696
v 0.475884 -0.895251 0.202666
v 0.543100 -0.852739 0.177085
v 0.527784 -0.869182 0.248320
v 0.787981 -0.572487 0.353817
v 0.752939 -0.620700 0.312749
v 0.802645 -0.566693 0.279604
v 0.641802 -0.722497 0.374799
v 0.699054 -0.672885 0.344621
v 0.670786 -0.668092 0.412904
v 0.724210 -0.652628 0.198305
v 0.719083 -0.669512 0.272631
v 0.677392 -0.709294 0.230627
v 0.333786 -0.806550 0.431161
v 0.420269 -0.812042 0.431936
v 0.379684 -0.779740 0.481906
v 0.499224 -0.865026 0.318473
v 0.460337 -0.840630 0.376968
v 0.420083 -0.886242 0.334178
v 0.543737 -0.754781 0.466480
v 0.499075 -0.792967 0.419062
v 0.573417 -0.764435 0.400739
v 0.626315 -0.768313 0.261607
v 0.607630 -0.775907 0.335353
v 0.571089 -0.827769 0.293679
v 0.840192 -0.041681 0.586709
v 0.854666 -0.110042 0.570245
v 0.893928 -0.068364 0.526365
v 0.774483 -0.193606 0.655482
v 0.811317 -0.151359 0.610816
v 0.766292 -0.124652 0.675286
v 0.904749 -0.204816 0.480933
v 0.862896 -0.179194 0.549569
v 0.864995 -0.247124 0.525241
v 0.567063 -0.350464 0.780515
v 0.625638 -0.315237 0.758929
v 0.566288 -0.279404 0.802070
v 0.720610 -0.373820 0.640125
v 0.679491 -0.348004 0.705918
v 0.669997 -0.414081 0.672698
v 0.678953 -0.206304 0.753422
v 0.683820 -0.278457 0.734451
v 0.738832 -0.240231 0.705601
v 0.851446 -0.455162 0.352367
v 0.835975 -0.444666 0.432655
v 0.818492 -0.505856 0.398554
v 0.850847 -0.313253 0.491042
v 0.834612 -0.374269 0.457042
v 0.870508 -0.328245 0.412625
v 0.741028 -0.457981 0.533830
v 0.783875 -0.414257 0.493352
v 0.749580 -0.392952 0.562274
v 0.776580 -0.264422 0.633054
v 0.770504 -0.333018 0.603399
v 0.810276 -0.287473 0.559020
v 0.039982 -0.562786 0.805934
v 0.102007 -0.528606 0.792259
v 0.064632 -0.497635 0.845136
v 0.178253 -0.603504 0.713068
v 0.138996 -0.560927 0.745051
v 0.116710 -0.632261 0.717468
v 0.189685 -0.445403 0.837910
v 0.164262 -0.503774 0.790991
v 0.226976 -0.482419 0.794473
v 0.334702 -0.745412 0.541560
v 0.294193 -0.708265 0.583871
v 0.261641 -0.751079 0.530286
v 0.358828 -0.614452 0.691709
v 0.327037 -0.663387 0.638552
v 0.402919 -0.654566 0.651937
v 0.193530 -0.706774 0.636915
v 0.258792 -0.682583 0.635528
v 0.221984 -0.652006 0.682712
v 0.446424 -0.345603 0.835102
v 0.428576 -0.416999 0.805725
v 0.498116 -0.392456 0.805968
v 0.296247 -0.464385 0.804658
v 0.360390 -0.440093 0.803662
v 0.316460 -0.397810 0.839254
v 0.459340 -0.535414 0.743227
v 0.406143 -0.483688 0.768521
v 0.383918 -0.549348 0.732348
v 0.243557 -0.583099 0.715299
v 0.314953 -0.570668 0.728708
v 0.272088 -0.529103 0.766912
v 0.766660 -0.559897 0.432111
v 0.690888 -0.512215 0.569971
v 0.731403 -0.537772 0.503757
v 0.702315 -0.604814 0.459217
v 0.643096 -0.652516 0.489058
v 0.556985 -0.429863 0.762672
v 0.512443 -0.570224 0.691195
v 0.541548 -0.507295 0.736539
v 0.600111 -0.455647 0.696854
v 0.646695 -0.484694 0.637358
v 0.412866 -0.732515 0.534961
v 0.574604 -0.696505 0.516379
v 0.500186 -0.726217 0.533959
v 0.451429 -0.690404 0.594557
v 0.481246 -0.632824 0.642094
v 0.627478 -0.558450 0.601111
v 0.550246 -0.592281 0.618260
v 0.596751 -0.622926 0.554398
v 0.463912 -0.930112 0.068558
v 0.479290 -0.910873 0.000000
v 0.416588 -0.939799 0.205921
v 0.444163 -0.943087 0.138549
v 0.353309 -0.980097 0.000000
v 0.403421 -0.974326 0.069740
v 0.334493 -0.999113 0.069736
v 0.262221 -0.813926 0.424283
v 0.300641 -0.849886 0.377103
v 0.233671 -0.940944 0.265532
v 0.270401 -0.905075 0.325657
v 0.196518 -0.902433 0.317973
v 0.345672 -0.899659 0.331054
v 0.384046 -0.929316 0.273728
v 0.070469 -1.016762 0.000000
v 0.112104 -1.007088 0.067748
v 0.041336 -0.999043 0.066884
v 0.261860 -1.023447 0.070479
v 0.187866 -1.026680 0.069671
v 0.214443 -1.018130 0.000000
v 0.123652 -0.979679 0.200073
v 0.155534 -1.005183 0.136761
v 0.194227 -0.973455 0.200869
v 0.346388 -0.966727 0.207857
v 0.269139 -0.971834 0.204871
v 0.307131 -1.004057 0.140435
v -0.040882 -0.575459 0.824081
v 0.000000 -0.612612 0.779985
v -0.080826 -0.702826 0.711199
v -0.040460 -0.657928 0.746035
v -0.123208 -0.667460 0.757412
v 0.039964 -0.649859 0.736886
v 0.078391 -0.681648 0.689770
v -0.229337 -0.812591 0.502209
v -0.195633 -0.794835 0.559816
v -0.268291 -0.770167 0.543763
v -0.038954 -0.782936 0.550154
v -0.117148 -0.799003 0.561881
v -0.075020 -0.810858 0.501138
v -0.204214 -0.745792 0.672077
v -0.160135 -0.774365 0.617469
v -0.122002 -0.743823 0.667271
v 0.184721 -0.750501 0.528591
v 0.221516 -0.784881 0.485083
v 0.115463 -0.703955 0.631505
v 0.150722 -0.728847 0.581174
v 0.073103 -0.790134 0.488330
v 0.110395 -0.752945 0.529492
v 0.038360 -0.771000 0.541767
v -0.040311 -0.736804 0.661494
v 0.000000 -0.753037 0.598642
v 0.039400 -0.720162 0.646554
v -0.478617 -0.909594 0.000000
v -0.461146 -0.924566 0.068149
v -0.528577 -0.897685 0.068651
v -0.330457 -0.987059 0.068894
v -0.399707 -0.965358 0.069098
v -0.357272 -0.991090 0.000000
v -0.465671 -0.876037 0.198317
v -0.436128 -0.926026 0.136042
v -0.399967 -0.902304 0.197706
v -0.041147 -0.994460 0.066577
v -0.109439 -0.983149 0.066138
v -0.069905 -1.008626 0.000000
v -0.190181 -0.953172 0.196683
v -0.150468 -0.972437 0.132306
v -0.120909 -0.957949 0.195635
v -0.207584 -0.985563 0.000000
v -0.177478 -0.969908 0.065819
v -0.252791 -0.988005 0.068038
v -0.341117 -0.824263 0.440630
v -0.304391 -0.860487 0.381807
v -0.272938 -0.847189 0.441622
v -0.366602 -0.887105 0.261295
v -0.337247 -0.877730 0.322984
v -0.402116 -0.848338 0.319886
v -0.198458 -0.911342 0.321112
v -0.269014 -0.900433 0.323986
v -0.227833 -0.917438 0.258899
v -0.295794 -0.966995 0.135252
v -0.260970 -0.942338 0.198652
v -0.330982 -0.923729 0.198612
v 0.186121 -0.815492 0.426519
v 0.038785 -0.830894 0.435951
v 0.112247 -0.824212 0.431986
v 0.152805 -0.858748 0.374060
v 0.118440 -0.901924 0.320540
v -0.193118 -0.846148 0.442553
v -0.119374 -0.909037 0.323068
v -0.156504 -0.879533 0.383113
v -0.114851 -0.843328 0.442005
v -0.038770 -0.830579 0.435786
v 0.000000 -0.976723 0.131594
v 0.080938 -0.954022 0.263685
v 0.040690 -0.965547 0.197644
v -0.040950 -0.971700 0.198904
v -0.079086 -0.932185 0.257649
v 0.000000 -0.856875 0.375049
v -0.039304 -0.896058 0.317973
v 0.039471 -0.899885 0.319331
v 0.462369 -0.927019 -0.068330
v 0.514025 -0.872971 -0.066761
v 0.324511 -0.969299 -0.067655
v 0.393207 -0.949658 -0.067974
v 0.477664 -0.898599 -0.203424
v 0.439203 -0.932556 -0.137001
v 0.408454 -0.921450 -0.201901
v 0.042392 -1.024549 -0.068591
v 0.114054 -1.024611 -0.068927
v 0.195527 -0.979966 -0.202212
v 0.157178 -1.015808 -0.138206
v 0.125340 -0.993050 -0.202804
v 0.185930 -1.016098 -0.068953
v 0.258462 -1.010169 -0.069564
v 0.351818 -0.850121 -0.454453
v 0.312850 -0.884398 -0.392417
v 0.281563 -0.873962 -0.455579
v 0.376810 -0.911805 -0.268570
v 0.347856 -0.905342 -0.333145
v 0.411447 -0.868024 -0.327309
v 0.202946 -0.931949 -0.328373
v 0.276295 -0.924804 -0.332755
v 0.234779 -0.945406 -0.266792
v 0.297770 -0.973454 -0.136155
v 0.266076 -0.960773 -0.202539
v 0.339323 -0.947009 -0.203617
v -0.521952 -0.886433 -0.067791
v -0.460739 -0.923751 -0.068089
v -0.410606 -0.926305 -0.202964
v -0.437179 -0.928259 -0.136370
v -0.469876 -0.883949 -0.200108
v -0.399861 -0.965728 -0.069124
v -0.329618 -0.984550 -0.068719
v -0.272696 -0.846439 -0.441231
v -0.310728 -0.878401 -0.389756
v -0.343310 -0.829562 -0.443463
v -0.237797 -0.957558 -0.270221
v -0.273689 -0.916081 -0.329617
v -0.199463 -0.915957 -0.322738
v -0.404993 -0.854408 -0.322174
v -0.339990 -0.884871 -0.325612
v -0.371411 -0.898743 -0.264723
v -0.111520 -1.001843 -0.067395
v -0.042186 -1.019585 -0.068259
v -0.254006 -0.992753 -0.068365
v -0.182822 -0.999112 -0.067801
v -0.126557 -1.002691 -0.204773
v -0.154038 -0.995515 -0.135445
v -0.196693 -0.985811 -0.203418
v -0.341354 -0.952678 -0.204836
v -0.268903 -0.970984 -0.204691
v -0.299975 -0.980663 -0.137163
v 0.042255 -0.594786 -0.851758
v 0.000000 -0.638199 -0.812563
v -0.041258 -0.580746 -0.831652
v 0.085367 -0.742312 -0.751156
v 0.042968 -0.698706 -0.792274
v 0.127575 -0.691119 -0.784259
v -0.121168 -0.656412 -0.744875
v -0.041949 -0.682135 -0.773485
v -0.082258 -0.715276 -0.723798
v 0.242141 -0.857958 -0.530247
v 0.205508 -0.834954 -0.588073
v 0.286145 -0.821422 -0.579951
v 0.042016 -0.844473 -0.593395
v 0.124950 -0.852216 -0.599302
v 0.081706 -0.883126 -0.545802
v 0.208195 -0.760328 -0.685176
v 0.167402 -0.809506 -0.645490
v 0.127171 -0.775338 -0.695543
v -0.273874 -0.786196 -0.555080
v -0.201914 -0.820355 -0.577790
v -0.233828 -0.828504 -0.512044
v -0.122053 -0.744129 -0.667545
v -0.160173 -0.774550 -0.617616
v -0.196411 -0.717294 -0.646396
v -0.078837 -0.852111 -0.526634
v -0.121668 -0.829836 -0.583564
v -0.041240 -0.828866 -0.582428
v 0.042420 -0.775359 -0.696109
v 0.000000 -0.807588 -0.642009
v -0.041900 -0.765849 -0.687571
v 0.000000 -1.039592 -0.140064
v -0.081971 -0.966189 -0.267048
v -0.042743 -1.014254 -0.207615
v 0.042856 -1.016945 -0.208165
v 0.084155 -0.991939 -0.274165
v -0.196382 -0.860448 -0.450032
v -0.041237 -0.883433 -0.463517
v -0.119179 -0.875108 -0.458661
v -0.157927 -0.887534 -0.386598
v -0.121084 -0.922062 -0.327697
v 0.203171 -0.890195 -0.465591
v 0.123919 -0.943649 -0.335369
v 0.163348 -0.917998 -0.399868
v 0.122585 -0.900119 -0.471770
v 0.041758 -0.894582 -0.469367
v -0.041338 -0.942450 -0.334435
v 0.000000 -0.920277 -0.402800
v 0.041757 -0.951983 -0.337818
v 0.551608 -0.826733 -0.106445
v 0.574332 -0.822467 -0.040802
v 0.519565 -0.855646 -0.244453
v 0.532093 -0.835456 -0.173496
v 0.640362 -0.726662 -0.118205
v 0.581809 -0.772788 -0.144171
v 0.627161 -0.741021 -0.185241
v 0.396549 -0.814373 -0.503310
v 0.421713 -0.814833 -0.433420
v 0.568058 -0.757291 -0.396994
v 0.496856 -0.789442 -0.417199
v 0.533389 -0.740417 -0.457603
v 0.457082 -0.834686 -0.374302
v 0.489238 -0.847722 -0.312102
v 0.769098 -0.543008 -0.267918
v 0.719582 -0.593201 -0.298894
v 0.752473 -0.546690 -0.337873
v 0.667165 -0.698585 -0.227145
v 0.695721 -0.647760 -0.263773
v 0.710427 -0.640207 -0.194531
v 0.664068 -0.661401 -0.408768
v 0.687231 -0.661503 -0.338792
v 0.637490 -0.717642 -0.372281
v 0.560883 -0.812976 -0.288431
v 0.597367 -0.762802 -0.329689
v 0.615775 -0.755383 -0.257205
v 0.067353 -0.518583 -0.880711
v 0.111300 -0.576766 -0.864440
v 0.244431 -0.519517 -0.855567
v 0.178517 -0.547492 -0.859635
v 0.199918 -0.469431 -0.883112
v 0.155686 -0.628280 -0.834513
v 0.196250 -0.664436 -0.785063
v 0.490725 -0.386633 -0.794009
v 0.426053 -0.414545 -0.800983
v 0.441676 -0.341927 -0.826220
v 0.397387 -0.568620 -0.758040
v 0.416618 -0.496163 -0.788341
v 0.459572 -0.535685 -0.743603
v 0.321958 -0.404721 -0.853834
v 0.367055 -0.448232 -0.818524
v 0.307543 -0.482092 -0.835339
v 0.323998 -0.780020 -0.643024
v 0.362501 -0.807322 -0.586539
v 0.238169 -0.699544 -0.732490
v 0.281006 -0.741171 -0.690078
v 0.420772 -0.683569 -0.680824
v 0.355123 -0.720358 -0.693391
v 0.374531 -0.641343 -0.721981
v 0.290879 -0.565644 -0.819877
v 0.334944 -0.606890 -0.774961
v 0.267051 -0.639346 -0.784299
v 0.879474 -0.067259 -0.517855
v 0.851320 -0.109611 -0.568012
v 0.837725 -0.041559 -0.584987
v 0.842307 -0.240642 -0.511465
v 0.848114 -0.176125 -0.540154
v 0.867452 -0.196373 -0.461107
v 0.762682 -0.124065 -0.672104
v 0.804515 -0.150090 -0.605695
v 0.757451 -0.189348 -0.641067
v 0.791343 -0.489077 -0.385334
v 0.816337 -0.434220 -0.422492
v 0.806969 -0.431385 -0.333960
v 0.749264 -0.392786 -0.562037
v 0.791400 -0.418234 -0.498088
v 0.741207 -0.458091 -0.533959
v 0.868381 -0.327443 -0.411617
v 0.838038 -0.375806 -0.458918
v 0.839548 -0.309093 -0.484521
v 0.560558 -0.276577 -0.793955
v 0.605029 -0.304853 -0.733930
v 0.556558 -0.343972 -0.766055
v 0.713234 -0.231908 -0.681155
v 0.662348 -0.269714 -0.711389
v 0.661964 -0.201142 -0.734570
v 0.653208 -0.403704 -0.655841
v 0.652980 -0.334427 -0.678376
v 0.698351 -0.362273 -0.620353
v 0.800745 -0.284092 -0.552445
v 0.753585 -0.325705 -0.590150
v 0.754745 -0.256987 -0.615254
v 0.435074 -0.771918 -0.563737
v 0.497021 -0.653567 -0.663141
v 0.472002 -0.721868 -0.621652
v 0.504983 -0.733182 -0.539080
v 0.569061 -0.689785 -0.511397
v 0.540270 -0.416963 -0.739785
v 0.640722 -0.480218 -0.631472
v 0.593566 -0.450677 -0.689253
v 0.526464 -0.493165 -0.716023
v 0.513073 -0.570926 -0.692046
v 0.742066 -0.541936 -0.418249
v 0.629862 -0.639089 -0.478994
v 0.684151 -0.589172 -0.447341
v 0.701942 -0.516111 -0.483467
v 0.677624 -0.502381 -0.559028
v 0.563063 -0.606077 -0.632662
v 0.620575 -0.552307 -0.594499
v 0.596242 -0.622395 -0.553926
v 0.615659 -0.783864 0.000000
v 0.677911 -0.685988 -0.077961
v 0.648816 -0.735703 -0.039900
v 0.657638 -0.745707 0.040443
v 0.686697 -0.694879 0.078972
v 0.804501 -0.497209 -0.227054
v 0.784863 -0.552793 -0.193179
v 0.792155 -0.556632 -0.039413
v 0.792849 -0.557554 -0.116246
v 0.834013 -0.515448 -0.077162
v 0.752930 -0.600376 -0.155702
v 0.713998 -0.640515 -0.117110
v 0.794661 -0.559694 0.195590
v 0.826063 -0.510535 0.233139
v 0.719655 -0.645590 0.118038
v 0.756936 -0.603572 0.156531
v 0.843336 -0.521210 0.078025
v 0.801755 -0.563816 0.117551
v 0.807572 -0.567465 0.040180
v 0.704421 -0.632422 -0.038539
v 0.750835 -0.596892 0.000000
v 0.715408 -0.642286 0.039140
v 0.895352 0.000000 -0.471123
v 0.900021 -0.066340 -0.448903
v 0.945443 -0.065990 -0.316525
v 0.921189 -0.065936 -0.381419
v 0.940083 0.000000 -0.338885
v 0.892782 -0.131158 -0.420471
v 0.893285 -0.195730 -0.395970
v 1.004482 -0.067248 -0.041561
v 0.997563 -0.067107 -0.111043
v 0.998160 0.000000 -0.069180
v 0.969606 -0.200074 -0.193459
v 0.973909 -0.132506 -0.150695
v 0.972570 -0.198621 -0.122755
v 0.979098 0.000000 -0.206222
v 0.974446 -0.066127 -0.178308
v 0.966654 -0.066568 -0.247328
v 0.842386 -0.373775 -0.297988
v 0.824690 -0.429894 -0.265689
v 0.901262 -0.265465 -0.372452
v 0.875039 -0.321994 -0.336212
v 0.908327 -0.320050 -0.197802
v 0.881587 -0.317205 -0.263384
v 0.934189 -0.263626 -0.231993
v 0.951778 -0.133123 -0.291140
v 0.959226 -0.202213 -0.265647
v 0.929398 -0.199831 -0.333013
v 0.941091 -0.069367 0.469388
v 0.913957 0.000000 0.480913
v 0.921856 -0.201990 0.408634
v 0.942379 -0.138445 0.443829
v 0.967530 0.000000 0.348779
v 0.959447 -0.068675 0.397260
v 0.979666 -0.068378 0.327982
v 0.861796 -0.449237 0.277643
v 0.873512 -0.387586 0.308999
v 0.920501 -0.259763 0.228594
v 0.898468 -0.323279 0.268427
v 0.915406 -0.322544 0.199343
v 0.886026 -0.326037 0.340434
v 0.908328 -0.267546 0.375372
v 1.011240 0.000000 0.070086
v 0.989088 -0.066537 0.110100
v 1.002142 -0.067091 0.041465
v 0.999724 -0.068845 0.255790
v 0.995419 -0.067550 0.182146
v 1.005141 0.000000 0.211707
v 0.960204 -0.196096 0.121194
v 0.973224 -0.132412 0.150589
v 0.951724 -0.196384 0.189892
v 0.928109 -0.199554 0.332551
v 0.945054 -0.199225 0.261722
v 0.967083 -0.135264 0.295821
v 0.838199 -0.438396 -0.191304
v 0.915293 -0.325292 -0.120195
v 0.881134 -0.383811 -0.156788
v 0.865562 -0.453658 -0.117878
v 0.860192 -0.451323 -0.040152
v 1.005251 -0.135437 0.000000
v 0.945726 -0.261392 0.080234
v 0.971278 -0.198817 0.040932
v 0.989304 -0.202507 -0.041691
v 0.970794 -0.268321 -0.082361
v 0.878387 -0.459415 0.200476
v 0.879323 -0.461361 0.041045
v 0.880880 -0.461687 0.119965
v 0.906645 -0.394923 0.161328
v 0.927134 -0.329500 0.121750
v 0.929228 -0.329743 -0.040759
v 0.927099 -0.328988 0.040665
v 0.888776 -0.389012 0.000000
v 0.063736 -0.431285 0.864696
v 0.192841 -0.390127 0.880105
v 0.127380 -0.408359 0.867065
v 0.064255 -0.371696 0.897705
v 0.064627 -0.309989 0.925919
v 0.450052 -0.278147 0.863360
v 0.387063 -0.308581 0.872331
v 0.257337 -0.226458 0.911901
v 0.324906 -0.269778 0.902989
v 0.321916 -0.198955 0.913622
v 0.322581 -0.336825 0.876633
v 0.256579 -0.359986 0.871096
v 0.063068 -0.104360 0.937522
v 0.063602 -0.039308 0.950028
v 0.063834 -0.237172 0.926960
v 0.063505 -0.171238 0.935810
v 0.192266 -0.118827 0.941452
v 0.128502 -0.146142 0.944480
v 0.192123 -0.185772 0.931074
v 0.195267 -0.325407 0.908170
v 0.193301 -0.253941 0.916954
v 0.128934 -0.281977 0.921825
v 0.800161 0.000000 0.628458
v 0.716468 0.081425 0.708032
v 0.763282 0.041396 0.673137
v 0.762570 -0.041357 0.672509
v 0.713938 -0.081138 0.705532
v 0.474243 0.216566 0.767341
v 0.536340 0.187429 0.761503
v 0.558730 0.039562 0.795141
v 0.546163 0.113871 0.776651
v 0.503150 0.075321 0.814114
v 0.599811 0.155555 0.752220
v 0.650417 0.118921 0.725036
v 0.578953 -0.202321 0.822006
v 0.520215 -0.237560 0.841726
v 0.666971 -0.121947 0.743489
v 0.629655 -0.163295 0.789648
v 0.530678 -0.079442 0.858655
v 0.580548 -0.121040 0.825548
v 0.577024 -0.040857 0.821175
v 0.666439 0.040612 0.742311
v 0.616538 0.000000 0.775548
v 0.665858 -0.040577 0.741664
v 0.065570 0.443692 0.889571
v 0.064837 0.310997 0.928931
v 0.065204 0.377183 0.910958
v 0.130915 0.419692 0.891128
v 0.195266 0.395031 0.891168
v 0.064383 0.039791 0.961689
v 0.065153 0.107810 0.968518
v 0.195378 0.188918 0.946846
v 0.129856 0.147682 0.954432
v 0.194343 0.120110 0.951620
v 0.065490 0.176590 0.965057
v 0.066047 0.245393 0.959091
v 0.369994 0.294974 0.833863
v 0.422655 0.261215 0.810804
v 0.258881 0.363216 0.878912
v 0.316955 0.330951 0.861344
v 0.307090 0.189792 0.871546
v 0.312707 0.259649 0.869086
v 0.256307 0.225553 0.908254
v 0.131084 0.286680 0.937199
v 0.196032 0.257527 0.929906
v 0.197835 0.329687 0.920115
v 0.452751 -0.197568 0.865646
v 0.468864 -0.041713 0.893624
v 0.459847 -0.119487 0.877371
v 0.390122 -0.159367 0.895623
v 0.326692 -0.120713 0.919232
v 0.422505 0.184370 0.807817
v 0.318714 0.117765 0.896785
v 0.374082 0.152814 0.858799
v 0.440482 0.114455 0.840422
v 0.455274 0.040504 0.867721
v 0.129805 0.000000 0.963444
v 0.261501 -0.080268 0.946119
v 0.197621 -0.040685 0.965434
v 0.197345 0.040629 0.964083
v 0.258934 0.079480 0.936833
v 0.396467 0.000000 0.905809
v 0.324907 0.040161 0.915598
v 0.326589 -0.040369 0.920338
v -0.569847 -0.854070 0.109965
v -0.496882 -0.818292 0.233781
v -0.531200 -0.834054 0.173205
v -0.610374 -0.810729 0.151249
v -0.652179 -0.770581 0.192630
v -0.376274 -0.772737 0.477578
v -0.409849 -0.791908 0.421226
v -0.536895 -0.715747 0.375215
v -0.473872 -0.752923 0.397900
v -0.514626 -0.714371 0.441506
v -0.439969 -0.803436 0.360289
v -0.468147 -0.811177 0.298647
v -0.741732 -0.611461 0.308094
v -0.770445 -0.559747 0.345943
v -0.688239 -0.720652 0.234320
v -0.718338 -0.668819 0.272349
v -0.649440 -0.646832 0.399764
v -0.688751 -0.662967 0.339541
v -0.618023 -0.695728 0.360913
v -0.533605 -0.773437 0.274403
v -0.580078 -0.740724 0.320147
v -0.619015 -0.759358 0.258558
v -0.109661 -0.568272 0.851708
v -0.247805 -0.526689 0.867379
v -0.179591 -0.550785 0.864805
v -0.150926 -0.609070 0.808998
v -0.192617 -0.652134 0.770528
v -0.498135 -0.392471 0.805999
v -0.440978 -0.429066 0.829040
v -0.397688 -0.569051 0.758614
v -0.425194 -0.506377 0.804569
v -0.459904 -0.536071 0.744140
v -0.384450 -0.469474 0.857315
v -0.319321 -0.500553 0.867329
v -0.301812 -0.726607 0.598992
v -0.330547 -0.736157 0.534836
v -0.237217 -0.696747 0.729560
v -0.271343 -0.715686 0.666349
v -0.401852 -0.652833 0.650211
v -0.335159 -0.679861 0.654410
v -0.365080 -0.625158 0.703761
v -0.292915 -0.569602 0.825614
v -0.333027 -0.603415 0.770525
v -0.265264 -0.635070 0.779053
v -0.843526 -0.108608 0.562812
v -0.850845 -0.243081 0.516649
v -0.855622 -0.177684 0.544936
v -0.794442 -0.148210 0.598111
v -0.756802 -0.189186 0.640518
v -0.805973 -0.498119 0.392458
v -0.818759 -0.435509 0.423745
v -0.744108 -0.390083 0.558169
v -0.788956 -0.416943 0.496550
v -0.743118 -0.459272 0.535335
v -0.850460 -0.381376 0.465720
v -0.857014 -0.315523 0.494601
v -0.612262 -0.308498 0.742704
v -0.560458 -0.346382 0.771423
v -0.704031 -0.228916 0.672366
v -0.652212 -0.265586 0.700502
v -0.653539 -0.403909 0.656174
v -0.657099 -0.336536 0.682655
v -0.692030 -0.358994 0.614738
v -0.799708 -0.283724 0.551730
v -0.738249 -0.319077 0.578139
v -0.741487 -0.252473 0.604447
v -0.407020 -0.722143 0.527386
v -0.468200 -0.615669 0.624688
v -0.444072 -0.679153 0.584867
v -0.480117 -0.697079 0.512535
v -0.549870 -0.666524 0.494152
v -0.541547 -0.417949 0.741534
v -0.633995 -0.475176 0.624842
v -0.587012 -0.445701 0.681643
v -0.526763 -0.493445 0.716429
v -0.497077 -0.553126 0.670470
v -0.760390 -0.555319 0.428577
v -0.624156 -0.633299 0.474654
v -0.695872 -0.599265 0.455004
v -0.736500 -0.541520 0.507268
v -0.684829 -0.507723 0.564972
v -0.538973 -0.580147 0.605594
v -0.614007 -0.546461 0.588207
v -0.583559 -0.609155 0.542143
v -0.107346 -0.556273 -0.833726
v -0.185006 -0.626368 -0.740083
v -0.148202 -0.598079 -0.794398
v -0.173545 -0.532242 -0.835691
v -0.232665 -0.494509 -0.814384
v -0.342465 -0.762699 -0.554119
v -0.300017 -0.722287 -0.595431
v -0.352805 -0.604139 -0.680099
v -0.325358 -0.659980 -0.635273
v -0.396238 -0.643711 -0.641126
v -0.258288 -0.681252 -0.634289
v -0.223094 -0.655267 -0.686127
v -0.426197 -0.414685 -0.801253
v -0.489100 -0.385353 -0.791380
v -0.292503 -0.458516 -0.794488
v -0.359246 -0.438696 -0.801110
v -0.453245 -0.528310 -0.733366
v -0.408418 -0.486398 -0.772825
v -0.384993 -0.550886 -0.734399
v -0.248365 -0.594611 -0.729421
v -0.315804 -0.572210 -0.730677
v -0.273180 -0.531226 -0.769989
v -0.573842 -0.860058 -0.110736
v -0.641681 -0.758176 -0.189529
v -0.614219 -0.815837 -0.152202
v -0.539016 -0.846327 -0.175754
v -0.507044 -0.835026 -0.238562
v -0.787573 -0.572191 -0.353634
v -0.755132 -0.622507 -0.313660
v -0.638542 -0.718828 -0.372896
v -0.704273 -0.677908 -0.347194
v -0.672730 -0.670028 -0.414100
v -0.718095 -0.668592 -0.272256
v -0.688265 -0.720679 -0.234329
v -0.420211 -0.811931 -0.431877
v -0.385330 -0.791333 -0.489071
v -0.473035 -0.819647 -0.301766
v -0.448437 -0.818899 -0.367223
v -0.522763 -0.725666 -0.448486
v -0.486280 -0.772638 -0.408319
v -0.556882 -0.742392 -0.389184
v -0.618418 -0.758626 -0.258309
v -0.590644 -0.754216 -0.325978
v -0.543765 -0.788165 -0.279628
v -0.875591 -0.112736 -0.584206
v -0.775177 -0.193779 -0.656069
v -0.827539 -0.154385 -0.623030
v -0.871016 -0.180881 -0.554740
v -0.857973 -0.245118 -0.520977
v -0.572162 -0.353615 -0.787533
v -0.631192 -0.318036 -0.765667
v -0.738195 -0.382943 -0.655746
v -0.689960 -0.353366 -0.716793
v -0.689555 -0.426168 -0.692335
v -0.674184 -0.274534 -0.724101
v -0.721886 -0.234721 -0.689417
v -0.841762 -0.447745 -0.435650
v -0.821283 -0.507581 -0.399913
v -0.867405 -0.319349 -0.500598
v -0.863664 -0.387297 -0.472951
v -0.763672 -0.471975 -0.550142
v -0.811777 -0.429003 -0.510913
v -0.787306 -0.412729 -0.590573
v -0.781007 -0.265930 -0.636663
v -0.792781 -0.342646 -0.620844
v -0.824543 -0.292535 -0.568863
v -0.417799 -0.741267 -0.541353
v -0.552608 -0.669843 -0.496612
v -0.478321 -0.694471 -0.510618
v -0.438205 -0.670179 -0.577139
v -0.463633 -0.609664 -0.618595
v -0.769171 -0.561731 -0.433526
v -0.697360 -0.517013 -0.575310
v -0.731867 -0.538114 -0.504078
v -0.709650 -0.611131 -0.464014
v -0.630639 -0.639877 -0.479585
v -0.556008 -0.429109 -0.761334
v -0.493280 -0.548901 -0.665348
v -0.529148 -0.495679 -0.719673
v -0.605802 -0.459968 -0.703463
v -0.648301 -0.485898 -0.638941
v -0.589100 -0.614939 -0.547291
v -0.617380 -0.549463 -0.591438
v -0.538163 -0.579275 -0.604684
v 0.815008 0.000000 -0.640119
v 0.730126 -0.082977 -0.721529
v 0.770719 -0.041799 -0.679696
v 0.781059 0.042360 -0.688815
v 0.734934 0.083524 -0.726281
v 0.511200 -0.233443 -0.827140
v 0.569109 -0.198881 -0.808030
v 0.579970 -0.041065 -0.825367
v 0.577505 -0.120405 -0.821221
v 0.528686 -0.079144 -0.855431
v 0.624910 -0.162065 -0.783696
v 0.683738 -0.125013 -0.762179
v 0.562098 0.196431 -0.798075
v 0.498915 0.227833 -0.807261
v 0.681297 0.124567 -0.759458
v 0.614401 0.159339 -0.770518
v 0.523512 0.078369 -0.847059
v 0.572515 0.119365 -0.814125
v 0.573208 0.040587 -0.815744
v 0.692875 -0.042223 -0.771757
v 0.636772 0.000000 -0.801000
v 0.685997 0.041804 -0.764096
v 0.066799 -0.452011 -0.906251
v 0.065179 -0.312638 -0.933833
v 0.065721 -0.380176 -0.918186
v 0.133721 -0.428685 -0.910223
v 0.199005 -0.402597 -0.908236
v 0.068162 -0.042127 -1.018143
v 0.066301 -0.109709 -0.985574
v 0.194663 -0.188227 -0.943382
v 0.131760 -0.149847 -0.968426
v 0.192834 -0.119178 -0.944230
v 0.066516 -0.179359 -0.980187
v 0.065481 -0.243290 -0.950869
v 0.387607 -0.309015 -0.873558
v 0.451582 -0.279093 -0.866295
v 0.262598 -0.368430 -0.891528
v 0.325266 -0.339629 -0.883931
v 0.327368 -0.202324 -0.929095
v 0.329869 -0.273898 -0.916781
v 0.261345 -0.229986 -0.926105
v 0.132963 -0.290789 -0.950631
v 0.196836 -0.258584 -0.933720
v 0.198347 -0.330540 -0.922498
v 0.066566 0.450431 -0.903083
v 0.199164 0.402917 -0.908958
v 0.134079 0.429836 -0.912666
v 0.067714 0.391702 -0.946023
v 0.068475 0.328448 -0.981057
v 0.433228 0.267749 -0.831085
v 0.384144 0.306255 -0.865755
v 0.271099 0.238570 -0.960671
v 0.332313 0.275928 -0.923576
v 0.331724 0.205017 -0.941460
v 0.327198 0.341646 -0.889180
v 0.266759 0.374268 -0.905656
v 0.070051 0.115914 -1.041318
v 0.069912 0.043208 -1.044284
v 0.069684 0.258906 -1.011904
v 0.069551 0.187541 -1.024902
v 0.206241 0.127464 -1.009879
v 0.139414 0.158551 -1.024682
v 0.204933 0.198157 -0.993150
v 0.204701 0.341130 -0.952051
v 0.205609 0.270110 -0.975339
v 0.138133 0.302096 -0.987597
v 0.454025 -0.198124 -0.868082
v 0.333106 -0.123083 -0.937280
v 0.400388 -0.163560 -0.919191
v 0.465463 -0.120946 -0.888086
v 0.471103 -0.041912 -0.897891
v 0.136294 0.000000 -1.011606
v 0.268938 0.082551 -0.973028
v 0.202061 0.041600 -0.987126
v 0.199677 -0.041109 -0.975478
v 0.261269 -0.080197 -0.945281
v 0.444615 0.194018 -0.850091
v 0.472052 0.041997 -0.899700
v 0.456620 0.118648 -0.871213
v 0.389720 0.159203 -0.894701
v 0.337793 0.124814 -0.950469
v 0.334177 -0.041307 -0.941722
v 0.330307 0.040828 -0.930817
v 0.402603 0.000000 -0.919828
v 0.913766 0.067353 0.455759
v 0.973626 0.067957 0.325960
v 0.943041 0.067500 0.390467
v 0.910832 0.133810 0.428972
v 0.914082 0.200286 0.405188
v 1.022345 0.068444 0.042300
v 1.011669 0.068056 0.112614
v 0.973299 0.200836 0.194196
v 1.004585 0.136679 0.155442
v 0.984830 0.201125 0.124302
v 0.998035 0.067728 0.182625
v 0.993437 0.068412 0.254181
v 0.885603 0.392951 0.313276
v 0.882168 0.459856 0.284207
v 0.912198 0.268686 0.376972
v 0.901992 0.331912 0.346569
v 0.927555 0.326825 0.201989
v 0.922580 0.331955 0.275631
v 0.937921 0.264679 0.232920
v 0.982419 0.137409 0.300512
v 0.961438 0.202679 0.266260
v 0.945190 0.203226 0.338671
v 0.909450 0.067035 -0.453606
v 0.904750 0.198242 -0.401052
v 0.909203 0.133571 -0.428205
v 0.933910 0.066847 -0.386687
v 0.967102 0.067501 -0.323776
v 0.799865 0.416953 -0.257691
v 0.815091 0.361664 -0.288333
v 0.909829 0.256752 -0.225944
v 0.876405 0.315341 -0.261835
v 0.893327 0.314765 -0.194535
v 0.858736 0.315995 -0.329949
v 0.885523 0.260829 -0.365948
v 0.992335 0.066756 -0.110461
v 1.003854 0.067206 -0.041535
v 0.974876 0.067134 -0.249432
v 0.982593 0.066680 -0.179799
v 0.966570 0.197396 -0.121997
v 0.979694 0.133293 -0.151590
v 0.953490 0.196749 -0.190244
v 0.923932 0.198655 -0.331054
v 0.927942 0.195618 -0.256983
v 0.950062 0.132883 -0.290615
v 0.634747 0.808168 0.000000
v 0.705002 0.713402 0.081077
v 0.665368 0.754472 0.040918
v 0.667025 0.756351 -0.041020
v 0.691706 0.699948 -0.079548
v 0.861156 0.532224 0.243044
v 0.823627 0.580095 0.202720
v 0.800702 0.562638 0.039838
v 0.805936 0.566757 0.118164
v 0.816711 0.504755 0.075562
v 0.775328 0.618237 0.160334
v 0.737335 0.661451 0.120938
v 0.746888 0.526046 -0.183832
v 0.779626 0.481835 -0.220033
v 0.720251 0.646125 -0.118136
v 0.740472 0.590443 -0.153126
v 0.807612 0.499132 -0.074720
v 0.769003 0.540784 -0.112749
v 0.792069 0.556572 -0.039409
v 0.732647 0.657762 0.040084
v 0.758413 0.602916 0.000000
v 0.731289 0.656543 -0.040009
v 1.000786 0.134836 0.000000
v 0.946285 0.261547 -0.080282
v 0.976384 0.199862 -0.041147
v 0.983156 0.201249 0.041432
v 0.961914 0.265866 0.081608
v 0.823920 0.430928 -0.188045
v 0.849138 0.445524 -0.039636
v 0.851147 0.446103 -0.115915
v 0.874604 0.380966 -0.155626
v 0.910845 0.323711 -0.119611
v 0.874059 0.457152 0.199488
v 0.936071 0.332676 0.122924
v 0.899543 0.391829 0.160064
v 0.861352 0.451451 0.117305
v 0.846579 0.444181 0.039517
v 0.935833 0.332087 -0.041048
v 0.891789 0.390331 0.000000
v 0.940510 0.333747 0.041253
f 1 643 645
f 163 644 643
f 165 645 644
f 643 644 645
f 43 646 648
f 164 647 646
f 163 648 647
f 646 647 648
f 45 649 651
f 165 650 649
f 164 651 650
f 649 650 651
f 163 647 644
f 164 650 647
f 165 644 650
f 647 650 644
f 13 652 654
f 166 653 652
f 168 654 653
f 652 653 654
f 44 655 657
f 167 656 655
f 166 657 656
f 655 656 657
f 43 658 660
f 168 659 658
f 167 660 659
f 658 659 660
f 166 656 653
f 167 659 656
f 168 653 659
f 656 659 653
f 15 661 663
f 169 662 661
f 171 663 662
f 661 662 663
f 45 664 666
f 170 665 664
f 169 666 665
f 664 665 666
f 44 667 669
f 171 668 667
f 170 669 668
f 667 668 669
f 169 665 662
f 170 668 665
f 171 662 668
f 665 668 662
f 43 660 646
f 167 670 660
f 164 646 670
f 660 670 646
f 44 669 655
f 170 671 669
f 167 655 671
f 669 671 655
f 45 651 664
f 164 672 651
f 170 664 672
f 651 672 664
f 167 671 670
f 170 672 671
f 164 670 672
f 671 672 670
f 12 673 675
f 172 674 673
f 174 675 674
f 673 674 675
f 46 676 678
f 173 677 676
f 172 678 677
f 676 677 678
f 48 679 681
f 174 680 679
f 173 681 680
f 679 680 681
f 172 677 674
f 173 680 677
f 174 674 680
f 677 680 674
f 14 682 684
f 175 683 682
f 177 684 683
f 682 683 684
f 47 685 687
f 176 686 685
f 175 687 686
f 685 686 687
f 46 688 690
f 177 689 688
f 176 690 689
f 688 689 690
f 175 686 683
f 176 689 686
f 177 683 689
f 686 689 683
f 13 691 693
f 178 692 691
f 180 693 692
f 691 692 693
f 48 694 696
f 179 695 694
f 178 696 695
f 694 695 696
f 47 697 699
f 180 698 697
f 179 699 698
f 697 698 699
f 178 695 692
f 179 698 695
f 180 692 698
f 695 698 692
f 46 690 676
f 176 700 690
f 173 676 700
f 690 700 676
f 47 699 685
f 179 701 699
f 176 685 701
f 699 701 685
f 48 681 694
f 173 702 681
f 179 694 702
f 681 702 694
f 176 701 700
f 179 702 701
f 173 700 702
f 701 702 700
f 6 703 705
f 181 704 703
f 183 705 704
f 703 704 705
f 49 706 708
f 182 707 706
f 181 708 707
f 706 707 708
f 51 709 711
f 183 710 709
f 182 711 710
f 709 710 711
f 181 707 704
f 182 710 707
f 183 704 710
f 707 710 704
f 15 712 714
f 184 713 712
f 186 714 713
f 712 713 714
f 50 715 717
f 185 716 715
f 184 717 716
f 715 716 717
f 49 718 720
f 186 719 718
f 185 720 719
f 718 719 720
f 184 716 713
f 185 719 716
f 186 713 719
f 716 719 713
f 14 721 723
f 187 722 721
f 189 723 722
f 721 722 723
f 51 724 726
f 188 725 724
f 187 726 725
f 724 725 726
f 50 727 729
f 189 728 727
f 188 729 728
f 727 728 729
f 187 725 722
f 188 728 725
f 189 722 728
f 725 728 722
f 49 720 706
f 185 730 720
f 182 706 730
f 720 730 706
f 50 729 715
f 188 731 729
f 185 715 731
f 729 731 715
f 51 711 724
f 182 732 711
f 188 724 732
f 711 732 724
f 185 731 730
f 188 732 731
f 182 730 732
f 731 732 730
f 13 693 652
f 180 733 693
f 166 652 733
f 693 733 652
f 47 734 697
f 190 735 734
f 180 697 735
f 734 735 697
f 44 657 737
f 166 736 657
f 190 737 736
f 657 736 737
f 180 735 733
f 190 736 735
f 166 733 736
f 735 736 733
f 14 723 682
f 189 738 723
f 175 682 738
f 723 738 682
f 50 739 727
f 191 740 739
f 189 727 740
f 739 740 727
f 47 687 742
f 175 741 687
f 191 742 741
f 687 741 742
f 189 740 738
f 191 741 740
f 175 738 741
f 740 741 738
f 15 663 712
f 171 743 663
f 184 712 743
f 663 743 712
f 44 744 667
f 192 745 744
f 171 667 745
f 744 745 667
f 50 717 747
f 184 746 717
f 192 747 746
f 717 746 747
f 171 745 743
f 192 746 745
f 184 743 746
f 745 746 743
f 47 742 734
f 191 748 742
f 190 734 748
f 742 748 734
f 50 747 739
f 192 749 747
f 191 739 749
f 747 749 739
f 44 737 744
f 190 750 737
f 192 744 750
f 737 750 744
f 191 749 748
f 192 750 749
f 190 748 750
f 749 750 748
f 1 645 752
f 165 751 645
f 194 752 751
f 645 751 752
f 45 753 649
f 193 754 753
f 165 649 754
f 753 754 649
f 53 755 757
f 194 756 755
f 193 757 756
f 755 756 757
f 165 754 751
f 193 756 754
f 194 751 756
f 754 756 751
f 15 758 661
f 195 759 758
f 169 661 759
f 758 759 661
f 52 760 762
f 196 761 760
f 195 762 761
f 760 761 762
f 45 666 764
f 169 763 666
f 196 764 763
f 666 763 764
f 195 761 759
f 196 763 761
f 169 759 763
f 761 763 759
f 17 765 767
f 197 766 765
f 199 767 766
f 765 766 767
f 53 768 770
f 198 769 768
f 197 770 769
f 768 769 770
f 52 771 773
f 199 772 771
f 198 773 772
f 771 772 773
f 197 769 766
f 198 772 769
f 199 766 772
f 769 772 766
f 45 764 753
f 196 774 764
f 193 753 774
f 764 774 753
f 52 773 760
f 198 775 773
f 196 760 775
f 773 775 760
f 53 757 768
f 193 776 757
f 198 768 776
f 757 776 768
f 196 775 774
f 198 776 775
f 193 774 776
f 775 776 774
f 6 777 703
f 200 778 777
f 181 703 778
f 777 778 703
f 54 779 781
f 201 780 779
f 200 781 780
f 779 780 781
f 49 708 783
f 181 782 708
f 201 783 782
f 708 782 783
f 200 780 778
f 201 782 780
f 181 778 782
f 780 782 778
f 16 784 786
f 202 785 784
f 204 786 785
f 784 785 786
f 55 787 789
f 203 788 787
f 202 789 788
f 787 788 789
f 54 790 792
f 204 791 790
f 203 792 791
f 790 791 792
f 202 788 785
f 203 791 788
f 204 785 791
f 788 791 785
f 15 714 794
f 186 793 714
f 206 794 793
f 714 793 794
f 49 795 718
f 205 796 795
f 186 718 796
f 795 796 718
f 55 797 799
f 206 798 797
f 205 799 798
f 797 798 799
f 186 796 793
f 205 798 796
f 206 793 798
f 796 798 793
f 54 792 779
f 203 800 792
f 201 779 800
f 792 800 779
f 55 799 787
f 205 801 799
f 203 787 801
f 799 801 787
f 49 783 795
f 201 802 783
f 205 795 802
f 783 802 795
f 203 801 800
f 205 802 801
f 201 800 802
f 801 802 800
f 2 803 805
f 207 804 803
f 209 805 804
f 803 804 805
f 56 806 808
f 208 807 806
f 207 808 807
f 806 807 808
f 58 809 811
f 209 810 809
f 208 811 810
f 809 810 811
f 207 807 804
f 208 810 807
f 209 804 810
f 807 810 804
f 17 812 814
f 210 813 812
f 212 814 813
f 812 813 814
f 57 815 817
f 211 816 815
f 210 817 816
f 815 816 817
f 56 818 820
f 212 819 818
f 211 820 819
f 818 819 820
f 210 816 813
f 211 819 816
f 212 813 819
f 816 819 813
f 16 821 823
f 213 822 821
f 215 823 822
f 821 822 823
f 58 824 826
f 214 825 824
f 213 826 825
f 824 825 826
f 57 827 829
f 215 828 827
f 214 829 828
f 827 828 829
f 213 825 822
f 214 828 825
f 215 822 828
f 825 828 822
f 56 820 806
f 211 830 820
f 208 806 830
f 820 830 806
f 57 829 815
f 214 831 829
f 211 815 831
f 829 831 815
f 58 811 824
f 208 832 811
f 214 824 832
f 811 832 824
f 211 831 830
f 214 832 831
f 208 830 832
f 831 832 830
f 15 794 758
f 206 833 794
f 195 758 833
f 794 833 758
f 55 834 797
f 216 835 834
f 206 797 835
f 834 835 797
f 52 762 837
f 195 836 762
f 216 837 836
f 762 836 837
f 206 835 833
f 216 836 835
f 195 833 836
f 835 836 833
f 16 823 784
f 215 838 823
f 202 784 838
f 823 838 784
f 57 839 827
f 217 840 839
f 215 827 840
f 839 840 827
f 55 789 842
f 202 841 789
f 217 842 841
f 789 841 842
f 215 840 838
f 217 841 840
f 202 838 841
f 840 841 838
f 17 767 812
f 199 843 767
f 210 812 843
f 767 843 812
f 52 844 771
f 218 845 844
f 199 771 845
f 844 845 771
f 57 817 847
f 210 846 817
f 218 847 846
f 817 846 847
f 199 845 843
f 218 846 845
f 210 843 846
f 845 846 843
f 55 842 834
f 217 848 842
f 216 834 848
f 842 848 834
f 57 847 839
f 218 849 847
f 217 839 849
f 847 849 839
f 52 837 844
f 216 850 837
f 218 844 850
f 837 850 844
f 217 849 848
f 218 850 849
f 216 848 850
f 849 850 848
f 1 752 852
f 194 851 752
f 220 852 851
f 752 851 852
f 53 853 755
f 219 854 853
f 194 755 854
f 853 854 755
f 60 855 857
f 220 856 855
f 219 857 856
f 855 856 857
f 194 854 851
f 219 856 854
f 220 851 856
f 854 856 851
f 17 858 765
f 221 859 858
f 197 765 859
f 858 859 765
f 59 860 862
f 222 861 860
f 221 862 861
f 860 861 862
f 53 770 864
f 197 863 770
f 222 864 863
f 770 863 864
f 221 861 859
f 222 863 861
f 197 859 863
f 861 863 859
f 19 865 867
f 223 866 865
f 225 867 866
f 865 866 867
f 60 868 870
f 224 869 868
f 223 870 869
f 868 869 870
f 59 871 873
f 225 872 871
f 224 873 872
f 871 872 873
f 223 869 866
f 224 872 869
f 225 866 872
f 869 872 866
f 53 864 853
f 222 874 864
f 219 853 874
f 864 874 853
f 59 873 860
f 224 875 873
f 222 860 875
f 873 875 860
f 60 857 868
f 219 876 857
f 224 868 876
f 857 876 868
f 222 875 874
f 224 876 875
f 219 874 876
f 875 876 874
f 2 877 803
f 226 878 877
f 207 803 878
f 877 878 803
f 61 879 881
f 227 880 879
f 226 881 880
f 879 880 881
f 56 808 883
f 207 882 808
f 227 883 882
f 808 882 883
f 226 880 878
f 227 882 880
f 207 878 882
f 880 882 878
f 18 884 886
f 228 885 884
f 230 886 885
f 884 885 886
f 62 887 889
f 229 888 887
f 228 889 888
f 887 888 889
f 61 890 892
f 230 891 890
f 229 892 891
f 890 891 892
f 228 888 885
f 229 891 888
f 230 885 891
f 888 891 885
f 17 814 894
f 212 893 814
f 232 894 893
f 814 893 894
f 56 895 818
f 231 896 895
f 212 818 896
f 895 896 818
f 62 897 899
f 232 898 897
f 231 899 898
f 897 898 899
f 212 896 893
f 231 898 896
f 232 893 898
f 896 898 893
f 61 892 879
f 229 900 892
f 227 879 900
f 892 900 879
f 62 899 887
f 231 901 899
f 229 887 901
f 899 901 887
f 56 883 895
f 227 902 883
f 231 895 902
f 883 902 895
f 229 901 900
f 231 902 901
f 227 900 902
f 901 902 900
f 8 903 905
f 233 904 903
f 235 905 904
f 903 904 905
f 63 906 908
f 234 907 906
f 233 908 907
f 906 907 908
f 65 909 911
f 235 910 909
f 234 911 910
f 909 910 911
f 233 907 904
f 234 910 907
f 235 904 910
f 907 910 904
f 19 912 914
f 236 913 912
f 238 914 913
f 912 913 914
f 64 915 917
f 237 916 915
f 236 917 916
f 915 916 917
f 63 918 920
f 238 919 918
f 237 920 919
f 918 919 920
f 236 916 913
f 237 919 916
f 238 913 919
f 916 919 913
f 18 921 923
f 239 922 921
f 241 923 922
f 921 922 923
f 65 924 926
f 240 925 924
f 239 926 925
f 924 925 926
f 64 927 929
f 241 928 927
f 240 929 928
f 927 928 929
f 239 925 922
f 240 928 925
f 241 922 928
f 925 928 922
f 63 920 906
f 237 930 920
f 234 906 930
f 920 930 906
f 64 929 915
f 240 931 929
f 237 915 931
f 929 931 915
f 65 911 924
f 234 932 911
f 240 924 932
f 911 932 924
f 237 931 930
f 240 932 931
f 234 930 932
f 931 932 930
f 17 894 858
f 232 933 894
f 221 858 933
f 894 933 858
f 62 934 897
f 242 935 934
f 232 897 935
f 934 935 897
f 59 862 937
f 221 936 862
f 242 937 936
f 862 936 937
f 232 935 933
f 242 936 935
f 221 933 936
f 935 936 933
f 18 923 884
f 241 938 923
f 228 884 938
f 923 938 884
f 64 939 927
f 243 940 939
f 241 927 940
f 939 940 927
f 62 889 942
f 228 941 889
f 243 942 941
f 889 941 942
f 241 940 938
f 243 941 940
f 228 938 941
f 940 941 938
f 19 867 912
f 225 943 867
f 236 912 943
f 867 943 912
f 59 944 871
f 244 945 944
f 225 871 945
f 944 945 871
f 64 917 947
f 236 946 917
f 244 947 946
f 917 946 947
f 225 945 943
f 244 946 945
f 236 943 946
f 945 946 943
f 62 942 934
f 243 948 942
f 242 934 948
f 942 948 934
f 64 947 939
f 244 949 947
f 243 939 949
f 947 949 939
f 59 937 944
f 242 950 937
f 244 944 950
f 937 950 944
f 243 949 948
f 244 950 949
f 242 948 950
f 949 950 948
f 1 852 952
f 220 951 852
f 246 952 951
f 852 951 952
f 60 953 855
f 245 954 953
f 220 855 954
f 953 954 855
f 67 955 957
f 246 956 955
f 245 957 956
f 955 956 957
f 220 954 951
f 245 956 954
f 246 951 956
f 954 956 951
f 19 958 865
f 247 959 958
f 223 865 959
f 958 959 865
f 66 960 962
f 248 961 960
f 247 962 961
f 960 961 962
f 60 870 964
f 223 963 870
f 248 964 963
f 870 963 964
f 247 961 959
f 248 963 961
f 223 959 963
f 961 963 959
f 21 965 967
f 249 966 965
f 251 967 966
f 965 966 967
f 67 968 970
f 250 969 968
f 249 970 969
f 968 969 970
f 66 971 973
f 251 972 971
f 250 973 972
f 971 972 973
f 249 969 966
f 250 972 969
f 251 966 972
f 969 972 966
f 60 964 953
f 248 974 964
f 245 953 974
f 964 974 953
f 66 973 960
f 250 975 973
f 248 960 975
f 973 975 960
f 67 957 968
f 245 976 957
f 250 968 976
f 957 976 968
f 248 975 974
f 250 976 975
f 245 974 976
f 975 976 974
f 8 977 903
f 252 978 977
f 233 903 978
f 977 978 903
f 68 979 981
f 253 980 979
f 252 981 980
f 979 980 981
f 63 908 983
f 233 982 908
f 253 983 982
f 908 982 983
f 252 980 978
f 253 982 980
f 233 978 982
f 980 982 978
f 20 984 986
f 254 985 984
f 256 986 985
f 984 985 986
f 69 987 989
f 255 988 987
f 254 989 988
f 987 988 989
f 68 990 992
f 256 991 990
f 255 992 991
f 990 991 992
f 254 988 985
f 255 991 988
f 256 985 991
f 988 991 985
f 19 914 994
f 238 993 914
f 258 994 993
f 914 993 994
f 63 995 918
f 257 996 995
f 238 918 996
f 995 996 918
f 69 997 999
f 258 998 997
f 257 999 998
f 997 998 999
f 238 996 993
f 257 998 996
f 258 993 998
f 996 998 993
f 68 992 979
f 255 1000 992
f 253 979 1000
f 992 1000 979
f 69 999 987
f 257 1001 999
f 255 987 1001
f 999 1001 987
f 63 983 995
f 253 1002 983
f 257 995 1002
f 983 1002 995
f 255 1001 1000
f 257 1002 1001
f 253 1000 1002
f 1001 1002 1000
f 11 1003 1005
f 259 1004 1003
f 261 1005 1004
f 1003 1004 1005
f 70 1006 1008
f 260 1007 1006
f 259 1008 1007
f 1006 1007 1008
f 72 1009 1011
f 261 1010 1009
f 260 1011 1010
f 1009 1010 1011
f 259 1007 1004
f 260 1010 1007
f 261 1004 1010
f 1007 1010 1004
f 21 1012 1014
f 262 1013 1012
f 264 1014 1013
f 1012 1013 1014
f 71 1015 1017
f 263 1016 1015
f 262 1017 1016
f 1015 1016 1017
f 70 1018 1020
f 264 1019 1018
f 263 1020 1019
f 1018 1019 1020
f 262 1016 1013
f 263 1019 1016
f 264 1013 1019
f 1016 1019 1013
f 20 1021 1023
f 265 1022 1021
f 267 1023 1022
f 1021 1022 1023
f 72 1024 1026
f 266 1025 1024
f 265 1026 1025
f 1024 1025 1026
f 71 1027 1029
f 267 1028 1027
f 266 1029 1028
f 1027 1028 1029
f 265 1025 1022
f 266 1028 1025
f 267 1022 1028
f 1025 1028 1022
f 70 1020 1006
f 263 1030 1020
f 260 1006 1030
f 1020 1030 1006
f 71 1029 1015
f 266 1031 1029
f 263 1015 1031
f 1029 1031 1015
f 72 1011 1024
f 260 1032 1011
f 266 1024 1032
f 1011 1032 1024
f 263 1031 1030
f 266 1032 1031
f 260 1030 1032
f 1031 1032 1030
f 19 994 958
f 258 1033 994
f 247 958 1033
f 994 1033 958
f 69 1034 997
f 268 1035 1034
f 258 997 1035
f 1034 1035 997
f 66 962 1037
f 247 1036 962
f 268 1037 1036
f 962 1036 1037
f 258 1035 1033
f 268 1036 1035
f 247 1033 1036
f 1035 1036 1033
f 20 1023 984
f 267 1038 1023
f 254 984 1038
f 1023 1038 984
f 71 1039 1027
f 269 1040 1039
f 267 1027 1040
f 1039 1040 1027
f 69 989 1042
f 254 1041 989
f 269 1042 1041
f 989 1041 1042
f 267 1040 1038
f 269 1041 1040
f 254 1038 1041
f 1040 1041 1038
f 21 967 1012
f 251 1043 967
f 262 1012 1043
f 967 1043 1012
f 66 1044 971
f 270 1045 1044
f 251 971 1045
f 1044 1045 971
f 71 1017 1047
f 262 1046 1017
f 270 1047 1046
f 1017 1046 1047
f 251 1045 1043
f 270 1046 1045
f 262 1043 1046
f 1045 1046 1043
f 69 1042 1034
f 269 1048 1042
f 268 1034 1048
f 1042 1048 1034
f 71 1047 1039
f 270 1049 1047
f 269 1039 1049
f 1047 1049 1039
f 66 1037 1044
f 268 1050 1037
f 270 1044 1050
f 1037 1050 1044
f 269 1049 1048
f 270 1050 1049
f 268 1048 1050
f 1049 1050 1048
f 1 952 643
f 246 1051 952
f 163 643 1051
f 952 1051 643
f 67 1052 955
f 271 1053 1052
f 246 955 1053
f 1052 1053 955
f 43 648 1055
f 163 1054 648
f 271 1055 1054
f 648 1054 1055
f 246 1053 1051
f 271 1054 1053
f 163 1051 1054
f 1053 1054 1051
f 21 1056 965
f 272 1057 1056
f 249 965 1057
f 1056 1057 965
f 73 1058 1060
f 273 1059 1058
f 272 1060 1059
f 1058 1059 1060
f 67 970 1062
f 249 1061 970
f 273 1062 1061
f 970 1061 1062
f 272 1059 1057
f 273 1061 1059
f 249 1057 1061
f 1059 1061 1057
f 13 654 1064
f 168 1063 654
f 275 1064 1063
f 654 1063 1064
f 43 1065 658
f 274 1066 1065
f 168 658 1066
f 1065 1066 658
f 73 1067 1069
f 275 1068 1067
f 274 1069 1068
f 1067 1068 1069
f 168 1066 1063
f 274 1068 1066
f 275 1063 1068
f 1066 1068 1063
f 67 1062 1052
f 273 1070 1062
f 271 1052 1070
f 1062 1070 1052
f 73 1069 1058
f 274 1071 1069
f 273 1058 1071
f 1069 1071 1058
f 43 1055 1065
f 271 1072 1055
f 274 1065 1072
f 1055 1072 1065
f 273 1071 1070
f 274 1072 1071
f 271 1070 1072
f 1071 1072 1070
f 11 1073 1003
f 276 1074 1073
f 259 1003 1074
f 1073 1074 1003
f 74 1075 1077
f 277 1076 1075
f 276 1077 1076
f 1075 1076 1077
f 70 1008 1079
f 259 1078 1008
f 277 1079 1078
f 1008 1078 1079
f 276 1076 1074
f 277 1078 1076
f 259 1074 1078
f 1076 1078 1074
f 22 1080 1082
f 278 1081 1080
f 280 1082 1081
f 1080 1081 1082
f 75 1083 1085
f 279 1084 1083
f 278 1085 1084
f 1083 1084 1085
f 74 1086 1088
f 280 1087 1086
f 279 1088 1087
f 1086 1087 1088
f 278 1084 1081
f 279 1087 1084
f 280 1081 1087
f 1084 1087 1081
f 21 1014 1090
f 264 1089 1014
f 282 1090 1089
f 1014 1089 1090
f 70 1091 1018
f 281 1092 1091
f 264 1018 1092
f 1091 1092 1018
f 75 1093 1095
f 282 1094 1093
f 281 1095 1094
f 1093 1094 1095
f 264 1092 1089
f 281 1094 1092
f 282 1089 1094
f 1092 1094 1089
f 74 1088 1075
f 279 1096 1088
f 277 1075 1096
f 1088 1096 1075
f 75 1095 1083
f 281 1097 1095
f 279 1083 1097
f 1095 1097 1083
f 70 1079 1091
f 277 1098 1079
f 281 1091 1098
f 1079 1098 1091
f 279 1097 1096
f 281 1098 1097
f 277 1096 1098
f 1097 1098 1096
f 12 675 1100
f 174 1099 675
f 284 1100 1099
f 675 1099 1100
f 48 1101 679
f 283 1102 1101
f 174 679 1102
f 1101 1102 679
f 77 1103 1105
f 284 1104 1103
f 283 1105 1104
f 1103 1104 1105
f 174 1102 1099
f 283 1104 1102
f 284 1099 1104
f 1102 1104 1099
f 13 1106 691
f 285 1107 1106
f 178 691 1107
f 1106 1107 691
f 76 1108 1110
f 286 1109 1108
f 285 1110 1109
f 1108 1109 1110
f 48 696 1112
f 178 1111 696
f 286 1112 1111
f 696 1111 1112
f 285 1109 1107
f 286 1111 1109
f 178 1107 1111
f 1109 1111 1107
f 22 1113 1115
f 287 1114 1113
f 289 1115 1114
f 1113 1114 1115
f 77 1116 1118
f 288 1117 1116
f 287 1118 1117
f 1116 1117 1118
f 76 1119 1121
f 289 1120 1119
f 288 1121 1120
f 1119 1120 1121
f 287 1117 1114
f 288 1120 1117
f 289 1114 1120
f 1117 1120 1114
f 48 1112 1101
f 286 1122 1112
f 283 1101 1122
f 1112 1122 1101
f 76 1121 1108
f 288 1123 1121
f 286 1108 1123
f 1121 1123 1108
f 77 1105 1116
f 283 1124 1105
f 288 1116 1124
f 1105 1124 1116
f 286 1123 1122
f 288 1124 1123
f 283 1122 1124
f 1123 1124 1122
f 21 1090 1056
f 282 1125 1090
f 272 1056 1125
f 1090 1125 1056
f 75 1126 1093
f 290 1127 1126
f 282 1093 1127
f 1126 1127 1093
f 73 1060 1129
f 272 1128 1060
f 290 1129 1128
f 1060 1128 1129
f 282 1127 1125
f 290 1128 1127
f 272 1125 1128
f 1127 1128 1125
f 22 1115 1080
f 289 1130 1115
f 278 1080 1130
f 1115 1130 1080
f 76 1131 1119
f 291 1132 1131
f 289 1119 1132
f 1131 1132 1119
f 75 1085 1134
f 278 1133 1085
f 291 1134 1133
f 1085 1133 1134
f 289 1132 1130
f 291 1133 1132
f 278 1130 1133
f 1132 1133 1130
f 13 1064 1106
f 275 1135 1064
f 285 1106 1135
f 1064 1135 1106
f 73 1136 1067
f 292 1137 1136
f 275 1067 1137
f 1136 1137 1067
f 76 1110 1139
f 285 1138 1110
f 292 1139 1138
f 1110 1138 1139
f 275 1137 1135
f 292 1138 1137
f 285 1135 1138
f 1137 1138 1135
f 75 1134 1126
f 291 1140 1134
f 290 1126 1140
f 1134 1140 1126
f 76 1139 1131
f 292 1141 1139
f 291 1131 1141
f 1139 1141 1131
f 73 1129 1136
f 290 1142 1129
f 292 1136 1142
f 1129 1142 1136
f 291 1141 1140
f 292 1142 1141
f 290 1140 1142
f 1141 1142 1140
f 2 805 1144
f 209 1143 805
f 294 1144 1143
f 805 1143 1144
f 58 1145 809
f 293 1146 1145
f 209 809 1146
f 1145 1146 809
f 79 1147 1149
f 294 1148 1147
f 293 1149 1148
f 1147 1148 1149
f 209 1146 1143
f 293 1148 1146
f 294 1143 1148
f 1146 1148 1143
f 16 1150 821
f 295 1151 1150
f 213 821 1151
f 1150 1151 821
f 78 1152 1154
f 296 1153 1152
f 295 1154 1153
f 1152 1153 1154
f 58 826 1156
f 213 1155 826
f 296 1156 1155
f 826 1155 1156
f 295 1153 1151
f 296 1155 1153
f 213 1151 1155
f 1153 1155 1151
f 24 1157 1159
f 297 1158 1157
f 299 1159 1158
f 1157 1158 1159
f 79 1160 1162
f 298 1161 1160
f 297 1162 1161
f 1160 1161 1162
f 78 1163 1165
f 299 1164 1163
f 298 1165 1164
f 1163 1164 1165
f 297 1161 1158
f 298 1164 1161
f 299 1158 1164
f 1161 1164 1158
f 58 1156 1145
f 296 1166 1156
f 293 1145 1166
f 1156 1166 1145
f 78 1165 1152
f 298 1167 1165
f 296 1152 1167
f 1165 1167 1152
f 79 1149 1160
f 293 1168 1149
f 298 1160 1168
f 1149 1168 1160
f 296 1167 1166
f 298 1168 1167
f 293 1166 1168
f 1167 1168 1166
f 6 1169 777
f 300 1170 1169
f 200 777 1170
f 1169 1170 777
f 80 1171 1173
f 301 1172 1171
f 300 1173 1172
f 1171 1172 1173
f 54 781 1175
f 200 1174 781
f 301 1175 1174
f 781 1174 1175
f 300 1172 1170
f 301 1174 1172
f 200 1170 1174
f 1172 1174 1170
f 23 1176 1178
f 302 1177 1176
f 304 1178 1177
f 1176 1177 1178
f 81 1179 1181
f 303 1180 1179
f 302 1181 1180
f 1179 1180 1181
f 80 1182 1184
f 304 1183 1182
f 303 1184 1183
f 1182 1183 1184
f 302 1180 1177
f 303 1183 1180
f 304 1177 1183
f 1180 1183 1177
f 16 786 1186
f 204 1185 786
f 306 1186 1185
f 786 1185 1186
f 54 1187 790
f 305 1188 1187
f 204 790 1188
f 1187 1188 790
f 81 1189 1191
f 306 1190 1189
f 305 1191 1190
f 1189 1190 1191
f 204 1188 1185
f 305 1190 1188
f 306 1185 1190
f 1188 1190 1185
f 80 1184 1171
f 303 1192 1184
f 301 1171 1192
f 1184 1192 1171
f 81 1191 1179
f 305 1193 1191
f 303 1179 1193
f 1191 1193 1179
f 54 1175 1187
f 301 1194 1175
f 305 1187 1194
f 1175 1194 1187
f 303 1193 1192
f 305 1194 1193
f 301 1192 1194
f 1193 1194 1192
f 10 1195 1197
f 307 1196 1195
f 309 1197 1196
f 1195 1196 1197
f 82 1198 1200
f 308 1199 1198
f 307 1200 1199
f 1198 1199 1200
f 84 1201 1203
f 309 1202 1201
f 308 1203 1202
f 1201 1202 1203
f 307 1199 1196
f 308 1202 1199
f 309 1196 1202
f 1199 1202 1196
f 24 1204 1206
f 310 1205 1204
f 312 1206 1205
f 1204 1205 1206
f 83 1207 1209
f 311 1208 1207
f 310 1209 1208
f 1207 1208 1209
f 82 1210 1212
f 312 1211 1210
f 311 1212 1211
f 1210 1211 1212
f 310 1208 1205
f 311 1211 1208
f 312 1205 1211
f 1208 1211 1205
f 23 1213 1215
f 313 1214 1213
f 315 1215 1214
f 1213 1214 1215
f 84 1216 1218
f 314 1217 1216
f 313 1218 1217
f 1216 1217 1218
f 83 1219 1221
f 315 1220 1219
f 314 1221 1220
f 1219 1220 1221
f 313 1217 1214
f 314 1220 1217
f 315 1214 1220
f 1217 1220 1214
f 82 1212 1198
f 311 1222 1212
f 308 1198 1222
f 1212 1222 1198
f 83 1221 1207
f 314 1223 1221
f 311 1207 1223
f 1221 1223 1207
f 84 1203 1216
f 308 1224 1203
f 314 1216 1224
f 1203 1224 1216
f 311 1223 1222
f 314 1224 1223
f 308 1222 1224
f 1223 1224 1222
f 16 1186 1150
f 306 1225 1186
f 295 1150 1225
f 1186 1225 1150
f 81 1226 1189
f 316 1227 1226
f 306 1189 1227
f 1226 1227 1189
f 78 1154 1229
f 295 1228 1154
f 316 1229 1228
f 1154 1228 1229
f 306 1227 1225
f 316 1228 1227
f 295 1225 1228
f 1227 1228 1225
f 23 1215 1176
f 315 1230 1215
f 302 1176 1230
f 1215 1230 1176
f 83 1231 1219
f 317 1232 1231
f 315 1219 1232
f 1231 1232 1219
f 81 1181 1234
f 302 1233 1181
f 317 1234 1233
f 1181 1233 1234
f 315 1232 1230
f 317 1233 1232
f 302 1230 1233
f 1232 1233 1230
f 24 1159 1204
f 299 1235 1159
f 310 1204 1235
f 1159 1235 1204
f 78 1236 1163
f 318 1237 1236
f 299 1163 1237
f 1236 1237 1163
f 83 1209 1239
f 310 1238 1209
f 318 1239 1238
f 1209 1238 1239
f 299 1237 1235
f 318 1238 1237
f 310 1235 1238
f 1237 1238 1235
f 81 1234 1226
f 317 1240 1234
f 316 1226 1240
f 1234 1240 1226
f 83 1239 1231
f 318 1241 1239
f 317 1231 1241
f 1239 1241 1231
f 78 1229 1236
f 316 1242 1229
f 318 1236 1242
f 1229 1242 1236
f 317 1241 1240
f 318 1242 1241
f 316 1240 1242
f 1241 1242 1240
f 6 705 1244
f 183 1243 705
f 320 1244 1243
f 705 1243 1244
f 51 1245 709
f 319 1246 1245
f 183 709 1246
f 1245 1246 709
f 86 1247 1249
f 320 1248 1247
f 319 1249 1248
f 1247 1248 1249
f 183 1246 1243
f 319 1248 1246
f 320 1243 1248
f 1246 1248 1243
f 14 1250 721
f 321 1251 1250
f 187 721 1251
f 1250 1251 721
f 85 1252 1254
f 322 1253 1252
f 321 1254 1253
f 1252 1253 1254
f 51 726 1256
f 187 1255 726
f 322 1256 1255
f 726 1255 1256
f 321 1253 1251
f 322 1255 1253
f 187 1251 1255
f 1253 1255 1251
f 26 1257 1259
f 323 1258 1257
f 325 1259 1258
f 1257 1258 1259
f 86 1260 1262
f 324 1261 1260
f 323 1262 1261
f 1260 1261 1262
f 85 1263 1265
f 325 1264 1263
f 324 1265 1264
f 1263 1264 1265
f 323 1261 1258
f 324 1264 1261
f 325 1258 1264
f 1261 1264 1258
f 51 1256 1245
f 322 1266 1256
f 319 1245 1266
f 1256 1266 1245
f 85 1265 1252
f 324 1267 1265
f 322 1252 1267
f 1265 1267 1252
f 86 1249 1260
f 319 1268 1249
f 324 1260 1268
f 1249 1268 1260
f 322 1267 1266
f 324 1268 1267
f 319 1266 1268
f 1267 1268 1266
f 12 1269 673
f 326 1270 1269
f 172 673 1270
f 1269 1270 673
f 87 1271 1273
f 327 1272 1271
f 326 1273 1272
f 1271 1272 1273
f 46 678 1275
f 172 1274 678
f 327 1275 1274
f 678 1274 1275
f 326 1272 1270
f 327 1274 1272
f 172 1270 1274
f 1272 1274 1270
f 25 1276 1278
f 328 1277 1276
f 330 1278 1277
f 1276 1277 1278
f 88 1279 1281
f 329 1280 1279
f 328 1281 1280
f 1279 1280 1281
f 87 1282 1284
f 330 1283 1282
f 329 1284 1283
f 1282 1283 1284
f 328 1280 1277
f 329 1283 1280
f 330 1277 1283
f 1280 1283 1277
f 14 684 1286
f 177 1285 684
f 332 1286 1285
f 684 1285 1286
f 46 1287 688
f 331 1288 1287
f 177 688 1288
f 1287 1288 688
f 88 1289 1291
f 332 1290 1289
f 331 1291 1290
f 1289 1290 1291
f 177 1288 1285
f 331 1290 1288
f 332 1285 1290
f 1288 1290 1285
f 87 1284 1271
f 329 1292 1284
f 327 1271 1292
f 1284 1292 1271
f 88 1291 1279
f 331 1293 1291
f 329 1279 1293
f 1291 1293 1279
f 46 1275 1287
f 327 1294 1275
f 331 1287 1294
f 1275 1294 1287
f 329 1293 1292
f 331 1294 1293
f 327 1292 1294
f 1293 1294 1292
f 5 1295 1297
f 333 1296 1295
f 335 1297 1296
f 1295 1296 1297
f 89 1298 1300
f 334 1299 1298
f 333 1300 1299
f 1298 1299 1300
f 91 1301 1303
f 335 1302 1301
f 334 1303 1302
f 1301 1302 1303
f 333 1299 1296
f 334 1302 1299
f 335 1296 1302
f 1299 1302 1296
f 26 1304 1306
f 336 1305 1304
f 338 1306 1305
f 1304 1305 1306
f 90 1307 1309
f 337 1308 1307
f 336 1309 1308
f 1307 1308 1309
f 89 1310 1312
f 338 1311 1310
f 337 1312 1311
f 1310 1311 1312
f 336 1308 1305
f 337 1311 1308
f 338 1305 1311
f 1308 1311 1305
f 25 1313 1315
f 339 1314 1313
f 341 1315 1314
f 1313 1314 1315
f 91 1316 1318
f 340 1317 1316
f 339 1318 1317
f 1316 1317 1318
f 90 1319 1321
f 341 1320 1319
f 340 1321 1320
f 1319 1320 1321
f 339 1317 1314
f 340 1320 1317
f 341 1314 1320
f 1317 1320 1314
f 89 1312 1298
f 337 1322 1312
f 334 1298 1322
f 1312 1322 1298
f 90 1321 1307
f 340 1323 1321
f 337 1307 1323
f 1321 1323 1307
f 91 1303 1316
f 334 1324 1303
f 340 1316 1324
f 1303 1324 1316
f 337 1323 1322
f 340 1324 1323
f 334 1322 1324
f 1323 1324 1322
f 14 1286 1250
f 332 1325 1286
f 321 1250 1325
f 1286 1325 1250
f 88 1326 1289
f 342 1327 1326
f 332 1289 1327
f 1326 1327 1289
f 85 1254 1329
f 321 1328 1254
f 342 1329 1328
f 1254 1328 1329
f 332 1327 1325
f 342 1328 1327
f 321 1325 1328
f 1327 1328 1325
f 25 1315 1276
f 341 1330 1315
f 328 1276 1330
f 1315 1330 1276
f 90 1331 1319
f 343 1332 1331
f 341 1319 1332
f 1331 1332 1319
f 88 1281 1334
f 328 1333 1281
f 343 1334 1333
f 1281 1333 1334
f 341 1332 1330
f 343 1333 1332
f 328 1330 1333
f 1332 1333 1330
f 26 1259 1304
f 325 1335 1259
f 336 1304 1335
f 1259 1335 1304
f 85 1336 1263
f 344 1337 1336
f 325 1263 1337
f 1336 1337 1263
f 90 1309 1339
f 336 1338 1309
f 344 1339 1338
f 1309 1338 1339
f 325 1337 1335
f 344 1338 1337
f 336 1335 1338
f 1337 1338 1335
f 88 1334 1326
f 343 1340 1334
f 342 1326 1340
f 1334 1340 1326
f 90 1339 1331
f 344 1341 1339
f 343 1331 1341
f 1339 1341 1331
f 85 1329 1336
f 342 1342 1329
f 344 1336 1342
f 1329 1342 1336
f 343 1341 1340
f 344 1342 1341
f 342 1340 1342
f 1341 1342 1340
f 12 1100 1344
f 284 1343 1100
f 346 1344 1343
f 1100 1343 1344
f 77 1345 1103
f 345 1346 1345
f 284 1103 1346
f 1345 1346 1103
f 93 1347 1349
f 346 1348 1347
f 345 1349 1348
f 1347 1348 1349
f 284 1346 1343
f 345 1348 1346
f 346 1343 1348
f 1346 1348 1343
f 22 1350 1113
f 347 1351 1350
f 287 1113 1351
f 1350 1351 1113
f 92 1352 1354
f 348 1353 1352
f 347 1354 1353
f 1352 1353 1354
f 77 1118 1356
f 287 1355 1118
f 348 1356 1355
f 1118 1355 1356
f 347 1353 1351
f 348 1355 1353
f 287 1351 1355
f 1353 1355 1351
f 28 1357 1359
f 349 1358 1357
f 351 1359 1358
f 1357 1358 1359
f 93 1360 1362
f 350 1361 1360
f 349 1362 1361
f 1360 1361 1362
f 92 1363 1365
f 351 1364 1363
f 350 1365 1364
f 1363 1364 1365
f 349 1361 1358
f 350 1364 1361
f 351 1358 1364
f 1361 1364 1358
f 77 1356 1345
f 348 1366 1356
f 345 1345 1366
f 1356 1366 1345
f 92 1365 1352
f 350 1367 1365
f 348 1352 1367
f 1365 1367 1352
f 93 1349 1360
f 345 1368 1349
f 350 1360 1368
f 1349 1368 1360
f 348 1367 1366
f 350 1368 1367
f 345 1366 1368
f 1367 1368 1366
f 11 1369 1073
f 352 1370 1369
f 276 1073 1370
f 1369 1370 1073
f 94 1371 1373
f 353 1372 1371
f 352 1373 1372
f 1371 1372 1373
f 74 1077 1375
f 276 1374 1077
f 353 1375 1374
f 1077 1374 1375
f 352 1372 1370
f 353 1374 1372
f 276 1370 1374
f 1372 1374 1370
f 27 1376 1378
f 354 1377 1376
f 356 1378 1377
f 1376 1377 1378
f 95 1379 1381
f 355 1380 1379
f 354 1381 1380
f 1379 1380 1381
f 94 1382 1384
f 356 1383 1382
f 355 1384 1383
f 1382 1383 1384
f 354 1380 1377
f 355 1383 1380
f 356 1377 1383
f 1380 1383 1377
f 22 1082 1386
f 280 1385 1082
f 358 1386 1385
f 1082 1385 1386
f 74 1387 1086
f 357 1388 1387
f 280 1086 1388
f 1387 1388 1086
f 95 1389 1391
f 358 1390 1389
f 357 1391 1390
f 1389 1390 1391
f 280 1388 1385
f 357 1390 1388
f 358 1385 1390
f 1388 1390 1385
f 94 1384 1371
f 355 1392 1384
f 353 1371 1392
f 1384 1392 1371
f 95 1391 1379
f 357 1393 1391
f 355 1379 1393
f 1391 1393 1379
f 74 1375 1387
f 353 1394 1375
f 357 1387 1394
f 1375 1394 1387
f 355 1393 1392
f 357 1394 1393
f 353 1392 1394
f 1393 1394 1392
f 3 1395 1397
f 359 1396 1395
f 361 1397 1396
f 1395 1396 1397
f 96 1398 1400
f 360 1399 1398
f 359 1400 1399
f 1398 1399 1400
f 98 1401 1403
f 361 1402 1401
f 360 1403 1402
f 1401 1402 1403
f 359 1399 1396
f 360 1402 1399
f 361 1396 1402
f 1399 1402 1396
f 28 1404 1406
f 362 1405 1404
f 364 1406 1405
f 1404 1405 1406
f 97 1407 1409
f 363 1408 1407
f 362 1409 1408
f 1407 1408 1409
f 96 1410 1412
f 364 1411 1410
f 363 1412 1411
f 1410 1411 1412
f 362 1408 1405
f 363 1411 1408
f 364 1405 1411
f 1408 1411 1405
f 27 1413 1415
f 365 1414 1413
f 367 1415 1414
f 1413 1414 1415
f 98 1416 1418
f 366 1417 1416
f 365 1418 1417
f 1416 1417 1418
f 97 1419 1421
f 367 1420 1419
f 366 1421 1420
f 1419 1420 1421
f 365 1417 1414
f 366 1420 1417
f 367 1414 1420
f 1417 1420 1414
f 96 1412 1398
f 363 1422 1412
f 360 1398 1422
f 1412 1422 1398
f 97 1421 1407
f 366 1423 1421
f 363 1407 1423
f 1421 1423 1407
f 98 1403 1416
f 360 1424 1403
f 366 1416 1424
f 1403 1424 1416
f 363 1423 1422
f 366 1424 1423
f 360 1422 1424
f 1423 1424 1422
f 22 1386 1350
f 358 1425 1386
f 347 1350 1425
f 1386 1425 1350
f 95 1426 1389
f 368 1427 1426
f 358 1389 1427
f 1426 1427 1389
f 92 1354 1429
f 347 1428 1354
f 368 1429 1428
f 1354 1428 1429
f 358 1427 1425
f 368 1428 1427
f 347 1425 1428
f 1427 1428 1425
f 27 1415 1376
f 367 1430 1415
f 354 1376 1430
f 1415 1430 1376
f 97 1431 1419
f 369 1432 1431
f 367 1419 1432
f 1431 1432 1419
f 95 1381 1434
f 354 1433 1381
f 369 1434 1433
f 1381 1433 1434
f 367 1432 1430
f 369 1433 1432
f 354 1430 1433
f 1432 1433 1430
f 28 1359 1404
f 351 1435 1359
f 362 1404 1435
f 1359 1435 1404
f 92 1436 1363
f 370 1437 1436
f 351 1363 1437
f 1436 1437 1363
f 97 1409 1439
f 362 1438 1409
f 370 1439 1438
f 1409 1438 1439
f 351 1437 1435
f 370 1438 1437
f 362 1435 1438
f 1437 1438 1435
f 95 1434 1426
f 369 1440 1434
f 368 1426 1440
f 1434 1440 1426
f 97 1439 1431
f 370 1441 1439
f 369 1431 1441
f 1439 1441 1431
f 92 1429 1436
f 368 1442 1429
f 370 1436 1442
f 1429 1442 1436
f 369 1441 1440
f 370 1442 1441
f 368 1440 1442
f 1441 1442 1440
f 11 1005 1444
f 261 1443 1005
f 372 1444 1443
f 1005 1443 1444
f 72 1445 1009
f 371 1446 1445
f 261 1009 1446
f 1445 1446 1009
f 100 1447 1449
f 372 1448 1447
f 371 1449 1448
f 1447 1448 1449
f 261 1446 1443
f 371 1448 1446
f 372 1443 1448
f 1446 1448 1443
f 20 1450 1021
f 373 1451 1450
f 265 1021 1451
f 1450 1451 1021
f 99 1452 1454
f 374 1453 1452
f 373 1454 1453
f 1452 1453 1454
f 72 1026 1456
f 265 1455 1026
f 374 1456 1455
f 1026 1455 1456
f 373 1453 1451
f 374 1455 1453
f 265 1451 1455
f 1453 1455 1451
f 30 1457 1459
f 375 1458 1457
f 377 1459 1458
f 1457 1458 1459
f 100 1460 1462
f 376 1461 1460
f 375 1462 1461
f 1460 1461 1462
f 99 1463 1465
f 377 1464 1463
f 376 1465 1464
f 1463 1464 1465
f 375 1461 1458
f 376 1464 1461
f 377 1458 1464
f 1461 1464 1458
f 72 1456 1445
f 374 1466 1456
f 371 1445 1466
f 1456 1466 1445
f 99 1465 1452
f 376 1467 1465
f 374 1452 1467
f 1465 1467 1452
f 100 1449 1460
f 371 1468 1449
f 376 1460 1468
f 1449 1468 1460
f 374 1467 1466
f 376 1468 1467
f 371 1466 1468
f 1467 1468 1466
f 8 1469 977
f 378 1470 1469
f 252 977 1470
f 1469 1470 977
f 101 1471 1473
f 379 1472 1471
f 378 1473 1472
f 1471 1472 1473
f 68 981 1475
f 252 1474 981
f 379 1475 1474
f 981 1474 1475
f 378 1472 1470
f 379 1474 1472
f 252 1470 1474
f 1472 1474 1470
f 29 1476 1478
f 380 1477 1476
f 382 1478 1477
f 1476 1477 1478
f 102 1479 1481
f 381 1480 1479
f 380 1481 1480
f 1479 1480 1481
f 101 1482 1484
f 382 1483 1482
f 381 1484 1483
f 1482 1483 1484
f 380 1480 1477
f 381 1483 1480
f 382 1477 1483
f 1480 1483 1477
f 20 986 1486
f 256 1485 986
f 384 1486 1485
f 986 1485 1486
f 68 1487 990
f 383 1488 1487
f 256 990 1488
f 1487 1488 990
f 102 1489 1491
f 384 1490 1489
f 383 1491 1490
f 1489 1490 1491
f 256 1488 1485
f 383 1490 1488
f 384 1485 1490
f 1488 1490 1485
f 101 1484 1471
f 381 1492 1484
f 379 1471 1492
f 1484 1492 1471
f 102 1491 1479
f 383 1493 1491
f 381 1479 1493
f 1491 1493 1479
f 68 1475 1487
f 379 1494 1475
f 383 1487 1494
f 1475 1494 1487
f 381 1493 1492
f 383 1494 1493
f 379 1492 1494
f 1493 1494 1492
f 7 1495 1497
f 385 1496 1495
f 387 1497 1496
f 1495 1496 1497
f 103 1498 1500
f 386 1499 1498
f 385 1500 1499
f 1498 1499 1500
f 105 1501 1503
f 387 1502 1501
f 386 1503 1502
f 1501 1502 1503
f 385 1499 1496
f 386 1502 1499
f 387 1496 1502
f 1499 1502 1496
f 30 1504 1506
f 388 1505 1504
f 390 1506 1505
f 1504 1505 1506
f 104 1507 1509
f 389 1508 1507
f 388 1509 1508
f 1507 1508 1509
f 103 1510 1512
f 390 1511 1510
f 389 1512 1511
f 1510 1511 1512
f 388 1508 1505
f 389 1511 1508
f 390 1505 1511
f 1508 1511 1505
f 29 1513 1515
f 391 1514 1513
f 393 1515 1514
f 1513 1514 1515
f 105 1516 1518
f 392 1517 1516
f 391 1518 1517
f 1516 1517 1518
f 104 1519 1521
f 393 1520 1519
f 392 1521 1520
f 1519 1520 1521
f 391 1517 1514
f 392 1520 1517
f 393 1514 1520
f 1517 1520 1514
f 103 1512 1498
f 389 1522 1512
f 386 1498 1522
f 1512 1522 1498
f 104 1521 1507
f 392 1523 1521
f 389 1507 1523
f 1521 1523 1507
f 105 1503 1516
f 386 1524 1503
f 392 1516 1524
f 1503 1524 1516
f 389 1523 1522
f 392 1524 1523
f 386 1522 1524
f 1523 1524 1522
f 20 1486 1450
f 384 1525 1486
f 373 1450 1525
f 1486 1525 1450
f 102 1526 1489
f 394 1527 1526
f 384 1489 1527
f 1526 1527 1489
f 99 1454 1529
f 373 1528 1454
f 394 1529 1528
f 1454 1528 1529
f 384 1527 1525
f 394 1528 1527
f 373 1525 1528
f 1527 1528 1525
f 29 1515 1476
f 393 1530 1515
f 380 1476 1530
f 1515 1530 1476
f 104 1531 1519
f 395 1532 1531
f 393 1519 1532
f 1531 1532 1519
f 102 1481 1534
f 380 1533 1481
f 395 1534 1533
f 1481 1533 1534
f 393 1532 1530
f 395 1533 1532
f 380 1530 1533
f 1532 1533 1530
f 30 1459 1504
f 377 1535 1459
f 388 1504 1535
f 1459 1535 1504
f 99 1536 1463
f 396 1537 1536
f 377 1463 1537
f 1536 1537 1463
f 104 1509 1539
f 388 1538 1509
f 396 1539 1538
f 1509 1538 1539
f 377 1537 1535
f 396 1538 1537
f 388 1535 1538
f 1537 1538 1535
f 102 1534 1526
f 395 1540 1534
f 394 1526 1540
f 1534 1540 1526
f 104 1539 1531
f 396 1541 1539
f 395 1531 1541
f 1539 1541 1531
f 99 1529 1536
f 394 1542 1529
f 396 1536 1542
f 1529 1542 1536
f 395 1541 1540
f 396 1542 1541
f 394 1540 1542
f 1541 1542 1540
f 8 905 1544
f 235 1543 905
f 398 1544 1543
f 905 1543 1544
f 65 1545 909
f 397 1546 1545
f 235 909 1546
f 1545 1546 909
f 107 1547 1549
f 398 1548 1547
f 397 1549 1548
f 1547 1548 1549
f 235 1546 1543
f 397 1548 1546
f 398 1543 1548
f 1546 1548 1543
f 18 1550 921
f 399 1551 1550
f 239 921 1551
f 1550 1551 921
f 106 1552 1554
f 400 1553 1552
f 399 1554 1553
f 1552 1553 1554
f 65 926 1556
f 239 1555 926
f 400 1556 1555
f 926 1555 1556
f 399 1553 1551
f 400 1555 1553
f 239 1551 1555
f 1553 1555 1551
f 32 1557 1559
f 401 1558 1557
f 403 1559 1558
f 1557 1558 1559
f 107 1560 1562
f 402 1561 1560
f 401 1562 1561
f 1560 1561 1562
f 106 1563 1565
f 403 1564 1563
f 402 1565 1564
f 1563 1564 1565
f 401 1561 1558
f 402 1564 1561
f 403 1558 1564
f 1561 1564 1558
f 65 1556 1545
f 400 1566 1556
f 397 1545 1566
f 1556 1566 1545
f 106 1565 1552
f 402 1567 1565
f 400 1552 1567
f 1565 1567 1552
f 107 1549 1560
f 397 1568 1549
f 402 1560 1568
f 1549 1568 1560
f 400 1567 1566
f 402 1568 1567
f 397 1566 1568
f 1567 1568 1566
f 2 1569 877
f 404 1570 1569
f 226 877 1570
f 1569 1570 877
f 108 1571 1573
f 405 1572 1571
f 404 1573 1572
f 1571 1572 1573
f 61 881 1575
f 226 1574 881
f 405 1575 1574
f 881 1574 1575
f 404 1572 1570
f 405 1574 1572
f 226 1570 1574
f 1572 1574 1570
f 31 1576 1578
f 406 1577 1576
f 408 1578 1577
f 1576 1577 1578
f 109 1579 1581
f 407 1580 1579
f 406 1581 1580
f 1579 1580 1581
f 108 1582 1584
f 408 1583 1582
f 407 1584 1583
f 1582 1583 1584
f 406 1580 1577
f 407 1583 1580
f 408 1577 1583
f 1580 1583 1577
f 18 886 1586
f 230 1585 886
f 410 1586 1585
f 886 1585 1586
f 61 1587 890
f 409 1588 1587
f 230 890 1588
f 1587 1588 890
f 109 1589 1591
f 410 1590 1589
f 409 1591 1590
f 1589 1590 1591
f 230 1588 1585
f 409 1590 1588
f 410 1585 1590
f 1588 1590 1585
f 108 1584 1571
f 407 1592 1584
f 405 1571 1592
f 1584 1592 1571
f 109 1591 1579
f 409 1593 1591
f 407 1579 1593
f 1591 1593 1579
f 61 1575 1587
f 405 1594 1575
f 409 1587 1594
f 1575 1594 1587
f 407 1593 1592
f 409 1594 1593
f 405 1592 1594
f 1593 1594 1592
f 9 1595 1597
f 411 1596 1595
f 413 1597 1596
f 1595 1596 1597
f 110 1598 1600
f 412 1599 1598
f 411 1600 1599
f 1598 1599 1600
f 112 1601 1603
f 413 1602 1601
f 412 1603 1602
f 1601 1602 1603
f 411 1599 1596
f 412 1602 1599
f 413 1596 1602
f 1599 1602 1596
f 32 1604 1606
f 414 1605 1604
f 416 1606 1605
f 1604 1605 1606
f 111 1607 1609
f 415 1608 1607
f 414 1609 1608
f 1607 1608 1609
f 110 1610 1612
f 416 1611 1610
f 415 1612 1611
f 1610 1611 1612
f 414 1608 1605
f 415 1611 1608
f 416 1605 1611
f 1608 1611 1605
f 31 1613 1615
f 417 1614 1613
f 419 1615 1614
f 1613 1614 1615
f 112 1616 1618
f 418 1617 1616
f 417 1618 1617
f 1616 1617 1618
f 111 1619 1621
f 419 1620 1619
f 418 1621 1620
f 1619 1620 1621
f 417 1617 1614
f 418 1620 1617
f 419 1614 1620
f 1617 1620 1614
f 110 1612 1598
f 415 1622 1612
f 412 1598 1622
f 1612 1622 1598
f 111 1621 1607
f 418 1623 1621
f 415 1607 1623
f 1621 1623 1607
f 112 1603 1616
f 412 1624 1603
f 418 1616 1624
f 1603 1624 1616
f 415 1623 1622
f 418 1624 1623
f 412 1622 1624
f 1623 1624 1622
f 18 1586 1550
f 410 1625 1586
f 399 1550 1625
f 1586 1625 1550
f 109 1626 1589
f 420 1627 1626
f 410 1589 1627
f 1626 1627 1589
f 106 1554 1629
f 399 1628 1554
f 420 1629 1628
f 1554 1628 1629
f 410 1627 1625
f 420 1628 1627
f 399 1625 1628
f 1627 1628 1625
f 31 1615 1576
f 419 1630 1615
f 406 1576 1630
f 1615 1630 1576
f 111 1631 1619
f 421 1632 1631
f 419 1619 1632
f 1631 1632 1619
f 109 1581 1634
f 406 1633 1581
f 421 1634 1633
f 1581 1633 1634
f 419 1632 1630
f 421 1633 1632
f 406 1630 1633
f 1632 1633 1630
f 32 1559 1604
f 403 1635 1559
f 414 1604 1635
f 1559 1635 1604
f 106 1636 1563
f 422 1637 1636
f 403 1563 1637
f 1636 1637 1563
f 111 1609 1639
f 414 1638 1609
f 422 1639 1638
f 1609 1638 1639
f 403 1637 1635
f 422 1638 1637
f 414 1635 1638
f 1637 1638 1635
f 109 1634 1626
f 421 1640 1634
f 420 1626 1640
f 1634 1640 1626
f 111 1639 1631
f 422 1641 1639
f 421 1631 1641
f 1639 1641 1631
f 106 1629 1636
f 420 1642 1629
f 422 1636 1642
f 1629 1642 1636
f 421 1641 1640
f 422 1642 1641
f 420 1640 1642
f 1641 1642 1640
f 4 1643 1645
f 423 1644 1643
f 425 1645 1644
f 1643 1644 1645
f 113 1646 1648
f 424 1647 1646
f 423 1648 1647
f 1646 1647 1648
f 115 1649 1651
f 425 1650 1649
f 424 1651 1650
f 1649 1650 1651
f 423 1647 1644
f 424 1650 1647
f 425 1644 1650
f 1647 1650 1644
f 33 1652 1654
f 426 1653 1652
f 428 1654 1653
f 1652 1653 1654
f 114 1655 1657
f 427 1656 1655
f 426 1657 1656
f 1655 1656 1657
f 113 1658 1660
f 428 1659 1658
f 427 1660 1659
f 1658 1659 1660
f 426 1656 1653
f 427 1659 1656
f 428 1653 1659
f 1656 1659 1653
f 35 1661 1663
f 429 1662 1661
f 431 1663 1662
f 1661 1662 1663
f 115 1664 1666
f 430 1665 1664
f 429 1666 1665
f 1664 1665 1666
f 114 1667 1669
f 431 1668 1667
f 430 1669 1668
f 1667 1668 1669
f 429 1665 1662
f 430 1668 1665
f 431 1662 1668
f 1665 1668 1662
f 113 1660 1646
f 427 1670 1660
f 424 1646 1670
f 1660 1670 1646
f 114 1669 1655
f 430 1671 1669
f 427 1655 1671
f 1669 1671 1655
f 115 1651 1664
f 424 1672 1651
f 430 1664 1672
f 1651 1672 1664
f 427 1671 1670
f 430 1672 1671
f 424 1670 1672
f 1671 1672 1670
f 10 1673 1675
f 432 1674 1673
f 434 1675 1674
f 1673 1674 1675
f 116 1676 1678
f 433 1677 1676
f 432 1678 1677
f 1676 1677 1678
f 118 1679 1681
f 434 1680 1679
f 433 1681 1680
f 1679 1680 1681
f 432 1677 1674
f 433 1680 1677
f 434 1674 1680
f 1677 1680 1674
f 34 1682 1684
f 435 1683 1682
f 437 1684 1683
f 1682 1683 1684
f 117 1685 1687
f 436 1686 1685
f 435 1687 1686
f 1685 1686 1687
f 116 1688 1690
f 437 1689 1688
f 436 1690 1689
f 1688 1689 1690
f 435 1686 1683
f 436 1689 1686
f 437 1683 1689
f 1686 1689 1683
f 33 1691 1693
f 438 1692 1691
f 440 1693 1692
f 1691 1692 1693
f 118 1694 1696
f 439 1695 1694
f 438 1696 1695
f 1694 1695 1696
f 117 1697 1699
f 440 1698 1697
f 439 1699 1698
f 1697 1698 1699
f 438 1695 1692
f 439 1698 1695
f 440 1692 1698
f 1695 1698 1692
f 116 1690 1676
f 436 1700 1690
f 433 1676 1700
f 1690 1700 1676
f 117 1699 1685
f 439 1701 1699
f 436 1685 1701
f 1699 1701 1685
f 118 1681 1694
f 433 1702 1681
f 439 1694 1702
f 1681 1702 1694
f 436 1701 1700
f 439 1702 1701
f 433 1700 1702
f 1701 1702 1700
f 5 1703 1705
f 441 1704 1703
f 443 1705 1704
f 1703 1704 1705
f 119 1706 1708
f 442 1707 1706
f 441 1708 1707
f 1706 1707 1708
f 121 1709 1711
f 443 1710 1709
f 442 1711 1710
f 1709 1710 1711
f 441 1707 1704
f 442 1710 1707
f 443 1704 1710
f 1707 1710 1704
f 35 1712 1714
f 444 1713 1712
f 446 1714 1713
f 1712 1713 1714
f 120 1715 1717
f 445 1716 1715
f 444 1717 1716
f 1715 1716 1717
f 119 1718 1720
f 446 1719 1718
f 445 1720 1719
f 1718 1719 1720
f 444 1716 1713
f 445 1719 1716
f 446 1713 1719
f 1716 1719 1713
f 34 1721 1723
f 447 1722 1721
f 449 1723 1722
f 1721 1722 1723
f 121 1724 1726
f 448 1725 1724
f 447 1726 1725
f 1724 1725 1726
f 120 1727 1729
f 449 1728 1727
f 448 1729 1728
f 1727 1728 1729
f 447 1725 1722
f 448 1728 1725
f 449 1722 1728
f 1725 1728 1722
f 119 1720 1706
f 445 1730 1720
f 442 1706 1730
f 1720 1730 1706
f 120 1729 1715
f 448 1731 1729
f 445 1715 1731
f 1729 1731 1715
f 121 1711 1724
f 442 1732 1711
f 448 1724 1732
f 1711 1732 1724
f 445 1731 1730
f 448 1732 1731
f 442 1730 1732
f 1731 1732 1730
f 33 1693 1652
f 440 1733 1693
f 426 1652 1733
f 1693 1733 1652
f 117 1734 1697
f 450 1735 1734
f 440 1697 1735
f 1734 1735 1697
f 114 1657 1737
f 426 1736 1657
f 450 1737 1736
f 1657 1736 1737
f 440 1735 1733
f 450 1736 1735
f 426 1733 1736
f 1735 1736 1733
f 34 1723 1682
f 449 1738 1723
f 435 1682 1738
f 1723 1738 1682
f 120 1739 1727
f 451 1740 1739
f 449 1727 1740
f 1739 1740 1727
f 117 1687 1742
f 435 1741 1687
f 451 1742 1741
f 1687 1741 1742
f 449 1740 1738
f 451 1741 1740
f 435 1738 1741
f 1740 1741 1738
f 35 1663 1712
f 431 1743 1663
f 444 1712 1743
f 1663 1743 1712
f 114 1744 1667
f 452 1745 1744
f 431 1667 1745
f 1744 1745 1667
f 120 1717 1747
f 444 1746 1717
f 452 1747 1746
f 1717 1746 1747
f 431 1745 1743
f 452 1746 1745
f 444 1743 1746
f 1745 1746 1743
f 117 1742 1734
f 451 1748 1742
f 450 1734 1748
f 1742 1748 1734
f 120 1747 1739
f 452 1749 1747
f 451 1739 1749
f 1747 1749 1739
f 114 1737 1744
f 450 1750 1737
f 452 1744 1750
f 1737 1750 1744
f 451 1749 1748
f 452 1750 1749
f 450 1748 1750
f 1749 1750 1748
f 4 1645 1752
f 425 1751 1645
f 454 1752 1751
f 1645 1751 1752
f 115 1753 1649
f 453 1754 1753
f 425 1649 1754
f 1753 1754 1649
f 123 1755 1757
f 454 1756 1755
f 453 1757 1756
f 1755 1756 1757
f 425 1754 1751
f 453 1756 1754
f 454 1751 1756
f 1754 1756 1751
f 35 1758 1661
f 455 1759 1758
f 429 1661 1759
f 1758 1759 1661
f 122 1760 1762
f 456 1761 1760
f 455 1762 1761
f 1760 1761 1762
f 115 1666 1764
f 429 1763 1666
f 456 1764 1763
f 1666 1763 1764
f 455 1761 1759
f 456 1763 1761
f 429 1759 1763
f 1761 1763 1759
f 37 1765 1767
f 457 1766 1765
f 459 1767 1766
f 1765 1766 1767
f 123 1768 1770
f 458 1769 1768
f 457 1770 1769
f 1768 1769 1770
f 122 1771 1773
f 459 1772 1771
f 458 1773 1772
f 1771 1772 1773
f 457 1769 1766
f 458 1772 1769
f 459 1766 1772
f 1769 1772 1766
f 115 1764 1753
f 456 1774 1764
f 453 1753 1774
f 1764 1774 1753
f 122 1773 1760
f 458 1775 1773
f 456 1760 1775
f 1773 1775 1760
f 123 1757 1768
f 453 1776 1757
f 458 1768 1776
f 1757 1776 1768
f 456 1775 1774
f 458 1776 1775
f 453 1774 1776
f 1775 1776 1774
f 5 1777 1703
f 460 1778 1777
f 441 1703 1778
f 1777 1778 1703
f 124 1779 1781
f 461 1780 1779
f 460 1781 1780
f 1779 1780 1781
f 119 1708 1783
f 441 1782 1708
f 461 1783 1782
f 1708 1782 1783
f 460 1780 1778
f 461 1782 1780
f 441 1778 1782
f 1780 1782 1778
f 36 1784 1786
f 462 1785 1784
f 464 1786 1785
f 1784 1785 1786
f 125 1787 1789
f 463 1788 1787
f 462 1789 1788
f 1787 1788 1789
f 124 1790 1792
f 464 1791 1790
f 463 1792 1791
f 1790 1791 1792
f 462 1788 1785
f 463 1791 1788
f 464 1785 1791
f 1788 1791 1785
f 35 1714 1794
f 446 1793 1714
f 466 1794 1793
f 1714 1793 1794
f 119 1795 1718
f 465 1796 1795
f 446 1718 1796
f 1795 1796 1718
f 125 1797 1799
f 466 1798 1797
f 465 1799 1798
f 1797 1798 1799
f 446 1796 1793
f 465 1798 1796
f 466 1793 1798
f 1796 1798 1793
f 124 1792 1779
f 463 1800 1792
f 461 1779 1800
f 1792 1800 1779
f 125 1799 1787
f 465 1801 1799
f 463 1787 1801
f 1799 1801 1787
f 119 1783 1795
f 461 1802 1783
f 465 1795 1802
f 1783 1802 1795
f 463 1801 1800
f 465 1802 1801
f 461 1800 1802
f 1801 1802 1800
f 3 1803 1805
f 467 1804 1803
f 469 1805 1804
f 1803 1804 1805
f 126 1806 1808
f 468 1807 1806
f 467 1808 1807
f 1806 1807 1808
f 128 1809 1811
f 469 1810 1809
f 468 1811 1810
f 1809 1810 1811
f 467 1807 1804
f 468 1810 1807
f 469 1804 1810
f 1807 1810 1804
f 37 1812 1814
f 470 1813 1812
f 472 1814 1813
f 1812 1813 1814
f 127 1815 1817
f 471 1816 1815
f 470 1817 1816
f 1815 1816 1817
f 126 1818 1820
f 472 1819 1818
f 471 1820 1819
f 1818 1819 1820
f 470 1816 1813
f 471 1819 1816
f 472 1813 1819
f 1816 1819 1813
f 36 1821 1823
f 473 1822 1821
f 475 1823 1822
f 1821 1822 1823
f 128 1824 1826
f 474 1825 1824
f 473 1826 1825
f 1824 1825 1826
f 127 1827 1829
f 475 1828 1827
f 474 1829 1828
f 1827 1828 1829
f 473 1825 1822
f 474 1828 1825
f 475 1822 1828
f 1825 1828 1822
f 126 1820 1806
f 471 1830 1820
f 468 1806 1830
f 1820 1830 1806
f 127 1829 1815
f 474 1831 1829
f 471 1815 1831
f 1829 1831 1815
f 128 1811 1824
f 468 1832 1811
f 474 1824 1832
f 1811 1832 1824
f 471 1831 1830
f 474 1832 1831
f 468 1830 1832
f 1831 1832 1830
f 35 1794 1758
f 466 1833 1794
f 455 1758 1833
f 1794 1833 1758
f 125 1834 1797
f 476 1835 1834
f 466 1797 1835
f 1834 1835 1797
f 122 1762 1837
f 455 1836 1762
f 476 1837 1836
f 1762 1836 1837
f 466 1835 1833
f 476 1836 1835
f 455 1833 1836
f 1835 1836 1833
f 36 1823 1784
f 475 1838 1823
f 462 1784 1838
f 1823 1838 1784
f 127 1839 1827
f 477 1840 1839
f 475 1827 1840
f 1839 1840 1827
f 125 1789 1842
f 462 1841 1789
f 477 1842 1841
f 1789 1841 1842
f 475 1840 1838
f 477 1841 1840
f 462 1838 1841
f 1840 1841 1838
f 37 1767 1812
f 459 1843 1767
f 470 1812 1843
f 1767 1843 1812
f 122 1844 1771
f 478 1845 1844
f 459 1771 1845
f 1844 1845 1771
f 127 1817 1847
f 470 1846 1817
f 478 1847 1846
f 1817 1846 1847
f 459 1845 1843
f 478 1846 1845
f 470 1843 1846
f 1845 1846 1843
f 125 1842 1834
f 477 1848 1842
f 476 1834 1848
f 1842 1848 1834
f 127 1847 1839
f 478 1849 1847
f 477 1839 1849
f 1847 1849 1839
f 122 1837 1844
f 476 1850 1837
f 478 1844 1850
f 1837 1850 1844
f 477 1849 1848
f 478 1850 1849
f 476 1848 1850
f 1849 1850 1848
f 4 1752 1852
f 454 1851 1752
f 480 1852 1851
f 1752 1851 1852
f 123 1853 1755
f 479 1854 1853
f 454 1755 1854
f 1853 1854 1755
f 130 1855 1857
f 480 1856 1855
f 479 1857 1856
f 1855 1856 1857
f 454 1854 1851
f 479 1856 1854
f 480 1851 1856
f 1854 1856 1851
f 37 1858 1765
f 481 1859 1858
f 457 1765 1859
f 1858 1859 1765
f 129 1860 1862
f 482 1861 1860
f 481 1862 1861
f 1860 1861 1862
f 123 1770 1864
f 457 1863 1770
f 482 1864 1863
f 1770 1863 1864
f 481 1861 1859
f 482 1863 1861
f 457 1859 1863
f 1861 1863 1859
f 39 1865 1867
f 483 1866 1865
f 485 1867 1866
f 1865 1866 1867
f 130 1868 1870
f 484 1869 1868
f 483 1870 1869
f 1868 1869 1870
f 129 1871 1873
f 485 1872 1871
f 484 1873 1872
f 1871 1872 1873
f 483 1869 1866
f 484 1872 1869
f 485 1866 1872
f 1869 1872 1866
f 123 1864 1853
f 482 1874 1864
f 479 1853 1874
f 1864 1874 1853
f 129 1873 1860
f 484 1875 1873
f 482 1860 1875
f 1873 1875 1860
f 130 1857 1868
f 479 1876 1857
f 484 1868 1876
f 1857 1876 1868
f 482 1875 1874
f 484 1876 1875
f 479 1874 1876
f 1875 1876 1874
f 3 1877 1803
f 486 1878 1877
f 467 1803 1878
f 1877 1878 1803
f 131 1879 1881
f 487 1880 1879
f 486 1881 1880
f 1879 1880 1881
f 126 1808 1883
f 467 1882 1808
f 487 1883 1882
f 1808 1882 1883
f 486 1880 1878
f 487 1882 1880
f 467 1878 1882
f 1880 1882 1878
f 38 1884 1886
f 488 1885 1884
f 490 1886 1885
f 1884 1885 1886
f 132 1887 1889
f 489 1888 1887
f 488 1889 1888
f 1887 1888 1889
f 131 1890 1892
f 490 1891 1890
f 489 1892 1891
f 1890 1891 1892
f 488 1888 1885
f 489 1891 1888
f 490 1885 1891
f 1888 1891 1885
f 37 1814 1894
f 472 1893 1814
f 492 1894 1893
f 1814 1893 1894
f 126 1895 1818
f 491 1896 1895
f 472 1818 1896
f 1895 1896 1818
f 132 1897 1899
f 492 1898 1897
f 491 1899 1898
f 1897 1898 1899
f 472 1896 1893
f 491 1898 1896
f 492 1893 1898
f 1896 1898 1893
f 131 1892 1879
f 489 1900 1892
f 487 1879 1900
f 1892 1900 1879
f 132 1899 1887
f 491 1901 1899
f 489 1887 1901
f 1899 1901 1887
f 126 1883 1895
f 487 1902 1883
f 491 1895 1902
f 1883 1902 1895
f 489 1901 1900
f 491 1902 1901
f 487 1900 1902
f 1901 1902 1900
f 7 1903 1905
f 493 1904 1903
f 495 1905 1904
f 1903 1904 1905
f 133 1906 1908
f 494 1907 1906
f 493 1908 1907
f 1906 1907 1908
f 135 1909 1911
f 495 1910 1909
f 494 1911 1910
f 1909 1910 1911
f 493 1907 1904
f 494 1910 1907
f 495 1904 1910
f 1907 1910 1904
f 39 1912 1914
f 496 1913 1912
f 498 1914 1913
f 1912 1913 1914
f 134 1915 1917
f 497 1916 1915
f 496 1917 1916
f 1915 1916 1917
f 133 1918 1920
f 498 1919 1918
f 497 1920 1919
f 1918 1919 1920
f 496 1916 1913
f 497 1919 1916
f 498 1913 1919
f 1916 1919 1913
f 38 1921 1923
f 499 1922 1921
f 501 1923 1922
f 1921 1922 1923
f 135 1924 1926
f 500 1925 1924
f 499 1926 1925
f 1924 1925 1926
f 134 1927 1929
f 501 1928 1927
f 500 1929 1928
f 1927 1928 1929
f 499 1925 1922
f 500 1928 1925
f 501 1922 1928
f 1925 1928 1922
f 133 1920 1906
f 497 1930 1920
f 494 1906 1930
f 1920 1930 1906
f 134 1929 1915
f 500 1931 1929
f 497 1915 1931
f 1929 1931 1915
f 135 1911 1924
f 494 1932 1911
f 500 1924 1932
f 1911 1932 1924
f 497 1931 1930
f 500 1932 1931
f 494 1930 1932
f 1931 1932 1930
f 37 1894 1858
f 492 1933 1894
f 481 1858 1933
f 1894 1933 1858
f 132 1934 1897
f 502 1935 1934
f 492 1897 1935
f 1934 1935 1897
f 129 1862 1937
f 481 1936 1862
f 502 1937 1936
f 1862 1936 1937
f 492 1935 1933
f 502 1936 1935
f 481 1933 1936
f 1935 1936 1933
f 38 1923 1884
f 501 1938 1923
f 488 1884 1938
f 1923 1938 1884
f 134 1939 1927
f 503 1940 1939
f 501 1927 1940
f 1939 1940 1927
f 132 1889 1942
f 488 1941 1889
f 503 1942 1941
f 1889 1941 1942
f 501 1940 1938
f 503 1941 1940
f 488 1938 1941
f 1940 1941 1938
f 39 1867 1912
f 485 1943 1867
f 496 1912 1943
f 1867 1943 1912
f 129 1944 1871
f 504 1945 1944
f 485 1871 1945
f 1944 1945 1871
f 134 1917 1947
f 496 1946 1917
f 504 1947 1946
f 1917 1946 1947
f 485 1945 1943
f 504 1946 1945
f 496 1943 1946
f 1945 1946 1943
f 132 1942 1934
f 503 1948 1942
f 502 1934 1948
f 1942 1948 1934
f 134 1947 1939
f 504 1949 1947
f 503 1939 1949
f 1947 1949 1939
f 129 1937 1944
f 502 1950 1937
f 504 1944 1950
f 1937 1950 1944
f 503 1949 1948
f 504 1950 1949
f 502 1948 1950
f 1949 1950 1948
f 4 1852 1952
f 480 1951 1852
f 506 1952 1951
f 1852 1951 1952
f 130 1953 1855
f 505 1954 1953
f 480 1855 1954
f 1953 1954 1855
f 137 1955 1957
f 506 1956 1955
f 505 1957 1956
f 1955 1956 1957
f 480 1954 1951
f 505 1956 1954
f 506 1951 1956
f 1954 1956 1951
f 39 1958 1865
f 507 1959 1958
f 483 1865 1959
f 1958 1959 1865
f 136 1960 1962
f 508 1961 1960
f 507 1962 1961
f 1960 1961 1962
f 130 1870 1964
f 483 1963 1870
f 508 1964 1963
f 1870 1963 1964
f 507 1961 1959
f 508 1963 1961
f 483 1959 1963
f 1961 1963 1959
f 41 1965 1967
f 509 1966 1965
f 511 1967 1966
f 1965 1966 1967
f 137 1968 1970
f 510 1969 1968
f 509 1970 1969
f 1968 1969 1970
f 136 1971 1973
f 511 1972 1971
f 510 1973 1972
f 1971 1972 1973
f 509 1969 1966
f 510 1972 1969
f 511 1966 1972
f 1969 1972 1966
f 130 1964 1953
f 508 1974 1964
f 505 1953 1974
f 1964 1974 1953
f 136 1973 1960
f 510 1975 1973
f 508 1960 1975
f 1973 1975 1960
f 137 1957 1968
f 505 1976 1957
f 510 1968 1976
f 1957 1976 1968
f 508 1975 1974
f 510 1976 1975
f 505 1974 1976
f 1975 1976 1974
f 7 1977 1903
f 512 1978 1977
f 493 1903 1978
f 1977 1978 1903
f 138 1979 1981
f 513 1980 1979
f 512 1981 1980
f 1979 1980 1981
f 133 1908 1983
f 493 1982 1908
f 513 1983 1982
f 1908 1982 1983
f 512 1980 1978
f 513 1982 1980
f 493 1978 1982
f 1980 1982 1978
f 40 1984 1986
f 514 1985 1984
f 516 1986 1985
f 1984 1985 1986
f 139 1987 1989
f 515 1988 1987
f 514 1989 1988
f 1987 1988 1989
f 138 1990 1992
f 516 1991 1990
f 515 1992 1991
f 1990 1991 1992
f 514 1988 1985
f 515 1991 1988
f 516 1985 1991
f 1988 1991 1985
f 39 1914 1994
f 498 1993 1914
f 518 1994 1993
f 1914 1993 1994
f 133 1995 1918
f 517 1996 1995
f 498 1918 1996
f 1995 1996 1918
f 139 1997 1999
f 518 1998 1997
f 517 1999 1998
f 1997 1998 1999
f 498 1996 1993
f 517 1998 1996
f 518 1993 1998
f 1996 1998 1993
f 138 1992 1979
f 515 2000 1992
f 513 1979 2000
f 1992 2000 1979
f 139 1999 1987
f 517 2001 1999
f 515 1987 2001
f 1999 2001 1987
f 133 1983 1995
f 513 2002 1983
f 517 1995 2002
f 1983 2002 1995
f 515 2001 2000
f 517 2002 2001
f 513 2000 2002
f 2001 2002 2000
f 9 2003 2005
f 519 2004 2003
f 521 2005 2004
f 2003 2004 2005
f 140 2006 2008
f 520 2007 2006
f 519 2008 2007
f 2006 2007 2008
f 142 2009 2011
f 521 2010 2009
f 520 2011 2010
f 2009 2010 2011
f 519 2007 2004
f 520 2010 2007
f 521 2004 2010
f 2007 2010 2004
f 41 2012 2014
f 522 2013 2012
f 524 2014 2013
f 2012 2013 2014
f 141 2015 2017
f 523 2016 2015
f 522 2017 2016
f 2015 2016 2017
f 140 2018 2020
f 524 2019 2018
f 523 2020 2019
f 2018 2019 2020
f 522 2016 2013
f 523 2019 2016
f 524 2013 2019
f 2016 2019 2013
f 40 2021 2023
f 525 2022 2021
f 527 2023 2022
f 2021 2022 2023
f 142 2024 2026
f 526 2025 2024
f 525 2026 2025
f 2024 2025 2026
f 141 2027 2029
f 527 2028 2027
f 526 2029 2028
f 2027 2028 2029
f 525 2025 2022
f 526 2028 2025
f 527 2022 2028
f 2025 2028 2022
f 140 2020 2006
f 523 2030 2020
f 520 2006 2030
f 2020 2030 2006
f 141 2029 2015
f 526 2031 2029
f 523 2015 2031
f 2029 2031 2015
f 142 2011 2024
f 520 2032 2011
f 526 2024 2032
f 2011 2032 2024
f 523 2031 2030
f 526 2032 2031
f 520 2030 2032
f 2031 2032 2030
f 39 1994 1958
f 518 2033 1994
f 507 1958 2033
f 1994 2033 1958
f 139 2034 1997
f 528 2035 2034
f 518 1997 2035
f 2034 2035 1997
f 136 1962 2037
f 507 2036 1962
f 528 2037 2036
f 1962 2036 2037
f 518 2035 2033
f 528 2036 2035
f 507 2033 2036
f 2035 2036 2033
f 40 2023 1984
f 527 2038 2023
f 514 1984 2038
f 2023 2038 1984
f 141 2039 2027
f 529 2040 2039
f 527 2027 2040
f 2039 2040 2027
f 139 1989 2042
f 514 2041 1989
f 529 2042 2041
f 1989 2041 2042
f 527 2040 2038
f 529 2041 2040
f 514 2038 2041
f 2040 2041 2038
f 41 1967 2012
f 511 2043 1967
f 522 2012 2043
f 1967 2043 2012
f 136 2044 1971
f 530 2045 2044
f 511 1971 2045
f 2044 2045 1971
f 141 2017 2047
f 522 2046 2017
f 530 2047 2046
f 2017 2046 2047
f 511 2045 2043
f 530 2046 2045
f 522 2043 2046
f 2045 2046 2043
f 139 2042 2034
f 529 2048 2042
f 528 2034 2048
f 2042 2048 2034
f 141 2047 2039
f 530 2049 2047
f 529 2039 2049
f 2047 2049 2039
f 136 2037 2044
f 528 2050 2037
f 530 2044 2050
f 2037 2050 2044
f 529 2049 2048
f 530 2050 2049
f 528 2048 2050
f 2049 2050 2048
f 4 1952 1643
f 506 2051 1952
f 423 1643 2051
f 1952 2051 1643
f 137 2052 1955
f 531 2053 2052
f 506 1955 2053
f 2052 2053 1955
f 113 1648 2055
f 423 2054 1648
f 531 2055 2054
f 1648 2054 2055
f 506 2053 2051
f 531 2054 2053
f 423 2051 2054
f 2053 2054 2051
f 41 2056 1965
f 532 2057 2056
f 509 1965 2057
f 2056 2057 1965
f 143 2058 2060
f 533 2059 2058
f 532 2060 2059
f 2058 2059 2060
f 137 1970 2062
f 509 2061 1970
f 533 2062 2061
f 1970 2061 2062
f 532 2059 2057
f 533 2061 2059
f 509 2057 2061
f 2059 2061 2057
f 33 1654 2064
f 428 2063 1654
f 535 2064 2063
f 1654 2063 2064
f 113 2065 1658
f 534 2066 2065
f 428 1658 2066
f 2065 2066 1658
f 143 2067 2069
f 535 2068 2067
f 534 2069 2068
f 2067 2068 2069
f 428 2066 2063
f 534 2068 2066
f 535 2063 2068
f 2066 2068 2063
f 137 2062 2052
f 533 2070 2062
f 531 2052 2070
f 2062 2070 2052
f 143 2069 2058
f 534 2071 2069
f 533 2058 2071
f 2069 2071 2058
f 113 2055 2065
f 531 2072 2055
f 534 2065 2072
f 2055 2072 2065
f 533 2071 2070
f 534 2072 2071
f 531 2070 2072
f 2071 2072 2070
f 9 2073 2003
f 536 2074 2073
f 519 2003 2074
f 2073 2074 2003
f 144 2075 2077
f 537 2076 2075
f 536 2077 2076
f 2075 2076 2077
f 140 2008 2079
f 519 2078 2008
f 537 2079 2078
f 2008 2078 2079
f 536 2076 2074
f 537 2078 2076
f 519 2074 2078
f 2076 2078 2074
f 42 2080 2082
f 538 2081 2080
f 540 2082 2081
f 2080 2081 2082
f 145 2083 2085
f 539 2084 2083
f 538 2085 2084
f 2083 2084 2085
f 144 2086 2088
f 540 2087 2086
f 539 2088 2087
f 2086 2087 2088
f 538 2084 2081
f 539 2087 2084
f 540 2081 2087
f 2084 2087 2081
f 41 2014 2090
f 524 2089 2014
f 542 2090 2089
f 2014 2089 2090
f 140 2091 2018
f 541 2092 2091
f 524 2018 2092
f 2091 2092 2018
f 145 2093 2095
f 542 2094 2093
f 541 2095 2094
f 2093 2094 2095
f 524 2092 2089
f 541 2094 2092
f 542 2089 2094
f 2092 2094 2089
f 144 2088 2075
f 539 2096 2088
f 537 2075 2096
f 2088 2096 2075
f 145 2095 2083
f 541 2097 2095
f 539 2083 2097
f 2095 2097 2083
f 140 2079 2091
f 537 2098 2079
f 541 2091 2098
f 2079 2098 2091
f 539 2097 2096
f 541 2098 2097
f 537 2096 2098
f 2097 2098 2096
f 10 1675 2100
f 434 2099 1675
f 544 2100 2099
f 1675 2099 2100
f 118 2101 1679
f 543 2102 2101
f 434 1679 2102
f 2101 2102 1679
f 147 2103 2105
f 544 2104 2103
f 543 2105 2104
f 2103 2104 2105
f 434 2102 2099
f 543 2104 2102
f 544 2099 2104
f 2102 2104 2099
f 33 2106 1691
f 545 2107 2106
f 438 1691 2107
f 2106 2107 1691
f 146 2108 2110
f 546 2109 2108
f 545 2110 2109
f 2108 2109 2110
f 118 1696 2112
f 438 2111 1696
f 546 2112 2111
f 1696 2111 2112
f 545 2109 2107
f 546 2111 2109
f 438 2107 2111
f 2109 2111 2107
f 42 2113 2115
f 547 2114 2113
f 549 2115 2114
f 2113 2114 2115
f 147 2116 2118
f 548 2117 2116
f 547 2118 2117
f 2116 2117 2118
f 146 2119 2121
f 549 2120 2119
f 548 2121 2120
f 2119 2120 2121
f 547 2117 2114
f 548 2120 2117
f 549 2114 2120
f 2117 2120 2114
f 118 2112 2101
f 546 2122 2112
f 543 2101 2122
f 2112 2122 2101
f 146 2121 2108
f 548 2123 2121
f 546 2108 2123
f 2121 2123 2108
f 147 2105 2116
f 543 2124 2105
f 548 2116 2124
f 2105 2124 2116
f 546 2123 2122
f 548 2124 2123
f 543 2122 2124
f 2123 2124 2122
f 41 2090 2056
f 542 2125 2090
f 532 2056 2125
f 2090 2125 2056
f 145 2126 2093
f 550 2127 2126
f 542 2093 2127
f 2126 2127 2093
f 143 2060 2129
f 532 2128 2060
f 550 2129 2128
f 2060 2128 2129
f 542 2127 2125
f 550 2128 2127
f 532 2125 2128
f 2127 2128 2125
f 42 2115 2080
f 549 2130 2115
f 538 2080 2130
f 2115 2130 2080
f 146 2131 2119
f 551 2132 2131
f 549 2119 2132
f 2131 2132 2119
f 145 2085 2134
f 538 2133 2085
f 551 2134 2133
f 2085 2133 2134
f 549 2132 2130
f 551 2133 2132
f 538 2130 2133
f 2132 2133 2130
f 33 2064 2106
f 535 2135 2064
f 545 2106 2135
f 2064 2135 2106
f 143 2136 2067
f 552 2137 2136
f 535 2067 2137
f 2136 2137 2067
f 146 2110 2139
f 545 2138 2110
f 552 2139 2138
f 2110 2138 2139
f 535 2137 2135
f 552 2138 2137
f 545 2135 2138
f 2137 2138 2135
f 145 2134 2126
f 551 2140 2134
f 550 2126 2140
f 2134 2140 2126
f 146 2139 2131
f 552 2141 2139
f 551 2131 2141
f 2139 2141 2131
f 143 2129 2136
f 550 2142 2129
f 552 2136 2142
f 2129 2142 2136
f 551 2141 2140
f 552 2142 2141
f 550 2140 2142
f 2141 2142 2140
f 5 1705 1295
f 443 2143 1705
f 333 1295 2143
f 1705 2143 1295
f 121 2144 1709
f 553 2145 2144
f 443 1709 2145
f 2144 2145 1709
f 89 1300 2147
f 333 2146 1300
f 553 2147 2146
f 1300 2146 2147
f 443 2145 2143
f 553 2146 2145
f 333 2143 2146
f 2145 2146 2143
f 34 2148 1721
f 554 2149 2148
f 447 1721 2149
f 2148 2149 1721
f 148 2150 2152
f 555 2151 2150
f 554 2152 2151
f 2150 2151 2152
f 121 1726 2154
f 447 2153 1726
f 555 2154 2153
f 1726 2153 2154
f 554 2151 2149
f 555 2153 2151
f 447 2149 2153
f 2151 2153 2149
f 26 1306 2156
f 338 2155 1306
f 557 2156 2155
f 1306 2155 2156
f 89 2157 1310
f 556 2158 2157
f 338 1310 2158
f 2157 2158 1310
f 148 2159 2161
f 557 2160 2159
f 556 2161 2160
f 2159 2160 2161
f 338 2158 2155
f 556 2160 2158
f 557 2155 2160
f 2158 2160 2155
f 121 2154 2144
f 555 2162 2154
f 553 2144 2162
f 2154 2162 2144
f 148 2161 2150
f 556 2163 2161
f 555 2150 2163
f 2161 2163 2150
f 89 2147 2157
f 553 2164 2147
f 556 2157 2164
f 2147 2164 2157
f 555 2163 2162
f 556 2164 2163
f 553 2162 2164
f 2163 2164 2162
f 10 1197 1673
f 309 2165 1197
f 432 1673 2165
f 1197 2165 1673
f 84 2166 1201
f 558 2167 2166
f 309 1201 2167
f 2166 2167 1201
f 116 1678 2169
f 432 2168 1678
f 558 2169 2168
f 1678 2168 2169
f 309 2167 2165
f 558 2168 2167
f 432 2165 2168
f 2167 2168 2165
f 23 2170 1213
f 559 2171 2170
f 313 1213 2171
f 2170 2171 1213
f 149 2172 2174
f 560 2173 2172
f 559 2174 2173
f 2172 2173 2174
f 84 1218 2176
f 313 2175 1218
f 560 2176 2175
f 1218 2175 2176
f 559 2173 2171
f 560 2175 2173
f 313 2171 2175
f 2173 2175 2171
f 34 1684 2178
f 437 2177 1684
f 562 2178 2177
f 1684 2177 2178
f 116 2179 1688
f 561 2180 2179
f 437 1688 2180
f 2179 2180 1688
f 149 2181 2183
f 562 2182 2181
f 561 2183 2182
f 2181 2182 2183
f 437 2180 2177
f 561 2182 2180
f 562 2177 2182
f 2180 2182 2177
f 84 2176 2166
f 560 2184 2176
f 558 2166 2184
f 2176 2184 2166
f 149 2183 2172
f 561 2185 2183
f 560 2172 2185
f 2183 2185 2172
f 116 2169 2179
f 558 2186 2169
f 561 2179 2186
f 2169 2186 2179
f 560 2185 2184
f 561 2186 2185
f 558 2184 2186
f 2185 2186 2184
f 6 1244 1169
f 320 2187 1244
f 300 1169 2187
f 1244 2187 1169
f 86 2188 1247
f 563 2189 2188
f 320 1247 2189
f 2188 2189 1247
f 80 1173 2191
f 300 2190 1173
f 563 2191 2190
f 1173 2190 2191
f 320 2189 2187
f 563 2190 2189
f 300 2187 2190
f 2189 2190 2187
f 26 2192 1257
f 564 2193 2192
f 323 1257 2193
f 2192 2193 1257
f 150 2194 2196
f 565 2195 2194
f 564 2196 2195
f 2194 2195 2196
f 86 1262 2198
f 323 2197 1262
f 565 2198 2197
f 1262 2197 2198
f 564 2195 2193
f 565 2197 2195
f 323 2193 2197
f 2195 2197 2193
f 23 1178 2200
f 304 2199 1178
f 567 2200 2199
f 1178 2199 2200
f 80 2201 1182
f 566 2202 2201
f 304 1182 2202
f 2201 2202 1182
f 150 2203 2205
f 567 2204 2203
f 566 2205 2204
f 2203 2204 2205
f 304 2202 2199
f 566 2204 2202
f 567 2199 2204
f 2202 2204 2199
f 86 2198 2188
f 565 2206 2198
f 563 2188 2206
f 2198 2206 2188
f 150 2205 2194
f 566 2207 2205
f 565 2194 2207
f 2205 2207 2194
f 80 2191 2201
f 563 2208 2191
f 566 2201 2208
f 2191 2208 2201
f 565 2207 2206
f 566 2208 2207
f 563 2206 2208
f 2207 2208 2206
f 34 2178 2148
f 562 2209 2178
f 554 2148 2209
f 2178 2209 2148
f 149 2210 2181
f 568 2211 2210
f 562 2181 2211
f 2210 2211 2181
f 148 2152 2213
f 554 2212 2152
f 568 2213 2212
f 2152 2212 2213
f 562 2211 2209
f 568 2212 2211
f 554 2209 2212
f 2211 2212 2209
f 23 2200 2170
f 567 2214 2200
f 559 2170 2214
f 2200 2214 2170
f 150 2215 2203
f 569 2216 2215
f 567 2203 2216
f 2215 2216 2203
f 149 2174 2218
f 559 2217 2174
f 569 2218 2217
f 2174 2217 2218
f 567 2216 2214
f 569 2217 2216
f 559 2214 2217
f 2216 2217 2214
f 26 2156 2192
f 557 2219 2156
f 564 2192 2219
f 2156 2219 2192
f 148 2220 2159
f 570 2221 2220
f 557 2159 2221
f 2220 2221 2159
f 150 2196 2223
f 564 2222 2196
f 570 2223 2222
f 2196 2222 2223
f 557 2221 2219
f 570 2222 2221
f 564 2219 2222
f 2221 2222 2219
f 149 2218 2210
f 569 2224 2218
f 568 2210 2224
f 2218 2224 2210
f 150 2223 2215
f 570 2225 2223
f 569 2215 2225
f 2223 2225 2215
f 148 2213 2220
f 568 2226 2213
f 570 2220 2226
f 2213 2226 2220
f 569 2225 2224
f 570 2226 2225
f 568 2224 2226
f 2225 2226 2224
f 3 1805 1395
f 469 2227 1805
f 359 1395 2227
f 1805 2227 1395
f 128 2228 1809
f 571 2229 2228
f 469 1809 2229
f 2228 2229 1809
f 96 1400 2231
f 359 2230 1400
f 571 2231 2230
f 1400 2230 2231
f 469 2229 2227
f 571 2230 2229
f 359 2227 2230
f 2229 2230 2227
f 36 2232 1821
f 572 2233 2232
f 473 1821 2233
f 2232 2233 1821
f 151 2234 2236
f 573 2235 2234
f 572 2236 2235
f 2234 2235 2236
f 128 1826 2238
f 473 2237 1826
f 573 2238 2237
f 1826 2237 2238
f 572 2235 2233
f 573 2237 2235
f 473 2233 2237
f 2235 2237 2233
f 28 1406 2240
f 364 2239 1406
f 575 2240 2239
f 1406 2239 2240
f 96 2241 1410
f 574 2242 2241
f 364 1410 2242
f 2241 2242 1410
f 151 2243 2245
f 575 2244 2243
f 574 2245 2244
f 2243 2244 2245
f 364 2242 2239
f 574 2244 2242
f 575 2239 2244
f 2242 2244 2239
f 128 2238 2228
f 573 2246 2238
f 571 2228 2246
f 2238 2246 2228
f 151 2245 2234
f 574 2247 2245
f 573 2234 2247
f 2245 2247 2234
f 96 2231 2241
f 571 2248 2231
f 574 2241 2248
f 2231 2248 2241
f 573 2247 2246
f 574 2248 2247
f 571 2246 2248
f 2247 2248 2246
f 5 1297 1777
f 335 2249 1297
f 460 1777 2249
f 1297 2249 1777
f 91 2250 1301
f 576 2251 2250
f 335 1301 2251
f 2250 2251 1301
f 124 1781 2253
f 460 2252 1781
f 576 2253 2252
f 1781 2252 2253
f 335 2251 2249
f 576 2252 2251
f 460 2249 2252
f 2251 2252 2249
f 25 2254 1313
f 577 2255 2254
f 339 1313 2255
f 2254 2255 1313
f 152 2256 2258
f 578 2257 2256
f 577 2258 2257
f 2256 2257 2258
f 91 1318 2260
f 339 2259 1318
f 578 2260 2259
f 1318 2259 2260
f 577 2257 2255
f 578 2259 2257
f 339 2255 2259
f 2257 2259 2255
f 36 1786 2262
f 464 2261 1786
f 580 2262 2261
f 1786 2261 2262
f 124 2263 1790
f 579 2264 2263
f 464 1790 2264
f 2263 2264 1790
f 152 2265 2267
f 580 2266 2265
f 579 2267 2266
f 2265 2266 2267
f 464 2264 2261
f 579 2266 2264
f 580 2261 2266
f 2264 2266 2261
f 91 2260 2250
f 578 2268 2260
f 576 2250 2268
f 2260 2268 2250
f 152 2267 2256
f 579 2269 2267
f 578 2256 2269
f 2267 2269 2256
f 124 2253 2263
f 576 2270 2253
f 579 2263 2270
f 2253 2270 2263
f 578 2269 2268
f 579 2270 2269
f 576 2268 2270
f 2269 2270 2268
f 12 1344 1269
f 346 2271 1344
f 326 1269 2271
f 1344 2271 1269
f 93 2272 1347
f 581 2273 2272
f 346 1347 2273
f 2272 2273 1347
f 87 1273 2275
f 326 2274 1273
f 581 2275 2274
f 1273 2274 2275
f 346 2273 2271
f 581 2274 2273
f 326 2271 2274
f 2273 2274 2271
f 28 2276 1357
f 582 2277 2276
f 349 1357 2277
f 2276 2277 1357
f 153 2278 2280
f 583 2279 2278
f 582 2280 2279
f 2278 2279 2280
f 93 1362 2282
f 349 2281 1362
f 583 2282 2281
f 1362 2281 2282
f 582 2279 2277
f 583 2281 2279
f 349 2277 2281
f 2279 2281 2277
f 25 1278 2284
f 330 2283 1278
f 585 2284 2283
f 1278 2283 2284
f 87 2285 1282
f 584 2286 2285
f 330 1282 2286
f 2285 2286 1282
f 153 2287 2289
f 585 2288 2287
f 584 2289 2288
f 2287 2288 2289
f 330 2286 2283
f 584 2288 2286
f 585 2283 2288
f 2286 2288 2283
f 93 2282 2272
f 583 2290 2282
f 581 2272 2290
f 2282 2290 2272
f 153 2289 2278
f 584 2291 2289
f 583 2278 2291
f 2289 2291 2278
f 87 2275 2285
f 581 2292 2275
f 584 2285 2292
f 2275 2292 2285
f 583 2291 2290
f 584 2292 2291
f 581 2290 2292
f 2291 2292 2290
f 36 2262 2232
f 580 2293 2262
f 572 2232 2293
f 2262 2293 2232
f 152 2294 2265
f 586 2295 2294
f 580 2265 2295
f 2294 2295 2265
f 151 2236 2297
f 572 2296 2236
f 586 2297 2296
f 2236 2296 2297
f 580 2295 2293
f 586 2296 2295
f 572 2293 2296
f 2295 2296 2293
f 25 2284 2254
f 585 2298 2284
f 577 2254 2298
f 2284 2298 2254
f 153 2299 2287
f 587 2300 2299
f 585 2287 2300
f 2299 2300 2287
f 152 2258 2302
f 577 2301 2258
f 587 2302 2301
f 2258 2301 2302
f 585 2300 2298
f 587 2301 2300
f 577 2298 2301
f 2300 2301 2298
f 28 2240 2276
f 575 2303 2240
f 582 2276 2303
f 2240 2303 2276
f 151 2304 2243
f 588 2305 2304
f 575 2243 2305
f 2304 2305 2243
f 153 2280 2307
f 582 2306 2280
f 588 2307 2306
f 2280 2306 2307
f 575 2305 2303
f 588 2306 2305
f 582 2303 2306
f 2305 2306 2303
f 152 2302 2294
f 587 2308 2302
f 586 2294 2308
f 2302 2308 2294
f 153 2307 2299
f 588 2309 2307
f 587 2299 2309
f 2307 2309 2299
f 151 2297 2304
f 586 2310 2297
f 588 2304 2310
f 2297 2310 2304
f 587 2309 2308
f 588 2310 2309
f 586 2308 2310
f 2309 2310 2308
f 7 1905 1495
f 495 2311 1905
f 385 1495 2311
f 1905 2311 1495
f 135 2312 1909
f 589 2313 2312
f 495 1909 2313
f 2312 2313 1909
f 103 1500 2315
f 385 2314 1500
f 589 2315 2314
f 1500 2314 2315
f 495 2313 2311
f 589 2314 2313
f 385 2311 2314
f 2313 2314 2311
f 38 2316 1921
f 590 2317 2316
f 499 1921 2317
f 2316 2317 1921
f 154 2318 2320
f 591 2319 2318
f 590 2320 2319
f 2318 2319 2320
f 135 1926 2322
f 499 2321 1926
f 591 2322 2321
f 1926 2321 2322
f 590 2319 2317
f 591 2321 2319
f 499 2317 2321
f 2319 2321 2317
f 30 1506 2324
f 390 2323 1506
f 593 2324 2323
f 1506 2323 2324
f 103 2325 1510
f 592 2326 2325
f 390 1510 2326
f 2325 2326 1510
f 154 2327 2329
f 593 2328 2327
f 592 2329 2328
f 2327 2328 2329
f 390 2326 2323
f 592 2328 2326
f 593 2323 2328
f 2326 2328 2323
f 135 2322 2312
f 591 2330 2322
f 589 2312 2330
f 2322 2330 2312
f 154 2329 2318
f 592 2331 2329
f 591 2318 2331
f 2329 2331 2318
f 103 2315 2325
f 589 2332 2315
f 592 2325 2332
f 2315 2332 2325
f 591 2331 2330
f 592 2332 2331
f 589 2330 2332
f 2331 2332 2330
f 3 1397 1877
f 361 2333 1397
f 486 1877 2333
f 1397 2333 1877
f 98 2334 1401
f 594 2335 2334
f 361 1401 2335
f 2334 2335 1401
f 131 1881 2337
f 486 2336 1881
f 594 2337 2336
f 1881 2336 2337
f 361 2335 2333
f 594 2336 2335
f 486 2333 2336
f 2335 2336 2333
f 27 2338 1413
f 595 2339 2338
f 365 1413 2339
f 2338 2339 1413
f 155 2340 2342
f 596 2341 2340
f 595 2342 2341
f 2340 2341 2342
f 98 1418 2344
f 365 2343 1418
f 596 2344 2343
f 1418 2343 2344
f 595 2341 2339
f 596 2343 2341
f 365 2339 2343
f 2341 2343 2339
f 38 1886 2346
f 490 2345 1886
f 598 2346 2345
f 1886 2345 2346
f 131 2347 1890
f 597 2348 2347
f 490 1890 2348
f 2347 2348 1890
f 155 2349 2351
f 598 2350 2349
f 597 2351 2350
f 2349 2350 2351
f 490 2348 2345
f 597 2350 2348
f 598 2345 2350
f 2348 2350 2345
f 98 2344 2334
f 596 2352 2344
f 594 2334 2352
f 2344 2352 2334
f 155 2351 2340
f 597 2353 2351
f 596 2340 2353
f 2351 2353 2340
f 131 2337 2347
f 594 2354 2337
f 597 2347 2354
f 2337 2354 2347
f 596 2353 2352
f 597 2354 2353
f 594 2352 2354
f 2353 2354 2352
f 11 1444 1369
f 372 2355 1444
f 352 1369 2355
f 1444 2355 1369
f 100 2356 1447
f 599 2357 2356
f 372 1447 2357
f 2356 2357 1447
f 94 1373 2359
f 352 2358 1373
f 599 2359 2358
f 1373 2358 2359
f 372 2357 2355
f 599 2358 2357
f 352 2355 2358
f 2357 2358 2355
f 30 2360 1457
f 600 2361 2360
f 375 1457 2361
f 2360 2361 1457
f 156 2362 2364
f 601 2363 2362
f 600 2364 2363
f 2362 2363 2364
f 100 1462 2366
f 375 2365 1462
f 601 2366 2365
f 1462 2365 2366
f 600 2363 2361
f 601 2365 2363
f 375 2361 2365
f 2363 2365 2361
f 27 1378 2368
f 356 2367 1378
f 603 2368 2367
f 1378 2367 2368
f 94 2369 1382
f 602 2370 2369
f 356 1382 2370
f 2369 2370 1382
f 156 2371 2373
f 603 2372 2371
f 602 2373 2372
f 2371 2372 2373
f 356 2370 2367
f 602 2372 2370
f 603 2367 2372
f 2370 2372 2367
f 100 2366 2356
f 601 2374 2366
f 599 2356 2374
f 2366 2374 2356
f 156 2373 2362
f 602 2375 2373
f 601 2362 2375
f 2373 2375 2362
f 94 2359 2369
f 599 2376 2359
f 602 2369 2376
f 2359 2376 2369
f 601 2375 2374
f 602 2376 2375
f 599 2374 2376
f 2375 2376 2374
f 38 2346 2316
f 598 2377 2346
f 590 2316 2377
f 2346 2377 2316
f 155 2378 2349
f 604 2379 2378
f 598 2349 2379
f 2378 2379 2349
f 154 2320 2381
f 590 2380 2320
f 604 2381 2380
f 2320 2380 2381
f 598 2379 2377
f 604 2380 2379
f 590 2377 2380
f 2379 2380 2377
f 27 2368 2338
f 603 2382 2368
f 595 2338 2382
f 2368 2382 2338
f 156 2383 2371
f 605 2384 2383
f 603 2371 2384
f 2383 2384 2371
f 155 2342 2386
f 595 2385 2342
f 605 2386 2385
f 2342 2385 2386
f 603 2384 2382
f 605 2385 2384
f 595 2382 2385
f 2384 2385 2382
f 30 2324 2360
f 593 2387 2324
f 600 2360 2387
f 2324 2387 2360
f 154 2388 2327
f 606 2389 2388
f 593 2327 2389
f 2388 2389 2327
f 156 2364 2391
f 600 2390 2364
f 606 2391 2390
f 2364 2390 2391
f 593 2389 2387
f 606 2390 2389
f 600 2387 2390
f 2389 2390 2387
f 155 2386 2378
f 605 2392 2386
f 604 2378 2392
f 2386 2392 2378
f 156 2391 2383
f 606 2393 2391
f 605 2383 2393
f 2391 2393 2383
f 154 2381 2388
f 604 2394 2381
f 606 2388 2394
f 2381 2394 2388
f 605 2393 2392
f 606 2394 2393
f 604 2392 2394
f 2393 2394 2392
f 9 2005 1595
f 521 2395 2005
f 411 1595 2395
f 2005 2395 1595
f 142 2396 2009
f 607 2397 2396
f 521 2009 2397
f 2396 2397 2009
f 110 1600 2399
f 411 2398 1600
f 607 2399 2398
f 1600 2398 2399
f 521 2397 2395
f 607 2398 2397
f 411 2395 2398
f 2397 2398 2395
f 40 2400 2021
f 608 2401 2400
f 525 2021 2401
f 2400 2401 2021
f 157 2402 2404
f 609 2403 2402
f 608 2404 2403
f 2402 2403 2404
f 142 2026 2406
f 525 2405 2026
f 609 2406 2405
f 2026 2405 2406
f 608 2403 2401
f 609 2405 2403
f 525 2401 2405
f 2403 2405 2401
f 32 1606 2408
f 416 2407 1606
f 611 2408 2407
f 1606 2407 2408
f 110 2409 1610
f 610 2410 2409
f 416 1610 2410
f 2409 2410 1610
f 157 2411 2413
f 611 2412 2411
f 610 2413 2412
f 2411 2412 2413
f 416 2410 2407
f 610 2412 2410
f 611 2407 2412
f 2410 2412 2407
f 142 2406 2396
f 609 2414 2406
f 607 2396 2414
f 2406 2414 2396
f 157 2413 2402
f 610 2415 2413
f 609 2402 2415
f 2413 2415 2402
f 110 2399 2409
f 607 2416 2399
f 610 2409 2416
f 2399 2416 2409
f 609 2415 2414
f 610 2416 2415
f 607 2414 2416
f 2415 2416 2414
f 7 1497 1977
f 387 2417 1497
f 512 1977 2417
f 1497 2417 1977
f 105 2418 1501
f 612 2419 2418
f 387 1501 2419
f 2418 2419 1501
f 138 1981 2421
f 512 2420 1981
f 612 2421 2420
f 1981 2420 2421
f 387 2419 2417
f 612 2420 2419
f 512 2417 2420
f 2419 2420 2417
f 29 2422 1513
f 613 2423 2422
f 391 1513 2423
f 2422 2423 1513
f 158 2424 2426
f 614 2425 2424
f 613 2426 2425
f 2424 2425 2426
f 105 1518 2428
f 391 2427 1518
f 614 2428 2427
f 1518 2427 2428
f 613 2425 2423
f 614 2427 2425
f 391 2423 2427
f 2425 2427 2423
f 40 1986 2430
f 516 2429 1986
f 616 2430 2429
f 1986 2429 2430
f 138 2431 1990
f 615 2432 2431
f 516 1990 2432
f 2431 2432 1990
f 158 2433 2435
f 616 2434 2433
f 615 2435 2434
f 2433 2434 2435
f 516 2432 2429
f 615 2434 2432
f 616 2429 2434
f 2432 2434 2429
f 105 2428 2418
f 614 2436 2428
f 612 2418 2436
f 2428 2436 2418
f 158 2435 2424
f 615 2437 2435
f 614 2424 2437
f 2435 2437 2424
f 138 2421 2431
f 612 2438 2421
f 615 2431 2438
f 2421 2438 2431
f 614 2437 2436
f 615 2438 2437
f 612 2436 2438
f 2437 2438 2436
f 8 1544 1469
f 398 2439 1544
f 378 1469 2439
f 1544 2439 1469
f 107 2440 1547
f 617 2441 2440
f 398 1547 2441
f 2440 2441 1547
f 101 1473 2443
f 378 2442 1473
f 617 2443 2442
f 1473 2442 2443
f 398 2441 2439
f 617 2442 2441
f 378 2439 2442
f 2441 2442 2439
f 32 2444 1557
f 618 2445 2444
f 401 1557 2445
f 2444 2445 1557
f 159 2446 2448
f 619 2447 2446
f 618 2448 2447
f 2446 2447 2448
f 107 1562 2450
f 401 2449 1562
f 619 2450 2449
f 1562 2449 2450
f 618 2447 2445
f 619 2449 2447
f 401 2445 2449
f 2447 2449 2445
f 29 1478 2452
f 382 2451 1478
f 621 2452 2451
f 1478 2451 2452
f 101 2453 1482
f 620 2454 2453
f 382 1482 2454
f 2453 2454 1482
f 159 2455 2457
f 621 2456 2455
f 620 2457 2456
f 2455 2456 2457
f 382 2454 2451
f 620 2456 2454
f 621 2451 2456
f 2454 2456 2451
f 107 2450 2440
f 619 2458 2450
f 617 2440 2458
f 2450 2458 2440
f 159 2457 2446
f 620 2459 2457
f 619 2446 2459
f 2457 2459 2446
f 101 2443 2453
f 617 2460 2443
f 620 2453 2460
f 2443 2460 2453
f 619 2459 2458
f 620 2460 2459
f 617 2458 2460
f 2459 2460 2458
f 40 2430 2400
f 616 2461 2430
f 608 2400 2461
f 2430 2461 2400
f 158 2462 2433
f 622 2463 2462
f 616 2433 2463
f 2462 2463 2433
f 157 2404 2465
f 608 2464 2404
f 622 2465 2464
f 2404 2464 2465
f 616 2463 2461
f 622 2464 2463
f 608 2461 2464
f 2463 2464 2461
f 29 2452 2422
f 621 2466 2452
f 613 2422 2466
f 2452 2466 2422
f 159 2467 2455
f 623 2468 2467
f 621 2455 2468
f 2467 2468 2455
f 158 2426 2470
f 613 2469 2426
f 623 2470 2469
f 2426 2469 2470
f 621 2468 2466
f 623 2469 2468
f 613 2466 2469
f 2468 2469 2466
f 32 2408 2444
f 611 2471 2408
f 618 2444 2471
f 2408 2471 2444
f 157 2472 2411
f 624 2473 2472
f 611 2411 2473
f 2472 2473 2411
f 159 2448 2475
f 618 2474 2448
f 624 2475 2474
f 2448 2474 2475
f 611 2473 2471
f 624 2474 2473
f 618 2471 2474
f 2473 2474 2471
f 158 2470 2462
f 623 2476 2470
f 622 2462 2476
f 2470 2476 2462
f 159 2475 2467
f 624 2477 2475
f 623 2467 2477
f 2475 2477 2467
f 157 2465 2472
f 622 2478 2465
f 624 2472 2478
f 2465 2478 2472
f 623 2477 2476
f 624 2478 2477
f 622 2476 2478
f 2477 2478 2476
f 10 2100 1195
f 544 2479 2100
f 307 1195 2479
f 2100 2479 1195
f 147 2480 2103
f 625 2481 2480
f 544 2103 2481
f 2480 2481 2103
f 82 1200 2483
f 307 2482 1200
f 625 2483 2482
f 1200 2482 2483
f 544 2481 2479
f 625 2482 2481
f 307 2479 2482
f 2481 2482 2479
f 42 2484 2113
f 626 2485 2484
f 547 2113 2485
f 2484 2485 2113
f 160 2486 2488
f 627 2487 2486
f 626 2488 2487
f 2486 2487 2488
f 147 2118 2490
f 547 2489 2118
f 627 2490 2489
f 2118 2489 2490
f 626 2487 2485
f 627 2489 2487
f 547 2485 2489
f 2487 2489 2485
f 24 1206 2492
f 312 2491 1206
f 629 2492 2491
f 1206 2491 2492
f 82 2493 1210
f 628 2494 2493
f 312 1210 2494
f 2493 2494 1210
f 160 2495 2497
f 629 2496 2495
f 628 2497 2496
f 2495 2496 2497
f 312 2494 2491
f 628 2496 2494
f 629 2491 2496
f 2494 2496 2491
f 147 2490 2480
f 627 2498 2490
f 625 2480 2498
f 2490 2498 2480
f 160 2497 2486
f 628 2499 2497
f 627 2486 2499
f 2497 2499 2486
f 82 2483 2493
f 625 2500 2483
f 628 2493 2500
f 2483 2500 2493
f 627 2499 2498
f 628 2500 2499
f 625 2498 2500
f 2499 2500 2498
f 9 1597 2073
f 413 2501 1597
f 536 2073 2501
f 1597 2501 2073
f 112 2502 1601
f 630 2503 2502
f 413 1601 2503
f 2502 2503 1601
f 144 2077 2505
f 536 2504 2077
f 630 2505 2504
f 2077 2504 2505
f 413 2503 2501
f 630 2504 2503
f 536 2501 2504
f 2503 2504 2501
f 31 2506 1613
f 631 2507 2506
f 417 1613 2507
f 2506 2507 1613
f 161 2508 2510
f 632 2509 2508
f 631 2510 2509
f 2508 2509 2510
f 112 1618 2512
f 417 2511 1618
f 632 2512 2511
f 1618 2511 2512
f 631 2509 2507
f 632 2511 2509
f 417 2507 2511
f 2509 2511 2507
f 42 2082 2514
f 540 2513 2082
f 634 2514 2513
f 2082 2513 2514
f 144 2515 2086
f 633 2516 2515
f 540 2086 2516
f 2515 2516 2086
f 161 2517 2519
f 634 2518 2517
f 633 2519 2518
f 2517 2518 2519
f 540 2516 2513
f 633 2518 2516
f 634 2513 2518
f 2516 2518 2513
f 112 2512 2502
f 632 2520 2512
f 630 2502 2520
f 2512 2520 2502
f 161 2519 2508
f 633 2521 2519
f 632 2508 2521
f 2519 2521 2508
f 144 2505 2515
f 630 2522 2505
f 633 2515 2522
f 2505 2522 2515
f 632 2521 2520
f 633 2522 2521
f 630 2520 2522
f 2521 2522 2520
f 2 1144 1569
f 294 2523 1144
f 404 1569 2523
f 1144 2523 1569
f 79 2524 1147
f 635 2525 2524
f 294 1147 2525
f 2524 2525 1147
f 108 1573 2527
f 404 2526 1573
f 635 2527 2526
f 1573 2526 2527
f 294 2525 2523
f 635 2526 2525
f 404 2523 2526
f 2525 2526 2523
f 24 2528 1157
f 636 2529 2528
f 297 1157 2529
f 2528 2529 1157
f 162 2530 2532
f 637 2531 2530
f 636 2532 2531
f 2530 2531 2532
f 79 1162 2534
f 297 2533 1162
f 637 2534 2533
f 1162 2533 2534
f 636 2531 2529
f 637 2533 2531
f 297 2529 2533
f 2531 2533 2529
f 31 1578 2536
f 408 2535 1578
f 639 2536 2535
f 1578 2535 2536
f 108 2537 1582
f 638 2538 2537
f 408 1582 2538
f 2537 2538 1582
f 162 2539 2541
f 639 2540 2539
f 638 2541 2540
f 2539 2540 2541
f 408 2538 2535
f 638 2540 2538
f 639 2535 2540
f 2538 2540 2535
f 79 2534 2524
f 637 2542 2534
f 635 2524 2542
f 2534 2542 2524
f 162 2541 2530
f 638 2543 2541
f 637 2530 2543
f 2541 2543 2530
f 108 2527 2537
f 635 2544 2527
f 638 2537 2544
f 2527 2544 2537
f 637 2543 2542
f 638 2544 2543
f 635 2542 2544
f 2543 2544 2542
f 42 2514 2484
f 634 2545 2514
f 626 2484 2545
f 2514 2545 2484
f 161 2546 2517
f 640 2547 2546
f 634 2517 2547
f 2546 2547 2517
f 160 2488 2549
f 626 2548 2488
f 640 2549 2548
f 2488 2548 2549
f 634 2547 2545
f 640 2548 2547
f 626 2545 2548
f 2547 2548 2545
f 31 2536 2506
f 639 2550 2536
f 631 2506 2550
f 2536 2550 2506
f 162 2551 2539
f 641 2552 2551
f 639 2539 2552
f 2551 2552 2539
f 161 2510 2554
f 631 2553 2510
f 641 2554 2553
f 2510 2553 2554
f 639 2552 2550
f 641 2553 2552
f 631 2550 2553
f 2552 2553 2550
f 24 2492 2528
f 629 2555 2492
f 636 2528 2555
f 2492 2555 2528
f 160 2556 2495
f 642 2557 2556
f 629 2495 2557
f 2556 2557 2495
f 162 2532 2559
f 636 2558 2532
f 642 2559 2558
f 2532 2558 2559
f 629 2557 2555
f 642 2558 2557
f 636 2555 2558
f 2557 2558 2555
f 161 2554 2546
f 641 2560 2554
f 640 2546 2560
f 2554 2560 2546
f 162 2559 2551
f 642 2561 2559
f 641 2551 2561
f 2559 2561 2551
f 160 2549 2556
f 640 2562 2549
f 642 2556 2562
f 2549 2562 2556
f 641 2561 2560
f 642 2562 2561
f 640 2560 2562
f 2561 2562 2560
