# regolith_gen synthetic particle
# verts: 2562  tris: 5120
v -0.540993 0.875346 0.000000
v 0.530159 0.857815 0.000000
v -0.542276 -0.877421 0.000000
v 0.530554 -0.858455 0.000000
v 0.000000 -0.513479 0.830826
v 0.000000 0.537265 0.869313
v 0.000000 -0.550101 -0.890083
v 0.000000 0.511443 -0.827533
v 0.845071 0.000000 -0.522283
v 0.830072 0.000000 0.513013
v -0.839702 0.000000 -0.518964
v -0.891928 0.000000 0.551242
v -0.812507 0.502157 0.310350
v -0.485549 0.300086 0.785634
v -0.329451 0.862513 0.533063
v 0.300140 0.785776 0.485636
v 0.000000 0.950142 0.000000
v 0.307469 0.804964 -0.497495
v -0.309871 0.811254 -0.501383
v -0.498829 0.308293 -0.807122
v -0.848788 0.524580 -0.324208
v -0.975295 0.000000 0.000000
v 0.499802 0.308895 0.808697
v 0.765389 0.473037 0.292353
v -0.502119 -0.310326 0.812445
v 0.000000 0.000000 0.982737
v -0.871018 -0.538319 -0.332699
v -0.786114 -0.485845 0.300269
v 0.000000 0.000000 -0.972097
v -0.476390 -0.294426 -0.770816
v 0.780765 0.482539 -0.298226
v 0.514446 0.317945 -0.832391
v 0.761106 -0.470389 0.290716
v 0.497342 -0.307374 0.804717
v 0.306691 -0.802928 0.496237
v -0.292985 -0.767044 0.474059
v 0.000000 -0.975094 0.000000
v -0.309357 -0.809908 -0.500551
v 0.301706 -0.789876 -0.488170
v 0.498932 -0.308357 -0.807289
v 0.787432 -0.486660 -0.300772
v 0.938063 0.000000 0.000000
v -0.705495 0.713900 0.163334
v -0.604025 0.707205 0.437077
v -0.454519 0.903686 0.272249
v -0.712336 0.162976 0.703949
v -0.693274 0.428467 0.592127
v -0.856967 0.258174 0.431021
v -0.169718 0.733068 0.741802
v -0.430679 0.595183 0.696853
v -0.266014 0.444109 0.882989
v -0.162445 0.950969 0.262841
v -0.269895 0.950070 0.000000
v 0.154527 0.667455 0.675407
v 0.000000 0.857679 0.530075
v 0.262965 0.925677 0.000000
v 0.156988 0.919021 0.254011
v 0.425238 0.845469 0.254710
v -0.157009 0.919146 -0.254046
v -0.428081 0.851121 -0.256413
v 0.444315 0.883398 -0.266137
v 0.160869 0.941742 -0.260291
v -0.157657 0.680972 -0.689085
v 0.000000 0.805590 -0.497882
v 0.159255 0.687875 -0.696071
v -0.601392 0.704122 -0.435171
v -0.717544 0.726093 -0.166124
v -0.246723 0.411903 -0.818957
v -0.433140 0.598585 -0.700835
v -0.877446 0.264344 -0.441321
v -0.714367 0.441503 -0.610142
v -0.662465 0.151566 -0.654665
v -0.882221 0.545242 0.000000
v -0.980230 0.000000 -0.278463
v -0.978913 0.270565 -0.167218
v -0.943854 0.260875 0.161230
v -0.918985 0.000000 0.261064
v 0.567537 0.664484 0.410673
v 0.682602 0.690734 0.158034
v 0.251715 0.420237 0.835526
v 0.416243 0.575233 0.673495
v 0.823953 0.248228 0.414416
v 0.666354 0.411829 0.569134
v 0.722064 0.165202 0.713562
v -0.260168 0.160792 0.941295
v 0.000000 0.277988 0.978558
v -0.722216 -0.165237 0.713713
v -0.529444 0.000000 0.856658
v 0.000000 -0.270735 0.953029
v -0.264616 -0.163541 0.957389
v -0.258552 -0.431651 0.858220
v -0.944351 -0.261012 0.161314
v -0.832383 -0.250768 0.418656
v -0.880882 -0.265379 -0.443049
v -0.936734 -0.258907 -0.160013
v -0.700554 -0.708900 0.162190
v -0.844625 -0.522007 0.000000
v -0.712007 -0.720490 -0.164842
v -0.515282 0.000000 -0.833744
v -0.657622 -0.150458 -0.649879
v 0.000000 0.270255 -0.951337
v -0.254250 0.157135 -0.919884
v -0.261830 -0.437125 -0.869103
v -0.251944 -0.155710 -0.911543
v 0.000000 -0.265638 -0.935084
v 0.419878 0.580257 -0.679376
v 0.274449 0.458192 -0.910989
v 0.715812 0.724341 -0.165723
v 0.601735 0.704524 -0.435420
v 0.691135 0.158126 -0.682998
v 0.664823 0.410883 -0.567826
v 0.831411 0.250475 -0.418167
v 0.671927 -0.679932 0.155563
v 0.581303 -0.680602 0.420635
v 0.448005 -0.890736 0.268348
v 0.719346 -0.164580 0.710876
v 0.714226 -0.441416 0.610022
v 0.836881 -0.252123 0.420918
v 0.154729 -0.668326 0.676289
v 0.408099 -0.563979 0.660318
v 0.259792 -0.433722 0.862336
v 0.160197 -0.937807 0.259203
v 0.269722 -0.949463 0.000000
v -0.154169 -0.665906 0.673840
v 0.000000 -0.830118 0.513041
v -0.273634 -0.963233 0.000000
v -0.158139 -0.925762 0.255874
v -0.438617 -0.872071 0.262724
v 0.149933 -0.877724 -0.242597
v 0.423792 -0.842594 -0.253844
v -0.436503 -0.867867 -0.261458
v -0.157611 -0.922669 -0.255019
v 0.165545 -0.715046 -0.723565
v 0.000000 -0.870165 -0.537791
v -0.169360 -0.731524 -0.740239
v 0.576237 -0.674670 -0.416969
v 0.678224 -0.686304 -0.157020
v 0.262061 -0.437510 -0.869869
v 0.421691 -0.582763 -0.682311
v 0.884330 -0.266418 -0.444784
v 0.696265 -0.430315 -0.594681
v 0.687641 -0.157326 -0.679545
v 0.814051 -0.503111 0.000000
v 0.935634 0.000000 -0.265794
v 0.937187 -0.259032 -0.160091
v 0.916805 -0.253399 0.156609
v 0.899697 0.000000 0.255585
v 0.261847 -0.161831 0.947373
v 0.552470 0.000000 0.893915
v 0.267622 0.165400 0.968267
v -0.583500 -0.683174 0.422225
v -0.416167 -0.575129 0.673373
v -0.653536 -0.403908 0.558187
v -0.420502 -0.581120 -0.680387
v -0.584789 -0.684683 -0.423157
v -0.684316 -0.422931 -0.584476
v 0.512028 0.000000 -0.828478
v 0.258774 -0.159931 -0.936254
v 0.264735 0.163615 -0.957822
v 0.891063 0.246284 0.152212
v 0.868654 0.240090 -0.148384
v 0.837718 0.517738 0.000000
v -0.626983 0.798283 0.082580
v -0.584983 0.811703 0.218144
v -0.506280 0.903921 0.137115
v -0.703974 0.598836 0.370101
v -0.663834 0.720124 0.303513
v -0.767780 0.614126 0.239939
v -0.400936 0.902187 0.410104
v -0.534499 0.811348 0.358478
v -0.470956 0.786259 0.485935
v -0.816896 0.084505 0.641602
v -0.809380 0.217519 0.583309
v -0.862893 0.130892 0.483301
v -0.597214 0.369099 0.702068
v -0.707281 0.298100 0.651995
v -0.598057 0.233661 0.747690
v -0.830145 0.377356 0.368920
v -0.778332 0.343891 0.512749
v -0.750672 0.463941 0.449640
v -0.085530 0.649382 0.826801
v -0.218613 0.586241 0.813449
v -0.137677 0.508355 0.907625
v -0.393654 0.748775 0.636946
v -0.307590 0.672751 0.729797
v -0.251205 0.803830 0.642962
v -0.377266 0.368832 0.829946
v -0.343756 0.512548 0.778026
v -0.456656 0.442580 0.738886
v -0.654887 0.571505 0.519973
v -0.573156 0.521475 0.656779
v -0.529408 0.666770 0.581875
v -0.366281 0.945080 0.134615
v -0.415416 0.942405 0.000000
v -0.246819 0.921402 0.399362
v -0.310382 0.943992 0.272080
v -0.133009 0.954947 0.000000
v -0.215596 0.946543 0.130065
v -0.078565 0.943523 0.127121
v 0.080287 0.609573 0.776116
v 0.000000 0.733086 0.741820
v 0.150431 0.807935 0.499331
v 0.081619 0.784792 0.623887
v 0.231496 0.740762 0.592516
v -0.084209 0.809698 0.643686
v -0.163212 0.876578 0.541755
v 0.397328 0.901370 0.000000
v 0.346411 0.893811 0.127312
v 0.476102 0.850039 0.128942
v 0.078561 0.943476 0.127114
v 0.212256 0.931879 0.128050
v 0.130261 0.935222 0.000000
v 0.373756 0.841026 0.382302
v 0.289566 0.880681 0.253833
v 0.230653 0.861054 0.373205
v -0.082871 0.919051 0.402263
v 0.081775 0.906896 0.396943
v 0.000000 0.940301 0.259893
v -0.349791 0.902532 -0.128554
v -0.482437 0.861351 -0.130658
v -0.077323 0.928607 -0.125111
v -0.215182 0.944726 -0.129815
v -0.372726 0.838707 -0.381248
v -0.294443 0.895515 -0.258108
v -0.237408 0.886270 -0.384135
v 0.490997 0.876634 -0.132976
v 0.351928 0.908046 -0.129340
v 0.233720 0.872502 -0.378167
v 0.304015 0.924626 -0.266499
v 0.374018 0.841615 -0.382570
v 0.214538 0.941897 -0.129427
v 0.077615 0.932118 -0.125584
v -0.078863 0.598763 -0.762352
v 0.000000 0.687212 -0.695400
v 0.080887 0.614127 -0.781914
v -0.153366 0.823698 -0.509074
v -0.080099 0.770177 -0.612268
v -0.233376 0.746779 -0.597328
v 0.231195 0.739801 -0.591747
v 0.078174 0.751669 -0.597554
v 0.148248 0.796210 -0.492085
v 0.000000 0.921875 -0.254800
v 0.077883 0.863732 -0.378050
v -0.078573 0.871390 -0.381402
v -0.580026 0.804824 -0.216295
v -0.630891 0.803258 -0.083095
v -0.456903 0.762798 -0.471435
v -0.520310 0.789809 -0.348962
v -0.797941 0.638251 -0.249364
v -0.682526 0.740401 -0.312059
v -0.738765 0.628431 -0.388391
v -0.128681 0.475141 -0.848323
v -0.206250 0.553088 -0.767446
v -0.472453 0.457889 -0.764445
v -0.331779 0.494690 -0.750920
v -0.374644 0.366269 -0.824179
v -0.289104 0.632319 -0.685937
v -0.370475 0.704686 -0.599441
v -0.865470 0.131282 -0.484745
v -0.775143 0.208318 -0.558635
v -0.757796 0.078392 -0.595184
v -0.793085 0.490153 -0.475044
v -0.804177 0.355310 -0.529775
v -0.891852 0.405406 -0.396344
v -0.591293 0.231018 -0.739233
v -0.695994 0.293343 -0.641590
v -0.609988 0.376993 -0.717084
v -0.523346 0.659135 -0.575213
v -0.577658 0.525571 -0.661937
v -0.673150 0.587443 -0.534474
v -0.717207 0.725752 0.000000
v -0.873308 0.539734 -0.162603
v -0.816071 0.648752 -0.084872
v -0.800476 0.636355 0.083250
v -0.856124 0.529114 0.159404
v -0.926742 0.000000 -0.408512
v -0.941171 0.134058 -0.364766
v -0.975802 0.131470 -0.081253
v -0.986725 0.135586 -0.224748
v -0.992611 0.000000 -0.138255
v -0.937989 0.270350 -0.308408
v -0.938863 0.406930 -0.251496
v -0.874586 0.124574 0.338960
v -0.899463 0.000000 0.396488
v -0.881398 0.382023 0.236103
v -0.881986 0.254209 0.289995
v -0.952992 0.000000 0.132736
v -0.932102 0.128081 0.212307
v -0.956813 0.128911 0.079672
v -0.948610 0.415201 -0.085536
v -0.968877 0.267791 0.000000
v -0.944392 0.413355 0.085156
v 0.560870 0.778244 0.209151
v 0.616864 0.785399 0.081247
v 0.447888 0.747748 0.462133
v 0.514778 0.781412 0.345252
v 0.719155 0.575232 0.224743
v 0.640337 0.694635 0.292770
v 0.681708 0.579895 0.358395
v 0.130053 0.480204 0.857364
v 0.201840 0.541264 0.751040
v 0.454637 0.440623 0.735618
v 0.332839 0.496269 0.753317
v 0.376436 0.368022 0.828122
v 0.285316 0.624034 0.676950
v 0.361300 0.687234 0.584596
v 0.840469 0.127490 0.470742
v 0.788166 0.211818 0.568021
v 0.797059 0.082453 0.626022
v 0.723655 0.447243 0.433457
v 0.765200 0.338089 0.504098
v 0.805539 0.366171 0.357986
v 0.611825 0.239040 0.764903
v 0.705015 0.297145 0.649906
v 0.602551 0.372397 0.708341
v 0.501268 0.631329 0.550947
v 0.548873 0.499381 0.628952
v 0.618760 0.539979 0.491289
v -0.138028 0.375569 0.969047
v 0.000000 0.418085 0.948460
v -0.383891 0.237257 0.885707
v -0.270797 0.308919 0.939541
v 0.000000 0.139213 0.999493
v -0.133369 0.221073 0.970589
v -0.133234 0.082343 0.988894
v -0.839431 -0.086837 0.659302
v -0.746082 0.000000 0.737297
v -0.534673 -0.161078 0.865119
v -0.637638 -0.083418 0.802090
v -0.606189 -0.236838 0.757856
v -0.633720 0.082905 0.797161
v -0.497031 0.149738 0.804213
v 0.000000 -0.402365 0.912797
v -0.131955 -0.359044 0.926408
v -0.130037 -0.480145 0.857259
v -0.132878 -0.082123 0.986258
v -0.131604 -0.218148 0.957746
v 0.000000 -0.137349 0.986108
v -0.380201 -0.371702 0.836405
v -0.268224 -0.305983 0.930611
v -0.389928 -0.240989 0.899638
v -0.388400 0.080015 0.887378
v -0.401081 -0.082627 0.916351
v -0.259979 0.000000 0.940615
v -0.893850 -0.127317 0.346426
v -0.883657 -0.134041 0.494931
v -0.954423 -0.128589 0.079473
v -0.933959 -0.128336 0.212729
v -0.816707 -0.371248 0.362949
v -0.889133 -0.256269 0.292345
v -0.889888 -0.385702 0.238377
v -0.869872 -0.131950 -0.487210
v -0.928108 -0.132197 -0.359703
v -0.934294 -0.404949 -0.250272
v -0.933787 -0.269139 -0.307027
v -0.867783 -0.394465 -0.385647
v -0.962504 -0.132258 -0.219231
v -0.957900 -0.129058 -0.079762
v -0.623949 -0.794419 0.082180
v -0.716018 -0.724549 0.000000
v -0.625053 -0.795825 -0.082326
v -0.822098 -0.508085 0.153068
v -0.764770 -0.607969 0.079537
v -0.744883 -0.595811 0.232783
v -0.795148 -0.636017 -0.248491
v -0.801960 -0.637534 -0.083404
v -0.888733 -0.549267 -0.165475
v -0.951405 -0.262962 0.000000
v -0.923126 -0.404047 -0.083238
v -0.899317 -0.393626 0.081091
v -0.669829 0.000000 -0.661942
v -0.771752 -0.079835 -0.606145
v -0.503810 0.151780 -0.815181
v -0.584699 0.076492 -0.735498
v -0.581160 -0.227059 -0.726566
v -0.576947 -0.075478 -0.725746
v -0.493531 -0.148684 -0.798549
v 0.000000 0.398178 -0.903298
v -0.128813 0.350494 -0.904347
v -0.128508 0.079422 -0.953822
v -0.128018 0.212202 -0.931645
v 0.000000 0.137051 -0.983969
v -0.259569 0.296110 -0.900584
v -0.381514 0.235789 -0.880224
v -0.135047 -0.498644 -0.890286
v -0.132901 -0.361617 -0.933047
v 0.000000 -0.410945 -0.932262
v -0.371214 -0.229423 -0.856459
v -0.257524 -0.293777 -0.893489
v -0.371813 -0.363502 -0.817951
v 0.000000 -0.135343 -0.971704
v -0.129002 -0.213834 -0.938807
v -0.130567 -0.080695 -0.969104
v -0.395329 0.081442 -0.903208
v -0.259884 0.000000 -0.940268
v -0.393815 -0.081130 -0.899750
v 0.216980 0.581862 -0.807372
v 0.132993 0.491061 -0.876747
v 0.370344 0.704436 -0.599229
v 0.294272 0.643622 -0.698199
v 0.404491 0.395449 -0.889840
v 0.354236 0.528174 -0.801746
v 0.474485 0.459859 -0.767732
v 0.639774 0.814568 -0.084265
v 0.590492 0.819346 -0.220198
v 0.723719 0.615632 -0.380482
v 0.662307 0.718468 -0.302815
v 0.765828 0.612565 -0.239329
v 0.532702 0.808620 -0.357273
v 0.462163 0.771580 -0.476862
v 0.741798 0.076737 -0.582619
v 0.755786 0.203116 -0.544685
v 0.841357 0.127625 -0.471239
v 0.605336 0.374118 -0.711616
v 0.702645 0.296146 -0.647721
v 0.617000 0.241062 -0.771373
v 0.801444 0.364310 -0.356166
v 0.745878 0.329552 -0.491369
v 0.746621 0.461437 -0.447213
v 0.517028 0.651178 -0.568269
v 0.643012 0.561142 -0.510544
v 0.561795 0.511138 -0.643760
v 0.607987 -0.774097 0.080078
v 0.584718 -0.811335 0.218045
v 0.504100 -0.900028 0.136525
v 0.683487 -0.581409 0.359330
v 0.641510 -0.695908 0.293306
v 0.730448 -0.584266 0.228272
v 0.381401 -0.858229 0.390122
v 0.519241 -0.788187 0.348245
v 0.448615 -0.748961 0.462883
v 0.791167 -0.081844 0.621395
v 0.800564 -0.215150 0.576956
v 0.841969 -0.127718 0.471582
v 0.605475 -0.374204 0.711779
v 0.716388 -0.301938 0.660390
v 0.612203 -0.239188 0.765376
v 0.811671 -0.368958 0.360711
v 0.782335 -0.345659 0.515386
v 0.738466 -0.456397 0.442328
v 0.079335 -0.602348 0.766917
v 0.205919 -0.552202 0.766217
v 0.127052 -0.469122 0.837578
v 0.354245 -0.673813 0.573180
v 0.283097 -0.619181 0.671685
v 0.229714 -0.735060 0.587954
v 0.380935 -0.372420 0.838018
v 0.335421 -0.500121 0.759163
v 0.457762 -0.443652 0.740675
v 0.658912 -0.575018 0.523169
v 0.564781 -0.513855 0.647181
v 0.500657 -0.630560 0.550276
v 0.370675 -0.956418 0.136230
v 0.403984 -0.916470 0.000000
v 0.241912 -0.903082 0.391421
v 0.312550 -0.950584 0.273980
v 0.135196 -0.970651 0.000000
v 0.223221 -0.980019 0.134665
v 0.079764 -0.957924 0.129061
v -0.077843 -0.591016 0.752489
v 0.000000 -0.660763 0.668635
v -0.147905 -0.794370 0.490948
v -0.078564 -0.755413 0.600531
v -0.227511 -0.728013 0.582317
v 0.078141 -0.751348 0.597299
v 0.153031 -0.821899 0.507961
v -0.404461 -0.917551 0.000000
v -0.356655 -0.920243 0.131077
v -0.491727 -0.877936 0.133173
v -0.079541 -0.955244 0.128700
v -0.214493 -0.941701 0.129400
v -0.133744 -0.960228 0.000000
v -0.363327 -0.817559 0.371635
v -0.293638 -0.893067 0.257402
v -0.226446 -0.845349 0.366398
v 0.078959 -0.875672 0.383276
v -0.079000 -0.876126 0.383475
v 0.000000 -0.925137 0.255702
v 0.349362 -0.901428 -0.128397
v 0.486814 -0.869165 -0.131843
v 0.077273 -0.928010 -0.125031
v 0.206084 -0.904781 -0.124326
v 0.359629 -0.809237 -0.367852
v 0.288305 -0.876847 -0.252727
v 0.226418 -0.845241 -0.366351
v -0.489494 -0.873949 -0.132569
v -0.354799 -0.915456 -0.130395
v -0.234763 -0.876396 -0.379855
v -0.296061 -0.900436 -0.259527
v -0.372993 -0.839310 -0.381522
v -0.215180 -0.944717 -0.129814
v -0.080308 -0.964451 -0.129940
v 0.086529 -0.656968 -0.836460
v 0.000000 -0.750987 -0.759934
v -0.084506 -0.641603 -0.816897
v 0.154798 -0.831386 -0.513825
v 0.083677 -0.804582 -0.639619
v 0.237827 -0.761024 -0.608722
v -0.239783 -0.767280 -0.613726
v -0.086079 -0.827676 -0.657978
v -0.164194 -0.881853 -0.545015
v 0.000000 -0.921425 -0.254676
v -0.080805 -0.896139 -0.392235
v 0.080068 -0.887973 -0.388661
v 0.559678 -0.776590 -0.208707
v 0.591524 -0.753136 -0.077910
v 0.441642 -0.737319 -0.455688
v 0.500708 -0.760055 -0.335815
v 0.746705 -0.597269 -0.233353
v 0.634670 -0.688487 -0.290179
v 0.701419 -0.596663 -0.368758
v 0.137832 -0.508930 -0.908651
v 0.221754 -0.594666 -0.825139
v 0.470495 -0.455992 -0.761278
v 0.351168 -0.523599 -0.794803
v 0.381045 -0.372527 -0.838260
v 0.301332 -0.659063 -0.714949
v 0.372874 -0.709248 -0.603322
v 0.892034 -0.135312 -0.499623
v 0.800352 -0.215093 -0.576803
v 0.782790 -0.080977 -0.614815
v 0.762435 -0.471210 -0.456685
v 0.793349 -0.350526 -0.522642
v 0.851074 -0.386870 -0.378222
v 0.605198 -0.236450 -0.756618
v 0.705473 -0.297338 -0.650328
v 0.599606 -0.370577 -0.704879
v 0.504027 -0.634803 -0.553979
v 0.564597 -0.513687 -0.646970
v 0.651286 -0.568363 -0.517113
v 0.668265 -0.676227 0.000000
v 0.813405 -0.502712 -0.151450
v 0.750769 -0.596839 -0.078081
v 0.751950 -0.597778 0.078203
v 0.808039 -0.499395 0.150450
v 0.903569 0.000000 -0.398297
v 0.943074 -0.134329 -0.365503
v 0.950260 -0.128028 -0.079126
v 0.948362 -0.130315 -0.216010
v 0.934112 0.000000 -0.130107
v 0.917432 -0.264425 -0.301649
v 0.885907 -0.383977 -0.237311
v 0.860119 -0.122513 0.333353
v 0.861481 0.000000 0.379745
v 0.855183 -0.370660 0.229081
v 0.860076 -0.247894 0.282791
v 0.925311 0.000000 0.128881
v 0.932225 -0.128097 0.212334
v 0.945535 -0.127392 0.078733
v 0.896206 -0.392264 -0.080811
v 0.923483 -0.255244 0.000000
v 0.879552 -0.384975 0.079309
v 0.129794 -0.353163 0.911234
v 0.386831 -0.239075 0.892492
v 0.262666 -0.299643 0.911329
v 0.128374 -0.212792 0.934234
v 0.132231 -0.081724 0.981456
v 0.752359 0.000000 0.743501
v 0.537706 0.161992 0.870026
v 0.650604 0.085114 0.818400
v 0.641357 -0.083905 0.806769
v 0.532526 -0.160432 0.861645
v 0.134679 0.366455 0.945529
v 0.134575 0.083172 0.998848
v 0.136131 0.225650 0.990687
v 0.268436 0.306225 0.931347
v 0.394697 0.243936 0.910640
v 0.413257 -0.085136 0.944168
v 0.415734 0.085646 0.949829
v 0.269923 0.000000 0.976589
v -0.587904 -0.815755 0.219232
v -0.447999 -0.747932 0.462248
v -0.519454 -0.788510 0.348388
v -0.658113 -0.713919 0.300897
v -0.699595 -0.595111 0.367799
v -0.208527 -0.559194 0.775919
v -0.450689 -0.436796 0.729230
v -0.340622 -0.507875 0.770933
v -0.290954 -0.636366 0.690327
v -0.363590 -0.691589 0.588301
v -0.797797 -0.214406 0.574962
v -0.732061 -0.452439 0.438492
v -0.748799 -0.330842 0.493293
v -0.687430 -0.289733 0.633695
v -0.590896 -0.365194 0.694640
v -0.503241 -0.633813 0.553115
v -0.538521 -0.489963 0.617091
v -0.626493 -0.546726 0.497428
v -0.216945 -0.581771 -0.807245
v -0.367459 -0.698949 -0.594562
v -0.298391 -0.652631 -0.707971
v -0.338136 -0.504168 -0.765307
v -0.458207 -0.444083 -0.741395
v -0.578160 -0.802235 -0.215599
v -0.740548 -0.629948 -0.389329
v -0.660211 -0.716195 -0.301857
v -0.506350 -0.768619 -0.339599
v -0.437530 -0.730455 -0.451446
v -0.779846 -0.209582 -0.562025
v -0.592805 -0.366374 -0.696884
v -0.686572 -0.289372 -0.632905
v -0.776873 -0.343246 -0.511788
v -0.770988 -0.476497 -0.461809
v -0.504058 -0.634843 -0.554013
v -0.652949 -0.569815 -0.518434
v -0.555870 -0.505747 -0.636970
v 0.689297 0.000000 -0.681181
v 0.502786 -0.151472 -0.813524
v 0.601915 -0.078745 -0.757153
v 0.616633 0.080670 -0.775667
v 0.513508 0.154702 -0.830873
v 0.129999 -0.353722 -0.912676
v 0.127538 -0.078823 -0.946620
v 0.129425 -0.214536 -0.941889
v 0.257968 -0.294284 -0.895030
v 0.380091 -0.234909 -0.876942
v 0.133308 0.362725 -0.935906
v 0.399286 0.246772 -0.921227
v 0.279148 0.318445 -0.968514
v 0.134671 0.223231 -0.980066
v 0.131971 0.081562 -0.979522
v 0.392974 -0.080957 -0.897827
v 0.264173 0.000000 -0.955786
v 0.396908 0.081768 -0.906816
v 0.868235 0.123669 0.336498
v 0.934029 0.125842 0.077774
v 0.915966 0.125863 0.208631
v 0.841304 0.242483 0.276619
v 0.834496 0.361694 0.223539
v 0.888475 0.126552 -0.344343
v 0.844764 0.366145 -0.226290
v 0.862897 0.248707 -0.283718
v 0.923022 0.126833 -0.210238
v 0.926299 0.124800 -0.077131
v 0.727504 0.736172 0.000000
v 0.796560 0.492301 0.148313
v 0.762186 0.605915 0.079268
v 0.776130 0.617001 -0.080718
v 0.815965 0.504294 -0.151926
v 0.920985 0.254554 0.000000
v 0.864963 0.378589 -0.077994
v 0.873176 0.382184 0.078734
v -0.587601 0.841469 0.041745
v -0.570627 0.855239 0.110116
v -0.527788 0.896345 0.068549
v -0.643495 0.760320 0.190065
v -0.606704 0.805855 0.150340
v -0.666053 0.755815 0.122948
v -0.476748 0.896877 0.203034
v -0.545319 0.856223 0.177809
v -0.521021 0.858045 0.245139
v -0.760420 0.552464 0.341441
v -0.739825 0.609889 0.307302
v -0.791604 0.558898 0.275758
v -0.627676 0.706595 0.366550
v -0.690843 0.664981 0.340573
v -0.660468 0.657816 0.406552
v -0.741638 0.668333 0.203077
v -0.715337 0.666025 0.271211
v -0.689159 0.721615 0.234633
v -0.361988 0.874695 0.467590
v -0.435141 0.840778 0.447221
v -0.406386 0.834575 0.515796
v -0.498644 0.864020 0.318102
v -0.472674 0.863159 0.387071
v -0.433476 0.914497 0.344832
v -0.537746 0.746465 0.461340
v -0.502144 0.797843 0.421639
v -0.566237 0.754864 0.395722
v -0.627030 0.769190 0.261906
v -0.598214 0.763883 0.330156
v -0.558792 0.809946 0.287356
v -0.860477 0.042688 0.600874
v -0.855968 0.110210 0.571114
v -0.878919 0.067216 0.517527
v -0.765598 0.191385 0.647962
v -0.809839 0.151083 0.609703
v -0.761780 0.123918 0.671310
v -0.862403 0.195230 0.458423
v -0.839821 0.174402 0.534873
v -0.836182 0.238892 0.507746
v -0.535567 0.330999 0.737163
v -0.601581 0.303116 0.729747
v -0.536266 0.264591 0.759548
v -0.702244 0.364293 0.623811
v -0.664999 0.340582 0.690863
v -0.655267 0.404977 0.657909
v -0.654664 0.198923 0.726469
v -0.662789 0.269893 0.711862
v -0.711790 0.231439 0.679776
v -0.824592 0.440806 0.341253
v -0.799199 0.425104 0.413622
v -0.776833 0.480109 0.378269
v -0.815089 0.300088 0.470405
v -0.806191 0.361524 0.441478
v -0.838710 0.316255 0.397552
v -0.719720 0.444811 0.518479
v -0.762710 0.403072 0.480031
v -0.737621 0.386682 0.553303
v -0.766499 0.260990 0.624836
v -0.750513 0.324377 0.587743
v -0.793944 0.281679 0.547753
v -0.042791 0.602333 0.862565
v -0.111329 0.576916 0.864665
v -0.068245 0.525448 0.892370
v -0.195027 0.660292 0.780167
v -0.154664 0.624155 0.829034
v -0.127683 0.691706 0.784925
v -0.203897 0.478774 0.900688
v -0.177474 0.544291 0.854610
v -0.243021 0.516520 0.850632
v -0.365265 0.813478 0.591012
v -0.323092 0.777839 0.641227
v -0.290952 0.835219 0.589692
v -0.368411 0.630863 0.710182
v -0.349364 0.708675 0.682145
v -0.412276 0.669766 0.667077
v -0.212375 0.775596 0.698934
v -0.282960 0.746326 0.694877
v -0.241587 0.709583 0.743001
v -0.428402 0.331650 0.801388
v -0.417444 0.406169 0.784798
v -0.469116 0.369608 0.759046
v -0.307192 0.481541 0.834384
v -0.362949 0.443217 0.809367
v -0.323384 0.406514 0.857616
v -0.446406 0.520339 0.722301
v -0.398347 0.474404 0.753769
v -0.386722 0.553359 0.737695
v -0.263784 0.631525 0.774705
v -0.326822 0.592172 0.756168
v -0.284022 0.552309 0.800548
v -0.727008 0.530939 0.409762
v -0.676516 0.501560 0.558114
v -0.700054 0.514723 0.482166
v -0.679118 0.584838 0.444050
v -0.630001 0.639230 0.479099
v -0.520915 0.402026 0.713282
v -0.501245 0.557764 0.676092
v -0.510730 0.478426 0.694624
v -0.586715 0.445476 0.681299
v -0.640000 0.479676 0.630760
v -0.442420 0.784950 0.573255
v -0.567920 0.688402 0.510372
v -0.507972 0.737522 0.542271
v -0.464578 0.710513 0.611874
v -0.482116 0.633968 0.643255
v -0.617580 0.549641 0.591629
v -0.549678 0.591669 0.617622
v -0.593074 0.619088 0.550983
v -0.465700 0.933696 0.068822
v -0.487618 0.926699 0.000000
v -0.412773 0.931194 0.204036
v -0.440077 0.934412 0.137274
v -0.343464 0.952785 0.000000
v -0.394035 0.951658 0.068117
v -0.321592 0.960578 0.067046
v -0.288223 0.894635 0.466355
v -0.322613 0.911997 0.404663
v -0.239502 0.964426 0.272159
v -0.279544 0.935677 0.336668
v -0.206256 0.947150 0.333729
v -0.357401 0.930184 0.342286
v -0.387153 0.936835 0.275943
v -0.066278 0.956295 0.000000
v -0.106108 0.953223 0.064124
v -0.039647 0.958222 0.064151
v -0.245031 0.957675 0.065949
v -0.175209 0.957510 0.064978
v -0.200108 0.950070 0.000000
v -0.118032 0.935156 0.190980
v -0.145724 0.941781 0.128135
v -0.190139 0.952964 0.196640
v -0.339237 0.946767 0.203565
v -0.265995 0.960480 0.202477
v -0.294375 0.962353 0.134602
v 0.041335 0.581831 0.833206
v 0.000000 0.636310 0.810158
v 0.081007 0.704400 0.712793
v 0.040972 0.666245 0.755466
v 0.117893 0.638671 0.724742
v -0.042478 0.690734 0.783235
v -0.085231 0.741124 0.749954
v 0.225969 0.800658 0.494834
v 0.194233 0.789147 0.555810
v 0.267327 0.767400 0.541809
v 0.041333 0.830748 0.583750
v 0.117104 0.798708 0.561674
v 0.077156 0.833939 0.515403
v 0.191894 0.700796 0.631528
v 0.154556 0.747386 0.595956
v 0.118345 0.721524 0.647267
v -0.210415 0.854892 0.602115
v -0.246757 0.874313 0.540355
v -0.129025 0.786641 0.705682
v -0.169039 0.817421 0.651801
v -0.081246 0.878152 0.542728
v -0.125635 0.856890 0.602589
v -0.041792 0.839975 0.590234
v 0.041366 0.756090 0.678809
v 0.000000 0.803657 0.638884
v -0.042475 0.776361 0.697008
v 0.467611 0.888677 0.000000
v 0.443329 0.888844 0.065516
v 0.504406 0.856635 0.065512
v 0.303619 0.906895 0.063299
v 0.373022 0.900909 0.064484
v 0.328210 0.910472 0.000000
v 0.453675 0.853471 0.193208
v 0.413324 0.877607 0.128929
v 0.388447 0.876315 0.192011
v 0.039237 0.948304 0.063487
v 0.105053 0.943745 0.063487
v 0.065884 0.950609 0.000000
v 0.186975 0.937105 0.193368
v 0.144605 0.934547 0.127150
v 0.117325 0.929554 0.189837
v 0.196927 0.934966 0.000000
v 0.173726 0.949402 0.064427
v 0.237476 0.928147 0.063916
v 0.336925 0.814135 0.435216
v 0.296713 0.838781 0.372176
v 0.263180 0.816901 0.425834
v 0.356992 0.863851 0.254445
v 0.329272 0.856975 0.315347
v 0.401737 0.847538 0.319584
v 0.195725 0.898789 0.316689
v 0.263190 0.880939 0.316972
v 0.225512 0.908090 0.256261
v 0.279451 0.913565 0.127778
v 0.254767 0.919939 0.193931
v 0.319100 0.890568 0.191482
v -0.205762 0.901546 0.471528
v -0.042146 0.902900 0.473731
v -0.123027 0.903368 0.473473
v -0.164613 0.925108 0.402965
v -0.122068 0.929555 0.330361
v 0.190815 0.836056 0.437275
v 0.119035 0.906457 0.322152
v 0.155698 0.875008 0.381142
v 0.116515 0.855549 0.448410
v 0.041207 0.882787 0.463178
v 0.000000 0.943117 0.127066
v -0.079127 0.932668 0.257783
v -0.039680 0.941581 0.192738
v 0.039336 0.933424 0.191069
v 0.078941 0.930485 0.257180
v 0.000000 0.922594 0.403814
v 0.041013 0.935032 0.331803
v -0.040727 0.928508 0.329488
v -0.455304 0.912854 -0.067286
v -0.521128 0.885034 -0.067684
v -0.313840 0.937422 -0.065430
v -0.383842 0.927039 -0.066355
v -0.452462 0.851188 -0.192691
v -0.415539 0.882310 -0.129620
v -0.389339 0.878328 -0.192452
v -0.038786 0.937400 -0.062757
v -0.105227 0.945311 -0.063592
v -0.186837 0.936416 -0.193226
v -0.146251 0.945184 -0.128598
v -0.117161 0.928253 -0.189571
v -0.174272 0.952388 -0.064630
v -0.242558 0.948007 -0.065284
v -0.341679 0.825621 -0.441356
v -0.305711 0.864217 -0.383462
v -0.273002 0.847388 -0.441726
v -0.362965 0.878304 -0.258702
v -0.335911 0.874254 -0.321705
v -0.398909 0.841571 -0.317334
v -0.199223 0.914855 -0.322350
v -0.269678 0.902655 -0.324786
v -0.229164 0.922798 -0.260412
v -0.286808 0.937619 -0.131143
v -0.256595 0.926540 -0.195322
v -0.321637 0.897650 -0.193004
v 0.514837 0.874350 -0.066867
v 0.444488 0.891168 -0.065687
v 0.397378 0.896462 -0.196426
v 0.417377 0.886213 -0.130193
v 0.467955 0.880335 -0.199290
v 0.374114 0.903546 -0.064673
v 0.307027 0.917074 -0.064010
v 0.272910 0.847104 -0.441578
v 0.305007 0.862228 -0.382580
v 0.340399 0.822529 -0.439703
v 0.232930 0.937960 -0.264690
v 0.267428 0.895124 -0.322076
v 0.197268 0.905876 -0.319186
v 0.412251 0.869720 -0.327948
v 0.339761 0.884274 -0.325392
v 0.376073 0.910023 -0.268045
v 0.104003 0.934314 -0.062852
v 0.039099 0.944967 -0.063263
v 0.239601 0.936453 -0.064488
v 0.170928 0.934116 -0.063390
v 0.118915 0.942152 -0.192409
v 0.145374 0.939520 -0.127827
v 0.188418 0.944340 -0.194861
v 0.328677 0.917296 -0.197229
v 0.259186 0.935894 -0.197294
v 0.283678 0.927386 -0.129712
v -0.039352 0.553925 -0.793244
v 0.000000 0.602883 -0.767598
v 0.039780 0.559946 -0.801866
v -0.078896 0.686038 -0.694212
v -0.039618 0.644232 -0.730505
v -0.118501 0.641962 -0.728478
v 0.121622 0.658873 -0.747667
v 0.039899 0.648806 -0.735692
v 0.079557 0.691791 -0.700033
v -0.230519 0.816778 -0.504797
v -0.194341 0.789586 -0.556119
v -0.270448 0.776359 -0.548135
v -0.039589 0.795692 -0.559117
v -0.116816 0.796740 -0.560290
v -0.075361 0.814543 -0.503415
v -0.194694 0.711022 -0.640743
v -0.157835 0.763242 -0.608600
v -0.119251 0.727049 -0.652223
v 0.267861 0.768935 -0.542893
v 0.190066 0.772217 -0.543885
v 0.229025 0.811487 -0.501526
v 0.118462 0.722236 -0.647905
v 0.153681 0.743156 -0.592583
v 0.196272 0.716786 -0.645937
v 0.073958 0.799375 -0.494041
v 0.112180 0.765119 -0.538053
v 0.038782 0.779471 -0.547719
v -0.040129 0.733479 -0.658509
v 0.000000 0.764942 -0.608106
v 0.039570 0.723269 -0.649343
v 0.000000 0.933680 -0.125795
v 0.078796 0.928765 -0.256704
v 0.039474 0.936698 -0.191739
v -0.039058 0.926810 -0.189715
v -0.077361 0.911858 -0.252031
v 0.192786 0.844694 -0.441793
v 0.038912 0.833625 -0.437384
v 0.113890 0.836275 -0.438308
v 0.156145 0.877516 -0.382235
v 0.119244 0.908053 -0.322719
v -0.196990 0.863113 -0.451426
v -0.118656 0.903568 -0.321125
v -0.156755 0.880944 -0.383728
v -0.117025 0.859293 -0.450372
v -0.038984 0.835151 -0.438185
v 0.039485 0.900190 -0.319439
v 0.000000 0.859903 -0.376374
v -0.039211 0.893945 -0.317223
v -0.560758 0.840448 -0.108211
v -0.588296 0.842465 -0.041794
v -0.499792 0.823083 -0.235150
v -0.529294 0.831062 -0.172584
v -0.666344 0.756145 -0.123001
v -0.606237 0.805234 -0.150224
v -0.649947 0.767943 -0.191971
v -0.384748 0.790140 -0.488333
v -0.416846 0.805428 -0.428418
v -0.561381 0.748389 -0.392328
v -0.486920 0.773655 -0.408856
v -0.523648 0.726895 -0.449246
v -0.439152 0.801943 -0.359619
v -0.470296 0.814900 -0.300018
v -0.820836 0.579536 -0.285941
v -0.767109 0.632381 -0.318635
v -0.799150 0.580602 -0.358832
v -0.700674 0.733673 -0.238554
v -0.734196 0.683583 -0.278361
v -0.766180 0.690449 -0.209797
v -0.677244 0.674524 -0.416879
v -0.709014 0.682471 -0.349531
v -0.646314 0.727577 -0.377434
v -0.553053 0.801627 -0.284405
v -0.607072 0.775195 -0.335045
v -0.634824 0.778751 -0.265162
v -0.064176 0.494125 -0.839174
v -0.102993 0.533716 -0.799918
v -0.225458 0.479191 -0.789157
v -0.167043 0.512301 -0.804381
v -0.190187 0.446581 -0.840126
v -0.143446 0.578883 -0.768901
v -0.183720 0.622012 -0.734937
v -0.491352 0.387127 -0.795024
v -0.421177 0.409801 -0.791815
v -0.443016 0.342964 -0.828727
v -0.382006 0.546612 -0.728700
v -0.397124 0.472947 -0.751454
v -0.453350 0.528432 -0.733536
v -0.309331 0.388848 -0.820347
v -0.349721 0.427064 -0.779870
v -0.287535 0.450727 -0.780993
v -0.300599 0.723687 -0.596585
v -0.342903 0.763675 -0.554829
v -0.222142 0.652470 -0.683198
v -0.257625 0.679503 -0.632661
v -0.404948 0.657862 -0.655220
v -0.327507 0.664339 -0.639468
v -0.361430 0.618908 -0.696725
v -0.267047 0.519299 -0.752701
v -0.316484 0.573442 -0.732250
v -0.249420 0.597137 -0.732520
v -0.848330 0.064877 -0.499516
v -0.809454 0.104221 -0.540079
v -0.801269 0.039751 -0.559529
v -0.842087 0.240579 -0.511331
v -0.823956 0.171108 -0.524768
v -0.873784 0.197807 -0.464473
v -0.704325 0.114572 -0.620678
v -0.758038 0.141419 -0.570704
v -0.721553 0.180374 -0.610684
v -0.821250 0.507561 -0.399897
v -0.843559 0.448700 -0.436580
v -0.865529 0.462690 -0.358195
v -0.760394 0.398621 -0.570386
v -0.808298 0.427164 -0.508723
v -0.751866 0.464679 -0.541637
v -0.890593 0.335819 -0.422145
v -0.848945 0.380697 -0.464891
v -0.850991 0.313306 -0.491125
v -0.550664 0.271696 -0.779942
v -0.597851 0.301237 -0.725223
v -0.554858 0.342921 -0.763715
v -0.684991 0.222725 -0.654182
v -0.645656 0.262917 -0.693460
v -0.625296 0.190000 -0.693880
v -0.667491 0.412532 -0.670182
v -0.657622 0.336804 -0.683198
v -0.713018 0.369882 -0.633381
v -0.790471 0.280447 -0.545357
v -0.749426 0.323907 -0.586892
v -0.736623 0.250817 -0.600482
v -0.411525 0.730135 -0.533223
v -0.477954 0.628495 -0.637702
v -0.447648 0.684622 -0.589577
v -0.484363 0.703243 -0.517068
v -0.565110 0.684996 -0.507847
v -0.551246 0.425434 -0.754814
v -0.647030 0.484946 -0.637689
v -0.603764 0.458420 -0.701096
v -0.530044 0.496518 -0.720892
v -0.506792 0.563936 -0.683574
v -0.769444 0.561931 -0.433680
v -0.634659 0.643956 -0.482641
v -0.703049 0.605447 -0.459698
v -0.732128 0.538305 -0.504257
v -0.697325 0.516988 -0.575281
v -0.555710 0.598162 -0.624399
v -0.627040 0.558060 -0.600692
v -0.599921 0.626236 -0.557344
v -0.631596 0.804155 0.000000
v -0.712768 0.721260 -0.081970
v -0.669148 0.758758 -0.041150
v -0.674912 0.765294 0.041505
v -0.721104 0.729696 0.082929
v -0.858461 0.530558 -0.242283
v -0.828115 0.583256 -0.203824
v -0.857166 0.602314 -0.042648
v -0.848218 0.596491 -0.124364
v -0.888122 0.548890 -0.082169
v -0.811267 0.646894 -0.167766
v -0.766916 0.687987 -0.125790
v -0.815921 0.574667 0.200823
v -0.829238 0.512497 0.234035
v -0.760784 0.682486 0.124784
v -0.788979 0.629122 0.163157
v -0.863992 0.533977 0.079936
v -0.828594 0.582691 0.121486
v -0.847176 0.595294 0.042151
v -0.766833 0.688454 -0.041954
v -0.812560 0.645962 0.000000
v -0.763147 0.685145 0.041752
v -0.888889 0.000000 -0.467723
v -0.903257 0.066578 -0.450518
v -0.962146 0.067156 -0.322117
v -0.950058 0.068002 -0.393373
v -0.952836 0.000000 -0.343482
v -0.916208 0.134600 -0.431504
v -0.907398 0.198822 -0.402225
v -0.977986 0.065474 -0.040465
v -0.992104 0.066740 -0.110436
v -0.975056 0.000000 -0.067579
v -0.980300 0.202281 -0.195593
v -0.997535 0.135720 -0.154351
v -0.980072 0.200153 -0.123702
v -1.001750 0.000000 -0.210993
v -1.003101 0.068071 -0.183552
v -0.985672 0.067877 -0.252195
v -0.918145 0.407391 -0.324788
v -0.900609 0.469469 -0.290148
v -0.913520 0.269075 -0.377518
v -0.922177 0.339340 -0.354324
v -0.965044 0.340034 -0.210153
v -0.936436 0.336941 -0.279771
v -0.961131 0.271229 -0.238684
v -0.972270 0.135989 -0.297408
v -0.964897 0.203408 -0.267218
v -0.940844 0.202292 -0.337114
v -0.881549 0.064978 0.439690
v -0.896745 0.000000 0.471856
v -0.861908 0.188854 0.382061
v -0.863871 0.126911 0.406855
v -0.901932 0.000000 0.325132
v -0.883217 0.063218 0.365697
v -0.898261 0.062697 0.300729
v -0.847865 0.441975 0.273155
v -0.851725 0.377919 0.301292
v -0.915456 0.258340 0.227341
v -0.875925 0.315168 0.261692
v -0.914525 0.322234 0.199151
v -0.848139 0.312095 0.325877
v -0.857362 0.252534 0.354311
v -0.966892 0.000000 0.067013
v -0.954194 0.064190 0.106216
v -0.968791 0.064858 0.040085
v -0.924954 0.063696 0.236659
v -0.944011 0.064062 0.172739
v -0.933324 0.000000 0.196581
v -0.956718 0.195384 0.120754
v -0.942288 0.128204 0.145802
v -0.936258 0.193193 0.186806
v -0.876492 0.188455 0.314056
v -0.912274 0.192315 0.252644
v -0.905966 0.126716 0.277126
v -0.906098 0.473909 -0.206800
v -0.970749 0.345001 -0.127478
v -0.948825 0.413296 -0.168833
v -0.917657 0.480962 -0.124973
v -0.922343 0.483932 -0.043053
v -0.960943 0.129468 0.000000
v -0.976880 0.270003 0.082878
v -0.972693 0.199107 0.040991
v -0.972543 0.199076 -0.040985
v -0.985232 0.272311 -0.083586
v -0.881248 0.460911 0.201129
v -0.919630 0.482509 0.042927
v -0.894701 0.468930 0.121847
v -0.923277 0.402167 0.164287
v -0.952609 0.338554 0.125095
v -0.974291 0.345734 -0.042735
v -0.961360 0.341146 0.042168
v -0.944024 0.413194 0.000000
v 0.548170 0.821581 0.105782
v 0.569838 0.816032 0.040483
v 0.497452 0.819229 0.234049
v 0.523057 0.821269 0.170550
v 0.665611 0.755314 0.122866
v 0.590683 0.784575 0.146370
v 0.629463 0.743741 0.185921
v 0.378017 0.776315 0.479789
v 0.414760 0.801397 0.426274
v 0.550020 0.733244 0.384388
v 0.483345 0.767975 0.405855
v 0.520608 0.722675 0.446638
v 0.446194 0.814802 0.365386
v 0.472261 0.818305 0.301272
v 0.737606 0.520774 0.256948
v 0.706857 0.582711 0.293608
v 0.724679 0.526497 0.325393
v 0.655366 0.686230 0.223128
v 0.677194 0.630511 0.256749
v 0.700121 0.630920 0.191709
v 0.624540 0.622032 0.384437
v 0.664286 0.639418 0.327481
v 0.606668 0.682946 0.354282
v 0.533594 0.773422 0.274398
v 0.574908 0.734123 0.317294
v 0.599921 0.735936 0.250583
v 0.066368 0.510996 0.867827
v 0.105650 0.547484 0.820553
v 0.226397 0.481187 0.792444
v 0.164938 0.505845 0.794244
v 0.188945 0.443664 0.834637
v 0.141929 0.572763 0.760773
v 0.178503 0.604351 0.714069
v 0.474094 0.373530 0.767100
v 0.411285 0.400175 0.773218
v 0.435941 0.337486 0.815490
v 0.376959 0.539391 0.719073
v 0.395070 0.470501 0.747567
v 0.439441 0.512220 0.711031
v 0.312258 0.392528 0.828109
v 0.347482 0.424330 0.774876
v 0.289725 0.454161 0.786943
v 0.298440 0.718488 0.592300
v 0.333384 0.742477 0.539427
v 0.218765 0.642551 0.672812
v 0.259519 0.684499 0.637312
v 0.389431 0.632653 0.630112
v 0.325484 0.660236 0.635520
v 0.350377 0.599981 0.675418
v 0.268923 0.522948 0.757990
v 0.311753 0.564869 0.721303
v 0.245222 0.587087 0.720192
v 0.833817 0.063767 0.490970
v 0.813951 0.104800 0.543079
v 0.819330 0.040647 0.572141
v 0.810477 0.231549 0.492137
v 0.817623 0.169793 0.520735
v 0.834591 0.188934 0.443639
v 0.763495 0.124197 0.672821
v 0.791321 0.147628 0.595762
v 0.755544 0.188871 0.639453
v 0.754982 0.466605 0.367629
v 0.769458 0.409285 0.398230
v 0.795420 0.425212 0.329180
v 0.721027 0.377983 0.540856
v 0.750519 0.396630 0.472359
v 0.689695 0.426255 0.496850
v 0.817729 0.308344 0.387607
v 0.782169 0.350752 0.428324
v 0.795298 0.292801 0.458983
v 0.558263 0.275445 0.790705
v 0.614873 0.309814 0.745872
v 0.553757 0.342241 0.762200
v 0.718054 0.233475 0.685758
v 0.667657 0.271876 0.717091
v 0.671050 0.203902 0.744653
v 0.642707 0.397215 0.645298
v 0.662965 0.339540 0.688749
v 0.693731 0.359877 0.616249
v 0.775112 0.274998 0.534760
v 0.733909 0.317201 0.574741
v 0.750245 0.255455 0.611586
v 0.404645 0.717930 0.524309
v 0.460868 0.606027 0.614904
v 0.432186 0.660974 0.569213
v 0.470695 0.683399 0.502477
v 0.533870 0.647129 0.479773
v 0.531041 0.409841 0.727148
v 0.611335 0.458192 0.602508
v 0.577957 0.438825 0.671128
v 0.509971 0.477715 0.693592
v 0.487908 0.542922 0.658102
v 0.707057 0.516369 0.398517
v 0.590841 0.599496 0.449319
v 0.650684 0.560351 0.425458
v 0.668199 0.491301 0.460225
v 0.642237 0.476146 0.529835
v 0.529782 0.570254 0.595267
v 0.591197 0.526160 0.566355
v 0.560829 0.585428 0.521026
v -0.068846 0.465863 0.934025
v 0.000000 0.478664 0.909684
v -0.206497 0.417752 0.942425
v -0.139666 0.447747 0.950696
v 0.000000 0.348749 0.967446
v -0.068561 0.396605 0.957865
v -0.067475 0.323649 0.966723
v -0.437727 0.270530 0.839717
v -0.384421 0.306476 0.866379
v -0.265182 0.233362 0.939702
v -0.329608 0.273682 0.916057
v -0.322005 0.199010 0.913875
v -0.328923 0.343447 0.893867
v -0.270898 0.380076 0.919710
v 0.000000 0.069102 0.997033
v -0.066923 0.110738 0.994821
v -0.066431 0.041057 0.992283
v -0.067245 0.249844 0.976485
v -0.066920 0.180448 0.986138
v 0.000000 0.209495 0.994638
v -0.197185 0.121867 0.965537
v -0.133106 0.151378 0.978320
v -0.199453 0.192859 0.966595
v -0.206714 0.344484 0.961411
v -0.202783 0.266396 0.961931
v -0.135347 0.296002 0.967675
v -0.873876 -0.043352 0.610231
v -0.830524 0.000000 0.652306
v -0.744348 -0.084594 0.735584
v -0.794877 -0.043109 0.701001
v -0.781487 -0.127124 0.688676
v -0.787554 0.042712 0.694543
v -0.736872 0.083744 0.728196
v -0.519689 -0.237320 0.840875
v -0.571936 -0.199868 0.812043
v -0.551167 -0.271943 0.780653
v -0.586742 -0.041545 0.835005
v -0.587643 -0.122519 0.835637
v -0.535327 -0.080138 0.866177
v -0.666736 -0.202592 0.739865
v -0.628873 -0.163093 0.788667
v -0.681014 -0.124515 0.759143
v -0.538686 0.188249 0.764834
v -0.488317 0.222993 0.790114
v -0.678725 0.124097 0.756591
v -0.610705 0.158381 0.765882
v -0.515542 0.077176 0.834165
v -0.564565 0.117707 0.802820
v -0.573391 0.040600 0.816004
v -0.697679 -0.042516 0.777108
v -0.637674 0.000000 0.802135
v -0.689883 0.042041 0.768425
v 0.000000 -0.457854 0.870135
v -0.065701 -0.444577 0.891347
v -0.064059 -0.493216 0.837631
v -0.065555 -0.314439 0.939213
v -0.066123 -0.382498 0.923793
v 0.000000 -0.334836 0.928851
v -0.192980 -0.453139 0.852463
v -0.131110 -0.420316 0.892453
v -0.197016 -0.398573 0.899158
v -0.065902 -0.040730 0.984378
v -0.066824 -0.110575 0.993352
v 0.000000 -0.068542 0.988958
v -0.197525 -0.190994 0.957249
v -0.132676 -0.150889 0.975161
v -0.199127 -0.123067 0.975048
v 0.000000 -0.202620 0.961996
v -0.066122 -0.178296 0.974381
v -0.065544 -0.243527 0.951796
v -0.441842 -0.342055 0.826531
v -0.388692 -0.309880 0.876003
v -0.451305 -0.278922 0.865763
v -0.267013 -0.374624 0.906518
v -0.328328 -0.342827 0.892253
v -0.319462 -0.401583 0.847214
v -0.326549 -0.201819 0.926773
v -0.330689 -0.274580 0.919061
v -0.265137 -0.233323 0.939542
v -0.131428 -0.287433 0.939662
v -0.198491 -0.260758 0.941573
v -0.199644 -0.332702 0.928531
v -0.440939 0.192414 0.843062
v -0.459532 0.040883 0.875838
v -0.447754 0.116344 0.854298
v -0.388817 0.158834 0.892628
v -0.322308 0.119093 0.906897
v -0.463458 -0.202240 0.886118
v -0.332910 -0.123010 0.936730
v -0.396979 -0.162168 0.911365
v -0.471632 -0.122549 0.899855
v -0.466473 -0.041500 0.889067
v -0.130905 0.000000 0.971614
v -0.259047 0.079515 0.937242
v -0.197811 0.040725 0.966363
v -0.198153 -0.040795 0.968033
v -0.264246 -0.081111 0.956053
v -0.393569 0.000000 0.899188
v -0.330997 -0.040914 0.932762
v -0.325071 0.040181 0.916062
v -0.895823 -0.066030 0.446810
v -0.891184 -0.068154 0.524749
v -0.913457 -0.063757 0.305816
v -0.902676 -0.064611 0.373754
v -0.852418 -0.192970 0.453115
v -0.891224 -0.130929 0.419737
v -0.867062 -0.189984 0.384345
v -0.963168 -0.064482 0.039852
v -0.951129 -0.063984 0.105875
v -0.928567 -0.191606 0.185271
v -0.947466 -0.128908 0.146604
v -0.949135 -0.193835 0.119797
v -0.949194 -0.064413 0.173688
v -0.933161 -0.064261 0.238759
v -0.800196 -0.427765 0.331157
v -0.855271 -0.379493 0.302546
v -0.828151 -0.431698 0.266804
v -0.861412 -0.253727 0.355984
v -0.859754 -0.316369 0.330340
v -0.820752 -0.309484 0.389040
v -0.922396 -0.325007 0.200866
v -0.893216 -0.321390 0.266858
v -0.912428 -0.257485 0.226589
v -0.913108 -0.127714 0.279311
v -0.902461 -0.190246 0.249927
v -0.882095 -0.189660 0.316064
v -0.858436 -0.065650 -0.505467
v -0.896501 -0.066080 -0.447148
v -0.906315 -0.198584 -0.401745
v -0.905140 -0.132974 -0.426291
v -0.879886 -0.199188 -0.467717
v -0.932750 -0.066764 -0.386206
v -0.958250 -0.066884 -0.320813
v -0.921563 -0.480392 -0.296898
v -0.921319 -0.408799 -0.325910
v -0.875102 -0.467808 -0.362156
v -0.939535 -0.265135 -0.233321
v -0.937184 -0.337210 -0.279994
v -0.933962 -0.329082 -0.203384
v -0.859546 -0.324112 -0.407429
v -0.912950 -0.335944 -0.350779
v -0.912847 -0.268877 -0.377240
v -0.967741 -0.065101 -0.107724
v -0.966054 -0.064675 -0.039971
v -0.981680 -0.067602 -0.251173
v -0.982890 -0.066700 -0.179853
v -0.955901 -0.195217 -0.120651
v -0.961914 -0.130874 -0.148839
v -0.952739 -0.196594 -0.190094
v -0.922670 -0.198384 -0.330602
v -0.948577 -0.199968 -0.262698
v -0.946511 -0.132387 -0.289529
v -0.589520 -0.844217 0.041881
v -0.632199 -0.804923 0.000000
v -0.585062 -0.837834 -0.041564
v -0.710041 -0.718501 0.081656
v -0.673320 -0.763489 0.041407
v -0.662745 -0.752061 0.122337
v -0.665854 -0.755589 -0.122911
v -0.670021 -0.759748 -0.041204
v -0.713468 -0.721969 -0.082050
v -0.810037 -0.500631 0.228616
v -0.780835 -0.549955 0.192187
v -0.772955 -0.545731 0.269262
v -0.809278 -0.568664 0.040265
v -0.792106 -0.557031 0.116137
v -0.836777 -0.517157 0.077418
v -0.725583 -0.653865 0.198681
v -0.750945 -0.598794 0.155292
v -0.729497 -0.654419 0.119653
v -0.840605 -0.593494 -0.292828
v -0.848321 -0.597487 -0.208798
v -0.889990 -0.550044 -0.251182
v -0.759704 -0.681518 -0.124607
v -0.803007 -0.640308 -0.166058
v -0.753307 -0.678849 -0.206272
v -0.863856 -0.533892 -0.079923
v -0.837645 -0.589055 -0.122813
v -0.815228 -0.572845 -0.040561
v -0.746576 -0.670267 0.040846
v -0.783808 -0.623104 0.000000
v -0.754831 -0.677679 -0.041297
v -0.959860 -0.129322 0.000000
v -0.934656 -0.258332 -0.079295
v -0.953384 -0.195155 -0.040178
v -0.960899 -0.196693 0.040494
v -0.947294 -0.261826 0.080368
v -0.924813 -0.483697 -0.211072
v -0.888740 -0.466302 -0.041485
v -0.913195 -0.478623 -0.124365
v -0.925861 -0.403293 -0.164747
v -0.928816 -0.330098 -0.121971
v -0.845616 -0.442275 0.192996
v -0.934661 -0.332175 0.122739
v -0.891355 -0.388263 0.158607
v -0.859051 -0.450246 0.116992
v -0.873324 -0.458213 0.040765
v -0.934759 -0.331706 -0.041001
v -0.907982 -0.397419 0.000000
v -0.929024 -0.329671 0.040750
v -0.766642 0.000000 -0.602132
v -0.814806 -0.040422 -0.568982
v -0.672738 0.076455 -0.664817
v -0.719921 0.039044 -0.634898
v -0.714074 -0.116158 -0.629270
v -0.717286 -0.038901 -0.632574
v -0.666069 -0.075698 -0.658227
v -0.499742 0.228210 -0.808599
v -0.546199 0.190875 -0.775502
v -0.556184 0.039381 -0.791517
v -0.551904 0.115068 -0.784815
v -0.511901 0.076631 -0.828273
v -0.581306 0.150756 -0.729013
v -0.614381 0.112332 -0.684865
v -0.534643 -0.263791 -0.757250
v -0.526163 -0.183873 -0.747054
v -0.482816 -0.220481 -0.781213
v -0.610748 -0.111668 -0.680816
v -0.571355 -0.148176 -0.716534
v -0.622826 -0.189249 -0.691139
v -0.504707 -0.075554 -0.816633
v -0.532211 -0.110962 -0.756811
v -0.553936 -0.039222 -0.788317
v -0.622527 0.037936 -0.693400
v -0.591205 0.000000 -0.743681
v -0.624295 -0.038044 -0.695370
v 0.000000 0.459507 -0.873275
v -0.064750 0.438145 -0.878450
v -0.064962 0.311596 -0.930721
v -0.064596 0.373668 -0.902468
v 0.000000 0.334170 -0.927003
v -0.129143 0.414010 -0.879063
v -0.191845 0.388112 -0.875558
v -0.064147 0.039645 -0.958168
v -0.064841 0.107293 -0.963871
v 0.000000 0.067467 -0.973443
v -0.193237 0.186849 -0.936473
v -0.128552 0.146199 -0.944851
v -0.193994 0.119895 -0.949912
v 0.000000 0.204235 -0.969663
v -0.065457 0.176502 -0.964573
v -0.065836 0.244609 -0.956025
v -0.382283 0.304771 -0.861560
v -0.439206 0.271445 -0.842555
v -0.254643 0.357269 -0.864520
v -0.315586 0.329522 -0.857625
v -0.316738 0.195755 -0.898929
v -0.322020 0.267381 -0.894967
v -0.257627 0.226714 -0.912932
v -0.129446 0.283098 -0.925488
v -0.195364 0.256650 -0.926739
v -0.196081 0.326764 -0.911958
v -0.068037 -0.523851 -0.889658
v -0.067733 -0.458328 -0.918916
v 0.000000 -0.482516 -0.917004
v -0.198731 -0.402041 -0.906983
v -0.134522 -0.431254 -0.915678
v -0.201742 -0.473715 -0.891170
v 0.000000 -0.337568 -0.936430
v -0.066323 -0.383656 -0.926591
v -0.065121 -0.312359 -0.933000
v -0.416997 -0.257718 -0.799949
v -0.369454 -0.294543 -0.832647
v -0.421016 -0.325933 -0.787572
v -0.253278 -0.222886 -0.897518
v -0.315663 -0.262103 -0.877301
v -0.312035 -0.192848 -0.885578
v -0.319923 -0.402164 -0.848438
v -0.319590 -0.333702 -0.868506
v -0.260318 -0.365232 -0.883789
v 0.000000 -0.067217 -0.969845
v -0.065245 -0.107963 -0.969885
v -0.065314 -0.040366 -0.975599
v -0.064810 -0.240800 -0.941137
v -0.065447 -0.176474 -0.964424
v 0.000000 -0.202070 -0.959383
v -0.192387 -0.118902 -0.942042
v -0.130887 -0.148854 -0.962010
v -0.189662 -0.183391 -0.919143
v -0.195827 -0.326341 -0.910778
v -0.191971 -0.252192 -0.910641
v -0.129650 -0.283544 -0.926947
v -0.442747 0.193203 -0.846519
v -0.322083 0.119010 -0.906264
v -0.385545 0.157497 -0.885116
v -0.450942 0.117173 -0.860379
v -0.457871 0.040735 -0.872672
v -0.129731 0.000000 -0.962898
v -0.256726 -0.078802 -0.928844
v -0.197208 -0.040600 -0.963416
v -0.197727 0.040707 -0.965952
v -0.259536 0.079665 -0.939009
v -0.433282 -0.189072 -0.828423
v -0.457630 -0.040714 -0.872213
v -0.445649 -0.115798 -0.850282
v -0.378972 -0.154812 -0.870026
v -0.321358 -0.118742 -0.904225
v -0.327279 0.040454 -0.922283
v -0.327733 -0.040510 -0.923563
v -0.400544 0.000000 -0.915123
v 0.105872 0.548636 -0.822279
v 0.065697 0.505835 -0.859062
v 0.186340 0.630884 -0.745420
v 0.147229 0.594151 -0.789182
v 0.202490 0.475471 -0.894474
v 0.176401 0.541000 -0.849442
v 0.248100 0.527316 -0.868411
v 0.342141 0.761977 -0.553595
v 0.299728 0.721591 -0.594857
v 0.357773 0.612646 -0.689675
v 0.328897 0.667158 -0.642183
v 0.396550 0.644218 -0.641631
v 0.264117 0.696626 -0.648603
v 0.224538 0.659508 -0.690568
v 0.460168 0.356242 -0.860811
v 0.439645 0.427769 -0.826535
v 0.496225 0.390966 -0.802909
v 0.320987 0.503166 -0.871855
v 0.385274 0.470481 -0.859153
v 0.341883 0.429769 -0.906675
v 0.446704 0.520685 -0.722782
v 0.414763 0.493955 -0.784832
v 0.385486 0.551591 -0.735338
v 0.254756 0.609912 -0.748192
v 0.322959 0.585173 -0.747230
v 0.289803 0.563551 -0.816843
v 0.580735 0.831636 -0.041257
v 0.567749 0.850925 -0.109560
v 0.658849 0.778461 -0.194600
v 0.617994 0.820851 -0.153137
v 0.685492 0.777874 -0.126536
v 0.547187 0.859156 -0.178418
v 0.515802 0.849450 -0.242683
v 0.749677 0.544659 -0.336618
v 0.737870 0.608277 -0.306490
v 0.780930 0.551361 -0.272040
v 0.639006 0.719350 -0.373167
v 0.690264 0.664423 -0.340287
v 0.664589 0.661920 -0.409089
v 0.743858 0.670333 -0.203685
v 0.718670 0.669127 -0.272474
v 0.693670 0.726339 -0.236169
v 0.418727 0.809063 -0.430351
v 0.385886 0.792475 -0.489776
v 0.484803 0.840037 -0.309273
v 0.450449 0.822574 -0.368871
v 0.535466 0.743299 -0.459384
v 0.495844 0.787834 -0.416350
v 0.567722 0.756843 -0.396759
v 0.632983 0.776492 -0.264392
v 0.604369 0.771743 -0.333553
v 0.560520 0.812449 -0.288244
v 0.787599 0.039072 -0.549984
v 0.782529 0.100754 -0.522114
v 0.843246 0.064488 -0.496522
v 0.726112 0.181514 -0.614543
v 0.741396 0.138314 -0.558175
v 0.710484 0.115574 -0.626106
v 0.835363 0.189109 -0.444049
v 0.791259 0.164318 -0.503944
v 0.801735 0.229051 -0.486829
v 0.566455 0.350088 -0.779678
v 0.614398 0.309574 -0.745295
v 0.568568 0.280529 -0.805300
v 0.686247 0.355995 -0.609601
v 0.654089 0.334995 -0.679528
v 0.636199 0.393192 -0.638764
v 0.653818 0.198666 -0.725530
v 0.669695 0.272705 -0.719279
v 0.695606 0.226176 -0.664320
v 0.794196 0.424557 -0.328674
v 0.778666 0.414183 -0.402995
v 0.768017 0.474660 -0.373976
v 0.789339 0.290607 -0.455544
v 0.783906 0.351531 -0.429275
v 0.816188 0.307763 -0.386877
v 0.693354 0.428516 -0.499486
v 0.746500 0.394506 -0.469829
v 0.712513 0.373520 -0.534470
v 0.732105 0.249279 -0.596799
v 0.729200 0.315166 -0.571053
v 0.759973 0.269627 -0.524316
v 0.425358 0.754679 -0.551148
v 0.562771 0.682161 -0.505745
v 0.500076 0.726058 -0.533842
v 0.445421 0.681215 -0.586644
v 0.463462 0.609439 -0.618366
v 0.735661 0.537258 -0.414639
v 0.644272 0.477655 -0.531513
v 0.703009 0.516895 -0.484201
v 0.685695 0.590501 -0.448350
v 0.624219 0.633363 -0.474702
v 0.540185 0.416898 -0.739668
v 0.488515 0.543598 -0.658921
v 0.513014 0.480565 -0.697730
v 0.574974 0.436561 -0.667664
v 0.604281 0.452905 -0.595557
v 0.585493 0.611174 -0.543940
v 0.595704 0.530171 -0.570673
v 0.538611 0.579757 -0.605187
v 0.569516 -0.815570 0.040460
v 0.563393 -0.844397 0.108720
v 0.523399 -0.888890 0.067979
v 0.627386 -0.741287 0.185307
v 0.595810 -0.791386 0.147640
v 0.640558 -0.726884 0.118242
v 0.479291 -0.901661 0.204117
v 0.546108 -0.857461 0.178066
v 0.515769 -0.849396 0.242667
v 0.716641 -0.520657 0.321784
v 0.701879 -0.578607 0.291540
v 0.743996 -0.525285 0.259174
v 0.611334 -0.688199 0.357007
v 0.664059 -0.639199 0.327369
v 0.639812 -0.637242 0.393837
v 0.709020 -0.638939 0.194145
v 0.685796 -0.638520 0.260011
v 0.665355 -0.696691 0.226529
v 0.342267 -0.827042 0.442116
v 0.414324 -0.800556 0.425826
v 0.379830 -0.780039 0.482091
v 0.485591 -0.841402 0.309775
v 0.450917 -0.823428 0.369254
v 0.415092 -0.875713 0.330208
v 0.516774 -0.717352 0.443348
v 0.484943 -0.770514 0.407197
v 0.544120 -0.725378 0.380264
v 0.616401 -0.756151 0.257466
v 0.579429 -0.739896 0.319789
v 0.552258 -0.800474 0.283996
v 0.821484 -0.040753 0.573645
v 0.826374 -0.106399 0.551368
v 0.841475 -0.064352 0.495480
v 0.758685 -0.189656 0.642111
v 0.799612 -0.149175 0.602004
v 0.762417 -0.124022 0.671871
v 0.829115 -0.187694 0.440728
v 0.827076 -0.171756 0.526755
v 0.808852 -0.231084 0.491150
v 0.552046 -0.341183 0.759845
v 0.615708 -0.310234 0.746885
v 0.555269 -0.273968 0.786465
v 0.718542 -0.372747 0.638288
v 0.668572 -0.342412 0.694574
v 0.653520 -0.403897 0.656155
v 0.671353 -0.203995 0.744989
v 0.667836 -0.271948 0.717283
v 0.715986 -0.232803 0.683783
v 0.775011 -0.414302 0.320734
v 0.773417 -0.411391 0.400279
v 0.750961 -0.464120 0.365671
v 0.805879 -0.296697 0.465090
v 0.800660 -0.359044 0.438450
v 0.833179 -0.314169 0.394931
v 0.727225 -0.449449 0.523886
v 0.761561 -0.402465 0.479309
v 0.756555 -0.396609 0.567506
v 0.763896 -0.260103 0.622714
v 0.756630 -0.327021 0.592534
v 0.780094 -0.276765 0.538198
v 0.039967 -0.562573 0.805628
v 0.104142 -0.539671 0.808843
v 0.063774 -0.491025 0.833910
v 0.180910 -0.612497 0.723694
v 0.142982 -0.577012 0.766416
v 0.117321 -0.635569 0.721223
v 0.194176 -0.455947 0.857745
v 0.168741 -0.517509 0.812558
v 0.234267 -0.497916 0.819994
v 0.335857 -0.747983 0.543428
v 0.294287 -0.708492 0.584058
v 0.271075 -0.778160 0.549406
v 0.344323 -0.589614 0.663748
v 0.316186 -0.641374 0.617364
v 0.381878 -0.620383 0.617891
v 0.193824 -0.707847 0.637882
v 0.260232 -0.686381 0.639064
v 0.221473 -0.650506 0.681142
v 0.442050 -0.342216 0.826918
v 0.422085 -0.410684 0.793522
v 0.483499 -0.380939 0.782317
v 0.299135 -0.468912 0.812502
v 0.358648 -0.437965 0.799776
v 0.319573 -0.401724 0.847510
v 0.430260 -0.501518 0.696175
v 0.395900 -0.471489 0.749138
v 0.371134 -0.531055 0.707961
v 0.242171 -0.579782 0.711231
v 0.306569 -0.555477 0.709310
v 0.272172 -0.529266 0.767149
v 0.716397 -0.523190 0.403781
v 0.686285 -0.508803 0.566173
v 0.699757 -0.514504 0.481961
v 0.672666 -0.579282 0.439831
v 0.616987 -0.626025 0.469202
v 0.528366 -0.407776 0.723485
v 0.477718 -0.531584 0.644358
v 0.504736 -0.472811 0.686471
v 0.582011 -0.441903 0.675835
v 0.636304 -0.476907 0.627118
v 0.404079 -0.716925 0.523576
v 0.543674 -0.659013 0.488583
v 0.472458 -0.685959 0.504359
v 0.422504 -0.646167 0.556461
v 0.452706 -0.595295 0.604015
v 0.626132 -0.557252 0.599822
v 0.537177 -0.578214 0.603576
v 0.588884 -0.614714 0.547090
v 0.457215 -0.916685 0.067568
v 0.473599 -0.900057 0.000000
v 0.415177 -0.936616 0.205224
v 0.438498 -0.931059 0.136782
v 0.337756 -0.936952 0.000000
v 0.386238 -0.932826 0.066769
v 0.319893 -0.955505 0.066692
v 0.278513 -0.864496 0.450644
v 0.315149 -0.890898 0.395301
v 0.234643 -0.944858 0.266637
v 0.277005 -0.927179 0.333610
v 0.200944 -0.922757 0.325134
v 0.351697 -0.915339 0.336824
v 0.383766 -0.928639 0.273528
v 0.067950 -0.980415 0.000000
v 0.107640 -0.966991 0.065051
v 0.040290 -0.973758 0.065191
v 0.248266 -0.970318 0.066820
v 0.178057 -0.973071 0.066034
v 0.201610 -0.957200 0.000000
v 0.119745 -0.948721 0.193751
v 0.150433 -0.972214 0.132275
v 0.191391 -0.959241 0.197936
v 0.345523 -0.964311 0.207337
v 0.267319 -0.965261 0.203485
v 0.298352 -0.975357 0.136421
v -0.039370 -0.554172 0.793597
v 0.000000 -0.596584 0.759578
v -0.076267 -0.663181 0.671082
v -0.038748 -0.630090 0.714469
v -0.115025 -0.623133 0.707110
v 0.039316 -0.639318 0.724933
v 0.077176 -0.671085 0.679081
v -0.223678 -0.792541 0.489817
v -0.189030 -0.768009 0.540922
v -0.265153 -0.761162 0.537405
v -0.039417 -0.792234 0.556688
v -0.114032 -0.777752 0.546937
v -0.075436 -0.815358 0.503919
v -0.192349 -0.702460 0.633028
v -0.153205 -0.740853 0.590747
v -0.116439 -0.709906 0.636844
v 0.191952 -0.779878 0.549282
v 0.230350 -0.816178 0.504426
v 0.117105 -0.713967 0.640487
v 0.154116 -0.745261 0.594262
v 0.076924 -0.831436 0.513856
v 0.114953 -0.784037 0.551356
v 0.039825 -0.800436 0.562451
v -0.038662 -0.706673 0.634443
v 0.000000 -0.767327 0.610003
v 0.039185 -0.716216 0.643011
v -0.478118 -0.908645 0.000000
v -0.450177 -0.902574 0.066528
v -0.520770 -0.884426 0.067637
v -0.315343 -0.941912 0.065743
v -0.384381 -0.928341 0.066448
v -0.338060 -0.937796 0.000000
v -0.470615 -0.885339 0.200422
v -0.426079 -0.904689 0.132908
v -0.399389 -0.900999 0.197420
v -0.039914 -0.964675 0.064583
v -0.106506 -0.956797 0.064365
v -0.066917 -0.965509 0.000000
v -0.187847 -0.941478 0.194270
v -0.145663 -0.941384 0.128081
v -0.118600 -0.939654 0.191899
v -0.202537 -0.961602 0.000000
v -0.173505 -0.948195 0.064345
v -0.245009 -0.957588 0.065943
v -0.326923 -0.789966 0.422296
v -0.294242 -0.831796 0.369077
v -0.261420 -0.811440 0.422987
v -0.364247 -0.881407 0.259616
v -0.329908 -0.858631 0.315956
v -0.399758 -0.843363 0.318010
v -0.193496 -0.888554 0.313083
v -0.259295 -0.867903 0.312282
v -0.225448 -0.907833 0.256189
v -0.287251 -0.939065 0.131345
v -0.256109 -0.924784 0.194952
v -0.327514 -0.914051 0.196531
v 0.196621 -0.861498 0.450582
v 0.040152 -0.860181 0.451318
v 0.116578 -0.856012 0.448652
v 0.157745 -0.886508 0.386152
v 0.120000 -0.913806 0.324763
v -0.185878 -0.814424 0.425961
v -0.117137 -0.892005 0.317015
v -0.153426 -0.862240 0.375581
v -0.113571 -0.833930 0.437079
v -0.039844 -0.853591 0.447860
v 0.000000 -0.959277 0.129243
v 0.078751 -0.928244 0.256560
v 0.039635 -0.940501 0.192518
v -0.039790 -0.944183 0.193271
v -0.078367 -0.923714 0.255308
v 0.000000 -0.878422 0.384480
v -0.039362 -0.897393 0.318446
v 0.039308 -0.896156 0.318007
v 0.451617 -0.905462 -0.066741
v 0.513419 -0.871941 -0.066682
v 0.311176 -0.929465 -0.064874
v 0.379208 -0.915847 -0.065554
v 0.454783 -0.855555 -0.193680
v 0.418807 -0.889248 -0.130639
v 0.392141 -0.884648 -0.193837
v 0.039457 -0.953634 -0.063844
v 0.105374 -0.946632 -0.063681
v 0.177691 -0.890574 -0.183766
v 0.140859 -0.910341 -0.123857
v 0.114905 -0.910377 -0.185920
v 0.169766 -0.927764 -0.062959
v 0.236912 -0.925943 -0.063764
v 0.330341 -0.798224 -0.426711
v 0.294621 -0.832866 -0.369551
v 0.264740 -0.821745 -0.428359
v 0.358467 -0.867419 -0.255496
v 0.326327 -0.849309 -0.312526
v 0.393386 -0.829920 -0.312941
v 0.189370 -0.869605 -0.306406
v 0.256362 -0.858083 -0.308748
v 0.217146 -0.874405 -0.246755
v 0.278526 -0.910543 -0.127356
v 0.245824 -0.887647 -0.187123
v 0.320957 -0.895753 -0.192597
v -0.517884 -0.879524 -0.067262
v -0.447477 -0.897160 -0.066129
v -0.395355 -0.891898 -0.195426
v -0.419712 -0.891171 -0.130922
v -0.457524 -0.860712 -0.194847
v -0.378021 -0.912981 -0.065349
v -0.311079 -0.929176 -0.064854
v -0.275009 -0.853620 -0.444975
v -0.303836 -0.858916 -0.381110
v -0.342565 -0.827762 -0.442501
v -0.227164 -0.914743 -0.258139
v -0.265259 -0.887864 -0.319464
v -0.196073 -0.900387 -0.317252
v -0.408019 -0.860791 -0.324581
v -0.333808 -0.868781 -0.319691
v -0.363476 -0.879540 -0.259067
v -0.107821 -0.968612 -0.065160
v -0.040122 -0.969703 -0.064919
v -0.245077 -0.957855 -0.065962
v -0.177475 -0.969893 -0.065818
v -0.119363 -0.945695 -0.193133
v -0.147831 -0.955401 -0.129988
v -0.186107 -0.932757 -0.192471
v -0.323923 -0.904030 -0.194376
v -0.252941 -0.913344 -0.192540
v -0.281868 -0.921468 -0.128884
v 0.043555 -0.613078 -0.877953
v 0.000000 -0.660805 -0.841345
v -0.042771 -0.602039 -0.862145
v 0.084325 -0.733247 -0.741983
v 0.043307 -0.704223 -0.798530
v 0.126772 -0.686769 -0.779323
v -0.127055 -0.688301 -0.781061
v -0.043109 -0.701002 -0.794878
v -0.086792 -0.754696 -0.763687
v 0.230268 -0.815891 -0.504248
v 0.198409 -0.806112 -0.567759
v 0.269050 -0.772346 -0.545301
v 0.042248 -0.849125 -0.596664
v 0.120406 -0.821229 -0.577511
v 0.079555 -0.859870 -0.531429
v 0.202740 -0.740408 -0.667225
v 0.162868 -0.787582 -0.628008
v 0.125034 -0.762309 -0.683854
v -0.276226 -0.792946 -0.559845
v -0.203361 -0.826234 -0.581931
v -0.239290 -0.847855 -0.524003
v -0.130574 -0.796083 -0.714152
v -0.167459 -0.809781 -0.645709
v -0.205565 -0.750723 -0.676520
v -0.081660 -0.882622 -0.545491
v -0.124177 -0.846947 -0.595597
v -0.042475 -0.853701 -0.599879
v 0.042887 -0.783883 -0.703762
v 0.000000 -0.821486 -0.653057
v -0.043557 -0.796143 -0.714769
v 0.000000 -0.954964 -0.128662
v -0.079440 -0.936356 -0.258802
v -0.040040 -0.950113 -0.194485
v 0.038959 -0.924463 -0.189235
v 0.076802 -0.905267 -0.250210
v -0.202196 -0.885922 -0.463356
v -0.041820 -0.895917 -0.470067
v -0.121268 -0.890447 -0.466701
v -0.158555 -0.891061 -0.388135
v -0.119161 -0.907415 -0.322492
v 0.189932 -0.832191 -0.435253
v 0.115427 -0.878986 -0.312388
v 0.152718 -0.858260 -0.373847
v 0.117377 -0.861876 -0.451726
v 0.041095 -0.880382 -0.461916
v -0.039977 -0.911405 -0.323419
v 0.000000 -0.895486 -0.391949
v 0.039367 -0.897501 -0.318485
v 0.545454 -0.817510 -0.105258
v 0.564958 -0.809044 -0.040136
v 0.488217 -0.804021 -0.229704
v 0.519703 -0.816003 -0.169456
v 0.630659 -0.715651 -0.116414
v 0.578544 -0.768452 -0.143362
v 0.617836 -0.730003 -0.182487
v 0.371462 -0.762854 -0.471469
v 0.404916 -0.782378 -0.416157
v 0.537715 -0.716839 -0.375788
v 0.474709 -0.754254 -0.398604
v 0.508520 -0.705896 -0.436267
v 0.437850 -0.799565 -0.358553
v 0.460151 -0.797321 -0.293546
v 0.769623 -0.543379 -0.268101
v 0.725684 -0.598231 -0.301428
v 0.757156 -0.550092 -0.339976
v 0.653694 -0.684480 -0.222559
v 0.696071 -0.648086 -0.263906
v 0.715054 -0.644377 -0.195798
v 0.643973 -0.641386 -0.396399
v 0.670416 -0.645319 -0.330503
v 0.607825 -0.684248 -0.354957
v 0.525981 -0.762387 -0.270483
v 0.568925 -0.726482 -0.313991
v 0.598946 -0.734739 -0.250175
v 0.069201 -0.532814 -0.904881
v 0.113808 -0.589759 -0.883914
v 0.245685 -0.522182 -0.859957
v 0.180846 -0.554635 -0.870850
v 0.202245 -0.474895 -0.893390
v 0.154397 -0.623076 -0.827601
v 0.195985 -0.663536 -0.784000
v 0.489463 -0.385639 -0.791968
v 0.432128 -0.420456 -0.812404
v 0.439730 -0.340420 -0.822578
v 0.389281 -0.557021 -0.742577
v 0.415802 -0.495192 -0.786798
v 0.448676 -0.522984 -0.725973
v 0.318469 -0.400335 -0.844580
v 0.370040 -0.451877 -0.825181
v 0.308606 -0.483758 -0.838226
v 0.305124 -0.734581 -0.605565
v 0.338312 -0.753451 -0.547401
v 0.234014 -0.687340 -0.719711
v 0.270237 -0.712768 -0.663632
v 0.397390 -0.645584 -0.642991
v 0.336202 -0.681976 -0.656446
v 0.362187 -0.620204 -0.698184
v 0.287941 -0.559930 -0.811595
v 0.327485 -0.593375 -0.757703
v 0.263598 -0.631082 -0.774161
v 0.873449 -0.066798 -0.514307
v 0.840122 -0.108169 -0.560541
v 0.810279 -0.040197 -0.565821
v 0.852341 -0.243509 -0.517558
v 0.853943 -0.177335 -0.543867
v 0.896324 -0.202909 -0.476454
v 0.731978 -0.119070 -0.645047
v 0.802150 -0.149649 -0.603915
v 0.745600 -0.186385 -0.631037
v 0.784451 -0.484817 -0.381978
v 0.806082 -0.428766 -0.417184
v 0.818047 -0.437307 -0.338544
v 0.748208 -0.392232 -0.561244
v 0.775302 -0.409727 -0.487957
v 0.736190 -0.454990 -0.530344
v 0.874382 -0.329706 -0.414461
v 0.829762 -0.372094 -0.454386
v 0.846734 -0.311738 -0.488668
v 0.554895 -0.273783 -0.785935
v 0.598482 -0.301555 -0.725988
v 0.548662 -0.339092 -0.755188
v 0.698621 -0.227157 -0.667199
v 0.658260 -0.268049 -0.706997
v 0.652444 -0.198249 -0.724006
v 0.644940 -0.398595 -0.647540
v 0.650440 -0.333126 -0.675737
v 0.693390 -0.359700 -0.615946
v 0.794457 -0.281861 -0.548107
v 0.750297 -0.324284 -0.587575
v 0.747550 -0.254538 -0.609389
v 0.408948 -0.725565 -0.529885
v 0.462759 -0.608513 -0.617428
v 0.435635 -0.666249 -0.573755
v 0.472908 -0.686613 -0.504840
v 0.543753 -0.659108 -0.488654
v 0.535110 -0.412981 -0.732719
v 0.633042 -0.474462 -0.623903
v 0.584802 -0.444023 -0.679076
v 0.519137 -0.486301 -0.706058
v 0.489445 -0.544632 -0.660175
v 0.744628 -0.543807 -0.419693
v 0.614127 -0.623124 -0.467028
v 0.685957 -0.590727 -0.448521
v 0.717204 -0.527332 -0.493978
v 0.682167 -0.505750 -0.562776
v 0.543234 -0.584733 -0.610381
v 0.611045 -0.543824 -0.585369
v 0.575094 -0.600319 -0.534279
v 0.599326 -0.763069 0.000000
v 0.678636 -0.686722 -0.078045
v 0.635124 -0.720178 -0.039058
v 0.636788 -0.722065 0.039160
v 0.671052 -0.679047 0.077172
v 0.795803 -0.491833 -0.224599
v 0.773447 -0.544752 -0.190369
v 0.789508 -0.554772 -0.039281
v 0.785444 -0.552346 -0.115160
v 0.818440 -0.505824 -0.075722
v 0.754956 -0.601992 -0.156121
v 0.720789 -0.646608 -0.118224
v 0.770828 -0.542908 0.189724
v 0.790861 -0.488779 0.223204
v 0.709626 -0.636593 0.116393
v 0.748448 -0.596803 0.154775
v 0.808887 -0.499920 0.074838
v 0.783012 -0.550636 0.114803
v 0.782347 -0.549740 0.038925
v 0.712177 -0.639385 -0.038964
v 0.752060 -0.597866 0.000000
v 0.708680 -0.636245 0.038772
v 0.884247 0.000000 -0.465280
v 0.901243 -0.066430 -0.449513
v 0.948431 -0.066198 -0.317525
v 0.924853 -0.066198 -0.382936
v 0.920700 0.000000 -0.331898
v 0.922375 -0.135506 -0.434408
v 0.916491 -0.200814 -0.406256
v 0.948685 -0.063512 -0.039253
v 0.948804 -0.063827 -0.105616
v 0.933830 0.000000 -0.064721
v 0.942409 -0.194462 -0.188033
v 0.956470 -0.130133 -0.147997
v 0.950570 -0.194129 -0.119978
v 0.945703 0.000000 -0.199188
v 0.957136 -0.064952 -0.175141
v 0.956527 -0.065870 -0.244737
v 0.865224 -0.383909 -0.306067
v 0.839702 -0.437719 -0.270525
v 0.901411 -0.265509 -0.372514
v 0.888402 -0.326911 -0.341347
v 0.919780 -0.324085 -0.200296
v 0.903607 -0.325128 -0.269962
v 0.926321 -0.261406 -0.230039
v 0.955557 -0.133652 -0.292296
v 0.948073 -0.199862 -0.262559
v 0.935838 -0.201215 -0.335320
v 0.859761 -0.063372 0.428823
v 0.845671 0.000000 0.444982
v 0.851659 -0.186609 0.377518
v 0.858396 -0.126107 0.404276
v 0.869636 0.000000 0.313490
v 0.868826 -0.062188 0.359738
v 0.874232 -0.061019 0.292684
v 0.804684 -0.419465 0.259244
v 0.820444 -0.364039 0.290226
v 0.902506 -0.254685 0.224125
v 0.855729 -0.307901 0.255658
v 0.890423 -0.313742 0.193903
v 0.836266 -0.307726 0.321315
v 0.845410 -0.249013 0.349371
v 0.943412 0.000000 0.065386
v 0.943415 -0.063465 0.105016
v 0.950042 -0.063603 0.039309
v 0.907586 -0.062500 0.232215
v 0.931130 -0.063187 0.170382
v 0.921397 0.000000 0.194069
v 0.944637 -0.192917 0.119229
v 0.949725 -0.129215 0.146953
v 0.933735 -0.192673 0.186302
v 0.863390 -0.185638 0.309362
v 0.901938 -0.190136 0.249782
v 0.888880 -0.124326 0.271900
v 0.848227 -0.443641 -0.193592
v 0.919977 -0.326957 -0.120810
v 0.890785 -0.388014 -0.158506
v 0.858331 -0.449868 -0.116894
v 0.863780 -0.453206 -0.040320
v 0.949742 -0.127959 0.000000
v 0.933648 -0.258054 0.079210
v 0.942043 -0.192833 0.039700
v 0.937214 -0.191845 -0.039496
v 0.921905 -0.254808 -0.078214
v 0.839071 -0.438852 0.191503
v 0.859907 -0.451174 0.040139
v 0.852043 -0.446572 0.116037
v 0.874658 -0.380990 0.155636
v 0.901192 -0.320280 0.118344
v 0.908532 -0.322399 -0.039851
v 0.903427 -0.320588 0.039627
v 0.897098 -0.392654 0.000000
v 0.064382 -0.435657 0.873463
v 0.197491 -0.399533 0.901324
v 0.129526 -0.415240 0.881674
v 0.064475 -0.372965 0.900769
v 0.065234 -0.312902 0.934622
v 0.443152 -0.273883 0.850124
v 0.384363 -0.306429 0.866248
v 0.259894 -0.228709 0.920965
v 0.325009 -0.269863 0.903275
v 0.326018 -0.201490 0.925264
v 0.323575 -0.337863 0.879335
v 0.265909 -0.373075 0.902769
v 0.066130 -0.109426 0.983035
v 0.066068 -0.040832 0.986858
v 0.065232 -0.242365 0.947256
v 0.065542 -0.176731 0.965828
v 0.196198 -0.121257 0.960706
v 0.130393 -0.148293 0.958381
v 0.194634 -0.188199 0.943239
v 0.200362 -0.333899 0.931870
v 0.196994 -0.258792 0.934472
v 0.130272 -0.284903 0.931390
v 0.801247 0.000000 0.629312
v 0.744006 0.084555 0.735246
v 0.780190 0.042313 0.688049
v 0.769543 -0.041735 0.678659
v 0.736385 -0.083689 0.727714
v 0.516503 0.235865 0.835719
v 0.576150 0.201341 0.818026
v 0.600258 0.042502 0.854240
v 0.600646 0.125230 0.854128
v 0.550359 0.082388 0.890499
v 0.635680 0.164858 0.797204
v 0.693240 0.126750 0.772771
v 0.569267 -0.198936 0.808253
v 0.514274 -0.234847 0.832113
v 0.680636 -0.124446 0.758721
v 0.632262 -0.163972 0.792917
v 0.544717 -0.081544 0.881370
v 0.589100 -0.122823 0.837708
v 0.598839 -0.042402 0.852220
v 0.706304 0.043042 0.786715
v 0.654317 0.000000 0.823070
v 0.704966 -0.042960 0.785224
v 0.067747 0.458426 0.919114
v 0.067632 0.324400 0.968967
v 0.068681 0.397300 0.959544
v 0.133662 0.428496 0.909822
v 0.195851 0.396215 0.893839
v 0.066335 0.040997 0.990852
v 0.067668 0.111971 1.005896
v 0.202812 0.196106 0.982872
v 0.137663 0.156561 1.011816
v 0.200337 0.123815 0.980972
v 0.067593 0.182262 0.996055
v 0.067194 0.249654 0.975744
v 0.387271 0.308748 0.872802
v 0.451523 0.279056 0.866181
v 0.261127 0.366367 0.886536
v 0.322598 0.336843 0.876680
v 0.332235 0.205332 0.942908
v 0.330891 0.274747 0.919622
v 0.270862 0.238361 0.959830
v 0.135088 0.295438 0.965829
v 0.203891 0.267852 0.967187
v 0.200806 0.334638 0.933933
v 0.460755 -0.201060 0.880948
v 0.489890 -0.043584 0.933698
v 0.474723 -0.123352 0.905754
v 0.403780 -0.164946 0.926978
v 0.339175 -0.125325 0.954356
v 0.467823 0.204145 0.894462
v 0.339021 0.125268 0.953924
v 0.409661 0.167348 0.940479
v 0.485286 0.126097 0.925907
v 0.495201 0.044056 0.943821
v 0.133079 0.000000 0.987750
v 0.268557 -0.082434 0.971649
v 0.200735 -0.041326 0.980644
v 0.199786 0.041131 0.976010
v 0.267236 0.082028 0.966871
v 0.421641 0.000000 0.963323
v 0.343714 0.042485 0.968598
v 0.344815 -0.042621 0.971700
v -0.569081 -0.852922 0.109817
v -0.519335 -0.855268 0.244345
v -0.543781 -0.853808 0.177307
v -0.606976 -0.806216 0.150407
v -0.641351 -0.757786 0.189432
v -0.371346 -0.762617 0.471323
v -0.410677 -0.793508 0.422078
v -0.554419 -0.739108 0.387462
v -0.483223 -0.767782 0.405753
v -0.515764 -0.715950 0.442481
v -0.444520 -0.811746 0.364015
v -0.480864 -0.833212 0.306760
v -0.720274 -0.593771 0.299181
v -0.743447 -0.540133 0.333820
v -0.681533 -0.713630 0.232037
v -0.701003 -0.652679 0.265776
v -0.632669 -0.630129 0.389441
v -0.676313 -0.650994 0.333410
v -0.620636 -0.698670 0.362439
v -0.563772 -0.817163 0.289917
v -0.595689 -0.760659 0.328763
v -0.621661 -0.762604 0.259663
v -0.104618 -0.542135 0.812536
v -0.231311 -0.491631 0.809644
v -0.170162 -0.521868 0.819402
v -0.143242 -0.578062 0.767812
v -0.180401 -0.610774 0.721658
v -0.482125 -0.379857 0.780095
v -0.418189 -0.406893 0.786198
v -0.378479 -0.541564 0.721971
v -0.395631 -0.471169 0.748629
v -0.435989 -0.508196 0.705445
v -0.357299 -0.436318 0.796769
v -0.295286 -0.462877 0.802046
v -0.297115 -0.715301 0.589672
v -0.329840 -0.734583 0.533693
v -0.221938 -0.651872 0.682572
v -0.260116 -0.686075 0.638779
v -0.390983 -0.635174 0.632623
v -0.330067 -0.669533 0.644468
v -0.357280 -0.611801 0.688724
v -0.274675 -0.534133 0.774203
v -0.318020 -0.576225 0.735804
v -0.251512 -0.602145 0.738663
v -0.870625 -0.112097 0.580893
v -0.814327 -0.232648 0.494475
v -0.850549 -0.176630 0.541705
v -0.822178 -0.153385 0.618993
v -0.768172 -0.192028 0.650141
v -0.765350 -0.473012 0.372677
v -0.768819 -0.408945 0.397899
v -0.692131 -0.362835 0.519180
v -0.737925 -0.389974 0.464432
v -0.687816 -0.425094 0.495496
v -0.779712 -0.349650 0.426978
v -0.791017 -0.291225 0.456512
v -0.601286 -0.302967 0.729389
v -0.546451 -0.337725 0.752144
v -0.714410 -0.232290 0.682278
v -0.653085 -0.265942 0.701440
v -0.622587 -0.384780 0.625097
v -0.641848 -0.328725 0.666811
v -0.664907 -0.344924 0.590644
v -0.760678 -0.269877 0.524802
v -0.715586 -0.309282 0.560392
v -0.741907 -0.252616 0.604789
v -0.407172 -0.722413 0.527583
v -0.459899 -0.604754 0.613613
v -0.432752 -0.661839 0.569957
v -0.473690 -0.687748 0.505674
v -0.542522 -0.657617 0.487548
v -0.519897 -0.401240 0.711888
v -0.599728 -0.449493 0.591069
v -0.561177 -0.426085 0.651644
v -0.495366 -0.464034 0.673728
v -0.483084 -0.537554 0.651595
v -0.719604 -0.525532 0.405589
v -0.609984 -0.618919 0.463877
v -0.655715 -0.564684 0.428748
v -0.681578 -0.501138 0.469440
v -0.642005 -0.475974 0.529643
v -0.524666 -0.564747 0.589518
v -0.582644 -0.518548 0.558161
v -0.563174 -0.587876 0.523205
v -0.109757 -0.568766 -0.852450
v -0.191233 -0.647450 -0.764993
v -0.150848 -0.608754 -0.808577
v -0.176666 -0.541815 -0.850721
v -0.241388 -0.513050 -0.844918
v -0.335596 -0.747402 -0.543006
v -0.302505 -0.728275 -0.600367
v -0.360173 -0.616756 -0.694302
v -0.333346 -0.676184 -0.650870
v -0.393868 -0.639861 -0.637291
v -0.268221 -0.707452 -0.658683
v -0.231969 -0.681333 -0.713420
v -0.414729 -0.403527 -0.779694
v -0.473224 -0.372844 -0.765693
v -0.300936 -0.471734 -0.817392
v -0.358118 -0.437318 -0.798594
v -0.442623 -0.515929 -0.716180
v -0.399163 -0.475376 -0.755314
v -0.380516 -0.544480 -0.725858
v -0.259014 -0.620106 -0.760696
v -0.322190 -0.583780 -0.745451
v -0.280165 -0.544808 -0.789676
v -0.559981 -0.839282 -0.108061
v -0.643352 -0.760151 -0.190023
v -0.607433 -0.806823 -0.150520
v -0.532484 -0.836071 -0.173624
v -0.499459 -0.822535 -0.234994
v -0.810582 -0.588908 -0.363965
v -0.779874 -0.642904 -0.323937
v -0.623278 -0.701644 -0.363982
v -0.704995 -0.678603 -0.347550
v -0.660473 -0.657821 -0.406556
v -0.734368 -0.683743 -0.278426
v -0.691236 -0.723790 -0.235340
v -0.405228 -0.782981 -0.416478
v -0.376335 -0.772861 -0.477654
v -0.473186 -0.819908 -0.301862
v -0.437246 -0.798462 -0.358058
v -0.506339 -0.702868 -0.434396
v -0.472392 -0.750571 -0.396657
v -0.540140 -0.720072 -0.377483
v -0.617186 -0.757115 -0.257795
v -0.577667 -0.737645 -0.318816
v -0.538427 -0.780427 -0.276883
v -0.825110 -0.106237 -0.550525
v -0.724641 -0.181146 -0.613298
v -0.778045 -0.145151 -0.585767
v -0.834104 -0.173215 -0.531231
v -0.837353 -0.239227 -0.508457
v -0.534960 -0.330624 -0.736328
v -0.587127 -0.295833 -0.712214
v -0.695797 -0.360948 -0.618084
v -0.642143 -0.328876 -0.667117
v -0.637128 -0.393767 -0.639697
v -0.629927 -0.256511 -0.676567
v -0.675615 -0.219676 -0.645228
v -0.819569 -0.435940 -0.424164
v -0.823129 -0.508722 -0.400812
v -0.821796 -0.302557 -0.474276
v -0.814639 -0.365313 -0.446104
v -0.724592 -0.447823 -0.521989
v -0.772571 -0.408283 -0.486237
v -0.741312 -0.388617 -0.556072
v -0.731242 -0.248985 -0.596095
v -0.735531 -0.317902 -0.576011
v -0.784590 -0.278360 -0.541300
v -0.404889 -0.718362 -0.524625
v -0.548685 -0.665087 -0.493087
v -0.472856 -0.686536 -0.504784
v -0.433464 -0.662929 -0.570896
v -0.467723 -0.615041 -0.624051
v -0.756026 -0.552131 -0.426117
v -0.665462 -0.493365 -0.548995
v -0.711345 -0.523024 -0.489943
v -0.693183 -0.596950 -0.453247
v -0.627019 -0.636204 -0.476832
v -0.525129 -0.405278 -0.719052
v -0.491590 -0.547019 -0.663068
v -0.510315 -0.478037 -0.694059
v -0.577767 -0.438681 -0.670907
v -0.620901 -0.465362 -0.611937
v -0.585539 -0.611222 -0.543982
v -0.605921 -0.539264 -0.580461
v -0.533147 -0.573875 -0.599047
v 0.763937 0.000000 -0.600007
v 0.689006 -0.078304 -0.680893
v 0.736772 -0.039958 -0.649758
v 0.717259 0.038900 -0.632550
v 0.681686 0.077472 -0.673660
v 0.502527 -0.229482 -0.813105
v 0.551456 -0.192712 -0.782966
v 0.563891 -0.039927 -0.802485
v 0.552630 -0.115219 -0.785847
v 0.509785 -0.076315 -0.824850
v 0.605490 -0.157028 -0.759342
v 0.648106 -0.118498 -0.722460
v 0.566002 0.197795 -0.803618
v 0.517664 0.236395 -0.837597
v 0.653382 0.119463 -0.728341
v 0.612070 0.158735 -0.767594
v 0.516992 0.077393 -0.836511
v 0.568386 0.118504 -0.808253
v 0.569990 0.040359 -0.811165
v 0.646144 -0.039375 -0.719705
v 0.610744 0.000000 -0.768260
v 0.655762 0.039962 -0.730418
v 0.068518 -0.463645 -0.929576
v 0.065344 -0.313426 -0.936188
v 0.066551 -0.384975 -0.929775
v 0.135951 -0.435836 -0.925406
v 0.194343 -0.393165 -0.886959
v 0.064133 -0.039636 -0.957960
v 0.064443 -0.106634 -0.957951
v 0.193809 -0.187401 -0.939241
v 0.129131 -0.146857 -0.949103
v 0.192610 -0.119040 -0.943137
v 0.065409 -0.176372 -0.963863
v 0.064991 -0.241471 -0.943760
v 0.378337 -0.301625 -0.852667
v 0.436756 -0.269930 -0.837853
v 0.254161 -0.356593 -0.862886
v 0.319409 -0.333513 -0.868014
v 0.323728 -0.200075 -0.918765
v 0.323510 -0.268618 -0.899108
v 0.263141 -0.231566 -0.932470
v 0.128997 -0.282116 -0.922278
v 0.197168 -0.259020 -0.935296
v 0.194314 -0.323820 -0.903742
v 0.066345 0.448936 -0.900086
v 0.200834 0.406296 -0.916581
v 0.134238 0.430345 -0.913747
v 0.066217 0.383043 -0.925111
v 0.066260 0.317820 -0.949312
v 0.455705 0.281641 -0.874204
v 0.402473 0.320867 -0.907061
v 0.274553 0.241608 -0.972908
v 0.342340 0.284254 -0.951442
v 0.336802 0.208155 -0.955872
v 0.344445 0.359655 -0.936050
v 0.275165 0.386063 -0.934196
v 0.066503 0.110044 -0.988581
v 0.065911 0.040735 -0.984517
v 0.066116 0.245652 -0.960103
v 0.066505 0.179329 -0.980024
v 0.197383 0.121990 -0.966508
v 0.134251 0.152680 -0.986738
v 0.201343 0.194686 -0.975752
v 0.202802 0.337965 -0.943218
v 0.204112 0.268142 -0.968234
v 0.133917 0.292875 -0.957452
v 0.442936 -0.193285 -0.846880
v 0.331749 -0.122581 -0.933463
v 0.387347 -0.158233 -0.889253
v 0.447573 -0.116297 -0.853952
v 0.450048 -0.040039 -0.857763
v 0.129246 0.000000 -0.959300
v 0.262265 0.080502 -0.948883
v 0.196288 0.040411 -0.958919
v 0.195260 -0.040199 -0.953897
v 0.260807 -0.080055 -0.943610
v 0.458425 0.200044 -0.876494
v 0.450016 0.040036 -0.857700
v 0.453778 0.117910 -0.865791
v 0.400023 0.163411 -0.918353
v 0.333429 0.123202 -0.938190
v 0.332189 -0.041061 -0.936119
v 0.335444 0.041463 -0.945294
v 0.390956 0.000000 -0.893217
v 0.843060 0.062141 0.420493
v 0.881242 0.061509 0.295031
v 0.860546 0.061595 0.356310
v 0.859164 0.126220 0.404638
v 0.841263 0.184331 0.372909
v 0.938521 0.062832 0.038832
v 0.934678 0.062877 0.104043
v 0.904660 0.186673 0.180501
v 0.920439 0.125231 0.142422
v 0.921865 0.188266 0.116355
v 0.921800 0.062554 0.168675
v 0.902933 0.062180 0.231025
v 0.817955 0.362935 0.289346
v 0.800676 0.417376 0.257952
v 0.834783 0.245883 0.344980
v 0.827322 0.304435 0.317879
v 0.866274 0.305232 0.188644
v 0.839756 0.302154 0.250886
v 0.871704 0.245993 0.216476
v 0.880856 0.123204 0.269445
v 0.883893 0.186332 0.244785
v 0.856034 0.184057 0.306726
v 0.882802 0.065071 -0.440315
v 0.861005 0.188657 -0.381661
v 0.874775 0.128513 -0.411991
v 0.901269 0.064510 -0.373171
v 0.914253 0.063813 -0.306083
v 0.812554 0.423568 -0.261779
v 0.830803 0.368636 -0.293891
v 0.873486 0.246496 -0.216918
v 0.862890 0.310478 -0.257798
v 0.853719 0.300809 -0.185910
v 0.846549 0.311511 -0.325266
v 0.853928 0.251522 -0.352891
v 0.915252 0.061570 -0.101881
v 0.927979 0.062126 -0.038396
v 0.927957 0.063903 -0.237428
v 0.934305 0.063403 -0.170963
v 0.901676 0.184143 -0.113807
v 0.912781 0.124189 -0.141237
v 0.899322 0.185571 -0.179436
v 0.878183 0.188819 -0.314662
v 0.889835 0.187584 -0.246430
v 0.910111 0.127295 -0.278394
v 0.630149 0.802314 0.000000
v 0.713607 0.722110 0.082066
v 0.679882 0.770929 0.041810
v 0.688408 0.780597 -0.042335
v 0.721481 0.730077 -0.082972
v 0.775877 0.479519 0.218975
v 0.753039 0.530378 0.185346
v 0.811088 0.569936 0.040355
v 0.779760 0.548349 0.114326
v 0.823809 0.509142 0.076218
v 0.738863 0.589160 0.152793
v 0.726988 0.652168 0.119241
v 0.791058 0.557156 -0.194704
v 0.806888 0.498684 -0.227727
v 0.752592 0.675137 -0.123441
v 0.769539 0.613621 -0.159137
v 0.824202 0.509385 -0.076255
v 0.796272 0.559961 -0.116747
v 0.806523 0.566728 -0.040128
v 0.747749 0.671321 0.040910
v 0.779674 0.619818 0.000000
v 0.752811 0.675866 -0.041187
v 0.945406 0.127374 0.000000
v 0.893632 0.246994 -0.075815
v 0.933112 0.191005 -0.039323
v 0.937654 0.191935 0.039515
v 0.913688 0.252537 0.077516
v 0.818250 0.427962 -0.186751
v 0.849760 0.445850 -0.039665
v 0.825979 0.432912 -0.112488
v 0.842406 0.366941 -0.149897
v 0.868900 0.308804 -0.114103
v 0.819363 0.428544 0.187005
v 0.893723 0.317626 0.117363
v 0.857131 0.373355 0.152517
v 0.832759 0.436465 0.113411
v 0.851709 0.446872 0.039756
v 0.897471 0.318474 -0.039366
v 0.882529 0.386278 0.000000
v 0.896137 0.318001 0.039307
f 1 643 645
f 163 644 643
f 165 645 644
f 643 644 645
f 43 646 648
f 164 647 646
f 163 648 647
f 646 647 648
f 45 649 651
f 165 650 649
f 164 651 650
f 649 650 651
f 163 647 644
f 164 650 647
f 165 644 650
f 647 650 644
f 13 652 654
f 166 653 652
f 168 654 653
f 652 653 654
f 44 655 657
f 167 656 655
f 166 657 656
f 655 656 657
f 43 658 660
f 168 659 658
f 167 660 659
f 658 659 660
f 166 656 653
f 167 659 656
f 168 653 659
f 656 659 653
f 15 661 663
f 169 662 661
f 171 663 662
f 661 662 663
f 45 664 666
f 170 665 664
f 169 666 665
f 664 665 666
f 44 667 669
f 171 668 667
f 170 669 668
f 667 668 669
f 169 665 662
f 170 668 665
f 171 662 668
f 665 668 662
f 43 660 646
f 167 670 660
f 164 646 670
f 660 670 646
f 44 669 655
f 170 671 669
f 167 655 671
f 669 671 655
f 45 651 664
f 164 672 651
f 170 664 672
f 651 672 664
f 167 671 670
f 170 672 671
f 164 670 672
f 671 672 670
f 12 673 675
f 172 674 673
f 174 675 674
f 673 674 675
f 46 676 678
f 173 677 676
f 172 678 677
f 676 677 678
f 48 679 681
f 174 680 679
f 173 681 680
f 679 680 681
f 172 677 674
f 173 680 677
f 174 674 680
f 677 680 674
f 14 682 684
f 175 683 682
f 177 684 683
f 682 683 684
f 47 685 687
f 176 686 685
f 175 687 686
f 685 686 687
f 46 688 690
f 177 689 688
f 176 690 689
f 688 689 690
f 175 686 683
f 176 689 686
f 177 683 689
f 686 689 683
f 13 691 693
f 178 692 691
f 180 693 692
f 691 692 693
f 48 694 696
f 179 695 694
f 178 696 695
f 694 695 696
f 47 697 699
f 180 698 697
f 179 699 698
f 697 698 699
f 178 695 692
f 179 698 695
f 180 692 698
f 695 698 692
f 46 690 676
f 176 700 690
f 173 676 700
f 690 700 676
f 47 699 685
f 179 701 699
f 176 685 701
f 699 701 685
f 48 681 694
f 173 702 681
f 179 694 702
f 681 702 694
f 176 701 700
f 179 702 701
f 173 700 702
f 701 702 700
f 6 703 705
f 181 704 703
f 183 705 704
f 703 704 705
f 49 706 708
f 182 707 706
f 181 708 707
f 706 707 708
f 51 709 711
f 183 710 709
f 182 711 710
f 709 710 711
f 181 707 704
f 182 710 707
f 183 704 710
f 707 710 704
f 15 712 714
f 184 713 712
f 186 714 713
f 712 713 714
f 50 715 717
f 185 716 715
f 184 717 716
f 715 716 717
f 49 718 720
f 186 719 718
f 185 720 719
f 718 719 720
f 184 716 713
f 185 719 716
f 186 713 719
f 716 719 713
f 14 721 723
f 187 722 721
f 189 723 722
f 721 722 723
f 51 724 726
f 188 725 724
f 187 726 725
f 724 725 726
f 50 727 729
f 189 728 727
f 188 729 728
f 727 728 729
f 187 725 722
f 188 728 725
f 189 722 728
f 725 728 722
f 49 720 706
f 185 730 720
f 182 706 730
f 720 730 706
f 50 729 715
f 188 731 729
f 185 715 731
f 729 731 715
f 51 711 724
f 182 732 711
f 188 724 732
f 711 732 724
f 185 731 730
f 188 732 731
f 182 730 732
f 731 732 730
f 13 693 652
f 180 733 693
f 166 652 733
f 693 733 652
f 47 734 697
f 190 735 734
f 180 697 735
f 734 735 697
f 44 657 737
f 166 736 657
f 190 737 736
f 657 736 737
f 180 735 733
f 190 736 735
f 166 733 736
f 735 736 733
f 14 723 682
f 189 738 723
f 175 682 738
f 723 738 682
f 50 739 727
f 191 740 739
f 189 727 740
f 739 740 727
f 47 687 742
f 175 741 687
f 191 742 741
f 687 741 742
f 189 740 738
f 191 741 740
f 175 738 741
f 740 741 738
f 15 663 712
f 171 743 663
f 184 712 743
f 663 743 712
f 44 744 667
f 192 745 744
f 171 667 745
f 744 745 667
f 50 717 747
f 184 746 717
f 192 747 746
f 717 746 747
f 171 745 743
f 192 746 745
f 184 743 746
f 745 746 743
f 47 742 734
f 191 748 742
f 190 734 748
f 742 748 734
f 50 747 739
f 192 749 747
f 191 739 749
f 747 749 739
f 44 737 744
f 190 750 737
f 192 744 750
f 737 750 744
f 191 749 748
f 192 750 749
f 190 748 750
f 749 750 748
f 1 645 752
f 165 751 645
f 194 752 751
f 645 751 752
f 45 753 649
f 193 754 753
f 165 649 754
f 753 754 649
f 53 755 757
f 194 756 755
f 193 757 756
f 755 756 757
f 165 754 751
f 193 756 754
f 194 751 756
f 754 756 751
f 15 758 661
f 195 759 758
f 169 661 759
f 758 759 661
f 52 760 762
f 196 761 760
f 195 762 761
f 760 761 762
f 45 666 764
f 169 763 666
f 196 764 763
f 666 763 764
f 195 761 759
f 196 763 761
f 169 759 763
f 761 763 759
f 17 765 767
f 197 766 765
f 199 767 766
f 765 766 767
f 53 768 770
f 198 769 768
f 197 770 769
f 768 769 770
f 52 771 773
f 199 772 771
f 198 773 772
f 771 772 773
f 197 769 766
f 198 772 769
f 199 766 772
f 769 772 766
f 45 764 753
f 196 774 764
f 193 753 774
f 764 774 753
f 52 773 760
f 198 775 773
f 196 760 775
f 773 775 760
f 53 757 768
f 193 776 757
f 198 768 776
f 757 776 768
f 196 775 774
f 198 776 775
f 193 774 776
f 775 776 774
f 6 777 703
f 200 778 777
f 181 703 778
f 777 778 703
f 54 779 781
f 201 780 779
f 200 781 780
f 779 780 781
f 49 708 783
f 181 782 708
f 201 783 782
f 708 782 783
f 200 780 778
f 201 782 780
f 181 778 782
f 780 782 778
f 16 784 786
f 202 785 784
f 204 786 785
f 784 785 786
f 55 787 789
f 203 788 787
f 202 789 788
f 787 788 789
f 54 790 792
f 204 791 790
f 203 792 791
f 790 791 792
f 202 788 785
f 203 791 788
f 204 785 791
f 788 791 785
f 15 714 794
f 186 793 714
f 206 794 793
f 714 793 794
f 49 795 718
f 205 796 795
f 186 718 796
f 795 796 718
f 55 797 799
f 206 798 797
f 205 799 798
f 797 798 799
f 186 796 793
f 205 798 796
f 206 793 798
f 796 798 793
f 54 792 779
f 203 800 792
f 201 779 800
f 792 800 779
f 55 799 787
f 205 801 799
f 203 787 801
f 799 801 787
f 49 783 795
f 201 802 783
f 205 795 802
f 783 802 795
f 203 801 800
f 205 802 801
f 201 800 802
f 801 802 800
f 2 803 805
f 207 804 803
f 209 805 804
f 803 804 805
f 56 806 808
f 208 807 806
f 207 808 807
f 806 807 808
f 58 809 811
f 209 810 809
f 208 811 810
f 809 810 811
f 207 807 804
f 208 810 807
f 209 804 810
f 807 810 804
f 17 812 814
f 210 813 812
f 212 814 813
f 812 813 814
f 57 815 817
f 211 816 815
f 210 817 816
f 815 816 817
f 56 818 820
f 212 819 818
f 211 820 819
f 818 819 820
f 210 816 813
f 211 819 816
f 212 813 819
f 816 819 813
f 16 821 823
f 213 822 821
f 215 823 822
f 821 822 823
f 58 824 826
f 214 825 824
f 213 826 825
f 824 825 826
f 57 827 829
f 215 828 827
f 214 829 828
f 827 828 829
f 213 825 822
f 214 828 825
f 215 822 828
f 825 828 822
f 56 820 806
f 211 830 820
f 208 806 830
f 820 830 806
f 57 829 815
f 214 831 829
f 211 815 831
f 829 831 815
f 58 811 824
f 208 832 811
f 214 824 832
f 811 832 824
f 211 831 830
f 214 832 831
f 208 830 832
f 831 832 830
f 15 794 758
f 206 833 794
f 195 758 833
f 794 833 758
f 55 834 797
f 216 835 834
f 206 797 835
f 834 835 797
f 52 762 837
f 195 836 762
f 216 837 836
f 762 836 837
f 206 835 833
f 216 836 835
f 195 833 836
f 835 836 833
f 16 823 784
f 215 838 823
f 202 784 838
f 823 838 784
f 57 839 827
f 217 840 839
f 215 827 840
f 839 840 827
f 55 789 842
f 202 841 789
f 217 842 841
f 789 841 842
f 215 840 838
f 217 841 840
f 202 838 841
f 840 841 838
f 17 767 812
f 199 843 767
f 210 812 843
f 767 843 812
f 52 844 771
f 218 845 844
f 199 771 845
f 844 845 771
f 57 817 847
f 210 846 817
f 218 847 846
f 817 846 847
f 199 845 843
f 218 846 845
f 210 843 846
f 845 846 843
f 55 842 834
f 217 848 842
f 216 834 848
f 842 848 834
f 57 847 839
f 218 849 847
f 217 839 849
f 847 849 839
f 52 837 844
f 216 850 837
f 218 844 850
f 837 850 844
f 217 849 848
f 218 850 849
f 216 848 850
f 849 850 848
f 1 752 852
f 194 851 752
f 220 852 851
f 752 851 852
f 53 853 755
f 219 854 853
f 194 755 854
f 853 854 755
f 60 855 857
f 220 856 855
f 219 857 856
f 855 856 857
f 194 854 851
f 219 856 854
f 220 851 856
f 854 856 851
f 17 858 765
f 221 859 858
f 197 765 859
f 858 859 765
f 59 860 862
f 222 861 860
f 221 862 861
f 860 861 862
f 53 770 864
f 197 863 770
f 222 864 863
f 770 863 864
f 221 861 859
f 222 863 861
f 197 859 863
f 861 863 859
f 19 865 867
f 223 866 865
f 225 867 866
f 865 866 867
f 60 868 870
f 224 869 868
f 223 870 869
f 868 869 870
f 59 871 873
f 225 872 871
f 224 873 872
f 871 872 873
f 223 869 866
f 224 872 869
f 225 866 872
f 869 872 866
f 53 864 853
f 222 874 864
f 219 853 874
f 864 874 853
f 59 873 860
f 224 875 873
f 222 860 875
f 873 875 860
f 60 857 868
f 219 876 857
f 224 868 876
f 857 876 868
f 222 875 874
f 224 876 875
f 219 874 876
f 875 876 874
f 2 877 803
f 226 878 877
f 207 803 878
f 877 878 803
f 61 879 881
f 227 880 879
f 226 881 880
f 879 880 881
f 56 808 883
f 207 882 808
f 227 883 882
f 808 882 883
f 226 880 878
f 227 882 880
f 207 878 882
f 880 882 878
f 18 884 886
f 228 885 884
f 230 886 885
f 884 885 886
f 62 887 889
f 229 888 887
f 228 889 888
f 887 888 889
f 61 890 892
f 230 891 890
f 229 892 891
f 890 891 892
f 228 888 885
f 229 891 888
f 230 885 891
f 888 891 885
f 17 814 894
f 212 893 814
f 232 894 893
f 814 893 894
f 56 895 818
f 231 896 895
f 212 818 896
f 895 896 818
f 62 897 899
f 232 898 897
f 231 899 898
f 897 898 899
f 212 896 893
f 231 898 896
f 232 893 898
f 896 898 893
f 61 892 879
f 229 900 892
f 227 879 900
f 892 900 879
f 62 899 887
f 231 901 899
f 229 887 901
f 899 901 887
f 56 883 895
f 227 902 883
f 231 895 902
f 883 902 895
f 229 901 900
f 231 902 901
f 227 900 902
f 901 902 900
f 8 903 905
f 233 904 903
f 235 905 904
f 903 904 905
f 63 906 908
f 234 907 906
f 233 908 907
f 906 907 908
f 65 909 911
f 235 910 909
f 234 911 910
f 909 910 911
f 233 907 904
f 234 910 907
f 235 904 910
f 907 910 904
f 19 912 914
f 236 913 912
f 238 914 913
f 912 913 914
f 64 915 917
f 237 916 915
f 236 917 916
f 915 916 917
f 63 918 920
f 238 919 918
f 237 920 919
f 918 919 920
f 236 916 913
f 237 919 916
f 238 913 919
f 916 919 913
f 18 921 923
f 239 922 921
f 241 923 922
f 921 922 923
f 65 924 926
f 240 925 924
f 239 926 925
f 924 925 926
f 64 927 929
f 241 928 927
f 240 929 928
f 927 928 929
f 239 925 922
f 240 928 925
f 241 922 928
f 925 928 922
f 63 920 906
f 237 930 920
f 234 906 930
f 920 930 906
f 64 929 915
f 240 931 929
f 237 915 931
f 929 931 915
f 65 911 924
f 234 932 911
f 240 924 932
f 911 932 924
f 237 931 930
f 240 932 931
f 234 930 932
f 931 932 930
f 17 894 858
f 232 933 894
f 221 858 933
f 894 933 858
f 62 934 897
f 242 935 934
f 232 897 935
f 934 935 897
f 59 862 937
f 221 936 862
f 242 937 936
f 862 936 937
f 232 935 933
f 242 936 935
f 221 933 936
f 935 936 933
f 18 923 884
f 241 938 923
f 228 884 938
f 923 938 884
f 64 939 927
f 243 940 939
f 241 927 940
f 939 940 927
f 62 889 942
f 228 941 889
f 243 942 941
f 889 941 942
f 241 940 938
f 243 941 940
f 228 938 941
f 940 941 938
f 19 867 912
f 225 943 867
f 236 912 943
f 867 943 912
f 59 944 871
f 244 945 944
f 225 871 945
f 944 945 871
f 64 917 947
f 236 946 917
f 244 947 946
f 917 946 947
f 225 945 943
f 244 946 945
f 236 943 946
f 945 946 943
f 62 942 934
f 243 948 942
f 242 934 948
f 942 948 934
f 64 947 939
f 244 949 947
f 243 939 949
f 947 949 939
f 59 937 944
f 242 950 937
f 244 944 950
f 937 950 944
f 243 949 948
f 244 950 949
f 242 948 950
f 949 950 948
f 1 852 952
f 220 951 852
f 246 952 951
f 852 951 952
f 60 953 855
f 245 954 953
f 220 855 954
f 953 954 855
f 67 955 957
f 246 956 955
f 245 957 956
f 955 956 957
f 220 954 951
f 245 956 954
f 246 951 956
f 954 956 951
f 19 958 865
f 247 959 958
f 223 865 959
f 958 959 865
f 66 960 962
f 248 961 960
f 247 962 961
f 960 961 962
f 60 870 964
f 223 963 870
f 248 964 963
f 870 963 964
f 247 961 959
f 248 963 961
f 223 959 963
f 961 963 959
f 21 965 967
f 249 966 965
f 251 967 966
f 965 966 967
f 67 968 970
f 250 969 968
f 249 970 969
f 968 969 970
f 66 971 973
f 251 972 971
f 250 973 972
f 971 972 973
f 249 969 966
f 250 972 969
f 251 966 972
f 969 972 966
f 60 964 953
f 248 974 964
f 245 953 974
f 964 974 953
f 66 973 960
f 250 975 973
f 248 960 975
f 973 975 960
f 67 957 968
f 245 976 957
f 250 968 976
f 957 976 968
f 248 975 974
f 250 976 975
f 245 974 976
f 975 976 974
f 8 977 903
f 252 978 977
f 233 903 978
f 977 978 903
f 68 979 981
f 253 980 979
f 252 981 980
f 979 980 981
f 63 908 983
f 233 982 908
f 253 983 982
f 908 982 983
f 252 980 978
f 253 982 980
f 233 978 982
f 980 982 978
f 20 984 986
f 254 985 984
f 256 986 985
f 984 985 986
f 69 987 989
f 255 988 987
f 254 989 988
f 987 988 989
f 68 990 992
f 256 991 990
f 255 992 991
f 990 991 992
f 254 988 985
f 255 991 988
f 256 985 991
f 988 991 985
f 19 914 994
f 238 993 914
f 258 994 993
f 914 993 994
f 63 995 918
f 257 996 995
f 238 918 996
f 995 996 918
f 69 997 999
f 258 998 997
f 257 999 998
f 997 998 999
f 238 996 993
f 257 998 996
f 258 993 998
f 996 998 993
f 68 992 979
f 255 1000 992
f 253 979 1000
f 992 1000 979
f 69 999 987
f 257 1001 999
f 255 987 1001
f 999 1001 987
f 63 983 995
f 253 1002 983
f 257 995 1002
f 983 1002 995
f 255 1001 1000
f 257 1002 1001
f 253 1000 1002
f 1001 1002 1000
f 11 1003 1005
f 259 1004 1003
f 261 1005 1004
f 1003 1004 1005
f 70 1006 1008
f 260 1007 1006
f 259 1008 1007
f 1006 1007 1008
f 72 1009 1011
f 261 1010 1009
f 260 1011 1010
f 1009 1010 1011
f 259 1007 1004
f 260 1010 1007
f 261 1004 1010
f 1007 1010 1004
f 21 1012 1014
f 262 1013 1012
f 264 1014 1013
f 1012 1013 1014
f 71 1015 1017
f 263 1016 1015
f 262 1017 1016
f 1015 1016 1017
f 70 1018 1020
f 264 1019 1018
f 263 1020 1019
f 1018 1019 1020
f 262 1016 1013
f 263 1019 1016
f 264 1013 1019
f 1016 1019 1013
f 20 1021 1023
f 265 1022 1021
f 267 1023 1022
f 1021 1022 1023
f 72 1024 1026
f 266 1025 1024
f 265 1026 1025
f 1024 1025 1026
f 71 1027 1029
f 267 1028 1027
f 266 1029 1028
f 1027 1028 1029
f 265 1025 1022
f 266 1028 1025
f 267 1022 1028
f 1025 1028 1022
f 70 1020 1006
f 263 1030 1020
f 260 1006 1030
f 1020 1030 1006
f 71 1029 1015
f 266 1031 1029
f 263 1015 1031
f 1029 1031 1015
f 72 1011 1024
f 260 1032 1011
f 266 1024 1032
f 1011 1032 1024
f 263 1031 1030
f 266 1032 1031
f 260 1030 1032
f 1031 1032 1030
f 19 994 958
f 258 1033 994
f 247 958 1033
f 994 1033 958
f 69 1034 997
f 268 1035 1034
f 258 997 1035
f 1034 1035 997
f 66 962 1037
f 247 1036 962
f 268 1037 1036
f 962 1036 1037
f 258 1035 1033
f 268 1036 1035
f 247 1033 1036
f 1035 1036 1033
f 20 1023 984
f 267 1038 1023
f 254 984 1038
f 1023 1038 984
f 71 1039 1027
f 269 1040 1039
f 267 1027 1040
f 1039 1040 1027
f 69 989 1042
f 254 1041 989
f 269 1042 1041
f 989 1041 1042
f 267 1040 1038
f 269 1041 1040
f 254 1038 1041
f 1040 1041 1038
f 21 967 1012
f 251 1043 967
f 262 1012 1043
f 967 1043 1012
f 66 1044 971
f 270 1045 1044
f 251 971 1045
f 1044 1045 971
f 71 1017 1047
f 262 1046 1017
f 270 1047 1046
f 1017 1046 1047
f 251 1045 1043
f 270 1046 1045
f 262 1043 1046
f 1045 1046 1043
f 69 1042 1034
f 269 1048 1042
f 268 1034 1048
f 1042 1048 1034
f 71 1047 1039
f 270 1049 1047
f 269 1039 1049
f 1047 1049 1039
f 66 1037 1044
f 268 1050 1037
f 270 1044 1050
f 1037 1050 1044
f 269 1049 1048
f 270 1050 1049
f 268 1048 1050
f 1049 1050 1048
f 1 952 643
f 246 1051 952
f 163 643 1051
f 952 1051 643
f 67 1052 955
f 271 1053 1052
f 246 955 1053
f 1052 1053 955
f 43 648 1055
f 163 1054 648
f 271 1055 1054
f 648 1054 1055
f 246 1053 1051
f 271 1054 1053
f 163 1051 1054
f 1053 1054 1051
f 21 1056 965
f 272 1057 1056
f 249 965 1057
f 1056 1057 965
f 73 1058 1060
f 273 1059 1058
f 272 1060 1059
f 1058 1059 1060
f 67 970 1062
f 249 1061 970
f 273 1062 1061
f 970 1061 1062
f 272 1059 1057
f 273 1061 1059
f 249 1057 1061
f 1059 1061 1057
f 13 654 1064
f 168 1063 654
f 275 1064 1063
f 654 1063 1064
f 43 1065 658
f 274 1066 1065
f 168 658 1066
f 1065 1066 658
f 73 1067 1069
f 275 1068 1067
f 274 1069 1068
f 1067 1068 1069
f 168 1066 1063
f 274 1068 1066
f 275 1063 1068
f 1066 1068 1063
f 67 1062 1052
f 273 1070 1062
f 271 1052 1070
f 1062 1070 1052
f 73 1069 1058
f 274 1071 1069
f 273 1058 1071
f 1069 1071 1058
f 43 1055 1065
f 271 1072 1055
f 274 1065 1072
f 1055 1072 1065
f 273 1071 1070
f 274 1072 1071
f 271 1070 1072
f 1071 1072 1070
f 11 1073 1003
f 276 1074 1073
f 259 1003 1074
f 1073 1074 1003
f 74 1075 1077
f 277 1076 1075
f 276 1077 1076
f 1075 1076 1077
f 70 1008 1079
f 259 1078 1008
f 277 1079 1078
f 1008 1078 1079
f 276 1076 1074
f 277 1078 1076
f 259 1074 1078
f 1076 1078 1074
f 22 1080 1082
f 278 1081 1080
f 280 1082 1081
f 1080 1081 1082
f 75 1083 1085
f 279 1084 1083
f 278 1085 1084
f 1083 1084 1085
f 74 1086 1088
f 280 1087 1086
f 279 1088 1087
f 1086 1087 1088
f 278 1084 1081
f 279 1087 1084
f 280 1081 1087
f 1084 1087 1081
f 21 1014 1090
f 264 1089 1014
f 282 1090 1089
f 1014 1089 1090
f 70 1091 1018
f 281 1092 1091
f 264 1018 1092
f 1091 1092 1018
f 75 1093 1095
f 282 1094 1093
f 281 1095 1094
f 1093 1094 1095
f 264 1092 1089
f 281 1094 1092
f 282 1089 1094
f 1092 1094 1089
f 74 1088 1075
f 279 1096 1088
f 277 1075 1096
f 1088 1096 1075
f 75 1095 1083
f 281 1097 1095
f 279 1083 1097
f 1095 1097 1083
f 70 1079 1091
f 277 1098 1079
f 281 1091 1098
f 1079 1098 1091
f 279 1097 1096
f 281 1098 1097
f 277 1096 1098
f 1097 1098 1096
f 12 675 1100
f 174 1099 675
f 284 1100 1099
f 675 1099 1100
f 48 1101 679
f 283 1102 1101
f 174 679 1102
f 1101 1102 679
f 77 1103 1105
f 284 1104 1103
f 283 1105 1104
f 1103 1104 1105
f 174 1102 1099
f 283 1104 1102
f 284 1099 1104
f 1102 1104 1099
f 13 1106 691
f 285 1107 1106
f 178 691 1107
f 1106 1107 691
f 76 1108 1110
f 286 1109 1108
f 285 1110 1109
f 1108 1109 1110
f 48 696 1112
f 178 1111 696
f 286 1112 1111
f 696 1111 1112
f 285 1109 1107
f 286 1111 1109
f 178 1107 1111
f 1109 1111 1107
f 22 1113 1115
f 287 1114 1113
f 289 1115 1114
f 1113 1114 1115
f 77 1116 1118
f 288 1117 1116
f 287 1118 1117
f 1116 1117 1118
f 76 1119 1121
f 289 1120 1119
f 288 1121 1120
f 1119 1120 1121
f 287 1117 1114
f 288 1120 1117
f 289 1114 1120
f 1117 1120 1114
f 48 1112 1101
f 286 1122 1112
f 283 1101 1122
f 1112 1122 1101
f 76 1121 1108
f 288 1123 1121
f 286 1108 1123
f 1121 1123 1108
f 77 1105 1116
f 283 1124 1105
f 288 1116 1124
f 1105 1124 1116
f 286 1123 1122
f 288 1124 1123
f 283 1122 1124
f 1123 1124 1122
f 21 1090 1056
f 282 1125 1090
f 272 1056 1125
f 1090 1125 1056
f 75 1126 1093
f 290 1127 1126
f 282 1093 1127
f 1126 1127 1093
f 73 1060 1129
f 272 1128 1060
f 290 1129 1128
f 1060 1128 1129
f 282 1127 1125
f 290 1128 1127
f 272 1125 1128
f 1127 1128 1125
f 22 1115 1080
f 289 1130 1115
f 278 1080 1130
f 1115 1130 1080
f 76 1131 1119
f 291 1132 1131
f 289 1119 1132
f 1131 1132 1119
f 75 1085 1134
f 278 1133 1085
f 291 1134 1133
f 1085 1133 1134
f 289 1132 1130
f 291 1133 1132
f 278 1130 1133
f 1132 1133 1130
f 13 1064 1106
f 275 1135 1064
f 285 1106 1135
f 1064 1135 1106
f 73 1136 1067
f 292 1137 1136
f 275 1067 1137
f 1136 1137 1067
f 76 1110 1139
f 285 1138 1110
f 292 1139 1138
f 1110 1138 1139
f 275 1137 1135
f 292 1138 1137
f 285 1135 1138
f 1137 1138 1135
f 75 1134 1126
f 291 1140 1134
f 290 1126 1140
f 1134 1140 1126
f 76 1139 1131
f 292 1141 1139
f 291 1131 1141
f 1139 1141 1131
f 73 1129 1136
f 290 1142 1129
f 292 1136 1142
f 1129 1142 1136
f 291 1141 1140
f 292 1142 1141
f 290 1140 1142
f 1141 1142 1140
f 2 805 1144
f 209 1143 805
f 294 1144 1143
f 805 1143 1144
f 58 1145 809
f 293 1146 1145
f 209 809 1146
f 1145 1146 809
f 79 1147 1149
f 294 1148 1147
f 293 1149 1148
f 1147 1148 1149
f 209 1146 1143
f 293 1148 1146
f 294 1143 1148
f 1146 1148 1143
f 16 1150 821
f 295 1151 1150
f 213 821 1151
f 1150 1151 821
f 78 1152 1154
f 296 1153 1152
f 295 1154 1153
f 1152 1153 1154
f 58 826 1156
f 213 1155 826
f 296 1156 1155
f 826 1155 1156
f 295 1153 1151
f 296 1155 1153
f 213 1151 1155
f 1153 1155 1151
f 24 1157 1159
f 297 1158 1157
f 299 1159 1158
f 1157 1158 1159
f 79 1160 1162
f 298 1161 1160
f 297 1162 1161
f 1160 1161 1162
f 78 1163 1165
f 299 1164 1163
f 298 1165 1164
f 1163 1164 1165
f 297 1161 1158
f 298 1164 1161
f 299 1158 1164
f 1161 1164 1158
f 58 1156 1145
f 296 1166 1156
f 293 1145 1166
f 1156 1166 1145
f 78 1165 1152
f 298 1167 1165
f 296 1152 1167
f 1165 1167 1152
f 79 1149 1160
f 293 1168 1149
f 298 1160 1168
f 1149 1168 1160
f 296 1167 1166
f 298 1168 1167
f 293 1166 1168
f 1167 1168 1166
f 6 1169 777
f 300 1170 1169
f 200 777 1170
f 1169 1170 777
f 80 1171 1173
f 301 1172 1171
f 300 1173 1172
f 1171 1172 1173
f 54 781 1175
f 200 1174 781
f 301 1175 1174
f 781 1174 1175
f 300 1172 1170
f 301 1174 1172
f 200 1170 1174
f 1172 1174 1170
f 23 1176 1178
f 302 1177 1176
f 304 1178 1177
f 1176 1177 1178
f 81 1179 1181
f 303 1180 1179
f 302 1181 1180
f 1179 1180 1181
f 80 1182 1184
f 304 1183 1182
f 303 1184 1183
f 1182 1183 1184
f 302 1180 1177
f 303 1183 1180
f 304 1177 1183
f 1180 1183 1177
f 16 786 1186
f 204 1185 786
f 306 1186 1185
f 786 1185 1186
f 54 1187 790
f 305 1188 1187
f 204 790 1188
f 1187 1188 790
f 81 1189 1191
f 306 1190 1189
f 305 1191 1190
f 1189 1190 1191
f 204 1188 1185
f 305 1190 1188
f 306 1185 1190
f 1188 1190 1185
f 80 1184 1171
f 303 1192 1184
f 301 1171 1192
f 1184 1192 1171
f 81 1191 1179
f 305 1193 1191
f 303 1179 1193
f 1191 1193 1179
f 54 1175 1187
f 301 1194 1175
f 305 1187 1194
f 1175 1194 1187
f 303 1193 1192
f 305 1194 1193
f 301 1192 1194
f 1193 1194 1192
f 10 1195 1197
f 307 1196 1195
f 309 1197 1196
f 1195 1196 1197
f 82 1198 1200
f 308 1199 1198
f 307 1200 1199
f 1198 1199 1200
f 84 1201 1203
f 309 1202 1201
f 308 1203 1202
f 1201 1202 1203
f 307 1199 1196
f 308 1202 1199
f 309 1196 1202
f 1199 1202 1196
f 24 1204 1206
f 310 1205 1204
f 312 1206 1205
f 1204 1205 1206
f 83 1207 1209
f 311 1208 1207
f 310 1209 1208
f 1207 1208 1209
f 82 1210 1212
f 312 1211 1210
f 311 1212 1211
f 1210 1211 1212
f 310 1208 1205
f 311 1211 1208
f 312 1205 1211
f 1208 1211 1205
f 23 1213 1215
f 313 1214 1213
f 315 1215 1214
f 1213 1214 1215
f 84 1216 1218
f 314 1217 1216
f 313 1218 1217
f 1216 1217 1218
f 83 1219 1221
f 315 1220 1219
f 314 1221 1220
f 1219 1220 1221
f 313 1217 1214
f 314 1220 1217
f 315 1214 1220
f 1217 1220 1214
f 82 1212 1198
f 311 1222 1212
f 308 1198 1222
f 1212 1222 1198
f 83 1221 1207
f 314 1223 1221
f 311 1207 1223
f 1221 1223 1207
f 84 1203 1216
f 308 1224 1203
f 314 1216 1224
f 1203 1224 1216
f 311 1223 1222
f 314 1224 1223
f 308 1222 1224
f 1223 1224 1222
f 16 1186 1150
f 306 1225 1186
f 295 1150 1225
f 1186 1225 1150
f 81 1226 1189
f 316 1227 1226
f 306 1189 1227
f 1226 1227 1189
f 78 1154 1229
f 295 1228 1154
f 316 1229 1228
f 1154 1228 1229
f 306 1227 1225
f 316 1228 1227
f 295 1225 1228
f 1227 1228 1225
f 23 1215 1176
f 315 1230 1215
f 302 1176 1230
f 1215 1230 1176
f 83 1231 1219
f 317 1232 1231
f 315 1219 1232
f 1231 1232 1219
f 81 1181 1234
f 302 1233 1181
f 317 1234 1233
f 1181 1233 1234
f 315 1232 1230
f 317 1233 1232
f 302 1230 1233
f 1232 1233 1230
f 24 1159 1204
f 299 1235 1159
f 310 1204 1235
f 1159 1235 1204
f 78 1236 1163
f 318 1237 1236
f 299 1163 1237
f 1236 1237 1163
f 83 1209 1239
f 310 1238 1209
f 318 1239 1238
f 1209 1238 1239
f 299 1237 1235
f 318 1238 1237
f 310 1235 1238
f 1237 1238 1235
f 81 1234 1226
f 317 1240 1234
f 316 1226 1240
f 1234 1240 1226
f 83 1239 1231
f 318 1241 1239
f 317 1231 1241
f 1239 1241 1231
f 78 1229 1236
f 316 1242 1229
f 318 1236 1242
f 1229 1242 1236
f 317 1241 1240
f 318 1242 1241
f 316 1240 1242
f 1241 1242 1240
f 6 705 1244
f 183 1243 705
f 320 1244 1243
f 705 1243 1244
f 51 1245 709
f 319 1246 1245
f 183 709 1246
f 1245 1246 709
f 86 1247 1249
f 320 1248 1247
f 319 1249 1248
f 1247 1248 1249
f 183 1246 1243
f 319 1248 1246
f 320 1243 1248
f 1246 1248 1243
f 14 1250 721
f 321 1251 1250
f 187 721 1251
f 1250 1251 721
f 85 1252 1254
f 322 1253 1252
f 321 1254 1253
f 1252 1253 1254
f 51 726 1256
f 187 1255 726
f 322 1256 1255
f 726 1255 1256
f 321 1253 1251
f 322 1255 1253
f 187 1251 1255
f 1253 1255 1251
f 26 1257 1259
f 323 1258 1257
f 325 1259 1258
f 1257 1258 1259
f 86 1260 1262
f 324 1261 1260
f 323 1262 1261
f 1260 1261 1262
f 85 1263 1265
f 325 1264 1263
f 324 1265 1264
f 1263 1264 1265
f 323 1261 1258
f 324 1264 1261
f 325 1258 1264
f 1261 1264 1258
f 51 1256 1245
f 322 1266 1256
f 319 1245 1266
f 1256 1266 1245
f 85 1265 1252
f 324 1267 1265
f 322 1252 1267
f 1265 1267 1252
f 86 1249 1260
f 319 1268 1249
f 324 1260 1268
f 1249 1268 1260
f 322 1267 1266
f 324 1268 1267
f 319 1266 1268
f 1267 1268 1266
f 12 1269 673
f 326 1270 1269
f 172 673 1270
f 1269 1270 673
f 87 1271 1273
f 327 1272 1271
f 326 1273 1272
f 1271 1272 1273
f 46 678 1275
f 172 1274 678
f 327 1275 1274
f 678 1274 1275
f 326 1272 1270
f 327 1274 1272
f 172 1270 1274
f 1272 1274 1270
f 25 1276 1278
f 328 1277 1276
f 330 1278 1277
f 1276 1277 1278
f 88 1279 1281
f 329 1280 1279
f 328 1281 1280
f 1279 1280 1281
f 87 1282 1284
f 330 1283 1282
f 329 1284 1283
f 1282 1283 1284
f 328 1280 1277
f 329 1283 1280
f 330 1277 1283
f 1280 1283 1277
f 14 684 1286
f 177 1285 684
f 332 1286 1285
f 684 1285 1286
f 46 1287 688
f 331 1288 1287
f 177 688 1288
f 1287 1288 688
f 88 1289 1291
f 332 1290 1289
f 331 1291 1290
f 1289 1290 1291
f 177 1288 1285
f 331 1290 1288
f 332 1285 1290
f 1288 1290 1285
f 87 1284 1271
f 329 1292 1284
f 327 1271 1292
f 1284 1292 1271
f 88 1291 1279
f 331 1293 1291
f 329 1279 1293
f 1291 1293 1279
f 46 1275 1287
f 327 1294 1275
f 331 1287 1294
f 1275 1294 1287
f 329 1293 1292
f 331 1294 1293
f 327 1292 1294
f 1293 1294 1292
f 5 1295 1297
f 333 1296 1295
f 335 1297 1296
f 1295 1296 1297
f 89 1298 1300
f 334 1299 1298
f 333 1300 1299
f 1298 1299 1300
f 91 1301 1303
f 335 1302 1301
f 334 1303 1302
f 1301 1302 1303
f 333 1299 1296
f 334 1302 1299
f 335 1296 1302
f 1299 1302 1296
f 26 1304 1306
f 336 1305 1304
f 338 1306 1305
f 1304 1305 1306
f 90 1307 1309
f 337 1308 1307
f 336 1309 1308
f 1307 1308 1309
f 89 1310 1312
f 338 1311 1310
f 337 1312 1311
f 1310 1311 1312
f 336 1308 1305
f 337 1311 1308
f 338 1305 1311
f 1308 1311 1305
f 25 1313 1315
f 339 1314 1313
f 341 1315 1314
f 1313 1314 1315
f 91 1316 1318
f 340 1317 1316
f 339 1318 1317
f 1316 1317 1318
f 90 1319 1321
f 341 1320 1319
f 340 1321 1320
f 1319 1320 1321
f 339 1317 1314
f 340 1320 1317
f 341 1314 1320
f 1317 1320 1314
f 89 1312 1298
f 337 1322 1312
f 334 1298 1322
f 1312 1322 1298
f 90 1321 1307
f 340 1323 1321
f 337 1307 1323
f 1321 1323 1307
f 91 1303 1316
f 334 1324 1303
f 340 1316 1324
f 1303 1324 1316
f 337 1323 1322
f 340 1324 1323
f 334 1322 1324
f 1323 1324 1322
f 14 1286 1250
f 332 1325 1286
f 321 1250 1325
f 1286 1325 1250
f 88 1326 1289
f 342 1327 1326
f 332 1289 1327
f 1326 1327 1289
f 85 1254 1329
f 321 1328 1254
f 342 1329 1328
f 1254 1328 1329
f 332 1327 1325
f 342 1328 1327
f 321 1325 1328
f 1327 1328 1325
f 25 1315 1276
f 341 1330 1315
f 328 1276 1330
f 1315 1330 1276
f 90 1331 1319
f 343 1332 1331
f 341 1319 1332
f 1331 1332 1319
f 88 1281 1334
f 328 1333 1281
f 343 1334 1333
f 1281 1333 1334
f 341 1332 1330
f 343 1333 1332
f 328 1330 1333
f 1332 1333 1330
f 26 1259 1304
f 325 1335 1259
f 336 1304 1335
f 1259 1335 1304
f 85 1336 1263
f 344 1337 1336
f 325 1263 1337
f 1336 1337 1263
f 90 1309 1339
f 336 1338 1309
f 344 1339 1338
f 1309 1338 1339
f 325 1337 1335
f 344 1338 1337
f 336 1335 1338
f 1337 1338 1335
f 88 1334 1326
f 343 1340 1334
f 342 1326 1340
f 1334 1340 1326
f 90 1339 1331
f 344 1341 1339
f 343 1331 1341
f 1339 1341 1331
f 85 1329 1336
f 342 1342 1329
f 344 1336 1342
f 1329 1342 1336
f 343 1341 1340
f 344 1342 1341
f 342 1340 1342
f 1341 1342 1340
f 12 1100 1344
f 284 1343 1100
f 346 1344 1343
f 1100 1343 1344
f 77 1345 1103
f 345 1346 1345
f 284 1103 1346
f 1345 1346 1103
f 93 1347 1349
f 346 1348 1347
f 345 1349 1348
f 1347 1348 1349
f 284 1346 1343
f 345 1348 1346
f 346 1343 1348
f 1346 1348 1343
f 22 1350 1113
f 347 1351 1350
f 287 1113 1351
f 1350 1351 1113
f 92 1352 1354
f 348 1353 1352
f 347 1354 1353
f 1352 1353 1354
f 77 1118 1356
f 287 1355 1118
f 348 1356 1355
f 1118 1355 1356
f 347 1353 1351
f 348 1355 1353
f 287 1351 1355
f 1353 1355 1351
f 28 1357 1359
f 349 1358 1357
f 351 1359 1358
f 1357 1358 1359
f 93 1360 1362
f 350 1361 1360
f 349 1362 1361
f 1360 1361 1362
f 92 1363 1365
f 351 1364 1363
f 350 1365 1364
f 1363 1364 1365
f 349 1361 1358
f 350 1364 1361
f 351 1358 1364
f 1361 1364 1358
f 77 1356 1345
f 348 1366 1356
f 345 1345 1366
f 1356 1366 1345
f 92 1365 1352
f 350 1367 1365
f 348 1352 1367
f 1365 1367 1352
f 93 1349 1360
f 345 1368 1349
f 350 1360 1368
f 1349 1368 1360
f 348 1367 1366
f 350 1368 1367
f 345 1366 1368
f 1367 1368 1366
f 11 1369 1073
f 352 1370 1369
f 276 1073 1370
f 1369 1370 1073
f 94 1371 1373
f 353 1372 1371
f 352 1373 1372
f 1371 1372 1373
f 74 1077 1375
f 276 1374 1077
f 353 1375 1374
f 1077 1374 1375
f 352 1372 1370
f 353 1374 1372
f 276 1370 1374
f 1372 1374 1370
f 27 1376 1378
f 354 1377 1376
f 356 1378 1377
f 1376 1377 1378
f 95 1379 1381
f 355 1380 1379
f 354 1381 1380
f 1379 1380 1381
f 94 1382 1384
f 356 1383 1382
f 355 1384 1383
f 1382 1383 1384
f 354 1380 1377
f 355 1383 1380
f 356 1377 1383
f 1380 1383 1377
f 22 1082 1386
f 280 1385 1082
f 358 1386 1385
f 1082 1385 1386
f 74 1387 1086
f 357 1388 1387
f 280 1086 1388
f 1387 1388 1086
f 95 1389 1391
f 358 1390 1389
f 357 1391 1390
f 1389 1390 1391
f 280 1388 1385
f 357 1390 1388
f 358 1385 1390
f 1388 1390 1385
f 94 1384 1371
f 355 1392 1384
f 353 1371 1392
f 1384 1392 1371
f 95 1391 1379
f 357 1393 1391
f 355 1379 1393
f 1391 1393 1379
f 74 1375 1387
f 353 1394 1375
f 357 1387 1394
f 1375 1394 1387
f 355 1393 1392
f 357 1394 1393
f 353 1392 1394
f 1393 1394 1392
f 3 1395 1397
f 359 1396 1395
f 361 1397 1396
f 1395 1396 1397
f 96 1398 1400
f 360 1399 1398
f 359 1400 1399
f 1398 1399 1400
f 98 1401 1403
f 361 1402 1401
f 360 1403 1402
f 1401 1402 1403
f 359 1399 1396
f 360 1402 1399
f 361 1396 1402
f 1399 1402 1396
f 28 1404 1406
f 362 1405 1404
f 364 1406 1405
f 1404 1405 1406
f 97 1407 1409
f 363 1408 1407
f 362 1409 1408
f 1407 1408 1409
f 96 1410 1412
f 364 1411 1410
f 363 1412 1411
f 1410 1411 1412
f 362 1408 1405
f 363 1411 1408
f 364 1405 1411
f 1408 1411 1405
f 27 1413 1415
f 365 1414 1413
f 367 1415 1414
f 1413 1414 1415
f 98 1416 1418
f 366 1417 1416
f 365 1418 1417
f 1416 1417 1418
f 97 1419 1421
f 367 1420 1419
f 366 1421 1420
f 1419 1420 1421
f 365 1417 1414
f 366 1420 1417
f 367 1414 1420
f 1417 1420 1414
f 96 1412 1398
f 363 1422 1412
f 360 1398 1422
f 1412 1422 1398
f 97 1421 1407
f 366 1423 1421
f 363 1407 1423
f 1421 1423 1407
f 98 1403 1416
f 360 1424 1403
f 366 1416 1424
f 1403 1424 1416
f 363 1423 1422
f 366 1424 1423
f 360 1422 1424
f 1423 1424 1422
f 22 1386 1350
f 358 1425 1386
f 347 1350 1425
f 1386 1425 1350
f 95 1426 1389
f 368 1427 1426
f 358 1389 1427
f 1426 1427 1389
f 92 1354 1429
f 347 1428 1354
f 368 1429 1428
f 1354 1428 1429
f 358 1427 1425
f 368 1428 1427
f 347 1425 1428
f 1427 1428 1425
f 27 1415 1376
f 367 1430 1415
f 354 1376 1430
f 1415 1430 1376
f 97 1431 1419
f 369 1432 1431
f 367 1419 1432
f 1431 1432 1419
f 95 1381 1434
f 354 1433 1381
f 369 1434 1433
f 1381 1433 1434
f 367 1432 1430
f 369 1433 1432
f 354 1430 1433
f 1432 1433 1430
f 28 1359 1404
f 351 1435 1359
f 362 1404 1435
f 1359 1435 1404
f 92 1436 1363
f 370 1437 1436
f 351 1363 1437
f 1436 1437 1363
f 97 1409 1439
f 362 1438 1409
f 370 1439 1438
f 1409 1438 1439
f 351 1437 1435
f 370 1438 1437
f 362 1435 1438
f 1437 1438 1435
f 95 1434 1426
f 369 1440 1434
f 368 1426 1440
f 1434 1440 1426
f 97 1439 1431
f 370 1441 1439
f 369 1431 1441
f 1439 1441 1431
f 92 1429 1436
f 368 1442 1429
f 370 1436 1442
f 1429 1442 1436
f 369 1441 1440
f 370 1442 1441
f 368 1440 1442
f 1441 1442 1440
f 11 1005 1444
f 261 1443 1005
f 372 1444 1443
f 1005 1443 1444
f 72 1445 1009
f 371 1446 1445
f 261 1009 1446
f 1445 1446 1009
f 100 1447 1449
f 372 1448 1447
f 371 1449 1448
f 1447 1448 1449
f 261 1446 1443
f 371 1448 1446
f 372 1443 1448
f 1446 1448 1443
f 20 1450 1021
f 373 1451 1450
f 265 1021 1451
f 1450 1451 1021
f 99 1452 1454
f 374 1453 1452
f 373 1454 1453
f 1452 1453 1454
f 72 1026 1456
f 265 1455 1026
f 374 1456 1455
f 1026 1455 1456
f 373 1453 1451
f 374 1455 1453
f 265 1451 1455
f 1453 1455 1451
f 30 1457 1459
f 375 1458 1457
f 377 1459 1458
f 1457 1458 1459
f 100 1460 1462
f 376 1461 1460
f 375 1462 1461
f 1460 1461 1462
f 99 1463 1465
f 377 1464 1463
f 376 1465 1464
f 1463 1464 1465
f 375 1461 1458
f 376 1464 1461
f 377 1458 1464
f 1461 1464 1458
f 72 1456 1445
f 374 1466 1456
f 371 1445 1466
f 1456 1466 1445
f 99 1465 1452
f 376 1467 1465
f 374 1452 1467
f 1465 1467 1452
f 100 1449 1460
f 371 1468 1449
f 376 1460 1468
f 1449 1468 1460
f 374 1467 1466
f 376 1468 1467
f 371 1466 1468
f 1467 1468 1466
f 8 1469 977
f 378 1470 1469
f 252 977 1470
f 1469 1470 977
f 101 1471 1473
f 379 1472 1471
f 378 1473 1472
f 1471 1472 1473
f 68 981 1475
f 252 1474 981
f 379 1475 1474
f 981 1474 1475
f 378 1472 1470
f 379 1474 1472
f 252 1470 1474
f 1472 1474 1470
f 29 1476 1478
f 380 1477 1476
f 382 1478 1477
f 1476 1477 1478
f 102 1479 1481
f 381 1480 1479
f 380 1481 1480
f 1479 1480 1481
f 101 1482 1484
f 382 1483 1482
f 381 1484 1483
f 1482 1483 1484
f 380 1480 1477
f 381 1483 1480
f 382 1477 1483
f 1480 1483 1477
f 20 986 1486
f 256 1485 986
f 384 1486 1485
f 986 1485 1486
f 68 1487 990
f 383 1488 1487
f 256 990 1488
f 1487 1488 990
f 102 1489 1491
f 384 1490 1489
f 383 1491 1490
f 1489 1490 1491
f 256 1488 1485
f 383 1490 1488
f 384 1485 1490
f 1488 1490 1485
f 101 1484 1471
f 381 1492 1484
f 379 1471 1492
f 1484 1492 1471
f 102 1491 1479
f 383 1493 1491
f 381 1479 1493
f 1491 1493 1479
f 68 1475 1487
f 379 1494 1475
f 383 1487 1494
f 1475 1494 1487
f 381 1493 1492
f 383 1494 1493
f 379 1492 1494
f 1493 1494 1492
f 7 1495 1497
f 385 1496 1495
f 387 1497 1496
f 1495 1496 1497
f 103 1498 1500
f 386 1499 1498
f 385 1500 1499
f 1498 1499 1500
f 105 1501 1503
f 387 1502 1501
f 386 1503 1502
f 1501 1502 1503
f 385 1499 1496
f 386 1502 1499
f 387 1496 1502
f 1499 1502 1496
f 30 1504 1506
f 388 1505 1504
f 390 1506 1505
f 1504 1505 1506
f 104 1507 1509
f 389 1508 1507
f 388 1509 1508
f 1507 1508 1509
f 103 1510 1512
f 390 1511 1510
f 389 1512 1511
f 1510 1511 1512
f 388 1508 1505
f 389 1511 1508
f 390 1505 1511
f 1508 1511 1505
f 29 1513 1515
f 391 1514 1513
f 393 1515 1514
f 1513 1514 1515
f 105 1516 1518
f 392 1517 1516
f 391 1518 1517
f 1516 1517 1518
f 104 1519 1521
f 393 1520 1519
f 392 1521 1520
f 1519 1520 1521
f 391 1517 1514
f 392 1520 1517
f 393 1514 1520
f 1517 1520 1514
f 103 1512 1498
f 389 1522 1512
f 386 1498 1522
f 1512 1522 1498
f 104 1521 1507
f 392 1523 1521
f 389 1507 1523
f 1521 1523 1507
f 105 1503 1516
f 386 1524 1503
f 392 1516 1524
f 1503 1524 1516
f 389 1523 1522
f 392 1524 1523
f 386 1522 1524
f 1523 1524 1522
f 20 1486 1450
f 384 1525 1486
f 373 1450 1525
f 1486 1525 1450
f 102 1526 1489
f 394 1527 1526
f 384 1489 1527
f 1526 1527 1489
f 99 1454 1529
f 373 1528 1454
f 394 1529 1528
f 1454 1528 1529
f 384 1527 1525
f 394 1528 1527
f 373 1525 1528
f 1527 1528 1525
f 29 1515 1476
f 393 1530 1515
f 380 1476 1530
f 1515 1530 1476
f 104 1531 1519
f 395 1532 1531
f 393 1519 1532
f 1531 1532 1519
f 102 1481 1534
f 380 1533 1481
f 395 1534 1533
f 1481 1533 1534
f 393 1532 1530
f 395 1533 1532
f 380 1530 1533
f 1532 1533 1530
f 30 1459 1504
f 377 1535 1459
f 388 1504 1535
f 1459 1535 1504
f 99 1536 1463
f 396 1537 1536
f 377 1463 1537
f 1536 1537 1463
f 104 1509 1539
f 388 1538 1509
f 396 1539 1538
f 1509 1538 1539
f 377 1537 1535
f 396 1538 1537
f 388 1535 1538
f 1537 1538 1535
f 102 1534 1526
f 395 1540 1534
f 394 1526 1540
f 1534 1540 1526
f 104 1539 1531
f 396 1541 1539
f 395 1531 1541
f 1539 1541 1531
f 99 1529 1536
f 394 1542 1529
f 396 1536 1542
f 1529 1542 1536
f 395 1541 1540
f 396 1542 1541
f 394 1540 1542
f 1541 1542 1540
f 8 905 1544
f 235 1543 905
f 398 1544 1543
f 905 1543 1544
f 65 1545 909
f 397 1546 1545
f 235 909 1546
f 1545 1546 909
f 107 1547 1549
f 398 1548 1547
f 397 1549 1548
f 1547 1548 1549
f 235 1546 1543
f 397 1548 1546
f 398 1543 1548
f 1546 1548 1543
f 18 1550 921
f 399 1551 1550
f 239 921 1551
f 1550 1551 921
f 106 1552 1554
f 400 1553 1552
f 399 1554 1553
f 1552 1553 1554
f 65 926 1556
f 239 1555 926
f 400 1556 1555
f 926 1555 1556
f 399 1553 1551
f 400 1555 1553
f 239 1551 1555
f 1553 1555 1551
f 32 1557 1559
f 401 1558 1557
f 403 1559 1558
f 1557 1558 1559
f 107 1560 1562
f 402 1561 1560
f 401 1562 1561
f 1560 1561 1562
f 106 1563 1565
f 403 1564 1563
f 402 1565 1564
f 1563 1564 1565
f 401 1561 1558
f 402 1564 1561
f 403 1558 1564
f 1561 1564 1558
f 65 1556 1545
f 400 1566 1556
f 397 1545 1566
f 1556 1566 1545
f 106 1565 1552
f 402 1567 1565
f 400 1552 1567
f 1565 1567 1552
f 107 1549 1560
f 397 1568 1549
f 402 1560 1568
f 1549 1568 1560
f 400 1567 1566
f 402 1568 1567
f 397 1566 1568
f 1567 1568 1566
f 2 1569 877
f 404 1570 1569
f 226 877 1570
f 1569 1570 877
f 108 1571 1573
f 405 1572 1571
f 404 1573 1572
f 1571 1572 1573
f 61 881 1575
f 226 1574 881
f 405 1575 1574
f 881 1574 1575
f 404 1572 1570
f 405 1574 1572
f 226 1570 1574
f 1572 1574 1570
f 31 1576 1578
f 406 1577 1576
f 408 1578 1577
f 1576 1577 1578
f 109 1579 1581
f 407 1580 1579
f 406 1581 1580
f 1579 1580 1581
f 108 1582 1584
f 408 1583 1582
f 407 1584 1583
f 1582 1583 1584
f 406 1580 1577
f 407 1583 1580
f 408 1577 1583
f 1580 1583 1577
f 18 886 1586
f 230 1585 886
f 410 1586 1585
f 886 1585 1586
f 61 1587 890
f 409 1588 1587
f 230 890 1588
f 1587 1588 890
f 109 1589 1591
f 410 1590 1589
f 409 1591 1590
f 1589 1590 1591
f 230 1588 1585
f 409 1590 1588
f 410 1585 1590
f 1588 1590 1585
f 108 1584 1571
f 407 1592 1584
f 405 1571 1592
f 1584 1592 1571
f 109 1591 1579
f 409 1593 1591
f 407 1579 1593
f 1591 1593 1579
f 61 1575 1587
f 405 1594 1575
f 409 1587 1594
f 1575 1594 1587
f 407 1593 1592
f 409 1594 1593
f 405 1592 1594
f 1593 1594 1592
f 9 1595 1597
f 411 1596 1595
f 413 1597 1596
f 1595 1596 1597
f 110 1598 1600
f 412 1599 1598
f 411 1600 1599
f 1598 1599 1600
f 112 1601 1603
f 413 1602 1601
f 412 1603 1602
f 1601 1602 1603
f 411 1599 1596
f 412 1602 1599
f 413 1596 1602
f 1599 1602 1596
f 32 1604 1606
f 414 1605 1604
f 416 1606 1605
f 1604 1605 1606
f 111 1607 1609
f 415 1608 1607
f 414 1609 1608
f 1607 1608 1609
f 110 1610 1612
f 416 1611 1610
f 415 1612 1611
f 1610 1611 1612
f 414 1608 1605
f 415 1611 1608
f 416 1605 1611
f 1608 1611 1605
f 31 1613 1615
f 417 1614 1613
f 419 1615 1614
f 1613 1614 1615
f 112 1616 1618
f 418 1617 1616
f 417 1618 1617
f 1616 1617 1618
f 111 1619 1621
f 419 1620 1619
f 418 1621 1620
f 1619 1620 1621
f 417 1617 1614
f 418 1620 1617
f 419 1614 1620
f 1617 1620 1614
f 110 1612 1598
f 415 1622 1612
f 412 1598 1622
f 1612 1622 1598
f 111 1621 1607
f 418 1623 1621
f 415 1607 1623
f 1621 1623 1607
f 112 1603 1616
f 412 1624 1603
f 418 1616 1624
f 1603 1624 1616
f 415 1623 1622
f 418 1624 1623
f 412 1622 1624
f 1623 1624 1622
f 18 1586 1550
f 410 1625 1586
f 399 1550 1625
f 1586 1625 1550
f 109 1626 1589
f 420 1627 1626
f 410 1589 1627
f 1626 1627 1589
f 106 1554 1629
f 399 1628 1554
f 420 1629 1628
f 1554 1628 1629
f 410 1627 1625
f 420 1628 1627
f 399 1625 1628
f 1627 1628 1625
f 31 1615 1576
f 419 1630 1615
f 406 1576 1630
f 1615 1630 1576
f 111 1631 1619
f 421 1632 1631
f 419 1619 1632
f 1631 1632 1619
f 109 1581 1634
f 406 1633 1581
f 421 1634 1633
f 1581 1633 1634
f 419 1632 1630
f 421 1633 1632
f 406 1630 1633
f 1632 1633 1630
f 32 1559 1604
f 403 1635 1559
f 414 1604 1635
f 1559 1635 1604
f 106 1636 1563
f 422 1637 1636
f 403 1563 1637
f 1636 1637 1563
f 111 1609 1639
f 414 1638 1609
f 422 1639 1638
f 1609 1638 1639
f 403 1637 1635
f 422 1638 1637
f 414 1635 1638
f 1637 1638 1635
f 109 1634 1626
f 421 1640 1634
f 420 1626 1640
f 1634 1640 1626
f 111 1639 1631
f 422 1641 1639
f 421 1631 1641
f 1639 1641 1631
f 106 1629 1636
f 420 1642 1629
f 422 1636 1642
f 1629 1642 1636
f 421 1641 1640
f 422 1642 1641
f 420 1640 1642
f 1641 1642 1640
f 4 1643 1645
f 423 1644 1643
f 425 1645 1644
f 1643 1644 1645
f 113 1646 1648
f 424 1647 1646
f 423 1648 1647
f 1646 1647 1648
f 115 1649 1651
f 425 1650 1649
f 424 1651 1650
f 1649 1650 1651
f 423 1647 1644
f 424 1650 1647
f 425 1644 1650
f 1647 1650 1644
f 33 1652 1654
f 426 1653 1652
f 428 1654 1653
f 1652 1653 1654
f 114 1655 1657
f 427 1656 1655
f 426 1657 1656
f 1655 1656 1657
f 113 1658 1660
f 428 1659 1658
f 427 1660 1659
f 1658 1659 1660
f 426 1656 1653
f 427 1659 1656
f 428 1653 1659
f 1656 1659 1653
f 35 1661 1663
f 429 1662 1661
f 431 1663 1662
f 1661 1662 1663
f 115 1664 1666
f 430 1665 1664
f 429 1666 1665
f 1664 1665 1666
f 114 1667 1669
f 431 1668 1667
f 430 1669 1668
f 1667 1668 1669
f 429 1665 1662
f 430 1668 1665
f 431 1662 1668
f 1665 1668 1662
f 113 1660 1646
f 427 1670 1660
f 424 1646 1670
f 1660 1670 1646
f 114 1669 1655
f 430 1671 1669
f 427 1655 1671
f 1669 1671 1655
f 115 1651 1664
f 424 1672 1651
f 430 1664 1672
f 1651 1672 1664
f 427 1671 1670
f 430 1672 1671
f 424 1670 1672
f 1671 1672 1670
f 10 1673 1675
f 432 1674 1673
f 434 1675 1674
f 1673 1674 1675
f 116 1676 1678
f 433 1677 1676
f 432 1678 1677
f 1676 1677 1678
f 118 1679 1681
f 434 1680 1679
f 433 1681 1680
f 1679 1680 1681
f 432 1677 1674
f 433 1680 1677
f 434 1674 1680
f 1677 1680 1674
f 34 1682 1684
f 435 1683 1682
f 437 1684 1683
f 1682 1683 1684
f 117 1685 1687
f 436 1686 1685
f 435 1687 1686
f 1685 1686 1687
f 116 1688 1690
f 437 1689 1688
f 436 1690 1689
f 1688 1689 1690
f 435 1686 1683
f 436 1689 1686
f 437 1683 1689
f 1686 1689 1683
f 33 1691 1693
f 438 1692 1691
f 440 1693 1692
f 1691 1692 1693
f 118 1694 1696
f 439 1695 1694
f 438 1696 1695
f 1694 1695 1696
f 117 1697 1699
f 440 1698 1697
f 439 1699 1698
f 1697 1698 1699
f 438 1695 1692
f 439 1698 1695
f 440 1692 1698
f 1695 1698 1692
f 116 1690 1676
f 436 1700 1690
f 433 1676 1700
f 1690 1700 1676
f 117 1699 1685
f 439 1701 1699
f 436 1685 1701
f 1699 1701 1685
f 118 1681 1694
f 433 1702 1681
f 439 1694 1702
f 1681 1702 1694
f 436 1701 1700
f 439 1702 1701
f 433 1700 1702
f 1701 1702 1700
f 5 1703 1705
f 441 1704 1703
f 443 1705 1704
f 1703 1704 1705
f 119 1706 1708
f 442 1707 1706
f 441 1708 1707
f 1706 1707 1708
f 121 1709 1711
f 443 1710 1709
f 442 1711 1710
f 1709 1710 1711
f 441 1707 1704
f 442 1710 1707
f 443 1704 1710
f 1707 1710 1704
f 35 1712 1714
f 444 1713 1712
f 446 1714 1713
f 1712 1713 1714
f 120 1715 1717
f 445 1716 1715
f 444 1717 1716
f 1715 1716 1717
f 119 1718 1720
f 446 1719 1718
f 445 1720 1719
f 1718 1719 1720
f 444 1716 1713
f 445 1719 1716
f 446 1713 1719
f 1716 1719 1713
f 34 1721 1723
f 447 1722 1721
f 449 1723 1722
f 1721 1722 1723
f 121 1724 1726
f 448 1725 1724
f 447 1726 1725
f 1724 1725 1726
f 120 1727 1729
f 449 1728 1727
f 448 1729 1728
f 1727 1728 1729
f 447 1725 1722
f 448 1728 1725
f 449 1722 1728
f 1725 1728 1722
f 119 1720 1706
f 445 1730 1720
f 442 1706 1730
f 1720 1730 1706
f 120 1729 1715
f 448 1731 1729
f 445 1715 1731
f 1729 1731 1715
f 121 1711 1724
f 442 1732 1711
f 448 1724 1732
f 1711 1732 1724
f 445 1731 1730
f 448 1732 1731
f 442 1730 1732
f 1731 1732 1730
f 33 1693 1652
f 440 1733 1693
f 426 1652 1733
f 1693 1733 1652
f 117 1734 1697
f 450 1735 1734
f 440 1697 1735
f 1734 1735 1697
f 114 1657 1737
f 426 1736 1657
f 450 1737 1736
f 1657 1736 1737
f 440 1735 1733
f 450 1736 1735
f 426 1733 1736
f 1735 1736 1733
f 34 1723 1682
f 449 1738 1723
f 435 1682 1738
f 1723 1738 1682
f 120 1739 1727
f 451 1740 1739
f 449 1727 1740
f 1739 1740 1727
f 117 1687 1742
f 435 1741 1687
f 451 1742 1741
f 1687 1741 1742
f 449 1740 1738
f 451 1741 1740
f 435 1738 1741
f 1740 1741 1738
f 35 1663 1712
f 431 1743 1663
f 444 1712 1743
f 1663 1743 1712
f 114 1744 1667
f 452 1745 1744
f 431 1667 1745
f 1744 1745 1667
f 120 1717 1747
f 444 1746 1717
f 452 1747 1746
f 1717 1746 1747
f 431 1745 1743
f 452 1746 1745
f 444 1743 1746
f 1745 1746 1743
f 117 1742 1734
f 451 1748 1742
f 450 1734 1748
f 1742 1748 1734
f 120 1747 1739
f 452 1749 1747
f 451 1739 1749
f 1747 1749 1739
f 114 1737 1744
f 450 1750 1737
f 452 1744 1750
f 1737 1750 1744
f 451 1749 1748
f 452 1750 1749
f 450 1748 1750
f 1749 1750 1748
f 4 1645 1752
f 425 1751 1645
f 454 1752 1751
f 1645 1751 1752
f 115 1753 1649
f 453 1754 1753
f 425 1649 1754
f 1753 1754 1649
f 123 1755 1757
f 454 1756 1755
f 453 1757 1756
f 1755 1756 1757
f 425 1754 1751
f 453 1756 1754
f 454 1751 1756
f 1754 1756 1751
f 35 1758 1661
f 455 1759 1758
f 429 1661 1759
f 1758 1759 1661
f 122 1760 1762
f 456 1761 1760
f 455 1762 1761
f 1760 1761 1762
f 115 1666 1764
f 429 1763 1666
f 456 1764 1763
f 1666 1763 1764
f 455 1761 1759
f 456 1763 1761
f 429 1759 1763
f 1761 1763 1759
f 37 1765 1767
f 457 1766 1765
f 459 1767 1766
f 1765 1766 1767
f 123 1768 1770
f 458 1769 1768
f 457 1770 1769
f 1768 1769 1770
f 122 1771 1773
f 459 1772 1771
f 458 1773 1772
f 1771 1772 1773
f 457 1769 1766
f 458 1772 1769
f 459 1766 1772
f 1769 1772 1766
f 115 1764 1753
f 456 1774 1764
f 453 1753 1774
f 1764 1774 1753
f 122 1773 1760
f 458 1775 1773
f 456 1760 1775
f 1773 1775 1760
f 123 1757 1768
f 453 1776 1757
f 458 1768 1776
f 1757 1776 1768
f 456 1775 1774
f 458 1776 1775
f 453 1774 1776
f 1775 1776 1774
f 5 1777 1703
f 460 1778 1777
f 441 1703 1778
f 1777 1778 1703
f 124 1779 1781
f 461 1780 1779
f 460 1781 1780
f 1779 1780 1781
f 119 1708 1783
f 441 1782 1708
f 461 1783 1782
f 1708 1782 1783
f 460 1780 1778
f 461 1782 1780
f 441 1778 1782
f 1780 1782 1778
f 36 1784 1786
f 462 1785 1784
f 464 1786 1785
f 1784 1785 1786
f 125 1787 1789
f 463 1788 1787
f 462 1789 1788
f 1787 1788 1789
f 124 1790 1792
f 464 1791 1790
f 463 1792 1791
f 1790 1791 1792
f 462 1788 1785
f 463 1791 1788
f 464 1785 1791
f 1788 1791 1785
f 35 1714 1794
f 446 1793 1714
f 466 1794 1793
f 1714 1793 1794
f 119 1795 1718
f 465 1796 1795
f 446 1718 1796
f 1795 1796 1718
f 125 1797 1799
f 466 1798 1797
f 465 1799 1798
f 1797 1798 1799
f 446 1796 1793
f 465 1798 1796
f 466 1793 1798
f 1796 1798 1793
f 124 1792 1779
f 463 1800 1792
f 461 1779 1800
f 1792 1800 1779
f 125 1799 1787
f 465 1801 1799
f 463 1787 1801
f 1799 1801 1787
f 119 1783 1795
f 461 1802 1783
f 465 1795 1802
f 1783 1802 1795
f 463 1801 1800
f 465 1802 1801
f 461 1800 1802
f 1801 1802 1800
f 3 1803 1805
f 467 1804 1803
f 469 1805 1804
f 1803 1804 1805
f 126 1806 1808
f 468 1807 1806
f 467 1808 1807
f 1806 1807 1808
f 128 1809 1811
f 469 1810 1809
f 468 1811 1810
f 1809 1810 1811
f 467 1807 1804
f 468 1810 1807
f 469 1804 1810
f 1807 1810 1804
f 37 1812 1814
f 470 1813 1812
f 472 1814 1813
f 1812 1813 1814
f 127 1815 1817
f 471 1816 1815
f 470 1817 1816
f 1815 1816 1817
f 126 1818 1820
f 472 1819 1818
f 471 1820 1819
f 1818 1819 1820
f 470 1816 1813
f 471 1819 1816
f 472 1813 1819
f 1816 1819 1813
f 36 1821 1823
f 473 1822 1821
f 475 1823 1822
f 1821 1822 1823
f 128 1824 1826
f 474 1825 1824
f 473 1826 1825
f 1824 1825 1826
f 127 1827 1829
f 475 1828 1827
f 474 1829 1828
f 1827 1828 1829
f 473 1825 1822
f 474 1828 1825
f 475 1822 1828
f 1825 1828 1822
f 126 1820 1806
f 471 1830 1820
f 468 1806 1830
f 1820 1830 1806
f 127 1829 1815
f 474 1831 1829
f 471 1815 1831
f 1829 1831 1815
f 128 1811 1824
f 468 1832 1811
f 474 1824 1832
f 1811 1832 1824
f 471 1831 1830
f 474 1832 1831
f 468 1830 1832
f 1831 1832 1830
f 35 1794 1758
f 466 1833 1794
f 455 1758 1833
f 1794 1833 1758
f 125 1834 1797
f 476 1835 1834
f 466 1797 1835
f 1834 1835 1797
f 122 1762 1837
f 455 1836 1762
f 476 1837 1836
f 1762 1836 1837
f 466 1835 1833
f 476 1836 1835
f 455 1833 1836
f 1835 1836 1833
f 36 1823 1784
f 475 1838 1823
f 462 1784 1838
f 1823 1838 1784
f 127 1839 1827
f 477 1840 1839
f 475 1827 1840
f 1839 1840 1827
f 125 1789 1842
f 462 1841 1789
f 477 1842 1841
f 1789 1841 1842
f 475 1840 1838
f 477 1841 1840
f 462 1838 1841
f 1840 1841 1838
f 37 1767 1812
f 459 1843 1767
f 470 1812 1843
f 1767 1843 1812
f 122 1844 1771
f 478 1845 1844
f 459 1771 1845
f 1844 1845 1771
f 127 1817 1847
f 470 1846 1817
f 478 1847 1846
f 1817 1846 1847
f 459 1845 1843
f 478 1846 1845
f 470 1843 1846
f 1845 1846 1843
f 125 1842 1834
f 477 1848 1842
f 476 1834 1848
f 1842 1848 1834
f 127 1847 1839
f 478 1849 1847
f 477 1839 1849
f 1847 1849 1839
f 122 1837 1844
f 476 1850 1837
f 478 1844 1850
f 1837 1850 1844
f 477 1849 1848
f 478 1850 1849
f 476 1848 1850
f 1849 1850 1848
f 4 1752 1852
f 454 1851 1752
f 480 1852 1851
f 1752 1851 1852
f 123 1853 1755
f 479 1854 1853
f 454 1755 1854
f 1853 1854 1755
f 130 1855 1857
f 480 1856 1855
f 479 1857 1856
f 1855 1856 1857
f 454 1854 1851
f 479 1856 1854
f 480 1851 1856
f 1854 1856 1851
f 37 1858 1765
f 481 1859 1858
f 457 1765 1859
f 1858 1859 1765
f 129 1860 1862
f 482 1861 1860
f 481 1862 1861
f 1860 1861 1862
f 123 1770 1864
f 457 1863 1770
f 482 1864 1863
f 1770 1863 1864
f 481 1861 1859
f 482 1863 1861
f 457 1859 1863
f 1861 1863 1859
f 39 1865 1867
f 483 1866 1865
f 485 1867 1866
f 1865 1866 1867
f 130 1868 1870
f 484 1869 1868
f 483 1870 1869
f 1868 1869 1870
f 129 1871 1873
f 485 1872 1871
f 484 1873 1872
f 1871 1872 1873
f 483 1869 1866
f 484 1872 1869
f 485 1866 1872
f 1869 1872 1866
f 123 1864 1853
f 482 1874 1864
f 479 1853 1874
f 1864 1874 1853
f 129 1873 1860
f 484 1875 1873
f 482 1860 1875
f 1873 1875 1860
f 130 1857 1868
f 479 1876 1857
f 484 1868 1876
f 1857 1876 1868
f 482 1875 1874
f 484 1876 1875
f 479 1874 1876
f 1875 1876 1874
f 3 1877 1803
f 486 1878 1877
f 467 1803 1878
f 1877 1878 1803
f 131 1879 1881
f 487 1880 1879
f 486 1881 1880
f 1879 1880 1881
f 126 1808 1883
f 467 1882 1808
f 487 1883 1882
f 1808 1882 1883
f 486 1880 1878
f 487 1882 1880
f 467 1878 1882
f 1880 1882 1878
f 38 1884 1886
f 488 1885 1884
f 490 1886 1885
f 1884 1885 1886
f 132 1887 1889
f 489 1888 1887
f 488 1889 1888
f 1887 1888 1889
f 131 1890 1892
f 490 1891 1890
f 489 1892 1891
f 1890 1891 1892
f 488 1888 1885
f 489 1891 1888
f 490 1885 1891
f 1888 1891 1885
f 37 1814 1894
f 472 1893 1814
f 492 1894 1893
f 1814 1893 1894
f 126 1895 1818
f 491 1896 1895
f 472 1818 1896
f 1895 1896 1818
f 132 1897 1899
f 492 1898 1897
f 491 1899 1898
f 1897 1898 1899
f 472 1896 1893
f 491 1898 1896
f 492 1893 1898
f 1896 1898 1893
f 131 1892 1879
f 489 1900 1892
f 487 1879 1900
f 1892 1900 1879
f 132 1899 1887
f 491 1901 1899
f 489 1887 1901
f 1899 1901 1887
f 126 1883 1895
f 487 1902 1883
f 491 1895 1902
f 1883 1902 1895
f 489 1901 1900
f 491 1902 1901
f 487 1900 1902
f 1901 1902 1900
f 7 1903 1905
f 493 1904 1903
f 495 1905 1904
f 1903 1904 1905
f 133 1906 1908
f 494 1907 1906
f 493 1908 1907
f 1906 1907 1908
f 135 1909 1911
f 495 1910 1909
f 494 1911 1910
f 1909 1910 1911
f 493 1907 1904
f 494 1910 1907
f 495 1904 1910
f 1907 1910 1904
f 39 1912 1914
f 496 1913 1912
f 498 1914 1913
f 1912 1913 1914
f 134 1915 1917
f 497 1916 1915
f 496 1917 1916
f 1915 1916 1917
f 133 1918 1920
f 498 1919 1918
f 497 1920 1919
f 1918 1919 1920
f 496 1916 1913
f 497 1919 1916
f 498 1913 1919
f 1916 1919 1913
f 38 1921 1923
f 499 1922 1921
f 501 1923 1922
f 1921 1922 1923
f 135 1924 1926
f 500 1925 1924
f 499 1926 1925
f 1924 1925 1926
f 134 1927 1929
f 501 1928 1927
f 500 1929 1928
f 1927 1928 1929
f 499 1925 1922
f 500 1928 1925
f 501 1922 1928
f 1925 1928 1922
f 133 1920 1906
f 497 1930 1920
f 494 1906 1930
f 1920 1930 1906
f 134 1929 1915
f 500 1931 1929
f 497 1915 1931
f 1929 1931 1915
f 135 1911 1924
f 494 1932 1911
f 500 1924 1932
f 1911 1932 1924
f 497 1931 1930
f 500 1932 1931
f 494 1930 1932
f 1931 1932 1930
f 37 1894 1858
f 492 1933 1894
f 481 1858 1933
f 1894 1933 1858
f 132 1934 1897
f 502 1935 1934
f 492 1897 1935
f 1934 1935 1897
f 129 1862 1937
f 481 1936 1862
f 502 1937 1936
f 1862 1936 1937
f 492 1935 1933
f 502 1936 1935
f 481 1933 1936
f 1935 1936 1933
f 38 1923 1884
f 501 1938 1923
f 488 1884 1938
f 1923 1938 1884
f 134 1939 1927
f 503 1940 1939
f 501 1927 1940
f 1939 1940 1927
f 132 1889 1942
f 488 1941 1889
f 503 1942 1941
f 1889 1941 1942
f 501 1940 1938
f 503 1941 1940
f 488 1938 1941
f 1940 1941 1938
f 39 1867 1912
f 485 1943 1867
f 496 1912 1943
f 1867 1943 1912
f 129 1944 1871
f 504 1945 1944
f 485 1871 1945
f 1944 1945 1871
f 134 1917 1947
f 496 1946 1917
f 504 1947 1946
f 1917 1946 1947
f 485 1945 1943
f 504 1946 1945
f 496 1943 1946
f 1945 1946 1943
f 132 1942 1934
f 503 1948 1942
f 502 1934 1948
f 1942 1948 1934
f 134 1947 1939
f 504 1949 1947
f 503 1939 1949
f 1947 1949 1939
f 129 1937 1944
f 502 1950 1937
f 504 1944 1950
f 1937 1950 1944
f 503 1949 1948
f 504 1950 1949
f 502 1948 1950
f 1949 1950 1948
f 4 1852 1952
f 480 1951 1852
f 506 1952 1951
f 1852 1951 1952
f 130 1953 1855
f 505 1954 1953
f 480 1855 1954
f 1953 1954 1855
f 137 1955 1957
f 506 1956 1955
f 505 1957 1956
f 1955 1956 1957
f 480 1954 1951
f 505 1956 1954
f 506 1951 1956
f 1954 1956 1951
f 39 1958 1865
f 507 1959 1958
f 483 1865 1959
f 1958 1959 1865
f 136 1960 1962
f 508 1961 1960
f 507 1962 1961
f 1960 1961 1962
f 130 1870 1964
f 483 1963 1870
f 508 1964 1963
f 1870 1963 1964
f 507 1961 1959
f 508 1963 1961
f 483 1959 1963
f 1961 1963 1959
f 41 1965 1967
f 509 1966 1965
f 511 1967 1966
f 1965 1966 1967
f 137 1968 1970
f 510 1969 1968
f 509 1970 1969
f 1968 1969 1970
f 136 1971 1973
f 511 1972 1971
f 510 1973 1972
f 1971 1972 1973
f 509 1969 1966
f 510 1972 1969
f 511 1966 1972
f 1969 1972 1966
f 130 1964 1953
f 508 1974 1964
f 505 1953 1974
f 1964 1974 1953
f 136 1973 1960
f 510 1975 1973
f 508 1960 1975
f 1973 1975 1960
f 137 1957 1968
f 505 1976 1957
f 510 1968 1976
f 1957 1976 1968
f 508 1975 1974
f 510 1976 1975
f 505 1974 1976
f 1975 1976 1974
f 7 1977 1903
f 512 1978 1977
f 493 1903 1978
f 1977 1978 1903
f 138 1979 1981
f 513 1980 1979
f 512 1981 1980
f 1979 1980 1981
f 133 1908 1983
f 493 1982 1908
f 513 1983 1982
f 1908 1982 1983
f 512 1980 1978
f 513 1982 1980
f 493 1978 1982
f 1980 1982 1978
f 40 1984 1986
f 514 1985 1984
f 516 1986 1985
f 1984 1985 1986
f 139 1987 1989
f 515 1988 1987
f 514 1989 1988
f 1987 1988 1989
f 138 1990 1992
f 516 1991 1990
f 515 1992 1991
f 1990 1991 1992
f 514 1988 1985
f 515 1991 1988
f 516 1985 1991
f 1988 1991 1985
f 39 1914 1994
f 498 1993 1914
f 518 1994 1993
f 1914 1993 1994
f 133 1995 1918
f 517 1996 1995
f 498 1918 1996
f 1995 1996 1918
f 139 1997 1999
f 518 1998 1997
f 517 1999 1998
f 1997 1998 1999
f 498 1996 1993
f 517 1998 1996
f 518 1993 1998
f 1996 1998 1993
f 138 1992 1979
f 515 2000 1992
f 513 1979 2000
f 1992 2000 1979
f 139 1999 1987
f 517 2001 1999
f 515 1987 2001
f 1999 2001 1987
f 133 1983 1995
f 513 2002 1983
f 517 1995 2002
f 1983 2002 1995
f 515 2001 2000
f 517 2002 2001
f 513 2000 2002
f 2001 2002 2000
f 9 2003 2005
f 519 2004 2003
f 521 2005 2004
f 2003 2004 2005
f 140 2006 2008
f 520 2007 2006
f 519 2008 2007
f 2006 2007 2008
f 142 2009 2011
f 521 2010 2009
f 520 2011 2010
f 2009 2010 2011
f 519 2007 2004
f 520 2010 2007
f 521 2004 2010
f 2007 2010 2004
f 41 2012 2014
f 522 2013 2012
f 524 2014 2013
f 2012 2013 2014
f 141 2015 2017
f 523 2016 2015
f 522 2017 2016
f 2015 2016 2017
f 140 2018 2020
f 524 2019 2018
f 523 2020 2019
f 2018 2019 2020
f 522 2016 2013
f 523 2019 2016
f 524 2013 2019
f 2016 2019 2013
f 40 2021 2023
f 525 2022 2021
f 527 2023 2022
f 2021 2022 2023
f 142 2024 2026
f 526 2025 2024
f 525 2026 2025
f 2024 2025 2026
f 141 2027 2029
f 527 2028 2027
f 526 2029 2028
f 2027 2028 2029
f 525 2025 2022
f 526 2028 2025
f 527 2022 2028
f 2025 2028 2022
f 140 2020 2006
f 523 2030 2020
f 520 2006 2030
f 2020 2030 2006
f 141 2029 2015
f 526 2031 2029
f 523 2015 2031
f 2029 2031 2015
f 142 2011 2024
f 520 2032 2011
f 526 2024 2032
f 2011 2032 2024
f 523 2031 2030
f 526 2032 2031
f 520 2030 2032
f 2031 2032 2030
f 39 1994 1958
f 518 2033 1994
f 507 1958 2033
f 1994 2033 1958
f 139 2034 1997
f 528 2035 2034
f 518 1997 2035
f 2034 2035 1997
f 136 1962 2037
f 507 2036 1962
f 528 2037 2036
f 1962 2036 2037
f 518 2035 2033
f 528 2036 2035
f 507 2033 2036
f 2035 2036 2033
f 40 2023 1984
f 527 2038 2023
f 514 1984 2038
f 2023 2038 1984
f 141 2039 2027
f 529 2040 2039
f 527 2027 2040
f 2039 2040 2027
f 139 1989 2042
f 514 2041 1989
f 529 2042 2041
f 1989 2041 2042
f 527 2040 2038
f 529 2041 2040
f 514 2038 2041
f 2040 2041 2038
f 41 1967 2012
f 511 2043 1967
f 522 2012 2043
f 1967 2043 2012
f 136 2044 1971
f 530 2045 2044
f 511 1971 2045
f 2044 2045 1971
f 141 2017 2047
f 522 2046 2017
f 530 2047 2046
f 2017 2046 2047
f 511 2045 2043
f 530 2046 2045
f 522 2043 2046
f 2045 2046 2043
f 139 2042 2034
f 529 2048 2042
f 528 2034 2048
f 2042 2048 2034
f 141 2047 2039
f 530 2049 2047
f 529 2039 2049
f 2047 2049 2039
f 136 2037 2044
f 528 2050 2037
f 530 2044 2050
f 2037 2050 2044
f 529 2049 2048
f 530 2050 2049
f 528 2048 2050
f 2049 2050 2048
f 4 1952 1643
f 506 2051 1952
f 423 1643 2051
f 1952 2051 1643
f 137 2052 1955
f 531 2053 2052
f 506 1955 2053
f 2052 2053 1955
f 113 1648 2055
f 423 2054 1648
f 531 2055 2054
f 1648 2054 2055
f 506 2053 2051
f 531 2054 2053
f 423 2051 2054
f 2053 2054 2051
f 41 2056 1965
f 532 2057 2056
f 509 1965 2057
f 2056 2057 1965
f 143 2058 2060
f 533 2059 2058
f 532 2060 2059
f 2058 2059 2060
f 137 1970 2062
f 509 2061 1970
f 533 2062 2061
f 1970 2061 2062
f 532 2059 2057
f 533 2061 2059
f 509 2057 2061
f 2059 2061 2057
f 33 1654 2064
f 428 2063 1654
f 535 2064 2063
f 1654 2063 2064
f 113 2065 1658
f 534 2066 2065
f 428 1658 2066
f 2065 2066 1658
f 143 2067 2069
f 535 2068 2067
f 534 2069 2068
f 2067 2068 2069
f 428 2066 2063
f 534 2068 2066
f 535 2063 2068
f 2066 2068 2063
f 137 2062 2052
f 533 2070 2062
f 531 2052 2070
f 2062 2070 2052
f 143 2069 2058
f 534 2071 2069
f 533 2058 2071
f 2069 2071 2058
f 113 2055 2065
f 531 2072 2055
f 534 2065 2072
f 2055 2072 2065
f 533 2071 2070
f 534 2072 2071
f 531 2070 2072
f 2071 2072 2070
f 9 2073 2003
f 536 2074 2073
f 519 2003 2074
f 2073 2074 2003
f 144 2075 2077
f 537 2076 2075
f 536 2077 2076
f 2075 2076 2077
f 140 2008 2079
f 519 2078 2008
f 537 2079 2078
f 2008 2078 2079
f 536 2076 2074
f 537 2078 2076
f 519 2074 2078
f 2076 2078 2074
f 42 2080 2082
f 538 2081 2080
f 540 2082 2081
f 2080 2081 2082
f 145 2083 2085
f 539 2084 2083
f 538 2085 2084
f 2083 2084 2085
f 144 2086 2088
f 540 2087 2086
f 539 2088 2087
f 2086 2087 2088
f 538 2084 2081
f 539 2087 2084
f 540 2081 2087
f 2084 2087 2081
f 41 2014 2090
f 524 2089 2014
f 542 2090 2089
f 2014 2089 2090
f 140 2091 2018
f 541 2092 2091
f 524 2018 2092
f 2091 2092 2018
f 145 2093 2095
f 542 2094 2093
f 541 2095 2094
f 2093 2094 2095
f 524 2092 2089
f 541 2094 2092
f 542 2089 2094
f 2092 2094 2089
f 144 2088 2075
f 539 2096 2088
f 537 2075 2096
f 2088 2096 2075
f 145 2095 2083
f 541 2097 2095
f 539 2083 2097
f 2095 2097 2083
f 140 2079 2091
f 537 2098 2079
f 541 2091 2098
f 2079 2098 2091
f 539 2097 2096
f 541 2098 2097
f 537 2096 2098
f 2097 2098 2096
f 10 1675 2100
f 434 2099 1675
f 544 2100 2099
f 1675 2099 2100
f 118 2101 1679
f 543 2102 2101
f 434 1679 2102
f 2101 2102 1679
f 147 2103 2105
f 544 2104 2103
f 543 2105 2104
f 2103 2104 2105
f 434 2102 2099
f 543 2104 2102
f 544 2099 2104
f 2102 2104 2099
f 33 2106 1691
f 545 2107 2106
f 438 1691 2107
f 2106 2107 1691
f 146 2108 2110
f 546 2109 2108
f 545 2110 2109
f 2108 2109 2110
f 118 1696 2112
f 438 2111 1696
f 546 2112 2111
f 1696 2111 2112
f 545 2109 2107
f 546 2111 2109
f 438 2107 2111
f 2109 2111 2107
f 42 2113 2115
f 547 2114 2113
f 549 2115 2114
f 2113 2114 2115
f 147 2116 2118
f 548 2117 2116
f 547 2118 2117
f 2116 2117 2118
f 146 2119 2121
f 549 2120 2119
f 548 2121 2120
f 2119 2120 2121
f 547 2117 2114
f 548 2120 2117
f 549 2114 2120
f 2117 2120 2114
f 118 2112 2101
f 546 2122 2112
f 543 2101 2122
f 2112 2122 2101
f 146 2121 2108
f 548 2123 2121
f 546 2108 2123
f 2121 2123 2108
f 147 2105 2116
f 543 2124 2105
f 548 2116 2124
f 2105 2124 2116
f 546 2123 2122
f 548 2124 2123
f 543 2122 2124
f 2123 2124 2122
f 41 2090 2056
f 542 2125 2090
f 532 2056 2125
f 2090 2125 2056
f 145 2126 2093
f 550 2127 2126
f 542 2093 2127
f 2126 2127 2093
f 143 2060 2129
f 532 2128 2060
f 550 2129 2128
f 2060 2128 2129
f 542 2127 2125
f 550 2128 2127
f 532 2125 2128
f 2127 2128 2125
f 42 2115 2080
f 549 2130 2115
f 538 2080 2130
f 2115 2130 2080
f 146 2131 2119
f 551 2132 2131
f 549 2119 2132
f 2131 2132 2119
f 145 2085 2134
f 538 2133 2085
f 551 2134 2133
f 2085 2133 2134
f 549 2132 2130
f 551 2133 2132
f 538 2130 2133
f 2132 2133 2130
f 33 2064 2106
f 535 2135 2064
f 545 2106 2135
f 2064 2135 2106
f 143 2136 2067
f 552 2137 2136
f 535 2067 2137
f 2136 2137 2067
f 146 2110 2139
f 545 2138 2110
f 552 2139 2138
f 2110 2138 2139
f 535 2137 2135
f 552 2138 2137
f 545 2135 2138
f 2137 2138 2135
f 145 2134 2126
f 551 2140 2134
f 550 2126 2140
f 2134 2140 2126
f 146 2139 2131
f 552 2141 2139
f 551 2131 2141
f 2139 2141 2131
f 143 2129 2136
f 550 2142 2129
f 552 2136 2142
f 2129 2142 2136
f 551 2141 2140
f 552 2142 2141
f 550 2140 2142
f 2141 2142 2140
f 5 1705 1295
f 443 2143 1705
f 333 1295 2143
f 1705 2143 1295
f 121 2144 1709
f 553 2145 2144
f 443 1709 2145
f 2144 2145 1709
f 89 1300 2147
f 333 2146 1300
f 553 2147 2146
f 1300 2146 2147
f 443 2145 2143
f 553 2146 2145
f 333 2143 2146
f 2145 2146 2143
f 34 2148 1721
f 554 2149 2148
f 447 1721 2149
f 2148 2149 1721
f 148 2150 2152
f 555 2151 2150
f 554 2152 2151
f 2150 2151 2152
f 121 1726 2154
f 447 2153 1726
f 555 2154 2153
f 1726 2153 2154
f 554 2151 2149
f 555 2153 2151
f 447 2149 2153
f 2151 2153 2149
f 26 1306 2156
f 338 2155 1306
f 557 2156 2155
f 1306 2155 2156
f 89 2157 1310
f 556 2158 2157
f 338 1310 2158
f 2157 2158 1310
f 148 2159 2161
f 557 2160 2159
f 556 2161 2160
f 2159 2160 2161
f 338 2158 2155
f 556 2160 2158
f 557 2155 2160
f 2158 2160 2155
f 121 2154 2144
f 555 2162 2154
f 553 2144 2162
f 2154 2162 2144
f 148 2161 2150
f 556 2163 2161
f 555 2150 2163
f 2161 2163 2150
f 89 2147 2157
f 553 2164 2147
f 556 2157 2164
f 2147 2164 2157
f 555 2163 2162
f 556 2164 2163
f 553 2162 2164
f 2163 2164 2162
f 10 1197 1673
f 309 2165 1197
f 432 1673 2165
f 1197 2165 1673
f 84 2166 1201
f 558 2167 2166
f 309 1201 2167
f 2166 2167 1201
f 116 1678 2169
f 432 2168 1678
f 558 2169 2168
f 1678 2168 2169
f 309 2167 2165
f 558 2168 2167
f 432 2165 2168
f 2167 2168 2165
f 23 2170 1213
f 559 2171 2170
f 313 1213 2171
f 2170 2171 1213
f 149 2172 2174
f 560 2173 2172
f 559 2174 2173
f 2172 2173 2174
f 84 1218 2176
f 313 2175 1218
f 560 2176 2175
f 1218 2175 2176
f 559 2173 2171
f 560 2175 2173
f 313 2171 2175
f 2173 2175 2171
f 34 1684 2178
f 437 2177 1684
f 562 2178 2177
f 1684 2177 2178
f 116 2179 1688
f 561 2180 2179
f 437 1688 2180
f 2179 2180 1688
f 149 2181 2183
f 562 2182 2181
f 561 2183 2182
f 2181 2182 2183
f 437 2180 2177
f 561 2182 2180
f 562 2177 2182
f 2180 2182 2177
f 84 2176 2166
f 560 2184 2176
f 558 2166 2184
f 2176 2184 2166
f 149 2183 2172
f 561 2185 2183
f 560 2172 2185
f 2183 2185 2172
f 116 2169 2179
f 558 2186 2169
f 561 2179 2186
f 2169 2186 2179
f 560 2185 2184
f 561 2186 2185
f 558 2184 2186
f 2185 2186 2184
f 6 1244 1169
f 320 2187 1244
f 300 1169 2187
f 1244 2187 1169
f 86 2188 1247
f 563 2189 2188
f 320 1247 2189
f 2188 2189 1247
f 80 1173 2191
f 300 2190 1173
f 563 2191 2190
f 1173 2190 2191
f 320 2189 2187
f 563 2190 2189
f 300 2187 2190
f 2189 2190 2187
f 26 2192 1257
f 564 2193 2192
f 323 1257 2193
f 2192 2193 1257
f 150 2194 2196
f 565 2195 2194
f 564 2196 2195
f 2194 2195 2196
f 86 1262 2198
f 323 2197 1262
f 565 2198 2197
f 1262 2197 2198
f 564 2195 2193
f 565 2197 2195
f 323 2193 2197
f 2195 2197 2193
f 23 1178 2200
f 304 2199 1178
f 567 2200 2199
f 1178 2199 2200
f 80 2201 1182
f 566 2202 2201
f 304 1182 2202
f 2201 2202 1182
f 150 2203 2205
f 567 2204 2203
f 566 2205 2204
f 2203 2204 2205
f 304 2202 2199
f 566 2204 2202
f 567 2199 2204
f 2202 2204 2199
f 86 2198 2188
f 565 2206 2198
f 563 2188 2206
f 2198 2206 2188
f 150 2205 2194
f 566 2207 2205
f 565 2194 2207
f 2205 2207 2194
f 80 2191 2201
f 563 2208 2191
f 566 2201 2208
f 2191 2208 2201
f 565 2207 2206
f 566 2208 2207
f 563 2206 2208
f 2207 2208 2206
f 34 2178 2148
f 562 2209 2178
f 554 2148 2209
f 2178 2209 2148
f 149 2210 2181
f 568 2211 2210
f 562 2181 2211
f 2210 2211 2181
f 148 2152 2213
f 554 2212 2152
f 568 2213 2212
f 2152 2212 2213
f 562 2211 2209
f 568 2212 2211
f 554 2209 2212
f 2211 2212 2209
f 23 2200 2170
f 567 2214 2200
f 559 2170 2214
f 2200 2214 2170
f 150 2215 2203
f 569 2216 2215
f 567 2203 2216
f 2215 2216 2203
f 149 2174 2218
f 559 2217 2174
f 569 2218 2217
f 2174 2217 2218
f 567 2216 2214
f 569 2217 2216
f 559 2214 2217
f 2216 2217 2214
f 26 2156 2192
f 557 2219 2156
f 564 2192 2219
f 2156 2219 2192
f 148 2220 2159
f 570 2221 2220
f 557 2159 2221
f 2220 2221 2159
f 150 2196 2223
f 564 2222 2196
f 570 2223 2222
f 2196 2222 2223
f 557 2221 2219
f 570 2222 2221
f 564 2219 2222
f 2221 2222 2219
f 149 2218 2210
f 569 2224 2218
f 568 2210 2224
f 2218 2224 2210
f 150 2223 2215
f 570 2225 2223
f 569 2215 2225
f 2223 2225 2215
f 148 2213 2220
f 568 2226 2213
f 570 2220 2226
f 2213 2226 2220
f 569 2225 2224
f 570 2226 2225
f 568 2224 2226
f 2225 2226 2224
f 3 1805 1395
f 469 2227 1805
f 359 1395 2227
f 1805 2227 1395
f 128 2228 1809
f 571 2229 2228
f 469 1809 2229
f 2228 2229 1809
f 96 1400 2231
f 359 2230 1400
f 571 2231 2230
f 1400 2230 2231
f 469 2229 2227
f 571 2230 2229
f 359 2227 2230
f 2229 2230 2227
f 36 2232 1821
f 572 2233 2232
f 473 1821 2233
f 2232 2233 1821
f 151 2234 2236
f 573 2235 2234
f 572 2236 2235
f 2234 2235 2236
f 128 1826 2238
f 473 2237 1826
f 573 2238 2237
f 1826 2237 2238
f 572 2235 2233
f 573 2237 2235
f 473 2233 2237
f 2235 2237 2233
f 28 1406 2240
f 364 2239 1406
f 575 2240 2239
f 1406 2239 2240
f 96 2241 1410
f 574 2242 2241
f 364 1410 2242
f 2241 2242 1410
f 151 2243 2245
f 575 2244 2243
f 574 2245 2244
f 2243 2244 2245
f 364 2242 2239
f 574 2244 2242
f 575 2239 2244
f 2242 2244 2239
f 128 2238 2228
f 573 2246 2238
f 571 2228 2246
f 2238 2246 2228
f 151 2245 2234
f 574 2247 2245
f 573 2234 2247
f 2245 2247 2234
f 96 2231 2241
f 571 2248 2231
f 574 2241 2248
f 2231 2248 2241
f 573 2247 2246
f 574 2248 2247
f 571 2246 2248
f 2247 2248 2246
f 5 1297 1777
f 335 2249 1297
f 460 1777 2249
f 1297 2249 1777
f 91 2250 1301
f 576 2251 2250
f 335 1301 2251
f 2250 2251 1301
f 124 1781 2253
f 460 2252 1781
f 576 2253 2252
f 1781 2252 2253
f 335 2251 2249
f 576 2252 2251
f 460 2249 2252
f 2251 2252 2249
f 25 2254 1313
f 577 2255 2254
f 339 1313 2255
f 2254 2255 1313
f 152 2256 2258
f 578 2257 2256
f 577 2258 2257
f 2256 2257 2258
f 91 1318 2260
f 339 2259 1318
f 578 2260 2259
f 1318 2259 2260
f 577 2257 2255
f 578 2259 2257
f 339 2255 2259
f 2257 2259 2255
f 36 1786 2262
f 464 2261 1786
f 580 2262 2261
f 1786 2261 2262
f 124 2263 1790
f 579 2264 2263
f 464 1790 2264
f 2263 2264 1790
f 152 2265 2267
f 580 2266 2265
f 579 2267 2266
f 2265 2266 2267
f 464 2264 2261
f 579 2266 2264
f 580 2261 2266
f 2264 2266 2261
f 91 2260 2250
f 578 2268 2260
f 576 2250 2268
f 2260 2268 2250
f 152 2267 2256
f 579 2269 2267
f 578 2256 2269
f 2267 2269 2256
f 124 2253 2263
f 576 2270 2253
f 579 2263 2270
f 2253 2270 2263
f 578 2269 2268
f 579 2270 2269
f 576 2268 2270
f 2269 2270 2268
f 12 1344 1269
f 346 2271 1344
f 326 1269 2271
f 1344 2271 1269
f 93 2272 1347
f 581 2273 2272
f 346 1347 2273
f 2272 2273 1347
f 87 1273 2275
f 326 2274 1273
f 581 2275 2274
f 1273 2274 2275
f 346 2273 2271
f 581 2274 2273
f 326 2271 2274
f 2273 2274 2271
f 28 2276 1357
f 582 2277 2276
f 349 1357 2277
f 2276 2277 1357
f 153 2278 2280
f 583 2279 2278
f 582 2280 2279
f 2278 2279 2280
f 93 1362 2282
f 349 2281 1362
f 583 2282 2281
f 1362 2281 2282
f 582 2279 2277
f 583 2281 2279
f 349 2277 2281
f 2279 2281 2277
f 25 1278 2284
f 330 2283 1278
f 585 2284 2283
f 1278 2283 2284
f 87 2285 1282
f 584 2286 2285
f 330 1282 2286
f 2285 2286 1282
f 153 2287 2289
f 585 2288 2287
f 584 2289 2288
f 2287 2288 2289
f 330 2286 2283
f 584 2288 2286
f 585 2283 2288
f 2286 2288 2283
f 93 2282 2272
f 583 2290 2282
f 581 2272 2290
f 2282 2290 2272
f 153 2289 2278
f 584 2291 2289
f 583 2278 2291
f 2289 2291 2278
f 87 2275 2285
f 581 2292 2275
f 584 2285 2292
f 2275 2292 2285
f 583 2291 2290
f 584 2292 2291
f 581 2290 2292
f 2291 2292 2290
f 36 2262 2232
f 580 2293 2262
f 572 2232 2293
f 2262 2293 2232
f 152 2294 2265
f 586 2295 2294
f 580 2265 2295
f 2294 2295 2265
f 151 2236 2297
f 572 2296 2236
f 586 2297 2296
f 2236 2296 2297
f 580 2295 2293
f 586 2296 2295
f 572 2293 2296
f 2295 2296 2293
f 25 2284 2254
f 585 2298 2284
f 577 2254 2298
f 2284 2298 2254
f 153 2299 2287
f 587 2300 2299
f 585 2287 2300
f 2299 2300 2287
f 152 2258 2302
f 577 2301 2258
f 587 2302 2301
f 2258 2301 2302
f 585 2300 2298
f 587 2301 2300
f 577 2298 2301
f 2300 2301 2298
f 28 2240 2276
f 575 2303 2240
f 582 2276 2303
f 2240 2303 2276
f 151 2304 2243
f 588 2305 2304
f 575 2243 2305
f 2304 2305 2243
f 153 2280 2307
f 582 2306 2280
f 588 2307 2306
f 2280 2306 2307
f 575 2305 2303
f 588 2306 2305
f 582 2303 2306
f 2305 2306 2303
f 152 2302 2294
f 587 2308 2302
f 586 2294 2308
f 2302 2308 2294
f 153 2307 2299
f 588 2309 2307
f 587 2299 2309
f 2307 2309 2299
f 151 2297 2304
f 586 2310 2297
f 588 2304 2310
f 2297 2310 2304
f 587 2309 2308
f 588 2310 2309
f 586 2308 2310
f 2309 2310 2308
f 7 1905 1495
f 495 2311 1905
f 385 1495 2311
f 1905 2311 1495
f 135 2312 1909
f 589 2313 2312
f 495 1909 2313
f 2312 2313 1909
f 103 1500 2315
f 385 2314 1500
f 589 2315 2314
f 1500 2314 2315
f 495 2313 2311
f 589 2314 2313
f 385 2311 2314
f 2313 2314 2311
f 38 2316 1921
f 590 2317 2316
f 499 1921 2317
f 2316 2317 1921
f 154 2318 2320
f 591 2319 2318
f 590 2320 2319
f 2318 2319 2320
f 135 1926 2322
f 499 2321 1926
f 591 2322 2321
f 1926 2321 2322
f 590 2319 2317
f 591 2321 2319
f 499 2317 2321
f 2319 2321 2317
f 30 1506 2324
f 390 2323 1506
f 593 2324 2323
f 1506 2323 2324
f 103 2325 1510
f 592 2326 2325
f 390 1510 2326
f 2325 2326 1510
f 154 2327 2329
f 593 2328 2327
f 592 2329 2328
f 2327 2328 2329
f 390 2326 2323
f 592 2328 2326
f 593 2323 2328
f 2326 2328 2323
f 135 2322 2312
f 591 2330 2322
f 589 2312 2330
f 2322 2330 2312
f 154 2329 2318
f 592 2331 2329
f 591 2318 2331
f 2329 2331 2318
f 103 2315 2325
f 589 2332 2315
f 592 2325 2332
f 2315 2332 2325
f 591 2331 2330
f 592 2332 2331
f 589 2330 2332
f 2331 2332 2330
f 3 1397 1877
f 361 2333 1397
f 486 1877 2333
f 1397 2333 1877
f 98 2334 1401
f 594 2335 2334
f 361 1401 2335
f 2334 2335 1401
f 131 1881 2337
f 486 2336 1881
f 594 2337 2336
f 1881 2336 2337
f 361 2335 2333
f 594 2336 2335
f 486 2333 2336
f 2335 2336 2333
f 27 2338 1413
f 595 2339 2338
f 365 1413 2339
f 2338 2339 1413
f 155 2340 2342
f 596 2341 2340
f 595 2342 2341
f 2340 2341 2342
f 98 1418 2344
f 365 2343 1418
f 596 2344 2343
f 1418 2343 2344
f 595 2341 2339
f 596 2343 2341
f 365 2339 2343
f 2341 2343 2339
f 38 1886 2346
f 490 2345 1886
f 598 2346 2345
f 1886 2345 2346
f 131 2347 1890
f 597 2348 2347
f 490 1890 2348
f 2347 2348 1890
f 155 2349 2351
f 598 2350 2349
f 597 2351 2350
f 2349 2350 2351
f 490 2348 2345
f 597 2350 2348
f 598 2345 2350
f 2348 2350 2345
f 98 2344 2334
f 596 2352 2344
f 594 2334 2352
f 2344 2352 2334
f 155 2351 2340
f 597 2353 2351
f 596 2340 2353
f 2351 2353 2340
f 131 2337 2347
f 594 2354 2337
f 597 2347 2354
f 2337 2354 2347
f 596 2353 2352
f 597 2354 2353
f 594 2352 2354
f 2353 2354 2352
f 11 1444 1369
f 372 2355 1444
f 352 1369 2355
f 1444 2355 1369
f 100 2356 1447
f 599 2357 2356
f 372 1447 2357
f 2356 2357 1447
f 94 1373 2359
f 352 2358 1373
f 599 2359 2358
f 1373 2358 2359
f 372 2357 2355
f 599 2358 2357
f 352 2355 2358
f 2357 2358 2355
f 30 2360 1457
f 600 2361 2360
f 375 1457 2361
f 2360 2361 1457
f 156 2362 2364
f 601 2363 2362
f 600 2364 2363
f 2362 2363 2364
f 100 1462 2366
f 375 2365 1462
f 601 2366 2365
f 1462 2365 2366
f 600 2363 2361
f 601 2365 2363
f 375 2361 2365
f 2363 2365 2361
f 27 1378 2368
f 356 2367 1378
f 603 2368 2367
f 1378 2367 2368
f 94 2369 1382
f 602 2370 2369
f 356 1382 2370
f 2369 2370 1382
f 156 2371 2373
f 603 2372 2371
f 602 2373 2372
f 2371 2372 2373
f 356 2370 2367
f 602 2372 2370
f 603 2367 2372
f 2370 2372 2367
f 100 2366 2356
f 601 2374 2366
f 599 2356 2374
f 2366 2374 2356
f 156 2373 2362
f 602 2375 2373
f 601 2362 2375
f 2373 2375 2362
f 94 2359 2369
f 599 2376 2359
f 602 2369 2376
f 2359 2376 2369
f 601 2375 2374
f 602 2376 2375
f 599 2374 2376
f 2375 2376 2374
f 38 2346 2316
f 598 2377 2346
f 590 2316 2377
f 2346 2377 2316
f 155 2378 2349
f 604 2379 2378
f 598 2349 2379
f 2378 2379 2349
f 154 2320 2381
f 590 2380 2320
f 604 2381 2380
f 2320 2380 2381
f 598 2379 2377
f 604 2380 2379
f 590 2377 2380
f 2379 2380 2377
f 27 2368 2338
f 603 2382 2368
f 595 2338 2382
f 2368 2382 2338
f 156 2383 2371
f 605 2384 2383
f 603 2371 2384
f 2383 2384 2371
f 155 2342 2386
f 595 2385 2342
f 605 2386 2385
f 2342 2385 2386
f 603 2384 2382
f 605 2385 2384
f 595 2382 2385
f 2384 2385 2382
f 30 2324 2360
f 593 2387 2324
f 600 2360 2387
f 2324 2387 2360
f 154 2388 2327
f 606 2389 2388
f 593 2327 2389
f 2388 2389 2327
f 156 2364 2391
f 600 2390 2364
f 606 2391 2390
f 2364 2390 2391
f 593 2389 2387
f 606 2390 2389
f 600 2387 2390
f 2389 2390 2387
f 155 2386 2378
f 605 2392 2386
f 604 2378 2392
f 2386 2392 2378
f 156 2391 2383
f 606 2393 2391
f 605 2383 2393
f 2391 2393 2383
f 154 2381 2388
f 604 2394 2381
f 606 2388 2394
f 2381 2394 2388
f 605 2393 2392
f 606 2394 2393
f 604 2392 2394
f 2393 2394 2392
f 9 2005 1595
f 521 2395 2005
f 411 1595 2395
f 2005 2395 1595
f 142 2396 2009
f 607 2397 2396
f 521 2009 2397
f 2396 2397 2009
f 110 1600 2399
f 411 2398 1600
f 607 2399 2398
f 1600 2398 2399
f 521 2397 2395
f 607 2398 2397
f 411 2395 2398
f 2397 2398 2395
f 40 2400 2021
f 608 2401 2400
f 525 2021 2401
f 2400 2401 2021
f 157 2402 2404
f 609 2403 2402
f 608 2404 2403
f 2402 2403 2404
f 142 2026 2406
f 525 2405 2026
f 609 2406 2405
f 2026 2405 2406
f 608 2403 2401
f 609 2405 2403
f 525 2401 2405
f 2403 2405 2401
f 32 1606 2408
f 416 2407 1606
f 611 2408 2407
f 1606 2407 2408
f 110 2409 1610
f 610 2410 2409
f 416 1610 2410
f 2409 2410 1610
f 157 2411 2413
f 611 2412 2411
f 610 2413 2412
f 2411 2412 2413
f 416 2410 2407
f 610 2412 2410
f 611 2407 2412
f 2410 2412 2407
f 142 2406 2396
f 609 2414 2406
f 607 2396 2414
f 2406 2414 2396
f 157 2413 2402
f 610 2415 2413
f 609 2402 2415
f 2413 2415 2402
f 110 2399 2409
f 607 2416 2399
f 610 2409 2416
f 2399 2416 2409
f 609 2415 2414
f 610 2416 2415
f 607 2414 2416
f 2415 2416 2414
f 7 1497 1977
f 387 2417 1497
f 512 1977 2417
f 1497 2417 1977
f 105 2418 1501
f 612 2419 2418
f 387 1501 2419
f 2418 2419 1501
f 138 1981 2421
f 512 2420 1981
f 612 2421 2420
f 1981 2420 2421
f 387 2419 2417
f 612 2420 2419
f 512 2417 2420
f 2419 2420 2417
f 29 2422 1513
f 613 2423 2422
f 391 1513 2423
f 2422 2423 1513
f 158 2424 2426
f 614 2425 2424
f 613 2426 2425
f 2424 2425 2426
f 105 1518 2428
f 391 2427 1518
f 614 2428 2427
f 1518 2427 2428
f 613 2425 2423
f 614 2427 2425
f 391 2423 2427
f 2425 2427 2423
f 40 1986 2430
f 516 2429 1986
f 616 2430 2429
f 1986 2429 2430
f 138 2431 1990
f 615 2432 2431
f 516 1990 2432
f 2431 2432 1990
f 158 2433 2435
f 616 2434 2433
f 615 2435 2434
f 2433 2434 2435
f 516 2432 2429
f 615 2434 2432
f 616 2429 2434
f 2432 2434 2429
f 105 2428 2418
f 614 2436 2428
f 612 2418 2436
f 2428 2436 2418
f 158 2435 2424
f 615 2437 2435
f 614 2424 2437
f 2435 2437 2424
f 138 2421 2431
f 612 2438 2421
f 615 2431 2438
f 2421 2438 2431
f 614 2437 2436
f 615 2438 2437
f 612 2436 2438
f 2437 2438 2436
f 8 1544 1469
f 398 2439 1544
f 378 1469 2439
f 1544 2439 1469
f 107 2440 1547
f 617 2441 2440
f 398 1547 2441
f 2440 2441 1547
f 101 1473 2443
f 378 2442 1473
f 617 2443 2442
f 1473 2442 2443
f 398 2441 2439
f 617 2442 2441
f 378 2439 2442
f 2441 2442 2439
f 32 2444 1557
f 618 2445 2444
f 401 1557 2445
f 2444 2445 1557
f 159 2446 2448
f 619 2447 2446
f 618 2448 2447
f 2446 2447 2448
f 107 1562 2450
f 401 2449 1562
f 619 2450 2449
f 1562 2449 2450
f 618 2447 2445
f 619 2449 2447
f 401 2445 2449
f 2447 2449 2445
f 29 1478 2452
f 382 2451 1478
f 621 2452 2451
f 1478 2451 2452
f 101 2453 1482
f 620 2454 2453
f 382 1482 2454
f 2453 2454 1482
f 159 2455 2457
f 621 2456 2455
f 620 2457 2456
f 2455 2456 2457
f 382 2454 2451
f 620 2456 2454
f 621 2451 2456
f 2454 2456 2451
f 107 2450 2440
f 619 2458 2450
f 617 2440 2458
f 2450 2458 2440
f 159 2457 2446
f 620 2459 2457
f 619 2446 2459
f 2457 2459 2446
f 101 2443 2453
f 617 2460 2443
f 620 2453 2460
f 2443 2460 2453
f 619 2459 2458
f 620 2460 2459
f 617 2458 2460
f 2459 2460 2458
f 40 2430 2400
f 616 2461 2430
f 608 2400 2461
f 2430 2461 2400
f 158 2462 2433
f 622 2463 2462
f 616 2433 2463
f 2462 2463 2433
f 157 2404 2465
f 608 2464 2404
f 622 2465 2464
f 2404 2464 2465
f 616 2463 2461
f 622 2464 2463
f 608 2461 2464
f 2463 2464 2461
f 29 2452 2422
f 621 2466 2452
f 613 2422 2466
f 2452 2466 2422
f 159 2467 2455
f 623 2468 2467
f 621 2455 2468
f 2467 2468 2455
f 158 2426 2470
f 613 2469 2426
f 623 2470 2469
f 2426 2469 2470
f 621 2468 2466
f 623 2469 2468
f 613 2466 2469
f 2468 2469 2466
f 32 2408 2444
f 611 2471 2408
f 618 2444 2471
f 2408 2471 2444
f 157 2472 2411
f 624 2473 2472
f 611 2411 2473
f 2472 2473 2411
f 159 2448 2475
f 618 2474 2448
f 624 2475 2474
f 2448 2474 2475
f 611 2473 2471
f 624 2474 2473
f 618 2471 2474
f 2473 2474 2471
f 158 2470 2462
f 623 2476 2470
f 622 2462 2476
f 2470 2476 2462
f 159 2475 2467
f 624 2477 2475
f 623 2467 2477
f 2475 2477 2467
f 157 2465 2472
f 622 2478 2465
f 624 2472 2478
f 2465 2478 2472
f 623 2477 2476
f 624 2478 2477
f 622 2476 2478
f 2477 2478 2476
f 10 2100 1195
f 544 2479 2100
f 307 1195 2479
f 2100 2479 1195
f 147 2480 2103
f 625 2481 2480
f 544 2103 2481
f 2480 2481 2103
f 82 1200 2483
f 307 2482 1200
f 625 2483 2482
f 1200 2482 2483
f 544 2481 2479
f 625 2482 2481
f 307 2479 2482
f 2481 2482 2479
f 42 2484 2113
f 626 2485 2484
f 547 2113 2485
f 2484 2485 2113
f 160 2486 2488
f 627 2487 2486
f 626 2488 2487
f 2486 2487 2488
f 147 2118 2490
f 547 2489 2118
f 627 2490 2489
f 2118 2489 2490
f 626 2487 2485
f 627 2489 2487
f 547 2485 2489
f 2487 2489 2485
f 24 1206 2492
f 312 2491 1206
f 629 2492 2491
f 1206 2491 2492
f 82 2493 1210
f 628 2494 2493
f 312 1210 2494
f 2493 2494 1210
f 160 2495 2497
f 629 2496 2495
f 628 2497 2496
f 2495 2496 2497
f 312 2494 2491
f 628 2496 2494
f 629 2491 2496
f 2494 2496 2491
f 147 2490 2480
f 627 2498 2490
f 625 2480 2498
f 2490 2498 2480
f 160 2497 2486
f 628 2499 2497
f 627 2486 2499
f 2497 2499 2486
f 82 2483 2493
f 625 2500 2483
f 628 2493 2500
f 2483 2500 2493
f 627 2499 2498
f 628 2500 2499
f 625 2498 2500
f 2499 2500 2498
f 9 1597 2073
f 413 2501 1597
f 536 2073 2501
f 1597 2501 2073
f 112 2502 1601
f 630 2503 2502
f 413 1601 2503
f 2502 2503 1601
f 144 2077 2505
f 536 2504 2077
f 630 2505 2504
f 2077 2504 2505
f 413 2503 2501
f 630 2504 2503
f 536 2501 2504
f 2503 2504 2501
f 31 2506 1613
f 631 2507 2506
f 417 1613 2507
f 2506 2507 1613
f 161 2508 2510
f 632 2509 2508
f 631 2510 2509
f 2508 2509 2510
f 112 1618 2512
f 417 2511 1618
f 632 2512 2511
f 1618 2511 2512
f 631 2509 2507
f 632 2511 2509
f 417 2507 2511
f 2509 2511 2507
f 42 2082 2514
f 540 2513 2082
f 634 2514 2513
f 2082 2513 2514
f 144 2515 2086
f 633 2516 2515
f 540 2086 2516
f 2515 2516 2086
f 161 2517 2519
f 634 2518 2517
f 633 2519 2518
f 2517 2518 2519
f 540 2516 2513
f 633 2518 2516
f 634 2513 2518
f 2516 2518 2513
f 112 2512 2502
f 632 2520 2512
f 630 2502 2520
f 2512 2520 2502
f 161 2519 2508
f 633 2521 2519
f 632 2508 2521
f 2519 2521 2508
f 144 2505 2515
f 630 2522 2505
f 633 2515 2522
f 2505 2522 2515
f 632 2521 2520
f 633 2522 2521
f 630 2520 2522
f 2521 2522 2520
f 2 1144 1569
f 294 2523 1144
f 404 1569 2523
f 1144 2523 1569
f 79 2524 1147
f 635 2525 2524
f 294 1147 2525
f 2524 2525 1147
f 108 1573 2527
f 404 2526 1573
f 635 2527 2526
f 1573 2526 2527
f 294 2525 2523
f 635 2526 2525
f 404 2523 2526
f 2525 2526 2523
f 24 2528 1157
f 636 2529 2528
f 297 1157 2529
f 2528 2529 1157
f 162 2530 2532
f 637 2531 2530
f 636 2532 2531
f 2530 2531 2532
f 79 1162 2534
f 297 2533 1162
f 637 2534 2533
f 1162 2533 2534
f 636 2531 2529
f 637 2533 2531
f 297 2529 2533
f 2531 2533 2529
f 31 1578 2536
f 408 2535 1578
f 639 2536 2535
f 1578 2535 2536
f 108 2537 1582
f 638 2538 2537
f 408 1582 2538
f 2537 2538 1582
f 162 2539 2541
f 639 2540 2539
f 638 2541 2540
f 2539 2540 2541
f 408 2538 2535
f 638 2540 2538
f 639 2535 2540
f 2538 2540 2535
f 79 2534 2524
f 637 2542 2534
f 635 2524 2542
f 2534 2542 2524
f 162 2541 2530
f 638 2543 2541
f 637 2530 2543
f 2541 2543 2530
f 108 2527 2537
f 635 2544 2527
f 638 2537 2544
f 2527 2544 2537
f 637 2543 2542
f 638 2544 2543
f 635 2542 2544
f 2543 2544 2542
f 42 2514 2484
f 634 2545 2514
f 626 2484 2545
f 2514 2545 2484
f 161 2546 2517
f 640 2547 2546
f 634 2517 2547
f 2546 2547 2517
f 160 2488 2549
f 626 2548 2488
f 640 2549 2548
f 2488 2548 2549
f 634 2547 2545
f 640 2548 2547
f 626 2545 2548
f 2547 2548 2545
f 31 2536 2506
f 639 2550 2536
f 631 2506 2550
f 2536 2550 2506
f 162 2551 2539
f 641 2552 2551
f 639 2539 2552
f 2551 2552 2539
f 161 2510 2554
f 631 2553 2510
f 641 2554 2553
f 2510 2553 2554
f 639 2552 2550
f 641 2553 2552
f 631 2550 2553
f 2552 2553 2550
f 24 2492 2528
f 629 2555 2492
f 636 2528 2555
f 2492 2555 2528
f 160 2556 2495
f 642 2557 2556
f 629 2495 2557
f 2556 2557 2495
f 162 2532 2559
f 636 2558 2532
f 642 2559 2558
f 2532 2558 2559
f 629 2557 2555
f 642 2558 2557
f 636 2555 2558
f 2557 2558 2555
f 161 2554 2546
f 641 2560 2554
f 640 2546 2560
f 2554 2560 2546
f 162 2559 2551
f 642 2561 2559
f 641 2551 2561
f 2559 2561 2551
f 160 2549 2556
f 640 2562 2549
f 642 2556 2562
f 2549 2562 2556
f 641 2561 2560
f 642 2562 2561
f 640 2560 2562
f 2561 2562 2560
