# regolith_gen synthetic particle
# verts: 2562  tris: 5120
v -0.512147 0.828672 0.000000
v 0.535141 0.865876 0.000000
v -0.504169 -0.815763 0.000000
v 0.513233 -0.830428 0.000000
v 0.000000 -0.524485 0.848635
v 0.000000 0.520135 0.841596
v 0.000000 -0.546063 -0.883549
v 0.000000 0.522168 -0.844886
v 0.850382 0.000000 -0.525565
v 0.824268 0.000000 0.509426
v -0.830445 0.000000 -0.513243
v -0.853146 0.000000 0.527274
v -0.795798 0.491830 0.303968
v -0.533202 0.329537 0.862739
v -0.315080 0.824891 0.509811
v 0.323000 0.845624 0.522624
v 0.000000 1.020684 0.000000
v 0.315296 0.825457 -0.510160
v -0.286693 0.750571 -0.463878
v -0.501647 0.310035 -0.811682
v -0.814500 0.503389 -0.311111
v -0.968092 0.000000 0.000000
v 0.502912 0.310817 0.813729
v 0.838306 0.518102 0.320204
v -0.480446 -0.296932 0.777377
v 0.000000 0.000000 0.973283
v -0.835564 -0.516407 -0.319157
v -0.798796 -0.493683 0.305113
v 0.000000 0.000000 -0.988307
v -0.513041 -0.317077 -0.830117
v 0.805248 0.497670 -0.307577
v 0.490730 0.303288 -0.794018
v 0.779231 -0.481591 0.297640
v 0.502897 -0.310807 0.813705
v 0.305027 -0.798571 0.493544
v -0.320104 -0.838042 0.517939
v 0.000000 -1.003150 0.000000
v -0.303602 -0.794840 -0.491238
v 0.307790 -0.805806 -0.498015
v 0.523892 -0.323783 -0.847676
v 0.801540 -0.495379 -0.306161
v 1.016413 0.000000 0.000000
v -0.711699 0.720178 0.164770
v -0.591762 0.692847 0.428203
v -0.443143 0.881069 0.265435
v -0.708219 0.162034 0.699880
v -0.712814 0.440543 0.608816
v -0.836593 0.252036 0.420774
v -0.150914 0.651847 0.659614
v -0.433648 0.599288 0.701658
v -0.255322 0.426259 0.847500
v -0.169170 0.990336 0.273722
v -0.272918 0.960711 0.000000
v 0.160143 0.691712 0.699953
v 0.000000 0.843494 0.521308
v 0.286155 1.007309 0.000000
v 0.174229 1.019956 0.281909
v 0.447850 0.890427 0.268254
v -0.157498 0.922007 -0.254836
v -0.401180 0.797636 -0.240300
v 0.447239 0.889212 -0.267889
v 0.166932 0.977236 -0.270101
v -0.150768 0.651217 -0.658976
v 0.000000 0.809815 -0.500493
v 0.161558 0.697823 -0.706137
v -0.563040 0.659218 -0.407419
v -0.700968 0.709320 -0.162286
v -0.264714 0.441940 -0.878676
v -0.423895 0.585808 -0.685876
v -0.859911 0.259061 -0.432502
v -0.671003 0.414702 -0.573105
v -0.675688 0.154591 -0.667732
v -0.887488 0.548498 0.000000
v -0.959394 0.000000 -0.272544
v -0.967825 0.267500 -0.165324
v -0.975245 0.269551 0.166592
v -0.946297 0.000000 0.268823
v 0.593880 0.695327 0.429736
v 0.691014 0.699247 0.159982
v 0.262868 0.438857 0.872546
v 0.442001 0.610831 0.715173
v 0.849796 0.256014 0.427414
v 0.699985 0.432615 0.597859
v 0.705316 0.161370 0.697012
v -0.269370 0.166480 0.974589
v 0.000000 0.277313 0.976182
v -0.689541 -0.157761 0.681422
v -0.539631 0.000000 0.873141
v 0.000000 -0.254600 0.896230
v -0.267677 -0.165434 0.968465
v -0.258770 -0.432016 0.858946
v -0.917624 -0.253625 0.156749
v -0.840670 -0.253265 0.422824
v -0.859903 -0.259059 -0.432498
v -0.957922 -0.264763 -0.163633
v -0.669473 -0.677449 0.154994
v -0.840398 -0.519394 0.000000
v -0.691773 -0.700015 -0.160157
v -0.530114 0.000000 -0.857743
v -0.675257 -0.154493 -0.667307
v 0.000000 0.269684 -0.949329
v -0.266400 0.164644 -0.963845
v -0.256428 -0.428105 -0.851169
v -0.263332 -0.162748 -0.952743
v 0.000000 -0.279014 -0.982171
v 0.423549 0.585330 -0.685316
v 0.255207 0.426066 -0.847116
v 0.694011 0.702280 -0.160675
v 0.618314 0.723935 -0.447416
v 0.687886 0.157382 -0.679787
v 0.681358 0.421102 -0.581949
v 0.828240 0.249520 -0.416572
v 0.695255 -0.703539 0.160963
v 0.578037 -0.676777 0.418271
v 0.430476 -0.855884 0.257848
v 0.678278 -0.155184 0.670292
v 0.655825 -0.405322 0.560141
v 0.818030 -0.246444 0.411437
v 0.155346 -0.670990 0.678984
v 0.421004 -0.581814 0.681199
v 0.257031 -0.429112 0.853171
v 0.165326 -0.967836 0.267503
v 0.275967 -0.971443 0.000000
v -0.167315 -0.722692 0.731302
v 0.000000 -0.867579 0.536193
v -0.267000 -0.939881 0.000000
v -0.164142 -0.960904 0.265587
v -0.430672 -0.856274 0.257965
v 0.166788 -0.976396 -0.269869
v 0.425320 -0.845632 -0.254759
v -0.433126 -0.861153 -0.259435
v -0.160821 -0.941465 -0.260214
v 0.168681 -0.728589 -0.737270
v 0.000000 -0.864864 -0.534515
v -0.156221 -0.674771 -0.682810
v 0.581280 -0.680574 -0.420618
v 0.715457 -0.723981 -0.165640
v 0.273827 -0.457153 -0.908923
v 0.427779 -0.591176 -0.692161
v 0.874157 -0.263353 -0.439667
v 0.695474 -0.429826 -0.594006
v 0.726148 -0.166136 -0.717598
v 0.875308 -0.540970 0.000000
v 0.946528 0.000000 -0.268889
v 0.942901 -0.260611 -0.161067
v 0.965208 -0.266777 0.164877
v 0.974001 0.000000 0.276693
v 0.250895 -0.155062 0.907748
v 0.513762 0.000000 0.831284
v 0.256438 0.158488 0.927803
v -0.587296 -0.687619 0.424972
v -0.427376 -0.590619 0.691509
v -0.652366 -0.403184 0.557187
v -0.409117 -0.565386 -0.661965
v -0.586089 -0.686205 -0.424098
v -0.697396 -0.431014 -0.595647
v 0.525988 0.000000 -0.851066
v 0.268161 -0.165733 -0.970216
v 0.261538 0.161639 -0.946252
v 0.965111 0.266750 0.164861
v 0.952503 0.263265 -0.162707
v 0.847302 0.523661 0.000000
v -0.622243 0.792247 0.081956
v -0.574506 0.797164 0.214236
v -0.478416 0.854171 0.129568
v -0.710857 0.604691 0.373720
v -0.651481 0.706724 0.297865
v -0.759238 0.607293 0.237269
v -0.384553 0.865320 0.393345
v -0.522617 0.793312 0.350510
v -0.456007 0.761303 0.470511
v -0.794965 0.082237 0.624377
v -0.811335 0.218045 0.584718
v -0.840699 0.127525 0.470870
v -0.628259 0.388286 0.738563
v -0.720772 0.303786 0.664431
v -0.631808 0.246847 0.789886
v -0.839507 0.381611 0.373081
v -0.798008 0.352584 0.525711
v -0.769064 0.475307 0.460656
v -0.078829 0.598502 0.762021
v -0.204072 0.547249 0.759344
v -0.129101 0.476691 0.851092
v -0.373617 0.710663 0.604526
v -0.288063 0.630043 0.683469
v -0.233395 0.746840 0.597377
v -0.392463 0.383690 0.863379
v -0.344171 0.513167 0.778967
v -0.483662 0.468753 0.782581
v -0.660510 0.576413 0.524438
v -0.580858 0.528482 0.665604
v -0.518667 0.653243 0.570070
v -0.357607 0.922700 0.131427
v -0.392876 0.891271 0.000000
v -0.241906 0.903060 0.391412
v -0.303452 0.922913 0.266005
v -0.142340 1.021938 0.000000
v -0.224827 0.987072 0.135634
v -0.085775 1.030113 0.138787
v 0.079661 0.604819 0.770063
v 0.000000 0.676072 0.684127
v 0.158780 0.852775 0.527044
v 0.080785 0.776774 0.617513
v 0.242773 0.776849 0.621381
v -0.079919 0.768445 0.610891
v -0.156195 0.838894 0.518465
v 0.414734 0.940856 0.000000
v 0.374511 0.966315 0.137639
v 0.484314 0.864702 0.131166
v 0.087865 1.055216 0.142169
v 0.234770 1.030724 0.141632
v 0.142524 1.023259 0.000000
v 0.389600 0.876677 0.398508
v 0.324840 0.987964 0.284754
v 0.254563 0.950312 0.411892
v -0.084604 0.938268 0.410674
v 0.085481 0.948003 0.414935
v 0.000000 1.042079 0.288024
v -0.344349 0.888491 -0.126554
v -0.460461 0.822113 -0.124706
v -0.081480 0.978526 -0.131837
v -0.220583 0.968439 -0.133074
v -0.349057 0.785448 -0.357038
v -0.284065 0.863951 -0.249011
v -0.223407 0.834004 -0.361481
v 0.490926 0.876506 -0.132956
v 0.378735 0.977216 -0.139192
v 0.241472 0.901441 -0.390710
v 0.317447 0.965479 -0.278273
v 0.386757 0.870281 -0.395600
v 0.231016 1.014243 -0.139368
v 0.084073 1.009675 -0.136033
v -0.079592 0.604295 -0.769396
v 0.000000 0.682587 -0.690719
v 0.081220 0.616661 -0.785140
v -0.143942 0.773085 -0.477793
v -0.075254 0.723586 -0.575230
v -0.219264 0.701623 -0.561209
v 0.235113 0.752339 -0.601775
v 0.078815 0.757828 -0.602451
v 0.154782 0.831302 -0.513773
v 0.000000 0.941297 -0.260168
v 0.081337 0.902040 -0.394818
v -0.076656 0.850124 -0.372094
v -0.544571 0.755628 -0.203073
v -0.600285 0.764290 -0.079064
v -0.426082 0.711342 -0.439633
v -0.478924 0.726988 -0.321205
v -0.765821 0.612559 -0.239327
v -0.631035 0.684545 -0.288517
v -0.704452 0.599243 -0.370352
v -0.133296 0.492178 -0.878741
v -0.211891 0.568217 -0.788439
v -0.465700 0.451345 -0.753518
v -0.347523 0.518164 -0.786551
v -0.386218 0.377584 -0.849640
v -0.284529 0.622314 -0.675083
v -0.354317 0.673951 -0.573297
v -0.861881 0.130738 -0.482734
v -0.769533 0.206810 -0.554592
v -0.757183 0.078328 -0.594703
v -0.735358 0.454476 -0.440467
v -0.768785 0.339673 -0.506460
v -0.842874 0.383142 -0.374577
v -0.591676 0.231167 -0.739712
v -0.677844 0.285693 -0.624858
v -0.583212 0.360445 -0.685606
v -0.509768 0.642034 -0.560289
v -0.556994 0.506770 -0.638259
v -0.640882 0.559283 -0.508853
v -0.721531 0.730127 0.000000
v -0.868991 0.537066 -0.161799
v -0.814110 0.647194 -0.084668
v -0.809905 0.643850 0.084231
v -0.846197 0.522979 0.157555
v -0.914789 0.000000 -0.403243
v -0.923894 0.131597 -0.358070
v -0.971996 0.130957 -0.080936
v -0.961193 0.132078 -0.218933
v -0.974884 0.000000 -0.135786
v -0.941892 0.271475 -0.309692
v -0.928390 0.402390 -0.248691
v -0.905668 0.129001 0.351006
v -0.897213 0.000000 0.395495
v -0.905089 0.392291 0.242449
v -0.901307 0.259778 0.296348
v -0.955482 0.000000 0.133083
v -0.962615 0.132273 0.219257
v -0.979717 0.131997 0.081579
v -0.941795 0.412218 -0.084922
v -0.977092 0.270062 0.000000
v -0.940705 0.411741 0.084823
v 0.575938 0.799152 0.214770
v 0.614171 0.781970 0.080893
v 0.467330 0.780206 0.482194
v 0.515982 0.783239 0.346059
v 0.757316 0.605756 0.236669
v 0.652218 0.707524 0.298202
v 0.726267 0.617800 0.381821
v 0.132475 0.489149 0.873333
v 0.212724 0.570450 0.791536
v 0.465729 0.451373 0.753566
v 0.346580 0.516758 0.784417
v 0.392927 0.384143 0.864399
v 0.302400 0.661400 0.717484
v 0.384247 0.730882 0.621725
v 0.839537 0.127349 0.470219
v 0.794920 0.213633 0.572888
v 0.784518 0.081156 0.616172
v 0.774392 0.478600 0.463847
v 0.791834 0.349856 0.521644
v 0.853153 0.387814 0.379145
v 0.610687 0.238595 0.763480
v 0.711278 0.299784 0.655679
v 0.593264 0.366657 0.697424
v 0.528924 0.666160 0.581343
v 0.574778 0.522950 0.658637
v 0.667055 0.582124 0.529634
v -0.133599 0.363517 0.937950
v 0.000000 0.405950 0.920931
v -0.392738 0.242726 0.906121
v -0.273692 0.312221 0.949586
v 0.000000 0.139572 1.002069
v -0.136833 0.226814 0.995797
v -0.134537 0.083148 0.998567
v -0.773870 -0.080055 0.607809
v -0.707755 0.000000 0.699421
v -0.515157 -0.155199 0.833541
v -0.615262 -0.080491 0.773943
v -0.577819 -0.225754 0.722388
v -0.631391 0.082601 0.794232
v -0.540616 0.162869 0.874736
v 0.000000 -0.384252 0.871707
v -0.128138 -0.348659 0.899611
v -0.130783 -0.482901 0.862178
v -0.135554 -0.083777 1.006119
v -0.130517 -0.216345 0.949834
v 0.000000 -0.133420 0.957901
v -0.381980 -0.373442 0.840318
v -0.258007 -0.294327 0.895163
v -0.386138 -0.238646 0.890893
v -0.412591 0.084998 0.942647
v -0.414143 -0.085318 0.946193
v -0.274982 0.000000 0.994895
v -0.888761 -0.126593 0.344453
v -0.862673 -0.130858 0.483178
v -0.940922 -0.126770 0.078348
v -0.909858 -0.125024 0.207240
v -0.836012 -0.380023 0.371528
v -0.864285 -0.249107 0.284175
v -0.869361 -0.376806 0.232879
v -0.833943 -0.126500 -0.467086
v -0.917982 -0.130755 -0.355778
v -0.905751 -0.392578 -0.242626
v -0.933805 -0.269144 -0.307033
v -0.866155 -0.393725 -0.384924
v -0.972856 -0.133681 -0.221589
v -0.999328 -0.134639 -0.083212
v -0.578204 -0.736176 0.076155
v -0.683145 -0.691284 0.000000
v -0.603331 -0.768168 -0.079465
v -0.854391 -0.528042 0.159081
v -0.779247 -0.619479 0.081042
v -0.741489 -0.593097 0.231723
v -0.780402 -0.624222 -0.243883
v -0.770267 -0.612340 -0.080108
v -0.852368 -0.526792 -0.158704
v -0.965131 -0.266755 0.000000
v -0.924804 -0.404781 -0.083389
v -0.902343 -0.394950 0.081364
v -0.677426 0.000000 -0.669450
v -0.739489 -0.076498 -0.580805
v -0.513674 0.154752 -0.831142
v -0.593009 0.077579 -0.745951
v -0.614164 -0.239953 -0.767827
v -0.613781 -0.080297 -0.772080
v -0.535918 -0.161453 -0.867133
v 0.000000 0.402492 -0.913085
v -0.132840 0.361452 -0.932622
v -0.132206 0.081707 -0.981264
v -0.131915 0.218663 -0.960009
v 0.000000 0.135839 -0.975263
v -0.265980 0.303423 -0.922827
v -0.394830 0.244018 -0.910947
v -0.133163 -0.491690 -0.877871
v -0.133833 -0.364154 -0.939593
v 0.000000 -0.423657 -0.961099
v -0.393635 -0.243280 -0.908190
v -0.265263 -0.302605 -0.920338
v -0.381001 -0.372484 -0.838163
v 0.000000 -0.137290 -0.985687
v -0.134681 -0.223248 -0.980140
v -0.132879 -0.082124 -0.986261
v -0.414512 0.085394 -0.947035
v -0.267698 0.000000 -0.968539
v -0.413816 -0.085251 -0.945446
v 0.209685 0.562301 -0.780229
v 0.126888 0.468517 -0.836498
v 0.372728 0.708971 -0.603087
v 0.299364 0.654761 -0.710282
v 0.382650 0.374097 -0.841792
v 0.343706 0.512474 -0.777914
v 0.468589 0.454145 -0.758193
v 0.608232 0.774408 -0.080110
v 0.575937 0.799150 -0.214770
v 0.723105 0.615110 -0.380159
v 0.658360 0.714186 -0.301010
v 0.754200 0.603264 -0.235695
v 0.526943 0.799878 -0.353411
v 0.457784 0.764268 -0.472344
v 0.798204 0.082572 -0.626921
v 0.779584 0.209512 -0.561836
v 0.854013 0.129545 -0.478328
v 0.586614 0.362547 -0.689606
v 0.685805 0.289048 -0.632197
v 0.596248 0.232954 -0.745429
v 0.834137 0.379170 -0.370695
v 0.766885 0.338833 -0.505208
v 0.774417 0.478616 -0.463863
v 0.532428 0.670574 -0.585195
v 0.679659 0.593123 -0.539641
v 0.576872 0.524855 -0.661036
v 0.617479 -0.786182 0.081328
v 0.569084 -0.789642 0.212215
v 0.486075 -0.867846 0.131643
v 0.681600 -0.579803 0.358338
v 0.636707 -0.690698 0.291110
v 0.757422 -0.605841 0.236702
v 0.373854 -0.841246 0.382402
v 0.520914 -0.790727 0.349367
v 0.458283 -0.765101 0.472859
v 0.766303 -0.079272 0.601866
v 0.773068 -0.207760 0.557140
v 0.835630 -0.126756 0.468031
v 0.601103 -0.371502 0.706640
v 0.679112 -0.286227 0.626027
v 0.590886 -0.230859 0.738726
v 0.795229 -0.361484 0.353404
v 0.738593 -0.326333 0.486570
v 0.703595 -0.434846 0.421442
v 0.078883 -0.598917 0.762549
v 0.210153 -0.563557 0.781972
v 0.131546 -0.485717 0.867207
v 0.370161 -0.704089 0.598933
v 0.287914 -0.629716 0.683114
v 0.234486 -0.750331 0.600169
v 0.379442 -0.370960 0.834735
v 0.348465 -0.519569 0.788685
v 0.482382 -0.467513 0.780511
v 0.617424 -0.538812 0.490228
v 0.552040 -0.502262 0.632581
v 0.500009 -0.629744 0.549564
v 0.355376 -0.916943 0.130607
v 0.395678 -0.897627 0.000000
v 0.238094 -0.888831 0.385244
v 0.302182 -0.919052 0.264892
v 0.137536 -0.987449 0.000000
v 0.222607 -0.977323 0.134294
v 0.080873 -0.971241 0.130855
v -0.082166 -0.623837 0.794277
v 0.000000 -0.709571 0.718026
v -0.164149 -0.881610 0.544865
v -0.083348 -0.801415 0.637101
v -0.246713 -0.789456 0.631464
v 0.081193 -0.780699 0.620633
v 0.159390 -0.856051 0.529069
v -0.395637 -0.897534 0.000000
v -0.348285 -0.898646 0.128001
v -0.465127 -0.830446 0.125970
v -0.080775 -0.970062 0.130696
v -0.221080 -0.970622 0.133374
v -0.137696 -0.988600 0.000000
v -0.386908 -0.870621 0.395755
v -0.309642 -0.941739 0.271431
v -0.246453 -0.920034 0.398769
v 0.082942 -0.919846 0.402611
v -0.085781 -0.951321 0.416388
v 0.000000 -0.968474 0.267679
v 0.351736 -0.907552 -0.129269
v 0.468836 -0.837067 -0.126974
v 0.084610 -1.016116 -0.136901
v 0.225515 -0.990094 -0.136049
v 0.371906 -0.836863 -0.380410
v 0.299148 -0.909824 -0.262232
v 0.240356 -0.897275 -0.388904
v -0.480106 -0.857188 -0.130026
v -0.348547 -0.899323 -0.128097
v -0.233803 -0.872811 -0.378301
v -0.294629 -0.896081 -0.258271
v -0.371285 -0.835465 -0.379774
v -0.217680 -0.955695 -0.131323
v -0.084484 -1.014610 -0.136698
v 0.083453 -0.633611 -0.806721
v 0.000000 -0.727090 -0.735753
v -0.082418 -0.625754 -0.796718
v 0.159367 -0.855928 -0.528993
v 0.082873 -0.796849 -0.633471
v 0.241095 -0.771480 -0.617086
v -0.227342 -0.727471 -0.581884
v -0.081199 -0.780753 -0.620676
v -0.160995 -0.864670 -0.534395
v 0.000000 -0.976812 -0.269984
v -0.082903 -0.919413 -0.402422
v 0.084563 -0.937820 -0.410478
v 0.574308 -0.796890 -0.214162
v 0.628823 -0.800625 -0.082822
v 0.451513 -0.753799 -0.465874
v 0.522546 -0.793203 -0.350461
v 0.762938 -0.610253 -0.238426
v 0.655983 -0.711608 -0.299923
v 0.698700 -0.594350 -0.367328
v 0.136667 -0.504627 -0.900969
v 0.218780 -0.586691 -0.814073
v 0.481982 -0.467125 -0.779863
v 0.357307 -0.532752 -0.808697
v 0.404487 -0.395445 -0.889830
v 0.305070 -0.667240 -0.723819
v 0.382340 -0.727254 -0.618639
v 0.860229 -0.130487 -0.481809
v 0.795132 -0.213690 -0.573041
v 0.806294 -0.083409 -0.633275
v 0.742949 -0.459168 -0.445014
v 0.778603 -0.344011 -0.512927
v 0.847481 -0.385236 -0.376625
v 0.630148 -0.246198 -0.787810
v 0.708151 -0.298467 -0.652797
v 0.618169 -0.382049 -0.726701
v 0.510384 -0.642810 -0.560966
v 0.573613 -0.521891 -0.657302
v 0.634980 -0.554133 -0.504167
v 0.711891 -0.720372 0.000000
v 0.855461 -0.528704 -0.159280
v 0.812943 -0.646265 -0.084547
v 0.795640 -0.632510 0.082747
v 0.835207 -0.516186 0.155509
v 0.897501 0.000000 -0.395623
v 0.923392 -0.131525 -0.357875
v 1.003126 -0.135151 -0.083528
v 0.966595 -0.132820 -0.220163
v 0.999185 0.000000 -0.139170
v 0.916157 -0.264058 -0.301230
v 0.885045 -0.383603 -0.237080
v 0.888031 -0.126489 0.344170
v 0.879888 0.000000 0.387859
v 0.869652 -0.376932 0.232957
v 0.897555 -0.258696 0.295114
v 1.026601 0.000000 0.142989
v 0.997381 -0.137051 0.227175
v 1.026714 -0.138329 0.085492
v 0.913246 -0.399722 -0.082347
v 0.980621 -0.271037 0.000000
v 0.908478 -0.397636 0.081917
v 0.124499 -0.338757 0.874064
v 0.375477 -0.232057 0.866295
v 0.255722 -0.291722 0.887237
v 0.123893 -0.205365 0.901624
v 0.126612 -0.078250 0.939745
v 0.707736 0.000000 0.699403
v 0.507294 0.152830 0.820819
v 0.613412 0.080249 0.771616
v 0.606609 -0.079359 0.763059
v 0.513247 -0.154623 0.830450
v 0.130812 0.355935 0.918385
v 0.131754 0.081428 0.977911
v 0.131390 0.217792 0.956183
v 0.259467 0.295993 0.900228
v 0.382909 0.236651 0.883444
v 0.393960 -0.081160 0.900080
v 0.396429 0.081669 0.905721
v 0.257989 0.000000 0.933413
v -0.543343 -0.753923 0.202615
v -0.462147 -0.771552 0.476846
v -0.516006 -0.783276 0.346076
v -0.622526 -0.675313 0.284626
v -0.694127 -0.590459 0.364924
v -0.217720 -0.583848 0.810127
v -0.461307 -0.447087 0.746410
v -0.350974 -0.523310 0.794364
v -0.309233 -0.676344 0.733695
v -0.379267 -0.721409 0.613667
v -0.776082 -0.208570 0.559312
v -0.745861 -0.460967 0.446758
v -0.755469 -0.333789 0.497687
v -0.678628 -0.286023 0.625581
v -0.587733 -0.363239 0.690922
v -0.510572 -0.643047 0.561173
v -0.562564 -0.511838 0.644642
v -0.637636 -0.556451 0.506276
v -0.207609 -0.556732 -0.772503
v -0.351344 -0.668297 -0.568487
v -0.281598 -0.615902 -0.668128
v -0.335552 -0.500315 -0.759458
v -0.457401 -0.443302 -0.740091
v -0.570939 -0.792216 -0.212906
v -0.734875 -0.625122 -0.386347
v -0.658723 -0.714580 -0.301176
v -0.513028 -0.778756 -0.344078
v -0.439319 -0.733441 -0.453292
v -0.773047 -0.207755 -0.557125
v -0.597476 -0.369260 -0.702375
v -0.696466 -0.293542 -0.642025
v -0.784704 -0.346706 -0.516947
v -0.783174 -0.484028 -0.469108
v -0.507661 -0.639380 -0.557973
v -0.656047 -0.572517 -0.520894
v -0.561845 -0.511183 -0.643817
v 0.723358 0.000000 -0.714841
v 0.543867 -0.163848 -0.879995
v 0.631158 -0.082570 -0.793938
v 0.614130 0.080343 -0.772519
v 0.518495 0.156205 -0.838943
v 0.136559 -0.371572 -0.958734
v 0.131509 -0.081277 -0.976093
v 0.135248 -0.224187 -0.984260
v 0.278904 -0.318166 -0.967667
v 0.403082 -0.249118 -0.929985
v 0.127793 0.347718 -0.897185
v 0.382672 0.236504 -0.882895
v 0.258103 0.294437 -0.895497
v 0.130391 0.216136 -0.948915
v 0.130266 0.080509 -0.966866
v 0.405958 -0.083632 -0.927492
v 0.265300 0.000000 -0.959863
v 0.405193 0.083474 -0.925746
v 0.915299 0.130373 0.354738
v 1.000127 0.134747 0.083278
v 0.981029 0.134804 0.223451
v 0.931089 0.268361 0.306140
v 0.909102 0.394030 0.243524
v 0.900732 0.128298 -0.349093
v 0.884682 0.383446 -0.236983
v 0.904353 0.260655 -0.297349
v 0.934093 0.128354 -0.212760
v 0.968749 0.130519 -0.080665
v 0.691171 0.699406 0.000000
v 0.839310 0.518722 0.156273
v 0.762493 0.606160 0.079300
v 0.780090 0.620149 -0.081130
v 0.819865 0.506704 -0.152652
v 0.966195 0.267050 0.000000
v 0.922467 0.403758 -0.083179
v 0.899741 0.393811 0.081130
v -0.564905 0.808967 0.040132
v -0.546088 0.818460 0.105380
v -0.494369 0.839589 0.064208
v -0.642277 0.758881 0.189705
v -0.598888 0.795473 0.148403
v -0.666699 0.756548 0.123067
v -0.460721 0.866726 0.196209
v -0.524300 0.823220 0.170955
v -0.510541 0.840785 0.240208
v -0.758179 0.550835 0.340435
v -0.735384 0.606228 0.305458
v -0.769417 0.543233 0.268029
v -0.614096 0.691307 0.358619
v -0.677235 0.651882 0.333864
v -0.651058 0.648443 0.400760
v -0.743808 0.670289 0.203671
v -0.710428 0.661454 0.269350
v -0.681904 0.714018 0.232163
v -0.349484 0.844480 0.451438
v -0.415029 0.801917 0.426550
v -0.384971 0.790596 0.488615
v -0.491050 0.850862 0.313258
v -0.450066 0.821873 0.368557
v -0.414057 0.873529 0.329384
v -0.530687 0.736666 0.455284
v -0.489487 0.777734 0.411012
v -0.553519 0.737908 0.386833
v -0.623066 0.764328 0.260250
v -0.586496 0.748920 0.323689
v -0.552767 0.801213 0.284258
v -0.824119 0.040884 0.575485
v -0.820477 0.105640 0.547434
v -0.847730 0.064831 0.499163
v -0.759603 0.189886 0.642888
v -0.798951 0.149052 0.601506
v -0.753012 0.122492 0.663583
v -0.846325 0.191590 0.449876
v -0.828087 0.171966 0.527399
v -0.831891 0.237667 0.505140
v -0.586940 0.362749 0.807874
v -0.636923 0.320924 0.772618
v -0.585902 0.289082 0.829852
v -0.723692 0.375419 0.642863
v -0.678227 0.347357 0.704605
v -0.674361 0.416778 0.677080
v -0.671091 0.203915 0.744698
v -0.683171 0.278193 0.733753
v -0.717596 0.233327 0.685321
v -0.825363 0.441218 0.341572
v -0.800324 0.425703 0.414204
v -0.778875 0.481371 0.379263
v -0.816004 0.300424 0.470933
v -0.813452 0.364781 0.445455
v -0.831245 0.313440 0.394014
v -0.743953 0.459788 0.535937
v -0.792120 0.418615 0.498541
v -0.765483 0.401289 0.574203
v -0.774368 0.263669 0.631251
v -0.765345 0.330788 0.599359
v -0.811686 0.287974 0.559993
v -0.039899 0.561624 0.804270
v -0.103676 0.537258 0.805227
v -0.065451 0.503938 0.855840
v -0.176276 0.596809 0.705158
v -0.140594 0.567374 0.753614
v -0.114214 0.618741 0.702126
v -0.190998 0.448485 0.843707
v -0.165114 0.506387 0.795095
v -0.228772 0.486235 0.800758
v -0.345567 0.769609 0.559139
v -0.303327 0.730255 0.601999
v -0.275238 0.790111 0.557844
v -0.360332 0.617029 0.694609
v -0.328512 0.666378 0.641431
v -0.401963 0.653013 0.650390
v -0.190381 0.695273 0.626551
v -0.256720 0.677118 0.630440
v -0.216695 0.636471 0.666446
v -0.466175 0.360892 0.872048
v -0.437700 0.425877 0.822878
v -0.516076 0.406607 0.835029
v -0.302004 0.473409 0.820295
v -0.364461 0.445064 0.812740
v -0.323188 0.406267 0.857095
v -0.456300 0.531871 0.738309
v -0.411921 0.490570 0.779454
v -0.389422 0.557223 0.742846
v -0.246385 0.589871 0.723607
v -0.319495 0.578898 0.739217
v -0.273347 0.531551 0.770461
v -0.736623 0.537961 0.415181
v -0.686912 0.509267 0.566690
v -0.717840 0.527800 0.494416
v -0.685266 0.590132 0.448070
v -0.626945 0.636129 0.476775
v -0.562965 0.434478 0.770860
v -0.510221 0.567752 0.688199
v -0.534831 0.501003 0.727403
v -0.609947 0.463114 0.708275
v -0.650392 0.487466 0.641002
v -0.419752 0.744734 0.543884
v -0.563186 0.682664 0.506118
v -0.492453 0.714989 0.525704
v -0.453287 0.693244 0.597003
v -0.480366 0.631667 0.640920
v -0.620078 0.551864 0.594023
v -0.550065 0.592086 0.618057
v -0.588905 0.614736 0.547110
v -0.439294 0.880754 0.064920
v -0.454814 0.864358 0.000000
v -0.392952 0.886479 0.194238
v -0.418680 0.888979 0.130600
v -0.335489 0.930662 0.000000
v -0.373005 0.900868 0.064482
v -0.314445 0.939231 0.065556
v -0.279025 0.866085 0.451473
v -0.316142 0.893704 0.396546
v -0.236298 0.951525 0.268518
v -0.272945 0.913589 0.328720
v -0.204653 0.939790 0.331136
v -0.345508 0.899232 0.330896
v -0.373175 0.903009 0.265979
v -0.070831 1.021978 0.000000
v -0.115290 1.035712 0.069674
v -0.043180 1.043594 0.069866
v -0.249252 0.974171 0.067085
v -0.185405 1.013232 0.068759
v -0.209403 0.994200 0.000000
v -0.127863 1.013045 0.206887
v -0.156931 1.014210 0.137989
v -0.199334 0.999049 0.206150
v -0.332381 0.927634 0.199451
v -0.263601 0.951837 0.200655
v -0.290902 0.951003 0.133015
v 0.040319 0.567534 0.812732
v 0.000000 0.607159 0.773042
v 0.079379 0.690235 0.698459
v 0.039950 0.649622 0.736617
v 0.119498 0.647366 0.734609
v -0.039201 0.637449 0.722814
v -0.076256 0.663083 0.670983
v 0.243283 0.862003 0.532747
v 0.200377 0.814109 0.573391
v 0.283615 0.814160 0.574823
v 0.040100 0.805964 0.566336
v 0.118894 0.810914 0.570257
v 0.078414 0.847538 0.523808
v 0.202910 0.741029 0.667784
v 0.160936 0.778240 0.620558
v 0.120896 0.737077 0.661219
v -0.196694 0.799145 0.562851
v -0.233811 0.828443 0.512006
v -0.116180 0.708327 0.635428
v -0.156633 0.757429 0.603965
v -0.078454 0.847970 0.524074
v -0.118650 0.809248 0.569086
v -0.040266 0.809290 0.568672
v 0.039853 0.728425 0.653972
v 0.000000 0.764435 0.607703
v -0.039172 0.715977 0.642797
v 0.475188 0.903077 0.000000
v 0.451113 0.904450 0.066666
v 0.511711 0.869040 0.066461
v 0.328971 0.982619 0.068585
v 0.394299 0.952295 0.068163
v 0.353003 0.979248 0.000000
v 0.469671 0.883562 0.200020
v 0.433158 0.919721 0.135116
v 0.412574 0.930743 0.203937
v 0.043779 1.058073 0.070836
v 0.117293 1.053708 0.070884
v 0.071311 1.028910 0.000000
v 0.207274 1.038842 0.214361
v 0.161619 1.044506 0.142111
v 0.132041 1.046142 0.213646
v 0.213415 1.013248 0.000000
v 0.189051 1.033155 0.070111
v 0.260284 1.017290 0.070055
v 0.356295 0.860938 0.460236
v 0.328274 0.928002 0.411764
v 0.291676 0.905353 0.471942
v 0.389459 0.942414 0.277586
v 0.359756 0.936315 0.344542
v 0.416660 0.879021 0.331455
v 0.217210 0.997451 0.351453
v 0.293747 0.983219 0.353774
v 0.252717 1.017641 0.287176
v 0.307636 1.005708 0.140666
v 0.281888 1.017868 0.214575
v 0.350930 0.979403 0.210582
v -0.199504 0.874129 0.457188
v -0.042299 0.906182 0.475453
v -0.122211 0.897376 0.470332
v -0.163861 0.920882 0.401124
v -0.127765 0.972937 0.345778
v 0.209119 0.916258 0.479222
v 0.129862 0.988906 0.351453
v 0.170429 0.957796 0.417203
v 0.123631 0.907803 0.475798
v 0.041962 0.898952 0.471660
v 0.000000 1.063737 0.143317
v -0.087060 1.026177 0.283628
v -0.044143 1.047490 0.214418
v 0.044475 1.055360 0.216029
v 0.087672 1.033394 0.285623
v 0.000000 0.956608 0.418702
v 0.044040 1.004040 0.356291
v -0.043802 0.998605 0.354362
v -0.429241 0.860598 -0.063434
v -0.488743 0.830034 -0.063477
v -0.311626 0.930809 -0.064968
v -0.371771 0.897888 -0.064268
v -0.428355 0.805838 -0.182425
v -0.404270 0.858384 -0.126105
v -0.374900 0.845753 -0.185315
v -0.041046 0.992021 -0.066413
v -0.110837 0.995706 -0.066982
v -0.191099 0.957776 -0.197633
v -0.150317 0.971462 -0.132173
v -0.121672 0.963991 -0.196869
v -0.181692 0.992940 -0.067382
v -0.246916 0.965042 -0.066457
v -0.314203 0.759231 -0.405865
v -0.283786 0.802237 -0.355961
v -0.252111 0.782545 -0.407925
v -0.341471 0.826292 -0.243383
v -0.315318 0.820657 -0.301983
v -0.374509 0.790096 -0.297924
v -0.189717 0.871199 -0.306968
v -0.253602 0.848846 -0.305425
v -0.224049 0.902200 -0.254599
v -0.284047 0.928590 -0.129880
v -0.252645 0.912274 -0.192315
v -0.314114 0.876653 -0.188490
v 0.514388 0.873588 -0.066808
v 0.462016 0.926310 -0.068278
v 0.412548 0.930686 -0.203925
v 0.439278 0.932715 -0.137025
v 0.469807 0.883818 -0.200078
v 0.401998 0.970889 -0.069493
v 0.336956 1.006470 -0.070249
v 0.278755 0.865247 -0.451035
v 0.317313 0.897016 -0.398015
v 0.349496 0.844511 -0.451454
v 0.243596 0.980910 -0.276811
v 0.283148 0.947741 -0.341009
v 0.206935 0.950267 -0.334828
v 0.419114 0.884197 -0.333407
v 0.352770 0.918133 -0.337852
v 0.383522 0.928048 -0.273355
v 0.112938 1.014583 -0.068252
v 0.041608 1.005601 -0.067323
v 0.256740 1.003438 -0.069101
v 0.185849 1.015654 -0.068923
v 0.125598 0.995097 -0.203222
v 0.156333 1.010346 -0.137463
v 0.198579 0.995266 -0.205369
v 0.344552 0.961603 -0.206755
v 0.276354 0.997886 -0.210363
v 0.305937 1.000151 -0.139889
v -0.040618 0.571737 -0.818751
v 0.000000 0.613208 -0.780744
v 0.040096 0.564395 -0.808238
v -0.076676 0.666737 -0.674680
v -0.039321 0.639399 -0.725025
v -0.117223 0.635039 -0.720621
v 0.121679 0.659182 -0.748018
v 0.039972 0.649987 -0.737031
v 0.079237 0.689001 -0.697210
v -0.213348 0.755938 -0.467196
v -0.179938 0.731069 -0.514904
v -0.254773 0.731364 -0.516366
v -0.038382 0.771440 -0.542076
v -0.108900 0.742748 -0.522321
v -0.072795 0.786806 -0.486273
v -0.186137 0.679773 -0.612583
v -0.145922 0.705634 -0.562664
v -0.112508 0.685939 -0.615344
v 0.274759 0.788737 -0.556874
v 0.197062 0.800639 -0.563904
v 0.235708 0.835164 -0.516160
v 0.119467 0.728365 -0.653404
v 0.157665 0.762423 -0.607946
v 0.198508 0.724950 -0.653295
v 0.076094 0.822467 -0.508313
v 0.115708 0.789185 -0.554977
v 0.038740 0.778623 -0.547123
v -0.038437 0.702556 -0.630747
v 0.000000 0.745738 -0.592840
v 0.039610 0.723987 -0.649988
v 0.000000 0.990582 -0.133461
v 0.082679 0.974534 -0.269355
v 0.041134 0.976083 -0.199801
v -0.040372 0.957996 -0.196099
v -0.079367 0.935495 -0.258565
v 0.198736 0.870762 -0.455427
v 0.040064 0.858308 -0.450334
v 0.118165 0.867669 -0.454762
v 0.160411 0.901491 -0.392678
v 0.124086 0.944921 -0.335822
v -0.183010 0.801858 -0.419389
v -0.115754 0.881476 -0.313273
v -0.150061 0.843328 -0.367343
v -0.111124 0.815968 -0.427665
v -0.039160 0.838942 -0.440174
v 0.040312 0.919044 -0.326130
v 0.000000 0.865502 -0.378825
v -0.039200 0.893706 -0.317138
v -0.527800 0.791051 -0.101851
v -0.554415 0.793945 -0.039387
v -0.463569 0.763429 -0.218107
v -0.501164 0.786895 -0.163411
v -0.650861 0.738576 -0.120143
v -0.577132 0.766576 -0.143012
v -0.619723 0.732233 -0.183044
v -0.354458 0.727933 -0.449887
v -0.384725 0.743365 -0.395405
v -0.518903 0.691760 -0.362641
v -0.458423 0.728378 -0.384929
v -0.502837 0.698006 -0.431391
v -0.411846 0.752079 -0.337259
v -0.437481 0.758041 -0.279085
v -0.783418 0.553118 -0.272906
v -0.734953 0.605872 -0.305278
v -0.756321 0.549486 -0.339601
v -0.664373 0.695662 -0.226195
v -0.700943 0.652622 -0.265753
v -0.743046 0.669602 -0.203462
v -0.631337 0.628802 -0.388621
v -0.667109 0.642135 -0.328873
v -0.593411 0.668022 -0.346540
v -0.507275 0.735274 -0.260864
v -0.551666 0.704443 -0.304466
v -0.590392 0.724246 -0.246603
v -0.066815 0.514442 -0.873679
v -0.106886 0.553890 -0.830154
v -0.239776 0.509623 -0.839274
v -0.174919 0.536458 -0.842310
v -0.199518 0.468491 -0.881343
v -0.146466 0.591073 -0.785093
v -0.180666 0.611671 -0.722719
v -0.481695 0.379518 -0.779399
v -0.432918 0.421224 -0.813887
v -0.448260 0.347023 -0.838535
v -0.387875 0.555009 -0.739895
v -0.411715 0.490324 -0.779064
v -0.453327 0.528405 -0.733498
v -0.326428 0.410341 -0.865689
v -0.370644 0.452614 -0.826527
v -0.305862 0.479457 -0.830773
v -0.289567 0.697127 -0.574690
v -0.323324 0.720072 -0.523150
v -0.216658 0.636364 -0.666334
v -0.253486 0.668587 -0.622497
v -0.384943 0.625362 -0.622850
v -0.319650 0.648402 -0.624128
v -0.353113 0.604667 -0.680693
v -0.282375 0.549105 -0.795905
v -0.318137 0.576437 -0.736075
v -0.250462 0.599631 -0.735579
v -0.846574 0.064742 -0.498482
v -0.803482 0.103452 -0.536094
v -0.792671 0.039324 -0.553525
v -0.816469 0.233261 -0.495776
v -0.816698 0.169601 -0.520146
v -0.860105 0.194710 -0.457202
v -0.720169 0.117149 -0.634640
v -0.771538 0.143937 -0.580868
v -0.727875 0.181955 -0.616035
v -0.768100 0.474712 -0.374017
v -0.782199 0.416062 -0.404824
v -0.836906 0.447389 -0.346349
v -0.726274 0.380734 -0.544792
v -0.754677 0.398827 -0.474976
v -0.710804 0.439301 -0.512056
v -0.852933 0.321618 -0.404294
v -0.802876 0.360038 -0.439663
v -0.815207 0.300131 -0.470473
v -0.553729 0.273208 -0.784282
v -0.588892 0.296722 -0.714355
v -0.539759 0.333589 -0.742933
v -0.675229 0.219551 -0.644859
v -0.637283 0.259507 -0.684468
v -0.631560 0.191903 -0.700832
v -0.624518 0.385974 -0.627037
v -0.633022 0.324205 -0.657642
v -0.673290 0.349273 -0.598091
v -0.771258 0.273630 -0.532102
v -0.720408 0.311366 -0.564168
v -0.721746 0.245752 -0.588355
v -0.391538 0.694676 -0.507327
v -0.465021 0.611489 -0.620446
v -0.431251 0.659544 -0.567980
v -0.471308 0.684289 -0.503131
v -0.540977 0.655744 -0.486160
v -0.519683 0.401075 -0.711595
v -0.617161 0.462559 -0.608250
v -0.570208 0.432942 -0.662131
v -0.513385 0.480913 -0.698234
v -0.491615 0.547048 -0.663103
v -0.723195 0.528154 -0.407613
v -0.611088 0.620040 -0.464716
v -0.669219 0.576312 -0.437577
v -0.700372 0.514956 -0.482385
v -0.655129 0.485704 -0.540470
v -0.532783 0.573484 -0.598638
v -0.597505 0.531774 -0.572398
v -0.577750 0.603091 -0.536746
v -0.608850 0.775196 0.000000
v -0.721605 0.730203 -0.082986
v -0.667453 0.756836 -0.041046
v -0.671645 0.761589 0.041304
v -0.725540 0.734184 0.083439
v -0.851987 0.526557 -0.240456
v -0.819848 0.577433 -0.201790
v -0.843679 0.592837 -0.041977
v -0.833892 0.586416 -0.122263
v -0.882038 0.545130 -0.081606
v -0.792349 0.631809 -0.163854
v -0.760857 0.682551 -0.124796
v -0.794584 0.559639 0.195571
v -0.820950 0.507375 0.231696
v -0.770638 0.691326 0.126401
v -0.787212 0.627713 0.162792
v -0.871230 0.538450 0.080606
v -0.830722 0.584187 0.121798
v -0.850545 0.597662 0.042318
v -0.781639 0.701747 -0.042764
v -0.818031 0.650311 0.000000
v -0.785571 0.705277 0.042979
v -0.870292 0.000000 -0.457937
v -0.886675 0.065356 -0.442247
v -0.945016 0.065960 -0.316382
v -0.922658 0.066041 -0.382028
v -0.937926 0.000000 -0.338107
v -0.893384 0.131247 -0.420755
v -0.892965 0.195659 -0.395828
v -0.972791 0.065126 -0.040250
v -0.971959 0.065385 -0.108193
v -0.981214 0.000000 -0.068005
v -0.966922 0.199520 -0.192924
v -0.969829 0.131951 -0.150064
v -0.966996 0.197483 -0.122051
v -0.965224 0.000000 -0.203300
v -0.972272 0.065979 -0.177910
v -0.972265 0.066954 -0.248764
v -0.900850 0.399716 -0.318669
v -0.885422 0.461552 -0.285255
v -0.898768 0.264730 -0.371422
v -0.897331 0.330197 -0.344778
v -0.952859 0.335741 -0.207499
v -0.941709 0.338838 -0.281346
v -0.966295 0.272686 -0.239966
v -0.951348 0.133063 -0.291008
v -0.967144 0.203882 -0.267840
v -0.935801 0.201207 -0.335307
v -0.868494 0.064016 0.433179
v -0.874386 0.000000 0.460091
v -0.867733 0.190131 0.384643
v -0.883265 0.129760 0.415989
v -0.930040 0.000000 0.335264
v -0.910073 0.065141 0.376817
v -0.927296 0.064723 0.310450
v -0.867186 0.452047 0.279380
v -0.870443 0.386225 0.307913
v -0.948054 0.267539 0.235436
v -0.901999 0.324550 0.269482
v -0.931946 0.328372 0.202945
v -0.859543 0.316292 0.330259
v -0.863193 0.254252 0.356720
v -0.957109 0.000000 0.066335
v -0.966273 0.065002 0.107560
v -0.955966 0.064000 0.039554
v -0.948119 0.065291 0.242586
v -0.951631 0.064579 0.174133
v -0.946089 0.000000 0.199270
v -0.991085 0.202403 0.125092
v -0.973669 0.132473 0.150658
v -0.978443 0.201898 0.195223
v -0.900039 0.193518 0.322493
v -0.939589 0.198073 0.260209
v -0.924630 0.129326 0.282835
v -0.909134 0.475496 -0.207493
v -0.952425 0.338488 -0.125071
v -0.939254 0.409127 -0.167130
v -0.912773 0.478402 -0.124308
v -0.923736 0.484663 -0.043119
v -0.979556 0.131975 0.000000
v -0.986472 0.272654 0.083691
v -0.981561 0.200922 0.041365
v -0.975519 0.199686 -0.041110
v -0.972313 0.268741 -0.082490
v -0.885349 0.463056 0.202065
v -0.910102 0.477510 0.042482
v -0.897864 0.470588 0.122278
v -0.926649 0.403637 0.164887
v -0.955464 0.339569 0.125470
v -0.969621 0.344077 -0.042530
v -0.971848 0.344867 0.042628
v -0.946380 0.414225 0.000000
v 0.550641 0.825285 0.106259
v 0.579172 0.829399 0.041146
v 0.509499 0.839069 0.239717
v 0.526281 0.826330 0.171601
v 0.654813 0.743061 0.120873
v 0.592361 0.786803 0.146785
v 0.642821 0.759523 0.189866
v 0.396292 0.813846 0.502985
v 0.425671 0.822481 0.437488
v 0.545999 0.727883 0.381578
v 0.484723 0.770164 0.407011
v 0.526045 0.730223 0.451302
v 0.450462 0.822598 0.368882
v 0.478189 0.828577 0.305054
v 0.805007 0.568361 0.280427
v 0.747273 0.616028 0.310396
v 0.790932 0.574631 0.355142
v 0.674217 0.705970 0.229546
v 0.707200 0.658448 0.268126
v 0.720062 0.648890 0.197169
v 0.660557 0.657904 0.406607
v 0.685232 0.659580 0.337807
v 0.618957 0.696780 0.361458
v 0.547570 0.793679 0.281585
v 0.580758 0.741593 0.320522
v 0.618977 0.759311 0.258542
v 0.065838 0.506916 0.860898
v 0.105650 0.547483 0.820551
v 0.239963 0.510021 0.839930
v 0.173376 0.531723 0.834876
v 0.198671 0.466502 0.877602
v 0.146152 0.589803 0.783407
v 0.186126 0.630157 0.744560
v 0.485947 0.382869 0.786279
v 0.426948 0.415416 0.802665
v 0.452395 0.350225 0.846271
v 0.394739 0.564831 0.752989
v 0.405287 0.482669 0.766900
v 0.455200 0.530588 0.736529
v 0.324824 0.408325 0.861435
v 0.364650 0.445295 0.813161
v 0.302336 0.473929 0.821196
v 0.314158 0.756330 0.623495
v 0.355497 0.791722 0.575206
v 0.231717 0.680595 0.712647
v 0.276360 0.728918 0.678669
v 0.409702 0.665585 0.662912
v 0.343550 0.696883 0.670795
v 0.369850 0.633328 0.712957
v 0.281574 0.547548 0.793647
v 0.327847 0.594030 0.758541
v 0.257850 0.617320 0.757279
v 0.824628 0.063064 0.485559
v 0.818641 0.105404 0.546209
v 0.802052 0.039789 0.560076
v 0.813368 0.232375 0.493892
v 0.815917 0.169439 0.519649
v 0.848766 0.192143 0.451174
v 0.750360 0.122060 0.661246
v 0.789069 0.147208 0.594067
v 0.756036 0.188994 0.639869
v 0.800761 0.494897 0.389920
v 0.812917 0.432401 0.420722
v 0.854690 0.456896 0.353709
v 0.754942 0.395763 0.566296
v 0.787194 0.416011 0.495441
v 0.741337 0.458171 0.534052
v 0.849715 0.320405 0.402769
v 0.823173 0.369140 0.450778
v 0.820561 0.302103 0.473563
v 0.560272 0.276436 0.793550
v 0.603376 0.304020 0.731924
v 0.547808 0.338564 0.754012
v 0.710040 0.230870 0.678104
v 0.656213 0.267215 0.704799
v 0.657397 0.199754 0.729503
v 0.647713 0.400308 0.650324
v 0.649173 0.332477 0.674421
v 0.707003 0.366762 0.628039
v 0.791367 0.280765 0.545975
v 0.755913 0.326712 0.591973
v 0.755837 0.257359 0.616145
v 0.432897 0.768055 0.560916
v 0.488783 0.642735 0.652151
v 0.459662 0.702996 0.605400
v 0.501510 0.728140 0.535373
v 0.569592 0.690429 0.511875
v 0.527876 0.407398 0.722814
v 0.641672 0.480929 0.632408
v 0.586140 0.445039 0.680631
v 0.523793 0.490663 0.712390
v 0.514473 0.572483 0.693933
v 0.766810 0.560007 0.432196
v 0.641262 0.650656 0.487663
v 0.706557 0.608467 0.461991
v 0.718007 0.527923 0.494531
v 0.686817 0.509197 0.566612
v 0.559600 0.602349 0.628770
v 0.618919 0.550832 0.592912
v 0.595150 0.621255 0.552912
v -0.066132 0.447496 0.897200
v 0.000000 0.463436 0.880743
v -0.195184 0.394865 0.890794
v -0.132900 0.426054 0.904637
v 0.000000 0.343060 0.951665
v -0.066734 0.386037 0.932342
v -0.067553 0.324022 0.967838
v -0.460761 0.284766 0.883904
v -0.394347 0.314389 0.888748
v -0.274417 0.241489 0.972427
v -0.334797 0.277990 0.930478
v -0.335461 0.207327 0.952066
v -0.330651 0.345252 0.898566
v -0.263665 0.369928 0.895154
v 0.000000 0.068350 0.986191
v -0.066610 0.110220 0.990165
v -0.066434 0.041058 0.992327
v -0.068779 0.255543 0.998761
v -0.068317 0.184215 1.006726
v 0.000000 0.211102 1.002267
v -0.203325 0.125662 0.995601
v -0.136860 0.155648 1.005915
v -0.204675 0.197908 0.991900
v -0.203585 0.339270 0.946860
v -0.205982 0.270599 0.977106
v -0.136645 0.298843 0.976960
v -0.817576 -0.040559 0.570916
v -0.791276 0.000000 0.621480
v -0.697160 -0.079231 0.688951
v -0.742618 -0.040275 0.654914
v -0.741286 -0.120584 0.653250
v -0.762400 0.041348 0.672360
v -0.716688 0.081450 0.708249
v -0.493831 -0.225511 0.799036
v -0.549475 -0.192019 0.780153
v -0.527313 -0.260174 0.746867
v -0.579941 -0.041063 0.825326
v -0.569510 -0.118738 0.809851
v -0.528067 -0.079051 0.854431
v -0.628032 -0.190831 0.696917
v -0.603102 -0.156409 0.756348
v -0.650321 -0.118903 0.724929
v -0.582778 0.203657 0.827437
v -0.532765 0.243291 0.862032
v -0.663870 0.121380 0.740032
v -0.629081 0.163147 0.788928
v -0.544333 0.081486 0.880749
v -0.590800 0.123177 0.840126
v -0.591774 0.041901 0.842166
v -0.657436 -0.040064 0.732283
v -0.627787 0.000000 0.789698
v -0.668920 0.040763 0.745075
v 0.000000 -0.460018 0.874247
v -0.064197 -0.434404 0.870950
v -0.066335 -0.510744 0.867398
v -0.063702 -0.305552 0.912667
v -0.064117 -0.370895 0.895772
v 0.000000 -0.319495 0.886296
v -0.194465 -0.456625 0.859021
v -0.128860 -0.413103 0.877138
v -0.190579 -0.385549 0.869777
v -0.066153 -0.040885 0.988129
v -0.065859 -0.108978 0.979010
v 0.000000 -0.067617 0.975605
v -0.196102 -0.189618 0.950355
v -0.132489 -0.150676 0.973785
v -0.202121 -0.124918 0.989707
v 0.000000 -0.192721 0.914997
v -0.064745 -0.174583 0.954089
v -0.064252 -0.238724 0.933026
v -0.432732 -0.335002 0.809488
v -0.381188 -0.303898 0.859092
v -0.434976 -0.268830 0.834440
v -0.255795 -0.358886 0.868434
v -0.319052 -0.333141 0.867045
v -0.318124 -0.399902 0.843666
v -0.331629 -0.204958 0.941189
v -0.325865 -0.270574 0.905653
v -0.261595 -0.230206 0.926992
v -0.128057 -0.280059 0.915554
v -0.193768 -0.254553 0.919167
v -0.192335 -0.320522 0.894537
v -0.464491 0.202691 0.888091
v -0.478142 0.042538 0.911307
v -0.475812 0.123635 0.907831
v -0.403299 0.164750 0.925875
v -0.342802 0.126665 0.964562
v -0.454215 -0.198207 0.868445
v -0.340127 -0.125677 0.957036
v -0.400788 -0.163723 0.920109
v -0.466859 -0.121309 0.890748
v -0.477824 -0.042510 0.910701
v -0.134857 0.000000 1.000943
v -0.272118 0.083527 0.984534
v -0.206426 0.042498 1.008447
v -0.206205 -0.042453 1.007367
v -0.272906 -0.083769 0.987382
v -0.419281 0.000000 0.957931
v -0.343429 -0.042450 0.967795
v -0.346733 0.042859 0.977105
v -0.879296 -0.064812 0.438567
v -0.855655 -0.065437 0.503829
v -0.921977 -0.064352 0.308669
v -0.895108 -0.064069 0.370621
v -0.845781 -0.191467 0.449587
v -0.879072 -0.129144 0.414014
v -0.867574 -0.190096 0.384573
v -0.960090 -0.064276 0.039725
v -0.949646 -0.063884 0.105710
v -0.905069 -0.186757 0.180583
v -0.913406 -0.124274 0.141333
v -0.920455 -0.187978 0.116177
v -0.938396 -0.063680 0.171712
v -0.933066 -0.064255 0.238735
v -0.810023 -0.433018 0.335224
v -0.857430 -0.380451 0.303310
v -0.843069 -0.439475 0.271610
v -0.852272 -0.251035 0.352207
v -0.851293 -0.313256 0.327089
v -0.832626 -0.313961 0.394669
v -0.900483 -0.317286 0.196094
v -0.863944 -0.310857 0.258113
v -0.899657 -0.253881 0.223418
v -0.907481 -0.126927 0.277590
v -0.895891 -0.188861 0.248107
v -0.885230 -0.190334 0.317187
v -0.833775 -0.063764 -0.490946
v -0.867800 -0.063965 -0.432832
v -0.877921 -0.192363 -0.389159
v -0.877734 -0.128948 -0.413384
v -0.849827 -0.192383 -0.451738
v -0.920929 -0.065918 -0.381312
v -0.942091 -0.065756 -0.315403
v -0.871353 -0.454218 -0.280722
v -0.880074 -0.390498 -0.311320
v -0.850054 -0.454417 -0.351790
v -0.956174 -0.269830 -0.237453
v -0.922325 -0.331864 -0.275555
v -0.927251 -0.326718 -0.201923
v -0.863447 -0.325583 -0.409278
v -0.899291 -0.330918 -0.345531
v -0.900391 -0.265208 -0.372092
v -0.987509 -0.066431 -0.109924
v -0.986795 -0.066064 -0.040830
v -0.947067 -0.065219 -0.242317
v -0.967519 -0.065657 -0.177041
v -0.984701 -0.201099 -0.124286
v -0.998839 -0.135898 -0.154553
v -0.975157 -0.201220 -0.194567
v -0.916057 -0.196962 -0.328233
v -0.953906 -0.201091 -0.264174
v -0.947293 -0.132496 -0.289768
v -0.543065 -0.777692 0.038581
v -0.590781 -0.752189 0.000000
v -0.550357 -0.788134 -0.039099
v -0.672464 -0.680476 0.077335
v -0.637363 -0.722716 0.039196
v -0.620903 -0.704580 0.114613
v -0.651464 -0.739260 -0.120255
v -0.644011 -0.730255 -0.039605
v -0.690129 -0.698351 -0.079366
v -0.830204 -0.513095 0.234308
v -0.800863 -0.564061 0.197117
v -0.775108 -0.547252 0.270012
v -0.823722 -0.578814 0.040984
v -0.819282 -0.576142 0.120121
v -0.865057 -0.534635 0.080035
v -0.694867 -0.626185 0.190270
v -0.752977 -0.600414 0.155712
v -0.712159 -0.638865 0.116809
v -0.810821 -0.572466 -0.282452
v -0.823752 -0.580183 -0.202750
v -0.847729 -0.523925 -0.239254
v -0.736990 -0.661140 -0.120881
v -0.782153 -0.623679 -0.161745
v -0.737825 -0.664897 -0.202033
v -0.837486 -0.517595 -0.077484
v -0.808070 -0.568258 -0.118477
v -0.807337 -0.567301 -0.040168
v -0.733974 -0.658954 0.040156
v -0.775802 -0.616740 0.000000
v -0.737463 -0.662086 -0.040347
v -0.966789 -0.130255 0.000000
v -0.955905 -0.264206 -0.081098
v -0.979019 -0.200402 -0.041258
v -0.969985 -0.198553 0.040877
v -0.948249 -0.262089 0.080449
v -0.888968 -0.464949 -0.202891
v -0.878313 -0.460831 -0.040998
v -0.890612 -0.466787 -0.121290
v -0.921784 -0.401517 -0.164022
v -0.937560 -0.333205 -0.123119
v -0.863275 -0.451511 0.197027
v -0.924012 -0.328390 0.121340
v -0.884357 -0.385214 0.157362
v -0.878285 -0.460326 0.119611
v -0.883182 -0.463386 0.041226
v -0.942581 -0.334482 -0.041344
v -0.916464 -0.401131 0.000000
v -0.946593 -0.335906 0.041520
v -0.751944 0.000000 -0.590588
v -0.785544 -0.038970 -0.548548
v -0.673065 0.076493 -0.665140
v -0.719801 0.039038 -0.634792
v -0.708377 -0.115231 -0.624249
v -0.708448 -0.038422 -0.624779
v -0.678827 -0.077147 -0.670834
v -0.511924 0.233774 -0.828310
v -0.554729 0.193855 -0.787612
v -0.562815 0.039851 -0.800954
v -0.549834 0.114636 -0.781871
v -0.517163 0.077419 -0.836788
v -0.593746 0.153983 -0.744614
v -0.637880 0.116629 -0.711061
v -0.563895 -0.278224 -0.798682
v -0.577672 -0.201873 -0.820187
v -0.527967 -0.241100 -0.854269
v -0.654702 -0.119704 -0.729813
v -0.624008 -0.161831 -0.782566
v -0.643212 -0.195444 -0.713761
v -0.533245 -0.079826 -0.862808
v -0.582572 -0.121462 -0.828426
v -0.572176 -0.040514 -0.814275
v -0.632892 0.038568 -0.704945
v -0.602960 0.000000 -0.758468
v -0.645111 -0.039313 -0.718555
v 0.000000 0.467781 -0.889000
v -0.066524 0.450152 -0.902523
v -0.066736 0.320106 -0.956140
v -0.065667 0.379861 -0.917426
v 0.000000 0.336062 -0.932252
v -0.132017 0.423224 -0.898627
v -0.198005 0.400572 -0.903668
v -0.066372 0.041020 -0.991402
v -0.065786 0.108857 -0.977924
v 0.000000 0.068488 -0.988174
v -0.197964 0.191419 -0.959380
v -0.130087 0.147945 -0.956133
v -0.198851 0.122897 -0.973697
v 0.000000 0.202419 -0.961043
v -0.065317 0.176124 -0.962510
v -0.065922 0.244931 -0.957283
v -0.389929 0.310867 -0.878792
v -0.449961 0.278091 -0.863187
v -0.266121 0.373373 -0.903490
v -0.328965 0.343491 -0.893982
v -0.336738 0.208116 -0.955689
v -0.331066 0.274893 -0.920110
v -0.267903 0.235756 -0.949343
v -0.133962 0.292973 -0.957772
v -0.200627 0.263565 -0.951706
v -0.200123 0.333501 -0.930759
v -0.067975 -0.523374 -0.888847
v -0.068828 -0.465740 -0.933776
v 0.000000 -0.486003 -0.923630
v -0.198490 -0.401554 -0.905884
v -0.134830 -0.432242 -0.917776
v -0.196149 -0.460581 -0.866462
v 0.000000 -0.352697 -0.978398
v -0.068601 -0.396835 -0.958419
v -0.067945 -0.325905 -0.973459
v -0.453646 -0.280369 -0.870255
v -0.390571 -0.311378 -0.880238
v -0.446250 -0.345467 -0.834775
v -0.264211 -0.232508 -0.936263
v -0.331235 -0.275033 -0.920579
v -0.329654 -0.203737 -0.935583
v -0.317860 -0.399570 -0.842966
v -0.326663 -0.341088 -0.887728
v -0.262361 -0.368098 -0.890724
v 0.000000 -0.068523 -0.988679
v -0.066531 -0.110090 -0.988997
v -0.066476 -0.041085 -0.992959
v -0.067797 -0.251895 -0.984500
v -0.067404 -0.181753 -0.993272
v 0.000000 -0.207653 -0.985892
v -0.200629 -0.123996 -0.982402
v -0.134793 -0.153297 -0.990722
v -0.199272 -0.192684 -0.965717
v -0.201381 -0.335596 -0.936607
v -0.200169 -0.262962 -0.949532
v -0.134774 -0.294750 -0.963580
v -0.459705 0.200602 -0.878941
v -0.344794 0.127401 -0.970167
v -0.405420 0.165616 -0.930744
v -0.463349 0.120397 -0.884052
v -0.472908 0.042073 -0.901332
v -0.132728 0.000000 -0.985138
v -0.268683 -0.082472 -0.972104
v -0.198874 -0.040943 -0.971555
v -0.200835 0.041347 -0.981135
v -0.270610 0.083064 -0.979075
v -0.468120 -0.204274 -0.895030
v -0.476207 -0.042366 -0.907620
v -0.476206 -0.123737 -0.908583
v -0.404444 -0.165217 -0.928502
v -0.339294 -0.125369 -0.954692
v -0.344998 0.042644 -0.972217
v -0.343945 -0.042514 -0.969249
v -0.419104 0.000000 -0.957527
v 0.104521 0.541634 -0.811785
v 0.064558 0.497060 -0.844158
v 0.188383 0.637799 -0.753590
v 0.146269 0.590276 -0.784035
v 0.191311 0.449220 -0.845091
v 0.168620 0.517139 -0.811977
v 0.233438 0.496152 -0.817090
v 0.343677 0.765400 -0.556082
v 0.306931 0.738933 -0.609153
v 0.359765 0.616058 -0.693516
v 0.335679 0.680917 -0.655426
v 0.401678 0.652550 -0.649929
v 0.268990 0.709481 -0.660571
v 0.229995 0.675536 -0.707351
v 0.436520 0.337935 -0.816575
v 0.425820 0.414318 -0.800543
v 0.482697 0.380308 -0.781020
v 0.304227 0.476894 -0.826332
v 0.366374 0.447400 -0.817006
v 0.321613 0.404288 -0.852919
v 0.446363 0.520288 -0.722231
v 0.406160 0.483709 -0.768553
v 0.381683 0.546149 -0.728083
v 0.254963 0.610406 -0.748798
v 0.317412 0.575123 -0.734397
v 0.274580 0.533948 -0.773934
v 0.580010 0.830599 -0.041206
v 0.553610 0.829734 -0.106832
v 0.640830 0.757171 -0.189278
v 0.593518 0.788340 -0.147072
v 0.655987 0.744392 -0.121090
v 0.533019 0.836910 -0.173798
v 0.510646 0.840958 -0.240257
v 0.766702 0.557028 -0.344262
v 0.746731 0.615582 -0.310171
v 0.778583 0.549705 -0.271222
v 0.641318 0.721952 -0.374516
v 0.693589 0.667624 -0.341927
v 0.673292 0.670588 -0.414446
v 0.724698 0.653067 -0.198438
v 0.713262 0.664092 -0.270424
v 0.673772 0.705503 -0.229394
v 0.423040 0.817397 -0.434784
v 0.388676 0.798205 -0.493318
v 0.485175 0.840681 -0.309510
v 0.456440 0.833513 -0.373776
v 0.533385 0.740411 -0.457599
v 0.492232 0.782095 -0.413317
v 0.569622 0.759375 -0.398087
v 0.617601 0.757623 -0.257968
v 0.596000 0.761056 -0.328934
v 0.549255 0.796122 -0.282452
v 0.833563 0.041353 -0.582080
v 0.836300 0.107677 -0.557991
v 0.859746 0.065750 -0.506238
v 0.743033 0.185744 -0.628864
v 0.794390 0.148201 -0.598073
v 0.739940 0.120365 -0.652063
v 0.846361 0.191598 -0.449895
v 0.826567 0.171650 -0.526431
v 0.813516 0.232417 -0.493982
v 0.544027 0.336227 -0.748808
v 0.592493 0.298537 -0.718723
v 0.548756 0.270754 -0.777238
v 0.680834 0.353186 -0.604792
v 0.637048 0.326267 -0.661824
v 0.633898 0.391770 -0.636454
v 0.638296 0.193950 -0.708307
v 0.637359 0.259538 -0.684549
v 0.685684 0.222950 -0.654844
v 0.831171 0.444323 -0.343976
v 0.805964 0.428703 -0.417123
v 0.796317 0.492151 -0.387756
v 0.804129 0.296053 -0.464079
v 0.801891 0.359596 -0.439123
v 0.827761 0.312127 -0.392363
v 0.735930 0.454829 -0.530157
v 0.774920 0.409525 -0.487716
v 0.728077 0.381680 -0.546145
v 0.731264 0.248992 -0.596113
v 0.722697 0.312355 -0.565961
v 0.764806 0.271341 -0.527650
v 0.413370 0.733410 -0.535614
v 0.581962 0.705423 -0.522991
v 0.496682 0.721130 -0.530219
v 0.449141 0.686904 -0.591543
v 0.479792 0.630912 -0.640154
v 0.750172 0.547856 -0.422818
v 0.684509 0.507485 -0.564708
v 0.732396 0.538502 -0.504441
v 0.708020 0.609727 -0.462948
v 0.654672 0.664262 -0.497861
v 0.533621 0.411832 -0.730681
v 0.498553 0.554768 -0.672461
v 0.521105 0.488145 -0.708735
v 0.582536 0.442302 -0.676445
v 0.627371 0.470211 -0.618314
v 0.608003 0.634672 -0.564852
v 0.625757 0.556918 -0.599463
v 0.553800 0.596107 -0.622254
v 0.569098 -0.814972 0.040430
v 0.555597 -0.832713 0.107215
v 0.503501 -0.855098 0.065394
v 0.625910 -0.739543 0.184871
v 0.593045 -0.787712 0.146955
v 0.655244 -0.743549 0.120952
v 0.457336 -0.860358 0.194767
v 0.532109 -0.835482 0.173501
v 0.506213 -0.833659 0.238171
v 0.731800 -0.531671 0.328591
v 0.715307 -0.589677 0.297118
v 0.768696 -0.542724 0.267778
v 0.604705 -0.680736 0.353136
v 0.664233 -0.639366 0.327454
v 0.635847 -0.633293 0.391397
v 0.732083 -0.659723 0.200461
v 0.696351 -0.648347 0.264012
v 0.666586 -0.697979 0.226948
v 0.344117 -0.831512 0.444505
v 0.416483 -0.804728 0.428045
v 0.386890 -0.794538 0.491051
v 0.474042 -0.821392 0.302408
v 0.443456 -0.809803 0.363144
v 0.401540 -0.847122 0.319427
v 0.524693 -0.728345 0.450142
v 0.488086 -0.775507 0.409835
v 0.551965 -0.735837 0.385747
v 0.603386 -0.740186 0.252030
v 0.580910 -0.741787 0.320606
v 0.547319 -0.793315 0.281456
v 0.801721 -0.039773 0.559844
v 0.806551 -0.103847 0.538142
v 0.829828 -0.063462 0.488622
v 0.724231 -0.181044 0.612951
v 0.774614 -0.144511 0.583184
v 0.723281 -0.117655 0.637383
v 0.830352 -0.187974 0.441386
v 0.807859 -0.167765 0.514517
v 0.794503 -0.226985 0.482437
v 0.553127 -0.341851 0.761333
v 0.599269 -0.301951 0.726943
v 0.544579 -0.268693 0.771323
v 0.664934 -0.344938 0.590668
v 0.638404 -0.326962 0.663233
v 0.627490 -0.387810 0.630020
v 0.636184 -0.193308 0.705962
v 0.645188 -0.262726 0.692958
v 0.682038 -0.221765 0.651362
v 0.786409 -0.420394 0.325451
v 0.753781 -0.400946 0.390116
v 0.742135 -0.458665 0.361373
v 0.779203 -0.286876 0.449694
v 0.767117 -0.344002 0.420081
v 0.801217 -0.302117 0.379781
v 0.682866 -0.422034 0.491930
v 0.726465 -0.383918 0.457220
v 0.701843 -0.367927 0.526466
v 0.716570 -0.243989 0.584135
v 0.712307 -0.307864 0.557823
v 0.750947 -0.266424 0.518088
v 0.039973 -0.562658 0.805749
v 0.107345 -0.556268 0.833719
v 0.065197 -0.501982 0.852518
v 0.180777 -0.612050 0.723166
v 0.145242 -0.586131 0.778528
v 0.117549 -0.636805 0.722626
v 0.194691 -0.457157 0.860022
v 0.174290 -0.534528 0.839280
v 0.238929 -0.507824 0.836311
v 0.343740 -0.765540 0.556183
v 0.302713 -0.728777 0.600781
v 0.272804 -0.783123 0.552910
v 0.356619 -0.610671 0.687452
v 0.329675 -0.668737 0.643702
v 0.394708 -0.641227 0.638651
v 0.193913 -0.708172 0.638175
v 0.259112 -0.683427 0.636314
v 0.217862 -0.639898 0.670035
v 0.441762 -0.341993 0.826380
v 0.433642 -0.421929 0.815249
v 0.490833 -0.386718 0.794185
v 0.305882 -0.479487 0.830827
v 0.369586 -0.451322 0.824168
v 0.318204 -0.400003 0.843879
v 0.452915 -0.527925 0.732832
v 0.413481 -0.492427 0.782406
v 0.385219 -0.551209 0.734829
v 0.246640 -0.590482 0.724356
v 0.317670 -0.575590 0.734993
v 0.281083 -0.546593 0.792264
v 0.688738 -0.502991 0.388192
v 0.633133 -0.469396 0.522324
v 0.656184 -0.482467 0.451950
v 0.647570 -0.557669 0.423422
v 0.603660 -0.612503 0.459068
v 0.546722 -0.421943 0.748620
v 0.492933 -0.548515 0.664880
v 0.522702 -0.489641 0.710907
v 0.581556 -0.441559 0.675308
v 0.609233 -0.456617 0.600437
v 0.418691 -0.742850 0.542508
v 0.548315 -0.664639 0.492754
v 0.489883 -0.711259 0.522961
v 0.440597 -0.673838 0.580290
v 0.463328 -0.609263 0.618188
v 0.582772 -0.518662 0.558284
v 0.526539 -0.566763 0.591623
v 0.564641 -0.589408 0.524568
v 0.437317 -0.876790 0.064628
v 0.453103 -0.861106 0.000000
v 0.391285 -0.882717 0.193414
v 0.417716 -0.886932 0.130299
v 0.338383 -0.938691 0.000000
v 0.375745 -0.907484 0.064955
v 0.318382 -0.950990 0.066377
v 0.273864 -0.850065 0.443121
v 0.308565 -0.872286 0.387042
v 0.237162 -0.955002 0.269499
v 0.271226 -0.907835 0.326650
v 0.205222 -0.942403 0.332057
v 0.340935 -0.887330 0.326517
v 0.367265 -0.888709 0.261767
v 0.068934 -0.994607 0.000000
v 0.108509 -0.974794 0.065576
v 0.040287 -0.973672 0.065185
v 0.250659 -0.979670 0.067464
v 0.180163 -0.984582 0.066815
v 0.206399 -0.979936 0.000000
v 0.123132 -0.975562 0.199232
v 0.151346 -0.978117 0.133078
v 0.192924 -0.966922 0.199520
v 0.330076 -0.921200 0.198068
v 0.262200 -0.946778 0.199589
v 0.291135 -0.951762 0.133121
v -0.040633 -0.571947 0.819051
v 0.000000 -0.613818 0.781521
v -0.082242 -0.715134 0.723655
v -0.041350 -0.672399 0.762445
v -0.125131 -0.677881 0.769237
v 0.040046 -0.651191 0.738396
v 0.078516 -0.682738 0.690872
v -0.241182 -0.854560 0.528147
v -0.206890 -0.840570 0.592028
v -0.284272 -0.816043 0.576153
v -0.041691 -0.837942 0.588806
v -0.123730 -0.843900 0.593454
v -0.081089 -0.876454 0.541678
v -0.209412 -0.764773 0.689181
v -0.166768 -0.806442 0.643046
v -0.125193 -0.763276 0.684722
v 0.196316 -0.797609 0.561769
v 0.233518 -0.827405 0.511364
v 0.117979 -0.719292 0.645264
v 0.157425 -0.761260 0.607019
v 0.080822 -0.873563 0.539892
v 0.120684 -0.823120 0.578841
v 0.041555 -0.835214 0.586889
v -0.041127 -0.751725 0.674890
v 0.000000 -0.791326 0.629081
v 0.040379 -0.738047 0.662611
v -0.445789 -0.847205 0.000000
v -0.428407 -0.858927 0.063311
v -0.482640 -0.819669 0.062685
v -0.311583 -0.930680 0.064959
v -0.372964 -0.900769 0.064475
v -0.331701 -0.920156 0.000000
v -0.448120 -0.843020 0.190842
v -0.410288 -0.871161 0.127982
v -0.390916 -0.881884 0.193231
v -0.040744 -0.984726 0.065925
v -0.110045 -0.988594 0.066504
v -0.070211 -1.013038 0.000000
v -0.193735 -0.970987 0.200359
v -0.150405 -0.972032 0.132250
v -0.121492 -0.962566 0.196578
v -0.201670 -0.957485 0.000000
v -0.177334 -0.969120 0.065765
v -0.244022 -0.953731 0.065678
v -0.357717 -0.864376 0.462073
v -0.320824 -0.906941 0.402419
v -0.284557 -0.883255 0.460423
v -0.372907 -0.902362 0.265789
v -0.354533 -0.922719 0.339539
v -0.416277 -0.878212 0.331150
v -0.208529 -0.957588 0.337407
v -0.280901 -0.940219 0.338302
v -0.238663 -0.961047 0.271206
v -0.285916 -0.934701 0.130735
v -0.263569 -0.951721 0.200631
v -0.328826 -0.917714 0.197318
v 0.198369 -0.869155 0.454587
v 0.042659 -0.913899 0.479502
v 0.123106 -0.903949 0.473777
v 0.162394 -0.912636 0.397533
v 0.124911 -0.951203 0.338054
v -0.207771 -0.910349 0.476132
v -0.125633 -0.956700 0.340008
v -0.168491 -0.946899 0.412457
v -0.125700 -0.922996 0.483760
v -0.042593 -0.912486 0.478761
v 0.000000 -0.967383 0.130335
v 0.082976 -0.978045 0.270325
v 0.041033 -0.973682 0.199310
v -0.040541 -0.962014 0.196921
v -0.081742 -0.963499 0.266305
v 0.000000 -0.935622 0.409516
v -0.042022 -0.958034 0.339965
v 0.041784 -0.952608 0.338040
v 0.427847 -0.857805 -0.063228
v 0.493307 -0.837786 -0.064070
v 0.317626 -0.948731 -0.066219
v 0.373961 -0.903175 -0.064647
v 0.448312 -0.843381 -0.190924
v 0.410132 -0.870830 -0.127933
v 0.388921 -0.877385 -0.192246
v 0.041873 -1.012006 -0.067751
v 0.111954 -1.005743 -0.067658
v 0.196822 -0.986461 -0.203552
v 0.154099 -0.995905 -0.135498
v 0.125449 -0.993916 -0.202981
v 0.179421 -0.980527 -0.066539
v 0.249046 -0.973365 -0.067030
v 0.339798 -0.821076 -0.438927
v 0.304677 -0.861293 -0.382165
v 0.274856 -0.853145 -0.444727
v 0.366908 -0.887845 -0.261513
v 0.335833 -0.874050 -0.321630
v 0.401578 -0.847202 -0.319457
v 0.207681 -0.953694 -0.336035
v 0.273173 -0.914355 -0.328996
v 0.236856 -0.953770 -0.269152
v 0.291095 -0.951632 -0.133103
v 0.263881 -0.952847 -0.200868
v 0.327902 -0.915134 -0.196764
v -0.488886 -0.830277 -0.063496
v -0.434631 -0.871406 -0.064231
v -0.390697 -0.881390 -0.193123
v -0.420170 -0.892143 -0.131064
v -0.458502 -0.862551 -0.195264
v -0.375752 -0.907501 -0.064956
v -0.309713 -0.925096 -0.064570
v -0.273673 -0.849472 -0.442812
v -0.303674 -0.858458 -0.380907
v -0.336046 -0.812010 -0.434080
v -0.227068 -0.914356 -0.258029
v -0.264721 -0.886063 -0.318816
v -0.197569 -0.907257 -0.319673
v -0.403165 -0.850550 -0.320720
v -0.335362 -0.872826 -0.321180
v -0.362556 -0.877313 -0.258411
v -0.112459 -1.010283 -0.067963
v -0.042401 -1.024764 -0.068606
v -0.243703 -0.952484 -0.065592
v -0.178346 -0.974653 -0.066141
v -0.123867 -0.981386 -0.200422
v -0.153011 -0.988875 -0.134542
v -0.190598 -0.955266 -0.197115
v -0.318333 -0.888427 -0.191022
v -0.254805 -0.920076 -0.193959
v -0.281789 -0.921210 -0.128848
v 0.042039 -0.591747 -0.847407
v 0.000000 -0.637532 -0.811714
v -0.042363 -0.596306 -0.853936
v 0.083234 -0.723763 -0.732386
v 0.041942 -0.682023 -0.773357
v 0.125890 -0.681993 -0.773903
v -0.119969 -0.649916 -0.737504
v -0.041635 -0.677030 -0.767696
v -0.081427 -0.708051 -0.716487
v 0.235330 -0.833824 -0.515331
v 0.199451 -0.810347 -0.570741
v 0.275707 -0.791458 -0.558795
v 0.041450 -0.833089 -0.585396
v 0.121023 -0.825437 -0.580470
v 0.080788 -0.873204 -0.539670
v 0.206157 -0.752888 -0.678471
v 0.163030 -0.788365 -0.628632
v 0.125110 -0.762771 -0.684269
v -0.267748 -0.768609 -0.542663
v -0.197810 -0.803678 -0.566044
v -0.237553 -0.841702 -0.520200
v -0.119588 -0.729103 -0.654065
v -0.156344 -0.756031 -0.602850
v -0.190883 -0.697106 -0.628202
v -0.080311 -0.868049 -0.536484
v -0.120585 -0.822445 -0.578367
v -0.041164 -0.827338 -0.581355
v 0.041607 -0.760484 -0.682755
v 0.000000 -0.801381 -0.637075
v -0.041530 -0.759094 -0.681506
v 0.000000 -1.015504 -0.136819
v -0.081761 -0.963721 -0.266366
v -0.042252 -1.002599 -0.205229
v 0.042211 -1.001639 -0.205032
v 0.083047 -0.978871 -0.270553
v -0.202739 -0.888302 -0.464601
v -0.041916 -0.897965 -0.471142
v -0.121834 -0.894605 -0.468880
v -0.160065 -0.899546 -0.391831
v -0.122087 -0.929700 -0.330412
v 0.200280 -0.877528 -0.458966
v 0.125288 -0.954074 -0.339074
v 0.165763 -0.931572 -0.405781
v 0.123406 -0.906151 -0.474931
v 0.042499 -0.910469 -0.477702
v -0.041902 -0.955301 -0.338996
v 0.000000 -0.942689 -0.412609
v 0.041751 -0.951861 -0.337775
v 0.547482 -0.820550 -0.105649
v 0.568240 -0.813743 -0.040369
v 0.496419 -0.817529 -0.233563
v 0.523822 -0.822471 -0.170799
v 0.674070 -0.764913 -0.124428
v 0.606586 -0.805698 -0.150310
v 0.652314 -0.770740 -0.192670
v 0.380711 -0.781849 -0.483209
v 0.413211 -0.798405 -0.424682
v 0.558026 -0.743917 -0.389983
v 0.487660 -0.774831 -0.409478
v 0.519069 -0.720538 -0.445317
v 0.448152 -0.818379 -0.366990
v 0.474006 -0.821330 -0.302385
v 0.786400 -0.555224 -0.273945
v 0.733695 -0.604835 -0.304756
v 0.749474 -0.544511 -0.336526
v 0.692031 -0.724622 -0.235611
v 0.723562 -0.673682 -0.274329
v 0.742890 -0.669461 -0.203420
v 0.649682 -0.647072 -0.399913
v 0.683012 -0.657443 -0.336712
v 0.621330 -0.699451 -0.362844
v 0.546086 -0.791528 -0.280822
v 0.587706 -0.750465 -0.324357
v 0.623422 -0.764764 -0.260399
v 0.067944 -0.523134 -0.888440
v 0.109545 -0.567668 -0.850804
v 0.248293 -0.527725 -0.869086
v 0.179542 -0.550634 -0.864569
v 0.206795 -0.485580 -0.913491
v 0.150896 -0.608951 -0.808839
v 0.192265 -0.650942 -0.769119
v 0.504024 -0.397111 -0.815527
v 0.442395 -0.430445 -0.831705
v 0.466242 -0.360945 -0.872174
v 0.391509 -0.560209 -0.746827
v 0.417571 -0.497298 -0.790144
v 0.450257 -0.524827 -0.728531
v 0.340090 -0.427514 -0.901920
v 0.379993 -0.464031 -0.847376
v 0.318221 -0.498830 -0.864342
v 0.311489 -0.749904 -0.618198
v 0.348406 -0.775932 -0.563733
v 0.238380 -0.700163 -0.733137
v 0.273922 -0.722488 -0.672683
v 0.408038 -0.662882 -0.660220
v 0.343347 -0.696470 -0.670397
v 0.367613 -0.629496 -0.708644
v 0.288932 -0.561856 -0.814386
v 0.329627 -0.597255 -0.762659
v 0.261934 -0.627096 -0.769271
v 0.858323 -0.065641 -0.505400
v 0.825695 -0.106312 -0.550915
v 0.832227 -0.041286 -0.581147
v 0.837522 -0.239275 -0.508559
v 0.832034 -0.172785 -0.529913
v 0.877783 -0.198712 -0.466599
v 0.762013 -0.123956 -0.671515
v 0.802102 -0.149640 -0.603878
v 0.760215 -0.190039 -0.643407
v 0.764701 -0.472611 -0.372361
v 0.789869 -0.420142 -0.408793
v 0.826149 -0.441638 -0.341897
v 0.734640 -0.385120 -0.551067
v 0.759792 -0.401530 -0.478195
v 0.713803 -0.441154 -0.514217
v 0.856740 -0.323054 -0.406099
v 0.808676 -0.362639 -0.442839
v 0.826662 -0.304348 -0.477084
v 0.584911 -0.288593 -0.828447
v 0.627748 -0.316301 -0.761490
v 0.573501 -0.354443 -0.789377
v 0.718247 -0.233538 -0.685942
v 0.678739 -0.276388 -0.728993
v 0.680656 -0.206821 -0.755313
v 0.660486 -0.408203 -0.663149
v 0.668537 -0.342394 -0.694538
v 0.705309 -0.365883 -0.626533
v 0.790246 -0.280367 -0.545201
v 0.753276 -0.325572 -0.589908
v 0.747607 -0.254557 -0.609436
v 0.419535 -0.744347 -0.543602
v 0.473402 -0.622509 -0.631628
v 0.450814 -0.689462 -0.593746
v 0.485945 -0.705541 -0.518757
v 0.543601 -0.658924 -0.488517
v 0.550232 -0.424652 -0.753426
v 0.631673 -0.473435 -0.622553
v 0.596544 -0.452938 -0.692711
v 0.527058 -0.493721 -0.716831
v 0.504061 -0.560897 -0.679889
v 0.715121 -0.522258 -0.403062
v 0.602899 -0.611731 -0.458489
v 0.657071 -0.565851 -0.429634
v 0.683811 -0.502780 -0.470978
v 0.662502 -0.491170 -0.546552
v 0.535766 -0.576695 -0.601991
v 0.601928 -0.535710 -0.576635
v 0.575039 -0.600262 -0.534228
v 0.624833 -0.795546 0.000000
v 0.711377 -0.719852 -0.081810
v 0.667926 -0.757372 -0.041075
v 0.668426 -0.757940 0.041106
v 0.709941 -0.718399 0.081645
v 0.836750 -0.517140 -0.236156
v 0.821277 -0.578440 -0.202141
v 0.856049 -0.601529 -0.042592
v 0.834261 -0.586676 -0.122317
v 0.881433 -0.544756 -0.081550
v 0.789225 -0.629318 -0.163208
v 0.752407 -0.674971 -0.123410
v 0.795824 -0.560513 0.195877
v 0.812379 -0.502078 0.229277
v 0.761939 -0.683522 0.124974
v 0.780841 -0.622633 0.161474
v 0.849741 -0.525169 0.078618
v 0.824722 -0.579968 0.120919
v 0.836440 -0.587751 0.041616
v 0.755590 -0.678360 -0.041339
v 0.809910 -0.643854 0.000000
v 0.759288 -0.681681 0.041541
v 0.879559 0.000000 -0.462813
v 0.889542 -0.065567 -0.443677
v 0.933089 -0.065127 -0.312389
v 0.908917 -0.065058 -0.376338
v 0.909918 0.000000 -0.328011
v 0.896663 -0.131728 -0.422299
v 0.898473 -0.196866 -0.398269
v 1.015710 -0.067999 -0.042026
v 0.994611 -0.066909 -0.110715
v 0.992488 0.000000 -0.068787
v 0.960311 -0.198156 -0.191605
v 0.984182 -0.133903 -0.152285
v 0.980646 -0.200271 -0.123774
v 0.989095 0.000000 -0.208328
v 0.998494 -0.067759 -0.182709
v 0.968826 -0.066717 -0.247884
v 0.878465 -0.389784 -0.310751
v 0.849116 -0.442627 -0.273558
v 0.899411 -0.264919 -0.371688
v 0.889774 -0.327416 -0.341874
v 0.919654 -0.324041 -0.200268
v 0.906612 -0.326210 -0.270860
v 0.930331 -0.262537 -0.231035
v 0.946234 -0.132348 -0.289444
v 0.951295 -0.200541 -0.263451
v 0.923657 -0.198596 -0.330956
v 0.846646 -0.062406 0.422281
v 0.850070 0.000000 0.447297
v 0.853482 -0.187008 0.378326
v 0.847399 -0.124491 0.399097
v 0.921758 0.000000 0.332279
v 0.880611 -0.063032 0.364618
v 0.927154 -0.064713 0.310402
v 0.830055 -0.432691 0.267417
v 0.828835 -0.367763 0.293195
v 0.932642 -0.263189 0.231609
v 0.886710 -0.319049 0.264914
v 0.915051 -0.322419 0.199266
v 0.839381 -0.308873 0.322512
v 0.854292 -0.251630 0.353042
v 1.030522 0.000000 0.071423
v 1.036218 -0.069708 0.115346
v 1.036466 -0.069389 0.042885
v 0.988558 -0.068076 0.252933
v 1.019357 -0.069175 0.186526
v 1.007354 0.000000 0.212174
v 1.008476 -0.205954 0.127287
v 1.016544 -0.138306 0.157292
v 0.978846 -0.201981 0.195303
v 0.894207 -0.192264 0.320404
v 0.935852 -0.197285 0.259174
v 0.942911 -0.131883 0.288427
v 0.864304 -0.452049 -0.197262
v 0.936530 -0.332839 -0.122984
v 0.905353 -0.394360 -0.161098
v 0.890898 -0.466937 -0.121329
v 0.893250 -0.468668 -0.041695
v 1.021039 -0.137564 0.000000
v 0.968073 -0.267569 0.082130
v 1.005593 -0.205842 0.042378
v 1.003787 -0.205472 -0.042302
v 0.969059 -0.267841 -0.082214
v 0.850173 -0.444658 0.194036
v 0.884515 -0.464085 0.041288
v 0.868425 -0.455159 0.118268
v 0.886101 -0.385974 0.157672
v 0.931477 -0.331044 0.122321
v 0.948938 -0.336737 -0.041623
v 0.951139 -0.337519 0.041720
v 0.917656 -0.401653 0.000000
v 0.064067 -0.433527 0.869192
v 0.190055 -0.384491 0.867390
v 0.128502 -0.411955 0.874699
v 0.062601 -0.362125 0.874590
v 0.062055 -0.297650 0.889064
v 0.438180 -0.270810 0.840585
v 0.379139 -0.302264 0.854473
v 0.252426 -0.222137 0.894499
v 0.316752 -0.263007 0.880327
v 0.310753 -0.192056 0.881941
v 0.314706 -0.328603 0.855234
v 0.252922 -0.354855 0.858679
v 0.064129 -0.106116 0.953294
v 0.064812 -0.040056 0.968097
v 0.061709 -0.229278 0.896107
v 0.062385 -0.168219 0.919307
v 0.186554 -0.115296 0.913479
v 0.125480 -0.142705 0.922270
v 0.186139 -0.179984 0.902070
v 0.190726 -0.317839 0.887051
v 0.188791 -0.248015 0.895558
v 0.124455 -0.272182 0.889802
v 0.783338 0.000000 0.615245
v 0.712272 0.080948 0.703886
v 0.751332 0.040748 0.662599
v 0.741271 -0.040202 0.653726
v 0.693287 -0.078791 0.685124
v 0.511827 0.233729 0.828154
v 0.566205 0.197866 0.803907
v 0.565218 0.040021 0.804373
v 0.561259 0.117018 0.798119
v 0.514241 0.076982 0.832060
v 0.616643 0.159921 0.773330
v 0.664665 0.121526 0.740919
v 0.556019 -0.194306 0.789444
v 0.509867 -0.232834 0.824981
v 0.637576 -0.116573 0.710722
v 0.598392 -0.155188 0.750441
v 0.515190 -0.077124 0.833596
v 0.557583 -0.116252 0.792891
v 0.560277 -0.039671 0.797342
v 0.667332 0.040667 0.743306
v 0.615397 0.000000 0.774113
v 0.657173 -0.040048 0.731991
v 0.065928 0.446117 0.894434
v 0.065172 0.312603 0.933729
v 0.066507 0.384724 0.929170
v 0.132822 0.425805 0.904107
v 0.197109 0.398761 0.899583
v 0.065940 0.040753 0.984949
v 0.067303 0.111367 1.000465
v 0.193046 0.186663 0.935543
v 0.132121 0.150258 0.971082
v 0.192502 0.118973 0.942606
v 0.067173 0.181129 0.989862
v 0.065873 0.244747 0.956566
v 0.389645 0.310640 0.878152
v 0.447798 0.276755 0.859037
v 0.262218 0.367897 0.890239
v 0.323335 0.337613 0.878684
v 0.316757 0.195767 0.898982
v 0.321425 0.266887 0.893314
v 0.257325 0.226448 0.911860
v 0.130467 0.285331 0.932788
v 0.195191 0.256422 0.925916
v 0.196563 0.327568 0.914202
v 0.448951 -0.195910 0.858381
v 0.451619 -0.040179 0.860757
v 0.453993 -0.117966 0.866202
v 0.385685 -0.157554 0.885436
v 0.325025 -0.120097 0.914543
v 0.448768 0.195830 0.858030
v 0.328885 0.121523 0.925405
v 0.394879 0.161310 0.906544
v 0.454541 0.118108 0.867247
v 0.454823 0.040464 0.866862
v 0.128746 0.000000 0.955590
v 0.253536 -0.077823 0.917302
v 0.189241 -0.038960 0.924494
v 0.194028 0.039946 0.947881
v 0.257146 0.078931 0.930363
v 0.395374 0.000000 0.903312
v 0.330842 0.040894 0.932324
v 0.324940 -0.040165 0.915693
v -0.519887 -0.779192 0.100324
v -0.489168 -0.805588 0.230152
v -0.500283 -0.785511 0.163124
v -0.553151 -0.734723 0.137069
v -0.604673 -0.714450 0.178599
v -0.393431 -0.807971 0.499353
v -0.422208 -0.815789 0.433929
v -0.548615 -0.731370 0.383406
v -0.486192 -0.772499 0.408245
v -0.521956 -0.724546 0.447794
v -0.451401 -0.824311 0.369650
v -0.474112 -0.821512 0.302452
v -0.713456 -0.588151 0.296349
v -0.738277 -0.536376 0.331499
v -0.649960 -0.680570 0.221287
v -0.671667 -0.625364 0.254654
v -0.637140 -0.634582 0.392193
v -0.653665 -0.629194 0.322245
v -0.608472 -0.684977 0.355335
v -0.536755 -0.778003 0.276023
v -0.573155 -0.731884 0.316326
v -0.590649 -0.724561 0.246710
v -0.107953 -0.559422 0.838445
v -0.239666 -0.509390 0.838889
v -0.174501 -0.535174 0.840294
v -0.149842 -0.604696 0.803188
v -0.194921 -0.659935 0.779745
v -0.471818 -0.371737 0.763418
v -0.422302 -0.410895 0.793931
v -0.393585 -0.563180 0.750787
v -0.409709 -0.487936 0.775269
v -0.448417 -0.522682 0.725553
v -0.364159 -0.444695 0.812066
v -0.304373 -0.477122 0.826729
v -0.315749 -0.760161 0.626653
v -0.351205 -0.782165 0.568262
v -0.239424 -0.703231 0.736350
v -0.277046 -0.730727 0.680353
v -0.402660 -0.654145 0.651518
v -0.343622 -0.697028 0.670934
v -0.369926 -0.633457 0.713103
v -0.287914 -0.559878 0.811520
v -0.334604 -0.606273 0.774174
v -0.266548 -0.638144 0.782824
v -0.820809 -0.105683 0.547655
v -0.814772 -0.232776 0.494745
v -0.813006 -0.168834 0.517794
v -0.779805 -0.145480 0.587092
v -0.737230 -0.184293 0.623953
v -0.762686 -0.471366 0.371380
v -0.785797 -0.417976 0.406686
v -0.699320 -0.366604 0.524573
v -0.748516 -0.395571 0.471098
v -0.705276 -0.435885 0.508074
v -0.801120 -0.359250 0.438701
v -0.805355 -0.296504 0.464787
v -0.584341 -0.294430 0.708834
v -0.531344 -0.328389 0.731351
v -0.681875 -0.221712 0.651206
v -0.624755 -0.254406 0.671012
v -0.622619 -0.384800 0.625129
v -0.630698 -0.323015 0.655227
v -0.659566 -0.342154 0.585900
v -0.768520 -0.272659 0.530212
v -0.713227 -0.308262 0.558544
v -0.725441 -0.247010 0.591367
v -0.423581 -0.751526 0.548845
v -0.470040 -0.618088 0.627142
v -0.441520 -0.675249 0.581506
v -0.486472 -0.706305 0.519319
v -0.552480 -0.669687 0.496497
v -0.519801 -0.401166 0.711756
v -0.608048 -0.455729 0.599269
v -0.565495 -0.429364 0.656658
v -0.513635 -0.481147 0.698574
v -0.495363 -0.551218 0.668157
v -0.719500 -0.525456 0.405530
v -0.617590 -0.626638 0.469661
v -0.660721 -0.568994 0.432020
v -0.687458 -0.505461 0.473491
v -0.655682 -0.486113 0.540926
v -0.546802 -0.588574 0.614391
v -0.606511 -0.539790 0.581026
v -0.586177 -0.611889 0.544575
v -0.108979 -0.564736 -0.846409
v -0.180879 -0.612393 -0.723572
v -0.146387 -0.590751 -0.784666
v -0.172110 -0.527842 -0.828782
v -0.236487 -0.502634 -0.827763
v -0.327134 -0.728556 -0.529314
v -0.291210 -0.701082 -0.577950
v -0.347157 -0.594468 -0.669211
v -0.318084 -0.645225 -0.621070
v -0.386742 -0.628285 -0.625761
v -0.253990 -0.669916 -0.623734
v -0.217642 -0.639252 -0.669358
v -0.417678 -0.406396 -0.785237
v -0.482122 -0.379855 -0.780089
v -0.297280 -0.466003 -0.807462
v -0.355174 -0.433723 -0.792030
v -0.432700 -0.504362 -0.700123
v -0.395590 -0.471120 -0.748551
v -0.372412 -0.532884 -0.710400
v -0.245520 -0.587800 -0.721066
v -0.307061 -0.556367 -0.710447
v -0.275239 -0.535230 -0.775793
v -0.547037 -0.819883 -0.105563
v -0.632779 -0.747659 -0.186900
v -0.589723 -0.783300 -0.146132
v -0.527822 -0.828751 -0.172104
v -0.503927 -0.829893 -0.237096
v -0.793692 -0.576637 -0.356381
v -0.760658 -0.627063 -0.315955
v -0.620957 -0.699031 -0.362626
v -0.694354 -0.668360 -0.342304
v -0.656590 -0.653953 -0.404165
v -0.726456 -0.676376 -0.275426
v -0.676636 -0.708502 -0.230370
v -0.406947 -0.786302 -0.418244
v -0.369931 -0.759710 -0.469527
v -0.479288 -0.830482 -0.305755
v -0.441385 -0.806021 -0.361448
v -0.506629 -0.703270 -0.434644
v -0.472003 -0.749954 -0.396331
v -0.545570 -0.727312 -0.381278
v -0.616448 -0.756209 -0.257486
v -0.583890 -0.745592 -0.322251
v -0.548863 -0.795554 -0.282250
v -0.789029 -0.101591 -0.526451
v -0.720232 -0.180044 -0.609567
v -0.749488 -0.139824 -0.564267
v -0.804145 -0.166994 -0.512151
v -0.809692 -0.231324 -0.491660
v -0.553997 -0.342389 -0.762530
v -0.615460 -0.310110 -0.746584
v -0.698009 -0.362096 -0.620049
v -0.657644 -0.336815 -0.683221
v -0.652206 -0.403086 -0.654836
v -0.650141 -0.264743 -0.698278
v -0.686377 -0.223176 -0.655506
v -0.823192 -0.437867 -0.426040
v -0.818287 -0.505729 -0.398455
v -0.826032 -0.304116 -0.476720
v -0.824023 -0.369521 -0.451243
v -0.743133 -0.459281 -0.535346
v -0.782546 -0.413555 -0.492515
v -0.746900 -0.391547 -0.560264
v -0.735697 -0.250502 -0.599727
v -0.741489 -0.320477 -0.580676
v -0.778563 -0.276222 -0.537141
v -0.396649 -0.703742 -0.513948
v -0.544376 -0.659864 -0.489214
v -0.475790 -0.690796 -0.507916
v -0.425555 -0.650832 -0.560478
v -0.459279 -0.603937 -0.612784
v -0.768782 -0.561447 -0.433307
v -0.690216 -0.511717 -0.569416
v -0.727115 -0.534620 -0.500805
v -0.696074 -0.599440 -0.455137
v -0.622580 -0.631701 -0.473456
v -0.524156 -0.404527 -0.717720
v -0.486226 -0.541051 -0.655834
v -0.504958 -0.473019 -0.686773
v -0.578914 -0.439552 -0.672240
v -0.635081 -0.475990 -0.625912
v -0.587580 -0.613353 -0.545878
v -0.621044 -0.552724 -0.594948
v -0.545354 -0.587015 -0.612764
v 0.805381 0.000000 -0.632558
v 0.726826 -0.082602 -0.718268
v 0.766150 -0.041551 -0.675667
v 0.767907 0.041647 -0.677216
v 0.704737 0.080092 -0.696439
v 0.542475 -0.247725 -0.877743
v 0.592102 -0.206916 -0.840676
v 0.580666 -0.041115 -0.826358
v 0.584126 -0.121786 -0.830636
v 0.531012 -0.079492 -0.859196
v 0.635099 -0.164707 -0.796474
v 0.676571 -0.123703 -0.754190
v 0.558517 0.195179 -0.792991
v 0.503617 0.229980 -0.814870
v 0.652585 0.119317 -0.727452
v 0.604258 0.156709 -0.757797
v 0.529193 0.079220 -0.856252
v 0.575035 0.119890 -0.817708
v 0.568466 0.040251 -0.808995
v 0.670707 -0.040872 -0.747065
v 0.623060 0.000000 -0.783752
v 0.671117 0.040897 -0.747521
v 0.068519 -0.463651 -0.929589
v 0.068456 -0.328353 -0.980772
v 0.068630 -0.397005 -0.958831
v 0.137577 -0.441048 -0.936473
v 0.207150 -0.419074 -0.945407
v 0.065569 -0.040524 -0.979407
v 0.065924 -0.109085 -0.979973
v 0.201896 -0.195221 -0.978436
v 0.133197 -0.151481 -0.978990
v 0.194979 -0.120503 -0.954733
v 0.066562 -0.179480 -0.980852
v 0.067936 -0.252415 -0.986532
v 0.407330 -0.324739 -0.918009
v 0.470677 -0.290894 -0.902927
v 0.276374 -0.387758 -0.938299
v 0.342560 -0.357687 -0.930929
v 0.338159 -0.208994 -0.959722
v 0.345362 -0.286763 -0.959842
v 0.274754 -0.241785 -0.973621
v 0.138000 -0.301806 -0.986647
v 0.209905 -0.275753 -0.995715
v 0.209719 -0.349492 -0.975389
v 0.064817 0.438598 -0.879359
v 0.190367 0.385121 -0.868812
v 0.127781 0.409644 -0.869793
v 0.065175 0.377019 -0.910562
v 0.064667 0.310181 -0.926494
v 0.437911 0.270644 -0.840069
v 0.379264 0.302364 -0.854756
v 0.260658 0.229381 -0.923669
v 0.322972 0.268172 -0.897613
v 0.325741 0.201319 -0.924478
v 0.322429 0.336667 -0.876221
v 0.255839 0.358948 -0.868584
v 0.065593 0.108538 -0.975051
v 0.065880 0.040716 -0.984051
v 0.065692 0.244076 -0.953943
v 0.065982 0.177917 -0.972309
v 0.195443 0.120791 -0.957008
v 0.130828 0.148787 -0.961577
v 0.194028 0.187613 -0.940305
v 0.191831 0.319682 -0.892194
v 0.194325 0.255285 -0.921809
v 0.128321 0.280636 -0.917442
v 0.478307 -0.208720 -0.914508
v 0.337133 -0.124570 -0.948610
v 0.408022 -0.166679 -0.936716
v 0.470788 -0.122330 -0.898246
v 0.470348 -0.041845 -0.896452
v 0.131262 0.000000 -0.974264
v 0.262401 0.080544 -0.949376
v 0.196037 0.040359 -0.957696
v 0.198140 -0.040792 -0.967970
v 0.266438 -0.081783 -0.963983
v 0.443265 0.193429 -0.847509
v 0.468167 0.041651 -0.892296
v 0.462390 0.120147 -0.882222
v 0.393146 0.160602 -0.902565
v 0.333516 0.123234 -0.938434
v 0.337065 -0.041663 -0.949860
v 0.335120 0.041423 -0.944379
v 0.408016 0.000000 -0.932194
v 0.858168 0.063255 0.428028
v 0.945191 0.065972 0.316440
v 0.898683 0.064325 0.372101
v 0.881761 0.129539 0.415280
v 0.888688 0.194722 0.393932
v 1.008126 0.067492 0.041712
v 1.030497 0.069323 0.114710
v 0.987545 0.203776 0.197039
v 1.008025 0.137147 0.155974
v 0.993313 0.202858 0.125373
v 1.015002 0.068879 0.185729
v 0.982811 0.067680 0.251463
v 0.894653 0.396967 0.316477
v 0.875673 0.456470 0.282114
v 0.882751 0.260012 0.364803
v 0.889502 0.327316 0.341770
v 0.926460 0.326439 0.201751
v 0.923450 0.332268 0.275891
v 0.953729 0.269140 0.236846
v 0.950591 0.132957 0.290776
v 0.964591 0.203344 0.267133
v 0.919773 0.197761 0.329564
v 0.880198 0.064879 -0.439016
v 0.864892 0.189508 -0.383383
v 0.879711 0.129238 -0.414315
v 0.899729 0.064400 -0.372534
v 0.924749 0.064545 -0.309597
v 0.844546 0.440245 -0.272086
v 0.857930 0.380672 -0.303487
v 0.929116 0.262195 -0.230733
v 0.903522 0.325098 -0.269937
v 0.924392 0.325711 -0.201300
v 0.866969 0.319024 -0.333112
v 0.863478 0.254336 -0.356838
v 0.975296 0.065609 -0.108565
v 0.984974 0.065942 -0.040754
v 0.950354 0.065445 -0.243158
v 0.957518 0.064978 -0.175211
v 0.956369 0.195313 -0.120710
v 0.957655 0.130294 -0.148180
v 0.945901 0.195183 -0.188730
v 0.899923 0.193493 -0.322452
v 0.926967 0.195412 -0.256713
v 0.927267 0.129695 -0.283642
v 0.621674 0.791523 0.000000
v 0.678871 0.686960 0.078072
v 0.654398 0.742033 0.040243
v 0.656171 0.744043 -0.040352
v 0.695477 0.703763 -0.079981
v 0.850147 0.525420 0.239937
v 0.805893 0.567605 0.198355
v 0.812500 0.570928 0.040425
v 0.807333 0.567739 0.118369
v 0.839913 0.519095 0.077708
v 0.764998 0.610000 0.158198
v 0.724522 0.649956 0.118837
v 0.784120 0.552269 -0.192996
v 0.808881 0.499916 -0.228290
v 0.743614 0.667083 -0.121968
v 0.762893 0.608321 -0.157763
v 0.840156 0.519245 -0.077731
v 0.801898 0.563917 -0.117572
v 0.815066 0.572731 -0.040553
v 0.724402 0.650360 0.039632
v 0.770003 0.612130 0.000000
v 0.737082 0.661744 -0.040326
v 0.992414 0.133708 0.000000
v 0.964195 0.266497 -0.081801
v 0.970553 0.198669 -0.040901
v 0.972004 0.198966 0.040962
v 0.953959 0.263668 0.080933
v 0.854040 0.446681 -0.194919
v 0.888968 0.466421 -0.041496
v 0.881731 0.462133 -0.120081
v 0.905827 0.394567 -0.161182
v 0.955938 0.339737 -0.125533
v 0.880617 0.460581 0.200985
v 0.920444 0.327122 0.120872
v 0.891988 0.388539 0.158720
v 0.881173 0.461840 0.120005
v 0.876418 0.459836 0.040910
v 0.957258 0.339690 -0.041988
v 0.918580 0.402057 0.000000
v 0.944846 0.335285 0.041444
f 1 643 645
f 163 644 643
f 165 645 644
f 643 644 645
f 43 646 648
f 164 647 646
f 163 648 647
f 646 647 648
f 45 649 651
f 165 650 649
f 164 651 650
f 649 650 651
f 163 647 644
f 164 650 647
f 165 644 650
f 647 650 644
f 13 652 654
f 166 653 652
f 168 654 653
f 652 653 654
f 44 655 657
f 167 656 655
f 166 657 656
f 655 656 657
f 43 658 660
f 168 659 658
f 167 660 659
f 658 659 660
f 166 656 653
f 167 659 656
f 168 653 659
f 656 659 653
f 15 661 663
f 169 662 661
f 171 663 662
f 661 662 663
f 45 664 666
f 170 665 664
f 169 666 665
f 664 665 666
f 44 667 669
f 171 668 667
f 170 669 668
f 667 668 669
f 169 665 662
f 170 668 665
f 171 662 668
f 665 668 662
f 43 660 646
f 167 670 660
f 164 646 670
f 660 670 646
f 44 669 655
f 170 671 669
f 167 655 671
f 669 671 655
f 45 651 664
f 164 672 651
f 170 664 672
f 651 672 664
f 167 671 670
f 170 672 671
f 164 670 672
f 671 672 670
f 12 673 675
f 172 674 673
f 174 675 674
f 673 674 675
f 46 676 678
f 173 677 676
f 172 678 677
f 676 677 678
f 48 679 681
f 174 680 679
f 173 681 680
f 679 680 681
f 172 677 674
f 173 680 677
f 174 674 680
f 677 680 674
f 14 682 684
f 175 683 682
f 177 684 683
f 682 683 684
f 47 685 687
f 176 686 685
f 175 687 686
f 685 686 687
f 46 688 690
f 177 689 688
f 176 690 689
f 688 689 690
f 175 686 683
f 176 689 686
f 177 683 689
f 686 689 683
f 13 691 693
f 178 692 691
f 180 693 692
f 691 692 693
f 48 694 696
f 179 695 694
f 178 696 695
f 694 695 696
f 47 697 699
f 180 698 697
f 179 699 698
f 697 698 699
f 178 695 692
f 179 698 695
f 180 692 698
f 695 698 692
f 46 690 676
f 176 700 690
f 173 676 700
f 690 700 676
f 47 699 685
f 179 701 699
f 176 685 701
f 699 701 685
f 48 681 694
f 173 702 681
f 179 694 702
f 681 702 694
f 176 701 700
f 179 702 701
f 173 700 702
f 701 702 700
f 6 703 705
f 181 704 703
f 183 705 704
f 703 704 705
f 49 706 708
f 182 707 706
f 181 708 707
f 706 707 708
f 51 709 711
f 183 710 709
f 182 711 710
f 709 710 711
f 181 707 704
f 182 710 707
f 183 704 710
f 707 710 704
f 15 712 714
f 184 713 712
f 186 714 713
f 712 713 714
f 50 715 717
f 185 716 715
f 184 717 716
f 715 716 717
f 49 718 720
f 186 719 718
f 185 720 719
f 718 719 720
f 184 716 713
f 185 719 716
f 186 713 719
f 716 719 713
f 14 721 723
f 187 722 721
f 189 723 722
f 721 722 723
f 51 724 726
f 188 725 724
f 187 726 725
f 724 725 726
f 50 727 729
f 189 728 727
f 188 729 728
f 727 728 729
f 187 725 722
f 188 728 725
f 189 722 728
f 725 728 722
f 49 720 706
f 185 730 720
f 182 706 730
f 720 730 706
f 50 729 715
f 188 731 729
f 185 715 731
f 729 731 715
f 51 711 724
f 182 732 711
f 188 724 732
f 711 732 724
f 185 731 730
f 188 732 731
f 182 730 732
f 731 732 730
f 13 693 652
f 180 733 693
f 166 652 733
f 693 733 652
f 47 734 697
f 190 735 734
f 180 697 735
f 734 735 697
f 44 657 737
f 166 736 657
f 190 737 736
f 657 736 737
f 180 735 733
f 190 736 735
f 166 733 736
f 735 736 733
f 14 723 682
f 189 738 723
f 175 682 738
f 723 738 682
f 50 739 727
f 191 740 739
f 189 727 740
f 739 740 727
f 47 687 742
f 175 741 687
f 191 742 741
f 687 741 742
f 189 740 738
f 191 741 740
f 175 738 741
f 740 741 738
f 15 663 712
f 171 743 663
f 184 712 743
f 663 743 712
f 44 744 667
f 192 745 744
f 171 667 745
f 744 745 667
f 50 717 747
f 184 746 717
f 192 747 746
f 717 746 747
f 171 745 743
f 192 746 745
f 184 743 746
f 745 746 743
f 47 742 734
f 191 748 742
f 190 734 748
f 742 748 734
f 50 747 739
f 192 749 747
f 191 739 749
f 747 749 739
f 44 737 744
f 190 750 737
f 192 744 750
f 737 750 744
f 191 749 748
f 192 750 749
f 190 748 750
f 749 750 748
f 1 645 752
f 165 751 645
f 194 752 751
f 645 751 752
f 45 753 649
f 193 754 753
f 165 649 754
f 753 754 649
f 53 755 757
f 194 756 755
f 193 757 756
f 755 756 757
f 165 754 751
f 193 756 754
f 194 751 756
f 754 756 751
f 15 758 661
f 195 759 758
f 169 661 759
f 758 759 661
f 52 760 762
f 196 761 760
f 195 762 761
f 760 761 762
f 45 666 764
f 169 763 666
f 196 764 763
f 666 763 764
f 195 761 759
f 196 763 761
f 169 759 763
f 761 763 759
f 17 765 767
f 197 766 765
f 199 767 766
f 765 766 767
f 53 768 770
f 198 769 768
f 197 770 769
f 768 769 770
f 52 771 773
f 199 772 771
f 198 773 772
f 771 772 773
f 197 769 766
f 198 772 769
f 199 766 772
f 769 772 766
f 45 764 753
f 196 774 764
f 193 753 774
f 764 774 753
f 52 773 760
f 198 775 773
f 196 760 775
f 773 775 760
f 53 757 768
f 193 776 757
f 198 768 776
f 757 776 768
f 196 775 774
f 198 776 775
f 193 774 776
f 775 776 774
f 6 777 703
f 200 778 777
f 181 703 778
f 777 778 703
f 54 779 781
f 201 780 779
f 200 781 780
f 779 780 781
f 49 708 783
f 181 782 708
f 201 783 782
f 708 782 783
f 200 780 778
f 201 782 780
f 181 778 782
f 780 782 778
f 16 784 786
f 202 785 784
f 204 786 785
f 784 785 786
f 55 787 789
f 203 788 787
f 202 789 788
f 787 788 789
f 54 790 792
f 204 791 790
f 203 792 791
f 790 791 792
f 202 788 785
f 203 791 788
f 204 785 791
f 788 791 785
f 15 714 794
f 186 793 714
f 206 794 793
f 714 793 794
f 49 795 718
f 205 796 795
f 186 718 796
f 795 796 718
f 55 797 799
f 206 798 797
f 205 799 798
f 797 798 799
f 186 796 793
f 205 798 796
f 206 793 798
f 796 798 793
f 54 792 779
f 203 800 792
f 201 779 800
f 792 800 779
f 55 799 787
f 205 801 799
f 203 787 801
f 799 801 787
f 49 783 795
f 201 802 783
f 205 795 802
f 783 802 795
f 203 801 800
f 205 802 801
f 201 800 802
f 801 802 800
f 2 803 805
f 207 804 803
f 209 805 804
f 803 804 805
f 56 806 808
f 208 807 806
f 207 808 807
f 806 807 808
f 58 809 811
f 209 810 809
f 208 811 810
f 809 810 811
f 207 807 804
f 208 810 807
f 209 804 810
f 807 810 804
f 17 812 814
f 210 813 812
f 212 814 813
f 812 813 814
f 57 815 817
f 211 816 815
f 210 817 816
f 815 816 817
f 56 818 820
f 212 819 818
f 211 820 819
f 818 819 820
f 210 816 813
f 211 819 816
f 212 813 819
f 816 819 813
f 16 821 823
f 213 822 821
f 215 823 822
f 821 822 823
f 58 824 826
f 214 825 824
f 213 826 825
f 824 825 826
f 57 827 829
f 215 828 827
f 214 829 828
f 827 828 829
f 213 825 822
f 214 828 825
f 215 822 828
f 825 828 822
f 56 820 806
f 211 830 820
f 208 806 830
f 820 830 806
f 57 829 815
f 214 831 829
f 211 815 831
f 829 831 815
f 58 811 824
f 208 832 811
f 214 824 832
f 811 832 824
f 211 831 830
f 214 832 831
f 208 830 832
f 831 832 830
f 15 794 758
f 206 833 794
f 195 758 833
f 794 833 758
f 55 834 797
f 216 835 834
f 206 797 835
f 834 835 797
f 52 762 837
f 195 836 762
f 216 837 836
f 762 836 837
f 206 835 833
f 216 836 835
f 195 833 836
f 835 836 833
f 16 823 784
f 215 838 823
f 202 784 838
f 823 838 784
f 57 839 827
f 217 840 839
f 215 827 840
f 839 840 827
f 55 789 842
f 202 841 789
f 217 842 841
f 789 841 842
f 215 840 838
f 217 841 840
f 202 838 841
f 840 841 838
f 17 767 812
f 199 843 767
f 210 812 843
f 767 843 812
f 52 844 771
f 218 845 844
f 199 771 845
f 844 845 771
f 57 817 847
f 210 846 817
f 218 847 846
f 817 846 847
f 199 845 843
f 218 846 845
f 210 843 846
f 845 846 843
f 55 842 834
f 217 848 842
f 216 834 848
f 842 848 834
f 57 847 839
f 218 849 847
f 217 839 849
f 847 849 839
f 52 837 844
f 216 850 837
f 218 844 850
f 837 850 844
f 217 849 848
f 218 850 849
f 216 848 850
f 849 850 848
f 1 752 852
f 194 851 752
f 220 852 851
f 752 851 852
f 53 853 755
f 219 854 853
f 194 755 854
f 853 854 755
f 60 855 857
f 220 856 855
f 219 857 856
f 855 856 857
f 194 854 851
f 219 856 854
f 220 851 856
f 854 856 851
f 17 858 765
f 221 859 858
f 197 765 859
f 858 859 765
f 59 860 862
f 222 861 860
f 221 862 861
f 860 861 862
f 53 770 864
f 197 863 770
f 222 864 863
f 770 863 864
f 221 861 859
f 222 863 861
f 197 859 863
f 861 863 859
f 19 865 867
f 223 866 865
f 225 867 866
f 865 866 867
f 60 868 870
f 224 869 868
f 223 870 869
f 868 869 870
f 59 871 873
f 225 872 871
f 224 873 872
f 871 872 873
f 223 869 866
f 224 872 869
f 225 866 872
f 869 872 866
f 53 864 853
f 222 874 864
f 219 853 874
f 864 874 853
f 59 873 860
f 224 875 873
f 222 860 875
f 873 875 860
f 60 857 868
f 219 876 857
f 224 868 876
f 857 876 868
f 222 875 874
f 224 876 875
f 219 874 876
f 875 876 874
f 2 877 803
f 226 878 877
f 207 803 878
f 877 878 803
f 61 879 881
f 227 880 879
f 226 881 880
f 879 880 881
f 56 808 883
f 207 882 808
f 227 883 882
f 808 882 883
f 226 880 878
f 227 882 880
f 207 878 882
f 880 882 878
f 18 884 886
f 228 885 884
f 230 886 885
f 884 885 886
f 62 887 889
f 229 888 887
f 228 889 888
f 887 888 889
f 61 890 892
f 230 891 890
f 229 892 891
f 890 891 892
f 228 888 885
f 229 891 888
f 230 885 891
f 888 891 885
f 17 814 894
f 212 893 814
f 232 894 893
f 814 893 894
f 56 895 818
f 231 896 895
f 212 818 896
f 895 896 818
f 62 897 899
f 232 898 897
f 231 899 898
f 897 898 899
f 212 896 893
f 231 898 896
f 232 893 898
f 896 898 893
f 61 892 879
f 229 900 892
f 227 879 900
f 892 900 879
f 62 899 887
f 231 901 899
f 229 887 901
f 899 901 887
f 56 883 895
f 227 902 883
f 231 895 902
f 883 902 895
f 229 901 900
f 231 902 901
f 227 900 902
f 901 902 900
f 8 903 905
f 233 904 903
f 235 905 904
f 903 904 905
f 63 906 908
f 234 907 906
f 233 908 907
f 906 907 908
f 65 909 911
f 235 910 909
f 234 911 910
f 909 910 911
f 233 907 904
f 234 910 907
f 235 904 910
f 907 910 904
f 19 912 914
f 236 913 912
f 238 914 913
f 912 913 914
f 64 915 917
f 237 916 915
f 236 917 916
f 915 916 917
f 63 918 920
f 238 919 918
f 237 920 919
f 918 919 920
f 236 916 913
f 237 919 916
f 238 913 919
f 916 919 913
f 18 921 923
f 239 922 921
f 241 923 922
f 921 922 923
f 65 924 926
f 240 925 924
f 239 926 925
f 924 925 926
f 64 927 929
f 241 928 927
f 240 929 928
f 927 928 929
f 239 925 922
f 240 928 925
f 241 922 928
f 925 928 922
f 63 920 906
f 237 930 920
f 234 906 930
f 920 930 906
f 64 929 915
f 240 931 929
f 237 915 931
f 929 931 915
f 65 911 924
f 234 932 911
f 240 924 932
f 911 932 924
f 237 931 930
f 240 932 931
f 234 930 932
f 931 932 930
f 17 894 858
f 232 933 894
f 221 858 933
f 894 933 858
f 62 934 897
f 242 935 934
f 232 897 935
f 934 935 897
f 59 862 937
f 221 936 862
f 242 937 936
f 862 936 937
f 232 935 933
f 242 936 935
f 221 933 936
f 935 936 933
f 18 923 884
f 241 938 923
f 228 884 938
f 923 938 884
f 64 939 927
f 243 940 939
f 241 927 940
f 939 940 927
f 62 889 942
f 228 941 889
f 243 942 941
f 889 941 942
f 241 940 938
f 243 941 940
f 228 938 941
f 940 941 938
f 19 867 912
f 225 943 867
f 236 912 943
f 867 943 912
f 59 944 871
f 244 945 944
f 225 871 945
f 944 945 871
f 64 917 947
f 236 946 917
f 244 947 946
f 917 946 947
f 225 945 943
f 244 946 945
f 236 943 946
f 945 946 943
f 62 942 934
f 243 948 942
f 242 934 948
f 942 948 934
f 64 947 939
f 244 949 947
f 243 939 949
f 947 949 939
f 59 937 944
f 242 950 937
f 244 944 950
f 937 950 944
f 243 949 948
f 244 950 949
f 242 948 950
f 949 950 948
f 1 852 952
f 220 951 852
f 246 952 951
f 852 951 952
f 60 953 855
f 245 954 953
f 220 855 954
f 953 954 855
f 67 955 957
f 246 956 955
f 245 957 956
f 955 956 957
f 220 954 951
f 245 956 954
f 246 951 956
f 954 956 951
f 19 958 865
f 247 959 958
f 223 865 959
f 958 959 865
f 66 960 962
f 248 961 960
f 247 962 961
f 960 961 962
f 60 870 964
f 223 963 870
f 248 964 963
f 870 963 964
f 247 961 959
f 248 963 961
f 223 959 963
f 961 963 959
f 21 965 967
f 249 966 965
f 251 967 966
f 965 966 967
f 67 968 970
f 250 969 968
f 249 970 969
f 968 969 970
f 66 971 973
f 251 972 971
f 250 973 972
f 971 972 973
f 249 969 966
f 250 972 969
f 251 966 972
f 969 972 966
f 60 964 953
f 248 974 964
f 245 953 974
f 964 974 953
f 66 973 960
f 250 975 973
f 248 960 975
f 973 975 960
f 67 957 968
f 245 976 957
f 250 968 976
f 957 976 968
f 248 975 974
f 250 976 975
f 245 974 976
f 975 976 974
f 8 977 903
f 252 978 977
f 233 903 978
f 977 978 903
f 68 979 981
f 253 980 979
f 252 981 980
f 979 980 981
f 63 908 983
f 233 982 908
f 253 983 982
f 908 982 983
f 252 980 978
f 253 982 980
f 233 978 982
f 980 982 978
f 20 984 986
f 254 985 984
f 256 986 985
f 984 985 986
f 69 987 989
f 255 988 987
f 254 989 988
f 987 988 989
f 68 990 992
f 256 991 990
f 255 992 991
f 990 991 992
f 254 988 985
f 255 991 988
f 256 985 991
f 988 991 985
f 19 914 994
f 238 993 914
f 258 994 993
f 914 993 994
f 63 995 918
f 257 996 995
f 238 918 996
f 995 996 918
f 69 997 999
f 258 998 997
f 257 999 998
f 997 998 999
f 238 996 993
f 257 998 996
f 258 993 998
f 996 998 993
f 68 992 979
f 255 1000 992
f 253 979 1000
f 992 1000 979
f 69 999 987
f 257 1001 999
f 255 987 1001
f 999 1001 987
f 63 983 995
f 253 1002 983
f 257 995 1002
f 983 1002 995
f 255 1001 1000
f 257 1002 1001
f 253 1000 1002
f 1001 1002 1000
f 11 1003 1005
f 259 1004 1003
f 261 1005 1004
f 1003 1004 1005
f 70 1006 1008
f 260 1007 1006
f 259 1008 1007
f 1006 1007 1008
f 72 1009 1011
f 261 1010 1009
f 260 1011 1010
f 1009 1010 1011
f 259 1007 1004
f 260 1010 1007
f 261 1004 1010
f 1007 1010 1004
f 21 1012 1014
f 262 1013 1012
f 264 1014 1013
f 1012 1013 1014
f 71 1015 1017
f 263 1016 1015
f 262 1017 1016
f 1015 1016 1017
f 70 1018 1020
f 264 1019 1018
f 263 1020 1019
f 1018 1019 1020
f 262 1016 1013
f 263 1019 1016
f 264 1013 1019
f 1016 1019 1013
f 20 1021 1023
f 265 1022 1021
f 267 1023 1022
f 1021 1022 1023
f 72 1024 1026
f 266 1025 1024
f 265 1026 1025
f 1024 1025 1026
f 71 1027 1029
f 267 1028 1027
f 266 1029 1028
f 1027 1028 1029
f 265 1025 1022
f 266 1028 1025
f 267 1022 1028
f 1025 1028 1022
f 70 1020 1006
f 263 1030 1020
f 260 1006 1030
f 1020 1030 1006
f 71 1029 1015
f 266 1031 1029
f 263 1015 1031
f 1029 1031 1015
f 72 1011 1024
f 260 1032 1011
f 266 1024 1032
f 1011 1032 1024
f 263 1031 1030
f 266 1032 1031
f 260 1030 1032
f 1031 1032 1030
f 19 994 958
f 258 1033 994
f 247 958 1033
f 994 1033 958
f 69 1034 997
f 268 1035 1034
f 258 997 1035
f 1034 1035 997
f 66 962 1037
f 247 1036 962
f 268 1037 1036
f 962 1036 1037
f 258 1035 1033
f 268 1036 1035
f 247 1033 1036
f 1035 1036 1033
f 20 1023 984
f 267 1038 1023
f 254 984 1038
f 1023 1038 984
f 71 1039 1027
f 269 1040 1039
f 267 1027 1040
f 1039 1040 1027
f 69 989 1042
f 254 1041 989
f 269 1042 1041
f 989 1041 1042
f 267 1040 1038
f 269 1041 1040
f 254 1038 1041
f 1040 1041 1038
f 21 967 1012
f 251 1043 967
f 262 1012 1043
f 967 1043 1012
f 66 1044 971
f 270 1045 1044
f 251 971 1045
f 1044 1045 971
f 71 1017 1047
f 262 1046 1017
f 270 1047 1046
f 1017 1046 1047
f 251 1045 1043
f 270 1046 1045
f 262 1043 1046
f 1045 1046 1043
f 69 1042 1034
f 269 1048 1042
f 268 1034 1048
f 1042 1048 1034
f 71 1047 1039
f 270 1049 1047
f 269 1039 1049
f 1047 1049 1039
f 66 1037 1044
f 268 1050 1037
f 270 1044 1050
f 1037 1050 1044
f 269 1049 1048
f 270 1050 1049
f 268 1048 1050
f 1049 1050 1048
f 1 952 643
f 246 1051 952
f 163 643 1051
f 952 1051 643
f 67 1052 955
f 271 1053 1052
f 246 955 1053
f 1052 1053 955
f 43 648 1055
f 163 1054 648
f 271 1055 1054
f 648 1054 1055
f 246 1053 1051
f 271 1054 1053
f 163 1051 1054
f 1053 1054 1051
f 21 1056 965
f 272 1057 1056
f 249 965 1057
f 1056 1057 965
f 73 1058 1060
f 273 1059 1058
f 272 1060 1059
f 1058 1059 1060
f 67 970 1062
f 249 1061 970
f 273 1062 1061
f 970 1061 1062
f 272 1059 1057
f 273 1061 1059
f 249 1057 1061
f 1059 1061 1057
f 13 654 1064
f 168 1063 654
f 275 1064 1063
f 654 1063 1064
f 43 1065 658
f 274 1066 1065
f 168 658 1066
f 1065 1066 658
f 73 1067 1069
f 275 1068 1067
f 274 1069 1068
f 1067 1068 1069
f 168 1066 1063
f 274 1068 1066
f 275 1063 1068
f 1066 1068 1063
f 67 1062 1052
f 273 1070 1062
f 271 1052 1070
f 1062 1070 1052
f 73 1069 1058
f 274 1071 1069
f 273 1058 1071
f 1069 1071 1058
f 43 1055 1065
f 271 1072 1055
f 274 1065 1072
f 1055 1072 1065
f 273 1071 1070
f 274 1072 1071
f 271 1070 1072
f 1071 1072 1070
f 11 1073 1003
f 276 1074 1073
f 259 1003 1074
f 1073 1074 1003
f 74 1075 1077
f 277 1076 1075
f 276 1077 1076
f 1075 1076 1077
f 70 1008 1079
f 259 1078 1008
f 277 1079 1078
f 1008 1078 1079
f 276 1076 1074
f 277 1078 1076
f 259 1074 1078
f 1076 1078 1074
f 22 1080 1082
f 278 1081 1080
f 280 1082 1081
f 1080 1081 1082
f 75 1083 1085
f 279 1084 1083
f 278 1085 1084
f 1083 1084 1085
f 74 1086 1088
f 280 1087 1086
f 279 1088 1087
f 1086 1087 1088
f 278 1084 1081
f 279 1087 1084
f 280 1081 1087
f 1084 1087 1081
f 21 1014 1090
f 264 1089 1014
f 282 1090 1089
f 1014 1089 1090
f 70 1091 1018
f 281 1092 1091
f 264 1018 1092
f 1091 1092 1018
f 75 1093 1095
f 282 1094 1093
f 281 1095 1094
f 1093 1094 1095
f 264 1092 1089
f 281 1094 1092
f 282 1089 1094
f 1092 1094 1089
f 74 1088 1075
f 279 1096 1088
f 277 1075 1096
f 1088 1096 1075
f 75 1095 1083
f 281 1097 1095
f 279 1083 1097
f 1095 1097 1083
f 70 1079 1091
f 277 1098 1079
f 281 1091 1098
f 1079 1098 1091
f 279 1097 1096
f 281 1098 1097
f 277 1096 1098
f 1097 1098 1096
f 12 675 1100
f 174 1099 675
f 284 1100 1099
f 675 1099 1100
f 48 1101 679
f 283 1102 1101
f 174 679 1102
f 1101 1102 679
f 77 1103 1105
f 284 1104 1103
f 283 1105 1104
f 1103 1104 1105
f 174 1102 1099
f 283 1104 1102
f 284 1099 1104
f 1102 1104 1099
f 13 1106 691
f 285 1107 1106
f 178 691 1107
f 1106 1107 691
f 76 1108 1110
f 286 1109 1108
f 285 1110 1109
f 1108 1109 1110
f 48 696 1112
f 178 1111 696
f 286 1112 1111
f 696 1111 1112
f 285 1109 1107
f 286 1111 1109
f 178 1107 1111
f 1109 1111 1107
f 22 1113 1115
f 287 1114 1113
f 289 1115 1114
f 1113 1114 1115
f 77 1116 1118
f 288 1117 1116
f 287 1118 1117
f 1116 1117 1118
f 76 1119 1121
f 289 1120 1119
f 288 1121 1120
f 1119 1120 1121
f 287 1117 1114
f 288 1120 1117
f 289 1114 1120
f 1117 1120 1114
f 48 1112 1101
f 286 1122 1112
f 283 1101 1122
f 1112 1122 1101
f 76 1121 1108
f 288 1123 1121
f 286 1108 1123
f 1121 1123 1108
f 77 1105 1116
f 283 1124 1105
f 288 1116 1124
f 1105 1124 1116
f 286 1123 1122
f 288 1124 1123
f 283 1122 1124
f 1123 1124 1122
f 21 1090 1056
f 282 1125 1090
f 272 1056 1125
f 1090 1125 1056
f 75 1126 1093
f 290 1127 1126
f 282 1093 1127
f 1126 1127 1093
f 73 1060 1129
f 272 1128 1060
f 290 1129 1128
f 1060 1128 1129
f 282 1127 1125
f 290 1128 1127
f 272 1125 1128
f 1127 1128 1125
f 22 1115 1080
f 289 1130 1115
f 278 1080 1130
f 1115 1130 1080
f 76 1131 1119
f 291 1132 1131
f 289 1119 1132
f 1131 1132 1119
f 75 1085 1134
f 278 1133 1085
f 291 1134 1133
f 1085 1133 1134
f 289 1132 1130
f 291 1133 1132
f 278 1130 1133
f 1132 1133 1130
f 13 1064 1106
f 275 1135 1064
f 285 1106 1135
f 1064 1135 1106
f 73 1136 1067
f 292 1137 1136
f 275 1067 1137
f 1136 1137 1067
f 76 1110 1139
f 285 1138 1110
f 292 1139 1138
f 1110 1138 1139
f 275 1137 1135
f 292 1138 1137
f 285 1135 1138
f 1137 1138 1135
f 75 1134 1126
f 291 1140 1134
f 290 1126 1140
f 1134 1140 1126
f 76 1139 1131
f 292 1141 1139
f 291 1131 1141
f 1139 1141 1131
f 73 1129 1136
f 290 1142 1129
f 292 1136 1142
f 1129 1142 1136
f 291 1141 1140
f 292 1142 1141
f 290 1140 1142
f 1141 1142 1140
f 2 805 1144
f 209 1143 805
f 294 1144 1143
f 805 1143 1144
f 58 1145 809
f 293 1146 1145
f 209 809 1146
f 1145 1146 809
f 79 1147 1149
f 294 1148 1147
f 293 1149 1148
f 1147 1148 1149
f 209 1146 1143
f 293 1148 1146
f 294 1143 1148
f 1146 1148 1143
f 16 1150 821
f 295 1151 1150
f 213 821 1151
f 1150 1151 821
f 78 1152 1154
f 296 1153 1152
f 295 1154 1153
f 1152 1153 1154
f 58 826 1156
f 213 1155 826
f 296 1156 1155
f 826 1155 1156
f 295 1153 1151
f 296 1155 1153
f 213 1151 1155
f 1153 1155 1151
f 24 1157 1159
f 297 1158 1157
f 299 1159 1158
f 1157 1158 1159
f 79 1160 1162
f 298 1161 1160
f 297 1162 1161
f 1160 1161 1162
f 78 1163 1165
f 299 1164 1163
f 298 1165 1164
f 1163 1164 1165
f 297 1161 1158
f 298 1164 1161
f 299 1158 1164
f 1161 1164 1158
f 58 1156 1145
f 296 1166 1156
f 293 1145 1166
f 1156 1166 1145
f 78 1165 1152
f 298 1167 1165
f 296 1152 1167
f 1165 1167 1152
f 79 1149 1160
f 293 1168 1149
f 298 1160 1168
f 1149 1168 1160
f 296 1167 1166
f 298 1168 1167
f 293 1166 1168
f 1167 1168 1166
f 6 1169 777
f 300 1170 1169
f 200 777 1170
f 1169 1170 777
f 80 1171 1173
f 301 1172 1171
f 300 1173 1172
f 1171 1172 1173
f 54 781 1175
f 200 1174 781
f 301 1175 1174
f 781 1174 1175
f 300 1172 1170
f 301 1174 1172
f 200 1170 1174
f 1172 1174 1170
f 23 1176 1178
f 302 1177 1176
f 304 1178 1177
f 1176 1177 1178
f 81 1179 1181
f 303 1180 1179
f 302 1181 1180
f 1179 1180 1181
f 80 1182 1184
f 304 1183 1182
f 303 1184 1183
f 1182 1183 1184
f 302 1180 1177
f 303 1183 1180
f 304 1177 1183
f 1180 1183 1177
f 16 786 1186
f 204 1185 786
f 306 1186 1185
f 786 1185 1186
f 54 1187 790
f 305 1188 1187
f 204 790 1188
f 1187 1188 790
f 81 1189 1191
f 306 1190 1189
f 305 1191 1190
f 1189 1190 1191
f 204 1188 1185
f 305 1190 1188
f 306 1185 1190
f 1188 1190 1185
f 80 1184 1171
f 303 1192 1184
f 301 1171 1192
f 1184 1192 1171
f 81 1191 1179
f 305 1193 1191
f 303 1179 1193
f 1191 1193 1179
f 54 1175 1187
f 301 1194 1175
f 305 1187 1194
f 1175 1194 1187
f 303 1193 1192
f 305 1194 1193
f 301 1192 1194
f 1193 1194 1192
f 10 1195 1197
f 307 1196 1195
f 309 1197 1196
f 1195 1196 1197
f 82 1198 1200
f 308 1199 1198
f 307 1200 1199
f 1198 1199 1200
f 84 1201 1203
f 309 1202 1201
f 308 1203 1202
f 1201 1202 1203
f 307 1199 1196
f 308 1202 1199
f 309 1196 1202
f 1199 1202 1196
f 24 1204 1206
f 310 1205 1204
f 312 1206 1205
f 1204 1205 1206
f 83 1207 1209
f 311 1208 1207
f 310 1209 1208
f 1207 1208 1209
f 82 1210 1212
f 312 1211 1210
f 311 1212 1211
f 1210 1211 1212
f 310 1208 1205
f 311 1211 1208
f 312 1205 1211
f 1208 1211 1205
f 23 1213 1215
f 313 1214 1213
f 315 1215 1214
f 1213 1214 1215
f 84 1216 1218
f 314 1217 1216
f 313 1218 1217
f 1216 1217 1218
f 83 1219 1221
f 315 1220 1219
f 314 1221 1220
f 1219 1220 1221
f 313 1217 1214
f 314 1220 1217
f 315 1214 1220
f 1217 1220 1214
f 82 1212 1198
f 311 1222 1212
f 308 1198 1222
f 1212 1222 1198
f 83 1221 1207
f 314 1223 1221
f 311 1207 1223
f 1221 1223 1207
f 84 1203 1216
f 308 1224 1203
f 314 1216 1224
f 1203 1224 1216
f 311 1223 1222
f 314 1224 1223
f 308 1222 1224
f 1223 1224 1222
f 16 1186 1150
f 306 1225 1186
f 295 1150 1225
f 1186 1225 1150
f 81 1226 1189
f 316 1227 1226
f 306 1189 1227
f 1226 1227 1189
f 78 1154 1229
f 295 1228 1154
f 316 1229 1228
f 1154 1228 1229
f 306 1227 1225
f 316 1228 1227
f 295 1225 1228
f 1227 1228 1225
f 23 1215 1176
f 315 1230 1215
f 302 1176 1230
f 1215 1230 1176
f 83 1231 1219
f 317 1232 1231
f 315 1219 1232
f 1231 1232 1219
f 81 1181 1234
f 302 1233 1181
f 317 1234 1233
f 1181 1233 1234
f 315 1232 1230
f 317 1233 1232
f 302 1230 1233
f 1232 1233 1230
f 24 1159 1204
f 299 1235 1159
f 310 1204 1235
f 1159 1235 1204
f 78 1236 1163
f 318 1237 1236
f 299 1163 1237
f 1236 1237 1163
f 83 1209 1239
f 310 1238 1209
f 318 1239 1238
f 1209 1238 1239
f 299 1237 1235
f 318 1238 1237
f 310 1235 1238
f 1237 1238 1235
f 81 1234 1226
f 317 1240 1234
f 316 1226 1240
f 1234 1240 1226
f 83 1239 1231
f 318 1241 1239
f 317 1231 1241
f 1239 1241 1231
f 78 1229 1236
f 316 1242 1229
f 318 1236 1242
f 1229 1242 1236
f 317 1241 1240
f 318 1242 1241
f 316 1240 1242
f 1241 1242 1240
f 6 705 1244
f 183 1243 705
f 320 1244 1243
f 705 1243 1244
f 51 1245 709
f 319 1246 1245
f 183 709 1246
f 1245 1246 709
f 86 1247 1249
f 320 1248 1247
f 319 1249 1248
f 1247 1248 1249
f 183 1246 1243
f 319 1248 1246
f 320 1243 1248
f 1246 1248 1243
f 14 1250 721
f 321 1251 1250
f 187 721 1251
f 1250 1251 721
f 85 1252 1254
f 322 1253 1252
f 321 1254 1253
f 1252 1253 1254
f 51 726 1256
f 187 1255 726
f 322 1256 1255
f 726 1255 1256
f 321 1253 1251
f 322 1255 1253
f 187 1251 1255
f 1253 1255 1251
f 26 1257 1259
f 323 1258 1257
f 325 1259 1258
f 1257 1258 1259
f 86 1260 1262
f 324 1261 1260
f 323 1262 1261
f 1260 1261 1262
f 85 1263 1265
f 325 1264 1263
f 324 1265 1264
f 1263 1264 1265
f 323 1261 1258
f 324 1264 1261
f 325 1258 1264
f 1261 1264 1258
f 51 1256 1245
f 322 1266 1256
f 319 1245 1266
f 1256 1266 1245
f 85 1265 1252
f 324 1267 1265
f 322 1252 1267
f 1265 1267 1252
f 86 1249 1260
f 319 1268 1249
f 324 1260 1268
f 1249 1268 1260
f 322 1267 1266
f 324 1268 1267
f 319 1266 1268
f 1267 1268 1266
f 12 1269 673
f 326 1270 1269
f 172 673 1270
f 1269 1270 673
f 87 1271 1273
f 327 1272 1271
f 326 1273 1272
f 1271 1272 1273
f 46 678 1275
f 172 1274 678
f 327 1275 1274
f 678 1274 1275
f 326 1272 1270
f 327 1274 1272
f 172 1270 1274
f 1272 1274 1270
f 25 1276 1278
f 328 1277 1276
f 330 1278 1277
f 1276 1277 1278
f 88 1279 1281
f 329 1280 1279
f 328 1281 1280
f 1279 1280 1281
f 87 1282 1284
f 330 1283 1282
f 329 1284 1283
f 1282 1283 1284
f 328 1280 1277
f 329 1283 1280
f 330 1277 1283
f 1280 1283 1277
f 14 684 1286
f 177 1285 684
f 332 1286 1285
f 684 1285 1286
f 46 1287 688
f 331 1288 1287
f 177 688 1288
f 1287 1288 688
f 88 1289 1291
f 332 1290 1289
f 331 1291 1290
f 1289 1290 1291
f 177 1288 1285
f 331 1290 1288
f 332 1285 1290
f 1288 1290 1285
f 87 1284 1271
f 329 1292 1284
f 327 1271 1292
f 1284 1292 1271
f 88 1291 1279
f 331 1293 1291
f 329 1279 1293
f 1291 1293 1279
f 46 1275 1287
f 327 1294 1275
f 331 1287 1294
f 1275 1294 1287
f 329 1293 1292
f 331 1294 1293
f 327 1292 1294
f 1293 1294 1292
f 5 1295 1297
f 333 1296 1295
f 335 1297 1296
f 1295 1296 1297
f 89 1298 1300
f 334 1299 1298
f 333 1300 1299
f 1298 1299 1300
f 91 1301 1303
f 335 1302 1301
f 334 1303 1302
f 1301 1302 1303
f 333 1299 1296
f 334 1302 1299
f 335 1296 1302
f 1299 1302 1296
f 26 1304 1306
f 336 1305 1304
f 338 1306 1305
f 1304 1305 1306
f 90 1307 1309
f 337 1308 1307
f 336 1309 1308
f 1307 1308 1309
f 89 1310 1312
f 338 1311 1310
f 337 1312 1311
f 1310 1311 1312
f 336 1308 1305
f 337 1311 1308
f 338 1305 1311
f 1308 1311 1305
f 25 1313 1315
f 339 1314 1313
f 341 1315 1314
f 1313 1314 1315
f 91 1316 1318
f 340 1317 1316
f 339 1318 1317
f 1316 1317 1318
f 90 1319 1321
f 341 1320 1319
f 340 1321 1320
f 1319 1320 1321
f 339 1317 1314
f 340 1320 1317
f 341 1314 1320
f 1317 1320 1314
f 89 1312 1298
f 337 1322 1312
f 334 1298 1322
f 1312 1322 1298
f 90 1321 1307
f 340 1323 1321
f 337 1307 1323
f 1321 1323 1307
f 91 1303 1316
f 334 1324 1303
f 340 1316 1324
f 1303 1324 1316
f 337 1323 1322
f 340 1324 1323
f 334 1322 1324
f 1323 1324 1322
f 14 1286 1250
f 332 1325 1286
f 321 1250 1325
f 1286 1325 1250
f 88 1326 1289
f 342 1327 1326
f 332 1289 1327
f 1326 1327 1289
f 85 1254 1329
f 321 1328 1254
f 342 1329 1328
f 1254 1328 1329
f 332 1327 1325
f 342 1328 1327
f 321 1325 1328
f 1327 1328 1325
f 25 1315 1276
f 341 1330 1315
f 328 1276 1330
f 1315 1330 1276
f 90 1331 1319
f 343 1332 1331
f 341 1319 1332
f 1331 1332 1319
f 88 1281 1334
f 328 1333 1281
f 343 1334 1333
f 1281 1333 1334
f 341 1332 1330
f 343 1333 1332
f 328 1330 1333
f 1332 1333 1330
f 26 1259 1304
f 325 1335 1259
f 336 1304 1335
f 1259 1335 1304
f 85 1336 1263
f 344 1337 1336
f 325 1263 1337
f 1336 1337 1263
f 90 1309 1339
f 336 1338 1309
f 344 1339 1338
f 1309 1338 1339
f 325 1337 1335
f 344 1338 1337
f 336 1335 1338
f 1337 1338 1335
f 88 1334 1326
f 343 1340 1334
f 342 1326 1340
f 1334 1340 1326
f 90 1339 1331
f 344 1341 1339
f 343 1331 1341
f 1339 1341 1331
f 85 1329 1336
f 342 1342 1329
f 344 1336 1342
f 1329 1342 1336
f 343 1341 1340
f 344 1342 1341
f 342 1340 1342
f 1341 1342 1340
f 12 1100 1344
f 284 1343 1100
f 346 1344 1343
f 1100 1343 1344
f 77 1345 1103
f 345 1346 1345
f 284 1103 1346
f 1345 1346 1103
f 93 1347 1349
f 346 1348 1347
f 345 1349 1348
f 1347 1348 1349
f 284 1346 1343
f 345 1348 1346
f 346 1343 1348
f 1346 1348 1343
f 22 1350 1113
f 347 1351 1350
f 287 1113 1351
f 1350 1351 1113
f 92 1352 1354
f 348 1353 1352
f 347 1354 1353
f 1352 1353 1354
f 77 1118 1356
f 287 1355 1118
f 348 1356 1355
f 1118 1355 1356
f 347 1353 1351
f 348 1355 1353
f 287 1351 1355
f 1353 1355 1351
f 28 1357 1359
f 349 1358 1357
f 351 1359 1358
f 1357 1358 1359
f 93 1360 1362
f 350 1361 1360
f 349 1362 1361
f 1360 1361 1362
f 92 1363 1365
f 351 1364 1363
f 350 1365 1364
f 1363 1364 1365
f 349 1361 1358
f 350 1364 1361
f 351 1358 1364
f 1361 1364 1358
f 77 1356 1345
f 348 1366 1356
f 345 1345 1366
f 1356 1366 1345
f 92 1365 1352
f 350 1367 1365
f 348 1352 1367
f 1365 1367 1352
f 93 1349 1360
f 345 1368 1349
f 350 1360 1368
f 1349 1368 1360
f 348 1367 1366
f 350 1368 1367
f 345 1366 1368
f 1367 1368 1366
f 11 1369 1073
f 352 1370 1369
f 276 1073 1370
f 1369 1370 1073
f 94 1371 1373
f 353 1372 1371
f 352 1373 1372
f 1371 1372 1373
f 74 1077 1375
f 276 1374 1077
f 353 1375 1374
f 1077 1374 1375
f 352 1372 1370
f 353 1374 1372
f 276 1370 1374
f 1372 1374 1370
f 27 1376 1378
f 354 1377 1376
f 356 1378 1377
f 1376 1377 1378
f 95 1379 1381
f 355 1380 1379
f 354 1381 1380
f 1379 1380 1381
f 94 1382 1384
f 356 1383 1382
f 355 1384 1383
f 1382 1383 1384
f 354 1380 1377
f 355 1383 1380
f 356 1377 1383
f 1380 1383 1377
f 22 1082 1386
f 280 1385 1082
f 358 1386 1385
f 1082 1385 1386
f 74 1387 1086
f 357 1388 1387
f 280 1086 1388
f 1387 1388 1086
f 95 1389 1391
f 358 1390 1389
f 357 1391 1390
f 1389 1390 1391
f 280 1388 1385
f 357 1390 1388
f 358 1385 1390
f 1388 1390 1385
f 94 1384 1371
f 355 1392 1384
f 353 1371 1392
f 1384 1392 1371
f 95 1391 1379
f 357 1393 1391
f 355 1379 1393
f 1391 1393 1379
f 74 1375 1387
f 353 1394 1375
f 357 1387 1394
f 1375 1394 1387
f 355 1393 1392
f 357 1394 1393
f 353 1392 1394
f 1393 1394 1392
f 3 1395 1397
f 359 1396 1395
f 361 1397 1396
f 1395 1396 1397
f 96 1398 1400
f 360 1399 1398
f 359 1400 1399
f 1398 1399 1400
f 98 1401 1403
f 361 1402 1401
f 360 1403 1402
f 1401 1402 1403
f 359 1399 1396
f 360 1402 1399
f 361 1396 1402
f 1399 1402 1396
f 28 1404 1406
f 362 1405 1404
f 364 1406 1405
f 1404 1405 1406
f 97 1407 1409
f 363 1408 1407
f 362 1409 1408
f 1407 1408 1409
f 96 1410 1412
f 364 1411 1410
f 363 1412 1411
f 1410 1411 1412
f 362 1408 1405
f 363 1411 1408
f 364 1405 1411
f 1408 1411 1405
f 27 1413 1415
f 365 1414 1413
f 367 1415 1414
f 1413 1414 1415
f 98 1416 1418
f 366 1417 1416
f 365 1418 1417
f 1416 1417 1418
f 97 1419 1421
f 367 1420 1419
f 366 1421 1420
f 1419 1420 1421
f 365 1417 1414
f 366 1420 1417
f 367 1414 1420
f 1417 1420 1414
f 96 1412 1398
f 363 1422 1412
f 360 1398 1422
f 1412 1422 1398
f 97 1421 1407
f 366 1423 1421
f 363 1407 1423
f 1421 1423 1407
f 98 1403 1416
f 360 1424 1403
f 366 1416 1424
f 1403 1424 1416
f 363 1423 1422
f 366 1424 1423
f 360 1422 1424
f 1423 1424 1422
f 22 1386 1350
f 358 1425 1386
f 347 1350 1425
f 1386 1425 1350
f 95 1426 1389
f 368 1427 1426
f 358 1389 1427
f 1426 1427 1389
f 92 1354 1429
f 347 1428 1354
f 368 1429 1428
f 1354 1428 1429
f 358 1427 1425
f 368 1428 1427
f 347 1425 1428
f 1427 1428 1425
f 27 1415 1376
f 367 1430 1415
f 354 1376 1430
f 1415 1430 1376
f 97 1431 1419
f 369 1432 1431
f 367 1419 1432
f 1431 1432 1419
f 95 1381 1434
f 354 1433 1381
f 369 1434 1433
f 1381 1433 1434
f 367 1432 1430
f 369 1433 1432
f 354 1430 1433
f 1432 1433 1430
f 28 1359 1404
f 351 1435 1359
f 362 1404 1435
f 1359 1435 1404
f 92 1436 1363
f 370 1437 1436
f 351 1363 1437
f 1436 1437 1363
f 97 1409 1439
f 362 1438 1409
f 370 1439 1438
f 1409 1438 1439
f 351 1437 1435
f 370 1438 1437
f 362 1435 1438
f 1437 1438 1435
f 95 1434 1426
f 369 1440 1434
f 368 1426 1440
f 1434 1440 1426
f 97 1439 1431
f 370 1441 1439
f 369 1431 1441
f 1439 1441 1431
f 92 1429 1436
f 368 1442 1429
f 370 1436 1442
f 1429 1442 1436
f 369 1441 1440
f 370 1442 1441
f 368 1440 1442
f 1441 1442 1440
f 11 1005 1444
f 261 1443 1005
f 372 1444 1443
f 1005 1443 1444
f 72 1445 1009
f 371 1446 1445
f 261 1009 1446
f 1445 1446 1009
f 100 1447 1449
f 372 1448 1447
f 371 1449 1448
f 1447 1448 1449
f 261 1446 1443
f 371 1448 1446
f 372 1443 1448
f 1446 1448 1443
f 20 1450 1021
f 373 1451 1450
f 265 1021 1451
f 1450 1451 1021
f 99 1452 1454
f 374 1453 1452
f 373 1454 1453
f 1452 1453 1454
f 72 1026 1456
f 265 1455 1026
f 374 1456 1455
f 1026 1455 1456
f 373 1453 1451
f 374 1455 1453
f 265 1451 1455
f 1453 1455 1451
f 30 1457 1459
f 375 1458 1457
f 377 1459 1458
f 1457 1458 1459
f 100 1460 1462
f 376 1461 1460
f 375 1462 1461
f 1460 1461 1462
f 99 1463 1465
f 377 1464 1463
f 376 1465 1464
f 1463 1464 1465
f 375 1461 1458
f 376 1464 1461
f 377 1458 1464
f 1461 1464 1458
f 72 1456 1445
f 374 1466 1456
f 371 1445 1466
f 1456 1466 1445
f 99 1465 1452
f 376 1467 1465
f 374 1452 1467
f 1465 1467 1452
f 100 1449 1460
f 371 1468 1449
f 376 1460 1468
f 1449 1468 1460
f 374 1467 1466
f 376 1468 1467
f 371 1466 1468
f 1467 1468 1466
f 8 1469 977
f 378 1470 1469
f 252 977 1470
f 1469 1470 977
f 101 1471 1473
f 379 1472 1471
f 378 1473 1472
f 1471 1472 1473
f 68 981 1475
f 252 1474 981
f 379 1475 1474
f 981 1474 1475
f 378 1472 1470
f 379 1474 1472
f 252 1470 1474
f 1472 1474 1470
f 29 1476 1478
f 380 1477 1476
f 382 1478 1477
f 1476 1477 1478
f 102 1479 1481
f 381 1480 1479
f 380 1481 1480
f 1479 1480 1481
f 101 1482 1484
f 382 1483 1482
f 381 1484 1483
f 1482 1483 1484
f 380 1480 1477
f 381 1483 1480
f 382 1477 1483
f 1480 1483 1477
f 20 986 1486
f 256 1485 986
f 384 1486 1485
f 986 1485 1486
f 68 1487 990
f 383 1488 1487
f 256 990 1488
f 1487 1488 990
f 102 1489 1491
f 384 1490 1489
f 383 1491 1490
f 1489 1490 1491
f 256 1488 1485
f 383 1490 1488
f 384 1485 1490
f 1488 1490 1485
f 101 1484 1471
f 381 1492 1484
f 379 1471 1492
f 1484 1492 1471
f 102 1491 1479
f 383 1493 1491
f 381 1479 1493
f 1491 1493 1479
f 68 1475 1487
f 379 1494 1475
f 383 1487 1494
f 1475 1494 1487
f 381 1493 1492
f 383 1494 1493
f 379 1492 1494
f 1493 1494 1492
f 7 1495 1497
f 385 1496 1495
f 387 1497 1496
f 1495 1496 1497
f 103 1498 1500
f 386 1499 1498
f 385 1500 1499
f 1498 1499 1500
f 105 1501 1503
f 387 1502 1501
f 386 1503 1502
f 1501 1502 1503
f 385 1499 1496
f 386 1502 1499
f 387 1496 1502
f 1499 1502 1496
f 30 1504 1506
f 388 1505 1504
f 390 1506 1505
f 1504 1505 1506
f 104 1507 1509
f 389 1508 1507
f 388 1509 1508
f 1507 1508 1509
f 103 1510 1512
f 390 1511 1510
f 389 1512 1511
f 1510 1511 1512
f 388 1508 1505
f 389 1511 1508
f 390 1505 1511
f 1508 1511 1505
f 29 1513 1515
f 391 1514 1513
f 393 1515 1514
f 1513 1514 1515
f 105 1516 1518
f 392 1517 1516
f 391 1518 1517
f 1516 1517 1518
f 104 1519 1521
f 393 1520 1519
f 392 1521 1520
f 1519 1520 1521
f 391 1517 1514
f 392 1520 1517
f 393 1514 1520
f 1517 1520 1514
f 103 1512 1498
f 389 1522 1512
f 386 1498 1522
f 1512 1522 1498
f 104 1521 1507
f 392 1523 1521
f 389 1507 1523
f 1521 1523 1507
f 105 1503 1516
f 386 1524 1503
f 392 1516 1524
f 1503 1524 1516
f 389 1523 1522
f 392 1524 1523
f 386 1522 1524
f 1523 1524 1522
f 20 1486 1450
f 384 1525 1486
f 373 1450 1525
f 1486 1525 1450
f 102 1526 1489
f 394 1527 1526
f 384 1489 1527
f 1526 1527 1489
f 99 1454 1529
f 373 1528 1454
f 394 1529 1528
f 1454 1528 1529
f 384 1527 1525
f 394 1528 1527
f 373 1525 1528
f 1527 1528 1525
f 29 1515 1476
f 393 1530 1515
f 380 1476 1530
f 1515 1530 1476
f 104 1531 1519
f 395 1532 1531
f 393 1519 1532
f 1531 1532 1519
f 102 1481 1534
f 380 1533 1481
f 395 1534 1533
f 1481 1533 1534
f 393 1532 1530
f 395 1533 1532
f 380 1530 1533
f 1532 1533 1530
f 30 1459 1504
f 377 1535 1459
f 388 1504 1535
f 1459 1535 1504
f 99 1536 1463
f 396 1537 1536
f 377 1463 1537
f 1536 1537 1463
f 104 1509 1539
f 388 1538 1509
f 396 1539 1538
f 1509 1538 1539
f 377 1537 1535
f 396 1538 1537
f 388 1535 1538
f 1537 1538 1535
f 102 1534 1526
f 395 1540 1534
f 394 1526 1540
f 1534 1540 1526
f 104 1539 1531
f 396 1541 1539
f 395 1531 1541
f 1539 1541 1531
f 99 1529 1536
f 394 1542 1529
f 396 1536 1542
f 1529 1542 1536
f 395 1541 1540
f 396 1542 1541
f 394 1540 1542
f 1541 1542 1540
f 8 905 1544
f 235 1543 905
f 398 1544 1543
f 905 1543 1544
f 65 1545 909
f 397 1546 1545
f 235 909 1546
f 1545 1546 909
f 107 1547 1549
f 398 1548 1547
f 397 1549 1548
f 1547 1548 1549
f 235 1546 1543
f 397 1548 1546
f 398 1543 1548
f 1546 1548 1543
f 18 1550 921
f 399 1551 1550
f 239 921 1551
f 1550 1551 921
f 106 1552 1554
f 400 1553 1552
f 399 1554 1553
f 1552 1553 1554
f 65 926 1556
f 239 1555 926
f 400 1556 1555
f 926 1555 1556
f 399 1553 1551
f 400 1555 1553
f 239 1551 1555
f 1553 1555 1551
f 32 1557 1559
f 401 1558 1557
f 403 1559 1558
f 1557 1558 1559
f 107 1560 1562
f 402 1561 1560
f 401 1562 1561
f 1560 1561 1562
f 106 1563 1565
f 403 1564 1563
f 402 1565 1564
f 1563 1564 1565
f 401 1561 1558
f 402 1564 1561
f 403 1558 1564
f 1561 1564 1558
f 65 1556 1545
f 400 1566 1556
f 397 1545 1566
f 1556 1566 1545
f 106 1565 1552
f 402 1567 1565
f 400 1552 1567
f 1565 1567 1552
f 107 1549 1560
f 397 1568 1549
f 402 1560 1568
f 1549 1568 1560
f 400 1567 1566
f 402 1568 1567
f 397 1566 1568
f 1567 1568 1566
f 2 1569 877
f 404 1570 1569
f 226 877 1570
f 1569 1570 877
f 108 1571 1573
f 405 1572 1571
f 404 1573 1572
f 1571 1572 1573
f 61 881 1575
f 226 1574 881
f 405 1575 1574
f 881 1574 1575
f 404 1572 1570
f 405 1574 1572
f 226 1570 1574
f 1572 1574 1570
f 31 1576 1578
f 406 1577 1576
f 408 1578 1577
f 1576 1577 1578
f 109 1579 1581
f 407 1580 1579
f 406 1581 1580
f 1579 1580 1581
f 108 1582 1584
f 408 1583 1582
f 407 1584 1583
f 1582 1583 1584
f 406 1580 1577
f 407 1583 1580
f 408 1577 1583
f 1580 1583 1577
f 18 886 1586
f 230 1585 886
f 410 1586 1585
f 886 1585 1586
f 61 1587 890
f 409 1588 1587
f 230 890 1588
f 1587 1588 890
f 109 1589 1591
f 410 1590 1589
f 409 1591 1590
f 1589 1590 1591
f 230 1588 1585
f 409 1590 1588
f 410 1585 1590
f 1588 1590 1585
f 108 1584 1571
f 407 1592 1584
f 405 1571 1592
f 1584 1592 1571
f 109 1591 1579
f 409 1593 1591
f 407 1579 1593
f 1591 1593 1579
f 61 1575 1587
f 405 1594 1575
f 409 1587 1594
f 1575 1594 1587
f 407 1593 1592
f 409 1594 1593
f 405 1592 1594
f 1593 1594 1592
f 9 1595 1597
f 411 1596 1595
f 413 1597 1596
f 1595 1596 1597
f 110 1598 1600
f 412 1599 1598
f 411 1600 1599
f 1598 1599 1600
f 112 1601 1603
f 413 1602 1601
f 412 1603 1602
f 1601 1602 1603
f 411 1599 1596
f 412 1602 1599
f 413 1596 1602
f 1599 1602 1596
f 32 1604 1606
f 414 1605 1604
f 416 1606 1605
f 1604 1605 1606
f 111 1607 1609
f 415 1608 1607
f 414 1609 1608
f 1607 1608 1609
f 110 1610 1612
f 416 1611 1610
f 415 1612 1611
f 1610 1611 1612
f 414 1608 1605
f 415 1611 1608
f 416 1605 1611
f 1608 1611 1605
f 31 1613 1615
f 417 1614 1613
f 419 1615 1614
f 1613 1614 1615
f 112 1616 1618
f 418 1617 1616
f 417 1618 1617
f 1616 1617 1618
f 111 1619 1621
f 419 1620 1619
f 418 1621 1620
f 1619 1620 1621
f 417 1617 1614
f 418 1620 1617
f 419 1614 1620
f 1617 1620 1614
f 110 1612 1598
f 415 1622 1612
f 412 1598 1622
f 1612 1622 1598
f 111 1621 1607
f 418 1623 1621
f 415 1607 1623
f 1621 1623 1607
f 112 1603 1616
f 412 1624 1603
f 418 1616 1624
f 1603 1624 1616
f 415 1623 1622
f 418 1624 1623
f 412 1622 1624
f 1623 1624 1622
f 18 1586 1550
f 410 1625 1586
f 399 1550 1625
f 1586 1625 1550
f 109 1626 1589
f 420 1627 1626
f 410 1589 1627
f 1626 1627 1589
f 106 1554 1629
f 399 1628 1554
f 420 1629 1628
f 1554 1628 1629
f 410 1627 1625
f 420 1628 1627
f 399 1625 1628
f 1627 1628 1625
f 31 1615 1576
f 419 1630 1615
f 406 1576 1630
f 1615 1630 1576
f 111 1631 1619
f 421 1632 1631
f 419 1619 1632
f 1631 1632 1619
f 109 1581 1634
f 406 1633 1581
f 421 1634 1633
f 1581 1633 1634
f 419 1632 1630
f 421 1633 1632
f 406 1630 1633
f 1632 1633 1630
f 32 1559 1604
f 403 1635 1559
f 414 1604 1635
f 1559 1635 1604
f 106 1636 1563
f 422 1637 1636
f 403 1563 1637
f 1636 1637 1563
f 111 1609 1639
f 414 1638 1609
f 422 1639 1638
f 1609 1638 1639
f 403 1637 1635
f 422 1638 1637
f 414 1635 1638
f 1637 1638 1635
f 109 1634 1626
f 421 1640 1634
f 420 1626 1640
f 1634 1640 1626
f 111 1639 1631
f 422 1641 1639
f 421 1631 1641
f 1639 1641 1631
f 106 1629 1636
f 420 1642 1629
f 422 1636 1642
f 1629 1642 1636
f 421 1641 1640
f 422 1642 1641
f 420 1640 1642
f 1641 1642 1640
f 4 1643 1645
f 423 1644 1643
f 425 1645 1644
f 1643 1644 1645
f 113 1646 1648
f 424 1647 1646
f 423 1648 1647
f 1646 1647 1648
f 115 1649 1651
f 425 1650 1649
f 424 1651 1650
f 1649 1650 1651
f 423 1647 1644
f 424 1650 1647
f 425 1644 1650
f 1647 1650 1644
f 33 1652 1654
f 426 1653 1652
f 428 1654 1653
f 1652 1653 1654
f 114 1655 1657
f 427 1656 1655
f 426 1657 1656
f 1655 1656 1657
f 113 1658 1660
f 428 1659 1658
f 427 1660 1659
f 1658 1659 1660
f 426 1656 1653
f 427 1659 1656
f 428 1653 1659
f 1656 1659 1653
f 35 1661 1663
f 429 1662 1661
f 431 1663 1662
f 1661 1662 1663
f 115 1664 1666
f 430 1665 1664
f 429 1666 1665
f 1664 1665 1666
f 114 1667 1669
f 431 1668 1667
f 430 1669 1668
f 1667 1668 1669
f 429 1665 1662
f 430 1668 1665
f 431 1662 1668
f 1665 1668 1662
f 113 1660 1646
f 427 1670 1660
f 424 1646 1670
f 1660 1670 1646
f 114 1669 1655
f 430 1671 1669
f 427 1655 1671
f 1669 1671 1655
f 115 1651 1664
f 424 1672 1651
f 430 1664 1672
f 1651 1672 1664
f 427 1671 1670
f 430 1672 1671
f 424 1670 1672
f 1671 1672 1670
f 10 1673 1675
f 432 1674 1673
f 434 1675 1674
f 1673 1674 1675
f 116 1676 1678
f 433 1677 1676
f 432 1678 1677
f 1676 1677 1678
f 118 1679 1681
f 434 1680 1679
f 433 1681 1680
f 1679 1680 1681
f 432 1677 1674
f 433 1680 1677
f 434 1674 1680
f 1677 1680 1674
f 34 1682 1684
f 435 1683 1682
f 437 1684 1683
f 1682 1683 1684
f 117 1685 1687
f 436 1686 1685
f 435 1687 1686
f 1685 1686 1687
f 116 1688 1690
f 437 1689 1688
f 436 1690 1689
f 1688 1689 1690
f 435 1686 1683
f 436 1689 1686
f 437 1683 1689
f 1686 1689 1683
f 33 1691 1693
f 438 1692 1691
f 440 1693 1692
f 1691 1692 1693
f 118 1694 1696
f 439 1695 1694
f 438 1696 1695
f 1694 1695 1696
f 117 1697 1699
f 440 1698 1697
f 439 1699 1698
f 1697 1698 1699
f 438 1695 1692
f 439 1698 1695
f 440 1692 1698
f 1695 1698 1692
f 116 1690 1676
f 436 1700 1690
f 433 1676 1700
f 1690 1700 1676
f 117 1699 1685
f 439 1701 1699
f 436 1685 1701
f 1699 1701 1685
f 118 1681 1694
f 433 1702 1681
f 439 1694 1702
f 1681 1702 1694
f 436 1701 1700
f 439 1702 1701
f 433 1700 1702
f 1701 1702 1700
f 5 1703 1705
f 441 1704 1703
f 443 1705 1704
f 1703 1704 1705
f 119 1706 1708
f 442 1707 1706
f 441 1708 1707
f 1706 1707 1708
f 121 1709 1711
f 443 1710 1709
f 442 1711 1710
f 1709 1710 1711
f 441 1707 1704
f 442 1710 1707
f 443 1704 1710
f 1707 1710 1704
f 35 1712 1714
f 444 1713 1712
f 446 1714 1713
f 1712 1713 1714
f 120 1715 1717
f 445 1716 1715
f 444 1717 1716
f 1715 1716 1717
f 119 1718 1720
f 446 1719 1718
f 445 1720 1719
f 1718 1719 1720
f 444 1716 1713
f 445 1719 1716
f 446 1713 1719
f 1716 1719 1713
f 34 1721 1723
f 447 1722 1721
f 449 1723 1722
f 1721 1722 1723
f 121 1724 1726
f 448 1725 1724
f 447 1726 1725
f 1724 1725 1726
f 120 1727 1729
f 449 1728 1727
f 448 1729 1728
f 1727 1728 1729
f 447 1725 1722
f 448 1728 1725
f 449 1722 1728
f 1725 1728 1722
f 119 1720 1706
f 445 1730 1720
f 442 1706 1730
f 1720 1730 1706
f 120 1729 1715
f 448 1731 1729
f 445 1715 1731
f 1729 1731 1715
f 121 1711 1724
f 442 1732 1711
f 448 1724 1732
f 1711 1732 1724
f 445 1731 1730
f 448 1732 1731
f 442 1730 1732
f 1731 1732 1730
f 33 1693 1652
f 440 1733 1693
f 426 1652 1733
f 1693 1733 1652
f 117 1734 1697
f 450 1735 1734
f 440 1697 1735
f 1734 1735 1697
f 114 1657 1737
f 426 1736 1657
f 450 1737 1736
f 1657 1736 1737
f 440 1735 1733
f 450 1736 1735
f 426 1733 1736
f 1735 1736 1733
f 34 1723 1682
f 449 1738 1723
f 435 1682 1738
f 1723 1738 1682
f 120 1739 1727
f 451 1740 1739
f 449 1727 1740
f 1739 1740 1727
f 117 1687 1742
f 435 1741 1687
f 451 1742 1741
f 1687 1741 1742
f 449 1740 1738
f 451 1741 1740
f 435 1738 1741
f 1740 1741 1738
f 35 1663 1712
f 431 1743 1663
f 444 1712 1743
f 1663 1743 1712
f 114 1744 1667
f 452 1745 1744
f 431 1667 1745
f 1744 1745 1667
f 120 1717 1747
f 444 1746 1717
f 452 1747 1746
f 1717 1746 1747
f 431 1745 1743
f 452 1746 1745
f 444 1743 1746
f 1745 1746 1743
f 117 1742 1734
f 451 1748 1742
f 450 1734 1748
f 1742 1748 1734
f 120 1747 1739
f 452 1749 1747
f 451 1739 1749
f 1747 1749 1739
f 114 1737 1744
f 450 1750 1737
f 452 1744 1750
f 1737 1750 1744
f 451 1749 1748
f 452 1750 1749
f 450 1748 1750
f 1749 1750 1748
f 4 1645 1752
f 425 1751 1645
f 454 1752 1751
f 1645 1751 1752
f 115 1753 1649
f 453 1754 1753
f 425 1649 1754
f 1753 1754 1649
f 123 1755 1757
f 454 1756 1755
f 453 1757 1756
f 1755 1756 1757
f 425 1754 1751
f 453 1756 1754
f 454 1751 1756
f 1754 1756 1751
f 35 1758 1661
f 455 1759 1758
f 429 1661 1759
f 1758 1759 1661
f 122 1760 1762
f 456 1761 1760
f 455 1762 1761
f 1760 1761 1762
f 115 1666 1764
f 429 1763 1666
f 456 1764 1763
f 1666 1763 1764
f 455 1761 1759
f 456 1763 1761
f 429 1759 1763
f 1761 1763 1759
f 37 1765 1767
f 457 1766 1765
f 459 1767 1766
f 1765 1766 1767
f 123 1768 1770
f 458 1769 1768
f 457 1770 1769
f 1768 1769 1770
f 122 1771 1773
f 459 1772 1771
f 458 1773 1772
f 1771 1772 1773
f 457 1769 1766
f 458 1772 1769
f 459 1766 1772
f 1769 1772 1766
f 115 1764 1753
f 456 1774 1764
f 453 1753 1774
f 1764 1774 1753
f 122 1773 1760
f 458 1775 1773
f 456 1760 1775
f 1773 1775 1760
f 123 1757 1768
f 453 1776 1757
f 458 1768 1776
f 1757 1776 1768
f 456 1775 1774
f 458 1776 1775
f 453 1774 1776
f 1775 1776 1774
f 5 1777 1703
f 460 1778 1777
f 441 1703 1778
f 1777 1778 1703
f 124 1779 1781
f 461 1780 1779
f 460 1781 1780
f 1779 1780 1781
f 119 1708 1783
f 441 1782 1708
f 461 1783 1782
f 1708 1782 1783
f 460 1780 1778
f 461 1782 1780
f 441 1778 1782
f 1780 1782 1778
f 36 1784 1786
f 462 1785 1784
f 464 1786 1785
f 1784 1785 1786
f 125 1787 1789
f 463 1788 1787
f 462 1789 1788
f 1787 1788 1789
f 124 1790 1792
f 464 1791 1790
f 463 1792 1791
f 1790 1791 1792
f 462 1788 1785
f 463 1791 1788
f 464 1785 1791
f 1788 1791 1785
f 35 1714 1794
f 446 1793 1714
f 466 1794 1793
f 1714 1793 1794
f 119 1795 1718
f 465 1796 1795
f 446 1718 1796
f 1795 1796 1718
f 125 1797 1799
f 466 1798 1797
f 465 1799 1798
f 1797 1798 1799
f 446 1796 1793
f 465 1798 1796
f 466 1793 1798
f 1796 1798 1793
f 124 1792 1779
f 463 1800 1792
f 461 1779 1800
f 1792 1800 1779
f 125 1799 1787
f 465 1801 1799
f 463 1787 1801
f 1799 1801 1787
f 119 1783 1795
f 461 1802 1783
f 465 1795 1802
f 1783 1802 1795
f 463 1801 1800
f 465 1802 1801
f 461 1800 1802
f 1801 1802 1800
f 3 1803 1805
f 467 1804 1803
f 469 1805 1804
f 1803 1804 1805
f 126 1806 1808
f 468 1807 1806
f 467 1808 1807
f 1806 1807 1808
f 128 1809 1811
f 469 1810 1809
f 468 1811 1810
f 1809 1810 1811
f 467 1807 1804
f 468 1810 1807
f 469 1804 1810
f 1807 1810 1804
f 37 1812 1814
f 470 1813 1812
f 472 1814 1813
f 1812 1813 1814
f 127 1815 1817
f 471 1816 1815
f 470 1817 1816
f 1815 1816 1817
f 126 1818 1820
f 472 1819 1818
f 471 1820 1819
f 1818 1819 1820
f 470 1816 1813
f 471 1819 1816
f 472 1813 1819
f 1816 1819 1813
f 36 1821 1823
f 473 1822 1821
f 475 1823 1822
f 1821 1822 1823
f 128 1824 1826
f 474 1825 1824
f 473 1826 1825
f 1824 1825 1826
f 127 1827 1829
f 475 1828 1827
f 474 1829 1828
f 1827 1828 1829
f 473 1825 1822
f 474 1828 1825
f 475 1822 1828
f 1825 1828 1822
f 126 1820 1806
f 471 1830 1820
f 468 1806 1830
f 1820 1830 1806
f 127 1829 1815
f 474 1831 1829
f 471 1815 1831
f 1829 1831 1815
f 128 1811 1824
f 468 1832 1811
f 474 1824 1832
f 1811 1832 1824
f 471 1831 1830
f 474 1832 1831
f 468 1830 1832
f 1831 1832 1830
f 35 1794 1758
f 466 1833 1794
f 455 1758 1833
f 1794 1833 1758
f 125 1834 1797
f 476 1835 1834
f 466 1797 1835
f 1834 1835 1797
f 122 1762 1837
f 455 1836 1762
f 476 1837 1836
f 1762 1836 1837
f 466 1835 1833
f 476 1836 1835
f 455 1833 1836
f 1835 1836 1833
f 36 1823 1784
f 475 1838 1823
f 462 1784 1838
f 1823 1838 1784
f 127 1839 1827
f 477 1840 1839
f 475 1827 1840
f 1839 1840 1827
f 125 1789 1842
f 462 1841 1789
f 477 1842 1841
f 1789 1841 1842
f 475 1840 1838
f 477 1841 1840
f 462 1838 1841
f 1840 1841 1838
f 37 1767 1812
f 459 1843 1767
f 470 1812 1843
f 1767 1843 1812
f 122 1844 1771
f 478 1845 1844
f 459 1771 1845
f 1844 1845 1771
f 127 1817 1847
f 470 1846 1817
f 478 1847 1846
f 1817 1846 1847
f 459 1845 1843
f 478 1846 1845
f 470 1843 1846
f 1845 1846 1843
f 125 1842 1834
f 477 1848 1842
f 476 1834 1848
f 1842 1848 1834
f 127 1847 1839
f 478 1849 1847
f 477 1839 1849
f 1847 1849 1839
f 122 1837 1844
f 476 1850 1837
f 478 1844 1850
f 1837 1850 1844
f 477 1849 1848
f 478 1850 1849
f 476 1848 1850
f 1849 1850 1848
f 4 1752 1852
f 454 1851 1752
f 480 1852 1851
f 1752 1851 1852
f 123 1853 1755
f 479 1854 1853
f 454 1755 1854
f 1853 1854 1755
f 130 1855 1857
f 480 1856 1855
f 479 1857 1856
f 1855 1856 1857
f 454 1854 1851
f 479 1856 1854
f 480 1851 1856
f 1854 1856 1851
f 37 1858 1765
f 481 1859 1858
f 457 1765 1859
f 1858 1859 1765
f 129 1860 1862
f 482 1861 1860
f 481 1862 1861
f 1860 1861 1862
f 123 1770 1864
f 457 1863 1770
f 482 1864 1863
f 1770 1863 1864
f 481 1861 1859
f 482 1863 1861
f 457 1859 1863
f 1861 1863 1859
f 39 1865 1867
f 483 1866 1865
f 485 1867 1866
f 1865 1866 1867
f 130 1868 1870
f 484 1869 1868
f 483 1870 1869
f 1868 1869 1870
f 129 1871 1873
f 485 1872 1871
f 484 1873 1872
f 1871 1872 1873
f 483 1869 1866
f 484 1872 1869
f 485 1866 1872
f 1869 1872 1866
f 123 1864 1853
f 482 1874 1864
f 479 1853 1874
f 1864 1874 1853
f 129 1873 1860
f 484 1875 1873
f 482 1860 1875
f 1873 1875 1860
f 130 1857 1868
f 479 1876 1857
f 484 1868 1876
f 1857 1876 1868
f 482 1875 1874
f 484 1876 1875
f 479 1874 1876
f 1875 1876 1874
f 3 1877 1803
f 486 1878 1877
f 467 1803 1878
f 1877 1878 1803
f 131 1879 1881
f 487 1880 1879
f 486 1881 1880
f 1879 1880 1881
f 126 1808 1883
f 467 1882 1808
f 487 1883 1882
f 1808 1882 1883
f 486 1880 1878
f 487 1882 1880
f 467 1878 1882
f 1880 1882 1878
f 38 1884 1886
f 488 1885 1884
f 490 1886 1885
f 1884 1885 1886
f 132 1887 1889
f 489 1888 1887
f 488 1889 1888
f 1887 1888 1889
f 131 1890 1892
f 490 1891 1890
f 489 1892 1891
f 1890 1891 1892
f 488 1888 1885
f 489 1891 1888
f 490 1885 1891
f 1888 1891 1885
f 37 1814 1894
f 472 1893 1814
f 492 1894 1893
f 1814 1893 1894
f 126 1895 1818
f 491 1896 1895
f 472 1818 1896
f 1895 1896 1818
f 132 1897 1899
f 492 1898 1897
f 491 1899 1898
f 1897 1898 1899
f 472 1896 1893
f 491 1898 1896
f 492 1893 1898
f 1896 1898 1893
f 131 1892 1879
f 489 1900 1892
f 487 1879 1900
f 1892 1900 1879
f 132 1899 1887
f 491 1901 1899
f 489 1887 1901
f 1899 1901 1887
f 126 1883 1895
f 487 1902 1883
f 491 1895 1902
f 1883 1902 1895
f 489 1901 1900
f 491 1902 1901
f 487 1900 1902
f 1901 1902 1900
f 7 1903 1905
f 493 1904 1903
f 495 1905 1904
f 1903 1904 1905
f 133 1906 1908
f 494 1907 1906
f 493 1908 1907
f 1906 1907 1908
f 135 1909 1911
f 495 1910 1909
f 494 1911 1910
f 1909 1910 1911
f 493 1907 1904
f 494 1910 1907
f 495 1904 1910
f 1907 1910 1904
f 39 1912 1914
f 496 1913 1912
f 498 1914 1913
f 1912 1913 1914
f 134 1915 1917
f 497 1916 1915
f 496 1917 1916
f 1915 1916 1917
f 133 1918 1920
f 498 1919 1918
f 497 1920 1919
f 1918 1919 1920
f 496 1916 1913
f 497 1919 1916
f 498 1913 1919
f 1916 1919 1913
f 38 1921 1923
f 499 1922 1921
f 501 1923 1922
f 1921 1922 1923
f 135 1924 1926
f 500 1925 1924
f 499 1926 1925
f 1924 1925 1926
f 134 1927 1929
f 501 1928 1927
f 500 1929 1928
f 1927 1928 1929
f 499 1925 1922
f 500 1928 1925
f 501 1922 1928
f 1925 1928 1922
f 133 1920 1906
f 497 1930 1920
f 494 1906 1930
f 1920 1930 1906
f 134 1929 1915
f 500 1931 1929
f 497 1915 1931
f 1929 1931 1915
f 135 1911 1924
f 494 1932 1911
f 500 1924 1932
f 1911 1932 1924
f 497 1931 1930
f 500 1932 1931
f 494 1930 1932
f 1931 1932 1930
f 37 1894 1858
f 492 1933 1894
f 481 1858 1933
f 1894 1933 1858
f 132 1934 1897
f 502 1935 1934
f 492 1897 1935
f 1934 1935 1897
f 129 1862 1937
f 481 1936 1862
f 502 1937 1936
f 1862 1936 1937
f 492 1935 1933
f 502 1936 1935
f 481 1933 1936
f 1935 1936 1933
f 38 1923 1884
f 501 1938 1923
f 488 1884 1938
f 1923 1938 1884
f 134 1939 1927
f 503 1940 1939
f 501 1927 1940
f 1939 1940 1927
f 132 1889 1942
f 488 1941 1889
f 503 1942 1941
f 1889 1941 1942
f 501 1940 1938
f 503 1941 1940
f 488 1938 1941
f 1940 1941 1938
f 39 1867 1912
f 485 1943 1867
f 496 1912 1943
f 1867 1943 1912
f 129 1944 1871
f 504 1945 1944
f 485 1871 1945
f 1944 1945 1871
f 134 1917 1947
f 496 1946 1917
f 504 1947 1946
f 1917 1946 1947
f 485 1945 1943
f 504 1946 1945
f 496 1943 1946
f 1945 1946 1943
f 132 1942 1934
f 503 1948 1942
f 502 1934 1948
f 1942 1948 1934
f 134 1947 1939
f 504 1949 1947
f 503 1939 1949
f 1947 1949 1939
f 129 1937 1944
f 502 1950 1937
f 504 1944 1950
f 1937 1950 1944
f 503 1949 1948
f 504 1950 1949
f 502 1948 1950
f 1949 1950 1948
f 4 1852 1952
f 480 1951 1852
f 506 1952 1951
f 1852 1951 1952
f 130 1953 1855
f 505 1954 1953
f 480 1855 1954
f 1953 1954 1855
f 137 1955 1957
f 506 1956 1955
f 505 1957 1956
f 1955 1956 1957
f 480 1954 1951
f 505 1956 1954
f 506 1951 1956
f 1954 1956 1951
f 39 1958 1865
f 507 1959 1958
f 483 1865 1959
f 1958 1959 1865
f 136 1960 1962
f 508 1961 1960
f 507 1962 1961
f 1960 1961 1962
f 130 1870 1964
f 483 1963 1870
f 508 1964 1963
f 1870 1963 1964
f 507 1961 1959
f 508 1963 1961
f 483 1959 1963
f 1961 1963 1959
f 41 1965 1967
f 509 1966 1965
f 511 1967 1966
f 1965 1966 1967
f 137 1968 1970
f 510 1969 1968
f 509 1970 1969
f 1968 1969 1970
f 136 1971 1973
f 511 1972 1971
f 510 1973 1972
f 1971 1972 1973
f 509 1969 1966
f 510 1972 1969
f 511 1966 1972
f 1969 1972 1966
f 130 1964 1953
f 508 1974 1964
f 505 1953 1974
f 1964 1974 1953
f 136 1973 1960
f 510 1975 1973
f 508 1960 1975
f 1973 1975 1960
f 137 1957 1968
f 505 1976 1957
f 510 1968 1976
f 1957 1976 1968
f 508 1975 1974
f 510 1976 1975
f 505 1974 1976
f 1975 1976 1974
f 7 1977 1903
f 512 1978 1977
f 493 1903 1978
f 1977 1978 1903
f 138 1979 1981
f 513 1980 1979
f 512 1981 1980
f 1979 1980 1981
f 133 1908 1983
f 493 1982 1908
f 513 1983 1982
f 1908 1982 1983
f 512 1980 1978
f 513 1982 1980
f 493 1978 1982
f 1980 1982 1978
f 40 1984 1986
f 514 1985 1984
f 516 1986 1985
f 1984 1985 1986
f 139 1987 1989
f 515 1988 1987
f 514 1989 1988
f 1987 1988 1989
f 138 1990 1992
f 516 1991 1990
f 515 1992 1991
f 1990 1991 1992
f 514 1988 1985
f 515 1991 1988
f 516 1985 1991
f 1988 1991 1985
f 39 1914 1994
f 498 1993 1914
f 518 1994 1993
f 1914 1993 1994
f 133 1995 1918
f 517 1996 1995
f 498 1918 1996
f 1995 1996 1918
f 139 1997 1999
f 518 1998 1997
f 517 1999 1998
f 1997 1998 1999
f 498 1996 1993
f 517 1998 1996
f 518 1993 1998
f 1996 1998 1993
f 138 1992 1979
f 515 2000 1992
f 513 1979 2000
f 1992 2000 1979
f 139 1999 1987
f 517 2001 1999
f 515 1987 2001
f 1999 2001 1987
f 133 1983 1995
f 513 2002 1983
f 517 1995 2002
f 1983 2002 1995
f 515 2001 2000
f 517 2002 2001
f 513 2000 2002
f 2001 2002 2000
f 9 2003 2005
f 519 2004 2003
f 521 2005 2004
f 2003 2004 2005
f 140 2006 2008
f 520 2007 2006
f 519 2008 2007
f 2006 2007 2008
f 142 2009 2011
f 521 2010 2009
f 520 2011 2010
f 2009 2010 2011
f 519 2007 2004
f 520 2010 2007
f 521 2004 2010
f 2007 2010 2004
f 41 2012 2014
f 522 2013 2012
f 524 2014 2013
f 2012 2013 2014
f 141 2015 2017
f 523 2016 2015
f 522 2017 2016
f 2015 2016 2017
f 140 2018 2020
f 524 2019 2018
f 523 2020 2019
f 2018 2019 2020
f 522 2016 2013
f 523 2019 2016
f 524 2013 2019
f 2016 2019 2013
f 40 2021 2023
f 525 2022 2021
f 527 2023 2022
f 2021 2022 2023
f 142 2024 2026
f 526 2025 2024
f 525 2026 2025
f 2024 2025 2026
f 141 2027 2029
f 527 2028 2027
f 526 2029 2028
f 2027 2028 2029
f 525 2025 2022
f 526 2028 2025
f 527 2022 2028
f 2025 2028 2022
f 140 2020 2006
f 523 2030 2020
f 520 2006 2030
f 2020 2030 2006
f 141 2029 2015
f 526 2031 2029
f 523 2015 2031
f 2029 2031 2015
f 142 2011 2024
f 520 2032 2011
f 526 2024 2032
f 2011 2032 2024
f 523 2031 2030
f 526 2032 2031
f 520 2030 2032
f 2031 2032 2030
f 39 1994 1958
f 518 2033 1994
f 507 1958 2033
f 1994 2033 1958
f 139 2034 1997
f 528 2035 2034
f 518 1997 2035
f 2034 2035 1997
f 136 1962 2037
f 507 2036 1962
f 528 2037 2036
f 1962 2036 2037
f 518 2035 2033
f 528 2036 2035
f 507 2033 2036
f 2035 2036 2033
f 40 2023 1984
f 527 2038 2023
f 514 1984 2038
f 2023 2038 1984
f 141 2039 2027
f 529 2040 2039
f 527 2027 2040
f 2039 2040 2027
f 139 1989 2042
f 514 2041 1989
f 529 2042 2041
f 1989 2041 2042
f 527 2040 2038
f 529 2041 2040
f 514 2038 2041
f 2040 2041 2038
f 41 1967 2012
f 511 2043 1967
f 522 2012 2043
f 1967 2043 2012
f 136 2044 1971
f 530 2045 2044
f 511 1971 2045
f 2044 2045 1971
f 141 2017 2047
f 522 2046 2017
f 530 2047 2046
f 2017 2046 2047
f 511 2045 2043
f 530 2046 2045
f 522 2043 2046
f 2045 2046 2043
f 139 2042 2034
f 529 2048 2042
f 528 2034 2048
f 2042 2048 2034
f 141 2047 2039
f 530 2049 2047
f 529 2039 2049
f 2047 2049 2039
f 136 2037 2044
f 528 2050 2037
f 530 2044 2050
f 2037 2050 2044
f 529 2049 2048
f 530 2050 2049
f 528 2048 2050
f 2049 2050 2048
f 4 1952 1643
f 506 2051 1952
f 423 1643 2051
f 1952 2051 1643
f 137 2052 1955
f 531 2053 2052
f 506 1955 2053
f 2052 2053 1955
f 113 1648 2055
f 423 2054 1648
f 531 2055 2054
f 1648 2054 2055
f 506 2053 2051
f 531 2054 2053
f 423 2051 2054
f 2053 2054 2051
f 41 2056 1965
f 532 2057 2056
f 509 1965 2057
f 2056 2057 1965
f 143 2058 2060
f 533 2059 2058
f 532 2060 2059
f 2058 2059 2060
f 137 1970 2062
f 509 2061 1970
f 533 2062 2061
f 1970 2061 2062
f 532 2059 2057
f 533 2061 2059
f 509 2057 2061
f 2059 2061 2057
f 33 1654 2064
f 428 2063 1654
f 535 2064 2063
f 1654 2063 2064
f 113 2065 1658
f 534 2066 2065
f 428 1658 2066
f 2065 2066 1658
f 143 2067 2069
f 535 2068 2067
f 534 2069 2068
f 2067 2068 2069
f 428 2066 2063
f 534 2068 2066
f 535 2063 2068
f 2066 2068 2063
f 137 2062 2052
f 533 2070 2062
f 531 2052 2070
f 2062 2070 2052
f 143 2069 2058
f 534 2071 2069
f 533 2058 2071
f 2069 2071 2058
f 113 2055 2065
f 531 2072 2055
f 534 2065 2072
f 2055 2072 2065
f 533 2071 2070
f 534 2072 2071
f 531 2070 2072
f 2071 2072 2070
f 9 2073 2003
f 536 2074 2073
f 519 2003 2074
f 2073 2074 2003
f 144 2075 2077
f 537 2076 2075
f 536 2077 2076
f 2075 2076 2077
f 140 2008 2079
f 519 2078 2008
f 537 2079 2078
f 2008 2078 2079
f 536 2076 2074
f 537 2078 2076
f 519 2074 2078
f 2076 2078 2074
f 42 2080 2082
f 538 2081 2080
f 540 2082 2081
f 2080 2081 2082
f 145 2083 2085
f 539 2084 2083
f 538 2085 2084
f 2083 2084 2085
f 144 2086 2088
f 540 2087 2086
f 539 2088 2087
f 2086 2087 2088
f 538 2084 2081
f 539 2087 2084
f 540 2081 2087
f 2084 2087 2081
f 41 2014 2090
f 524 2089 2014
f 542 2090 2089
f 2014 2089 2090
f 140 2091 2018
f 541 2092 2091
f 524 2018 2092
f 2091 2092 2018
f 145 2093 2095
f 542 2094 2093
f 541 2095 2094
f 2093 2094 2095
f 524 2092 2089
f 541 2094 2092
f 542 2089 2094
f 2092 2094 2089
f 144 2088 2075
f 539 2096 2088
f 537 2075 2096
f 2088 2096 2075
f 145 2095 2083
f 541 2097 2095
f 539 2083 2097
f 2095 2097 2083
f 140 2079 2091
f 537 2098 2079
f 541 2091 2098
f 2079 2098 2091
f 539 2097 2096
f 541 2098 2097
f 537 2096 2098
f 2097 2098 2096
f 10 1675 2100
f 434 2099 1675
f 544 2100 2099
f 1675 2099 2100
f 118 2101 1679
f 543 2102 2101
f 434 1679 2102
f 2101 2102 1679
f 147 2103 2105
f 544 2104 2103
f 543 2105 2104
f 2103 2104 2105
f 434 2102 2099
f 543 2104 2102
f 544 2099 2104
f 2102 2104 2099
f 33 2106 1691
f 545 2107 2106
f 438 1691 2107
f 2106 2107 1691
f 146 2108 2110
f 546 2109 2108
f 545 2110 2109
f 2108 2109 2110
f 118 1696 2112
f 438 2111 1696
f 546 2112 2111
f 1696 2111 2112
f 545 2109 2107
f 546 2111 2109
f 438 2107 2111
f 2109 2111 2107
f 42 2113 2115
f 547 2114 2113
f 549 2115 2114
f 2113 2114 2115
f 147 2116 2118
f 548 2117 2116
f 547 2118 2117
f 2116 2117 2118
f 146 2119 2121
f 549 2120 2119
f 548 2121 2120
f 2119 2120 2121
f 547 2117 2114
f 548 2120 2117
f 549 2114 2120
f 2117 2120 2114
f 118 2112 2101
f 546 2122 2112
f 543 2101 2122
f 2112 2122 2101
f 146 2121 2108
f 548 2123 2121
f 546 2108 2123
f 2121 2123 2108
f 147 2105 2116
f 543 2124 2105
f 548 2116 2124
f 2105 2124 2116
f 546 2123 2122
f 548 2124 2123
f 543 2122 2124
f 2123 2124 2122
f 41 2090 2056
f 542 2125 2090
f 532 2056 2125
f 2090 2125 2056
f 145 2126 2093
f 550 2127 2126
f 542 2093 2127
f 2126 2127 2093
f 143 2060 2129
f 532 2128 2060
f 550 2129 2128
f 2060 2128 2129
f 542 2127 2125
f 550 2128 2127
f 532 2125 2128
f 2127 2128 2125
f 42 2115 2080
f 549 2130 2115
f 538 2080 2130
f 2115 2130 2080
f 146 2131 2119
f 551 2132 2131
f 549 2119 2132
f 2131 2132 2119
f 145 2085 2134
f 538 2133 2085
f 551 2134 2133
f 2085 2133 2134
f 549 2132 2130
f 551 2133 2132
f 538 2130 2133
f 2132 2133 2130
f 33 2064 2106
f 535 2135 2064
f 545 2106 2135
f 2064 2135 2106
f 143 2136 2067
f 552 2137 2136
f 535 2067 2137
f 2136 2137 2067
f 146 2110 2139
f 545 2138 2110
f 552 2139 2138
f 2110 2138 2139
f 535 2137 2135
f 552 2138 2137
f 545 2135 2138
f 2137 2138 2135
f 145 2134 2126
f 551 2140 2134
f 550 2126 2140
f 2134 2140 2126
f 146 2139 2131
f 552 2141 2139
f 551 2131 2141
f 2139 2141 2131
f 143 2129 2136
f 550 2142 2129
f 552 2136 2142
f 2129 2142 2136
f 551 2141 2140
f 552 2142 2141
f 550 2140 2142
f 2141 2142 2140
f 5 1705 1295
f 443 2143 1705
f 333 1295 2143
f 1705 2143 1295
f 121 2144 1709
f 553 2145 2144
f 443 1709 2145
f 2144 2145 1709
f 89 1300 2147
f 333 2146 1300
f 553 2147 2146
f 1300 2146 2147
f 443 2145 2143
f 553 2146 2145
f 333 2143 2146
f 2145 2146 2143
f 34 2148 1721
f 554 2149 2148
f 447 1721 2149
f 2148 2149 1721
f 148 2150 2152
f 555 2151 2150
f 554 2152 2151
f 2150 2151 2152
f 121 1726 2154
f 447 2153 1726
f 555 2154 2153
f 1726 2153 2154
f 554 2151 2149
f 555 2153 2151
f 447 2149 2153
f 2151 2153 2149
f 26 1306 2156
f 338 2155 1306
f 557 2156 2155
f 1306 2155 2156
f 89 2157 1310
f 556 2158 2157
f 338 1310 2158
f 2157 2158 1310
f 148 2159 2161
f 557 2160 2159
f 556 2161 2160
f 2159 2160 2161
f 338 2158 2155
f 556 2160 2158
f 557 2155 2160
f 2158 2160 2155
f 121 2154 2144
f 555 2162 2154
f 553 2144 2162
f 2154 2162 2144
f 148 2161 2150
f 556 2163 2161
f 555 2150 2163
f 2161 2163 2150
f 89 2147 2157
f 553 2164 2147
f 556 2157 2164
f 2147 2164 2157
f 555 2163 2162
f 556 2164 2163
f 553 2162 2164
f 2163 2164 2162
f 10 1197 1673
f 309 2165 1197
f 432 1673 2165
f 1197 2165 1673
f 84 2166 1201
f 558 2167 2166
f 309 1201 2167
f 2166 2167 1201
f 116 1678 2169
f 432 2168 1678
f 558 2169 2168
f 1678 2168 2169
f 309 2167 2165
f 558 2168 2167
f 432 2165 2168
f 2167 2168 2165
f 23 2170 1213
f 559 2171 2170
f 313 1213 2171
f 2170 2171 1213
f 149 2172 2174
f 560 2173 2172
f 559 2174 2173
f 2172 2173 2174
f 84 1218 2176
f 313 2175 1218
f 560 2176 2175
f 1218 2175 2176
f 559 2173 2171
f 560 2175 2173
f 313 2171 2175
f 2173 2175 2171
f 34 1684 2178
f 437 2177 1684
f 562 2178 2177
f 1684 2177 2178
f 116 2179 1688
f 561 2180 2179
f 437 1688 2180
f 2179 2180 1688
f 149 2181 2183
f 562 2182 2181
f 561 2183 2182
f 2181 2182 2183
f 437 2180 2177
f 561 2182 2180
f 562 2177 2182
f 2180 2182 2177
f 84 2176 2166
f 560 2184 2176
f 558 2166 2184
f 2176 2184 2166
f 149 2183 2172
f 561 2185 2183
f 560 2172 2185
f 2183 2185 2172
f 116 2169 2179
f 558 2186 2169
f 561 2179 2186
f 2169 2186 2179
f 560 2185 2184
f 561 2186 2185
f 558 2184 2186
f 2185 2186 2184
f 6 1244 1169
f 320 2187 1244
f 300 1169 2187
f 1244 2187 1169
f 86 2188 1247
f 563 2189 2188
f 320 1247 2189
f 2188 2189 1247
f 80 1173 2191
f 300 2190 1173
f 563 2191 2190
f 1173 2190 2191
f 320 2189 2187
f 563 2190 2189
f 300 2187 2190
f 2189 2190 2187
f 26 2192 1257
f 564 2193 2192
f 323 1257 2193
f 2192 2193 1257
f 150 2194 2196
f 565 2195 2194
f 564 2196 2195
f 2194 2195 2196
f 86 1262 2198
f 323 2197 1262
f 565 2198 2197
f 1262 2197 2198
f 564 2195 2193
f 565 2197 2195
f 323 2193 2197
f 2195 2197 2193
f 23 1178 2200
f 304 2199 1178
f 567 2200 2199
f 1178 2199 2200
f 80 2201 1182
f 566 2202 2201
f 304 1182 2202
f 2201 2202 1182
f 150 2203 2205
f 567 2204 2203
f 566 2205 2204
f 2203 2204 2205
f 304 2202 2199
f 566 2204 2202
f 567 2199 2204
f 2202 2204 2199
f 86 2198 2188
f 565 2206 2198
f 563 2188 2206
f 2198 2206 2188
f 150 2205 2194
f 566 2207 2205
f 565 2194 2207
f 2205 2207 2194
f 80 2191 2201
f 563 2208 2191
f 566 2201 2208
f 2191 2208 2201
f 565 2207 2206
f 566 2208 2207
f 563 2206 2208
f 2207 2208 2206
f 34 2178 2148
f 562 2209 2178
f 554 2148 2209
f 2178 2209 2148
f 149 2210 2181
f 568 2211 2210
f 562 2181 2211
f 2210 2211 2181
f 148 2152 2213
f 554 2212 2152
f 568 2213 2212
f 2152 2212 2213
f 562 2211 2209
f 568 2212 2211
f 554 2209 2212
f 2211 2212 2209
f 23 2200 2170
f 567 2214 2200
f 559 2170 2214
f 2200 2214 2170
f 150 2215 2203
f 569 2216 2215
f 567 2203 2216
f 2215 2216 2203
f 149 2174 2218
f 559 2217 2174
f 569 2218 2217
f 2174 2217 2218
f 567 2216 2214
f 569 2217 2216
f 559 2214 2217
f 2216 2217 2214
f 26 2156 2192
f 557 2219 2156
f 564 2192 2219
f 2156 2219 2192
f 148 2220 2159
f 570 2221 2220
f 557 2159 2221
f 2220 2221 2159
f 150 2196 2223
f 564 2222 2196
f 570 2223 2222
f 2196 2222 2223
f 557 2221 2219
f 570 2222 2221
f 564 2219 2222
f 2221 2222 2219
f 149 2218 2210
f 569 2224 2218
f 568 2210 2224
f 2218 2224 2210
f 150 2223 2215
f 570 2225 2223
f 569 2215 2225
f 2223 2225 2215
f 148 2213 2220
f 568 2226 2213
f 570 2220 2226
f 2213 2226 2220
f 569 2225 2224
f 570 2226 2225
f 568 2224 2226
f 2225 2226 2224
f 3 1805 1395
f 469 2227 1805
f 359 1395 2227
f 1805 2227 1395
f 128 2228 1809
f 571 2229 2228
f 469 1809 2229
f 2228 2229 1809
f 96 1400 2231
f 359 2230 1400
f 571 2231 2230
f 1400 2230 2231
f 469 2229 2227
f 571 2230 2229
f 359 2227 2230
f 2229 2230 2227
f 36 2232 1821
f 572 2233 2232
f 473 1821 2233
f 2232 2233 1821
f 151 2234 2236
f 573 2235 2234
f 572 2236 2235
f 2234 2235 2236
f 128 1826 2238
f 473 2237 1826
f 573 2238 2237
f 1826 2237 2238
f 572 2235 2233
f 573 2237 2235
f 473 2233 2237
f 2235 2237 2233
f 28 1406 2240
f 364 2239 1406
f 575 2240 2239
f 1406 2239 2240
f 96 2241 1410
f 574 2242 2241
f 364 1410 2242
f 2241 2242 1410
f 151 2243 2245
f 575 2244 2243
f 574 2245 2244
f 2243 2244 2245
f 364 2242 2239
f 574 2244 2242
f 575 2239 2244
f 2242 2244 2239
f 128 2238 2228
f 573 2246 2238
f 571 2228 2246
f 2238 2246 2228
f 151 2245 2234
f 574 2247 2245
f 573 2234 2247
f 2245 2247 2234
f 96 2231 2241
f 571 2248 2231
f 574 2241 2248
f 2231 2248 2241
f 573 2247 2246
f 574 2248 2247
f 571 2246 2248
f 2247 2248 2246
f 5 1297 1777
f 335 2249 1297
f 460 1777 2249
f 1297 2249 1777
f 91 2250 1301
f 576 2251 2250
f 335 1301 2251
f 2250 2251 1301
f 124 1781 2253
f 460 2252 1781
f 576 2253 2252
f 1781 2252 2253
f 335 2251 2249
f 576 2252 2251
f 460 2249 2252
f 2251 2252 2249
f 25 2254 1313
f 577 2255 2254
f 339 1313 2255
f 2254 2255 1313
f 152 2256 2258
f 578 2257 2256
f 577 2258 2257
f 2256 2257 2258
f 91 1318 2260
f 339 2259 1318
f 578 2260 2259
f 1318 2259 2260
f 577 2257 2255
f 578 2259 2257
f 339 2255 2259
f 2257 2259 2255
f 36 1786 2262
f 464 2261 1786
f 580 2262 2261
f 1786 2261 2262
f 124 2263 1790
f 579 2264 2263
f 464 1790 2264
f 2263 2264 1790
f 152 2265 2267
f 580 2266 2265
f 579 2267 2266
f 2265 2266 2267
f 464 2264 2261
f 579 2266 2264
f 580 2261 2266
f 2264 2266 2261
f 91 2260 2250
f 578 2268 2260
f 576 2250 2268
f 2260 2268 2250
f 152 2267 2256
f 579 2269 2267
f 578 2256 2269
f 2267 2269 2256
f 124 2253 2263
f 576 2270 2253
f 579 2263 2270
f 2253 2270 2263
f 578 2269 2268
f 579 2270 2269
f 576 2268 2270
f 2269 2270 2268
f 12 1344 1269
f 346 2271 1344
f 326 1269 2271
f 1344 2271 1269
f 93 2272 1347
f 581 2273 2272
f 346 1347 2273
f 2272 2273 1347
f 87 1273 2275
f 326 2274 1273
f 581 2275 2274
f 1273 2274 2275
f 346 2273 2271
f 581 2274 2273
f 326 2271 2274
f 2273 2274 2271
f 28 2276 1357
f 582 2277 2276
f 349 1357 2277
f 2276 2277 1357
f 153 2278 2280
f 583 2279 2278
f 582 2280 2279
f 2278 2279 2280
f 93 1362 2282
f 349 2281 1362
f 583 2282 2281
f 1362 2281 2282
f 582 2279 2277
f 583 2281 2279
f 349 2277 2281
f 2279 2281 2277
f 25 1278 2284
f 330 2283 1278
f 585 2284 2283
f 1278 2283 2284
f 87 2285 1282
f 584 2286 2285
f 330 1282 2286
f 2285 2286 1282
f 153 2287 2289
f 585 2288 2287
f 584 2289 2288
f 2287 2288 2289
f 330 2286 2283
f 584 2288 2286
f 585 2283 2288
f 2286 2288 2283
f 93 2282 2272
f 583 2290 2282
f 581 2272 2290
f 2282 2290 2272
f 153 2289 2278
f 584 2291 2289
f 583 2278 2291
f 2289 2291 2278
f 87 2275 2285
f 581 2292 2275
f 584 2285 2292
f 2275 2292 2285
f 583 2291 2290
f 584 2292 2291
f 581 2290 2292
f 2291 2292 2290
f 36 2262 2232
f 580 2293 2262
f 572 2232 2293
f 2262 2293 2232
f 152 2294 2265
f 586 2295 2294
f 580 2265 2295
f 2294 2295 2265
f 151 2236 2297
f 572 2296 2236
f 586 2297 2296
f 2236 2296 2297
f 580 2295 2293
f 586 2296 2295
f 572 2293 2296
f 2295 2296 2293
f 25 2284 2254
f 585 2298 2284
f 577 2254 2298
f 2284 2298 2254
f 153 2299 2287
f 587 2300 2299
f 585 2287 2300
f 2299 2300 2287
f 152 2258 2302
f 577 2301 2258
f 587 2302 2301
f 2258 2301 2302
f 585 2300 2298
f 587 2301 2300
f 577 2298 2301
f 2300 2301 2298
f 28 2240 2276
f 575 2303 2240
f 582 2276 2303
f 2240 2303 2276
f 151 2304 2243
f 588 2305 2304
f 575 2243 2305
f 2304 2305 2243
f 153 2280 2307
f 582 2306 2280
f 588 2307 2306
f 2280 2306 2307
f 575 2305 2303
f 588 2306 2305
f 582 2303 2306
f 2305 2306 2303
f 152 2302 2294
f 587 2308 2302
f 586 2294 2308
f 2302 2308 2294
f 153 2307 2299
f 588 2309 2307
f 587 2299 2309
f 2307 2309 2299
f 151 2297 2304
f 586 2310 2297
f 588 2304 2310
f 2297 2310 2304
f 587 2309 2308
f 588 2310 2309
f 586 2308 2310
f 2309 2310 2308
f 7 1905 1495
f 495 2311 1905
f 385 1495 2311
f 1905 2311 1495
f 135 2312 1909
f 589 2313 2312
f 495 1909 2313
f 2312 2313 1909
f 103 1500 2315
f 385 2314 1500
f 589 2315 2314
f 1500 2314 2315
f 495 2313 2311
f 589 2314 2313
f 385 2311 2314
f 2313 2314 2311
f 38 2316 1921
f 590 2317 2316
f 499 1921 2317
f 2316 2317 1921
f 154 2318 2320
f 591 2319 2318
f 590 2320 2319
f 2318 2319 2320
f 135 1926 2322
f 499 2321 1926
f 591 2322 2321
f 1926 2321 2322
f 590 2319 2317
f 591 2321 2319
f 499 2317 2321
f 2319 2321 2317
f 30 1506 2324
f 390 2323 1506
f 593 2324 2323
f 1506 2323 2324
f 103 2325 1510
f 592 2326 2325
f 390 1510 2326
f 2325 2326 1510
f 154 2327 2329
f 593 2328 2327
f 592 2329 2328
f 2327 2328 2329
f 390 2326 2323
f 592 2328 2326
f 593 2323 2328
f 2326 2328 2323
f 135 2322 2312
f 591 2330 2322
f 589 2312 2330
f 2322 2330 2312
f 154 2329 2318
f 592 2331 2329
f 591 2318 2331
f 2329 2331 2318
f 103 2315 2325
f 589 2332 2315
f 592 2325 2332
f 2315 2332 2325
f 591 2331 2330
f 592 2332 2331
f 589 2330 2332
f 2331 2332 2330
f 3 1397 1877
f 361 2333 1397
f 486 1877 2333
f 1397 2333 1877
f 98 2334 1401
f 594 2335 2334
f 361 1401 2335
f 2334 2335 1401
f 131 1881 2337
f 486 2336 1881
f 594 2337 2336
f 1881 2336 2337
f 361 2335 2333
f 594 2336 2335
f 486 2333 2336
f 2335 2336 2333
f 27 2338 1413
f 595 2339 2338
f 365 1413 2339
f 2338 2339 1413
f 155 2340 2342
f 596 2341 2340
f 595 2342 2341
f 2340 2341 2342
f 98 1418 2344
f 365 2343 1418
f 596 2344 2343
f 1418 2343 2344
f 595 2341 2339
f 596 2343 2341
f 365 2339 2343
f 2341 2343 2339
f 38 1886 2346
f 490 2345 1886
f 598 2346 2345
f 1886 2345 2346
f 131 2347 1890
f 597 2348 2347
f 490 1890 2348
f 2347 2348 1890
f 155 2349 2351
f 598 2350 2349
f 597 2351 2350
f 2349 2350 2351
f 490 2348 2345
f 597 2350 2348
f 598 2345 2350
f 2348 2350 2345
f 98 2344 2334
f 596 2352 2344
f 594 2334 2352
f 2344 2352 2334
f 155 2351 2340
f 597 2353 2351
f 596 2340 2353
f 2351 2353 2340
f 131 2337 2347
f 594 2354 2337
f 597 2347 2354
f 2337 2354 2347
f 596 2353 2352
f 597 2354 2353
f 594 2352 2354
f 2353 2354 2352
f 11 1444 1369
f 372 2355 1444
f 352 1369 2355
f 1444 2355 1369
f 100 2356 1447
f 599 2357 2356
f 372 1447 2357
f 2356 2357 1447
f 94 1373 2359
f 352 2358 1373
f 599 2359 2358
f 1373 2358 2359
f 372 2357 2355
f 599 2358 2357
f 352 2355 2358
f 2357 2358 2355
f 30 2360 1457
f 600 2361 2360
f 375 1457 2361
f 2360 2361 1457
f 156 2362 2364
f 601 2363 2362
f 600 2364 2363
f 2362 2363 2364
f 100 1462 2366
f 375 2365 1462
f 601 2366 2365
f 1462 2365 2366
f 600 2363 2361
f 601 2365 2363
f 375 2361 2365
f 2363 2365 2361
f 27 1378 2368
f 356 2367 1378
f 603 2368 2367
f 1378 2367 2368
f 94 2369 1382
f 602 2370 2369
f 356 1382 2370
f 2369 2370 1382
f 156 2371 2373
f 603 2372 2371
f 602 2373 2372
f 2371 2372 2373
f 356 2370 2367
f 602 2372 2370
f 603 2367 2372
f 2370 2372 2367
f 100 2366 2356
f 601 2374 2366
f 599 2356 2374
f 2366 2374 2356
f 156 2373 2362
f 602 2375 2373
f 601 2362 2375
f 2373 2375 2362
f 94 2359 2369
f 599 2376 2359
f 602 2369 2376
f 2359 2376 2369
f 601 2375 2374
f 602 2376 2375
f 599 2374 2376
f 2375 2376 2374
f 38 2346 2316
f 598 2377 2346
f 590 2316 2377
f 2346 2377 2316
f 155 2378 2349
f 604 2379 2378
f 598 2349 2379
f 2378 2379 2349
f 154 2320 2381
f 590 2380 2320
f 604 2381 2380
f 2320 2380 2381
f 598 2379 2377
f 604 2380 2379
f 590 2377 2380
f 2379 2380 2377
f 27 2368 2338
f 603 2382 2368
f 595 2338 2382
f 2368 2382 2338
f 156 2383 2371
f 605 2384 2383
f 603 2371 2384
f 2383 2384 2371
f 155 2342 2386
f 595 2385 2342
f 605 2386 2385
f 2342 2385 2386
f 603 2384 2382
f 605 2385 2384
f 595 2382 2385
f 2384 2385 2382
f 30 2324 2360
f 593 2387 2324
f 600 2360 2387
f 2324 2387 2360
f 154 2388 2327
f 606 2389 2388
f 593 2327 2389
f 2388 2389 2327
f 156 2364 2391
f 600 2390 2364
f 606 2391 2390
f 2364 2390 2391
f 593 2389 2387
f 606 2390 2389
f 600 2387 2390
f 2389 2390 2387
f 155 2386 2378
f 605 2392 2386
f 604 2378 2392
f 2386 2392 2378
f 156 2391 2383
f 606 2393 2391
f 605 2383 2393
f 2391 2393 2383
f 154 2381 2388
f 604 2394 2381
f 606 2388 2394
f 2381 2394 2388
f 605 2393 2392
f 606 2394 2393
f 604 2392 2394
f 2393 2394 2392
f 9 2005 1595
f 521 2395 2005
f 411 1595 2395
f 2005 2395 1595
f 142 2396 2009
f 607 2397 2396
f 521 2009 2397
f 2396 2397 2009
f 110 1600 2399
f 411 2398 1600
f 607 2399 2398
f 1600 2398 2399
f 521 2397 2395
f 607 2398 2397
f 411 2395 2398
f 2397 2398 2395
f 40 2400 2021
f 608 2401 2400
f 525 2021 2401
f 2400 2401 2021
f 157 2402 2404
f 609 2403 2402
f 608 2404 2403
f 2402 2403 2404
f 142 2026 2406
f 525 2405 2026
f 609 2406 2405
f 2026 2405 2406
f 608 2403 2401
f 609 2405 2403
f 525 2401 2405
f 2403 2405 2401
f 32 1606 2408
f 416 2407 1606
f 611 2408 2407
f 1606 2407 2408
f 110 2409 1610
f 610 2410 2409
f 416 1610 2410
f 2409 2410 1610
f 157 2411 2413
f 611 2412 2411
f 610 2413 2412
f 2411 2412 2413
f 416 2410 2407
f 610 2412 2410
f 611 2407 2412
f 2410 2412 2407
f 142 2406 2396
f 609 2414 2406
f 607 2396 2414
f 2406 2414 2396
f 157 2413 2402
f 610 2415 2413
f 609 2402 2415
f 2413 2415 2402
f 110 2399 2409
f 607 2416 2399
f 610 2409 2416
f 2399 2416 2409
f 609 2415 2414
f 610 2416 2415
f 607 2414 2416
f 2415 2416 2414
f 7 1497 1977
f 387 2417 1497
f 512 1977 2417
f 1497 2417 1977
f 105 2418 1501
f 612 2419 2418
f 387 1501 2419
f 2418 2419 1501
f 138 1981 2421
f 512 2420 1981
f 612 2421 2420
f 1981 2420 2421
f 387 2419 2417
f 612 2420 2419
f 512 2417 2420
f 2419 2420 2417
f 29 2422 1513
f 613 2423 2422
f 391 1513 2423
f 2422 2423 1513
f 158 2424 2426
f 614 2425 2424
f 613 2426 2425
f 2424 2425 2426
f 105 1518 2428
f 391 2427 1518
f 614 2428 2427
f 1518 2427 2428
f 613 2425 2423
f 614 2427 2425
f 391 2423 2427
f 2425 2427 2423
f 40 1986 2430
f 516 2429 1986
f 616 2430 2429
f 1986 2429 2430
f 138 2431 1990
f 615 2432 2431
f 516 1990 2432
f 2431 2432 1990
f 158 2433 2435
f 616 2434 2433
f 615 2435 2434
f 2433 2434 2435
f 516 2432 2429
f 615 2434 2432
f 616 2429 2434
f 2432 2434 2429
f 105 2428 2418
f 614 2436 2428
f 612 2418 2436
f 2428 2436 2418
f 158 2435 2424
f 615 2437 2435
f 614 2424 2437
f 2435 2437 2424
f 138 2421 2431
f 612 2438 2421
f 615 2431 2438
f 2421 2438 2431
f 614 2437 2436
f 615 2438 2437
f 612 2436 2438
f 2437 2438 2436
f 8 1544 1469
f 398 2439 1544
f 378 1469 2439
f 1544 2439 1469
f 107 2440 1547
f 617 2441 2440
f 398 1547 2441
f 2440 2441 1547
f 101 1473 2443
f 378 2442 1473
f 617 2443 2442
f 1473 2442 2443
f 398 2441 2439
f 617 2442 2441
f 378 2439 2442
f 2441 2442 2439
f 32 2444 1557
f 618 2445 2444
f 401 1557 2445
f 2444 2445 1557
f 159 2446 2448
f 619 2447 2446
f 618 2448 2447
f 2446 2447 2448
f 107 1562 2450
f 401 2449 1562
f 619 2450 2449
f 1562 2449 2450
f 618 2447 2445
f 619 2449 2447
f 401 2445 2449
f 2447 2449 2445
f 29 1478 2452
f 382 2451 1478
f 621 2452 2451
f 1478 2451 2452
f 101 2453 1482
f 620 2454 2453
f 382 1482 2454
f 2453 2454 1482
f 159 2455 2457
f 621 2456 2455
f 620 2457 2456
f 2455 2456 2457
f 382 2454 2451
f 620 2456 2454
f 621 2451 2456
f 2454 2456 2451
f 107 2450 2440
f 619 2458 2450
f 617 2440 2458
f 2450 2458 2440
f 159 2457 2446
f 620 2459 2457
f 619 2446 2459
f 2457 2459 2446
f 101 2443 2453
f 617 2460 2443
f 620 2453 2460
f 2443 2460 2453
f 619 2459 2458
f 620 2460 2459
f 617 2458 2460
f 2459 2460 2458
f 40 2430 2400
f 616 2461 2430
f 608 2400 2461
f 2430 2461 2400
f 158 2462 2433
f 622 2463 2462
f 616 2433 2463
f 2462 2463 2433
f 157 2404 2465
f 608 2464 2404
f 622 2465 2464
f 2404 2464 2465
f 616 2463 2461
f 622 2464 2463
f 608 2461 2464
f 2463 2464 2461
f 29 2452 2422
f 621 2466 2452
f 613 2422 2466
f 2452 2466 2422
f 159 2467 2455
f 623 2468 2467
f 621 2455 2468
f 2467 2468 2455
f 158 2426 2470
f 613 2469 2426
f 623 2470 2469
f 2426 2469 2470
f 621 2468 2466
f 623 2469 2468
f 613 2466 2469
f 2468 2469 2466
f 32 2408 2444
f 611 2471 2408
f 618 2444 2471
f 2408 2471 2444
f 157 2472 2411
f 624 2473 2472
f 611 2411 2473
f 2472 2473 2411
f 159 2448 2475
f 618 2474 2448
f 624 2475 2474
f 2448 2474 2475
f 611 2473 2471
f 624 2474 2473
f 618 2471 2474
f 2473 2474 2471
f 158 2470 2462
f 623 2476 2470
f 622 2462 2476
f 2470 2476 2462
f 159 2475 2467
f 624 2477 2475
f 623 2467 2477
f 2475 2477 2467
f 157 2465 2472
f 622 2478 2465
f 624 2472 2478
f 2465 2478 2472
f 623 2477 2476
f 624 2478 2477
f 622 2476 2478
f 2477 2478 2476
f 10 2100 1195
f 544 2479 2100
f 307 1195 2479
f 2100 2479 1195
f 147 2480 2103
f 625 2481 2480
f 544 2103 2481
f 2480 2481 2103
f 82 1200 2483
f 307 2482 1200
f 625 2483 2482
f 1200 2482 2483
f 544 2481 2479
f 625 2482 2481
f 307 2479 2482
f 2481 2482 2479
f 42 2484 2113
f 626 2485 2484
f 547 2113 2485
f 2484 2485 2113
f 160 2486 2488
f 627 2487 2486
f 626 2488 2487
f 2486 2487 2488
f 147 2118 2490
f 547 2489 2118
f 627 2490 2489
f 2118 2489 2490
f 626 2487 2485
f 627 2489 2487
f 547 2485 2489
f 2487 2489 2485
f 24 1206 2492
f 312 2491 1206
f 629 2492 2491
f 1206 2491 2492
f 82 2493 1210
f 628 2494 2493
f 312 1210 2494
f 2493 2494 1210
f 160 2495 2497
f 629 2496 2495
f 628 2497 2496
f 2495 2496 2497
f 312 2494 2491
f 628 2496 2494
f 629 2491 2496
f 2494 2496 2491
f 147 2490 2480
f 627 2498 2490
f 625 2480 2498
f 2490 2498 2480
f 160 2497 2486
f 628 2499 2497
f 627 2486 2499
f 2497 2499 2486
f 82 2483 2493
f 625 2500 2483
f 628 2493 2500
f 2483 2500 2493
f 627 2499 2498
f 628 2500 2499
f 625 2498 2500
f 2499 2500 2498
f 9 1597 2073
f 413 2501 1597
f 536 2073 2501
f 1597 2501 2073
f 112 2502 1601
f 630 2503 2502
f 413 1601 2503
f 2502 2503 1601
f 144 2077 2505
f 536 2504 2077
f 630 2505 2504
f 2077 2504 2505
f 413 2503 2501
f 630 2504 2503
f 536 2501 2504
f 2503 2504 2501
f 31 2506 1613
f 631 2507 2506
f 417 1613 2507
f 2506 2507 1613
f 161 2508 2510
f 632 2509 2508
f 631 2510 2509
f 2508 2509 2510
f 112 1618 2512
f 417 2511 1618
f 632 2512 2511
f 1618 2511 2512
f 631 2509 2507
f 632 2511 2509
f 417 2507 2511
f 2509 2511 2507
f 42 2082 2514
f 540 2513 2082
f 634 2514 2513
f 2082 2513 2514
f 144 2515 2086
f 633 2516 2515
f 540 2086 2516
f 2515 2516 2086
f 161 2517 2519
f 634 2518 2517
f 633 2519 2518
f 2517 2518 2519
f 540 2516 2513
f 633 2518 2516
f 634 2513 2518
f 2516 2518 2513
f 112 2512 2502
f 632 2520 2512
f 630 2502 2520
f 2512 2520 2502
f 161 2519 2508
f 633 2521 2519
f 632 2508 2521
f 2519 2521 2508
f 144 2505 2515
f 630 2522 2505
f 633 2515 2522
f 2505 2522 2515
f 632 2521 2520
f 633 2522 2521
f 630 2520 2522
f 2521 2522 2520
f 2 1144 1569
f 294 2523 1144
f 404 1569 2523
f 1144 2523 1569
f 79 2524 1147
f 635 2525 2524
f 294 1147 2525
f 2524 2525 1147
f 108 1573 2527
f 404 2526 1573
f 635 2527 2526
f 1573 2526 2527
f 294 2525 2523
f 635 2526 2525
f 404 2523 2526
f 2525 2526 2523
f 24 2528 1157
f 636 2529 2528
f 297 1157 2529
f 2528 2529 1157
f 162 2530 2532
f 637 2531 2530
f 636 2532 2531
f 2530 2531 2532
f 79 1162 2534
f 297 2533 1162
f 637 2534 2533
f 1162 2533 2534
f 636 2531 2529
f 637 2533 2531
f 297 2529 2533
f 2531 2533 2529
f 31 1578 2536
f 408 2535 1578
f 639 2536 2535
f 1578 2535 2536
f 108 2537 1582
f 638 2538 2537
f 408 1582 2538
f 2537 2538 1582
f 162 2539 2541
f 639 2540 2539
f 638 2541 2540
f 2539 2540 2541
f 408 2538 2535
f 638 2540 2538
f 639 2535 2540
f 2538 2540 2535
f 79 2534 2524
f 637 2542 2534
f 635 2524 2542
f 2534 2542 2524
f 162 2541 2530
f 638 2543 2541
f 637 2530 2543
f 2541 2543 2530
f 108 2527 2537
f 635 2544 2527
f 638 2537 2544
f 2527 2544 2537
f 637 2543 2542
f 638 2544 2543
f 635 2542 2544
f 2543 2544 2542
f 42 2514 2484
f 634 2545 2514
f 626 2484 2545
f 2514 2545 2484
f 161 2546 2517
f 640 2547 2546
f 634 2517 2547
f 2546 2547 2517
f 160 2488 2549
f 626 2548 2488
f 640 2549 2548
f 2488 2548 2549
f 634 2547 2545
f 640 2548 2547
f 626 2545 2548
f 2547 2548 2545
f 31 2536 2506
f 639 2550 2536
f 631 2506 2550
f 2536 2550 2506
f 162 2551 2539
f 641 2552 2551
f 639 2539 2552
f 2551 2552 2539
f 161 2510 2554
f 631 2553 2510
f 641 2554 2553
f 2510 2553 2554
f 639 2552 2550
f 641 2553 2552
f 631 2550 2553
f 2552 2553 2550
f 24 2492 2528
f 629 2555 2492
f 636 2528 2555
f 2492 2555 2528
f 160 2556 2495
f 642 2557 2556
f 629 2495 2557
f 2556 2557 2495
f 162 2532 2559
f 636 2558 2532
f 642 2559 2558
f 2532 2558 2559
f 629 2557 2555
f 642 2558 2557
f 636 2555 2558
f 2557 2558 2555
f 161 2554 2546
f 641 2560 2554
f 640 2546 2560
f 2554 2560 2546
f 162 2559 2551
f 642 2561 2559
f 641 2551 2561
f 2559 2561 2551
f 160 2549 2556
f 640 2562 2549
f 642 2556 2562
f 2549 2562 2556
f 641 2561 2560
f 642 2562 2561
f 640 2560 2562
f 2561 2562 2560
