# regolith_gen synthetic particle
# verts: 2562  tris: 5120
v -0.534340 0.864581 0.000000
v 0.524841 0.849210 0.000000
v -0.524393 -0.848485 0.000000
v 0.520972 -0.842950 0.000000
v 0.000000 -0.522399 0.845260
v 0.000000 0.525199 0.849789
v 0.000000 -0.541474 -0.876123
v 0.000000 0.504046 -0.815564
v 0.859829 0.000000 -0.531404
v 0.847737 0.000000 0.523930
v -0.866592 0.000000 -0.535583
v -0.889230 0.000000 0.549574
v -0.835272 0.516226 0.319045
v -0.529626 0.327327 0.856952
v -0.313382 0.820446 0.507063
v 0.316362 0.828248 0.511885
v 0.000000 1.008009 0.000000
v 0.323329 0.846486 -0.523157
v -0.328999 0.861332 -0.532332
v -0.487668 0.301395 -0.789063
v -0.810076 0.500654 -0.309421
v -0.960768 0.000000 0.000000
v 0.478825 0.295930 0.774755
v 0.821521 0.507728 0.313793
v -0.512213 -0.316565 0.828779
v 0.000000 0.000000 1.017839
v -0.799192 -0.493928 -0.305264
v -0.815188 -0.503814 0.311374
v 0.000000 0.000000 -0.999221
v -0.481569 -0.297626 -0.779196
v 0.840852 0.519675 -0.321177
v 0.500905 0.309576 -0.810481
v 0.800931 -0.495003 0.305928
v 0.483614 -0.298890 0.782503
v 0.330895 -0.866295 0.535399
v -0.303386 -0.794274 0.490888
v 0.000000 -0.974765 0.000000
v -0.292995 -0.767071 -0.474076
v 0.323995 -0.848230 -0.524235
v 0.496371 -0.306774 -0.803144
v 0.788245 -0.487162 -0.301083
v 0.943363 0.000000 0.000000
v -0.673020 0.681038 0.155816
v -0.573692 0.671691 0.415128
v -0.429198 0.853343 0.257082
v -0.719745 0.164671 0.711271
v -0.669478 0.413760 0.571803
v -0.890324 0.268223 0.447798
v -0.163747 0.707279 0.715706
v -0.423713 0.585556 0.685581
v -0.274737 0.458673 0.911946
v -0.160499 0.939580 0.259694
v -0.262044 0.922432 0.000000
v 0.160348 0.692595 0.700847
v 0.000000 0.896745 0.554219
v 0.270423 0.951928 0.000000
v 0.172373 1.009091 0.278906
v 0.440456 0.875727 0.263826
v -0.161553 0.945749 -0.261398
v -0.435960 0.866787 -0.261133
v 0.447410 0.889553 -0.267991
v 0.165480 0.968737 -0.267752
v -0.165462 0.714687 -0.723202
v 0.000000 0.902116 -0.557538
v 0.167116 0.721831 -0.730432
v -0.595978 0.697783 -0.431253
v -0.674751 0.682790 -0.156216
v -0.249935 0.417266 -0.829618
v -0.430140 0.594438 -0.695980
v -0.869435 0.261930 -0.437292
v -0.707376 0.437183 -0.604172
v -0.683059 0.156278 -0.675016
v -0.845326 0.522440 0.000000
v -0.956716 0.000000 -0.271783
v -0.951292 0.262931 -0.162500
v -0.954869 0.263919 0.163111
v -0.936799 0.000000 0.266125
v 0.583515 0.683192 0.422236
v 0.694714 0.702991 0.160838
v 0.251345 0.419620 0.834300
v 0.419359 0.579540 0.678537
v 0.882535 0.265877 0.443880
v 0.708417 0.437826 0.605060
v 0.689848 0.157831 0.681726
v -0.273658 0.169130 0.990105
v 0.000000 0.270118 0.950854
v -0.718373 -0.164357 0.709915
v -0.552946 0.000000 0.894685
v 0.000000 -0.268795 0.946199
v -0.270031 -0.166888 0.976981
v -0.263852 -0.440500 0.875814
v -0.906283 -0.250490 0.154812
v -0.845000 -0.254569 0.425002
v -0.868593 -0.261677 -0.436868
v -0.937300 -0.259063 -0.160110
v -0.690115 -0.698337 0.159773
v -0.880313 -0.544063 0.000000
v -0.699728 -0.708065 -0.161999
v -0.508063 0.000000 -0.822063
v -0.716127 -0.163844 -0.707696
v 0.000000 0.263288 -0.926814
v -0.251512 0.155443 -0.909979
v -0.262455 -0.438168 -0.871177
v -0.266328 -0.164600 -0.963583
v 0.000000 -0.280342 -0.986846
v 0.436910 0.603795 -0.706936
v 0.255565 0.426664 -0.848305
v 0.740986 0.749815 -0.171551
v 0.633418 0.741619 -0.458346
v 0.705686 0.161455 -0.697377
v 0.687624 0.424975 -0.587301
v 0.865599 0.260775 -0.435363
v 0.684880 -0.693040 0.158561
v 0.598252 -0.700446 0.432899
v 0.456783 -0.908188 0.273605
v 0.689505 -0.157753 0.681387
v 0.695993 -0.430147 0.594449
v 0.849657 -0.255972 0.427344
v 0.161941 -0.699478 0.707812
v 0.431652 -0.596528 0.698427
v 0.248372 -0.414657 0.824431
v 0.170113 -0.995856 0.275248
v 0.276561 -0.973534 0.000000
v -0.155421 -0.671317 0.679316
v 0.000000 -0.901383 0.557085
v -0.276541 -0.973465 0.000000
v -0.168853 -0.988482 0.273210
v -0.425734 -0.846455 0.255007
v 0.160613 -0.940242 -0.259877
v 0.449070 -0.892853 -0.268985
v -0.422889 -0.840799 -0.253303
v -0.155001 -0.907391 -0.250797
v 0.167726 -0.724464 -0.733095
v 0.000000 -0.876064 -0.541437
v -0.160928 -0.695103 -0.703385
v 0.611259 -0.715674 -0.442311
v 0.696536 -0.704835 -0.161260
v 0.270356 -0.451358 -0.897401
v 0.458960 -0.634267 -0.742613
v 0.866594 -0.261074 -0.435863
v 0.701864 -0.433776 -0.599464
v 0.695015 -0.159013 -0.686832
v 0.799206 -0.493937 0.000000
v 0.939700 0.000000 -0.266949
v 0.894931 -0.247353 -0.152873
v 0.922809 -0.255058 0.157635
v 0.940419 0.000000 0.267153
v 0.255207 -0.157727 0.923347
v 0.520120 0.000000 0.841572
v 0.256567 0.158567 0.928268
v -0.562716 -0.658839 0.407185
v -0.429714 -0.593850 0.695292
v -0.679846 -0.420168 0.580657
v -0.401635 -0.555046 -0.649859
v -0.561767 -0.657728 -0.406498
v -0.670286 -0.414260 -0.572493
v 0.515585 0.000000 -0.834235
v 0.272282 -0.168280 -0.985127
v 0.260185 0.160803 -0.941357
v 0.921760 0.254768 0.157455
v 0.967306 0.267357 -0.165236
v 0.854674 0.528218 0.000000
v -0.612029 0.779243 0.080610
v -0.558884 0.775489 0.208411
v -0.484917 0.865778 0.131329
v -0.700993 0.596300 0.368534
v -0.631074 0.684587 0.288535
v -0.753675 0.602844 0.235531
v -0.371228 0.835336 0.379716
v -0.512322 0.777684 0.343605
v -0.456943 0.762865 0.471477
v -0.809367 0.083727 0.635689
v -0.802799 0.215751 0.578566
v -0.913203 0.138523 0.511479
v -0.606586 0.374891 0.713085
v -0.705924 0.297528 0.650744
v -0.635918 0.248453 0.795024
v -0.855215 0.388752 0.380062
v -0.786988 0.347715 0.518451
v -0.753064 0.465419 0.451073
v -0.082485 0.626263 0.797366
v -0.217961 0.584494 0.811024
v -0.134032 0.494896 0.883595
v -0.364697 0.693695 0.590092
v -0.291062 0.636602 0.690583
v -0.241224 0.771893 0.617416
v -0.412037 0.402827 0.906441
v -0.355585 0.530185 0.804799
v -0.485080 0.470127 0.784876
v -0.620683 0.541656 0.492815
v -0.554553 0.504549 0.635461
v -0.498665 0.628051 0.548086
v -0.345205 0.890700 0.126869
v -0.394366 0.894651 0.000000
v -0.236739 0.883771 0.383052
v -0.293115 0.891474 0.256943
v -0.132024 0.947880 0.000000
v -0.213984 0.939465 0.129092
v -0.081454 0.978218 0.131795
v 0.080141 0.608462 0.774701
v 0.000000 0.702643 0.711014
v 0.160560 0.862333 0.532951
v 0.082999 0.798065 0.634438
v 0.244236 0.781532 0.625126
v -0.085108 0.818337 0.650554
v -0.160805 0.863650 0.533765
v 0.398221 0.903395 0.000000
v 0.366739 0.946263 0.134783
v 0.478851 0.854948 0.129686
v 0.085673 1.028889 0.138622
v 0.228542 1.003383 0.137875
v 0.141129 1.013246 0.000000
v 0.381376 0.858171 0.390096
v 0.314637 0.956931 0.275810
v 0.251478 0.938795 0.406900
v -0.085167 0.944511 0.413407
v 0.085714 0.950583 0.416065
v 0.000000 0.996998 0.275563
v -0.353810 0.912903 -0.130031
v -0.490071 0.874981 -0.132725
v -0.080104 0.962001 -0.129610
v -0.209734 0.920807 -0.126529
v -0.389242 0.875871 -0.398142
v -0.302601 0.920325 -0.265259
v -0.247975 0.925717 -0.401232
v 0.491743 0.877966 -0.133178
v 0.362634 0.935672 -0.133274
v 0.246559 0.920431 -0.398941
v 0.310741 0.945084 -0.272395
v 0.380958 0.857231 -0.389668
v 0.221759 0.973604 -0.133783
v 0.082207 0.987266 -0.133014
v -0.079386 0.602734 -0.767408
v 0.000000 0.717285 -0.725831
v 0.080335 0.609938 -0.776581
v -0.167188 0.897934 -0.554954
v -0.084083 0.808481 -0.642719
v -0.256650 0.821255 -0.656899
v 0.248107 0.793918 -0.635034
v 0.084811 0.815489 -0.648290
v 0.165657 0.889708 -0.549870
v 0.000000 0.960779 -0.265553
v 0.085913 0.952794 -0.417032
v -0.086484 0.959125 -0.419803
v -0.569981 0.790886 -0.212549
v -0.615449 0.783597 -0.081061
v -0.479533 0.800578 -0.494784
v -0.522341 0.792892 -0.350324
v -0.741638 0.593216 -0.231769
v -0.636770 0.690766 -0.291139
v -0.727394 0.618758 -0.382414
v -0.127602 0.471154 -0.841205
v -0.215064 0.576725 -0.800243
v -0.462181 0.447934 -0.747824
v -0.347067 0.517484 -0.785520
v -0.373220 0.364877 -0.821047
v -0.307960 0.673559 -0.730675
v -0.394298 0.749999 -0.637987
v -0.873876 0.132557 -0.489452
v -0.805721 0.216536 -0.580673
v -0.787269 0.081441 -0.618333
v -0.791834 0.489381 -0.474295
v -0.818855 0.361795 -0.539444
v -0.853711 0.388068 -0.379394
v -0.583519 0.227981 -0.729515
v -0.701252 0.295559 -0.646437
v -0.590533 0.364969 -0.694213
v -0.531213 0.669044 -0.583860
v -0.556170 0.506021 -0.637315
v -0.675252 0.589277 -0.536142
v -0.684346 0.692500 0.000000
v -0.824295 0.509442 -0.153477
v -0.767776 0.610359 -0.079849
v -0.775106 0.616187 0.080612
v -0.844047 0.521650 0.157155
v -0.928642 0.000000 -0.409350
v -0.938329 0.133653 -0.363664
v -0.959566 0.129282 -0.079901
v -0.955883 0.131348 -0.217723
v -0.968939 0.000000 -0.134958
v -0.921737 0.265666 -0.303065
v -0.894428 0.387670 -0.239593
v -0.937418 0.133523 0.363311
v -0.935860 0.000000 0.412531
v -0.893769 0.387385 0.239417
v -0.933908 0.269174 0.307067
v -0.928922 0.000000 0.129384
v -0.953544 0.131027 0.217190
v -0.953559 0.128473 0.079401
v -0.918259 0.401916 -0.082799
v -0.958799 0.265006 0.000000
v -0.924000 0.404429 0.083317
v 0.563587 0.782014 0.210165
v 0.613854 0.781566 0.080851
v 0.449039 0.749669 0.463321
v 0.507935 0.771025 0.340662
v 0.778250 0.622501 0.243211
v 0.655030 0.710574 0.299488
v 0.712632 0.606201 0.374653
v 0.127460 0.470631 0.840272
v 0.204405 0.548141 0.760581
v 0.462687 0.448425 0.748644
v 0.333187 0.496789 0.754105
v 0.370526 0.362244 0.815121
v 0.285159 0.623691 0.676578
v 0.370480 0.704696 0.599450
v 0.872132 0.132293 0.488476
v 0.812672 0.218404 0.585682
v 0.778313 0.080514 0.611299
v 0.770908 0.476448 0.461761
v 0.813050 0.359231 0.535621
v 0.857809 0.389931 0.381215
v 0.602639 0.235451 0.753419
v 0.719108 0.303085 0.662897
v 0.599690 0.370629 0.704978
v 0.507609 0.639315 0.557916
v 0.572661 0.521024 0.656211
v 0.640759 0.559176 0.508756
v -0.137224 0.373380 0.963399
v 0.000000 0.409172 0.928238
v -0.410517 0.253713 0.947139
v -0.280249 0.319701 0.972335
v 0.000000 0.139297 1.000093
v -0.134240 0.222516 0.976926
v -0.137757 0.085138 1.022468
v -0.806169 -0.083396 0.633177
v -0.757049 0.000000 0.748135
v -0.534425 -0.161003 0.864717
v -0.647784 -0.084745 0.814853
v -0.613695 -0.239770 0.767240
v -0.667765 0.087359 0.839987
v -0.565843 0.170469 0.915554
v 0.000000 -0.401870 0.911674
v -0.132837 -0.361443 0.932598
v -0.131708 -0.486314 0.868273
v -0.135552 -0.083776 1.006104
v -0.133195 -0.220784 0.969323
v 0.000000 -0.135242 0.970978
v -0.399192 -0.390269 0.878183
v -0.276490 -0.315412 0.959290
v -0.407578 -0.251897 0.940358
v -0.420222 0.086570 0.960081
v -0.417180 -0.085944 0.953131
v -0.274148 0.000000 0.991876
v -0.907422 -0.129251 0.351686
v -0.875797 -0.132849 0.490528
v -0.945056 -0.127327 0.078693
v -0.919758 -0.126384 0.209495
v -0.830458 -0.377498 0.369060
v -0.878003 -0.253061 0.288685
v -0.877532 -0.380347 0.235067
v -0.891930 -0.135296 -0.499564
v -0.922102 -0.131342 -0.357375
v -0.884341 -0.383299 -0.236892
v -0.914170 -0.263485 -0.300577
v -0.852126 -0.387348 -0.378689
v -0.949798 -0.130512 -0.216337
v -0.956398 -0.128855 -0.079637
v -0.602980 -0.767722 0.079419
v -0.712930 -0.721424 0.000000
v -0.619418 -0.788651 -0.081584
v -0.867464 -0.536122 0.161515
v -0.801684 -0.637315 0.083376
v -0.755793 -0.604538 0.236193
v -0.753787 -0.602934 -0.235566
v -0.797685 -0.634136 -0.082960
v -0.831923 -0.514157 -0.154897
v -0.927292 -0.256297 0.000000
v -0.888496 -0.388889 -0.080116
v -0.898875 -0.393432 0.081052
v -0.690307 0.000000 -0.682179
v -0.804973 -0.083272 -0.632238
v -0.507077 0.152765 -0.820468
v -0.593760 0.077678 -0.746895
v -0.598129 -0.233689 -0.747780
v -0.607293 -0.079448 -0.763918
v -0.508877 -0.153307 -0.823380
v 0.000000 0.383404 -0.869783
v -0.126218 0.343435 -0.886133
v -0.130967 0.080942 -0.972072
v -0.127289 0.210995 -0.926345
v 0.000000 0.134933 -0.968762
v -0.254118 0.289891 -0.881670
v -0.379020 0.234247 -0.874471
v -0.132913 -0.490766 -0.876220
v -0.132322 -0.360042 -0.928983
v 0.000000 -0.410410 -0.931047
v -0.373585 -0.230888 -0.861931
v -0.261497 -0.298309 -0.907273
v -0.359908 -0.351863 -0.791762
v 0.000000 -0.141632 -1.016855
v -0.139915 -0.231924 -1.018229
v -0.136734 -0.084506 -1.014877
v -0.399497 0.082301 -0.912732
v -0.266654 0.000000 -0.964763
v -0.396218 -0.081625 -0.905240
v 0.214183 0.574363 -0.796966
v 0.122178 0.451129 -0.805453
v 0.387586 0.737233 -0.627128
v 0.307274 0.672059 -0.729047
v 0.381887 0.373351 -0.840113
v 0.351361 0.523887 -0.795240
v 0.464436 0.450119 -0.751473
v 0.648474 0.825645 -0.085411
v 0.605897 0.840722 -0.225942
v 0.744279 0.633121 -0.391290
v 0.691144 0.749750 -0.315999
v 0.793324 0.634558 -0.247922
v 0.539750 0.819318 -0.362000
v 0.469103 0.783165 -0.484023
v 0.777117 0.080390 -0.610359
v 0.775375 0.208380 -0.558802
v 0.857436 0.130064 -0.480245
v 0.585973 0.362151 -0.688852
v 0.685403 0.288879 -0.631826
v 0.611421 0.238882 -0.764398
v 0.883877 0.401781 -0.392800
v 0.780008 0.344632 -0.513853
v 0.773694 0.478169 -0.463430
v 0.531915 0.669928 -0.584632
v 0.667696 0.582683 -0.530143
v 0.562772 0.512027 -0.644880
v 0.606118 -0.771717 0.079832
v 0.587903 -0.815754 0.219232
v 0.494649 -0.883154 0.133965
v 0.690460 -0.587340 0.362996
v 0.643088 -0.697619 0.294028
v 0.741820 -0.593362 0.231826
v 0.400809 -0.901901 0.409974
v 0.539170 -0.818438 0.361611
v 0.475493 -0.793834 0.490616
v 0.792283 -0.081959 0.622271
v 0.785689 -0.211152 0.566235
v 0.851080 -0.129100 0.476684
v 0.592298 -0.366060 0.696288
v 0.695272 -0.293038 0.640925
v 0.588008 -0.229734 0.735126
v 0.843297 -0.383334 0.374765
v 0.786997 -0.347719 0.518457
v 0.755428 -0.466880 0.452489
v 0.080197 -0.608894 0.775251
v 0.208597 -0.559383 0.776181
v 0.128957 -0.476157 0.850137
v 0.387817 -0.737673 0.627502
v 0.298143 -0.652088 0.707383
v 0.246269 -0.788036 0.630329
v 0.360056 -0.352007 0.792086
v 0.333687 -0.497534 0.755237
v 0.458790 -0.444647 0.742337
v 0.652031 -0.569014 0.517706
v 0.575391 -0.523508 0.659339
v 0.530779 -0.668496 0.583382
v 0.370293 -0.955432 0.136089
v 0.404208 -0.916977 0.000000
v 0.257810 -0.962433 0.417146
v 0.323299 -0.983278 0.283403
v 0.136071 -0.976932 0.000000
v 0.222891 -0.978573 0.134466
v 0.082255 -0.987838 0.133091
v -0.078727 -0.597726 0.761032
v 0.000000 -0.696611 0.704911
v -0.161026 -0.864839 0.534500
v -0.082461 -0.792887 0.630322
v -0.233750 -0.747977 0.598286
v 0.084274 -0.810319 0.644180
v 0.166250 -0.892897 0.551841
v -0.398113 -0.903151 0.000000
v -0.346385 -0.893745 0.127302
v -0.474727 -0.847584 0.128569
v -0.082476 -0.990494 0.133449
v -0.220766 -0.969241 0.133184
v -0.136255 -0.978255 0.000000
v -0.366746 -0.825251 0.375131
v -0.302954 -0.921398 0.265568
v -0.246482 -0.920144 0.398816
v 0.085545 -0.948713 0.415246
v -0.086220 -0.956199 0.418523
v 0.000000 -0.993706 0.274654
v 0.362273 -0.934739 -0.133142
v 0.491073 -0.876769 -0.132996
v 0.076683 -0.920925 -0.124076
v 0.217084 -0.953076 -0.130963
v 0.391564 -0.881096 -0.400517
v 0.310753 -0.945118 -0.272405
v 0.243398 -0.908631 -0.393826
v -0.479333 -0.855808 -0.129817
v -0.360427 -0.929977 -0.132463
v -0.231951 -0.865900 -0.375305
v -0.289810 -0.881423 -0.254046
v -0.357930 -0.805413 -0.366114
v -0.218173 -0.957857 -0.131620
v -0.077678 -0.932871 -0.125686
v 0.085136 -0.646389 -0.822990
v 0.000000 -0.715160 -0.723681
v -0.082916 -0.629535 -0.801532
v 0.159252 -0.855311 -0.528611
v 0.082521 -0.793461 -0.630778
v 0.242926 -0.777339 -0.621772
v -0.227442 -0.727791 -0.582140
v -0.081088 -0.779691 -0.619832
v -0.156138 -0.838586 -0.518275
v 0.000000 -0.920107 -0.254311
v -0.082495 -0.914880 -0.400438
v 0.082840 -0.918711 -0.402115
v 0.575278 -0.798236 -0.214524
v 0.599559 -0.763366 -0.078968
v 0.474868 -0.792791 -0.489972
v 0.522093 -0.792517 -0.350158
v 0.754855 -0.603788 -0.235900
v 0.654636 -0.710146 -0.299307
v 0.715686 -0.608799 -0.376258
v 0.136327 -0.503372 -0.898727
v 0.227089 -0.608972 -0.844989
v 0.481414 -0.466574 -0.778944
v 0.366780 -0.546878 -0.830138
v 0.391373 -0.382624 -0.860980
v 0.314286 -0.687397 -0.745686
v 0.397587 -0.756255 -0.643309
v 0.875829 -0.132854 -0.490546
v 0.809480 -0.217546 -0.583381
v 0.769050 -0.079556 -0.604023
v 0.762757 -0.471410 -0.456879
v 0.791306 -0.349623 -0.521296
v 0.810875 -0.368597 -0.360357
v 0.598949 -0.234009 -0.748805
v 0.700798 -0.295368 -0.646019
v 0.597537 -0.369298 -0.702447
v 0.535256 -0.674135 -0.588303
v 0.573505 -0.521792 -0.657178
v 0.670054 -0.584742 -0.532015
v 0.684504 -0.692660 0.000000
v 0.801857 -0.495575 -0.149299
v 0.737747 -0.586487 -0.076726
v 0.739367 -0.587775 0.076895
v 0.802745 -0.496124 0.149465
v 0.918773 0.000000 -0.404999
v 0.927007 -0.132040 -0.359276
v 0.900821 -0.121368 -0.075009
v 0.926524 -0.127314 -0.211036
v 0.934889 0.000000 -0.130215
v 0.885898 -0.255336 -0.291281
v 0.840562 -0.364323 -0.225164
v 0.911681 -0.129857 0.353336
v 0.905732 0.000000 0.399251
v 0.883031 -0.382731 0.236540
v 0.904885 -0.260809 0.297524
v 0.947358 0.000000 0.131952
v 0.928964 -0.127649 0.211592
v 0.933208 -0.125731 0.077706
v 0.852528 -0.373146 -0.076872
v 0.899462 -0.248605 0.000000
v 0.868897 -0.380311 0.078348
v 0.127971 -0.348205 0.898441
v 0.375210 -0.231892 0.865679
v 0.259664 -0.296218 0.900913
v 0.129265 -0.214270 0.940723
v 0.131341 -0.081173 0.974847
v 0.709700 0.000000 0.701344
v 0.509655 0.153541 0.824639
v 0.617026 0.080721 0.776162
v 0.622405 -0.081425 0.782928
v 0.509573 -0.153517 0.824507
v 0.128185 0.348786 0.899940
v 0.128665 0.079520 0.954988
v 0.128828 0.213546 0.937543
v 0.254010 0.289768 0.881296
v 0.378850 0.234142 0.874077
v 0.390012 -0.080347 0.891061
v 0.391533 0.080660 0.894535
v 0.258887 0.000000 0.936663
v -0.557872 -0.774084 0.208033
v -0.434726 -0.725773 0.448553
v -0.506782 -0.769275 0.339889
v -0.634340 -0.688129 0.290028
v -0.695624 -0.591733 0.365711
v -0.210054 -0.563291 0.781603
v -0.479103 -0.464335 0.775205
v -0.350209 -0.522169 0.792631
v -0.292939 -0.640707 0.695037
v -0.368354 -0.700652 0.596010
v -0.784903 -0.210941 0.565669
v -0.762565 -0.471291 0.456764
v -0.773552 -0.341779 0.509600
v -0.690911 -0.291200 0.636904
v -0.597874 -0.369506 0.702843
v -0.502704 -0.633138 0.552526
v -0.566029 -0.514990 0.648611
v -0.641382 -0.559720 0.509250
v -0.213720 -0.573122 -0.795245
v -0.354573 -0.674438 -0.573711
v -0.285987 -0.625502 -0.678542
v -0.334574 -0.498858 -0.757246
v -0.438161 -0.424655 -0.708959
v -0.564543 -0.783341 -0.210521
v -0.690354 -0.587250 -0.362941
v -0.640501 -0.694813 -0.292845
v -0.502578 -0.762893 -0.337070
v -0.429970 -0.717834 -0.443646
v -0.811995 -0.218222 -0.585194
v -0.573759 -0.354603 -0.674495
v -0.706672 -0.297843 -0.651433
v -0.808768 -0.357338 -0.532799
v -0.769257 -0.475427 -0.460772
v -0.475606 -0.599009 -0.522742
v -0.619509 -0.540632 -0.491883
v -0.519778 -0.472910 -0.595613
v 0.714350 0.000000 -0.705939
v 0.509794 -0.153583 -0.824864
v 0.603442 -0.078944 -0.759074
v 0.621972 0.081368 -0.782384
v 0.512202 0.154309 -0.828761
v 0.135040 -0.367439 -0.948069
v 0.133093 -0.082256 -0.987850
v 0.136054 -0.225523 -0.990128
v 0.271315 -0.309509 -0.941336
v 0.392872 -0.242809 -0.906430
v 0.125359 0.341096 -0.880099
v 0.375570 0.232115 -0.866509
v 0.256184 0.292249 -0.888841
v 0.130178 0.215783 -0.947364
v 0.131775 0.081442 -0.978070
v 0.401242 -0.082660 -0.916719
v 0.270178 0.000000 -0.977512
v 0.392437 0.080847 -0.896602
v 0.925473 0.131822 0.358682
v 0.962298 0.129650 0.080128
v 0.943173 0.129602 0.214828
v 0.908828 0.261945 0.298820
v 0.864709 0.374789 0.231633
v 0.927308 0.132083 -0.359393
v 0.928062 0.402249 -0.248603
v 0.955557 0.275414 -0.314185
v 0.950496 0.130608 -0.216496
v 0.960544 0.129414 -0.079982
v 0.734980 0.743737 0.000000
v 0.847261 0.523636 0.157753
v 0.802289 0.637796 0.083439
v 0.800809 0.636620 -0.083285
v 0.867034 0.535857 -0.161435
v 0.952835 0.263357 0.000000
v 0.920901 0.403073 -0.083038
v 0.888371 0.388835 0.080104
v -0.575053 0.823500 0.040853
v -0.556388 0.833897 0.107368
v -0.510390 0.866797 0.066289
v -0.615874 0.727685 0.181907
v -0.586308 0.778764 0.145286
v -0.639070 0.725195 0.117967
v -0.457411 0.860500 0.194799
v -0.527966 0.828977 0.172151
v -0.505726 0.832856 0.237942
v -0.770895 0.560074 0.346145
v -0.729427 0.601317 0.302983
v -0.796649 0.562460 0.277516
v -0.602935 0.678743 0.352102
v -0.663807 0.638956 0.327244
v -0.631032 0.628498 0.388433
v -0.722668 0.651238 0.197882
v -0.693690 0.645869 0.263003
v -0.654251 0.685064 0.222749
v -0.341519 0.825235 0.441150
v -0.418986 0.809563 0.430617
v -0.389781 0.800475 0.494721
v -0.480723 0.832967 0.306670
v -0.449644 0.821103 0.368211
v -0.404909 0.854231 0.322107
v -0.523359 0.726493 0.448997
v -0.492407 0.782373 0.413464
v -0.546651 0.728753 0.382034
v -0.586078 0.718954 0.244801
v -0.563070 0.719006 0.310760
v -0.540115 0.782874 0.277751
v -0.855889 0.042460 0.597670
v -0.855432 0.110141 0.570756
v -0.911515 0.069709 0.536721
v -0.756584 0.189131 0.640333
v -0.805571 0.150287 0.606490
v -0.756001 0.122978 0.666217
v -0.903619 0.204561 0.480332
v -0.858712 0.178325 0.546904
v -0.857405 0.244956 0.520633
v -0.569871 0.352200 0.784380
v -0.620929 0.312865 0.753217
v -0.584095 0.288190 0.827292
v -0.689031 0.357439 0.612074
v -0.656937 0.336453 0.682487
v -0.641115 0.396231 0.643700
v -0.684049 0.207852 0.759078
v -0.672151 0.273706 0.721917
v -0.716585 0.232998 0.684355
v -0.838462 0.448221 0.346993
v -0.811207 0.431492 0.419837
v -0.801480 0.495342 0.390271
v -0.850547 0.313142 0.490868
v -0.828892 0.371704 0.453910
v -0.877767 0.330983 0.416066
v -0.700828 0.433136 0.504870
v -0.765926 0.404772 0.482055
v -0.724081 0.379585 0.543147
v -0.753850 0.256683 0.614524
v -0.743995 0.321561 0.582640
v -0.803649 0.285122 0.554449
v -0.040680 0.572611 0.820002
v -0.108367 0.561566 0.841658
v -0.066038 0.508458 0.863516
v -0.191377 0.647937 0.765568
v -0.150598 0.607747 0.807241
v -0.122687 0.664642 0.754214
v -0.206520 0.484933 0.912274
v -0.178638 0.547863 0.860218
v -0.245622 0.522049 0.859738
v -0.342437 0.762638 0.554075
v -0.303941 0.731732 0.603217
v -0.274716 0.788611 0.556785
v -0.354928 0.607775 0.684191
v -0.324938 0.659128 0.634452
v -0.387526 0.629558 0.627030
v -0.206297 0.753396 0.678929
v -0.264774 0.698361 0.650218
v -0.228638 0.671550 0.703177
v -0.471422 0.364954 0.881863
v -0.453779 0.441522 0.853108
v -0.511312 0.402853 0.827320
v -0.315491 0.494550 0.856926
v -0.386508 0.471988 0.861905
v -0.341729 0.429575 0.906268
v -0.456557 0.532170 0.738724
v -0.421558 0.502047 0.797690
v -0.391404 0.560059 0.746628
v -0.256781 0.614759 0.754137
v -0.323356 0.585894 0.748151
v -0.288103 0.560246 0.812052
v -0.733137 0.535415 0.413216
v -0.644959 0.478164 0.532080
v -0.684297 0.503137 0.471313
v -0.658683 0.567239 0.430688
v -0.597850 0.606608 0.454649
v -0.550670 0.424990 0.754025
v -0.496243 0.552197 0.669344
v -0.518635 0.485831 0.705375
v -0.579886 0.440291 0.673369
v -0.621237 0.465614 0.612268
v -0.414564 0.735529 0.537162
v -0.539168 0.653551 0.484534
v -0.478237 0.694349 0.510528
v -0.431013 0.659180 0.567667
v -0.461295 0.606589 0.615475
v -0.587493 0.522864 0.562807
v -0.526186 0.566383 0.591226
v -0.559890 0.584449 0.520154
v -0.442020 0.886220 0.065323
v -0.464836 0.883403 0.000000
v -0.388632 0.876733 0.192103
v -0.415231 0.881657 0.129524
v -0.325910 0.904090 0.000000
v -0.372577 0.899832 0.064407
v -0.304615 0.909868 0.063507
v -0.272874 0.846992 0.441519
v -0.302572 0.855343 0.379525
v -0.228783 0.921263 0.259978
v -0.268702 0.899389 0.323611
v -0.201907 0.927179 0.326692
v -0.333072 0.866866 0.318987
v -0.358434 0.867341 0.255473
v -0.067654 0.976148 0.000000
v -0.107624 0.966840 0.065041
v -0.041332 0.998948 0.066877
v -0.237250 0.927265 0.063855
v -0.173902 0.950364 0.064493
v -0.196810 0.934413 0.000000
v -0.121835 0.965281 0.197133
v -0.148366 0.958857 0.130458
v -0.189657 0.950546 0.196141
v -0.319266 0.891032 0.191582
v -0.256294 0.925454 0.195093
v -0.278563 0.910664 0.127373
v 0.040406 0.568753 0.814478
v 0.000000 0.621971 0.791901
v 0.081001 0.704346 0.712738
v 0.040601 0.660213 0.748626
v 0.119670 0.648299 0.735668
v -0.041005 0.666785 0.756079
v -0.080721 0.701911 0.710274
v 0.242162 0.858033 0.530294
v 0.202429 0.822445 0.579262
v 0.280981 0.806597 0.569483
v 0.041979 0.843726 0.592870
v 0.121481 0.828555 0.582663
v 0.081882 0.885025 0.546975
v 0.201132 0.734534 0.661931
v 0.161626 0.781575 0.623218
v 0.121962 0.743579 0.667052
v -0.203373 0.826281 0.581964
v -0.235067 0.832893 0.514756
v -0.125477 0.765006 0.686274
v -0.165917 0.802325 0.639764
v -0.081737 0.883455 0.546005
v -0.123971 0.845543 0.594609
v -0.042426 0.852718 0.599189
v 0.041566 0.759738 0.682085
v 0.000000 0.815354 0.648182
v -0.041725 0.762650 0.684699
v 0.463242 0.880373 0.000000
v 0.441638 0.885455 0.065266
v 0.504717 0.857163 0.065552
v 0.319105 0.953150 0.066528
v 0.381450 0.921263 0.065941
v 0.335917 0.931851 0.000000
v 0.460208 0.865761 0.195990
v 0.420166 0.892133 0.131063
v 0.407807 0.919990 0.201581
v 0.042522 1.027704 0.068802
v 0.114645 1.029919 0.069284
v 0.070432 1.016221 0.000000
v 0.200116 1.002970 0.206959
v 0.158570 1.024799 0.139430
v 0.128357 1.016954 0.207686
v 0.207477 0.985055 0.000000
v 0.185422 1.013323 0.068765
v 0.250105 0.977504 0.067315
v 0.348612 0.842375 0.450312
v 0.318843 0.901340 0.399934
v 0.287409 0.892108 0.465038
v 0.379040 0.917203 0.270160
v 0.347527 0.904485 0.332830
v 0.410634 0.866307 0.326661
v 0.214103 0.983184 0.346426
v 0.283174 0.947829 0.341040
v 0.245531 0.988702 0.279010
v 0.298830 0.976919 0.136640
v 0.276158 0.997180 0.210214
v 0.339459 0.947388 0.203699
v -0.200197 0.877164 0.458775
v -0.042900 0.919057 0.482208
v -0.122229 0.897509 0.470402
v -0.163215 0.917250 0.399542
v -0.124981 0.951734 0.338243
v 0.205927 0.902272 0.471907
v 0.127948 0.974333 0.346274
v 0.168514 0.947032 0.412515
v 0.123680 0.908163 0.475986
v 0.043177 0.924987 0.485320
v 0.000000 1.017671 0.137111
v -0.082033 0.966929 0.267252
v -0.041852 0.993111 0.203287
v 0.043241 1.026064 0.210032
v 0.086255 1.016689 0.281006
v 0.000000 0.956218 0.418531
v 0.042478 0.968423 0.343652
v -0.042290 0.964149 0.342135
v -0.447103 0.896412 -0.066074
v -0.512405 0.870219 -0.066551
v -0.300209 0.896710 -0.062588
v -0.373640 0.902401 -0.064591
v -0.466574 0.877737 -0.198701
v -0.425500 0.903460 -0.132727
v -0.398211 0.898342 -0.196837
v -0.040020 0.967240 -0.064754
v -0.105718 0.949723 -0.063889
v -0.186943 0.936947 -0.193335
v -0.146255 0.945215 -0.128602
v -0.120854 0.957510 -0.195546
v -0.170447 0.931485 -0.063211
v -0.234029 0.914674 -0.062988
v -0.361107 0.872567 -0.466452
v -0.319041 0.901899 -0.400182
v -0.289207 0.897690 -0.467947
v -0.370821 0.897315 -0.264302
v -0.345865 0.900160 -0.331238
v -0.414707 0.874900 -0.329901
v -0.204059 0.937062 -0.330175
v -0.275314 0.921521 -0.331574
v -0.232800 0.937438 -0.264543
v -0.278388 0.910093 -0.127293
v -0.257221 0.928800 -0.195799
v -0.330445 0.922231 -0.198290
v 0.509742 0.865696 -0.066205
v 0.446373 0.894948 -0.065966
v 0.406268 0.916519 -0.200820
v 0.426976 0.906593 -0.133187
v 0.469879 0.883954 -0.200109
v 0.382785 0.924486 -0.066172
v 0.315554 0.942542 -0.065787
v 0.282641 0.877307 -0.457322
v 0.313876 0.887298 -0.393703
v 0.354888 0.857540 -0.458419
v 0.240365 0.967899 -0.273139
v 0.279900 0.936870 -0.337097
v 0.206494 0.948242 -0.334114
v 0.412312 0.869848 -0.327996
v 0.344599 0.896867 -0.330026
v 0.376523 0.911111 -0.268366
v 0.111914 1.005382 -0.067633
v 0.041471 1.002301 -0.067102
v 0.248328 0.970560 -0.066837
v 0.182238 0.995924 -0.067584
v 0.122089 0.967299 -0.197545
v 0.151673 0.980226 -0.133365
v 0.193950 0.972063 -0.200581
v 0.338187 0.943839 -0.202936
v 0.265089 0.957212 -0.201788
v 0.289829 0.947495 -0.132524
v -0.039077 0.550047 -0.787690
v 0.000000 0.610735 -0.777596
v 0.039645 0.558039 -0.799135
v -0.082207 0.714828 -0.723345
v -0.040518 0.658866 -0.747099
v -0.120522 0.652912 -0.740903
v 0.122972 0.666186 -0.755965
v 0.040873 0.664639 -0.753645
v 0.082098 0.713884 -0.722390
v -0.251630 0.891580 -0.551027
v -0.212946 0.865176 -0.609359
v -0.295928 0.849506 -0.599779
v -0.042743 0.859085 -0.603663
v -0.127173 0.867378 -0.609965
v -0.083539 0.902935 -0.558045
v -0.209677 0.765743 -0.690056
v -0.168051 0.812646 -0.647994
v -0.124913 0.761571 -0.683192
v 0.288922 0.829393 -0.585578
v 0.208957 0.848968 -0.597943
v 0.245437 0.869637 -0.537465
v 0.126336 0.770244 -0.690973
v 0.167196 0.808512 -0.644697
v 0.209267 0.764245 -0.688706
v 0.083859 0.906392 -0.560181
v 0.125628 0.856840 -0.602554
v 0.042927 0.862773 -0.606254
v -0.041887 0.765602 -0.687349
v 0.000000 0.810990 -0.644713
v 0.041810 0.764207 -0.686096
v 0.000000 0.972750 -0.131058
v 0.081297 0.958252 -0.264854
v 0.040699 0.965747 -0.197685
v -0.040379 0.958152 -0.196131
v -0.081255 0.957751 -0.264716
v 0.208839 0.915031 -0.478580
v 0.043849 0.939388 -0.492875
v 0.126861 0.931522 -0.488229
v 0.167432 0.940950 -0.409866
v 0.125483 0.955556 -0.339601
v -0.208767 0.914717 -0.478416
v -0.125778 0.957808 -0.340402
v -0.167226 0.939794 -0.409362
v -0.127007 0.932595 -0.488791
v -0.043393 0.929625 -0.487753
v 0.042411 0.966902 -0.343112
v 0.000000 0.960251 -0.420296
v -0.042491 0.968719 -0.343757
v -0.558811 0.837529 -0.107836
v -0.577331 0.826762 -0.041015
v -0.510244 0.840296 -0.240068
v -0.534471 0.839190 -0.174272
v -0.639922 0.726163 -0.118124
v -0.596673 0.792532 -0.147854
v -0.624215 0.737540 -0.184371
v -0.404223 0.830134 -0.513051
v -0.437035 0.844438 -0.449168
v -0.558817 0.744972 -0.390536
v -0.506858 0.805335 -0.425598
v -0.540029 0.749634 -0.463299
v -0.463878 0.847096 -0.379868
v -0.486040 0.842180 -0.310062
v -0.775127 0.547265 -0.270018
v -0.733880 0.604988 -0.304833
v -0.762603 0.554050 -0.342422
v -0.653181 0.683943 -0.222384
v -0.689174 0.641665 -0.261291
v -0.712706 0.642261 -0.195155
v -0.667512 0.664831 -0.410888
v -0.678366 0.652970 -0.334422
v -0.621687 0.699853 -0.363053
v -0.548163 0.794538 -0.281890
v -0.578357 0.738526 -0.319197
v -0.598423 0.734098 -0.249957
v -0.062809 0.483599 -0.821298
v -0.102120 0.529195 -0.793142
v -0.234500 0.498410 -0.820808
v -0.170726 0.523598 -0.822118
v -0.189474 0.444906 -0.836974
v -0.146012 0.589238 -0.782656
v -0.190625 0.645390 -0.762559
v -0.474103 0.373537 -0.767115
v -0.413948 0.402767 -0.778225
v -0.430578 0.333335 -0.805459
v -0.392177 0.561165 -0.748101
v -0.407684 0.485524 -0.771437
v -0.450584 0.525208 -0.729060
v -0.313121 0.393613 -0.830398
v -0.360590 0.440337 -0.804107
v -0.299618 0.469668 -0.813813
v -0.331133 0.797197 -0.657184
v -0.365873 0.814831 -0.591995
v -0.237852 0.698612 -0.731513
v -0.286926 0.756788 -0.704617
v -0.416276 0.676265 -0.673549
v -0.353190 0.716436 -0.689616
v -0.372819 0.638410 -0.718679
v -0.283890 0.552052 -0.800176
v -0.328878 0.595898 -0.760925
v -0.262901 0.629411 -0.772111
v -0.861939 0.065917 -0.507529
v -0.828339 0.106652 -0.552679
v -0.826501 0.041002 -0.577149
v -0.851608 0.243300 -0.517112
v -0.843433 0.175153 -0.537173
v -0.877088 0.198555 -0.466229
v -0.737876 0.120030 -0.650244
v -0.791675 0.147694 -0.596028
v -0.749298 0.187310 -0.634166
v -0.806141 0.498222 -0.392540
v -0.829768 0.441365 -0.429443
v -0.839670 0.448866 -0.347493
v -0.765395 0.401243 -0.574137
v -0.811870 0.429052 -0.510971
v -0.761142 0.470411 -0.548319
v -0.874751 0.329845 -0.414636
v -0.848412 0.380457 -0.464598
v -0.850882 0.313265 -0.491061
v -0.538100 0.265497 -0.762147
v -0.591369 0.297971 -0.717360
v -0.542908 0.335535 -0.747267
v -0.698424 0.227093 -0.667011
v -0.649967 0.264672 -0.698091
v -0.636481 0.193399 -0.706292
v -0.638998 0.394923 -0.641575
v -0.650007 0.332904 -0.675287
v -0.696939 0.361541 -0.619099
v -0.803593 0.285102 -0.554409
v -0.752510 0.325241 -0.589308
v -0.750568 0.255565 -0.611849
v -0.440860 0.782183 -0.571234
v -0.481859 0.633630 -0.642912
v -0.461300 0.705499 -0.607556
v -0.507460 0.736778 -0.541725
v -0.565509 0.685480 -0.508205
v -0.530166 0.409165 -0.725950
v -0.627936 0.470635 -0.618871
v -0.567245 0.430692 -0.658690
v -0.513987 0.481477 -0.699054
v -0.500382 0.556803 -0.674927
v -0.768158 0.560992 -0.432955
v -0.641196 0.650589 -0.487613
v -0.712718 0.613773 -0.466020
v -0.742406 0.545862 -0.511336
v -0.693955 0.514489 -0.572501
v -0.551910 0.594073 -0.620130
v -0.619493 0.551344 -0.593462
v -0.595848 0.621984 -0.553560
v -0.617389 0.786068 0.000000
v -0.683636 0.691781 -0.078620
v -0.646421 0.732988 -0.039753
v -0.652415 0.739785 0.040121
v -0.682617 0.690750 0.078502
v -0.826490 0.510799 -0.233260
v -0.788557 0.555394 -0.194088
v -0.812841 0.571168 -0.040442
v -0.802321 0.564215 -0.117634
v -0.843950 0.521590 -0.078082
v -0.753359 0.600719 -0.155791
v -0.723113 0.648692 -0.118606
v -0.813540 0.572990 0.200237
v -0.851452 0.526227 0.240305
v -0.728222 0.653275 0.119443
v -0.766560 0.611245 0.158521
v -0.831999 0.514204 0.076976
v -0.803570 0.565093 0.117817
v -0.808068 0.567814 0.040205
v -0.732697 0.657807 -0.040086
v -0.785466 0.624422 0.000000
v -0.736411 0.661142 0.040289
v -0.898932 0.000000 -0.473007
v -0.911987 0.067222 -0.454872
v -0.944255 0.065907 -0.316127
v -0.940826 0.067342 -0.389550
v -0.932036 0.000000 -0.335984
v -0.917671 0.134815 -0.432193
v -0.912402 0.199918 -0.404444
v -0.957389 0.064095 -0.039613
v -0.962537 0.064751 -0.107144
v -0.963096 0.000000 -0.066750
v -0.948307 0.195679 -0.189210
v -0.952901 0.129647 -0.147445
v -0.964143 0.196900 -0.121691
v -0.962394 0.000000 -0.202704
v -0.953676 0.064717 -0.174508
v -0.944064 0.065012 -0.241549
v -0.873043 0.387378 -0.308833
v -0.862421 0.449563 -0.277845
v -0.903859 0.266229 -0.373526
v -0.889095 0.327166 -0.341613
v -0.926000 0.326277 -0.201650
v -0.907800 0.326637 -0.271215
v -0.930304 0.262530 -0.231028
v -0.946584 0.132397 -0.289551
v -0.952644 0.200825 -0.263824
v -0.945470 0.203286 -0.338772
v -0.929741 0.068530 0.463727
v -0.929140 0.000000 0.488902
v -0.911478 0.199716 0.404034
v -0.924548 0.135825 0.435432
v -0.941160 0.000000 0.339273
v -0.938495 0.067175 0.388585
v -0.936024 0.065332 0.313372
v -0.869346 0.453172 0.280076
v -0.875878 0.388636 0.309836
v -0.937349 0.264518 0.232778
v -0.918238 0.330393 0.274333
v -0.928799 0.327263 0.202260
v -0.897092 0.330109 0.344686
v -0.912538 0.268786 0.377112
v -0.947596 0.000000 0.065675
v -0.944860 0.063562 0.105177
v -0.964368 0.064562 0.039902
v -0.939473 0.064696 0.240374
v -0.941429 0.063886 0.172267
v -0.928918 0.000000 0.195653
v -0.963229 0.196714 0.121576
v -0.950507 0.129322 0.147074
v -0.958517 0.197786 0.191247
v -0.937261 0.201521 0.335831
v -0.956532 0.201645 0.264901
v -0.944162 0.132058 0.288810
v -0.866241 0.453062 -0.197704
v -0.935218 0.332373 -0.122812
v -0.905240 0.394311 -0.161078
v -0.874515 0.458351 -0.119098
v -0.892169 0.468101 -0.041645
v -0.959344 0.129252 0.000000
v -0.970245 0.268169 0.082315
v -0.969742 0.198503 0.040867
v -0.963046 0.197132 -0.040585
v -0.955158 0.263999 -0.081035
v -0.876326 0.458337 0.200005
v -0.891751 0.467881 0.041625
v -0.877999 0.460176 0.119572
v -0.908616 0.395781 0.161678
v -0.937753 0.333274 0.123145
v -0.950843 0.337413 -0.041707
v -0.955433 0.339042 0.041908
v -0.927854 0.406116 0.000000
v 0.549023 0.822859 0.105947
v 0.572613 0.820006 0.040680
v 0.500458 0.824180 0.235464
v 0.524251 0.823144 0.170939
v 0.653300 0.741343 0.120594
v 0.590255 0.784006 0.146264
v 0.629629 0.743936 0.185970
v 0.382808 0.786154 0.485870
v 0.414771 0.801420 0.426286
v 0.545776 0.727587 0.381422
v 0.484765 0.770231 0.407047
v 0.507908 0.705045 0.435742
v 0.448352 0.818744 0.367153
v 0.475463 0.823853 0.303314
v 0.803456 0.567266 0.279887
v 0.748575 0.617102 0.310937
v 0.778074 0.565290 0.349368
v 0.678448 0.710400 0.230986
v 0.716407 0.667021 0.271616
v 0.741670 0.668362 0.203086
v 0.648461 0.645856 0.399161
v 0.688554 0.662778 0.339444
v 0.618157 0.695879 0.360991
v 0.539112 0.781420 0.277235
v 0.583680 0.745324 0.322135
v 0.612628 0.751523 0.255890
v 0.065394 0.503497 0.855091
v 0.104871 0.543448 0.814503
v 0.225854 0.480034 0.790545
v 0.164361 0.504076 0.791466
v 0.188755 0.443218 0.833798
v 0.143094 0.577463 0.767015
v 0.183302 0.620597 0.733266
v 0.476937 0.375769 0.771700
v 0.412799 0.401649 0.776064
v 0.424245 0.328432 0.793611
v 0.375512 0.537320 0.716313
v 0.396171 0.471813 0.749651
v 0.444689 0.518337 0.719522
v 0.313054 0.393528 0.830220
v 0.351825 0.429634 0.784563
v 0.290312 0.455080 0.788535
v 0.310138 0.746653 0.615517
v 0.344838 0.767985 0.557960
v 0.224915 0.660616 0.691728
v 0.265213 0.699519 0.651296
v 0.390884 0.635014 0.632463
v 0.326790 0.662885 0.638070
v 0.350248 0.599761 0.675170
v 0.267114 0.519429 0.752890
v 0.307946 0.557971 0.712495
v 0.246983 0.591303 0.725364
v 0.868684 0.066433 0.511501
v 0.826738 0.106446 0.551611
v 0.825558 0.040955 0.576490
v 0.860303 0.245784 0.522392
v 0.849122 0.176334 0.540796
v 0.889304 0.201320 0.472723
v 0.733896 0.119382 0.646738
v 0.791451 0.147652 0.595859
v 0.752144 0.188021 0.636576
v 0.796532 0.492284 0.387861
v 0.818447 0.435343 0.423584
v 0.847862 0.453246 0.350883
v 0.772207 0.404814 0.579247
v 0.798573 0.422025 0.502603
v 0.738137 0.456194 0.531747
v 0.867292 0.327033 0.411101
v 0.830603 0.372472 0.454847
v 0.852271 0.313777 0.491863
v 0.540067 0.266467 0.764933
v 0.599941 0.302290 0.727759
v 0.541075 0.334403 0.744744
v 0.711632 0.231387 0.679625
v 0.657995 0.267941 0.706713
v 0.648925 0.197180 0.720101
v 0.658776 0.407146 0.661432
v 0.671565 0.343945 0.697684
v 0.722879 0.374998 0.642142
v 0.819806 0.290854 0.565595
v 0.777027 0.335837 0.608508
v 0.765023 0.260487 0.623632
v 0.412117 0.731186 0.533990
v 0.469091 0.616841 0.625877
v 0.438883 0.671216 0.578032
v 0.473990 0.688183 0.505994
v 0.543214 0.658456 0.488170
v 0.532033 0.410606 0.728506
v 0.636215 0.476840 0.627030
v 0.589184 0.447350 0.684165
v 0.521240 0.488271 0.708918
v 0.500974 0.557461 0.675725
v 0.742214 0.542044 0.418332
v 0.606907 0.615797 0.461537
v 0.670191 0.577149 0.438212
v 0.696490 0.512102 0.479711
v 0.665068 0.493073 0.548670
v 0.545679 0.587365 0.613128
v 0.612986 0.545552 0.587228
v 0.583683 0.609285 0.542258
v -0.066655 0.451039 0.904303
v 0.000000 0.469139 0.891581
v -0.210113 0.425068 0.958931
v -0.136576 0.437839 0.929659
v 0.000000 0.335453 0.930562
v -0.066990 0.387519 0.935920
v -0.066814 0.320479 0.957254
v -0.474574 0.293303 0.910401
v -0.414692 0.330609 0.934600
v -0.271838 0.239220 0.963290
v -0.345305 0.286716 0.959683
v -0.340379 0.210366 0.966023
v -0.351508 0.367030 0.955246
v -0.279901 0.392708 0.950275
v 0.000000 0.070003 1.010033
v -0.068251 0.112935 1.014557
v -0.068737 0.042482 1.026732
v -0.066917 0.248626 0.971726
v -0.067392 0.181718 0.993083
v 0.000000 0.206668 0.981217
v -0.205559 0.127042 1.006540
v -0.135983 0.154649 0.999464
v -0.202909 0.196201 0.983345
v -0.210354 0.350549 0.978339
v -0.204591 0.268772 0.970508
v -0.135320 0.295944 0.967483
v -0.848045 -0.042071 0.592193
v -0.821204 0.000000 0.644986
v -0.745997 -0.084781 0.737214
v -0.788127 -0.042743 0.695048
v -0.765956 -0.124597 0.674989
v -0.785255 0.042587 0.692515
v -0.739262 0.084016 0.730558
v -0.518422 -0.236741 0.838824
v -0.576899 -0.201603 0.819090
v -0.556455 -0.274553 0.788144
v -0.605702 -0.042887 0.861987
v -0.593035 -0.123643 0.843305
v -0.542658 -0.081236 0.878039
v -0.671163 -0.203937 0.744778
v -0.631486 -0.163770 0.791943
v -0.683426 -0.124956 0.761832
v -0.603677 0.210961 0.857109
v -0.551661 0.251920 0.892606
v -0.698623 0.127735 0.778773
v -0.655020 0.169874 0.821458
v -0.561749 0.084094 0.908929
v -0.611462 0.127485 0.869508
v -0.612023 0.043335 0.870982
v -0.711348 -0.043349 0.792333
v -0.666522 0.000000 0.838424
v -0.719373 0.043838 0.801272
v 0.000000 -0.463266 0.880420
v -0.066238 -0.448217 0.898645
v -0.065054 -0.500884 0.850653
v -0.065987 -0.316512 0.945406
v -0.066564 -0.385051 0.929959
v 0.000000 -0.338055 0.937782
v -0.196336 -0.461019 0.867287
v -0.133918 -0.429318 0.911566
v -0.199290 -0.403172 0.909535
v -0.067685 -0.041832 1.011015
v -0.066310 -0.109724 0.985710
v 0.000000 -0.069155 0.997795
v -0.205054 -0.198275 0.993739
v -0.134904 -0.153423 0.991536
v -0.203993 -0.126075 0.998875
v 0.000000 -0.202918 0.963412
v -0.065902 -0.177702 0.971132
v -0.065333 -0.242740 0.948722
v -0.455198 -0.352395 0.851515
v -0.408421 -0.325609 0.920467
v -0.459748 -0.284140 0.881961
v -0.271730 -0.381243 0.922534
v -0.344790 -0.360015 0.936987
v -0.334525 -0.420519 0.887161
v -0.338499 -0.209204 0.960685
v -0.342388 -0.284294 0.951577
v -0.274446 -0.241515 0.972532
v -0.133251 -0.291419 0.952690
v -0.205254 -0.269643 0.973653
v -0.201817 -0.336323 0.938637
v -0.486163 0.212148 0.929528
v -0.488551 0.043464 0.931145
v -0.497366 0.129236 0.948955
v -0.418649 0.171020 0.961113
v -0.348953 0.128938 0.981869
v -0.474901 -0.207234 0.907997
v -0.340510 -0.125818 0.958113
v -0.406919 -0.166228 0.934186
v -0.481973 -0.125236 0.919586
v -0.483385 -0.043005 0.921300
v -0.137661 0.000000 1.021755
v -0.276477 0.084865 1.000302
v -0.206528 0.042519 1.008946
v -0.206411 -0.042495 1.008374
v -0.274716 -0.084324 0.993930
v -0.418473 0.000000 0.956086
v -0.346436 -0.042822 0.976269
v -0.348796 0.043114 0.982920
v -0.921657 -0.067935 0.459695
v -0.888656 -0.067961 0.523261
v -0.929442 -0.064873 0.311168
v -0.928301 -0.066445 0.384364
v -0.863852 -0.195558 0.459194
v -0.897422 -0.131840 0.422656
v -0.878043 -0.192390 0.389213
v -0.955529 -0.063970 0.039536
v -0.941619 -0.063344 0.104816
v -0.911813 -0.188149 0.181928
v -0.928334 -0.126305 0.143643
v -0.924303 -0.188764 0.116663
v -0.921267 -0.062518 0.168577
v -0.917755 -0.063200 0.234817
v -0.818564 -0.437584 0.338758
v -0.847447 -0.376021 0.299779
v -0.850318 -0.443254 0.273946
v -0.859901 -0.253282 0.355360
v -0.843942 -0.310551 0.324264
v -0.828008 -0.312220 0.392480
v -0.897108 -0.316097 0.195359
v -0.866305 -0.311707 0.258818
v -0.899591 -0.253863 0.223401
v -0.903462 -0.126365 0.276360
v -0.899447 -0.189611 0.249092
v -0.880532 -0.189324 0.315504
v -0.881879 -0.067442 -0.519270
v -0.904243 -0.066651 -0.451009
v -0.904830 -0.198259 -0.401087
v -0.900665 -0.132316 -0.424183
v -0.869766 -0.196897 -0.462337
v -0.919730 -0.065832 -0.380815
v -0.943175 -0.065831 -0.315766
v -0.849855 -0.443012 -0.273796
v -0.868109 -0.385189 -0.307088
v -0.828884 -0.443101 -0.343029
v -0.924050 -0.260765 -0.229475
v -0.889532 -0.320064 -0.265757
v -0.905517 -0.319060 -0.197190
v -0.869868 -0.328004 -0.412322
v -0.885214 -0.325738 -0.340122
v -0.893494 -0.263177 -0.369242
v -0.968338 -0.065141 -0.107790
v -0.962847 -0.064460 -0.039839
v -0.959958 -0.066106 -0.245615
v -0.967008 -0.065622 -0.176947
v -0.949739 -0.193959 -0.119873
v -0.959870 -0.130596 -0.148523
v -0.946110 -0.195226 -0.188772
v -0.925017 -0.198889 -0.331443
v -0.935435 -0.197197 -0.259059
v -0.945274 -0.132214 -0.289150
v -0.561296 -0.803800 0.039876
v -0.616373 -0.784774 0.000000
v -0.570539 -0.817035 -0.040533
v -0.705461 -0.713866 0.081130
v -0.663592 -0.752458 0.040809
v -0.650453 -0.738112 0.120068
v -0.667537 -0.757499 -0.123222
v -0.664789 -0.753816 -0.040882
v -0.710601 -0.719068 -0.081721
v -0.849587 -0.525074 0.239779
v -0.820613 -0.577972 0.201978
v -0.792114 -0.559258 0.275936
v -0.859029 -0.603623 0.042740
v -0.840133 -0.590805 0.123178
v -0.873631 -0.539933 0.080828
v -0.721668 -0.650337 0.197609
v -0.784895 -0.625865 0.162313
v -0.748685 -0.671632 0.122800
v -0.777964 -0.549268 -0.271007
v -0.795660 -0.560397 -0.195836
v -0.817203 -0.505060 -0.230639
v -0.746100 -0.669313 -0.122376
v -0.774413 -0.617507 -0.160145
v -0.730831 -0.658595 -0.200118
v -0.862259 -0.532905 -0.079776
v -0.818489 -0.575584 -0.120005
v -0.850041 -0.597308 -0.042293
v -0.756262 -0.678964 0.041376
v -0.813629 -0.646811 0.000000
v -0.760933 -0.683157 -0.041631
v -0.946493 -0.127521 0.000000
v -0.936306 -0.258789 -0.079435
v -0.949053 -0.194268 -0.039995
v -0.934356 -0.191260 0.039376
v -0.900300 -0.248837 0.076381
v -0.867935 -0.453949 -0.198090
v -0.895652 -0.469928 -0.041808
v -0.870433 -0.456211 -0.118542
v -0.886962 -0.386349 -0.157825
v -0.916571 -0.325746 -0.120363
v -0.885010 -0.462879 0.201987
v -0.907254 -0.322435 0.119140
v -0.898387 -0.391326 0.159858
v -0.895745 -0.469478 0.121989
v -0.904796 -0.474726 0.042234
v -0.913258 -0.324076 -0.040058
v -0.905259 -0.396227 0.000000
v -0.898861 -0.318968 0.039427
v -0.795705 0.000000 -0.624958
v -0.836657 -0.041506 -0.584241
v -0.682916 0.077612 -0.674876
v -0.735140 0.039869 -0.648319
v -0.766815 -0.124737 -0.675746
v -0.751517 -0.040758 -0.662762
v -0.716869 -0.081471 -0.708429
v -0.500906 0.228742 -0.810483
v -0.544969 0.190445 -0.773755
v -0.550158 0.038955 -0.782941
v -0.551794 0.115045 -0.784658
v -0.504219 0.075481 -0.815844
v -0.593912 0.154026 -0.744823
v -0.641563 0.117302 -0.715166
v -0.535373 -0.264151 -0.758285
v -0.557789 -0.194925 -0.791957
v -0.496131 -0.226561 -0.802756
v -0.670765 -0.122641 -0.747718
v -0.615404 -0.159599 -0.771775
v -0.660556 -0.200714 -0.733008
v -0.512963 -0.076790 -0.829991
v -0.555850 -0.115890 -0.790427
v -0.555512 -0.039334 -0.790561
v -0.641694 0.039104 -0.714749
v -0.597940 0.000000 -0.752153
v -0.655867 -0.039968 -0.730535
v 0.000000 0.448972 -0.853255
v -0.062914 0.425719 -0.853537
v -0.063071 0.302526 -0.903629
v -0.063018 0.364536 -0.880413
v 0.000000 0.321441 -0.891693
v -0.126397 0.405207 -0.860371
v -0.190931 0.386262 -0.871387
v -0.065856 0.040701 -0.983689
v -0.065096 0.107715 -0.967666
v 0.000000 0.067701 -0.976827
v -0.190375 0.184081 -0.922602
v -0.129474 0.147248 -0.951629
v -0.191413 0.118300 -0.937275
v 0.000000 0.201895 -0.958554
v -0.064236 0.173209 -0.946580
v -0.064041 0.237941 -0.929966
v -0.376006 0.299766 -0.847412
v -0.436585 0.269824 -0.837525
v -0.253659 0.355889 -0.861182
v -0.313166 0.326995 -0.851049
v -0.315900 0.195237 -0.896550
v -0.316370 0.262690 -0.879264
v -0.253901 0.223435 -0.899728
v -0.127636 0.279139 -0.912546
v -0.191386 0.251425 -0.907869
v -0.191302 0.318801 -0.889734
v -0.067130 -0.516862 -0.877789
v -0.066207 -0.448002 -0.898214
v 0.000000 -0.472979 -0.898879
v -0.198386 -0.401343 -0.905407
v -0.134094 -0.429881 -0.912762
v -0.198748 -0.466684 -0.877944
v 0.000000 -0.346239 -0.960485
v -0.066372 -0.383939 -0.927274
v -0.067509 -0.323812 -0.967209
v -0.432593 -0.267357 -0.829867
v -0.368737 -0.293972 -0.831032
v -0.422228 -0.326871 -0.789840
v -0.262499 -0.231001 -0.930196
v -0.314292 -0.260965 -0.873491
v -0.320205 -0.197898 -0.908767
v -0.310857 -0.390766 -0.824393
v -0.310289 -0.323991 -0.843231
v -0.263240 -0.369332 -0.893710
v 0.000000 -0.069996 -1.009938
v -0.068794 -0.113835 -1.022637
v -0.067381 -0.041643 -1.006466
v -0.070109 -0.260487 -1.018082
v -0.070251 -0.189428 -1.035218
v 0.000000 -0.213583 -1.014047
v -0.204331 -0.126283 -1.000526
v -0.140238 -0.159489 -1.030743
v -0.204958 -0.198182 -0.993272
v -0.197647 -0.329373 -0.919241
v -0.201635 -0.264888 -0.956484
v -0.136016 -0.297467 -0.972462
v -0.445658 0.194473 -0.852083
v -0.326905 0.120791 -0.919832
v -0.389434 0.159086 -0.894044
v -0.449311 0.116749 -0.857267
v -0.457564 0.040708 -0.872086
v -0.133593 0.000000 -0.991561
v -0.267093 -0.081984 -0.966351
v -0.203233 -0.041841 -0.992849
v -0.198958 0.040961 -0.971966
v -0.260895 0.080082 -0.943927
v -0.441998 -0.192875 -0.845086
v -0.459293 -0.040861 -0.875381
v -0.456305 -0.118566 -0.870612
v -0.384262 -0.156973 -0.882171
v -0.330532 -0.122132 -0.930039
v -0.336644 0.041611 -0.948674
v -0.339976 -0.042023 -0.958065
v -0.401844 0.000000 -0.918092
v 0.102891 0.533186 -0.799124
v 0.062071 0.477914 -0.811644
v 0.192730 0.652517 -0.770980
v 0.146980 0.593146 -0.787847
v 0.187460 0.440178 -0.828080
v 0.168128 0.515628 -0.809604
v 0.236560 0.502787 -0.828017
v 0.357623 0.796458 -0.578646
v 0.322172 0.775624 -0.639401
v 0.375306 0.642670 -0.723475
v 0.349275 0.708495 -0.681972
v 0.412361 0.669904 -0.667214
v 0.280569 0.740019 -0.689005
v 0.240039 0.705035 -0.738239
v 0.439420 0.340180 -0.821998
v 0.427647 0.416095 -0.803978
v 0.485375 0.382417 -0.785353
v 0.305838 0.479418 -0.830706
v 0.368650 0.450180 -0.822081
v 0.321700 0.404397 -0.853149
v 0.454337 0.529582 -0.735132
v 0.409811 0.488057 -0.775461
v 0.399322 0.571390 -0.761732
v 0.262459 0.628353 -0.770813
v 0.330950 0.599653 -0.765721
v 0.283116 0.550547 -0.797995
v 0.583907 0.836179 -0.041482
v 0.569804 0.854006 -0.109957
v 0.679857 0.803284 -0.200805
v 0.633346 0.841243 -0.156942
v 0.696652 0.790537 -0.128596
v 0.549221 0.862350 -0.179081
v 0.523085 0.861444 -0.246110
v 0.786547 0.571446 -0.353173
v 0.769410 0.634278 -0.319591
v 0.811776 0.573140 -0.282785
v 0.661575 0.744756 -0.386346
v 0.720870 0.693884 -0.355376
v 0.702757 0.699935 -0.432584
v 0.772571 0.696209 -0.211547
v 0.754512 0.702499 -0.286063
v 0.722995 0.757045 -0.246153
v 0.423879 0.819017 -0.435646
v 0.394531 0.810230 -0.500750
v 0.497116 0.861373 -0.317128
v 0.458526 0.837323 -0.375485
v 0.554962 0.770363 -0.476110
v 0.504452 0.801512 -0.423578
v 0.581973 0.775840 -0.406718
v 0.651785 0.799558 -0.272246
v 0.614097 0.784164 -0.338922
v 0.572127 0.829274 -0.294213
v 0.819889 0.040674 -0.572532
v 0.828941 0.106730 -0.553081
v 0.867892 0.066373 -0.511034
v 0.739817 0.184940 -0.626143
v 0.777582 0.145065 -0.585418
v 0.742160 0.120726 -0.654020
v 0.857514 0.194123 -0.455824
v 0.820186 0.170325 -0.522368
v 0.813871 0.232518 -0.494198
v 0.547836 0.338581 -0.754050
v 0.604415 0.304544 -0.733186
v 0.551882 0.272296 -0.781666
v 0.688710 0.357272 -0.611789
v 0.644680 0.330176 -0.669752
v 0.634676 0.392251 -0.637235
v 0.655644 0.199221 -0.727557
v 0.648525 0.264085 -0.696542
v 0.695047 0.225995 -0.663786
v 0.862661 0.461157 -0.357008
v 0.835381 0.444350 -0.432348
v 0.821385 0.507644 -0.399963
v 0.828767 0.305124 -0.478299
v 0.833876 0.373939 -0.456639
v 0.878984 0.331441 -0.416643
v 0.727453 0.449591 -0.524050
v 0.774547 0.409328 -0.487481
v 0.733000 0.384260 -0.549837
v 0.728091 0.247912 -0.593527
v 0.728012 0.314652 -0.570122
v 0.770648 0.273414 -0.531681
v 0.429795 0.762551 -0.556897
v 0.587851 0.712562 -0.528284
v 0.508459 0.738229 -0.542791
v 0.455557 0.696717 -0.599993
v 0.479261 0.630214 -0.639446
v 0.767791 0.560723 -0.432748
v 0.670549 0.497136 -0.553191
v 0.725021 0.533080 -0.499362
v 0.719994 0.620039 -0.470777
v 0.665579 0.675329 -0.506155
v 0.528631 0.407980 -0.723847
v 0.500696 0.557153 -0.675351
v 0.515274 0.482682 -0.700804
v 0.572100 0.434379 -0.664327
v 0.615967 0.461664 -0.607074
v 0.603166 0.629623 -0.560359
v 0.612071 0.544738 -0.586352
v 0.552617 0.594834 -0.620925
v 0.564294 -0.808092 0.040089
v 0.555829 -0.833060 0.107260
v 0.506645 -0.860437 0.065803
v 0.641292 -0.757717 0.189414
v 0.601674 -0.799174 0.149093
v 0.658193 -0.746896 0.121497
v 0.484191 -0.910879 0.206204
v 0.546226 -0.857647 0.178104
v 0.530928 -0.874360 0.249800
v 0.740430 -0.537941 0.332466
v 0.712968 -0.587749 0.296146
v 0.774039 -0.546497 0.269639
v 0.617152 -0.694748 0.360404
v 0.668131 -0.643119 0.329376
v 0.651724 -0.649107 0.401170
v 0.701292 -0.631975 0.192029
v 0.687683 -0.640277 0.260726
v 0.666409 -0.697794 0.226888
v 0.369060 -0.891785 0.476725
v 0.437355 -0.845057 0.449497
v 0.405320 -0.832387 0.514443
v 0.503304 -0.872095 0.321075
v 0.468278 -0.855130 0.383470
v 0.430361 -0.907926 0.342355
v 0.538364 -0.747323 0.461871
v 0.503237 -0.799580 0.422557
v 0.569565 -0.759300 0.398047
v 0.615461 -0.754999 0.257074
v 0.597716 -0.763247 0.329881
v 0.569512 -0.825483 0.292868
v 0.820325 -0.040696 0.572836
v 0.818390 -0.105371 0.546041
v 0.854036 -0.065313 0.502876
v 0.736143 -0.184021 0.623033
v 0.788172 -0.147041 0.593391
v 0.742563 -0.120792 0.654375
v 0.843833 -0.191026 0.448552
v 0.815111 -0.169271 0.519135
v 0.811944 -0.231968 0.493028
v 0.534944 -0.330613 0.736305
v 0.589976 -0.297269 0.715670
v 0.535510 -0.264219 0.758478
v 0.693445 -0.359729 0.615995
v 0.636392 -0.325931 0.661142
v 0.646446 -0.399526 0.649053
v 0.640214 -0.194533 0.710435
v 0.639184 -0.260281 0.686510
v 0.693437 -0.225471 0.662248
v 0.827784 -0.442513 0.342574
v 0.808287 -0.429939 0.418326
v 0.781061 -0.482722 0.380328
v 0.819711 -0.301789 0.473072
v 0.815748 -0.365810 0.446712
v 0.850420 -0.320671 0.403103
v 0.726264 -0.448856 0.523194
v 0.778202 -0.411260 0.489782
v 0.740389 -0.388133 0.555379
v 0.739815 -0.251904 0.603084
v 0.740070 -0.319864 0.579565
v 0.782480 -0.277612 0.539844
v 0.040142 -0.565034 0.809152
v 0.105087 -0.544568 0.816182
v 0.065205 -0.502041 0.852618
v 0.188211 -0.637217 0.752902
v 0.145570 -0.587458 0.780291
v 0.119826 -0.649143 0.736626
v 0.190576 -0.447495 0.841844
v 0.167212 -0.512819 0.805194
v 0.226605 -0.481629 0.793172
v 0.360878 -0.803707 0.583913
v 0.319182 -0.768426 0.633466
v 0.289375 -0.830694 0.586497
v 0.364962 -0.624957 0.703534
v 0.345493 -0.700823 0.674587
v 0.408147 -0.663058 0.660396
v 0.205581 -0.750781 0.676572
v 0.275126 -0.725665 0.675640
v 0.234494 -0.688749 0.721186
v 0.419972 -0.325124 0.785619
v 0.407741 -0.396727 0.766555
v 0.469081 -0.369580 0.758989
v 0.287639 -0.450891 0.781277
v 0.343820 -0.419858 0.766711
v 0.301930 -0.379545 0.800721
v 0.447090 -0.521136 0.723407
v 0.394201 -0.469467 0.745924
v 0.384502 -0.550184 0.733462
v 0.255147 -0.610848 0.749339
v 0.318680 -0.577420 0.737331
v 0.270831 -0.526658 0.763368
v 0.728650 -0.532139 0.410688
v 0.673378 -0.499233 0.555525
v 0.706806 -0.519687 0.486817
v 0.686441 -0.591144 0.448838
v 0.624967 -0.634122 0.475271
v 0.530849 -0.409692 0.726884
v 0.507229 -0.564423 0.684163
v 0.523355 -0.490252 0.711794
v 0.587295 -0.445916 0.681972
v 0.635071 -0.475982 0.625902
v 0.438811 -0.778548 0.568579
v 0.573225 -0.694833 0.515140
v 0.508840 -0.738781 0.543197
v 0.460685 -0.704560 0.606748
v 0.486230 -0.639378 0.648744
v 0.609578 -0.542519 0.583964
v 0.552724 -0.594948 0.621044
v 0.595427 -0.621544 0.553169
v 0.451587 -0.905400 0.066736
v 0.467987 -0.889393 0.000000
v 0.416688 -0.940026 0.205971
v 0.431264 -0.915698 0.134525
v 0.341454 -0.947210 0.000000
v 0.390457 -0.943016 0.067498
v 0.325764 -0.973041 0.067916
v 0.299320 -0.929079 0.484310
v 0.331198 -0.936265 0.415431
v 0.248274 -0.999747 0.282127
v 0.294161 -0.984604 0.354272
v 0.216039 -0.992073 0.349558
v 0.363899 -0.947096 0.348509
v 0.394453 -0.954498 0.281145
v 0.067488 -0.973751 0.000000
v 0.109095 -0.980055 0.065930
v 0.040612 -0.981539 0.065712
v 0.249588 -0.975484 0.067176
v 0.179492 -0.980913 0.066566
v 0.206183 -0.978910 0.000000
v 0.124383 -0.985468 0.201255
v 0.151280 -0.977691 0.133020
v 0.197445 -0.989581 0.204196
v 0.347301 -0.969273 0.208404
v 0.274559 -0.991406 0.208996
v 0.300147 -0.981225 0.137242
v -0.039465 -0.555514 0.795519
v 0.000000 -0.599404 0.763168
v -0.079350 -0.689987 0.698208
v -0.039720 -0.645895 0.732391
v -0.118374 -0.641277 0.727699
v 0.039706 -0.645658 0.732123
v 0.079981 -0.695471 0.703757
v -0.232710 -0.824542 0.509595
v -0.198814 -0.807758 0.568918
v -0.268756 -0.771503 0.544706
v -0.042728 -0.858784 0.603451
v -0.122469 -0.835293 0.587401
v -0.081846 -0.884633 0.546733
v -0.194170 -0.709110 0.639020
v -0.159080 -0.769265 0.613402
v -0.119035 -0.725734 0.651043
v 0.208453 -0.846919 0.596500
v 0.248926 -0.881998 0.545105
v 0.122614 -0.747550 0.670614
v 0.166105 -0.803236 0.640490
v 0.082773 -0.894652 0.552925
v 0.125254 -0.854292 0.600762
v 0.042853 -0.861302 0.605221
v -0.040743 -0.744702 0.668586
v 0.000000 -0.807917 0.642271
v 0.040904 -0.747636 0.671220
v -0.457946 -0.870309 0.000000
v -0.432794 -0.867722 0.063959
v -0.495221 -0.841036 0.064319
v -0.313531 -0.936502 0.065366
v -0.373211 -0.901366 0.064517
v -0.338500 -0.939017 0.000000
v -0.451529 -0.849435 0.192294
v -0.410876 -0.872408 0.128165
v -0.385787 -0.870314 0.190696
v -0.041348 -0.999315 0.066902
v -0.109341 -0.982270 0.066079
v -0.067712 -0.976981 0.000000
v -0.195778 -0.981228 0.202472
v -0.152341 -0.984545 0.133953
v -0.126508 -1.002308 0.204695
v -0.205770 -0.976949 0.000000
v -0.177916 -0.972305 0.065982
v -0.248215 -0.970118 0.066806
v -0.333338 -0.805467 0.430582
v -0.304818 -0.861693 0.382342
v -0.272223 -0.844971 0.440466
v -0.364639 -0.882356 0.259896
v -0.339914 -0.884673 0.325539
v -0.398598 -0.840916 0.317087
v -0.209237 -0.960839 0.338553
v -0.276137 -0.924274 0.332565
v -0.238414 -0.960043 0.270922
v -0.286365 -0.936168 0.130940
v -0.262247 -0.946948 0.199624
v -0.326104 -0.910115 0.195685
v 0.212117 -0.929391 0.486091
v 0.043199 -0.925462 0.485569
v 0.125425 -0.920972 0.482699
v 0.171304 -0.962710 0.419344
v 0.129188 -0.983775 0.349630
v -0.203777 -0.892851 0.466980
v -0.128864 -0.981307 0.348753
v -0.168050 -0.944426 0.411380
v -0.124754 -0.916048 0.480119
v -0.043206 -0.925609 0.485646
v 0.000000 -0.990360 0.133431
v 0.083549 -0.984795 0.272191
v 0.041691 -0.989287 0.202504
v -0.042234 -1.002177 0.205142
v -0.085508 -1.007888 0.278573
v 0.000000 -0.955500 0.418217
v -0.043560 -0.993096 0.352407
v 0.042743 -0.974468 0.345797
v 0.448384 -0.898980 -0.066263
v 0.507516 -0.861916 -0.065916
v 0.316337 -0.944881 -0.065950
v 0.380151 -0.918126 -0.065717
v 0.475152 -0.893874 -0.202354
v 0.430368 -0.913796 -0.134245
v 0.405942 -0.915782 -0.200659
v 0.039027 -0.943236 -0.063147
v 0.104497 -0.938755 -0.063151
v 0.187712 -0.940801 -0.194131
v 0.143804 -0.929370 -0.126446
v 0.116702 -0.924618 -0.188829
v 0.173692 -0.949219 -0.064415
v 0.245602 -0.959908 -0.066103
v 0.360964 -0.872222 -0.466268
v 0.317461 -0.897433 -0.398201
v 0.284008 -0.881552 -0.459535
v 0.379308 -0.917852 -0.270351
v 0.346893 -0.902837 -0.332223
v 0.418340 -0.882565 -0.332792
v 0.204082 -0.937167 -0.330212
v 0.277123 -0.927575 -0.333753
v 0.236032 -0.950454 -0.268216
v 0.290144 -0.948524 -0.132668
v 0.265784 -0.959721 -0.202317
v 0.339294 -0.946927 -0.203600
v -0.507494 -0.861879 -0.065913
v -0.447709 -0.897627 -0.066163
v -0.390660 -0.881308 -0.193105
v -0.420593 -0.893041 -0.131196
v -0.450822 -0.848103 -0.191993
v -0.383951 -0.927303 -0.066374
v -0.316037 -0.943985 -0.065888
v -0.264038 -0.819566 -0.427223
v -0.296824 -0.839095 -0.372315
v -0.324005 -0.782916 -0.418527
v -0.221790 -0.893102 -0.252031
v -0.260245 -0.871080 -0.313425
v -0.193210 -0.887240 -0.312620
v -0.393003 -0.829112 -0.312636
v -0.330201 -0.859394 -0.316237
v -0.357349 -0.864713 -0.254699
v -0.106938 -0.960680 -0.064626
v -0.039491 -0.954441 -0.063898
v -0.248309 -0.970485 -0.066831
v -0.176682 -0.965561 -0.065524
v -0.116825 -0.925588 -0.189026
v -0.146939 -0.949635 -0.129203
v -0.184769 -0.926051 -0.191087
v -0.323213 -0.902048 -0.193950
v -0.255224 -0.921587 -0.194278
v -0.287103 -0.938581 -0.131277
v 0.041990 -0.591052 -0.846411
v 0.000000 -0.634108 -0.807354
v -0.041481 -0.583882 -0.836143
v 0.083238 -0.723795 -0.732418
v 0.041964 -0.682382 -0.773764
v 0.126811 -0.686980 -0.779562
v -0.122975 -0.666199 -0.755981
v -0.041643 -0.677166 -0.767849
v -0.081275 -0.706723 -0.715143
v 0.239530 -0.848708 -0.524530
v 0.198841 -0.807868 -0.568995
v 0.285968 -0.820914 -0.579592
v 0.041197 -0.828021 -0.581834
v 0.120238 -0.820077 -0.576701
v 0.081046 -0.875990 -0.541392
v 0.206195 -0.753025 -0.678595
v 0.161093 -0.778998 -0.621163
v 0.124870 -0.761304 -0.682953
v -0.259550 -0.745075 -0.526047
v -0.190450 -0.773778 -0.544985
v -0.226452 -0.802368 -0.495890
v -0.120903 -0.737123 -0.661260
v -0.157582 -0.762022 -0.607627
v -0.196098 -0.716150 -0.645365
v -0.080121 -0.865991 -0.535212
v -0.118008 -0.804870 -0.566007
v -0.040605 -0.816118 -0.573470
v 0.041576 -0.759922 -0.682249
v 0.000000 -0.794568 -0.631659
v -0.041582 -0.760030 -0.682347
v 0.000000 -0.937751 -0.126343
v -0.078456 -0.924767 -0.255599
v -0.039151 -0.929017 -0.190167
v 0.039386 -0.934606 -0.191311
v 0.079194 -0.933464 -0.258003
v -0.195611 -0.857072 -0.448267
v -0.042479 -0.910029 -0.477471
v -0.120544 -0.885134 -0.463916
v -0.159108 -0.894171 -0.389489
v -0.119951 -0.913434 -0.324631
v 0.201307 -0.882030 -0.461320
v 0.122098 -0.929780 -0.330440
v 0.163533 -0.919040 -0.400322
v 0.122996 -0.903140 -0.473353
v 0.042600 -0.912625 -0.478834
v -0.039799 -0.907363 -0.321984
v 0.000000 -0.911252 -0.398849
v 0.040236 -0.917311 -0.325514
v 0.549344 -0.823340 -0.106009
v 0.560939 -0.803288 -0.039851
v 0.512539 -0.844077 -0.241148
v 0.534548 -0.839311 -0.174297
v 0.645520 -0.732515 -0.119158
v 0.590437 -0.784249 -0.146309
v 0.632070 -0.746821 -0.186691
v 0.402853 -0.827321 -0.511312
v 0.434321 -0.839193 -0.446378
v 0.562683 -0.750125 -0.393238
v 0.502538 -0.798471 -0.421971
v 0.548741 -0.761728 -0.470773
v 0.459740 -0.839539 -0.376479
v 0.486062 -0.842219 -0.310076
v 0.771495 -0.544701 -0.268753
v 0.741153 -0.610983 -0.307854
v 0.751474 -0.545964 -0.337424
v 0.686627 -0.718964 -0.233771
v 0.715307 -0.665997 -0.271199
v 0.730027 -0.657870 -0.199898
v 0.664866 -0.662196 -0.409260
v 0.696021 -0.669965 -0.343125
v 0.626812 -0.705623 -0.366046
v 0.551802 -0.799814 -0.283761
v 0.586521 -0.748951 -0.323703
v 0.619839 -0.760370 -0.258903
v 0.067242 -0.517727 -0.879258
v 0.111391 -0.577233 -0.865140
v 0.250852 -0.533165 -0.878043
v 0.179821 -0.551492 -0.865915
v 0.205918 -0.483520 -0.909616
v 0.155895 -0.629124 -0.835634
v 0.200278 -0.678071 -0.801173
v 0.485748 -0.382711 -0.785956
v 0.432999 -0.421304 -0.814041
v 0.442935 -0.342901 -0.828574
v 0.413812 -0.592123 -0.789372
v 0.430935 -0.513214 -0.815433
v 0.474473 -0.553054 -0.767714
v 0.334383 -0.420340 -0.886784
v 0.381643 -0.466046 -0.851055
v 0.318007 -0.498495 -0.863762
v 0.320686 -0.772047 -0.636452
v 0.362800 -0.807987 -0.587022
v 0.240394 -0.706080 -0.739333
v 0.278375 -0.734233 -0.683617
v 0.433439 -0.704147 -0.701319
v 0.359394 -0.729022 -0.701730
v 0.387925 -0.664278 -0.747799
v 0.301118 -0.585553 -0.848734
v 0.343679 -0.622717 -0.795171
v 0.274206 -0.656477 -0.805314
v 0.871307 -0.066634 -0.513045
v 0.828111 -0.106623 -0.552527
v 0.814880 -0.040426 -0.569034
v 0.846748 -0.241911 -0.514162
v 0.844998 -0.175478 -0.538170
v 0.881554 -0.199566 -0.468603
v 0.727600 -0.118358 -0.641189
v 0.798862 -0.149035 -0.601439
v 0.749540 -0.187370 -0.634371
v 0.776552 -0.479935 -0.378132
v 0.790973 -0.420729 -0.409365
v 0.793492 -0.424181 -0.328382
v 0.746745 -0.391466 -0.560148
v 0.775611 -0.409890 -0.488151
v 0.737779 -0.455973 -0.531489
v 0.838994 -0.316362 -0.397687
v 0.811199 -0.363770 -0.444220
v 0.837532 -0.308351 -0.483357
v 0.545454 -0.269125 -0.772562
v 0.599136 -0.301884 -0.726782
v 0.545029 -0.336846 -0.750187
v 0.707270 -0.229969 -0.675459
v 0.655229 -0.266815 -0.703743
v 0.650599 -0.197688 -0.721959
v 0.648606 -0.400861 -0.651221
v 0.650813 -0.333317 -0.676125
v 0.696328 -0.361224 -0.618556
v 0.798428 -0.283270 -0.550846
v 0.753515 -0.325675 -0.590094
v 0.755863 -0.257368 -0.616166
v 0.438376 -0.777776 -0.568015
v 0.500777 -0.658506 -0.668153
v 0.476096 -0.728128 -0.627044
v 0.515078 -0.747839 -0.549857
v 0.585757 -0.710023 -0.526402
v 0.538323 -0.415460 -0.737118
v 0.637540 -0.477833 -0.628336
v 0.588229 -0.446625 -0.683057
v 0.525653 -0.492405 -0.714920
v 0.521079 -0.579834 -0.702844
v 0.735339 -0.537024 -0.414458
v 0.649448 -0.658962 -0.493888
v 0.695255 -0.598734 -0.454601
v 0.724627 -0.532790 -0.499091
v 0.686479 -0.508946 -0.566333
v 0.559430 -0.602167 -0.628580
v 0.624114 -0.555456 -0.597889
v 0.600901 -0.627259 -0.558255
v 0.601534 -0.765881 0.000000
v 0.683123 -0.691262 -0.078561
v 0.644856 -0.731213 -0.039656
v 0.651139 -0.738337 0.040043
v 0.689477 -0.697692 0.079291
v 0.800532 -0.494756 -0.225934
v 0.770317 -0.542547 -0.189598
v 0.761622 -0.535177 -0.037894
v 0.765923 -0.538618 -0.112298
v 0.799846 -0.494332 -0.074001
v 0.747416 -0.595980 -0.154562
v 0.724279 -0.649738 -0.118797
v 0.773267 -0.544625 0.190324
v 0.806407 -0.498387 0.227592
v 0.712511 -0.639181 0.116866
v 0.738526 -0.588891 0.152724
v 0.811508 -0.501539 0.075080
v 0.781142 -0.549321 0.114529
v 0.774645 -0.544328 0.038542
v 0.704970 -0.632915 -0.038569
v 0.731956 -0.581883 0.000000
v 0.713494 -0.640567 0.039036
v 0.895333 0.000000 -0.471113
v 0.906676 -0.066830 -0.452223
v 0.934448 -0.065222 -0.312844
v 0.932460 -0.066743 -0.386086
v 0.938652 0.000000 -0.338369
v 0.913869 -0.134256 -0.430402
v 0.900912 -0.197401 -0.399350
v 0.909948 -0.060919 -0.037650
v 0.917495 -0.061721 -0.102131
v 0.934392 0.000000 -0.064760
v 0.912569 -0.188305 -0.182079
v 0.913775 -0.124324 -0.141390
v 0.899675 -0.183735 -0.113554
v 0.948299 0.000000 -0.199735
v 0.932951 -0.063311 -0.170715
v 0.932551 -0.064219 -0.238603
v 0.819892 -0.363795 -0.290031
v 0.810039 -0.422256 -0.260969
v 0.869192 -0.256019 -0.359199
v 0.840076 -0.309129 -0.322779
v 0.867638 -0.305713 -0.188941
v 0.854816 -0.307573 -0.255385
v 0.899035 -0.253706 -0.223263
v 0.927266 -0.129695 -0.283641
v 0.918841 -0.193699 -0.254463
v 0.914208 -0.196565 -0.327570
v 0.879772 -0.064847 0.438804
v 0.880043 0.000000 0.463068
v 0.881784 -0.193209 0.390871
v 0.872151 -0.128127 0.410755
v 0.932656 0.000000 0.336207
v 0.910440 -0.065167 0.376969
v 0.939008 -0.065541 0.314371
v 0.848359 -0.442232 0.273314
v 0.875548 -0.388490 0.309719
v 0.916743 -0.258703 0.227661
v 0.900989 -0.324186 0.269180
v 0.910782 -0.320915 0.198336
v 0.879806 -0.323748 0.338044
v 0.887084 -0.261288 0.366593
v 0.945072 0.000000 0.065500
v 0.939811 -0.063222 0.104615
v 0.927530 -0.062096 0.038377
v 0.945210 -0.065091 0.241842
v 0.936128 -0.063527 0.171297
v 0.949610 0.000000 0.200011
v 0.929371 -0.189799 0.117302
v 0.925643 -0.125939 0.143227
v 0.921243 -0.190095 0.183810
v 0.911005 -0.195876 0.326422
v 0.917732 -0.193465 0.254156
v 0.937086 -0.131068 0.286645
v 0.825757 -0.431889 -0.188464
v 0.870779 -0.309472 -0.114350
v 0.843684 -0.367498 -0.150125
v 0.830103 -0.435073 -0.113049
v 0.833109 -0.437113 -0.038888
v 0.914628 -0.123228 0.000000
v 0.915027 -0.252907 0.077630
v 0.927614 -0.189880 0.039092
v 0.900923 -0.184416 -0.037967
v 0.883961 -0.244321 -0.074994
v 0.853616 -0.446459 0.194822
v 0.837718 -0.439531 0.039103
v 0.849964 -0.445483 0.115754
v 0.876802 -0.381924 0.156017
v 0.900578 -0.320062 0.118263
v 0.873693 -0.310036 -0.038323
v 0.883241 -0.313425 0.038741
v 0.854185 -0.373872 0.000000
v 0.064892 -0.439105 0.880377
v 0.188434 -0.381210 0.859989
v 0.130005 -0.416774 0.884931
v 0.065734 -0.380253 0.918372
v 0.065407 -0.313731 0.937098
v 0.425730 -0.263116 0.816702
v 0.370991 -0.295768 0.836110
v 0.258145 -0.227170 0.914766
v 0.318735 -0.264654 0.885838
v 0.315939 -0.195261 0.896660
v 0.312975 -0.326796 0.850530
v 0.251682 -0.353115 0.854469
v 0.065702 -0.108719 0.976680
v 0.067067 -0.041450 1.001782
v 0.064435 -0.239407 0.935693
v 0.065284 -0.176036 0.962030
v 0.197171 -0.121858 0.965466
v 0.130914 -0.148885 0.962209
v 0.194507 -0.188076 0.942624
v 0.193874 -0.323086 0.901692
v 0.196157 -0.257691 0.930498
v 0.128881 -0.281862 0.921448
v 0.796015 0.000000 0.625202
v 0.702254 0.079810 0.693986
v 0.743783 0.040338 0.655942
v 0.754636 -0.040927 0.665513
v 0.708166 -0.080482 0.699828
v 0.494708 0.225912 0.800454
v 0.556707 0.194547 0.790420
v 0.566141 0.040086 0.805687
v 0.563301 0.117444 0.801022
v 0.520304 0.077889 0.841869
v 0.607818 0.157632 0.762261
v 0.653487 0.119482 0.728458
v 0.549969 -0.192192 0.780855
v 0.495728 -0.226378 0.802105
v 0.657156 -0.120153 0.732548
v 0.603882 -0.156611 0.757325
v 0.514041 -0.076952 0.831736
v 0.563074 -0.117396 0.800699
v 0.574005 -0.040643 0.816878
v 0.669383 0.040792 0.745591
v 0.620918 0.000000 0.781058
v 0.666732 -0.040630 0.742638
v 0.066144 0.447579 0.897366
v 0.064565 0.309693 0.925037
v 0.065733 0.380242 0.918346
v 0.130407 0.418063 0.887670
v 0.190618 0.385629 0.869957
v 0.066950 0.041377 1.000035
v 0.066477 0.110000 0.988187
v 0.192329 0.185970 0.932070
v 0.128350 0.145969 0.943366
v 0.191532 0.118373 0.937854
v 0.065501 0.176621 0.965224
v 0.065065 0.241746 0.944837
v 0.374891 0.298878 0.844900
v 0.428418 0.264777 0.821859
v 0.254336 0.356838 0.863479
v 0.313758 0.327613 0.852657
v 0.317321 0.196115 0.900582
v 0.317007 0.263219 0.881035
v 0.253030 0.222668 0.896639
v 0.129066 0.282267 0.922773
v 0.191580 0.251678 0.908786
v 0.191747 0.319541 0.891799
v 0.444811 -0.194103 0.850464
v 0.463346 -0.041222 0.883107
v 0.449784 -0.116872 0.858170
v 0.384549 -0.157090 0.882829
v 0.321652 -0.118850 0.905052
v 0.439167 0.191640 0.839673
v 0.327728 0.121095 0.922147
v 0.388592 0.158742 0.892111
v 0.455629 0.118391 0.869323
v 0.460428 0.040962 0.877545
v 0.131020 0.000000 0.972467
v 0.258839 -0.079451 0.936488
v 0.197315 -0.040622 0.963938
v 0.192720 0.039676 0.941491
v 0.261977 0.080414 0.947841
v 0.394701 0.000000 0.901775
v 0.327671 0.040502 0.923387
v 0.324167 -0.040069 0.913513
v -0.536083 -0.803465 0.103450
v -0.496734 -0.818047 0.233711
v -0.518448 -0.814032 0.169047
v -0.581225 -0.772012 0.144026
v -0.625656 -0.739242 0.184796
v -0.369423 -0.758667 0.468882
v -0.403637 -0.779907 0.414843
v -0.539325 -0.718986 0.376914
v -0.469340 -0.745722 0.394095
v -0.497116 -0.690065 0.426484
v -0.433187 -0.791050 0.354734
v -0.467435 -0.809943 0.298193
v -0.726929 -0.599257 0.301945
v -0.753479 -0.547421 0.338325
v -0.661387 -0.692535 0.225178
v -0.690692 -0.643078 0.261867
v -0.625987 -0.623473 0.385327
v -0.660161 -0.635447 0.325447
v -0.602773 -0.678561 0.352007
v -0.537589 -0.779213 0.276452
v -0.576059 -0.735592 0.317929
v -0.598036 -0.733623 0.249796
v -0.104017 -0.539023 0.807871
v -0.240039 -0.510184 0.840197
v -0.171109 -0.524773 0.823963
v -0.143597 -0.579495 0.769715
v -0.181697 -0.615163 0.726844
v -0.503653 -0.396819 0.814928
v -0.438610 -0.426763 0.824590
v -0.388006 -0.555197 0.740145
v -0.415782 -0.495167 0.786759
v -0.455921 -0.531429 0.737696
v -0.375051 -0.457996 0.836355
v -0.310719 -0.487070 0.843966
v -0.300950 -0.724531 0.597281
v -0.334208 -0.744310 0.540760
v -0.223741 -0.657166 0.688115
v -0.265502 -0.700281 0.652006
v -0.397522 -0.645797 0.643204
v -0.333106 -0.675696 0.650401
v -0.359041 -0.614817 0.692120
v -0.278493 -0.541558 0.784965
v -0.319859 -0.579557 0.740059
v -0.248830 -0.595725 0.730787
v -0.837240 -0.107798 0.558618
v -0.825727 -0.235905 0.501397
v -0.830730 -0.172515 0.529083
v -0.790445 -0.147465 0.595102
v -0.756650 -0.189148 0.640389
v -0.785300 -0.485342 0.382392
v -0.807992 -0.429782 0.418173
v -0.726606 -0.380908 0.545041
v -0.772098 -0.408034 0.485940
v -0.732890 -0.452951 0.527967
v -0.812458 -0.364335 0.444910
v -0.814720 -0.299952 0.470192
v -0.605134 -0.304906 0.734057
v -0.563570 -0.348305 0.775706
v -0.707002 -0.229882 0.675203
v -0.650610 -0.264934 0.698781
v -0.642532 -0.397107 0.645123
v -0.643364 -0.329502 0.668386
v -0.679718 -0.352607 0.603801
v -0.774409 -0.274748 0.534275
v -0.725244 -0.313456 0.567955
v -0.750040 -0.255385 0.611419
v -0.404475 -0.717627 0.524088
v -0.463038 -0.608881 0.617800
v -0.435255 -0.665668 0.573254
v -0.470803 -0.683557 0.502593
v -0.533700 -0.646923 0.479620
v -0.550177 -0.424609 0.753351
v -0.628221 -0.470848 0.619151
v -0.588971 -0.447188 0.683918
v -0.520575 -0.487648 0.708013
v -0.499325 -0.555627 0.673502
v -0.720875 -0.526460 0.406305
v -0.607564 -0.616464 0.462036
v -0.663664 -0.571529 0.433945
v -0.698853 -0.513839 0.481339
v -0.670603 -0.497176 0.553235
v -0.538406 -0.579536 0.604956
v -0.609343 -0.542310 0.583739
v -0.578340 -0.603707 0.537294
v -0.107874 -0.559011 -0.837829
v -0.189844 -0.642746 -0.759435
v -0.151327 -0.610690 -0.811149
v -0.173620 -0.532472 -0.836051
v -0.236584 -0.502838 -0.828101
v -0.323880 -0.721310 -0.524050
v -0.292052 -0.703111 -0.579623
v -0.347580 -0.595191 -0.670026
v -0.318797 -0.646672 -0.622463
v -0.381630 -0.619980 -0.617491
v -0.255334 -0.673461 -0.627035
v -0.225032 -0.660959 -0.692087
v -0.402873 -0.391991 -0.757403
v -0.458081 -0.360913 -0.741190
v -0.298722 -0.468265 -0.811381
v -0.348972 -0.426149 -0.778199
v -0.420421 -0.490050 -0.680256
v -0.387927 -0.461994 -0.734051
v -0.368100 -0.526714 -0.702174
v -0.251150 -0.601279 -0.737601
v -0.314878 -0.570532 -0.728535
v -0.274472 -0.533739 -0.773632
v -0.550472 -0.825031 -0.106226
v -0.634689 -0.749915 -0.187464
v -0.598493 -0.794949 -0.148305
v -0.520436 -0.817154 -0.169695
v -0.493941 -0.813447 -0.232397
v -0.746621 -0.542438 -0.335245
v -0.723424 -0.596368 -0.300490
v -0.597932 -0.673111 -0.349180
v -0.675604 -0.650312 -0.333060
v -0.626718 -0.624201 -0.385777
v -0.703063 -0.654597 -0.266557
v -0.677610 -0.709522 -0.230701
v -0.397390 -0.767835 -0.408422
v -0.360618 -0.740585 -0.457706
v -0.466002 -0.807460 -0.297279
v -0.433637 -0.791872 -0.355103
v -0.494754 -0.686786 -0.424457
v -0.466513 -0.741231 -0.391721
v -0.530086 -0.706670 -0.370457
v -0.603743 -0.740624 -0.252179
v -0.564583 -0.720938 -0.311595
v -0.532273 -0.771507 -0.273719
v -0.847948 -0.109177 -0.565763
v -0.763808 -0.190937 -0.646447
v -0.817189 -0.152454 -0.615237
v -0.853547 -0.177253 -0.543615
v -0.849659 -0.242743 -0.515929
v -0.523523 -0.323555 -0.720586
v -0.582543 -0.293523 -0.706653
v -0.698027 -0.362105 -0.620065
v -0.644828 -0.330252 -0.669907
v -0.628154 -0.388220 -0.630687
v -0.647070 -0.263492 -0.694979
v -0.714470 -0.232310 -0.682335
v -0.825800 -0.439254 -0.427389
v -0.780794 -0.482557 -0.380197
v -0.847534 -0.312033 -0.489130
v -0.849239 -0.380828 -0.465052
v -0.714798 -0.441770 -0.514934
v -0.795156 -0.420219 -0.500452
v -0.736601 -0.386148 -0.552538
v -0.763573 -0.259994 -0.622451
v -0.758085 -0.327650 -0.593673
v -0.814586 -0.289002 -0.561994
v -0.390399 -0.692653 -0.505850
v -0.515516 -0.624881 -0.463278
v -0.448374 -0.650991 -0.478649
v -0.416571 -0.637092 -0.548646
v -0.442155 -0.581420 -0.589937
v -0.718454 -0.524692 -0.404941
v -0.635938 -0.471476 -0.524637
v -0.687845 -0.505746 -0.473757
v -0.660065 -0.568430 -0.431592
v -0.595767 -0.604495 -0.453065
v -0.499564 -0.385548 -0.684047
v -0.459434 -0.511238 -0.619695
v -0.478761 -0.448479 -0.651144
v -0.545297 -0.414028 -0.633203
v -0.584932 -0.438403 -0.576487
v -0.545915 -0.569861 -0.507171
v -0.564490 -0.502391 -0.540770
v -0.500290 -0.538509 -0.562130
v 0.776644 0.000000 -0.609988
v 0.699571 -0.079505 -0.691334
v 0.738443 -0.040049 -0.651232
v 0.746935 0.040509 -0.658721
v 0.716373 0.081414 -0.707939
v 0.506275 -0.231194 -0.819170
v 0.551176 -0.192614 -0.782569
v 0.560750 -0.039705 -0.798016
v 0.551841 -0.115054 -0.784725
v 0.511345 -0.076548 -0.827373
v 0.592329 -0.153615 -0.742837
v 0.652593 -0.119319 -0.727461
v 0.564612 0.197309 -0.801644
v 0.508113 0.232033 -0.822144
v 0.673892 0.123213 -0.751204
v 0.628685 0.163044 -0.788431
v 0.509831 0.076321 -0.824924
v 0.573944 0.119663 -0.816157
v 0.568362 0.040244 -0.808849
v 0.663127 -0.040410 -0.738622
v 0.616153 0.000000 -0.775064
v 0.672987 0.041011 -0.749604
v 0.066957 -0.453080 -0.908394
v 0.067352 -0.323061 -0.964965
v 0.067622 -0.391169 -0.944737
v 0.136466 -0.437486 -0.928910
v 0.203197 -0.411076 -0.927365
v 0.067087 -0.041462 -1.002082
v 0.067798 -0.112187 -1.007835
v 0.203824 -0.197085 -0.987778
v 0.135570 -0.154180 -0.996431
v 0.200467 -0.123896 -0.981610
v 0.068418 -0.184486 -1.008208
v 0.068286 -0.253713 -0.991607
v 0.392243 -0.312712 -0.884007
v 0.442157 -0.273268 -0.848215
v 0.271511 -0.380935 -0.921788
v 0.334966 -0.349757 -0.910290
v 0.336424 -0.207921 -0.954796
v 0.335320 -0.278425 -0.931931
v 0.273491 -0.240674 -0.969145
v 0.135276 -0.295847 -0.967167
v 0.205230 -0.269611 -0.973540
v 0.203192 -0.338614 -0.945031
v 0.061412 0.415561 -0.833172
v 0.186687 0.377676 -0.852016
v 0.123181 0.394896 -0.838478
v 0.061803 0.357508 -0.863440
v 0.063351 0.303869 -0.907641
v 0.442034 0.273192 -0.847979
v 0.380665 0.303481 -0.857913
v 0.254797 0.224224 -0.902903
v 0.319796 0.265534 -0.888786
v 0.316940 0.195880 -0.899500
v 0.320697 0.334859 -0.871515
v 0.258179 0.362231 -0.876527
v 0.065352 0.108138 -0.971464
v 0.066046 0.040819 -0.986535
v 0.065202 0.242253 -0.946817
v 0.065509 0.176643 -0.965347
v 0.198996 0.122986 -0.974404
v 0.131662 0.149736 -0.967711
v 0.195458 0.188996 -0.947234
v 0.189728 0.316177 -0.882410
v 0.192486 0.252870 -0.913087
v 0.127383 0.278587 -0.910741
v 0.453865 -0.198054 -0.867775
v 0.340432 -0.125790 -0.957894
v 0.398768 -0.162898 -0.915472
v 0.454747 -0.118161 -0.867639
v 0.457025 -0.040660 -0.871059
v 0.132652 0.000000 -0.984574
v 0.266099 0.081679 -0.962756
v 0.200164 0.041209 -0.977856
v 0.203616 -0.041920 -0.994718
v 0.269862 -0.082834 -0.976370
v 0.447338 0.195206 -0.855296
v 0.451484 0.040167 -0.860498
v 0.450991 0.117186 -0.860474
v 0.382734 0.156349 -0.878663
v 0.327157 0.120884 -0.920541
v 0.337036 -0.041660 -0.949778
v 0.333550 0.041229 -0.939954
v 0.395554 0.000000 -0.903722
v 0.901676 0.066462 0.449729
v 0.926644 0.064678 0.310231
v 0.917479 0.065671 0.379883
v 0.899347 0.132123 0.423563
v 0.909001 0.199173 0.402936
v 0.962456 0.064434 0.039823
v 0.962578 0.064754 0.107149
v 0.932783 0.192476 0.186112
v 0.955190 0.129959 0.147799
v 0.946247 0.193246 0.119432
v 0.954296 0.064759 0.174621
v 0.932303 0.064202 0.238540
v 0.876974 0.389122 0.310223
v 0.852255 0.444263 0.274570
v 0.894731 0.263541 0.369754
v 0.888434 0.326923 0.341359
v 0.896938 0.316037 0.195322
v 0.889208 0.319948 0.265661
v 0.911736 0.257290 0.226417
v 0.926569 0.129597 0.283428
v 0.926218 0.195254 0.256506
v 0.916195 0.196992 0.328282
v 0.885817 0.065293 -0.441819
v 0.904135 0.198107 -0.400779
v 0.888783 0.130571 -0.418587
v 0.916744 0.065618 -0.379579
v 0.935610 0.065303 -0.313233
v 0.879083 0.458248 -0.283213
v 0.916201 0.406528 -0.324100
v 0.976203 0.275482 -0.242427
v 0.957546 0.344536 -0.286077
v 0.951139 0.335135 -0.207125
v 0.930253 0.342311 -0.357427
v 0.921601 0.271455 -0.380858
v 0.955482 0.064276 -0.106359
v 0.959192 0.064216 -0.039687
v 0.941983 0.064869 -0.241016
v 0.946033 0.064199 -0.173109
v 0.972981 0.198705 -0.122807
v 0.962762 0.130989 -0.148970
v 0.970564 0.200272 -0.193651
v 0.940528 0.202224 -0.337001
v 0.964827 0.203393 -0.267198
v 0.940906 0.131603 -0.287814
v 0.633670 0.806797 0.000000
v 0.719345 0.727916 0.082726
v 0.682443 0.773834 0.041968
v 0.690253 0.782690 -0.042448
v 0.731698 0.740416 -0.084147
v 0.834499 0.515749 0.235520
v 0.816605 0.575149 0.200991
v 0.827312 0.581336 0.041162
v 0.833868 0.586399 0.122260
v 0.850368 0.525557 0.078676
v 0.792855 0.632212 0.163959
v 0.758874 0.680772 0.124471
v 0.823813 0.580226 -0.202766
v 0.846541 0.523191 -0.238919
v 0.773265 0.693683 -0.126831
v 0.797553 0.635959 -0.164930
v 0.869865 0.537606 -0.080479
v 0.833051 0.585825 -0.122140
v 0.825604 0.580136 -0.041077
v 0.763204 0.685196 0.041755
v 0.796326 0.633056 0.000000
v 0.773041 0.694028 -0.042294
v 0.970671 0.130778 0.000000
v 0.956148 0.264273 -0.081119
v 0.962496 0.197020 -0.040562
v 0.963218 0.197168 0.040592
v 0.951811 0.263074 0.080751
v 0.880271 0.460400 -0.200906
v 0.902458 0.473499 -0.042125
v 0.893161 0.468123 -0.121637
v 0.923536 0.402280 -0.164333
v 0.942983 0.335133 -0.123831
v 0.863212 0.451478 0.197013
v 0.905324 0.321749 0.118886
v 0.878994 0.382878 0.156408
v 0.868077 0.454976 0.118221
v 0.882084 0.462810 0.041174
v 0.938262 0.332949 -0.041155
v 0.910351 0.398455 0.000000
v 0.930945 0.330353 0.040834
f 1 643 645
f 163 644 643
f 165 645 644
f 643 644 645
f 43 646 648
f 164 647 646
f 163 648 647
f 646 647 648
f 45 649 651
f 165 650 649
f 164 651 650
f 649 650 651
f 163 647 644
f 164 650 647
f 165 644 650
f 647 650 644
f 13 652 654
f 166 653 652
f 168 654 653
f 652 653 654
f 44 655 657
f 167 656 655
f 166 657 656
f 655 656 657
f 43 658 660
f 168 659 658
f 167 660 659
f 658 659 660
f 166 656 653
f 167 659 656
f 168 653 659
f 656 659 653
f 15 661 663
f 169 662 661
f 171 663 662
f 661 662 663
f 45 664 666
f 170 665 664
f 169 666 665
f 664 665 666
f 44 667 669
f 171 668 667
f 170 669 668
f 667 668 669
f 169 665 662
f 170 668 665
f 171 662 668
f 665 668 662
f 43 660 646
f 167 670 660
f 164 646 670
f 660 670 646
f 44 669 655
f 170 671 669
f 167 655 671
f 669 671 655
f 45 651 664
f 164 672 651
f 170 664 672
f 651 672 664
f 167 671 670
f 170 672 671
f 164 670 672
f 671 672 670
f 12 673 675
f 172 674 673
f 174 675 674
f 673 674 675
f 46 676 678
f 173 677 676
f 172 678 677
f 676 677 678
f 48 679 681
f 174 680 679
f 173 681 680
f 679 680 681
f 172 677 674
f 173 680 677
f 174 674 680
f 677 680 674
f 14 682 684
f 175 683 682
f 177 684 683
f 682 683 684
f 47 685 687
f 176 686 685
f 175 687 686
f 685 686 687
f 46 688 690
f 177 689 688
f 176 690 689
f 688 689 690
f 175 686 683
f 176 689 686
f 177 683 689
f 686 689 683
f 13 691 693
f 178 692 691
f 180 693 692
f 691 692 693
f 48 694 696
f 179 695 694
f 178 696 695
f 694 695 696
f 47 697 699
f 180 698 697
f 179 699 698
f 697 698 699
f 178 695 692
f 179 698 695
f 180 692 698
f 695 698 692
f 46 690 676
f 176 700 690
f 173 676 700
f 690 700 676
f 47 699 685
f 179 701 699
f 176 685 701
f 699 701 685
f 48 681 694
f 173 702 681
f 179 694 702
f 681 702 694
f 176 701 700
f 179 702 701
f 173 700 702
f 701 702 700
f 6 703 705
f 181 704 703
f 183 705 704
f 703 704 705
f 49 706 708
f 182 707 706
f 181 708 707
f 706 707 708
f 51 709 711
f 183 710 709
f 182 711 710
f 709 710 711
f 181 707 704
f 182 710 707
f 183 704 710
f 707 710 704
f 15 712 714
f 184 713 712
f 186 714 713
f 712 713 714
f 50 715 717
f 185 716 715
f 184 717 716
f 715 716 717
f 49 718 720
f 186 719 718
f 185 720 719
f 718 719 720
f 184 716 713
f 185 719 716
f 186 713 719
f 716 719 713
f 14 721 723
f 187 722 721
f 189 723 722
f 721 722 723
f 51 724 726
f 188 725 724
f 187 726 725
f 724 725 726
f 50 727 729
f 189 728 727
f 188 729 728
f 727 728 729
f 187 725 722
f 188 728 725
f 189 722 728
f 725 728 722
f 49 720 706
f 185 730 720
f 182 706 730
f 720 730 706
f 50 729 715
f 188 731 729
f 185 715 731
f 729 731 715
f 51 711 724
f 182 732 711
f 188 724 732
f 711 732 724
f 185 731 730
f 188 732 731
f 182 730 732
f 731 732 730
f 13 693 652
f 180 733 693
f 166 652 733
f 693 733 652
f 47 734 697
f 190 735 734
f 180 697 735
f 734 735 697
f 44 657 737
f 166 736 657
f 190 737 736
f 657 736 737
f 180 735 733
f 190 736 735
f 166 733 736
f 735 736 733
f 14 723 682
f 189 738 723
f 175 682 738
f 723 738 682
f 50 739 727
f 191 740 739
f 189 727 740
f 739 740 727
f 47 687 742
f 175 741 687
f 191 742 741
f 687 741 742
f 189 740 738
f 191 741 740
f 175 738 741
f 740 741 738
f 15 663 712
f 171 743 663
f 184 712 743
f 663 743 712
f 44 744 667
f 192 745 744
f 171 667 745
f 744 745 667
f 50 717 747
f 184 746 717
f 192 747 746
f 717 746 747
f 171 745 743
f 192 746 745
f 184 743 746
f 745 746 743
f 47 742 734
f 191 748 742
f 190 734 748
f 742 748 734
f 50 747 739
f 192 749 747
f 191 739 749
f 747 749 739
f 44 737 744
f 190 750 737
f 192 744 750
f 737 750 744
f 191 749 748
f 192 750 749
f 190 748 750
f 749 750 748
f 1 645 752
f 165 751 645
f 194 752 751
f 645 751 752
f 45 753 649
f 193 754 753
f 165 649 754
f 753 754 649
f 53 755 757
f 194 756 755
f 193 757 756
f 755 756 757
f 165 754 751
f 193 756 754
f 194 751 756
f 754 756 751
f 15 758 661
f 195 759 758
f 169 661 759
f 758 759 661
f 52 760 762
f 196 761 760
f 195 762 761
f 760 761 762
f 45 666 764
f 169 763 666
f 196 764 763
f 666 763 764
f 195 761 759
f 196 763 761
f 169 759 763
f 761 763 759
f 17 765 767
f 197 766 765
f 199 767 766
f 765 766 767
f 53 768 770
f 198 769 768
f 197 770 769
f 768 769 770
f 52 771 773
f 199 772 771
f 198 773 772
f 771 772 773
f 197 769 766
f 198 772 769
f 199 766 772
f 769 772 766
f 45 764 753
f 196 774 764
f 193 753 774
f 764 774 753
f 52 773 760
f 198 775 773
f 196 760 775
f 773 775 760
f 53 757 768
f 193 776 757
f 198 768 776
f 757 776 768
f 196 775 774
f 198 776 775
f 193 774 776
f 775 776 774
f 6 777 703
f 200 778 777
f 181 703 778
f 777 778 703
f 54 779 781
f 201 780 779
f 200 781 780
f 779 780 781
f 49 708 783
f 181 782 708
f 201 783 782
f 708 782 783
f 200 780 778
f 201 782 780
f 181 778 782
f 780 782 778
f 16 784 786
f 202 785 784
f 204 786 785
f 784 785 786
f 55 787 789
f 203 788 787
f 202 789 788
f 787 788 789
f 54 790 792
f 204 791 790
f 203 792 791
f 790 791 792
f 202 788 785
f 203 791 788
f 204 785 791
f 788 791 785
f 15 714 794
f 186 793 714
f 206 794 793
f 714 793 794
f 49 795 718
f 205 796 795
f 186 718 796
f 795 796 718
f 55 797 799
f 206 798 797
f 205 799 798
f 797 798 799
f 186 796 793
f 205 798 796
f 206 793 798
f 796 798 793
f 54 792 779
f 203 800 792
f 201 779 800
f 792 800 779
f 55 799 787
f 205 801 799
f 203 787 801
f 799 801 787
f 49 783 795
f 201 802 783
f 205 795 802
f 783 802 795
f 203 801 800
f 205 802 801
f 201 800 802
f 801 802 800
f 2 803 805
f 207 804 803
f 209 805 804
f 803 804 805
f 56 806 808
f 208 807 806
f 207 808 807
f 806 807 808
f 58 809 811
f 209 810 809
f 208 811 810
f 809 810 811
f 207 807 804
f 208 810 807
f 209 804 810
f 807 810 804
f 17 812 814
f 210 813 812
f 212 814 813
f 812 813 814
f 57 815 817
f 211 816 815
f 210 817 816
f 815 816 817
f 56 818 820
f 212 819 818
f 211 820 819
f 818 819 820
f 210 816 813
f 211 819 816
f 212 813 819
f 816 819 813
f 16 821 823
f 213 822 821
f 215 823 822
f 821 822 823
f 58 824 826
f 214 825 824
f 213 826 825
f 824 825 826
f 57 827 829
f 215 828 827
f 214 829 828
f 827 828 829
f 213 825 822
f 214 828 825
f 215 822 828
f 825 828 822
f 56 820 806
f 211 830 820
f 208 806 830
f 820 830 806
f 57 829 815
f 214 831 829
f 211 815 831
f 829 831 815
f 58 811 824
f 208 832 811
f 214 824 832
f 811 832 824
f 211 831 830
f 214 832 831
f 208 830 832
f 831 832 830
f 15 794 758
f 206 833 794
f 195 758 833
f 794 833 758
f 55 834 797
f 216 835 834
f 206 797 835
f 834 835 797
f 52 762 837
f 195 836 762
f 216 837 836
f 762 836 837
f 206 835 833
f 216 836 835
f 195 833 836
f 835 836 833
f 16 823 784
f 215 838 823
f 202 784 838
f 823 838 784
f 57 839 827
f 217 840 839
f 215 827 840
f 839 840 827
f 55 789 842
f 202 841 789
f 217 842 841
f 789 841 842
f 215 840 838
f 217 841 840
f 202 838 841
f 840 841 838
f 17 767 812
f 199 843 767
f 210 812 843
f 767 843 812
f 52 844 771
f 218 845 844
f 199 771 845
f 844 845 771
f 57 817 847
f 210 846 817
f 218 847 846
f 817 846 847
f 199 845 843
f 218 846 845
f 210 843 846
f 845 846 843
f 55 842 834
f 217 848 842
f 216 834 848
f 842 848 834
f 57 847 839
f 218 849 847
f 217 839 849
f 847 849 839
f 52 837 844
f 216 850 837
f 218 844 850
f 837 850 844
f 217 849 848
f 218 850 849
f 216 848 850
f 849 850 848
f 1 752 852
f 194 851 752
f 220 852 851
f 752 851 852
f 53 853 755
f 219 854 853
f 194 755 854
f 853 854 755
f 60 855 857
f 220 856 855
f 219 857 856
f 855 856 857
f 194 854 851
f 219 856 854
f 220 851 856
f 854 856 851
f 17 858 765
f 221 859 858
f 197 765 859
f 858 859 765
f 59 860 862
f 222 861 860
f 221 862 861
f 860 861 862
f 53 770 864
f 197 863 770
f 222 864 863
f 770 863 864
f 221 861 859
f 222 863 861
f 197 859 863
f 861 863 859
f 19 865 867
f 223 866 865
f 225 867 866
f 865 866 867
f 60 868 870
f 224 869 868
f 223 870 869
f 868 869 870
f 59 871 873
f 225 872 871
f 224 873 872
f 871 872 873
f 223 869 866
f 224 872 869
f 225 866 872
f 869 872 866
f 53 864 853
f 222 874 864
f 219 853 874
f 864 874 853
f 59 873 860
f 224 875 873
f 222 860 875
f 873 875 860
f 60 857 868
f 219 876 857
f 224 868 876
f 857 876 868
f 222 875 874
f 224 876 875
f 219 874 876
f 875 876 874
f 2 877 803
f 226 878 877
f 207 803 878
f 877 878 803
f 61 879 881
f 227 880 879
f 226 881 880
f 879 880 881
f 56 808 883
f 207 882 808
f 227 883 882
f 808 882 883
f 226 880 878
f 227 882 880
f 207 878 882
f 880 882 878
f 18 884 886
f 228 885 884
f 230 886 885
f 884 885 886
f 62 887 889
f 229 888 887
f 228 889 888
f 887 888 889
f 61 890 892
f 230 891 890
f 229 892 891
f 890 891 892
f 228 888 885
f 229 891 888
f 230 885 891
f 888 891 885
f 17 814 894
f 212 893 814
f 232 894 893
f 814 893 894
f 56 895 818
f 231 896 895
f 212 818 896
f 895 896 818
f 62 897 899
f 232 898 897
f 231 899 898
f 897 898 899
f 212 896 893
f 231 898 896
f 232 893 898
f 896 898 893
f 61 892 879
f 229 900 892
f 227 879 900
f 892 900 879
f 62 899 887
f 231 901 899
f 229 887 901
f 899 901 887
f 56 883 895
f 227 902 883
f 231 895 902
f 883 902 895
f 229 901 900
f 231 902 901
f 227 900 902
f 901 902 900
f 8 903 905
f 233 904 903
f 235 905 904
f 903 904 905
f 63 906 908
f 234 907 906
f 233 908 907
f 906 907 908
f 65 909 911
f 235 910 909
f 234 911 910
f 909 910 911
f 233 907 904
f 234 910 907
f 235 904 910
f 907 910 904
f 19 912 914
f 236 913 912
f 238 914 913
f 912 913 914
f 64 915 917
f 237 916 915
f 236 917 916
f 915 916 917
f 63 918 920
f 238 919 918
f 237 920 919
f 918 919 920
f 236 916 913
f 237 919 916
f 238 913 919
f 916 919 913
f 18 921 923
f 239 922 921
f 241 923 922
f 921 922 923
f 65 924 926
f 240 925 924
f 239 926 925
f 924 925 926
f 64 927 929
f 241 928 927
f 240 929 928
f 927 928 929
f 239 925 922
f 240 928 925
f 241 922 928
f 925 928 922
f 63 920 906
f 237 930 920
f 234 906 930
f 920 930 906
f 64 929 915
f 240 931 929
f 237 915 931
f 929 931 915
f 65 911 924
f 234 932 911
f 240 924 932
f 911 932 924
f 237 931 930
f 240 932 931
f 234 930 932
f 931 932 930
f 17 894 858
f 232 933 894
f 221 858 933
f 894 933 858
f 62 934 897
f 242 935 934
f 232 897 935
f 934 935 897
f 59 862 937
f 221 936 862
f 242 937 936
f 862 936 937
f 232 935 933
f 242 936 935
f 221 933 936
f 935 936 933
f 18 923 884
f 241 938 923
f 228 884 938
f 923 938 884
f 64 939 927
f 243 940 939
f 241 927 940
f 939 940 927
f 62 889 942
f 228 941 889
f 243 942 941
f 889 941 942
f 241 940 938
f 243 941 940
f 228 938 941
f 940 941 938
f 19 867 912
f 225 943 867
f 236 912 943
f 867 943 912
f 59 944 871
f 244 945 944
f 225 871 945
f 944 945 871
f 64 917 947
f 236 946 917
f 244 947 946
f 917 946 947
f 225 945 943
f 244 946 945
f 236 943 946
f 945 946 943
f 62 942 934
f 243 948 942
f 242 934 948
f 942 948 934
f 64 947 939
f 244 949 947
f 243 939 949
f 947 949 939
f 59 937 944
f 242 950 937
f 244 944 950
f 937 950 944
f 243 949 948
f 244 950 949
f 242 948 950
f 949 950 948
f 1 852 952
f 220 951 852
f 246 952 951
f 852 951 952
f 60 953 855
f 245 954 953
f 220 855 954
f 953 954 855
f 67 955 957
f 246 956 955
f 245 957 956
f 955 956 957
f 220 954 951
f 245 956 954
f 246 951 956
f 954 956 951
f 19 958 865
f 247 959 958
f 223 865 959
f 958 959 865
f 66 960 962
f 248 961 960
f 247 962 961
f 960 961 962
f 60 870 964
f 223 963 870
f 248 964 963
f 870 963 964
f 247 961 959
f 248 963 961
f 223 959 963
f 961 963 959
f 21 965 967
f 249 966 965
f 251 967 966
f 965 966 967
f 67 968 970
f 250 969 968
f 249 970 969
f 968 969 970
f 66 971 973
f 251 972 971
f 250 973 972
f 971 972 973
f 249 969 966
f 250 972 969
f 251 966 972
f 969 972 966
f 60 964 953
f 248 974 964
f 245 953 974
f 964 974 953
f 66 973 960
f 250 975 973
f 248 960 975
f 973 975 960
f 67 957 968
f 245 976 957
f 250 968 976
f 957 976 968
f 248 975 974
f 250 976 975
f 245 974 976
f 975 976 974
f 8 977 903
f 252 978 977
f 233 903 978
f 977 978 903
f 68 979 981
f 253 980 979
f 252 981 980
f 979 980 981
f 63 908 983
f 233 982 908
f 253 983 982
f 908 982 983
f 252 980 978
f 253 982 980
f 233 978 982
f 980 982 978
f 20 984 986
f 254 985 984
f 256 986 985
f 984 985 986
f 69 987 989
f 255 988 987
f 254 989 988
f 987 988 989
f 68 990 992
f 256 991 990
f 255 992 991
f 990 991 992
f 254 988 985
f 255 991 988
f 256 985 991
f 988 991 985
f 19 914 994
f 238 993 914
f 258 994 993
f 914 993 994
f 63 995 918
f 257 996 995
f 238 918 996
f 995 996 918
f 69 997 999
f 258 998 997
f 257 999 998
f 997 998 999
f 238 996 993
f 257 998 996
f 258 993 998
f 996 998 993
f 68 992 979
f 255 1000 992
f 253 979 1000
f 992 1000 979
f 69 999 987
f 257 1001 999
f 255 987 1001
f 999 1001 987
f 63 983 995
f 253 1002 983
f 257 995 1002
f 983 1002 995
f 255 1001 1000
f 257 1002 1001
f 253 1000 1002
f 1001 1002 1000
f 11 1003 1005
f 259 1004 1003
f 261 1005 1004
f 1003 1004 1005
f 70 1006 1008
f 260 1007 1006
f 259 1008 1007
f 1006 1007 1008
f 72 1009 1011
f 261 1010 1009
f 260 1011 1010
f 1009 1010 1011
f 259 1007 1004
f 260 1010 1007
f 261 1004 1010
f 1007 1010 1004
f 21 1012 1014
f 262 1013 1012
f 264 1014 1013
f 1012 1013 1014
f 71 1015 1017
f 263 1016 1015
f 262 1017 1016
f 1015 1016 1017
f 70 1018 1020
f 264 1019 1018
f 263 1020 1019
f 1018 1019 1020
f 262 1016 1013
f 263 1019 1016
f 264 1013 1019
f 1016 1019 1013
f 20 1021 1023
f 265 1022 1021
f 267 1023 1022
f 1021 1022 1023
f 72 1024 1026
f 266 1025 1024
f 265 1026 1025
f 1024 1025 1026
f 71 1027 1029
f 267 1028 1027
f 266 1029 1028
f 1027 1028 1029
f 265 1025 1022
f 266 1028 1025
f 267 1022 1028
f 1025 1028 1022
f 70 1020 1006
f 263 1030 1020
f 260 1006 1030
f 1020 1030 1006
f 71 1029 1015
f 266 1031 1029
f 263 1015 1031
f 1029 1031 1015
f 72 1011 1024
f 260 1032 1011
f 266 1024 1032
f 1011 1032 1024
f 263 1031 1030
f 266 1032 1031
f 260 1030 1032
f 1031 1032 1030
f 19 994 958
f 258 1033 994
f 247 958 1033
f 994 1033 958
f 69 1034 997
f 268 1035 1034
f 258 997 1035
f 1034 1035 997
f 66 962 1037
f 247 1036 962
f 268 1037 1036
f 962 1036 1037
f 258 1035 1033
f 268 1036 1035
f 247 1033 1036
f 1035 1036 1033
f 20 1023 984
f 267 1038 1023
f 254 984 1038
f 1023 1038 984
f 71 1039 1027
f 269 1040 1039
f 267 1027 1040
f 1039 1040 1027
f 69 989 1042
f 254 1041 989
f 269 1042 1041
f 989 1041 1042
f 267 1040 1038
f 269 1041 1040
f 254 1038 1041
f 1040 1041 1038
f 21 967 1012
f 251 1043 967
f 262 1012 1043
f 967 1043 1012
f 66 1044 971
f 270 1045 1044
f 251 971 1045
f 1044 1045 971
f 71 1017 1047
f 262 1046 1017
f 270 1047 1046
f 1017 1046 1047
f 251 1045 1043
f 270 1046 1045
f 262 1043 1046
f 1045 1046 1043
f 69 1042 1034
f 269 1048 1042
f 268 1034 1048
f 1042 1048 1034
f 71 1047 1039
f 270 1049 1047
f 269 1039 1049
f 1047 1049 1039
f 66 1037 1044
f 268 1050 1037
f 270 1044 1050
f 1037 1050 1044
f 269 1049 1048
f 270 1050 1049
f 268 1048 1050
f 1049 1050 1048
f 1 952 643
f 246 1051 952
f 163 643 1051
f 952 1051 643
f 67 1052 955
f 271 1053 1052
f 246 955 1053
f 1052 1053 955
f 43 648 1055
f 163 1054 648
f 271 1055 1054
f 648 1054 1055
f 246 1053 1051
f 271 1054 1053
f 163 1051 1054
f 1053 1054 1051
f 21 1056 965
f 272 1057 1056
f 249 965 1057
f 1056 1057 965
f 73 1058 1060
f 273 1059 1058
f 272 1060 1059
f 1058 1059 1060
f 67 970 1062
f 249 1061 970
f 273 1062 1061
f 970 1061 1062
f 272 1059 1057
f 273 1061 1059
f 249 1057 1061
f 1059 1061 1057
f 13 654 1064
f 168 1063 654
f 275 1064 1063
f 654 1063 1064
f 43 1065 658
f 274 1066 1065
f 168 658 1066
f 1065 1066 658
f 73 1067 1069
f 275 1068 1067
f 274 1069 1068
f 1067 1068 1069
f 168 1066 1063
f 274 1068 1066
f 275 1063 1068
f 1066 1068 1063
f 67 1062 1052
f 273 1070 1062
f 271 1052 1070
f 1062 1070 1052
f 73 1069 1058
f 274 1071 1069
f 273 1058 1071
f 1069 1071 1058
f 43 1055 1065
f 271 1072 1055
f 274 1065 1072
f 1055 1072 1065
f 273 1071 1070
f 274 1072 1071
f 271 1070 1072
f 1071 1072 1070
f 11 1073 1003
f 276 1074 1073
f 259 1003 1074
f 1073 1074 1003
f 74 1075 1077
f 277 1076 1075
f 276 1077 1076
f 1075 1076 1077
f 70 1008 1079
f 259 1078 1008
f 277 1079 1078
f 1008 1078 1079
f 276 1076 1074
f 277 1078 1076
f 259 1074 1078
f 1076 1078 1074
f 22 1080 1082
f 278 1081 1080
f 280 1082 1081
f 1080 1081 1082
f 75 1083 1085
f 279 1084 1083
f 278 1085 1084
f 1083 1084 1085
f 74 1086 1088
f 280 1087 1086
f 279 1088 1087
f 1086 1087 1088
f 278 1084 1081
f 279 1087 1084
f 280 1081 1087
f 1084 1087 1081
f 21 1014 1090
f 264 1089 1014
f 282 1090 1089
f 1014 1089 1090
f 70 1091 1018
f 281 1092 1091
f 264 1018 1092
f 1091 1092 1018
f 75 1093 1095
f 282 1094 1093
f 281 1095 1094
f 1093 1094 1095
f 264 1092 1089
f 281 1094 1092
f 282 1089 1094
f 1092 1094 1089
f 74 1088 1075
f 279 1096 1088
f 277 1075 1096
f 1088 1096 1075
f 75 1095 1083
f 281 1097 1095
f 279 1083 1097
f 1095 1097 1083
f 70 1079 1091
f 277 1098 1079
f 281 1091 1098
f 1079 1098 1091
f 279 1097 1096
f 281 1098 1097
f 277 1096 1098
f 1097 1098 1096
f 12 675 1100
f 174 1099 675
f 284 1100 1099
f 675 1099 1100
f 48 1101 679
f 283 1102 1101
f 174 679 1102
f 1101 1102 679
f 77 1103 1105
f 284 1104 1103
f 283 1105 1104
f 1103 1104 1105
f 174 1102 1099
f 283 1104 1102
f 284 1099 1104
f 1102 1104 1099
f 13 1106 691
f 285 1107 1106
f 178 691 1107
f 1106 1107 691
f 76 1108 1110
f 286 1109 1108
f 285 1110 1109
f 1108 1109 1110
f 48 696 1112
f 178 1111 696
f 286 1112 1111
f 696 1111 1112
f 285 1109 1107
f 286 1111 1109
f 178 1107 1111
f 1109 1111 1107
f 22 1113 1115
f 287 1114 1113
f 289 1115 1114
f 1113 1114 1115
f 77 1116 1118
f 288 1117 1116
f 287 1118 1117
f 1116 1117 1118
f 76 1119 1121
f 289 1120 1119
f 288 1121 1120
f 1119 1120 1121
f 287 1117 1114
f 288 1120 1117
f 289 1114 1120
f 1117 1120 1114
f 48 1112 1101
f 286 1122 1112
f 283 1101 1122
f 1112 1122 1101
f 76 1121 1108
f 288 1123 1121
f 286 1108 1123
f 1121 1123 1108
f 77 1105 1116
f 283 1124 1105
f 288 1116 1124
f 1105 1124 1116
f 286 1123 1122
f 288 1124 1123
f 283 1122 1124
f 1123 1124 1122
f 21 1090 1056
f 282 1125 1090
f 272 1056 1125
f 1090 1125 1056
f 75 1126 1093
f 290 1127 1126
f 282 1093 1127
f 1126 1127 1093
f 73 1060 1129
f 272 1128 1060
f 290 1129 1128
f 1060 1128 1129
f 282 1127 1125
f 290 1128 1127
f 272 1125 1128
f 1127 1128 1125
f 22 1115 1080
f 289 1130 1115
f 278 1080 1130
f 1115 1130 1080
f 76 1131 1119
f 291 1132 1131
f 289 1119 1132
f 1131 1132 1119
f 75 1085 1134
f 278 1133 1085
f 291 1134 1133
f 1085 1133 1134
f 289 1132 1130
f 291 1133 1132
f 278 1130 1133
f 1132 1133 1130
f 13 1064 1106
f 275 1135 1064
f 285 1106 1135
f 1064 1135 1106
f 73 1136 1067
f 292 1137 1136
f 275 1067 1137
f 1136 1137 1067
f 76 1110 1139
f 285 1138 1110
f 292 1139 1138
f 1110 1138 1139
f 275 1137 1135
f 292 1138 1137
f 285 1135 1138
f 1137 1138 1135
f 75 1134 1126
f 291 1140 1134
f 290 1126 1140
f 1134 1140 1126
f 76 1139 1131
f 292 1141 1139
f 291 1131 1141
f 1139 1141 1131
f 73 1129 1136
f 290 1142 1129
f 292 1136 1142
f 1129 1142 1136
f 291 1141 1140
f 292 1142 1141
f 290 1140 1142
f 1141 1142 1140
f 2 805 1144
f 209 1143 805
f 294 1144 1143
f 805 1143 1144
f 58 1145 809
f 293 1146 1145
f 209 809 1146
f 1145 1146 809
f 79 1147 1149
f 294 1148 1147
f 293 1149 1148
f 1147 1148 1149
f 209 1146 1143
f 293 1148 1146
f 294 1143 1148
f 1146 1148 1143
f 16 1150 821
f 295 1151 1150
f 213 821 1151
f 1150 1151 821
f 78 1152 1154
f 296 1153 1152
f 295 1154 1153
f 1152 1153 1154
f 58 826 1156
f 213 1155 826
f 296 1156 1155
f 826 1155 1156
f 295 1153 1151
f 296 1155 1153
f 213 1151 1155
f 1153 1155 1151
f 24 1157 1159
f 297 1158 1157
f 299 1159 1158
f 1157 1158 1159
f 79 1160 1162
f 298 1161 1160
f 297 1162 1161
f 1160 1161 1162
f 78 1163 1165
f 299 1164 1163
f 298 1165 1164
f 1163 1164 1165
f 297 1161 1158
f 298 1164 1161
f 299 1158 1164
f 1161 1164 1158
f 58 1156 1145
f 296 1166 1156
f 293 1145 1166
f 1156 1166 1145
f 78 1165 1152
f 298 1167 1165
f 296 1152 1167
f 1165 1167 1152
f 79 1149 1160
f 293 1168 1149
f 298 1160 1168
f 1149 1168 1160
f 296 1167 1166
f 298 1168 1167
f 293 1166 1168
f 1167 1168 1166
f 6 1169 777
f 300 1170 1169
f 200 777 1170
f 1169 1170 777
f 80 1171 1173
f 301 1172 1171
f 300 1173 1172
f 1171 1172 1173
f 54 781 1175
f 200 1174 781
f 301 1175 1174
f 781 1174 1175
f 300 1172 1170
f 301 1174 1172
f 200 1170 1174
f 1172 1174 1170
f 23 1176 1178
f 302 1177 1176
f 304 1178 1177
f 1176 1177 1178
f 81 1179 1181
f 303 1180 1179
f 302 1181 1180
f 1179 1180 1181
f 80 1182 1184
f 304 1183 1182
f 303 1184 1183
f 1182 1183 1184
f 302 1180 1177
f 303 1183 1180
f 304 1177 1183
f 1180 1183 1177
f 16 786 1186
f 204 1185 786
f 306 1186 1185
f 786 1185 1186
f 54 1187 790
f 305 1188 1187
f 204 790 1188
f 1187 1188 790
f 81 1189 1191
f 306 1190 1189
f 305 1191 1190
f 1189 1190 1191
f 204 1188 1185
f 305 1190 1188
f 306 1185 1190
f 1188 1190 1185
f 80 1184 1171
f 303 1192 1184
f 301 1171 1192
f 1184 1192 1171
f 81 1191 1179
f 305 1193 1191
f 303 1179 1193
f 1191 1193 1179
f 54 1175 1187
f 301 1194 1175
f 305 1187 1194
f 1175 1194 1187
f 303 1193 1192
f 305 1194 1193
f 301 1192 1194
f 1193 1194 1192
f 10 1195 1197
f 307 1196 1195
f 309 1197 1196
f 1195 1196 1197
f 82 1198 1200
f 308 1199 1198
f 307 1200 1199
f 1198 1199 1200
f 84 1201 1203
f 309 1202 1201
f 308 1203 1202
f 1201 1202 1203
f 307 1199 1196
f 308 1202 1199
f 309 1196 1202
f 1199 1202 1196
f 24 1204 1206
f 310 1205 1204
f 312 1206 1205
f 1204 1205 1206
f 83 1207 1209
f 311 1208 1207
f 310 1209 1208
f 1207 1208 1209
f 82 1210 1212
f 312 1211 1210
f 311 1212 1211
f 1210 1211 1212
f 310 1208 1205
f 311 1211 1208
f 312 1205 1211
f 1208 1211 1205
f 23 1213 1215
f 313 1214 1213
f 315 1215 1214
f 1213 1214 1215
f 84 1216 1218
f 314 1217 1216
f 313 1218 1217
f 1216 1217 1218
f 83 1219 1221
f 315 1220 1219
f 314 1221 1220
f 1219 1220 1221
f 313 1217 1214
f 314 1220 1217
f 315 1214 1220
f 1217 1220 1214
f 82 1212 1198
f 311 1222 1212
f 308 1198 1222
f 1212 1222 1198
f 83 1221 1207
f 314 1223 1221
f 311 1207 1223
f 1221 1223 1207
f 84 1203 1216
f 308 1224 1203
f 314 1216 1224
f 1203 1224 1216
f 311 1223 1222
f 314 1224 1223
f 308 1222 1224
f 1223 1224 1222
f 16 1186 1150
f 306 1225 1186
f 295 1150 1225
f 1186 1225 1150
f 81 1226 1189
f 316 1227 1226
f 306 1189 1227
f 1226 1227 1189
f 78 1154 1229
f 295 1228 1154
f 316 1229 1228
f 1154 1228 1229
f 306 1227 1225
f 316 1228 1227
f 295 1225 1228
f 1227 1228 1225
f 23 1215 1176
f 315 1230 1215
f 302 1176 1230
f 1215 1230 1176
f 83 1231 1219
f 317 1232 1231
f 315 1219 1232
f 1231 1232 1219
f 81 1181 1234
f 302 1233 1181
f 317 1234 1233
f 1181 1233 1234
f 315 1232 1230
f 317 1233 1232
f 302 1230 1233
f 1232 1233 1230
f 24 1159 1204
f 299 1235 1159
f 310 1204 1235
f 1159 1235 1204
f 78 1236 1163
f 318 1237 1236
f 299 1163 1237
f 1236 1237 1163
f 83 1209 1239
f 310 1238 1209
f 318 1239 1238
f 1209 1238 1239
f 299 1237 1235
f 318 1238 1237
f 310 1235 1238
f 1237 1238 1235
f 81 1234 1226
f 317 1240 1234
f 316 1226 1240
f 1234 1240 1226
f 83 1239 1231
f 318 1241 1239
f 317 1231 1241
f 1239 1241 1231
f 78 1229 1236
f 316 1242 1229
f 318 1236 1242
f 1229 1242 1236
f 317 1241 1240
f 318 1242 1241
f 316 1240 1242
f 1241 1242 1240
f 6 705 1244
f 183 1243 705
f 320 1244 1243
f 705 1243 1244
f 51 1245 709
f 319 1246 1245
f 183 709 1246
f 1245 1246 709
f 86 1247 1249
f 320 1248 1247
f 319 1249 1248
f 1247 1248 1249
f 183 1246 1243
f 319 1248 1246
f 320 1243 1248
f 1246 1248 1243
f 14 1250 721
f 321 1251 1250
f 187 721 1251
f 1250 1251 721
f 85 1252 1254
f 322 1253 1252
f 321 1254 1253
f 1252 1253 1254
f 51 726 1256
f 187 1255 726
f 322 1256 1255
f 726 1255 1256
f 321 1253 1251
f 322 1255 1253
f 187 1251 1255
f 1253 1255 1251
f 26 1257 1259
f 323 1258 1257
f 325 1259 1258
f 1257 1258 1259
f 86 1260 1262
f 324 1261 1260
f 323 1262 1261
f 1260 1261 1262
f 85 1263 1265
f 325 1264 1263
f 324 1265 1264
f 1263 1264 1265
f 323 1261 1258
f 324 1264 1261
f 325 1258 1264
f 1261 1264 1258
f 51 1256 1245
f 322 1266 1256
f 319 1245 1266
f 1256 1266 1245
f 85 1265 1252
f 324 1267 1265
f 322 1252 1267
f 1265 1267 1252
f 86 1249 1260
f 319 1268 1249
f 324 1260 1268
f 1249 1268 1260
f 322 1267 1266
f 324 1268 1267
f 319 1266 1268
f 1267 1268 1266
f 12 1269 673
f 326 1270 1269
f 172 673 1270
f 1269 1270 673
f 87 1271 1273
f 327 1272 1271
f 326 1273 1272
f 1271 1272 1273
f 46 678 1275
f 172 1274 678
f 327 1275 1274
f 678 1274 1275
f 326 1272 1270
f 327 1274 1272
f 172 1270 1274
f 1272 1274 1270
f 25 1276 1278
f 328 1277 1276
f 330 1278 1277
f 1276 1277 1278
f 88 1279 1281
f 329 1280 1279
f 328 1281 1280
f 1279 1280 1281
f 87 1282 1284
f 330 1283 1282
f 329 1284 1283
f 1282 1283 1284
f 328 1280 1277
f 329 1283 1280
f 330 1277 1283
f 1280 1283 1277
f 14 684 1286
f 177 1285 684
f 332 1286 1285
f 684 1285 1286
f 46 1287 688
f 331 1288 1287
f 177 688 1288
f 1287 1288 688
f 88 1289 1291
f 332 1290 1289
f 331 1291 1290
f 1289 1290 1291
f 177 1288 1285
f 331 1290 1288
f 332 1285 1290
f 1288 1290 1285
f 87 1284 1271
f 329 1292 1284
f 327 1271 1292
f 1284 1292 1271
f 88 1291 1279
f 331 1293 1291
f 329 1279 1293
f 1291 1293 1279
f 46 1275 1287
f 327 1294 1275
f 331 1287 1294
f 1275 1294 1287
f 329 1293 1292
f 331 1294 1293
f 327 1292 1294
f 1293 1294 1292
f 5 1295 1297
f 333 1296 1295
f 335 1297 1296
f 1295 1296 1297
f 89 1298 1300
f 334 1299 1298
f 333 1300 1299
f 1298 1299 1300
f 91 1301 1303
f 335 1302 1301
f 334 1303 1302
f 1301 1302 1303
f 333 1299 1296
f 334 1302 1299
f 335 1296 1302
f 1299 1302 1296
f 26 1304 1306
f 336 1305 1304
f 338 1306 1305
f 1304 1305 1306
f 90 1307 1309
f 337 1308 1307
f 336 1309 1308
f 1307 1308 1309
f 89 1310 1312
f 338 1311 1310
f 337 1312 1311
f 1310 1311 1312
f 336 1308 1305
f 337 1311 1308
f 338 1305 1311
f 1308 1311 1305
f 25 1313 1315
f 339 1314 1313
f 341 1315 1314
f 1313 1314 1315
f 91 1316 1318
f 340 1317 1316
f 339 1318 1317
f 1316 1317 1318
f 90 1319 1321
f 341 1320 1319
f 340 1321 1320
f 1319 1320 1321
f 339 1317 1314
f 340 1320 1317
f 341 1314 1320
f 1317 1320 1314
f 89 1312 1298
f 337 1322 1312
f 334 1298 1322
f 1312 1322 1298
f 90 1321 1307
f 340 1323 1321
f 337 1307 1323
f 1321 1323 1307
f 91 1303 1316
f 334 1324 1303
f 340 1316 1324
f 1303 1324 1316
f 337 1323 1322
f 340 1324 1323
f 334 1322 1324
f 1323 1324 1322
f 14 1286 1250
f 332 1325 1286
f 321 1250 1325
f 1286 1325 1250
f 88 1326 1289
f 342 1327 1326
f 332 1289 1327
f 1326 1327 1289
f 85 1254 1329
f 321 1328 1254
f 342 1329 1328
f 1254 1328 1329
f 332 1327 1325
f 342 1328 1327
f 321 1325 1328
f 1327 1328 1325
f 25 1315 1276
f 341 1330 1315
f 328 1276 1330
f 1315 1330 1276
f 90 1331 1319
f 343 1332 1331
f 341 1319 1332
f 1331 1332 1319
f 88 1281 1334
f 328 1333 1281
f 343 1334 1333
f 1281 1333 1334
f 341 1332 1330
f 343 1333 1332
f 328 1330 1333
f 1332 1333 1330
f 26 1259 1304
f 325 1335 1259
f 336 1304 1335
f 1259 1335 1304
f 85 1336 1263
f 344 1337 1336
f 325 1263 1337
f 1336 1337 1263
f 90 1309 1339
f 336 1338 1309
f 344 1339 1338
f 1309 1338 1339
f 325 1337 1335
f 344 1338 1337
f 336 1335 1338
f 1337 1338 1335
f 88 1334 1326
f 343 1340 1334
f 342 1326 1340
f 1334 1340 1326
f 90 1339 1331
f 344 1341 1339
f 343 1331 1341
f 1339 1341 1331
f 85 1329 1336
f 342 1342 1329
f 344 1336 1342
f 1329 1342 1336
f 343 1341 1340
f 344 1342 1341
f 342 1340 1342
f 1341 1342 1340
f 12 1100 1344
f 284 1343 1100
f 346 1344 1343
f 1100 1343 1344
f 77 1345 1103
f 345 1346 1345
f 284 1103 1346
f 1345 1346 1103
f 93 1347 1349
f 346 1348 1347
f 345 1349 1348
f 1347 1348 1349
f 284 1346 1343
f 345 1348 1346
f 346 1343 1348
f 1346 1348 1343
f 22 1350 1113
f 347 1351 1350
f 287 1113 1351
f 1350 1351 1113
f 92 1352 1354
f 348 1353 1352
f 347 1354 1353
f 1352 1353 1354
f 77 1118 1356
f 287 1355 1118
f 348 1356 1355
f 1118 1355 1356
f 347 1353 1351
f 348 1355 1353
f 287 1351 1355
f 1353 1355 1351
f 28 1357 1359
f 349 1358 1357
f 351 1359 1358
f 1357 1358 1359
f 93 1360 1362
f 350 1361 1360
f 349 1362 1361
f 1360 1361 1362
f 92 1363 1365
f 351 1364 1363
f 350 1365 1364
f 1363 1364 1365
f 349 1361 1358
f 350 1364 1361
f 351 1358 1364
f 1361 1364 1358
f 77 1356 1345
f 348 1366 1356
f 345 1345 1366
f 1356 1366 1345
f 92 1365 1352
f 350 1367 1365
f 348 1352 1367
f 1365 1367 1352
f 93 1349 1360
f 345 1368 1349
f 350 1360 1368
f 1349 1368 1360
f 348 1367 1366
f 350 1368 1367
f 345 1366 1368
f 1367 1368 1366
f 11 1369 1073
f 352 1370 1369
f 276 1073 1370
f 1369 1370 1073
f 94 1371 1373
f 353 1372 1371
f 352 1373 1372
f 1371 1372 1373
f 74 1077 1375
f 276 1374 1077
f 353 1375 1374
f 1077 1374 1375
f 352 1372 1370
f 353 1374 1372
f 276 1370 1374
f 1372 1374 1370
f 27 1376 1378
f 354 1377 1376
f 356 1378 1377
f 1376 1377 1378
f 95 1379 1381
f 355 1380 1379
f 354 1381 1380
f 1379 1380 1381
f 94 1382 1384
f 356 1383 1382
f 355 1384 1383
f 1382 1383 1384
f 354 1380 1377
f 355 1383 1380
f 356 1377 1383
f 1380 1383 1377
f 22 1082 1386
f 280 1385 1082
f 358 1386 1385
f 1082 1385 1386
f 74 1387 1086
f 357 1388 1387
f 280 1086 1388
f 1387 1388 1086
f 95 1389 1391
f 358 1390 1389
f 357 1391 1390
f 1389 1390 1391
f 280 1388 1385
f 357 1390 1388
f 358 1385 1390
f 1388 1390 1385
f 94 1384 1371
f 355 1392 1384
f 353 1371 1392
f 1384 1392 1371
f 95 1391 1379
f 357 1393 1391
f 355 1379 1393
f 1391 1393 1379
f 74 1375 1387
f 353 1394 1375
f 357 1387 1394
f 1375 1394 1387
f 355 1393 1392
f 357 1394 1393
f 353 1392 1394
f 1393 1394 1392
f 3 1395 1397
f 359 1396 1395
f 361 1397 1396
f 1395 1396 1397
f 96 1398 1400
f 360 1399 1398
f 359 1400 1399
f 1398 1399 1400
f 98 1401 1403
f 361 1402 1401
f 360 1403 1402
f 1401 1402 1403
f 359 1399 1396
f 360 1402 1399
f 361 1396 1402
f 1399 1402 1396
f 28 1404 1406
f 362 1405 1404
f 364 1406 1405
f 1404 1405 1406
f 97 1407 1409
f 363 1408 1407
f 362 1409 1408
f 1407 1408 1409
f 96 1410 1412
f 364 1411 1410
f 363 1412 1411
f 1410 1411 1412
f 362 1408 1405
f 363 1411 1408
f 364 1405 1411
f 1408 1411 1405
f 27 1413 1415
f 365 1414 1413
f 367 1415 1414
f 1413 1414 1415
f 98 1416 1418
f 366 1417 1416
f 365 1418 1417
f 1416 1417 1418
f 97 1419 1421
f 367 1420 1419
f 366 1421 1420
f 1419 1420 1421
f 365 1417 1414
f 366 1420 1417
f 367 1414 1420
f 1417 1420 1414
f 96 1412 1398
f 363 1422 1412
f 360 1398 1422
f 1412 1422 1398
f 97 1421 1407
f 366 1423 1421
f 363 1407 1423
f 1421 1423 1407
f 98 1403 1416
f 360 1424 1403
f 366 1416 1424
f 1403 1424 1416
f 363 1423 1422
f 366 1424 1423
f 360 1422 1424
f 1423 1424 1422
f 22 1386 1350
f 358 1425 1386
f 347 1350 1425
f 1386 1425 1350
f 95 1426 1389
f 368 1427 1426
f 358 1389 1427
f 1426 1427 1389
f 92 1354 1429
f 347 1428 1354
f 368 1429 1428
f 1354 1428 1429
f 358 1427 1425
f 368 1428 1427
f 347 1425 1428
f 1427 1428 1425
f 27 1415 1376
f 367 1430 1415
f 354 1376 1430
f 1415 1430 1376
f 97 1431 1419
f 369 1432 1431
f 367 1419 1432
f 1431 1432 1419
f 95 1381 1434
f 354 1433 1381
f 369 1434 1433
f 1381 1433 1434
f 367 1432 1430
f 369 1433 1432
f 354 1430 1433
f 1432 1433 1430
f 28 1359 1404
f 351 1435 1359
f 362 1404 1435
f 1359 1435 1404
f 92 1436 1363
f 370 1437 1436
f 351 1363 1437
f 1436 1437 1363
f 97 1409 1439
f 362 1438 1409
f 370 1439 1438
f 1409 1438 1439
f 351 1437 1435
f 370 1438 1437
f 362 1435 1438
f 1437 1438 1435
f 95 1434 1426
f 369 1440 1434
f 368 1426 1440
f 1434 1440 1426
f 97 1439 1431
f 370 1441 1439
f 369 1431 1441
f 1439 1441 1431
f 92 1429 1436
f 368 1442 1429
f 370 1436 1442
f 1429 1442 1436
f 369 1441 1440
f 370 1442 1441
f 368 1440 1442
f 1441 1442 1440
f 11 1005 1444
f 261 1443 1005
f 372 1444 1443
f 1005 1443 1444
f 72 1445 1009
f 371 1446 1445
f 261 1009 1446
f 1445 1446 1009
f 100 1447 1449
f 372 1448 1447
f 371 1449 1448
f 1447 1448 1449
f 261 1446 1443
f 371 1448 1446
f 372 1443 1448
f 1446 1448 1443
f 20 1450 1021
f 373 1451 1450
f 265 1021 1451
f 1450 1451 1021
f 99 1452 1454
f 374 1453 1452
f 373 1454 1453
f 1452 1453 1454
f 72 1026 1456
f 265 1455 1026
f 374 1456 1455
f 1026 1455 1456
f 373 1453 1451
f 374 1455 1453
f 265 1451 1455
f 1453 1455 1451
f 30 1457 1459
f 375 1458 1457
f 377 1459 1458
f 1457 1458 1459
f 100 1460 1462
f 376 1461 1460
f 375 1462 1461
f 1460 1461 1462
f 99 1463 1465
f 377 1464 1463
f 376 1465 1464
f 1463 1464 1465
f 375 1461 1458
f 376 1464 1461
f 377 1458 1464
f 1461 1464 1458
f 72 1456 1445
f 374 1466 1456
f 371 1445 1466
f 1456 1466 1445
f 99 1465 1452
f 376 1467 1465
f 374 1452 1467
f 1465 1467 1452
f 100 1449 1460
f 371 1468 1449
f 376 1460 1468
f 1449 1468 1460
f 374 1467 1466
f 376 1468 1467
f 371 1466 1468
f 1467 1468 1466
f 8 1469 977
f 378 1470 1469
f 252 977 1470
f 1469 1470 977
f 101 1471 1473
f 379 1472 1471
f 378 1473 1472
f 1471 1472 1473
f 68 981 1475
f 252 1474 981
f 379 1475 1474
f 981 1474 1475
f 378 1472 1470
f 379 1474 1472
f 252 1470 1474
f 1472 1474 1470
f 29 1476 1478
f 380 1477 1476
f 382 1478 1477
f 1476 1477 1478
f 102 1479 1481
f 381 1480 1479
f 380 1481 1480
f 1479 1480 1481
f 101 1482 1484
f 382 1483 1482
f 381 1484 1483
f 1482 1483 1484
f 380 1480 1477
f 381 1483 1480
f 382 1477 1483
f 1480 1483 1477
f 20 986 1486
f 256 1485 986
f 384 1486 1485
f 986 1485 1486
f 68 1487 990
f 383 1488 1487
f 256 990 1488
f 1487 1488 990
f 102 1489 1491
f 384 1490 1489
f 383 1491 1490
f 1489 1490 1491
f 256 1488 1485
f 383 1490 1488
f 384 1485 1490
f 1488 1490 1485
f 101 1484 1471
f 381 1492 1484
f 379 1471 1492
f 1484 1492 1471
f 102 1491 1479
f 383 1493 1491
f 381 1479 1493
f 1491 1493 1479
f 68 1475 1487
f 379 1494 1475
f 383 1487 1494
f 1475 1494 1487
f 381 1493 1492
f 383 1494 1493
f 379 1492 1494
f 1493 1494 1492
f 7 1495 1497
f 385 1496 1495
f 387 1497 1496
f 1495 1496 1497
f 103 1498 1500
f 386 1499 1498
f 385 1500 1499
f 1498 1499 1500
f 105 1501 1503
f 387 1502 1501
f 386 1503 1502
f 1501 1502 1503
f 385 1499 1496
f 386 1502 1499
f 387 1496 1502
f 1499 1502 1496
f 30 1504 1506
f 388 1505 1504
f 390 1506 1505
f 1504 1505 1506
f 104 1507 1509
f 389 1508 1507
f 388 1509 1508
f 1507 1508 1509
f 103 1510 1512
f 390 1511 1510
f 389 1512 1511
f 1510 1511 1512
f 388 1508 1505
f 389 1511 1508
f 390 1505 1511
f 1508 1511 1505
f 29 1513 1515
f 391 1514 1513
f 393 1515 1514
f 1513 1514 1515
f 105 1516 1518
f 392 1517 1516
f 391 1518 1517
f 1516 1517 1518
f 104 1519 1521
f 393 1520 1519
f 392 1521 1520
f 1519 1520 1521
f 391 1517 1514
f 392 1520 1517
f 393 1514 1520
f 1517 1520 1514
f 103 1512 1498
f 389 1522 1512
f 386 1498 1522
f 1512 1522 1498
f 104 1521 1507
f 392 1523 1521
f 389 1507 1523
f 1521 1523 1507
f 105 1503 1516
f 386 1524 1503
f 392 1516 1524
f 1503 1524 1516
f 389 1523 1522
f 392 1524 1523
f 386 1522 1524
f 1523 1524 1522
f 20 1486 1450
f 384 1525 1486
f 373 1450 1525
f 1486 1525 1450
f 102 1526 1489
f 394 1527 1526
f 384 1489 1527
f 1526 1527 1489
f 99 1454 1529
f 373 1528 1454
f 394 1529 1528
f 1454 1528 1529
f 384 1527 1525
f 394 1528 1527
f 373 1525 1528
f 1527 1528 1525
f 29 1515 1476
f 393 1530 1515
f 380 1476 1530
f 1515 1530 1476
f 104 1531 1519
f 395 1532 1531
f 393 1519 1532
f 1531 1532 1519
f 102 1481 1534
f 380 1533 1481
f 395 1534 1533
f 1481 1533 1534
f 393 1532 1530
f 395 1533 1532
f 380 1530 1533
f 1532 1533 1530
f 30 1459 1504
f 377 1535 1459
f 388 1504 1535
f 1459 1535 1504
f 99 1536 1463
f 396 1537 1536
f 377 1463 1537
f 1536 1537 1463
f 104 1509 1539
f 388 1538 1509
f 396 1539 1538
f 1509 1538 1539
f 377 1537 1535
f 396 1538 1537
f 388 1535 1538
f 1537 1538 1535
f 102 1534 1526
f 395 1540 1534
f 394 1526 1540
f 1534 1540 1526
f 104 1539 1531
f 396 1541 1539
f 395 1531 1541
f 1539 1541 1531
f 99 1529 1536
f 394 1542 1529
f 396 1536 1542
f 1529 1542 1536
f 395 1541 1540
f 396 1542 1541
f 394 1540 1542
f 1541 1542 1540
f 8 905 1544
f 235 1543 905
f 398 1544 1543
f 905 1543 1544
f 65 1545 909
f 397 1546 1545
f 235 909 1546
f 1545 1546 909
f 107 1547 1549
f 398 1548 1547
f 397 1549 1548
f 1547 1548 1549
f 235 1546 1543
f 397 1548 1546
f 398 1543 1548
f 1546 1548 1543
f 18 1550 921
f 399 1551 1550
f 239 921 1551
f 1550 1551 921
f 106 1552 1554
f 400 1553 1552
f 399 1554 1553
f 1552 1553 1554
f 65 926 1556
f 239 1555 926
f 400 1556 1555
f 926 1555 1556
f 399 1553 1551
f 400 1555 1553
f 239 1551 1555
f 1553 1555 1551
f 32 1557 1559
f 401 1558 1557
f 403 1559 1558
f 1557 1558 1559
f 107 1560 1562
f 402 1561 1560
f 401 1562 1561
f 1560 1561 1562
f 106 1563 1565
f 403 1564 1563
f 402 1565 1564
f 1563 1564 1565
f 401 1561 1558
f 402 1564 1561
f 403 1558 1564
f 1561 1564 1558
f 65 1556 1545
f 400 1566 1556
f 397 1545 1566
f 1556 1566 1545
f 106 1565 1552
f 402 1567 1565
f 400 1552 1567
f 1565 1567 1552
f 107 1549 1560
f 397 1568 1549
f 402 1560 1568
f 1549 1568 1560
f 400 1567 1566
f 402 1568 1567
f 397 1566 1568
f 1567 1568 1566
f 2 1569 877
f 404 1570 1569
f 226 877 1570
f 1569 1570 877
f 108 1571 1573
f 405 1572 1571
f 404 1573 1572
f 1571 1572 1573
f 61 881 1575
f 226 1574 881
f 405 1575 1574
f 881 1574 1575
f 404 1572 1570
f 405 1574 1572
f 226 1570 1574
f 1572 1574 1570
f 31 1576 1578
f 406 1577 1576
f 408 1578 1577
f 1576 1577 1578
f 109 1579 1581
f 407 1580 1579
f 406 1581 1580
f 1579 1580 1581
f 108 1582 1584
f 408 1583 1582
f 407 1584 1583
f 1582 1583 1584
f 406 1580 1577
f 407 1583 1580
f 408 1577 1583
f 1580 1583 1577
f 18 886 1586
f 230 1585 886
f 410 1586 1585
f 886 1585 1586
f 61 1587 890
f 409 1588 1587
f 230 890 1588
f 1587 1588 890
f 109 1589 1591
f 410 1590 1589
f 409 1591 1590
f 1589 1590 1591
f 230 1588 1585
f 409 1590 1588
f 410 1585 1590
f 1588 1590 1585
f 108 1584 1571
f 407 1592 1584
f 405 1571 1592
f 1584 1592 1571
f 109 1591 1579
f 409 1593 1591
f 407 1579 1593
f 1591 1593 1579
f 61 1575 1587
f 405 1594 1575
f 409 1587 1594
f 1575 1594 1587
f 407 1593 1592
f 409 1594 1593
f 405 1592 1594
f 1593 1594 1592
f 9 1595 1597
f 411 1596 1595
f 413 1597 1596
f 1595 1596 1597
f 110 1598 1600
f 412 1599 1598
f 411 1600 1599
f 1598 1599 1600
f 112 1601 1603
f 413 1602 1601
f 412 1603 1602
f 1601 1602 1603
f 411 1599 1596
f 412 1602 1599
f 413 1596 1602
f 1599 1602 1596
f 32 1604 1606
f 414 1605 1604
f 416 1606 1605
f 1604 1605 1606
f 111 1607 1609
f 415 1608 1607
f 414 1609 1608
f 1607 1608 1609
f 110 1610 1612
f 416 1611 1610
f 415 1612 1611
f 1610 1611 1612
f 414 1608 1605
f 415 1611 1608
f 416 1605 1611
f 1608 1611 1605
f 31 1613 1615
f 417 1614 1613
f 419 1615 1614
f 1613 1614 1615
f 112 1616 1618
f 418 1617 1616
f 417 1618 1617
f 1616 1617 1618
f 111 1619 1621
f 419 1620 1619
f 418 1621 1620
f 1619 1620 1621
f 417 1617 1614
f 418 1620 1617
f 419 1614 1620
f 1617 1620 1614
f 110 1612 1598
f 415 1622 1612
f 412 1598 1622
f 1612 1622 1598
f 111 1621 1607
f 418 1623 1621
f 415 1607 1623
f 1621 1623 1607
f 112 1603 1616
f 412 1624 1603
f 418 1616 1624
f 1603 1624 1616
f 415 1623 1622
f 418 1624 1623
f 412 1622 1624
f 1623 1624 1622
f 18 1586 1550
f 410 1625 1586
f 399 1550 1625
f 1586 1625 1550
f 109 1626 1589
f 420 1627 1626
f 410 1589 1627
f 1626 1627 1589
f 106 1554 1629
f 399 1628 1554
f 420 1629 1628
f 1554 1628 1629
f 410 1627 1625
f 420 1628 1627
f 399 1625 1628
f 1627 1628 1625
f 31 1615 1576
f 419 1630 1615
f 406 1576 1630
f 1615 1630 1576
f 111 1631 1619
f 421 1632 1631
f 419 1619 1632
f 1631 1632 1619
f 109 1581 1634
f 406 1633 1581
f 421 1634 1633
f 1581 1633 1634
f 419 1632 1630
f 421 1633 1632
f 406 1630 1633
f 1632 1633 1630
f 32 1559 1604
f 403 1635 1559
f 414 1604 1635
f 1559 1635 1604
f 106 1636 1563
f 422 1637 1636
f 403 1563 1637
f 1636 1637 1563
f 111 1609 1639
f 414 1638 1609
f 422 1639 1638
f 1609 1638 1639
f 403 1637 1635
f 422 1638 1637
f 414 1635 1638
f 1637 1638 1635
f 109 1634 1626
f 421 1640 1634
f 420 1626 1640
f 1634 1640 1626
f 111 1639 1631
f 422 1641 1639
f 421 1631 1641
f 1639 1641 1631
f 106 1629 1636
f 420 1642 1629
f 422 1636 1642
f 1629 1642 1636
f 421 1641 1640
f 422 1642 1641
f 420 1640 1642
f 1641 1642 1640
f 4 1643 1645
f 423 1644 1643
f 425 1645 1644
f 1643 1644 1645
f 113 1646 1648
f 424 1647 1646
f 423 1648 1647
f 1646 1647 1648
f 115 1649 1651
f 425 1650 1649
f 424 1651 1650
f 1649 1650 1651
f 423 1647 1644
f 424 1650 1647
f 425 1644 1650
f 1647 1650 1644
f 33 1652 1654
f 426 1653 1652
f 428 1654 1653
f 1652 1653 1654
f 114 1655 1657
f 427 1656 1655
f 426 1657 1656
f 1655 1656 1657
f 113 1658 1660
f 428 1659 1658
f 427 1660 1659
f 1658 1659 1660
f 426 1656 1653
f 427 1659 1656
f 428 1653 1659
f 1656 1659 1653
f 35 1661 1663
f 429 1662 1661
f 431 1663 1662
f 1661 1662 1663
f 115 1664 1666
f 430 1665 1664
f 429 1666 1665
f 1664 1665 1666
f 114 1667 1669
f 431 1668 1667
f 430 1669 1668
f 1667 1668 1669
f 429 1665 1662
f 430 1668 1665
f 431 1662 1668
f 1665 1668 1662
f 113 1660 1646
f 427 1670 1660
f 424 1646 1670
f 1660 1670 1646
f 114 1669 1655
f 430 1671 1669
f 427 1655 1671
f 1669 1671 1655
f 115 1651 1664
f 424 1672 1651
f 430 1664 1672
f 1651 1672 1664
f 427 1671 1670
f 430 1672 1671
f 424 1670 1672
f 1671 1672 1670
f 10 1673 1675
f 432 1674 1673
f 434 1675 1674
f 1673 1674 1675
f 116 1676 1678
f 433 1677 1676
f 432 1678 1677
f 1676 1677 1678
f 118 1679 1681
f 434 1680 1679
f 433 1681 1680
f 1679 1680 1681
f 432 1677 1674
f 433 1680 1677
f 434 1674 1680
f 1677 1680 1674
f 34 1682 1684
f 435 1683 1682
f 437 1684 1683
f 1682 1683 1684
f 117 1685 1687
f 436 1686 1685
f 435 1687 1686
f 1685 1686 1687
f 116 1688 1690
f 437 1689 1688
f 436 1690 1689
f 1688 1689 1690
f 435 1686 1683
f 436 1689 1686
f 437 1683 1689
f 1686 1689 1683
f 33 1691 1693
f 438 1692 1691
f 440 1693 1692
f 1691 1692 1693
f 118 1694 1696
f 439 1695 1694
f 438 1696 1695
f 1694 1695 1696
f 117 1697 1699
f 440 1698 1697
f 439 1699 1698
f 1697 1698 1699
f 438 1695 1692
f 439 1698 1695
f 440 1692 1698
f 1695 1698 1692
f 116 1690 1676
f 436 1700 1690
f 433 1676 1700
f 1690 1700 1676
f 117 1699 1685
f 439 1701 1699
f 436 1685 1701
f 1699 1701 1685
f 118 1681 1694
f 433 1702 1681
f 439 1694 1702
f 1681 1702 1694
f 436 1701 1700
f 439 1702 1701
f 433 1700 1702
f 1701 1702 1700
f 5 1703 1705
f 441 1704 1703
f 443 1705 1704
f 1703 1704 1705
f 119 1706 1708
f 442 1707 1706
f 441 1708 1707
f 1706 1707 1708
f 121 1709 1711
f 443 1710 1709
f 442 1711 1710
f 1709 1710 1711
f 441 1707 1704
f 442 1710 1707
f 443 1704 1710
f 1707 1710 1704
f 35 1712 1714
f 444 1713 1712
f 446 1714 1713
f 1712 1713 1714
f 120 1715 1717
f 445 1716 1715
f 444 1717 1716
f 1715 1716 1717
f 119 1718 1720
f 446 1719 1718
f 445 1720 1719
f 1718 1719 1720
f 444 1716 1713
f 445 1719 1716
f 446 1713 1719
f 1716 1719 1713
f 34 1721 1723
f 447 1722 1721
f 449 1723 1722
f 1721 1722 1723
f 121 1724 1726
f 448 1725 1724
f 447 1726 1725
f 1724 1725 1726
f 120 1727 1729
f 449 1728 1727
f 448 1729 1728
f 1727 1728 1729
f 447 1725 1722
f 448 1728 1725
f 449 1722 1728
f 1725 1728 1722
f 119 1720 1706
f 445 1730 1720
f 442 1706 1730
f 1720 1730 1706
f 120 1729 1715
f 448 1731 1729
f 445 1715 1731
f 1729 1731 1715
f 121 1711 1724
f 442 1732 1711
f 448 1724 1732
f 1711 1732 1724
f 445 1731 1730
f 448 1732 1731
f 442 1730 1732
f 1731 1732 1730
f 33 1693 1652
f 440 1733 1693
f 426 1652 1733
f 1693 1733 1652
f 117 1734 1697
f 450 1735 1734
f 440 1697 1735
f 1734 1735 1697
f 114 1657 1737
f 426 1736 1657
f 450 1737 1736
f 1657 1736 1737
f 440 1735 1733
f 450 1736 1735
f 426 1733 1736
f 1735 1736 1733
f 34 1723 1682
f 449 1738 1723
f 435 1682 1738
f 1723 1738 1682
f 120 1739 1727
f 451 1740 1739
f 449 1727 1740
f 1739 1740 1727
f 117 1687 1742
f 435 1741 1687
f 451 1742 1741
f 1687 1741 1742
f 449 1740 1738
f 451 1741 1740
f 435 1738 1741
f 1740 1741 1738
f 35 1663 1712
f 431 1743 1663
f 444 1712 1743
f 1663 1743 1712
f 114 1744 1667
f 452 1745 1744
f 431 1667 1745
f 1744 1745 1667
f 120 1717 1747
f 444 1746 1717
f 452 1747 1746
f 1717 1746 1747
f 431 1745 1743
f 452 1746 1745
f 444 1743 1746
f 1745 1746 1743
f 117 1742 1734
f 451 1748 1742
f 450 1734 1748
f 1742 1748 1734
f 120 1747 1739
f 452 1749 1747
f 451 1739 1749
f 1747 1749 1739
f 114 1737 1744
f 450 1750 1737
f 452 1744 1750
f 1737 1750 1744
f 451 1749 1748
f 452 1750 1749
f 450 1748 1750
f 1749 1750 1748
f 4 1645 1752
f 425 1751 1645
f 454 1752 1751
f 1645 1751 1752
f 115 1753 1649
f 453 1754 1753
f 425 1649 1754
f 1753 1754 1649
f 123 1755 1757
f 454 1756 1755
f 453 1757 1756
f 1755 1756 1757
f 425 1754 1751
f 453 1756 1754
f 454 1751 1756
f 1754 1756 1751
f 35 1758 1661
f 455 1759 1758
f 429 1661 1759
f 1758 1759 1661
f 122 1760 1762
f 456 1761 1760
f 455 1762 1761
f 1760 1761 1762
f 115 1666 1764
f 429 1763 1666
f 456 1764 1763
f 1666 1763 1764
f 455 1761 1759
f 456 1763 1761
f 429 1759 1763
f 1761 1763 1759
f 37 1765 1767
f 457 1766 1765
f 459 1767 1766
f 1765 1766 1767
f 123 1768 1770
f 458 1769 1768
f 457 1770 1769
f 1768 1769 1770
f 122 1771 1773
f 459 1772 1771
f 458 1773 1772
f 1771 1772 1773
f 457 1769 1766
f 458 1772 1769
f 459 1766 1772
f 1769 1772 1766
f 115 1764 1753
f 456 1774 1764
f 453 1753 1774
f 1764 1774 1753
f 122 1773 1760
f 458 1775 1773
f 456 1760 1775
f 1773 1775 1760
f 123 1757 1768
f 453 1776 1757
f 458 1768 1776
f 1757 1776 1768
f 456 1775 1774
f 458 1776 1775
f 453 1774 1776
f 1775 1776 1774
f 5 1777 1703
f 460 1778 1777
f 441 1703 1778
f 1777 1778 1703
f 124 1779 1781
f 461 1780 1779
f 460 1781 1780
f 1779 1780 1781
f 119 1708 1783
f 441 1782 1708
f 461 1783 1782
f 1708 1782 1783
f 460 1780 1778
f 461 1782 1780
f 441 1778 1782
f 1780 1782 1778
f 36 1784 1786
f 462 1785 1784
f 464 1786 1785
f 1784 1785 1786
f 125 1787 1789
f 463 1788 1787
f 462 1789 1788
f 1787 1788 1789
f 124 1790 1792
f 464 1791 1790
f 463 1792 1791
f 1790 1791 1792
f 462 1788 1785
f 463 1791 1788
f 464 1785 1791
f 1788 1791 1785
f 35 1714 1794
f 446 1793 1714
f 466 1794 1793
f 1714 1793 1794
f 119 1795 1718
f 465 1796 1795
f 446 1718 1796
f 1795 1796 1718
f 125 1797 1799
f 466 1798 1797
f 465 1799 1798
f 1797 1798 1799
f 446 1796 1793
f 465 1798 1796
f 466 1793 1798
f 1796 1798 1793
f 124 1792 1779
f 463 1800 1792
f 461 1779 1800
f 1792 1800 1779
f 125 1799 1787
f 465 1801 1799
f 463 1787 1801
f 1799 1801 1787
f 119 1783 1795
f 461 1802 1783
f 465 1795 1802
f 1783 1802 1795
f 463 1801 1800
f 465 1802 1801
f 461 1800 1802
f 1801 1802 1800
f 3 1803 1805
f 467 1804 1803
f 469 1805 1804
f 1803 1804 1805
f 126 1806 1808
f 468 1807 1806
f 467 1808 1807
f 1806 1807 1808
f 128 1809 1811
f 469 1810 1809
f 468 1811 1810
f 1809 1810 1811
f 467 1807 1804
f 468 1810 1807
f 469 1804 1810
f 1807 1810 1804
f 37 1812 1814
f 470 1813 1812
f 472 1814 1813
f 1812 1813 1814
f 127 1815 1817
f 471 1816 1815
f 470 1817 1816
f 1815 1816 1817
f 126 1818 1820
f 472 1819 1818
f 471 1820 1819
f 1818 1819 1820
f 470 1816 1813
f 471 1819 1816
f 472 1813 1819
f 1816 1819 1813
f 36 1821 1823
f 473 1822 1821
f 475 1823 1822
f 1821 1822 1823
f 128 1824 1826
f 474 1825 1824
f 473 1826 1825
f 1824 1825 1826
f 127 1827 1829
f 475 1828 1827
f 474 1829 1828
f 1827 1828 1829
f 473 1825 1822
f 474 1828 1825
f 475 1822 1828
f 1825 1828 1822
f 126 1820 1806
f 471 1830 1820
f 468 1806 1830
f 1820 1830 1806
f 127 1829 1815
f 474 1831 1829
f 471 1815 1831
f 1829 1831 1815
f 128 1811 1824
f 468 1832 1811
f 474 1824 1832
f 1811 1832 1824
f 471 1831 1830
f 474 1832 1831
f 468 1830 1832
f 1831 1832 1830
f 35 1794 1758
f 466 1833 1794
f 455 1758 1833
f 1794 1833 1758
f 125 1834 1797
f 476 1835 1834
f 466 1797 1835
f 1834 1835 1797
f 122 1762 1837
f 455 1836 1762
f 476 1837 1836
f 1762 1836 1837
f 466 1835 1833
f 476 1836 1835
f 455 1833 1836
f 1835 1836 1833
f 36 1823 1784
f 475 1838 1823
f 462 1784 1838
f 1823 1838 1784
f 127 1839 1827
f 477 1840 1839
f 475 1827 1840
f 1839 1840 1827
f 125 1789 1842
f 462 1841 1789
f 477 1842 1841
f 1789 1841 1842
f 475 1840 1838
f 477 1841 1840
f 462 1838 1841
f 1840 1841 1838
f 37 1767 1812
f 459 1843 1767
f 470 1812 1843
f 1767 1843 1812
f 122 1844 1771
f 478 1845 1844
f 459 1771 1845
f 1844 1845 1771
f 127 1817 1847
f 470 1846 1817
f 478 1847 1846
f 1817 1846 1847
f 459 1845 1843
f 478 1846 1845
f 470 1843 1846
f 1845 1846 1843
f 125 1842 1834
f 477 1848 1842
f 476 1834 1848
f 1842 1848 1834
f 127 1847 1839
f 478 1849 1847
f 477 1839 1849
f 1847 1849 1839
f 122 1837 1844
f 476 1850 1837
f 478 1844 1850
f 1837 1850 1844
f 477 1849 1848
f 478 1850 1849
f 476 1848 1850
f 1849 1850 1848
f 4 1752 1852
f 454 1851 1752
f 480 1852 1851
f 1752 1851 1852
f 123 1853 1755
f 479 1854 1853
f 454 1755 1854
f 1853 1854 1755
f 130 1855 1857
f 480 1856 1855
f 479 1857 1856
f 1855 1856 1857
f 454 1854 1851
f 479 1856 1854
f 480 1851 1856
f 1854 1856 1851
f 37 1858 1765
f 481 1859 1858
f 457 1765 1859
f 1858 1859 1765
f 129 1860 1862
f 482 1861 1860
f 481 1862 1861
f 1860 1861 1862
f 123 1770 1864
f 457 1863 1770
f 482 1864 1863
f 1770 1863 1864
f 481 1861 1859
f 482 1863 1861
f 457 1859 1863
f 1861 1863 1859
f 39 1865 1867
f 483 1866 1865
f 485 1867 1866
f 1865 1866 1867
f 130 1868 1870
f 484 1869 1868
f 483 1870 1869
f 1868 1869 1870
f 129 1871 1873
f 485 1872 1871
f 484 1873 1872
f 1871 1872 1873
f 483 1869 1866
f 484 1872 1869
f 485 1866 1872
f 1869 1872 1866
f 123 1864 1853
f 482 1874 1864
f 479 1853 1874
f 1864 1874 1853
f 129 1873 1860
f 484 1875 1873
f 482 1860 1875
f 1873 1875 1860
f 130 1857 1868
f 479 1876 1857
f 484 1868 1876
f 1857 1876 1868
f 482 1875 1874
f 484 1876 1875
f 479 1874 1876
f 1875 1876 1874
f 3 1877 1803
f 486 1878 1877
f 467 1803 1878
f 1877 1878 1803
f 131 1879 1881
f 487 1880 1879
f 486 1881 1880
f 1879 1880 1881
f 126 1808 1883
f 467 1882 1808
f 487 1883 1882
f 1808 1882 1883
f 486 1880 1878
f 487 1882 1880
f 467 1878 1882
f 1880 1882 1878
f 38 1884 1886
f 488 1885 1884
f 490 1886 1885
f 1884 1885 1886
f 132 1887 1889
f 489 1888 1887
f 488 1889 1888
f 1887 1888 1889
f 131 1890 1892
f 490 1891 1890
f 489 1892 1891
f 1890 1891 1892
f 488 1888 1885
f 489 1891 1888
f 490 1885 1891
f 1888 1891 1885
f 37 1814 1894
f 472 1893 1814
f 492 1894 1893
f 1814 1893 1894
f 126 1895 1818
f 491 1896 1895
f 472 1818 1896
f 1895 1896 1818
f 132 1897 1899
f 492 1898 1897
f 491 1899 1898
f 1897 1898 1899
f 472 1896 1893
f 491 1898 1896
f 492 1893 1898
f 1896 1898 1893
f 131 1892 1879
f 489 1900 1892
f 487 1879 1900
f 1892 1900 1879
f 132 1899 1887
f 491 1901 1899
f 489 1887 1901
f 1899 1901 1887
f 126 1883 1895
f 487 1902 1883
f 491 1895 1902
f 1883 1902 1895
f 489 1901 1900
f 491 1902 1901
f 487 1900 1902
f 1901 1902 1900
f 7 1903 1905
f 493 1904 1903
f 495 1905 1904
f 1903 1904 1905
f 133 1906 1908
f 494 1907 1906
f 493 1908 1907
f 1906 1907 1908
f 135 1909 1911
f 495 1910 1909
f 494 1911 1910
f 1909 1910 1911
f 493 1907 1904
f 494 1910 1907
f 495 1904 1910
f 1907 1910 1904
f 39 1912 1914
f 496 1913 1912
f 498 1914 1913
f 1912 1913 1914
f 134 1915 1917
f 497 1916 1915
f 496 1917 1916
f 1915 1916 1917
f 133 1918 1920
f 498 1919 1918
f 497 1920 1919
f 1918 1919 1920
f 496 1916 1913
f 497 1919 1916
f 498 1913 1919
f 1916 1919 1913
f 38 1921 1923
f 499 1922 1921
f 501 1923 1922
f 1921 1922 1923
f 135 1924 1926
f 500 1925 1924
f 499 1926 1925
f 1924 1925 1926
f 134 1927 1929
f 501 1928 1927
f 500 1929 1928
f 1927 1928 1929
f 499 1925 1922
f 500 1928 1925
f 501 1922 1928
f 1925 1928 1922
f 133 1920 1906
f 497 1930 1920
f 494 1906 1930
f 1920 1930 1906
f 134 1929 1915
f 500 1931 1929
f 497 1915 1931
f 1929 1931 1915
f 135 1911 1924
f 494 1932 1911
f 500 1924 1932
f 1911 1932 1924
f 497 1931 1930
f 500 1932 1931
f 494 1930 1932
f 1931 1932 1930
f 37 1894 1858
f 492 1933 1894
f 481 1858 1933
f 1894 1933 1858
f 132 1934 1897
f 502 1935 1934
f 492 1897 1935
f 1934 1935 1897
f 129 1862 1937
f 481 1936 1862
f 502 1937 1936
f 1862 1936 1937
f 492 1935 1933
f 502 1936 1935
f 481 1933 1936
f 1935 1936 1933
f 38 1923 1884
f 501 1938 1923
f 488 1884 1938
f 1923 1938 1884
f 134 1939 1927
f 503 1940 1939
f 501 1927 1940
f 1939 1940 1927
f 132 1889 1942
f 488 1941 1889
f 503 1942 1941
f 1889 1941 1942
f 501 1940 1938
f 503 1941 1940
f 488 1938 1941
f 1940 1941 1938
f 39 1867 1912
f 485 1943 1867
f 496 1912 1943
f 1867 1943 1912
f 129 1944 1871
f 504 1945 1944
f 485 1871 1945
f 1944 1945 1871
f 134 1917 1947
f 496 1946 1917
f 504 1947 1946
f 1917 1946 1947
f 485 1945 1943
f 504 1946 1945
f 496 1943 1946
f 1945 1946 1943
f 132 1942 1934
f 503 1948 1942
f 502 1934 1948
f 1942 1948 1934
f 134 1947 1939
f 504 1949 1947
f 503 1939 1949
f 1947 1949 1939
f 129 1937 1944
f 502 1950 1937
f 504 1944 1950
f 1937 1950 1944
f 503 1949 1948
f 504 1950 1949
f 502 1948 1950
f 1949 1950 1948
f 4 1852 1952
f 480 1951 1852
f 506 1952 1951
f 1852 1951 1952
f 130 1953 1855
f 505 1954 1953
f 480 1855 1954
f 1953 1954 1855
f 137 1955 1957
f 506 1956 1955
f 505 1957 1956
f 1955 1956 1957
f 480 1954 1951
f 505 1956 1954
f 506 1951 1956
f 1954 1956 1951
f 39 1958 1865
f 507 1959 1958
f 483 1865 1959
f 1958 1959 1865
f 136 1960 1962
f 508 1961 1960
f 507 1962 1961
f 1960 1961 1962
f 130 1870 1964
f 483 1963 1870
f 508 1964 1963
f 1870 1963 1964
f 507 1961 1959
f 508 1963 1961
f 483 1959 1963
f 1961 1963 1959
f 41 1965 1967
f 509 1966 1965
f 511 1967 1966
f 1965 1966 1967
f 137 1968 1970
f 510 1969 1968
f 509 1970 1969
f 1968 1969 1970
f 136 1971 1973
f 511 1972 1971
f 510 1973 1972
f 1971 1972 1973
f 509 1969 1966
f 510 1972 1969
f 511 1966 1972
f 1969 1972 1966
f 130 1964 1953
f 508 1974 1964
f 505 1953 1974
f 1964 1974 1953
f 136 1973 1960
f 510 1975 1973
f 508 1960 1975
f 1973 1975 1960
f 137 1957 1968
f 505 1976 1957
f 510 1968 1976
f 1957 1976 1968
f 508 1975 1974
f 510 1976 1975
f 505 1974 1976
f 1975 1976 1974
f 7 1977 1903
f 512 1978 1977
f 493 1903 1978
f 1977 1978 1903
f 138 1979 1981
f 513 1980 1979
f 512 1981 1980
f 1979 1980 1981
f 133 1908 1983
f 493 1982 1908
f 513 1983 1982
f 1908 1982 1983
f 512 1980 1978
f 513 1982 1980
f 493 1978 1982
f 1980 1982 1978
f 40 1984 1986
f 514 1985 1984
f 516 1986 1985
f 1984 1985 1986
f 139 1987 1989
f 515 1988 1987
f 514 1989 1988
f 1987 1988 1989
f 138 1990 1992
f 516 1991 1990
f 515 1992 1991
f 1990 1991 1992
f 514 1988 1985
f 515 1991 1988
f 516 1985 1991
f 1988 1991 1985
f 39 1914 1994
f 498 1993 1914
f 518 1994 1993
f 1914 1993 1994
f 133 1995 1918
f 517 1996 1995
f 498 1918 1996
f 1995 1996 1918
f 139 1997 1999
f 518 1998 1997
f 517 1999 1998
f 1997 1998 1999
f 498 1996 1993
f 517 1998 1996
f 518 1993 1998
f 1996 1998 1993
f 138 1992 1979
f 515 2000 1992
f 513 1979 2000
f 1992 2000 1979
f 139 1999 1987
f 517 2001 1999
f 515 1987 2001
f 1999 2001 1987
f 133 1983 1995
f 513 2002 1983
f 517 1995 2002
f 1983 2002 1995
f 515 2001 2000
f 517 2002 2001
f 513 2000 2002
f 2001 2002 2000
f 9 2003 2005
f 519 2004 2003
f 521 2005 2004
f 2003 2004 2005
f 140 2006 2008
f 520 2007 2006
f 519 2008 2007
f 2006 2007 2008
f 142 2009 2011
f 521 2010 2009
f 520 2011 2010
f 2009 2010 2011
f 519 2007 2004
f 520 2010 2007
f 521 2004 2010
f 2007 2010 2004
f 41 2012 2014
f 522 2013 2012
f 524 2014 2013
f 2012 2013 2014
f 141 2015 2017
f 523 2016 2015
f 522 2017 2016
f 2015 2016 2017
f 140 2018 2020
f 524 2019 2018
f 523 2020 2019
f 2018 2019 2020
f 522 2016 2013
f 523 2019 2016
f 524 2013 2019
f 2016 2019 2013
f 40 2021 2023
f 525 2022 2021
f 527 2023 2022
f 2021 2022 2023
f 142 2024 2026
f 526 2025 2024
f 525 2026 2025
f 2024 2025 2026
f 141 2027 2029
f 527 2028 2027
f 526 2029 2028
f 2027 2028 2029
f 525 2025 2022
f 526 2028 2025
f 527 2022 2028
f 2025 2028 2022
f 140 2020 2006
f 523 2030 2020
f 520 2006 2030
f 2020 2030 2006
f 141 2029 2015
f 526 2031 2029
f 523 2015 2031
f 2029 2031 2015
f 142 2011 2024
f 520 2032 2011
f 526 2024 2032
f 2011 2032 2024
f 523 2031 2030
f 526 2032 2031
f 520 2030 2032
f 2031 2032 2030
f 39 1994 1958
f 518 2033 1994
f 507 1958 2033
f 1994 2033 1958
f 139 2034 1997
f 528 2035 2034
f 518 1997 2035
f 2034 2035 1997
f 136 1962 2037
f 507 2036 1962
f 528 2037 2036
f 1962 2036 2037
f 518 2035 2033
f 528 2036 2035
f 507 2033 2036
f 2035 2036 2033
f 40 2023 1984
f 527 2038 2023
f 514 1984 2038
f 2023 2038 1984
f 141 2039 2027
f 529 2040 2039
f 527 2027 2040
f 2039 2040 2027
f 139 1989 2042
f 514 2041 1989
f 529 2042 2041
f 1989 2041 2042
f 527 2040 2038
f 529 2041 2040
f 514 2038 2041
f 2040 2041 2038
f 41 1967 2012
f 511 2043 1967
f 522 2012 2043
f 1967 2043 2012
f 136 2044 1971
f 530 2045 2044
f 511 1971 2045
f 2044 2045 1971
f 141 2017 2047
f 522 2046 2017
f 530 2047 2046
f 2017 2046 2047
f 511 2045 2043
f 530 2046 2045
f 522 2043 2046
f 2045 2046 2043
f 139 2042 2034
f 529 2048 2042
f 528 2034 2048
f 2042 2048 2034
f 141 2047 2039
f 530 2049 2047
f 529 2039 2049
f 2047 2049 2039
f 136 2037 2044
f 528 2050 2037
f 530 2044 2050
f 2037 2050 2044
f 529 2049 2048
f 530 2050 2049
f 528 2048 2050
f 2049 2050 2048
f 4 1952 1643
f 506 2051 1952
f 423 1643 2051
f 1952 2051 1643
f 137 2052 1955
f 531 2053 2052
f 506 1955 2053
f 2052 2053 1955
f 113 1648 2055
f 423 2054 1648
f 531 2055 2054
f 1648 2054 2055
f 506 2053 2051
f 531 2054 2053
f 423 2051 2054
f 2053 2054 2051
f 41 2056 1965
f 532 2057 2056
f 509 1965 2057
f 2056 2057 1965
f 143 2058 2060
f 533 2059 2058
f 532 2060 2059
f 2058 2059 2060
f 137 1970 2062
f 509 2061 1970
f 533 2062 2061
f 1970 2061 2062
f 532 2059 2057
f 533 2061 2059
f 509 2057 2061
f 2059 2061 2057
f 33 1654 2064
f 428 2063 1654
f 535 2064 2063
f 1654 2063 2064
f 113 2065 1658
f 534 2066 2065
f 428 1658 2066
f 2065 2066 1658
f 143 2067 2069
f 535 2068 2067
f 534 2069 2068
f 2067 2068 2069
f 428 2066 2063
f 534 2068 2066
f 535 2063 2068
f 2066 2068 2063
f 137 2062 2052
f 533 2070 2062
f 531 2052 2070
f 2062 2070 2052
f 143 2069 2058
f 534 2071 2069
f 533 2058 2071
f 2069 2071 2058
f 113 2055 2065
f 531 2072 2055
f 534 2065 2072
f 2055 2072 2065
f 533 2071 2070
f 534 2072 2071
f 531 2070 2072
f 2071 2072 2070
f 9 2073 2003
f 536 2074 2073
f 519 2003 2074
f 2073 2074 2003
f 144 2075 2077
f 537 2076 2075
f 536 2077 2076
f 2075 2076 2077
f 140 2008 2079
f 519 2078 2008
f 537 2079 2078
f 2008 2078 2079
f 536 2076 2074
f 537 2078 2076
f 519 2074 2078
f 2076 2078 2074
f 42 2080 2082
f 538 2081 2080
f 540 2082 2081
f 2080 2081 2082
f 145 2083 2085
f 539 2084 2083
f 538 2085 2084
f 2083 2084 2085
f 144 2086 2088
f 540 2087 2086
f 539 2088 2087
f 2086 2087 2088
f 538 2084 2081
f 539 2087 2084
f 540 2081 2087
f 2084 2087 2081
f 41 2014 2090
f 524 2089 2014
f 542 2090 2089
f 2014 2089 2090
f 140 2091 2018
f 541 2092 2091
f 524 2018 2092
f 2091 2092 2018
f 145 2093 2095
f 542 2094 2093
f 541 2095 2094
f 2093 2094 2095
f 524 2092 2089
f 541 2094 2092
f 542 2089 2094
f 2092 2094 2089
f 144 2088 2075
f 539 2096 2088
f 537 2075 2096
f 2088 2096 2075
f 145 2095 2083
f 541 2097 2095
f 539 2083 2097
f 2095 2097 2083
f 140 2079 2091
f 537 2098 2079
f 541 2091 2098
f 2079 2098 2091
f 539 2097 2096
f 541 2098 2097
f 537 2096 2098
f 2097 2098 2096
f 10 1675 2100
f 434 2099 1675
f 544 2100 2099
f 1675 2099 2100
f 118 2101 1679
f 543 2102 2101
f 434 1679 2102
f 2101 2102 1679
f 147 2103 2105
f 544 2104 2103
f 543 2105 2104
f 2103 2104 2105
f 434 2102 2099
f 543 2104 2102
f 544 2099 2104
f 2102 2104 2099
f 33 2106 1691
f 545 2107 2106
f 438 1691 2107
f 2106 2107 1691
f 146 2108 2110
f 546 2109 2108
f 545 2110 2109
f 2108 2109 2110
f 118 1696 2112
f 438 2111 1696
f 546 2112 2111
f 1696 2111 2112
f 545 2109 2107
f 546 2111 2109
f 438 2107 2111
f 2109 2111 2107
f 42 2113 2115
f 547 2114 2113
f 549 2115 2114
f 2113 2114 2115
f 147 2116 2118
f 548 2117 2116
f 547 2118 2117
f 2116 2117 2118
f 146 2119 2121
f 549 2120 2119
f 548 2121 2120
f 2119 2120 2121
f 547 2117 2114
f 548 2120 2117
f 549 2114 2120
f 2117 2120 2114
f 118 2112 2101
f 546 2122 2112
f 543 2101 2122
f 2112 2122 2101
f 146 2121 2108
f 548 2123 2121
f 546 2108 2123
f 2121 2123 2108
f 147 2105 2116
f 543 2124 2105
f 548 2116 2124
f 2105 2124 2116
f 546 2123 2122
f 548 2124 2123
f 543 2122 2124
f 2123 2124 2122
f 41 2090 2056
f 542 2125 2090
f 532 2056 2125
f 2090 2125 2056
f 145 2126 2093
f 550 2127 2126
f 542 2093 2127
f 2126 2127 2093
f 143 2060 2129
f 532 2128 2060
f 550 2129 2128
f 2060 2128 2129
f 542 2127 2125
f 550 2128 2127
f 532 2125 2128
f 2127 2128 2125
f 42 2115 2080
f 549 2130 2115
f 538 2080 2130
f 2115 2130 2080
f 146 2131 2119
f 551 2132 2131
f 549 2119 2132
f 2131 2132 2119
f 145 2085 2134
f 538 2133 2085
f 551 2134 2133
f 2085 2133 2134
f 549 2132 2130
f 551 2133 2132
f 538 2130 2133
f 2132 2133 2130
f 33 2064 2106
f 535 2135 2064
f 545 2106 2135
f 2064 2135 2106
f 143 2136 2067
f 552 2137 2136
f 535 2067 2137
f 2136 2137 2067
f 146 2110 2139
f 545 2138 2110
f 552 2139 2138
f 2110 2138 2139
f 535 2137 2135
f 552 2138 2137
f 545 2135 2138
f 2137 2138 2135
f 145 2134 2126
f 551 2140 2134
f 550 2126 2140
f 2134 2140 2126
f 146 2139 2131
f 552 2141 2139
f 551 2131 2141
f 2139 2141 2131
f 143 2129 2136
f 550 2142 2129
f 552 2136 2142
f 2129 2142 2136
f 551 2141 2140
f 552 2142 2141
f 550 2140 2142
f 2141 2142 2140
f 5 1705 1295
f 443 2143 1705
f 333 1295 2143
f 1705 2143 1295
f 121 2144 1709
f 553 2145 2144
f 443 1709 2145
f 2144 2145 1709
f 89 1300 2147
f 333 2146 1300
f 553 2147 2146
f 1300 2146 2147
f 443 2145 2143
f 553 2146 2145
f 333 2143 2146
f 2145 2146 2143
f 34 2148 1721
f 554 2149 2148
f 447 1721 2149
f 2148 2149 1721
f 148 2150 2152
f 555 2151 2150
f 554 2152 2151
f 2150 2151 2152
f 121 1726 2154
f 447 2153 1726
f 555 2154 2153
f 1726 2153 2154
f 554 2151 2149
f 555 2153 2151
f 447 2149 2153
f 2151 2153 2149
f 26 1306 2156
f 338 2155 1306
f 557 2156 2155
f 1306 2155 2156
f 89 2157 1310
f 556 2158 2157
f 338 1310 2158
f 2157 2158 1310
f 148 2159 2161
f 557 2160 2159
f 556 2161 2160
f 2159 2160 2161
f 338 2158 2155
f 556 2160 2158
f 557 2155 2160
f 2158 2160 2155
f 121 2154 2144
f 555 2162 2154
f 553 2144 2162
f 2154 2162 2144
f 148 2161 2150
f 556 2163 2161
f 555 2150 2163
f 2161 2163 2150
f 89 2147 2157
f 553 2164 2147
f 556 2157 2164
f 2147 2164 2157
f 555 2163 2162
f 556 2164 2163
f 553 2162 2164
f 2163 2164 2162
f 10 1197 1673
f 309 2165 1197
f 432 1673 2165
f 1197 2165 1673
f 84 2166 1201
f 558 2167 2166
f 309 1201 2167
f 2166 2167 1201
f 116 1678 2169
f 432 2168 1678
f 558 2169 2168
f 1678 2168 2169
f 309 2167 2165
f 558 2168 2167
f 432 2165 2168
f 2167 2168 2165
f 23 2170 1213
f 559 2171 2170
f 313 1213 2171
f 2170 2171 1213
f 149 2172 2174
f 560 2173 2172
f 559 2174 2173
f 2172 2173 2174
f 84 1218 2176
f 313 2175 1218
f 560 2176 2175
f 1218 2175 2176
f 559 2173 2171
f 560 2175 2173
f 313 2171 2175
f 2173 2175 2171
f 34 1684 2178
f 437 2177 1684
f 562 2178 2177
f 1684 2177 2178
f 116 2179 1688
f 561 2180 2179
f 437 1688 2180
f 2179 2180 1688
f 149 2181 2183
f 562 2182 2181
f 561 2183 2182
f 2181 2182 2183
f 437 2180 2177
f 561 2182 2180
f 562 2177 2182
f 2180 2182 2177
f 84 2176 2166
f 560 2184 2176
f 558 2166 2184
f 2176 2184 2166
f 149 2183 2172
f 561 2185 2183
f 560 2172 2185
f 2183 2185 2172
f 116 2169 2179
f 558 2186 2169
f 561 2179 2186
f 2169 2186 2179
f 560 2185 2184
f 561 2186 2185
f 558 2184 2186
f 2185 2186 2184
f 6 1244 1169
f 320 2187 1244
f 300 1169 2187
f 1244 2187 1169
f 86 2188 1247
f 563 2189 2188
f 320 1247 2189
f 2188 2189 1247
f 80 1173 2191
f 300 2190 1173
f 563 2191 2190
f 1173 2190 2191
f 320 2189 2187
f 563 2190 2189
f 300 2187 2190
f 2189 2190 2187
f 26 2192 1257
f 564 2193 2192
f 323 1257 2193
f 2192 2193 1257
f 150 2194 2196
f 565 2195 2194
f 564 2196 2195
f 2194 2195 2196
f 86 1262 2198
f 323 2197 1262
f 565 2198 2197
f 1262 2197 2198
f 564 2195 2193
f 565 2197 2195
f 323 2193 2197
f 2195 2197 2193
f 23 1178 2200
f 304 2199 1178
f 567 2200 2199
f 1178 2199 2200
f 80 2201 1182
f 566 2202 2201
f 304 1182 2202
f 2201 2202 1182
f 150 2203 2205
f 567 2204 2203
f 566 2205 2204
f 2203 2204 2205
f 304 2202 2199
f 566 2204 2202
f 567 2199 2204
f 2202 2204 2199
f 86 2198 2188
f 565 2206 2198
f 563 2188 2206
f 2198 2206 2188
f 150 2205 2194
f 566 2207 2205
f 565 2194 2207
f 2205 2207 2194
f 80 2191 2201
f 563 2208 2191
f 566 2201 2208
f 2191 2208 2201
f 565 2207 2206
f 566 2208 2207
f 563 2206 2208
f 2207 2208 2206
f 34 2178 2148
f 562 2209 2178
f 554 2148 2209
f 2178 2209 2148
f 149 2210 2181
f 568 2211 2210
f 562 2181 2211
f 2210 2211 2181
f 148 2152 2213
f 554 2212 2152
f 568 2213 2212
f 2152 2212 2213
f 562 2211 2209
f 568 2212 2211
f 554 2209 2212
f 2211 2212 2209
f 23 2200 2170
f 567 2214 2200
f 559 2170 2214
f 2200 2214 2170
f 150 2215 2203
f 569 2216 2215
f 567 2203 2216
f 2215 2216 2203
f 149 2174 2218
f 559 2217 2174
f 569 2218 2217
f 2174 2217 2218
f 567 2216 2214
f 569 2217 2216
f 559 2214 2217
f 2216 2217 2214
f 26 2156 2192
f 557 2219 2156
f 564 2192 2219
f 2156 2219 2192
f 148 2220 2159
f 570 2221 2220
f 557 2159 2221
f 2220 2221 2159
f 150 2196 2223
f 564 2222 2196
f 570 2223 2222
f 2196 2222 2223
f 557 2221 2219
f 570 2222 2221
f 564 2219 2222
f 2221 2222 2219
f 149 2218 2210
f 569 2224 2218
f 568 2210 2224
f 2218 2224 2210
f 150 2223 2215
f 570 2225 2223
f 569 2215 2225
f 2223 2225 2215
f 148 2213 2220
f 568 2226 2213
f 570 2220 2226
f 2213 2226 2220
f 569 2225 2224
f 570 2226 2225
f 568 2224 2226
f 2225 2226 2224
f 3 1805 1395
f 469 2227 1805
f 359 1395 2227
f 1805 2227 1395
f 128 2228 1809
f 571 2229 2228
f 469 1809 2229
f 2228 2229 1809
f 96 1400 2231
f 359 2230 1400
f 571 2231 2230
f 1400 2230 2231
f 469 2229 2227
f 571 2230 2229
f 359 2227 2230
f 2229 2230 2227
f 36 2232 1821
f 572 2233 2232
f 473 1821 2233
f 2232 2233 1821
f 151 2234 2236
f 573 2235 2234
f 572 2236 2235
f 2234 2235 2236
f 128 1826 2238
f 473 2237 1826
f 573 2238 2237
f 1826 2237 2238
f 572 2235 2233
f 573 2237 2235
f 473 2233 2237
f 2235 2237 2233
f 28 1406 2240
f 364 2239 1406
f 575 2240 2239
f 1406 2239 2240
f 96 2241 1410
f 574 2242 2241
f 364 1410 2242
f 2241 2242 1410
f 151 2243 2245
f 575 2244 2243
f 574 2245 2244
f 2243 2244 2245
f 364 2242 2239
f 574 2244 2242
f 575 2239 2244
f 2242 2244 2239
f 128 2238 2228
f 573 2246 2238
f 571 2228 2246
f 2238 2246 2228
f 151 2245 2234
f 574 2247 2245
f 573 2234 2247
f 2245 2247 2234
f 96 2231 2241
f 571 2248 2231
f 574 2241 2248
f 2231 2248 2241
f 573 2247 2246
f 574 2248 2247
f 571 2246 2248
f 2247 2248 2246
f 5 1297 1777
f 335 2249 1297
f 460 1777 2249
f 1297 2249 1777
f 91 2250 1301
f 576 2251 2250
f 335 1301 2251
f 2250 2251 1301
f 124 1781 2253
f 460 2252 1781
f 576 2253 2252
f 1781 2252 2253
f 335 2251 2249
f 576 2252 2251
f 460 2249 2252
f 2251 2252 2249
f 25 2254 1313
f 577 2255 2254
f 339 1313 2255
f 2254 2255 1313
f 152 2256 2258
f 578 2257 2256
f 577 2258 2257
f 2256 2257 2258
f 91 1318 2260
f 339 2259 1318
f 578 2260 2259
f 1318 2259 2260
f 577 2257 2255
f 578 2259 2257
f 339 2255 2259
f 2257 2259 2255
f 36 1786 2262
f 464 2261 1786
f 580 2262 2261
f 1786 2261 2262
f 124 2263 1790
f 579 2264 2263
f 464 1790 2264
f 2263 2264 1790
f 152 2265 2267
f 580 2266 2265
f 579 2267 2266
f 2265 2266 2267
f 464 2264 2261
f 579 2266 2264
f 580 2261 2266
f 2264 2266 2261
f 91 2260 2250
f 578 2268 2260
f 576 2250 2268
f 2260 2268 2250
f 152 2267 2256
f 579 2269 2267
f 578 2256 2269
f 2267 2269 2256
f 124 2253 2263
f 576 2270 2253
f 579 2263 2270
f 2253 2270 2263
f 578 2269 2268
f 579 2270 2269
f 576 2268 2270
f 2269 2270 2268
f 12 1344 1269
f 346 2271 1344
f 326 1269 2271
f 1344 2271 1269
f 93 2272 1347
f 581 2273 2272
f 346 1347 2273
f 2272 2273 1347
f 87 1273 2275
f 326 2274 1273
f 581 2275 2274
f 1273 2274 2275
f 346 2273 2271
f 581 2274 2273
f 326 2271 2274
f 2273 2274 2271
f 28 2276 1357
f 582 2277 2276
f 349 1357 2277
f 2276 2277 1357
f 153 2278 2280
f 583 2279 2278
f 582 2280 2279
f 2278 2279 2280
f 93 1362 2282
f 349 2281 1362
f 583 2282 2281
f 1362 2281 2282
f 582 2279 2277
f 583 2281 2279
f 349 2277 2281
f 2279 2281 2277
f 25 1278 2284
f 330 2283 1278
f 585 2284 2283
f 1278 2283 2284
f 87 2285 1282
f 584 2286 2285
f 330 1282 2286
f 2285 2286 1282
f 153 2287 2289
f 585 2288 2287
f 584 2289 2288
f 2287 2288 2289
f 330 2286 2283
f 584 2288 2286
f 585 2283 2288
f 2286 2288 2283
f 93 2282 2272
f 583 2290 2282
f 581 2272 2290
f 2282 2290 2272
f 153 2289 2278
f 584 2291 2289
f 583 2278 2291
f 2289 2291 2278
f 87 2275 2285
f 581 2292 2275
f 584 2285 2292
f 2275 2292 2285
f 583 2291 2290
f 584 2292 2291
f 581 2290 2292
f 2291 2292 2290
f 36 2262 2232
f 580 2293 2262
f 572 2232 2293
f 2262 2293 2232
f 152 2294 2265
f 586 2295 2294
f 580 2265 2295
f 2294 2295 2265
f 151 2236 2297
f 572 2296 2236
f 586 2297 2296
f 2236 2296 2297
f 580 2295 2293
f 586 2296 2295
f 572 2293 2296
f 2295 2296 2293
f 25 2284 2254
f 585 2298 2284
f 577 2254 2298
f 2284 2298 2254
f 153 2299 2287
f 587 2300 2299
f 585 2287 2300
f 2299 2300 2287
f 152 2258 2302
f 577 2301 2258
f 587 2302 2301
f 2258 2301 2302
f 585 2300 2298
f 587 2301 2300
f 577 2298 2301
f 2300 2301 2298
f 28 2240 2276
f 575 2303 2240
f 582 2276 2303
f 2240 2303 2276
f 151 2304 2243
f 588 2305 2304
f 575 2243 2305
f 2304 2305 2243
f 153 2280 2307
f 582 2306 2280
f 588 2307 2306
f 2280 2306 2307
f 575 2305 2303
f 588 2306 2305
f 582 2303 2306
f 2305 2306 2303
f 152 2302 2294
f 587 2308 2302
f 586 2294 2308
f 2302 2308 2294
f 153 2307 2299
f 588 2309 2307
f 587 2299 2309
f 2307 2309 2299
f 151 2297 2304
f 586 2310 2297
f 588 2304 2310
f 2297 2310 2304
f 587 2309 2308
f 588 2310 2309
f 586 2308 2310
f 2309 2310 2308
f 7 1905 1495
f 495 2311 1905
f 385 1495 2311
f 1905 2311 1495
f 135 2312 1909
f 589 2313 2312
f 495 1909 2313
f 2312 2313 1909
f 103 1500 2315
f 385 2314 1500
f 589 2315 2314
f 1500 2314 2315
f 495 2313 2311
f 589 2314 2313
f 385 2311 2314
f 2313 2314 2311
f 38 2316 1921
f 590 2317 2316
f 499 1921 2317
f 2316 2317 1921
f 154 2318 2320
f 591 2319 2318
f 590 2320 2319
f 2318 2319 2320
f 135 1926 2322
f 499 2321 1926
f 591 2322 2321
f 1926 2321 2322
f 590 2319 2317
f 591 2321 2319
f 499 2317 2321
f 2319 2321 2317
f 30 1506 2324
f 390 2323 1506
f 593 2324 2323
f 1506 2323 2324
f 103 2325 1510
f 592 2326 2325
f 390 1510 2326
f 2325 2326 1510
f 154 2327 2329
f 593 2328 2327
f 592 2329 2328
f 2327 2328 2329
f 390 2326 2323
f 592 2328 2326
f 593 2323 2328
f 2326 2328 2323
f 135 2322 2312
f 591 2330 2322
f 589 2312 2330
f 2322 2330 2312
f 154 2329 2318
f 592 2331 2329
f 591 2318 2331
f 2329 2331 2318
f 103 2315 2325
f 589 2332 2315
f 592 2325 2332
f 2315 2332 2325
f 591 2331 2330
f 592 2332 2331
f 589 2330 2332
f 2331 2332 2330
f 3 1397 1877
f 361 2333 1397
f 486 1877 2333
f 1397 2333 1877
f 98 2334 1401
f 594 2335 2334
f 361 1401 2335
f 2334 2335 1401
f 131 1881 2337
f 486 2336 1881
f 594 2337 2336
f 1881 2336 2337
f 361 2335 2333
f 594 2336 2335
f 486 2333 2336
f 2335 2336 2333
f 27 2338 1413
f 595 2339 2338
f 365 1413 2339
f 2338 2339 1413
f 155 2340 2342
f 596 2341 2340
f 595 2342 2341
f 2340 2341 2342
f 98 1418 2344
f 365 2343 1418
f 596 2344 2343
f 1418 2343 2344
f 595 2341 2339
f 596 2343 2341
f 365 2339 2343
f 2341 2343 2339
f 38 1886 2346
f 490 2345 1886
f 598 2346 2345
f 1886 2345 2346
f 131 2347 1890
f 597 2348 2347
f 490 1890 2348
f 2347 2348 1890
f 155 2349 2351
f 598 2350 2349
f 597 2351 2350
f 2349 2350 2351
f 490 2348 2345
f 597 2350 2348
f 598 2345 2350
f 2348 2350 2345
f 98 2344 2334
f 596 2352 2344
f 594 2334 2352
f 2344 2352 2334
f 155 2351 2340
f 597 2353 2351
f 596 2340 2353
f 2351 2353 2340
f 131 2337 2347
f 594 2354 2337
f 597 2347 2354
f 2337 2354 2347
f 596 2353 2352
f 597 2354 2353
f 594 2352 2354
f 2353 2354 2352
f 11 1444 1369
f 372 2355 1444
f 352 1369 2355
f 1444 2355 1369
f 100 2356 1447
f 599 2357 2356
f 372 1447 2357
f 2356 2357 1447
f 94 1373 2359
f 352 2358 1373
f 599 2359 2358
f 1373 2358 2359
f 372 2357 2355
f 599 2358 2357
f 352 2355 2358
f 2357 2358 2355
f 30 2360 1457
f 600 2361 2360
f 375 1457 2361
f 2360 2361 1457
f 156 2362 2364
f 601 2363 2362
f 600 2364 2363
f 2362 2363 2364
f 100 1462 2366
f 375 2365 1462
f 601 2366 2365
f 1462 2365 2366
f 600 2363 2361
f 601 2365 2363
f 375 2361 2365
f 2363 2365 2361
f 27 1378 2368
f 356 2367 1378
f 603 2368 2367
f 1378 2367 2368
f 94 2369 1382
f 602 2370 2369
f 356 1382 2370
f 2369 2370 1382
f 156 2371 2373
f 603 2372 2371
f 602 2373 2372
f 2371 2372 2373
f 356 2370 2367
f 602 2372 2370
f 603 2367 2372
f 2370 2372 2367
f 100 2366 2356
f 601 2374 2366
f 599 2356 2374
f 2366 2374 2356
f 156 2373 2362
f 602 2375 2373
f 601 2362 2375
f 2373 2375 2362
f 94 2359 2369
f 599 2376 2359
f 602 2369 2376
f 2359 2376 2369
f 601 2375 2374
f 602 2376 2375
f 599 2374 2376
f 2375 2376 2374
f 38 2346 2316
f 598 2377 2346
f 590 2316 2377
f 2346 2377 2316
f 155 2378 2349
f 604 2379 2378
f 598 2349 2379
f 2378 2379 2349
f 154 2320 2381
f 590 2380 2320
f 604 2381 2380
f 2320 2380 2381
f 598 2379 2377
f 604 2380 2379
f 590 2377 2380
f 2379 2380 2377
f 27 2368 2338
f 603 2382 2368
f 595 2338 2382
f 2368 2382 2338
f 156 2383 2371
f 605 2384 2383
f 603 2371 2384
f 2383 2384 2371
f 155 2342 2386
f 595 2385 2342
f 605 2386 2385
f 2342 2385 2386
f 603 2384 2382
f 605 2385 2384
f 595 2382 2385
f 2384 2385 2382
f 30 2324 2360
f 593 2387 2324
f 600 2360 2387
f 2324 2387 2360
f 154 2388 2327
f 606 2389 2388
f 593 2327 2389
f 2388 2389 2327
f 156 2364 2391
f 600 2390 2364
f 606 2391 2390
f 2364 2390 2391
f 593 2389 2387
f 606 2390 2389
f 600 2387 2390
f 2389 2390 2387
f 155 2386 2378
f 605 2392 2386
f 604 2378 2392
f 2386 2392 2378
f 156 2391 2383
f 606 2393 2391
f 605 2383 2393
f 2391 2393 2383
f 154 2381 2388
f 604 2394 2381
f 606 2388 2394
f 2381 2394 2388
f 605 2393 2392
f 606 2394 2393
f 604 2392 2394
f 2393 2394 2392
f 9 2005 1595
f 521 2395 2005
f 411 1595 2395
f 2005 2395 1595
f 142 2396 2009
f 607 2397 2396
f 521 2009 2397
f 2396 2397 2009
f 110 1600 2399
f 411 2398 1600
f 607 2399 2398
f 1600 2398 2399
f 521 2397 2395
f 607 2398 2397
f 411 2395 2398
f 2397 2398 2395
f 40 2400 2021
f 608 2401 2400
f 525 2021 2401
f 2400 2401 2021
f 157 2402 2404
f 609 2403 2402
f 608 2404 2403
f 2402 2403 2404
f 142 2026 2406
f 525 2405 2026
f 609 2406 2405
f 2026 2405 2406
f 608 2403 2401
f 609 2405 2403
f 525 2401 2405
f 2403 2405 2401
f 32 1606 2408
f 416 2407 1606
f 611 2408 2407
f 1606 2407 2408
f 110 2409 1610
f 610 2410 2409
f 416 1610 2410
f 2409 2410 1610
f 157 2411 2413
f 611 2412 2411
f 610 2413 2412
f 2411 2412 2413
f 416 2410 2407
f 610 2412 2410
f 611 2407 2412
f 2410 2412 2407
f 142 2406 2396
f 609 2414 2406
f 607 2396 2414
f 2406 2414 2396
f 157 2413 2402
f 610 2415 2413
f 609 2402 2415
f 2413 2415 2402
f 110 2399 2409
f 607 2416 2399
f 610 2409 2416
f 2399 2416 2409
f 609 2415 2414
f 610 2416 2415
f 607 2414 2416
f 2415 2416 2414
f 7 1497 1977
f 387 2417 1497
f 512 1977 2417
f 1497 2417 1977
f 105 2418 1501
f 612 2419 2418
f 387 1501 2419
f 2418 2419 1501
f 138 1981 2421
f 512 2420 1981
f 612 2421 2420
f 1981 2420 2421
f 387 2419 2417
f 612 2420 2419
f 512 2417 2420
f 2419 2420 2417
f 29 2422 1513
f 613 2423 2422
f 391 1513 2423
f 2422 2423 1513
f 158 2424 2426
f 614 2425 2424
f 613 2426 2425
f 2424 2425 2426
f 105 1518 2428
f 391 2427 1518
f 614 2428 2427
f 1518 2427 2428
f 613 2425 2423
f 614 2427 2425
f 391 2423 2427
f 2425 2427 2423
f 40 1986 2430
f 516 2429 1986
f 616 2430 2429
f 1986 2429 2430
f 138 2431 1990
f 615 2432 2431
f 516 1990 2432
f 2431 2432 1990
f 158 2433 2435
f 616 2434 2433
f 615 2435 2434
f 2433 2434 2435
f 516 2432 2429
f 615 2434 2432
f 616 2429 2434
f 2432 2434 2429
f 105 2428 2418
f 614 2436 2428
f 612 2418 2436
f 2428 2436 2418
f 158 2435 2424
f 615 2437 2435
f 614 2424 2437
f 2435 2437 2424
f 138 2421 2431
f 612 2438 2421
f 615 2431 2438
f 2421 2438 2431
f 614 2437 2436
f 615 2438 2437
f 612 2436 2438
f 2437 2438 2436
f 8 1544 1469
f 398 2439 1544
f 378 1469 2439
f 1544 2439 1469
f 107 2440 1547
f 617 2441 2440
f 398 1547 2441
f 2440 2441 1547
f 101 1473 2443
f 378 2442 1473
f 617 2443 2442
f 1473 2442 2443
f 398 2441 2439
f 617 2442 2441
f 378 2439 2442
f 2441 2442 2439
f 32 2444 1557
f 618 2445 2444
f 401 1557 2445
f 2444 2445 1557
f 159 2446 2448
f 619 2447 2446
f 618 2448 2447
f 2446 2447 2448
f 107 1562 2450
f 401 2449 1562
f 619 2450 2449
f 1562 2449 2450
f 618 2447 2445
f 619 2449 2447
f 401 2445 2449
f 2447 2449 2445
f 29 1478 2452
f 382 2451 1478
f 621 2452 2451
f 1478 2451 2452
f 101 2453 1482
f 620 2454 2453
f 382 1482 2454
f 2453 2454 1482
f 159 2455 2457
f 621 2456 2455
f 620 2457 2456
f 2455 2456 2457
f 382 2454 2451
f 620 2456 2454
f 621 2451 2456
f 2454 2456 2451
f 107 2450 2440
f 619 2458 2450
f 617 2440 2458
f 2450 2458 2440
f 159 2457 2446
f 620 2459 2457
f 619 2446 2459
f 2457 2459 2446
f 101 2443 2453
f 617 2460 2443
f 620 2453 2460
f 2443 2460 2453
f 619 2459 2458
f 620 2460 2459
f 617 2458 2460
f 2459 2460 2458
f 40 2430 2400
f 616 2461 2430
f 608 2400 2461
f 2430 2461 2400
f 158 2462 2433
f 622 2463 2462
f 616 2433 2463
f 2462 2463 2433
f 157 2404 2465
f 608 2464 2404
f 622 2465 2464
f 2404 2464 2465
f 616 2463 2461
f 622 2464 2463
f 608 2461 2464
f 2463 2464 2461
f 29 2452 2422
f 621 2466 2452
f 613 2422 2466
f 2452 2466 2422
f 159 2467 2455
f 623 2468 2467
f 621 2455 2468
f 2467 2468 2455
f 158 2426 2470
f 613 2469 2426
f 623 2470 2469
f 2426 2469 2470
f 621 2468 2466
f 623 2469 2468
f 613 2466 2469
f 2468 2469 2466
f 32 2408 2444
f 611 2471 2408
f 618 2444 2471
f 2408 2471 2444
f 157 2472 2411
f 624 2473 2472
f 611 2411 2473
f 2472 2473 2411
f 159 2448 2475
f 618 2474 2448
f 624 2475 2474
f 2448 2474 2475
f 611 2473 2471
f 624 2474 2473
f 618 2471 2474
f 2473 2474 2471
f 158 2470 2462
f 623 2476 2470
f 622 2462 2476
f 2470 2476 2462
f 159 2475 2467
f 624 2477 2475
f 623 2467 2477
f 2475 2477 2467
f 157 2465 2472
f 622 2478 2465
f 624 2472 2478
f 2465 2478 2472
f 623 2477 2476
f 624 2478 2477
f 622 2476 2478
f 2477 2478 2476
f 10 2100 1195
f 544 2479 2100
f 307 1195 2479
f 2100 2479 1195
f 147 2480 2103
f 625 2481 2480
f 544 2103 2481
f 2480 2481 2103
f 82 1200 2483
f 307 2482 1200
f 625 2483 2482
f 1200 2482 2483
f 544 2481 2479
f 625 2482 2481
f 307 2479 2482
f 2481 2482 2479
f 42 2484 2113
f 626 2485 2484
f 547 2113 2485
f 2484 2485 2113
f 160 2486 2488
f 627 2487 2486
f 626 2488 2487
f 2486 2487 2488
f 147 2118 2490
f 547 2489 2118
f 627 2490 2489
f 2118 2489 2490
f 626 2487 2485
f 627 2489 2487
f 547 2485 2489
f 2487 2489 2485
f 24 1206 2492
f 312 2491 1206
f 629 2492 2491
f 1206 2491 2492
f 82 2493 1210
f 628 2494 2493
f 312 1210 2494
f 2493 2494 1210
f 160 2495 2497
f 629 2496 2495
f 628 2497 2496
f 2495 2496 2497
f 312 2494 2491
f 628 2496 2494
f 629 2491 2496
f 2494 2496 2491
f 147 2490 2480
f 627 2498 2490
f 625 2480 2498
f 2490 2498 2480
f 160 2497 2486
f 628 2499 2497
f 627 2486 2499
f 2497 2499 2486
f 82 2483 2493
f 625 2500 2483
f 628 2493 2500
f 2483 2500 2493
f 627 2499 2498
f 628 2500 2499
f 625 2498 2500
f 2499 2500 2498
f 9 1597 2073
f 413 2501 1597
f 536 2073 2501
f 1597 2501 2073
f 112 2502 1601
f 630 2503 2502
f 413 1601 2503
f 2502 2503 1601
f 144 2077 2505
f 536 2504 2077
f 630 2505 2504
f 2077 2504 2505
f 413 2503 2501
f 630 2504 2503
f 536 2501 2504
f 2503 2504 2501
f 31 2506 1613
f 631 2507 2506
f 417 1613 2507
f 2506 2507 1613
f 161 2508 2510
f 632 2509 2508
f 631 2510 2509
f 2508 2509 2510
f 112 1618 2512
f 417 2511 1618
f 632 2512 2511
f 1618 2511 2512
f 631 2509 2507
f 632 2511 2509
f 417 2507 2511
f 2509 2511 2507
f 42 2082 2514
f 540 2513 2082
f 634 2514 2513
f 2082 2513 2514
f 144 2515 2086
f 633 2516 2515
f 540 2086 2516
f 2515 2516 2086
f 161 2517 2519
f 634 2518 2517
f 633 2519 2518
f 2517 2518 2519
f 540 2516 2513
f 633 2518 2516
f 634 2513 2518
f 2516 2518 2513
f 112 2512 2502
f 632 2520 2512
f 630 2502 2520
f 2512 2520 2502
f 161 2519 2508
f 633 2521 2519
f 632 2508 2521
f 2519 2521 2508
f 144 2505 2515
f 630 2522 2505
f 633 2515 2522
f 2505 2522 2515
f 632 2521 2520
f 633 2522 2521
f 630 2520 2522
f 2521 2522 2520
f 2 1144 1569
f 294 2523 1144
f 404 1569 2523
f 1144 2523 1569
f 79 2524 1147
f 635 2525 2524
f 294 1147 2525
f 2524 2525 1147
f 108 1573 2527
f 404 2526 1573
f 635 2527 2526
f 1573 2526 2527
f 294 2525 2523
f 635 2526 2525
f 404 2523 2526
f 2525 2526 2523
f 24 2528 1157
f 636 2529 2528
f 297 1157 2529
f 2528 2529 1157
f 162 2530 2532
f 637 2531 2530
f 636 2532 2531
f 2530 2531 2532
f 79 1162 2534
f 297 2533 1162
f 637 2534 2533
f 1162 2533 2534
f 636 2531 2529
f 637 2533 2531
f 297 2529 2533
f 2531 2533 2529
f 31 1578 2536
f 408 2535 1578
f 639 2536 2535
f 1578 2535 2536
f 108 2537 1582
f 638 2538 2537
f 408 1582 2538
f 2537 2538 1582
f 162 2539 2541
f 639 2540 2539
f 638 2541 2540
f 2539 2540 2541
f 408 2538 2535
f 638 2540 2538
f 639 2535 2540
f 2538 2540 2535
f 79 2534 2524
f 637 2542 2534
f 635 2524 2542
f 2534 2542 2524
f 162 2541 2530
f 638 2543 2541
f 637 2530 2543
f 2541 2543 2530
f 108 2527 2537
f 635 2544 2527
f 638 2537 2544
f 2527 2544 2537
f 637 2543 2542
f 638 2544 2543
f 635 2542 2544
f 2543 2544 2542
f 42 2514 2484
f 634 2545 2514
f 626 2484 2545
f 2514 2545 2484
f 161 2546 2517
f 640 2547 2546
f 634 2517 2547
f 2546 2547 2517
f 160 2488 2549
f 626 2548 2488
f 640 2549 2548
f 2488 2548 2549
f 634 2547 2545
f 640 2548 2547
f 626 2545 2548
f 2547 2548 2545
f 31 2536 2506
f 639 2550 2536
f 631 2506 2550
f 2536 2550 2506
f 162 2551 2539
f 641 2552 2551
f 639 2539 2552
f 2551 2552 2539
f 161 2510 2554
f 631 2553 2510
f 641 2554 2553
f 2510 2553 2554
f 639 2552 2550
f 641 2553 2552
f 631 2550 2553
f 2552 2553 2550
f 24 2492 2528
f 629 2555 2492
f 636 2528 2555
f 2492 2555 2528
f 160 2556 2495
f 642 2557 2556
f 629 2495 2557
f 2556 2557 2495
f 162 2532 2559
f 636 2558 2532
f 642 2559 2558
f 2532 2558 2559
f 629 2557 2555
f 642 2558 2557
f 636 2555 2558
f 2557 2558 2555
f 161 2554 2546
f 641 2560 2554
f 640 2546 2560
f 2554 2560 2546
f 162 2559 2551
f 642 2561 2559
f 641 2551 2561
f 2559 2561 2551
f 160 2549 2556
f 640 2562 2549
f 642 2556 2562
f 2549 2562 2556
f 641 2561 2560
f 642 2562 2561
f 640 2560 2562
f 2561 2562 2560
