# regolith_gen synthetic particle
# verts: 2562  tris: 5120
v -0.516089 0.835050 0.000000
v 0.511997 0.828429 0.000000
v -0.521146 -0.843232 0.000000
v 0.530118 -0.857748 0.000000
v 0.000000 -0.523912 0.847707
v 0.000000 0.546740 0.884644
v 0.000000 -0.519947 -0.841292
v 0.000000 0.552864 -0.894553
v 0.800287 0.000000 -0.494604
v 0.865891 0.000000 0.535150
v -0.833457 0.000000 -0.515105
v -0.848865 0.000000 0.524627
v -0.774690 0.478785 0.295905
v -0.485803 0.300243 0.786046
v -0.318189 0.833028 0.514840
v 0.305921 0.800912 0.494991
v 0.000000 1.038022 0.000000
v 0.311782 0.816256 -0.504474
v -0.292651 0.766170 -0.473519
v -0.471148 0.291186 -0.762334
v -0.840905 0.519708 -0.321197
v -0.986180 0.000000 0.000000
v 0.509089 0.314635 0.823724
v 0.833477 0.515117 0.318360
v -0.515203 -0.318413 0.833616
v 0.000000 0.000000 0.984484
v -0.782230 -0.483445 -0.298785
v -0.849642 -0.525108 0.324534
v 0.000000 0.000000 -0.971540
v -0.495502 -0.306237 -0.801739
v 0.785438 0.485427 -0.300011
v 0.509911 0.315143 -0.825054
v 0.839722 -0.518977 0.320745
v 0.472206 -0.291839 0.764045
v 0.313159 -0.819861 0.506702
v -0.303998 -0.795878 0.491879
v 0.000000 -1.015429 0.000000
v -0.335614 -0.878650 -0.543035
v 0.314169 -0.822506 -0.508337
v 0.520474 -0.321670 -0.842144
v 0.770565 -0.476236 -0.294330
v 0.999178 0.000000 0.000000
v -0.721417 0.730013 0.167020
v -0.596404 0.698282 0.431562
v -0.430199 0.855333 0.257682
v -0.699648 0.160073 0.691410
v -0.693214 0.428430 0.592075
v -0.827350 0.249252 0.416125
v -0.165112 0.713175 0.721672
v -0.438302 0.605719 0.709188
v -0.267540 0.446657 0.888054
v -0.165121 0.966633 0.267171
v -0.271416 0.955425 0.000000
v 0.161158 0.696093 0.704387
v 0.000000 0.845779 0.522720
v 0.276561 0.973537 0.000000
v 0.166404 0.974144 0.269247
v 0.456463 0.907552 0.273414
v -0.163071 0.954634 -0.263854
v -0.418044 0.831166 -0.250401
v 0.430403 0.855739 -0.257804
v 0.161009 0.942561 -0.260517
v -0.159055 0.687011 -0.695196
v 0.000000 0.847043 -0.523501
v 0.163025 0.704159 -0.712549
v -0.571380 0.668983 -0.413454
v -0.705327 0.713731 -0.163295
v -0.264912 0.442270 -0.879333
v -0.402937 0.556846 -0.651966
v -0.861899 0.259660 -0.433501
v -0.661571 0.408873 -0.565049
v -0.671942 0.153734 -0.664030
v -0.852714 0.527006 0.000000
v -0.962547 0.000000 -0.273439
v -0.973304 0.269015 -0.166260
v -0.945171 0.261239 0.161454
v -0.947835 0.000000 0.269260
v 0.604995 0.708340 0.437778
v 0.691775 0.700017 0.160158
v 0.260925 0.435613 0.866097
v 0.424149 0.586159 0.686287
v 0.863653 0.260188 0.434384
v 0.690718 0.426887 0.589944
v 0.700509 0.160270 0.692261
v -0.250822 0.155016 0.907482
v 0.000000 0.273756 0.963661
v -0.713002 -0.163129 0.704607
v -0.530505 0.000000 0.858376
v 0.000000 -0.275833 0.970974
v -0.255888 -0.158148 0.925813
v -0.253627 -0.423429 0.841873
v -0.960500 -0.265476 0.164073
v -0.871991 -0.262700 0.438577
v -0.833401 -0.251075 -0.419168
v -0.921962 -0.254824 -0.157490
v -0.706847 -0.715269 0.163647
v -0.850921 -0.525898 0.000000
v -0.696854 -0.705156 -0.161334
v -0.485428 0.000000 -0.785439
v -0.682656 -0.156186 -0.674619
v 0.000000 0.273129 -0.961452
v -0.258451 0.159732 -0.935086
v -0.261579 -0.436706 -0.868270
v -0.245574 -0.151773 -0.888494
v 0.000000 -0.258334 -0.909372
v 0.441710 0.610429 -0.714702
v 0.272537 0.455000 -0.904643
v 0.659897 0.667760 -0.152777
v 0.589012 0.689627 -0.426213
v 0.693685 0.158709 -0.685517
v 0.691554 0.427404 -0.590658
v 0.822773 0.247873 -0.413823
v 0.708324 -0.716764 0.163989
v 0.600919 -0.703568 0.434829
v 0.453846 -0.902349 0.271846
v 0.681944 -0.156023 0.673915
v 0.672449 -0.415596 0.574340
v 0.888109 -0.267556 0.446684
v 0.160665 -0.693965 0.702234
v 0.424176 -0.586197 0.686331
v 0.253609 -0.423400 0.841814
v 0.164685 -0.964085 0.266467
v 0.284506 -1.001502 0.000000
v -0.157398 -0.679854 0.687954
v 0.000000 -0.814273 0.503248
v -0.270583 -0.952491 0.000000
v -0.156918 -0.918612 0.253898
v -0.422957 -0.840935 0.253344
v 0.170851 -1.000177 -0.276442
v 0.416940 -0.828972 -0.249740
v -0.432069 -0.859051 -0.258802
v -0.164761 -0.964526 -0.266588
v 0.166935 -0.721050 -0.729641
v 0.000000 -0.900936 -0.556809
v -0.167274 -0.722513 -0.731121
v 0.540577 -0.632919 -0.391166
v 0.667433 -0.675385 -0.154522
v 0.266195 -0.444411 -0.883590
v 0.414259 -0.572492 -0.670285
v 0.854767 -0.257512 -0.429915
v 0.681518 -0.421201 -0.582086
v 0.682722 -0.156201 -0.674683
v 0.845779 -0.522720 0.000000
v 0.957253 0.000000 -0.271935
v 0.951070 -0.262869 -0.162462
v 0.978572 -0.270471 0.167160
v 0.981139 0.000000 0.278721
v 0.256791 -0.158706 0.929080
v 0.529992 0.000000 0.857545
v 0.259325 0.160272 0.938248
v -0.612835 -0.717520 0.443452
v -0.436018 -0.602562 0.705492
v -0.699605 -0.432380 0.597534
v -0.431379 -0.596151 -0.697986
v -0.573659 -0.671652 -0.415104
v -0.683646 -0.422516 -0.583903
v 0.505905 0.000000 -0.818571
v 0.257739 -0.159291 -0.932508
v 0.277356 0.171415 -1.003483
v 0.963243 0.266234 0.164541
v 0.899152 0.248520 -0.153594
v 0.812599 0.502214 0.000000
v -0.620539 0.790078 0.081731
v -0.568717 0.789132 0.212078
v -0.473268 0.844980 0.128174
v -0.713971 0.607340 0.375357
v -0.646913 0.701768 0.295776
v -0.778992 0.623095 0.243443
v -0.381621 0.858723 0.390346
v -0.505636 0.767535 0.339121
v -0.461512 0.770493 0.476191
v -0.778662 0.080550 0.611573
v -0.769339 0.206758 0.554452
v -0.860905 0.130590 0.482188
v -0.612344 0.378449 0.719853
v -0.700058 0.295055 0.645336
v -0.603627 0.235837 0.754653
v -0.809740 0.368081 0.359853
v -0.754908 0.333542 0.497318
v -0.741501 0.458273 0.444147
v -0.084564 0.642043 0.817457
v -0.221072 0.592836 0.822599
v -0.135356 0.499786 0.892325
v -0.386116 0.734436 0.624749
v -0.307577 0.672722 0.729766
v -0.249404 0.798069 0.638353
v -0.376232 0.367822 0.827672
v -0.358595 0.534673 0.811612
v -0.476590 0.461899 0.771139
v -0.668990 0.583813 0.531170
v -0.587653 0.534665 0.673391
v -0.541384 0.681853 0.595038
v -0.361038 0.931552 0.132688
v -0.396825 0.900229 0.000000
v -0.247836 0.925197 0.401007
v -0.306186 0.931230 0.268402
v -0.140577 1.009285 0.000000
v -0.222663 0.977572 0.134329
v -0.082162 0.986722 0.132941
v 0.084104 0.638552 0.813012
v 0.000000 0.728434 0.737113
v 0.151679 0.814636 0.503472
v 0.080222 0.771363 0.613211
v 0.232773 0.744849 0.595784
v -0.083515 0.803022 0.638379
v -0.161268 0.866140 0.535304
v 0.408034 0.925658 0.000000
v 0.373891 0.964716 0.137411
v 0.503742 0.899389 0.136428
v 0.084778 1.018134 0.137173
v 0.233592 1.025554 0.140922
v 0.143046 1.027009 0.000000
v 0.380824 0.856930 0.389531
v 0.315396 0.959241 0.276475
v 0.238292 0.889568 0.385564
v -0.080993 0.898229 0.393150
v 0.080556 0.893379 0.391027
v 0.000000 0.971514 0.268520
v -0.348391 0.898921 -0.128040
v -0.476159 0.850141 -0.128957
v -0.084348 1.012978 -0.136478
v -0.219910 0.965483 -0.132667
v -0.355314 0.799527 -0.363438
v -0.287158 0.873357 -0.251722
v -0.229159 0.855476 -0.370787
v 0.469100 0.837538 -0.127045
v 0.351827 0.907786 -0.129303
v 0.239590 0.894415 -0.387665
v 0.299522 0.910961 -0.262560
v 0.380461 0.856114 -0.389161
v 0.221438 0.972191 -0.133589
v 0.083812 1.006538 -0.135611
v -0.084226 0.639483 -0.814198
v 0.000000 0.702973 -0.711348
v 0.084402 0.640817 -0.815895
v -0.150345 0.807474 -0.499046
v -0.079771 0.767028 -0.609765
v -0.231006 0.739197 -0.591264
v 0.238045 0.761719 -0.609278
v 0.080195 0.771101 -0.613003
v 0.157625 0.846574 -0.523211
v 0.000000 0.973398 -0.269040
v 0.082671 0.916834 -0.401293
v -0.082078 0.910264 -0.398417
v -0.568801 0.789249 -0.212109
v -0.620511 0.790043 -0.081728
v -0.436780 0.729203 -0.450672
v -0.498173 0.756206 -0.334115
v -0.781130 0.624805 -0.244111
v -0.645761 0.700519 -0.295250
v -0.707796 0.602087 -0.372110
v -0.139799 0.516190 -0.921614
v -0.221339 0.593553 -0.823594
v -0.441047 0.427452 -0.713629
v -0.340313 0.507414 -0.770234
v -0.371641 0.363334 -0.817573
v -0.298988 0.653937 -0.709388
v -0.359029 0.682914 -0.580921
v -0.826721 0.125405 -0.463041
v -0.765713 0.205784 -0.551839
v -0.769463 0.079599 -0.604348
v -0.747829 0.462184 -0.447937
v -0.765404 0.338179 -0.504232
v -0.848303 0.385610 -0.376990
v -0.580737 0.226893 -0.726036
v -0.657122 0.276959 -0.605756
v -0.567061 0.350463 -0.666620
v -0.485570 0.611557 -0.533693
v -0.527494 0.479930 -0.604455
v -0.620504 0.541500 -0.492673
v -0.722267 0.730872 0.000000
v -0.873307 0.539734 -0.162603
v -0.806966 0.641514 -0.083925
v -0.798914 0.635113 0.083088
v -0.830689 0.513394 0.154668
v -0.907295 0.000000 -0.399940
v -0.923005 0.131470 -0.357725
v -0.991923 0.133642 -0.082595
v -0.980509 0.134732 -0.223332
v -0.987159 0.000000 -0.137495
v -0.945319 0.272463 -0.310819
v -0.902913 0.391348 -0.241866
v -0.911621 0.129849 0.353313
v -0.900303 0.000000 0.396858
v -0.884139 0.383211 0.236837
v -0.909514 0.262143 0.299046
v -0.976051 0.000000 0.135948
v -0.963360 0.132376 0.219426
v -0.967000 0.130284 0.080520
v -0.912928 0.399583 -0.082319
v -0.956716 0.264430 0.000000
v -0.899103 0.393532 0.081072
v 0.598649 0.830664 0.223239
v 0.609762 0.776357 0.080312
v 0.451265 0.753385 0.465618
v 0.537690 0.816191 0.360618
v 0.767274 0.613722 0.239781
v 0.674323 0.731503 0.308308
v 0.727993 0.619268 0.382729
v 0.134864 0.497968 0.889080
v 0.210408 0.564240 0.782920
v 0.466044 0.451678 0.754076
v 0.340626 0.507881 0.770943
v 0.383690 0.375113 0.844078
v 0.290689 0.635786 0.689699
v 0.369467 0.702768 0.597811
v 0.876409 0.132942 0.490871
v 0.800387 0.215102 0.576828
v 0.782314 0.080928 0.614441
v 0.775612 0.479354 0.464578
v 0.783166 0.346027 0.515933
v 0.856186 0.389194 0.380494
v 0.605825 0.236696 0.757402
v 0.698297 0.294313 0.643713
v 0.596319 0.368545 0.701015
v 0.523486 0.659312 0.575367
v 0.558879 0.508485 0.640418
v 0.648080 0.565565 0.514568
v -0.132687 0.361035 0.931544
v 0.000000 0.409741 0.929529
v -0.376352 0.232599 0.868315
v -0.262912 0.299924 0.912184
v 0.000000 0.136356 0.978979
v -0.130340 0.216052 0.948544
v -0.129302 0.079913 0.959715
v -0.806814 -0.083463 0.633683
v -0.719489 0.000000 0.711017
v -0.518569 -0.156227 0.839062
v -0.622846 -0.081483 0.783484
v -0.610429 -0.238494 0.763158
v -0.624910 0.081753 0.786080
v -0.518327 0.156154 0.838671
v 0.000000 -0.419081 0.950719
v -0.133456 -0.363128 0.936946
v -0.130150 -0.480565 0.858008
v -0.130769 -0.080819 0.970598
v -0.132914 -0.220318 0.967274
v 0.000000 -0.136777 0.982001
v -0.386934 -0.378285 0.851216
v -0.262795 -0.299790 0.911776
v -0.387332 -0.239384 0.893647
v -0.389988 0.080342 0.891006
v -0.393308 -0.081026 0.898591
v -0.258458 0.000000 0.935112
v -0.912080 -0.129914 0.353491
v -0.862625 -0.130851 0.483151
v -0.999247 -0.134628 0.083205
v -0.963781 -0.132434 0.219522
v -0.848016 -0.385480 0.376863
v -0.919423 -0.264999 0.302304
v -0.895907 -0.388311 0.239990
v -0.850364 -0.128991 -0.476283
v -0.907280 -0.129230 -0.351630
v -0.862014 -0.373621 -0.230911
v -0.881666 -0.254117 -0.289890
v -0.804839 -0.365853 -0.357674
v -0.956834 -0.131479 -0.217940
v -0.979871 -0.132018 -0.081592
v -0.625285 -0.796120 0.082356
v -0.706711 -0.715131 0.000000
v -0.625333 -0.796182 -0.082363
v -0.866030 -0.535236 0.161248
v -0.810097 -0.644004 0.084251
v -0.797843 -0.638173 0.249334
v -0.758337 -0.606573 -0.236988
v -0.790017 -0.628040 -0.082162
v -0.828265 -0.511896 -0.154216
v -0.964996 -0.266718 0.000000
v -0.892318 -0.390562 -0.080460
v -0.922806 -0.403907 0.083209
v -0.696773 0.000000 -0.688569
v -0.776115 -0.080287 -0.609572
v -0.492750 0.148448 -0.797285
v -0.590593 0.077263 -0.742912
v -0.596683 -0.233124 -0.745973
v -0.597584 -0.078178 -0.751705
v -0.496457 -0.149565 -0.803284
v 0.000000 0.414805 -0.941019
v -0.135731 0.369318 -0.952916
v -0.128095 0.079167 -0.950755
v -0.130550 0.216400 -0.950075
v 0.000000 0.134998 -0.969225
v -0.261489 0.298300 -0.907244
v -0.368800 0.227931 -0.850891
v -0.127661 -0.471371 -0.841594
v -0.125193 -0.340644 -0.878931
v 0.000000 -0.384954 -0.873298
v -0.361928 -0.223684 -0.835035
v -0.254639 -0.290486 -0.883480
v -0.382195 -0.373651 -0.840790
v 0.000000 -0.132144 -0.948739
v -0.125466 -0.207973 -0.913075
v -0.126962 -0.078467 -0.942347
v -0.376659 0.077596 -0.860554
v -0.248739 0.000000 -0.899948
v -0.368867 -0.075991 -0.842750
v 0.221939 0.595163 -0.825827
v 0.138117 0.509981 -0.910528
v 0.383075 0.728652 -0.619828
v 0.306063 0.669412 -0.726176
v 0.396893 0.388021 -0.873125
v 0.359916 0.536642 -0.814601
v 0.476472 0.461785 -0.770948
v 0.590367 0.751663 -0.077757
v 0.558876 0.775477 -0.208408
v 0.701597 0.596814 -0.368851
v 0.642843 0.697354 -0.293916
v 0.731134 0.584814 -0.228486
v 0.514079 0.780352 -0.344783
v 0.453981 0.757920 -0.468421
v 0.744081 0.076973 -0.584412
v 0.761265 0.204588 -0.548633
v 0.809120 0.122735 -0.453183
v 0.598886 0.370132 -0.704033
v 0.704816 0.297061 -0.649722
v 0.601724 0.235093 -0.752275
v 0.813817 0.369934 -0.361664
v 0.762143 0.336738 -0.502084
v 0.742299 0.458766 -0.444625
v 0.533741 0.672227 -0.586638
v 0.647953 0.565455 -0.514468
v 0.587382 0.534418 -0.673080
v 0.625509 -0.796406 0.082386
v 0.597271 -0.828752 0.222726
v 0.500155 -0.892984 0.135456
v 0.751218 -0.639024 0.394939
v 0.668740 -0.725446 0.305756
v 0.796988 -0.637489 0.249067
v 0.386133 -0.868876 0.394962
v 0.538180 -0.816935 0.360947
v 0.466224 -0.778360 0.481053
v 0.785409 -0.081248 0.616872
v 0.779243 -0.209420 0.561590
v 0.890384 -0.135062 0.498699
v 0.580848 -0.358984 0.682828
v 0.665134 -0.280336 0.613142
v 0.569395 -0.222463 0.711857
v 0.879896 -0.399971 0.391030
v 0.790709 -0.349360 0.520903
v 0.779293 -0.481630 0.466783
v 0.080167 -0.608662 0.774956
v 0.210712 -0.565055 0.784051
v 0.130779 -0.482884 0.862149
v 0.377729 -0.718484 0.611179
v 0.293883 -0.642772 0.697277
v 0.235027 -0.752063 0.601554
v 0.371197 -0.362900 0.816597
v 0.340017 -0.506972 0.769563
v 0.456758 -0.442678 0.739050
v 0.663707 -0.579203 0.526976
v 0.553448 -0.503544 0.634195
v 0.517966 -0.652360 0.569300
v 0.367204 -0.947462 0.134954
v 0.411760 -0.934110 0.000000
v 0.241170 -0.900315 0.390222
v 0.314405 -0.956228 0.275607
v 0.141858 -1.018483 0.000000
v 0.225227 -0.988826 0.135875
v 0.084011 -1.008923 0.135932
v -0.079273 -0.601878 0.766318
v 0.000000 -0.680157 0.688261
v -0.149121 -0.800900 0.494983
v -0.078385 -0.753699 0.599169
v -0.233950 -0.748617 0.598798
v 0.079009 -0.759700 0.603939
v 0.153813 -0.826098 0.510556
v -0.396309 -0.899058 0.000000
v -0.345887 -0.892461 0.127120
v -0.479175 -0.855527 0.129774
v -0.080549 -0.967355 0.130332
v -0.215769 -0.947303 0.130169
v -0.139118 -0.998809 0.000000
v -0.366977 -0.825772 0.375368
v -0.287592 -0.874677 0.252102
v -0.233348 -0.871111 0.377564
v 0.080882 -0.896990 0.392607
v -0.079927 -0.886408 0.387975
v 0.000000 -0.959036 0.265071
v 0.365467 -0.942980 -0.134315
v 0.477108 -0.851837 -0.129214
v 0.086136 -1.034453 -0.139372
v 0.235043 -1.031922 -0.141797
v 0.364748 -0.820756 -0.373088
v 0.305209 -0.928257 -0.267545
v 0.241750 -0.902479 -0.391160
v -0.478063 -0.853542 -0.129473
v -0.357696 -0.922929 -0.131460
v -0.250182 -0.933955 -0.404802
v -0.304135 -0.924992 -0.266604
v -0.385041 -0.866418 -0.393845
v -0.221849 -0.973997 -0.133837
v -0.083961 -1.008328 -0.135852
v 0.082975 -0.629982 -0.802101
v 0.000000 -0.742733 -0.751582
v -0.082979 -0.630013 -0.802141
v 0.161818 -0.869092 -0.537128
v 0.085909 -0.826043 -0.656680
v 0.241830 -0.773833 -0.618968
v -0.254899 -0.815651 -0.652417
v -0.086488 -0.831613 -0.661108
v -0.170383 -0.915092 -0.565558
v 0.000000 -0.993249 -0.274527
v -0.084977 -0.942412 -0.412488
v 0.084392 -0.935925 -0.409649
v 0.550770 -0.764229 -0.205385
v 0.600319 -0.764333 -0.079068
v 0.433051 -0.722977 -0.446824
v 0.484380 -0.735269 -0.324865
v 0.718705 -0.574872 -0.224602
v 0.619241 -0.671750 -0.283125
v 0.659463 -0.560973 -0.346700
v 0.128320 -0.473805 -0.845938
v 0.213391 -0.572238 -0.794018
v 0.482095 -0.467235 -0.780047
v 0.353093 -0.526470 -0.799159
v 0.398926 -0.390008 -0.877597
v 0.300130 -0.656434 -0.712097
v 0.365678 -0.695561 -0.591679
v 0.824327 -0.125041 -0.461700
v 0.777248 -0.208884 -0.560152
v 0.753491 -0.077946 -0.591803
v 0.736177 -0.454982 -0.440958
v 0.776166 -0.342934 -0.511322
v 0.823471 -0.374322 -0.365955
v 0.605788 -0.236681 -0.757355
v 0.699855 -0.294970 -0.645149
v 0.618878 -0.382488 -0.727535
v 0.482322 -0.607467 -0.530124
v 0.557348 -0.507092 -0.638664
v 0.611209 -0.533389 -0.485293
v 0.697216 -0.705523 0.000000
v 0.798649 -0.493592 -0.148702
v 0.741194 -0.589228 -0.077085
v 0.781609 -0.621356 0.081288
v 0.864178 -0.534091 0.160903
v 0.890567 0.000000 -0.392566
v 0.933524 -0.132969 -0.361802
v 1.006929 -0.135663 -0.083845
v 0.970839 -0.133403 -0.221130
v 1.000343 0.000000 -0.139332
v 0.925700 -0.266808 -0.304368
v 0.865910 -0.375310 -0.231954
v 0.960556 -0.136819 0.372279
v 0.953965 0.000000 0.420512
v 0.915713 -0.396896 0.245295
v 0.956316 -0.275632 0.314434
v 0.996142 0.000000 0.138747
v 1.003829 -0.137937 0.228644
v 1.000003 -0.134730 0.083268
v 0.872340 -0.381818 -0.078659
v 0.949427 -0.262415 0.000000
v 0.943984 -0.413176 0.085119
v 0.132427 -0.360329 0.929724
v 0.372220 -0.230045 0.858782
v 0.259278 -0.295778 0.899574
v 0.132141 -0.219038 0.961654
v 0.130764 -0.080817 0.970565
v 0.713116 0.000000 0.704720
v 0.531638 0.160164 0.860208
v 0.633251 0.082844 0.796572
v 0.613110 -0.080209 0.771236
v 0.506391 -0.152558 0.819357
v 0.133192 0.362409 0.935091
v 0.131274 0.081132 0.974353
v 0.134569 0.223063 0.979325
v 0.265487 0.302861 0.921116
v 0.392657 0.242676 0.905934
v 0.397418 -0.081873 0.907981
v 0.407765 0.084004 0.931622
v 0.265190 0.000000 0.959467
v -0.572983 -0.795052 0.213668
v -0.450542 -0.752178 0.464872
v -0.526744 -0.799576 0.353277
v -0.675929 -0.733245 0.309043
v -0.738599 -0.628290 0.388304
v -0.207384 -0.556132 0.771669
v -0.481953 -0.467097 0.779816
v -0.347794 -0.518569 0.787167
v -0.289048 -0.632198 0.685805
v -0.368449 -0.700832 0.596163
v -0.803446 -0.215924 0.579033
v -0.773146 -0.477831 0.463101
v -0.781349 -0.345224 0.514736
v -0.707730 -0.298289 0.652409
v -0.610835 -0.377517 0.718079
v -0.521465 -0.656766 0.573145
v -0.578419 -0.526263 0.662809
v -0.664208 -0.579639 0.527373
v -0.212739 -0.570491 -0.791594
v -0.389771 -0.741388 -0.630662
v -0.301734 -0.659944 -0.715904
v -0.345140 -0.514612 -0.781160
v -0.471630 -0.457092 -0.763113
v -0.568000 -0.788137 -0.211810
v -0.686410 -0.583895 -0.360867
v -0.647901 -0.702841 -0.296228
v -0.503874 -0.764860 -0.337938
v -0.466563 -0.778925 -0.481402
v -0.789407 -0.212152 -0.568915
v -0.604360 -0.373515 -0.710468
v -0.696868 -0.293711 -0.642395
v -0.761425 -0.336421 -0.501611
v -0.728951 -0.450517 -0.436630
v -0.507435 -0.639096 -0.557725
v -0.614823 -0.536542 -0.488162
v -0.564242 -0.513364 -0.646563
v 0.697364 0.000000 -0.689153
v 0.514390 -0.154968 -0.832301
v 0.609700 -0.079763 -0.766946
v 0.604085 0.079028 -0.759883
v 0.512237 0.154319 -0.828817
v 0.127024 -0.345627 -0.891790
v 0.132577 -0.081937 -0.984018
v 0.129003 -0.213836 -0.938816
v 0.262016 -0.298901 -0.909072
v 0.394405 -0.243756 -0.909966
v 0.134497 0.365961 -0.944256
v 0.403389 0.249308 -0.930693
v 0.274687 0.313356 -0.953036
v 0.137981 0.228717 -1.004152
v 0.135846 0.083957 -1.008283
v 0.394735 -0.081320 -0.901852
v 0.268904 0.000000 -0.972905
v 0.397523 0.081894 -0.908221
v 0.950925 0.135447 0.368546
v 0.977507 0.131699 0.081395
v 0.981431 0.134859 0.223542
v 0.940501 0.271074 0.309234
v 0.909921 0.394386 0.243744
v 0.886619 0.126287 -0.343623
v 0.827546 0.358682 -0.221678
v 0.881789 0.254152 -0.289930
v 0.939741 0.129130 -0.214047
v 0.975845 0.131475 -0.081256
v 0.666315 0.674253 0.000000
v 0.837989 0.517906 0.156027
v 0.755793 0.600833 0.078603
v 0.743791 0.591292 -0.077355
v 0.800533 0.494757 -0.149053
v 0.936338 0.258798 0.000000
v 0.843918 0.369378 -0.076096
v 0.891988 0.390418 0.080431
v -0.571616 0.818578 0.040609
v -0.541791 0.812020 0.104551
v -0.489644 0.831565 0.063595
v -0.646994 0.764454 0.191099
v -0.596590 0.792420 0.147833
v -0.667396 0.757339 0.123196
v -0.454313 0.854671 0.193480
v -0.514034 0.807101 0.167608
v -0.494710 0.814715 0.232759
v -0.741380 0.538630 0.332892
v -0.745930 0.614922 0.309838
v -0.777614 0.549021 0.270885
v -0.619506 0.697398 0.361779
v -0.687026 0.661306 0.338691
v -0.665149 0.662478 0.409434
v -0.755609 0.680923 0.206903
v -0.720986 0.671284 0.273352
v -0.688534 0.720961 0.234420
v -0.349094 0.843538 0.450934
v -0.425340 0.821840 0.437148
v -0.390396 0.801738 0.495501
v -0.469119 0.812861 0.299267
v -0.452917 0.827080 0.370892
v -0.410072 0.865121 0.326214
v -0.528030 0.732977 0.453005
v -0.487331 0.774308 0.409202
v -0.551687 0.735467 0.385553
v -0.613894 0.753076 0.256419
v -0.577976 0.738040 0.318986
v -0.536299 0.777343 0.275789
v -0.814940 0.040429 0.569076
v -0.819164 0.105471 0.546557
v -0.854582 0.065355 0.503197
v -0.740440 0.185096 0.626670
v -0.768634 0.143396 0.578681
v -0.737522 0.119972 0.649933
v -0.839523 0.190051 0.446261
v -0.812163 0.168659 0.517257
v -0.791748 0.226198 0.480764
v -0.541039 0.334380 0.744695
v -0.604676 0.304675 0.733501
v -0.545244 0.269021 0.772264
v -0.704466 0.365445 0.625784
v -0.658866 0.337441 0.684491
v -0.667744 0.412689 0.670437
v -0.658180 0.199992 0.730372
v -0.653117 0.265955 0.701474
v -0.705454 0.229378 0.673724
v -0.793220 0.424035 0.328270
v -0.771839 0.410551 0.399462
v -0.753922 0.465949 0.367113
v -0.787410 0.289897 0.454431
v -0.786020 0.352479 0.430432
v -0.824469 0.310885 0.390802
v -0.717847 0.443654 0.517130
v -0.754350 0.398654 0.474770
v -0.730131 0.382756 0.547685
v -0.745592 0.253871 0.607793
v -0.743521 0.321355 0.582268
v -0.764193 0.271124 0.527227
v -0.042817 0.602689 0.863076
v -0.112643 0.583723 0.874867
v -0.068007 0.523617 0.889261
v -0.195031 0.660309 0.780186
v -0.152661 0.616071 0.818297
v -0.125360 0.679120 0.770643
v -0.201460 0.473052 0.889924
v -0.179581 0.550755 0.864758
v -0.245264 0.521288 0.858485
v -0.354159 0.788743 0.573041
v -0.316682 0.762407 0.628505
v -0.288464 0.828079 0.584650
v -0.374500 0.641290 0.721920
v -0.347149 0.704183 0.677821
v -0.414029 0.672614 0.669913
v -0.206775 0.755143 0.680504
v -0.278140 0.733614 0.683042
v -0.238072 0.699261 0.732193
v -0.431324 0.333912 0.806854
v -0.420468 0.409111 0.790483
v -0.473893 0.373371 0.766774
v -0.315938 0.495251 0.858142
v -0.369078 0.450702 0.823035
v -0.326487 0.410415 0.865845
v -0.457623 0.533412 0.740449
v -0.414878 0.494091 0.785049
v -0.396064 0.566727 0.755517
v -0.266621 0.638318 0.783037
v -0.335231 0.607410 0.775625
v -0.293966 0.571646 0.828576
v -0.728782 0.532235 0.410762
v -0.681922 0.505568 0.562574
v -0.705770 0.518926 0.486103
v -0.692933 0.596735 0.453083
v -0.640660 0.650045 0.487205
v -0.541825 0.418163 0.741914
v -0.510316 0.567858 0.688327
v -0.530993 0.497407 0.722182
v -0.604301 0.458828 0.701719
v -0.657292 0.492637 0.647803
v -0.427448 0.758388 0.553856
v -0.572637 0.694120 0.514611
v -0.495195 0.718971 0.528632
v -0.462946 0.708017 0.609725
v -0.494132 0.649768 0.659287
v -0.634082 0.564327 0.607438
v -0.567608 0.610970 0.637769
v -0.613769 0.640691 0.570209
v -0.439242 0.880650 0.064912
v -0.448092 0.851583 0.000000
v -0.401775 0.906383 0.198599
v -0.419685 0.891113 0.130913
v -0.336376 0.933124 0.000000
v -0.382054 0.922722 0.066046
v -0.316925 0.946638 0.066073
v -0.282986 0.878380 0.457881
v -0.317870 0.898589 0.398713
v -0.239363 0.963867 0.272001
v -0.278442 0.931989 0.335341
v -0.206535 0.948429 0.334180
v -0.343494 0.893991 0.328968
v -0.369679 0.894551 0.263488
v -0.070702 1.020122 0.000000
v -0.110556 0.993182 0.066813
v -0.042030 1.015802 0.068006
v -0.246502 0.963423 0.066345
v -0.181517 0.991980 0.067317
v -0.207577 0.985530 0.000000
v -0.123583 0.979132 0.199961
v -0.153315 0.990842 0.134810
v -0.194621 0.975426 0.201275
v -0.336825 0.940036 0.202118
v -0.264426 0.954815 0.201283
v -0.293473 0.959407 0.134190
v 0.041887 0.589598 0.844328
v 0.000000 0.645745 0.822170
v 0.081852 0.711744 0.720224
v 0.042136 0.685169 0.776924
v 0.123940 0.671428 0.761915
v -0.042713 0.694561 0.787575
v -0.083368 0.724928 0.733565
v 0.228391 0.809238 0.500137
v 0.193102 0.784552 0.552574
v 0.271663 0.779849 0.550598
v 0.040179 0.807554 0.567453
v 0.114841 0.783270 0.550817
v 0.075674 0.817927 0.505507
v 0.195847 0.715233 0.644538
v 0.156419 0.756397 0.603142
v 0.120069 0.732034 0.656695
v -0.207158 0.841660 0.592796
v -0.243851 0.864015 0.533991
v -0.124913 0.761571 0.683192
v -0.167043 0.807770 0.644106
v -0.078761 0.851295 0.526129
v -0.123009 0.838982 0.589996
v -0.041374 0.831559 0.584321
v 0.041550 0.759460 0.681835
v 0.000000 0.802124 0.637665
v -0.041906 0.765956 0.687667
v 0.465125 0.883953 0.000000
v 0.454936 0.912116 0.067231
v 0.511629 0.868901 0.066450
v 0.326651 0.975689 0.068101
v 0.393042 0.949261 0.067945
v 0.341823 0.948233 0.000000
v 0.484073 0.910656 0.206154
v 0.442156 0.938825 0.137922
v 0.417108 0.940973 0.206179
v 0.042673 1.031341 0.069046
v 0.113543 1.020021 0.068618
v 0.071593 1.032982 0.000000
v 0.200934 1.007068 0.207805
v 0.158608 1.025050 0.139464
v 0.126963 1.005909 0.205430
v 0.210280 0.998366 0.000000
v 0.186167 1.017397 0.069042
v 0.258093 1.008727 0.069465
v 0.340843 0.823602 0.440277
v 0.308238 0.871362 0.386632
v 0.270865 0.840756 0.438269
v 0.386726 0.935801 0.275638
v 0.351861 0.915766 0.336981
v 0.420181 0.886449 0.334256
v 0.204471 0.938951 0.330840
v 0.278670 0.932754 0.335616
v 0.242416 0.976158 0.275470
v 0.305801 0.999707 0.139827
v 0.275400 0.994440 0.209636
v 0.347726 0.970460 0.208659
v -0.203989 0.893780 0.467466
v -0.040600 0.869774 0.456351
v -0.119187 0.875169 0.458693
v -0.162512 0.913300 0.397822
v -0.123530 0.940686 0.334316
v 0.193722 0.848794 0.443937
v 0.121477 0.925052 0.328760
v 0.159168 0.894506 0.389635
v 0.116282 0.853836 0.447512
v 0.040127 0.859648 0.451037
v 0.000000 1.020017 0.137427
v -0.081466 0.960247 0.265406
v -0.041614 0.987469 0.202132
v 0.042426 1.006734 0.206075
v 0.083111 0.979635 0.270764
v 0.000000 0.890305 0.389681
v 0.041057 0.936042 0.332161
v -0.040988 0.934463 0.331601
v -0.429411 0.860941 -0.063459
v -0.492491 0.836399 -0.063964
v -0.311162 0.929426 -0.064872
v -0.372189 0.898895 -0.064340
v -0.451886 0.850106 -0.192446
v -0.412613 0.876097 -0.128707
v -0.382593 0.863109 -0.189118
v -0.042973 1.038607 -0.069532
v -0.113510 1.019721 -0.068598
v -0.192505 0.964823 -0.199087
v -0.155374 1.004150 -0.136620
v -0.125486 0.994208 -0.203040
v -0.183225 1.001314 -0.067950
v -0.245505 0.959526 -0.066077
v -0.321209 0.776159 -0.414915
v -0.290016 0.819848 -0.363775
v -0.257946 0.800654 -0.417365
v -0.349731 0.846280 -0.249270
v -0.321421 0.836542 -0.307828
v -0.390752 0.824362 -0.310845
v -0.196896 0.904166 -0.318584
v -0.261434 0.875060 -0.314857
v -0.227197 0.914878 -0.258177
v -0.282030 0.921996 -0.128958
v -0.253493 0.915340 -0.192961
v -0.316463 0.883208 -0.189899
v 0.488927 0.830347 -0.063501
v 0.439199 0.880564 -0.064906
v 0.391886 0.884073 -0.193711
v 0.415855 0.882981 -0.129718
v 0.450859 0.848174 -0.192009
v 0.378998 0.915340 -0.065517
v 0.313007 0.934934 -0.065256
v 0.278613 0.864805 -0.450805
v 0.312151 0.882422 -0.391540
v 0.348607 0.842362 -0.450305
v 0.229885 0.925698 -0.261230
v 0.271816 0.909810 -0.327360
v 0.198848 0.913131 -0.321743
v 0.407417 0.859521 -0.324103
v 0.341345 0.888397 -0.326910
v 0.363351 0.879237 -0.258977
v 0.113625 1.020758 -0.068668
v 0.043036 1.040133 -0.069634
v 0.247802 0.968504 -0.066695
v 0.183583 1.003275 -0.068083
v 0.122094 0.967334 -0.197552
v 0.154190 0.996493 -0.135578
v 0.192059 0.962586 -0.198626
v 0.327423 0.913796 -0.196476
v 0.258954 0.935059 -0.197118
v 0.285780 0.934256 -0.130672
v -0.042415 0.597034 -0.854978
v 0.000000 0.633319 -0.806349
v 0.042182 0.593751 -0.850277
v -0.080737 0.702047 -0.710412
v -0.041623 0.676828 -0.767466
v -0.124140 0.672512 -0.763145
v 0.124481 0.674359 -0.765241
v 0.041522 0.675199 -0.765619
v 0.081386 0.707689 -0.716120
v -0.220547 0.781445 -0.482960
v -0.190450 0.773775 -0.544983
v -0.261915 0.751866 -0.530841
v -0.040122 0.806414 -0.566652
v -0.116123 0.792014 -0.556966
v -0.077409 0.836682 -0.517098
v -0.193363 0.706161 -0.636363
v -0.155475 0.751830 -0.599500
v -0.119083 0.726026 -0.651305
v 0.275169 0.789912 -0.557704
v 0.197543 0.802596 -0.565282
v 0.235607 0.834807 -0.515939
v 0.120638 0.735502 -0.659806
v 0.159213 0.769905 -0.613913
v 0.199179 0.727404 -0.655506
v 0.078293 0.846233 -0.523001
v 0.118740 0.809860 -0.569516
v 0.040373 0.811451 -0.570191
v -0.039866 0.728673 -0.654195
v 0.000000 0.768427 -0.610877
v 0.040241 0.735528 -0.660349
v 0.000000 1.020121 -0.137441
v 0.080845 0.952923 -0.263381
v 0.041756 0.990840 -0.202822
v -0.042178 1.000855 -0.204872
v -0.082009 0.966637 -0.267172
v 0.200278 0.877521 -0.458962
v 0.041133 0.881197 -0.462344
v 0.121058 0.888911 -0.465895
v 0.162764 0.914717 -0.398439
v 0.123277 0.938758 -0.333631
v -0.187969 0.823586 -0.430753
v -0.121219 0.923086 -0.328061
v -0.156965 0.882128 -0.384244
v -0.116449 0.855066 -0.448157
v -0.041249 0.883684 -0.463649
v 0.041550 0.947284 -0.336150
v 0.000000 0.922291 -0.403681
v -0.041341 0.942518 -0.334459
v -0.545354 0.817361 -0.105239
v -0.575356 0.823934 -0.040875
v -0.498418 0.820821 -0.234504
v -0.523116 0.821361 -0.170569
v -0.666184 0.755964 -0.122972
v -0.589592 0.783126 -0.146099
v -0.641657 0.758148 -0.189522
v -0.360452 0.740243 -0.457495
v -0.395543 0.764267 -0.406524
v -0.534903 0.713091 -0.373823
v -0.471818 0.749660 -0.396176
v -0.507816 0.704917 -0.435663
v -0.430259 0.785704 -0.352337
v -0.463767 0.803587 -0.295853
v -0.818440 0.577845 -0.285107
v -0.753290 0.620989 -0.312895
v -0.783493 0.569227 -0.351801
v -0.672997 0.704692 -0.229131
v -0.708719 0.659863 -0.268702
v -0.750735 0.676531 -0.205568
v -0.639974 0.637403 -0.393937
v -0.678010 0.652628 -0.334246
v -0.612143 0.689109 -0.357479
v -0.533543 0.773348 -0.274372
v -0.571442 0.729696 -0.315380
v -0.610035 0.748342 -0.254808
v -0.069493 0.535060 -0.908695
v -0.112379 0.582356 -0.872818
v -0.244327 0.519296 -0.855204
v -0.181823 0.557632 -0.875556
v -0.206219 0.484227 -0.910946
v -0.153460 0.619295 -0.822579
v -0.191478 0.648277 -0.765970
v -0.457519 0.360471 -0.740282
v -0.406770 0.395782 -0.764729
v -0.420567 0.325585 -0.786733
v -0.372224 0.532615 -0.710041
v -0.390263 0.464776 -0.738471
v -0.419806 0.489332 -0.679260
v -0.321097 0.403639 -0.851550
v -0.358079 0.437271 -0.798509
v -0.304471 0.477276 -0.826996
v -0.296965 0.714939 -0.589374
v -0.324306 0.722258 -0.524738
v -0.229376 0.673718 -0.705447
v -0.264175 0.696781 -0.648747
v -0.385204 0.625786 -0.623272
v -0.329694 0.668776 -0.643739
v -0.353583 0.605471 -0.681598
v -0.284365 0.552975 -0.801514
v -0.321132 0.581863 -0.743004
v -0.262323 0.628028 -0.770415
v -0.822429 0.062896 -0.484265
v -0.796568 0.102562 -0.531481
v -0.795103 0.039445 -0.555223
v -0.800247 0.228626 -0.485925
v -0.798513 0.165824 -0.508564
v -0.843651 0.190985 -0.448455
v -0.724580 0.117867 -0.638527
v -0.773804 0.144360 -0.582574
v -0.722066 0.180503 -0.611119
v -0.797929 0.493147 -0.388541
v -0.804623 0.427990 -0.416429
v -0.852725 0.455845 -0.352896
v -0.708166 0.371241 -0.531209
v -0.766217 0.404926 -0.482238
v -0.707243 0.437100 -0.509491
v -0.863287 0.325522 -0.409202
v -0.817312 0.366511 -0.447568
v -0.819207 0.301604 -0.472781
v -0.529703 0.261354 -0.750253
v -0.577449 0.290957 -0.700474
v -0.521353 0.322214 -0.717599
v -0.667906 0.217170 -0.637866
v -0.620817 0.252802 -0.666782
v -0.625786 0.190149 -0.694424
v -0.611048 0.377648 -0.613512
v -0.616520 0.315754 -0.640498
v -0.652837 0.338663 -0.579922
v -0.752218 0.266875 -0.518965
v -0.698614 0.301946 -0.547100
v -0.707410 0.240870 -0.576668
v -0.396655 0.703754 -0.513956
v -0.440042 0.578642 -0.587118
v -0.424556 0.649305 -0.559163
v -0.466660 0.677541 -0.498170
v -0.525558 0.637054 -0.472303
v -0.499816 0.385742 -0.684391
v -0.590115 0.442288 -0.581595
v -0.547878 0.415988 -0.636201
v -0.482528 0.452008 -0.656268
v -0.459832 0.511681 -0.620232
v -0.733869 0.535950 -0.413629
v -0.596953 0.605698 -0.453968
v -0.669942 0.576935 -0.438050
v -0.692888 0.509454 -0.477231
v -0.642974 0.476692 -0.530442
v -0.499505 0.537664 -0.561248
v -0.566695 0.504353 -0.542882
v -0.540154 0.563847 -0.501818
v -0.630762 0.803094 0.000000
v -0.718140 0.726696 -0.082588
v -0.672056 0.762055 -0.041329
v -0.675296 0.765729 0.041528
v -0.719884 0.728461 0.082788
v -0.849277 0.524882 -0.239691
v -0.829088 0.583941 -0.204064
v -0.839663 0.590015 -0.041777
v -0.844424 0.593823 -0.123807
v -0.874223 0.540300 -0.080883
v -0.807849 0.644168 -0.167059
v -0.769512 0.690316 -0.126216
v -0.809934 0.570450 0.199349
v -0.814758 0.503548 0.229949
v -0.765672 0.686871 0.125586
v -0.790569 0.630390 0.163486
v -0.836815 0.517180 0.077422
v -0.819587 0.576356 0.120166
v -0.822770 0.578145 0.040936
v -0.764586 0.686437 -0.041831
v -0.800404 0.636297 0.000000
v -0.767788 0.689312 0.042006
v -0.873458 0.000000 -0.459603
v -0.872357 0.064301 -0.435106
v -0.952974 0.066515 -0.319046
v -0.916004 0.065565 -0.379272
v -0.939346 0.000000 -0.338619
v -0.883183 0.129748 -0.415950
v -0.898715 0.196919 -0.398376
v -0.994113 0.066554 -0.041132
v -0.996099 0.067009 -0.110880
v -0.987562 0.000000 -0.068445
v -0.983287 0.202897 -0.196189
v -0.994295 0.135279 -0.153850
v -0.986223 0.201410 -0.124478
v -0.980280 0.000000 -0.206471
v -0.998902 0.067786 -0.182783
v -0.986759 0.067952 -0.252473
v -0.883562 0.392046 -0.312554
v -0.878499 0.457944 -0.283025
v -0.914101 0.269246 -0.377758
v -0.904477 0.332827 -0.347524
v -0.954164 0.336201 -0.207784
v -0.927710 0.333801 -0.277163
v -0.973630 0.274756 -0.241788
v -0.966878 0.135235 -0.295759
v -0.976701 0.205896 -0.270487
v -0.949650 0.204185 -0.340269
v -0.882534 0.065051 0.440182
v -0.883080 0.000000 0.464666
v -0.881918 0.193239 0.390930
v -0.891255 0.130934 0.419752
v -0.921404 0.000000 0.332151
v -0.898004 0.064277 0.371819
v -0.927992 0.064772 0.310682
v -0.828469 0.431864 0.266907
v -0.846250 0.375490 0.299355
v -0.941045 0.265561 0.233696
v -0.902303 0.324659 0.269573
v -0.921903 0.324834 0.200758
v -0.853120 0.313928 0.327791
v -0.862513 0.254051 0.356439
v -0.978054 0.000000 0.067786
v -0.977116 0.065732 0.108767
v -0.983062 0.065814 0.040675
v -0.958027 0.065973 0.245121
v -0.977433 0.066330 0.178855
v -0.972885 0.000000 0.204913
v -0.970299 0.198158 0.122468
v -0.976227 0.132821 0.151054
v -0.966276 0.199387 0.192795
v -0.910200 0.195703 0.326134
v -0.949961 0.200260 0.263081
v -0.934482 0.130704 0.285849
v -0.892891 0.467001 -0.203786
v -0.947685 0.336804 -0.124449
v -0.918173 0.399944 -0.163379
v -0.907387 0.475579 -0.123574
v -0.887532 0.465668 -0.041429
v -0.989049 0.133254 0.000000
v -0.954145 0.263719 0.080949
v -0.969538 0.198461 0.040858
v -0.987958 0.202232 -0.041635
v -0.973801 0.269152 -0.082616
v -0.856471 0.447953 0.195474
v -0.864015 0.453329 0.040331
v -0.865837 0.453802 0.117916
v -0.889343 0.387386 0.158249
v -0.922598 0.327888 0.121154
v -0.938746 0.333121 -0.041176
v -0.936673 0.332385 0.041085
v -0.914379 0.400218 0.000000
v 0.565739 0.847913 0.109173
v 0.566098 0.810676 0.040217
v 0.527149 0.868137 0.248022
v 0.555712 0.872542 0.181198
v 0.651766 0.739602 0.120310
v 0.612975 0.814185 0.151894
v 0.658637 0.778211 0.194538
v 0.376915 0.774053 0.478391
v 0.417832 0.807333 0.429431
v 0.573716 0.764834 0.400948
v 0.494598 0.785854 0.415304
v 0.533175 0.740119 0.457419
v 0.461290 0.842370 0.377748
v 0.499696 0.865843 0.318774
v 0.812200 0.573440 0.282933
v 0.755171 0.622539 0.313676
v 0.791147 0.574788 0.355238
v 0.685485 0.717768 0.233382
v 0.720274 0.670620 0.273082
v 0.733551 0.661045 0.200862
v 0.665582 0.662909 0.409701
v 0.701314 0.675060 0.345735
v 0.648934 0.730526 0.378964
v 0.567216 0.822155 0.291688
v 0.608721 0.777300 0.335955
v 0.637454 0.781978 0.266260
v 0.067572 0.520272 0.883579
v 0.109344 0.566629 0.849246
v 0.234870 0.499196 0.822102
v 0.173609 0.532439 0.836000
v 0.199534 0.468529 0.881415
v 0.150271 0.606428 0.805489
v 0.189370 0.641141 0.757538
v 0.492123 0.387734 0.796271
v 0.427729 0.416176 0.804133
v 0.450284 0.348591 0.842323
v 0.379025 0.542347 0.723015
v 0.408037 0.485944 0.772105
v 0.445550 0.519340 0.720914
v 0.322816 0.405800 0.856110
v 0.367020 0.448190 0.818447
v 0.302004 0.473409 0.820294
v 0.297061 0.715171 0.589564
v 0.338632 0.754164 0.547918
v 0.226066 0.663996 0.695267
v 0.259556 0.684596 0.637402
v 0.398947 0.648113 0.645510
v 0.331458 0.672354 0.647184
v 0.358799 0.614404 0.691654
v 0.273676 0.532190 0.771386
v 0.313549 0.568124 0.725460
v 0.250871 0.600611 0.736782
v 0.873630 0.066812 0.514413
v 0.845379 0.108846 0.564049
v 0.832761 0.041313 0.581520
v 0.836342 0.238938 0.507842
v 0.853369 0.177216 0.543501
v 0.873570 0.197758 0.464359
v 0.737635 0.119990 0.650032
v 0.803431 0.149887 0.604879
v 0.748251 0.187048 0.633280
v 0.816318 0.504512 0.397496
v 0.823221 0.437882 0.426055
v 0.841805 0.450008 0.348377
v 0.738666 0.387230 0.554087
v 0.779741 0.412073 0.490751
v 0.736715 0.455315 0.530723
v 0.870831 0.328367 0.412778
v 0.820060 0.367743 0.449073
v 0.830963 0.305932 0.479566
v 0.559673 0.276141 0.792702
v 0.604554 0.304614 0.733353
v 0.558052 0.344895 0.768112
v 0.702110 0.228291 0.670531
v 0.655880 0.267080 0.704441
v 0.658758 0.200168 0.731013
v 0.642070 0.396821 0.644658
v 0.646735 0.331228 0.671888
v 0.698420 0.362309 0.620414
v 0.791260 0.280727 0.545901
v 0.747473 0.323064 0.585363
v 0.755078 0.257101 0.615526
v 0.407744 0.723427 0.528324
v 0.477358 0.627712 0.636907
v 0.448511 0.685941 0.590713
v 0.487924 0.708414 0.520869
v 0.566147 0.686253 0.508779
v 0.537534 0.414852 0.736039
v 0.625885 0.469098 0.616849
v 0.572960 0.435032 0.665326
v 0.512786 0.480352 0.697420
v 0.495968 0.551891 0.668973
v 0.765605 0.559127 0.431516
v 0.629717 0.638942 0.478883
v 0.693437 0.597168 0.453412
v 0.724089 0.532394 0.498720
v 0.676072 0.501231 0.557748
v 0.546066 0.587782 0.613564
v 0.609173 0.542158 0.583575
v 0.592003 0.617969 0.549987
v -0.067075 0.453880 0.909999
v 0.000000 0.475588 0.903838
v -0.201163 0.406962 0.918085
v -0.134539 0.431309 0.915794
v 0.000000 0.340706 0.945134
v -0.066087 0.382294 0.923301
v -0.066333 0.318171 0.950361
v -0.431244 0.266524 0.827281
v -0.374384 0.298474 0.843758
v -0.257369 0.226487 0.912018
v -0.320071 0.265763 0.889552
v -0.314532 0.194391 0.892666
v -0.323828 0.338127 0.880022
v -0.266381 0.373738 0.904374
v 0.000000 0.068894 0.994028
v -0.064715 0.107085 0.962004
v -0.065685 0.040595 0.981134
v -0.065982 0.245153 0.958152
v -0.065122 0.175599 0.959639
v 0.000000 0.206854 0.982097
v -0.190460 0.117711 0.932608
v -0.128624 0.146281 0.945378
v -0.193194 0.186807 0.936262
v -0.199029 0.331677 0.925669
v -0.195574 0.256925 0.927733
v -0.132112 0.288929 0.944551
v -0.827936 -0.041073 0.578150
v -0.804819 0.000000 0.632117
v -0.720975 -0.081937 0.712486
v -0.768914 -0.041701 0.678104
v -0.766881 -0.124748 0.675804
v -0.751493 0.040756 0.662741
v -0.706376 0.080278 0.698059
v -0.512326 -0.233957 0.828961
v -0.570555 -0.199386 0.810083
v -0.561581 -0.277082 0.795405
v -0.578773 -0.040981 0.823663
v -0.577710 -0.120448 0.821511
v -0.529408 -0.079252 0.856600
v -0.655615 -0.199213 0.727525
v -0.615505 -0.159626 0.771903
v -0.665513 -0.121681 0.741863
v -0.562474 0.196562 0.798609
v -0.505529 0.230853 0.817963
v -0.663806 0.121369 0.739961
v -0.619033 0.160541 0.776327
v -0.523017 0.078295 0.846259
v -0.573418 0.119553 0.815409
v -0.577924 0.040921 0.822457
v -0.670781 -0.040877 0.747148
v -0.625327 0.000000 0.786604
v -0.666942 0.040643 0.742871
v 0.000000 -0.477125 0.906758
v -0.067404 -0.456104 0.914458
v -0.065483 -0.504184 0.856258
v -0.066888 -0.320832 0.958307
v -0.067449 -0.390173 0.942330
v 0.000000 -0.347020 0.962651
v -0.192206 -0.451322 0.849045
v -0.133693 -0.428598 0.910039
v -0.197926 -0.400414 0.903312
v -0.065084 -0.040224 0.972161
v -0.065910 -0.109062 0.979759
v 0.000000 -0.067775 0.977889
v -0.193332 -0.186940 0.936930
v -0.133430 -0.151747 0.980705
v -0.193572 -0.119634 0.947847
v 0.000000 -0.206345 0.979683
v -0.067121 -0.180990 0.989103
v -0.067686 -0.251485 0.982900
v -0.459419 -0.355662 0.859409
v -0.391428 -0.312062 0.882170
v -0.454270 -0.280754 0.871452
v -0.261244 -0.366531 0.886933
v -0.326211 -0.340616 0.886498
v -0.316783 -0.398216 0.840110
v -0.321586 -0.198751 0.912686
v -0.328718 -0.272943 0.913583
v -0.257704 -0.226781 0.913202
v -0.132904 -0.290661 0.950212
v -0.196743 -0.258461 0.933278
v -0.202436 -0.337354 0.941513
v -0.445517 0.194411 0.851815
v -0.466541 0.041506 0.889196
v -0.461978 0.120040 0.881436
v -0.384027 0.156877 0.881631
v -0.320722 0.118507 0.902436
v -0.447167 -0.195131 0.854969
v -0.324288 -0.119824 0.912468
v -0.386266 -0.157791 0.886770
v -0.460566 -0.119674 0.878743
v -0.466732 -0.041523 0.889561
v -0.130429 0.000000 0.968075
v -0.253270 0.077741 0.916341
v -0.192610 0.039654 0.940952
v -0.196873 -0.040531 0.961779
v -0.258801 -0.079439 0.936353
v -0.398873 0.000000 0.911305
v -0.329082 -0.040677 0.927363
v -0.326101 0.040308 0.918963
v -0.886100 -0.065314 0.441960
v -0.857623 -0.065587 0.504988
v -0.942878 -0.065811 0.315666
v -0.913710 -0.065401 0.378323
v -0.874350 -0.197935 0.464774
v -0.895163 -0.131508 0.421592
v -0.895726 -0.196264 0.397051
v -0.997762 -0.066798 0.041283
v -0.984224 -0.066210 0.109559
v -0.962036 -0.198512 0.191949
v -0.975560 -0.132730 0.150951
v -0.973616 -0.198835 0.122887
v -0.974928 -0.066160 0.178396
v -0.957130 -0.065912 0.244892
v -0.850541 -0.454678 0.351992
v -0.880733 -0.390790 0.311553
v -0.880908 -0.459199 0.283801
v -0.890305 -0.262237 0.367924
v -0.884074 -0.325319 0.339684
v -0.861165 -0.324722 0.408196
v -0.929073 -0.327360 0.202320
v -0.909654 -0.327304 0.271769
v -0.936937 -0.264402 0.232676
v -0.946650 -0.132406 0.289571
v -0.939772 -0.198112 0.260260
v -0.915051 -0.196746 0.327872
v -0.854910 -0.065380 -0.503391
v -0.885976 -0.065305 -0.441898
v -0.876273 -0.192002 -0.388429
v -0.873906 -0.128385 -0.411581
v -0.834722 -0.188964 -0.443709
v -0.906937 -0.064916 -0.375518
v -0.917943 -0.064070 -0.307318
v -0.817570 -0.426182 -0.263395
v -0.829444 -0.368033 -0.293410
v -0.783575 -0.418879 -0.324278
v -0.902198 -0.254598 -0.224049
v -0.861195 -0.309868 -0.257291
v -0.889962 -0.313579 -0.193803
v -0.820020 -0.309208 -0.388694
v -0.841490 -0.309649 -0.323322
v -0.861637 -0.253793 -0.356077
v -0.977876 -0.065783 -0.108852
v -0.994410 -0.066573 -0.041145
v -0.949466 -0.065384 -0.242931
v -0.967069 -0.065626 -0.176958
v -0.967409 -0.197567 -0.122103
v -0.971891 -0.132231 -0.150383
v -0.938762 -0.193710 -0.187305
v -0.896429 -0.192742 -0.321200
v -0.922229 -0.194413 -0.255401
v -0.933894 -0.130622 -0.285669
v -0.578254 -0.828084 0.041081
v -0.628018 -0.799601 0.000000
v -0.573509 -0.821288 -0.040744
v -0.714531 -0.723044 0.082173
v -0.666417 -0.755661 0.040982
v -0.664219 -0.753733 0.122609
v -0.665317 -0.754980 -0.122812
v -0.662932 -0.751710 -0.040768
v -0.706227 -0.714642 -0.081218
v -0.863661 -0.533772 0.243750
v -0.834024 -0.587418 0.205279
v -0.830319 -0.586232 0.289245
v -0.842242 -0.591827 0.041905
v -0.833554 -0.586178 0.122214
v -0.853968 -0.527781 0.079009
v -0.752604 -0.678215 0.206080
v -0.799474 -0.637490 0.165327
v -0.769790 -0.690565 0.126261
v -0.773795 -0.546324 -0.269554
v -0.794252 -0.559405 -0.195490
v -0.803617 -0.496662 -0.226804
v -0.737054 -0.661198 -0.120892
v -0.772388 -0.615892 -0.159726
v -0.723882 -0.652332 -0.198215
v -0.844078 -0.521669 -0.078094
v -0.815800 -0.573694 -0.119611
v -0.835594 -0.587156 -0.041574
v -0.770605 -0.691841 0.042160
v -0.808180 -0.642479 0.000000
v -0.749426 -0.672827 -0.041002
v -0.997852 -0.134440 0.000000
v -0.958514 -0.264927 -0.081319
v -0.985389 -0.201706 -0.041526
v -0.985803 -0.201791 0.041544
v -0.965043 -0.266731 0.081873
v -0.837617 -0.438091 -0.191171
v -0.869598 -0.456258 -0.040591
v -0.871198 -0.456612 -0.118646
v -0.883924 -0.385026 -0.157285
v -0.908622 -0.322921 -0.119319
v -0.894622 -0.467906 0.204181
v -0.946175 -0.336267 0.124251
v -0.920567 -0.400987 0.163805
v -0.887950 -0.465392 0.120927
v -0.881662 -0.462588 0.041155
v -0.933973 -0.331427 -0.040967
v -0.901267 -0.394479 0.000000
v -0.936886 -0.332461 0.041094
v -0.777948 0.000000 -0.611012
v -0.805076 -0.039939 -0.562188
v -0.695182 0.079006 -0.686997
v -0.735856 0.039908 -0.648951
v -0.732590 -0.119170 -0.645586
v -0.730592 -0.039623 -0.644308
v -0.689714 -0.078385 -0.681593
v -0.489770 0.223657 -0.792464
v -0.536249 0.187397 -0.761374
v -0.539729 0.038216 -0.768100
v -0.538443 0.112261 -0.765674
v -0.487592 0.072992 -0.788941
v -0.583226 0.151254 -0.731421
v -0.634795 0.116064 -0.707621
v -0.542597 -0.267715 -0.768515
v -0.551655 -0.192781 -0.783248
v -0.492458 -0.224884 -0.796814
v -0.646539 -0.118212 -0.720713
v -0.601784 -0.156067 -0.754695
v -0.644545 -0.195849 -0.715241
v -0.491310 -0.073549 -0.794957
v -0.547482 -0.114146 -0.778527
v -0.543789 -0.038504 -0.773878
v -0.650526 0.039643 -0.724586
v -0.602071 0.000000 -0.757349
v -0.647217 -0.039441 -0.720901
v 0.000000 0.490604 -0.932374
v -0.069634 0.471193 -0.944709
v -0.066328 0.318147 -0.950289
v -0.067941 0.393019 -0.949205
v 0.000000 0.343025 -0.951567
v -0.139975 0.448735 -0.952795
v -0.203363 0.411411 -0.928122
v -0.063664 0.039347 -0.950958
v -0.063980 0.105869 -0.951075
v 0.000000 0.068054 -0.981911
v -0.194070 0.187654 -0.940509
v -0.129722 0.147530 -0.953452
v -0.191331 0.118249 -0.936872
v 0.000000 0.204058 -0.968823
v -0.064740 0.174569 -0.954012
v -0.065541 0.243516 -0.951752
v -0.373003 0.297373 -0.840645
v -0.420659 0.259982 -0.806974
v -0.263260 0.369359 -0.893776
v -0.322532 0.336774 -0.876500
v -0.317240 0.196065 -0.900352
v -0.318054 0.264088 -0.883946
v -0.262323 0.230846 -0.929570
v -0.133983 0.293019 -0.957922
v -0.198462 0.260719 -0.941432
v -0.201029 0.335010 -0.934972
v -0.064057 -0.493208 -0.837617
v -0.062335 -0.421803 -0.845686
v 0.000000 -0.452294 -0.859568
v -0.192735 -0.389911 -0.879618
v -0.126472 -0.405447 -0.860883
v -0.192566 -0.452168 -0.850636
v 0.000000 -0.320295 -0.888515
v -0.061980 -0.358533 -0.865914
v -0.062438 -0.299488 -0.894553
v -0.426546 -0.263620 -0.818267
v -0.373920 -0.298104 -0.842712
v -0.442819 -0.342811 -0.828357
v -0.249513 -0.219574 -0.884179
v -0.306364 -0.254382 -0.851456
v -0.304814 -0.188386 -0.865087
v -0.324594 -0.408035 -0.860825
v -0.317873 -0.331909 -0.863838
v -0.260847 -0.365974 -0.885585
v 0.000000 -0.067291 -0.970909
v -0.063899 -0.105734 -0.949869
v -0.063892 -0.039488 -0.954364
v -0.063094 -0.234421 -0.916206
v -0.063633 -0.171583 -0.937696
v 0.000000 -0.195571 -0.928528
v -0.188950 -0.116778 -0.925214
v -0.127596 -0.145111 -0.937820
v -0.187274 -0.181083 -0.907574
v -0.191368 -0.318910 -0.890040
v -0.188247 -0.247301 -0.892978
v -0.125150 -0.273703 -0.894775
v -0.436016 0.190265 -0.833650
v -0.318764 0.117783 -0.896927
v -0.377941 0.154390 -0.867658
v -0.438116 0.113840 -0.835908
v -0.426053 0.037904 -0.812029
v -0.127014 0.000000 -0.942730
v -0.247990 -0.076121 -0.897238
v -0.188494 -0.038806 -0.920846
v -0.192255 0.039581 -0.939219
v -0.255313 0.078369 -0.923732
v -0.428623 -0.187039 -0.819514
v -0.426488 -0.037943 -0.812858
v -0.429369 -0.111567 -0.819220
v -0.367291 -0.150040 -0.843208
v -0.309732 -0.114446 -0.871510
v -0.312071 0.038574 -0.879428
v -0.307440 -0.038002 -0.866378
v -0.369010 0.000000 -0.843078
v 0.111312 0.576829 -0.864534
v 0.068982 0.531123 -0.902009
v 0.191164 0.647215 -0.764715
v 0.155190 0.626279 -0.831855
v 0.205038 0.481453 -0.905727
v 0.181695 0.557237 -0.874936
v 0.248973 0.529171 -0.871466
v 0.344177 0.766513 -0.556890
v 0.308277 0.742173 -0.611824
v 0.377152 0.645831 -0.727032
v 0.344751 0.699318 -0.673139
v 0.413635 0.671974 -0.669275
v 0.271180 0.715255 -0.665948
v 0.232496 0.682881 -0.715042
v 0.455405 0.352555 -0.851902
v 0.435932 0.424157 -0.819555
v 0.495991 0.390782 -0.802531
v 0.320141 0.501839 -0.869557
v 0.380075 0.464132 -0.847559
v 0.337961 0.424839 -0.896275
v 0.462356 0.538930 -0.748109
v 0.418764 0.498719 -0.792403
v 0.401040 0.573847 -0.765009
v 0.262252 0.627857 -0.770205
v 0.333610 0.604472 -0.771873
v 0.293353 0.570455 -0.826850
v 0.551882 0.790318 -0.039207
v 0.532988 0.798826 -0.102852
v 0.612345 0.723515 -0.180865
v 0.573552 0.761821 -0.142125
v 0.620811 0.704476 -0.114596
v 0.516221 0.810535 -0.168321
v 0.497243 0.818886 -0.233951
v 0.741728 0.538884 -0.333048
v 0.720212 0.593720 -0.299155
v 0.758001 0.535173 -0.264052
v 0.620025 0.697981 -0.362082
v 0.676336 0.651017 -0.333421
v 0.651791 0.649174 -0.401212
v 0.702801 0.633335 -0.192442
v 0.690953 0.643321 -0.261966
v 0.653935 0.684732 -0.222641
v 0.421411 0.814248 -0.433109
v 0.385209 0.791086 -0.488918
v 0.474074 0.821447 -0.302429
v 0.450835 0.823278 -0.369187
v 0.531278 0.737486 -0.455792
v 0.489608 0.777927 -0.411114
v 0.554789 0.739601 -0.387721
v 0.603373 0.740170 -0.252025
v 0.573902 0.732838 -0.316738
v 0.532072 0.771216 -0.273615
v 0.767735 0.038087 -0.536112
v 0.769240 0.099043 -0.513247
v 0.795018 0.060800 -0.468125
v 0.720272 0.180054 -0.609601
v 0.746609 0.139287 -0.562099
v 0.718558 0.116887 -0.633221
v 0.825770 0.186937 -0.438950
v 0.782624 0.162525 -0.498444
v 0.795518 0.227275 -0.483054
v 0.551477 0.340832 -0.759062
v 0.605032 0.304855 -0.733933
v 0.551561 0.272138 -0.781212
v 0.694712 0.360386 -0.617120
v 0.656811 0.336389 -0.682356
v 0.657228 0.406190 -0.659878
v 0.651098 0.197840 -0.722512
v 0.657947 0.267922 -0.706662
v 0.698917 0.227253 -0.667482
v 0.805584 0.430645 -0.333386
v 0.784278 0.417168 -0.405900
v 0.768837 0.475167 -0.374375
v 0.791557 0.291424 -0.456824
v 0.796343 0.357108 -0.436085
v 0.811855 0.306129 -0.384823
v 0.711046 0.439450 -0.512231
v 0.755366 0.399191 -0.475409
v 0.722145 0.378570 -0.541695
v 0.734075 0.249950 -0.598405
v 0.733455 0.317005 -0.574385
v 0.767727 0.272377 -0.529665
v 0.418390 0.742316 -0.542119
v 0.564023 0.683678 -0.506870
v 0.496001 0.720141 -0.529492
v 0.456790 0.698602 -0.601617
v 0.492874 0.648115 -0.657609
v 0.720920 0.526493 -0.406331
v 0.680170 0.504269 -0.561129
v 0.695536 0.511401 -0.479054
v 0.676866 0.582898 -0.442577
v 0.618173 0.627229 -0.470105
v 0.540812 0.417381 -0.740526
v 0.516294 0.574509 -0.696390
v 0.526893 0.493566 -0.716606
v 0.600271 0.455768 -0.697040
v 0.645632 0.483898 -0.636311
v 0.597573 0.623785 -0.555163
v 0.629589 0.560328 -0.603133
v 0.565098 0.608268 -0.634948
v 0.577917 -0.827602 0.041057
v 0.563877 -0.845122 0.108813
v 0.512290 -0.870023 0.066536
v 0.661123 -0.781148 0.195272
v 0.616698 -0.819129 0.152816
v 0.669413 -0.759628 0.123568
v 0.479346 -0.901763 0.204141
v 0.550918 -0.865014 0.179634
v 0.521861 -0.859428 0.245534
v 0.799373 -0.580764 0.358932
v 0.776050 -0.639752 0.322349
v 0.823816 -0.581641 0.286979
v 0.641163 -0.721778 0.374426
v 0.719199 -0.692275 0.354552
v 0.678758 -0.676032 0.417811
v 0.747098 -0.673253 0.204572
v 0.737499 -0.686658 0.279613
v 0.695135 -0.727873 0.236668
v 0.349143 -0.843657 0.450998
v 0.430104 -0.831045 0.442044
v 0.391650 -0.804312 0.497092
v 0.501746 -0.869396 0.320082
v 0.469321 -0.857036 0.384325
v 0.420587 -0.887306 0.334579
v 0.526133 -0.730344 0.451378
v 0.500614 -0.795413 0.420355
v 0.567701 -0.756815 0.396745
v 0.635326 -0.779367 0.265371
v 0.603691 -0.770877 0.333179
v 0.570904 -0.827502 0.293585
v 0.833197 -0.041334 0.581825
v 0.832530 -0.107192 0.555476
v 0.881271 -0.067396 0.518913
v 0.724847 -0.181198 0.613472
v 0.770524 -0.143748 0.580105
v 0.735894 -0.119707 0.648498
v 0.894655 -0.202531 0.475567
v 0.840735 -0.174592 0.535455
v 0.840541 -0.240138 0.510392
v 0.522603 -0.322986 0.719319
v 0.572035 -0.288229 0.693906
v 0.522406 -0.257753 0.739918
v 0.669276 -0.347190 0.594525
v 0.621714 -0.318414 0.645894
v 0.619639 -0.382958 0.622138
v 0.621152 -0.188741 0.689281
v 0.619174 -0.252133 0.665018
v 0.671335 -0.218285 0.641140
v 0.858382 -0.458869 0.355237
v 0.831725 -0.442405 0.430456
v 0.810512 -0.500924 0.394669
v 0.836637 -0.308021 0.482841
v 0.846722 -0.379700 0.463673
v 0.884518 -0.333528 0.419266
v 0.738492 -0.456413 0.532003
v 0.789088 -0.417012 0.496633
v 0.730709 -0.383059 0.548118
v 0.728564 -0.248073 0.593912
v 0.718188 -0.310406 0.562429
v 0.774152 -0.274657 0.534098
v 0.040289 -0.567102 0.812114
v 0.106586 -0.552335 0.827824
v 0.065857 -0.507063 0.861147
v 0.187101 -0.633458 0.748460
v 0.146883 -0.592756 0.787328
v 0.120916 -0.655049 0.743328
v 0.190858 -0.448156 0.843089
v 0.168813 -0.517730 0.812905
v 0.228013 -0.484623 0.798102
v 0.341647 -0.760878 0.552796
v 0.306490 -0.737870 0.608277
v 0.271295 -0.778793 0.549853
v 0.360083 -0.616602 0.694129
v 0.334327 -0.678173 0.652785
v 0.400428 -0.650519 0.647906
v 0.198193 -0.723800 0.652259
v 0.267780 -0.706288 0.657599
v 0.227067 -0.666934 0.698344
v 0.421428 -0.326251 0.788342
v 0.414696 -0.403495 0.779632
v 0.461597 -0.363683 0.746880
v 0.295156 -0.462674 0.801693
v 0.357557 -0.436633 0.797343
v 0.314275 -0.395064 0.833459
v 0.441492 -0.514610 0.714348
v 0.397280 -0.473134 0.751750
v 0.380878 -0.544998 0.726549
v 0.252437 -0.604360 0.741380
v 0.315337 -0.571363 0.729596
v 0.271771 -0.528486 0.766018
v 0.761870 -0.556399 0.429411
v 0.676000 -0.501177 0.557688
v 0.731499 -0.537843 0.503824
v 0.702977 -0.605384 0.459650
v 0.634436 -0.643730 0.482472
v 0.515128 -0.397559 0.705358
v 0.489906 -0.545146 0.660797
v 0.504331 -0.472432 0.685921
v 0.563549 -0.427886 0.654397
v 0.614422 -0.460506 0.605551
v 0.423873 -0.752044 0.549223
v 0.559039 -0.677637 0.502391
v 0.490849 -0.712661 0.523992
v 0.449967 -0.688167 0.592630
v 0.468803 -0.616462 0.625492
v 0.611851 -0.544542 0.586141
v 0.539213 -0.580405 0.605864
v 0.587120 -0.612873 0.545451
v 0.454282 -0.910804 0.067135
v 0.468717 -0.890778 0.000000
v 0.411388 -0.928068 0.203351
v 0.436138 -0.926048 0.136045
v 0.351207 -0.974266 0.000000
v 0.389010 -0.939522 0.067248
v 0.327331 -0.977720 0.068243
v 0.275827 -0.856158 0.446298
v 0.313214 -0.885426 0.392873
v 0.239888 -0.965981 0.272598
v 0.278353 -0.931690 0.335233
v 0.207054 -0.950812 0.335020
v 0.351233 -0.914132 0.336379
v 0.383973 -0.929139 0.273676
v 0.070045 -1.010643 0.000000
v 0.112837 -1.013674 0.068191
v 0.041659 -1.006847 0.067406
v 0.255304 -0.997825 0.068714
v 0.184148 -1.006360 0.068293
v 0.214153 -1.016752 0.000000
v 0.124222 -0.984193 0.200995
v 0.154312 -0.997284 0.135686
v 0.196310 -0.983890 0.203022
v 0.342217 -0.955085 0.205354
v 0.272548 -0.984143 0.207465
v 0.299280 -0.978389 0.136845
v -0.040103 -0.564490 0.808374
v 0.000000 -0.611005 0.777939
v -0.078634 -0.683765 0.691912
v -0.039957 -0.649737 0.736748
v -0.117710 -0.637676 0.723614
v 0.039838 -0.647801 0.734553
v 0.079374 -0.690193 0.698416
v -0.227526 -0.806173 0.498242
v -0.191323 -0.777322 0.547482
v -0.265380 -0.761811 0.537863
v -0.038499 -0.773792 0.543729
v -0.113424 -0.773603 0.544019
v -0.073336 -0.792657 0.489889
v -0.195909 -0.715461 0.644744
v -0.155503 -0.751964 0.599606
v -0.118713 -0.723771 0.649282
v 0.195762 -0.795360 0.560186
v 0.232150 -0.822558 0.508369
v 0.120497 -0.734646 0.659038
v 0.156655 -0.757536 0.604050
v 0.076861 -0.830756 0.513435
v 0.116396 -0.793874 0.558275
v 0.039717 -0.798274 0.560932
v -0.039201 -0.716523 0.643286
v 0.000000 -0.759908 0.604104
v 0.039771 -0.726927 0.652627
v -0.461114 -0.876329 0.000000
v -0.437393 -0.876944 0.064639
v -0.504736 -0.857194 0.065555
v -0.310239 -0.926666 0.064679
v -0.371971 -0.898370 0.064303
v -0.331978 -0.920923 0.000000
v -0.447858 -0.842528 0.190731
v -0.410076 -0.870710 0.127916
v -0.379503 -0.856137 0.187590
v -0.041076 -0.992745 0.066462
v -0.109113 -0.980217 0.065940
v -0.069368 -1.000874 0.000000
v -0.187187 -0.938169 0.193587
v -0.148801 -0.961665 0.130840
v -0.118616 -0.939781 0.191925
v -0.207765 -0.986424 0.000000
v -0.179133 -0.978953 0.066433
v -0.246112 -0.961899 0.066240
v -0.337723 -0.816062 0.436246
v -0.304662 -0.861252 0.382147
v -0.268705 -0.834053 0.434775
v -0.355422 -0.860051 0.253326
v -0.330814 -0.860987 0.316823
v -0.392068 -0.827139 0.311892
v -0.195253 -0.896622 0.315926
v -0.263343 -0.881450 0.317156
v -0.223287 -0.899130 0.253733
v -0.282854 -0.924692 0.129335
v -0.251730 -0.908971 0.191618
v -0.314691 -0.878263 0.188836
v 0.195190 -0.855226 0.447301
v 0.040263 -0.862558 0.452565
v 0.116012 -0.851855 0.446474
v 0.159355 -0.895556 0.390093
v 0.123734 -0.942244 0.334870
v -0.192575 -0.843770 0.441309
v -0.119145 -0.907295 0.322449
v -0.156981 -0.882216 0.384282
v -0.114227 -0.838747 0.439604
v -0.039324 -0.842439 0.442009
v 0.000000 -0.994435 0.133980
v 0.082050 -0.967130 0.267308
v 0.041484 -0.984389 0.201501
v -0.040802 -0.968195 0.198186
v -0.080159 -0.944834 0.261146
v 0.000000 -0.892718 0.390737
v -0.040114 -0.914527 0.324527
v 0.041112 -0.937291 0.332605
v 0.445618 -0.893435 -0.065854
v 0.506858 -0.860799 -0.065830
v 0.328438 -0.981027 -0.068473
v 0.390130 -0.942226 -0.067442
v 0.447002 -0.840918 -0.190366
v 0.421443 -0.894846 -0.131462
v 0.391929 -0.884170 -0.193732
v 0.042520 -1.027657 -0.068799
v 0.115033 -1.033406 -0.069519
v 0.203448 -1.019667 -0.210404
v 0.160407 -1.036674 -0.141045
v 0.129725 -1.027795 -0.209900
v 0.189481 -1.035507 -0.070270
v 0.258109 -1.008790 -0.069469
v 0.342538 -0.827698 -0.442466
v 0.305175 -0.862703 -0.382790
v 0.280086 -0.869377 -0.453188
v 0.360113 -0.871403 -0.256670
v 0.334001 -0.869283 -0.319876
v 0.387351 -0.817187 -0.308139
v 0.209445 -0.961793 -0.338889
v 0.275373 -0.921716 -0.331644
v 0.242700 -0.977302 -0.275793
v 0.303220 -0.991270 -0.138647
v 0.275853 -0.996077 -0.209981
v 0.335475 -0.936270 -0.201308
v -0.497558 -0.845005 -0.064622
v -0.439930 -0.882030 -0.065014
v -0.396538 -0.894568 -0.196011
v -0.417694 -0.886885 -0.130292
v -0.451354 -0.849104 -0.192220
v -0.376728 -0.909858 -0.065125
v -0.311096 -0.929227 -0.064858
v -0.288693 -0.896093 -0.467115
v -0.318289 -0.899774 -0.399239
v -0.357968 -0.864982 -0.462397
v -0.235937 -0.950069 -0.268108
v -0.281928 -0.943659 -0.339540
v -0.208290 -0.956488 -0.337020
v -0.415644 -0.876876 -0.330647
v -0.349328 -0.909172 -0.334554
v -0.371875 -0.899866 -0.265053
v -0.112075 -1.006834 -0.067731
v -0.042412 -1.025031 -0.068623
v -0.244515 -0.955656 -0.065810
v -0.181190 -0.990194 -0.067196
v -0.123041 -0.974840 -0.199085
v -0.152539 -0.985823 -0.134127
v -0.193283 -0.968722 -0.199892
v -0.331769 -0.925927 -0.199084
v -0.262641 -0.948371 -0.199924
v -0.289106 -0.945129 -0.132193
v 0.040945 -0.576344 -0.825348
v 0.000000 -0.638236 -0.812610
v -0.040699 -0.572881 -0.820389
v 0.085445 -0.742987 -0.751840
v 0.042784 -0.695718 -0.788886
v 0.125910 -0.682102 -0.774026
v -0.125144 -0.677950 -0.769316
v -0.042588 -0.692522 -0.785262
v -0.084696 -0.736475 -0.745250
v 0.240155 -0.850922 -0.525899
v 0.203440 -0.826552 -0.582155
v 0.278892 -0.800601 -0.565250
v 0.042518 -0.854568 -0.600489
v 0.124300 -0.847783 -0.596185
v 0.082561 -0.892364 -0.551511
v 0.205554 -0.750685 -0.676486
v 0.166065 -0.803042 -0.640336
v 0.128581 -0.783934 -0.703253
v -0.299142 -0.858732 -0.606293
v -0.217955 -0.885525 -0.623690
v -0.254242 -0.900833 -0.556745
v -0.126801 -0.773079 -0.693515
v -0.171459 -0.829126 -0.661134
v -0.209243 -0.764156 -0.688625
v -0.085027 -0.919017 -0.567984
v -0.130640 -0.891027 -0.626595
v -0.043794 -0.880198 -0.618498
v 0.043249 -0.790506 -0.709708
v 0.000000 -0.833211 -0.662378
v -0.043110 -0.787965 -0.707427
v 0.000000 -1.028509 -0.138571
v -0.082835 -0.976376 -0.269864
v -0.042205 -1.001496 -0.205003
v 0.042694 -1.013107 -0.207380
v 0.084068 -0.990911 -0.273881
v -0.211483 -0.926617 -0.484640
v -0.043732 -0.936881 -0.491560
v -0.127875 -0.938967 -0.492131
v -0.169429 -0.952171 -0.414753
v -0.125706 -0.957258 -0.340206
v 0.205835 -0.901868 -0.471696
v 0.127751 -0.972830 -0.345740
v 0.166312 -0.934655 -0.407124
v 0.123879 -0.909620 -0.476750
v 0.042688 -0.914506 -0.479821
v -0.042040 -0.958442 -0.340110
v 0.000000 -0.936084 -0.409718
v 0.042275 -0.963793 -0.342009
v 0.544848 -0.816603 -0.105141
v 0.567389 -0.812524 -0.040309
v 0.482984 -0.795403 -0.227242
v 0.513259 -0.805885 -0.167355
v 0.636848 -0.722674 -0.117557
v 0.578472 -0.768356 -0.143344
v 0.613046 -0.724343 -0.181072
v 0.381121 -0.782691 -0.483730
v 0.406188 -0.784835 -0.417464
v 0.514491 -0.685880 -0.359558
v 0.457493 -0.726900 -0.384147
v 0.485978 -0.674603 -0.416928
v 0.424911 -0.775938 -0.347958
v 0.450733 -0.781004 -0.287539
v 0.742054 -0.523914 -0.258497
v 0.691669 -0.570191 -0.287300
v 0.715977 -0.520175 -0.321486
v 0.655364 -0.686228 -0.223127
v 0.669531 -0.623376 -0.253844
v 0.701297 -0.631980 -0.192031
v 0.602401 -0.599982 -0.370809
v 0.636979 -0.613133 -0.314019
v 0.582605 -0.655858 -0.340230
v 0.515711 -0.747502 -0.265202
v 0.553491 -0.706774 -0.305473
v 0.593603 -0.728185 -0.247944
v 0.065169 -0.501766 -0.852151
v 0.107440 -0.556761 -0.834457
v 0.239214 -0.508428 -0.837307
v 0.173377 -0.531726 -0.834881
v 0.195181 -0.458309 -0.862188
v 0.149766 -0.604389 -0.802780
v 0.189999 -0.643269 -0.760053
v 0.501522 -0.395140 -0.811480
v 0.442892 -0.430929 -0.832639
v 0.464579 -0.359657 -0.869062
v 0.383523 -0.548782 -0.731594
v 0.417271 -0.496941 -0.789578
v 0.450429 -0.525028 -0.728810
v 0.334151 -0.420049 -0.886169
v 0.381275 -0.465597 -0.850234
v 0.314176 -0.492489 -0.853356
v 0.304651 -0.733442 -0.604627
v 0.340002 -0.757214 -0.550134
v 0.236389 -0.694316 -0.727015
v 0.271367 -0.715750 -0.666408
v 0.391554 -0.636102 -0.633548
v 0.333428 -0.676350 -0.651030
v 0.361256 -0.618611 -0.696390
v 0.286231 -0.556605 -0.806775
v 0.326830 -0.592187 -0.756187
v 0.262365 -0.628128 -0.770538
v 0.818940 -0.062629 -0.482210
v 0.785306 -0.101112 -0.523967
v 0.781306 -0.038760 -0.545589
v 0.814811 -0.232787 -0.494769
v 0.793473 -0.164778 -0.505354
v 0.834024 -0.188806 -0.443338
v 0.726255 -0.118139 -0.640003
v 0.762447 -0.142242 -0.574024
v 0.738214 -0.184539 -0.624786
v 0.756207 -0.467361 -0.368225
v 0.787371 -0.418813 -0.407501
v 0.802363 -0.428923 -0.332054
v 0.738229 -0.387002 -0.553760
v 0.755304 -0.399159 -0.475370
v 0.706469 -0.436622 -0.508933
v 0.843475 -0.318052 -0.399811
v 0.797665 -0.357701 -0.436809
v 0.820448 -0.302061 -0.473498
v 0.567843 -0.280171 -0.804273
v 0.618769 -0.311776 -0.750597
v 0.566563 -0.350155 -0.779827
v 0.692263 -0.225089 -0.661126
v 0.657669 -0.267808 -0.706363
v 0.646849 -0.196549 -0.717798
v 0.649656 -0.401509 -0.652275
v 0.659344 -0.337686 -0.684987
v 0.695935 -0.361020 -0.618207
v 0.785607 -0.278721 -0.542001
v 0.744927 -0.321963 -0.583369
v 0.748317 -0.254799 -0.610014
v 0.402797 -0.714650 -0.521914
v 0.448265 -0.589454 -0.598089
v 0.425053 -0.650064 -0.559817
v 0.456065 -0.662159 -0.486860
v 0.512639 -0.621394 -0.460693
v 0.550914 -0.425178 -0.754359
v 0.625470 -0.468786 -0.616439
v 0.593657 -0.450746 -0.689359
v 0.528116 -0.494712 -0.718270
v 0.485331 -0.540056 -0.654627
v 0.691201 -0.504789 -0.389580
v 0.578753 -0.587232 -0.440127
v 0.634740 -0.546621 -0.415033
v 0.670001 -0.492626 -0.461467
v 0.653099 -0.484199 -0.538796
v 0.512015 -0.551129 -0.575303
v 0.593572 -0.528273 -0.568630
v 0.553202 -0.577467 -0.513941
v 0.621309 -0.791059 0.000000
v 0.673464 -0.681487 -0.077450
v 0.651568 -0.738824 -0.040069
v 0.666637 -0.755911 0.040996
v 0.705765 -0.714174 0.081164
v 0.783624 -0.484307 -0.221162
v 0.756395 -0.532742 -0.186172
v 0.792619 -0.556958 -0.039436
v 0.768746 -0.540603 -0.112712
v 0.819696 -0.506600 -0.075838
v 0.721772 -0.575532 -0.149259
v 0.704991 -0.632435 -0.115633
v 0.835242 -0.588275 0.205578
v 0.864656 -0.534387 0.244032
v 0.746502 -0.669674 0.122442
v 0.792838 -0.632199 0.163955
v 0.857591 -0.530021 0.079344
v 0.828800 -0.582835 0.121517
v 0.814597 -0.572402 0.040530
v 0.722990 -0.649092 -0.039555
v 0.761218 -0.605146 0.000000
v 0.740064 -0.664421 0.040489
v 0.833591 0.000000 -0.438625
v 0.856951 -0.063165 -0.427422
v 0.947796 -0.066154 -0.317313
v 0.919351 -0.065805 -0.380658
v 0.926756 0.000000 -0.334081
v 0.880007 -0.129282 -0.414455
v 0.892528 -0.195564 -0.395634
v 1.020995 -0.068353 -0.042245
v 1.021393 -0.068710 -0.113696
v 1.006313 0.000000 -0.069745
v 0.962442 -0.198596 -0.192030
v 0.988223 -0.134453 -0.152910
v 0.986581 -0.201483 -0.124523
v 0.984044 0.000000 -0.207264
v 0.994046 -0.067457 -0.181895
v 0.978664 -0.067395 -0.250401
v 0.847361 -0.375983 -0.299748
v 0.820464 -0.427691 -0.264327
v 0.893819 -0.263272 -0.369377
v 0.882419 -0.324710 -0.339048
v 0.908003 -0.319936 -0.197731
v 0.896433 -0.322547 -0.267819
v 0.932677 -0.263199 -0.231618
v 0.954961 -0.133568 -0.292113
v 0.946625 -0.199556 -0.262158
v 0.927527 -0.199428 -0.332342
v 0.923904 -0.068100 0.460815
v 0.910219 0.000000 0.478946
v 0.929875 -0.203747 0.412189
v 0.933961 -0.137208 0.439865
v 0.966338 0.000000 0.348349
v 0.952872 -0.068204 0.394538
v 0.971156 -0.067784 0.325133
v 0.883235 -0.460412 0.284550
v 0.898973 -0.398883 0.318005
v 0.973669 -0.274767 0.241798
v 0.934880 -0.336381 0.279306
v 0.951916 -0.335409 0.207294
v 0.914731 -0.336600 0.351463
v 0.934892 -0.275370 0.386350
v 0.986925 0.000000 0.068401
v 0.996862 -0.067060 0.110965
v 0.994279 -0.066565 0.041139
v 0.982356 -0.067649 0.251346
v 0.996953 -0.067654 0.182427
v 0.999208 0.000000 0.210458
v 0.995252 -0.203254 0.125618
v 1.004713 -0.136697 0.155462
v 0.999461 -0.206235 0.199416
v 0.965991 -0.207699 0.346125
v 0.996136 -0.209994 0.275869
v 0.986375 -0.137962 0.301722
v 0.825311 -0.431655 -0.188362
v 0.907875 -0.322655 -0.119221
v 0.871505 -0.379616 -0.155075
v 0.832662 -0.436414 -0.113398
v 0.863134 -0.452867 -0.040290
v 1.008489 -0.135874 0.000000
v 0.968451 -0.267673 0.082162
v 0.974713 -0.199520 0.041076
v 0.976405 -0.199867 -0.041148
v 0.940296 -0.259891 -0.079774
v 0.900375 -0.470915 0.205494
v 0.901617 -0.473058 0.042086
v 0.900104 -0.471762 0.122583
v 0.942565 -0.410569 0.167719
v 0.959192 -0.340893 0.125960
v 0.914405 -0.324483 -0.040108
v 0.951820 -0.337760 0.041749
v 0.901176 -0.394439 0.000000
v 0.066831 -0.452225 0.906681
v 0.193767 -0.392000 0.884329
v 0.131798 -0.422522 0.897138
v 0.067679 -0.391499 0.945532
v 0.066501 -0.318979 0.952773
v 0.422219 -0.260946 0.809967
v 0.373479 -0.297752 0.841717
v 0.257038 -0.226196 0.910843
v 0.316226 -0.262571 0.878866
v 0.317122 -0.195992 0.900016
v 0.319085 -0.333176 0.867135
v 0.260877 -0.366016 0.885686
v 0.066064 -0.109317 0.982053
v 0.066354 -0.041009 0.991139
v 0.066660 -0.247672 0.967996
v 0.065936 -0.177795 0.971640
v 0.193741 -0.119738 0.948671
v 0.132064 -0.150193 0.970665
v 0.193586 -0.187186 0.938164
v 0.196185 -0.326937 0.912441
v 0.194890 -0.256027 0.924488
v 0.132317 -0.289376 0.946012
v 0.795318 0.000000 0.624654
v 0.706112 0.080248 0.697798
v 0.744443 0.040374 0.656524
v 0.753285 -0.040854 0.664322
v 0.703263 -0.079925 0.694983
v 0.520567 0.237720 0.842294
v 0.571413 0.199686 0.811301
v 0.581350 0.041163 0.827332
v 0.580788 0.121090 0.825889
v 0.534154 0.079963 0.864279
v 0.622011 0.161313 0.780061
v 0.669051 0.122328 0.745808
v 0.541605 -0.189269 0.768978
v 0.493179 -0.225214 0.797980
v 0.651497 -0.119118 0.726240
v 0.594800 -0.154256 0.745936
v 0.523353 -0.078346 0.846803
v 0.557522 -0.116239 0.792804
v 0.576941 -0.040851 0.821057
v 0.675670 0.041175 0.752593
v 0.627939 0.000000 0.789890
v 0.671413 -0.040915 0.747851
v 0.067407 0.456125 0.914499
v 0.066574 0.319328 0.953816
v 0.066969 0.387393 0.935615
v 0.135950 0.435834 0.925402
v 0.198924 0.402431 0.907863
v 0.066497 0.041097 0.993270
v 0.066701 0.110370 0.991517
v 0.195753 0.189282 0.948666
v 0.132411 0.150588 0.973214
v 0.194026 0.119915 0.950067
v 0.067499 0.182009 0.994668
v 0.067281 0.249978 0.977008
v 0.385652 0.307457 0.869153
v 0.449695 0.277927 0.862676
v 0.263564 0.369786 0.894810
v 0.323688 0.337982 0.879643
v 0.328645 0.203113 0.932719
v 0.327600 0.272014 0.910476
v 0.264822 0.233046 0.938427
v 0.134832 0.294877 0.963995
v 0.202039 0.265419 0.958402
v 0.200465 0.334071 0.932350
v 0.439477 -0.191776 0.840267
v 0.465656 -0.041428 0.887510
v 0.454568 -0.118115 0.867298
v 0.382057 -0.156072 0.877109
v 0.327730 -0.121096 0.922153
v 0.457950 0.199837 0.875587
v 0.335253 0.123876 0.943323
v 0.398113 0.162631 0.913970
v 0.465479 0.120950 0.888116
v 0.470529 0.041861 0.896796
v 0.132447 0.000000 0.983060
v 0.264718 -0.081255 0.957757
v 0.197026 -0.040563 0.962526
v 0.198421 0.040850 0.969343
v 0.265766 0.081577 0.961550
v 0.405798 0.000000 0.927127
v 0.337093 0.041667 0.949939
v 0.334919 -0.041398 0.943814
v -0.555243 -0.832182 0.107147
v -0.498086 -0.820275 0.234348
v -0.529292 -0.831058 0.172583
v -0.597412 -0.793513 0.148037
v -0.637534 -0.753277 0.188305
v -0.378262 -0.776818 0.480100
v -0.411732 -0.795548 0.423162
v -0.569949 -0.759812 0.398316
v -0.490050 -0.778628 0.411484
v -0.531881 -0.738323 0.456309
v -0.437622 -0.799150 0.358367
v -0.465640 -0.806834 0.297048
v -0.776292 -0.639951 0.322450
v -0.796623 -0.578766 0.357697
v -0.689331 -0.721796 0.234692
v -0.741284 -0.690182 0.281048
v -0.682094 -0.679355 0.419864
v -0.714722 -0.687965 0.352345
v -0.646641 -0.727945 0.377625
v -0.550727 -0.798255 0.283208
v -0.597057 -0.762405 0.329517
v -0.616827 -0.756674 0.257644
v -0.104792 -0.543038 0.813889
v -0.231834 -0.492743 0.811474
v -0.166778 -0.511488 0.803104
v -0.142542 -0.575238 0.764060
v -0.180819 -0.612191 0.723332
v -0.507358 -0.399738 0.820923
v -0.436699 -0.424904 0.820997
v -0.390442 -0.558682 0.744792
v -0.410446 -0.488812 0.776662
v -0.457199 -0.532919 0.739764
v -0.364147 -0.444681 0.812040
v -0.301479 -0.472585 0.818867
v -0.299866 -0.721922 0.595130
v -0.332579 -0.740683 0.538124
v -0.225303 -0.661755 0.692920
v -0.262861 -0.693315 0.645520
v -0.401353 -0.652021 0.649402
v -0.331515 -0.672470 0.647296
v -0.360043 -0.616533 0.694051
v -0.276032 -0.536772 0.778028
v -0.321185 -0.581959 0.743126
v -0.247332 -0.592137 0.726387
v -0.837736 -0.107862 0.558949
v -0.841357 -0.240371 0.510888
v -0.841305 -0.174711 0.535818
v -0.813530 -0.151772 0.612482
v -0.771311 -0.192813 0.652797
v -0.808002 -0.499373 0.393446
v -0.813573 -0.432750 0.421061
v -0.745395 -0.390758 0.559135
v -0.770063 -0.406958 0.484659
v -0.738304 -0.456297 0.531867
v -0.809101 -0.362829 0.443072
v -0.829681 -0.305460 0.478826
v -0.613506 -0.309125 0.744213
v -0.571213 -0.353029 0.786227
v -0.709119 -0.230570 0.677225
v -0.653992 -0.266311 0.702414
v -0.653073 -0.403621 0.655706
v -0.656135 -0.336042 0.681653
v -0.708035 -0.367297 0.628955
v -0.797769 -0.283036 0.550392
v -0.764421 -0.330389 0.598636
v -0.761876 -0.259416 0.621067
v -0.410980 -0.729170 0.532518
v -0.484394 -0.636963 0.646294
v -0.448644 -0.686144 0.590888
v -0.489961 -0.711371 0.523044
v -0.571974 -0.693317 0.514016
v -0.559005 -0.431422 0.765438
v -0.635652 -0.476418 0.626475
v -0.597160 -0.453406 0.693427
v -0.537044 -0.503075 0.730412
v -0.511737 -0.569438 0.690243
v -0.755090 -0.551448 0.425590
v -0.643799 -0.653230 0.489593
v -0.696908 -0.600157 0.455682
v -0.720107 -0.529467 0.495978
v -0.679726 -0.503940 0.560762
v -0.559482 -0.602223 0.628638
v -0.623823 -0.555197 0.597610
v -0.602838 -0.629281 0.560054
v -0.104235 -0.540154 -0.809567
v -0.189662 -0.642130 -0.758707
v -0.148319 -0.598548 -0.795022
v -0.170546 -0.523045 -0.821250
v -0.234331 -0.498051 -0.820217
v -0.367654 -0.818798 -0.594877
v -0.324044 -0.780130 -0.643115
v -0.365953 -0.626654 -0.705444
v -0.345899 -0.701647 -0.675380
v -0.411790 -0.668976 -0.666290
v -0.278444 -0.734415 -0.683787
v -0.235782 -0.692534 -0.725150
v -0.434086 -0.422361 -0.816084
v -0.494736 -0.389793 -0.800499
v -0.304696 -0.477629 -0.827607
v -0.370327 -0.452228 -0.825822
v -0.447774 -0.521933 -0.724514
v -0.407743 -0.485594 -0.771549
v -0.387780 -0.554874 -0.739715
v -0.255361 -0.611360 -0.749967
v -0.324766 -0.588448 -0.751413
v -0.279626 -0.543760 -0.788157
v -0.549412 -0.823442 -0.106022
v -0.643026 -0.759765 -0.189927
v -0.607324 -0.806678 -0.150493
v -0.523083 -0.821310 -0.170558
v -0.491386 -0.809240 -0.231195
v -0.738669 -0.536661 -0.331675
v -0.723887 -0.596750 -0.300682
v -0.607969 -0.684411 -0.355042
v -0.668653 -0.643621 -0.329634
v -0.629227 -0.626700 -0.387322
v -0.709457 -0.660550 -0.268981
v -0.676441 -0.708298 -0.230303
v -0.427068 -0.825179 -0.438924
v -0.402367 -0.826322 -0.510695
v -0.471877 -0.817640 -0.301027
v -0.457106 -0.834730 -0.374322
v -0.527607 -0.732391 -0.452642
v -0.488998 -0.776957 -0.410602
v -0.545754 -0.727556 -0.381406
v -0.602023 -0.738514 -0.251461
v -0.569188 -0.726819 -0.314137
v -0.526217 -0.762729 -0.270604
v -0.821536 -0.105776 -0.548140
v -0.745476 -0.186355 -0.630932
v -0.786403 -0.146711 -0.592059
v -0.812080 -0.168642 -0.517204
v -0.810134 -0.231451 -0.491929
v -0.553612 -0.342151 -0.762001
v -0.601184 -0.302916 -0.729265
v -0.695232 -0.360656 -0.617582
v -0.649847 -0.332822 -0.675121
v -0.652248 -0.403112 -0.654878
v -0.648313 -0.263998 -0.696314
v -0.698498 -0.227117 -0.667081
v -0.761519 -0.405062 -0.394121
v -0.744266 -0.459981 -0.362411
v -0.795597 -0.292911 -0.459156
v -0.776111 -0.348036 -0.425006
v -0.709024 -0.438201 -0.510774
v -0.742350 -0.392313 -0.467217
v -0.724194 -0.379644 -0.543232
v -0.748449 -0.254844 -0.610122
v -0.737831 -0.318896 -0.577812
v -0.771368 -0.273669 -0.532177
v -0.433585 -0.769275 -0.561807
v -0.540851 -0.655591 -0.486046
v -0.491597 -0.713748 -0.524791
v -0.454656 -0.695340 -0.598807
v -0.479496 -0.630523 -0.639759
v -0.702092 -0.512743 -0.395718
v -0.644887 -0.478110 -0.532020
v -0.670406 -0.492924 -0.461746
v -0.641385 -0.552343 -0.419378
v -0.592431 -0.601109 -0.450528
v -0.536885 -0.414351 -0.735150
v -0.497575 -0.553680 -0.671142
v -0.523349 -0.490246 -0.711786
v -0.587669 -0.446200 -0.682406
v -0.619449 -0.464274 -0.610506
v -0.567178 -0.592056 -0.526925
v -0.592662 -0.527463 -0.567758
v -0.536513 -0.577499 -0.602829
v 0.757157 0.000000 -0.594683
v 0.688758 -0.078276 -0.680648
v 0.726446 -0.039398 -0.640652
v 0.723626 0.039245 -0.638165
v 0.689195 0.078326 -0.681081
v 0.524858 -0.239680 -0.849238
v 0.565342 -0.197564 -0.802681
v 0.559444 -0.039612 -0.796156
v 0.558420 -0.116426 -0.794081
v 0.506872 -0.075878 -0.820136
v 0.604586 -0.156794 -0.758208
v 0.646803 -0.118260 -0.721008
v 0.554875 0.193906 -0.787819
v 0.512807 0.234177 -0.829739
v 0.644844 0.117902 -0.718823
v 0.601560 0.156009 -0.754414
v 0.504861 0.075577 -0.816882
v 0.559809 0.116716 -0.796056
v 0.558869 0.039571 -0.795339
v 0.652820 -0.039782 -0.727141
v 0.608404 0.000000 -0.765316
v 0.657458 0.040065 -0.732308
v 0.064218 -0.434543 -0.871230
v 0.062835 -0.301394 -0.900248
v 0.063198 -0.365579 -0.882932
v 0.127497 -0.408732 -0.867857
v 0.194061 -0.392593 -0.885668
v 0.066725 -0.041238 -0.996677
v 0.065444 -0.108292 -0.972845
v 0.194965 -0.188519 -0.944844
v 0.129958 -0.147798 -0.955185
v 0.195402 -0.120765 -0.956807
v 0.064273 -0.173309 -0.947125
v 0.063805 -0.237065 -0.926541
v 0.399770 -0.318713 -0.900971
v 0.465153 -0.287480 -0.892330
v 0.264520 -0.371127 -0.898055
v 0.335327 -0.350135 -0.911273
v 0.321918 -0.198956 -0.913629
v 0.330448 -0.274379 -0.918390
v 0.258285 -0.227293 -0.915263
v 0.126909 -0.277549 -0.907350
v 0.191551 -0.251641 -0.908650
v 0.193074 -0.321754 -0.897975
v 0.068448 0.463168 -0.928620
v 0.204289 0.413285 -0.932349
v 0.137510 0.440832 -0.936014
v 0.067802 0.392211 -0.947252
v 0.066329 0.318152 -0.950302
v 0.458706 0.283496 -0.879962
v 0.400649 0.319413 -0.902952
v 0.279129 0.245635 -0.989124
v 0.338630 0.281173 -0.941131
v 0.342889 0.211917 -0.973145
v 0.337625 0.352534 -0.917517
v 0.275012 0.385848 -0.933676
v 0.066289 0.109690 -0.985402
v 0.066544 0.041127 -0.993975
v 0.067283 0.249987 -0.977043
v 0.067128 0.181007 -0.989196
v 0.208172 0.128658 -1.019338
v 0.137967 0.156906 -1.014047
v 0.210070 0.203125 -1.018048
v 0.204868 0.341407 -0.952824
v 0.209333 0.275001 -0.993000
v 0.134853 0.294924 -0.964148
v 0.460870 -0.201111 -0.881170
v 0.325888 -0.120415 -0.916970
v 0.394193 -0.161030 -0.904970
v 0.457635 -0.118912 -0.873149
v 0.457807 -0.040729 -0.872550
v 0.134559 0.000000 -0.998735
v 0.271066 0.083204 -0.980728
v 0.205858 0.042381 -1.005671
v 0.202474 -0.041684 -0.989140
v 0.263171 -0.080781 -0.952163
v 0.461120 0.201220 -0.881647
v 0.450648 0.040092 -0.858906
v 0.448605 0.116565 -0.855921
v 0.404886 0.165398 -0.929518
v 0.345223 0.127560 -0.971376
v 0.328215 -0.040570 -0.924921
v 0.334703 0.041372 -0.943204
v 0.395695 0.000000 -0.904044
v 0.926505 0.068292 0.462113
v 0.970378 0.067730 0.324873
v 0.955802 0.068414 0.395751
v 0.916992 0.134715 0.431873
v 0.906892 0.198711 0.402001
v 0.982827 0.065798 0.040665
v 0.991585 0.066705 0.110378
v 0.982090 0.202650 0.195950
v 0.982334 0.133652 0.151999
v 0.983216 0.200795 0.124098
v 1.000129 0.067870 0.183008
v 0.986370 0.067925 0.252373
v 0.879515 0.390250 0.311122
v 0.855994 0.446212 0.275774
v 0.905078 0.266589 0.374029
v 0.910854 0.335173 0.349974
v 0.929677 0.327573 0.202451
v 0.934260 0.336158 0.279120
v 0.961173 0.271241 0.238694
v 0.969638 0.135621 0.296603
v 0.968511 0.204170 0.268219
v 0.943000 0.202755 0.337887
v 0.838448 0.061801 -0.418193
v 0.860495 0.188545 -0.381435
v 0.849354 0.124778 -0.400018
v 0.887564 0.063529 -0.367497
v 0.915880 0.063926 -0.306627
v 0.807831 0.421106 -0.260258
v 0.828528 0.367626 -0.293086
v 0.887642 0.250491 -0.220434
v 0.849724 0.305741 -0.253864
v 0.863275 0.304176 -0.187991
v 0.832914 0.306493 -0.320027
v 0.856309 0.252224 -0.353875
v 0.990214 0.066613 -0.110225
v 0.988723 0.066193 -0.040909
v 0.939784 0.064717 -0.240453
v 0.971203 0.065907 -0.177715
v 0.941964 0.192371 -0.118892
v 0.960955 0.130743 -0.148691
v 0.918217 0.189471 -0.183206
v 0.897947 0.193068 -0.321744
v 0.917069 0.193326 -0.253972
v 0.924185 0.129264 -0.282699
v 0.600257 0.764255 0.000000
v 0.674962 0.683004 0.077622
v 0.639068 0.724650 0.039301
v 0.625081 0.708790 -0.038440
v 0.660887 0.668761 -0.076003
v 0.840017 0.519159 0.237077
v 0.809203 0.569936 0.199169
v 0.771843 0.542359 0.038402
v 0.791793 0.556811 0.116091
v 0.816400 0.504563 0.075533
v 0.769134 0.613298 0.159053
v 0.718208 0.644292 0.117801
v 0.761105 0.536059 -0.187331
v 0.783899 0.484476 -0.221239
v 0.708320 0.635422 -0.116179
v 0.738846 0.589147 -0.152790
v 0.801287 0.495223 -0.074135
v 0.771199 0.542329 -0.113071
v 0.769600 0.540783 -0.038291
v 0.707878 0.635525 0.038728
v 0.738451 0.587047 0.000000
v 0.700987 0.629339 -0.038351
v 0.986530 0.132915 0.000000
v 0.910400 0.251628 -0.077237
v 0.957963 0.196092 -0.040371
v 0.966870 0.197915 0.040746
v 0.959692 0.265252 0.081419
v 0.816796 0.427201 -0.186419
v 0.826506 0.433649 -0.038580
v 0.822641 0.431162 -0.112033
v 0.834129 0.363336 -0.148424
v 0.873556 0.310459 -0.114714
v 0.859623 0.449601 0.196193
v 0.934288 0.332042 0.122690
v 0.897539 0.390957 0.159707
v 0.858128 0.449761 0.116866
v 0.847337 0.444578 0.039552
v 0.891938 0.316511 -0.039123
v 0.872503 0.381890 0.000000
v 0.928288 0.329410 0.040717
f 1 643 645
f 163 644 643
f 165 645 644
f 643 644 645
f 43 646 648
f 164 647 646
f 163 648 647
f 646 647 648
f 45 649 651
f 165 650 649
f 164 651 650
f 649 650 651
f 163 647 644
f 164 650 647
f 165 644 650
f 647 650 644
f 13 652 654
f 166 653 652
f 168 654 653
f 652 653 654
f 44 655 657
f 167 656 655
f 166 657 656
f 655 656 657
f 43 658 660
f 168 659 658
f 167 660 659
f 658 659 660
f 166 656 653
f 167 659 656
f 168 653 659
f 656 659 653
f 15 661 663
f 169 662 661
f 171 663 662
f 661 662 663
f 45 664 666
f 170 665 664
f 169 666 665
f 664 665 666
f 44 667 669
f 171 668 667
f 170 669 668
f 667 668 669
f 169 665 662
f 170 668 665
f 171 662 668
f 665 668 662
f 43 660 646
f 167 670 660
f 164 646 670
f 660 670 646
f 44 669 655
f 170 671 669
f 167 655 671
f 669 671 655
f 45 651 664
f 164 672 651
f 170 664 672
f 651 672 664
f 167 671 670
f 170 672 671
f 164 670 672
f 671 672 670
f 12 673 675
f 172 674 673
f 174 675 674
f 673 674 675
f 46 676 678
f 173 677 676
f 172 678 677
f 676 677 678
f 48 679 681
f 174 680 679
f 173 681 680
f 679 680 681
f 172 677 674
f 173 680 677
f 174 674 680
f 677 680 674
f 14 682 684
f 175 683 682
f 177 684 683
f 682 683 684
f 47 685 687
f 176 686 685
f 175 687 686
f 685 686 687
f 46 688 690
f 177 689 688
f 176 690 689
f 688 689 690
f 175 686 683
f 176 689 686
f 177 683 689
f 686 689 683
f 13 691 693
f 178 692 691
f 180 693 692
f 691 692 693
f 48 694 696
f 179 695 694
f 178 696 695
f 694 695 696
f 47 697 699
f 180 698 697
f 179 699 698
f 697 698 699
f 178 695 692
f 179 698 695
f 180 692 698
f 695 698 692
f 46 690 676
f 176 700 690
f 173 676 700
f 690 700 676
f 47 699 685
f 179 701 699
f 176 685 701
f 699 701 685
f 48 681 694
f 173 702 681
f 179 694 702
f 681 702 694
f 176 701 700
f 179 702 701
f 173 700 702
f 701 702 700
f 6 703 705
f 181 704 703
f 183 705 704
f 703 704 705
f 49 706 708
f 182 707 706
f 181 708 707
f 706 707 708
f 51 709 711
f 183 710 709
f 182 711 710
f 709 710 711
f 181 707 704
f 182 710 707
f 183 704 710
f 707 710 704
f 15 712 714
f 184 713 712
f 186 714 713
f 712 713 714
f 50 715 717
f 185 716 715
f 184 717 716
f 715 716 717
f 49 718 720
f 186 719 718
f 185 720 719
f 718 719 720
f 184 716 713
f 185 719 716
f 186 713 719
f 716 719 713
f 14 721 723
f 187 722 721
f 189 723 722
f 721 722 723
f 51 724 726
f 188 725 724
f 187 726 725
f 724 725 726
f 50 727 729
f 189 728 727
f 188 729 728
f 727 728 729
f 187 725 722
f 188 728 725
f 189 722 728
f 725 728 722
f 49 720 706
f 185 730 720
f 182 706 730
f 720 730 706
f 50 729 715
f 188 731 729
f 185 715 731
f 729 731 715
f 51 711 724
f 182 732 711
f 188 724 732
f 711 732 724
f 185 731 730
f 188 732 731
f 182 730 732
f 731 732 730
f 13 693 652
f 180 733 693
f 166 652 733
f 693 733 652
f 47 734 697
f 190 735 734
f 180 697 735
f 734 735 697
f 44 657 737
f 166 736 657
f 190 737 736
f 657 736 737
f 180 735 733
f 190 736 735
f 166 733 736
f 735 736 733
f 14 723 682
f 189 738 723
f 175 682 738
f 723 738 682
f 50 739 727
f 191 740 739
f 189 727 740
f 739 740 727
f 47 687 742
f 175 741 687
f 191 742 741
f 687 741 742
f 189 740 738
f 191 741 740
f 175 738 741
f 740 741 738
f 15 663 712
f 171 743 663
f 184 712 743
f 663 743 712
f 44 744 667
f 192 745 744
f 171 667 745
f 744 745 667
f 50 717 747
f 184 746 717
f 192 747 746
f 717 746 747
f 171 745 743
f 192 746 745
f 184 743 746
f 745 746 743
f 47 742 734
f 191 748 742
f 190 734 748
f 742 748 734
f 50 747 739
f 192 749 747
f 191 739 749
f 747 749 739
f 44 737 744
f 190 750 737
f 192 744 750
f 737 750 744
f 191 749 748
f 192 750 749
f 190 748 750
f 749 750 748
f 1 645 752
f 165 751 645
f 194 752 751
f 645 751 752
f 45 753 649
f 193 754 753
f 165 649 754
f 753 754 649
f 53 755 757
f 194 756 755
f 193 757 756
f 755 756 757
f 165 754 751
f 193 756 754
f 194 751 756
f 754 756 751
f 15 758 661
f 195 759 758
f 169 661 759
f 758 759 661
f 52 760 762
f 196 761 760
f 195 762 761
f 760 761 762
f 45 666 764
f 169 763 666
f 196 764 763
f 666 763 764
f 195 761 759
f 196 763 761
f 169 759 763
f 761 763 759
f 17 765 767
f 197 766 765
f 199 767 766
f 765 766 767
f 53 768 770
f 198 769 768
f 197 770 769
f 768 769 770
f 52 771 773
f 199 772 771
f 198 773 772
f 771 772 773
f 197 769 766
f 198 772 769
f 199 766 772
f 769 772 766
f 45 764 753
f 196 774 764
f 193 753 774
f 764 774 753
f 52 773 760
f 198 775 773
f 196 760 775
f 773 775 760
f 53 757 768
f 193 776 757
f 198 768 776
f 757 776 768
f 196 775 774
f 198 776 775
f 193 774 776
f 775 776 774
f 6 777 703
f 200 778 777
f 181 703 778
f 777 778 703
f 54 779 781
f 201 780 779
f 200 781 780
f 779 780 781
f 49 708 783
f 181 782 708
f 201 783 782
f 708 782 783
f 200 780 778
f 201 782 780
f 181 778 782
f 780 782 778
f 16 784 786
f 202 785 784
f 204 786 785
f 784 785 786
f 55 787 789
f 203 788 787
f 202 789 788
f 787 788 789
f 54 790 792
f 204 791 790
f 203 792 791
f 790 791 792
f 202 788 785
f 203 791 788
f 204 785 791
f 788 791 785
f 15 714 794
f 186 793 714
f 206 794 793
f 714 793 794
f 49 795 718
f 205 796 795
f 186 718 796
f 795 796 718
f 55 797 799
f 206 798 797
f 205 799 798
f 797 798 799
f 186 796 793
f 205 798 796
f 206 793 798
f 796 798 793
f 54 792 779
f 203 800 792
f 201 779 800
f 792 800 779
f 55 799 787
f 205 801 799
f 203 787 801
f 799 801 787
f 49 783 795
f 201 802 783
f 205 795 802
f 783 802 795
f 203 801 800
f 205 802 801
f 201 800 802
f 801 802 800
f 2 803 805
f 207 804 803
f 209 805 804
f 803 804 805
f 56 806 808
f 208 807 806
f 207 808 807
f 806 807 808
f 58 809 811
f 209 810 809
f 208 811 810
f 809 810 811
f 207 807 804
f 208 810 807
f 209 804 810
f 807 810 804
f 17 812 814
f 210 813 812
f 212 814 813
f 812 813 814
f 57 815 817
f 211 816 815
f 210 817 816
f 815 816 817
f 56 818 820
f 212 819 818
f 211 820 819
f 818 819 820
f 210 816 813
f 211 819 816
f 212 813 819
f 816 819 813
f 16 821 823
f 213 822 821
f 215 823 822
f 821 822 823
f 58 824 826
f 214 825 824
f 213 826 825
f 824 825 826
f 57 827 829
f 215 828 827
f 214 829 828
f 827 828 829
f 213 825 822
f 214 828 825
f 215 822 828
f 825 828 822
f 56 820 806
f 211 830 820
f 208 806 830
f 820 830 806
f 57 829 815
f 214 831 829
f 211 815 831
f 829 831 815
f 58 811 824
f 208 832 811
f 214 824 832
f 811 832 824
f 211 831 830
f 214 832 831
f 208 830 832
f 831 832 830
f 15 794 758
f 206 833 794
f 195 758 833
f 794 833 758
f 55 834 797
f 216 835 834
f 206 797 835
f 834 835 797
f 52 762 837
f 195 836 762
f 216 837 836
f 762 836 837
f 206 835 833
f 216 836 835
f 195 833 836
f 835 836 833
f 16 823 784
f 215 838 823
f 202 784 838
f 823 838 784
f 57 839 827
f 217 840 839
f 215 827 840
f 839 840 827
f 55 789 842
f 202 841 789
f 217 842 841
f 789 841 842
f 215 840 838
f 217 841 840
f 202 838 841
f 840 841 838
f 17 767 812
f 199 843 767
f 210 812 843
f 767 843 812
f 52 844 771
f 218 845 844
f 199 771 845
f 844 845 771
f 57 817 847
f 210 846 817
f 218 847 846
f 817 846 847
f 199 845 843
f 218 846 845
f 210 843 846
f 845 846 843
f 55 842 834
f 217 848 842
f 216 834 848
f 842 848 834
f 57 847 839
f 218 849 847
f 217 839 849
f 847 849 839
f 52 837 844
f 216 850 837
f 218 844 850
f 837 850 844
f 217 849 848
f 218 850 849
f 216 848 850
f 849 850 848
f 1 752 852
f 194 851 752
f 220 852 851
f 752 851 852
f 53 853 755
f 219 854 853
f 194 755 854
f 853 854 755
f 60 855 857
f 220 856 855
f 219 857 856
f 855 856 857
f 194 854 851
f 219 856 854
f 220 851 856
f 854 856 851
f 17 858 765
f 221 859 858
f 197 765 859
f 858 859 765
f 59 860 862
f 222 861 860
f 221 862 861
f 860 861 862
f 53 770 864
f 197 863 770
f 222 864 863
f 770 863 864
f 221 861 859
f 222 863 861
f 197 859 863
f 861 863 859
f 19 865 867
f 223 866 865
f 225 867 866
f 865 866 867
f 60 868 870
f 224 869 868
f 223 870 869
f 868 869 870
f 59 871 873
f 225 872 871
f 224 873 872
f 871 872 873
f 223 869 866
f 224 872 869
f 225 866 872
f 869 872 866
f 53 864 853
f 222 874 864
f 219 853 874
f 864 874 853
f 59 873 860
f 224 875 873
f 222 860 875
f 873 875 860
f 60 857 868
f 219 876 857
f 224 868 876
f 857 876 868
f 222 875 874
f 224 876 875
f 219 874 876
f 875 876 874
f 2 877 803
f 226 878 877
f 207 803 878
f 877 878 803
f 61 879 881
f 227 880 879
f 226 881 880
f 879 880 881
f 56 808 883
f 207 882 808
f 227 883 882
f 808 882 883
f 226 880 878
f 227 882 880
f 207 878 882
f 880 882 878
f 18 884 886
f 228 885 884
f 230 886 885
f 884 885 886
f 62 887 889
f 229 888 887
f 228 889 888
f 887 888 889
f 61 890 892
f 230 891 890
f 229 892 891
f 890 891 892
f 228 888 885
f 229 891 888
f 230 885 891
f 888 891 885
f 17 814 894
f 212 893 814
f 232 894 893
f 814 893 894
f 56 895 818
f 231 896 895
f 212 818 896
f 895 896 818
f 62 897 899
f 232 898 897
f 231 899 898
f 897 898 899
f 212 896 893
f 231 898 896
f 232 893 898
f 896 898 893
f 61 892 879
f 229 900 892
f 227 879 900
f 892 900 879
f 62 899 887
f 231 901 899
f 229 887 901
f 899 901 887
f 56 883 895
f 227 902 883
f 231 895 902
f 883 902 895
f 229 901 900
f 231 902 901
f 227 900 902
f 901 902 900
f 8 903 905
f 233 904 903
f 235 905 904
f 903 904 905
f 63 906 908
f 234 907 906
f 233 908 907
f 906 907 908
f 65 909 911
f 235 910 909
f 234 911 910
f 909 910 911
f 233 907 904
f 234 910 907
f 235 904 910
f 907 910 904
f 19 912 914
f 236 913 912
f 238 914 913
f 912 913 914
f 64 915 917
f 237 916 915
f 236 917 916
f 915 916 917
f 63 918 920
f 238 919 918
f 237 920 919
f 918 919 920
f 236 916 913
f 237 919 916
f 238 913 919
f 916 919 913
f 18 921 923
f 239 922 921
f 241 923 922
f 921 922 923
f 65 924 926
f 240 925 924
f 239 926 925
f 924 925 926
f 64 927 929
f 241 928 927
f 240 929 928
f 927 928 929
f 239 925 922
f 240 928 925
f 241 922 928
f 925 928 922
f 63 920 906
f 237 930 920
f 234 906 930
f 920 930 906
f 64 929 915
f 240 931 929
f 237 915 931
f 929 931 915
f 65 911 924
f 234 932 911
f 240 924 932
f 911 932 924
f 237 931 930
f 240 932 931
f 234 930 932
f 931 932 930
f 17 894 858
f 232 933 894
f 221 858 933
f 894 933 858
f 62 934 897
f 242 935 934
f 232 897 935
f 934 935 897
f 59 862 937
f 221 936 862
f 242 937 936
f 862 936 937
f 232 935 933
f 242 936 935
f 221 933 936
f 935 936 933
f 18 923 884
f 241 938 923
f 228 884 938
f 923 938 884
f 64 939 927
f 243 940 939
f 241 927 940
f 939 940 927
f 62 889 942
f 228 941 889
f 243 942 941
f 889 941 942
f 241 940 938
f 243 941 940
f 228 938 941
f 940 941 938
f 19 867 912
f 225 943 867
f 236 912 943
f 867 943 912
f 59 944 871
f 244 945 944
f 225 871 945
f 944 945 871
f 64 917 947
f 236 946 917
f 244 947 946
f 917 946 947
f 225 945 943
f 244 946 945
f 236 943 946
f 945 946 943
f 62 942 934
f 243 948 942
f 242 934 948
f 942 948 934
f 64 947 939
f 244 949 947
f 243 939 949
f 947 949 939
f 59 937 944
f 242 950 937
f 244 944 950
f 937 950 944
f 243 949 948
f 244 950 949
f 242 948 950
f 949 950 948
f 1 852 952
f 220 951 852
f 246 952 951
f 852 951 952
f 60 953 855
f 245 954 953
f 220 855 954
f 953 954 855
f 67 955 957
f 246 956 955
f 245 957 956
f 955 956 957
f 220 954 951
f 245 956 954
f 246 951 956
f 954 956 951
f 19 958 865
f 247 959 958
f 223 865 959
f 958 959 865
f 66 960 962
f 248 961 960
f 247 962 961
f 960 961 962
f 60 870 964
f 223 963 870
f 248 964 963
f 870 963 964
f 247 961 959
f 248 963 961
f 223 959 963
f 961 963 959
f 21 965 967
f 249 966 965
f 251 967 966
f 965 966 967
f 67 968 970
f 250 969 968
f 249 970 969
f 968 969 970
f 66 971 973
f 251 972 971
f 250 973 972
f 971 972 973
f 249 969 966
f 250 972 969
f 251 966 972
f 969 972 966
f 60 964 953
f 248 974 964
f 245 953 974
f 964 974 953
f 66 973 960
f 250 975 973
f 248 960 975
f 973 975 960
f 67 957 968
f 245 976 957
f 250 968 976
f 957 976 968
f 248 975 974
f 250 976 975
f 245 974 976
f 975 976 974
f 8 977 903
f 252 978 977
f 233 903 978
f 977 978 903
f 68 979 981
f 253 980 979
f 252 981 980
f 979 980 981
f 63 908 983
f 233 982 908
f 253 983 982
f 908 982 983
f 252 980 978
f 253 982 980
f 233 978 982
f 980 982 978
f 20 984 986
f 254 985 984
f 256 986 985
f 984 985 986
f 69 987 989
f 255 988 987
f 254 989 988
f 987 988 989
f 68 990 992
f 256 991 990
f 255 992 991
f 990 991 992
f 254 988 985
f 255 991 988
f 256 985 991
f 988 991 985
f 19 914 994
f 238 993 914
f 258 994 993
f 914 993 994
f 63 995 918
f 257 996 995
f 238 918 996
f 995 996 918
f 69 997 999
f 258 998 997
f 257 999 998
f 997 998 999
f 238 996 993
f 257 998 996
f 258 993 998
f 996 998 993
f 68 992 979
f 255 1000 992
f 253 979 1000
f 992 1000 979
f 69 999 987
f 257 1001 999
f 255 987 1001
f 999 1001 987
f 63 983 995
f 253 1002 983
f 257 995 1002
f 983 1002 995
f 255 1001 1000
f 257 1002 1001
f 253 1000 1002
f 1001 1002 1000
f 11 1003 1005
f 259 1004 1003
f 261 1005 1004
f 1003 1004 1005
f 70 1006 1008
f 260 1007 1006
f 259 1008 1007
f 1006 1007 1008
f 72 1009 1011
f 261 1010 1009
f 260 1011 1010
f 1009 1010 1011
f 259 1007 1004
f 260 1010 1007
f 261 1004 1010
f 1007 1010 1004
f 21 1012 1014
f 262 1013 1012
f 264 1014 1013
f 1012 1013 1014
f 71 1015 1017
f 263 1016 1015
f 262 1017 1016
f 1015 1016 1017
f 70 1018 1020
f 264 1019 1018
f 263 1020 1019
f 1018 1019 1020
f 262 1016 1013
f 263 1019 1016
f 264 1013 1019
f 1016 1019 1013
f 20 1021 1023
f 265 1022 1021
f 267 1023 1022
f 1021 1022 1023
f 72 1024 1026
f 266 1025 1024
f 265 1026 1025
f 1024 1025 1026
f 71 1027 1029
f 267 1028 1027
f 266 1029 1028
f 1027 1028 1029
f 265 1025 1022
f 266 1028 1025
f 267 1022 1028
f 1025 1028 1022
f 70 1020 1006
f 263 1030 1020
f 260 1006 1030
f 1020 1030 1006
f 71 1029 1015
f 266 1031 1029
f 263 1015 1031
f 1029 1031 1015
f 72 1011 1024
f 260 1032 1011
f 266 1024 1032
f 1011 1032 1024
f 263 1031 1030
f 266 1032 1031
f 260 1030 1032
f 1031 1032 1030
f 19 994 958
f 258 1033 994
f 247 958 1033
f 994 1033 958
f 69 1034 997
f 268 1035 1034
f 258 997 1035
f 1034 1035 997
f 66 962 1037
f 247 1036 962
f 268 1037 1036
f 962 1036 1037
f 258 1035 1033
f 268 1036 1035
f 247 1033 1036
f 1035 1036 1033
f 20 1023 984
f 267 1038 1023
f 254 984 1038
f 1023 1038 984
f 71 1039 1027
f 269 1040 1039
f 267 1027 1040
f 1039 1040 1027
f 69 989 1042
f 254 1041 989
f 269 1042 1041
f 989 1041 1042
f 267 1040 1038
f 269 1041 1040
f 254 1038 1041
f 1040 1041 1038
f 21 967 1012
f 251 1043 967
f 262 1012 1043
f 967 1043 1012
f 66 1044 971
f 270 1045 1044
f 251 971 1045
f 1044 1045 971
f 71 1017 1047
f 262 1046 1017
f 270 1047 1046
f 1017 1046 1047
f 251 1045 1043
f 270 1046 1045
f 262 1043 1046
f 1045 1046 1043
f 69 1042 1034
f 269 1048 1042
f 268 1034 1048
f 1042 1048 1034
f 71 1047 1039
f 270 1049 1047
f 269 1039 1049
f 1047 1049 1039
f 66 1037 1044
f 268 1050 1037
f 270 1044 1050
f 1037 1050 1044
f 269 1049 1048
f 270 1050 1049
f 268 1048 1050
f 1049 1050 1048
f 1 952 643
f 246 1051 952
f 163 643 1051
f 952 1051 643
f 67 1052 955
f 271 1053 1052
f 246 955 1053
f 1052 1053 955
f 43 648 1055
f 163 1054 648
f 271 1055 1054
f 648 1054 1055
f 246 1053 1051
f 271 1054 1053
f 163 1051 1054
f 1053 1054 1051
f 21 1056 965
f 272 1057 1056
f 249 965 1057
f 1056 1057 965
f 73 1058 1060
f 273 1059 1058
f 272 1060 1059
f 1058 1059 1060
f 67 970 1062
f 249 1061 970
f 273 1062 1061
f 970 1061 1062
f 272 1059 1057
f 273 1061 1059
f 249 1057 1061
f 1059 1061 1057
f 13 654 1064
f 168 1063 654
f 275 1064 1063
f 654 1063 1064
f 43 1065 658
f 274 1066 1065
f 168 658 1066
f 1065 1066 658
f 73 1067 1069
f 275 1068 1067
f 274 1069 1068
f 1067 1068 1069
f 168 1066 1063
f 274 1068 1066
f 275 1063 1068
f 1066 1068 1063
f 67 1062 1052
f 273 1070 1062
f 271 1052 1070
f 1062 1070 1052
f 73 1069 1058
f 274 1071 1069
f 273 1058 1071
f 1069 1071 1058
f 43 1055 1065
f 271 1072 1055
f 274 1065 1072
f 1055 1072 1065
f 273 1071 1070
f 274 1072 1071
f 271 1070 1072
f 1071 1072 1070
f 11 1073 1003
f 276 1074 1073
f 259 1003 1074
f 1073 1074 1003
f 74 1075 1077
f 277 1076 1075
f 276 1077 1076
f 1075 1076 1077
f 70 1008 1079
f 259 1078 1008
f 277 1079 1078
f 1008 1078 1079
f 276 1076 1074
f 277 1078 1076
f 259 1074 1078
f 1076 1078 1074
f 22 1080 1082
f 278 1081 1080
f 280 1082 1081
f 1080 1081 1082
f 75 1083 1085
f 279 1084 1083
f 278 1085 1084
f 1083 1084 1085
f 74 1086 1088
f 280 1087 1086
f 279 1088 1087
f 1086 1087 1088
f 278 1084 1081
f 279 1087 1084
f 280 1081 1087
f 1084 1087 1081
f 21 1014 1090
f 264 1089 1014
f 282 1090 1089
f 1014 1089 1090
f 70 1091 1018
f 281 1092 1091
f 264 1018 1092
f 1091 1092 1018
f 75 1093 1095
f 282 1094 1093
f 281 1095 1094
f 1093 1094 1095
f 264 1092 1089
f 281 1094 1092
f 282 1089 1094
f 1092 1094 1089
f 74 1088 1075
f 279 1096 1088
f 277 1075 1096
f 1088 1096 1075
f 75 1095 1083
f 281 1097 1095
f 279 1083 1097
f 1095 1097 1083
f 70 1079 1091
f 277 1098 1079
f 281 1091 1098
f 1079 1098 1091
f 279 1097 1096
f 281 1098 1097
f 277 1096 1098
f 1097 1098 1096
f 12 675 1100
f 174 1099 675
f 284 1100 1099
f 675 1099 1100
f 48 1101 679
f 283 1102 1101
f 174 679 1102
f 1101 1102 679
f 77 1103 1105
f 284 1104 1103
f 283 1105 1104
f 1103 1104 1105
f 174 1102 1099
f 283 1104 1102
f 284 1099 1104
f 1102 1104 1099
f 13 1106 691
f 285 1107 1106
f 178 691 1107
f 1106 1107 691
f 76 1108 1110
f 286 1109 1108
f 285 1110 1109
f 1108 1109 1110
f 48 696 1112
f 178 1111 696
f 286 1112 1111
f 696 1111 1112
f 285 1109 1107
f 286 1111 1109
f 178 1107 1111
f 1109 1111 1107
f 22 1113 1115
f 287 1114 1113
f 289 1115 1114
f 1113 1114 1115
f 77 1116 1118
f 288 1117 1116
f 287 1118 1117
f 1116 1117 1118
f 76 1119 1121
f 289 1120 1119
f 288 1121 1120
f 1119 1120 1121
f 287 1117 1114
f 288 1120 1117
f 289 1114 1120
f 1117 1120 1114
f 48 1112 1101
f 286 1122 1112
f 283 1101 1122
f 1112 1122 1101
f 76 1121 1108
f 288 1123 1121
f 286 1108 1123
f 1121 1123 1108
f 77 1105 1116
f 283 1124 1105
f 288 1116 1124
f 1105 1124 1116
f 286 1123 1122
f 288 1124 1123
f 283 1122 1124
f 1123 1124 1122
f 21 1090 1056
f 282 1125 1090
f 272 1056 1125
f 1090 1125 1056
f 75 1126 1093
f 290 1127 1126
f 282 1093 1127
f 1126 1127 1093
f 73 1060 1129
f 272 1128 1060
f 290 1129 1128
f 1060 1128 1129
f 282 1127 1125
f 290 1128 1127
f 272 1125 1128
f 1127 1128 1125
f 22 1115 1080
f 289 1130 1115
f 278 1080 1130
f 1115 1130 1080
f 76 1131 1119
f 291 1132 1131
f 289 1119 1132
f 1131 1132 1119
f 75 1085 1134
f 278 1133 1085
f 291 1134 1133
f 1085 1133 1134
f 289 1132 1130
f 291 1133 1132
f 278 1130 1133
f 1132 1133 1130
f 13 1064 1106
f 275 1135 1064
f 285 1106 1135
f 1064 1135 1106
f 73 1136 1067
f 292 1137 1136
f 275 1067 1137
f 1136 1137 1067
f 76 1110 1139
f 285 1138 1110
f 292 1139 1138
f 1110 1138 1139
f 275 1137 1135
f 292 1138 1137
f 285 1135 1138
f 1137 1138 1135
f 75 1134 1126
f 291 1140 1134
f 290 1126 1140
f 1134 1140 1126
f 76 1139 1131
f 292 1141 1139
f 291 1131 1141
f 1139 1141 1131
f 73 1129 1136
f 290 1142 1129
f 292 1136 1142
f 1129 1142 1136
f 291 1141 1140
f 292 1142 1141
f 290 1140 1142
f 1141 1142 1140
f 2 805 1144
f 209 1143 805
f 294 1144 1143
f 805 1143 1144
f 58 1145 809
f 293 1146 1145
f 209 809 1146
f 1145 1146 809
f 79 1147 1149
f 294 1148 1147
f 293 1149 1148
f 1147 1148 1149
f 209 1146 1143
f 293 1148 1146
f 294 1143 1148
f 1146 1148 1143
f 16 1150 821
f 295 1151 1150
f 213 821 1151
f 1150 1151 821
f 78 1152 1154
f 296 1153 1152
f 295 1154 1153
f 1152 1153 1154
f 58 826 1156
f 213 1155 826
f 296 1156 1155
f 826 1155 1156
f 295 1153 1151
f 296 1155 1153
f 213 1151 1155
f 1153 1155 1151
f 24 1157 1159
f 297 1158 1157
f 299 1159 1158
f 1157 1158 1159
f 79 1160 1162
f 298 1161 1160
f 297 1162 1161
f 1160 1161 1162
f 78 1163 1165
f 299 1164 1163
f 298 1165 1164
f 1163 1164 1165
f 297 1161 1158
f 298 1164 1161
f 299 1158 1164
f 1161 1164 1158
f 58 1156 1145
f 296 1166 1156
f 293 1145 1166
f 1156 1166 1145
f 78 1165 1152
f 298 1167 1165
f 296 1152 1167
f 1165 1167 1152
f 79 1149 1160
f 293 1168 1149
f 298 1160 1168
f 1149 1168 1160
f 296 1167 1166
f 298 1168 1167
f 293 1166 1168
f 1167 1168 1166
f 6 1169 777
f 300 1170 1169
f 200 777 1170
f 1169 1170 777
f 80 1171 1173
f 301 1172 1171
f 300 1173 1172
f 1171 1172 1173
f 54 781 1175
f 200 1174 781
f 301 1175 1174
f 781 1174 1175
f 300 1172 1170
f 301 1174 1172
f 200 1170 1174
f 1172 1174 1170
f 23 1176 1178
f 302 1177 1176
f 304 1178 1177
f 1176 1177 1178
f 81 1179 1181
f 303 1180 1179
f 302 1181 1180
f 1179 1180 1181
f 80 1182 1184
f 304 1183 1182
f 303 1184 1183
f 1182 1183 1184
f 302 1180 1177
f 303 1183 1180
f 304 1177 1183
f 1180 1183 1177
f 16 786 1186
f 204 1185 786
f 306 1186 1185
f 786 1185 1186
f 54 1187 790
f 305 1188 1187
f 204 790 1188
f 1187 1188 790
f 81 1189 1191
f 306 1190 1189
f 305 1191 1190
f 1189 1190 1191
f 204 1188 1185
f 305 1190 1188
f 306 1185 1190
f 1188 1190 1185
f 80 1184 1171
f 303 1192 1184
f 301 1171 1192
f 1184 1192 1171
f 81 1191 1179
f 305 1193 1191
f 303 1179 1193
f 1191 1193 1179
f 54 1175 1187
f 301 1194 1175
f 305 1187 1194
f 1175 1194 1187
f 303 1193 1192
f 305 1194 1193
f 301 1192 1194
f 1193 1194 1192
f 10 1195 1197
f 307 1196 1195
f 309 1197 1196
f 1195 1196 1197
f 82 1198 1200
f 308 1199 1198
f 307 1200 1199
f 1198 1199 1200
f 84 1201 1203
f 309 1202 1201
f 308 1203 1202
f 1201 1202 1203
f 307 1199 1196
f 308 1202 1199
f 309 1196 1202
f 1199 1202 1196
f 24 1204 1206
f 310 1205 1204
f 312 1206 1205
f 1204 1205 1206
f 83 1207 1209
f 311 1208 1207
f 310 1209 1208
f 1207 1208 1209
f 82 1210 1212
f 312 1211 1210
f 311 1212 1211
f 1210 1211 1212
f 310 1208 1205
f 311 1211 1208
f 312 1205 1211
f 1208 1211 1205
f 23 1213 1215
f 313 1214 1213
f 315 1215 1214
f 1213 1214 1215
f 84 1216 1218
f 314 1217 1216
f 313 1218 1217
f 1216 1217 1218
f 83 1219 1221
f 315 1220 1219
f 314 1221 1220
f 1219 1220 1221
f 313 1217 1214
f 314 1220 1217
f 315 1214 1220
f 1217 1220 1214
f 82 1212 1198
f 311 1222 1212
f 308 1198 1222
f 1212 1222 1198
f 83 1221 1207
f 314 1223 1221
f 311 1207 1223
f 1221 1223 1207
f 84 1203 1216
f 308 1224 1203
f 314 1216 1224
f 1203 1224 1216
f 311 1223 1222
f 314 1224 1223
f 308 1222 1224
f 1223 1224 1222
f 16 1186 1150
f 306 1225 1186
f 295 1150 1225
f 1186 1225 1150
f 81 1226 1189
f 316 1227 1226
f 306 1189 1227
f 1226 1227 1189
f 78 1154 1229
f 295 1228 1154
f 316 1229 1228
f 1154 1228 1229
f 306 1227 1225
f 316 1228 1227
f 295 1225 1228
f 1227 1228 1225
f 23 1215 1176
f 315 1230 1215
f 302 1176 1230
f 1215 1230 1176
f 83 1231 1219
f 317 1232 1231
f 315 1219 1232
f 1231 1232 1219
f 81 1181 1234
f 302 1233 1181
f 317 1234 1233
f 1181 1233 1234
f 315 1232 1230
f 317 1233 1232
f 302 1230 1233
f 1232 1233 1230
f 24 1159 1204
f 299 1235 1159
f 310 1204 1235
f 1159 1235 1204
f 78 1236 1163
f 318 1237 1236
f 299 1163 1237
f 1236 1237 1163
f 83 1209 1239
f 310 1238 1209
f 318 1239 1238
f 1209 1238 1239
f 299 1237 1235
f 318 1238 1237
f 310 1235 1238
f 1237 1238 1235
f 81 1234 1226
f 317 1240 1234
f 316 1226 1240
f 1234 1240 1226
f 83 1239 1231
f 318 1241 1239
f 317 1231 1241
f 1239 1241 1231
f 78 1229 1236
f 316 1242 1229
f 318 1236 1242
f 1229 1242 1236
f 317 1241 1240
f 318 1242 1241
f 316 1240 1242
f 1241 1242 1240
f 6 705 1244
f 183 1243 705
f 320 1244 1243
f 705 1243 1244
f 51 1245 709
f 319 1246 1245
f 183 709 1246
f 1245 1246 709
f 86 1247 1249
f 320 1248 1247
f 319 1249 1248
f 1247 1248 1249
f 183 1246 1243
f 319 1248 1246
f 320 1243 1248
f 1246 1248 1243
f 14 1250 721
f 321 1251 1250
f 187 721 1251
f 1250 1251 721
f 85 1252 1254
f 322 1253 1252
f 321 1254 1253
f 1252 1253 1254
f 51 726 1256
f 187 1255 726
f 322 1256 1255
f 726 1255 1256
f 321 1253 1251
f 322 1255 1253
f 187 1251 1255
f 1253 1255 1251
f 26 1257 1259
f 323 1258 1257
f 325 1259 1258
f 1257 1258 1259
f 86 1260 1262
f 324 1261 1260
f 323 1262 1261
f 1260 1261 1262
f 85 1263 1265
f 325 1264 1263
f 324 1265 1264
f 1263 1264 1265
f 323 1261 1258
f 324 1264 1261
f 325 1258 1264
f 1261 1264 1258
f 51 1256 1245
f 322 1266 1256
f 319 1245 1266
f 1256 1266 1245
f 85 1265 1252
f 324 1267 1265
f 322 1252 1267
f 1265 1267 1252
f 86 1249 1260
f 319 1268 1249
f 324 1260 1268
f 1249 1268 1260
f 322 1267 1266
f 324 1268 1267
f 319 1266 1268
f 1267 1268 1266
f 12 1269 673
f 326 1270 1269
f 172 673 1270
f 1269 1270 673
f 87 1271 1273
f 327 1272 1271
f 326 1273 1272
f 1271 1272 1273
f 46 678 1275
f 172 1274 678
f 327 1275 1274
f 678 1274 1275
f 326 1272 1270
f 327 1274 1272
f 172 1270 1274
f 1272 1274 1270
f 25 1276 1278
f 328 1277 1276
f 330 1278 1277
f 1276 1277 1278
f 88 1279 1281
f 329 1280 1279
f 328 1281 1280
f 1279 1280 1281
f 87 1282 1284
f 330 1283 1282
f 329 1284 1283
f 1282 1283 1284
f 328 1280 1277
f 329 1283 1280
f 330 1277 1283
f 1280 1283 1277
f 14 684 1286
f 177 1285 684
f 332 1286 1285
f 684 1285 1286
f 46 1287 688
f 331 1288 1287
f 177 688 1288
f 1287 1288 688
f 88 1289 1291
f 332 1290 1289
f 331 1291 1290
f 1289 1290 1291
f 177 1288 1285
f 331 1290 1288
f 332 1285 1290
f 1288 1290 1285
f 87 1284 1271
f 329 1292 1284
f 327 1271 1292
f 1284 1292 1271
f 88 1291 1279
f 331 1293 1291
f 329 1279 1293
f 1291 1293 1279
f 46 1275 1287
f 327 1294 1275
f 331 1287 1294
f 1275 1294 1287
f 329 1293 1292
f 331 1294 1293
f 327 1292 1294
f 1293 1294 1292
f 5 1295 1297
f 333 1296 1295
f 335 1297 1296
f 1295 1296 1297
f 89 1298 1300
f 334 1299 1298
f 333 1300 1299
f 1298 1299 1300
f 91 1301 1303
f 335 1302 1301
f 334 1303 1302
f 1301 1302 1303
f 333 1299 1296
f 334 1302 1299
f 335 1296 1302
f 1299 1302 1296
f 26 1304 1306
f 336 1305 1304
f 338 1306 1305
f 1304 1305 1306
f 90 1307 1309
f 337 1308 1307
f 336 1309 1308
f 1307 1308 1309
f 89 1310 1312
f 338 1311 1310
f 337 1312 1311
f 1310 1311 1312
f 336 1308 1305
f 337 1311 1308
f 338 1305 1311
f 1308 1311 1305
f 25 1313 1315
f 339 1314 1313
f 341 1315 1314
f 1313 1314 1315
f 91 1316 1318
f 340 1317 1316
f 339 1318 1317
f 1316 1317 1318
f 90 1319 1321
f 341 1320 1319
f 340 1321 1320
f 1319 1320 1321
f 339 1317 1314
f 340 1320 1317
f 341 1314 1320
f 1317 1320 1314
f 89 1312 1298
f 337 1322 1312
f 334 1298 1322
f 1312 1322 1298
f 90 1321 1307
f 340 1323 1321
f 337 1307 1323
f 1321 1323 1307
f 91 1303 1316
f 334 1324 1303
f 340 1316 1324
f 1303 1324 1316
f 337 1323 1322
f 340 1324 1323
f 334 1322 1324
f 1323 1324 1322
f 14 1286 1250
f 332 1325 1286
f 321 1250 1325
f 1286 1325 1250
f 88 1326 1289
f 342 1327 1326
f 332 1289 1327
f 1326 1327 1289
f 85 1254 1329
f 321 1328 1254
f 342 1329 1328
f 1254 1328 1329
f 332 1327 1325
f 342 1328 1327
f 321 1325 1328
f 1327 1328 1325
f 25 1315 1276
f 341 1330 1315
f 328 1276 1330
f 1315 1330 1276
f 90 1331 1319
f 343 1332 1331
f 341 1319 1332
f 1331 1332 1319
f 88 1281 1334
f 328 1333 1281
f 343 1334 1333
f 1281 1333 1334
f 341 1332 1330
f 343 1333 1332
f 328 1330 1333
f 1332 1333 1330
f 26 1259 1304
f 325 1335 1259
f 336 1304 1335
f 1259 1335 1304
f 85 1336 1263
f 344 1337 1336
f 325 1263 1337
f 1336 1337 1263
f 90 1309 1339
f 336 1338 1309
f 344 1339 1338
f 1309 1338 1339
f 325 1337 1335
f 344 1338 1337
f 336 1335 1338
f 1337 1338 1335
f 88 1334 1326
f 343 1340 1334
f 342 1326 1340
f 1334 1340 1326
f 90 1339 1331
f 344 1341 1339
f 343 1331 1341
f 1339 1341 1331
f 85 1329 1336
f 342 1342 1329
f 344 1336 1342
f 1329 1342 1336
f 343 1341 1340
f 344 1342 1341
f 342 1340 1342
f 1341 1342 1340
f 12 1100 1344
f 284 1343 1100
f 346 1344 1343
f 1100 1343 1344
f 77 1345 1103
f 345 1346 1345
f 284 1103 1346
f 1345 1346 1103
f 93 1347 1349
f 346 1348 1347
f 345 1349 1348
f 1347 1348 1349
f 284 1346 1343
f 345 1348 1346
f 346 1343 1348
f 1346 1348 1343
f 22 1350 1113
f 347 1351 1350
f 287 1113 1351
f 1350 1351 1113
f 92 1352 1354
f 348 1353 1352
f 347 1354 1353
f 1352 1353 1354
f 77 1118 1356
f 287 1355 1118
f 348 1356 1355
f 1118 1355 1356
f 347 1353 1351
f 348 1355 1353
f 287 1351 1355
f 1353 1355 1351
f 28 1357 1359
f 349 1358 1357
f 351 1359 1358
f 1357 1358 1359
f 93 1360 1362
f 350 1361 1360
f 349 1362 1361
f 1360 1361 1362
f 92 1363 1365
f 351 1364 1363
f 350 1365 1364
f 1363 1364 1365
f 349 1361 1358
f 350 1364 1361
f 351 1358 1364
f 1361 1364 1358
f 77 1356 1345
f 348 1366 1356
f 345 1345 1366
f 1356 1366 1345
f 92 1365 1352
f 350 1367 1365
f 348 1352 1367
f 1365 1367 1352
f 93 1349 1360
f 345 1368 1349
f 350 1360 1368
f 1349 1368 1360
f 348 1367 1366
f 350 1368 1367
f 345 1366 1368
f 1367 1368 1366
f 11 1369 1073
f 352 1370 1369
f 276 1073 1370
f 1369 1370 1073
f 94 1371 1373
f 353 1372 1371
f 352 1373 1372
f 1371 1372 1373
f 74 1077 1375
f 276 1374 1077
f 353 1375 1374
f 1077 1374 1375
f 352 1372 1370
f 353 1374 1372
f 276 1370 1374
f 1372 1374 1370
f 27 1376 1378
f 354 1377 1376
f 356 1378 1377
f 1376 1377 1378
f 95 1379 1381
f 355 1380 1379
f 354 1381 1380
f 1379 1380 1381
f 94 1382 1384
f 356 1383 1382
f 355 1384 1383
f 1382 1383 1384
f 354 1380 1377
f 355 1383 1380
f 356 1377 1383
f 1380 1383 1377
f 22 1082 1386
f 280 1385 1082
f 358 1386 1385
f 1082 1385 1386
f 74 1387 1086
f 357 1388 1387
f 280 1086 1388
f 1387 1388 1086
f 95 1389 1391
f 358 1390 1389
f 357 1391 1390
f 1389 1390 1391
f 280 1388 1385
f 357 1390 1388
f 358 1385 1390
f 1388 1390 1385
f 94 1384 1371
f 355 1392 1384
f 353 1371 1392
f 1384 1392 1371
f 95 1391 1379
f 357 1393 1391
f 355 1379 1393
f 1391 1393 1379
f 74 1375 1387
f 353 1394 1375
f 357 1387 1394
f 1375 1394 1387
f 355 1393 1392
f 357 1394 1393
f 353 1392 1394
f 1393 1394 1392
f 3 1395 1397
f 359 1396 1395
f 361 1397 1396
f 1395 1396 1397
f 96 1398 1400
f 360 1399 1398
f 359 1400 1399
f 1398 1399 1400
f 98 1401 1403
f 361 1402 1401
f 360 1403 1402
f 1401 1402 1403
f 359 1399 1396
f 360 1402 1399
f 361 1396 1402
f 1399 1402 1396
f 28 1404 1406
f 362 1405 1404
f 364 1406 1405
f 1404 1405 1406
f 97 1407 1409
f 363 1408 1407
f 362 1409 1408
f 1407 1408 1409
f 96 1410 1412
f 364 1411 1410
f 363 1412 1411
f 1410 1411 1412
f 362 1408 1405
f 363 1411 1408
f 364 1405 1411
f 1408 1411 1405
f 27 1413 1415
f 365 1414 1413
f 367 1415 1414
f 1413 1414 1415
f 98 1416 1418
f 366 1417 1416
f 365 1418 1417
f 1416 1417 1418
f 97 1419 1421
f 367 1420 1419
f 366 1421 1420
f 1419 1420 1421
f 365 1417 1414
f 366 1420 1417
f 367 1414 1420
f 1417 1420 1414
f 96 1412 1398
f 363 1422 1412
f 360 1398 1422
f 1412 1422 1398
f 97 1421 1407
f 366 1423 1421
f 363 1407 1423
f 1421 1423 1407
f 98 1403 1416
f 360 1424 1403
f 366 1416 1424
f 1403 1424 1416
f 363 1423 1422
f 366 1424 1423
f 360 1422 1424
f 1423 1424 1422
f 22 1386 1350
f 358 1425 1386
f 347 1350 1425
f 1386 1425 1350
f 95 1426 1389
f 368 1427 1426
f 358 1389 1427
f 1426 1427 1389
f 92 1354 1429
f 347 1428 1354
f 368 1429 1428
f 1354 1428 1429
f 358 1427 1425
f 368 1428 1427
f 347 1425 1428
f 1427 1428 1425
f 27 1415 1376
f 367 1430 1415
f 354 1376 1430
f 1415 1430 1376
f 97 1431 1419
f 369 1432 1431
f 367 1419 1432
f 1431 1432 1419
f 95 1381 1434
f 354 1433 1381
f 369 1434 1433
f 1381 1433 1434
f 367 1432 1430
f 369 1433 1432
f 354 1430 1433
f 1432 1433 1430
f 28 1359 1404
f 351 1435 1359
f 362 1404 1435
f 1359 1435 1404
f 92 1436 1363
f 370 1437 1436
f 351 1363 1437
f 1436 1437 1363
f 97 1409 1439
f 362 1438 1409
f 370 1439 1438
f 1409 1438 1439
f 351 1437 1435
f 370 1438 1437
f 362 1435 1438
f 1437 1438 1435
f 95 1434 1426
f 369 1440 1434
f 368 1426 1440
f 1434 1440 1426
f 97 1439 1431
f 370 1441 1439
f 369 1431 1441
f 1439 1441 1431
f 92 1429 1436
f 368 1442 1429
f 370 1436 1442
f 1429 1442 1436
f 369 1441 1440
f 370 1442 1441
f 368 1440 1442
f 1441 1442 1440
f 11 1005 1444
f 261 1443 1005
f 372 1444 1443
f 1005 1443 1444
f 72 1445 1009
f 371 1446 1445
f 261 1009 1446
f 1445 1446 1009
f 100 1447 1449
f 372 1448 1447
f 371 1449 1448
f 1447 1448 1449
f 261 1446 1443
f 371 1448 1446
f 372 1443 1448
f 1446 1448 1443
f 20 1450 1021
f 373 1451 1450
f 265 1021 1451
f 1450 1451 1021
f 99 1452 1454
f 374 1453 1452
f 373 1454 1453
f 1452 1453 1454
f 72 1026 1456
f 265 1455 1026
f 374 1456 1455
f 1026 1455 1456
f 373 1453 1451
f 374 1455 1453
f 265 1451 1455
f 1453 1455 1451
f 30 1457 1459
f 375 1458 1457
f 377 1459 1458
f 1457 1458 1459
f 100 1460 1462
f 376 1461 1460
f 375 1462 1461
f 1460 1461 1462
f 99 1463 1465
f 377 1464 1463
f 376 1465 1464
f 1463 1464 1465
f 375 1461 1458
f 376 1464 1461
f 377 1458 1464
f 1461 1464 1458
f 72 1456 1445
f 374 1466 1456
f 371 1445 1466
f 1456 1466 1445
f 99 1465 1452
f 376 1467 1465
f 374 1452 1467
f 1465 1467 1452
f 100 1449 1460
f 371 1468 1449
f 376 1460 1468
f 1449 1468 1460
f 374 1467 1466
f 376 1468 1467
f 371 1466 1468
f 1467 1468 1466
f 8 1469 977
f 378 1470 1469
f 252 977 1470
f 1469 1470 977
f 101 1471 1473
f 379 1472 1471
f 378 1473 1472
f 1471 1472 1473
f 68 981 1475
f 252 1474 981
f 379 1475 1474
f 981 1474 1475
f 378 1472 1470
f 379 1474 1472
f 252 1470 1474
f 1472 1474 1470
f 29 1476 1478
f 380 1477 1476
f 382 1478 1477
f 1476 1477 1478
f 102 1479 1481
f 381 1480 1479
f 380 1481 1480
f 1479 1480 1481
f 101 1482 1484
f 382 1483 1482
f 381 1484 1483
f 1482 1483 1484
f 380 1480 1477
f 381 1483 1480
f 382 1477 1483
f 1480 1483 1477
f 20 986 1486
f 256 1485 986
f 384 1486 1485
f 986 1485 1486
f 68 1487 990
f 383 1488 1487
f 256 990 1488
f 1487 1488 990
f 102 1489 1491
f 384 1490 1489
f 383 1491 1490
f 1489 1490 1491
f 256 1488 1485
f 383 1490 1488
f 384 1485 1490
f 1488 1490 1485
f 101 1484 1471
f 381 1492 1484
f 379 1471 1492
f 1484 1492 1471
f 102 1491 1479
f 383 1493 1491
f 381 1479 1493
f 1491 1493 1479
f 68 1475 1487
f 379 1494 1475
f 383 1487 1494
f 1475 1494 1487
f 381 1493 1492
f 383 1494 1493
f 379 1492 1494
f 1493 1494 1492
f 7 1495 1497
f 385 1496 1495
f 387 1497 1496
f 1495 1496 1497
f 103 1498 1500
f 386 1499 1498
f 385 1500 1499
f 1498 1499 1500
f 105 1501 1503
f 387 1502 1501
f 386 1503 1502
f 1501 1502 1503
f 385 1499 1496
f 386 1502 1499
f 387 1496 1502
f 1499 1502 1496
f 30 1504 1506
f 388 1505 1504
f 390 1506 1505
f 1504 1505 1506
f 104 1507 1509
f 389 1508 1507
f 388 1509 1508
f 1507 1508 1509
f 103 1510 1512
f 390 1511 1510
f 389 1512 1511
f 1510 1511 1512
f 388 1508 1505
f 389 1511 1508
f 390 1505 1511
f 1508 1511 1505
f 29 1513 1515
f 391 1514 1513
f 393 1515 1514
f 1513 1514 1515
f 105 1516 1518
f 392 1517 1516
f 391 1518 1517
f 1516 1517 1518
f 104 1519 1521
f 393 1520 1519
f 392 1521 1520
f 1519 1520 1521
f 391 1517 1514
f 392 1520 1517
f 393 1514 1520
f 1517 1520 1514
f 103 1512 1498
f 389 1522 1512
f 386 1498 1522
f 1512 1522 1498
f 104 1521 1507
f 392 1523 1521
f 389 1507 1523
f 1521 1523 1507
f 105 1503 1516
f 386 1524 1503
f 392 1516 1524
f 1503 1524 1516
f 389 1523 1522
f 392 1524 1523
f 386 1522 1524
f 1523 1524 1522
f 20 1486 1450
f 384 1525 1486
f 373 1450 1525
f 1486 1525 1450
f 102 1526 1489
f 394 1527 1526
f 384 1489 1527
f 1526 1527 1489
f 99 1454 1529
f 373 1528 1454
f 394 1529 1528
f 1454 1528 1529
f 384 1527 1525
f 394 1528 1527
f 373 1525 1528
f 1527 1528 1525
f 29 1515 1476
f 393 1530 1515
f 380 1476 1530
f 1515 1530 1476
f 104 1531 1519
f 395 1532 1531
f 393 1519 1532
f 1531 1532 1519
f 102 1481 1534
f 380 1533 1481
f 395 1534 1533
f 1481 1533 1534
f 393 1532 1530
f 395 1533 1532
f 380 1530 1533
f 1532 1533 1530
f 30 1459 1504
f 377 1535 1459
f 388 1504 1535
f 1459 1535 1504
f 99 1536 1463
f 396 1537 1536
f 377 1463 1537
f 1536 1537 1463
f 104 1509 1539
f 388 1538 1509
f 396 1539 1538
f 1509 1538 1539
f 377 1537 1535
f 396 1538 1537
f 388 1535 1538
f 1537 1538 1535
f 102 1534 1526
f 395 1540 1534
f 394 1526 1540
f 1534 1540 1526
f 104 1539 1531
f 396 1541 1539
f 395 1531 1541
f 1539 1541 1531
f 99 1529 1536
f 394 1542 1529
f 396 1536 1542
f 1529 1542 1536
f 395 1541 1540
f 396 1542 1541
f 394 1540 1542
f 1541 1542 1540
f 8 905 1544
f 235 1543 905
f 398 1544 1543
f 905 1543 1544
f 65 1545 909
f 397 1546 1545
f 235 909 1546
f 1545 1546 909
f 107 1547 1549
f 398 1548 1547
f 397 1549 1548
f 1547 1548 1549
f 235 1546 1543
f 397 1548 1546
f 398 1543 1548
f 1546 1548 1543
f 18 1550 921
f 399 1551 1550
f 239 921 1551
f 1550 1551 921
f 106 1552 1554
f 400 1553 1552
f 399 1554 1553
f 1552 1553 1554
f 65 926 1556
f 239 1555 926
f 400 1556 1555
f 926 1555 1556
f 399 1553 1551
f 400 1555 1553
f 239 1551 1555
f 1553 1555 1551
f 32 1557 1559
f 401 1558 1557
f 403 1559 1558
f 1557 1558 1559
f 107 1560 1562
f 402 1561 1560
f 401 1562 1561
f 1560 1561 1562
f 106 1563 1565
f 403 1564 1563
f 402 1565 1564
f 1563 1564 1565
f 401 1561 1558
f 402 1564 1561
f 403 1558 1564
f 1561 1564 1558
f 65 1556 1545
f 400 1566 1556
f 397 1545 1566
f 1556 1566 1545
f 106 1565 1552
f 402 1567 1565
f 400 1552 1567
f 1565 1567 1552
f 107 1549 1560
f 397 1568 1549
f 402 1560 1568
f 1549 1568 1560
f 400 1567 1566
f 402 1568 1567
f 397 1566 1568
f 1567 1568 1566
f 2 1569 877
f 404 1570 1569
f 226 877 1570
f 1569 1570 877
f 108 1571 1573
f 405 1572 1571
f 404 1573 1572
f 1571 1572 1573
f 61 881 1575
f 226 1574 881
f 405 1575 1574
f 881 1574 1575
f 404 1572 1570
f 405 1574 1572
f 226 1570 1574
f 1572 1574 1570
f 31 1576 1578
f 406 1577 1576
f 408 1578 1577
f 1576 1577 1578
f 109 1579 1581
f 407 1580 1579
f 406 1581 1580
f 1579 1580 1581
f 108 1582 1584
f 408 1583 1582
f 407 1584 1583
f 1582 1583 1584
f 406 1580 1577
f 407 1583 1580
f 408 1577 1583
f 1580 1583 1577
f 18 886 1586
f 230 1585 886
f 410 1586 1585
f 886 1585 1586
f 61 1587 890
f 409 1588 1587
f 230 890 1588
f 1587 1588 890
f 109 1589 1591
f 410 1590 1589
f 409 1591 1590
f 1589 1590 1591
f 230 1588 1585
f 409 1590 1588
f 410 1585 1590
f 1588 1590 1585
f 108 1584 1571
f 407 1592 1584
f 405 1571 1592
f 1584 1592 1571
f 109 1591 1579
f 409 1593 1591
f 407 1579 1593
f 1591 1593 1579
f 61 1575 1587
f 405 1594 1575
f 409 1587 1594
f 1575 1594 1587
f 407 1593 1592
f 409 1594 1593
f 405 1592 1594
f 1593 1594 1592
f 9 1595 1597
f 411 1596 1595
f 413 1597 1596
f 1595 1596 1597
f 110 1598 1600
f 412 1599 1598
f 411 1600 1599
f 1598 1599 1600
f 112 1601 1603
f 413 1602 1601
f 412 1603 1602
f 1601 1602 1603
f 411 1599 1596
f 412 1602 1599
f 413 1596 1602
f 1599 1602 1596
f 32 1604 1606
f 414 1605 1604
f 416 1606 1605
f 1604 1605 1606
f 111 1607 1609
f 415 1608 1607
f 414 1609 1608
f 1607 1608 1609
f 110 1610 1612
f 416 1611 1610
f 415 1612 1611
f 1610 1611 1612
f 414 1608 1605
f 415 1611 1608
f 416 1605 1611
f 1608 1611 1605
f 31 1613 1615
f 417 1614 1613
f 419 1615 1614
f 1613 1614 1615
f 112 1616 1618
f 418 1617 1616
f 417 1618 1617
f 1616 1617 1618
f 111 1619 1621
f 419 1620 1619
f 418 1621 1620
f 1619 1620 1621
f 417 1617 1614
f 418 1620 1617
f 419 1614 1620
f 1617 1620 1614
f 110 1612 1598
f 415 1622 1612
f 412 1598 1622
f 1612 1622 1598
f 111 1621 1607
f 418 1623 1621
f 415 1607 1623
f 1621 1623 1607
f 112 1603 1616
f 412 1624 1603
f 418 1616 1624
f 1603 1624 1616
f 415 1623 1622
f 418 1624 1623
f 412 1622 1624
f 1623 1624 1622
f 18 1586 1550
f 410 1625 1586
f 399 1550 1625
f 1586 1625 1550
f 109 1626 1589
f 420 1627 1626
f 410 1589 1627
f 1626 1627 1589
f 106 1554 1629
f 399 1628 1554
f 420 1629 1628
f 1554 1628 1629
f 410 1627 1625
f 420 1628 1627
f 399 1625 1628
f 1627 1628 1625
f 31 1615 1576
f 419 1630 1615
f 406 1576 1630
f 1615 1630 1576
f 111 1631 1619
f 421 1632 1631
f 419 1619 1632
f 1631 1632 1619
f 109 1581 1634
f 406 1633 1581
f 421 1634 1633
f 1581 1633 1634
f 419 1632 1630
f 421 1633 1632
f 406 1630 1633
f 1632 1633 1630
f 32 1559 1604
f 403 1635 1559
f 414 1604 1635
f 1559 1635 1604
f 106 1636 1563
f 422 1637 1636
f 403 1563 1637
f 1636 1637 1563
f 111 1609 1639
f 414 1638 1609
f 422 1639 1638
f 1609 1638 1639
f 403 1637 1635
f 422 1638 1637
f 414 1635 1638
f 1637 1638 1635
f 109 1634 1626
f 421 1640 1634
f 420 1626 1640
f 1634 1640 1626
f 111 1639 1631
f 422 1641 1639
f 421 1631 1641
f 1639 1641 1631
f 106 1629 1636
f 420 1642 1629
f 422 1636 1642
f 1629 1642 1636
f 421 1641 1640
f 422 1642 1641
f 420 1640 1642
f 1641 1642 1640
f 4 1643 1645
f 423 1644 1643
f 425 1645 1644
f 1643 1644 1645
f 113 1646 1648
f 424 1647 1646
f 423 1648 1647
f 1646 1647 1648
f 115 1649 1651
f 425 1650 1649
f 424 1651 1650
f 1649 1650 1651
f 423 1647 1644
f 424 1650 1647
f 425 1644 1650
f 1647 1650 1644
f 33 1652 1654
f 426 1653 1652
f 428 1654 1653
f 1652 1653 1654
f 114 1655 1657
f 427 1656 1655
f 426 1657 1656
f 1655 1656 1657
f 113 1658 1660
f 428 1659 1658
f 427 1660 1659
f 1658 1659 1660
f 426 1656 1653
f 427 1659 1656
f 428 1653 1659
f 1656 1659 1653
f 35 1661 1663
f 429 1662 1661
f 431 1663 1662
f 1661 1662 1663
f 115 1664 1666
f 430 1665 1664
f 429 1666 1665
f 1664 1665 1666
f 114 1667 1669
f 431 1668 1667
f 430 1669 1668
f 1667 1668 1669
f 429 1665 1662
f 430 1668 1665
f 431 1662 1668
f 1665 1668 1662
f 113 1660 1646
f 427 1670 1660
f 424 1646 1670
f 1660 1670 1646
f 114 1669 1655
f 430 1671 1669
f 427 1655 1671
f 1669 1671 1655
f 115 1651 1664
f 424 1672 1651
f 430 1664 1672
f 1651 1672 1664
f 427 1671 1670
f 430 1672 1671
f 424 1670 1672
f 1671 1672 1670
f 10 1673 1675
f 432 1674 1673
f 434 1675 1674
f 1673 1674 1675
f 116 1676 1678
f 433 1677 1676
f 432 1678 1677
f 1676 1677 1678
f 118 1679 1681
f 434 1680 1679
f 433 1681 1680
f 1679 1680 1681
f 432 1677 1674
f 433 1680 1677
f 434 1674 1680
f 1677 1680 1674
f 34 1682 1684
f 435 1683 1682
f 437 1684 1683
f 1682 1683 1684
f 117 1685 1687
f 436 1686 1685
f 435 1687 1686
f 1685 1686 1687
f 116 1688 1690
f 437 1689 1688
f 436 1690 1689
f 1688 1689 1690
f 435 1686 1683
f 436 1689 1686
f 437 1683 1689
f 1686 1689 1683
f 33 1691 1693
f 438 1692 1691
f 440 1693 1692
f 1691 1692 1693
f 118 1694 1696
f 439 1695 1694
f 438 1696 1695
f 1694 1695 1696
f 117 1697 1699
f 440 1698 1697
f 439 1699 1698
f 1697 1698 1699
f 438 1695 1692
f 439 1698 1695
f 440 1692 1698
f 1695 1698 1692
f 116 1690 1676
f 436 1700 1690
f 433 1676 1700
f 1690 1700 1676
f 117 1699 1685
f 439 1701 1699
f 436 1685 1701
f 1699 1701 1685
f 118 1681 1694
f 433 1702 1681
f 439 1694 1702
f 1681 1702 1694
f 436 1701 1700
f 439 1702 1701
f 433 1700 1702
f 1701 1702 1700
f 5 1703 1705
f 441 1704 1703
f 443 1705 1704
f 1703 1704 1705
f 119 1706 1708
f 442 1707 1706
f 441 1708 1707
f 1706 1707 1708
f 121 1709 1711
f 443 1710 1709
f 442 1711 1710
f 1709 1710 1711
f 441 1707 1704
f 442 1710 1707
f 443 1704 1710
f 1707 1710 1704
f 35 1712 1714
f 444 1713 1712
f 446 1714 1713
f 1712 1713 1714
f 120 1715 1717
f 445 1716 1715
f 444 1717 1716
f 1715 1716 1717
f 119 1718 1720
f 446 1719 1718
f 445 1720 1719
f 1718 1719 1720
f 444 1716 1713
f 445 1719 1716
f 446 1713 1719
f 1716 1719 1713
f 34 1721 1723
f 447 1722 1721
f 449 1723 1722
f 1721 1722 1723
f 121 1724 1726
f 448 1725 1724
f 447 1726 1725
f 1724 1725 1726
f 120 1727 1729
f 449 1728 1727
f 448 1729 1728
f 1727 1728 1729
f 447 1725 1722
f 448 1728 1725
f 449 1722 1728
f 1725 1728 1722
f 119 1720 1706
f 445 1730 1720
f 442 1706 1730
f 1720 1730 1706
f 120 1729 1715
f 448 1731 1729
f 445 1715 1731
f 1729 1731 1715
f 121 1711 1724
f 442 1732 1711
f 448 1724 1732
f 1711 1732 1724
f 445 1731 1730
f 448 1732 1731
f 442 1730 1732
f 1731 1732 1730
f 33 1693 1652
f 440 1733 1693
f 426 1652 1733
f 1693 1733 1652
f 117 1734 1697
f 450 1735 1734
f 440 1697 1735
f 1734 1735 1697
f 114 1657 1737
f 426 1736 1657
f 450 1737 1736
f 1657 1736 1737
f 440 1735 1733
f 450 1736 1735
f 426 1733 1736
f 1735 1736 1733
f 34 1723 1682
f 449 1738 1723
f 435 1682 1738
f 1723 1738 1682
f 120 1739 1727
f 451 1740 1739
f 449 1727 1740
f 1739 1740 1727
f 117 1687 1742
f 435 1741 1687
f 451 1742 1741
f 1687 1741 1742
f 449 1740 1738
f 451 1741 1740
f 435 1738 1741
f 1740 1741 1738
f 35 1663 1712
f 431 1743 1663
f 444 1712 1743
f 1663 1743 1712
f 114 1744 1667
f 452 1745 1744
f 431 1667 1745
f 1744 1745 1667
f 120 1717 1747
f 444 1746 1717
f 452 1747 1746
f 1717 1746 1747
f 431 1745 1743
f 452 1746 1745
f 444 1743 1746
f 1745 1746 1743
f 117 1742 1734
f 451 1748 1742
f 450 1734 1748
f 1742 1748 1734
f 120 1747 1739
f 452 1749 1747
f 451 1739 1749
f 1747 1749 1739
f 114 1737 1744
f 450 1750 1737
f 452 1744 1750
f 1737 1750 1744
f 451 1749 1748
f 452 1750 1749
f 450 1748 1750
f 1749 1750 1748
f 4 1645 1752
f 425 1751 1645
f 454 1752 1751
f 1645 1751 1752
f 115 1753 1649
f 453 1754 1753
f 425 1649 1754
f 1753 1754 1649
f 123 1755 1757
f 454 1756 1755
f 453 1757 1756
f 1755 1756 1757
f 425 1754 1751
f 453 1756 1754
f 454 1751 1756
f 1754 1756 1751
f 35 1758 1661
f 455 1759 1758
f 429 1661 1759
f 1758 1759 1661
f 122 1760 1762
f 456 1761 1760
f 455 1762 1761
f 1760 1761 1762
f 115 1666 1764
f 429 1763 1666
f 456 1764 1763
f 1666 1763 1764
f 455 1761 1759
f 456 1763 1761
f 429 1759 1763
f 1761 1763 1759
f 37 1765 1767
f 457 1766 1765
f 459 1767 1766
f 1765 1766 1767
f 123 1768 1770
f 458 1769 1768
f 457 1770 1769
f 1768 1769 1770
f 122 1771 1773
f 459 1772 1771
f 458 1773 1772
f 1771 1772 1773
f 457 1769 1766
f 458 1772 1769
f 459 1766 1772
f 1769 1772 1766
f 115 1764 1753
f 456 1774 1764
f 453 1753 1774
f 1764 1774 1753
f 122 1773 1760
f 458 1775 1773
f 456 1760 1775
f 1773 1775 1760
f 123 1757 1768
f 453 1776 1757
f 458 1768 1776
f 1757 1776 1768
f 456 1775 1774
f 458 1776 1775
f 453 1774 1776
f 1775 1776 1774
f 5 1777 1703
f 460 1778 1777
f 441 1703 1778
f 1777 1778 1703
f 124 1779 1781
f 461 1780 1779
f 460 1781 1780
f 1779 1780 1781
f 119 1708 1783
f 441 1782 1708
f 461 1783 1782
f 1708 1782 1783
f 460 1780 1778
f 461 1782 1780
f 441 1778 1782
f 1780 1782 1778
f 36 1784 1786
f 462 1785 1784
f 464 1786 1785
f 1784 1785 1786
f 125 1787 1789
f 463 1788 1787
f 462 1789 1788
f 1787 1788 1789
f 124 1790 1792
f 464 1791 1790
f 463 1792 1791
f 1790 1791 1792
f 462 1788 1785
f 463 1791 1788
f 464 1785 1791
f 1788 1791 1785
f 35 1714 1794
f 446 1793 1714
f 466 1794 1793
f 1714 1793 1794
f 119 1795 1718
f 465 1796 1795
f 446 1718 1796
f 1795 1796 1718
f 125 1797 1799
f 466 1798 1797
f 465 1799 1798
f 1797 1798 1799
f 446 1796 1793
f 465 1798 1796
f 466 1793 1798
f 1796 1798 1793
f 124 1792 1779
f 463 1800 1792
f 461 1779 1800
f 1792 1800 1779
f 125 1799 1787
f 465 1801 1799
f 463 1787 1801
f 1799 1801 1787
f 119 1783 1795
f 461 1802 1783
f 465 1795 1802
f 1783 1802 1795
f 463 1801 1800
f 465 1802 1801
f 461 1800 1802
f 1801 1802 1800
f 3 1803 1805
f 467 1804 1803
f 469 1805 1804
f 1803 1804 1805
f 126 1806 1808
f 468 1807 1806
f 467 1808 1807
f 1806 1807 1808
f 128 1809 1811
f 469 1810 1809
f 468 1811 1810
f 1809 1810 1811
f 467 1807 1804
f 468 1810 1807
f 469 1804 1810
f 1807 1810 1804
f 37 1812 1814
f 470 1813 1812
f 472 1814 1813
f 1812 1813 1814
f 127 1815 1817
f 471 1816 1815
f 470 1817 1816
f 1815 1816 1817
f 126 1818 1820
f 472 1819 1818
f 471 1820 1819
f 1818 1819 1820
f 470 1816 1813
f 471 1819 1816
f 472 1813 1819
f 1816 1819 1813
f 36 1821 1823
f 473 1822 1821
f 475 1823 1822
f 1821 1822 1823
f 128 1824 1826
f 474 1825 1824
f 473 1826 1825
f 1824 1825 1826
f 127 1827 1829
f 475 1828 1827
f 474 1829 1828
f 1827 1828 1829
f 473 1825 1822
f 474 1828 1825
f 475 1822 1828
f 1825 1828 1822
f 126 1820 1806
f 471 1830 1820
f 468 1806 1830
f 1820 1830 1806
f 127 1829 1815
f 474 1831 1829
f 471 1815 1831
f 1829 1831 1815
f 128 1811 1824
f 468 1832 1811
f 474 1824 1832
f 1811 1832 1824
f 471 1831 1830
f 474 1832 1831
f 468 1830 1832
f 1831 1832 1830
f 35 1794 1758
f 466 1833 1794
f 455 1758 1833
f 1794 1833 1758
f 125 1834 1797
f 476 1835 1834
f 466 1797 1835
f 1834 1835 1797
f 122 1762 1837
f 455 1836 1762
f 476 1837 1836
f 1762 1836 1837
f 466 1835 1833
f 476 1836 1835
f 455 1833 1836
f 1835 1836 1833
f 36 1823 1784
f 475 1838 1823
f 462 1784 1838
f 1823 1838 1784
f 127 1839 1827
f 477 1840 1839
f 475 1827 1840
f 1839 1840 1827
f 125 1789 1842
f 462 1841 1789
f 477 1842 1841
f 1789 1841 1842
f 475 1840 1838
f 477 1841 1840
f 462 1838 1841
f 1840 1841 1838
f 37 1767 1812
f 459 1843 1767
f 470 1812 1843
f 1767 1843 1812
f 122 1844 1771
f 478 1845 1844
f 459 1771 1845
f 1844 1845 1771
f 127 1817 1847
f 470 1846 1817
f 478 1847 1846
f 1817 1846 1847
f 459 1845 1843
f 478 1846 1845
f 470 1843 1846
f 1845 1846 1843
f 125 1842 1834
f 477 1848 1842
f 476 1834 1848
f 1842 1848 1834
f 127 1847 1839
f 478 1849 1847
f 477 1839 1849
f 1847 1849 1839
f 122 1837 1844
f 476 1850 1837
f 478 1844 1850
f 1837 1850 1844
f 477 1849 1848
f 478 1850 1849
f 476 1848 1850
f 1849 1850 1848
f 4 1752 1852
f 454 1851 1752
f 480 1852 1851
f 1752 1851 1852
f 123 1853 1755
f 479 1854 1853
f 454 1755 1854
f 1853 1854 1755
f 130 1855 1857
f 480 1856 1855
f 479 1857 1856
f 1855 1856 1857
f 454 1854 1851
f 479 1856 1854
f 480 1851 1856
f 1854 1856 1851
f 37 1858 1765
f 481 1859 1858
f 457 1765 1859
f 1858 1859 1765
f 129 1860 1862
f 482 1861 1860
f 481 1862 1861
f 1860 1861 1862
f 123 1770 1864
f 457 1863 1770
f 482 1864 1863
f 1770 1863 1864
f 481 1861 1859
f 482 1863 1861
f 457 1859 1863
f 1861 1863 1859
f 39 1865 1867
f 483 1866 1865
f 485 1867 1866
f 1865 1866 1867
f 130 1868 1870
f 484 1869 1868
f 483 1870 1869
f 1868 1869 1870
f 129 1871 1873
f 485 1872 1871
f 484 1873 1872
f 1871 1872 1873
f 483 1869 1866
f 484 1872 1869
f 485 1866 1872
f 1869 1872 1866
f 123 1864 1853
f 482 1874 1864
f 479 1853 1874
f 1864 1874 1853
f 129 1873 1860
f 484 1875 1873
f 482 1860 1875
f 1873 1875 1860
f 130 1857 1868
f 479 1876 1857
f 484 1868 1876
f 1857 1876 1868
f 482 1875 1874
f 484 1876 1875
f 479 1874 1876
f 1875 1876 1874
f 3 1877 1803
f 486 1878 1877
f 467 1803 1878
f 1877 1878 1803
f 131 1879 1881
f 487 1880 1879
f 486 1881 1880
f 1879 1880 1881
f 126 1808 1883
f 467 1882 1808
f 487 1883 1882
f 1808 1882 1883
f 486 1880 1878
f 487 1882 1880
f 467 1878 1882
f 1880 1882 1878
f 38 1884 1886
f 488 1885 1884
f 490 1886 1885
f 1884 1885 1886
f 132 1887 1889
f 489 1888 1887
f 488 1889 1888
f 1887 1888 1889
f 131 1890 1892
f 490 1891 1890
f 489 1892 1891
f 1890 1891 1892
f 488 1888 1885
f 489 1891 1888
f 490 1885 1891
f 1888 1891 1885
f 37 1814 1894
f 472 1893 1814
f 492 1894 1893
f 1814 1893 1894
f 126 1895 1818
f 491 1896 1895
f 472 1818 1896
f 1895 1896 1818
f 132 1897 1899
f 492 1898 1897
f 491 1899 1898
f 1897 1898 1899
f 472 1896 1893
f 491 1898 1896
f 492 1893 1898
f 1896 1898 1893
f 131 1892 1879
f 489 1900 1892
f 487 1879 1900
f 1892 1900 1879
f 132 1899 1887
f 491 1901 1899
f 489 1887 1901
f 1899 1901 1887
f 126 1883 1895
f 487 1902 1883
f 491 1895 1902
f 1883 1902 1895
f 489 1901 1900
f 491 1902 1901
f 487 1900 1902
f 1901 1902 1900
f 7 1903 1905
f 493 1904 1903
f 495 1905 1904
f 1903 1904 1905
f 133 1906 1908
f 494 1907 1906
f 493 1908 1907
f 1906 1907 1908
f 135 1909 1911
f 495 1910 1909
f 494 1911 1910
f 1909 1910 1911
f 493 1907 1904
f 494 1910 1907
f 495 1904 1910
f 1907 1910 1904
f 39 1912 1914
f 496 1913 1912
f 498 1914 1913
f 1912 1913 1914
f 134 1915 1917
f 497 1916 1915
f 496 1917 1916
f 1915 1916 1917
f 133 1918 1920
f 498 1919 1918
f 497 1920 1919
f 1918 1919 1920
f 496 1916 1913
f 497 1919 1916
f 498 1913 1919
f 1916 1919 1913
f 38 1921 1923
f 499 1922 1921
f 501 1923 1922
f 1921 1922 1923
f 135 1924 1926
f 500 1925 1924
f 499 1926 1925
f 1924 1925 1926
f 134 1927 1929
f 501 1928 1927
f 500 1929 1928
f 1927 1928 1929
f 499 1925 1922
f 500 1928 1925
f 501 1922 1928
f 1925 1928 1922
f 133 1920 1906
f 497 1930 1920
f 494 1906 1930
f 1920 1930 1906
f 134 1929 1915
f 500 1931 1929
f 497 1915 1931
f 1929 1931 1915
f 135 1911 1924
f 494 1932 1911
f 500 1924 1932
f 1911 1932 1924
f 497 1931 1930
f 500 1932 1931
f 494 1930 1932
f 1931 1932 1930
f 37 1894 1858
f 492 1933 1894
f 481 1858 1933
f 1894 1933 1858
f 132 1934 1897
f 502 1935 1934
f 492 1897 1935
f 1934 1935 1897
f 129 1862 1937
f 481 1936 1862
f 502 1937 1936
f 1862 1936 1937
f 492 1935 1933
f 502 1936 1935
f 481 1933 1936
f 1935 1936 1933
f 38 1923 1884
f 501 1938 1923
f 488 1884 1938
f 1923 1938 1884
f 134 1939 1927
f 503 1940 1939
f 501 1927 1940
f 1939 1940 1927
f 132 1889 1942
f 488 1941 1889
f 503 1942 1941
f 1889 1941 1942
f 501 1940 1938
f 503 1941 1940
f 488 1938 1941
f 1940 1941 1938
f 39 1867 1912
f 485 1943 1867
f 496 1912 1943
f 1867 1943 1912
f 129 1944 1871
f 504 1945 1944
f 485 1871 1945
f 1944 1945 1871
f 134 1917 1947
f 496 1946 1917
f 504 1947 1946
f 1917 1946 1947
f 485 1945 1943
f 504 1946 1945
f 496 1943 1946
f 1945 1946 1943
f 132 1942 1934
f 503 1948 1942
f 502 1934 1948
f 1942 1948 1934
f 134 1947 1939
f 504 1949 1947
f 503 1939 1949
f 1947 1949 1939
f 129 1937 1944
f 502 1950 1937
f 504 1944 1950
f 1937 1950 1944
f 503 1949 1948
f 504 1950 1949
f 502 1948 1950
f 1949 1950 1948
f 4 1852 1952
f 480 1951 1852
f 506 1952 1951
f 1852 1951 1952
f 130 1953 1855
f 505 1954 1953
f 480 1855 1954
f 1953 1954 1855
f 137 1955 1957
f 506 1956 1955
f 505 1957 1956
f 1955 1956 1957
f 480 1954 1951
f 505 1956 1954
f 506 1951 1956
f 1954 1956 1951
f 39 1958 1865
f 507 1959 1958
f 483 1865 1959
f 1958 1959 1865
f 136 1960 1962
f 508 1961 1960
f 507 1962 1961
f 1960 1961 1962
f 130 1870 1964
f 483 1963 1870
f 508 1964 1963
f 1870 1963 1964
f 507 1961 1959
f 508 1963 1961
f 483 1959 1963
f 1961 1963 1959
f 41 1965 1967
f 509 1966 1965
f 511 1967 1966
f 1965 1966 1967
f 137 1968 1970
f 510 1969 1968
f 509 1970 1969
f 1968 1969 1970
f 136 1971 1973
f 511 1972 1971
f 510 1973 1972
f 1971 1972 1973
f 509 1969 1966
f 510 1972 1969
f 511 1966 1972
f 1969 1972 1966
f 130 1964 1953
f 508 1974 1964
f 505 1953 1974
f 1964 1974 1953
f 136 1973 1960
f 510 1975 1973
f 508 1960 1975
f 1973 1975 1960
f 137 1957 1968
f 505 1976 1957
f 510 1968 1976
f 1957 1976 1968
f 508 1975 1974
f 510 1976 1975
f 505 1974 1976
f 1975 1976 1974
f 7 1977 1903
f 512 1978 1977
f 493 1903 1978
f 1977 1978 1903
f 138 1979 1981
f 513 1980 1979
f 512 1981 1980
f 1979 1980 1981
f 133 1908 1983
f 493 1982 1908
f 513 1983 1982
f 1908 1982 1983
f 512 1980 1978
f 513 1982 1980
f 493 1978 1982
f 1980 1982 1978
f 40 1984 1986
f 514 1985 1984
f 516 1986 1985
f 1984 1985 1986
f 139 1987 1989
f 515 1988 1987
f 514 1989 1988
f 1987 1988 1989
f 138 1990 1992
f 516 1991 1990
f 515 1992 1991
f 1990 1991 1992
f 514 1988 1985
f 515 1991 1988
f 516 1985 1991
f 1988 1991 1985
f 39 1914 1994
f 498 1993 1914
f 518 1994 1993
f 1914 1993 1994
f 133 1995 1918
f 517 1996 1995
f 498 1918 1996
f 1995 1996 1918
f 139 1997 1999
f 518 1998 1997
f 517 1999 1998
f 1997 1998 1999
f 498 1996 1993
f 517 1998 1996
f 518 1993 1998
f 1996 1998 1993
f 138 1992 1979
f 515 2000 1992
f 513 1979 2000
f 1992 2000 1979
f 139 1999 1987
f 517 2001 1999
f 515 1987 2001
f 1999 2001 1987
f 133 1983 1995
f 513 2002 1983
f 517 1995 2002
f 1983 2002 1995
f 515 2001 2000
f 517 2002 2001
f 513 2000 2002
f 2001 2002 2000
f 9 2003 2005
f 519 2004 2003
f 521 2005 2004
f 2003 2004 2005
f 140 2006 2008
f 520 2007 2006
f 519 2008 2007
f 2006 2007 2008
f 142 2009 2011
f 521 2010 2009
f 520 2011 2010
f 2009 2010 2011
f 519 2007 2004
f 520 2010 2007
f 521 2004 2010
f 2007 2010 2004
f 41 2012 2014
f 522 2013 2012
f 524 2014 2013
f 2012 2013 2014
f 141 2015 2017
f 523 2016 2015
f 522 2017 2016
f 2015 2016 2017
f 140 2018 2020
f 524 2019 2018
f 523 2020 2019
f 2018 2019 2020
f 522 2016 2013
f 523 2019 2016
f 524 2013 2019
f 2016 2019 2013
f 40 2021 2023
f 525 2022 2021
f 527 2023 2022
f 2021 2022 2023
f 142 2024 2026
f 526 2025 2024
f 525 2026 2025
f 2024 2025 2026
f 141 2027 2029
f 527 2028 2027
f 526 2029 2028
f 2027 2028 2029
f 525 2025 2022
f 526 2028 2025
f 527 2022 2028
f 2025 2028 2022
f 140 2020 2006
f 523 2030 2020
f 520 2006 2030
f 2020 2030 2006
f 141 2029 2015
f 526 2031 2029
f 523 2015 2031
f 2029 2031 2015
f 142 2011 2024
f 520 2032 2011
f 526 2024 2032
f 2011 2032 2024
f 523 2031 2030
f 526 2032 2031
f 520 2030 2032
f 2031 2032 2030
f 39 1994 1958
f 518 2033 1994
f 507 1958 2033
f 1994 2033 1958
f 139 2034 1997
f 528 2035 2034
f 518 1997 2035
f 2034 2035 1997
f 136 1962 2037
f 507 2036 1962
f 528 2037 2036
f 1962 2036 2037
f 518 2035 2033
f 528 2036 2035
f 507 2033 2036
f 2035 2036 2033
f 40 2023 1984
f 527 2038 2023
f 514 1984 2038
f 2023 2038 1984
f 141 2039 2027
f 529 2040 2039
f 527 2027 2040
f 2039 2040 2027
f 139 1989 2042
f 514 2041 1989
f 529 2042 2041
f 1989 2041 2042
f 527 2040 2038
f 529 2041 2040
f 514 2038 2041
f 2040 2041 2038
f 41 1967 2012
f 511 2043 1967
f 522 2012 2043
f 1967 2043 2012
f 136 2044 1971
f 530 2045 2044
f 511 1971 2045
f 2044 2045 1971
f 141 2017 2047
f 522 2046 2017
f 530 2047 2046
f 2017 2046 2047
f 511 2045 2043
f 530 2046 2045
f 522 2043 2046
f 2045 2046 2043
f 139 2042 2034
f 529 2048 2042
f 528 2034 2048
f 2042 2048 2034
f 141 2047 2039
f 530 2049 2047
f 529 2039 2049
f 2047 2049 2039
f 136 2037 2044
f 528 2050 2037
f 530 2044 2050
f 2037 2050 2044
f 529 2049 2048
f 530 2050 2049
f 528 2048 2050
f 2049 2050 2048
f 4 1952 1643
f 506 2051 1952
f 423 1643 2051
f 1952 2051 1643
f 137 2052 1955
f 531 2053 2052
f 506 1955 2053
f 2052 2053 1955
f 113 1648 2055
f 423 2054 1648
f 531 2055 2054
f 1648 2054 2055
f 506 2053 2051
f 531 2054 2053
f 423 2051 2054
f 2053 2054 2051
f 41 2056 1965
f 532 2057 2056
f 509 1965 2057
f 2056 2057 1965
f 143 2058 2060
f 533 2059 2058
f 532 2060 2059
f 2058 2059 2060
f 137 1970 2062
f 509 2061 1970
f 533 2062 2061
f 1970 2061 2062
f 532 2059 2057
f 533 2061 2059
f 509 2057 2061
f 2059 2061 2057
f 33 1654 2064
f 428 2063 1654
f 535 2064 2063
f 1654 2063 2064
f 113 2065 1658
f 534 2066 2065
f 428 1658 2066
f 2065 2066 1658
f 143 2067 2069
f 535 2068 2067
f 534 2069 2068
f 2067 2068 2069
f 428 2066 2063
f 534 2068 2066
f 535 2063 2068
f 2066 2068 2063
f 137 2062 2052
f 533 2070 2062
f 531 2052 2070
f 2062 2070 2052
f 143 2069 2058
f 534 2071 2069
f 533 2058 2071
f 2069 2071 2058
f 113 2055 2065
f 531 2072 2055
f 534 2065 2072
f 2055 2072 2065
f 533 2071 2070
f 534 2072 2071
f 531 2070 2072
f 2071 2072 2070
f 9 2073 2003
f 536 2074 2073
f 519 2003 2074
f 2073 2074 2003
f 144 2075 2077
f 537 2076 2075
f 536 2077 2076
f 2075 2076 2077
f 140 2008 2079
f 519 2078 2008
f 537 2079 2078
f 2008 2078 2079
f 536 2076 2074
f 537 2078 2076
f 519 2074 2078
f 2076 2078 2074
f 42 2080 2082
f 538 2081 2080
f 540 2082 2081
f 2080 2081 2082
f 145 2083 2085
f 539 2084 2083
f 538 2085 2084
f 2083 2084 2085
f 144 2086 2088
f 540 2087 2086
f 539 2088 2087
f 2086 2087 2088
f 538 2084 2081
f 539 2087 2084
f 540 2081 2087
f 2084 2087 2081
f 41 2014 2090
f 524 2089 2014
f 542 2090 2089
f 2014 2089 2090
f 140 2091 2018
f 541 2092 2091
f 524 2018 2092
f 2091 2092 2018
f 145 2093 2095
f 542 2094 2093
f 541 2095 2094
f 2093 2094 2095
f 524 2092 2089
f 541 2094 2092
f 542 2089 2094
f 2092 2094 2089
f 144 2088 2075
f 539 2096 2088
f 537 2075 2096
f 2088 2096 2075
f 145 2095 2083
f 541 2097 2095
f 539 2083 2097
f 2095 2097 2083
f 140 2079 2091
f 537 2098 2079
f 541 2091 2098
f 2079 2098 2091
f 539 2097 2096
f 541 2098 2097
f 537 2096 2098
f 2097 2098 2096
f 10 1675 2100
f 434 2099 1675
f 544 2100 2099
f 1675 2099 2100
f 118 2101 1679
f 543 2102 2101
f 434 1679 2102
f 2101 2102 1679
f 147 2103 2105
f 544 2104 2103
f 543 2105 2104
f 2103 2104 2105
f 434 2102 2099
f 543 2104 2102
f 544 2099 2104
f 2102 2104 2099
f 33 2106 1691
f 545 2107 2106
f 438 1691 2107
f 2106 2107 1691
f 146 2108 2110
f 546 2109 2108
f 545 2110 2109
f 2108 2109 2110
f 118 1696 2112
f 438 2111 1696
f 546 2112 2111
f 1696 2111 2112
f 545 2109 2107
f 546 2111 2109
f 438 2107 2111
f 2109 2111 2107
f 42 2113 2115
f 547 2114 2113
f 549 2115 2114
f 2113 2114 2115
f 147 2116 2118
f 548 2117 2116
f 547 2118 2117
f 2116 2117 2118
f 146 2119 2121
f 549 2120 2119
f 548 2121 2120
f 2119 2120 2121
f 547 2117 2114
f 548 2120 2117
f 549 2114 2120
f 2117 2120 2114
f 118 2112 2101
f 546 2122 2112
f 543 2101 2122
f 2112 2122 2101
f 146 2121 2108
f 548 2123 2121
f 546 2108 2123
f 2121 2123 2108
f 147 2105 2116
f 543 2124 2105
f 548 2116 2124
f 2105 2124 2116
f 546 2123 2122
f 548 2124 2123
f 543 2122 2124
f 2123 2124 2122
f 41 2090 2056
f 542 2125 2090
f 532 2056 2125
f 2090 2125 2056
f 145 2126 2093
f 550 2127 2126
f 542 2093 2127
f 2126 2127 2093
f 143 2060 2129
f 532 2128 2060
f 550 2129 2128
f 2060 2128 2129
f 542 2127 2125
f 550 2128 2127
f 532 2125 2128
f 2127 2128 2125
f 42 2115 2080
f 549 2130 2115
f 538 2080 2130
f 2115 2130 2080
f 146 2131 2119
f 551 2132 2131
f 549 2119 2132
f 2131 2132 2119
f 145 2085 2134
f 538 2133 2085
f 551 2134 2133
f 2085 2133 2134
f 549 2132 2130
f 551 2133 2132
f 538 2130 2133
f 2132 2133 2130
f 33 2064 2106
f 535 2135 2064
f 545 2106 2135
f 2064 2135 2106
f 143 2136 2067
f 552 2137 2136
f 535 2067 2137
f 2136 2137 2067
f 146 2110 2139
f 545 2138 2110
f 552 2139 2138
f 2110 2138 2139
f 535 2137 2135
f 552 2138 2137
f 545 2135 2138
f 2137 2138 2135
f 145 2134 2126
f 551 2140 2134
f 550 2126 2140
f 2134 2140 2126
f 146 2139 2131
f 552 2141 2139
f 551 2131 2141
f 2139 2141 2131
f 143 2129 2136
f 550 2142 2129
f 552 2136 2142
f 2129 2142 2136
f 551 2141 2140
f 552 2142 2141
f 550 2140 2142
f 2141 2142 2140
f 5 1705 1295
f 443 2143 1705
f 333 1295 2143
f 1705 2143 1295
f 121 2144 1709
f 553 2145 2144
f 443 1709 2145
f 2144 2145 1709
f 89 1300 2147
f 333 2146 1300
f 553 2147 2146
f 1300 2146 2147
f 443 2145 2143
f 553 2146 2145
f 333 2143 2146
f 2145 2146 2143
f 34 2148 1721
f 554 2149 2148
f 447 1721 2149
f 2148 2149 1721
f 148 2150 2152
f 555 2151 2150
f 554 2152 2151
f 2150 2151 2152
f 121 1726 2154
f 447 2153 1726
f 555 2154 2153
f 1726 2153 2154
f 554 2151 2149
f 555 2153 2151
f 447 2149 2153
f 2151 2153 2149
f 26 1306 2156
f 338 2155 1306
f 557 2156 2155
f 1306 2155 2156
f 89 2157 1310
f 556 2158 2157
f 338 1310 2158
f 2157 2158 1310
f 148 2159 2161
f 557 2160 2159
f 556 2161 2160
f 2159 2160 2161
f 338 2158 2155
f 556 2160 2158
f 557 2155 2160
f 2158 2160 2155
f 121 2154 2144
f 555 2162 2154
f 553 2144 2162
f 2154 2162 2144
f 148 2161 2150
f 556 2163 2161
f 555 2150 2163
f 2161 2163 2150
f 89 2147 2157
f 553 2164 2147
f 556 2157 2164
f 2147 2164 2157
f 555 2163 2162
f 556 2164 2163
f 553 2162 2164
f 2163 2164 2162
f 10 1197 1673
f 309 2165 1197
f 432 1673 2165
f 1197 2165 1673
f 84 2166 1201
f 558 2167 2166
f 309 1201 2167
f 2166 2167 1201
f 116 1678 2169
f 432 2168 1678
f 558 2169 2168
f 1678 2168 2169
f 309 2167 2165
f 558 2168 2167
f 432 2165 2168
f 2167 2168 2165
f 23 2170 1213
f 559 2171 2170
f 313 1213 2171
f 2170 2171 1213
f 149 2172 2174
f 560 2173 2172
f 559 2174 2173
f 2172 2173 2174
f 84 1218 2176
f 313 2175 1218
f 560 2176 2175
f 1218 2175 2176
f 559 2173 2171
f 560 2175 2173
f 313 2171 2175
f 2173 2175 2171
f 34 1684 2178
f 437 2177 1684
f 562 2178 2177
f 1684 2177 2178
f 116 2179 1688
f 561 2180 2179
f 437 1688 2180
f 2179 2180 1688
f 149 2181 2183
f 562 2182 2181
f 561 2183 2182
f 2181 2182 2183
f 437 2180 2177
f 561 2182 2180
f 562 2177 2182
f 2180 2182 2177
f 84 2176 2166
f 560 2184 2176
f 558 2166 2184
f 2176 2184 2166
f 149 2183 2172
f 561 2185 2183
f 560 2172 2185
f 2183 2185 2172
f 116 2169 2179
f 558 2186 2169
f 561 2179 2186
f 2169 2186 2179
f 560 2185 2184
f 561 2186 2185
f 558 2184 2186
f 2185 2186 2184
f 6 1244 1169
f 320 2187 1244
f 300 1169 2187
f 1244 2187 1169
f 86 2188 1247
f 563 2189 2188
f 320 1247 2189
f 2188 2189 1247
f 80 1173 2191
f 300 2190 1173
f 563 2191 2190
f 1173 2190 2191
f 320 2189 2187
f 563 2190 2189
f 300 2187 2190
f 2189 2190 2187
f 26 2192 1257
f 564 2193 2192
f 323 1257 2193
f 2192 2193 1257
f 150 2194 2196
f 565 2195 2194
f 564 2196 2195
f 2194 2195 2196
f 86 1262 2198
f 323 2197 1262
f 565 2198 2197
f 1262 2197 2198
f 564 2195 2193
f 565 2197 2195
f 323 2193 2197
f 2195 2197 2193
f 23 1178 2200
f 304 2199 1178
f 567 2200 2199
f 1178 2199 2200
f 80 2201 1182
f 566 2202 2201
f 304 1182 2202
f 2201 2202 1182
f 150 2203 2205
f 567 2204 2203
f 566 2205 2204
f 2203 2204 2205
f 304 2202 2199
f 566 2204 2202
f 567 2199 2204
f 2202 2204 2199
f 86 2198 2188
f 565 2206 2198
f 563 2188 2206
f 2198 2206 2188
f 150 2205 2194
f 566 2207 2205
f 565 2194 2207
f 2205 2207 2194
f 80 2191 2201
f 563 2208 2191
f 566 2201 2208
f 2191 2208 2201
f 565 2207 2206
f 566 2208 2207
f 563 2206 2208
f 2207 2208 2206
f 34 2178 2148
f 562 2209 2178
f 554 2148 2209
f 2178 2209 2148
f 149 2210 2181
f 568 2211 2210
f 562 2181 2211
f 2210 2211 2181
f 148 2152 2213
f 554 2212 2152
f 568 2213 2212
f 2152 2212 2213
f 562 2211 2209
f 568 2212 2211
f 554 2209 2212
f 2211 2212 2209
f 23 2200 2170
f 567 2214 2200
f 559 2170 2214
f 2200 2214 2170
f 150 2215 2203
f 569 2216 2215
f 567 2203 2216
f 2215 2216 2203
f 149 2174 2218
f 559 2217 2174
f 569 2218 2217
f 2174 2217 2218
f 567 2216 2214
f 569 2217 2216
f 559 2214 2217
f 2216 2217 2214
f 26 2156 2192
f 557 2219 2156
f 564 2192 2219
f 2156 2219 2192
f 148 2220 2159
f 570 2221 2220
f 557 2159 2221
f 2220 2221 2159
f 150 2196 2223
f 564 2222 2196
f 570 2223 2222
f 2196 2222 2223
f 557 2221 2219
f 570 2222 2221
f 564 2219 2222
f 2221 2222 2219
f 149 2218 2210
f 569 2224 2218
f 568 2210 2224
f 2218 2224 2210
f 150 2223 2215
f 570 2225 2223
f 569 2215 2225
f 2223 2225 2215
f 148 2213 2220
f 568 2226 2213
f 570 2220 2226
f 2213 2226 2220
f 569 2225 2224
f 570 2226 2225
f 568 2224 2226
f 2225 2226 2224
f 3 1805 1395
f 469 2227 1805
f 359 1395 2227
f 1805 2227 1395
f 128 2228 1809
f 571 2229 2228
f 469 1809 2229
f 2228 2229 1809
f 96 1400 2231
f 359 2230 1400
f 571 2231 2230
f 1400 2230 2231
f 469 2229 2227
f 571 2230 2229
f 359 2227 2230
f 2229 2230 2227
f 36 2232 1821
f 572 2233 2232
f 473 1821 2233
f 2232 2233 1821
f 151 2234 2236
f 573 2235 2234
f 572 2236 2235
f 2234 2235 2236
f 128 1826 2238
f 473 2237 1826
f 573 2238 2237
f 1826 2237 2238
f 572 2235 2233
f 573 2237 2235
f 473 2233 2237
f 2235 2237 2233
f 28 1406 2240
f 364 2239 1406
f 575 2240 2239
f 1406 2239 2240
f 96 2241 1410
f 574 2242 2241
f 364 1410 2242
f 2241 2242 1410
f 151 2243 2245
f 575 2244 2243
f 574 2245 2244
f 2243 2244 2245
f 364 2242 2239
f 574 2244 2242
f 575 2239 2244
f 2242 2244 2239
f 128 2238 2228
f 573 2246 2238
f 571 2228 2246
f 2238 2246 2228
f 151 2245 2234
f 574 2247 2245
f 573 2234 2247
f 2245 2247 2234
f 96 2231 2241
f 571 2248 2231
f 574 2241 2248
f 2231 2248 2241
f 573 2247 2246
f 574 2248 2247
f 571 2246 2248
f 2247 2248 2246
f 5 1297 1777
f 335 2249 1297
f 460 1777 2249
f 1297 2249 1777
f 91 2250 1301
f 576 2251 2250
f 335 1301 2251
f 2250 2251 1301
f 124 1781 2253
f 460 2252 1781
f 576 2253 2252
f 1781 2252 2253
f 335 2251 2249
f 576 2252 2251
f 460 2249 2252
f 2251 2252 2249
f 25 2254 1313
f 577 2255 2254
f 339 1313 2255
f 2254 2255 1313
f 152 2256 2258
f 578 2257 2256
f 577 2258 2257
f 2256 2257 2258
f 91 1318 2260
f 339 2259 1318
f 578 2260 2259
f 1318 2259 2260
f 577 2257 2255
f 578 2259 2257
f 339 2255 2259
f 2257 2259 2255
f 36 1786 2262
f 464 2261 1786
f 580 2262 2261
f 1786 2261 2262
f 124 2263 1790
f 579 2264 2263
f 464 1790 2264
f 2263 2264 1790
f 152 2265 2267
f 580 2266 2265
f 579 2267 2266
f 2265 2266 2267
f 464 2264 2261
f 579 2266 2264
f 580 2261 2266
f 2264 2266 2261
f 91 2260 2250
f 578 2268 2260
f 576 2250 2268
f 2260 2268 2250
f 152 2267 2256
f 579 2269 2267
f 578 2256 2269
f 2267 2269 2256
f 124 2253 2263
f 576 2270 2253
f 579 2263 2270
f 2253 2270 2263
f 578 2269 2268
f 579 2270 2269
f 576 2268 2270
f 2269 2270 2268
f 12 1344 1269
f 346 2271 1344
f 326 1269 2271
f 1344 2271 1269
f 93 2272 1347
f 581 2273 2272
f 346 1347 2273
f 2272 2273 1347
f 87 1273 2275
f 326 2274 1273
f 581 2275 2274
f 1273 2274 2275
f 346 2273 2271
f 581 2274 2273
f 326 2271 2274
f 2273 2274 2271
f 28 2276 1357
f 582 2277 2276
f 349 1357 2277
f 2276 2277 1357
f 153 2278 2280
f 583 2279 2278
f 582 2280 2279
f 2278 2279 2280
f 93 1362 2282
f 349 2281 1362
f 583 2282 2281
f 1362 2281 2282
f 582 2279 2277
f 583 2281 2279
f 349 2277 2281
f 2279 2281 2277
f 25 1278 2284
f 330 2283 1278
f 585 2284 2283
f 1278 2283 2284
f 87 2285 1282
f 584 2286 2285
f 330 1282 2286
f 2285 2286 1282
f 153 2287 2289
f 585 2288 2287
f 584 2289 2288
f 2287 2288 2289
f 330 2286 2283
f 584 2288 2286
f 585 2283 2288
f 2286 2288 2283
f 93 2282 2272
f 583 2290 2282
f 581 2272 2290
f 2282 2290 2272
f 153 2289 2278
f 584 2291 2289
f 583 2278 2291
f 2289 2291 2278
f 87 2275 2285
f 581 2292 2275
f 584 2285 2292
f 2275 2292 2285
f 583 2291 2290
f 584 2292 2291
f 581 2290 2292
f 2291 2292 2290
f 36 2262 2232
f 580 2293 2262
f 572 2232 2293
f 2262 2293 2232
f 152 2294 2265
f 586 2295 2294
f 580 2265 2295
f 2294 2295 2265
f 151 2236 2297
f 572 2296 2236
f 586 2297 2296
f 2236 2296 2297
f 580 2295 2293
f 586 2296 2295
f 572 2293 2296
f 2295 2296 2293
f 25 2284 2254
f 585 2298 2284
f 577 2254 2298
f 2284 2298 2254
f 153 2299 2287
f 587 2300 2299
f 585 2287 2300
f 2299 2300 2287
f 152 2258 2302
f 577 2301 2258
f 587 2302 2301
f 2258 2301 2302
f 585 2300 2298
f 587 2301 2300
f 577 2298 2301
f 2300 2301 2298
f 28 2240 2276
f 575 2303 2240
f 582 2276 2303
f 2240 2303 2276
f 151 2304 2243
f 588 2305 2304
f 575 2243 2305
f 2304 2305 2243
f 153 2280 2307
f 582 2306 2280
f 588 2307 2306
f 2280 2306 2307
f 575 2305 2303
f 588 2306 2305
f 582 2303 2306
f 2305 2306 2303
f 152 2302 2294
f 587 2308 2302
f 586 2294 2308
f 2302 2308 2294
f 153 2307 2299
f 588 2309 2307
f 587 2299 2309
f 2307 2309 2299
f 151 2297 2304
f 586 2310 2297
f 588 2304 2310
f 2297 2310 2304
f 587 2309 2308
f 588 2310 2309
f 586 2308 2310
f 2309 2310 2308
f 7 1905 1495
f 495 2311 1905
f 385 1495 2311
f 1905 2311 1495
f 135 2312 1909
f 589 2313 2312
f 495 1909 2313
f 2312 2313 1909
f 103 1500 2315
f 385 2314 1500
f 589 2315 2314
f 1500 2314 2315
f 495 2313 2311
f 589 2314 2313
f 385 2311 2314
f 2313 2314 2311
f 38 2316 1921
f 590 2317 2316
f 499 1921 2317
f 2316 2317 1921
f 154 2318 2320
f 591 2319 2318
f 590 2320 2319
f 2318 2319 2320
f 135 1926 2322
f 499 2321 1926
f 591 2322 2321
f 1926 2321 2322
f 590 2319 2317
f 591 2321 2319
f 499 2317 2321
f 2319 2321 2317
f 30 1506 2324
f 390 2323 1506
f 593 2324 2323
f 1506 2323 2324
f 103 2325 1510
f 592 2326 2325
f 390 1510 2326
f 2325 2326 1510
f 154 2327 2329
f 593 2328 2327
f 592 2329 2328
f 2327 2328 2329
f 390 2326 2323
f 592 2328 2326
f 593 2323 2328
f 2326 2328 2323
f 135 2322 2312
f 591 2330 2322
f 589 2312 2330
f 2322 2330 2312
f 154 2329 2318
f 592 2331 2329
f 591 2318 2331
f 2329 2331 2318
f 103 2315 2325
f 589 2332 2315
f 592 2325 2332
f 2315 2332 2325
f 591 2331 2330
f 592 2332 2331
f 589 2330 2332
f 2331 2332 2330
f 3 1397 1877
f 361 2333 1397
f 486 1877 2333
f 1397 2333 1877
f 98 2334 1401
f 594 2335 2334
f 361 1401 2335
f 2334 2335 1401
f 131 1881 2337
f 486 2336 1881
f 594 2337 2336
f 1881 2336 2337
f 361 2335 2333
f 594 2336 2335
f 486 2333 2336
f 2335 2336 2333
f 27 2338 1413
f 595 2339 2338
f 365 1413 2339
f 2338 2339 1413
f 155 2340 2342
f 596 2341 2340
f 595 2342 2341
f 2340 2341 2342
f 98 1418 2344
f 365 2343 1418
f 596 2344 2343
f 1418 2343 2344
f 595 2341 2339
f 596 2343 2341
f 365 2339 2343
f 2341 2343 2339
f 38 1886 2346
f 490 2345 1886
f 598 2346 2345
f 1886 2345 2346
f 131 2347 1890
f 597 2348 2347
f 490 1890 2348
f 2347 2348 1890
f 155 2349 2351
f 598 2350 2349
f 597 2351 2350
f 2349 2350 2351
f 490 2348 2345
f 597 2350 2348
f 598 2345 2350
f 2348 2350 2345
f 98 2344 2334
f 596 2352 2344
f 594 2334 2352
f 2344 2352 2334
f 155 2351 2340
f 597 2353 2351
f 596 2340 2353
f 2351 2353 2340
f 131 2337 2347
f 594 2354 2337
f 597 2347 2354
f 2337 2354 2347
f 596 2353 2352
f 597 2354 2353
f 594 2352 2354
f 2353 2354 2352
f 11 1444 1369
f 372 2355 1444
f 352 1369 2355
f 1444 2355 1369
f 100 2356 1447
f 599 2357 2356
f 372 1447 2357
f 2356 2357 1447
f 94 1373 2359
f 352 2358 1373
f 599 2359 2358
f 1373 2358 2359
f 372 2357 2355
f 599 2358 2357
f 352 2355 2358
f 2357 2358 2355
f 30 2360 1457
f 600 2361 2360
f 375 1457 2361
f 2360 2361 1457
f 156 2362 2364
f 601 2363 2362
f 600 2364 2363
f 2362 2363 2364
f 100 1462 2366
f 375 2365 1462
f 601 2366 2365
f 1462 2365 2366
f 600 2363 2361
f 601 2365 2363
f 375 2361 2365
f 2363 2365 2361
f 27 1378 2368
f 356 2367 1378
f 603 2368 2367
f 1378 2367 2368
f 94 2369 1382
f 602 2370 2369
f 356 1382 2370
f 2369 2370 1382
f 156 2371 2373
f 603 2372 2371
f 602 2373 2372
f 2371 2372 2373
f 356 2370 2367
f 602 2372 2370
f 603 2367 2372
f 2370 2372 2367
f 100 2366 2356
f 601 2374 2366
f 599 2356 2374
f 2366 2374 2356
f 156 2373 2362
f 602 2375 2373
f 601 2362 2375
f 2373 2375 2362
f 94 2359 2369
f 599 2376 2359
f 602 2369 2376
f 2359 2376 2369
f 601 2375 2374
f 602 2376 2375
f 599 2374 2376
f 2375 2376 2374
f 38 2346 2316
f 598 2377 2346
f 590 2316 2377
f 2346 2377 2316
f 155 2378 2349
f 604 2379 2378
f 598 2349 2379
f 2378 2379 2349
f 154 2320 2381
f 590 2380 2320
f 604 2381 2380
f 2320 2380 2381
f 598 2379 2377
f 604 2380 2379
f 590 2377 2380
f 2379 2380 2377
f 27 2368 2338
f 603 2382 2368
f 595 2338 2382
f 2368 2382 2338
f 156 2383 2371
f 605 2384 2383
f 603 2371 2384
f 2383 2384 2371
f 155 2342 2386
f 595 2385 2342
f 605 2386 2385
f 2342 2385 2386
f 603 2384 2382
f 605 2385 2384
f 595 2382 2385
f 2384 2385 2382
f 30 2324 2360
f 593 2387 2324
f 600 2360 2387
f 2324 2387 2360
f 154 2388 2327
f 606 2389 2388
f 593 2327 2389
f 2388 2389 2327
f 156 2364 2391
f 600 2390 2364
f 606 2391 2390
f 2364 2390 2391
f 593 2389 2387
f 606 2390 2389
f 600 2387 2390
f 2389 2390 2387
f 155 2386 2378
f 605 2392 2386
f 604 2378 2392
f 2386 2392 2378
f 156 2391 2383
f 606 2393 2391
f 605 2383 2393
f 2391 2393 2383
f 154 2381 2388
f 604 2394 2381
f 606 2388 2394
f 2381 2394 2388
f 605 2393 2392
f 606 2394 2393
f 604 2392 2394
f 2393 2394 2392
f 9 2005 1595
f 521 2395 2005
f 411 1595 2395
f 2005 2395 1595
f 142 2396 2009
f 607 2397 2396
f 521 2009 2397
f 2396 2397 2009
f 110 1600 2399
f 411 2398 1600
f 607 2399 2398
f 1600 2398 2399
f 521 2397 2395
f 607 2398 2397
f 411 2395 2398
f 2397 2398 2395
f 40 2400 2021
f 608 2401 2400
f 525 2021 2401
f 2400 2401 2021
f 157 2402 2404
f 609 2403 2402
f 608 2404 2403
f 2402 2403 2404
f 142 2026 2406
f 525 2405 2026
f 609 2406 2405
f 2026 2405 2406
f 608 2403 2401
f 609 2405 2403
f 525 2401 2405
f 2403 2405 2401
f 32 1606 2408
f 416 2407 1606
f 611 2408 2407
f 1606 2407 2408
f 110 2409 1610
f 610 2410 2409
f 416 1610 2410
f 2409 2410 1610
f 157 2411 2413
f 611 2412 2411
f 610 2413 2412
f 2411 2412 2413
f 416 2410 2407
f 610 2412 2410
f 611 2407 2412
f 2410 2412 2407
f 142 2406 2396
f 609 2414 2406
f 607 2396 2414
f 2406 2414 2396
f 157 2413 2402
f 610 2415 2413
f 609 2402 2415
f 2413 2415 2402
f 110 2399 2409
f 607 2416 2399
f 610 2409 2416
f 2399 2416 2409
f 609 2415 2414
f 610 2416 2415
f 607 2414 2416
f 2415 2416 2414
f 7 1497 1977
f 387 2417 1497
f 512 1977 2417
f 1497 2417 1977
f 105 2418 1501
f 612 2419 2418
f 387 1501 2419
f 2418 2419 1501
f 138 1981 2421
f 512 2420 1981
f 612 2421 2420
f 1981 2420 2421
f 387 2419 2417
f 612 2420 2419
f 512 2417 2420
f 2419 2420 2417
f 29 2422 1513
f 613 2423 2422
f 391 1513 2423
f 2422 2423 1513
f 158 2424 2426
f 614 2425 2424
f 613 2426 2425
f 2424 2425 2426
f 105 1518 2428
f 391 2427 1518
f 614 2428 2427
f 1518 2427 2428
f 613 2425 2423
f 614 2427 2425
f 391 2423 2427
f 2425 2427 2423
f 40 1986 2430
f 516 2429 1986
f 616 2430 2429
f 1986 2429 2430
f 138 2431 1990
f 615 2432 2431
f 516 1990 2432
f 2431 2432 1990
f 158 2433 2435
f 616 2434 2433
f 615 2435 2434
f 2433 2434 2435
f 516 2432 2429
f 615 2434 2432
f 616 2429 2434
f 2432 2434 2429
f 105 2428 2418
f 614 2436 2428
f 612 2418 2436
f 2428 2436 2418
f 158 2435 2424
f 615 2437 2435
f 614 2424 2437
f 2435 2437 2424
f 138 2421 2431
f 612 2438 2421
f 615 2431 2438
f 2421 2438 2431
f 614 2437 2436
f 615 2438 2437
f 612 2436 2438
f 2437 2438 2436
f 8 1544 1469
f 398 2439 1544
f 378 1469 2439
f 1544 2439 1469
f 107 2440 1547
f 617 2441 2440
f 398 1547 2441
f 2440 2441 1547
f 101 1473 2443
f 378 2442 1473
f 617 2443 2442
f 1473 2442 2443
f 398 2441 2439
f 617 2442 2441
f 378 2439 2442
f 2441 2442 2439
f 32 2444 1557
f 618 2445 2444
f 401 1557 2445
f 2444 2445 1557
f 159 2446 2448
f 619 2447 2446
f 618 2448 2447
f 2446 2447 2448
f 107 1562 2450
f 401 2449 1562
f 619 2450 2449
f 1562 2449 2450
f 618 2447 2445
f 619 2449 2447
f 401 2445 2449
f 2447 2449 2445
f 29 1478 2452
f 382 2451 1478
f 621 2452 2451
f 1478 2451 2452
f 101 2453 1482
f 620 2454 2453
f 382 1482 2454
f 2453 2454 1482
f 159 2455 2457
f 621 2456 2455
f 620 2457 2456
f 2455 2456 2457
f 382 2454 2451
f 620 2456 2454
f 621 2451 2456
f 2454 2456 2451
f 107 2450 2440
f 619 2458 2450
f 617 2440 2458
f 2450 2458 2440
f 159 2457 2446
f 620 2459 2457
f 619 2446 2459
f 2457 2459 2446
f 101 2443 2453
f 617 2460 2443
f 620 2453 2460
f 2443 2460 2453
f 619 2459 2458
f 620 2460 2459
f 617 2458 2460
f 2459 2460 2458
f 40 2430 2400
f 616 2461 2430
f 608 2400 2461
f 2430 2461 2400
f 158 2462 2433
f 622 2463 2462
f 616 2433 2463
f 2462 2463 2433
f 157 2404 2465
f 608 2464 2404
f 622 2465 2464
f 2404 2464 2465
f 616 2463 2461
f 622 2464 2463
f 608 2461 2464
f 2463 2464 2461
f 29 2452 2422
f 621 2466 2452
f 613 2422 2466
f 2452 2466 2422
f 159 2467 2455
f 623 2468 2467
f 621 2455 2468
f 2467 2468 2455
f 158 2426 2470
f 613 2469 2426
f 623 2470 2469
f 2426 2469 2470
f 621 2468 2466
f 623 2469 2468
f 613 2466 2469
f 2468 2469 2466
f 32 2408 2444
f 611 2471 2408
f 618 2444 2471
f 2408 2471 2444
f 157 2472 2411
f 624 2473 2472
f 611 2411 2473
f 2472 2473 2411
f 159 2448 2475
f 618 2474 2448
f 624 2475 2474
f 2448 2474 2475
f 611 2473 2471
f 624 2474 2473
f 618 2471 2474
f 2473 2474 2471
f 158 2470 2462
f 623 2476 2470
f 622 2462 2476
f 2470 2476 2462
f 159 2475 2467
f 624 2477 2475
f 623 2467 2477
f 2475 2477 2467
f 157 2465 2472
f 622 2478 2465
f 624 2472 2478
f 2465 2478 2472
f 623 2477 2476
f 624 2478 2477
f 622 2476 2478
f 2477 2478 2476
f 10 2100 1195
f 544 2479 2100
f 307 1195 2479
f 2100 2479 1195
f 147 2480 2103
f 625 2481 2480
f 544 2103 2481
f 2480 2481 2103
f 82 1200 2483
f 307 2482 1200
f 625 2483 2482
f 1200 2482 2483
f 544 2481 2479
f 625 2482 2481
f 307 2479 2482
f 2481 2482 2479
f 42 2484 2113
f 626 2485 2484
f 547 2113 2485
f 2484 2485 2113
f 160 2486 2488
f 627 2487 2486
f 626 2488 2487
f 2486 2487 2488
f 147 2118 2490
f 547 2489 2118
f 627 2490 2489
f 2118 2489 2490
f 626 2487 2485
f 627 2489 2487
f 547 2485 2489
f 2487 2489 2485
f 24 1206 2492
f 312 2491 1206
f 629 2492 2491
f 1206 2491 2492
f 82 2493 1210
f 628 2494 2493
f 312 1210 2494
f 2493 2494 1210
f 160 2495 2497
f 629 2496 2495
f 628 2497 2496
f 2495 2496 2497
f 312 2494 2491
f 628 2496 2494
f 629 2491 2496
f 2494 2496 2491
f 147 2490 2480
f 627 2498 2490
f 625 2480 2498
f 2490 2498 2480
f 160 2497 2486
f 628 2499 2497
f 627 2486 2499
f 2497 2499 2486
f 82 2483 2493
f 625 2500 2483
f 628 2493 2500
f 2483 2500 2493
f 627 2499 2498
f 628 2500 2499
f 625 2498 2500
f 2499 2500 2498
f 9 1597 2073
f 413 2501 1597
f 536 2073 2501
f 1597 2501 2073
f 112 2502 1601
f 630 2503 2502
f 413 1601 2503
f 2502 2503 1601
f 144 2077 2505
f 536 2504 2077
f 630 2505 2504
f 2077 2504 2505
f 413 2503 2501
f 630 2504 2503
f 536 2501 2504
f 2503 2504 2501
f 31 2506 1613
f 631 2507 2506
f 417 1613 2507
f 2506 2507 1613
f 161 2508 2510
f 632 2509 2508
f 631 2510 2509
f 2508 2509 2510
f 112 1618 2512
f 417 2511 1618
f 632 2512 2511
f 1618 2511 2512
f 631 2509 2507
f 632 2511 2509
f 417 2507 2511
f 2509 2511 2507
f 42 2082 2514
f 540 2513 2082
f 634 2514 2513
f 2082 2513 2514
f 144 2515 2086
f 633 2516 2515
f 540 2086 2516
f 2515 2516 2086
f 161 2517 2519
f 634 2518 2517
f 633 2519 2518
f 2517 2518 2519
f 540 2516 2513
f 633 2518 2516
f 634 2513 2518
f 2516 2518 2513
f 112 2512 2502
f 632 2520 2512
f 630 2502 2520
f 2512 2520 2502
f 161 2519 2508
f 633 2521 2519
f 632 2508 2521
f 2519 2521 2508
f 144 2505 2515
f 630 2522 2505
f 633 2515 2522
f 2505 2522 2515
f 632 2521 2520
f 633 2522 2521
f 630 2520 2522
f 2521 2522 2520
f 2 1144 1569
f 294 2523 1144
f 404 1569 2523
f 1144 2523 1569
f 79 2524 1147
f 635 2525 2524
f 294 1147 2525
f 2524 2525 1147
f 108 1573 2527
f 404 2526 1573
f 635 2527 2526
f 1573 2526 2527
f 294 2525 2523
f 635 2526 2525
f 404 2523 2526
f 2525 2526 2523
f 24 2528 1157
f 636 2529 2528
f 297 1157 2529
f 2528 2529 1157
f 162 2530 2532
f 637 2531 2530
f 636 2532 2531
f 2530 2531 2532
f 79 1162 2534
f 297 2533 1162
f 637 2534 2533
f 1162 2533 2534
f 636 2531 2529
f 637 2533 2531
f 297 2529 2533
f 2531 2533 2529
f 31 1578 2536
f 408 2535 1578
f 639 2536 2535
f 1578 2535 2536
f 108 2537 1582
f 638 2538 2537
f 408 1582 2538
f 2537 2538 1582
f 162 2539 2541
f 639 2540 2539
f 638 2541 2540
f 2539 2540 2541
f 408 2538 2535
f 638 2540 2538
f 639 2535 2540
f 2538 2540 2535
f 79 2534 2524
f 637 2542 2534
f 635 2524 2542
f 2534 2542 2524
f 162 2541 2530
f 638 2543 2541
f 637 2530 2543
f 2541 2543 2530
f 108 2527 2537
f 635 2544 2527
f 638 2537 2544
f 2527 2544 2537
f 637 2543 2542
f 638 2544 2543
f 635 2542 2544
f 2543 2544 2542
f 42 2514 2484
f 634 2545 2514
f 626 2484 2545
f 2514 2545 2484
f 161 2546 2517
f 640 2547 2546
f 634 2517 2547
f 2546 2547 2517
f 160 2488 2549
f 626 2548 2488
f 640 2549 2548
f 2488 2548 2549
f 634 2547 2545
f 640 2548 2547
f 626 2545 2548
f 2547 2548 2545
f 31 2536 2506
f 639 2550 2536
f 631 2506 2550
f 2536 2550 2506
f 162 2551 2539
f 641 2552 2551
f 639 2539 2552
f 2551 2552 2539
f 161 2510 2554
f 631 2553 2510
f 641 2554 2553
f 2510 2553 2554
f 639 2552 2550
f 641 2553 2552
f 631 2550 2553
f 2552 2553 2550
f 24 2492 2528
f 629 2555 2492
f 636 2528 2555
f 2492 2555 2528
f 160 2556 2495
f 642 2557 2556
f 629 2495 2557
f 2556 2557 2495
f 162 2532 2559
f 636 2558 2532
f 642 2559 2558
f 2532 2558 2559
f 629 2557 2555
f 642 2558 2557
f 636 2555 2558
f 2557 2558 2555
f 161 2554 2546
f 641 2560 2554
f 640 2546 2560
f 2554 2560 2546
f 162 2559 2551
f 642 2561 2559
f 641 2551 2561
f 2559 2561 2551
f 160 2549 2556
f 640 2562 2549
f 642 2556 2562
f 2549 2562 2556
f 641 2561 2560
f 642 2562 2561
f 640 2560 2562
f 2561 2562 2560
