# regolith_gen synthetic particle
# verts: 2562  tris: 5120
v -0.540757 0.791633 0.000000
v 0.540060 0.790613 0.000000
v -0.564143 -0.825869 0.000000
v 0.549729 -0.804767 0.000000
v 0.000000 -0.503739 0.857965
v 0.000000 0.475959 0.810650
v 0.000000 -0.491964 -0.837910
v 0.000000 0.495449 -0.843846
v 0.912359 0.000000 -0.537018
v 0.903277 0.000000 0.531672
v -0.902726 0.000000 -0.531348
v -0.925132 0.000000 0.544536
v -0.836088 0.467519 0.304150
v -0.502435 0.280948 0.774245
v -0.315904 0.748280 0.486803
v 0.329404 0.780258 0.507606
v 0.000000 0.942642 0.000000
v 0.317047 0.750988 -0.488564
v -0.319951 0.757867 -0.493039
v -0.514862 0.287897 -0.793395
v -0.882930 0.493711 -0.321190
v -1.030439 0.000000 0.000000
v 0.508487 0.284332 0.783570
v 0.850704 0.475691 0.309467
v -0.507363 -0.283704 0.781839
v 0.000000 0.000000 0.979937
v -0.828989 -0.463549 -0.301567
v -0.860326 -0.481072 0.312967
v 0.000000 0.000000 -0.988805
v -0.528617 -0.295589 -0.814591
v 0.867665 0.485175 -0.315637
v 0.531206 0.297036 -0.818580
v 0.860960 -0.481426 0.313198
v 0.526171 -0.294221 0.810821
v 0.328698 -0.778586 0.506518
v -0.340077 -0.805539 0.524053
v 0.000000 -0.968347 0.000000
v -0.334037 -0.791233 -0.514746
v 0.320567 -0.759327 -0.493989
v 0.522432 -0.292130 -0.805059
v 0.848250 -0.474319 -0.308574
v 1.059714 0.000000 0.000000
v -0.717017 0.656458 0.158097
v -0.598940 0.634465 0.412759
v -0.440805 0.792952 0.251462
v -0.729641 0.151037 0.686715
v -0.713125 0.398761 0.580077
v -0.917510 0.250088 0.439497
v -0.161200 0.629965 0.671022
v -0.425245 0.531706 0.655297
v -0.255510 0.385948 0.807738
v -0.172113 0.911609 0.265224
v -0.281812 0.897542 0.000000
v 0.165052 0.645018 0.687056
v 0.000000 0.818674 0.532599
v 0.282821 0.900755 0.000000
v 0.171169 0.906606 0.263768
v 0.454980 0.818451 0.259548
v -0.165673 0.877498 -0.255299
v -0.447097 0.804269 -0.255051
v 0.450724 0.810795 -0.257120
v 0.167560 0.887491 -0.258207
v -0.167692 0.655334 -0.698044
v 0.000000 0.801122 -0.521179
v 0.166567 0.650939 -0.693362
v -0.615781 0.652305 -0.424365
v -0.734530 0.672493 -0.161958
v -0.269776 0.407495 -0.852835
v -0.438391 0.548142 -0.675553
v -0.927217 0.252735 -0.444147
v -0.728438 0.407324 -0.592534
v -0.742601 0.153720 -0.698912
v -0.896446 0.501269 0.000000
v -0.991531 0.000000 -0.268260
v -1.010510 0.252698 -0.164396
v -1.021943 0.255557 0.166256
v -1.025506 0.000000 0.277452
v 0.623264 0.660232 0.429522
v 0.729757 0.668123 0.160906
v 0.267747 0.404431 0.846422
v 0.446562 0.558359 0.688146
v 0.903981 0.246401 0.433017
v 0.717587 0.401256 0.583707
v 0.737306 0.152624 0.693929
v -0.262580 0.146828 0.904785
v 0.000000 0.246711 0.914168
v -0.738983 -0.152971 0.695507
v -0.540773 0.000000 0.833323
v 0.000000 -0.256159 0.949175
v -0.263203 -0.147176 0.906930
v -0.266057 -0.401878 0.841078
v -0.986889 -0.246791 0.160553
v -0.915717 -0.249600 0.438638
v -0.879518 -0.239733 -0.421298
v -0.975553 -0.243957 -0.158709
v -0.747253 -0.684141 0.164764
v -0.879448 -0.491764 0.000000
v -0.732391 -0.670534 -0.161487
v -0.547959 0.000000 -0.844396
v -0.737682 -0.152701 -0.694282
v 0.000000 0.254188 -0.941874
v -0.267402 0.149524 -0.921400
v -0.273640 -0.413333 -0.865051
v -0.272146 -0.152177 -0.937746
v 0.000000 -0.260856 -0.966580
v 0.446167 0.557865 -0.687537
v 0.273255 0.412750 -0.863832
v 0.724262 0.663092 -0.159694
v 0.625381 0.662475 -0.430981
v 0.749526 0.155153 -0.705429
v 0.728015 0.407087 -0.592190
v 0.937578 0.255559 -0.449110
v 0.733270 -0.671339 0.161680
v 0.621344 -0.658199 0.428199
v 0.461347 -0.829903 0.263180
v 0.750512 -0.155357 0.706357
v 0.733328 -0.410058 0.596511
v 0.920741 -0.250969 0.441045
v 0.171926 -0.671882 0.715671
v 0.449326 -0.561815 0.692405
v 0.274018 -0.413903 0.866244
v 0.172574 -0.914050 0.265934
v 0.288924 -0.920194 0.000000
v -0.172301 -0.673349 0.717233
v 0.000000 -0.824848 0.536615
v -0.293629 -0.935178 0.000000
v -0.179477 -0.950613 0.276572
v -0.470055 -0.845568 0.268148
v 0.175128 -0.927579 -0.269870
v 0.453371 -0.815556 -0.258630
v -0.463325 -0.833463 -0.264309
v -0.176474 -0.934709 -0.271944
v 0.166087 -0.649064 -0.691365
v 0.000000 -0.800131 -0.520535
v -0.167572 -0.654867 -0.697546
v 0.623087 -0.660045 -0.429400
v 0.730330 -0.668648 -0.161032
v 0.272885 -0.412192 -0.862663
v 0.449816 -0.562427 -0.693159
v 0.903719 -0.246330 -0.432891
v 0.711813 -0.398027 -0.579010
v 0.744488 -0.154110 -0.700688
v 0.899005 -0.502700 0.000000
v 1.013011 0.000000 -0.274072
v 0.999559 -0.249960 -0.162614
v 1.007301 -0.251896 0.163874
v 1.015199 0.000000 0.274664
v 0.277977 -0.155437 0.957838
v 0.548838 0.000000 0.845751
v 0.269073 0.150458 0.927157
v -0.635568 -0.673266 0.438001
v -0.447998 -0.560155 0.690358
v -0.732156 -0.409402 0.595558
v -0.457966 -0.572618 -0.705718
v -0.616133 -0.652678 -0.424608
v -0.726608 -0.406300 -0.591045
v 0.550880 0.000000 -0.848898
v 0.275594 -0.154105 -0.949628
v 0.271553 0.151845 -0.935704
v 1.024215 0.256125 0.166625
v 1.034299 0.258647 -0.168266
v 0.910292 0.509012 0.000000
v -0.631815 0.727822 0.079254
v -0.584044 0.733218 0.207422
v -0.495587 0.800560 0.127828
v -0.721032 0.554932 0.361018
v -0.667533 0.655172 0.290671
v -0.783435 0.566968 0.233173
v -0.381655 0.777009 0.371792
v -0.521275 0.715914 0.332961
v -0.455267 0.687679 0.447378
v -0.835624 0.078210 0.625059
v -0.833651 0.202705 0.572191
v -0.932783 0.128018 0.497568
v -0.611668 0.342029 0.684818
v -0.730335 0.278500 0.641187
v -0.620545 0.219356 0.738862
v -0.878787 0.361423 0.371941
v -0.814766 0.325704 0.511191
v -0.778398 0.435260 0.444045
v -0.080812 0.555124 0.743990
v -0.209989 0.509485 0.744152
v -0.128908 0.430647 0.809350
v -0.373508 0.642792 0.575570
v -0.294568 0.582911 0.665621
v -0.241118 0.698071 0.587756
v -0.379057 0.335290 0.794178
v -0.342555 0.462114 0.738389
v -0.467969 0.410349 0.721132
v -0.658543 0.519963 0.497977
v -0.571236 0.470230 0.623407
v -0.520778 0.593435 0.545134
v -0.371049 0.866203 0.129873
v -0.417537 0.857004 0.000000
v -0.247636 0.836408 0.381603
v -0.312877 0.860952 0.261207
v -0.143164 0.929969 0.000000
v -0.230040 0.913770 0.132170
v -0.086991 0.945215 0.134051
v 0.081843 0.562209 0.753485
v 0.000000 0.647734 0.689949
v 0.166604 0.809578 0.526681
v 0.084610 0.736068 0.615950
v 0.250181 0.724311 0.609849
v -0.083341 0.725033 0.606715
v -0.163074 0.792422 0.515520
v 0.410775 0.843126 0.000000
v 0.369163 0.861801 0.129213
v 0.503060 0.812631 0.129755
v 0.085964 0.934065 0.132470
v 0.227851 0.905077 0.130913
v 0.143587 0.932715 0.000000
v 0.397755 0.809787 0.387476
v 0.315647 0.868574 0.263519
v 0.254913 0.860987 0.392817
v -0.087998 0.882971 0.406812
v 0.088869 0.891713 0.410839
v 0.000000 0.936042 0.272332
v -0.371036 0.866174 -0.129869
v -0.502641 0.811954 -0.129647
v -0.084689 0.920205 -0.130504
v -0.226251 0.898722 -0.129993
v -0.385340 0.784512 -0.375382
v -0.307769 0.846898 -0.256943
v -0.243531 0.822544 -0.375278
v 0.496798 0.802515 -0.128140
v 0.368129 0.859388 -0.128851
v 0.248048 0.837799 -0.382238
v 0.312058 0.858700 -0.260523
v 0.388860 0.791679 -0.378811
v 0.229130 0.910155 -0.131647
v 0.085398 0.927908 -0.131597
v -0.085245 0.585579 -0.784807
v 0.000000 0.666418 -0.709850
v 0.084750 0.582177 -0.780248
v -0.162026 0.787330 -0.512207
v -0.084855 0.738202 -0.617735
v -0.246203 0.712795 -0.600153
v 0.243839 0.705950 -0.594390
v 0.083942 0.730255 -0.611086
v 0.161871 0.786577 -0.511717
v 0.000000 0.900629 -0.262029
v 0.085870 0.861618 -0.396974
v -0.085001 0.852897 -0.392956
v -0.595953 0.748169 -0.211651
v -0.642399 0.740015 -0.080581
v -0.469974 0.709894 -0.461830
v -0.534541 0.734135 -0.341435
v -0.814322 0.589320 -0.242365
v -0.687794 0.675058 -0.299493
v -0.758070 0.583438 -0.379563
v -0.136464 0.455888 -0.856788
v -0.222112 0.538898 -0.787112
v -0.478583 0.419656 -0.737489
v -0.359779 0.485349 -0.775516
v -0.396558 0.350771 -0.830846
v -0.308057 0.609605 -0.696102
v -0.387546 0.666950 -0.597202
v -0.925934 0.127078 -0.493915
v -0.845972 0.205701 -0.580649
v -0.837933 0.078426 -0.626786
v -0.818446 0.457653 -0.466891
v -0.843599 0.337230 -0.529282
v -0.917961 0.377534 -0.388521
v -0.632593 0.223616 -0.753207
v -0.742563 0.283164 -0.651923
v -0.623466 0.348626 -0.698027
v -0.531966 0.606183 -0.556845
v -0.583211 0.480087 -0.636476
v -0.680852 0.537578 -0.514847
v -0.730465 0.668771 0.000000
v -0.907474 0.507436 -0.160919
v -0.828179 0.595675 -0.082030
v -0.812476 0.584381 0.080474
v -0.869823 0.486382 0.154242
v -0.949758 0.000000 -0.398722
v -0.974367 0.125568 -0.359649
v -1.035840 0.126267 -0.082145
v -1.021743 0.127027 -0.221642
v -1.020185 0.000000 -0.135329
v -0.985010 0.256864 -0.308447
v -0.967227 0.379298 -0.246757
v -1.002205 0.129156 0.369924
v -0.984927 0.000000 0.413486
v -0.935420 0.366824 0.238642
v -0.986376 0.257221 0.308874
v -1.035167 0.000000 0.137316
v -1.041485 0.129481 0.225925
v -1.045436 0.127437 0.082906
v -0.971080 0.384556 -0.083393
v -1.017167 0.254363 0.000000
v -0.961987 0.380955 0.082612
v 0.599950 0.753187 0.213071
v 0.642240 0.739831 0.080561
v 0.480721 0.726127 0.472391
v 0.543197 0.746023 0.346964
v 0.799590 0.578658 0.237981
v 0.684097 0.671429 0.297883
v 0.748016 0.575701 0.374529
v 0.133317 0.445375 0.837031
v 0.218188 0.529379 0.773209
v 0.484049 0.424450 0.745913
v 0.359804 0.485382 0.775569
v 0.393668 0.348214 0.824789
v 0.309029 0.611527 0.698297
v 0.394655 0.679185 0.608157
v 0.905917 0.124330 0.483237
v 0.827244 0.201147 0.567794
v 0.829556 0.077642 0.620520
v 0.788197 0.440739 0.449635
v 0.810664 0.324064 0.508617
v 0.873783 0.359365 0.369823
v 0.626161 0.221342 0.745549
v 0.729762 0.278282 0.640684
v 0.622077 0.347849 0.696471
v 0.541494 0.617040 0.566818
v 0.588755 0.484651 0.642527
v 0.678439 0.535673 0.513022
v -0.129899 0.319788 0.868548
v 0.000000 0.363801 0.868748
v -0.384087 0.214771 0.843962
v -0.259121 0.267446 0.856218
v 0.000000 0.126333 0.954757
v -0.132262 0.198358 0.916699
v -0.133890 0.074868 0.946443
v -0.842791 -0.078881 0.630420
v -0.748157 0.000000 0.704141
v -0.532423 -0.145124 0.820455
v -0.648461 -0.076754 0.776861
v -0.625449 -0.221090 0.744700
v -0.644339 0.076267 0.771923
v -0.531144 0.144776 0.818486
v 0.000000 -0.378487 0.903818
v -0.134377 -0.330811 0.898486
v -0.137751 -0.460189 0.864873
v -0.135932 -0.076009 0.960876
v -0.134907 -0.202324 0.935027
v 0.000000 -0.130433 0.985742
v -0.388765 -0.343877 0.814517
v -0.264703 -0.273208 0.874663
v -0.390150 -0.218162 0.857285
v -0.404120 0.075324 0.879327
v -0.405674 -0.075614 0.882709
v -0.268561 0.000000 0.925392
v -0.980681 -0.126382 0.361979
v -0.930482 -0.127702 0.496340
v -1.023646 -0.124781 0.081178
v -1.012085 -0.125826 0.219547
v -0.888686 -0.365494 0.376130
v -0.962461 -0.250984 0.301386
v -0.937360 -0.367585 0.239137
v -0.899221 -0.123411 -0.479665
v -0.945041 -0.121789 -0.348824
v -0.904616 -0.354745 -0.230783
v -0.928514 -0.242132 -0.290755
v -0.859653 -0.353553 -0.363842
v -0.988904 -0.122944 -0.214519
v -1.014294 -0.123641 -0.080436
v -0.668317 -0.769871 0.083833
v -0.746584 -0.683528 0.000000
v -0.655629 -0.755254 -0.082241
v -0.887537 -0.496288 0.157383
v -0.828445 -0.595867 0.082056
v -0.817125 -0.591349 0.243200
v -0.788500 -0.570633 -0.234680
v -0.812469 -0.584376 -0.080474
v -0.864775 -0.483560 -0.153347
v -0.998023 -0.249576 0.000000
v -0.935416 -0.370433 -0.080330
v -0.950352 -0.376348 0.081613
v -0.757713 0.000000 -0.713135
v -0.830473 -0.077728 -0.621206
v -0.534964 0.145817 -0.824371
v -0.651018 0.077057 -0.779925
v -0.644435 -0.227801 -0.767306
v -0.659148 -0.078019 -0.789665
v -0.547989 -0.149367 -0.844443
v 0.000000 0.378663 -0.904238
v -0.135976 0.334749 -0.909180
v -0.136406 0.076275 -0.964231
v -0.136030 0.204009 -0.942815
v 0.000000 0.127689 -0.965003
v -0.271464 0.280186 -0.897005
v -0.396130 0.221505 -0.870425
v -0.137244 -0.458496 -0.861690
v -0.138369 -0.340639 -0.925179
v 0.000000 -0.381193 -0.910281
v -0.400259 -0.223815 -0.879498
v -0.275912 -0.284777 -0.911701
v -0.402755 -0.356252 -0.843830
v 0.000000 -0.131074 -0.990589
v -0.137923 -0.206848 -0.955935
v -0.136839 -0.076517 -0.967290
v -0.409420 0.076312 -0.890860
v -0.272974 0.000000 -0.940598
v -0.412911 -0.076963 -0.898456
v 0.224220 0.544015 -0.794585
v 0.136797 0.457001 -0.858880
v 0.382291 0.657907 -0.589105
v 0.308073 0.609635 -0.696136
v 0.408756 0.361560 -0.856401
v 0.364912 0.492274 -0.786580
v 0.496183 0.435089 -0.764611
v 0.632562 0.728683 -0.079348
v 0.591731 0.742869 -0.210152
v 0.754890 0.580991 -0.377971
v 0.681846 0.669220 -0.296903
v 0.806559 0.583702 -0.240055
v 0.537737 0.738524 -0.343476
v 0.468353 0.707445 -0.460237
v 0.842589 0.078862 -0.630269
v 0.852880 0.207380 -0.585389
v 0.935202 0.128350 -0.498858
v 0.631537 0.353139 -0.707064
v 0.747003 0.284856 -0.655820
v 0.643275 0.227391 -0.765926
v 0.917531 0.377357 -0.388339
v 0.841488 0.336386 -0.527957
v 0.807725 0.451658 -0.460775
v 0.538734 0.613895 -0.563929
v 0.686311 0.541888 -0.518975
v 0.593720 0.488738 -0.647945
v 0.647409 -0.745786 0.081210
v 0.605498 -0.760153 0.215042
v 0.508549 -0.821497 0.131171
v 0.747080 -0.574980 0.374060
v 0.690033 -0.677255 0.300468
v 0.803664 -0.581607 0.239193
v 0.398621 -0.811550 0.388319
v 0.546206 -0.750155 0.348886
v 0.482798 -0.729265 0.474432
v 0.840851 -0.078699 0.628969
v 0.854153 -0.207690 0.586263
v 0.919976 -0.126260 0.490736
v 0.634331 -0.354701 0.710191
v 0.750660 -0.286251 0.659031
v 0.642591 -0.227149 0.765111
v 0.905769 -0.372519 0.383360
v 0.842222 -0.336679 0.528417
v 0.810731 -0.453340 0.462490
v 0.086051 -0.591116 0.792227
v 0.225069 -0.546074 0.797593
v 0.137853 -0.460529 0.865510
v 0.396992 -0.683207 0.611758
v 0.315308 -0.623953 0.712486
v 0.251684 -0.728662 0.613513
v 0.402672 -0.356179 0.843656
v 0.364347 -0.491511 0.785362
v 0.493371 -0.432624 0.760277
v 0.682789 -0.539107 0.516311
v 0.596638 -0.491141 0.651130
v 0.545053 -0.621097 0.570545
v 0.377444 -0.881133 0.132112
v 0.426066 -0.874510 0.000000
v 0.253361 -0.855745 0.390426
v 0.318562 -0.876597 0.265953
v 0.146721 -0.953069 0.000000
v 0.232338 -0.922900 0.133491
v 0.087962 -0.955768 0.135548
v -0.086588 -0.594801 0.797166
v 0.000000 -0.679572 0.723862
v -0.170349 -0.827776 0.538520
v -0.087330 -0.759733 0.635753
v -0.258842 -0.749385 0.630961
v 0.086270 -0.750511 0.628036
v 0.165543 -0.804422 0.523326
v -0.431330 -0.885316 0.000000
v -0.390706 -0.912094 0.136754
v -0.522625 -0.844236 0.134802
v -0.089401 -0.971406 0.137766
v -0.241960 -0.961120 0.139019
v -0.149206 -0.969211 0.000000
v -0.409436 -0.833568 0.398855
v -0.331098 -0.911093 0.276419
v -0.262451 -0.886448 0.404433
v 0.088343 -0.886427 0.408404
v -0.089317 -0.896201 0.412907
v 0.000000 -0.946463 0.275364
v 0.380141 -0.887428 -0.133056
v 0.505195 -0.816080 -0.130306
v 0.088429 -0.960846 -0.136268
v 0.236573 -0.939724 -0.135924
v 0.390895 -0.795821 -0.380793
v 0.320651 -0.882344 -0.267697
v 0.251307 -0.848808 -0.387260
v -0.515511 -0.832744 -0.132967
v -0.384544 -0.897708 -0.134597
v -0.257518 -0.869785 -0.396831
v -0.325134 -0.894681 -0.271440
v -0.403270 -0.821016 -0.392848
v -0.237253 -0.942425 -0.136315
v -0.088923 -0.966207 -0.137028
v 0.084074 -0.577536 -0.774028
v 0.000000 -0.653474 -0.696063
v -0.084038 -0.577288 -0.773695
v 0.161991 -0.787163 -0.512099
v 0.083521 -0.726596 -0.608024
v 0.245801 -0.711630 -0.599172
v -0.252129 -0.729950 -0.614597
v -0.083543 -0.726791 -0.608187
v -0.166830 -0.810676 -0.527395
v 0.000000 -0.941032 -0.273784
v -0.088715 -0.890165 -0.410126
v 0.087258 -0.875543 -0.403390
v 0.597928 -0.750648 -0.212353
v 0.646343 -0.744558 -0.081076
v 0.476886 -0.720335 -0.468623
v 0.544703 -0.748092 -0.347926
v 0.796862 -0.576685 -0.237169
v 0.688238 -0.675493 -0.299686
v 0.748721 -0.576243 -0.374882
v 0.136592 -0.456317 -0.857594
v 0.223253 -0.541667 -0.791156
v 0.489114 -0.428890 -0.753717
v 0.365907 -0.493615 -0.788724
v 0.401979 -0.355565 -0.842203
v 0.309149 -0.611764 -0.698568
v 0.387360 -0.666631 -0.596916
v 0.922879 -0.126658 -0.492285
v 0.840640 -0.204404 -0.576988
v 0.842315 -0.078836 -0.630064
v 0.794772 -0.444416 -0.453386
v 0.820107 -0.327839 -0.514542
v 0.879836 -0.361854 -0.372385
v 0.636115 -0.224861 -0.757401
v 0.735752 -0.280566 -0.645943
v 0.626346 -0.350236 -0.701251
v 0.538291 -0.613390 -0.563465
v 0.584724 -0.481333 -0.638128
v 0.676897 -0.534455 -0.511856
v 0.742508 -0.679797 0.000000
v 0.882008 -0.493196 -0.156403
v 0.818909 -0.589008 -0.081112
v 0.821637 -0.590970 0.081382
v 0.896321 -0.501199 0.158941
v 0.973148 0.000000 -0.408541
v 0.969286 -0.124914 -0.357774
v 1.037356 -0.126452 -0.082265
v 1.009074 -0.125452 -0.218894
v 1.050004 0.000000 -0.139285
v 0.952274 -0.248328 -0.298196
v 0.930757 -0.364996 -0.237452
v 0.977954 -0.126031 0.360973
v 0.962028 0.000000 0.403873
v 0.954423 -0.374276 0.243490
v 0.978913 -0.255274 0.306537
v 1.045304 0.000000 0.138661
v 1.020372 -0.126857 0.221345
v 1.037345 -0.126451 0.082264
v 0.963121 -0.381404 -0.082709
v 1.019523 -0.254952 0.000000
v 0.967715 -0.383224 0.083104
v 0.138305 -0.340481 0.924750
v 0.405681 -0.226846 0.891411
v 0.278850 -0.287809 0.921408
v 0.139580 -0.209333 0.967416
v 0.140038 -0.078305 0.989901
v 0.753661 0.000000 0.709321
v 0.534694 0.145743 0.823955
v 0.653101 0.077304 0.782420
v 0.656280 -0.077680 0.786228
v 0.547517 -0.149238 0.843715
v 0.132381 0.325899 0.885144
v 0.136686 0.076431 0.966208
v 0.133894 0.200805 0.928008
v 0.268935 0.277576 0.888647
v 0.393625 0.220104 0.864919
v 0.420043 -0.078292 0.913974
v 0.412843 0.076950 0.898307
v 0.278453 0.000000 0.959479
v -0.620575 -0.779081 0.220396
v -0.493990 -0.746171 0.485430
v -0.563404 -0.773774 0.359871
v -0.700168 -0.687203 0.304881
v -0.759723 -0.584710 0.380390
v -0.226225 -0.548880 0.801691
v -0.484232 -0.424610 0.746194
v -0.359481 -0.484947 0.774873
v -0.315371 -0.624078 0.712628
v -0.401215 -0.690475 0.618266
v -0.841621 -0.204643 0.577662
v -0.805554 -0.450444 0.459536
v -0.828146 -0.331053 0.519586
v -0.734547 -0.280107 0.644884
v -0.625183 -0.349586 0.699949
v -0.554399 -0.631746 0.580327
v -0.600069 -0.493964 0.654874
v -0.698853 -0.551791 0.528459
v -0.223208 -0.541560 -0.791000
v -0.401391 -0.690778 -0.618538
v -0.314621 -0.622593 -0.710934
v -0.366484 -0.494394 -0.789968
v -0.497368 -0.436128 -0.766436
v -0.603166 -0.757224 -0.214213
v -0.731774 -0.563200 -0.366397
v -0.678558 -0.665993 -0.295471
v -0.543324 -0.746196 -0.347045
v -0.483651 -0.730553 -0.475270
v -0.829308 -0.201649 -0.569211
v -0.642066 -0.359026 -0.718851
v -0.737172 -0.281108 -0.647189
v -0.806926 -0.322570 -0.506272
v -0.776974 -0.434463 -0.443233
v -0.550191 -0.626950 -0.575922
v -0.678644 -0.535834 -0.513177
v -0.603473 -0.496766 -0.658589
v 0.768662 0.000000 -0.723440
v 0.543700 -0.148198 -0.837833
v 0.657910 -0.077873 -0.788181
v 0.664795 0.078688 -0.796430
v 0.551843 0.150418 -0.850382
v 0.139329 -0.343004 -0.931601
v 0.140542 -0.078587 -0.993466
v 0.140688 -0.210994 -0.975095
v 0.278407 -0.287352 -0.919946
v 0.402467 -0.225049 -0.884348
v 0.136440 0.335892 -0.912285
v 0.408652 0.228507 -0.897939
v 0.276191 0.285065 -0.912623
v 0.135971 0.203920 -0.942404
v 0.136708 0.076443 -0.966362
v 0.415519 -0.077449 -0.904131
v 0.277879 0.000000 -0.957500
v 0.418469 0.077999 -0.910549
v 0.980889 0.126409 0.362056
v 1.062525 0.129520 0.084261
v 1.036490 0.128860 0.224841
v 0.975687 0.254433 0.305527
v 0.937120 0.367491 0.239076
v 1.003462 0.129318 -0.370388
v 0.962631 0.377495 -0.245584
v 0.997936 0.260235 -0.312494
v 1.042044 0.129551 -0.226046
v 1.067649 0.130145 -0.084667
v 0.734065 0.672067 0.000000
v 0.890616 0.498009 0.157929
v 0.823487 0.592300 0.081565
v 0.829699 0.596769 -0.082180
v 0.904290 0.505655 -0.160354
v 1.040455 0.260186 0.000000
v 0.981713 0.388767 -0.084306
v 0.967646 0.383196 0.083098
v -0.587150 0.760745 0.039726
v -0.565124 0.766325 0.103861
v -0.518946 0.797393 0.064191
v -0.653602 0.698713 0.183858
v -0.610120 0.733212 0.143987
v -0.675057 0.693077 0.118676
v -0.469160 0.798545 0.190288
v -0.539790 0.766824 0.167625
v -0.510536 0.760703 0.228767
v -0.779252 0.512227 0.333235
v -0.754052 0.562416 0.298297
v -0.811196 0.518185 0.269127
v -0.634910 0.646668 0.353119
v -0.695870 0.606027 0.326715
v -0.662544 0.597037 0.388410
v -0.753243 0.614145 0.196433
v -0.726803 0.612252 0.262436
v -0.695223 0.658635 0.225427
v -0.349186 0.763402 0.429574
v -0.419052 0.732577 0.410176
v -0.386361 0.717885 0.467029
v -0.479875 0.752308 0.291551
v -0.450657 0.744577 0.351468
v -0.411894 0.786207 0.312061
v -0.527600 0.662631 0.431082
v -0.489288 0.703378 0.391281
v -0.562294 0.678216 0.374253
v -0.628650 0.697732 0.250079
v -0.596842 0.689547 0.313713
v -0.553129 0.725381 0.270899
v -0.885120 0.039728 0.588650
v -0.889726 0.103646 0.565369
v -0.931925 0.064482 0.522608
v -0.783819 0.177279 0.631794
v -0.837853 0.141423 0.600757
v -0.781380 0.115001 0.655792
v -0.927525 0.189975 0.469562
v -0.885530 0.166381 0.537127
v -0.877040 0.226702 0.507196
v -0.556778 0.311336 0.729865
v -0.615208 0.280460 0.710741
v -0.561853 0.250815 0.757895
v -0.724500 0.340044 0.612935
v -0.673290 0.311988 0.666167
v -0.666889 0.372907 0.637693
v -0.678014 0.186398 0.716553
v -0.675489 0.248868 0.690955
v -0.730733 0.214969 0.664635
v -0.857444 0.414714 0.337951
v -0.828501 0.398720 0.408369
v -0.807063 0.451288 0.374275
v -0.865292 0.288231 0.475598
v -0.848689 0.344336 0.442619
v -0.900730 0.307295 0.406620
v -0.748939 0.418787 0.513837
v -0.798796 0.381939 0.478803
v -0.765932 0.363284 0.547181
v -0.781914 0.240882 0.607050
v -0.776269 0.303556 0.578966
v -0.825858 0.265097 0.542639
v -0.040554 0.516476 0.778542
v -0.105229 0.493369 0.778365
v -0.065178 0.454045 0.811692
v -0.186212 0.570405 0.709433
v -0.145849 0.532526 0.744556
v -0.121187 0.593988 0.709514
v -0.192333 0.408608 0.809146
v -0.169443 0.470171 0.777085
v -0.233058 0.448169 0.776914
v -0.345914 0.697011 0.533047
v -0.308233 0.671394 0.582607
v -0.280264 0.727916 0.540981
v -0.360445 0.558439 0.661739
v -0.334606 0.614099 0.622220
v -0.400552 0.588747 0.617245
v -0.200836 0.663601 0.629483
v -0.268000 0.639549 0.626801
v -0.228148 0.606292 0.668258
v -0.441142 0.308988 0.785924
v -0.424721 0.373892 0.760455
v -0.485840 0.346328 0.748672
v -0.299533 0.424818 0.774840
v -0.362170 0.400146 0.769173
v -0.317431 0.361028 0.801742
v -0.447894 0.472351 0.690198
v -0.406093 0.437569 0.731835
v -0.384747 0.498102 0.698979
v -0.252676 0.547320 0.706745
v -0.319380 0.523575 0.703761
v -0.276476 0.486432 0.742170
v -0.749619 0.495314 0.402387
v -0.687925 0.461445 0.540501
v -0.720439 0.479262 0.472577
v -0.690790 0.538233 0.430173
v -0.629520 0.577909 0.455937
v -0.540175 0.377186 0.704433
v -0.498793 0.502175 0.640747
v -0.520404 0.441061 0.674078
v -0.593971 0.408034 0.656881
v -0.644053 0.436741 0.604528
v -0.416161 0.668041 0.513553
v -0.560507 0.614711 0.479725
v -0.488949 0.642293 0.497108
v -0.447609 0.619365 0.561453
v -0.474956 0.565071 0.603525
v -0.618461 0.498003 0.564260
v -0.547544 0.533242 0.585928
v -0.591259 0.558413 0.523139
v -0.458762 0.832188 0.064568
v -0.480077 0.825476 0.000000
v -0.408903 0.834608 0.192498
v -0.434897 0.835469 0.129198
v -0.350832 0.880537 0.000000
v -0.395296 0.863780 0.065081
v -0.328302 0.887228 0.065186
v -0.282859 0.794368 0.435882
v -0.316149 0.808608 0.377672
v -0.243528 0.887245 0.263557
v -0.280885 0.850627 0.322174
v -0.210940 0.876405 0.325055
v -0.348851 0.821461 0.318188
v -0.379195 0.830190 0.257401
v -0.071995 0.939845 0.000000
v -0.115718 0.940556 0.066602
v -0.043266 0.946084 0.066672
v -0.256596 0.907362 0.065773
v -0.187171 0.925464 0.066108
v -0.212701 0.913682 0.000000
v -0.130407 0.934795 0.200955
v -0.159494 0.932602 0.133564
v -0.201946 0.915747 0.198906
v -0.343040 0.866204 0.196046
v -0.273172 0.892455 0.198039
v -0.301424 0.891552 0.131263
v 0.040859 0.520353 0.784386
v 0.000000 0.561770 0.752897
v 0.082339 0.647787 0.690005
v 0.041142 0.605290 0.722472
v 0.123120 0.603465 0.720834
v -0.040977 0.602874 0.719589
v -0.081460 0.640874 0.682642
v 0.249312 0.799235 0.519952
v 0.209201 0.769013 0.570136
v 0.291343 0.756691 0.562367
v 0.042770 0.777754 0.575277
v 0.125553 0.774778 0.573522
v 0.083473 0.816300 0.531054
v 0.207597 0.685942 0.650676
v 0.167313 0.732020 0.614425
v 0.125438 0.691935 0.653393
v -0.203265 0.747193 0.553959
v -0.241441 0.774004 0.503537
v -0.122797 0.677369 0.639638
v -0.162851 0.712501 0.598041
v -0.082682 0.808559 0.526018
v -0.123305 0.760903 0.563251
v -0.042538 0.773546 0.572164
v 0.041911 0.693092 0.655001
v 0.000000 0.734906 0.614977
v -0.041601 0.687966 0.650156
v 0.475384 0.817408 0.000000
v 0.456726 0.828494 0.064282
v 0.523164 0.803874 0.064713
v 0.325125 0.878642 0.064555
v 0.390485 0.853266 0.064289
v 0.347557 0.872317 0.000000
v 0.480302 0.817509 0.194808
v 0.436032 0.837650 0.129536
v 0.413838 0.844682 0.194821
v 0.043099 0.942430 0.066414
v 0.114762 0.932779 0.066052
v 0.072020 0.940175 0.000000
v 0.199525 0.904766 0.196521
v 0.157373 0.920201 0.131788
v 0.128459 0.920834 0.197953
v 0.214282 0.920473 0.000000
v 0.186197 0.920647 0.065764
v 0.255518 0.903552 0.065497
v 0.364959 0.797887 0.448979
v 0.327439 0.837485 0.391159
v 0.293618 0.824582 0.452461
v 0.386847 0.846941 0.262594
v 0.358508 0.844203 0.326997
v 0.427446 0.815893 0.323844
v 0.213779 0.888202 0.329431
v 0.286490 0.867601 0.328603
v 0.243763 0.888098 0.263810
v 0.299128 0.884759 0.130263
v 0.271329 0.886435 0.196703
v 0.343550 0.867491 0.196337
v -0.206661 0.819250 0.451037
v -0.044279 0.858248 0.474003
v -0.126709 0.841796 0.464423
v -0.169412 0.861401 0.394964
v -0.130625 0.899984 0.336685
v 0.212525 0.842497 0.463836
v 0.131459 0.905731 0.338835
v 0.172907 0.879176 0.403113
v 0.128708 0.855072 0.471748
v 0.044514 0.862813 0.476525
v 0.000000 0.946570 0.134243
v -0.087250 0.930474 0.270712
v -0.044006 0.944768 0.203569
v 0.043734 0.938930 0.202311
v 0.086886 0.926589 0.269582
v 0.000000 0.894436 0.412094
v 0.044507 0.918051 0.342923
v -0.044364 0.915098 0.341820
v -0.461420 0.837009 -0.064942
v -0.523967 0.805107 -0.064812
v -0.327226 0.884320 -0.064972
v -0.395854 0.864998 -0.065173
v -0.476480 0.811003 -0.193257
v -0.438225 0.841862 -0.130187
v -0.411113 0.839121 -0.193538
v -0.042814 0.936211 -0.065976
v -0.114060 0.927078 -0.065648
v -0.196241 0.889876 -0.193287
v -0.155580 0.909718 -0.130287
v -0.125603 0.900361 -0.193552
v -0.184902 0.914245 -0.065307
v -0.254507 0.899977 -0.065238
v -0.353688 0.773245 -0.435113
v -0.315097 0.805918 -0.376415
v -0.282714 0.793959 -0.435657
v -0.378663 0.829024 -0.257039
v -0.346841 0.816728 -0.316355
v -0.416372 0.794755 -0.315453
v -0.204399 0.849231 -0.314976
v -0.275162 0.833297 -0.315610
v -0.236634 0.862126 -0.256095
v -0.298909 0.884112 -0.130167
v -0.268333 0.876644 -0.194530
v -0.340719 0.860344 -0.194719
v 0.517468 0.795120 -0.064008
v 0.453678 0.822966 -0.063853
v 0.408859 0.834520 -0.192477
v 0.432119 0.830132 -0.128373
v 0.474395 0.807454 -0.192411
v 0.389830 0.851835 -0.064181
v 0.327144 0.884099 -0.064956
v 0.284548 0.799112 -0.438485
v 0.319031 0.815979 -0.381114
v 0.353627 0.773113 -0.435039
v 0.240266 0.875357 -0.260025
v 0.280736 0.850175 -0.322003
v 0.208254 0.865247 -0.320917
v 0.422338 0.806142 -0.319973
v 0.352564 0.830205 -0.321575
v 0.382389 0.837182 -0.259569
v 0.114959 0.934380 -0.066165
v 0.042945 0.939067 -0.066177
v 0.257635 0.911036 -0.066040
v 0.187157 0.925397 -0.066103
v 0.126929 0.909868 -0.195596
v 0.157440 0.920597 -0.131845
v 0.198708 0.901061 -0.195716
v 0.341311 0.861838 -0.195057
v 0.271053 0.885531 -0.196502
v 0.300738 0.889523 -0.130964
v -0.042623 0.542821 -0.818255
v 0.000000 0.586971 -0.786672
v 0.042470 0.540869 -0.815313
v -0.084541 0.665113 -0.708460
v -0.042753 0.628999 -0.750771
v -0.126942 0.622199 -0.743212
v 0.126048 0.617813 -0.737973
v 0.042566 0.626249 -0.747488
v 0.083902 0.660085 -0.703105
v -0.241184 0.773180 -0.503002
v -0.204617 0.752160 -0.557642
v -0.283714 0.736876 -0.547640
v -0.042376 0.770596 -0.569982
v -0.124175 0.766272 -0.567225
v -0.081675 0.798711 -0.519611
v -0.207759 0.686476 -0.651183
v -0.166629 0.729027 -0.611913
v -0.126896 0.699976 -0.660986
v 0.280247 0.727872 -0.540948
v 0.203015 0.746274 -0.553277
v 0.240769 0.771849 -0.502136
v 0.125680 0.693269 -0.654652
v 0.164783 0.720950 -0.605133
v 0.206302 0.681662 -0.646616
v 0.081385 0.795881 -0.517770
v 0.122837 0.758017 -0.561114
v 0.042097 0.765515 -0.566224
v -0.042565 0.703900 -0.665215
v 0.000000 0.736757 -0.616527
v 0.042353 0.700407 -0.661914
v 0.000000 0.930429 -0.131954
v 0.084110 0.896984 -0.260969
v 0.042669 0.916079 -0.197388
v -0.042492 0.912282 -0.196570
v -0.083618 0.891737 -0.259442
v 0.206164 0.817281 -0.449953
v 0.043195 0.837241 -0.462401
v 0.124872 0.829590 -0.457689
v 0.167389 0.851119 -0.390249
v 0.127065 0.875453 -0.327508
v -0.203767 0.807780 -0.444722
v -0.125688 0.865964 -0.323958
v -0.164761 0.837756 -0.384122
v -0.123730 0.822004 -0.453504
v -0.043040 0.834230 -0.460739
v 0.042877 0.884424 -0.330362
v 0.000000 0.864177 -0.398153
v -0.042671 0.880172 -0.328774
v -0.574155 0.778571 -0.105521
v -0.592130 0.767198 -0.040063
v -0.521467 0.776990 -0.233665
v -0.549935 0.781235 -0.170775
v -0.690239 0.708664 -0.121345
v -0.622596 0.748205 -0.146931
v -0.669078 0.715258 -0.188211
v -0.396701 0.737097 -0.479527
v -0.428900 0.749794 -0.419816
v -0.576316 0.695129 -0.383586
v -0.502942 0.723005 -0.402200
v -0.542026 0.680748 -0.442869
v -0.460488 0.760820 -0.359135
v -0.490886 0.769570 -0.298241
v -0.850047 0.543002 -0.282016
v -0.790296 0.589448 -0.312634
v -0.822566 0.540698 -0.351758
v -0.715303 0.677658 -0.231937
v -0.754870 0.635895 -0.272571
v -0.775555 0.632336 -0.202252
v -0.689676 0.621487 -0.404316
v -0.725986 0.632255 -0.340855
v -0.653948 0.666059 -0.363707
v -0.565536 0.741652 -0.276975
v -0.610344 0.705146 -0.320810
v -0.642141 0.712705 -0.255446
v -0.068444 0.476793 -0.852358
v -0.111482 0.522688 -0.824620
v -0.247385 0.475721 -0.824676
v -0.180248 0.500152 -0.826636
v -0.203774 0.432914 -0.857279
v -0.154364 0.563618 -0.788027
v -0.195376 0.598477 -0.744347
v -0.497926 0.354944 -0.767297
v -0.440156 0.387479 -0.788091
v -0.456870 0.320005 -0.813946
v -0.399905 0.517726 -0.726519
v -0.421042 0.453677 -0.758775
v -0.459430 0.484518 -0.707975
v -0.333980 0.379850 -0.843539
v -0.379990 0.419835 -0.807019
v -0.316311 0.448614 -0.818243
v -0.317687 0.691986 -0.600475
v -0.355326 0.715977 -0.547552
v -0.238245 0.633123 -0.697831
v -0.278475 0.664544 -0.651298
v -0.414698 0.609538 -0.639043
v -0.348985 0.640488 -0.648958
v -0.375313 0.581473 -0.689035
v -0.291643 0.513117 -0.782885
v -0.334340 0.548101 -0.736727
v -0.265220 0.574492 -0.741832
v -0.915956 0.063377 -0.513653
v -0.883932 0.102971 -0.561687
v -0.874790 0.039265 -0.581780
v -0.892086 0.230591 -0.515897
v -0.889772 0.167178 -0.539701
v -0.929275 0.190333 -0.470447
v -0.792652 0.116660 -0.665253
v -0.841940 0.142112 -0.603687
v -0.794318 0.179653 -0.640256
v -0.856577 0.478975 -0.397237
v -0.874357 0.420788 -0.430971
v -0.906466 0.438424 -0.357272
v -0.789161 0.374301 -0.563776
v -0.834036 0.398789 -0.499926
v -0.775127 0.433431 -0.531804
v -0.924053 0.315251 -0.417148
v -0.882892 0.358213 -0.460458
v -0.888912 0.296099 -0.488581
v -0.573156 0.255860 -0.773141
v -0.629232 0.286854 -0.726943
v -0.568355 0.317809 -0.745041
v -0.743057 0.218595 -0.675844
v -0.689272 0.253946 -0.705053
v -0.689970 0.189685 -0.729188
v -0.677702 0.378953 -0.648033
v -0.685758 0.317765 -0.678503
v -0.738006 0.346383 -0.624361
v -0.847667 0.272097 -0.556968
v -0.795386 0.311032 -0.593224
v -0.796012 0.245226 -0.617995
v -0.430726 0.691422 -0.531527
v -0.485471 0.577581 -0.616886
v -0.460279 0.636896 -0.577345
v -0.502858 0.660564 -0.511249
v -0.574632 0.630202 -0.491814
v -0.549075 0.383401 -0.716039
v -0.656340 0.445073 -0.616061
v -0.603369 0.414490 -0.667274
v -0.529751 0.448983 -0.686185
v -0.510118 0.513576 -0.655294
v -0.790191 0.522122 -0.424165
v -0.650835 0.597477 -0.471374
v -0.721116 0.561862 -0.449058
v -0.749267 0.498440 -0.491488
v -0.706636 0.473996 -0.555202
v -0.560099 0.545469 -0.599363
v -0.635483 0.511710 -0.579791
v -0.607327 0.573588 -0.537356
v -0.637400 0.734256 0.000000
v -0.735632 0.673501 -0.080571
v -0.687394 0.705215 -0.040259
v -0.680811 0.698460 0.039874
v -0.724092 0.662937 0.079307
v -0.898560 0.502451 -0.241524
v -0.863548 0.550287 -0.202424
v -0.868233 0.551987 -0.041141
v -0.870883 0.554103 -0.121606
v -0.908918 0.508243 -0.080088
v -0.823741 0.594284 -0.162234
v -0.781822 0.634563 -0.122129
v -0.829400 0.528526 0.194420
v -0.857232 0.479342 0.230416
v -0.766809 0.622377 0.119783
v -0.799587 0.576858 0.157477
v -0.882119 0.493258 0.077727
v -0.842254 0.535888 0.117609
v -0.855071 0.543619 0.040517
v -0.781031 0.634420 -0.040696
v -0.822680 0.591720 0.000000
v -0.774656 0.629242 0.040364
v -0.929520 0.000000 -0.465811
v -0.944120 0.062963 -0.448475
v -0.982888 0.062070 -0.313391
v -0.963303 0.062384 -0.379864
v -0.969241 0.000000 -0.332758
v -0.954820 0.126913 -0.428275
v -0.957886 0.189895 -0.404386
v -1.034531 0.062663 -0.040766
v -1.031683 0.062793 -0.109373
v -1.025080 0.000000 -0.067663
v -1.022185 0.190836 -0.194238
v -1.032290 0.127073 -0.152123
v -1.027386 0.189834 -0.123499
v -1.010439 0.000000 -0.202689
v -1.025656 0.062973 -0.178742
v -1.009062 0.062870 -0.245885
v -0.948214 0.380663 -0.319452
v -0.932329 0.439718 -0.286064
v -0.958463 0.255426 -0.377230
v -0.956377 0.318408 -0.349967
v -0.991123 0.315964 -0.205554
v -0.980276 0.319123 -0.278922
v -1.002256 0.255898 -0.237044
v -0.997455 0.126225 -0.290583
v -1.005468 0.191774 -0.265194
v -0.981345 0.190905 -0.334882
v -0.967155 0.064499 0.459417
v -0.958010 0.000000 0.480089
v -0.967548 0.191811 0.408465
v -0.970220 0.128960 0.435183
v -1.009575 0.000000 0.346606
v -0.997362 0.064589 0.393294
v -1.022046 0.064543 0.325877
v -0.886340 0.418028 0.271953
v -0.909500 0.365121 0.306409
v -1.009995 0.257874 0.238875
v -0.962753 0.313419 0.273936
v -0.984925 0.313988 0.204269
v -0.934083 0.310986 0.341809
v -0.955500 0.254637 0.376064
v -1.034427 0.000000 0.068280
v -1.043758 0.063528 0.110653
v -1.040045 0.062997 0.040984
v -1.036843 0.064601 0.252654
v -1.042373 0.064000 0.181655
v -1.032694 0.000000 0.207153
v -1.042319 0.192593 0.125294
v -1.046292 0.128796 0.154186
v -1.038877 0.193952 0.197410
v -1.000836 0.194696 0.341533
v -1.026234 0.195735 0.270671
v -1.028191 0.130115 0.299537
v -0.943532 0.446488 -0.205089
v -0.992685 0.319197 -0.124151
v -0.972051 0.383088 -0.164730
v -0.946839 0.448994 -0.122807
v -0.940668 0.446543 -0.041818
v -1.038865 0.126636 0.000000
v -1.023411 0.255924 0.082691
v -1.037042 0.192062 0.041622
v -1.029729 0.190708 -0.041329
v -1.012190 0.253118 -0.081784
v -0.902550 0.427095 0.196182
v -0.927420 0.440254 0.041229
v -0.915566 0.434164 0.118751
v -0.951456 0.374971 0.161239
v -0.994226 0.319693 0.124343
v -0.992927 0.318791 -0.041479
v -0.996567 0.319959 0.041631
v -0.967725 0.383228 0.000000
v 0.575264 0.780075 0.105724
v 0.593030 0.768363 0.040124
v 0.527895 0.786569 0.236545
v 0.554079 0.787122 0.172062
v 0.688607 0.706989 0.121058
v 0.623738 0.749578 0.147201
v 0.668159 0.714275 0.187953
v 0.405952 0.754286 0.490710
v 0.440153 0.769465 0.430830
v 0.584678 0.705214 0.389152
v 0.513486 0.738164 0.410632
v 0.553035 0.694575 0.451864
v 0.471661 0.779280 0.367849
v 0.499845 0.783615 0.303684
v 0.830985 0.530826 0.275692
v 0.776847 0.579417 0.307314
v 0.803982 0.528483 0.343811
v 0.708453 0.671169 0.229716
v 0.743107 0.625986 0.268323
v 0.764914 0.623660 0.199477
v 0.688521 0.620446 0.403639
v 0.717963 0.625267 0.337088
v 0.655746 0.667891 0.364707
v 0.571781 0.749842 0.280034
v 0.615662 0.711290 0.323605
v 0.644085 0.714863 0.256219
v 0.066236 0.461412 0.824860
v 0.107803 0.505438 0.797405
v 0.244355 0.469893 0.814572
v 0.176259 0.489085 0.808346
v 0.200694 0.426373 0.844325
v 0.149786 0.546900 0.764653
v 0.191532 0.586703 0.729703
v 0.496972 0.354264 0.765826
v 0.439565 0.386959 0.787033
v 0.452065 0.316639 0.805384
v 0.403767 0.522726 0.733535
v 0.423613 0.456447 0.763408
v 0.467424 0.492948 0.720293
v 0.332853 0.378568 0.840693
v 0.378993 0.418733 0.804900
v 0.314978 0.446723 0.814794
v 0.323606 0.704879 0.611663
v 0.363116 0.731673 0.559556
v 0.236671 0.628940 0.693221
v 0.280358 0.669038 0.655702
v 0.422220 0.620595 0.650635
v 0.353130 0.648095 0.656666
v 0.379698 0.588267 0.697085
v 0.289915 0.510076 0.778246
v 0.335552 0.550086 0.739397
v 0.263117 0.569935 0.735948
v 0.906314 0.062710 0.508246
v 0.870888 0.101452 0.553398
v 0.869387 0.039022 0.578187
v 0.866337 0.223935 0.501006
v 0.868941 0.163264 0.527066
v 0.907600 0.185894 0.459475
v 0.785380 0.115590 0.659150
v 0.830876 0.140245 0.595754
v 0.785226 0.177597 0.632928
v 0.821996 0.459639 0.381201
v 0.831363 0.400097 0.409779
v 0.861272 0.416565 0.339460
v 0.765329 0.362998 0.546750
v 0.798965 0.382020 0.478904
v 0.753485 0.421329 0.516956
v 0.890647 0.303854 0.402067
v 0.844680 0.342710 0.440529
v 0.857925 0.285777 0.471549
v 0.565354 0.252377 0.762617
v 0.622930 0.283981 0.719662
v 0.564433 0.315616 0.739900
v 0.733548 0.215798 0.667195
v 0.680438 0.250692 0.696017
v 0.684968 0.188309 0.723902
v 0.675094 0.377495 0.645539
v 0.678179 0.314253 0.671005
v 0.725712 0.340613 0.613960
v 0.820170 0.263271 0.538901
v 0.773409 0.302438 0.576833
v 0.779860 0.240250 0.605455
v 0.439733 0.705881 0.542642
v 0.496363 0.590540 0.630727
v 0.470666 0.651269 0.590374
v 0.514341 0.675649 0.522924
v 0.584181 0.640674 0.499986
v 0.552877 0.386056 0.720998
v 0.656364 0.445090 0.616084
v 0.608512 0.418023 0.672961
v 0.538692 0.456561 0.697766
v 0.519846 0.523370 0.667791
v 0.773243 0.510924 0.415068
v 0.655053 0.601349 0.474430
v 0.716591 0.558336 0.446240
v 0.736868 0.490191 0.483354
v 0.698696 0.468670 0.548964
v 0.566418 0.551623 0.606125
v 0.634311 0.510766 0.578721
v 0.611393 0.577428 0.540954
v -0.065157 0.398911 0.841883
v 0.000000 0.420489 0.841182
v -0.193076 0.353400 0.839212
v -0.129700 0.376195 0.840813
v 0.000000 0.305780 0.892892
v -0.065426 0.342423 0.870532
v -0.065569 0.284552 0.894675
v -0.444689 0.248658 0.812450
v -0.381450 0.275144 0.818745
v -0.261002 0.207809 0.880849
v -0.320872 0.241054 0.849313
v -0.323637 0.180969 0.874770
v -0.318880 0.301250 0.825310
v -0.257641 0.327050 0.833049
v 0.000000 0.063664 0.966919
v -0.067311 0.100773 0.952946
v -0.067730 0.037873 0.963515
v -0.066441 0.223349 0.918879
v -0.066906 0.163228 0.938983
v 0.000000 0.187586 0.937494
v -0.199133 0.111350 0.928645
v -0.133437 0.137302 0.934053
v -0.197320 0.172626 0.910724
v -0.195047 0.294084 0.863951
v -0.196470 0.233522 0.887603
v -0.131155 0.259518 0.893056
v -0.889087 -0.039906 0.591289
v -0.845684 0.000000 0.632583
v -0.749561 -0.077073 0.705463
v -0.798127 -0.039163 0.670350
v -0.791221 -0.116449 0.664052
v -0.792435 0.038884 0.665569
v -0.740857 0.076178 0.697271
v -0.519351 -0.214578 0.800312
v -0.579598 -0.183256 0.783734
v -0.565569 -0.252473 0.762907
v -0.595435 -0.038145 0.807025
v -0.591772 -0.111629 0.801436
v -0.539878 -0.073122 0.831945
v -0.684296 -0.188125 0.723192
v -0.640022 -0.150176 0.764428
v -0.696835 -0.115274 0.739790
v -0.578483 0.182904 0.782228
v -0.518916 0.214398 0.799642
v -0.690107 0.114161 0.732647
v -0.636828 0.149426 0.760612
v -0.537629 0.072818 0.828478
v -0.589026 0.111111 0.797717
v -0.593325 0.038010 0.804165
v -0.701072 -0.038654 0.743702
v -0.648111 0.000000 0.776442
v -0.697003 0.038430 0.739385
v 0.000000 -0.441937 0.884090
v -0.068630 -0.420169 0.886748
v -0.069535 -0.484394 0.865945
v -0.067680 -0.293714 0.923483
v -0.067972 -0.355747 0.904407
v 0.000000 -0.316663 0.924671
v -0.203401 -0.432122 0.855709
v -0.136150 -0.394906 0.882631
v -0.200719 -0.367391 0.872435
v -0.068690 -0.038410 0.977168
v -0.069128 -0.103493 0.978665
v 0.000000 -0.065195 0.990173
v -0.199066 -0.174153 0.918781
v -0.135932 -0.139869 0.951519
v -0.199852 -0.111752 0.931996
v 0.000000 -0.194208 0.970585
v -0.068781 -0.167803 0.965299
v -0.068434 -0.230047 0.946435
v -0.448669 -0.314260 0.799335
v -0.389322 -0.280822 0.835641
v -0.448919 -0.251024 0.820178
v -0.265499 -0.337024 0.858455
v -0.327472 -0.309368 0.847548
v -0.327862 -0.372891 0.828086
v -0.327699 -0.183240 0.885747
v -0.327534 -0.246059 0.866946
v -0.264091 -0.210269 0.891272
v -0.134480 -0.266096 0.915693
v -0.199697 -0.237357 0.902181
v -0.200166 -0.301802 0.886625
v -0.459204 0.181300 0.836175
v -0.473193 0.038089 0.858928
v -0.468580 0.110160 0.851459
v -0.396266 0.146460 0.866408
v -0.333870 0.111616 0.894695
v -0.461479 -0.182198 0.840317
v -0.335357 -0.112113 0.898680
v -0.400145 -0.147893 0.874889
v -0.470923 -0.110711 0.855718
v -0.474172 -0.038168 0.860705
v -0.135247 0.000000 0.956033
v -0.267438 0.074272 0.921522
v -0.201910 0.037610 0.939416
v -0.202002 -0.037627 0.939842
v -0.266474 -0.074005 0.918204
v -0.406362 0.000000 0.884204
v -0.336996 -0.037688 0.904445
v -0.337223 0.037713 0.905053
v -0.959829 -0.064010 0.455937
v -0.932401 -0.064515 0.522875
v -1.006008 -0.063530 0.320763
v -0.983841 -0.063714 0.387962
v -0.924406 -0.189336 0.467983
v -0.957195 -0.127229 0.429341
v -0.951336 -0.188597 0.401621
v -1.029083 -0.062333 0.040552
v -1.027306 -0.062526 0.108909
v -0.999828 -0.186662 0.189990
v -1.017119 -0.125205 0.149887
v -1.007827 -0.186220 0.121147
v -1.024285 -0.062889 0.178503
v -1.019427 -0.063516 0.248410
v -0.874695 -0.423058 0.344750
v -0.915731 -0.367622 0.308508
v -0.902035 -0.425430 0.276769
v -0.942015 -0.251043 0.370756
v -0.929571 -0.309483 0.340157
v -0.903980 -0.308403 0.408087
v -0.964000 -0.307317 0.199929
v -0.950234 -0.309343 0.270374
v -0.976410 -0.249299 0.230932
v -1.001543 -0.126742 0.291774
v -0.991246 -0.189062 0.261443
v -0.974161 -0.189507 0.332430
v -0.903420 -0.062510 -0.506623
v -0.926684 -0.061800 -0.440193
v -0.913528 -0.181102 -0.385660
v -0.921691 -0.122510 -0.413415
v -0.890817 -0.182457 -0.450978
v -0.949110 -0.061465 -0.374267
v -0.970512 -0.061288 -0.309446
v -0.869773 -0.410214 -0.266870
v -0.885936 -0.355661 -0.298470
v -0.845742 -0.409054 -0.333339
v -0.954592 -0.243728 -0.225771
v -0.919789 -0.299432 -0.261711
v -0.940460 -0.299813 -0.195047
v -0.869480 -0.296633 -0.392512
v -0.896460 -0.298460 -0.328041
v -0.904005 -0.240913 -0.355796
v -1.014513 -0.061748 -0.107553
v -1.023041 -0.061967 -0.040314
v -0.990568 -0.061718 -0.241378
v -1.004738 -0.061689 -0.175096
v -0.999180 -0.184622 -0.120108
v -1.003495 -0.123528 -0.147879
v -0.985297 -0.183949 -0.187229
v -0.936740 -0.182228 -0.319661
v -0.962301 -0.183541 -0.253808
v -0.967831 -0.122476 -0.281953
v -0.618410 -0.801247 0.041841
v -0.664644 -0.765639 0.000000
v -0.611470 -0.792255 -0.041372
v -0.750596 -0.687202 0.082210
v -0.711134 -0.729570 0.041650
v -0.710494 -0.729460 0.124906
v -0.696921 -0.715525 -0.122520
v -0.705530 -0.723821 -0.041322
v -0.741896 -0.679237 -0.081257
v -0.880974 -0.492618 0.236797
v -0.857464 -0.546410 0.200998
v -0.842124 -0.537941 0.279388
v -0.855328 -0.543782 0.040530
v -0.860710 -0.547630 0.120186
v -0.885669 -0.495243 0.078040
v -0.783707 -0.638983 0.204378
v -0.827448 -0.596959 0.162964
v -0.790998 -0.642010 0.123562
v -0.810719 -0.517880 -0.268968
v -0.828569 -0.527997 -0.194225
v -0.849199 -0.474850 -0.228256
v -0.775484 -0.629418 -0.121138
v -0.803217 -0.579478 -0.158192
v -0.762111 -0.621374 -0.198746
v -0.874328 -0.488901 -0.077040
v -0.841161 -0.535192 -0.117456
v -0.847005 -0.538491 -0.040135
v -0.788005 -0.640085 0.041059
v -0.819730 -0.589599 0.000000
v -0.780984 -0.634382 -0.040693
v -1.023774 -0.124796 0.000000
v -0.989822 -0.247525 -0.079977
v -1.009684 -0.186995 -0.040524
v -1.013829 -0.187763 0.040690
v -0.996709 -0.249247 0.080533
v -0.885494 -0.419024 -0.192474
v -0.910498 -0.432221 -0.040477
v -0.901046 -0.427279 -0.116868
v -0.920218 -0.362660 -0.155946
v -0.956856 -0.307676 -0.119670
v -0.916130 -0.433522 0.199133
v -0.973337 -0.312976 0.121731
v -0.946745 -0.373115 0.160441
v -0.918523 -0.435567 0.119134
v -0.916218 -0.434936 0.040731
v -0.971328 -0.311856 -0.040576
v -0.946597 -0.374861 0.000000
v -0.977576 -0.313862 0.040837
v -0.840592 0.000000 -0.628775
v -0.870624 -0.039078 -0.579009
v -0.754706 0.077602 -0.710305
v -0.801989 0.039353 -0.673594
v -0.784136 -0.115407 -0.658105
v -0.797331 -0.039124 -0.669681
v -0.748961 -0.077012 -0.704898
v -0.527567 0.217973 -0.812973
v -0.585356 0.185076 -0.791521
v -0.600283 0.038456 -0.813596
v -0.592939 0.111849 -0.803017
v -0.541464 0.073337 -0.834388
v -0.643663 0.151030 -0.768776
v -0.699785 0.115762 -0.742922
v -0.588912 -0.262894 -0.794395
v -0.599020 -0.189397 -0.809997
v -0.539039 -0.222712 -0.830650
v -0.700850 -0.115938 -0.744052
v -0.653806 -0.153410 -0.780890
v -0.692572 -0.190400 -0.731939
v -0.551701 -0.074724 -0.850163
v -0.607062 -0.114514 -0.822144
v -0.606929 -0.038882 -0.822603
v -0.707829 0.039026 -0.750869
v -0.657752 0.000000 -0.787992
v -0.707791 -0.039024 -0.750830
v 0.000000 0.437144 -0.874502
v -0.068259 0.417900 -0.881958
v -0.068207 0.296004 -0.930681
v -0.068381 0.357890 -0.909855
v 0.000000 0.317523 -0.927184
v -0.136469 0.395831 -0.884699
v -0.202956 0.371485 -0.882158
v -0.068770 0.038454 -0.978301
v -0.068402 0.102406 -0.968392
v 0.000000 0.064457 -0.978959
v -0.202250 0.176938 -0.933475
v -0.136443 0.140394 -0.955092
v -0.202594 0.113285 -0.944781
v 0.000000 0.190591 -0.952508
v -0.068160 0.166287 -0.956579
v -0.068349 0.229761 -0.945255
v -0.397942 0.287040 -0.854144
v -0.458535 0.256400 -0.837746
v -0.270920 0.343906 -0.875984
v -0.334756 0.316249 -0.866400
v -0.331998 0.185645 -0.897369
v -0.334497 0.251290 -0.885376
v -0.269824 0.214833 -0.910619
v -0.136387 0.269869 -0.928676
v -0.203739 0.242161 -0.920443
v -0.204035 0.307637 -0.903765
v -0.068257 -0.475489 -0.850026
v -0.068537 -0.419602 -0.885551
v 0.000000 -0.436987 -0.874187
v -0.206908 -0.378718 -0.899334
v -0.138153 -0.400714 -0.895612
v -0.206309 -0.438301 -0.867946
v 0.000000 -0.322379 -0.941364
v -0.069116 -0.361734 -0.919628
v -0.069313 -0.300802 -0.945770
v -0.464545 -0.259761 -0.848727
v -0.402575 -0.290382 -0.864088
v -0.465488 -0.326041 -0.829299
v -0.274589 -0.218627 -0.926702
v -0.338989 -0.254665 -0.897267
v -0.337063 -0.188477 -0.911058
v -0.339314 -0.385916 -0.857011
v -0.340045 -0.321246 -0.880090
v -0.275932 -0.350268 -0.892189
v 0.000000 -0.065338 -0.992343
v -0.069170 -0.103556 -0.979262
v -0.069013 -0.038590 -0.981755
v -0.069707 -0.234326 -0.964036
v -0.069416 -0.169351 -0.974205
v 0.000000 -0.196728 -0.983181
v -0.204767 -0.114500 -0.954916
v -0.137586 -0.141571 -0.963093
v -0.205449 -0.179737 -0.948240
v -0.208334 -0.314118 -0.922805
v -0.207429 -0.246547 -0.937114
v -0.138668 -0.274383 -0.944209
v -0.466488 0.184176 -0.849439
v -0.339042 0.113345 -0.908556
v -0.402552 0.148783 -0.880152
v -0.472311 0.111037 -0.858239
v -0.478284 0.038499 -0.868170
v -0.137116 0.000000 -0.969248
v -0.273953 -0.076082 -0.943974
v -0.205578 -0.038293 -0.956483
v -0.204553 0.038102 -0.951714
v -0.270357 0.075083 -0.931583
v -0.473509 -0.186947 -0.862223
v -0.481918 -0.038791 -0.874766
v -0.480256 -0.112905 -0.872676
v -0.407369 -0.150563 -0.890683
v -0.343047 -0.114684 -0.919288
v -0.342508 0.038304 -0.919237
v -0.344788 -0.038559 -0.925356
v -0.413669 0.000000 -0.900105
v 0.111341 0.522027 -0.823578
v 0.068361 0.476218 -0.851330
v 0.195545 0.598995 -0.744990
v 0.154350 0.563564 -0.787952
v 0.205093 0.435717 -0.862828
v 0.181210 0.502821 -0.831048
v 0.250020 0.480787 -0.833459
v 0.348353 0.701927 -0.536807
v 0.313105 0.682005 -0.591814
v 0.376779 0.583745 -0.691727
v 0.346370 0.635689 -0.644096
v 0.415678 0.610980 -0.640554
v 0.276590 0.660047 -0.646891
v 0.237917 0.632251 -0.696870
v 0.471883 0.330520 -0.840692
v 0.454613 0.400206 -0.813976
v 0.515650 0.367578 -0.794608
v 0.321121 0.455435 -0.830685
v 0.388673 0.429428 -0.825458
v 0.341886 0.388841 -0.863507
v 0.473287 0.499131 -0.729328
v 0.431812 0.465282 -0.778184
v 0.405739 0.525278 -0.737116
v 0.267397 0.579206 -0.747920
v 0.337346 0.553028 -0.743350
v 0.295449 0.519812 -0.793100
v 0.587357 0.761013 -0.039740
v 0.566455 0.768130 -0.104105
v 0.658015 0.703431 -0.185099
v 0.613297 0.737030 -0.144737
v 0.678224 0.696328 -0.119233
v 0.545896 0.775498 -0.169521
v 0.523237 0.779629 -0.234458
v 0.810739 0.532924 -0.346700
v 0.781484 0.582875 -0.309148
v 0.839174 0.536057 -0.278409
v 0.657220 0.669391 -0.365527
v 0.722007 0.628789 -0.338987
v 0.693994 0.625378 -0.406847
v 0.768029 0.626200 -0.200289
v 0.745512 0.628012 -0.269191
v 0.703608 0.666579 -0.228145
v 0.429181 0.750284 -0.420091
v 0.391887 0.728153 -0.473708
v 0.496200 0.777901 -0.301470
v 0.464341 0.767184 -0.362139
v 0.547208 0.687257 -0.447103
v 0.504766 0.725628 -0.403658
v 0.581381 0.701238 -0.386957
v 0.636366 0.706296 -0.253148
v 0.611812 0.706842 -0.321582
v 0.567497 0.744224 -0.277936
v 0.881020 0.039544 -0.585924
v 0.889312 0.103598 -0.565106
v 0.924364 0.063959 -0.518368
v 0.800526 0.181057 -0.645261
v 0.846807 0.142934 -0.607177
v 0.797776 0.117414 -0.669553
v 0.940025 0.192535 -0.475890
v 0.896090 0.168365 -0.543533
v 0.898532 0.232257 -0.519624
v 0.582727 0.325846 -0.763881
v 0.637675 0.290703 -0.736697
v 0.587937 0.262459 -0.793081
v 0.740275 0.347448 -0.626280
v 0.689532 0.319514 -0.682237
v 0.681554 0.381107 -0.651717
v 0.698158 0.191936 -0.737842
v 0.694168 0.255750 -0.710062
v 0.748479 0.220190 -0.680776
v 0.894722 0.432744 -0.352644
v 0.863893 0.415753 -0.425813
v 0.840812 0.470160 -0.389927
v 0.891928 0.297103 -0.490238
v 0.881013 0.357451 -0.459478
v 0.930724 0.317527 -0.420160
v 0.769895 0.430505 -0.528214
v 0.825864 0.394881 -0.495028
v 0.786563 0.373069 -0.561920
v 0.803193 0.247438 -0.623570
v 0.798405 0.312212 -0.595475
v 0.851965 0.273477 -0.559792
v 0.424702 0.681752 -0.524093
v 0.584116 0.640602 -0.499931
v 0.504634 0.662897 -0.513055
v 0.460647 0.637406 -0.577807
v 0.494134 0.587888 -0.627895
v 0.783998 0.518030 -0.420841
v 0.707162 0.474349 -0.555615
v 0.748661 0.498036 -0.491090
v 0.724902 0.564812 -0.451416
v 0.660843 0.606664 -0.478623
v 0.565253 0.394697 -0.737136
v 0.524324 0.527879 -0.673544
v 0.546231 0.462950 -0.707531
v 0.613308 0.421318 -0.678265
v 0.659992 0.447550 -0.619489
v 0.615708 0.581503 -0.544771
v 0.640097 0.515426 -0.584001
v 0.569792 0.554908 -0.609735
v 0.599061 -0.776177 0.040532
v 0.579427 -0.785721 0.106489
v 0.530323 -0.814874 0.065598
v 0.671834 -0.718204 0.188986
v 0.627125 -0.753648 0.148000
v 0.692434 -0.710918 0.121731
v 0.486063 -0.827315 0.197144
v 0.557701 -0.792269 0.173187
v 0.534273 -0.796071 0.239403
v 0.806235 -0.529963 0.344774
v 0.779257 -0.581214 0.308268
v 0.834231 -0.532899 0.276769
v 0.657423 -0.669598 0.365640
v 0.720338 -0.627336 0.338203
v 0.685685 -0.617890 0.401976
v 0.769409 -0.627325 0.200649
v 0.749028 -0.630975 0.270461
v 0.714195 -0.676609 0.231578
v 0.364705 -0.797330 0.448666
v 0.440990 -0.770930 0.431650
v 0.408001 -0.758093 0.493187
v 0.505434 -0.792378 0.307080
v 0.473351 -0.782072 0.369167
v 0.431554 -0.823734 0.326956
v 0.553326 -0.694940 0.452102
v 0.513583 -0.738303 0.410709
v 0.585732 -0.706486 0.389853
v 0.650563 -0.722053 0.258796
v 0.621037 -0.717500 0.326431
v 0.579082 -0.759416 0.283609
v 0.875135 -0.039280 0.582009
v 0.885511 -0.103155 0.562690
v 0.914214 -0.063257 0.512676
v 0.806989 -0.182519 0.650470
v 0.849705 -0.143423 0.609254
v 0.799760 -0.117706 0.671218
v 0.921322 -0.188705 0.466421
v 0.891195 -0.167445 0.540564
v 0.890784 -0.230255 0.515144
v 0.581990 -0.325433 0.762914
v 0.640019 -0.291771 0.739404
v 0.584313 -0.260841 0.788192
v 0.742958 -0.348707 0.628550
v 0.693710 -0.321450 0.686372
v 0.686668 -0.383967 0.656607
v 0.697916 -0.191869 0.737586
v 0.698577 -0.257374 0.714571
v 0.754130 -0.221853 0.685916
v 0.885172 -0.428125 0.348880
v 0.860833 -0.414280 0.424305
v 0.837726 -0.468435 0.388495
v 0.886520 -0.295302 0.487266
v 0.878108 -0.356272 0.457962
v 0.918002 -0.313187 0.414416
v 0.775062 -0.433394 0.531759
v 0.829827 -0.396776 0.497403
v 0.789198 -0.374319 0.563802
v 0.806319 -0.248401 0.625997
v 0.798763 -0.312352 0.595742
v 0.850560 -0.273026 0.558870
v 0.043023 -0.547915 0.825933
v 0.112135 -0.525747 0.829446
v 0.069144 -0.481672 0.861079
v 0.200130 -0.613041 0.762460
v 0.156127 -0.570055 0.797027
v 0.129474 -0.634608 0.758034
v 0.206571 -0.438857 0.869046
v 0.181579 -0.503846 0.832743
v 0.249983 -0.480716 0.833335
v 0.364518 -0.734499 0.561717
v 0.325312 -0.708596 0.614889
v 0.290505 -0.754515 0.560750
v 0.382591 -0.592749 0.702397
v 0.356251 -0.653823 0.662470
v 0.424033 -0.623260 0.653428
v 0.212394 -0.701793 0.665712
v 0.285262 -0.680742 0.667173
v 0.244916 -0.650850 0.717371
v 0.465948 -0.326363 0.830119
v 0.448964 -0.395234 0.803863
v 0.512125 -0.365066 0.789177
v 0.319494 -0.453128 0.826477
v 0.383884 -0.424137 0.815289
v 0.338840 -0.385378 0.855816
v 0.473130 -0.498966 0.729087
v 0.429484 -0.462773 0.773987
v 0.408152 -0.528403 0.741500
v 0.271548 -0.588197 0.759530
v 0.341010 -0.559035 0.751425
v 0.295673 -0.520207 0.793703
v 0.779531 -0.515078 0.418443
v 0.711370 -0.477172 0.558922
v 0.748618 -0.498008 0.491061
v 0.716315 -0.558121 0.446068
v 0.651757 -0.598323 0.472042
v 0.565337 -0.394756 0.737246
v 0.524672 -0.528229 0.673990
v 0.546540 -0.463211 0.707931
v 0.617411 -0.424136 0.682802
v 0.667010 -0.452309 0.626077
v 0.443442 -0.711835 0.547219
v 0.584433 -0.640950 0.500202
v 0.517754 -0.680131 0.526394
v 0.473506 -0.655200 0.593936
v 0.499252 -0.593978 0.634399
v 0.641997 -0.516955 0.585733
v 0.571582 -0.556652 0.611651
v 0.613434 -0.579356 0.542760
v 0.467882 -0.848732 0.065852
v 0.488787 -0.840453 0.000000
v 0.420456 -0.858190 0.197937
v 0.444550 -0.854013 0.132066
v 0.359488 -0.902263 0.000000
v 0.402710 -0.879979 0.066302
v 0.333989 -0.902598 0.066315
v 0.292232 -0.820689 0.450325
v 0.326858 -0.835998 0.390464
v 0.245334 -0.893825 0.265511
v 0.286409 -0.867357 0.328511
v 0.213368 -0.886495 0.328797
v 0.360587 -0.849097 0.328893
v 0.391856 -0.857908 0.265995
v 0.073779 -0.963131 0.000000
v 0.117619 -0.956005 0.067696
v 0.044091 -0.964141 0.067944
v 0.260397 -0.920806 0.066748
v 0.190079 -0.939844 0.067136
v 0.217992 -0.936410 0.000000
v 0.131036 -0.939304 0.201924
v 0.161155 -0.942315 0.134955
v 0.203007 -0.920556 0.199951
v 0.349133 -0.881589 0.199528
v 0.275644 -0.900531 0.199831
v 0.305280 -0.902956 0.132942
v -0.043308 -0.551545 0.831405
v 0.000000 -0.594961 0.797380
v -0.086234 -0.678434 0.722650
v -0.043385 -0.638298 0.761870
v -0.129556 -0.635009 0.758513
v 0.043325 -0.637420 0.760823
v 0.086169 -0.677922 0.722104
v -0.257140 -0.824329 0.536278
v -0.216010 -0.794042 0.588692
v -0.301335 -0.782642 0.581653
v -0.043748 -0.795538 0.588431
v -0.128809 -0.794865 0.588391
v -0.084596 -0.827274 0.538193
v -0.215263 -0.711271 0.674703
v -0.172921 -0.756555 0.635018
v -0.130277 -0.718628 0.678598
v 0.208520 -0.766510 0.568280
v 0.247672 -0.793977 0.516532
v 0.129156 -0.712444 0.672759
v 0.168999 -0.739397 0.620616
v 0.083370 -0.815287 0.530395
v 0.125861 -0.776677 0.574927
v 0.043385 -0.788936 0.583548
v -0.043638 -0.721648 0.681987
v 0.000000 -0.759482 0.635543
v 0.043510 -0.719539 0.679994
v -0.497946 -0.856202 0.000000
v -0.478989 -0.868880 0.067415
v -0.545703 -0.838505 0.067500
v -0.343087 -0.927185 0.068121
v -0.411788 -0.899817 0.067796
v -0.363636 -0.912673 0.000000
v -0.497013 -0.845952 0.201585
v -0.457312 -0.878530 0.135857
v -0.432504 -0.882782 0.203608
v -0.044371 -0.970265 0.068376
v -0.119782 -0.973584 0.068941
v -0.074486 -0.972365 0.000000
v -0.212167 -0.962092 0.208972
v -0.166286 -0.972319 0.139252
v -0.135139 -0.968718 0.208247
v -0.222384 -0.955275 0.000000
v -0.195644 -0.967358 0.069101
v -0.268772 -0.950419 0.068894
v -0.375549 -0.821039 0.462007
v -0.337521 -0.863272 0.403203
v -0.302129 -0.848484 0.465576
v -0.402189 -0.880531 0.273009
v -0.371191 -0.874068 0.338565
v -0.440978 -0.841721 0.334095
v -0.221583 -0.920625 0.341456
v -0.297518 -0.900999 0.341253
v -0.256611 -0.934908 0.277715
v -0.317637 -0.939505 0.138323
v -0.288604 -0.942870 0.209226
v -0.363164 -0.917017 0.207546
v 0.211000 -0.836449 0.460506
v 0.044205 -0.856812 0.473210
v 0.127737 -0.848626 0.468191
v 0.171769 -0.873391 0.400461
v 0.131318 -0.904758 0.338471
v -0.217329 -0.861539 0.474319
v -0.134645 -0.927679 0.347046
v -0.176258 -0.896215 0.410926
v -0.129879 -0.862852 0.476039
v -0.044416 -0.860905 0.475471
v 0.000000 -0.963396 0.136630
v 0.087534 -0.933498 0.271592
v 0.044391 -0.953043 0.205352
v -0.044828 -0.962433 0.207376
v -0.089373 -0.953111 0.277298
v 0.000000 -0.892456 0.411182
v -0.044907 -0.926303 0.346006
v 0.044549 -0.918912 0.343245
v 0.467749 -0.848491 -0.065833
v 0.528809 -0.812547 -0.065411
v 0.337515 -0.912127 -0.067015
v 0.404101 -0.883021 -0.066531
v 0.480480 -0.817813 -0.194880
v 0.443401 -0.851806 -0.131725
v 0.418448 -0.854091 -0.196991
v 0.044182 -0.966112 -0.068083
v 0.118163 -0.960424 -0.068009
v 0.206693 -0.937273 -0.203582
v 0.163221 -0.954397 -0.136685
v 0.132486 -0.949701 -0.204159
v 0.191808 -0.948393 -0.067746
v 0.263720 -0.932553 -0.067599
v 0.356816 -0.780085 -0.438962
v 0.321318 -0.821830 -0.383847
v 0.285533 -0.801876 -0.440001
v 0.387715 -0.848843 -0.263184
v 0.355208 -0.836432 -0.323987
v 0.422962 -0.807334 -0.320446
v 0.215014 -0.893334 -0.331334
v 0.286768 -0.868444 -0.328923
v 0.249515 -0.909057 -0.270036
v 0.310587 -0.918654 -0.135253
v 0.280936 -0.917819 -0.203667
v 0.352322 -0.889641 -0.201350
v -0.539114 -0.828382 -0.066685
v -0.474971 -0.861592 -0.066850
v -0.426844 -0.871228 -0.200944
v -0.452288 -0.868878 -0.134365
v -0.490930 -0.835599 -0.199118
v -0.408099 -0.891756 -0.067189
v -0.339301 -0.916952 -0.067370
v -0.296704 -0.833248 -0.457216
v -0.331694 -0.848367 -0.396242
v -0.370226 -0.809401 -0.455458
v -0.251621 -0.916727 -0.272314
v -0.291590 -0.883047 -0.334453
v -0.217738 -0.904649 -0.335531
v -0.433939 -0.828286 -0.328762
v -0.365079 -0.859675 -0.332990
v -0.396507 -0.868091 -0.269152
v -0.119193 -0.968798 -0.068602
v -0.044371 -0.970263 -0.068376
v -0.265417 -0.938555 -0.068034
v -0.193569 -0.957097 -0.068368
v -0.133257 -0.955231 -0.205348
v -0.163929 -0.958536 -0.137278
v -0.207848 -0.942507 -0.204718
v -0.356315 -0.899725 -0.203632
v -0.282481 -0.922868 -0.204787
v -0.311603 -0.921660 -0.135695
v 0.042063 -0.535692 -0.807509
v 0.000000 -0.577200 -0.773578
v -0.042053 -0.535561 -0.807311
v 0.083104 -0.653805 -0.696415
v 0.041945 -0.617105 -0.736574
v 0.125460 -0.614934 -0.734534
v -0.125764 -0.616423 -0.736312
v -0.041906 -0.616537 -0.735896
v -0.083095 -0.653737 -0.696343
v 0.241509 -0.774221 -0.503679
v 0.204320 -0.751069 -0.556832
v 0.283710 -0.736867 -0.547633
v 0.041784 -0.759833 -0.562021
v 0.123170 -0.760068 -0.562633
v 0.081222 -0.794280 -0.516729
v 0.206390 -0.681953 -0.646892
v 0.165437 -0.723811 -0.607535
v 0.125223 -0.690748 -0.652272
v -0.294333 -0.764457 -0.568138
v -0.209561 -0.770334 -0.571115
v -0.251402 -0.805937 -0.524312
v -0.125567 -0.692645 -0.654063
v -0.166927 -0.730333 -0.613008
v -0.209638 -0.692684 -0.657071
v -0.082548 -0.807246 -0.525163
v -0.124463 -0.768052 -0.568543
v -0.041913 -0.762167 -0.563747
v 0.041702 -0.689639 -0.651737
v 0.000000 -0.722950 -0.604973
v -0.041640 -0.688618 -0.650773
v 0.000000 -0.964369 -0.136768
v -0.088443 -0.943199 -0.274415
v -0.044633 -0.958233 -0.206471
v 0.044449 -0.954299 -0.205623
v 0.087825 -0.936602 -0.272495
v -0.214081 -0.848666 -0.467232
v -0.043846 -0.849853 -0.469367
v -0.128676 -0.854860 -0.471631
v -0.174306 -0.886286 -0.406374
v -0.133200 -0.917725 -0.343322
v 0.206456 -0.818437 -0.450589
v 0.131576 -0.906535 -0.339136
v 0.170249 -0.865657 -0.396915
v 0.125069 -0.830898 -0.458410
v 0.043350 -0.840241 -0.464058
v -0.044581 -0.919572 -0.343491
v 0.000000 -0.885028 -0.407760
v 0.044319 -0.914173 -0.341475
v 0.575275 -0.780090 -0.105726
v 0.597922 -0.774701 -0.040455
v 0.525908 -0.783607 -0.235655
v 0.550946 -0.782671 -0.171089
v 0.691034 -0.709480 -0.121485
v 0.622859 -0.748522 -0.146993
v 0.668701 -0.714854 -0.188105
v 0.399491 -0.742281 -0.482900
v 0.435711 -0.761700 -0.426482
v 0.586845 -0.707828 -0.390594
v 0.513022 -0.737496 -0.410260
v 0.551542 -0.692699 -0.450644
v 0.468934 -0.774773 -0.365721
v 0.498857 -0.782066 -0.303084
v 0.824724 -0.526826 -0.273615
v 0.776152 -0.578899 -0.307039
v 0.801271 -0.526701 -0.342652
v 0.711244 -0.673813 -0.230621
v 0.746070 -0.628483 -0.269393
v 0.765236 -0.623923 -0.199561
v 0.689185 -0.621044 -0.404028
v 0.721208 -0.628094 -0.338612
v 0.659145 -0.671352 -0.366598
v 0.572995 -0.751434 -0.280628
v 0.619447 -0.715663 -0.325595
v 0.646019 -0.717010 -0.256988
v 0.068121 -0.474544 -0.848336
v 0.110709 -0.519061 -0.818899
v 0.249023 -0.478870 -0.830135
v 0.180254 -0.500170 -0.826666
v 0.205239 -0.436028 -0.863444
v 0.153628 -0.560929 -0.784268
v 0.194845 -0.596850 -0.742323
v 0.506861 -0.361313 -0.781065
v 0.446939 -0.393451 -0.800236
v 0.462889 -0.324220 -0.824669
v 0.410203 -0.531058 -0.745226
v 0.429731 -0.463039 -0.774434
v 0.471994 -0.497768 -0.727336
v 0.338492 -0.384981 -0.854934
v 0.384028 -0.424296 -0.815595
v 0.319121 -0.452598 -0.825510
v 0.316952 -0.690385 -0.599086
v 0.354710 -0.714735 -0.546603
v 0.237285 -0.630571 -0.695019
v 0.277340 -0.661836 -0.648644
v 0.420276 -0.617737 -0.647638
v 0.349451 -0.641343 -0.649825
v 0.381670 -0.591322 -0.700706
v 0.295672 -0.520206 -0.793701
v 0.340532 -0.558251 -0.750372
v 0.266944 -0.578225 -0.746653
v 0.921249 -0.063743 -0.516622
v 0.887355 -0.103370 -0.563863
v 0.881312 -0.039557 -0.586117
v 0.879309 -0.227288 -0.508508
v 0.886219 -0.166510 -0.537546
v 0.916054 -0.187626 -0.463754
v 0.796327 -0.117201 -0.668337
v 0.843027 -0.142296 -0.604467
v 0.794517 -0.179698 -0.640417
v 0.825081 -0.461363 -0.382631
v 0.839193 -0.403866 -0.413639
v 0.866018 -0.418861 -0.341330
v 0.767936 -0.364234 -0.548612
v 0.807184 -0.385949 -0.483830
v 0.755311 -0.422350 -0.518208
v 0.891549 -0.304162 -0.402475
v 0.851779 -0.345590 -0.444231
v 0.864965 -0.288122 -0.475419
v 0.580409 -0.259098 -0.782925
v 0.634362 -0.289192 -0.732869
v 0.576963 -0.322623 -0.756325
v 0.740880 -0.217955 -0.673864
v 0.688903 -0.253810 -0.704676
v 0.690189 -0.189745 -0.729420
v 0.670567 -0.374963 -0.641210
v 0.683177 -0.316569 -0.675949
v 0.725297 -0.340418 -0.613609
v 0.832809 -0.267328 -0.547206
v 0.780033 -0.305028 -0.581773
v 0.788853 -0.243020 -0.612437
v 0.431621 -0.692859 -0.532632
v 0.495230 -0.589192 -0.629287
v 0.463803 -0.641773 -0.581765
v 0.507854 -0.667126 -0.516328
v 0.581537 -0.637775 -0.497724
v 0.557346 -0.389176 -0.726825
v 0.647898 -0.439349 -0.608138
v 0.603622 -0.414664 -0.667553
v 0.538028 -0.455997 -0.696905
v 0.520697 -0.524227 -0.668884
v 0.774226 -0.511573 -0.415595
v 0.653164 -0.599615 -0.473061
v 0.715263 -0.557301 -0.445413
v 0.737691 -0.490739 -0.483894
v 0.694709 -0.465996 -0.545831
v 0.566818 -0.552012 -0.606553
v 0.631683 -0.508650 -0.576323
v 0.611306 -0.577346 -0.540877
v 0.649363 -0.748036 0.000000
v 0.737825 -0.675509 -0.080811
v 0.697492 -0.715574 -0.040851
v 0.697707 -0.715794 0.040863
v 0.740271 -0.677749 0.081079
v 0.866043 -0.484268 -0.232784
v 0.840429 -0.535554 -0.197005
v 0.860913 -0.547333 -0.040794
v 0.853500 -0.543043 -0.119179
v 0.893778 -0.499777 -0.078754
v 0.809454 -0.583977 -0.159420
v 0.775013 -0.629036 -0.121065
v 0.850159 -0.541755 0.199286
v 0.881364 -0.492835 0.236902
v 0.778916 -0.632204 0.121675
v 0.813888 -0.587176 0.160293
v 0.900934 -0.503779 0.079385
v 0.859519 -0.546872 0.120019
v 0.862702 -0.548471 0.040879
v 0.781947 -0.635164 -0.040744
v 0.823065 -0.591997 0.000000
v 0.783719 -0.636604 0.040836
v 0.945416 0.000000 -0.473777
v 0.949815 -0.063342 -0.451180
v 0.990633 -0.062559 -0.315861
v 0.972898 -0.063005 -0.383647
v 0.994673 0.000000 -0.341489
v 0.948803 -0.126113 -0.425576
v 0.939611 -0.186272 -0.396671
v 1.049968 -0.063598 -0.041375
v 1.042830 -0.063471 -0.110555
v 1.059244 0.000000 -0.069918
v 1.005753 -0.187768 -0.191116
v 1.025869 -0.126282 -0.151176
v 1.020614 -0.188582 -0.122684
v 1.033089 0.000000 -0.207232
v 1.028749 -0.063163 -0.179281
v 1.009608 -0.062904 -0.246018
v 0.907077 -0.364148 -0.305593
v 0.890889 -0.420173 -0.273349
v 0.928222 -0.247367 -0.365328
v 0.919231 -0.306041 -0.336374
v 0.968599 -0.308783 -0.200883
v 0.944882 -0.307601 -0.268851
v 0.978091 -0.249728 -0.231329
v 0.987851 -0.125010 -0.287785
v 0.982963 -0.187482 -0.259258
v 0.959995 -0.186751 -0.327596
v 0.942090 -0.062827 0.447511
v 0.933074 0.000000 0.467592
v 0.949160 -0.188166 0.400702
v 0.947639 -0.125959 0.425054
v 0.990856 0.000000 0.340179
v 0.970918 -0.062877 0.382866
v 0.999197 -0.063100 0.318592
v 0.910767 -0.429549 0.279448
v 0.932085 -0.374188 0.314018
v 0.997008 -0.254558 0.235803
v 0.970598 -0.315973 0.276168
v 0.985342 -0.314121 0.204355
v 0.947205 -0.315354 0.346610
v 0.951109 -0.253466 0.374335
v 1.053355 0.000000 0.069529
v 1.040030 -0.063301 0.110258
v 1.047409 -0.063443 0.041274
v 1.020046 -0.063554 0.248561
v 1.031700 -0.063344 0.179795
v 1.033743 0.000000 0.207364
v 1.024187 -0.189242 0.123114
v 1.028575 -0.126615 0.151575
v 1.015436 -0.189576 0.192956
v 0.980344 -0.190710 0.334540
v 1.003547 -0.191408 0.264687
v 1.005449 -0.127237 0.292911
v 0.908913 -0.430106 -0.197565
v 0.986931 -0.317347 -0.123431
v 0.950382 -0.374548 -0.161057
v 0.925302 -0.438781 -0.120014
v 0.933209 -0.443002 -0.041486
v 1.042975 -0.127137 0.000000
v 1.015274 -0.253890 0.082033
v 1.032938 -0.191302 0.041457
v 1.032522 -0.191225 -0.041441
v 1.014834 -0.253779 -0.081998
v 0.929539 -0.439867 0.202048
v 0.936660 -0.444640 0.041640
v 0.938318 -0.444954 0.121702
v 0.966154 -0.380764 0.163730
v 0.991824 -0.318920 0.124043
v 0.994335 -0.319243 -0.041537
v 0.993356 -0.318928 0.041497
v 0.965327 -0.382278 0.000000
v 0.068874 -0.421667 0.889908
v 0.206942 -0.378782 0.899485
v 0.138338 -0.401250 0.896812
v 0.068740 -0.359769 0.914631
v 0.068816 -0.298645 0.938987
v 0.466447 -0.260825 0.852202
v 0.405261 -0.292319 0.869853
v 0.279106 -0.222223 0.941945
v 0.343578 -0.258112 0.909413
v 0.343632 -0.192150 0.928815
v 0.341753 -0.322859 0.884510
v 0.276959 -0.351572 0.895511
v 0.070007 -0.104809 0.991116
v 0.069608 -0.038923 0.990228
v 0.069590 -0.233935 0.962427
v 0.069775 -0.170226 0.979240
v 0.209905 -0.117373 0.978877
v 0.140284 -0.144347 0.981978
v 0.209285 -0.183093 0.965948
v 0.209248 -0.315496 0.926854
v 0.209990 -0.249591 0.948683
v 0.139340 -0.275713 0.948786
v 0.837971 0.000000 0.626814
v 0.749294 0.077046 0.705211
v 0.793941 0.038958 0.666834
v 0.799376 -0.039224 0.671399
v 0.755536 -0.077688 0.711086
v 0.520799 0.215176 0.802543
v 0.581337 0.183806 0.786086
v 0.600770 0.038487 0.814255
v 0.595108 0.112259 0.805954
v 0.543802 0.073654 0.837991
v 0.643701 0.151039 0.768822
v 0.698914 0.115618 0.741997
v 0.596087 -0.188470 0.806032
v 0.537041 -0.221887 0.827572
v 0.704042 -0.116466 0.747441
v 0.652591 -0.153125 0.779440
v 0.552271 -0.074801 0.851041
v 0.604592 -0.114048 0.818798
v 0.604494 -0.038726 0.819304
v 0.706055 0.038929 0.748988
v 0.656009 0.000000 0.785904
v 0.706972 -0.038979 0.749960
v 0.066070 0.404502 0.853683
v 0.065923 0.286089 0.899507
v 0.066016 0.345514 0.878391
v 0.133240 0.386463 0.863762
v 0.199878 0.365851 0.868778
v 0.068581 0.038349 0.975620
v 0.067988 0.101786 0.962522
v 0.201616 0.176383 0.930549
v 0.135693 0.139622 0.949840
v 0.203780 0.113948 0.950314
v 0.067407 0.164450 0.946010
v 0.066710 0.224251 0.922586
v 0.393228 0.283640 0.844025
v 0.451877 0.252678 0.825581
v 0.268843 0.341270 0.869269
v 0.332763 0.314366 0.861243
v 0.332672 0.186021 0.899190
v 0.332462 0.249761 0.879989
v 0.268757 0.213984 0.907021
v 0.132920 0.263010 0.905071
v 0.201033 0.238945 0.908218
v 0.200730 0.302653 0.889123
v 0.476658 -0.188191 0.867958
v 0.486217 -0.039137 0.882570
v 0.485054 -0.114033 0.881396
v 0.414678 -0.153265 0.906664
v 0.351051 -0.117359 0.940735
v 0.464152 0.183253 0.845186
v 0.341775 0.114259 0.915879
v 0.404637 0.149553 0.884710
v 0.475165 0.111708 0.863425
v 0.481777 0.038780 0.874509
v 0.138980 0.000000 0.982423
v 0.280598 -0.077927 0.966871
v 0.210551 -0.039219 0.979621
v 0.207751 0.038698 0.966594
v 0.274367 0.076197 0.945401
v 0.417903 0.000000 0.909317
v 0.346852 0.038790 0.930897
v 0.351022 -0.039256 0.942088
v -0.597833 -0.810680 0.109872
v -0.545853 -0.813326 0.244592
v -0.572288 -0.812990 0.177717
v -0.646843 -0.777344 0.152653
v -0.688922 -0.736471 0.193793
v -0.418137 -0.776926 0.505439
v -0.453430 -0.792677 0.443827
v -0.602362 -0.726544 0.400922
v -0.530972 -0.763301 0.424615
v -0.567806 -0.713126 0.463933
v -0.487216 -0.804978 0.379980
v -0.517758 -0.811698 0.314568
v -0.791170 -0.590100 0.312980
v -0.814081 -0.535121 0.348130
v -0.726228 -0.688008 0.235480
v -0.760649 -0.640764 0.274657
v -0.699010 -0.629898 0.409787
v -0.731823 -0.637338 0.343595
v -0.669684 -0.682086 0.372459
v -0.593470 -0.778284 0.290656
v -0.635094 -0.733740 0.333819
v -0.663706 -0.736640 0.264024
v -0.113410 -0.531729 0.838884
v -0.247912 -0.476734 0.826432
v -0.182704 -0.506968 0.837902
v -0.157547 -0.575237 0.804273
v -0.200383 -0.613817 0.763425
v -0.497273 -0.354479 0.766291
v -0.436434 -0.384203 0.781428
v -0.403495 -0.522373 0.733040
v -0.421637 -0.454318 0.759847
v -0.467560 -0.493092 0.720504
v -0.374959 -0.414276 0.796333
v -0.313442 -0.444544 0.810821
v -0.331983 -0.723125 0.627496
v -0.373542 -0.752681 0.575622
v -0.245261 -0.651767 0.718382
v -0.288418 -0.688272 0.674553
v -0.425924 -0.626039 0.656342
v -0.358887 -0.658660 0.667371
v -0.382393 -0.592442 0.702033
v -0.293894 -0.517077 0.788928
v -0.338578 -0.555048 0.746065
v -0.270689 -0.586337 0.757128
v -0.894069 -0.104152 0.568129
v -0.883683 -0.228419 0.511037
v -0.891020 -0.167413 0.540458
v -0.844962 -0.142623 0.605854
v -0.792516 -0.179246 0.638804
v -0.832989 -0.465785 0.386298
v -0.847399 -0.407815 0.417684
v -0.782585 -0.371182 0.559078
v -0.818509 -0.391365 0.490619
v -0.775358 -0.433560 0.531962
v -0.861972 -0.349725 0.449547
v -0.874067 -0.291154 0.480421
v -0.625088 -0.284964 0.722154
v -0.566837 -0.316960 0.743051
v -0.737159 -0.216860 0.670480
v -0.683167 -0.251697 0.698809
v -0.679973 -0.380223 0.650205
v -0.682137 -0.316087 0.674921
v -0.733424 -0.344233 0.620484
v -0.834236 -0.267786 0.548143
v -0.784343 -0.306714 0.584988
v -0.787390 -0.242569 0.611301
v -0.449363 -0.721338 0.554525
v -0.503468 -0.598993 0.639755
v -0.477478 -0.660696 0.598919
v -0.524854 -0.689458 0.533612
v -0.597731 -0.655534 0.511583
v -0.556274 -0.388427 0.725427
v -0.669160 -0.453767 0.628095
v -0.613600 -0.421518 0.678588
v -0.542624 -0.459893 0.702858
v -0.526010 -0.529576 0.675709
v -0.785055 -0.518728 0.421409
v -0.668152 -0.613374 0.483916
v -0.728884 -0.567914 0.453895
v -0.756020 -0.502932 0.495917
v -0.721523 -0.483982 0.566899
v -0.581904 -0.566705 0.622697
v -0.655561 -0.527877 0.598109
v -0.630126 -0.595121 0.557529
v -0.110945 -0.520170 -0.820647
v -0.195924 -0.600156 -0.746435
v -0.153811 -0.561596 -0.785200
v -0.180915 -0.502003 -0.829697
v -0.249430 -0.479652 -0.831491
v -0.368501 -0.742523 -0.567854
v -0.327590 -0.713558 -0.619194
v -0.387472 -0.600312 -0.711359
v -0.358900 -0.658685 -0.667396
v -0.431552 -0.634312 -0.665015
v -0.284265 -0.678363 -0.664841
v -0.241118 -0.640757 -0.706246
v -0.450007 -0.396152 -0.805730
v -0.513996 -0.366400 -0.792060
v -0.320266 -0.454222 -0.828472
v -0.385985 -0.426458 -0.819751
v -0.479107 -0.505269 -0.738296
v -0.432503 -0.466026 -0.779428
v -0.412725 -0.534323 -0.749809
v -0.268611 -0.581837 -0.751317
v -0.341939 -0.560557 -0.753471
v -0.295149 -0.519285 -0.792296
v -0.585685 -0.794206 -0.107640
v -0.670976 -0.717286 -0.188745
v -0.630367 -0.757544 -0.148765
v -0.560560 -0.796330 -0.174075
v -0.533418 -0.794798 -0.239020
v -0.782573 -0.514410 -0.334656
v -0.761820 -0.568209 -0.301370
v -0.647579 -0.659572 -0.360165
v -0.706165 -0.614993 -0.331549
v -0.675894 -0.609067 -0.396236
v -0.736683 -0.620575 -0.266004
v -0.707549 -0.670312 -0.229423
v -0.444616 -0.777267 -0.435199
v -0.412257 -0.766001 -0.498331
v -0.503927 -0.790014 -0.306164
v -0.474650 -0.784218 -0.370180
v -0.551435 -0.692565 -0.450556
v -0.513873 -0.738720 -0.410941
v -0.581988 -0.701970 -0.387361
v -0.643168 -0.713845 -0.255854
v -0.613276 -0.708533 -0.322351
v -0.573869 -0.752580 -0.281056
v -0.871950 -0.101575 -0.554074
v -0.785578 -0.177677 -0.633212
v -0.831484 -0.140348 -0.596190
v -0.869008 -0.163277 -0.527106
v -0.859580 -0.222189 -0.497098
v -0.587541 -0.328538 -0.770192
v -0.644338 -0.293740 -0.744394
v -0.734495 -0.344735 -0.621390
v -0.693113 -0.321173 -0.685780
v -0.688741 -0.385126 -0.658588
v -0.693766 -0.255602 -0.709650
v -0.738080 -0.217131 -0.671318
v -0.818692 -0.394000 -0.403534
v -0.803231 -0.449146 -0.372498
v -0.844952 -0.281455 -0.464418
v -0.831854 -0.337506 -0.433840
v -0.754816 -0.422073 -0.517869
v -0.792872 -0.379106 -0.475252
v -0.768850 -0.364668 -0.549265
v -0.782031 -0.240918 -0.607140
v -0.777213 -0.303925 -0.579670
v -0.819816 -0.263157 -0.538669
v -0.446706 -0.717073 -0.551246
v -0.583511 -0.639939 -0.499413
v -0.518305 -0.680855 -0.526954
v -0.480215 -0.664483 -0.602351
v -0.508774 -0.605305 -0.646497
v -0.756904 -0.500127 -0.406297
v -0.705198 -0.473031 -0.554072
v -0.732228 -0.487104 -0.480310
v -0.706563 -0.550522 -0.439995
v -0.648101 -0.594967 -0.469394
v -0.573032 -0.400129 -0.747281
v -0.532874 -0.536486 -0.684527
v -0.554791 -0.470205 -0.718618
v -0.626926 -0.430672 -0.693325
v -0.669332 -0.453884 -0.628256
v -0.615705 -0.581501 -0.544769
v -0.643850 -0.518447 -0.587424
v -0.578359 -0.563252 -0.618903
v 0.848438 0.000000 -0.634644
v 0.761638 -0.078315 -0.716829
v 0.809391 -0.039716 -0.679811
v 0.808661 0.039680 -0.679197
v 0.763125 0.078468 -0.718228
v 0.533700 -0.220507 -0.822424
v 0.591872 -0.187137 -0.800332
v 0.606550 -0.038857 -0.822090
v 0.601562 -0.113476 -0.814695
v 0.548586 -0.074302 -0.845363
v 0.648520 -0.152170 -0.774577
v 0.703825 -0.116430 -0.747211
v 0.601864 0.190296 -0.813844
v 0.544414 0.224933 -0.838934
v 0.711927 0.117770 -0.755812
v 0.658387 0.154485 -0.786362
v 0.552779 0.074870 -0.851824
v 0.608458 0.114777 -0.824034
v 0.609357 0.039037 -0.825894
v 0.716218 -0.039489 -0.759769
v 0.664442 0.000000 -0.796007
v 0.718585 0.039619 -0.762280
v 0.068513 -0.419456 -0.885243
v 0.069876 -0.303246 -0.953454
v 0.069324 -0.362824 -0.922397
v 0.138126 -0.400637 -0.895440
v 0.207059 -0.378995 -0.899991
v 0.069989 -0.039136 -0.995646
v 0.070516 -0.105572 -0.998324
v 0.209056 -0.182892 -0.964889
v 0.141054 -0.145139 -0.987372
v 0.209405 -0.117094 -0.976546
v 0.070649 -0.172359 -0.991510
v 0.070660 -0.237530 -0.977219
v 0.403545 -0.291081 -0.866169
v 0.463346 -0.259091 -0.846536
v 0.277108 -0.351761 -0.895992
v 0.341199 -0.322335 -0.883075
v 0.339836 -0.190027 -0.918554
v 0.341056 -0.256217 -0.902737
v 0.277074 -0.220606 -0.935088
v 0.140733 -0.278470 -0.958274
v 0.210444 -0.250132 -0.950737
v 0.210290 -0.317068 -0.931470
v 0.068256 0.417882 -0.881921
v 0.204732 0.374737 -0.889880
v 0.136813 0.396828 -0.886928
v 0.068397 0.357972 -0.910064
v 0.068148 0.295748 -0.929877
v 0.472926 0.264448 -0.864039
v 0.410074 0.295791 -0.880184
v 0.274562 0.218606 -0.926611
v 0.343244 0.257861 -0.908528
v 0.340984 0.190669 -0.921656
v 0.343774 0.324768 -0.889740
v 0.275634 0.349890 -0.891226
v 0.068292 0.102242 -0.966836
v 0.069035 0.038603 -0.982074
v 0.068166 0.229147 -0.942732
v 0.067932 0.165731 -0.953382
v 0.203656 0.113879 -0.949735
v 0.136112 0.140054 -0.952778
v 0.203710 0.178216 -0.940216
v 0.206338 0.311109 -0.913965
v 0.205897 0.244727 -0.930194
v 0.136672 0.270434 -0.930620
v 0.472768 -0.186655 -0.860874
v 0.346842 -0.115953 -0.929458
v 0.410615 -0.151763 -0.897781
v 0.480009 -0.112847 -0.872228
v 0.482457 -0.038834 -0.875744
v 0.139278 0.000000 -0.984528
v 0.274623 0.076267 -0.946280
v 0.207490 0.038649 -0.965378
v 0.210470 -0.039204 -0.979242
v 0.278532 -0.077353 -0.959750
v 0.482092 0.190336 -0.877853
v 0.485064 0.039044 -0.880476
v 0.485793 0.114207 -0.882737
v 0.415184 0.153452 -0.907770
v 0.346888 0.115968 -0.929581
v 0.348173 -0.038938 -0.934441
v 0.348193 0.038940 -0.934494
v 0.417215 0.000000 -0.907820
v 0.938873 0.062613 0.445983
v 1.002029 0.063278 0.319495
v 0.972382 0.062972 0.383444
v 0.943834 0.125453 0.423348
v 0.947577 0.187852 0.400034
v 1.064652 0.064488 0.041953
v 1.056886 0.064327 0.112045
v 1.038180 0.193822 0.197278
v 1.052953 0.129616 0.155168
v 1.051083 0.194212 0.126347
v 1.045563 0.064196 0.182211
v 1.027273 0.064005 0.250322
v 0.905703 0.363597 0.305130
v 0.890876 0.420167 0.273345
v 0.940904 0.250747 0.370319
v 0.924740 0.307875 0.338390
v 0.985017 0.314017 0.204288
v 0.958082 0.311898 0.272607
v 1.005037 0.256608 0.237702
v 1.012402 0.128117 0.294937
v 1.015518 0.193691 0.267844
v 0.984776 0.191572 0.336053
v 0.960324 0.064043 -0.456172
v 0.976888 0.193662 -0.412408
v 0.973092 0.129342 -0.436471
v 0.990393 0.064138 -0.390546
v 1.012468 0.063938 -0.322823
v 0.921521 0.434620 -0.282748
v 0.944580 0.379204 -0.318227
v 1.017395 0.259763 -0.240625
v 0.983878 0.320296 -0.279947
v 1.001201 0.319177 -0.207644
v 0.962841 0.320560 -0.352332
v 0.973130 0.259335 -0.383002
v 1.063357 0.064721 -0.112731
v 1.068992 0.064751 -0.042124
v 1.031625 0.064276 -0.251383
v 1.049672 0.064448 -0.182927
v 1.056629 0.195237 -0.127014
v 1.057718 0.130203 -0.155870
v 1.043221 0.194763 -0.198236
v 1.005438 0.195592 -0.343104
v 1.025216 0.195541 -0.270402
v 1.024615 0.129662 -0.298495
v 0.638767 0.735830 0.000000
v 0.734909 0.672840 0.080492
v 0.689067 0.706931 0.040357
v 0.683401 0.701118 -0.040026
v 0.729809 0.668171 -0.079933
v 0.872864 0.488083 0.234617
v 0.846512 0.539431 0.198431
v 0.869493 0.552788 0.041201
v 0.860105 0.547245 0.120101
v 0.902939 0.504900 0.079561
v 0.812951 0.586500 0.160109
v 0.777095 0.630726 0.121390
v 0.857994 0.546748 -0.201122
v 0.890848 0.498139 -0.239451
v 0.778782 0.632095 -0.121654
v 0.820446 0.591908 -0.161585
v 0.910408 0.509076 -0.080219
v 0.868652 0.552683 -0.121295
v 0.873693 0.555458 -0.041400
v 0.781941 0.635159 0.040743
v 0.829748 0.596804 0.000000
v 0.783711 0.636597 -0.040836
v 1.068967 0.130305 0.000000
v 1.043677 0.260992 -0.084328
v 1.062472 0.196772 -0.042643
v 1.058403 0.196018 0.042479
v 1.032888 0.258294 0.083456
v 0.937427 0.443599 -0.203763
v 0.947837 0.449946 -0.042137
v 0.946549 0.448857 -0.122769
v 0.975290 0.384364 -0.165279
v 1.012790 0.325662 -0.126665
v 0.916047 0.433482 0.199115
v 0.997111 0.320620 0.124704
v 0.958225 0.377639 0.162387
v 0.932725 0.442301 0.120976
v 0.941818 0.447089 0.041869
v 1.013508 0.325398 -0.042338
v 0.976027 0.386515 0.000000
v 1.004526 0.322514 0.041963
f 1 643 645
f 163 644 643
f 165 645 644
f 643 644 645
f 43 646 648
f 164 647 646
f 163 648 647
f 646 647 648
f 45 649 651
f 165 650 649
f 164 651 650
f 649 650 651
f 163 647 644
f 164 650 647
f 165 644 650
f 647 650 644
f 13 652 654
f 166 653 652
f 168 654 653
f 652 653 654
f 44 655 657
f 167 656 655
f 166 657 656
f 655 656 657
f 43 658 660
f 168 659 658
f 167 660 659
f 658 659 660
f 166 656 653
f 167 659 656
f 168 653 659
f 656 659 653
f 15 661 663
f 169 662 661
f 171 663 662
f 661 662 663
f 45 664 666
f 170 665 664
f 169 666 665
f 664 665 666
f 44 667 669
f 171 668 667
f 170 669 668
f 667 668 669
f 169 665 662
f 170 668 665
f 171 662 668
f 665 668 662
f 43 660 646
f 167 670 660
f 164 646 670
f 660 670 646
f 44 669 655
f 170 671 669
f 167 655 671
f 669 671 655
f 45 651 664
f 164 672 651
f 170 664 672
f 651 672 664
f 167 671 670
f 170 672 671
f 164 670 672
f 671 672 670
f 12 673 675
f 172 674 673
f 174 675 674
f 673 674 675
f 46 676 678
f 173 677 676
f 172 678 677
f 676 677 678
f 48 679 681
f 174 680 679
f 173 681 680
f 679 680 681
f 172 677 674
f 173 680 677
f 174 674 680
f 677 680 674
f 14 682 684
f 175 683 682
f 177 684 683
f 682 683 684
f 47 685 687
f 176 686 685
f 175 687 686
f 685 686 687
f 46 688 690
f 177 689 688
f 176 690 689
f 688 689 690
f 175 686 683
f 176 689 686
f 177 683 689
f 686 689 683
f 13 691 693
f 178 692 691
f 180 693 692
f 691 692 693
f 48 694 696
f 179 695 694
f 178 696 695
f 694 695 696
f 47 697 699
f 180 698 697
f 179 699 698
f 697 698 699
f 178 695 692
f 179 698 695
f 180 692 698
f 695 698 692
f 46 690 676
f 176 700 690
f 173 676 700
f 690 700 676
f 47 699 685
f 179 701 699
f 176 685 701
f 699 701 685
f 48 681 694
f 173 702 681
f 179 694 702
f 681 702 694
f 176 701 700
f 179 702 701
f 173 700 702
f 701 702 700
f 6 703 705
f 181 704 703
f 183 705 704
f 703 704 705
f 49 706 708
f 182 707 706
f 181 708 707
f 706 707 708
f 51 709 711
f 183 710 709
f 182 711 710
f 709 710 711
f 181 707 704
f 182 710 707
f 183 704 710
f 707 710 704
f 15 712 714
f 184 713 712
f 186 714 713
f 712 713 714
f 50 715 717
f 185 716 715
f 184 717 716
f 715 716 717
f 49 718 720
f 186 719 718
f 185 720 719
f 718 719 720
f 184 716 713
f 185 719 716
f 186 713 719
f 716 719 713
f 14 721 723
f 187 722 721
f 189 723 722
f 721 722 723
f 51 724 726
f 188 725 724
f 187 726 725
f 724 725 726
f 50 727 729
f 189 728 727
f 188 729 728
f 727 728 729
f 187 725 722
f 188 728 725
f 189 722 728
f 725 728 722
f 49 720 706
f 185 730 720
f 182 706 730
f 720 730 706
f 50 729 715
f 188 731 729
f 185 715 731
f 729 731 715
f 51 711 724
f 182 732 711
f 188 724 732
f 711 732 724
f 185 731 730
f 188 732 731
f 182 730 732
f 731 732 730
f 13 693 652
f 180 733 693
f 166 652 733
f 693 733 652
f 47 734 697
f 190 735 734
f 180 697 735
f 734 735 697
f 44 657 737
f 166 736 657
f 190 737 736
f 657 736 737
f 180 735 733
f 190 736 735
f 166 733 736
f 735 736 733
f 14 723 682
f 189 738 723
f 175 682 738
f 723 738 682
f 50 739 727
f 191 740 739
f 189 727 740
f 739 740 727
f 47 687 742
f 175 741 687
f 191 742 741
f 687 741 742
f 189 740 738
f 191 741 740
f 175 738 741
f 740 741 738
f 15 663 712
f 171 743 663
f 184 712 743
f 663 743 712
f 44 744 667
f 192 745 744
f 171 667 745
f 744 745 667
f 50 717 747
f 184 746 717
f 192 747 746
f 717 746 747
f 171 745 743
f 192 746 745
f 184 743 746
f 745 746 743
f 47 742 734
f 191 748 742
f 190 734 748
f 742 748 734
f 50 747 739
f 192 749 747
f 191 739 749
f 747 749 739
f 44 737 744
f 190 750 737
f 192 744 750
f 737 750 744
f 191 749 748
f 192 750 749
f 190 748 750
f 749 750 748
f 1 645 752
f 165 751 645
f 194 752 751
f 645 751 752
f 45 753 649
f 193 754 753
f 165 649 754
f 753 754 649
f 53 755 757
f 194 756 755
f 193 757 756
f 755 756 757
f 165 754 751
f 193 756 754
f 194 751 756
f 754 756 751
f 15 758 661
f 195 759 758
f 169 661 759
f 758 759 661
f 52 760 762
f 196 761 760
f 195 762 761
f 760 761 762
f 45 666 764
f 169 763 666
f 196 764 763
f 666 763 764
f 195 761 759
f 196 763 761
f 169 759 763
f 761 763 759
f 17 765 767
f 197 766 765
f 199 767 766
f 765 766 767
f 53 768 770
f 198 769 768
f 197 770 769
f 768 769 770
f 52 771 773
f 199 772 771
f 198 773 772
f 771 772 773
f 197 769 766
f 198 772 769
f 199 766 772
f 769 772 766
f 45 764 753
f 196 774 764
f 193 753 774
f 764 774 753
f 52 773 760
f 198 775 773
f 196 760 775
f 773 775 760
f 53 757 768
f 193 776 757
f 198 768 776
f 757 776 768
f 196 775 774
f 198 776 775
f 193 774 776
f 775 776 774
f 6 777 703
f 200 778 777
f 181 703 778
f 777 778 703
f 54 779 781
f 201 780 779
f 200 781 780
f 779 780 781
f 49 708 783
f 181 782 708
f 201 783 782
f 708 782 783
f 200 780 778
f 201 782 780
f 181 778 782
f 780 782 778
f 16 784 786
f 202 785 784
f 204 786 785
f 784 785 786
f 55 787 789
f 203 788 787
f 202 789 788
f 787 788 789
f 54 790 792
f 204 791 790
f 203 792 791
f 790 791 792
f 202 788 785
f 203 791 788
f 204 785 791
f 788 791 785
f 15 714 794
f 186 793 714
f 206 794 793
f 714 793 794
f 49 795 718
f 205 796 795
f 186 718 796
f 795 796 718
f 55 797 799
f 206 798 797
f 205 799 798
f 797 798 799
f 186 796 793
f 205 798 796
f 206 793 798
f 796 798 793
f 54 792 779
f 203 800 792
f 201 779 800
f 792 800 779
f 55 799 787
f 205 801 799
f 203 787 801
f 799 801 787
f 49 783 795
f 201 802 783
f 205 795 802
f 783 802 795
f 203 801 800
f 205 802 801
f 201 800 802
f 801 802 800
f 2 803 805
f 207 804 803
f 209 805 804
f 803 804 805
f 56 806 808
f 208 807 806
f 207 808 807
f 806 807 808
f 58 809 811
f 209 810 809
f 208 811 810
f 809 810 811
f 207 807 804
f 208 810 807
f 209 804 810
f 807 810 804
f 17 812 814
f 210 813 812
f 212 814 813
f 812 813 814
f 57 815 817
f 211 816 815
f 210 817 816
f 815 816 817
f 56 818 820
f 212 819 818
f 211 820 819
f 818 819 820
f 210 816 813
f 211 819 816
f 212 813 819
f 816 819 813
f 16 821 823
f 213 822 821
f 215 823 822
f 821 822 823
f 58 824 826
f 214 825 824
f 213 826 825
f 824 825 826
f 57 827 829
f 215 828 827
f 214 829 828
f 827 828 829
f 213 825 822
f 214 828 825
f 215 822 828
f 825 828 822
f 56 820 806
f 211 830 820
f 208 806 830
f 820 830 806
f 57 829 815
f 214 831 829
f 211 815 831
f 829 831 815
f 58 811 824
f 208 832 811
f 214 824 832
f 811 832 824
f 211 831 830
f 214 832 831
f 208 830 832
f 831 832 830
f 15 794 758
f 206 833 794
f 195 758 833
f 794 833 758
f 55 834 797
f 216 835 834
f 206 797 835
f 834 835 797
f 52 762 837
f 195 836 762
f 216 837 836
f 762 836 837
f 206 835 833
f 216 836 835
f 195 833 836
f 835 836 833
f 16 823 784
f 215 838 823
f 202 784 838
f 823 838 784
f 57 839 827
f 217 840 839
f 215 827 840
f 839 840 827
f 55 789 842
f 202 841 789
f 217 842 841
f 789 841 842
f 215 840 838
f 217 841 840
f 202 838 841
f 840 841 838
f 17 767 812
f 199 843 767
f 210 812 843
f 767 843 812
f 52 844 771
f 218 845 844
f 199 771 845
f 844 845 771
f 57 817 847
f 210 846 817
f 218 847 846
f 817 846 847
f 199 845 843
f 218 846 845
f 210 843 846
f 845 846 843
f 55 842 834
f 217 848 842
f 216 834 848
f 842 848 834
f 57 847 839
f 218 849 847
f 217 839 849
f 847 849 839
f 52 837 844
f 216 850 837
f 218 844 850
f 837 850 844
f 217 849 848
f 218 850 849
f 216 848 850
f 849 850 848
f 1 752 852
f 194 851 752
f 220 852 851
f 752 851 852
f 53 853 755
f 219 854 853
f 194 755 854
f 853 854 755
f 60 855 857
f 220 856 855
f 219 857 856
f 855 856 857
f 194 854 851
f 219 856 854
f 220 851 856
f 854 856 851
f 17 858 765
f 221 859 858
f 197 765 859
f 858 859 765
f 59 860 862
f 222 861 860
f 221 862 861
f 860 861 862
f 53 770 864
f 197 863 770
f 222 864 863
f 770 863 864
f 221 861 859
f 222 863 861
f 197 859 863
f 861 863 859
f 19 865 867
f 223 866 865
f 225 867 866
f 865 866 867
f 60 868 870
f 224 869 868
f 223 870 869
f 868 869 870
f 59 871 873
f 225 872 871
f 224 873 872
f 871 872 873
f 223 869 866
f 224 872 869
f 225 866 872
f 869 872 866
f 53 864 853
f 222 874 864
f 219 853 874
f 864 874 853
f 59 873 860
f 224 875 873
f 222 860 875
f 873 875 860
f 60 857 868
f 219 876 857
f 224 868 876
f 857 876 868
f 222 875 874
f 224 876 875
f 219 874 876
f 875 876 874
f 2 877 803
f 226 878 877
f 207 803 878
f 877 878 803
f 61 879 881
f 227 880 879
f 226 881 880
f 879 880 881
f 56 808 883
f 207 882 808
f 227 883 882
f 808 882 883
f 226 880 878
f 227 882 880
f 207 878 882
f 880 882 878
f 18 884 886
f 228 885 884
f 230 886 885
f 884 885 886
f 62 887 889
f 229 888 887
f 228 889 888
f 887 888 889
f 61 890 892
f 230 891 890
f 229 892 891
f 890 891 892
f 228 888 885
f 229 891 888
f 230 885 891
f 888 891 885
f 17 814 894
f 212 893 814
f 232 894 893
f 814 893 894
f 56 895 818
f 231 896 895
f 212 818 896
f 895 896 818
f 62 897 899
f 232 898 897
f 231 899 898
f 897 898 899
f 212 896 893
f 231 898 896
f 232 893 898
f 896 898 893
f 61 892 879
f 229 900 892
f 227 879 900
f 892 900 879
f 62 899 887
f 231 901 899
f 229 887 901
f 899 901 887
f 56 883 895
f 227 902 883
f 231 895 902
f 883 902 895
f 229 901 900
f 231 902 901
f 227 900 902
f 901 902 900
f 8 903 905
f 233 904 903
f 235 905 904
f 903 904 905
f 63 906 908
f 234 907 906
f 233 908 907
f 906 907 908
f 65 909 911
f 235 910 909
f 234 911 910
f 909 910 911
f 233 907 904
f 234 910 907
f 235 904 910
f 907 910 904
f 19 912 914
f 236 913 912
f 238 914 913
f 912 913 914
f 64 915 917
f 237 916 915
f 236 917 916
f 915 916 917
f 63 918 920
f 238 919 918
f 237 920 919
f 918 919 920
f 236 916 913
f 237 919 916
f 238 913 919
f 916 919 913
f 18 921 923
f 239 922 921
f 241 923 922
f 921 922 923
f 65 924 926
f 240 925 924
f 239 926 925
f 924 925 926
f 64 927 929
f 241 928 927
f 240 929 928
f 927 928 929
f 239 925 922
f 240 928 925
f 241 922 928
f 925 928 922
f 63 920 906
f 237 930 920
f 234 906 930
f 920 930 906
f 64 929 915
f 240 931 929
f 237 915 931
f 929 931 915
f 65 911 924
f 234 932 911
f 240 924 932
f 911 932 924
f 237 931 930
f 240 932 931
f 234 930 932
f 931 932 930
f 17 894 858
f 232 933 894
f 221 858 933
f 894 933 858
f 62 934 897
f 242 935 934
f 232 897 935
f 934 935 897
f 59 862 937
f 221 936 862
f 242 937 936
f 862 936 937
f 232 935 933
f 242 936 935
f 221 933 936
f 935 936 933
f 18 923 884
f 241 938 923
f 228 884 938
f 923 938 884
f 64 939 927
f 243 940 939
f 241 927 940
f 939 940 927
f 62 889 942
f 228 941 889
f 243 942 941
f 889 941 942
f 241 940 938
f 243 941 940
f 228 938 941
f 940 941 938
f 19 867 912
f 225 943 867
f 236 912 943
f 867 943 912
f 59 944 871
f 244 945 944
f 225 871 945
f 944 945 871
f 64 917 947
f 236 946 917
f 244 947 946
f 917 946 947
f 225 945 943
f 244 946 945
f 236 943 946
f 945 946 943
f 62 942 934
f 243 948 942
f 242 934 948
f 942 948 934
f 64 947 939
f 244 949 947
f 243 939 949
f 947 949 939
f 59 937 944
f 242 950 937
f 244 944 950
f 937 950 944
f 243 949 948
f 244 950 949
f 242 948 950
f 949 950 948
f 1 852 952
f 220 951 852
f 246 952 951
f 852 951 952
f 60 953 855
f 245 954 953
f 220 855 954
f 953 954 855
f 67 955 957
f 246 956 955
f 245 957 956
f 955 956 957
f 220 954 951
f 245 956 954
f 246 951 956
f 954 956 951
f 19 958 865
f 247 959 958
f 223 865 959
f 958 959 865
f 66 960 962
f 248 961 960
f 247 962 961
f 960 961 962
f 60 870 964
f 223 963 870
f 248 964 963
f 870 963 964
f 247 961 959
f 248 963 961
f 223 959 963
f 961 963 959
f 21 965 967
f 249 966 965
f 251 967 966
f 965 966 967
f 67 968 970
f 250 969 968
f 249 970 969
f 968 969 970
f 66 971 973
f 251 972 971
f 250 973 972
f 971 972 973
f 249 969 966
f 250 972 969
f 251 966 972
f 969 972 966
f 60 964 953
f 248 974 964
f 245 953 974
f 964 974 953
f 66 973 960
f 250 975 973
f 248 960 975
f 973 975 960
f 67 957 968
f 245 976 957
f 250 968 976
f 957 976 968
f 248 975 974
f 250 976 975
f 245 974 976
f 975 976 974
f 8 977 903
f 252 978 977
f 233 903 978
f 977 978 903
f 68 979 981
f 253 980 979
f 252 981 980
f 979 980 981
f 63 908 983
f 233 982 908
f 253 983 982
f 908 982 983
f 252 980 978
f 253 982 980
f 233 978 982
f 980 982 978
f 20 984 986
f 254 985 984
f 256 986 985
f 984 985 986
f 69 987 989
f 255 988 987
f 254 989 988
f 987 988 989
f 68 990 992
f 256 991 990
f 255 992 991
f 990 991 992
f 254 988 985
f 255 991 988
f 256 985 991
f 988 991 985
f 19 914 994
f 238 993 914
f 258 994 993
f 914 993 994
f 63 995 918
f 257 996 995
f 238 918 996
f 995 996 918
f 69 997 999
f 258 998 997
f 257 999 998
f 997 998 999
f 238 996 993
f 257 998 996
f 258 993 998
f 996 998 993
f 68 992 979
f 255 1000 992
f 253 979 1000
f 992 1000 979
f 69 999 987
f 257 1001 999
f 255 987 1001
f 999 1001 987
f 63 983 995
f 253 1002 983
f 257 995 1002
f 983 1002 995
f 255 1001 1000
f 257 1002 1001
f 253 1000 1002
f 1001 1002 1000
f 11 1003 1005
f 259 1004 1003
f 261 1005 1004
f 1003 1004 1005
f 70 1006 1008
f 260 1007 1006
f 259 1008 1007
f 1006 1007 1008
f 72 1009 1011
f 261 1010 1009
f 260 1011 1010
f 1009 1010 1011
f 259 1007 1004
f 260 1010 1007
f 261 1004 1010
f 1007 1010 1004
f 21 1012 1014
f 262 1013 1012
f 264 1014 1013
f 1012 1013 1014
f 71 1015 1017
f 263 1016 1015
f 262 1017 1016
f 1015 1016 1017
f 70 1018 1020
f 264 1019 1018
f 263 1020 1019
f 1018 1019 1020
f 262 1016 1013
f 263 1019 1016
f 264 1013 1019
f 1016 1019 1013
f 20 1021 1023
f 265 1022 1021
f 267 1023 1022
f 1021 1022 1023
f 72 1024 1026
f 266 1025 1024
f 265 1026 1025
f 1024 1025 1026
f 71 1027 1029
f 267 1028 1027
f 266 1029 1028
f 1027 1028 1029
f 265 1025 1022
f 266 1028 1025
f 267 1022 1028
f 1025 1028 1022
f 70 1020 1006
f 263 1030 1020
f 260 1006 1030
f 1020 1030 1006
f 71 1029 1015
f 266 1031 1029
f 263 1015 1031
f 1029 1031 1015
f 72 1011 1024
f 260 1032 1011
f 266 1024 1032
f 1011 1032 1024
f 263 1031 1030
f 266 1032 1031
f 260 1030 1032
f 1031 1032 1030
f 19 994 958
f 258 1033 994
f 247 958 1033
f 994 1033 958
f 69 1034 997
f 268 1035 1034
f 258 997 1035
f 1034 1035 997
f 66 962 1037
f 247 1036 962
f 268 1037 1036
f 962 1036 1037
f 258 1035 1033
f 268 1036 1035
f 247 1033 1036
f 1035 1036 1033
f 20 1023 984
f 267 1038 1023
f 254 984 1038
f 1023 1038 984
f 71 1039 1027
f 269 1040 1039
f 267 1027 1040
f 1039 1040 1027
f 69 989 1042
f 254 1041 989
f 269 1042 1041
f 989 1041 1042
f 267 1040 1038
f 269 1041 1040
f 254 1038 1041
f 1040 1041 1038
f 21 967 1012
f 251 1043 967
f 262 1012 1043
f 967 1043 1012
f 66 1044 971
f 270 1045 1044
f 251 971 1045
f 1044 1045 971
f 71 1017 1047
f 262 1046 1017
f 270 1047 1046
f 1017 1046 1047
f 251 1045 1043
f 270 1046 1045
f 262 1043 1046
f 1045 1046 1043
f 69 1042 1034
f 269 1048 1042
f 268 1034 1048
f 1042 1048 1034
f 71 1047 1039
f 270 1049 1047
f 269 1039 1049
f 1047 1049 1039
f 66 1037 1044
f 268 1050 1037
f 270 1044 1050
f 1037 1050 1044
f 269 1049 1048
f 270 1050 1049
f 268 1048 1050
f 1049 1050 1048
f 1 952 643
f 246 1051 952
f 163 643 1051
f 952 1051 643
f 67 1052 955
f 271 1053 1052
f 246 955 1053
f 1052 1053 955
f 43 648 1055
f 163 1054 648
f 271 1055 1054
f 648 1054 1055
f 246 1053 1051
f 271 1054 1053
f 163 1051 1054
f 1053 1054 1051
f 21 1056 965
f 272 1057 1056
f 249 965 1057
f 1056 1057 965
f 73 1058 1060
f 273 1059 1058
f 272 1060 1059
f 1058 1059 1060
f 67 970 1062
f 249 1061 970
f 273 1062 1061
f 970 1061 1062
f 272 1059 1057
f 273 1061 1059
f 249 1057 1061
f 1059 1061 1057
f 13 654 1064
f 168 1063 654
f 275 1064 1063
f 654 1063 1064
f 43 1065 658
f 274 1066 1065
f 168 658 1066
f 1065 1066 658
f 73 1067 1069
f 275 1068 1067
f 274 1069 1068
f 1067 1068 1069
f 168 1066 1063
f 274 1068 1066
f 275 1063 1068
f 1066 1068 1063
f 67 1062 1052
f 273 1070 1062
f 271 1052 1070
f 1062 1070 1052
f 73 1069 1058
f 274 1071 1069
f 273 1058 1071
f 1069 1071 1058
f 43 1055 1065
f 271 1072 1055
f 274 1065 1072
f 1055 1072 1065
f 273 1071 1070
f 274 1072 1071
f 271 1070 1072
f 1071 1072 1070
f 11 1073 1003
f 276 1074 1073
f 259 1003 1074
f 1073 1074 1003
f 74 1075 1077
f 277 1076 1075
f 276 1077 1076
f 1075 1076 1077
f 70 1008 1079
f 259 1078 1008
f 277 1079 1078
f 1008 1078 1079
f 276 1076 1074
f 277 1078 1076
f 259 1074 1078
f 1076 1078 1074
f 22 1080 1082
f 278 1081 1080
f 280 1082 1081
f 1080 1081 1082
f 75 1083 1085
f 279 1084 1083
f 278 1085 1084
f 1083 1084 1085
f 74 1086 1088
f 280 1087 1086
f 279 1088 1087
f 1086 1087 1088
f 278 1084 1081
f 279 1087 1084
f 280 1081 1087
f 1084 1087 1081
f 21 1014 1090
f 264 1089 1014
f 282 1090 1089
f 1014 1089 1090
f 70 1091 1018
f 281 1092 1091
f 264 1018 1092
f 1091 1092 1018
f 75 1093 1095
f 282 1094 1093
f 281 1095 1094
f 1093 1094 1095
f 264 1092 1089
f 281 1094 1092
f 282 1089 1094
f 1092 1094 1089
f 74 1088 1075
f 279 1096 1088
f 277 1075 1096
f 1088 1096 1075
f 75 1095 1083
f 281 1097 1095
f 279 1083 1097
f 1095 1097 1083
f 70 1079 1091
f 277 1098 1079
f 281 1091 1098
f 1079 1098 1091
f 279 1097 1096
f 281 1098 1097
f 277 1096 1098
f 1097 1098 1096
f 12 675 1100
f 174 1099 675
f 284 1100 1099
f 675 1099 1100
f 48 1101 679
f 283 1102 1101
f 174 679 1102
f 1101 1102 679
f 77 1103 1105
f 284 1104 1103
f 283 1105 1104
f 1103 1104 1105
f 174 1102 1099
f 283 1104 1102
f 284 1099 1104
f 1102 1104 1099
f 13 1106 691
f 285 1107 1106
f 178 691 1107
f 1106 1107 691
f 76 1108 1110
f 286 1109 1108
f 285 1110 1109
f 1108 1109 1110
f 48 696 1112
f 178 1111 696
f 286 1112 1111
f 696 1111 1112
f 285 1109 1107
f 286 1111 1109
f 178 1107 1111
f 1109 1111 1107
f 22 1113 1115
f 287 1114 1113
f 289 1115 1114
f 1113 1114 1115
f 77 1116 1118
f 288 1117 1116
f 287 1118 1117
f 1116 1117 1118
f 76 1119 1121
f 289 1120 1119
f 288 1121 1120
f 1119 1120 1121
f 287 1117 1114
f 288 1120 1117
f 289 1114 1120
f 1117 1120 1114
f 48 1112 1101
f 286 1122 1112
f 283 1101 1122
f 1112 1122 1101
f 76 1121 1108
f 288 1123 1121
f 286 1108 1123
f 1121 1123 1108
f 77 1105 1116
f 283 1124 1105
f 288 1116 1124
f 1105 1124 1116
f 286 1123 1122
f 288 1124 1123
f 283 1122 1124
f 1123 1124 1122
f 21 1090 1056
f 282 1125 1090
f 272 1056 1125
f 1090 1125 1056
f 75 1126 1093
f 290 1127 1126
f 282 1093 1127
f 1126 1127 1093
f 73 1060 1129
f 272 1128 1060
f 290 1129 1128
f 1060 1128 1129
f 282 1127 1125
f 290 1128 1127
f 272 1125 1128
f 1127 1128 1125
f 22 1115 1080
f 289 1130 1115
f 278 1080 1130
f 1115 1130 1080
f 76 1131 1119
f 291 1132 1131
f 289 1119 1132
f 1131 1132 1119
f 75 1085 1134
f 278 1133 1085
f 291 1134 1133
f 1085 1133 1134
f 289 1132 1130
f 291 1133 1132
f 278 1130 1133
f 1132 1133 1130
f 13 1064 1106
f 275 1135 1064
f 285 1106 1135
f 1064 1135 1106
f 73 1136 1067
f 292 1137 1136
f 275 1067 1137
f 1136 1137 1067
f 76 1110 1139
f 285 1138 1110
f 292 1139 1138
f 1110 1138 1139
f 275 1137 1135
f 292 1138 1137
f 285 1135 1138
f 1137 1138 1135
f 75 1134 1126
f 291 1140 1134
f 290 1126 1140
f 1134 1140 1126
f 76 1139 1131
f 292 1141 1139
f 291 1131 1141
f 1139 1141 1131
f 73 1129 1136
f 290 1142 1129
f 292 1136 1142
f 1129 1142 1136
f 291 1141 1140
f 292 1142 1141
f 290 1140 1142
f 1141 1142 1140
f 2 805 1144
f 209 1143 805
f 294 1144 1143
f 805 1143 1144
f 58 1145 809
f 293 1146 1145
f 209 809 1146
f 1145 1146 809
f 79 1147 1149
f 294 1148 1147
f 293 1149 1148
f 1147 1148 1149
f 209 1146 1143
f 293 1148 1146
f 294 1143 1148
f 1146 1148 1143
f 16 1150 821
f 295 1151 1150
f 213 821 1151
f 1150 1151 821
f 78 1152 1154
f 296 1153 1152
f 295 1154 1153
f 1152 1153 1154
f 58 826 1156
f 213 1155 826
f 296 1156 1155
f 826 1155 1156
f 295 1153 1151
f 296 1155 1153
f 213 1151 1155
f 1153 1155 1151
f 24 1157 1159
f 297 1158 1157
f 299 1159 1158
f 1157 1158 1159
f 79 1160 1162
f 298 1161 1160
f 297 1162 1161
f 1160 1161 1162
f 78 1163 1165
f 299 1164 1163
f 298 1165 1164
f 1163 1164 1165
f 297 1161 1158
f 298 1164 1161
f 299 1158 1164
f 1161 1164 1158
f 58 1156 1145
f 296 1166 1156
f 293 1145 1166
f 1156 1166 1145
f 78 1165 1152
f 298 1167 1165
f 296 1152 1167
f 1165 1167 1152
f 79 1149 1160
f 293 1168 1149
f 298 1160 1168
f 1149 1168 1160
f 296 1167 1166
f 298 1168 1167
f 293 1166 1168
f 1167 1168 1166
f 6 1169 777
f 300 1170 1169
f 200 777 1170
f 1169 1170 777
f 80 1171 1173
f 301 1172 1171
f 300 1173 1172
f 1171 1172 1173
f 54 781 1175
f 200 1174 781
f 301 1175 1174
f 781 1174 1175
f 300 1172 1170
f 301 1174 1172
f 200 1170 1174
f 1172 1174 1170
f 23 1176 1178
f 302 1177 1176
f 304 1178 1177
f 1176 1177 1178
f 81 1179 1181
f 303 1180 1179
f 302 1181 1180
f 1179 1180 1181
f 80 1182 1184
f 304 1183 1182
f 303 1184 1183
f 1182 1183 1184
f 302 1180 1177
f 303 1183 1180
f 304 1177 1183
f 1180 1183 1177
f 16 786 1186
f 204 1185 786
f 306 1186 1185
f 786 1185 1186
f 54 1187 790
f 305 1188 1187
f 204 790 1188
f 1187 1188 790
f 81 1189 1191
f 306 1190 1189
f 305 1191 1190
f 1189 1190 1191
f 204 1188 1185
f 305 1190 1188
f 306 1185 1190
f 1188 1190 1185
f 80 1184 1171
f 303 1192 1184
f 301 1171 1192
f 1184 1192 1171
f 81 1191 1179
f 305 1193 1191
f 303 1179 1193
f 1191 1193 1179
f 54 1175 1187
f 301 1194 1175
f 305 1187 1194
f 1175 1194 1187
f 303 1193 1192
f 305 1194 1193
f 301 1192 1194
f 1193 1194 1192
f 10 1195 1197
f 307 1196 1195
f 309 1197 1196
f 1195 1196 1197
f 82 1198 1200
f 308 1199 1198
f 307 1200 1199
f 1198 1199 1200
f 84 1201 1203
f 309 1202 1201
f 308 1203 1202
f 1201 1202 1203
f 307 1199 1196
f 308 1202 1199
f 309 1196 1202
f 1199 1202 1196
f 24 1204 1206
f 310 1205 1204
f 312 1206 1205
f 1204 1205 1206
f 83 1207 1209
f 311 1208 1207
f 310 1209 1208
f 1207 1208 1209
f 82 1210 1212
f 312 1211 1210
f 311 1212 1211
f 1210 1211 1212
f 310 1208 1205
f 311 1211 1208
f 312 1205 1211
f 1208 1211 1205
f 23 1213 1215
f 313 1214 1213
f 315 1215 1214
f 1213 1214 1215
f 84 1216 1218
f 314 1217 1216
f 313 1218 1217
f 1216 1217 1218
f 83 1219 1221
f 315 1220 1219
f 314 1221 1220
f 1219 1220 1221
f 313 1217 1214
f 314 1220 1217
f 315 1214 1220
f 1217 1220 1214
f 82 1212 1198
f 311 1222 1212
f 308 1198 1222
f 1212 1222 1198
f 83 1221 1207
f 314 1223 1221
f 311 1207 1223
f 1221 1223 1207
f 84 1203 1216
f 308 1224 1203
f 314 1216 1224
f 1203 1224 1216
f 311 1223 1222
f 314 1224 1223
f 308 1222 1224
f 1223 1224 1222
f 16 1186 1150
f 306 1225 1186
f 295 1150 1225
f 1186 1225 1150
f 81 1226 1189
f 316 1227 1226
f 306 1189 1227
f 1226 1227 1189
f 78 1154 1229
f 295 1228 1154
f 316 1229 1228
f 1154 1228 1229
f 306 1227 1225
f 316 1228 1227
f 295 1225 1228
f 1227 1228 1225
f 23 1215 1176
f 315 1230 1215
f 302 1176 1230
f 1215 1230 1176
f 83 1231 1219
f 317 1232 1231
f 315 1219 1232
f 1231 1232 1219
f 81 1181 1234
f 302 1233 1181
f 317 1234 1233
f 1181 1233 1234
f 315 1232 1230
f 317 1233 1232
f 302 1230 1233
f 1232 1233 1230
f 24 1159 1204
f 299 1235 1159
f 310 1204 1235
f 1159 1235 1204
f 78 1236 1163
f 318 1237 1236
f 299 1163 1237
f 1236 1237 1163
f 83 1209 1239
f 310 1238 1209
f 318 1239 1238
f 1209 1238 1239
f 299 1237 1235
f 318 1238 1237
f 310 1235 1238
f 1237 1238 1235
f 81 1234 1226
f 317 1240 1234
f 316 1226 1240
f 1234 1240 1226
f 83 1239 1231
f 318 1241 1239
f 317 1231 1241
f 1239 1241 1231
f 78 1229 1236
f 316 1242 1229
f 318 1236 1242
f 1229 1242 1236
f 317 1241 1240
f 318 1242 1241
f 316 1240 1242
f 1241 1242 1240
f 6 705 1244
f 183 1243 705
f 320 1244 1243
f 705 1243 1244
f 51 1245 709
f 319 1246 1245
f 183 709 1246
f 1245 1246 709
f 86 1247 1249
f 320 1248 1247
f 319 1249 1248
f 1247 1248 1249
f 183 1246 1243
f 319 1248 1246
f 320 1243 1248
f 1246 1248 1243
f 14 1250 721
f 321 1251 1250
f 187 721 1251
f 1250 1251 721
f 85 1252 1254
f 322 1253 1252
f 321 1254 1253
f 1252 1253 1254
f 51 726 1256
f 187 1255 726
f 322 1256 1255
f 726 1255 1256
f 321 1253 1251
f 322 1255 1253
f 187 1251 1255
f 1253 1255 1251
f 26 1257 1259
f 323 1258 1257
f 325 1259 1258
f 1257 1258 1259
f 86 1260 1262
f 324 1261 1260
f 323 1262 1261
f 1260 1261 1262
f 85 1263 1265
f 325 1264 1263
f 324 1265 1264
f 1263 1264 1265
f 323 1261 1258
f 324 1264 1261
f 325 1258 1264
f 1261 1264 1258
f 51 1256 1245
f 322 1266 1256
f 319 1245 1266
f 1256 1266 1245
f 85 1265 1252
f 324 1267 1265
f 322 1252 1267
f 1265 1267 1252
f 86 1249 1260
f 319 1268 1249
f 324 1260 1268
f 1249 1268 1260
f 322 1267 1266
f 324 1268 1267
f 319 1266 1268
f 1267 1268 1266
f 12 1269 673
f 326 1270 1269
f 172 673 1270
f 1269 1270 673
f 87 1271 1273
f 327 1272 1271
f 326 1273 1272
f 1271 1272 1273
f 46 678 1275
f 172 1274 678
f 327 1275 1274
f 678 1274 1275
f 326 1272 1270
f 327 1274 1272
f 172 1270 1274
f 1272 1274 1270
f 25 1276 1278
f 328 1277 1276
f 330 1278 1277
f 1276 1277 1278
f 88 1279 1281
f 329 1280 1279
f 328 1281 1280
f 1279 1280 1281
f 87 1282 1284
f 330 1283 1282
f 329 1284 1283
f 1282 1283 1284
f 328 1280 1277
f 329 1283 1280
f 330 1277 1283
f 1280 1283 1277
f 14 684 1286
f 177 1285 684
f 332 1286 1285
f 684 1285 1286
f 46 1287 688
f 331 1288 1287
f 177 688 1288
f 1287 1288 688
f 88 1289 1291
f 332 1290 1289
f 331 1291 1290
f 1289 1290 1291
f 177 1288 1285
f 331 1290 1288
f 332 1285 1290
f 1288 1290 1285
f 87 1284 1271
f 329 1292 1284
f 327 1271 1292
f 1284 1292 1271
f 88 1291 1279
f 331 1293 1291
f 329 1279 1293
f 1291 1293 1279
f 46 1275 1287
f 327 1294 1275
f 331 1287 1294
f 1275 1294 1287
f 329 1293 1292
f 331 1294 1293
f 327 1292 1294
f 1293 1294 1292
f 5 1295 1297
f 333 1296 1295
f 335 1297 1296
f 1295 1296 1297
f 89 1298 1300
f 334 1299 1298
f 333 1300 1299
f 1298 1299 1300
f 91 1301 1303
f 335 1302 1301
f 334 1303 1302
f 1301 1302 1303
f 333 1299 1296
f 334 1302 1299
f 335 1296 1302
f 1299 1302 1296
f 26 1304 1306
f 336 1305 1304
f 338 1306 1305
f 1304 1305 1306
f 90 1307 1309
f 337 1308 1307
f 336 1309 1308
f 1307 1308 1309
f 89 1310 1312
f 338 1311 1310
f 337 1312 1311
f 1310 1311 1312
f 336 1308 1305
f 337 1311 1308
f 338 1305 1311
f 1308 1311 1305
f 25 1313 1315
f 339 1314 1313
f 341 1315 1314
f 1313 1314 1315
f 91 1316 1318
f 340 1317 1316
f 339 1318 1317
f 1316 1317 1318
f 90 1319 1321
f 341 1320 1319
f 340 1321 1320
f 1319 1320 1321
f 339 1317 1314
f 340 1320 1317
f 341 1314 1320
f 1317 1320 1314
f 89 1312 1298
f 337 1322 1312
f 334 1298 1322
f 1312 1322 1298
f 90 1321 1307
f 340 1323 1321
f 337 1307 1323
f 1321 1323 1307
f 91 1303 1316
f 334 1324 1303
f 340 1316 1324
f 1303 1324 1316
f 337 1323 1322
f 340 1324 1323
f 334 1322 1324
f 1323 1324 1322
f 14 1286 1250
f 332 1325 1286
f 321 1250 1325
f 1286 1325 1250
f 88 1326 1289
f 342 1327 1326
f 332 1289 1327
f 1326 1327 1289
f 85 1254 1329
f 321 1328 1254
f 342 1329 1328
f 1254 1328 1329
f 332 1327 1325
f 342 1328 1327
f 321 1325 1328
f 1327 1328 1325
f 25 1315 1276
f 341 1330 1315
f 328 1276 1330
f 1315 1330 1276
f 90 1331 1319
f 343 1332 1331
f 341 1319 1332
f 1331 1332 1319
f 88 1281 1334
f 328 1333 1281
f 343 1334 1333
f 1281 1333 1334
f 341 1332 1330
f 343 1333 1332
f 328 1330 1333
f 1332 1333 1330
f 26 1259 1304
f 325 1335 1259
f 336 1304 1335
f 1259 1335 1304
f 85 1336 1263
f 344 1337 1336
f 325 1263 1337
f 1336 1337 1263
f 90 1309 1339
f 336 1338 1309
f 344 1339 1338
f 1309 1338 1339
f 325 1337 1335
f 344 1338 1337
f 336 1335 1338
f 1337 1338 1335
f 88 1334 1326
f 343 1340 1334
f 342 1326 1340
f 1334 1340 1326
f 90 1339 1331
f 344 1341 1339
f 343 1331 1341
f 1339 1341 1331
f 85 1329 1336
f 342 1342 1329
f 344 1336 1342
f 1329 1342 1336
f 343 1341 1340
f 344 1342 1341
f 342 1340 1342
f 1341 1342 1340
f 12 1100 1344
f 284 1343 1100
f 346 1344 1343
f 1100 1343 1344
f 77 1345 1103
f 345 1346 1345
f 284 1103 1346
f 1345 1346 1103
f 93 1347 1349
f 346 1348 1347
f 345 1349 1348
f 1347 1348 1349
f 284 1346 1343
f 345 1348 1346
f 346 1343 1348
f 1346 1348 1343
f 22 1350 1113
f 347 1351 1350
f 287 1113 1351
f 1350 1351 1113
f 92 1352 1354
f 348 1353 1352
f 347 1354 1353
f 1352 1353 1354
f 77 1118 1356
f 287 1355 1118
f 348 1356 1355
f 1118 1355 1356
f 347 1353 1351
f 348 1355 1353
f 287 1351 1355
f 1353 1355 1351
f 28 1357 1359
f 349 1358 1357
f 351 1359 1358
f 1357 1358 1359
f 93 1360 1362
f 350 1361 1360
f 349 1362 1361
f 1360 1361 1362
f 92 1363 1365
f 351 1364 1363
f 350 1365 1364
f 1363 1364 1365
f 349 1361 1358
f 350 1364 1361
f 351 1358 1364
f 1361 1364 1358
f 77 1356 1345
f 348 1366 1356
f 345 1345 1366
f 1356 1366 1345
f 92 1365 1352
f 350 1367 1365
f 348 1352 1367
f 1365 1367 1352
f 93 1349 1360
f 345 1368 1349
f 350 1360 1368
f 1349 1368 1360
f 348 1367 1366
f 350 1368 1367
f 345 1366 1368
f 1367 1368 1366
f 11 1369 1073
f 352 1370 1369
f 276 1073 1370
f 1369 1370 1073
f 94 1371 1373
f 353 1372 1371
f 352 1373 1372
f 1371 1372 1373
f 74 1077 1375
f 276 1374 1077
f 353 1375 1374
f 1077 1374 1375
f 352 1372 1370
f 353 1374 1372
f 276 1370 1374
f 1372 1374 1370
f 27 1376 1378
f 354 1377 1376
f 356 1378 1377
f 1376 1377 1378
f 95 1379 1381
f 355 1380 1379
f 354 1381 1380
f 1379 1380 1381
f 94 1382 1384
f 356 1383 1382
f 355 1384 1383
f 1382 1383 1384
f 354 1380 1377
f 355 1383 1380
f 356 1377 1383
f 1380 1383 1377
f 22 1082 1386
f 280 1385 1082
f 358 1386 1385
f 1082 1385 1386
f 74 1387 1086
f 357 1388 1387
f 280 1086 1388
f 1387 1388 1086
f 95 1389 1391
f 358 1390 1389
f 357 1391 1390
f 1389 1390 1391
f 280 1388 1385
f 357 1390 1388
f 358 1385 1390
f 1388 1390 1385
f 94 1384 1371
f 355 1392 1384
f 353 1371 1392
f 1384 1392 1371
f 95 1391 1379
f 357 1393 1391
f 355 1379 1393
f 1391 1393 1379
f 74 1375 1387
f 353 1394 1375
f 357 1387 1394
f 1375 1394 1387
f 355 1393 1392
f 357 1394 1393
f 353 1392 1394
f 1393 1394 1392
f 3 1395 1397
f 359 1396 1395
f 361 1397 1396
f 1395 1396 1397
f 96 1398 1400
f 360 1399 1398
f 359 1400 1399
f 1398 1399 1400
f 98 1401 1403
f 361 1402 1401
f 360 1403 1402
f 1401 1402 1403
f 359 1399 1396
f 360 1402 1399
f 361 1396 1402
f 1399 1402 1396
f 28 1404 1406
f 362 1405 1404
f 364 1406 1405
f 1404 1405 1406
f 97 1407 1409
f 363 1408 1407
f 362 1409 1408
f 1407 1408 1409
f 96 1410 1412
f 364 1411 1410
f 363 1412 1411
f 1410 1411 1412
f 362 1408 1405
f 363 1411 1408
f 364 1405 1411
f 1408 1411 1405
f 27 1413 1415
f 365 1414 1413
f 367 1415 1414
f 1413 1414 1415
f 98 1416 1418
f 366 1417 1416
f 365 1418 1417
f 1416 1417 1418
f 97 1419 1421
f 367 1420 1419
f 366 1421 1420
f 1419 1420 1421
f 365 1417 1414
f 366 1420 1417
f 367 1414 1420
f 1417 1420 1414
f 96 1412 1398
f 363 1422 1412
f 360 1398 1422
f 1412 1422 1398
f 97 1421 1407
f 366 1423 1421
f 363 1407 1423
f 1421 1423 1407
f 98 1403 1416
f 360 1424 1403
f 366 1416 1424
f 1403 1424 1416
f 363 1423 1422
f 366 1424 1423
f 360 1422 1424
f 1423 1424 1422
f 22 1386 1350
f 358 1425 1386
f 347 1350 1425
f 1386 1425 1350
f 95 1426 1389
f 368 1427 1426
f 358 1389 1427
f 1426 1427 1389
f 92 1354 1429
f 347 1428 1354
f 368 1429 1428
f 1354 1428 1429
f 358 1427 1425
f 368 1428 1427
f 347 1425 1428
f 1427 1428 1425
f 27 1415 1376
f 367 1430 1415
f 354 1376 1430
f 1415 1430 1376
f 97 1431 1419
f 369 1432 1431
f 367 1419 1432
f 1431 1432 1419
f 95 1381 1434
f 354 1433 1381
f 369 1434 1433
f 1381 1433 1434
f 367 1432 1430
f 369 1433 1432
f 354 1430 1433
f 1432 1433 1430
f 28 1359 1404
f 351 1435 1359
f 362 1404 1435
f 1359 1435 1404
f 92 1436 1363
f 370 1437 1436
f 351 1363 1437
f 1436 1437 1363
f 97 1409 1439
f 362 1438 1409
f 370 1439 1438
f 1409 1438 1439
f 351 1437 1435
f 370 1438 1437
f 362 1435 1438
f 1437 1438 1435
f 95 1434 1426
f 369 1440 1434
f 368 1426 1440
f 1434 1440 1426
f 97 1439 1431
f 370 1441 1439
f 369 1431 1441
f 1439 1441 1431
f 92 1429 1436
f 368 1442 1429
f 370 1436 1442
f 1429 1442 1436
f 369 1441 1440
f 370 1442 1441
f 368 1440 1442
f 1441 1442 1440
f 11 1005 1444
f 261 1443 1005
f 372 1444 1443
f 1005 1443 1444
f 72 1445 1009
f 371 1446 1445
f 261 1009 1446
f 1445 1446 1009
f 100 1447 1449
f 372 1448 1447
f 371 1449 1448
f 1447 1448 1449
f 261 1446 1443
f 371 1448 1446
f 372 1443 1448
f 1446 1448 1443
f 20 1450 1021
f 373 1451 1450
f 265 1021 1451
f 1450 1451 1021
f 99 1452 1454
f 374 1453 1452
f 373 1454 1453
f 1452 1453 1454
f 72 1026 1456
f 265 1455 1026
f 374 1456 1455
f 1026 1455 1456
f 373 1453 1451
f 374 1455 1453
f 265 1451 1455
f 1453 1455 1451
f 30 1457 1459
f 375 1458 1457
f 377 1459 1458
f 1457 1458 1459
f 100 1460 1462
f 376 1461 1460
f 375 1462 1461
f 1460 1461 1462
f 99 1463 1465
f 377 1464 1463
f 376 1465 1464
f 1463 1464 1465
f 375 1461 1458
f 376 1464 1461
f 377 1458 1464
f 1461 1464 1458
f 72 1456 1445
f 374 1466 1456
f 371 1445 1466
f 1456 1466 1445
f 99 1465 1452
f 376 1467 1465
f 374 1452 1467
f 1465 1467 1452
f 100 1449 1460
f 371 1468 1449
f 376 1460 1468
f 1449 1468 1460
f 374 1467 1466
f 376 1468 1467
f 371 1466 1468
f 1467 1468 1466
f 8 1469 977
f 378 1470 1469
f 252 977 1470
f 1469 1470 977
f 101 1471 1473
f 379 1472 1471
f 378 1473 1472
f 1471 1472 1473
f 68 981 1475
f 252 1474 981
f 379 1475 1474
f 981 1474 1475
f 378 1472 1470
f 379 1474 1472
f 252 1470 1474
f 1472 1474 1470
f 29 1476 1478
f 380 1477 1476
f 382 1478 1477
f 1476 1477 1478
f 102 1479 1481
f 381 1480 1479
f 380 1481 1480
f 1479 1480 1481
f 101 1482 1484
f 382 1483 1482
f 381 1484 1483
f 1482 1483 1484
f 380 1480 1477
f 381 1483 1480
f 382 1477 1483
f 1480 1483 1477
f 20 986 1486
f 256 1485 986
f 384 1486 1485
f 986 1485 1486
f 68 1487 990
f 383 1488 1487
f 256 990 1488
f 1487 1488 990
f 102 1489 1491
f 384 1490 1489
f 383 1491 1490
f 1489 1490 1491
f 256 1488 1485
f 383 1490 1488
f 384 1485 1490
f 1488 1490 1485
f 101 1484 1471
f 381 1492 1484
f 379 1471 1492
f 1484 1492 1471
f 102 1491 1479
f 383 1493 1491
f 381 1479 1493
f 1491 1493 1479
f 68 1475 1487
f 379 1494 1475
f 383 1487 1494
f 1475 1494 1487
f 381 1493 1492
f 383 1494 1493
f 379 1492 1494
f 1493 1494 1492
f 7 1495 1497
f 385 1496 1495
f 387 1497 1496
f 1495 1496 1497
f 103 1498 1500
f 386 1499 1498
f 385 1500 1499
f 1498 1499 1500
f 105 1501 1503
f 387 1502 1501
f 386 1503 1502
f 1501 1502 1503
f 385 1499 1496
f 386 1502 1499
f 387 1496 1502
f 1499 1502 1496
f 30 1504 1506
f 388 1505 1504
f 390 1506 1505
f 1504 1505 1506
f 104 1507 1509
f 389 1508 1507
f 388 1509 1508
f 1507 1508 1509
f 103 1510 1512
f 390 1511 1510
f 389 1512 1511
f 1510 1511 1512
f 388 1508 1505
f 389 1511 1508
f 390 1505 1511
f 1508 1511 1505
f 29 1513 1515
f 391 1514 1513
f 393 1515 1514
f 1513 1514 1515
f 105 1516 1518
f 392 1517 1516
f 391 1518 1517
f 1516 1517 1518
f 104 1519 1521
f 393 1520 1519
f 392 1521 1520
f 1519 1520 1521
f 391 1517 1514
f 392 1520 1517
f 393 1514 1520
f 1517 1520 1514
f 103 1512 1498
f 389 1522 1512
f 386 1498 1522
f 1512 1522 1498
f 104 1521 1507
f 392 1523 1521
f 389 1507 1523
f 1521 1523 1507
f 105 1503 1516
f 386 1524 1503
f 392 1516 1524
f 1503 1524 1516
f 389 1523 1522
f 392 1524 1523
f 386 1522 1524
f 1523 1524 1522
f 20 1486 1450
f 384 1525 1486
f 373 1450 1525
f 1486 1525 1450
f 102 1526 1489
f 394 1527 1526
f 384 1489 1527
f 1526 1527 1489
f 99 1454 1529
f 373 1528 1454
f 394 1529 1528
f 1454 1528 1529
f 384 1527 1525
f 394 1528 1527
f 373 1525 1528
f 1527 1528 1525
f 29 1515 1476
f 393 1530 1515
f 380 1476 1530
f 1515 1530 1476
f 104 1531 1519
f 395 1532 1531
f 393 1519 1532
f 1531 1532 1519
f 102 1481 1534
f 380 1533 1481
f 395 1534 1533
f 1481 1533 1534
f 393 1532 1530
f 395 1533 1532
f 380 1530 1533
f 1532 1533 1530
f 30 1459 1504
f 377 1535 1459
f 388 1504 1535
f 1459 1535 1504
f 99 1536 1463
f 396 1537 1536
f 377 1463 1537
f 1536 1537 1463
f 104 1509 1539
f 388 1538 1509
f 396 1539 1538
f 1509 1538 1539
f 377 1537 1535
f 396 1538 1537
f 388 1535 1538
f 1537 1538 1535
f 102 1534 1526
f 395 1540 1534
f 394 1526 1540
f 1534 1540 1526
f 104 1539 1531
f 396 1541 1539
f 395 1531 1541
f 1539 1541 1531
f 99 1529 1536
f 394 1542 1529
f 396 1536 1542
f 1529 1542 1536
f 395 1541 1540
f 396 1542 1541
f 394 1540 1542
f 1541 1542 1540
f 8 905 1544
f 235 1543 905
f 398 1544 1543
f 905 1543 1544
f 65 1545 909
f 397 1546 1545
f 235 909 1546
f 1545 1546 909
f 107 1547 1549
f 398 1548 1547
f 397 1549 1548
f 1547 1548 1549
f 235 1546 1543
f 397 1548 1546
f 398 1543 1548
f 1546 1548 1543
f 18 1550 921
f 399 1551 1550
f 239 921 1551
f 1550 1551 921
f 106 1552 1554
f 400 1553 1552
f 399 1554 1553
f 1552 1553 1554
f 65 926 1556
f 239 1555 926
f 400 1556 1555
f 926 1555 1556
f 399 1553 1551
f 400 1555 1553
f 239 1551 1555
f 1553 1555 1551
f 32 1557 1559
f 401 1558 1557
f 403 1559 1558
f 1557 1558 1559
f 107 1560 1562
f 402 1561 1560
f 401 1562 1561
f 1560 1561 1562
f 106 1563 1565
f 403 1564 1563
f 402 1565 1564
f 1563 1564 1565
f 401 1561 1558
f 402 1564 1561
f 403 1558 1564
f 1561 1564 1558
f 65 1556 1545
f 400 1566 1556
f 397 1545 1566
f 1556 1566 1545
f 106 1565 1552
f 402 1567 1565
f 400 1552 1567
f 1565 1567 1552
f 107 1549 1560
f 397 1568 1549
f 402 1560 1568
f 1549 1568 1560
f 400 1567 1566
f 402 1568 1567
f 397 1566 1568
f 1567 1568 1566
f 2 1569 877
f 404 1570 1569
f 226 877 1570
f 1569 1570 877
f 108 1571 1573
f 405 1572 1571
f 404 1573 1572
f 1571 1572 1573
f 61 881 1575
f 226 1574 881
f 405 1575 1574
f 881 1574 1575
f 404 1572 1570
f 405 1574 1572
f 226 1570 1574
f 1572 1574 1570
f 31 1576 1578
f 406 1577 1576
f 408 1578 1577
f 1576 1577 1578
f 109 1579 1581
f 407 1580 1579
f 406 1581 1580
f 1579 1580 1581
f 108 1582 1584
f 408 1583 1582
f 407 1584 1583
f 1582 1583 1584
f 406 1580 1577
f 407 1583 1580
f 408 1577 1583
f 1580 1583 1577
f 18 886 1586
f 230 1585 886
f 410 1586 1585
f 886 1585 1586
f 61 1587 890
f 409 1588 1587
f 230 890 1588
f 1587 1588 890
f 109 1589 1591
f 410 1590 1589
f 409 1591 1590
f 1589 1590 1591
f 230 1588 1585
f 409 1590 1588
f 410 1585 1590
f 1588 1590 1585
f 108 1584 1571
f 407 1592 1584
f 405 1571 1592
f 1584 1592 1571
f 109 1591 1579
f 409 1593 1591
f 407 1579 1593
f 1591 1593 1579
f 61 1575 1587
f 405 1594 1575
f 409 1587 1594
f 1575 1594 1587
f 407 1593 1592
f 409 1594 1593
f 405 1592 1594
f 1593 1594 1592
f 9 1595 1597
f 411 1596 1595
f 413 1597 1596
f 1595 1596 1597
f 110 1598 1600
f 412 1599 1598
f 411 1600 1599
f 1598 1599 1600
f 112 1601 1603
f 413 1602 1601
f 412 1603 1602
f 1601 1602 1603
f 411 1599 1596
f 412 1602 1599
f 413 1596 1602
f 1599 1602 1596
f 32 1604 1606
f 414 1605 1604
f 416 1606 1605
f 1604 1605 1606
f 111 1607 1609
f 415 1608 1607
f 414 1609 1608
f 1607 1608 1609
f 110 1610 1612
f 416 1611 1610
f 415 1612 1611
f 1610 1611 1612
f 414 1608 1605
f 415 1611 1608
f 416 1605 1611
f 1608 1611 1605
f 31 1613 1615
f 417 1614 1613
f 419 1615 1614
f 1613 1614 1615
f 112 1616 1618
f 418 1617 1616
f 417 1618 1617
f 1616 1617 1618
f 111 1619 1621
f 419 1620 1619
f 418 1621 1620
f 1619 1620 1621
f 417 1617 1614
f 418 1620 1617
f 419 1614 1620
f 1617 1620 1614
f 110 1612 1598
f 415 1622 1612
f 412 1598 1622
f 1612 1622 1598
f 111 1621 1607
f 418 1623 1621
f 415 1607 1623
f 1621 1623 1607
f 112 1603 1616
f 412 1624 1603
f 418 1616 1624
f 1603 1624 1616
f 415 1623 1622
f 418 1624 1623
f 412 1622 1624
f 1623 1624 1622
f 18 1586 1550
f 410 1625 1586
f 399 1550 1625
f 1586 1625 1550
f 109 1626 1589
f 420 1627 1626
f 410 1589 1627
f 1626 1627 1589
f 106 1554 1629
f 399 1628 1554
f 420 1629 1628
f 1554 1628 1629
f 410 1627 1625
f 420 1628 1627
f 399 1625 1628
f 1627 1628 1625
f 31 1615 1576
f 419 1630 1615
f 406 1576 1630
f 1615 1630 1576
f 111 1631 1619
f 421 1632 1631
f 419 1619 1632
f 1631 1632 1619
f 109 1581 1634
f 406 1633 1581
f 421 1634 1633
f 1581 1633 1634
f 419 1632 1630
f 421 1633 1632
f 406 1630 1633
f 1632 1633 1630
f 32 1559 1604
f 403 1635 1559
f 414 1604 1635
f 1559 1635 1604
f 106 1636 1563
f 422 1637 1636
f 403 1563 1637
f 1636 1637 1563
f 111 1609 1639
f 414 1638 1609
f 422 1639 1638
f 1609 1638 1639
f 403 1637 1635
f 422 1638 1637
f 414 1635 1638
f 1637 1638 1635
f 109 1634 1626
f 421 1640 1634
f 420 1626 1640
f 1634 1640 1626
f 111 1639 1631
f 422 1641 1639
f 421 1631 1641
f 1639 1641 1631
f 106 1629 1636
f 420 1642 1629
f 422 1636 1642
f 1629 1642 1636
f 421 1641 1640
f 422 1642 1641
f 420 1640 1642
f 1641 1642 1640
f 4 1643 1645
f 423 1644 1643
f 425 1645 1644
f 1643 1644 1645
f 113 1646 1648
f 424 1647 1646
f 423 1648 1647
f 1646 1647 1648
f 115 1649 1651
f 425 1650 1649
f 424 1651 1650
f 1649 1650 1651
f 423 1647 1644
f 424 1650 1647
f 425 1644 1650
f 1647 1650 1644
f 33 1652 1654
f 426 1653 1652
f 428 1654 1653
f 1652 1653 1654
f 114 1655 1657
f 427 1656 1655
f 426 1657 1656
f 1655 1656 1657
f 113 1658 1660
f 428 1659 1658
f 427 1660 1659
f 1658 1659 1660
f 426 1656 1653
f 427 1659 1656
f 428 1653 1659
f 1656 1659 1653
f 35 1661 1663
f 429 1662 1661
f 431 1663 1662
f 1661 1662 1663
f 115 1664 1666
f 430 1665 1664
f 429 1666 1665
f 1664 1665 1666
f 114 1667 1669
f 431 1668 1667
f 430 1669 1668
f 1667 1668 1669
f 429 1665 1662
f 430 1668 1665
f 431 1662 1668
f 1665 1668 1662
f 113 1660 1646
f 427 1670 1660
f 424 1646 1670
f 1660 1670 1646
f 114 1669 1655
f 430 1671 1669
f 427 1655 1671
f 1669 1671 1655
f 115 1651 1664
f 424 1672 1651
f 430 1664 1672
f 1651 1672 1664
f 427 1671 1670
f 430 1672 1671
f 424 1670 1672
f 1671 1672 1670
f 10 1673 1675
f 432 1674 1673
f 434 1675 1674
f 1673 1674 1675
f 116 1676 1678
f 433 1677 1676
f 432 1678 1677
f 1676 1677 1678
f 118 1679 1681
f 434 1680 1679
f 433 1681 1680
f 1679 1680 1681
f 432 1677 1674
f 433 1680 1677
f 434 1674 1680
f 1677 1680 1674
f 34 1682 1684
f 435 1683 1682
f 437 1684 1683
f 1682 1683 1684
f 117 1685 1687
f 436 1686 1685
f 435 1687 1686
f 1685 1686 1687
f 116 1688 1690
f 437 1689 1688
f 436 1690 1689
f 1688 1689 1690
f 435 1686 1683
f 436 1689 1686
f 437 1683 1689
f 1686 1689 1683
f 33 1691 1693
f 438 1692 1691
f 440 1693 1692
f 1691 1692 1693
f 118 1694 1696
f 439 1695 1694
f 438 1696 1695
f 1694 1695 1696
f 117 1697 1699
f 440 1698 1697
f 439 1699 1698
f 1697 1698 1699
f 438 1695 1692
f 439 1698 1695
f 440 1692 1698
f 1695 1698 1692
f 116 1690 1676
f 436 1700 1690
f 433 1676 1700
f 1690 1700 1676
f 117 1699 1685
f 439 1701 1699
f 436 1685 1701
f 1699 1701 1685
f 118 1681 1694
f 433 1702 1681
f 439 1694 1702
f 1681 1702 1694
f 436 1701 1700
f 439 1702 1701
f 433 1700 1702
f 1701 1702 1700
f 5 1703 1705
f 441 1704 1703
f 443 1705 1704
f 1703 1704 1705
f 119 1706 1708
f 442 1707 1706
f 441 1708 1707
f 1706 1707 1708
f 121 1709 1711
f 443 1710 1709
f 442 1711 1710
f 1709 1710 1711
f 441 1707 1704
f 442 1710 1707
f 443 1704 1710
f 1707 1710 1704
f 35 1712 1714
f 444 1713 1712
f 446 1714 1713
f 1712 1713 1714
f 120 1715 1717
f 445 1716 1715
f 444 1717 1716
f 1715 1716 1717
f 119 1718 1720
f 446 1719 1718
f 445 1720 1719
f 1718 1719 1720
f 444 1716 1713
f 445 1719 1716
f 446 1713 1719
f 1716 1719 1713
f 34 1721 1723
f 447 1722 1721
f 449 1723 1722
f 1721 1722 1723
f 121 1724 1726
f 448 1725 1724
f 447 1726 1725
f 1724 1725 1726
f 120 1727 1729
f 449 1728 1727
f 448 1729 1728
f 1727 1728 1729
f 447 1725 1722
f 448 1728 1725
f 449 1722 1728
f 1725 1728 1722
f 119 1720 1706
f 445 1730 1720
f 442 1706 1730
f 1720 1730 1706
f 120 1729 1715
f 448 1731 1729
f 445 1715 1731
f 1729 1731 1715
f 121 1711 1724
f 442 1732 1711
f 448 1724 1732
f 1711 1732 1724
f 445 1731 1730
f 448 1732 1731
f 442 1730 1732
f 1731 1732 1730
f 33 1693 1652
f 440 1733 1693
f 426 1652 1733
f 1693 1733 1652
f 117 1734 1697
f 450 1735 1734
f 440 1697 1735
f 1734 1735 1697
f 114 1657 1737
f 426 1736 1657
f 450 1737 1736
f 1657 1736 1737
f 440 1735 1733
f 450 1736 1735
f 426 1733 1736
f 1735 1736 1733
f 34 1723 1682
f 449 1738 1723
f 435 1682 1738
f 1723 1738 1682
f 120 1739 1727
f 451 1740 1739
f 449 1727 1740
f 1739 1740 1727
f 117 1687 1742
f 435 1741 1687
f 451 1742 1741
f 1687 1741 1742
f 449 1740 1738
f 451 1741 1740
f 435 1738 1741
f 1740 1741 1738
f 35 1663 1712
f 431 1743 1663
f 444 1712 1743
f 1663 1743 1712
f 114 1744 1667
f 452 1745 1744
f 431 1667 1745
f 1744 1745 1667
f 120 1717 1747
f 444 1746 1717
f 452 1747 1746
f 1717 1746 1747
f 431 1745 1743
f 452 1746 1745
f 444 1743 1746
f 1745 1746 1743
f 117 1742 1734
f 451 1748 1742
f 450 1734 1748
f 1742 1748 1734
f 120 1747 1739
f 452 1749 1747
f 451 1739 1749
f 1747 1749 1739
f 114 1737 1744
f 450 1750 1737
f 452 1744 1750
f 1737 1750 1744
f 451 1749 1748
f 452 1750 1749
f 450 1748 1750
f 1749 1750 1748
f 4 1645 1752
f 425 1751 1645
f 454 1752 1751
f 1645 1751 1752
f 115 1753 1649
f 453 1754 1753
f 425 1649 1754
f 1753 1754 1649
f 123 1755 1757
f 454 1756 1755
f 453 1757 1756
f 1755 1756 1757
f 425 1754 1751
f 453 1756 1754
f 454 1751 1756
f 1754 1756 1751
f 35 1758 1661
f 455 1759 1758
f 429 1661 1759
f 1758 1759 1661
f 122 1760 1762
f 456 1761 1760
f 455 1762 1761
f 1760 1761 1762
f 115 1666 1764
f 429 1763 1666
f 456 1764 1763
f 1666 1763 1764
f 455 1761 1759
f 456 1763 1761
f 429 1759 1763
f 1761 1763 1759
f 37 1765 1767
f 457 1766 1765
f 459 1767 1766
f 1765 1766 1767
f 123 1768 1770
f 458 1769 1768
f 457 1770 1769
f 1768 1769 1770
f 122 1771 1773
f 459 1772 1771
f 458 1773 1772
f 1771 1772 1773
f 457 1769 1766
f 458 1772 1769
f 459 1766 1772
f 1769 1772 1766
f 115 1764 1753
f 456 1774 1764
f 453 1753 1774
f 1764 1774 1753
f 122 1773 1760
f 458 1775 1773
f 456 1760 1775
f 1773 1775 1760
f 123 1757 1768
f 453 1776 1757
f 458 1768 1776
f 1757 1776 1768
f 456 1775 1774
f 458 1776 1775
f 453 1774 1776
f 1775 1776 1774
f 5 1777 1703
f 460 1778 1777
f 441 1703 1778
f 1777 1778 1703
f 124 1779 1781
f 461 1780 1779
f 460 1781 1780
f 1779 1780 1781
f 119 1708 1783
f 441 1782 1708
f 461 1783 1782
f 1708 1782 1783
f 460 1780 1778
f 461 1782 1780
f 441 1778 1782
f 1780 1782 1778
f 36 1784 1786
f 462 1785 1784
f 464 1786 1785
f 1784 1785 1786
f 125 1787 1789
f 463 1788 1787
f 462 1789 1788
f 1787 1788 1789
f 124 1790 1792
f 464 1791 1790
f 463 1792 1791
f 1790 1791 1792
f 462 1788 1785
f 463 1791 1788
f 464 1785 1791
f 1788 1791 1785
f 35 1714 1794
f 446 1793 1714
f 466 1794 1793
f 1714 1793 1794
f 119 1795 1718
f 465 1796 1795
f 446 1718 1796
f 1795 1796 1718
f 125 1797 1799
f 466 1798 1797
f 465 1799 1798
f 1797 1798 1799
f 446 1796 1793
f 465 1798 1796
f 466 1793 1798
f 1796 1798 1793
f 124 1792 1779
f 463 1800 1792
f 461 1779 1800
f 1792 1800 1779
f 125 1799 1787
f 465 1801 1799
f 463 1787 1801
f 1799 1801 1787
f 119 1783 1795
f 461 1802 1783
f 465 1795 1802
f 1783 1802 1795
f 463 1801 1800
f 465 1802 1801
f 461 1800 1802
f 1801 1802 1800
f 3 1803 1805
f 467 1804 1803
f 469 1805 1804
f 1803 1804 1805
f 126 1806 1808
f 468 1807 1806
f 467 1808 1807
f 1806 1807 1808
f 128 1809 1811
f 469 1810 1809
f 468 1811 1810
f 1809 1810 1811
f 467 1807 1804
f 468 1810 1807
f 469 1804 1810
f 1807 1810 1804
f 37 1812 1814
f 470 1813 1812
f 472 1814 1813
f 1812 1813 1814
f 127 1815 1817
f 471 1816 1815
f 470 1817 1816
f 1815 1816 1817
f 126 1818 1820
f 472 1819 1818
f 471 1820 1819
f 1818 1819 1820
f 470 1816 1813
f 471 1819 1816
f 472 1813 1819
f 1816 1819 1813
f 36 1821 1823
f 473 1822 1821
f 475 1823 1822
f 1821 1822 1823
f 128 1824 1826
f 474 1825 1824
f 473 1826 1825
f 1824 1825 1826
f 127 1827 1829
f 475 1828 1827
f 474 1829 1828
f 1827 1828 1829
f 473 1825 1822
f 474 1828 1825
f 475 1822 1828
f 1825 1828 1822
f 126 1820 1806
f 471 1830 1820
f 468 1806 1830
f 1820 1830 1806
f 127 1829 1815
f 474 1831 1829
f 471 1815 1831
f 1829 1831 1815
f 128 1811 1824
f 468 1832 1811
f 474 1824 1832
f 1811 1832 1824
f 471 1831 1830
f 474 1832 1831
f 468 1830 1832
f 1831 1832 1830
f 35 1794 1758
f 466 1833 1794
f 455 1758 1833
f 1794 1833 1758
f 125 1834 1797
f 476 1835 1834
f 466 1797 1835
f 1834 1835 1797
f 122 1762 1837
f 455 1836 1762
f 476 1837 1836
f 1762 1836 1837
f 466 1835 1833
f 476 1836 1835
f 455 1833 1836
f 1835 1836 1833
f 36 1823 1784
f 475 1838 1823
f 462 1784 1838
f 1823 1838 1784
f 127 1839 1827
f 477 1840 1839
f 475 1827 1840
f 1839 1840 1827
f 125 1789 1842
f 462 1841 1789
f 477 1842 1841
f 1789 1841 1842
f 475 1840 1838
f 477 1841 1840
f 462 1838 1841
f 1840 1841 1838
f 37 1767 1812
f 459 1843 1767
f 470 1812 1843
f 1767 1843 1812
f 122 1844 1771
f 478 1845 1844
f 459 1771 1845
f 1844 1845 1771
f 127 1817 1847
f 470 1846 1817
f 478 1847 1846
f 1817 1846 1847
f 459 1845 1843
f 478 1846 1845
f 470 1843 1846
f 1845 1846 1843
f 125 1842 1834
f 477 1848 1842
f 476 1834 1848
f 1842 1848 1834
f 127 1847 1839
f 478 1849 1847
f 477 1839 1849
f 1847 1849 1839
f 122 1837 1844
f 476 1850 1837
f 478 1844 1850
f 1837 1850 1844
f 477 1849 1848
f 478 1850 1849
f 476 1848 1850
f 1849 1850 1848
f 4 1752 1852
f 454 1851 1752
f 480 1852 1851
f 1752 1851 1852
f 123 1853 1755
f 479 1854 1853
f 454 1755 1854
f 1853 1854 1755
f 130 1855 1857
f 480 1856 1855
f 479 1857 1856
f 1855 1856 1857
f 454 1854 1851
f 479 1856 1854
f 480 1851 1856
f 1854 1856 1851
f 37 1858 1765
f 481 1859 1858
f 457 1765 1859
f 1858 1859 1765
f 129 1860 1862
f 482 1861 1860
f 481 1862 1861
f 1860 1861 1862
f 123 1770 1864
f 457 1863 1770
f 482 1864 1863
f 1770 1863 1864
f 481 1861 1859
f 482 1863 1861
f 457 1859 1863
f 1861 1863 1859
f 39 1865 1867
f 483 1866 1865
f 485 1867 1866
f 1865 1866 1867
f 130 1868 1870
f 484 1869 1868
f 483 1870 1869
f 1868 1869 1870
f 129 1871 1873
f 485 1872 1871
f 484 1873 1872
f 1871 1872 1873
f 483 1869 1866
f 484 1872 1869
f 485 1866 1872
f 1869 1872 1866
f 123 1864 1853
f 482 1874 1864
f 479 1853 1874
f 1864 1874 1853
f 129 1873 1860
f 484 1875 1873
f 482 1860 1875
f 1873 1875 1860
f 130 1857 1868
f 479 1876 1857
f 484 1868 1876
f 1857 1876 1868
f 482 1875 1874
f 484 1876 1875
f 479 1874 1876
f 1875 1876 1874
f 3 1877 1803
f 486 1878 1877
f 467 1803 1878
f 1877 1878 1803
f 131 1879 1881
f 487 1880 1879
f 486 1881 1880
f 1879 1880 1881
f 126 1808 1883
f 467 1882 1808
f 487 1883 1882
f 1808 1882 1883
f 486 1880 1878
f 487 1882 1880
f 467 1878 1882
f 1880 1882 1878
f 38 1884 1886
f 488 1885 1884
f 490 1886 1885
f 1884 1885 1886
f 132 1887 1889
f 489 1888 1887
f 488 1889 1888
f 1887 1888 1889
f 131 1890 1892
f 490 1891 1890
f 489 1892 1891
f 1890 1891 1892
f 488 1888 1885
f 489 1891 1888
f 490 1885 1891
f 1888 1891 1885
f 37 1814 1894
f 472 1893 1814
f 492 1894 1893
f 1814 1893 1894
f 126 1895 1818
f 491 1896 1895
f 472 1818 1896
f 1895 1896 1818
f 132 1897 1899
f 492 1898 1897
f 491 1899 1898
f 1897 1898 1899
f 472 1896 1893
f 491 1898 1896
f 492 1893 1898
f 1896 1898 1893
f 131 1892 1879
f 489 1900 1892
f 487 1879 1900
f 1892 1900 1879
f 132 1899 1887
f 491 1901 1899
f 489 1887 1901
f 1899 1901 1887
f 126 1883 1895
f 487 1902 1883
f 491 1895 1902
f 1883 1902 1895
f 489 1901 1900
f 491 1902 1901
f 487 1900 1902
f 1901 1902 1900
f 7 1903 1905
f 493 1904 1903
f 495 1905 1904
f 1903 1904 1905
f 133 1906 1908
f 494 1907 1906
f 493 1908 1907
f 1906 1907 1908
f 135 1909 1911
f 495 1910 1909
f 494 1911 1910
f 1909 1910 1911
f 493 1907 1904
f 494 1910 1907
f 495 1904 1910
f 1907 1910 1904
f 39 1912 1914
f 496 1913 1912
f 498 1914 1913
f 1912 1913 1914
f 134 1915 1917
f 497 1916 1915
f 496 1917 1916
f 1915 1916 1917
f 133 1918 1920
f 498 1919 1918
f 497 1920 1919
f 1918 1919 1920
f 496 1916 1913
f 497 1919 1916
f 498 1913 1919
f 1916 1919 1913
f 38 1921 1923
f 499 1922 1921
f 501 1923 1922
f 1921 1922 1923
f 135 1924 1926
f 500 1925 1924
f 499 1926 1925
f 1924 1925 1926
f 134 1927 1929
f 501 1928 1927
f 500 1929 1928
f 1927 1928 1929
f 499 1925 1922
f 500 1928 1925
f 501 1922 1928
f 1925 1928 1922
f 133 1920 1906
f 497 1930 1920
f 494 1906 1930
f 1920 1930 1906
f 134 1929 1915
f 500 1931 1929
f 497 1915 1931
f 1929 1931 1915
f 135 1911 1924
f 494 1932 1911
f 500 1924 1932
f 1911 1932 1924
f 497 1931 1930
f 500 1932 1931
f 494 1930 1932
f 1931 1932 1930
f 37 1894 1858
f 492 1933 1894
f 481 1858 1933
f 1894 1933 1858
f 132 1934 1897
f 502 1935 1934
f 492 1897 1935
f 1934 1935 1897
f 129 1862 1937
f 481 1936 1862
f 502 1937 1936
f 1862 1936 1937
f 492 1935 1933
f 502 1936 1935
f 481 1933 1936
f 1935 1936 1933
f 38 1923 1884
f 501 1938 1923
f 488 1884 1938
f 1923 1938 1884
f 134 1939 1927
f 503 1940 1939
f 501 1927 1940
f 1939 1940 1927
f 132 1889 1942
f 488 1941 1889
f 503 1942 1941
f 1889 1941 1942
f 501 1940 1938
f 503 1941 1940
f 488 1938 1941
f 1940 1941 1938
f 39 1867 1912
f 485 1943 1867
f 496 1912 1943
f 1867 1943 1912
f 129 1944 1871
f 504 1945 1944
f 485 1871 1945
f 1944 1945 1871
f 134 1917 1947
f 496 1946 1917
f 504 1947 1946
f 1917 1946 1947
f 485 1945 1943
f 504 1946 1945
f 496 1943 1946
f 1945 1946 1943
f 132 1942 1934
f 503 1948 1942
f 502 1934 1948
f 1942 1948 1934
f 134 1947 1939
f 504 1949 1947
f 503 1939 1949
f 1947 1949 1939
f 129 1937 1944
f 502 1950 1937
f 504 1944 1950
f 1937 1950 1944
f 503 1949 1948
f 504 1950 1949
f 502 1948 1950
f 1949 1950 1948
f 4 1852 1952
f 480 1951 1852
f 506 1952 1951
f 1852 1951 1952
f 130 1953 1855
f 505 1954 1953
f 480 1855 1954
f 1953 1954 1855
f 137 1955 1957
f 506 1956 1955
f 505 1957 1956
f 1955 1956 1957
f 480 1954 1951
f 505 1956 1954
f 506 1951 1956
f 1954 1956 1951
f 39 1958 1865
f 507 1959 1958
f 483 1865 1959
f 1958 1959 1865
f 136 1960 1962
f 508 1961 1960
f 507 1962 1961
f 1960 1961 1962
f 130 1870 1964
f 483 1963 1870
f 508 1964 1963
f 1870 1963 1964
f 507 1961 1959
f 508 1963 1961
f 483 1959 1963
f 1961 1963 1959
f 41 1965 1967
f 509 1966 1965
f 511 1967 1966
f 1965 1966 1967
f 137 1968 1970
f 510 1969 1968
f 509 1970 1969
f 1968 1969 1970
f 136 1971 1973
f 511 1972 1971
f 510 1973 1972
f 1971 1972 1973
f 509 1969 1966
f 510 1972 1969
f 511 1966 1972
f 1969 1972 1966
f 130 1964 1953
f 508 1974 1964
f 505 1953 1974
f 1964 1974 1953
f 136 1973 1960
f 510 1975 1973
f 508 1960 1975
f 1973 1975 1960
f 137 1957 1968
f 505 1976 1957
f 510 1968 1976
f 1957 1976 1968
f 508 1975 1974
f 510 1976 1975
f 505 1974 1976
f 1975 1976 1974
f 7 1977 1903
f 512 1978 1977
f 493 1903 1978
f 1977 1978 1903
f 138 1979 1981
f 513 1980 1979
f 512 1981 1980
f 1979 1980 1981
f 133 1908 1983
f 493 1982 1908
f 513 1983 1982
f 1908 1982 1983
f 512 1980 1978
f 513 1982 1980
f 493 1978 1982
f 1980 1982 1978
f 40 1984 1986
f 514 1985 1984
f 516 1986 1985
f 1984 1985 1986
f 139 1987 1989
f 515 1988 1987
f 514 1989 1988
f 1987 1988 1989
f 138 1990 1992
f 516 1991 1990
f 515 1992 1991
f 1990 1991 1992
f 514 1988 1985
f 515 1991 1988
f 516 1985 1991
f 1988 1991 1985
f 39 1914 1994
f 498 1993 1914
f 518 1994 1993
f 1914 1993 1994
f 133 1995 1918
f 517 1996 1995
f 498 1918 1996
f 1995 1996 1918
f 139 1997 1999
f 518 1998 1997
f 517 1999 1998
f 1997 1998 1999
f 498 1996 1993
f 517 1998 1996
f 518 1993 1998
f 1996 1998 1993
f 138 1992 1979
f 515 2000 1992
f 513 1979 2000
f 1992 2000 1979
f 139 1999 1987
f 517 2001 1999
f 515 1987 2001
f 1999 2001 1987
f 133 1983 1995
f 513 2002 1983
f 517 1995 2002
f 1983 2002 1995
f 515 2001 2000
f 517 2002 2001
f 513 2000 2002
f 2001 2002 2000
f 9 2003 2005
f 519 2004 2003
f 521 2005 2004
f 2003 2004 2005
f 140 2006 2008
f 520 2007 2006
f 519 2008 2007
f 2006 2007 2008
f 142 2009 2011
f 521 2010 2009
f 520 2011 2010
f 2009 2010 2011
f 519 2007 2004
f 520 2010 2007
f 521 2004 2010
f 2007 2010 2004
f 41 2012 2014
f 522 2013 2012
f 524 2014 2013
f 2012 2013 2014
f 141 2015 2017
f 523 2016 2015
f 522 2017 2016
f 2015 2016 2017
f 140 2018 2020
f 524 2019 2018
f 523 2020 2019
f 2018 2019 2020
f 522 2016 2013
f 523 2019 2016
f 524 2013 2019
f 2016 2019 2013
f 40 2021 2023
f 525 2022 2021
f 527 2023 2022
f 2021 2022 2023
f 142 2024 2026
f 526 2025 2024
f 525 2026 2025
f 2024 2025 2026
f 141 2027 2029
f 527 2028 2027
f 526 2029 2028
f 2027 2028 2029
f 525 2025 2022
f 526 2028 2025
f 527 2022 2028
f 2025 2028 2022
f 140 2020 2006
f 523 2030 2020
f 520 2006 2030
f 2020 2030 2006
f 141 2029 2015
f 526 2031 2029
f 523 2015 2031
f 2029 2031 2015
f 142 2011 2024
f 520 2032 2011
f 526 2024 2032
f 2011 2032 2024
f 523 2031 2030
f 526 2032 2031
f 520 2030 2032
f 2031 2032 2030
f 39 1994 1958
f 518 2033 1994
f 507 1958 2033
f 1994 2033 1958
f 139 2034 1997
f 528 2035 2034
f 518 1997 2035
f 2034 2035 1997
f 136 1962 2037
f 507 2036 1962
f 528 2037 2036
f 1962 2036 2037
f 518 2035 2033
f 528 2036 2035
f 507 2033 2036
f 2035 2036 2033
f 40 2023 1984
f 527 2038 2023
f 514 1984 2038
f 2023 2038 1984
f 141 2039 2027
f 529 2040 2039
f 527 2027 2040
f 2039 2040 2027
f 139 1989 2042
f 514 2041 1989
f 529 2042 2041
f 1989 2041 2042
f 527 2040 2038
f 529 2041 2040
f 514 2038 2041
f 2040 2041 2038
f 41 1967 2012
f 511 2043 1967
f 522 2012 2043
f 1967 2043 2012
f 136 2044 1971
f 530 2045 2044
f 511 1971 2045
f 2044 2045 1971
f 141 2017 2047
f 522 2046 2017
f 530 2047 2046
f 2017 2046 2047
f 511 2045 2043
f 530 2046 2045
f 522 2043 2046
f 2045 2046 2043
f 139 2042 2034
f 529 2048 2042
f 528 2034 2048
f 2042 2048 2034
f 141 2047 2039
f 530 2049 2047
f 529 2039 2049
f 2047 2049 2039
f 136 2037 2044
f 528 2050 2037
f 530 2044 2050
f 2037 2050 2044
f 529 2049 2048
f 530 2050 2049
f 528 2048 2050
f 2049 2050 2048
f 4 1952 1643
f 506 2051 1952
f 423 1643 2051
f 1952 2051 1643
f 137 2052 1955
f 531 2053 2052
f 506 1955 2053
f 2052 2053 1955
f 113 1648 2055
f 423 2054 1648
f 531 2055 2054
f 1648 2054 2055
f 506 2053 2051
f 531 2054 2053
f 423 2051 2054
f 2053 2054 2051
f 41 2056 1965
f 532 2057 2056
f 509 1965 2057
f 2056 2057 1965
f 143 2058 2060
f 533 2059 2058
f 532 2060 2059
f 2058 2059 2060
f 137 1970 2062
f 509 2061 1970
f 533 2062 2061
f 1970 2061 2062
f 532 2059 2057
f 533 2061 2059
f 509 2057 2061
f 2059 2061 2057
f 33 1654 2064
f 428 2063 1654
f 535 2064 2063
f 1654 2063 2064
f 113 2065 1658
f 534 2066 2065
f 428 1658 2066
f 2065 2066 1658
f 143 2067 2069
f 535 2068 2067
f 534 2069 2068
f 2067 2068 2069
f 428 2066 2063
f 534 2068 2066
f 535 2063 2068
f 2066 2068 2063
f 137 2062 2052
f 533 2070 2062
f 531 2052 2070
f 2062 2070 2052
f 143 2069 2058
f 534 2071 2069
f 533 2058 2071
f 2069 2071 2058
f 113 2055 2065
f 531 2072 2055
f 534 2065 2072
f 2055 2072 2065
f 533 2071 2070
f 534 2072 2071
f 531 2070 2072
f 2071 2072 2070
f 9 2073 2003
f 536 2074 2073
f 519 2003 2074
f 2073 2074 2003
f 144 2075 2077
f 537 2076 2075
f 536 2077 2076
f 2075 2076 2077
f 140 2008 2079
f 519 2078 2008
f 537 2079 2078
f 2008 2078 2079
f 536 2076 2074
f 537 2078 2076
f 519 2074 2078
f 2076 2078 2074
f 42 2080 2082
f 538 2081 2080
f 540 2082 2081
f 2080 2081 2082
f 145 2083 2085
f 539 2084 2083
f 538 2085 2084
f 2083 2084 2085
f 144 2086 2088
f 540 2087 2086
f 539 2088 2087
f 2086 2087 2088
f 538 2084 2081
f 539 2087 2084
f 540 2081 2087
f 2084 2087 2081
f 41 2014 2090
f 524 2089 2014
f 542 2090 2089
f 2014 2089 2090
f 140 2091 2018
f 541 2092 2091
f 524 2018 2092
f 2091 2092 2018
f 145 2093 2095
f 542 2094 2093
f 541 2095 2094
f 2093 2094 2095
f 524 2092 2089
f 541 2094 2092
f 542 2089 2094
f 2092 2094 2089
f 144 2088 2075
f 539 2096 2088
f 537 2075 2096
f 2088 2096 2075
f 145 2095 2083
f 541 2097 2095
f 539 2083 2097
f 2095 2097 2083
f 140 2079 2091
f 537 2098 2079
f 541 2091 2098
f 2079 2098 2091
f 539 2097 2096
f 541 2098 2097
f 537 2096 2098
f 2097 2098 2096
f 10 1675 2100
f 434 2099 1675
f 544 2100 2099
f 1675 2099 2100
f 118 2101 1679
f 543 2102 2101
f 434 1679 2102
f 2101 2102 1679
f 147 2103 2105
f 544 2104 2103
f 543 2105 2104
f 2103 2104 2105
f 434 2102 2099
f 543 2104 2102
f 544 2099 2104
f 2102 2104 2099
f 33 2106 1691
f 545 2107 2106
f 438 1691 2107
f 2106 2107 1691
f 146 2108 2110
f 546 2109 2108
f 545 2110 2109
f 2108 2109 2110
f 118 1696 2112
f 438 2111 1696
f 546 2112 2111
f 1696 2111 2112
f 545 2109 2107
f 546 2111 2109
f 438 2107 2111
f 2109 2111 2107
f 42 2113 2115
f 547 2114 2113
f 549 2115 2114
f 2113 2114 2115
f 147 2116 2118
f 548 2117 2116
f 547 2118 2117
f 2116 2117 2118
f 146 2119 2121
f 549 2120 2119
f 548 2121 2120
f 2119 2120 2121
f 547 2117 2114
f 548 2120 2117
f 549 2114 2120
f 2117 2120 2114
f 118 2112 2101
f 546 2122 2112
f 543 2101 2122
f 2112 2122 2101
f 146 2121 2108
f 548 2123 2121
f 546 2108 2123
f 2121 2123 2108
f 147 2105 2116
f 543 2124 2105
f 548 2116 2124
f 2105 2124 2116
f 546 2123 2122
f 548 2124 2123
f 543 2122 2124
f 2123 2124 2122
f 41 2090 2056
f 542 2125 2090
f 532 2056 2125
f 2090 2125 2056
f 145 2126 2093
f 550 2127 2126
f 542 2093 2127
f 2126 2127 2093
f 143 2060 2129
f 532 2128 2060
f 550 2129 2128
f 2060 2128 2129
f 542 2127 2125
f 550 2128 2127
f 532 2125 2128
f 2127 2128 2125
f 42 2115 2080
f 549 2130 2115
f 538 2080 2130
f 2115 2130 2080
f 146 2131 2119
f 551 2132 2131
f 549 2119 2132
f 2131 2132 2119
f 145 2085 2134
f 538 2133 2085
f 551 2134 2133
f 2085 2133 2134
f 549 2132 2130
f 551 2133 2132
f 538 2130 2133
f 2132 2133 2130
f 33 2064 2106
f 535 2135 2064
f 545 2106 2135
f 2064 2135 2106
f 143 2136 2067
f 552 2137 2136
f 535 2067 2137
f 2136 2137 2067
f 146 2110 2139
f 545 2138 2110
f 552 2139 2138
f 2110 2138 2139
f 535 2137 2135
f 552 2138 2137
f 545 2135 2138
f 2137 2138 2135
f 145 2134 2126
f 551 2140 2134
f 550 2126 2140
f 2134 2140 2126
f 146 2139 2131
f 552 2141 2139
f 551 2131 2141
f 2139 2141 2131
f 143 2129 2136
f 550 2142 2129
f 552 2136 2142
f 2129 2142 2136
f 551 2141 2140
f 552 2142 2141
f 550 2140 2142
f 2141 2142 2140
f 5 1705 1295
f 443 2143 1705
f 333 1295 2143
f 1705 2143 1295
f 121 2144 1709
f 553 2145 2144
f 443 1709 2145
f 2144 2145 1709
f 89 1300 2147
f 333 2146 1300
f 553 2147 2146
f 1300 2146 2147
f 443 2145 2143
f 553 2146 2145
f 333 2143 2146
f 2145 2146 2143
f 34 2148 1721
f 554 2149 2148
f 447 1721 2149
f 2148 2149 1721
f 148 2150 2152
f 555 2151 2150
f 554 2152 2151
f 2150 2151 2152
f 121 1726 2154
f 447 2153 1726
f 555 2154 2153
f 1726 2153 2154
f 554 2151 2149
f 555 2153 2151
f 447 2149 2153
f 2151 2153 2149
f 26 1306 2156
f 338 2155 1306
f 557 2156 2155
f 1306 2155 2156
f 89 2157 1310
f 556 2158 2157
f 338 1310 2158
f 2157 2158 1310
f 148 2159 2161
f 557 2160 2159
f 556 2161 2160
f 2159 2160 2161
f 338 2158 2155
f 556 2160 2158
f 557 2155 2160
f 2158 2160 2155
f 121 2154 2144
f 555 2162 2154
f 553 2144 2162
f 2154 2162 2144
f 148 2161 2150
f 556 2163 2161
f 555 2150 2163
f 2161 2163 2150
f 89 2147 2157
f 553 2164 2147
f 556 2157 2164
f 2147 2164 2157
f 555 2163 2162
f 556 2164 2163
f 553 2162 2164
f 2163 2164 2162
f 10 1197 1673
f 309 2165 1197
f 432 1673 2165
f 1197 2165 1673
f 84 2166 1201
f 558 2167 2166
f 309 1201 2167
f 2166 2167 1201
f 116 1678 2169
f 432 2168 1678
f 558 2169 2168
f 1678 2168 2169
f 309 2167 2165
f 558 2168 2167
f 432 2165 2168
f 2167 2168 2165
f 23 2170 1213
f 559 2171 2170
f 313 1213 2171
f 2170 2171 1213
f 149 2172 2174
f 560 2173 2172
f 559 2174 2173
f 2172 2173 2174
f 84 1218 2176
f 313 2175 1218
f 560 2176 2175
f 1218 2175 2176
f 559 2173 2171
f 560 2175 2173
f 313 2171 2175
f 2173 2175 2171
f 34 1684 2178
f 437 2177 1684
f 562 2178 2177
f 1684 2177 2178
f 116 2179 1688
f 561 2180 2179
f 437 1688 2180
f 2179 2180 1688
f 149 2181 2183
f 562 2182 2181
f 561 2183 2182
f 2181 2182 2183
f 437 2180 2177
f 561 2182 2180
f 562 2177 2182
f 2180 2182 2177
f 84 2176 2166
f 560 2184 2176
f 558 2166 2184
f 2176 2184 2166
f 149 2183 2172
f 561 2185 2183
f 560 2172 2185
f 2183 2185 2172
f 116 2169 2179
f 558 2186 2169
f 561 2179 2186
f 2169 2186 2179
f 560 2185 2184
f 561 2186 2185
f 558 2184 2186
f 2185 2186 2184
f 6 1244 1169
f 320 2187 1244
f 300 1169 2187
f 1244 2187 1169
f 86 2188 1247
f 563 2189 2188
f 320 1247 2189
f 2188 2189 1247
f 80 1173 2191
f 300 2190 1173
f 563 2191 2190
f 1173 2190 2191
f 320 2189 2187
f 563 2190 2189
f 300 2187 2190
f 2189 2190 2187
f 26 2192 1257
f 564 2193 2192
f 323 1257 2193
f 2192 2193 1257
f 150 2194 2196
f 565 2195 2194
f 564 2196 2195
f 2194 2195 2196
f 86 1262 2198
f 323 2197 1262
f 565 2198 2197
f 1262 2197 2198
f 564 2195 2193
f 565 2197 2195
f 323 2193 2197
f 2195 2197 2193
f 23 1178 2200
f 304 2199 1178
f 567 2200 2199
f 1178 2199 2200
f 80 2201 1182
f 566 2202 2201
f 304 1182 2202
f 2201 2202 1182
f 150 2203 2205
f 567 2204 2203
f 566 2205 2204
f 2203 2204 2205
f 304 2202 2199
f 566 2204 2202
f 567 2199 2204
f 2202 2204 2199
f 86 2198 2188
f 565 2206 2198
f 563 2188 2206
f 2198 2206 2188
f 150 2205 2194
f 566 2207 2205
f 565 2194 2207
f 2205 2207 2194
f 80 2191 2201
f 563 2208 2191
f 566 2201 2208
f 2191 2208 2201
f 565 2207 2206
f 566 2208 2207
f 563 2206 2208
f 2207 2208 2206
f 34 2178 2148
f 562 2209 2178
f 554 2148 2209
f 2178 2209 2148
f 149 2210 2181
f 568 2211 2210
f 562 2181 2211
f 2210 2211 2181
f 148 2152 2213
f 554 2212 2152
f 568 2213 2212
f 2152 2212 2213
f 562 2211 2209
f 568 2212 2211
f 554 2209 2212
f 2211 2212 2209
f 23 2200 2170
f 567 2214 2200
f 559 2170 2214
f 2200 2214 2170
f 150 2215 2203
f 569 2216 2215
f 567 2203 2216
f 2215 2216 2203
f 149 2174 2218
f 559 2217 2174
f 569 2218 2217
f 2174 2217 2218
f 567 2216 2214
f 569 2217 2216
f 559 2214 2217
f 2216 2217 2214
f 26 2156 2192
f 557 2219 2156
f 564 2192 2219
f 2156 2219 2192
f 148 2220 2159
f 570 2221 2220
f 557 2159 2221
f 2220 2221 2159
f 150 2196 2223
f 564 2222 2196
f 570 2223 2222
f 2196 2222 2223
f 557 2221 2219
f 570 2222 2221
f 564 2219 2222
f 2221 2222 2219
f 149 2218 2210
f 569 2224 2218
f 568 2210 2224
f 2218 2224 2210
f 150 2223 2215
f 570 2225 2223
f 569 2215 2225
f 2223 2225 2215
f 148 2213 2220
f 568 2226 2213
f 570 2220 2226
f 2213 2226 2220
f 569 2225 2224
f 570 2226 2225
f 568 2224 2226
f 2225 2226 2224
f 3 1805 1395
f 469 2227 1805
f 359 1395 2227
f 1805 2227 1395
f 128 2228 1809
f 571 2229 2228
f 469 1809 2229
f 2228 2229 1809
f 96 1400 2231
f 359 2230 1400
f 571 2231 2230
f 1400 2230 2231
f 469 2229 2227
f 571 2230 2229
f 359 2227 2230
f 2229 2230 2227
f 36 2232 1821
f 572 2233 2232
f 473 1821 2233
f 2232 2233 1821
f 151 2234 2236
f 573 2235 2234
f 572 2236 2235
f 2234 2235 2236
f 128 1826 2238
f 473 2237 1826
f 573 2238 2237
f 1826 2237 2238
f 572 2235 2233
f 573 2237 2235
f 473 2233 2237
f 2235 2237 2233
f 28 1406 2240
f 364 2239 1406
f 575 2240 2239
f 1406 2239 2240
f 96 2241 1410
f 574 2242 2241
f 364 1410 2242
f 2241 2242 1410
f 151 2243 2245
f 575 2244 2243
f 574 2245 2244
f 2243 2244 2245
f 364 2242 2239
f 574 2244 2242
f 575 2239 2244
f 2242 2244 2239
f 128 2238 2228
f 573 2246 2238
f 571 2228 2246
f 2238 2246 2228
f 151 2245 2234
f 574 2247 2245
f 573 2234 2247
f 2245 2247 2234
f 96 2231 2241
f 571 2248 2231
f 574 2241 2248
f 2231 2248 2241
f 573 2247 2246
f 574 2248 2247
f 571 2246 2248
f 2247 2248 2246
f 5 1297 1777
f 335 2249 1297
f 460 1777 2249
f 1297 2249 1777
f 91 2250 1301
f 576 2251 2250
f 335 1301 2251
f 2250 2251 1301
f 124 1781 2253
f 460 2252 1781
f 576 2253 2252
f 1781 2252 2253
f 335 2251 2249
f 576 2252 2251
f 460 2249 2252
f 2251 2252 2249
f 25 2254 1313
f 577 2255 2254
f 339 1313 2255
f 2254 2255 1313
f 152 2256 2258
f 578 2257 2256
f 577 2258 2257
f 2256 2257 2258
f 91 1318 2260
f 339 2259 1318
f 578 2260 2259
f 1318 2259 2260
f 577 2257 2255
f 578 2259 2257
f 339 2255 2259
f 2257 2259 2255
f 36 1786 2262
f 464 2261 1786
f 580 2262 2261
f 1786 2261 2262
f 124 2263 1790
f 579 2264 2263
f 464 1790 2264
f 2263 2264 1790
f 152 2265 2267
f 580 2266 2265
f 579 2267 2266
f 2265 2266 2267
f 464 2264 2261
f 579 2266 2264
f 580 2261 2266
f 2264 2266 2261
f 91 2260 2250
f 578 2268 2260
f 576 2250 2268
f 2260 2268 2250
f 152 2267 2256
f 579 2269 2267
f 578 2256 2269
f 2267 2269 2256
f 124 2253 2263
f 576 2270 2253
f 579 2263 2270
f 2253 2270 2263
f 578 2269 2268
f 579 2270 2269
f 576 2268 2270
f 2269 2270 2268
f 12 1344 1269
f 346 2271 1344
f 326 1269 2271
f 1344 2271 1269
f 93 2272 1347
f 581 2273 2272
f 346 1347 2273
f 2272 2273 1347
f 87 1273 2275
f 326 2274 1273
f 581 2275 2274
f 1273 2274 2275
f 346 2273 2271
f 581 2274 2273
f 326 2271 2274
f 2273 2274 2271
f 28 2276 1357
f 582 2277 2276
f 349 1357 2277
f 2276 2277 1357
f 153 2278 2280
f 583 2279 2278
f 582 2280 2279
f 2278 2279 2280
f 93 1362 2282
f 349 2281 1362
f 583 2282 2281
f 1362 2281 2282
f 582 2279 2277
f 583 2281 2279
f 349 2277 2281
f 2279 2281 2277
f 25 1278 2284
f 330 2283 1278
f 585 2284 2283
f 1278 2283 2284
f 87 2285 1282
f 584 2286 2285
f 330 1282 2286
f 2285 2286 1282
f 153 2287 2289
f 585 2288 2287
f 584 2289 2288
f 2287 2288 2289
f 330 2286 2283
f 584 2288 2286
f 585 2283 2288
f 2286 2288 2283
f 93 2282 2272
f 583 2290 2282
f 581 2272 2290
f 2282 2290 2272
f 153 2289 2278
f 584 2291 2289
f 583 2278 2291
f 2289 2291 2278
f 87 2275 2285
f 581 2292 2275
f 584 2285 2292
f 2275 2292 2285
f 583 2291 2290
f 584 2292 2291
f 581 2290 2292
f 2291 2292 2290
f 36 2262 2232
f 580 2293 2262
f 572 2232 2293
f 2262 2293 2232
f 152 2294 2265
f 586 2295 2294
f 580 2265 2295
f 2294 2295 2265
f 151 2236 2297
f 572 2296 2236
f 586 2297 2296
f 2236 2296 2297
f 580 2295 2293
f 586 2296 2295
f 572 2293 2296
f 2295 2296 2293
f 25 2284 2254
f 585 2298 2284
f 577 2254 2298
f 2284 2298 2254
f 153 2299 2287
f 587 2300 2299
f 585 2287 2300
f 2299 2300 2287
f 152 2258 2302
f 577 2301 2258
f 587 2302 2301
f 2258 2301 2302
f 585 2300 2298
f 587 2301 2300
f 577 2298 2301
f 2300 2301 2298
f 28 2240 2276
f 575 2303 2240
f 582 2276 2303
f 2240 2303 2276
f 151 2304 2243
f 588 2305 2304
f 575 2243 2305
f 2304 2305 2243
f 153 2280 2307
f 582 2306 2280
f 588 2307 2306
f 2280 2306 2307
f 575 2305 2303
f 588 2306 2305
f 582 2303 2306
f 2305 2306 2303
f 152 2302 2294
f 587 2308 2302
f 586 2294 2308
f 2302 2308 2294
f 153 2307 2299
f 588 2309 2307
f 587 2299 2309
f 2307 2309 2299
f 151 2297 2304
f 586 2310 2297
f 588 2304 2310
f 2297 2310 2304
f 587 2309 2308
f 588 2310 2309
f 586 2308 2310
f 2309 2310 2308
f 7 1905 1495
f 495 2311 1905
f 385 1495 2311
f 1905 2311 1495
f 135 2312 1909
f 589 2313 2312
f 495 1909 2313
f 2312 2313 1909
f 103 1500 2315
f 385 2314 1500
f 589 2315 2314
f 1500 2314 2315
f 495 2313 2311
f 589 2314 2313
f 385 2311 2314
f 2313 2314 2311
f 38 2316 1921
f 590 2317 2316
f 499 1921 2317
f 2316 2317 1921
f 154 2318 2320
f 591 2319 2318
f 590 2320 2319
f 2318 2319 2320
f 135 1926 2322
f 499 2321 1926
f 591 2322 2321
f 1926 2321 2322
f 590 2319 2317
f 591 2321 2319
f 499 2317 2321
f 2319 2321 2317
f 30 1506 2324
f 390 2323 1506
f 593 2324 2323
f 1506 2323 2324
f 103 2325 1510
f 592 2326 2325
f 390 1510 2326
f 2325 2326 1510
f 154 2327 2329
f 593 2328 2327
f 592 2329 2328
f 2327 2328 2329
f 390 2326 2323
f 592 2328 2326
f 593 2323 2328
f 2326 2328 2323
f 135 2322 2312
f 591 2330 2322
f 589 2312 2330
f 2322 2330 2312
f 154 2329 2318
f 592 2331 2329
f 591 2318 2331
f 2329 2331 2318
f 103 2315 2325
f 589 2332 2315
f 592 2325 2332
f 2315 2332 2325
f 591 2331 2330
f 592 2332 2331
f 589 2330 2332
f 2331 2332 2330
f 3 1397 1877
f 361 2333 1397
f 486 1877 2333
f 1397 2333 1877
f 98 2334 1401
f 594 2335 2334
f 361 1401 2335
f 2334 2335 1401
f 131 1881 2337
f 486 2336 1881
f 594 2337 2336
f 1881 2336 2337
f 361 2335 2333
f 594 2336 2335
f 486 2333 2336
f 2335 2336 2333
f 27 2338 1413
f 595 2339 2338
f 365 1413 2339
f 2338 2339 1413
f 155 2340 2342
f 596 2341 2340
f 595 2342 2341
f 2340 2341 2342
f 98 1418 2344
f 365 2343 1418
f 596 2344 2343
f 1418 2343 2344
f 595 2341 2339
f 596 2343 2341
f 365 2339 2343
f 2341 2343 2339
f 38 1886 2346
f 490 2345 1886
f 598 2346 2345
f 1886 2345 2346
f 131 2347 1890
f 597 2348 2347
f 490 1890 2348
f 2347 2348 1890
f 155 2349 2351
f 598 2350 2349
f 597 2351 2350
f 2349 2350 2351
f 490 2348 2345
f 597 2350 2348
f 598 2345 2350
f 2348 2350 2345
f 98 2344 2334
f 596 2352 2344
f 594 2334 2352
f 2344 2352 2334
f 155 2351 2340
f 597 2353 2351
f 596 2340 2353
f 2351 2353 2340
f 131 2337 2347
f 594 2354 2337
f 597 2347 2354
f 2337 2354 2347
f 596 2353 2352
f 597 2354 2353
f 594 2352 2354
f 2353 2354 2352
f 11 1444 1369
f 372 2355 1444
f 352 1369 2355
f 1444 2355 1369
f 100 2356 1447
f 599 2357 2356
f 372 1447 2357
f 2356 2357 1447
f 94 1373 2359
f 352 2358 1373
f 599 2359 2358
f 1373 2358 2359
f 372 2357 2355
f 599 2358 2357
f 352 2355 2358
f 2357 2358 2355
f 30 2360 1457
f 600 2361 2360
f 375 1457 2361
f 2360 2361 1457
f 156 2362 2364
f 601 2363 2362
f 600 2364 2363
f 2362 2363 2364
f 100 1462 2366
f 375 2365 1462
f 601 2366 2365
f 1462 2365 2366
f 600 2363 2361
f 601 2365 2363
f 375 2361 2365
f 2363 2365 2361
f 27 1378 2368
f 356 2367 1378
f 603 2368 2367
f 1378 2367 2368
f 94 2369 1382
f 602 2370 2369
f 356 1382 2370
f 2369 2370 1382
f 156 2371 2373
f 603 2372 2371
f 602 2373 2372
f 2371 2372 2373
f 356 2370 2367
f 602 2372 2370
f 603 2367 2372
f 2370 2372 2367
f 100 2366 2356
f 601 2374 2366
f 599 2356 2374
f 2366 2374 2356
f 156 2373 2362
f 602 2375 2373
f 601 2362 2375
f 2373 2375 2362
f 94 2359 2369
f 599 2376 2359
f 602 2369 2376
f 2359 2376 2369
f 601 2375 2374
f 602 2376 2375
f 599 2374 2376
f 2375 2376 2374
f 38 2346 2316
f 598 2377 2346
f 590 2316 2377
f 2346 2377 2316
f 155 2378 2349
f 604 2379 2378
f 598 2349 2379
f 2378 2379 2349
f 154 2320 2381
f 590 2380 2320
f 604 2381 2380
f 2320 2380 2381
f 598 2379 2377
f 604 2380 2379
f 590 2377 2380
f 2379 2380 2377
f 27 2368 2338
f 603 2382 2368
f 595 2338 2382
f 2368 2382 2338
f 156 2383 2371
f 605 2384 2383
f 603 2371 2384
f 2383 2384 2371
f 155 2342 2386
f 595 2385 2342
f 605 2386 2385
f 2342 2385 2386
f 603 2384 2382
f 605 2385 2384
f 595 2382 2385
f 2384 2385 2382
f 30 2324 2360
f 593 2387 2324
f 600 2360 2387
f 2324 2387 2360
f 154 2388 2327
f 606 2389 2388
f 593 2327 2389
f 2388 2389 2327
f 156 2364 2391
f 600 2390 2364
f 606 2391 2390
f 2364 2390 2391
f 593 2389 2387
f 606 2390 2389
f 600 2387 2390
f 2389 2390 2387
f 155 2386 2378
f 605 2392 2386
f 604 2378 2392
f 2386 2392 2378
f 156 2391 2383
f 606 2393 2391
f 605 2383 2393
f 2391 2393 2383
f 154 2381 2388
f 604 2394 2381
f 606 2388 2394
f 2381 2394 2388
f 605 2393 2392
f 606 2394 2393
f 604 2392 2394
f 2393 2394 2392
f 9 2005 1595
f 521 2395 2005
f 411 1595 2395
f 2005 2395 1595
f 142 2396 2009
f 607 2397 2396
f 521 2009 2397
f 2396 2397 2009
f 110 1600 2399
f 411 2398 1600
f 607 2399 2398
f 1600 2398 2399
f 521 2397 2395
f 607 2398 2397
f 411 2395 2398
f 2397 2398 2395
f 40 2400 2021
f 608 2401 2400
f 525 2021 2401
f 2400 2401 2021
f 157 2402 2404
f 609 2403 2402
f 608 2404 2403
f 2402 2403 2404
f 142 2026 2406
f 525 2405 2026
f 609 2406 2405
f 2026 2405 2406
f 608 2403 2401
f 609 2405 2403
f 525 2401 2405
f 2403 2405 2401
f 32 1606 2408
f 416 2407 1606
f 611 2408 2407
f 1606 2407 2408
f 110 2409 1610
f 610 2410 2409
f 416 1610 2410
f 2409 2410 1610
f 157 2411 2413
f 611 2412 2411
f 610 2413 2412
f 2411 2412 2413
f 416 2410 2407
f 610 2412 2410
f 611 2407 2412
f 2410 2412 2407
f 142 2406 2396
f 609 2414 2406
f 607 2396 2414
f 2406 2414 2396
f 157 2413 2402
f 610 2415 2413
f 609 2402 2415
f 2413 2415 2402
f 110 2399 2409
f 607 2416 2399
f 610 2409 2416
f 2399 2416 2409
f 609 2415 2414
f 610 2416 2415
f 607 2414 2416
f 2415 2416 2414
f 7 1497 1977
f 387 2417 1497
f 512 1977 2417
f 1497 2417 1977
f 105 2418 1501
f 612 2419 2418
f 387 1501 2419
f 2418 2419 1501
f 138 1981 2421
f 512 2420 1981
f 612 2421 2420
f 1981 2420 2421
f 387 2419 2417
f 612 2420 2419
f 512 2417 2420
f 2419 2420 2417
f 29 2422 1513
f 613 2423 2422
f 391 1513 2423
f 2422 2423 1513
f 158 2424 2426
f 614 2425 2424
f 613 2426 2425
f 2424 2425 2426
f 105 1518 2428
f 391 2427 1518
f 614 2428 2427
f 1518 2427 2428
f 613 2425 2423
f 614 2427 2425
f 391 2423 2427
f 2425 2427 2423
f 40 1986 2430
f 516 2429 1986
f 616 2430 2429
f 1986 2429 2430
f 138 2431 1990
f 615 2432 2431
f 516 1990 2432
f 2431 2432 1990
f 158 2433 2435
f 616 2434 2433
f 615 2435 2434
f 2433 2434 2435
f 516 2432 2429
f 615 2434 2432
f 616 2429 2434
f 2432 2434 2429
f 105 2428 2418
f 614 2436 2428
f 612 2418 2436
f 2428 2436 2418
f 158 2435 2424
f 615 2437 2435
f 614 2424 2437
f 2435 2437 2424
f 138 2421 2431
f 612 2438 2421
f 615 2431 2438
f 2421 2438 2431
f 614 2437 2436
f 615 2438 2437
f 612 2436 2438
f 2437 2438 2436
f 8 1544 1469
f 398 2439 1544
f 378 1469 2439
f 1544 2439 1469
f 107 2440 1547
f 617 2441 2440
f 398 1547 2441
f 2440 2441 1547
f 101 1473 2443
f 378 2442 1473
f 617 2443 2442
f 1473 2442 2443
f 398 2441 2439
f 617 2442 2441
f 378 2439 2442
f 2441 2442 2439
f 32 2444 1557
f 618 2445 2444
f 401 1557 2445
f 2444 2445 1557
f 159 2446 2448
f 619 2447 2446
f 618 2448 2447
f 2446 2447 2448
f 107 1562 2450
f 401 2449 1562
f 619 2450 2449
f 1562 2449 2450
f 618 2447 2445
f 619 2449 2447
f 401 2445 2449
f 2447 2449 2445
f 29 1478 2452
f 382 2451 1478
f 621 2452 2451
f 1478 2451 2452
f 101 2453 1482
f 620 2454 2453
f 382 1482 2454
f 2453 2454 1482
f 159 2455 2457
f 621 2456 2455
f 620 2457 2456
f 2455 2456 2457
f 382 2454 2451
f 620 2456 2454
f 621 2451 2456
f 2454 2456 2451
f 107 2450 2440
f 619 2458 2450
f 617 2440 2458
f 2450 2458 2440
f 159 2457 2446
f 620 2459 2457
f 619 2446 2459
f 2457 2459 2446
f 101 2443 2453
f 617 2460 2443
f 620 2453 2460
f 2443 2460 2453
f 619 2459 2458
f 620 2460 2459
f 617 2458 2460
f 2459 2460 2458
f 40 2430 2400
f 616 2461 2430
f 608 2400 2461
f 2430 2461 2400
f 158 2462 2433
f 622 2463 2462
f 616 2433 2463
f 2462 2463 2433
f 157 2404 2465
f 608 2464 2404
f 622 2465 2464
f 2404 2464 2465
f 616 2463 2461
f 622 2464 2463
f 608 2461 2464
f 2463 2464 2461
f 29 2452 2422
f 621 2466 2452
f 613 2422 2466
f 2452 2466 2422
f 159 2467 2455
f 623 2468 2467
f 621 2455 2468
f 2467 2468 2455
f 158 2426 2470
f 613 2469 2426
f 623 2470 2469
f 2426 2469 2470
f 621 2468 2466
f 623 2469 2468
f 613 2466 2469
f 2468 2469 2466
f 32 2408 2444
f 611 2471 2408
f 618 2444 2471
f 2408 2471 2444
f 157 2472 2411
f 624 2473 2472
f 611 2411 2473
f 2472 2473 2411
f 159 2448 2475
f 618 2474 2448
f 624 2475 2474
f 2448 2474 2475
f 611 2473 2471
f 624 2474 2473
f 618 2471 2474
f 2473 2474 2471
f 158 2470 2462
f 623 2476 2470
f 622 2462 2476
f 2470 2476 2462
f 159 2475 2467
f 624 2477 2475
f 623 2467 2477
f 2475 2477 2467
f 157 2465 2472
f 622 2478 2465
f 624 2472 2478
f 2465 2478 2472
f 623 2477 2476
f 624 2478 2477
f 622 2476 2478
f 2477 2478 2476
f 10 2100 1195
f 544 2479 2100
f 307 1195 2479
f 2100 2479 1195
f 147 2480 2103
f 625 2481 2480
f 544 2103 2481
f 2480 2481 2103
f 82 1200 2483
f 307 2482 1200
f 625 2483 2482
f 1200 2482 2483
f 544 2481 2479
f 625 2482 2481
f 307 2479 2482
f 2481 2482 2479
f 42 2484 2113
f 626 2485 2484
f 547 2113 2485
f 2484 2485 2113
f 160 2486 2488
f 627 2487 2486
f 626 2488 2487
f 2486 2487 2488
f 147 2118 2490
f 547 2489 2118
f 627 2490 2489
f 2118 2489 2490
f 626 2487 2485
f 627 2489 2487
f 547 2485 2489
f 2487 2489 2485
f 24 1206 2492
f 312 2491 1206
f 629 2492 2491
f 1206 2491 2492
f 82 2493 1210
f 628 2494 2493
f 312 1210 2494
f 2493 2494 1210
f 160 2495 2497
f 629 2496 2495
f 628 2497 2496
f 2495 2496 2497
f 312 2494 2491
f 628 2496 2494
f 629 2491 2496
f 2494 2496 2491
f 147 2490 2480
f 627 2498 2490
f 625 2480 2498
f 2490 2498 2480
f 160 2497 2486
f 628 2499 2497
f 627 2486 2499
f 2497 2499 2486
f 82 2483 2493
f 625 2500 2483
f 628 2493 2500
f 2483 2500 2493
f 627 2499 2498
f 628 2500 2499
f 625 2498 2500
f 2499 2500 2498
f 9 1597 2073
f 413 2501 1597
f 536 2073 2501
f 1597 2501 2073
f 112 2502 1601
f 630 2503 2502
f 413 1601 2503
f 2502 2503 1601
f 144 2077 2505
f 536 2504 2077
f 630 2505 2504
f 2077 2504 2505
f 413 2503 2501
f 630 2504 2503
f 536 2501 2504
f 2503 2504 2501
f 31 2506 1613
f 631 2507 2506
f 417 1613 2507
f 2506 2507 1613
f 161 2508 2510
f 632 2509 2508
f 631 2510 2509
f 2508 2509 2510
f 112 1618 2512
f 417 2511 1618
f 632 2512 2511
f 1618 2511 2512
f 631 2509 2507
f 632 2511 2509
f 417 2507 2511
f 2509 2511 2507
f 42 2082 2514
f 540 2513 2082
f 634 2514 2513
f 2082 2513 2514
f 144 2515 2086
f 633 2516 2515
f 540 2086 2516
f 2515 2516 2086
f 161 2517 2519
f 634 2518 2517
f 633 2519 2518
f 2517 2518 2519
f 540 2516 2513
f 633 2518 2516
f 634 2513 2518
f 2516 2518 2513
f 112 2512 2502
f 632 2520 2512
f 630 2502 2520
f 2512 2520 2502
f 161 2519 2508
f 633 2521 2519
f 632 2508 2521
f 2519 2521 2508
f 144 2505 2515
f 630 2522 2505
f 633 2515 2522
f 2505 2522 2515
f 632 2521 2520
f 633 2522 2521
f 630 2520 2522
f 2521 2522 2520
f 2 1144 1569
f 294 2523 1144
f 404 1569 2523
f 1144 2523 1569
f 79 2524 1147
f 635 2525 2524
f 294 1147 2525
f 2524 2525 1147
f 108 1573 2527
f 404 2526 1573
f 635 2527 2526
f 1573 2526 2527
f 294 2525 2523
f 635 2526 2525
f 404 2523 2526
f 2525 2526 2523
f 24 2528 1157
f 636 2529 2528
f 297 1157 2529
f 2528 2529 1157
f 162 2530 2532
f 637 2531 2530
f 636 2532 2531
f 2530 2531 2532
f 79 1162 2534
f 297 2533 1162
f 637 2534 2533
f 1162 2533 2534
f 636 2531 2529
f 637 2533 2531
f 297 2529 2533
f 2531 2533 2529
f 31 1578 2536
f 408 2535 1578
f 639 2536 2535
f 1578 2535 2536
f 108 2537 1582
f 638 2538 2537
f 408 1582 2538
f 2537 2538 1582
f 162 2539 2541
f 639 2540 2539
f 638 2541 2540
f 2539 2540 2541
f 408 2538 2535
f 638 2540 2538
f 639 2535 2540
f 2538 2540 2535
f 79 2534 2524
f 637 2542 2534
f 635 2524 2542
f 2534 2542 2524
f 162 2541 2530
f 638 2543 2541
f 637 2530 2543
f 2541 2543 2530
f 108 2527 2537
f 635 2544 2527
f 638 2537 2544
f 2527 2544 2537
f 637 2543 2542
f 638 2544 2543
f 635 2542 2544
f 2543 2544 2542
f 42 2514 2484
f 634 2545 2514
f 626 2484 2545
f 2514 2545 2484
f 161 2546 2517
f 640 2547 2546
f 634 2517 2547
f 2546 2547 2517
f 160 2488 2549
f 626 2548 2488
f 640 2549 2548
f 2488 2548 2549
f 634 2547 2545
f 640 2548 2547
f 626 2545 2548
f 2547 2548 2545
f 31 2536 2506
f 639 2550 2536
f 631 2506 2550
f 2536 2550 2506
f 162 2551 2539
f 641 2552 2551
f 639 2539 2552
f 2551 2552 2539
f 161 2510 2554
f 631 2553 2510
f 641 2554 2553
f 2510 2553 2554
f 639 2552 2550
f 641 2553 2552
f 631 2550 2553
f 2552 2553 2550
f 24 2492 2528
f 629 2555 2492
f 636 2528 2555
f 2492 2555 2528
f 160 2556 2495
f 642 2557 2556
f 629 2495 2557
f 2556 2557 2495
f 162 2532 2559
f 636 2558 2532
f 642 2559 2558
f 2532 2558 2559
f 629 2557 2555
f 642 2558 2557
f 636 2555 2558
f 2557 2558 2555
f 161 2554 2546
f 641 2560 2554
f 640 2546 2560
f 2554 2560 2546
f 162 2559 2551
f 642 2561 2559
f 641 2551 2561
f 2559 2561 2551
f 160 2549 2556
f 640 2562 2549
f 642 2556 2562
f 2549 2562 2556
f 641 2561 2560
f 642 2562 2561
f 640 2560 2562
f 2561 2562 2560
