# regolith_gen synthetic particle
# verts: 2562  tris: 5120
v -0.555923 0.813836 0.000000
v 0.547893 0.802080 0.000000
v -0.561101 -0.821416 0.000000
v 0.556477 -0.814646 0.000000
v 0.000000 -0.505698 0.861301
v 0.000000 0.479941 0.817432
v 0.000000 -0.500552 -0.852537
v 0.000000 0.493812 -0.841058
v 0.875731 0.000000 -0.515459
v 0.890639 0.000000 0.524234
v -0.903575 0.000000 -0.531848
v -0.917736 0.000000 0.540183
v -0.900082 0.503302 0.327429
v -0.526725 0.294531 0.811675
v -0.325890 0.771936 0.502192
v 0.314111 0.744035 0.484041
v 0.000000 0.952979 0.000000
v 0.337037 0.798339 -0.519369
v -0.321649 0.761890 -0.495657
v -0.527023 0.294697 -0.812134
v -0.863359 0.482767 -0.314070
v -1.074070 0.000000 0.000000
v 0.526042 0.294149 0.810623
v 0.823005 0.460203 0.299391
v -0.542227 -0.303199 0.835564
v 0.000000 0.000000 1.012892
v -0.826010 -0.461883 -0.300483
v -0.878173 -0.491051 0.319459
v 0.000000 0.000000 -0.994180
v -0.523508 -0.292732 -0.806718
v 0.862413 0.482238 -0.313726
v 0.502618 0.281051 -0.774527
v 0.875507 -0.489560 0.318489
v 0.510461 -0.285436 0.786613
v 0.327300 -0.775274 0.504364
v -0.336001 -0.795886 0.517773
v 0.000000 -0.938768 0.000000
v -0.325068 -0.769987 -0.500924
v 0.321098 -0.760584 -0.494807
v 0.508013 -0.284067 -0.782840
v 0.864919 -0.483640 -0.314638
v 1.055017 0.000000 0.000000
v -0.755219 0.691434 0.166520
v -0.639042 0.676946 0.440396
v -0.462568 0.832101 0.263877
v -0.749859 0.155222 0.705743
v -0.758493 0.424129 0.616981
v -0.944101 0.257337 0.452234
v -0.164284 0.642016 0.683858
v -0.450728 0.563568 0.694566
v -0.265489 0.401021 0.839284
v -0.169010 0.895171 0.260441
v -0.283067 0.901540 0.000000
v 0.164696 0.643627 0.685574
v 0.000000 0.764878 0.497600
v 0.293834 0.935832 0.000000
v 0.166238 0.880489 0.256170
v 0.443939 0.798589 0.253249
v -0.170866 0.905002 -0.263301
v -0.456748 0.821631 -0.260557
v 0.468947 0.843576 -0.267516
v 0.177184 0.938466 -0.273037
v -0.168643 0.659052 -0.702004
v 0.000000 0.814046 -0.529587
v 0.170134 0.664879 -0.708211
v -0.612874 0.649226 -0.422362
v -0.732915 0.671015 -0.161602
v -0.267440 0.403967 -0.845450
v -0.441455 0.551974 -0.680276
v -0.908041 0.247508 -0.434961
v -0.709258 0.396598 -0.576932
v -0.747862 0.154808 -0.703863
v -0.922473 0.515823 0.000000
v -1.012260 0.000000 -0.273868
v -1.029484 0.257443 -0.167483
v -1.034204 0.258623 0.168251
v -1.033071 0.000000 0.279499
v 0.610634 0.646853 0.420818
v 0.718780 0.658073 0.158486
v 0.271141 0.409558 0.857151
v 0.445935 0.557575 0.687179
v 0.901029 0.245596 0.431602
v 0.714250 0.399390 0.580993
v 0.735765 0.152305 0.692478
v -0.276797 0.154778 0.953774
v 0.000000 0.259875 0.962946
v -0.766456 -0.158658 0.721363
v -0.556073 0.000000 0.856901
v 0.000000 -0.263766 0.977364
v -0.280149 -0.156652 0.965322
v -0.280828 -0.424190 0.887775
v -1.020433 -0.255180 0.166010
v -0.926996 -0.252674 0.444041
v -0.895105 -0.243982 -0.428765
v -0.988076 -0.247088 -0.160746
v -0.739170 -0.676741 0.162981
v -0.888760 -0.496971 0.000000
v -0.725819 -0.664517 -0.160038
v -0.565915 0.000000 -0.872067
v -0.743692 -0.153945 -0.699938
v 0.000000 0.250326 -0.927564
v -0.274865 0.153697 -0.947116
v -0.267417 -0.403933 -0.845379
v -0.277392 -0.155110 -0.955822
v 0.000000 -0.258403 -0.957492
v 0.450483 0.563262 -0.694188
v 0.268315 0.405288 -0.848216
v 0.739686 0.677214 -0.163095
v 0.640288 0.678265 -0.441254
v 0.694453 0.143753 -0.653597
v 0.714680 0.399630 -0.581342
v 0.902722 0.246058 -0.432413
v 0.750040 -0.686693 0.165378
v 0.630445 -0.667839 0.434471
v 0.463108 -0.833072 0.264185
v 0.719097 -0.148854 0.676791
v 0.710869 -0.397499 0.578243
v 0.913015 -0.248863 0.437344
v 0.170316 -0.665590 0.708969
v 0.443820 -0.554931 0.683920
v 0.274005 -0.413883 0.866203
v 0.167841 -0.888982 0.258640
v 0.283977 -0.904436 0.000000
v -0.174483 -0.681873 0.726313
v 0.000000 -0.813314 0.529111
v -0.288501 -0.918844 0.000000
v -0.169416 -0.897321 0.261067
v -0.458254 -0.824339 0.261415
v 0.168091 -0.890307 -0.259026
v 0.454936 -0.818372 -0.259523
v -0.459152 -0.825955 -0.261928
v -0.167919 -0.889395 -0.258761
v 0.172085 -0.672505 -0.716334
v 0.000000 -0.811884 -0.528181
v -0.170222 -0.665223 -0.708577
v 0.622607 -0.659536 -0.429069
v 0.744462 -0.681586 -0.164148
v 0.274736 -0.414988 -0.868515
v 0.450772 -0.563623 -0.694633
v 0.899667 -0.245225 -0.430950
v 0.704319 -0.393836 -0.572914
v 0.708421 -0.146644 -0.666743
v 0.934302 -0.522437 0.000000
v 1.004880 0.000000 -0.271872
v 1.015878 -0.254041 -0.165269
v 1.039735 -0.260007 0.169150
v 1.009155 0.000000 0.273028
v 0.278745 -0.155867 0.960483
v 0.541287 0.000000 0.834115
v 0.280409 0.156797 0.966219
v -0.631599 -0.669061 0.435266
v -0.464018 -0.580185 0.715044
v -0.757109 -0.423355 0.615855
v -0.449806 -0.562416 -0.693145
v -0.610209 -0.646403 -0.420525
v -0.729965 -0.408177 -0.593776
v 0.520241 0.000000 -0.801684
v 0.271224 -0.151661 -0.934568
v 0.266425 0.148978 -0.918035
v 0.987935 0.247053 0.160723
v 0.996280 0.249140 -0.162081
v 0.880095 0.492126 0.000000
v -0.652134 0.751228 0.081803
v -0.612607 0.769078 0.217566
v -0.513844 0.830050 0.132536
v -0.784403 0.603705 0.392748
v -0.711360 0.698187 0.309755
v -0.843692 0.610575 0.251107
v -0.399836 0.814024 0.389503
v -0.557341 0.765447 0.355998
v -0.489189 0.738919 0.480713
v -0.841142 0.078727 0.629186
v -0.857663 0.208543 0.588673
v -0.934663 0.128276 0.498571
v -0.651252 0.364163 0.729136
v -0.766533 0.292304 0.672966
v -0.641528 0.226774 0.763846
v -0.927782 0.381573 0.392677
v -0.858240 0.343083 0.538467
v -0.841204 0.470379 0.479873
v -0.081910 0.562668 0.754101
v -0.216010 0.524094 0.765489
v -0.132978 0.444243 0.834904
v -0.397241 0.683636 0.612142
v -0.306279 0.606084 0.692082
v -0.245800 0.711626 0.599169
v -0.397955 0.352006 0.833773
v -0.356453 0.480862 0.768346
v -0.499173 0.437711 0.769217
v -0.713448 0.563314 0.539495
v -0.618101 0.508808 0.674553
v -0.557734 0.635547 0.583818
v -0.376802 0.879634 0.131887
v -0.422806 0.867819 0.000000
v -0.250010 0.844427 0.385262
v -0.316415 0.870690 0.264161
v -0.143157 0.929922 0.000000
v -0.228109 0.906103 0.131061
v -0.085272 0.926536 0.131402
v 0.082176 0.564492 0.756545
v 0.000000 0.641020 0.682797
v 0.157449 0.765090 0.497738
v 0.081729 0.711004 0.594976
v 0.243354 0.704546 0.593208
v -0.082163 0.714782 0.598137
v -0.159521 0.775158 0.504288
v 0.428693 0.879902 0.000000
v 0.378248 0.883010 0.132393
v 0.500196 0.808004 0.129016
v 0.086324 0.937969 0.133024
v 0.232173 0.922244 0.133396
v 0.146349 0.950655 0.000000
v 0.384668 0.783144 0.374727
v 0.311163 0.856237 0.259776
v 0.243372 0.822006 0.375032
v -0.083441 0.837244 0.385744
v 0.082440 0.827202 0.381117
v 0.000000 0.890011 0.258940
v -0.375227 0.875958 -0.131336
v -0.510167 0.824112 -0.131588
v -0.086715 0.942218 -0.133626
v -0.230611 0.916038 -0.132498
v -0.390446 0.794907 -0.380356
v -0.316656 0.871351 -0.264362
v -0.249207 0.841715 -0.384024
v 0.513659 0.829752 -0.132489
v 0.385047 0.898882 -0.134773
v 0.263361 0.889523 -0.405836
v 0.329663 0.907144 -0.275221
v 0.412123 0.839039 -0.401473
v 0.238617 0.947840 -0.137098
v 0.087931 0.955428 -0.135500
v -0.084954 0.583579 -0.782126
v 0.000000 0.673107 -0.716976
v 0.085648 0.588346 -0.788515
v -0.164504 0.799373 -0.520042
v -0.085139 0.740676 -0.619806
v -0.248906 0.720620 -0.606741
v 0.256366 0.742218 -0.624927
v 0.085787 0.746310 -0.624521
v 0.168684 0.819685 -0.533256
v 0.000000 0.929211 -0.270345
v 0.089255 0.895579 -0.412621
v -0.086961 0.872565 -0.402017
v -0.602407 0.756271 -0.213944
v -0.648632 0.747194 -0.081363
v -0.471300 0.711897 -0.463133
v -0.541340 0.743472 -0.345778
v -0.810241 0.586367 -0.241151
v -0.678986 0.666412 -0.295658
v -0.747975 0.575669 -0.374508
v -0.134556 0.449514 -0.844810
v -0.219821 0.533341 -0.778995
v -0.482576 0.423158 -0.743643
v -0.356808 0.481341 -0.769112
v -0.395776 0.350078 -0.829207
v -0.309106 0.611681 -0.698472
v -0.386897 0.665834 -0.596202
v -0.921214 0.126430 -0.491397
v -0.841518 0.204618 -0.577591
v -0.838317 0.078462 -0.627073
v -0.792602 0.443202 -0.452148
v -0.817567 0.326824 -0.512949
v -0.885407 0.364145 -0.374742
v -0.648488 0.229234 -0.772133
v -0.733976 0.279889 -0.644383
v -0.629713 0.352119 -0.705021
v -0.533099 0.607474 -0.558031
v -0.584017 0.480751 -0.637356
v -0.677080 0.534599 -0.511994
v -0.741196 0.678596 0.000000
v -0.903615 0.505278 -0.160234
v -0.830154 0.597096 -0.082225
v -0.841057 0.604938 0.083305
v -0.922942 0.516085 0.163661
v -0.968917 0.000000 -0.406765
v -0.988490 0.127388 -0.364862
v -1.062046 0.129462 -0.084223
v -1.036057 0.128807 -0.224747
v -1.051558 0.000000 -0.139491
v -0.978020 0.255042 -0.306258
v -0.954652 0.374366 -0.243549
v -1.004856 0.129497 0.370902
v -0.979641 0.000000 0.411267
v -0.975689 0.382616 0.248915
v -1.005916 0.262316 0.314993
v -1.061484 0.000000 0.140807
v -1.048811 0.130392 0.227514
v -1.066298 0.129980 0.084560
v -0.996090 0.394461 -0.085540
v -1.054696 0.263748 0.000000
v -0.998242 0.395313 0.085725
v 0.586937 0.736850 0.208449
v 0.634587 0.731016 0.079602
v 0.468644 0.707886 0.460524
v 0.531300 0.729683 0.339365
v 0.773658 0.559892 0.230263
v 0.670050 0.657642 0.291767
v 0.724991 0.557979 0.363000
v 0.134508 0.449355 0.844510
v 0.219400 0.532320 0.777505
v 0.491711 0.431168 0.757720
v 0.362397 0.488880 0.781159
v 0.401364 0.355021 0.840914
v 0.308269 0.610023 0.696580
v 0.384549 0.661794 0.592585
v 0.915726 0.125677 0.488469
v 0.835032 0.203040 0.573139
v 0.823228 0.077050 0.615786
v 0.778323 0.435218 0.444002
v 0.811667 0.324465 0.509247
v 0.864695 0.355627 0.365976
v 0.637652 0.225404 0.759230
v 0.736307 0.280778 0.646430
v 0.633145 0.354038 0.708863
v 0.536732 0.611615 0.561834
v 0.589457 0.485229 0.643293
v 0.669145 0.528334 0.505994
v -0.134986 0.332311 0.902560
v 0.000000 0.376501 0.899075
v -0.401393 0.224448 0.881989
v -0.273650 0.282443 0.904228
v 0.000000 0.132713 1.002975
v -0.139607 0.209374 0.967606
v -0.140617 0.078629 0.993995
v -0.850990 -0.079648 0.636553
v -0.764329 0.000000 0.719361
v -0.552186 -0.150511 0.850911
v -0.668749 -0.079156 0.801166
v -0.655089 -0.231568 0.779992
v -0.656981 0.077763 0.787068
v -0.541477 0.147592 0.834408
v 0.000000 -0.390150 0.931670
v -0.141927 -0.349399 0.948972
v -0.141431 -0.472482 0.887976
v -0.141925 -0.079361 1.003241
v -0.141807 -0.212673 0.982852
v 0.000000 -0.132898 1.004369
v -0.417911 -0.369658 0.875584
v -0.284678 -0.293824 0.940666
v -0.413629 -0.231290 0.908875
v -0.416496 0.077631 0.906257
v -0.421831 -0.078626 0.917864
v -0.281916 0.000000 0.971410
v -0.980473 -0.126355 0.361903
v -0.929559 -0.127575 0.495848
v -1.062954 -0.129572 0.084295
v -1.031374 -0.128224 0.223731
v -0.911234 -0.374767 0.385673
v -0.975867 -0.254480 0.305583
v -0.954010 -0.374114 0.243385
v -0.908308 -0.124659 -0.484512
v -0.966528 -0.124558 -0.356755
v -0.911479 -0.357436 -0.232534
v -0.942796 -0.245856 -0.295228
v -0.862935 -0.354903 -0.365231
v -1.008280 -0.125353 -0.218722
v -1.048422 -0.127801 -0.083142
v -0.654051 -0.753437 0.082043
v -0.737078 -0.674825 0.000000
v -0.650206 -0.749008 -0.081561
v -0.896165 -0.501112 0.158913
v -0.821005 -0.590515 0.081319
v -0.816140 -0.590636 0.242907
v -0.779509 -0.564126 -0.232004
v -0.811533 -0.583703 -0.080381
v -0.865140 -0.483764 -0.153412
v -1.029801 -0.257522 0.000000
v -0.951320 -0.376731 -0.081696
v -0.965979 -0.382537 0.082955
v -0.755380 0.000000 -0.710939
v -0.825637 -0.077275 -0.617588
v -0.555076 0.151299 -0.855363
v -0.665776 0.078804 -0.797604
v -0.643076 -0.227321 -0.765688
v -0.665052 -0.078718 -0.796738
v -0.552807 -0.150680 -0.851867
v 0.000000 0.369583 -0.882557
v -0.133749 0.329265 -0.894288
v -0.139079 0.077769 -0.983124
v -0.135311 0.202930 -0.937826
v 0.000000 0.127047 -0.960153
v -0.272154 0.280898 -0.899283
v -0.403111 0.225409 -0.885765
v -0.136815 -0.457060 -0.858992
v -0.135847 -0.334432 -0.908320
v 0.000000 -0.379759 -0.906855
v -0.403763 -0.225774 -0.887197
v -0.272890 -0.281658 -0.901715
v -0.395324 -0.349679 -0.828261
v 0.000000 -0.130666 -0.987503
v -0.138648 -0.207936 -0.960961
v -0.141351 -0.079040 -0.999184
v -0.426403 0.079478 -0.927814
v -0.285854 0.000000 -0.984980
v -0.425764 -0.079359 -0.926423
v 0.224025 0.543542 -0.793895
v 0.135771 0.453573 -0.852438
v 0.402231 0.692224 -0.619832
v 0.315986 0.625295 -0.714018
v 0.390856 0.345727 -0.818899
v 0.361362 0.487484 -0.778927
v 0.485231 0.425486 -0.747734
v 0.645743 0.743866 -0.081001
v 0.611077 0.767157 -0.217023
v 0.763059 0.587278 -0.382061
v 0.699607 0.686652 -0.304637
v 0.809400 0.585758 -0.240900
v 0.560332 0.769555 -0.357909
v 0.498368 0.752783 -0.489732
v 0.786319 0.073596 -0.588178
v 0.807076 0.196243 -0.553951
v 0.899155 0.123402 -0.479630
v 0.613938 0.343298 -0.687359
v 0.705895 0.269181 -0.619730
v 0.601568 0.212648 -0.716266
v 0.896745 0.368808 -0.379541
v 0.814574 0.325627 -0.511071
v 0.807899 0.451756 -0.460874
v 0.556049 0.633626 -0.582054
v 0.691816 0.546234 -0.523137
v 0.596969 0.491413 -0.651491
v 0.664463 -0.765431 0.083349
v 0.619869 -0.778193 0.220145
v 0.517104 -0.835317 0.133377
v 0.753143 -0.579646 0.377096
v 0.698418 -0.685485 0.304119
v 0.820165 -0.593549 0.244105
v 0.398293 -0.810883 0.388000
v 0.554137 -0.761047 0.353951
v 0.480645 -0.726013 0.472316
v 0.805700 -0.075410 0.602675
v 0.816340 -0.198496 0.560310
v 0.896626 -0.123055 0.478281
v 0.612719 -0.342616 0.685995
v 0.715821 -0.272966 0.628445
v 0.616275 -0.217847 0.733778
v 0.910812 -0.374593 0.385495
v 0.821461 -0.328380 0.515392
v 0.800188 -0.447444 0.456475
v 0.086271 -0.592625 0.794250
v 0.226128 -0.548644 0.801347
v 0.139792 -0.467007 0.877685
v 0.388285 -0.668222 0.598341
v 0.310659 -0.614752 0.701980
v 0.249316 -0.721805 0.607739
v 0.398877 -0.352821 0.835704
v 0.360785 -0.486706 0.777683
v 0.481635 -0.422332 0.742192
v 0.679982 -0.536890 0.514188
v 0.584089 -0.480810 0.637434
v 0.540915 -0.616381 0.566213
v 0.375893 -0.877513 0.131569
v 0.423588 -0.869424 0.000000
v 0.250232 -0.845176 0.385603
v 0.313230 -0.861924 0.261501
v 0.142310 -0.924422 0.000000
v 0.227243 -0.902660 0.130563
v 0.084397 -0.917038 0.130055
v -0.086853 -0.596620 0.799604
v 0.000000 -0.678009 0.722197
v -0.169960 -0.825884 0.537289
v -0.087570 -0.761820 0.637499
v -0.260737 -0.754871 0.635580
v 0.085482 -0.743661 0.622304
v 0.163524 -0.794613 0.516945
v -0.430789 -0.884206 0.000000
v -0.379262 -0.885377 0.132748
v -0.513938 -0.830203 0.132561
v -0.084955 -0.923097 0.130914
v -0.231342 -0.918942 0.132918
v -0.143869 -0.934543 0.000000
v -0.399036 -0.812394 0.388723
v -0.318546 -0.876552 0.265940
v -0.254909 -0.860974 0.392811
v 0.085154 -0.854432 0.393663
v -0.087025 -0.873210 0.402314
v 0.000000 -0.898272 0.261344
v 0.377210 -0.880587 -0.132030
v 0.512206 -0.827405 -0.132114
v 0.084847 -0.921919 -0.130747
v 0.228786 -0.908789 -0.131450
v 0.386949 -0.787788 -0.376949
v 0.315277 -0.867556 -0.263210
v 0.246025 -0.830968 -0.379121
v -0.517322 -0.835669 -0.133434
v -0.377855 -0.882092 -0.132256
v -0.249567 -0.842931 -0.384579
v -0.315840 -0.869107 -0.263681
v -0.391917 -0.797903 -0.381789
v -0.229021 -0.909723 -0.131585
v -0.084672 -0.920019 -0.130478
v 0.087214 -0.599103 -0.802932
v 0.000000 -0.688297 -0.733156
v -0.086638 -0.595145 -0.797627
v 0.164238 -0.798079 -0.519200
v 0.087182 -0.758448 -0.634678
v 0.251810 -0.729027 -0.613820
v -0.250630 -0.725612 -0.610944
v -0.086491 -0.752435 -0.629646
v -0.165185 -0.802681 -0.522194
v 0.000000 -0.899724 -0.261766
v -0.085645 -0.859356 -0.395932
v 0.085805 -0.860965 -0.396673
v 0.604586 -0.759007 -0.214717
v 0.658925 -0.759051 -0.082654
v 0.470165 -0.710182 -0.462018
v 0.540002 -0.741634 -0.344923
v 0.814843 -0.589697 -0.242520
v 0.691180 -0.678381 -0.300967
v 0.754678 -0.580828 -0.377864
v 0.138966 -0.464247 -0.872498
v 0.226528 -0.549614 -0.802764
v 0.488131 -0.428029 -0.752202
v 0.366186 -0.493992 -0.789326
v 0.400947 -0.354652 -0.840041
v 0.315049 -0.623439 -0.711900
v 0.394548 -0.679001 -0.607992
v 0.893987 -0.122693 -0.476873
v 0.804229 -0.195551 -0.551997
v 0.789445 -0.073888 -0.590516
v 0.792622 -0.443213 -0.452159
v 0.806650 -0.322460 -0.506099
v 0.888434 -0.365390 -0.376023
v 0.609262 -0.215368 -0.725427
v 0.706113 -0.269264 -0.619922
v 0.605361 -0.338502 -0.677757
v 0.539633 -0.614919 -0.564870
v 0.581816 -0.478939 -0.634954
v 0.676673 -0.534278 -0.511687
v 0.764923 -0.700319 0.000000
v 0.907424 -0.507407 -0.160910
v 0.843212 -0.606488 -0.083519
v 0.851672 -0.612573 0.084357
v 0.919465 -0.514140 0.163045
v 0.957705 0.000000 -0.402058
v 0.965760 -0.124459 -0.356472
v 1.044580 -0.127333 -0.082838
v 1.017479 -0.126497 -0.220717
v 1.041981 0.000000 -0.138220
v 0.964880 -0.251615 -0.302143
v 0.948256 -0.371858 -0.241917
v 0.976118 -0.125794 0.360295
v 0.955475 0.000000 0.401122
v 0.979805 -0.384230 0.249965
v 0.996737 -0.259922 0.312119
v 1.046218 0.000000 0.138782
v 1.036122 -0.128815 0.224761
v 1.054417 -0.128532 0.083618
v 0.992494 -0.393037 -0.085232
v 1.043526 -0.260954 0.000000
v 1.001789 -0.396717 0.086030
v 0.140575 -0.346070 0.939930
v 0.403072 -0.225387 0.885679
v 0.280053 -0.289051 0.925384
v 0.141793 -0.212653 0.982759
v 0.142266 -0.079551 1.005654
v 0.738995 0.000000 0.695518
v 0.543105 0.148036 0.836916
v 0.641283 0.075905 0.768261
v 0.637361 -0.075441 0.763563
v 0.532176 -0.145057 0.820076
v 0.139128 0.342508 0.930254
v 0.143237 0.080095 1.012519
v 0.142054 0.213044 0.984568
v 0.280087 0.289086 0.925497
v 0.408935 0.228665 0.898560
v 0.418715 -0.078045 0.911083
v 0.419892 0.078264 0.913645
v 0.282750 0.000000 0.974284
v -0.608164 -0.763499 0.215988
v -0.489850 -0.739917 0.481362
v -0.545768 -0.749553 0.348606
v -0.690183 -0.677402 0.300533
v -0.762960 -0.587202 0.382011
v -0.230050 -0.558159 0.815244
v -0.512678 -0.449553 0.790029
v -0.375904 -0.507102 0.810274
v -0.323728 -0.640615 0.731512
v -0.407878 -0.701942 0.628535
v -0.869112 -0.211327 0.596531
v -0.824239 -0.460893 0.470195
v -0.858113 -0.343032 0.538388
v -0.771878 -0.294342 0.677659
v -0.659592 -0.368826 0.738473
v -0.561897 -0.640290 0.588176
v -0.621555 -0.511651 0.678322
v -0.711163 -0.561510 0.537767
v -0.221976 -0.538569 -0.786632
v -0.387923 -0.667599 -0.597783
v -0.311153 -0.615731 -0.703098
v -0.359976 -0.485614 -0.775940
v -0.492685 -0.432022 -0.759220
v -0.600766 -0.754212 -0.213361
v -0.729848 -0.561718 -0.365432
v -0.667927 -0.655559 -0.290842
v -0.536827 -0.737273 -0.342895
v -0.474137 -0.716182 -0.465921
v -0.836263 -0.203340 -0.573985
v -0.639453 -0.357565 -0.715926
v -0.743863 -0.283659 -0.653063
v -0.822810 -0.328920 -0.516238
v -0.791477 -0.442573 -0.451506
v -0.538118 -0.613193 -0.563285
v -0.681885 -0.538393 -0.515628
v -0.603569 -0.496846 -0.658694
v 0.713023 0.000000 -0.671075
v 0.527262 -0.143718 -0.812503
v 0.626582 -0.074165 -0.750650
v 0.610331 0.072241 -0.731181
v 0.509330 0.138830 -0.784870
v 0.138867 -0.341864 -0.928507
v 0.138089 -0.077215 -0.976123
v 0.138910 -0.208327 -0.962771
v 0.277358 -0.286270 -0.916480
v 0.395355 -0.221072 -0.868722
v 0.133566 0.328816 -0.893068
v 0.387310 0.216574 -0.851044
v 0.269415 0.278071 -0.890232
v 0.133688 0.200497 -0.926582
v 0.135305 0.075659 -0.956448
v 0.402909 -0.075099 -0.876693
v 0.268903 0.000000 -0.926572
v 0.398844 0.074341 -0.867847
v 0.971103 0.125148 0.358444
v 1.035109 0.126178 0.082087
v 1.010820 0.125669 0.219273
v 0.951845 0.248216 0.298061
v 0.916866 0.359548 0.233909
v 0.966164 0.124511 -0.356621
v 0.941062 0.369037 -0.240081
v 0.962893 0.251097 -0.301521
v 1.013199 0.125965 -0.219789
v 1.037256 0.126440 -0.082257
v 0.733247 0.671318 0.000000
v 0.861469 0.481711 0.152761
v 0.800438 0.575722 0.079282
v 0.818307 0.588575 -0.081052
v 0.885319 0.495047 -0.156990
v 1.003654 0.250984 0.000000
v 0.950235 0.376302 -0.081603
v 0.943758 0.373737 0.081046
v -0.604670 0.783444 0.040912
v -0.584561 0.792683 0.107433
v -0.535637 0.823038 0.066255
v -0.685666 0.732990 0.192877
v -0.634622 0.762657 0.149769
v -0.702710 0.721468 0.123537
v -0.489754 0.833596 0.198641
v -0.562661 0.799314 0.174727
v -0.538928 0.803007 0.241489
v -0.847084 0.556815 0.362243
v -0.819656 0.611346 0.324249
v -0.876479 0.559887 0.290785
v -0.676865 0.689400 0.376453
v -0.751677 0.654629 0.352917
v -0.713350 0.642820 0.418194
v -0.803708 0.655290 0.209593
v -0.783712 0.660192 0.282985
v -0.737959 0.699122 0.239284
v -0.363954 0.795690 0.447743
v -0.445797 0.779332 0.436355
v -0.409314 0.760532 0.494773
v -0.511225 0.801456 0.310599
v -0.480376 0.793677 0.374645
v -0.432678 0.825880 0.327807
v -0.565082 0.709705 0.461707
v -0.524743 0.754346 0.419634
v -0.599748 0.723391 0.399182
v -0.663148 0.736021 0.263802
v -0.634038 0.732521 0.333264
v -0.587309 0.770205 0.287639
v -0.882822 0.039625 0.587122
v -0.891067 0.103802 0.566221
v -0.925570 0.064042 0.519044
v -0.809663 0.183124 0.652625
v -0.850723 0.143595 0.609985
v -0.796700 0.117256 0.668650
v -0.943163 0.193178 0.477479
v -0.897605 0.168650 0.544452
v -0.901422 0.233004 0.521296
v -0.589495 0.329630 0.772753
v -0.647345 0.295111 0.747868
v -0.585608 0.261419 0.789939
v -0.765730 0.359395 0.647815
v -0.710117 0.329053 0.702605
v -0.707802 0.395784 0.676815
v -0.697474 0.191748 0.737119
v -0.705370 0.259877 0.721520
v -0.760739 0.223797 0.691927
v -0.915250 0.442672 0.360735
v -0.885794 0.426293 0.436609
v -0.871587 0.487369 0.404198
v -0.900705 0.300027 0.495063
v -0.896003 0.363533 0.467295
v -0.938672 0.320239 0.423748
v -0.804036 0.449596 0.551638
v -0.853051 0.407881 0.511324
v -0.813249 0.385726 0.580984
v -0.816448 0.251521 0.633860
v -0.817077 0.319514 0.609401
v -0.859487 0.275891 0.564735
v -0.040990 0.522028 0.786912
v -0.107642 0.504684 0.796216
v -0.066534 0.463488 0.828572
v -0.190519 0.583600 0.725843
v -0.149126 0.544493 0.761288
v -0.122888 0.602326 0.719473
v -0.199023 0.422822 0.837293
v -0.174558 0.484362 0.800540
v -0.240709 0.462881 0.802418
v -0.363195 0.731833 0.559678
v -0.321342 0.699948 0.607384
v -0.286260 0.743488 0.552554
v -0.378098 0.585789 0.694149
v -0.352212 0.646409 0.654958
v -0.425514 0.625437 0.655711
v -0.205358 0.678542 0.643656
v -0.277846 0.663045 0.649829
v -0.235032 0.624585 0.688421
v -0.463240 0.324466 0.825294
v -0.447382 0.393841 0.801029
v -0.515128 0.367206 0.793805
v -0.310827 0.440836 0.804056
v -0.378375 0.418051 0.803589
v -0.332265 0.377900 0.839209
v -0.476115 0.502113 0.733686
v -0.427275 0.460393 0.770007
v -0.403444 0.522307 0.732947
v -0.260538 0.564350 0.728736
v -0.331540 0.543510 0.730557
v -0.285670 0.502607 0.766850
v -0.816405 0.539443 0.438237
v -0.740159 0.496482 0.581541
v -0.782378 0.520467 0.513207
v -0.750353 0.584642 0.467265
v -0.677593 0.622041 0.490754
v -0.580064 0.405039 0.756451
v -0.536072 0.539706 0.688635
v -0.561962 0.476282 0.727907
v -0.639142 0.439064 0.706835
v -0.690216 0.468045 0.647858
v -0.446078 0.716065 0.550471
v -0.599450 0.657419 0.513054
v -0.524920 0.689545 0.533680
v -0.479419 0.663381 0.601353
v -0.507700 0.604028 0.645133
v -0.667629 0.537595 0.609120
v -0.589745 0.574341 0.631087
v -0.635944 0.600616 0.562677
v -0.470181 0.852902 0.066175
v -0.490408 0.843240 0.000000
v -0.420692 0.858672 0.198048
v -0.447210 0.859122 0.132856
v -0.353204 0.886491 0.000000
v -0.400990 0.876221 0.066018
v -0.329815 0.891317 0.065486
v -0.288317 0.809694 0.444292
v -0.325240 0.831859 0.388531
v -0.243148 0.885859 0.263145
v -0.284955 0.862953 0.326843
v -0.210160 0.873165 0.323853
v -0.359157 0.845729 0.327588
v -0.389741 0.853279 0.264559
v -0.072263 0.943350 0.000000
v -0.114129 0.927636 0.065688
v -0.043028 0.940883 0.066305
v -0.255613 0.903886 0.065521
v -0.185224 0.915835 0.065420
v -0.213408 0.916717 0.000000
v -0.127321 0.912676 0.196200
v -0.156736 0.916478 0.131255
v -0.199374 0.904082 0.196372
v -0.347005 0.876215 0.198311
v -0.272819 0.891302 0.197783
v -0.302144 0.893682 0.131576
v 0.041007 0.522249 0.787244
v 0.000000 0.563958 0.755829
v 0.081508 0.641252 0.683045
v 0.041058 0.604067 0.721012
v 0.123418 0.604925 0.722578
v -0.041063 0.604133 0.721091
v -0.081849 0.643934 0.685901
v 0.236560 0.758356 0.493358
v 0.200656 0.737600 0.546847
v 0.278742 0.723963 0.538043
v 0.040646 0.739140 0.546715
v 0.119920 0.740014 0.547788
v 0.078128 0.764023 0.497045
v 0.205293 0.678327 0.643453
v 0.162725 0.711947 0.597576
v 0.123110 0.679093 0.641266
v -0.202790 0.745443 0.552661
v -0.242010 0.775828 0.504725
v -0.123891 0.683401 0.645334
v -0.163498 0.715328 0.600414
v -0.078721 0.769824 0.500818
v -0.120670 0.744645 0.551216
v -0.040747 0.740964 0.548065
v 0.040920 0.676701 0.639510
v 0.000000 0.710949 0.594930
v -0.041094 0.679590 0.642240
v 0.490597 0.843566 0.000000
v 0.468347 0.849575 0.065917
v 0.524758 0.806323 0.064910
v 0.338140 0.913814 0.067139
v 0.405539 0.886162 0.066767
v 0.362814 0.910610 0.000000
v 0.473192 0.805408 0.191924
v 0.442095 0.849297 0.131337
v 0.412724 0.842407 0.194296
v 0.043389 0.948775 0.066861
v 0.116485 0.946789 0.067044
v 0.073091 0.954160 0.000000
v 0.199547 0.904868 0.196543
v 0.159415 0.932145 0.133498
v 0.127319 0.912662 0.196197
v 0.220582 0.947535 0.000000
v 0.190498 0.941912 0.067283
v 0.263865 0.933067 0.067636
v 0.350427 0.766116 0.431101
v 0.314895 0.805402 0.376174
v 0.279491 0.784909 0.430692
v 0.379681 0.831254 0.257730
v 0.348202 0.819934 0.317596
v 0.414885 0.791916 0.314327
v 0.205146 0.852332 0.316127
v 0.277414 0.840114 0.318193
v 0.239251 0.871663 0.258928
v 0.306670 0.907068 0.133547
v 0.273248 0.892703 0.198094
v 0.345313 0.871942 0.197344
v -0.204945 0.812447 0.447292
v -0.041220 0.798970 0.441264
v -0.121722 0.808664 0.446144
v -0.166195 0.845045 0.387464
v -0.126648 0.872578 0.326433
v 0.200390 0.794390 0.437350
v 0.124176 0.855549 0.320062
v 0.162697 0.827262 0.379310
v 0.119682 0.795106 0.438664
v 0.040997 0.794638 0.438872
v 0.000000 0.936623 0.132833
v -0.084073 0.896592 0.260855
v -0.042703 0.916808 0.197545
v 0.042674 0.916184 0.197410
v 0.083046 0.885637 0.257667
v 0.000000 0.828983 0.381938
v 0.041622 0.858532 0.320691
v -0.041927 0.864837 0.323046
v -0.467608 0.848234 -0.065813
v -0.533813 0.820237 -0.066030
v -0.329873 0.891475 -0.065498
v -0.399108 0.872109 -0.065709
v -0.485123 0.825714 -0.196763
v -0.443693 0.852366 -0.131811
v -0.418101 0.853383 -0.196828
v -0.043527 0.951809 -0.067075
v -0.115522 0.938958 -0.066489
v -0.201820 0.915173 -0.198781
v -0.159116 0.930396 -0.133248
v -0.129468 0.928064 -0.199508
v -0.187186 0.925536 -0.066113
v -0.257264 0.909725 -0.065944
v -0.355552 0.777320 -0.437406
v -0.320883 0.820716 -0.383326
v -0.286496 0.804582 -0.441486
v -0.387383 0.848115 -0.262958
v -0.355282 0.836606 -0.324054
v -0.424751 0.810748 -0.321801
v -0.210908 0.876273 -0.325006
v -0.283509 0.858574 -0.325184
v -0.244174 0.889597 -0.264255
v -0.303317 0.897149 -0.132087
v -0.274879 0.898031 -0.199276
v -0.347586 0.877682 -0.198643
v 0.532424 0.818101 -0.065858
v 0.472042 0.856277 -0.066437
v 0.427981 0.873548 -0.201479
v 0.450611 0.865656 -0.133867
v 0.492592 0.838427 -0.199792
v 0.407311 0.890034 -0.067059
v 0.340516 0.920237 -0.067611
v 0.301635 0.847097 -0.464815
v 0.338758 0.866435 -0.404680
v 0.375746 0.821469 -0.462249
v 0.255102 0.929412 -0.276082
v 0.298006 0.902475 -0.341812
v 0.221573 0.920585 -0.341441
v 0.442566 0.844753 -0.335299
v 0.371855 0.875631 -0.339171
v 0.400863 0.877628 -0.272109
v 0.117666 0.956381 -0.067723
v 0.043828 0.958372 -0.067538
v 0.266892 0.943773 -0.068413
v 0.192676 0.952683 -0.068053
v 0.132325 0.948545 -0.203910
v 0.163185 0.954190 -0.136656
v 0.208582 0.945838 -0.205442
v 0.358905 0.906265 -0.205112
v 0.285336 0.932196 -0.206857
v 0.313991 0.928723 -0.136735
v -0.042525 0.541572 -0.816373
v 0.000000 0.590945 -0.791999
v 0.042658 0.543270 -0.818932
v -0.084947 0.668310 -0.711865
v -0.043004 0.632694 -0.755181
v -0.126959 0.622280 -0.743308
v 0.128158 0.628157 -0.750329
v 0.043119 0.634391 -0.757206
v 0.085266 0.670818 -0.714537
v -0.244970 0.785318 -0.510898
v -0.207285 0.761970 -0.564914
v -0.286562 0.744275 -0.553139
v -0.042783 0.777985 -0.575447
v -0.125094 0.771942 -0.571423
v -0.082721 0.808938 -0.526264
v -0.209389 0.691864 -0.656293
v -0.167584 0.733208 -0.615422
v -0.127357 0.702520 -0.663387
v 0.297892 0.773701 -0.575008
v 0.213400 0.784446 -0.581577
v 0.254465 0.815756 -0.530700
v 0.128253 0.707460 -0.668053
v 0.170458 0.745781 -0.625975
v 0.212916 0.703515 -0.667346
v 0.083534 0.816890 -0.531438
v 0.127002 0.783718 -0.580139
v 0.043000 0.781946 -0.578377
v -0.042799 0.707778 -0.668880
v 0.000000 0.744629 -0.623114
v 0.042901 0.709463 -0.670471
v 0.000000 0.951875 -0.134996
v 0.087827 0.936631 -0.272504
v 0.044025 0.945194 -0.203661
v -0.043666 0.937478 -0.201999
v -0.086076 0.917958 -0.267071
v 0.216847 0.859629 -0.473268
v 0.044123 0.855232 -0.472338
v 0.129332 0.859223 -0.474037
v 0.176580 0.897848 -0.411675
v 0.133970 0.923030 -0.345307
v -0.207540 0.822736 -0.452956
v -0.129208 0.890217 -0.333031
v -0.168648 0.857517 -0.393182
v -0.126008 0.837138 -0.461853
v -0.043771 0.848406 -0.468567
v 0.044535 0.918625 -0.343138
v 0.000000 0.888037 -0.409146
v -0.043936 0.906262 -0.338520
v -0.582106 0.789353 -0.106982
v -0.604400 0.783095 -0.040894
v -0.531844 0.792453 -0.238315
v -0.558080 0.792807 -0.173304
v -0.691671 0.710135 -0.121597
v -0.627641 0.754269 -0.148122
v -0.669385 0.715586 -0.188297
v -0.395925 0.735655 -0.478589
v -0.430956 0.753388 -0.421829
v -0.577512 0.696571 -0.384382
v -0.506539 0.728176 -0.405076
v -0.543486 0.682582 -0.444062
v -0.467255 0.771999 -0.364412
v -0.501074 0.785542 -0.304431
v -0.842466 0.538160 -0.279501
v -0.780430 0.582090 -0.308732
v -0.809593 0.532171 -0.346210
v -0.708542 0.671253 -0.229745
v -0.744661 0.627296 -0.268884
v -0.772252 0.629643 -0.201390
v -0.681674 0.614276 -0.399625
v -0.713601 0.621469 -0.335040
v -0.647149 0.659133 -0.359925
v -0.573523 0.752126 -0.280887
v -0.611295 0.706245 -0.321310
v -0.641916 0.712456 -0.255356
v -0.067813 0.472399 -0.844502
v -0.110281 0.517056 -0.815734
v -0.244076 0.469357 -0.813643
v -0.177558 0.492688 -0.814301
v -0.201089 0.427210 -0.845983
v -0.152775 0.557815 -0.779914
v -0.195232 0.598038 -0.743800
v -0.505980 0.360685 -0.779708
v -0.440631 0.387898 -0.788941
v -0.460999 0.322896 -0.821301
v -0.400443 0.518423 -0.727496
v -0.419897 0.452443 -0.756710
v -0.462226 0.487466 -0.712284
v -0.331853 0.377431 -0.838168
v -0.376050 0.415481 -0.798650
v -0.312526 0.443245 -0.808451
v -0.318982 0.694807 -0.602923
v -0.355092 0.715505 -0.547191
v -0.239818 0.637302 -0.702438
v -0.280161 0.668568 -0.655242
v -0.415950 0.611379 -0.640973
v -0.348962 0.640445 -0.648915
v -0.376751 0.583703 -0.691676
v -0.289386 0.509146 -0.776826
v -0.334836 0.548913 -0.737820
v -0.265383 0.574844 -0.742287
v -0.919059 0.063592 -0.515393
v -0.886261 0.103242 -0.563167
v -0.875568 0.039300 -0.582298
v -0.876095 0.226458 -0.506649
v -0.883985 0.166091 -0.536191
v -0.915136 0.187438 -0.463290
v -0.794643 0.116953 -0.666923
v -0.845106 0.142647 -0.605957
v -0.797547 0.180384 -0.642859
v -0.829426 0.463793 -0.384646
v -0.841188 0.404826 -0.414622
v -0.875523 0.423458 -0.345077
v -0.763221 0.361998 -0.545244
v -0.803482 0.384180 -0.481612
v -0.751601 0.420275 -0.515663
v -0.897534 0.306204 -0.405176
v -0.853025 0.346095 -0.444881
v -0.865386 0.288262 -0.475650
v -0.590668 0.263678 -0.796763
v -0.640912 0.292178 -0.740436
v -0.583103 0.326056 -0.764374
v -0.744530 0.219028 -0.677184
v -0.693547 0.255521 -0.709426
v -0.699697 0.192359 -0.739469
v -0.669138 0.374164 -0.639844
v -0.681961 0.316006 -0.674747
v -0.721002 0.338403 -0.609975
v -0.831861 0.267023 -0.546583
v -0.777525 0.304047 -0.579903
v -0.789901 0.243343 -0.613250
v -0.430394 0.690888 -0.531117
v -0.488449 0.581124 -0.620671
v -0.461731 0.638907 -0.579167
v -0.504705 0.662991 -0.513128
v -0.574615 0.630183 -0.491799
v -0.559154 0.390438 -0.729183
v -0.648708 0.439898 -0.608897
v -0.606941 0.416944 -0.671224
v -0.535540 0.453888 -0.693682
v -0.513693 0.517176 -0.659888
v -0.776731 0.513228 -0.416940
v -0.649486 0.596239 -0.470398
v -0.716695 0.558417 -0.446305
v -0.737777 0.490796 -0.483951
v -0.694770 0.466036 -0.545879
v -0.560560 0.545918 -0.599856
v -0.629889 0.507206 -0.574687
v -0.606068 0.572399 -0.536242
v -0.651071 0.750004 0.000000
v -0.738378 0.676016 -0.080872
v -0.695630 0.713664 -0.040742
v -0.697803 0.715894 0.040869
v -0.747529 0.684394 0.081874
v -0.890679 0.498044 -0.239406
v -0.861021 0.548676 -0.201832
v -0.876730 0.557389 -0.041544
v -0.868576 0.552635 -0.121284
v -0.912972 0.510510 -0.080445
v -0.823420 0.594053 -0.162171
v -0.782516 0.635126 -0.122237
v -0.886024 0.564610 0.207693
v -0.918146 0.513403 0.246789
v -0.801758 0.650744 0.125243
v -0.847270 0.611259 0.166868
v -0.924047 0.516703 0.081421
v -0.885906 0.563661 0.123704
v -0.881933 0.560697 0.041790
v -0.786327 0.638722 -0.040972
v -0.834706 0.600370 0.000000
v -0.790427 0.642052 0.041185
v -0.938304 0.000000 -0.470213
v -0.952500 0.063522 -0.452455
v -1.005374 0.063490 -0.320561
v -0.982555 0.063631 -0.387455
v -0.992662 0.000000 -0.340799
v -0.955529 0.127007 -0.428593
v -0.951228 0.188575 -0.401575
v -1.071282 0.064889 -0.042215
v -1.060851 0.064568 -0.112465
v -1.067007 0.000000 -0.070430
v -1.037643 0.193722 -0.197176
v -1.049896 0.129240 -0.154717
v -1.050070 0.194025 -0.126225
v -1.031731 0.000000 -0.206960
v -1.043576 0.064073 -0.181865
v -1.025501 0.063894 -0.249890
v -0.920496 0.369535 -0.310113
v -0.911884 0.430075 -0.279791
v -0.943704 0.251493 -0.371421
v -0.931831 0.310236 -0.340984
v -0.995258 0.317282 -0.206412
v -0.965550 0.314329 -0.274732
v -1.007981 0.257360 -0.238399
v -1.015393 0.128495 -0.295808
v -1.016885 0.193952 -0.268205
v -0.986819 0.191970 -0.336750
v -0.959220 0.063970 0.455648
v -0.950881 0.000000 0.476516
v -0.982263 0.194728 0.414677
v -0.971761 0.129165 0.435874
v -1.008709 0.000000 0.346308
v -0.990564 0.064149 0.390614
v -1.019625 0.064390 0.325105
v -0.942465 0.444498 0.289174
v -0.956191 0.383865 0.322139
v -1.021412 0.260789 0.241575
v -0.990833 0.322560 0.281926
v -1.005728 0.320620 0.208583
v -0.970213 0.323015 0.355030
v -0.980694 0.261350 0.385979
v -1.071389 0.000000 0.070719
v -1.065846 0.064872 0.112995
v -1.072124 0.064940 0.042248
v -1.042041 0.064925 0.253921
v -1.055860 0.064828 0.184005
v -1.048885 0.000000 0.210401
v -1.056035 0.195127 0.126942
v -1.059937 0.130476 0.156197
v -1.045978 0.195278 0.198760
v -1.013842 0.197226 0.345971
v -1.033372 0.197096 0.272554
v -1.032077 0.130606 0.300669
v -0.937654 0.443707 -0.203812
v -1.017368 0.327134 -0.127238
v -0.979771 0.386130 -0.166038
v -0.951602 0.451253 -0.123425
v -0.964013 0.457624 -0.042856
v -1.068545 0.130254 0.000000
v -1.047756 0.262012 0.084658
v -1.063929 0.197041 0.042701
v -1.061975 0.196680 -0.042623
v -1.045982 0.261569 -0.084514
v -0.954799 0.451820 0.207539
v -0.968281 0.459651 0.043046
v -0.961323 0.455863 0.124686
v -0.985897 0.388545 0.167076
v -1.017909 0.327308 0.127305
v -1.031625 0.331215 -0.043095
v -1.032289 0.331428 0.043123
v -1.005739 0.398282 0.000000
v 0.566881 0.768708 0.104184
v 0.590515 0.765105 0.039954
v 0.515212 0.767671 0.230862
v 0.542357 0.770470 0.168422
v 0.679482 0.697620 0.119454
v 0.612411 0.735965 0.144527
v 0.656361 0.701663 0.184634
v 0.391270 0.727006 0.472962
v 0.427067 0.746589 0.418021
v 0.573655 0.691919 0.381815
v 0.502443 0.722289 0.401801
v 0.543619 0.682749 0.444171
v 0.458574 0.757657 0.357642
v 0.486332 0.762431 0.295474
v 0.798654 0.510173 0.264966
v 0.750127 0.559488 0.296744
v 0.774172 0.508888 0.331063
v 0.696719 0.660052 0.225912
v 0.726804 0.612253 0.262437
v 0.749034 0.610712 0.195335
v 0.670276 0.604004 0.392942
v 0.699827 0.609473 0.328573
v 0.640725 0.652591 0.356353
v 0.559419 0.733630 0.273979
v 0.602617 0.696220 0.316749
v 0.630419 0.699696 0.250783
v 0.066717 0.464766 0.830857
v 0.108057 0.506627 0.799282
v 0.245558 0.472206 0.818582
v 0.176592 0.490008 0.809871
v 0.203007 0.431287 0.854056
v 0.150372 0.549041 0.767647
v 0.192881 0.590837 0.734844
v 0.510429 0.363857 0.786563
v 0.446817 0.393343 0.800017
v 0.464792 0.325553 0.828058
v 0.406169 0.525835 0.737898
v 0.427871 0.461035 0.771081
v 0.471120 0.496845 0.725988
v 0.337339 0.383670 0.852024
v 0.382347 0.422438 0.812024
v 0.316984 0.449568 0.819984
v 0.314183 0.684354 0.593853
v 0.348960 0.703149 0.537742
v 0.236930 0.629628 0.693980
v 0.276888 0.660759 0.647588
v 0.417197 0.613212 0.642895
v 0.348187 0.639023 0.647474
v 0.378425 0.586295 0.694748
v 0.291980 0.513709 0.783789
v 0.337185 0.552765 0.742997
v 0.265098 0.574226 0.741489
v 0.907981 0.062825 0.509181
v 0.874909 0.101920 0.555954
v 0.859332 0.038571 0.571500
v 0.870848 0.225102 0.503615
v 0.878422 0.165045 0.532816
v 0.911393 0.186671 0.461394
v 0.782376 0.115148 0.656628
v 0.833748 0.140730 0.597813
v 0.788389 0.178312 0.635477
v 0.801056 0.447929 0.371490
v 0.821595 0.395397 0.404965
v 0.844529 0.408467 0.332861
v 0.764490 0.362600 0.546150
v 0.795585 0.380404 0.476878
v 0.749340 0.419011 0.514112
v 0.885183 0.301990 0.399601
v 0.840774 0.341125 0.438492
v 0.857194 0.285533 0.471147
v 0.583555 0.260502 0.787168
v 0.638394 0.291030 0.737527
v 0.582303 0.325608 0.763325
v 0.738733 0.217323 0.671911
v 0.690720 0.254480 0.706535
v 0.687117 0.188900 0.726174
v 0.675766 0.377870 0.646181
v 0.686775 0.318236 0.679509
v 0.727367 0.341390 0.615360
v 0.826713 0.265371 0.543200
v 0.778008 0.304236 0.580263
v 0.786618 0.242332 0.610702
v 0.426527 0.684682 0.526345
v 0.492324 0.585735 0.625595
v 0.462135 0.639465 0.579673
v 0.505417 0.663925 0.513851
v 0.576469 0.632216 0.493386
v 0.565187 0.394651 0.737051
v 0.653171 0.442925 0.613087
v 0.612083 0.420476 0.676911
v 0.543798 0.460888 0.704379
v 0.520416 0.523944 0.668524
v 0.753331 0.497767 0.404379
v 0.641704 0.589094 0.464761
v 0.699249 0.544824 0.435441
v 0.726458 0.483266 0.476526
v 0.693716 0.465330 0.545051
v 0.564818 0.550064 0.604412
v 0.631213 0.508272 0.575895
v 0.605922 0.572261 0.536113
v -0.067062 0.410574 0.866498
v 0.000000 0.428775 0.857759
v -0.200586 0.367147 0.871856
v -0.134263 0.389431 0.870395
v 0.000000 0.319813 0.933869
v -0.067782 0.354752 0.901877
v -0.068382 0.296762 0.933067
v -0.463528 0.259193 0.846870
v -0.400925 0.289191 0.860545
v -0.276675 0.220288 0.933741
v -0.338974 0.254653 0.897224
v -0.340219 0.190241 0.919589
v -0.336258 0.317668 0.870288
v -0.270037 0.342785 0.873128
v 0.000000 0.066578 1.011178
v -0.070540 0.105607 0.998657
v -0.070566 0.039459 1.003856
v -0.069789 0.234601 0.965169
v -0.070425 0.171813 0.988371
v 0.000000 0.197536 0.987218
v -0.209873 0.117356 0.978730
v -0.140880 0.144960 0.986148
v -0.209105 0.182935 0.965116
v -0.204215 0.307908 0.904561
v -0.207612 0.246766 0.937944
v -0.137390 0.271854 0.935506
v -0.885861 -0.039762 0.589143
v -0.846699 0.000000 0.633343
v -0.770050 -0.079180 0.724746
v -0.809532 -0.039723 0.679929
v -0.813302 -0.119699 0.682584
v -0.802266 0.039366 0.673826
v -0.754936 0.077626 0.710521
v -0.548075 -0.226446 0.844574
v -0.604882 -0.191250 0.817924
v -0.598824 -0.267319 0.807766
v -0.613676 -0.039314 0.831748
v -0.610552 -0.115172 0.826870
v -0.556458 -0.075368 0.857493
v -0.711769 -0.195678 0.752227
v -0.662370 -0.155420 0.791120
v -0.719013 -0.118942 0.763334
v -0.591807 0.187116 0.800244
v -0.535067 0.221071 0.824529
v -0.702328 0.116182 0.745621
v -0.648123 0.152077 0.774103
v -0.549841 0.074472 0.847296
v -0.599929 0.113168 0.812484
v -0.608703 0.038995 0.825008
v -0.721122 -0.039759 0.764971
v -0.666475 0.000000 0.798443
v -0.712557 0.039287 0.755885
v 0.000000 -0.449212 0.898643
v -0.070715 -0.432936 0.913692
v -0.070415 -0.490520 0.876898
v -0.070651 -0.306607 0.964020
v -0.070940 -0.371285 0.943908
v 0.000000 -0.328024 0.957847
v -0.211433 -0.449187 0.889503
v -0.142441 -0.413150 0.923409
v -0.212192 -0.388391 0.922304
v -0.070819 -0.039600 1.007455
v -0.071051 -0.106372 1.005895
v 0.000000 -0.066526 1.010392
v -0.211615 -0.185131 0.976699
v -0.142411 -0.146535 0.996867
v -0.212080 -0.118590 0.989021
v 0.000000 -0.198696 0.993016
v -0.070943 -0.173076 0.995634
v -0.070921 -0.238406 0.980823
v -0.481696 -0.337393 0.858173
v -0.417965 -0.301483 0.897120
v -0.478526 -0.267579 0.874270
v -0.284390 -0.361005 0.919539
v -0.353142 -0.333618 0.913987
v -0.350548 -0.398693 0.885386
v -0.347481 -0.194302 0.939216
v -0.351280 -0.263898 0.929800
v -0.282640 -0.225038 0.953874
v -0.141888 -0.280755 0.966135
v -0.212971 -0.253134 0.962150
v -0.213475 -0.321870 0.945579
v -0.471826 0.186283 0.859158
v -0.486904 0.039192 0.883816
v -0.479127 0.112640 0.870625
v -0.409114 0.151208 0.894499
v -0.347338 0.116118 0.930787
v -0.483139 -0.190750 0.879759
v -0.352404 -0.117812 0.944363
v -0.417503 -0.154309 0.912841
v -0.487471 -0.114601 0.885786
v -0.490554 -0.039486 0.890442
v -0.141509 0.000000 1.000300
v -0.279847 0.077718 0.964283
v -0.211995 0.039488 0.986339
v -0.213155 -0.039704 0.991732
v -0.282553 -0.078470 0.973606
v -0.421384 0.000000 0.916891
v -0.352544 -0.039427 0.946173
v -0.350482 0.039196 0.940638
v -0.957590 -0.063861 0.454873
v -0.927638 -0.064186 0.520204
v -1.009688 -0.063762 0.321937
v -0.983486 -0.063691 0.387822
v -0.929031 -0.190284 0.470324
v -0.956011 -0.127071 0.428809
v -0.953350 -0.188996 0.402471
v -1.072472 -0.064961 0.042261
v -1.063851 -0.064751 0.112783
v -1.028730 -0.192058 0.195482
v -1.048712 -0.129094 0.154543
v -1.044678 -0.193029 0.125577
v -1.049080 -0.064411 0.182824
v -1.032736 -0.064345 0.251654
v -0.895396 -0.433070 0.352909
v -0.935996 -0.375758 0.315335
v -0.920100 -0.433950 0.282312
v -0.950403 -0.253278 0.374057
v -0.945850 -0.314903 0.346114
v -0.922037 -0.314564 0.416238
v -0.988636 -0.315171 0.205038
v -0.968576 -0.315314 0.275593
v -1.001864 -0.255798 0.236952
v -1.007290 -0.127470 0.293448
v -1.006837 -0.192035 0.265555
v -0.978629 -0.190376 0.333955
v -0.905913 -0.062682 -0.508021
v -0.939795 -0.062674 -0.446421
v -0.931824 -0.184729 -0.393383
v -0.939338 -0.124855 -0.421331
v -0.905087 -0.185379 -0.458202
v -0.969824 -0.062806 -0.382435
v -0.991941 -0.062641 -0.316278
v -0.871029 -0.410807 -0.267255
v -0.887153 -0.356150 -0.298880
v -0.845519 -0.408946 -0.333251
v -0.966065 -0.246658 -0.228485
v -0.927043 -0.301793 -0.263776
v -0.950479 -0.303007 -0.197125
v -0.880345 -0.300340 -0.397417
v -0.903192 -0.300701 -0.330504
v -0.919267 -0.244980 -0.361803
v -1.052584 -0.064065 -0.111589
v -1.067697 -0.064672 -0.042073
v -1.011822 -0.063042 -0.246557
v -1.031677 -0.063343 -0.179791
v -1.020343 -0.188532 -0.122652
v -1.028298 -0.126581 -0.151534
v -0.999758 -0.186649 -0.189977
v -0.956568 -0.186085 -0.326427
v -0.979679 -0.186855 -0.258392
v -0.989123 -0.125171 -0.288155
v -0.607475 -0.787079 0.041102
v -0.652009 -0.751084 0.000000
v -0.607288 -0.786837 -0.041089
v -0.740292 -0.677768 0.081081
v -0.696853 -0.714918 0.040813
v -0.699566 -0.718241 0.122985
v -0.690696 -0.709133 -0.121425
v -0.694613 -0.712621 -0.040682
v -0.734229 -0.672217 -0.080417
v -0.894236 -0.500033 0.240362
v -0.861113 -0.548735 0.201853
v -0.852799 -0.544760 0.282929
v -0.856716 -0.544665 0.040595
v -0.860305 -0.547373 0.120129
v -0.892668 -0.499156 0.078656
v -0.776217 -0.632876 0.202424
v -0.820830 -0.592184 0.161661
v -0.781616 -0.634396 0.122096
v -0.804403 -0.513845 -0.266873
v -0.822859 -0.524358 -0.192886
v -0.846801 -0.473509 -0.227612
v -0.770084 -0.625036 -0.120295
v -0.797671 -0.575476 -0.157100
v -0.754303 -0.615009 -0.196709
v -0.879898 -0.492016 -0.077531
v -0.839774 -0.534309 -0.117262
v -0.851427 -0.541302 -0.040345
v -0.780132 -0.633690 0.040649
v -0.818458 -0.588683 0.000000
v -0.776917 -0.631079 -0.040482
v -1.064343 -0.129742 0.000000
v -1.011774 -0.253014 -0.081750
v -1.041430 -0.192875 -0.041798
v -1.053110 -0.195038 0.042267
v -1.033302 -0.258398 0.083490
v -0.891833 -0.422024 -0.193852
v -0.924027 -0.438643 -0.041078
v -0.910272 -0.431654 -0.118064
v -0.932857 -0.367641 -0.158088
v -0.972346 -0.312657 -0.121607
v -0.929049 -0.439635 0.201942
v -0.999994 -0.321547 0.125065
v -0.962963 -0.379506 0.163189
v -0.930167 -0.441088 0.120645
v -0.929877 -0.441420 0.041338
v -0.992414 -0.318626 -0.041457
v -0.963856 -0.381696 0.000000
v -1.003137 -0.322068 0.041905
v -0.834737 0.000000 -0.624395
v -0.866372 -0.038887 -0.576182
v -0.755565 0.077691 -0.711113
v -0.796812 0.039098 -0.669245
v -0.784522 -0.115463 -0.658429
v -0.791512 -0.038838 -0.664793
v -0.751438 -0.077266 -0.707229
v -0.542237 0.224034 -0.835579
v -0.604696 0.191192 -0.817673
v -0.618806 0.039642 -0.838701
v -0.614382 0.115894 -0.832058
v -0.564820 0.076501 -0.870378
v -0.660148 0.154898 -0.788465
v -0.708547 0.117211 -0.752224
v -0.585623 -0.261426 -0.789959
v -0.599647 -0.189595 -0.810846
v -0.540104 -0.223152 -0.832292
v -0.707032 -0.116961 -0.750615
v -0.656352 -0.154008 -0.783932
v -0.696420 -0.191458 -0.736005
v -0.561610 -0.076066 -0.865432
v -0.611496 -0.115350 -0.828149
v -0.617665 -0.039569 -0.837154
v -0.713367 0.039332 -0.756744
v -0.667423 0.000000 -0.799578
v -0.712542 -0.039286 -0.755870
v 0.000000 0.431048 -0.862305
v -0.067091 0.410751 -0.866872
v -0.066831 0.290029 -0.911896
v -0.066821 0.349725 -0.889096
v 0.000000 0.310114 -0.905547
v -0.134324 0.389610 -0.870794
v -0.201103 0.368093 -0.874104
v -0.069774 0.039016 -0.992584
v -0.068693 0.102842 -0.972509
v 0.000000 0.064507 -0.979730
v -0.204409 0.178827 -0.943440
v -0.136961 0.140928 -0.958722
v -0.207394 0.115969 -0.967169
v 0.000000 0.188968 -0.944399
v -0.067791 0.165386 -0.951397
v -0.067520 0.226975 -0.933795
v -0.400235 0.288694 -0.859064
v -0.464866 0.259941 -0.849314
v -0.270167 0.342949 -0.873548
v -0.335190 0.316659 -0.867525
v -0.340761 0.190545 -0.921055
v -0.338393 0.254217 -0.895688
v -0.273832 0.218025 -0.924149
v -0.134627 0.266387 -0.916694
v -0.204083 0.242571 -0.921999
v -0.202849 0.305848 -0.898510
v -0.068840 -0.479554 -0.857294
v -0.068462 -0.419143 -0.884583
v 0.000000 -0.439742 -0.879699
v -0.202766 -0.371137 -0.881331
v -0.136644 -0.396337 -0.885831
v -0.202963 -0.431193 -0.853869
v 0.000000 -0.320111 -0.934740
v -0.068330 -0.357624 -0.909178
v -0.068518 -0.297354 -0.934926
v -0.464656 -0.259823 -0.848929
v -0.399697 -0.288306 -0.857910
v -0.459565 -0.321892 -0.818745
v -0.275346 -0.219230 -0.929256
v -0.338348 -0.254183 -0.895569
v -0.341053 -0.190708 -0.921842
v -0.331037 -0.376502 -0.836105
v -0.334317 -0.315834 -0.865264
v -0.270199 -0.342990 -0.873652
v 0.000000 -0.065647 -0.997033
v -0.070288 -0.105230 -0.995090
v -0.070413 -0.039373 -1.001681
v -0.069406 -0.233313 -0.959871
v -0.069733 -0.170124 -0.978652
v 0.000000 -0.194695 -0.973019
v -0.210896 -0.117927 -0.983499
v -0.140445 -0.144513 -0.983110
v -0.208063 -0.182023 -0.960304
v -0.204676 -0.308603 -0.906603
v -0.206788 -0.245785 -0.934217
v -0.137356 -0.271787 -0.935275
v -0.478557 0.188940 -0.871415
v -0.352045 0.117692 -0.943401
v -0.415964 0.153740 -0.909475
v -0.491739 0.115605 -0.893543
v -0.498599 0.040134 -0.905044
v -0.141476 0.000000 -1.000072
v -0.284046 -0.078885 -0.978752
v -0.214124 -0.039885 -0.996243
v -0.213033 0.039681 -0.991168
v -0.282379 0.078422 -0.973008
v -0.479693 -0.189389 -0.873483
v -0.496754 -0.039985 -0.901695
v -0.490055 -0.115209 -0.890483
v -0.415865 -0.153703 -0.909259
v -0.352701 -0.117911 -0.945159
v -0.357891 0.040025 -0.960523
v -0.358337 -0.040074 -0.961719
v -0.429422 0.000000 -0.934383
v 0.111352 0.522076 -0.823655
v 0.068140 0.474674 -0.848569
v 0.198114 0.606863 -0.754777
v 0.155091 0.566272 -0.791739
v 0.202628 0.430480 -0.852459
v 0.180042 0.499581 -0.825693
v 0.247429 0.475804 -0.824821
v 0.371410 0.748386 -0.572338
v 0.330891 0.720746 -0.625432
v 0.384725 0.596055 -0.706314
v 0.359758 0.660259 -0.668991
v 0.428153 0.629316 -0.659778
v 0.287430 0.685916 -0.672243
v 0.243539 0.647191 -0.713338
v 0.447995 0.313788 -0.798133
v 0.438089 0.385660 -0.784390
v 0.496586 0.353989 -0.765232
v 0.315406 0.447330 -0.815902
v 0.377224 0.416778 -0.801143
v 0.331060 0.376528 -0.836164
v 0.469653 0.495299 -0.723728
v 0.423929 0.456787 -0.763977
v 0.406385 0.526115 -0.738290
v 0.270299 0.585492 -0.756036
v 0.340620 0.558394 -0.750564
v 0.294424 0.518009 -0.790350
v 0.596896 0.773372 -0.040386
v 0.580907 0.787727 -0.106761
v 0.678423 0.725247 -0.190840
v 0.630640 0.757872 -0.148829
v 0.694370 0.712905 -0.122071
v 0.562969 0.799751 -0.174823
v 0.541118 0.806271 -0.242471
v 0.814918 0.535671 -0.348487
v 0.790225 0.589396 -0.312607
v 0.836707 0.534481 -0.277591
v 0.671864 0.684307 -0.373671
v 0.735045 0.640144 -0.345108
v 0.703484 0.633930 -0.412411
v 0.778113 0.634422 -0.202919
v 0.759243 0.639579 -0.274149
v 0.722561 0.684534 -0.234291
v 0.456113 0.797367 -0.446453
v 0.417977 0.776628 -0.505245
v 0.515875 0.808746 -0.313424
v 0.488853 0.807684 -0.381257
v 0.572622 0.719175 -0.467868
v 0.532625 0.765676 -0.425937
v 0.602865 0.727151 -0.401257
v 0.656951 0.729144 -0.261337
v 0.631211 0.729254 -0.331778
v 0.586994 0.769792 -0.287484
v 0.831254 0.037311 -0.552827
v 0.843791 0.098295 -0.536180
v 0.888394 0.061470 -0.498197
v 0.750161 0.169666 -0.604664
v 0.797595 0.134627 -0.571891
v 0.741779 0.109173 -0.622557
v 0.903887 0.185134 -0.457595
v 0.854770 0.160602 -0.518470
v 0.860965 0.222547 -0.497900
v 0.560513 0.313424 -0.734762
v 0.608505 0.277405 -0.702997
v 0.554198 0.247398 -0.747569
v 0.711017 0.333716 -0.601528
v 0.659973 0.305817 -0.652991
v 0.664445 0.371540 -0.635357
v 0.646493 0.177732 -0.683240
v 0.654318 0.241068 -0.669299
v 0.700226 0.205995 -0.636888
v 0.884122 0.427617 -0.348466
v 0.855899 0.411906 -0.421873
v 0.840672 0.470081 -0.389861
v 0.861456 0.286953 -0.473490
v 0.860675 0.349199 -0.448871
v 0.900379 0.307175 -0.406461
v 0.764141 0.427287 -0.524266
v 0.815007 0.389690 -0.488520
v 0.765664 0.363157 -0.546990
v 0.756209 0.232964 -0.587093
v 0.760894 0.297544 -0.567499
v 0.811941 0.260629 -0.533495
v 0.451865 0.725356 -0.557613
v 0.602564 0.660834 -0.515720
v 0.530613 0.697023 -0.539468
v 0.480474 0.664841 -0.602676
v 0.504653 0.600403 -0.641261
v 0.788035 0.520698 -0.423008
v 0.706673 0.474021 -0.555231
v 0.750591 0.499320 -0.492356
v 0.729987 0.568774 -0.454582
v 0.670111 0.615172 -0.485335
v 0.554320 0.387063 -0.722880
v 0.526653 0.530224 -0.676536
v 0.542882 0.460112 -0.703193
v 0.608662 0.418126 -0.673127
v 0.658109 0.446273 -0.617721
v 0.627696 0.592826 -0.555379
v 0.645624 0.519876 -0.589043
v 0.579202 0.564073 -0.619805
v 0.611316 -0.792056 0.041362
v 0.591939 -0.802687 0.108789
v 0.537181 -0.825411 0.066446
v 0.687172 -0.734600 0.193301
v 0.643602 -0.773449 0.151889
v 0.710072 -0.729026 0.124832
v 0.492602 -0.838444 0.199796
v 0.570376 -0.810273 0.177123
v 0.544690 -0.811593 0.244071
v 0.814280 -0.535252 0.348214
v 0.787592 -0.587431 0.311565
v 0.848895 -0.542267 0.281634
v 0.666295 -0.678635 0.370574
v 0.727606 -0.633665 0.341615
v 0.694758 -0.626066 0.407295
v 0.787585 -0.642145 0.205389
v 0.758873 -0.639268 0.274016
v 0.726169 -0.687952 0.235461
v 0.364106 -0.796022 0.447930
v 0.441125 -0.771164 0.431782
v 0.404698 -0.751957 0.489195
v 0.511664 -0.802144 0.310865
v 0.476214 -0.786801 0.371399
v 0.430736 -0.822173 0.326336
v 0.557550 -0.700245 0.455553
v 0.517701 -0.744223 0.414003
v 0.593869 -0.716299 0.395269
v 0.662798 -0.735633 0.263663
v 0.630429 -0.728351 0.331367
v 0.590621 -0.774549 0.289261
v 0.849122 -0.038113 0.564710
v 0.852842 -0.099349 0.541931
v 0.893497 -0.061823 0.501059
v 0.768290 -0.173766 0.619277
v 0.811480 -0.136971 0.581847
v 0.764090 -0.112456 0.641281
v 0.905287 -0.185420 0.458304
v 0.857657 -0.161144 0.520221
v 0.865055 -0.223604 0.500264
v 0.560721 -0.313540 0.735034
v 0.614045 -0.279930 0.709397
v 0.562821 -0.251247 0.759201
v 0.713869 -0.335055 0.603941
v 0.664879 -0.308090 0.657846
v 0.662439 -0.370418 0.633438
v 0.669152 -0.183961 0.707187
v 0.667203 -0.245815 0.682479
v 0.718527 -0.211379 0.653533
v 0.896125 -0.433422 0.353197
v 0.856512 -0.412200 0.422175
v 0.840527 -0.470000 0.389794
v 0.870699 -0.290032 0.478570
v 0.868669 -0.352442 0.453040
v 0.916628 -0.312718 0.413796
v 0.756948 -0.423265 0.519331
v 0.813660 -0.389046 0.487713
v 0.765772 -0.363208 0.547067
v 0.767891 -0.236563 0.596163
v 0.767544 -0.300144 0.572458
v 0.819937 -0.263196 0.538748
v 0.043165 -0.549722 0.828657
v 0.113277 -0.531104 0.837897
v 0.069905 -0.486969 0.870548
v 0.199185 -0.610147 0.758860
v 0.157007 -0.573266 0.801517
v 0.128941 -0.631996 0.754914
v 0.208091 -0.442086 0.875442
v 0.183567 -0.509362 0.841859
v 0.250576 -0.481856 0.835311
v 0.358484 -0.722339 0.552418
v 0.319519 -0.695976 0.603938
v 0.288393 -0.749028 0.556672
v 0.378382 -0.586230 0.694671
v 0.349838 -0.642052 0.650543
v 0.417885 -0.614223 0.643955
v 0.210163 -0.694419 0.658718
v 0.280554 -0.669506 0.656161
v 0.241580 -0.641986 0.707601
v 0.456361 -0.319648 0.813038
v 0.439796 -0.387163 0.787447
v 0.496339 -0.353813 0.764851
v 0.317762 -0.450672 0.821996
v 0.380136 -0.419996 0.807329
v 0.337972 -0.384390 0.853623
v 0.464248 -0.489599 0.715400
v 0.422376 -0.455114 0.761179
v 0.402941 -0.521656 0.732033
v 0.269550 -0.583871 0.753943
v 0.337719 -0.553639 0.744172
v 0.294631 -0.518374 0.790907
v 0.779585 -0.515114 0.418472
v 0.697536 -0.467892 0.548053
v 0.740224 -0.492424 0.485556
v 0.719212 -0.560378 0.447872
v 0.659250 -0.605201 0.477469
v 0.548877 -0.383262 0.715781
v 0.516398 -0.519899 0.663362
v 0.533641 -0.452280 0.691223
v 0.599935 -0.412131 0.663476
v 0.649063 -0.440138 0.609230
v 0.434900 -0.698122 0.536678
v 0.588616 -0.645537 0.503782
v 0.512856 -0.673697 0.521414
v 0.465046 -0.643493 0.583324
v 0.493215 -0.586795 0.626727
v 0.633743 -0.510309 0.578203
v 0.565938 -0.551155 0.605611
v 0.614027 -0.579916 0.543284
v 0.470480 -0.853444 0.066218
v 0.490792 -0.843900 0.000000
v 0.419900 -0.857054 0.197675
v 0.447522 -0.859723 0.132949
v 0.354174 -0.888924 0.000000
v 0.401147 -0.876565 0.066044
v 0.330433 -0.892986 0.065609
v 0.291087 -0.817475 0.448561
v 0.325369 -0.832190 0.388686
v 0.240191 -0.875087 0.259945
v 0.282338 -0.855027 0.323841
v 0.208609 -0.866721 0.321463
v 0.357062 -0.840798 0.325678
v 0.387598 -0.848586 0.263104
v 0.071456 -0.932810 0.000000
v 0.113470 -0.922277 0.065308
v 0.042451 -0.928271 0.065416
v 0.256106 -0.905632 0.065648
v 0.185023 -0.914844 0.065350
v 0.212971 -0.914841 0.000000
v 0.126402 -0.906090 0.194784
v 0.155918 -0.911696 0.130570
v 0.197839 -0.897120 0.194860
v 0.344853 -0.870780 0.197081
v 0.270476 -0.883646 0.196084
v 0.301212 -0.890923 0.131170
v -0.043367 -0.552300 0.832543
v 0.000000 -0.595097 0.797563
v -0.086485 -0.680409 0.724754
v -0.043373 -0.638122 0.761661
v -0.130364 -0.638969 0.763243
v 0.043301 -0.637067 0.760401
v 0.085744 -0.674575 0.718539
v -0.254037 -0.814383 0.529807
v -0.215523 -0.792250 0.587363
v -0.299592 -0.778116 0.578290
v -0.043480 -0.790673 0.584832
v -0.129336 -0.798122 0.590801
v -0.084453 -0.825878 0.537285
v -0.218715 -0.722678 0.685524
v -0.174485 -0.763398 0.640762
v -0.131516 -0.725460 0.685050
v 0.207509 -0.762792 0.565523
v 0.246656 -0.790723 0.514414
v 0.128249 -0.707440 0.668033
v 0.167972 -0.734903 0.616844
v 0.081889 -0.800808 0.520975
v 0.124632 -0.769092 0.569313
v 0.042789 -0.778102 0.575534
v -0.043522 -0.719740 0.680184
v 0.000000 -0.751895 0.629194
v 0.043194 -0.714304 0.675047
v -0.498703 -0.857503 0.000000
v -0.474951 -0.861555 0.066847
v -0.539457 -0.828909 0.066728
v -0.336082 -0.908253 0.066730
v -0.406117 -0.887424 0.066862
v -0.359911 -0.903324 0.000000
v -0.486477 -0.828019 0.197312
v -0.447620 -0.859910 0.132978
v -0.419904 -0.857064 0.197677
v -0.042703 -0.933783 0.065805
v -0.114984 -0.934586 0.066180
v -0.071935 -0.939069 0.000000
v -0.200466 -0.909035 0.197448
v -0.157996 -0.923844 0.132310
v -0.127251 -0.912176 0.196092
v -0.216417 -0.929642 0.000000
v -0.188463 -0.931851 0.066565
v -0.261418 -0.924416 0.067009
v -0.368926 -0.806560 0.453860
v -0.328709 -0.840732 0.392675
v -0.296341 -0.832229 0.456657
v -0.389671 -0.853125 0.264512
v -0.359777 -0.847191 0.328154
v -0.428784 -0.818447 0.324857
v -0.211735 -0.879711 0.326281
v -0.286773 -0.868459 0.328928
v -0.244374 -0.890326 0.264472
v -0.306478 -0.906500 0.133463
v -0.275537 -0.900180 0.199753
v -0.349496 -0.882505 0.199735
v 0.207656 -0.823195 0.453209
v 0.043112 -0.835638 0.461516
v 0.124172 -0.824938 0.455122
v 0.166765 -0.847943 0.388793
v 0.126923 -0.874475 0.327142
v -0.214057 -0.848568 0.467178
v -0.128331 -0.884173 0.330770
v -0.171150 -0.870242 0.399017
v -0.128844 -0.855976 0.472246
v -0.043876 -0.850449 0.469696
v 0.000000 -0.920198 0.130503
v 0.084043 -0.896272 0.260761
v 0.042372 -0.909687 0.196010
v -0.042395 -0.910201 0.196121
v -0.084204 -0.897993 0.261262
v 0.000000 -0.866591 0.399265
v -0.042962 -0.886174 0.331016
v 0.042786 -0.882558 0.329665
v 0.469848 -0.852297 -0.066129
v 0.535389 -0.822658 -0.066225
v 0.331125 -0.894857 -0.065746
v 0.400862 -0.875941 -0.065997
v 0.485399 -0.826184 -0.196875
v 0.446336 -0.857443 -0.132596
v 0.419760 -0.856768 -0.197609
v 0.042692 -0.933532 -0.065787
v 0.114109 -0.927473 -0.065676
v 0.198754 -0.901269 -0.195761
v 0.156638 -0.915904 -0.131173
v 0.126637 -0.907773 -0.195146
v 0.185762 -0.918499 -0.065611
v 0.257079 -0.909071 -0.065897
v 0.353512 -0.772860 -0.434896
v 0.317303 -0.811559 -0.379050
v 0.283868 -0.797200 -0.437436
v 0.386627 -0.846461 -0.262445
v 0.352215 -0.829383 -0.321257
v 0.421343 -0.804243 -0.319219
v 0.207793 -0.863331 -0.320206
v 0.280281 -0.848799 -0.321482
v 0.241664 -0.880453 -0.261539
v 0.303811 -0.898613 -0.132302
v 0.273703 -0.894189 -0.198423
v 0.348435 -0.879827 -0.199129
v -0.540958 -0.831215 -0.066913
v -0.476041 -0.863532 -0.067000
v -0.420756 -0.858803 -0.198078
v -0.449277 -0.863094 -0.133470
v -0.490426 -0.834741 -0.198914
v -0.405483 -0.886040 -0.066758
v -0.333743 -0.901933 -0.066266
v -0.288550 -0.810349 -0.444651
v -0.321460 -0.822191 -0.384016
v -0.358962 -0.784775 -0.441601
v -0.242532 -0.883615 -0.262478
v -0.282515 -0.855564 -0.324044
v -0.209271 -0.869470 -0.322483
v -0.425548 -0.812269 -0.322405
v -0.354805 -0.835482 -0.323619
v -0.387946 -0.849348 -0.263340
v -0.114323 -0.929212 -0.065799
v -0.042752 -0.934851 -0.065880
v -0.259051 -0.916043 -0.066402
v -0.186905 -0.924147 -0.066014
v -0.126156 -0.904327 -0.194405
v -0.156478 -0.914972 -0.131039
v -0.198813 -0.901540 -0.195820
v -0.347514 -0.877500 -0.198602
v -0.273375 -0.893118 -0.198186
v -0.303597 -0.897980 -0.132209
v 0.043317 -0.551663 -0.831584
v 0.000000 -0.600351 -0.804604
v -0.043123 -0.549191 -0.827857
v 0.086981 -0.684310 -0.728908
v 0.043960 -0.646756 -0.771966
v 0.130401 -0.639149 -0.763458
v -0.129217 -0.633349 -0.756530
v -0.043847 -0.645091 -0.769979
v -0.086387 -0.679638 -0.723932
v 0.243738 -0.781366 -0.508327
v 0.208514 -0.766484 -0.568261
v 0.287586 -0.746933 -0.555115
v 0.043380 -0.788854 -0.583487
v 0.126582 -0.781127 -0.578221
v 0.082686 -0.808600 -0.526045
v 0.212901 -0.703465 -0.667298
v 0.170584 -0.746331 -0.626437
v 0.130257 -0.718518 -0.678494
v -0.288819 -0.750136 -0.557495
v -0.208867 -0.767785 -0.569225
v -0.246469 -0.790123 -0.514024
v -0.128801 -0.710483 -0.670907
v -0.169206 -0.740303 -0.621377
v -0.210589 -0.695828 -0.660054
v -0.082707 -0.808804 -0.526177
v -0.126231 -0.778962 -0.576618
v -0.043244 -0.786382 -0.581658
v 0.043933 -0.726525 -0.686596
v 0.000000 -0.761154 -0.636942
v -0.043739 -0.723325 -0.683572
v 0.000000 -0.924565 -0.131123
v -0.083732 -0.892952 -0.259796
v -0.042372 -0.909706 -0.196014
v 0.042494 -0.912321 -0.196578
v 0.084303 -0.899047 -0.261569
v -0.208521 -0.826625 -0.455097
v -0.043208 -0.837501 -0.462545
v -0.125683 -0.834978 -0.460661
v -0.167993 -0.854186 -0.391655
v -0.126857 -0.874022 -0.326973
v 0.205799 -0.815834 -0.449156
v 0.127425 -0.877934 -0.328436
v 0.166725 -0.847739 -0.388699
v 0.124843 -0.829400 -0.457584
v 0.043193 -0.837196 -0.462376
v -0.042734 -0.881475 -0.329261
v 0.000000 -0.864096 -0.398115
v 0.042966 -0.886265 -0.331050
v 0.585298 -0.793682 -0.107569
v 0.608885 -0.788906 -0.041197
v 0.530331 -0.790199 -0.237637
v 0.559119 -0.794283 -0.173627
v 0.704419 -0.723223 -0.123838
v 0.632612 -0.760242 -0.149295
v 0.676670 -0.723373 -0.190347
v 0.396273 -0.736301 -0.479010
v 0.428271 -0.748694 -0.419200
v 0.582559 -0.702659 -0.387742
v 0.504834 -0.725726 -0.403713
v 0.546407 -0.686250 -0.446448
v 0.463149 -0.765216 -0.361210
v 0.497563 -0.780037 -0.302298
v 0.843369 -0.538737 -0.279801
v 0.787406 -0.587293 -0.311491
v 0.814114 -0.535143 -0.348143
v 0.718889 -0.681055 -0.233100
v 0.755813 -0.636690 -0.272911
v 0.781187 -0.636928 -0.203720
v 0.692068 -0.623642 -0.405718
v 0.725835 -0.632124 -0.340784
v 0.659477 -0.671691 -0.366782
v 0.574258 -0.753090 -0.281247
v 0.617786 -0.713744 -0.324722
v 0.649113 -0.720444 -0.258219
v 0.069440 -0.483732 -0.864762
v 0.113607 -0.532651 -0.840338
v 0.251130 -0.482922 -0.837158
v 0.183410 -0.508926 -0.841138
v 0.207382 -0.440581 -0.872461
v 0.157907 -0.576552 -0.806111
v 0.200185 -0.613209 -0.762669
v 0.499796 -0.356277 -0.770178
v 0.446642 -0.393189 -0.799704
v 0.456635 -0.319840 -0.813527
v 0.409661 -0.530356 -0.744241
v 0.430717 -0.464102 -0.776211
v 0.471144 -0.496871 -0.726026
v 0.339867 -0.386545 -0.858409
v 0.386014 -0.426490 -0.819812
v 0.321061 -0.455351 -0.830530
v 0.323772 -0.705240 -0.611977
v 0.358622 -0.722617 -0.552630
v 0.243847 -0.648009 -0.714239
v 0.284842 -0.679739 -0.666189
v 0.426312 -0.626609 -0.656940
v 0.357077 -0.655338 -0.664005
v 0.385098 -0.596634 -0.707000
v 0.296665 -0.521951 -0.796364
v 0.341476 -0.559798 -0.752451
v 0.270997 -0.587005 -0.757991
v 0.887835 -0.061431 -0.497883
v 0.843324 -0.098241 -0.535883
v 0.833137 -0.037395 -0.554078
v 0.854319 -0.220829 -0.494056
v 0.849819 -0.159671 -0.515467
v 0.897613 -0.183848 -0.454418
v 0.750054 -0.110391 -0.629501
v 0.798066 -0.134707 -0.572229
v 0.755405 -0.170852 -0.608891
v 0.834116 -0.466416 -0.386821
v 0.843222 -0.405805 -0.415625
v 0.877901 -0.424608 -0.346014
v 0.755350 -0.358265 -0.539621
v 0.800615 -0.382808 -0.479893
v 0.748531 -0.418559 -0.513557
v 0.897508 -0.306195 -0.405165
v 0.852602 -0.345924 -0.444660
v 0.855959 -0.285122 -0.470468
v 0.558692 -0.249403 -0.753630
v 0.605785 -0.276164 -0.699854
v 0.557527 -0.311755 -0.730847
v 0.707224 -0.208054 -0.643253
v 0.656623 -0.241917 -0.671657
v 0.659673 -0.181355 -0.697169
v 0.655527 -0.366553 -0.626829
v 0.655329 -0.303665 -0.648396
v 0.706568 -0.331628 -0.597763
v 0.806456 -0.258869 -0.529891
v 0.757286 -0.296133 -0.564808
v 0.756117 -0.232935 -0.587022
v 0.433348 -0.695631 -0.534762
v 0.497279 -0.591630 -0.631891
v 0.468586 -0.648391 -0.587765
v 0.507118 -0.666160 -0.515580
v 0.581242 -0.637451 -0.497471
v 0.548402 -0.382931 -0.715162
v 0.644636 -0.437137 -0.605076
v 0.596167 -0.409542 -0.659308
v 0.534911 -0.453355 -0.692868
v 0.518417 -0.521931 -0.665955
v 0.779115 -0.514804 -0.418220
v 0.655174 -0.601460 -0.474517
v 0.717921 -0.559372 -0.447068
v 0.735332 -0.489169 -0.482346
v 0.692504 -0.464517 -0.544099
v 0.565099 -0.550339 -0.604714
v 0.631046 -0.508138 -0.575743
v 0.611516 -0.577545 -0.541063
v 0.664152 -0.765072 0.000000
v 0.756387 -0.692504 -0.082844
v 0.714442 -0.732964 -0.041844
v 0.717345 -0.735942 0.042014
v 0.761653 -0.697325 0.083421
v 0.887489 -0.496260 -0.238548
v 0.862141 -0.549390 -0.202094
v 0.892343 -0.567315 -0.042284
v 0.878446 -0.558914 -0.122662
v 0.925000 -0.517235 -0.081505
v 0.829805 -0.598659 -0.163428
v 0.794778 -0.645078 -0.124152
v 0.871925 -0.555625 0.204388
v 0.900788 -0.503697 0.242123
v 0.802720 -0.651524 0.125393
v 0.839206 -0.605442 0.165280
v 0.931205 -0.520706 0.082052
v 0.887323 -0.564563 0.123902
v 0.896088 -0.569696 0.042461
v 0.805469 -0.654271 -0.041969
v 0.853555 -0.613927 0.000000
v 0.810642 -0.658473 0.042239
v 0.922652 0.000000 -0.462369
v 0.931738 -0.062137 -0.442594
v 0.990053 -0.062522 -0.315676
v 0.965002 -0.062494 -0.380534
v 0.982850 0.000000 -0.337430
v 0.934323 -0.124189 -0.419081
v 0.934734 -0.185306 -0.394612
v 1.051607 -0.063698 -0.041439
v 1.044346 -0.063564 -0.110715
v 1.051818 0.000000 -0.069427
v 1.017400 -0.189943 -0.193329
v 1.033878 -0.127268 -0.152356
v 1.034714 -0.191188 -0.124379
v 1.025150 0.000000 -0.205640
v 1.032279 -0.063380 -0.179896
v 1.013791 -0.063165 -0.247037
v 0.919700 -0.369216 -0.309845
v 0.907626 -0.428067 -0.278484
v 0.935443 -0.249291 -0.368170
v 0.929542 -0.309474 -0.340147
v 0.985991 -0.314328 -0.204490
v 0.958533 -0.312045 -0.272735
v 0.991715 -0.253206 -0.234551
v 0.993142 -0.125679 -0.289326
v 0.993244 -0.189443 -0.261970
v 0.965384 -0.187800 -0.329435
v 0.929033 -0.061957 0.441308
v 0.926313 0.000000 0.464204
v 0.948829 -0.188100 0.400562
v 0.936604 -0.124492 0.420105
v 0.983254 0.000000 0.337569
v 0.962175 -0.062311 0.379419
v 0.994321 -0.062792 0.317037
v 0.931149 -0.439161 0.285702
v 0.950104 -0.381422 0.320089
v 1.023625 -0.261354 0.242099
v 0.993771 -0.323516 0.282762
v 1.016847 -0.324164 0.210889
v 0.959569 -0.319471 0.351135
v 0.957756 -0.255238 0.376952
v 1.054055 0.000000 0.069575
v 1.053161 -0.064100 0.111650
v 1.055189 -0.063915 0.041580
v 1.022593 -0.063713 0.249182
v 1.042172 -0.063987 0.181620
v 1.030667 0.000000 0.206747
v 1.051139 -0.194223 0.126354
v 1.050097 -0.129265 0.154747
v 1.042725 -0.194671 0.198141
v 0.991277 -0.192837 0.338271
v 1.023347 -0.195184 0.269909
v 1.012084 -0.128076 0.294844
v 0.931465 -0.440778 -0.202467
v 1.009530 -0.324613 -0.126257
v 0.973854 -0.383798 -0.165035
v 0.953751 -0.452272 -0.123704
v 0.967522 -0.459290 -0.043012
v 1.052687 -0.128321 0.000000
v 1.044001 -0.261073 0.084354
v 1.052286 -0.194885 0.042234
v 1.048452 -0.194175 -0.042080
v 1.035087 -0.258844 -0.083634
v 0.953098 -0.451015 0.207169
v 0.971389 -0.461126 0.043184
v 0.966791 -0.458456 0.125395
v 0.997503 -0.393119 0.169043
v 1.026801 -0.330167 0.128417
v 1.023155 -0.328496 -0.042741
v 1.026537 -0.329581 0.042883
v 1.000221 -0.396096 0.000000
v 0.070185 -0.429692 0.906846
v 0.209015 -0.382575 0.908493
v 0.140533 -0.407618 0.911044
v 0.070482 -0.368887 0.937811
v 0.070571 -0.306260 0.962929
v 0.460178 -0.257319 0.840748
v 0.402421 -0.290271 0.863757
v 0.279930 -0.222880 0.944729
v 0.342284 -0.257140 0.905987
v 0.341884 -0.191172 0.924088
v 0.341497 -0.322618 0.883848
v 0.278234 -0.353190 0.899632
v 0.071167 -0.106546 1.007537
v 0.071252 -0.039842 1.013613
v 0.071053 -0.238852 0.982657
v 0.071086 -0.173426 0.997645
v 0.212019 -0.118555 0.988735
v 0.142354 -0.146477 0.996473
v 0.211698 -0.185204 0.977082
v 0.211623 -0.319078 0.937376
v 0.212518 -0.252597 0.960107
v 0.141598 -0.280180 0.964158
v 0.816519 0.000000 0.610768
v 0.742035 0.076299 0.698379
v 0.782642 0.038403 0.657344
v 0.773375 -0.037949 0.649561
v 0.730178 -0.075080 0.687220
v 0.538009 0.222287 0.829063
v 0.591092 0.186890 0.799277
v 0.591461 0.037891 0.801638
v 0.592024 0.111677 0.801777
v 0.542189 0.073435 0.835505
v 0.640622 0.150317 0.765144
v 0.690327 0.114197 0.732880
v 0.574740 -0.181720 0.777166
v 0.523085 -0.216121 0.806066
v 0.680521 -0.112575 0.722470
v 0.628680 -0.147515 0.750881
v 0.538771 -0.072972 0.830238
v 0.584633 -0.110283 0.791768
v 0.590332 -0.037818 0.800109
v 0.693764 0.038251 0.735950
v 0.641839 0.000000 0.768928
v 0.689703 -0.038027 0.731642
v 0.067712 0.414552 0.874894
v 0.069716 0.302549 0.951262
v 0.068996 0.361108 0.918035
v 0.137306 0.398259 0.890125
v 0.206089 0.377219 0.895774
v 0.071520 0.039992 1.017427
v 0.071470 0.106999 1.011823
v 0.212426 0.185841 0.980445
v 0.143133 0.147279 1.001925
v 0.213039 0.119126 0.993493
v 0.071110 0.173484 0.997983
v 0.070739 0.237795 0.978307
v 0.406388 0.293132 0.872273
v 0.468626 0.262043 0.856183
v 0.276365 0.350817 0.893588
v 0.342003 0.323095 0.885157
v 0.346151 0.193559 0.935623
v 0.345612 0.259640 0.914796
v 0.281744 0.224324 0.950849
v 0.141087 0.279170 0.960681
v 0.212370 0.252421 0.959439
v 0.210247 0.317003 0.931280
v 0.470674 -0.185828 0.857060
v 0.481539 -0.038761 0.874078
v 0.477602 -0.112281 0.867854
v 0.411602 -0.152128 0.899939
v 0.350004 -0.117010 0.937931
v 0.479519 0.189320 0.873168
v 0.351996 0.117676 0.943269
v 0.416388 0.153897 0.910404
v 0.482653 0.113468 0.877032
v 0.482440 0.038833 0.875714
v 0.143131 0.000000 1.011769
v 0.281849 -0.078274 0.971180
v 0.213888 -0.039841 0.995143
v 0.214553 0.039965 0.998240
v 0.282483 0.078450 0.973365
v 0.420914 0.000000 0.915869
v 0.353193 0.039499 0.947915
v 0.353215 -0.039502 0.947972
v -0.587127 -0.796162 0.107905
v -0.533039 -0.794233 0.238850
v -0.561668 -0.797904 0.174419
v -0.635318 -0.763493 0.149933
v -0.678690 -0.725533 0.190915
v -0.414856 -0.770829 0.501472
v -0.444322 -0.776753 0.434911
v -0.589075 -0.710518 0.392078
v -0.517910 -0.744523 0.414169
v -0.562799 -0.706837 0.459841
v -0.473320 -0.782020 0.369142
v -0.502670 -0.788045 0.305401
v -0.792584 -0.591155 0.313540
v -0.824060 -0.541681 0.352397
v -0.718238 -0.680439 0.232889
v -0.755243 -0.636210 0.272705
v -0.697935 -0.628929 0.409157
v -0.727040 -0.633172 0.341350
v -0.660194 -0.672421 0.367181
v -0.576861 -0.756504 0.282522
v -0.619159 -0.715330 0.325443
v -0.651071 -0.722617 0.258998
v -0.114449 -0.536598 0.846565
v -0.255595 -0.491507 0.852042
v -0.185859 -0.515721 0.852369
v -0.158964 -0.580412 0.811507
v -0.203121 -0.622202 0.773854
v -0.530997 -0.378518 0.818258
v -0.465911 -0.410153 0.834206
v -0.421414 -0.545571 0.765593
v -0.445339 -0.479857 0.802561
v -0.490418 -0.517198 0.755728
v -0.398182 -0.439934 0.845654
v -0.328744 -0.466246 0.850403
v -0.335777 -0.731390 0.634669
v -0.374127 -0.753861 0.576525
v -0.250453 -0.665564 0.733589
v -0.294476 -0.702728 0.688721
v -0.436516 -0.641608 0.672665
v -0.367068 -0.673675 0.682584
v -0.394250 -0.610812 0.723801
v -0.302951 -0.533012 0.813240
v -0.349909 -0.573623 0.771033
v -0.277288 -0.600631 0.775586
v -0.896441 -0.104428 0.569636
v -0.901562 -0.233040 0.521377
v -0.900838 -0.169257 0.546413
v -0.863583 -0.145766 0.619206
v -0.823624 -0.186282 0.663879
v -0.849743 -0.475154 0.394068
v -0.867978 -0.417719 0.427827
v -0.810414 -0.384381 0.578959
v -0.842314 -0.402747 0.504888
v -0.795885 -0.445038 0.546046
v -0.885976 -0.359464 0.462066
v -0.897220 -0.298866 0.493147
v -0.658309 -0.300109 0.760535
v -0.602060 -0.336656 0.789224
v -0.771592 -0.226990 0.701798
v -0.716300 -0.263904 0.732701
v -0.711076 -0.397615 0.679946
v -0.715998 -0.331777 0.708423
v -0.766412 -0.359716 0.648393
v -0.867677 -0.278520 0.570116
v -0.821556 -0.321265 0.612742
v -0.825821 -0.254409 0.641138
v -0.453068 -0.727286 0.559097
v -0.513648 -0.611105 0.652691
v -0.485689 -0.672057 0.609217
v -0.529539 -0.695613 0.538376
v -0.601969 -0.660182 0.515211
v -0.590105 -0.412050 0.769546
v -0.692965 -0.469909 0.650438
v -0.644766 -0.442928 0.713055
v -0.569553 -0.482716 0.737740
v -0.543698 -0.547384 0.698432
v -0.797907 -0.527220 0.428307
v -0.673153 -0.617965 0.487539
v -0.738646 -0.575520 0.459974
v -0.773466 -0.514538 0.507361
v -0.739084 -0.495761 0.580696
v -0.592989 -0.577500 0.634559
v -0.670478 -0.539889 0.611718
v -0.639076 -0.603574 0.565448
v -0.112146 -0.525802 -0.829533
v -0.197794 -0.605885 -0.753560
v -0.155733 -0.568615 -0.795013
v -0.179785 -0.498868 -0.824515
v -0.244787 -0.470725 -0.816015
v -0.358189 -0.721745 -0.551963
v -0.320724 -0.698600 -0.606215
v -0.380650 -0.589742 -0.698834
v -0.350529 -0.643322 -0.651830
v -0.418150 -0.614613 -0.644363
v -0.281481 -0.671719 -0.658330
v -0.241202 -0.640981 -0.706493
v -0.443711 -0.390609 -0.794457
v -0.507697 -0.361909 -0.782353
v -0.312871 -0.443734 -0.809343
v -0.378339 -0.418010 -0.803511
v -0.474632 -0.500550 -0.731401
v -0.426828 -0.459911 -0.769202
v -0.407453 -0.527498 -0.740231
v -0.267047 -0.578449 -0.746943
v -0.337630 -0.553494 -0.743977
v -0.290358 -0.510856 -0.779436
v -0.586767 -0.795674 -0.107838
v -0.665420 -0.711347 -0.187182
v -0.628675 -0.755510 -0.148366
v -0.562698 -0.799366 -0.174738
v -0.533917 -0.795541 -0.239244
v -0.779924 -0.512669 -0.333523
v -0.754819 -0.562988 -0.298600
v -0.638846 -0.650677 -0.355307
v -0.699672 -0.609338 -0.328500
v -0.673692 -0.607083 -0.394945
v -0.726787 -0.612238 -0.262430
v -0.698105 -0.661365 -0.226361
v -0.434108 -0.758898 -0.424913
v -0.400483 -0.744125 -0.484099
v -0.500703 -0.784960 -0.304206
v -0.467742 -0.772804 -0.364792
v -0.543677 -0.682822 -0.444218
v -0.506517 -0.728145 -0.405059
v -0.572461 -0.690478 -0.381020
v -0.634045 -0.703720 -0.252225
v -0.602797 -0.696427 -0.316843
v -0.568687 -0.745784 -0.278518
v -0.871060 -0.101472 -0.553508
v -0.790776 -0.178852 -0.637401
v -0.832484 -0.140516 -0.596907
v -0.874423 -0.164294 -0.530390
v -0.870390 -0.224983 -0.503350
v -0.582928 -0.325958 -0.764144
v -0.640896 -0.292171 -0.740418
v -0.740215 -0.347420 -0.626230
v -0.693195 -0.321211 -0.685862
v -0.688223 -0.384836 -0.658093
v -0.695165 -0.256117 -0.711082
v -0.744739 -0.219090 -0.677374
v -0.827399 -0.398190 -0.407826
v -0.806789 -0.451135 -0.374148
v -0.860009 -0.286471 -0.472695
v -0.845340 -0.342977 -0.440873
v -0.766221 -0.428450 -0.525694
v -0.810005 -0.387298 -0.485522
v -0.780557 -0.370220 -0.557629
v -0.791764 -0.243917 -0.614697
v -0.788605 -0.308380 -0.588166
v -0.831519 -0.266914 -0.546358
v -0.432957 -0.695003 -0.534280
v -0.577765 -0.633637 -0.494495
v -0.507075 -0.666103 -0.515537
v -0.463286 -0.641057 -0.581116
v -0.495211 -0.589169 -0.629263
v -0.762135 -0.503584 -0.409105
v -0.707700 -0.474710 -0.556038
v -0.740690 -0.492734 -0.485861
v -0.709764 -0.553017 -0.441989
v -0.649556 -0.596303 -0.470448
v -0.569906 -0.397946 -0.743204
v -0.529271 -0.532859 -0.679898
v -0.553195 -0.468852 -0.716551
v -0.625570 -0.429741 -0.691826
v -0.668618 -0.453399 -0.627585
v -0.613499 -0.579417 -0.542817
v -0.643643 -0.518281 -0.587236
v -0.572871 -0.557908 -0.613031
v 0.791031 0.000000 -0.591703
v 0.715528 -0.073574 -0.673432
v 0.752431 -0.036921 -0.631970
v 0.748900 0.036748 -0.629003
v 0.705011 0.072492 -0.663533
v 0.518369 -0.214172 -0.798799
v 0.570794 -0.180473 -0.771831
v 0.574883 -0.036829 -0.779170
v 0.578423 -0.109111 -0.783358
v 0.527604 -0.071460 -0.813030
v 0.621960 -0.145938 -0.742855
v 0.671041 -0.111007 -0.712406
v 0.555981 0.175789 -0.751800
v 0.507232 0.209571 -0.781637
v 0.652768 0.107984 -0.693007
v 0.602918 0.141470 -0.720111
v 0.513229 0.069513 -0.790878
v 0.558615 0.105375 -0.756531
v 0.566232 0.036274 -0.767444
v 0.672629 -0.037086 -0.713529
v 0.620661 0.000000 -0.743557
v 0.665027 0.036667 -0.705465
v 0.069087 -0.422969 -0.892657
v 0.069413 -0.301237 -0.947136
v 0.069244 -0.362407 -0.921338
v 0.139013 -0.403209 -0.901190
v 0.207484 -0.379772 -0.901838
v 0.069611 -0.038924 -0.990264
v 0.069693 -0.104339 -0.986664
v 0.206792 -0.180912 -0.954439
v 0.138708 -0.142725 -0.970947
v 0.204873 -0.114560 -0.955414
v 0.069495 -0.169544 -0.975314
v 0.069701 -0.234307 -0.963959
v 0.398850 -0.287695 -0.856092
v 0.453867 -0.253791 -0.829219
v 0.277091 -0.351740 -0.895938
v 0.340096 -0.321294 -0.880222
v 0.334848 -0.187238 -0.905070
v 0.338295 -0.254143 -0.895428
v 0.275365 -0.219245 -0.929320
v 0.139596 -0.276220 -0.950530
v 0.209319 -0.248794 -0.945652
v 0.209407 -0.315736 -0.927558
v 0.067352 0.412349 -0.870244
v 0.201207 0.368285 -0.874558
v 0.134925 0.391352 -0.874688
v 0.066908 0.350181 -0.890257
v 0.066727 0.289578 -0.910478
v 0.444434 0.248516 -0.811984
v 0.389635 0.281048 -0.836313
v 0.268488 0.213770 -0.906113
v 0.330428 0.248233 -0.874604
v 0.328691 0.183795 -0.888429
v 0.331266 0.312951 -0.857366
v 0.269133 0.341638 -0.870207
v 0.067843 0.101570 -0.960480
v 0.068770 0.038454 -0.978308
v 0.067207 0.225923 -0.929465
v 0.067258 0.164086 -0.943916
v 0.200725 0.112240 -0.936069
v 0.134370 0.138262 -0.940584
v 0.200517 0.175422 -0.925477
v 0.201898 0.304414 -0.894298
v 0.201745 0.239792 -0.911437
v 0.133781 0.264713 -0.910933
v 0.461563 -0.182231 -0.840470
v 0.337857 -0.112949 -0.905380
v 0.399800 -0.147766 -0.874134
v 0.465893 -0.109528 -0.846577
v 0.463888 -0.037340 -0.842039
v 0.137451 0.000000 -0.971613
v 0.267931 0.074409 -0.923224
v 0.203186 0.037847 -0.945354
v 0.204554 -0.038102 -0.951718
v 0.269963 -0.074973 -0.930223
v 0.450261 0.177769 -0.819890
v 0.458802 0.036930 -0.832807
v 0.454165 0.106771 -0.825266
v 0.393599 0.145474 -0.860576
v 0.334509 0.111829 -0.896406
v 0.337312 -0.037723 -0.905291
v 0.335863 0.037561 -0.901402
v 0.401674 0.000000 -0.874005
v 0.940104 0.062695 0.446567
v 0.990477 0.062549 0.315811
v 0.967228 0.062638 0.381411
v 0.946434 0.125798 0.424514
v 0.942265 0.186799 0.397792
v 1.050529 0.063632 0.041397
v 1.043378 0.063505 0.110613
v 1.003049 0.187263 0.190602
v 1.024620 0.126129 0.150992
v 1.014343 0.187424 0.121931
v 1.030214 0.063253 0.179536
v 1.012978 0.063114 0.246839
v 0.891547 0.357914 0.300361
v 0.873346 0.411899 0.267966
v 0.929735 0.247770 0.365923
v 0.910626 0.303176 0.333225
v 0.954473 0.304280 0.197953
v 0.933708 0.303963 0.265672
v 0.972130 0.248206 0.229919
v 0.991646 0.125490 0.288890
v 0.986045 0.188069 0.260071
v 0.965784 0.187877 0.329572
v 0.933718 0.062269 -0.443534
v 0.937506 0.185855 -0.395782
v 0.939147 0.124830 -0.421245
v 0.964819 0.062482 -0.380461
v 0.987839 0.062382 -0.314970
v 0.905082 0.426868 -0.277704
v 0.923190 0.370617 -0.311021
v 0.983860 0.251201 -0.232694
v 0.955481 0.311051 -0.271867
v 0.970196 0.309293 -0.201214
v 0.931423 0.310100 -0.340835
v 0.934805 0.249121 -0.367919
v 1.044181 0.063554 -0.110698
v 1.050853 0.063652 -0.041410
v 1.009399 0.062891 -0.245967
v 1.028972 0.063177 -0.179320
v 1.018756 0.188239 -0.122461
v 1.028707 0.126632 -0.151594
v 1.010614 0.188676 -0.192040
v 0.965445 0.187812 -0.329456
v 0.992137 0.189232 -0.261678
v 0.991349 0.125452 -0.288804
v 0.640869 0.738251 0.000000
v 0.725894 0.664586 0.079504
v 0.684447 0.702191 0.040087
v 0.690540 0.708442 -0.040444
v 0.738169 0.675825 -0.080849
v 0.844908 0.472451 0.227103
v 0.817435 0.520902 0.191615
v 0.841151 0.534769 0.039858
v 0.830736 0.528559 0.116000
v 0.872017 0.487609 0.076837
v 0.788819 0.569090 0.155356
v 0.760715 0.617431 0.118831
v 0.848699 0.540825 -0.198944
v 0.876503 0.490117 -0.235595
v 0.782479 0.635096 -0.122231
v 0.817738 0.589954 -0.161052
v 0.885368 0.495075 -0.078013
v 0.853491 0.543037 -0.119178
v 0.849778 0.540254 -0.040267
v 0.770807 0.626116 0.040163
v 0.811900 0.583967 0.000000
v 0.779457 0.633141 -0.040614
v 1.040125 0.126790 0.000000
v 1.001756 0.250509 -0.080941
v 1.023057 0.189472 -0.041061
v 1.021835 0.189246 0.041012
v 0.998864 0.249786 0.080707
v 0.916518 0.433705 -0.199218
v 0.918952 0.436234 -0.040853
v 0.921327 0.436897 -0.119498
v 0.949285 0.374116 -0.160871
v 0.975823 0.313775 -0.122042
v 0.893913 0.423008 0.194304
v 0.967526 0.311107 0.121004
v 0.934364 0.368235 0.158343
v 0.907129 0.430164 0.117657
v 0.913588 0.433688 0.040614
v 0.978785 0.314250 -0.040888
v 0.948210 0.375500 0.000000
v 0.976359 0.313471 0.040786
f 1 643 645
f 163 644 643
f 165 645 644
f 643 644 645
f 43 646 648
f 164 647 646
f 163 648 647
f 646 647 648
f 45 649 651
f 165 650 649
f 164 651 650
f 649 650 651
f 163 647 644
f 164 650 647
f 165 644 650
f 647 650 644
f 13 652 654
f 166 653 652
f 168 654 653
f 652 653 654
f 44 655 657
f 167 656 655
f 166 657 656
f 655 656 657
f 43 658 660
f 168 659 658
f 167 660 659
f 658 659 660
f 166 656 653
f 167 659 656
f 168 653 659
f 656 659 653
f 15 661 663
f 169 662 661
f 171 663 662
f 661 662 663
f 45 664 666
f 170 665 664
f 169 666 665
f 664 665 666
f 44 667 669
f 171 668 667
f 170 669 668
f 667 668 669
f 169 665 662
f 170 668 665
f 171 662 668
f 665 668 662
f 43 660 646
f 167 670 660
f 164 646 670
f 660 670 646
f 44 669 655
f 170 671 669
f 167 655 671
f 669 671 655
f 45 651 664
f 164 672 651
f 170 664 672
f 651 672 664
f 167 671 670
f 170 672 671
f 164 670 672
f 671 672 670
f 12 673 675
f 172 674 673
f 174 675 674
f 673 674 675
f 46 676 678
f 173 677 676
f 172 678 677
f 676 677 678
f 48 679 681
f 174 680 679
f 173 681 680
f 679 680 681
f 172 677 674
f 173 680 677
f 174 674 680
f 677 680 674
f 14 682 684
f 175 683 682
f 177 684 683
f 682 683 684
f 47 685 687
f 176 686 685
f 175 687 686
f 685 686 687
f 46 688 690
f 177 689 688
f 176 690 689
f 688 689 690
f 175 686 683
f 176 689 686
f 177 683 689
f 686 689 683
f 13 691 693
f 178 692 691
f 180 693 692
f 691 692 693
f 48 694 696
f 179 695 694
f 178 696 695
f 694 695 696
f 47 697 699
f 180 698 697
f 179 699 698
f 697 698 699
f 178 695 692
f 179 698 695
f 180 692 698
f 695 698 692
f 46 690 676
f 176 700 690
f 173 676 700
f 690 700 676
f 47 699 685
f 179 701 699
f 176 685 701
f 699 701 685
f 48 681 694
f 173 702 681
f 179 694 702
f 681 702 694
f 176 701 700
f 179 702 701
f 173 700 702
f 701 702 700
f 6 703 705
f 181 704 703
f 183 705 704
f 703 704 705
f 49 706 708
f 182 707 706
f 181 708 707
f 706 707 708
f 51 709 711
f 183 710 709
f 182 711 710
f 709 710 711
f 181 707 704
f 182 710 707
f 183 704 710
f 707 710 704
f 15 712 714
f 184 713 712
f 186 714 713
f 712 713 714
f 50 715 717
f 185 716 715
f 184 717 716
f 715 716 717
f 49 718 720
f 186 719 718
f 185 720 719
f 718 719 720
f 184 716 713
f 185 719 716
f 186 713 719
f 716 719 713
f 14 721 723
f 187 722 721
f 189 723 722
f 721 722 723
f 51 724 726
f 188 725 724
f 187 726 725
f 724 725 726
f 50 727 729
f 189 728 727
f 188 729 728
f 727 728 729
f 187 725 722
f 188 728 725
f 189 722 728
f 725 728 722
f 49 720 706
f 185 730 720
f 182 706 730
f 720 730 706
f 50 729 715
f 188 731 729
f 185 715 731
f 729 731 715
f 51 711 724
f 182 732 711
f 188 724 732
f 711 732 724
f 185 731 730
f 188 732 731
f 182 730 732
f 731 732 730
f 13 693 652
f 180 733 693
f 166 652 733
f 693 733 652
f 47 734 697
f 190 735 734
f 180 697 735
f 734 735 697
f 44 657 737
f 166 736 657
f 190 737 736
f 657 736 737
f 180 735 733
f 190 736 735
f 166 733 736
f 735 736 733
f 14 723 682
f 189 738 723
f 175 682 738
f 723 738 682
f 50 739 727
f 191 740 739
f 189 727 740
f 739 740 727
f 47 687 742
f 175 741 687
f 191 742 741
f 687 741 742
f 189 740 738
f 191 741 740
f 175 738 741
f 740 741 738
f 15 663 712
f 171 743 663
f 184 712 743
f 663 743 712
f 44 744 667
f 192 745 744
f 171 667 745
f 744 745 667
f 50 717 747
f 184 746 717
f 192 747 746
f 717 746 747
f 171 745 743
f 192 746 745
f 184 743 746
f 745 746 743
f 47 742 734
f 191 748 742
f 190 734 748
f 742 748 734
f 50 747 739
f 192 749 747
f 191 739 749
f 747 749 739
f 44 737 744
f 190 750 737
f 192 744 750
f 737 750 744
f 191 749 748
f 192 750 749
f 190 748 750
f 749 750 748
f 1 645 752
f 165 751 645
f 194 752 751
f 645 751 752
f 45 753 649
f 193 754 753
f 165 649 754
f 753 754 649
f 53 755 757
f 194 756 755
f 193 757 756
f 755 756 757
f 165 754 751
f 193 756 754
f 194 751 756
f 754 756 751
f 15 758 661
f 195 759 758
f 169 661 759
f 758 759 661
f 52 760 762
f 196 761 760
f 195 762 761
f 760 761 762
f 45 666 764
f 169 763 666
f 196 764 763
f 666 763 764
f 195 761 759
f 196 763 761
f 169 759 763
f 761 763 759
f 17 765 767
f 197 766 765
f 199 767 766
f 765 766 767
f 53 768 770
f 198 769 768
f 197 770 769
f 768 769 770
f 52 771 773
f 199 772 771
f 198 773 772
f 771 772 773
f 197 769 766
f 198 772 769
f 199 766 772
f 769 772 766
f 45 764 753
f 196 774 764
f 193 753 774
f 764 774 753
f 52 773 760
f 198 775 773
f 196 760 775
f 773 775 760
f 53 757 768
f 193 776 757
f 198 768 776
f 757 776 768
f 196 775 774
f 198 776 775
f 193 774 776
f 775 776 774
f 6 777 703
f 200 778 777
f 181 703 778
f 777 778 703
f 54 779 781
f 201 780 779
f 200 781 780
f 779 780 781
f 49 708 783
f 181 782 708
f 201 783 782
f 708 782 783
f 200 780 778
f 201 782 780
f 181 778 782
f 780 782 778
f 16 784 786
f 202 785 784
f 204 786 785
f 784 785 786
f 55 787 789
f 203 788 787
f 202 789 788
f 787 788 789
f 54 790 792
f 204 791 790
f 203 792 791
f 790 791 792
f 202 788 785
f 203 791 788
f 204 785 791
f 788 791 785
f 15 714 794
f 186 793 714
f 206 794 793
f 714 793 794
f 49 795 718
f 205 796 795
f 186 718 796
f 795 796 718
f 55 797 799
f 206 798 797
f 205 799 798
f 797 798 799
f 186 796 793
f 205 798 796
f 206 793 798
f 796 798 793
f 54 792 779
f 203 800 792
f 201 779 800
f 792 800 779
f 55 799 787
f 205 801 799
f 203 787 801
f 799 801 787
f 49 783 795
f 201 802 783
f 205 795 802
f 783 802 795
f 203 801 800
f 205 802 801
f 201 800 802
f 801 802 800
f 2 803 805
f 207 804 803
f 209 805 804
f 803 804 805
f 56 806 808
f 208 807 806
f 207 808 807
f 806 807 808
f 58 809 811
f 209 810 809
f 208 811 810
f 809 810 811
f 207 807 804
f 208 810 807
f 209 804 810
f 807 810 804
f 17 812 814
f 210 813 812
f 212 814 813
f 812 813 814
f 57 815 817
f 211 816 815
f 210 817 816
f 815 816 817
f 56 818 820
f 212 819 818
f 211 820 819
f 818 819 820
f 210 816 813
f 211 819 816
f 212 813 819
f 816 819 813
f 16 821 823
f 213 822 821
f 215 823 822
f 821 822 823
f 58 824 826
f 214 825 824
f 213 826 825
f 824 825 826
f 57 827 829
f 215 828 827
f 214 829 828
f 827 828 829
f 213 825 822
f 214 828 825
f 215 822 828
f 825 828 822
f 56 820 806
f 211 830 820
f 208 806 830
f 820 830 806
f 57 829 815
f 214 831 829
f 211 815 831
f 829 831 815
f 58 811 824
f 208 832 811
f 214 824 832
f 811 832 824
f 211 831 830
f 214 832 831
f 208 830 832
f 831 832 830
f 15 794 758
f 206 833 794
f 195 758 833
f 794 833 758
f 55 834 797
f 216 835 834
f 206 797 835
f 834 835 797
f 52 762 837
f 195 836 762
f 216 837 836
f 762 836 837
f 206 835 833
f 216 836 835
f 195 833 836
f 835 836 833
f 16 823 784
f 215 838 823
f 202 784 838
f 823 838 784
f 57 839 827
f 217 840 839
f 215 827 840
f 839 840 827
f 55 789 842
f 202 841 789
f 217 842 841
f 789 841 842
f 215 840 838
f 217 841 840
f 202 838 841
f 840 841 838
f 17 767 812
f 199 843 767
f 210 812 843
f 767 843 812
f 52 844 771
f 218 845 844
f 199 771 845
f 844 845 771
f 57 817 847
f 210 846 817
f 218 847 846
f 817 846 847
f 199 845 843
f 218 846 845
f 210 843 846
f 845 846 843
f 55 842 834
f 217 848 842
f 216 834 848
f 842 848 834
f 57 847 839
f 218 849 847
f 217 839 849
f 847 849 839
f 52 837 844
f 216 850 837
f 218 844 850
f 837 850 844
f 217 849 848
f 218 850 849
f 216 848 850
f 849 850 848
f 1 752 852
f 194 851 752
f 220 852 851
f 752 851 852
f 53 853 755
f 219 854 853
f 194 755 854
f 853 854 755
f 60 855 857
f 220 856 855
f 219 857 856
f 855 856 857
f 194 854 851
f 219 856 854
f 220 851 856
f 854 856 851
f 17 858 765
f 221 859 858
f 197 765 859
f 858 859 765
f 59 860 862
f 222 861 860
f 221 862 861
f 860 861 862
f 53 770 864
f 197 863 770
f 222 864 863
f 770 863 864
f 221 861 859
f 222 863 861
f 197 859 863
f 861 863 859
f 19 865 867
f 223 866 865
f 225 867 866
f 865 866 867
f 60 868 870
f 224 869 868
f 223 870 869
f 868 869 870
f 59 871 873
f 225 872 871
f 224 873 872
f 871 872 873
f 223 869 866
f 224 872 869
f 225 866 872
f 869 872 866
f 53 864 853
f 222 874 864
f 219 853 874
f 864 874 853
f 59 873 860
f 224 875 873
f 222 860 875
f 873 875 860
f 60 857 868
f 219 876 857
f 224 868 876
f 857 876 868
f 222 875 874
f 224 876 875
f 219 874 876
f 875 876 874
f 2 877 803
f 226 878 877
f 207 803 878
f 877 878 803
f 61 879 881
f 227 880 879
f 226 881 880
f 879 880 881
f 56 808 883
f 207 882 808
f 227 883 882
f 808 882 883
f 226 880 878
f 227 882 880
f 207 878 882
f 880 882 878
f 18 884 886
f 228 885 884
f 230 886 885
f 884 885 886
f 62 887 889
f 229 888 887
f 228 889 888
f 887 888 889
f 61 890 892
f 230 891 890
f 229 892 891
f 890 891 892
f 228 888 885
f 229 891 888
f 230 885 891
f 888 891 885
f 17 814 894
f 212 893 814
f 232 894 893
f 814 893 894
f 56 895 818
f 231 896 895
f 212 818 896
f 895 896 818
f 62 897 899
f 232 898 897
f 231 899 898
f 897 898 899
f 212 896 893
f 231 898 896
f 232 893 898
f 896 898 893
f 61 892 879
f 229 900 892
f 227 879 900
f 892 900 879
f 62 899 887
f 231 901 899
f 229 887 901
f 899 901 887
f 56 883 895
f 227 902 883
f 231 895 902
f 883 902 895
f 229 901 900
f 231 902 901
f 227 900 902
f 901 902 900
f 8 903 905
f 233 904 903
f 235 905 904
f 903 904 905
f 63 906 908
f 234 907 906
f 233 908 907
f 906 907 908
f 65 909 911
f 235 910 909
f 234 911 910
f 909 910 911
f 233 907 904
f 234 910 907
f 235 904 910
f 907 910 904
f 19 912 914
f 236 913 912
f 238 914 913
f 912 913 914
f 64 915 917
f 237 916 915
f 236 917 916
f 915 916 917
f 63 918 920
f 238 919 918
f 237 920 919
f 918 919 920
f 236 916 913
f 237 919 916
f 238 913 919
f 916 919 913
f 18 921 923
f 239 922 921
f 241 923 922
f 921 922 923
f 65 924 926
f 240 925 924
f 239 926 925
f 924 925 926
f 64 927 929
f 241 928 927
f 240 929 928
f 927 928 929
f 239 925 922
f 240 928 925
f 241 922 928
f 925 928 922
f 63 920 906
f 237 930 920
f 234 906 930
f 920 930 906
f 64 929 915
f 240 931 929
f 237 915 931
f 929 931 915
f 65 911 924
f 234 932 911
f 240 924 932
f 911 932 924
f 237 931 930
f 240 932 931
f 234 930 932
f 931 932 930
f 17 894 858
f 232 933 894
f 221 858 933
f 894 933 858
f 62 934 897
f 242 935 934
f 232 897 935
f 934 935 897
f 59 862 937
f 221 936 862
f 242 937 936
f 862 936 937
f 232 935 933
f 242 936 935
f 221 933 936
f 935 936 933
f 18 923 884
f 241 938 923
f 228 884 938
f 923 938 884
f 64 939 927
f 243 940 939
f 241 927 940
f 939 940 927
f 62 889 942
f 228 941 889
f 243 942 941
f 889 941 942
f 241 940 938
f 243 941 940
f 228 938 941
f 940 941 938
f 19 867 912
f 225 943 867
f 236 912 943
f 867 943 912
f 59 944 871
f 244 945 944
f 225 871 945
f 944 945 871
f 64 917 947
f 236 946 917
f 244 947 946
f 917 946 947
f 225 945 943
f 244 946 945
f 236 943 946
f 945 946 943
f 62 942 934
f 243 948 942
f 242 934 948
f 942 948 934
f 64 947 939
f 244 949 947
f 243 939 949
f 947 949 939
f 59 937 944
f 242 950 937
f 244 944 950
f 937 950 944
f 243 949 948
f 244 950 949
f 242 948 950
f 949 950 948
f 1 852 952
f 220 951 852
f 246 952 951
f 852 951 952
f 60 953 855
f 245 954 953
f 220 855 954
f 953 954 855
f 67 955 957
f 246 956 955
f 245 957 956
f 955 956 957
f 220 954 951
f 245 956 954
f 246 951 956
f 954 956 951
f 19 958 865
f 247 959 958
f 223 865 959
f 958 959 865
f 66 960 962
f 248 961 960
f 247 962 961
f 960 961 962
f 60 870 964
f 223 963 870
f 248 964 963
f 870 963 964
f 247 961 959
f 248 963 961
f 223 959 963
f 961 963 959
f 21 965 967
f 249 966 965
f 251 967 966
f 965 966 967
f 67 968 970
f 250 969 968
f 249 970 969
f 968 969 970
f 66 971 973
f 251 972 971
f 250 973 972
f 971 972 973
f 249 969 966
f 250 972 969
f 251 966 972
f 969 972 966
f 60 964 953
f 248 974 964
f 245 953 974
f 964 974 953
f 66 973 960
f 250 975 973
f 248 960 975
f 973 975 960
f 67 957 968
f 245 976 957
f 250 968 976
f 957 976 968
f 248 975 974
f 250 976 975
f 245 974 976
f 975 976 974
f 8 977 903
f 252 978 977
f 233 903 978
f 977 978 903
f 68 979 981
f 253 980 979
f 252 981 980
f 979 980 981
f 63 908 983
f 233 982 908
f 253 983 982
f 908 982 983
f 252 980 978
f 253 982 980
f 233 978 982
f 980 982 978
f 20 984 986
f 254 985 984
f 256 986 985
f 984 985 986
f 69 987 989
f 255 988 987
f 254 989 988
f 987 988 989
f 68 990 992
f 256 991 990
f 255 992 991
f 990 991 992
f 254 988 985
f 255 991 988
f 256 985 991
f 988 991 985
f 19 914 994
f 238 993 914
f 258 994 993
f 914 993 994
f 63 995 918
f 257 996 995
f 238 918 996
f 995 996 918
f 69 997 999
f 258 998 997
f 257 999 998
f 997 998 999
f 238 996 993
f 257 998 996
f 258 993 998
f 996 998 993
f 68 992 979
f 255 1000 992
f 253 979 1000
f 992 1000 979
f 69 999 987
f 257 1001 999
f 255 987 1001
f 999 1001 987
f 63 983 995
f 253 1002 983
f 257 995 1002
f 983 1002 995
f 255 1001 1000
f 257 1002 1001
f 253 1000 1002
f 1001 1002 1000
f 11 1003 1005
f 259 1004 1003
f 261 1005 1004
f 1003 1004 1005
f 70 1006 1008
f 260 1007 1006
f 259 1008 1007
f 1006 1007 1008
f 72 1009 1011
f 261 1010 1009
f 260 1011 1010
f 1009 1010 1011
f 259 1007 1004
f 260 1010 1007
f 261 1004 1010
f 1007 1010 1004
f 21 1012 1014
f 262 1013 1012
f 264 1014 1013
f 1012 1013 1014
f 71 1015 1017
f 263 1016 1015
f 262 1017 1016
f 1015 1016 1017
f 70 1018 1020
f 264 1019 1018
f 263 1020 1019
f 1018 1019 1020
f 262 1016 1013
f 263 1019 1016
f 264 1013 1019
f 1016 1019 1013
f 20 1021 1023
f 265 1022 1021
f 267 1023 1022
f 1021 1022 1023
f 72 1024 1026
f 266 1025 1024
f 265 1026 1025
f 1024 1025 1026
f 71 1027 1029
f 267 1028 1027
f 266 1029 1028
f 1027 1028 1029
f 265 1025 1022
f 266 1028 1025
f 267 1022 1028
f 1025 1028 1022
f 70 1020 1006
f 263 1030 1020
f 260 1006 1030
f 1020 1030 1006
f 71 1029 1015
f 266 1031 1029
f 263 1015 1031
f 1029 1031 1015
f 72 1011 1024
f 260 1032 1011
f 266 1024 1032
f 1011 1032 1024
f 263 1031 1030
f 266 1032 1031
f 260 1030 1032
f 1031 1032 1030
f 19 994 958
f 258 1033 994
f 247 958 1033
f 994 1033 958
f 69 1034 997
f 268 1035 1034
f 258 997 1035
f 1034 1035 997
f 66 962 1037
f 247 1036 962
f 268 1037 1036
f 962 1036 1037
f 258 1035 1033
f 268 1036 1035
f 247 1033 1036
f 1035 1036 1033
f 20 1023 984
f 267 1038 1023
f 254 984 1038
f 1023 1038 984
f 71 1039 1027
f 269 1040 1039
f 267 1027 1040
f 1039 1040 1027
f 69 989 1042
f 254 1041 989
f 269 1042 1041
f 989 1041 1042
f 267 1040 1038
f 269 1041 1040
f 254 1038 1041
f 1040 1041 1038
f 21 967 1012
f 251 1043 967
f 262 1012 1043
f 967 1043 1012
f 66 1044 971
f 270 1045 1044
f 251 971 1045
f 1044 1045 971
f 71 1017 1047
f 262 1046 1017
f 270 1047 1046
f 1017 1046 1047
f 251 1045 1043
f 270 1046 1045
f 262 1043 1046
f 1045 1046 1043
f 69 1042 1034
f 269 1048 1042
f 268 1034 1048
f 1042 1048 1034
f 71 1047 1039
f 270 1049 1047
f 269 1039 1049
f 1047 1049 1039
f 66 1037 1044
f 268 1050 1037
f 270 1044 1050
f 1037 1050 1044
f 269 1049 1048
f 270 1050 1049
f 268 1048 1050
f 1049 1050 1048
f 1 952 643
f 246 1051 952
f 163 643 1051
f 952 1051 643
f 67 1052 955
f 271 1053 1052
f 246 955 1053
f 1052 1053 955
f 43 648 1055
f 163 1054 648
f 271 1055 1054
f 648 1054 1055
f 246 1053 1051
f 271 1054 1053
f 163 1051 1054
f 1053 1054 1051
f 21 1056 965
f 272 1057 1056
f 249 965 1057
f 1056 1057 965
f 73 1058 1060
f 273 1059 1058
f 272 1060 1059
f 1058 1059 1060
f 67 970 1062
f 249 1061 970
f 273 1062 1061
f 970 1061 1062
f 272 1059 1057
f 273 1061 1059
f 249 1057 1061
f 1059 1061 1057
f 13 654 1064
f 168 1063 654
f 275 1064 1063
f 654 1063 1064
f 43 1065 658
f 274 1066 1065
f 168 658 1066
f 1065 1066 658
f 73 1067 1069
f 275 1068 1067
f 274 1069 1068
f 1067 1068 1069
f 168 1066 1063
f 274 1068 1066
f 275 1063 1068
f 1066 1068 1063
f 67 1062 1052
f 273 1070 1062
f 271 1052 1070
f 1062 1070 1052
f 73 1069 1058
f 274 1071 1069
f 273 1058 1071
f 1069 1071 1058
f 43 1055 1065
f 271 1072 1055
f 274 1065 1072
f 1055 1072 1065
f 273 1071 1070
f 274 1072 1071
f 271 1070 1072
f 1071 1072 1070
f 11 1073 1003
f 276 1074 1073
f 259 1003 1074
f 1073 1074 1003
f 74 1075 1077
f 277 1076 1075
f 276 1077 1076
f 1075 1076 1077
f 70 1008 1079
f 259 1078 1008
f 277 1079 1078
f 1008 1078 1079
f 276 1076 1074
f 277 1078 1076
f 259 1074 1078
f 1076 1078 1074
f 22 1080 1082
f 278 1081 1080
f 280 1082 1081
f 1080 1081 1082
f 75 1083 1085
f 279 1084 1083
f 278 1085 1084
f 1083 1084 1085
f 74 1086 1088
f 280 1087 1086
f 279 1088 1087
f 1086 1087 1088
f 278 1084 1081
f 279 1087 1084
f 280 1081 1087
f 1084 1087 1081
f 21 1014 1090
f 264 1089 1014
f 282 1090 1089
f 1014 1089 1090
f 70 1091 1018
f 281 1092 1091
f 264 1018 1092
f 1091 1092 1018
f 75 1093 1095
f 282 1094 1093
f 281 1095 1094
f 1093 1094 1095
f 264 1092 1089
f 281 1094 1092
f 282 1089 1094
f 1092 1094 1089
f 74 1088 1075
f 279 1096 1088
f 277 1075 1096
f 1088 1096 1075
f 75 1095 1083
f 281 1097 1095
f 279 1083 1097
f 1095 1097 1083
f 70 1079 1091
f 277 1098 1079
f 281 1091 1098
f 1079 1098 1091
f 279 1097 1096
f 281 1098 1097
f 277 1096 1098
f 1097 1098 1096
f 12 675 1100
f 174 1099 675
f 284 1100 1099
f 675 1099 1100
f 48 1101 679
f 283 1102 1101
f 174 679 1102
f 1101 1102 679
f 77 1103 1105
f 284 1104 1103
f 283 1105 1104
f 1103 1104 1105
f 174 1102 1099
f 283 1104 1102
f 284 1099 1104
f 1102 1104 1099
f 13 1106 691
f 285 1107 1106
f 178 691 1107
f 1106 1107 691
f 76 1108 1110
f 286 1109 1108
f 285 1110 1109
f 1108 1109 1110
f 48 696 1112
f 178 1111 696
f 286 1112 1111
f 696 1111 1112
f 285 1109 1107
f 286 1111 1109
f 178 1107 1111
f 1109 1111 1107
f 22 1113 1115
f 287 1114 1113
f 289 1115 1114
f 1113 1114 1115
f 77 1116 1118
f 288 1117 1116
f 287 1118 1117
f 1116 1117 1118
f 76 1119 1121
f 289 1120 1119
f 288 1121 1120
f 1119 1120 1121
f 287 1117 1114
f 288 1120 1117
f 289 1114 1120
f 1117 1120 1114
f 48 1112 1101
f 286 1122 1112
f 283 1101 1122
f 1112 1122 1101
f 76 1121 1108
f 288 1123 1121
f 286 1108 1123
f 1121 1123 1108
f 77 1105 1116
f 283 1124 1105
f 288 1116 1124
f 1105 1124 1116
f 286 1123 1122
f 288 1124 1123
f 283 1122 1124
f 1123 1124 1122
f 21 1090 1056
f 282 1125 1090
f 272 1056 1125
f 1090 1125 1056
f 75 1126 1093
f 290 1127 1126
f 282 1093 1127
f 1126 1127 1093
f 73 1060 1129
f 272 1128 1060
f 290 1129 1128
f 1060 1128 1129
f 282 1127 1125
f 290 1128 1127
f 272 1125 1128
f 1127 1128 1125
f 22 1115 1080
f 289 1130 1115
f 278 1080 1130
f 1115 1130 1080
f 76 1131 1119
f 291 1132 1131
f 289 1119 1132
f 1131 1132 1119
f 75 1085 1134
f 278 1133 1085
f 291 1134 1133
f 1085 1133 1134
f 289 1132 1130
f 291 1133 1132
f 278 1130 1133
f 1132 1133 1130
f 13 1064 1106
f 275 1135 1064
f 285 1106 1135
f 1064 1135 1106
f 73 1136 1067
f 292 1137 1136
f 275 1067 1137
f 1136 1137 1067
f 76 1110 1139
f 285 1138 1110
f 292 1139 1138
f 1110 1138 1139
f 275 1137 1135
f 292 1138 1137
f 285 1135 1138
f 1137 1138 1135
f 75 1134 1126
f 291 1140 1134
f 290 1126 1140
f 1134 1140 1126
f 76 1139 1131
f 292 1141 1139
f 291 1131 1141
f 1139 1141 1131
f 73 1129 1136
f 290 1142 1129
f 292 1136 1142
f 1129 1142 1136
f 291 1141 1140
f 292 1142 1141
f 290 1140 1142
f 1141 1142 1140
f 2 805 1144
f 209 1143 805
f 294 1144 1143
f 805 1143 1144
f 58 1145 809
f 293 1146 1145
f 209 809 1146
f 1145 1146 809
f 79 1147 1149
f 294 1148 1147
f 293 1149 1148
f 1147 1148 1149
f 209 1146 1143
f 293 1148 1146
f 294 1143 1148
f 1146 1148 1143
f 16 1150 821
f 295 1151 1150
f 213 821 1151
f 1150 1151 821
f 78 1152 1154
f 296 1153 1152
f 295 1154 1153
f 1152 1153 1154
f 58 826 1156
f 213 1155 826
f 296 1156 1155
f 826 1155 1156
f 295 1153 1151
f 296 1155 1153
f 213 1151 1155
f 1153 1155 1151
f 24 1157 1159
f 297 1158 1157
f 299 1159 1158
f 1157 1158 1159
f 79 1160 1162
f 298 1161 1160
f 297 1162 1161
f 1160 1161 1162
f 78 1163 1165
f 299 1164 1163
f 298 1165 1164
f 1163 1164 1165
f 297 1161 1158
f 298 1164 1161
f 299 1158 1164
f 1161 1164 1158
f 58 1156 1145
f 296 1166 1156
f 293 1145 1166
f 1156 1166 1145
f 78 1165 1152
f 298 1167 1165
f 296 1152 1167
f 1165 1167 1152
f 79 1149 1160
f 293 1168 1149
f 298 1160 1168
f 1149 1168 1160
f 296 1167 1166
f 298 1168 1167
f 293 1166 1168
f 1167 1168 1166
f 6 1169 777
f 300 1170 1169
f 200 777 1170
f 1169 1170 777
f 80 1171 1173
f 301 1172 1171
f 300 1173 1172
f 1171 1172 1173
f 54 781 1175
f 200 1174 781
f 301 1175 1174
f 781 1174 1175
f 300 1172 1170
f 301 1174 1172
f 200 1170 1174
f 1172 1174 1170
f 23 1176 1178
f 302 1177 1176
f 304 1178 1177
f 1176 1177 1178
f 81 1179 1181
f 303 1180 1179
f 302 1181 1180
f 1179 1180 1181
f 80 1182 1184
f 304 1183 1182
f 303 1184 1183
f 1182 1183 1184
f 302 1180 1177
f 303 1183 1180
f 304 1177 1183
f 1180 1183 1177
f 16 786 1186
f 204 1185 786
f 306 1186 1185
f 786 1185 1186
f 54 1187 790
f 305 1188 1187
f 204 790 1188
f 1187 1188 790
f 81 1189 1191
f 306 1190 1189
f 305 1191 1190
f 1189 1190 1191
f 204 1188 1185
f 305 1190 1188
f 306 1185 1190
f 1188 1190 1185
f 80 1184 1171
f 303 1192 1184
f 301 1171 1192
f 1184 1192 1171
f 81 1191 1179
f 305 1193 1191
f 303 1179 1193
f 1191 1193 1179
f 54 1175 1187
f 301 1194 1175
f 305 1187 1194
f 1175 1194 1187
f 303 1193 1192
f 305 1194 1193
f 301 1192 1194
f 1193 1194 1192
f 10 1195 1197
f 307 1196 1195
f 309 1197 1196
f 1195 1196 1197
f 82 1198 1200
f 308 1199 1198
f 307 1200 1199
f 1198 1199 1200
f 84 1201 1203
f 309 1202 1201
f 308 1203 1202
f 1201 1202 1203
f 307 1199 1196
f 308 1202 1199
f 309 1196 1202
f 1199 1202 1196
f 24 1204 1206
f 310 1205 1204
f 312 1206 1205
f 1204 1205 1206
f 83 1207 1209
f 311 1208 1207
f 310 1209 1208
f 1207 1208 1209
f 82 1210 1212
f 312 1211 1210
f 311 1212 1211
f 1210 1211 1212
f 310 1208 1205
f 311 1211 1208
f 312 1205 1211
f 1208 1211 1205
f 23 1213 1215
f 313 1214 1213
f 315 1215 1214
f 1213 1214 1215
f 84 1216 1218
f 314 1217 1216
f 313 1218 1217
f 1216 1217 1218
f 83 1219 1221
f 315 1220 1219
f 314 1221 1220
f 1219 1220 1221
f 313 1217 1214
f 314 1220 1217
f 315 1214 1220
f 1217 1220 1214
f 82 1212 1198
f 311 1222 1212
f 308 1198 1222
f 1212 1222 1198
f 83 1221 1207
f 314 1223 1221
f 311 1207 1223
f 1221 1223 1207
f 84 1203 1216
f 308 1224 1203
f 314 1216 1224
f 1203 1224 1216
f 311 1223 1222
f 314 1224 1223
f 308 1222 1224
f 1223 1224 1222
f 16 1186 1150
f 306 1225 1186
f 295 1150 1225
f 1186 1225 1150
f 81 1226 1189
f 316 1227 1226
f 306 1189 1227
f 1226 1227 1189
f 78 1154 1229
f 295 1228 1154
f 316 1229 1228
f 1154 1228 1229
f 306 1227 1225
f 316 1228 1227
f 295 1225 1228
f 1227 1228 1225
f 23 1215 1176
f 315 1230 1215
f 302 1176 1230
f 1215 1230 1176
f 83 1231 1219
f 317 1232 1231
f 315 1219 1232
f 1231 1232 1219
f 81 1181 1234
f 302 1233 1181
f 317 1234 1233
f 1181 1233 1234
f 315 1232 1230
f 317 1233 1232
f 302 1230 1233
f 1232 1233 1230
f 24 1159 1204
f 299 1235 1159
f 310 1204 1235
f 1159 1235 1204
f 78 1236 1163
f 318 1237 1236
f 299 1163 1237
f 1236 1237 1163
f 83 1209 1239
f 310 1238 1209
f 318 1239 1238
f 1209 1238 1239
f 299 1237 1235
f 318 1238 1237
f 310 1235 1238
f 1237 1238 1235
f 81 1234 1226
f 317 1240 1234
f 316 1226 1240
f 1234 1240 1226
f 83 1239 1231
f 318 1241 1239
f 317 1231 1241
f 1239 1241 1231
f 78 1229 1236
f 316 1242 1229
f 318 1236 1242
f 1229 1242 1236
f 317 1241 1240
f 318 1242 1241
f 316 1240 1242
f 1241 1242 1240
f 6 705 1244
f 183 1243 705
f 320 1244 1243
f 705 1243 1244
f 51 1245 709
f 319 1246 1245
f 183 709 1246
f 1245 1246 709
f 86 1247 1249
f 320 1248 1247
f 319 1249 1248
f 1247 1248 1249
f 183 1246 1243
f 319 1248 1246
f 320 1243 1248
f 1246 1248 1243
f 14 1250 721
f 321 1251 1250
f 187 721 1251
f 1250 1251 721
f 85 1252 1254
f 322 1253 1252
f 321 1254 1253
f 1252 1253 1254
f 51 726 1256
f 187 1255 726
f 322 1256 1255
f 726 1255 1256
f 321 1253 1251
f 322 1255 1253
f 187 1251 1255
f 1253 1255 1251
f 26 1257 1259
f 323 1258 1257
f 325 1259 1258
f 1257 1258 1259
f 86 1260 1262
f 324 1261 1260
f 323 1262 1261
f 1260 1261 1262
f 85 1263 1265
f 325 1264 1263
f 324 1265 1264
f 1263 1264 1265
f 323 1261 1258
f 324 1264 1261
f 325 1258 1264
f 1261 1264 1258
f 51 1256 1245
f 322 1266 1256
f 319 1245 1266
f 1256 1266 1245
f 85 1265 1252
f 324 1267 1265
f 322 1252 1267
f 1265 1267 1252
f 86 1249 1260
f 319 1268 1249
f 324 1260 1268
f 1249 1268 1260
f 322 1267 1266
f 324 1268 1267
f 319 1266 1268
f 1267 1268 1266
f 12 1269 673
f 326 1270 1269
f 172 673 1270
f 1269 1270 673
f 87 1271 1273
f 327 1272 1271
f 326 1273 1272
f 1271 1272 1273
f 46 678 1275
f 172 1274 678
f 327 1275 1274
f 678 1274 1275
f 326 1272 1270
f 327 1274 1272
f 172 1270 1274
f 1272 1274 1270
f 25 1276 1278
f 328 1277 1276
f 330 1278 1277
f 1276 1277 1278
f 88 1279 1281
f 329 1280 1279
f 328 1281 1280
f 1279 1280 1281
f 87 1282 1284
f 330 1283 1282
f 329 1284 1283
f 1282 1283 1284
f 328 1280 1277
f 329 1283 1280
f 330 1277 1283
f 1280 1283 1277
f 14 684 1286
f 177 1285 684
f 332 1286 1285
f 684 1285 1286
f 46 1287 688
f 331 1288 1287
f 177 688 1288
f 1287 1288 688
f 88 1289 1291
f 332 1290 1289
f 331 1291 1290
f 1289 1290 1291
f 177 1288 1285
f 331 1290 1288
f 332 1285 1290
f 1288 1290 1285
f 87 1284 1271
f 329 1292 1284
f 327 1271 1292
f 1284 1292 1271
f 88 1291 1279
f 331 1293 1291
f 329 1279 1293
f 1291 1293 1279
f 46 1275 1287
f 327 1294 1275
f 331 1287 1294
f 1275 1294 1287
f 329 1293 1292
f 331 1294 1293
f 327 1292 1294
f 1293 1294 1292
f 5 1295 1297
f 333 1296 1295
f 335 1297 1296
f 1295 1296 1297
f 89 1298 1300
f 334 1299 1298
f 333 1300 1299
f 1298 1299 1300
f 91 1301 1303
f 335 1302 1301
f 334 1303 1302
f 1301 1302 1303
f 333 1299 1296
f 334 1302 1299
f 335 1296 1302
f 1299 1302 1296
f 26 1304 1306
f 336 1305 1304
f 338 1306 1305
f 1304 1305 1306
f 90 1307 1309
f 337 1308 1307
f 336 1309 1308
f 1307 1308 1309
f 89 1310 1312
f 338 1311 1310
f 337 1312 1311
f 1310 1311 1312
f 336 1308 1305
f 337 1311 1308
f 338 1305 1311
f 1308 1311 1305
f 25 1313 1315
f 339 1314 1313
f 341 1315 1314
f 1313 1314 1315
f 91 1316 1318
f 340 1317 1316
f 339 1318 1317
f 1316 1317 1318
f 90 1319 1321
f 341 1320 1319
f 340 1321 1320
f 1319 1320 1321
f 339 1317 1314
f 340 1320 1317
f 341 1314 1320
f 1317 1320 1314
f 89 1312 1298
f 337 1322 1312
f 334 1298 1322
f 1312 1322 1298
f 90 1321 1307
f 340 1323 1321
f 337 1307 1323
f 1321 1323 1307
f 91 1303 1316
f 334 1324 1303
f 340 1316 1324
f 1303 1324 1316
f 337 1323 1322
f 340 1324 1323
f 334 1322 1324
f 1323 1324 1322
f 14 1286 1250
f 332 1325 1286
f 321 1250 1325
f 1286 1325 1250
f 88 1326 1289
f 342 1327 1326
f 332 1289 1327
f 1326 1327 1289
f 85 1254 1329
f 321 1328 1254
f 342 1329 1328
f 1254 1328 1329
f 332 1327 1325
f 342 1328 1327
f 321 1325 1328
f 1327 1328 1325
f 25 1315 1276
f 341 1330 1315
f 328 1276 1330
f 1315 1330 1276
f 90 1331 1319
f 343 1332 1331
f 341 1319 1332
f 1331 1332 1319
f 88 1281 1334
f 328 1333 1281
f 343 1334 1333
f 1281 1333 1334
f 341 1332 1330
f 343 1333 1332
f 328 1330 1333
f 1332 1333 1330
f 26 1259 1304
f 325 1335 1259
f 336 1304 1335
f 1259 1335 1304
f 85 1336 1263
f 344 1337 1336
f 325 1263 1337
f 1336 1337 1263
f 90 1309 1339
f 336 1338 1309
f 344 1339 1338
f 1309 1338 1339
f 325 1337 1335
f 344 1338 1337
f 336 1335 1338
f 1337 1338 1335
f 88 1334 1326
f 343 1340 1334
f 342 1326 1340
f 1334 1340 1326
f 90 1339 1331
f 344 1341 1339
f 343 1331 1341
f 1339 1341 1331
f 85 1329 1336
f 342 1342 1329
f 344 1336 1342
f 1329 1342 1336
f 343 1341 1340
f 344 1342 1341
f 342 1340 1342
f 1341 1342 1340
f 12 1100 1344
f 284 1343 1100
f 346 1344 1343
f 1100 1343 1344
f 77 1345 1103
f 345 1346 1345
f 284 1103 1346
f 1345 1346 1103
f 93 1347 1349
f 346 1348 1347
f 345 1349 1348
f 1347 1348 1349
f 284 1346 1343
f 345 1348 1346
f 346 1343 1348
f 1346 1348 1343
f 22 1350 1113
f 347 1351 1350
f 287 1113 1351
f 1350 1351 1113
f 92 1352 1354
f 348 1353 1352
f 347 1354 1353
f 1352 1353 1354
f 77 1118 1356
f 287 1355 1118
f 348 1356 1355
f 1118 1355 1356
f 347 1353 1351
f 348 1355 1353
f 287 1351 1355
f 1353 1355 1351
f 28 1357 1359
f 349 1358 1357
f 351 1359 1358
f 1357 1358 1359
f 93 1360 1362
f 350 1361 1360
f 349 1362 1361
f 1360 1361 1362
f 92 1363 1365
f 351 1364 1363
f 350 1365 1364
f 1363 1364 1365
f 349 1361 1358
f 350 1364 1361
f 351 1358 1364
f 1361 1364 1358
f 77 1356 1345
f 348 1366 1356
f 345 1345 1366
f 1356 1366 1345
f 92 1365 1352
f 350 1367 1365
f 348 1352 1367
f 1365 1367 1352
f 93 1349 1360
f 345 1368 1349
f 350 1360 1368
f 1349 1368 1360
f 348 1367 1366
f 350 1368 1367
f 345 1366 1368
f 1367 1368 1366
f 11 1369 1073
f 352 1370 1369
f 276 1073 1370
f 1369 1370 1073
f 94 1371 1373
f 353 1372 1371
f 352 1373 1372
f 1371 1372 1373
f 74 1077 1375
f 276 1374 1077
f 353 1375 1374
f 1077 1374 1375
f 352 1372 1370
f 353 1374 1372
f 276 1370 1374
f 1372 1374 1370
f 27 1376 1378
f 354 1377 1376
f 356 1378 1377
f 1376 1377 1378
f 95 1379 1381
f 355 1380 1379
f 354 1381 1380
f 1379 1380 1381
f 94 1382 1384
f 356 1383 1382
f 355 1384 1383
f 1382 1383 1384
f 354 1380 1377
f 355 1383 1380
f 356 1377 1383
f 1380 1383 1377
f 22 1082 1386
f 280 1385 1082
f 358 1386 1385
f 1082 1385 1386
f 74 1387 1086
f 357 1388 1387
f 280 1086 1388
f 1387 1388 1086
f 95 1389 1391
f 358 1390 1389
f 357 1391 1390
f 1389 1390 1391
f 280 1388 1385
f 357 1390 1388
f 358 1385 1390
f 1388 1390 1385
f 94 1384 1371
f 355 1392 1384
f 353 1371 1392
f 1384 1392 1371
f 95 1391 1379
f 357 1393 1391
f 355 1379 1393
f 1391 1393 1379
f 74 1375 1387
f 353 1394 1375
f 357 1387 1394
f 1375 1394 1387
f 355 1393 1392
f 357 1394 1393
f 353 1392 1394
f 1393 1394 1392
f 3 1395 1397
f 359 1396 1395
f 361 1397 1396
f 1395 1396 1397
f 96 1398 1400
f 360 1399 1398
f 359 1400 1399
f 1398 1399 1400
f 98 1401 1403
f 361 1402 1401
f 360 1403 1402
f 1401 1402 1403
f 359 1399 1396
f 360 1402 1399
f 361 1396 1402
f 1399 1402 1396
f 28 1404 1406
f 362 1405 1404
f 364 1406 1405
f 1404 1405 1406
f 97 1407 1409
f 363 1408 1407
f 362 1409 1408
f 1407 1408 1409
f 96 1410 1412
f 364 1411 1410
f 363 1412 1411
f 1410 1411 1412
f 362 1408 1405
f 363 1411 1408
f 364 1405 1411
f 1408 1411 1405
f 27 1413 1415
f 365 1414 1413
f 367 1415 1414
f 1413 1414 1415
f 98 1416 1418
f 366 1417 1416
f 365 1418 1417
f 1416 1417 1418
f 97 1419 1421
f 367 1420 1419
f 366 1421 1420
f 1419 1420 1421
f 365 1417 1414
f 366 1420 1417
f 367 1414 1420
f 1417 1420 1414
f 96 1412 1398
f 363 1422 1412
f 360 1398 1422
f 1412 1422 1398
f 97 1421 1407
f 366 1423 1421
f 363 1407 1423
f 1421 1423 1407
f 98 1403 1416
f 360 1424 1403
f 366 1416 1424
f 1403 1424 1416
f 363 1423 1422
f 366 1424 1423
f 360 1422 1424
f 1423 1424 1422
f 22 1386 1350
f 358 1425 1386
f 347 1350 1425
f 1386 1425 1350
f 95 1426 1389
f 368 1427 1426
f 358 1389 1427
f 1426 1427 1389
f 92 1354 1429
f 347 1428 1354
f 368 1429 1428
f 1354 1428 1429
f 358 1427 1425
f 368 1428 1427
f 347 1425 1428
f 1427 1428 1425
f 27 1415 1376
f 367 1430 1415
f 354 1376 1430
f 1415 1430 1376
f 97 1431 1419
f 369 1432 1431
f 367 1419 1432
f 1431 1432 1419
f 95 1381 1434
f 354 1433 1381
f 369 1434 1433
f 1381 1433 1434
f 367 1432 1430
f 369 1433 1432
f 354 1430 1433
f 1432 1433 1430
f 28 1359 1404
f 351 1435 1359
f 362 1404 1435
f 1359 1435 1404
f 92 1436 1363
f 370 1437 1436
f 351 1363 1437
f 1436 1437 1363
f 97 1409 1439
f 362 1438 1409
f 370 1439 1438
f 1409 1438 1439
f 351 1437 1435
f 370 1438 1437
f 362 1435 1438
f 1437 1438 1435
f 95 1434 1426
f 369 1440 1434
f 368 1426 1440
f 1434 1440 1426
f 97 1439 1431
f 370 1441 1439
f 369 1431 1441
f 1439 1441 1431
f 92 1429 1436
f 368 1442 1429
f 370 1436 1442
f 1429 1442 1436
f 369 1441 1440
f 370 1442 1441
f 368 1440 1442
f 1441 1442 1440
f 11 1005 1444
f 261 1443 1005
f 372 1444 1443
f 1005 1443 1444
f 72 1445 1009
f 371 1446 1445
f 261 1009 1446
f 1445 1446 1009
f 100 1447 1449
f 372 1448 1447
f 371 1449 1448
f 1447 1448 1449
f 261 1446 1443
f 371 1448 1446
f 372 1443 1448
f 1446 1448 1443
f 20 1450 1021
f 373 1451 1450
f 265 1021 1451
f 1450 1451 1021
f 99 1452 1454
f 374 1453 1452
f 373 1454 1453
f 1452 1453 1454
f 72 1026 1456
f 265 1455 1026
f 374 1456 1455
f 1026 1455 1456
f 373 1453 1451
f 374 1455 1453
f 265 1451 1455
f 1453 1455 1451
f 30 1457 1459
f 375 1458 1457
f 377 1459 1458
f 1457 1458 1459
f 100 1460 1462
f 376 1461 1460
f 375 1462 1461
f 1460 1461 1462
f 99 1463 1465
f 377 1464 1463
f 376 1465 1464
f 1463 1464 1465
f 375 1461 1458
f 376 1464 1461
f 377 1458 1464
f 1461 1464 1458
f 72 1456 1445
f 374 1466 1456
f 371 1445 1466
f 1456 1466 1445
f 99 1465 1452
f 376 1467 1465
f 374 1452 1467
f 1465 1467 1452
f 100 1449 1460
f 371 1468 1449
f 376 1460 1468
f 1449 1468 1460
f 374 1467 1466
f 376 1468 1467
f 371 1466 1468
f 1467 1468 1466
f 8 1469 977
f 378 1470 1469
f 252 977 1470
f 1469 1470 977
f 101 1471 1473
f 379 1472 1471
f 378 1473 1472
f 1471 1472 1473
f 68 981 1475
f 252 1474 981
f 379 1475 1474
f 981 1474 1475
f 378 1472 1470
f 379 1474 1472
f 252 1470 1474
f 1472 1474 1470
f 29 1476 1478
f 380 1477 1476
f 382 1478 1477
f 1476 1477 1478
f 102 1479 1481
f 381 1480 1479
f 380 1481 1480
f 1479 1480 1481
f 101 1482 1484
f 382 1483 1482
f 381 1484 1483
f 1482 1483 1484
f 380 1480 1477
f 381 1483 1480
f 382 1477 1483
f 1480 1483 1477
f 20 986 1486
f 256 1485 986
f 384 1486 1485
f 986 1485 1486
f 68 1487 990
f 383 1488 1487
f 256 990 1488
f 1487 1488 990
f 102 1489 1491
f 384 1490 1489
f 383 1491 1490
f 1489 1490 1491
f 256 1488 1485
f 383 1490 1488
f 384 1485 1490
f 1488 1490 1485
f 101 1484 1471
f 381 1492 1484
f 379 1471 1492
f 1484 1492 1471
f 102 1491 1479
f 383 1493 1491
f 381 1479 1493
f 1491 1493 1479
f 68 1475 1487
f 379 1494 1475
f 383 1487 1494
f 1475 1494 1487
f 381 1493 1492
f 383 1494 1493
f 379 1492 1494
f 1493 1494 1492
f 7 1495 1497
f 385 1496 1495
f 387 1497 1496
f 1495 1496 1497
f 103 1498 1500
f 386 1499 1498
f 385 1500 1499
f 1498 1499 1500
f 105 1501 1503
f 387 1502 1501
f 386 1503 1502
f 1501 1502 1503
f 385 1499 1496
f 386 1502 1499
f 387 1496 1502
f 1499 1502 1496
f 30 1504 1506
f 388 1505 1504
f 390 1506 1505
f 1504 1505 1506
f 104 1507 1509
f 389 1508 1507
f 388 1509 1508
f 1507 1508 1509
f 103 1510 1512
f 390 1511 1510
f 389 1512 1511
f 1510 1511 1512
f 388 1508 1505
f 389 1511 1508
f 390 1505 1511
f 1508 1511 1505
f 29 1513 1515
f 391 1514 1513
f 393 1515 1514
f 1513 1514 1515
f 105 1516 1518
f 392 1517 1516
f 391 1518 1517
f 1516 1517 1518
f 104 1519 1521
f 393 1520 1519
f 392 1521 1520
f 1519 1520 1521
f 391 1517 1514
f 392 1520 1517
f 393 1514 1520
f 1517 1520 1514
f 103 1512 1498
f 389 1522 1512
f 386 1498 1522
f 1512 1522 1498
f 104 1521 1507
f 392 1523 1521
f 389 1507 1523
f 1521 1523 1507
f 105 1503 1516
f 386 1524 1503
f 392 1516 1524
f 1503 1524 1516
f 389 1523 1522
f 392 1524 1523
f 386 1522 1524
f 1523 1524 1522
f 20 1486 1450
f 384 1525 1486
f 373 1450 1525
f 1486 1525 1450
f 102 1526 1489
f 394 1527 1526
f 384 1489 1527
f 1526 1527 1489
f 99 1454 1529
f 373 1528 1454
f 394 1529 1528
f 1454 1528 1529
f 384 1527 1525
f 394 1528 1527
f 373 1525 1528
f 1527 1528 1525
f 29 1515 1476
f 393 1530 1515
f 380 1476 1530
f 1515 1530 1476
f 104 1531 1519
f 395 1532 1531
f 393 1519 1532
f 1531 1532 1519
f 102 1481 1534
f 380 1533 1481
f 395 1534 1533
f 1481 1533 1534
f 393 1532 1530
f 395 1533 1532
f 380 1530 1533
f 1532 1533 1530
f 30 1459 1504
f 377 1535 1459
f 388 1504 1535
f 1459 1535 1504
f 99 1536 1463
f 396 1537 1536
f 377 1463 1537
f 1536 1537 1463
f 104 1509 1539
f 388 1538 1509
f 396 1539 1538
f 1509 1538 1539
f 377 1537 1535
f 396 1538 1537
f 388 1535 1538
f 1537 1538 1535
f 102 1534 1526
f 395 1540 1534
f 394 1526 1540
f 1534 1540 1526
f 104 1539 1531
f 396 1541 1539
f 395 1531 1541
f 1539 1541 1531
f 99 1529 1536
f 394 1542 1529
f 396 1536 1542
f 1529 1542 1536
f 395 1541 1540
f 396 1542 1541
f 394 1540 1542
f 1541 1542 1540
f 8 905 1544
f 235 1543 905
f 398 1544 1543
f 905 1543 1544
f 65 1545 909
f 397 1546 1545
f 235 909 1546
f 1545 1546 909
f 107 1547 1549
f 398 1548 1547
f 397 1549 1548
f 1547 1548 1549
f 235 1546 1543
f 397 1548 1546
f 398 1543 1548
f 1546 1548 1543
f 18 1550 921
f 399 1551 1550
f 239 921 1551
f 1550 1551 921
f 106 1552 1554
f 400 1553 1552
f 399 1554 1553
f 1552 1553 1554
f 65 926 1556
f 239 1555 926
f 400 1556 1555
f 926 1555 1556
f 399 1553 1551
f 400 1555 1553
f 239 1551 1555
f 1553 1555 1551
f 32 1557 1559
f 401 1558 1557
f 403 1559 1558
f 1557 1558 1559
f 107 1560 1562
f 402 1561 1560
f 401 1562 1561
f 1560 1561 1562
f 106 1563 1565
f 403 1564 1563
f 402 1565 1564
f 1563 1564 1565
f 401 1561 1558
f 402 1564 1561
f 403 1558 1564
f 1561 1564 1558
f 65 1556 1545
f 400 1566 1556
f 397 1545 1566
f 1556 1566 1545
f 106 1565 1552
f 402 1567 1565
f 400 1552 1567
f 1565 1567 1552
f 107 1549 1560
f 397 1568 1549
f 402 1560 1568
f 1549 1568 1560
f 400 1567 1566
f 402 1568 1567
f 397 1566 1568
f 1567 1568 1566
f 2 1569 877
f 404 1570 1569
f 226 877 1570
f 1569 1570 877
f 108 1571 1573
f 405 1572 1571
f 404 1573 1572
f 1571 1572 1573
f 61 881 1575
f 226 1574 881
f 405 1575 1574
f 881 1574 1575
f 404 1572 1570
f 405 1574 1572
f 226 1570 1574
f 1572 1574 1570
f 31 1576 1578
f 406 1577 1576
f 408 1578 1577
f 1576 1577 1578
f 109 1579 1581
f 407 1580 1579
f 406 1581 1580
f 1579 1580 1581
f 108 1582 1584
f 408 1583 1582
f 407 1584 1583
f 1582 1583 1584
f 406 1580 1577
f 407 1583 1580
f 408 1577 1583
f 1580 1583 1577
f 18 886 1586
f 230 1585 886
f 410 1586 1585
f 886 1585 1586
f 61 1587 890
f 409 1588 1587
f 230 890 1588
f 1587 1588 890
f 109 1589 1591
f 410 1590 1589
f 409 1591 1590
f 1589 1590 1591
f 230 1588 1585
f 409 1590 1588
f 410 1585 1590
f 1588 1590 1585
f 108 1584 1571
f 407 1592 1584
f 405 1571 1592
f 1584 1592 1571
f 109 1591 1579
f 409 1593 1591
f 407 1579 1593
f 1591 1593 1579
f 61 1575 1587
f 405 1594 1575
f 409 1587 1594
f 1575 1594 1587
f 407 1593 1592
f 409 1594 1593
f 405 1592 1594
f 1593 1594 1592
f 9 1595 1597
f 411 1596 1595
f 413 1597 1596
f 1595 1596 1597
f 110 1598 1600
f 412 1599 1598
f 411 1600 1599
f 1598 1599 1600
f 112 1601 1603
f 413 1602 1601
f 412 1603 1602
f 1601 1602 1603
f 411 1599 1596
f 412 1602 1599
f 413 1596 1602
f 1599 1602 1596
f 32 1604 1606
f 414 1605 1604
f 416 1606 1605
f 1604 1605 1606
f 111 1607 1609
f 415 1608 1607
f 414 1609 1608
f 1607 1608 1609
f 110 1610 1612
f 416 1611 1610
f 415 1612 1611
f 1610 1611 1612
f 414 1608 1605
f 415 1611 1608
f 416 1605 1611
f 1608 1611 1605
f 31 1613 1615
f 417 1614 1613
f 419 1615 1614
f 1613 1614 1615
f 112 1616 1618
f 418 1617 1616
f 417 1618 1617
f 1616 1617 1618
f 111 1619 1621
f 419 1620 1619
f 418 1621 1620
f 1619 1620 1621
f 417 1617 1614
f 418 1620 1617
f 419 1614 1620
f 1617 1620 1614
f 110 1612 1598
f 415 1622 1612
f 412 1598 1622
f 1612 1622 1598
f 111 1621 1607
f 418 1623 1621
f 415 1607 1623
f 1621 1623 1607
f 112 1603 1616
f 412 1624 1603
f 418 1616 1624
f 1603 1624 1616
f 415 1623 1622
f 418 1624 1623
f 412 1622 1624
f 1623 1624 1622
f 18 1586 1550
f 410 1625 1586
f 399 1550 1625
f 1586 1625 1550
f 109 1626 1589
f 420 1627 1626
f 410 1589 1627
f 1626 1627 1589
f 106 1554 1629
f 399 1628 1554
f 420 1629 1628
f 1554 1628 1629
f 410 1627 1625
f 420 1628 1627
f 399 1625 1628
f 1627 1628 1625
f 31 1615 1576
f 419 1630 1615
f 406 1576 1630
f 1615 1630 1576
f 111 1631 1619
f 421 1632 1631
f 419 1619 1632
f 1631 1632 1619
f 109 1581 1634
f 406 1633 1581
f 421 1634 1633
f 1581 1633 1634
f 419 1632 1630
f 421 1633 1632
f 406 1630 1633
f 1632 1633 1630
f 32 1559 1604
f 403 1635 1559
f 414 1604 1635
f 1559 1635 1604
f 106 1636 1563
f 422 1637 1636
f 403 1563 1637
f 1636 1637 1563
f 111 1609 1639
f 414 1638 1609
f 422 1639 1638
f 1609 1638 1639
f 403 1637 1635
f 422 1638 1637
f 414 1635 1638
f 1637 1638 1635
f 109 1634 1626
f 421 1640 1634
f 420 1626 1640
f 1634 1640 1626
f 111 1639 1631
f 422 1641 1639
f 421 1631 1641
f 1639 1641 1631
f 106 1629 1636
f 420 1642 1629
f 422 1636 1642
f 1629 1642 1636
f 421 1641 1640
f 422 1642 1641
f 420 1640 1642
f 1641 1642 1640
f 4 1643 1645
f 423 1644 1643
f 425 1645 1644
f 1643 1644 1645
f 113 1646 1648
f 424 1647 1646
f 423 1648 1647
f 1646 1647 1648
f 115 1649 1651
f 425 1650 1649
f 424 1651 1650
f 1649 1650 1651
f 423 1647 1644
f 424 1650 1647
f 425 1644 1650
f 1647 1650 1644
f 33 1652 1654
f 426 1653 1652
f 428 1654 1653
f 1652 1653 1654
f 114 1655 1657
f 427 1656 1655
f 426 1657 1656
f 1655 1656 1657
f 113 1658 1660
f 428 1659 1658
f 427 1660 1659
f 1658 1659 1660
f 426 1656 1653
f 427 1659 1656
f 428 1653 1659
f 1656 1659 1653
f 35 1661 1663
f 429 1662 1661
f 431 1663 1662
f 1661 1662 1663
f 115 1664 1666
f 430 1665 1664
f 429 1666 1665
f 1664 1665 1666
f 114 1667 1669
f 431 1668 1667
f 430 1669 1668
f 1667 1668 1669
f 429 1665 1662
f 430 1668 1665
f 431 1662 1668
f 1665 1668 1662
f 113 1660 1646
f 427 1670 1660
f 424 1646 1670
f 1660 1670 1646
f 114 1669 1655
f 430 1671 1669
f 427 1655 1671
f 1669 1671 1655
f 115 1651 1664
f 424 1672 1651
f 430 1664 1672
f 1651 1672 1664
f 427 1671 1670
f 430 1672 1671
f 424 1670 1672
f 1671 1672 1670
f 10 1673 1675
f 432 1674 1673
f 434 1675 1674
f 1673 1674 1675
f 116 1676 1678
f 433 1677 1676
f 432 1678 1677
f 1676 1677 1678
f 118 1679 1681
f 434 1680 1679
f 433 1681 1680
f 1679 1680 1681
f 432 1677 1674
f 433 1680 1677
f 434 1674 1680
f 1677 1680 1674
f 34 1682 1684
f 435 1683 1682
f 437 1684 1683
f 1682 1683 1684
f 117 1685 1687
f 436 1686 1685
f 435 1687 1686
f 1685 1686 1687
f 116 1688 1690
f 437 1689 1688
f 436 1690 1689
f 1688 1689 1690
f 435 1686 1683
f 436 1689 1686
f 437 1683 1689
f 1686 1689 1683
f 33 1691 1693
f 438 1692 1691
f 440 1693 1692
f 1691 1692 1693
f 118 1694 1696
f 439 1695 1694
f 438 1696 1695
f 1694 1695 1696
f 117 1697 1699
f 440 1698 1697
f 439 1699 1698
f 1697 1698 1699
f 438 1695 1692
f 439 1698 1695
f 440 1692 1698
f 1695 1698 1692
f 116 1690 1676
f 436 1700 1690
f 433 1676 1700
f 1690 1700 1676
f 117 1699 1685
f 439 1701 1699
f 436 1685 1701
f 1699 1701 1685
f 118 1681 1694
f 433 1702 1681
f 439 1694 1702
f 1681 1702 1694
f 436 1701 1700
f 439 1702 1701
f 433 1700 1702
f 1701 1702 1700
f 5 1703 1705
f 441 1704 1703
f 443 1705 1704
f 1703 1704 1705
f 119 1706 1708
f 442 1707 1706
f 441 1708 1707
f 1706 1707 1708
f 121 1709 1711
f 443 1710 1709
f 442 1711 1710
f 1709 1710 1711
f 441 1707 1704
f 442 1710 1707
f 443 1704 1710
f 1707 1710 1704
f 35 1712 1714
f 444 1713 1712
f 446 1714 1713
f 1712 1713 1714
f 120 1715 1717
f 445 1716 1715
f 444 1717 1716
f 1715 1716 1717
f 119 1718 1720
f 446 1719 1718
f 445 1720 1719
f 1718 1719 1720
f 444 1716 1713
f 445 1719 1716
f 446 1713 1719
f 1716 1719 1713
f 34 1721 1723
f 447 1722 1721
f 449 1723 1722
f 1721 1722 1723
f 121 1724 1726
f 448 1725 1724
f 447 1726 1725
f 1724 1725 1726
f 120 1727 1729
f 449 1728 1727
f 448 1729 1728
f 1727 1728 1729
f 447 1725 1722
f 448 1728 1725
f 449 1722 1728
f 1725 1728 1722
f 119 1720 1706
f 445 1730 1720
f 442 1706 1730
f 1720 1730 1706
f 120 1729 1715
f 448 1731 1729
f 445 1715 1731
f 1729 1731 1715
f 121 1711 1724
f 442 1732 1711
f 448 1724 1732
f 1711 1732 1724
f 445 1731 1730
f 448 1732 1731
f 442 1730 1732
f 1731 1732 1730
f 33 1693 1652
f 440 1733 1693
f 426 1652 1733
f 1693 1733 1652
f 117 1734 1697
f 450 1735 1734
f 440 1697 1735
f 1734 1735 1697
f 114 1657 1737
f 426 1736 1657
f 450 1737 1736
f 1657 1736 1737
f 440 1735 1733
f 450 1736 1735
f 426 1733 1736
f 1735 1736 1733
f 34 1723 1682
f 449 1738 1723
f 435 1682 1738
f 1723 1738 1682
f 120 1739 1727
f 451 1740 1739
f 449 1727 1740
f 1739 1740 1727
f 117 1687 1742
f 435 1741 1687
f 451 1742 1741
f 1687 1741 1742
f 449 1740 1738
f 451 1741 1740
f 435 1738 1741
f 1740 1741 1738
f 35 1663 1712
f 431 1743 1663
f 444 1712 1743
f 1663 1743 1712
f 114 1744 1667
f 452 1745 1744
f 431 1667 1745
f 1744 1745 1667
f 120 1717 1747
f 444 1746 1717
f 452 1747 1746
f 1717 1746 1747
f 431 1745 1743
f 452 1746 1745
f 444 1743 1746
f 1745 1746 1743
f 117 1742 1734
f 451 1748 1742
f 450 1734 1748
f 1742 1748 1734
f 120 1747 1739
f 452 1749 1747
f 451 1739 1749
f 1747 1749 1739
f 114 1737 1744
f 450 1750 1737
f 452 1744 1750
f 1737 1750 1744
f 451 1749 1748
f 452 1750 1749
f 450 1748 1750
f 1749 1750 1748
f 4 1645 1752
f 425 1751 1645
f 454 1752 1751
f 1645 1751 1752
f 115 1753 1649
f 453 1754 1753
f 425 1649 1754
f 1753 1754 1649
f 123 1755 1757
f 454 1756 1755
f 453 1757 1756
f 1755 1756 1757
f 425 1754 1751
f 453 1756 1754
f 454 1751 1756
f 1754 1756 1751
f 35 1758 1661
f 455 1759 1758
f 429 1661 1759
f 1758 1759 1661
f 122 1760 1762
f 456 1761 1760
f 455 1762 1761
f 1760 1761 1762
f 115 1666 1764
f 429 1763 1666
f 456 1764 1763
f 1666 1763 1764
f 455 1761 1759
f 456 1763 1761
f 429 1759 1763
f 1761 1763 1759
f 37 1765 1767
f 457 1766 1765
f 459 1767 1766
f 1765 1766 1767
f 123 1768 1770
f 458 1769 1768
f 457 1770 1769
f 1768 1769 1770
f 122 1771 1773
f 459 1772 1771
f 458 1773 1772
f 1771 1772 1773
f 457 1769 1766
f 458 1772 1769
f 459 1766 1772
f 1769 1772 1766
f 115 1764 1753
f 456 1774 1764
f 453 1753 1774
f 1764 1774 1753
f 122 1773 1760
f 458 1775 1773
f 456 1760 1775
f 1773 1775 1760
f 123 1757 1768
f 453 1776 1757
f 458 1768 1776
f 1757 1776 1768
f 456 1775 1774
f 458 1776 1775
f 453 1774 1776
f 1775 1776 1774
f 5 1777 1703
f 460 1778 1777
f 441 1703 1778
f 1777 1778 1703
f 124 1779 1781
f 461 1780 1779
f 460 1781 1780
f 1779 1780 1781
f 119 1708 1783
f 441 1782 1708
f 461 1783 1782
f 1708 1782 1783
f 460 1780 1778
f 461 1782 1780
f 441 1778 1782
f 1780 1782 1778
f 36 1784 1786
f 462 1785 1784
f 464 1786 1785
f 1784 1785 1786
f 125 1787 1789
f 463 1788 1787
f 462 1789 1788
f 1787 1788 1789
f 124 1790 1792
f 464 1791 1790
f 463 1792 1791
f 1790 1791 1792
f 462 1788 1785
f 463 1791 1788
f 464 1785 1791
f 1788 1791 1785
f 35 1714 1794
f 446 1793 1714
f 466 1794 1793
f 1714 1793 1794
f 119 1795 1718
f 465 1796 1795
f 446 1718 1796
f 1795 1796 1718
f 125 1797 1799
f 466 1798 1797
f 465 1799 1798
f 1797 1798 1799
f 446 1796 1793
f 465 1798 1796
f 466 1793 1798
f 1796 1798 1793
f 124 1792 1779
f 463 1800 1792
f 461 1779 1800
f 1792 1800 1779
f 125 1799 1787
f 465 1801 1799
f 463 1787 1801
f 1799 1801 1787
f 119 1783 1795
f 461 1802 1783
f 465 1795 1802
f 1783 1802 1795
f 463 1801 1800
f 465 1802 1801
f 461 1800 1802
f 1801 1802 1800
f 3 1803 1805
f 467 1804 1803
f 469 1805 1804
f 1803 1804 1805
f 126 1806 1808
f 468 1807 1806
f 467 1808 1807
f 1806 1807 1808
f 128 1809 1811
f 469 1810 1809
f 468 1811 1810
f 1809 1810 1811
f 467 1807 1804
f 468 1810 1807
f 469 1804 1810
f 1807 1810 1804
f 37 1812 1814
f 470 1813 1812
f 472 1814 1813
f 1812 1813 1814
f 127 1815 1817
f 471 1816 1815
f 470 1817 1816
f 1815 1816 1817
f 126 1818 1820
f 472 1819 1818
f 471 1820 1819
f 1818 1819 1820
f 470 1816 1813
f 471 1819 1816
f 472 1813 1819
f 1816 1819 1813
f 36 1821 1823
f 473 1822 1821
f 475 1823 1822
f 1821 1822 1823
f 128 1824 1826
f 474 1825 1824
f 473 1826 1825
f 1824 1825 1826
f 127 1827 1829
f 475 1828 1827
f 474 1829 1828
f 1827 1828 1829
f 473 1825 1822
f 474 1828 1825
f 475 1822 1828
f 1825 1828 1822
f 126 1820 1806
f 471 1830 1820
f 468 1806 1830
f 1820 1830 1806
f 127 1829 1815
f 474 1831 1829
f 471 1815 1831
f 1829 1831 1815
f 128 1811 1824
f 468 1832 1811
f 474 1824 1832
f 1811 1832 1824
f 471 1831 1830
f 474 1832 1831
f 468 1830 1832
f 1831 1832 1830
f 35 1794 1758
f 466 1833 1794
f 455 1758 1833
f 1794 1833 1758
f 125 1834 1797
f 476 1835 1834
f 466 1797 1835
f 1834 1835 1797
f 122 1762 1837
f 455 1836 1762
f 476 1837 1836
f 1762 1836 1837
f 466 1835 1833
f 476 1836 1835
f 455 1833 1836
f 1835 1836 1833
f 36 1823 1784
f 475 1838 1823
f 462 1784 1838
f 1823 1838 1784
f 127 1839 1827
f 477 1840 1839
f 475 1827 1840
f 1839 1840 1827
f 125 1789 1842
f 462 1841 1789
f 477 1842 1841
f 1789 1841 1842
f 475 1840 1838
f 477 1841 1840
f 462 1838 1841
f 1840 1841 1838
f 37 1767 1812
f 459 1843 1767
f 470 1812 1843
f 1767 1843 1812
f 122 1844 1771
f 478 1845 1844
f 459 1771 1845
f 1844 1845 1771
f 127 1817 1847
f 470 1846 1817
f 478 1847 1846
f 1817 1846 1847
f 459 1845 1843
f 478 1846 1845
f 470 1843 1846
f 1845 1846 1843
f 125 1842 1834
f 477 1848 1842
f 476 1834 1848
f 1842 1848 1834
f 127 1847 1839
f 478 1849 1847
f 477 1839 1849
f 1847 1849 1839
f 122 1837 1844
f 476 1850 1837
f 478 1844 1850
f 1837 1850 1844
f 477 1849 1848
f 478 1850 1849
f 476 1848 1850
f 1849 1850 1848
f 4 1752 1852
f 454 1851 1752
f 480 1852 1851
f 1752 1851 1852
f 123 1853 1755
f 479 1854 1853
f 454 1755 1854
f 1853 1854 1755
f 130 1855 1857
f 480 1856 1855
f 479 1857 1856
f 1855 1856 1857
f 454 1854 1851
f 479 1856 1854
f 480 1851 1856
f 1854 1856 1851
f 37 1858 1765
f 481 1859 1858
f 457 1765 1859
f 1858 1859 1765
f 129 1860 1862
f 482 1861 1860
f 481 1862 1861
f 1860 1861 1862
f 123 1770 1864
f 457 1863 1770
f 482 1864 1863
f 1770 1863 1864
f 481 1861 1859
f 482 1863 1861
f 457 1859 1863
f 1861 1863 1859
f 39 1865 1867
f 483 1866 1865
f 485 1867 1866
f 1865 1866 1867
f 130 1868 1870
f 484 1869 1868
f 483 1870 1869
f 1868 1869 1870
f 129 1871 1873
f 485 1872 1871
f 484 1873 1872
f 1871 1872 1873
f 483 1869 1866
f 484 1872 1869
f 485 1866 1872
f 1869 1872 1866
f 123 1864 1853
f 482 1874 1864
f 479 1853 1874
f 1864 1874 1853
f 129 1873 1860
f 484 1875 1873
f 482 1860 1875
f 1873 1875 1860
f 130 1857 1868
f 479 1876 1857
f 484 1868 1876
f 1857 1876 1868
f 482 1875 1874
f 484 1876 1875
f 479 1874 1876
f 1875 1876 1874
f 3 1877 1803
f 486 1878 1877
f 467 1803 1878
f 1877 1878 1803
f 131 1879 1881
f 487 1880 1879
f 486 1881 1880
f 1879 1880 1881
f 126 1808 1883
f 467 1882 1808
f 487 1883 1882
f 1808 1882 1883
f 486 1880 1878
f 487 1882 1880
f 467 1878 1882
f 1880 1882 1878
f 38 1884 1886
f 488 1885 1884
f 490 1886 1885
f 1884 1885 1886
f 132 1887 1889
f 489 1888 1887
f 488 1889 1888
f 1887 1888 1889
f 131 1890 1892
f 490 1891 1890
f 489 1892 1891
f 1890 1891 1892
f 488 1888 1885
f 489 1891 1888
f 490 1885 1891
f 1888 1891 1885
f 37 1814 1894
f 472 1893 1814
f 492 1894 1893
f 1814 1893 1894
f 126 1895 1818
f 491 1896 1895
f 472 1818 1896
f 1895 1896 1818
f 132 1897 1899
f 492 1898 1897
f 491 1899 1898
f 1897 1898 1899
f 472 1896 1893
f 491 1898 1896
f 492 1893 1898
f 1896 1898 1893
f 131 1892 1879
f 489 1900 1892
f 487 1879 1900
f 1892 1900 1879
f 132 1899 1887
f 491 1901 1899
f 489 1887 1901
f 1899 1901 1887
f 126 1883 1895
f 487 1902 1883
f 491 1895 1902
f 1883 1902 1895
f 489 1901 1900
f 491 1902 1901
f 487 1900 1902
f 1901 1902 1900
f 7 1903 1905
f 493 1904 1903
f 495 1905 1904
f 1903 1904 1905
f 133 1906 1908
f 494 1907 1906
f 493 1908 1907
f 1906 1907 1908
f 135 1909 1911
f 495 1910 1909
f 494 1911 1910
f 1909 1910 1911
f 493 1907 1904
f 494 1910 1907
f 495 1904 1910
f 1907 1910 1904
f 39 1912 1914
f 496 1913 1912
f 498 1914 1913
f 1912 1913 1914
f 134 1915 1917
f 497 1916 1915
f 496 1917 1916
f 1915 1916 1917
f 133 1918 1920
f 498 1919 1918
f 497 1920 1919
f 1918 1919 1920
f 496 1916 1913
f 497 1919 1916
f 498 1913 1919
f 1916 1919 1913
f 38 1921 1923
f 499 1922 1921
f 501 1923 1922
f 1921 1922 1923
f 135 1924 1926
f 500 1925 1924
f 499 1926 1925
f 1924 1925 1926
f 134 1927 1929
f 501 1928 1927
f 500 1929 1928
f 1927 1928 1929
f 499 1925 1922
f 500 1928 1925
f 501 1922 1928
f 1925 1928 1922
f 133 1920 1906
f 497 1930 1920
f 494 1906 1930
f 1920 1930 1906
f 134 1929 1915
f 500 1931 1929
f 497 1915 1931
f 1929 1931 1915
f 135 1911 1924
f 494 1932 1911
f 500 1924 1932
f 1911 1932 1924
f 497 1931 1930
f 500 1932 1931
f 494 1930 1932
f 1931 1932 1930
f 37 1894 1858
f 492 1933 1894
f 481 1858 1933
f 1894 1933 1858
f 132 1934 1897
f 502 1935 1934
f 492 1897 1935
f 1934 1935 1897
f 129 1862 1937
f 481 1936 1862
f 502 1937 1936
f 1862 1936 1937
f 492 1935 1933
f 502 1936 1935
f 481 1933 1936
f 1935 1936 1933
f 38 1923 1884
f 501 1938 1923
f 488 1884 1938
f 1923 1938 1884
f 134 1939 1927
f 503 1940 1939
f 501 1927 1940
f 1939 1940 1927
f 132 1889 1942
f 488 1941 1889
f 503 1942 1941
f 1889 1941 1942
f 501 1940 1938
f 503 1941 1940
f 488 1938 1941
f 1940 1941 1938
f 39 1867 1912
f 485 1943 1867
f 496 1912 1943
f 1867 1943 1912
f 129 1944 1871
f 504 1945 1944
f 485 1871 1945
f 1944 1945 1871
f 134 1917 1947
f 496 1946 1917
f 504 1947 1946
f 1917 1946 1947
f 485 1945 1943
f 504 1946 1945
f 496 1943 1946
f 1945 1946 1943
f 132 1942 1934
f 503 1948 1942
f 502 1934 1948
f 1942 1948 1934
f 134 1947 1939
f 504 1949 1947
f 503 1939 1949
f 1947 1949 1939
f 129 1937 1944
f 502 1950 1937
f 504 1944 1950
f 1937 1950 1944
f 503 1949 1948
f 504 1950 1949
f 502 1948 1950
f 1949 1950 1948
f 4 1852 1952
f 480 1951 1852
f 506 1952 1951
f 1852 1951 1952
f 130 1953 1855
f 505 1954 1953
f 480 1855 1954
f 1953 1954 1855
f 137 1955 1957
f 506 1956 1955
f 505 1957 1956
f 1955 1956 1957
f 480 1954 1951
f 505 1956 1954
f 506 1951 1956
f 1954 1956 1951
f 39 1958 1865
f 507 1959 1958
f 483 1865 1959
f 1958 1959 1865
f 136 1960 1962
f 508 1961 1960
f 507 1962 1961
f 1960 1961 1962
f 130 1870 1964
f 483 1963 1870
f 508 1964 1963
f 1870 1963 1964
f 507 1961 1959
f 508 1963 1961
f 483 1959 1963
f 1961 1963 1959
f 41 1965 1967
f 509 1966 1965
f 511 1967 1966
f 1965 1966 1967
f 137 1968 1970
f 510 1969 1968
f 509 1970 1969
f 1968 1969 1970
f 136 1971 1973
f 511 1972 1971
f 510 1973 1972
f 1971 1972 1973
f 509 1969 1966
f 510 1972 1969
f 511 1966 1972
f 1969 1972 1966
f 130 1964 1953
f 508 1974 1964
f 505 1953 1974
f 1964 1974 1953
f 136 1973 1960
f 510 1975 1973
f 508 1960 1975
f 1973 1975 1960
f 137 1957 1968
f 505 1976 1957
f 510 1968 1976
f 1957 1976 1968
f 508 1975 1974
f 510 1976 1975
f 505 1974 1976
f 1975 1976 1974
f 7 1977 1903
f 512 1978 1977
f 493 1903 1978
f 1977 1978 1903
f 138 1979 1981
f 513 1980 1979
f 512 1981 1980
f 1979 1980 1981
f 133 1908 1983
f 493 1982 1908
f 513 1983 1982
f 1908 1982 1983
f 512 1980 1978
f 513 1982 1980
f 493 1978 1982
f 1980 1982 1978
f 40 1984 1986
f 514 1985 1984
f 516 1986 1985
f 1984 1985 1986
f 139 1987 1989
f 515 1988 1987
f 514 1989 1988
f 1987 1988 1989
f 138 1990 1992
f 516 1991 1990
f 515 1992 1991
f 1990 1991 1992
f 514 1988 1985
f 515 1991 1988
f 516 1985 1991
f 1988 1991 1985
f 39 1914 1994
f 498 1993 1914
f 518 1994 1993
f 1914 1993 1994
f 133 1995 1918
f 517 1996 1995
f 498 1918 1996
f 1995 1996 1918
f 139 1997 1999
f 518 1998 1997
f 517 1999 1998
f 1997 1998 1999
f 498 1996 1993
f 517 1998 1996
f 518 1993 1998
f 1996 1998 1993
f 138 1992 1979
f 515 2000 1992
f 513 1979 2000
f 1992 2000 1979
f 139 1999 1987
f 517 2001 1999
f 515 1987 2001
f 1999 2001 1987
f 133 1983 1995
f 513 2002 1983
f 517 1995 2002
f 1983 2002 1995
f 515 2001 2000
f 517 2002 2001
f 513 2000 2002
f 2001 2002 2000
f 9 2003 2005
f 519 2004 2003
f 521 2005 2004
f 2003 2004 2005
f 140 2006 2008
f 520 2007 2006
f 519 2008 2007
f 2006 2007 2008
f 142 2009 2011
f 521 2010 2009
f 520 2011 2010
f 2009 2010 2011
f 519 2007 2004
f 520 2010 2007
f 521 2004 2010
f 2007 2010 2004
f 41 2012 2014
f 522 2013 2012
f 524 2014 2013
f 2012 2013 2014
f 141 2015 2017
f 523 2016 2015
f 522 2017 2016
f 2015 2016 2017
f 140 2018 2020
f 524 2019 2018
f 523 2020 2019
f 2018 2019 2020
f 522 2016 2013
f 523 2019 2016
f 524 2013 2019
f 2016 2019 2013
f 40 2021 2023
f 525 2022 2021
f 527 2023 2022
f 2021 2022 2023
f 142 2024 2026
f 526 2025 2024
f 525 2026 2025
f 2024 2025 2026
f 141 2027 2029
f 527 2028 2027
f 526 2029 2028
f 2027 2028 2029
f 525 2025 2022
f 526 2028 2025
f 527 2022 2028
f 2025 2028 2022
f 140 2020 2006
f 523 2030 2020
f 520 2006 2030
f 2020 2030 2006
f 141 2029 2015
f 526 2031 2029
f 523 2015 2031
f 2029 2031 2015
f 142 2011 2024
f 520 2032 2011
f 526 2024 2032
f 2011 2032 2024
f 523 2031 2030
f 526 2032 2031
f 520 2030 2032
f 2031 2032 2030
f 39 1994 1958
f 518 2033 1994
f 507 1958 2033
f 1994 2033 1958
f 139 2034 1997
f 528 2035 2034
f 518 1997 2035
f 2034 2035 1997
f 136 1962 2037
f 507 2036 1962
f 528 2037 2036
f 1962 2036 2037
f 518 2035 2033
f 528 2036 2035
f 507 2033 2036
f 2035 2036 2033
f 40 2023 1984
f 527 2038 2023
f 514 1984 2038
f 2023 2038 1984
f 141 2039 2027
f 529 2040 2039
f 527 2027 2040
f 2039 2040 2027
f 139 1989 2042
f 514 2041 1989
f 529 2042 2041
f 1989 2041 2042
f 527 2040 2038
f 529 2041 2040
f 514 2038 2041
f 2040 2041 2038
f 41 1967 2012
f 511 2043 1967
f 522 2012 2043
f 1967 2043 2012
f 136 2044 1971
f 530 2045 2044
f 511 1971 2045
f 2044 2045 1971
f 141 2017 2047
f 522 2046 2017
f 530 2047 2046
f 2017 2046 2047
f 511 2045 2043
f 530 2046 2045
f 522 2043 2046
f 2045 2046 2043
f 139 2042 2034
f 529 2048 2042
f 528 2034 2048
f 2042 2048 2034
f 141 2047 2039
f 530 2049 2047
f 529 2039 2049
f 2047 2049 2039
f 136 2037 2044
f 528 2050 2037
f 530 2044 2050
f 2037 2050 2044
f 529 2049 2048
f 530 2050 2049
f 528 2048 2050
f 2049 2050 2048
f 4 1952 1643
f 506 2051 1952
f 423 1643 2051
f 1952 2051 1643
f 137 2052 1955
f 531 2053 2052
f 506 1955 2053
f 2052 2053 1955
f 113 1648 2055
f 423 2054 1648
f 531 2055 2054
f 1648 2054 2055
f 506 2053 2051
f 531 2054 2053
f 423 2051 2054
f 2053 2054 2051
f 41 2056 1965
f 532 2057 2056
f 509 1965 2057
f 2056 2057 1965
f 143 2058 2060
f 533 2059 2058
f 532 2060 2059
f 2058 2059 2060
f 137 1970 2062
f 509 2061 1970
f 533 2062 2061
f 1970 2061 2062
f 532 2059 2057
f 533 2061 2059
f 509 2057 2061
f 2059 2061 2057
f 33 1654 2064
f 428 2063 1654
f 535 2064 2063
f 1654 2063 2064
f 113 2065 1658
f 534 2066 2065
f 428 1658 2066
f 2065 2066 1658
f 143 2067 2069
f 535 2068 2067
f 534 2069 2068
f 2067 2068 2069
f 428 2066 2063
f 534 2068 2066
f 535 2063 2068
f 2066 2068 2063
f 137 2062 2052
f 533 2070 2062
f 531 2052 2070
f 2062 2070 2052
f 143 2069 2058
f 534 2071 2069
f 533 2058 2071
f 2069 2071 2058
f 113 2055 2065
f 531 2072 2055
f 534 2065 2072
f 2055 2072 2065
f 533 2071 2070
f 534 2072 2071
f 531 2070 2072
f 2071 2072 2070
f 9 2073 2003
f 536 2074 2073
f 519 2003 2074
f 2073 2074 2003
f 144 2075 2077
f 537 2076 2075
f 536 2077 2076
f 2075 2076 2077
f 140 2008 2079
f 519 2078 2008
f 537 2079 2078
f 2008 2078 2079
f 536 2076 2074
f 537 2078 2076
f 519 2074 2078
f 2076 2078 2074
f 42 2080 2082
f 538 2081 2080
f 540 2082 2081
f 2080 2081 2082
f 145 2083 2085
f 539 2084 2083
f 538 2085 2084
f 2083 2084 2085
f 144 2086 2088
f 540 2087 2086
f 539 2088 2087
f 2086 2087 2088
f 538 2084 2081
f 539 2087 2084
f 540 2081 2087
f 2084 2087 2081
f 41 2014 2090
f 524 2089 2014
f 542 2090 2089
f 2014 2089 2090
f 140 2091 2018
f 541 2092 2091
f 524 2018 2092
f 2091 2092 2018
f 145 2093 2095
f 542 2094 2093
f 541 2095 2094
f 2093 2094 2095
f 524 2092 2089
f 541 2094 2092
f 542 2089 2094
f 2092 2094 2089
f 144 2088 2075
f 539 2096 2088
f 537 2075 2096
f 2088 2096 2075
f 145 2095 2083
f 541 2097 2095
f 539 2083 2097
f 2095 2097 2083
f 140 2079 2091
f 537 2098 2079
f 541 2091 2098
f 2079 2098 2091
f 539 2097 2096
f 541 2098 2097
f 537 2096 2098
f 2097 2098 2096
f 10 1675 2100
f 434 2099 1675
f 544 2100 2099
f 1675 2099 2100
f 118 2101 1679
f 543 2102 2101
f 434 1679 2102
f 2101 2102 1679
f 147 2103 2105
f 544 2104 2103
f 543 2105 2104
f 2103 2104 2105
f 434 2102 2099
f 543 2104 2102
f 544 2099 2104
f 2102 2104 2099
f 33 2106 1691
f 545 2107 2106
f 438 1691 2107
f 2106 2107 1691
f 146 2108 2110
f 546 2109 2108
f 545 2110 2109
f 2108 2109 2110
f 118 1696 2112
f 438 2111 1696
f 546 2112 2111
f 1696 2111 2112
f 545 2109 2107
f 546 2111 2109
f 438 2107 2111
f 2109 2111 2107
f 42 2113 2115
f 547 2114 2113
f 549 2115 2114
f 2113 2114 2115
f 147 2116 2118
f 548 2117 2116
f 547 2118 2117
f 2116 2117 2118
f 146 2119 2121
f 549 2120 2119
f 548 2121 2120
f 2119 2120 2121
f 547 2117 2114
f 548 2120 2117
f 549 2114 2120
f 2117 2120 2114
f 118 2112 2101
f 546 2122 2112
f 543 2101 2122
f 2112 2122 2101
f 146 2121 2108
f 548 2123 2121
f 546 2108 2123
f 2121 2123 2108
f 147 2105 2116
f 543 2124 2105
f 548 2116 2124
f 2105 2124 2116
f 546 2123 2122
f 548 2124 2123
f 543 2122 2124
f 2123 2124 2122
f 41 2090 2056
f 542 2125 2090
f 532 2056 2125
f 2090 2125 2056
f 145 2126 2093
f 550 2127 2126
f 542 2093 2127
f 2126 2127 2093
f 143 2060 2129
f 532 2128 2060
f 550 2129 2128
f 2060 2128 2129
f 542 2127 2125
f 550 2128 2127
f 532 2125 2128
f 2127 2128 2125
f 42 2115 2080
f 549 2130 2115
f 538 2080 2130
f 2115 2130 2080
f 146 2131 2119
f 551 2132 2131
f 549 2119 2132
f 2131 2132 2119
f 145 2085 2134
f 538 2133 2085
f 551 2134 2133
f 2085 2133 2134
f 549 2132 2130
f 551 2133 2132
f 538 2130 2133
f 2132 2133 2130
f 33 2064 2106
f 535 2135 2064
f 545 2106 2135
f 2064 2135 2106
f 143 2136 2067
f 552 2137 2136
f 535 2067 2137
f 2136 2137 2067
f 146 2110 2139
f 545 2138 2110
f 552 2139 2138
f 2110 2138 2139
f 535 2137 2135
f 552 2138 2137
f 545 2135 2138
f 2137 2138 2135
f 145 2134 2126
f 551 2140 2134
f 550 2126 2140
f 2134 2140 2126
f 146 2139 2131
f 552 2141 2139
f 551 2131 2141
f 2139 2141 2131
f 143 2129 2136
f 550 2142 2129
f 552 2136 2142
f 2129 2142 2136
f 551 2141 2140
f 552 2142 2141
f 550 2140 2142
f 2141 2142 2140
f 5 1705 1295
f 443 2143 1705
f 333 1295 2143
f 1705 2143 1295
f 121 2144 1709
f 553 2145 2144
f 443 1709 2145
f 2144 2145 1709
f 89 1300 2147
f 333 2146 1300
f 553 2147 2146
f 1300 2146 2147
f 443 2145 2143
f 553 2146 2145
f 333 2143 2146
f 2145 2146 2143
f 34 2148 1721
f 554 2149 2148
f 447 1721 2149
f 2148 2149 1721
f 148 2150 2152
f 555 2151 2150
f 554 2152 2151
f 2150 2151 2152
f 121 1726 2154
f 447 2153 1726
f 555 2154 2153
f 1726 2153 2154
f 554 2151 2149
f 555 2153 2151
f 447 2149 2153
f 2151 2153 2149
f 26 1306 2156
f 338 2155 1306
f 557 2156 2155
f 1306 2155 2156
f 89 2157 1310
f 556 2158 2157
f 338 1310 2158
f 2157 2158 1310
f 148 2159 2161
f 557 2160 2159
f 556 2161 2160
f 2159 2160 2161
f 338 2158 2155
f 556 2160 2158
f 557 2155 2160
f 2158 2160 2155
f 121 2154 2144
f 555 2162 2154
f 553 2144 2162
f 2154 2162 2144
f 148 2161 2150
f 556 2163 2161
f 555 2150 2163
f 2161 2163 2150
f 89 2147 2157
f 553 2164 2147
f 556 2157 2164
f 2147 2164 2157
f 555 2163 2162
f 556 2164 2163
f 553 2162 2164
f 2163 2164 2162
f 10 1197 1673
f 309 2165 1197
f 432 1673 2165
f 1197 2165 1673
f 84 2166 1201
f 558 2167 2166
f 309 1201 2167
f 2166 2167 1201
f 116 1678 2169
f 432 2168 1678
f 558 2169 2168
f 1678 2168 2169
f 309 2167 2165
f 558 2168 2167
f 432 2165 2168
f 2167 2168 2165
f 23 2170 1213
f 559 2171 2170
f 313 1213 2171
f 2170 2171 1213
f 149 2172 2174
f 560 2173 2172
f 559 2174 2173
f 2172 2173 2174
f 84 1218 2176
f 313 2175 1218
f 560 2176 2175
f 1218 2175 2176
f 559 2173 2171
f 560 2175 2173
f 313 2171 2175
f 2173 2175 2171
f 34 1684 2178
f 437 2177 1684
f 562 2178 2177
f 1684 2177 2178
f 116 2179 1688
f 561 2180 2179
f 437 1688 2180
f 2179 2180 1688
f 149 2181 2183
f 562 2182 2181
f 561 2183 2182
f 2181 2182 2183
f 437 2180 2177
f 561 2182 2180
f 562 2177 2182
f 2180 2182 2177
f 84 2176 2166
f 560 2184 2176
f 558 2166 2184
f 2176 2184 2166
f 149 2183 2172
f 561 2185 2183
f 560 2172 2185
f 2183 2185 2172
f 116 2169 2179
f 558 2186 2169
f 561 2179 2186
f 2169 2186 2179
f 560 2185 2184
f 561 2186 2185
f 558 2184 2186
f 2185 2186 2184
f 6 1244 1169
f 320 2187 1244
f 300 1169 2187
f 1244 2187 1169
f 86 2188 1247
f 563 2189 2188
f 320 1247 2189
f 2188 2189 1247
f 80 1173 2191
f 300 2190 1173
f 563 2191 2190
f 1173 2190 2191
f 320 2189 2187
f 563 2190 2189
f 300 2187 2190
f 2189 2190 2187
f 26 2192 1257
f 564 2193 2192
f 323 1257 2193
f 2192 2193 1257
f 150 2194 2196
f 565 2195 2194
f 564 2196 2195
f 2194 2195 2196
f 86 1262 2198
f 323 2197 1262
f 565 2198 2197
f 1262 2197 2198
f 564 2195 2193
f 565 2197 2195
f 323 2193 2197
f 2195 2197 2193
f 23 1178 2200
f 304 2199 1178
f 567 2200 2199
f 1178 2199 2200
f 80 2201 1182
f 566 2202 2201
f 304 1182 2202
f 2201 2202 1182
f 150 2203 2205
f 567 2204 2203
f 566 2205 2204
f 2203 2204 2205
f 304 2202 2199
f 566 2204 2202
f 567 2199 2204
f 2202 2204 2199
f 86 2198 2188
f 565 2206 2198
f 563 2188 2206
f 2198 2206 2188
f 150 2205 2194
f 566 2207 2205
f 565 2194 2207
f 2205 2207 2194
f 80 2191 2201
f 563 2208 2191
f 566 2201 2208
f 2191 2208 2201
f 565 2207 2206
f 566 2208 2207
f 563 2206 2208
f 2207 2208 2206
f 34 2178 2148
f 562 2209 2178
f 554 2148 2209
f 2178 2209 2148
f 149 2210 2181
f 568 2211 2210
f 562 2181 2211
f 2210 2211 2181
f 148 2152 2213
f 554 2212 2152
f 568 2213 2212
f 2152 2212 2213
f 562 2211 2209
f 568 2212 2211
f 554 2209 2212
f 2211 2212 2209
f 23 2200 2170
f 567 2214 2200
f 559 2170 2214
f 2200 2214 2170
f 150 2215 2203
f 569 2216 2215
f 567 2203 2216
f 2215 2216 2203
f 149 2174 2218
f 559 2217 2174
f 569 2218 2217
f 2174 2217 2218
f 567 2216 2214
f 569 2217 2216
f 559 2214 2217
f 2216 2217 2214
f 26 2156 2192
f 557 2219 2156
f 564 2192 2219
f 2156 2219 2192
f 148 2220 2159
f 570 2221 2220
f 557 2159 2221
f 2220 2221 2159
f 150 2196 2223
f 564 2222 2196
f 570 2223 2222
f 2196 2222 2223
f 557 2221 2219
f 570 2222 2221
f 564 2219 2222
f 2221 2222 2219
f 149 2218 2210
f 569 2224 2218
f 568 2210 2224
f 2218 2224 2210
f 150 2223 2215
f 570 2225 2223
f 569 2215 2225
f 2223 2225 2215
f 148 2213 2220
f 568 2226 2213
f 570 2220 2226
f 2213 2226 2220
f 569 2225 2224
f 570 2226 2225
f 568 2224 2226
f 2225 2226 2224
f 3 1805 1395
f 469 2227 1805
f 359 1395 2227
f 1805 2227 1395
f 128 2228 1809
f 571 2229 2228
f 469 1809 2229
f 2228 2229 1809
f 96 1400 2231
f 359 2230 1400
f 571 2231 2230
f 1400 2230 2231
f 469 2229 2227
f 571 2230 2229
f 359 2227 2230
f 2229 2230 2227
f 36 2232 1821
f 572 2233 2232
f 473 1821 2233
f 2232 2233 1821
f 151 2234 2236
f 573 2235 2234
f 572 2236 2235
f 2234 2235 2236
f 128 1826 2238
f 473 2237 1826
f 573 2238 2237
f 1826 2237 2238
f 572 2235 2233
f 573 2237 2235
f 473 2233 2237
f 2235 2237 2233
f 28 1406 2240
f 364 2239 1406
f 575 2240 2239
f 1406 2239 2240
f 96 2241 1410
f 574 2242 2241
f 364 1410 2242
f 2241 2242 1410
f 151 2243 2245
f 575 2244 2243
f 574 2245 2244
f 2243 2244 2245
f 364 2242 2239
f 574 2244 2242
f 575 2239 2244
f 2242 2244 2239
f 128 2238 2228
f 573 2246 2238
f 571 2228 2246
f 2238 2246 2228
f 151 2245 2234
f 574 2247 2245
f 573 2234 2247
f 2245 2247 2234
f 96 2231 2241
f 571 2248 2231
f 574 2241 2248
f 2231 2248 2241
f 573 2247 2246
f 574 2248 2247
f 571 2246 2248
f 2247 2248 2246
f 5 1297 1777
f 335 2249 1297
f 460 1777 2249
f 1297 2249 1777
f 91 2250 1301
f 576 2251 2250
f 335 1301 2251
f 2250 2251 1301
f 124 1781 2253
f 460 2252 1781
f 576 2253 2252
f 1781 2252 2253
f 335 2251 2249
f 576 2252 2251
f 460 2249 2252
f 2251 2252 2249
f 25 2254 1313
f 577 2255 2254
f 339 1313 2255
f 2254 2255 1313
f 152 2256 2258
f 578 2257 2256
f 577 2258 2257
f 2256 2257 2258
f 91 1318 2260
f 339 2259 1318
f 578 2260 2259
f 1318 2259 2260
f 577 2257 2255
f 578 2259 2257
f 339 2255 2259
f 2257 2259 2255
f 36 1786 2262
f 464 2261 1786
f 580 2262 2261
f 1786 2261 2262
f 124 2263 1790
f 579 2264 2263
f 464 1790 2264
f 2263 2264 1790
f 152 2265 2267
f 580 2266 2265
f 579 2267 2266
f 2265 2266 2267
f 464 2264 2261
f 579 2266 2264
f 580 2261 2266
f 2264 2266 2261
f 91 2260 2250
f 578 2268 2260
f 576 2250 2268
f 2260 2268 2250
f 152 2267 2256
f 579 2269 2267
f 578 2256 2269
f 2267 2269 2256
f 124 2253 2263
f 576 2270 2253
f 579 2263 2270
f 2253 2270 2263
f 578 2269 2268
f 579 2270 2269
f 576 2268 2270
f 2269 2270 2268
f 12 1344 1269
f 346 2271 1344
f 326 1269 2271
f 1344 2271 1269
f 93 2272 1347
f 581 2273 2272
f 346 1347 2273
f 2272 2273 1347
f 87 1273 2275
f 326 2274 1273
f 581 2275 2274
f 1273 2274 2275
f 346 2273 2271
f 581 2274 2273
f 326 2271 2274
f 2273 2274 2271
f 28 2276 1357
f 582 2277 2276
f 349 1357 2277
f 2276 2277 1357
f 153 2278 2280
f 583 2279 2278
f 582 2280 2279
f 2278 2279 2280
f 93 1362 2282
f 349 2281 1362
f 583 2282 2281
f 1362 2281 2282
f 582 2279 2277
f 583 2281 2279
f 349 2277 2281
f 2279 2281 2277
f 25 1278 2284
f 330 2283 1278
f 585 2284 2283
f 1278 2283 2284
f 87 2285 1282
f 584 2286 2285
f 330 1282 2286
f 2285 2286 1282
f 153 2287 2289
f 585 2288 2287
f 584 2289 2288
f 2287 2288 2289
f 330 2286 2283
f 584 2288 2286
f 585 2283 2288
f 2286 2288 2283
f 93 2282 2272
f 583 2290 2282
f 581 2272 2290
f 2282 2290 2272
f 153 2289 2278
f 584 2291 2289
f 583 2278 2291
f 2289 2291 2278
f 87 2275 2285
f 581 2292 2275
f 584 2285 2292
f 2275 2292 2285
f 583 2291 2290
f 584 2292 2291
f 581 2290 2292
f 2291 2292 2290
f 36 2262 2232
f 580 2293 2262
f 572 2232 2293
f 2262 2293 2232
f 152 2294 2265
f 586 2295 2294
f 580 2265 2295
f 2294 2295 2265
f 151 2236 2297
f 572 2296 2236
f 586 2297 2296
f 2236 2296 2297
f 580 2295 2293
f 586 2296 2295
f 572 2293 2296
f 2295 2296 2293
f 25 2284 2254
f 585 2298 2284
f 577 2254 2298
f 2284 2298 2254
f 153 2299 2287
f 587 2300 2299
f 585 2287 2300
f 2299 2300 2287
f 152 2258 2302
f 577 2301 2258
f 587 2302 2301
f 2258 2301 2302
f 585 2300 2298
f 587 2301 2300
f 577 2298 2301
f 2300 2301 2298
f 28 2240 2276
f 575 2303 2240
f 582 2276 2303
f 2240 2303 2276
f 151 2304 2243
f 588 2305 2304
f 575 2243 2305
f 2304 2305 2243
f 153 2280 2307
f 582 2306 2280
f 588 2307 2306
f 2280 2306 2307
f 575 2305 2303
f 588 2306 2305
f 582 2303 2306
f 2305 2306 2303
f 152 2302 2294
f 587 2308 2302
f 586 2294 2308
f 2302 2308 2294
f 153 2307 2299
f 588 2309 2307
f 587 2299 2309
f 2307 2309 2299
f 151 2297 2304
f 586 2310 2297
f 588 2304 2310
f 2297 2310 2304
f 587 2309 2308
f 588 2310 2309
f 586 2308 2310
f 2309 2310 2308
f 7 1905 1495
f 495 2311 1905
f 385 1495 2311
f 1905 2311 1495
f 135 2312 1909
f 589 2313 2312
f 495 1909 2313
f 2312 2313 1909
f 103 1500 2315
f 385 2314 1500
f 589 2315 2314
f 1500 2314 2315
f 495 2313 2311
f 589 2314 2313
f 385 2311 2314
f 2313 2314 2311
f 38 2316 1921
f 590 2317 2316
f 499 1921 2317
f 2316 2317 1921
f 154 2318 2320
f 591 2319 2318
f 590 2320 2319
f 2318 2319 2320
f 135 1926 2322
f 499 2321 1926
f 591 2322 2321
f 1926 2321 2322
f 590 2319 2317
f 591 2321 2319
f 499 2317 2321
f 2319 2321 2317
f 30 1506 2324
f 390 2323 1506
f 593 2324 2323
f 1506 2323 2324
f 103 2325 1510
f 592 2326 2325
f 390 1510 2326
f 2325 2326 1510
f 154 2327 2329
f 593 2328 2327
f 592 2329 2328
f 2327 2328 2329
f 390 2326 2323
f 592 2328 2326
f 593 2323 2328
f 2326 2328 2323
f 135 2322 2312
f 591 2330 2322
f 589 2312 2330
f 2322 2330 2312
f 154 2329 2318
f 592 2331 2329
f 591 2318 2331
f 2329 2331 2318
f 103 2315 2325
f 589 2332 2315
f 592 2325 2332
f 2315 2332 2325
f 591 2331 2330
f 592 2332 2331
f 589 2330 2332
f 2331 2332 2330
f 3 1397 1877
f 361 2333 1397
f 486 1877 2333
f 1397 2333 1877
f 98 2334 1401
f 594 2335 2334
f 361 1401 2335
f 2334 2335 1401
f 131 1881 2337
f 486 2336 1881
f 594 2337 2336
f 1881 2336 2337
f 361 2335 2333
f 594 2336 2335
f 486 2333 2336
f 2335 2336 2333
f 27 2338 1413
f 595 2339 2338
f 365 1413 2339
f 2338 2339 1413
f 155 2340 2342
f 596 2341 2340
f 595 2342 2341
f 2340 2341 2342
f 98 1418 2344
f 365 2343 1418
f 596 2344 2343
f 1418 2343 2344
f 595 2341 2339
f 596 2343 2341
f 365 2339 2343
f 2341 2343 2339
f 38 1886 2346
f 490 2345 1886
f 598 2346 2345
f 1886 2345 2346
f 131 2347 1890
f 597 2348 2347
f 490 1890 2348
f 2347 2348 1890
f 155 2349 2351
f 598 2350 2349
f 597 2351 2350
f 2349 2350 2351
f 490 2348 2345
f 597 2350 2348
f 598 2345 2350
f 2348 2350 2345
f 98 2344 2334
f 596 2352 2344
f 594 2334 2352
f 2344 2352 2334
f 155 2351 2340
f 597 2353 2351
f 596 2340 2353
f 2351 2353 2340
f 131 2337 2347
f 594 2354 2337
f 597 2347 2354
f 2337 2354 2347
f 596 2353 2352
f 597 2354 2353
f 594 2352 2354
f 2353 2354 2352
f 11 1444 1369
f 372 2355 1444
f 352 1369 2355
f 1444 2355 1369
f 100 2356 1447
f 599 2357 2356
f 372 1447 2357
f 2356 2357 1447
f 94 1373 2359
f 352 2358 1373
f 599 2359 2358
f 1373 2358 2359
f 372 2357 2355
f 599 2358 2357
f 352 2355 2358
f 2357 2358 2355
f 30 2360 1457
f 600 2361 2360
f 375 1457 2361
f 2360 2361 1457
f 156 2362 2364
f 601 2363 2362
f 600 2364 2363
f 2362 2363 2364
f 100 1462 2366
f 375 2365 1462
f 601 2366 2365
f 1462 2365 2366
f 600 2363 2361
f 601 2365 2363
f 375 2361 2365
f 2363 2365 2361
f 27 1378 2368
f 356 2367 1378
f 603 2368 2367
f 1378 2367 2368
f 94 2369 1382
f 602 2370 2369
f 356 1382 2370
f 2369 2370 1382
f 156 2371 2373
f 603 2372 2371
f 602 2373 2372
f 2371 2372 2373
f 356 2370 2367
f 602 2372 2370
f 603 2367 2372
f 2370 2372 2367
f 100 2366 2356
f 601 2374 2366
f 599 2356 2374
f 2366 2374 2356
f 156 2373 2362
f 602 2375 2373
f 601 2362 2375
f 2373 2375 2362
f 94 2359 2369
f 599 2376 2359
f 602 2369 2376
f 2359 2376 2369
f 601 2375 2374
f 602 2376 2375
f 599 2374 2376
f 2375 2376 2374
f 38 2346 2316
f 598 2377 2346
f 590 2316 2377
f 2346 2377 2316
f 155 2378 2349
f 604 2379 2378
f 598 2349 2379
f 2378 2379 2349
f 154 2320 2381
f 590 2380 2320
f 604 2381 2380
f 2320 2380 2381
f 598 2379 2377
f 604 2380 2379
f 590 2377 2380
f 2379 2380 2377
f 27 2368 2338
f 603 2382 2368
f 595 2338 2382
f 2368 2382 2338
f 156 2383 2371
f 605 2384 2383
f 603 2371 2384
f 2383 2384 2371
f 155 2342 2386
f 595 2385 2342
f 605 2386 2385
f 2342 2385 2386
f 603 2384 2382
f 605 2385 2384
f 595 2382 2385
f 2384 2385 2382
f 30 2324 2360
f 593 2387 2324
f 600 2360 2387
f 2324 2387 2360
f 154 2388 2327
f 606 2389 2388
f 593 2327 2389
f 2388 2389 2327
f 156 2364 2391
f 600 2390 2364
f 606 2391 2390
f 2364 2390 2391
f 593 2389 2387
f 606 2390 2389
f 600 2387 2390
f 2389 2390 2387
f 155 2386 2378
f 605 2392 2386
f 604 2378 2392
f 2386 2392 2378
f 156 2391 2383
f 606 2393 2391
f 605 2383 2393
f 2391 2393 2383
f 154 2381 2388
f 604 2394 2381
f 606 2388 2394
f 2381 2394 2388
f 605 2393 2392
f 606 2394 2393
f 604 2392 2394
f 2393 2394 2392
f 9 2005 1595
f 521 2395 2005
f 411 1595 2395
f 2005 2395 1595
f 142 2396 2009
f 607 2397 2396
f 521 2009 2397
f 2396 2397 2009
f 110 1600 2399
f 411 2398 1600
f 607 2399 2398
f 1600 2398 2399
f 521 2397 2395
f 607 2398 2397
f 411 2395 2398
f 2397 2398 2395
f 40 2400 2021
f 608 2401 2400
f 525 2021 2401
f 2400 2401 2021
f 157 2402 2404
f 609 2403 2402
f 608 2404 2403
f 2402 2403 2404
f 142 2026 2406
f 525 2405 2026
f 609 2406 2405
f 2026 2405 2406
f 608 2403 2401
f 609 2405 2403
f 525 2401 2405
f 2403 2405 2401
f 32 1606 2408
f 416 2407 1606
f 611 2408 2407
f 1606 2407 2408
f 110 2409 1610
f 610 2410 2409
f 416 1610 2410
f 2409 2410 1610
f 157 2411 2413
f 611 2412 2411
f 610 2413 2412
f 2411 2412 2413
f 416 2410 2407
f 610 2412 2410
f 611 2407 2412
f 2410 2412 2407
f 142 2406 2396
f 609 2414 2406
f 607 2396 2414
f 2406 2414 2396
f 157 2413 2402
f 610 2415 2413
f 609 2402 2415
f 2413 2415 2402
f 110 2399 2409
f 607 2416 2399
f 610 2409 2416
f 2399 2416 2409
f 609 2415 2414
f 610 2416 2415
f 607 2414 2416
f 2415 2416 2414
f 7 1497 1977
f 387 2417 1497
f 512 1977 2417
f 1497 2417 1977
f 105 2418 1501
f 612 2419 2418
f 387 1501 2419
f 2418 2419 1501
f 138 1981 2421
f 512 2420 1981
f 612 2421 2420
f 1981 2420 2421
f 387 2419 2417
f 612 2420 2419
f 512 2417 2420
f 2419 2420 2417
f 29 2422 1513
f 613 2423 2422
f 391 1513 2423
f 2422 2423 1513
f 158 2424 2426
f 614 2425 2424
f 613 2426 2425
f 2424 2425 2426
f 105 1518 2428
f 391 2427 1518
f 614 2428 2427
f 1518 2427 2428
f 613 2425 2423
f 614 2427 2425
f 391 2423 2427
f 2425 2427 2423
f 40 1986 2430
f 516 2429 1986
f 616 2430 2429
f 1986 2429 2430
f 138 2431 1990
f 615 2432 2431
f 516 1990 2432
f 2431 2432 1990
f 158 2433 2435
f 616 2434 2433
f 615 2435 2434
f 2433 2434 2435
f 516 2432 2429
f 615 2434 2432
f 616 2429 2434
f 2432 2434 2429
f 105 2428 2418
f 614 2436 2428
f 612 2418 2436
f 2428 2436 2418
f 158 2435 2424
f 615 2437 2435
f 614 2424 2437
f 2435 2437 2424
f 138 2421 2431
f 612 2438 2421
f 615 2431 2438
f 2421 2438 2431
f 614 2437 2436
f 615 2438 2437
f 612 2436 2438
f 2437 2438 2436
f 8 1544 1469
f 398 2439 1544
f 378 1469 2439
f 1544 2439 1469
f 107 2440 1547
f 617 2441 2440
f 398 1547 2441
f 2440 2441 1547
f 101 1473 2443
f 378 2442 1473
f 617 2443 2442
f 1473 2442 2443
f 398 2441 2439
f 617 2442 2441
f 378 2439 2442
f 2441 2442 2439
f 32 2444 1557
f 618 2445 2444
f 401 1557 2445
f 2444 2445 1557
f 159 2446 2448
f 619 2447 2446
f 618 2448 2447
f 2446 2447 2448
f 107 1562 2450
f 401 2449 1562
f 619 2450 2449
f 1562 2449 2450
f 618 2447 2445
f 619 2449 2447
f 401 2445 2449
f 2447 2449 2445
f 29 1478 2452
f 382 2451 1478
f 621 2452 2451
f 1478 2451 2452
f 101 2453 1482
f 620 2454 2453
f 382 1482 2454
f 2453 2454 1482
f 159 2455 2457
f 621 2456 2455
f 620 2457 2456
f 2455 2456 2457
f 382 2454 2451
f 620 2456 2454
f 621 2451 2456
f 2454 2456 2451
f 107 2450 2440
f 619 2458 2450
f 617 2440 2458
f 2450 2458 2440
f 159 2457 2446
f 620 2459 2457
f 619 2446 2459
f 2457 2459 2446
f 101 2443 2453
f 617 2460 2443
f 620 2453 2460
f 2443 2460 2453
f 619 2459 2458
f 620 2460 2459
f 617 2458 2460
f 2459 2460 2458
f 40 2430 2400
f 616 2461 2430
f 608 2400 2461
f 2430 2461 2400
f 158 2462 2433
f 622 2463 2462
f 616 2433 2463
f 2462 2463 2433
f 157 2404 2465
f 608 2464 2404
f 622 2465 2464
f 2404 2464 2465
f 616 2463 2461
f 622 2464 2463
f 608 2461 2464
f 2463 2464 2461
f 29 2452 2422
f 621 2466 2452
f 613 2422 2466
f 2452 2466 2422
f 159 2467 2455
f 623 2468 2467
f 621 2455 2468
f 2467 2468 2455
f 158 2426 2470
f 613 2469 2426
f 623 2470 2469
f 2426 2469 2470
f 621 2468 2466
f 623 2469 2468
f 613 2466 2469
f 2468 2469 2466
f 32 2408 2444
f 611 2471 2408
f 618 2444 2471
f 2408 2471 2444
f 157 2472 2411
f 624 2473 2472
f 611 2411 2473
f 2472 2473 2411
f 159 2448 2475
f 618 2474 2448
f 624 2475 2474
f 2448 2474 2475
f 611 2473 2471
f 624 2474 2473
f 618 2471 2474
f 2473 2474 2471
f 158 2470 2462
f 623 2476 2470
f 622 2462 2476
f 2470 2476 2462
f 159 2475 2467
f 624 2477 2475
f 623 2467 2477
f 2475 2477 2467
f 157 2465 2472
f 622 2478 2465
f 624 2472 2478
f 2465 2478 2472
f 623 2477 2476
f 624 2478 2477
f 622 2476 2478
f 2477 2478 2476
f 10 2100 1195
f 544 2479 2100
f 307 1195 2479
f 2100 2479 1195
f 147 2480 2103
f 625 2481 2480
f 544 2103 2481
f 2480 2481 2103
f 82 1200 2483
f 307 2482 1200
f 625 2483 2482
f 1200 2482 2483
f 544 2481 2479
f 625 2482 2481
f 307 2479 2482
f 2481 2482 2479
f 42 2484 2113
f 626 2485 2484
f 547 2113 2485
f 2484 2485 2113
f 160 2486 2488
f 627 2487 2486
f 626 2488 2487
f 2486 2487 2488
f 147 2118 2490
f 547 2489 2118
f 627 2490 2489
f 2118 2489 2490
f 626 2487 2485
f 627 2489 2487
f 547 2485 2489
f 2487 2489 2485
f 24 1206 2492
f 312 2491 1206
f 629 2492 2491
f 1206 2491 2492
f 82 2493 1210
f 628 2494 2493
f 312 1210 2494
f 2493 2494 1210
f 160 2495 2497
f 629 2496 2495
f 628 2497 2496
f 2495 2496 2497
f 312 2494 2491
f 628 2496 2494
f 629 2491 2496
f 2494 2496 2491
f 147 2490 2480
f 627 2498 2490
f 625 2480 2498
f 2490 2498 2480
f 160 2497 2486
f 628 2499 2497
f 627 2486 2499
f 2497 2499 2486
f 82 2483 2493
f 625 2500 2483
f 628 2493 2500
f 2483 2500 2493
f 627 2499 2498
f 628 2500 2499
f 625 2498 2500
f 2499 2500 2498
f 9 1597 2073
f 413 2501 1597
f 536 2073 2501
f 1597 2501 2073
f 112 2502 1601
f 630 2503 2502
f 413 1601 2503
f 2502 2503 1601
f 144 2077 2505
f 536 2504 2077
f 630 2505 2504
f 2077 2504 2505
f 413 2503 2501
f 630 2504 2503
f 536 2501 2504
f 2503 2504 2501
f 31 2506 1613
f 631 2507 2506
f 417 1613 2507
f 2506 2507 1613
f 161 2508 2510
f 632 2509 2508
f 631 2510 2509
f 2508 2509 2510
f 112 1618 2512
f 417 2511 1618
f 632 2512 2511
f 1618 2511 2512
f 631 2509 2507
f 632 2511 2509
f 417 2507 2511
f 2509 2511 2507
f 42 2082 2514
f 540 2513 2082
f 634 2514 2513
f 2082 2513 2514
f 144 2515 2086
f 633 2516 2515
f 540 2086 2516
f 2515 2516 2086
f 161 2517 2519
f 634 2518 2517
f 633 2519 2518
f 2517 2518 2519
f 540 2516 2513
f 633 2518 2516
f 634 2513 2518
f 2516 2518 2513
f 112 2512 2502
f 632 2520 2512
f 630 2502 2520
f 2512 2520 2502
f 161 2519 2508
f 633 2521 2519
f 632 2508 2521
f 2519 2521 2508
f 144 2505 2515
f 630 2522 2505
f 633 2515 2522
f 2505 2522 2515
f 632 2521 2520
f 633 2522 2521
f 630 2520 2522
f 2521 2522 2520
f 2 1144 1569
f 294 2523 1144
f 404 1569 2523
f 1144 2523 1569
f 79 2524 1147
f 635 2525 2524
f 294 1147 2525
f 2524 2525 1147
f 108 1573 2527
f 404 2526 1573
f 635 2527 2526
f 1573 2526 2527
f 294 2525 2523
f 635 2526 2525
f 404 2523 2526
f 2525 2526 2523
f 24 2528 1157
f 636 2529 2528
f 297 1157 2529
f 2528 2529 1157
f 162 2530 2532
f 637 2531 2530
f 636 2532 2531
f 2530 2531 2532
f 79 1162 2534
f 297 2533 1162
f 637 2534 2533
f 1162 2533 2534
f 636 2531 2529
f 637 2533 2531
f 297 2529 2533
f 2531 2533 2529
f 31 1578 2536
f 408 2535 1578
f 639 2536 2535
f 1578 2535 2536
f 108 2537 1582
f 638 2538 2537
f 408 1582 2538
f 2537 2538 1582
f 162 2539 2541
f 639 2540 2539
f 638 2541 2540
f 2539 2540 2541
f 408 2538 2535
f 638 2540 2538
f 639 2535 2540
f 2538 2540 2535
f 79 2534 2524
f 637 2542 2534
f 635 2524 2542
f 2534 2542 2524
f 162 2541 2530
f 638 2543 2541
f 637 2530 2543
f 2541 2543 2530
f 108 2527 2537
f 635 2544 2527
f 638 2537 2544
f 2527 2544 2537
f 637 2543 2542
f 638 2544 2543
f 635 2542 2544
f 2543 2544 2542
f 42 2514 2484
f 634 2545 2514
f 626 2484 2545
f 2514 2545 2484
f 161 2546 2517
f 640 2547 2546
f 634 2517 2547
f 2546 2547 2517
f 160 2488 2549
f 626 2548 2488
f 640 2549 2548
f 2488 2548 2549
f 634 2547 2545
f 640 2548 2547
f 626 2545 2548
f 2547 2548 2545
f 31 2536 2506
f 639 2550 2536
f 631 2506 2550
f 2536 2550 2506
f 162 2551 2539
f 641 2552 2551
f 639 2539 2552
f 2551 2552 2539
f 161 2510 2554
f 631 2553 2510
f 641 2554 2553
f 2510 2553 2554
f 639 2552 2550
f 641 2553 2552
f 631 2550 2553
f 2552 2553 2550
f 24 2492 2528
f 629 2555 2492
f 636 2528 2555
f 2492 2555 2528
f 160 2556 2495
f 642 2557 2556
f 629 2495 2557
f 2556 2557 2495
f 162 2532 2559
f 636 2558 2532
f 642 2559 2558
f 2532 2558 2559
f 629 2557 2555
f 642 2558 2557
f 636 2555 2558
f 2557 2558 2555
f 161 2554 2546
f 641 2560 2554
f 640 2546 2560
f 2554 2560 2546
f 162 2559 2551
f 642 2561 2559
f 641 2551 2561
f 2559 2561 2551
f 160 2549 2556
f 640 2562 2549
f 642 2556 2562
f 2549 2562 2556
f 641 2561 2560
f 642 2562 2561
f 640 2560 2562
f 2561 2562 2560
