# regolith_gen synthetic particle
# verts: 2562  tris: 5120
v -0.564138 0.825862 0.000000
v 0.544279 0.796789 0.000000
v -0.551411 -0.807230 0.000000
v 0.566633 -0.829514 0.000000
v 0.000000 -0.518050 0.882339
v 0.000000 0.507828 0.864929
v 0.000000 -0.505198 -0.860449
v 0.000000 0.519483 -0.884780
v 0.885978 0.000000 -0.521490
v 0.869217 0.000000 0.511625
v -0.865794 0.000000 -0.509610
v -0.893768 0.000000 0.526075
v -0.857261 0.479358 0.311852
v -0.537246 0.300414 0.827888
v -0.322005 0.762732 0.496204
v 0.315168 0.746537 0.485669
v 0.000000 0.932537 0.000000
v 0.334601 0.792569 -0.515615
v -0.328052 0.777055 -0.505523
v -0.509185 0.284723 -0.784646
v -0.820042 0.458546 -0.298312
v -1.051856 0.000000 0.000000
v 0.523129 0.292520 0.806134
v 0.835272 0.467062 0.303853
v -0.529754 -0.296225 0.816343
v 0.000000 0.000000 1.020286
v -0.831793 -0.465117 -0.302587
v -0.839870 -0.469633 0.305525
v 0.000000 0.000000 -1.034531
v -0.511579 -0.286061 -0.788335
v 0.848311 0.474353 -0.308596
v 0.546187 0.305413 -0.841666
v 0.822952 -0.460173 0.299371
v 0.510659 -0.285547 0.786917
v 0.336902 -0.798019 0.519161
v -0.334980 -0.793467 0.516199
v 0.000000 -0.972025 0.000000
v -0.324904 -0.769598 -0.500671
v 0.329860 -0.781338 -0.508309
v 0.528850 -0.295719 -0.814950
v 0.827391 -0.462655 -0.300986
v 1.021953 0.000000 0.000000
v -0.737579 0.675284 0.162631
v -0.617603 0.654236 0.425621
v -0.460315 0.828048 0.262592
v -0.741158 0.153421 0.697554
v -0.725428 0.405640 0.590085
v -0.907187 0.247275 0.434552
v -0.170352 0.665731 0.709119
v -0.452409 0.565670 0.697156
v -0.283305 0.427932 0.895606
v -0.167463 0.886981 0.258059
v -0.289939 0.923425 0.000000
v 0.167358 0.654032 0.696657
v 0.000000 0.790115 0.514019
v 0.280981 0.894895 0.000000
v 0.166557 0.882183 0.256662
v 0.440096 0.791676 0.251057
v -0.171804 0.909972 -0.264747
v -0.462672 0.832287 -0.263936
v 0.457277 0.822582 -0.260858
v 0.171932 0.910651 -0.264945
v -0.174493 0.681912 -0.726354
v 0.000000 0.827919 -0.538613
v 0.175515 0.685908 -0.730611
v -0.613450 0.649836 -0.422759
v -0.729183 0.667597 -0.160779
v -0.274997 0.415382 -0.869340
v -0.448055 0.560226 -0.690447
v -0.877825 0.239272 -0.420487
v -0.701415 0.392213 -0.570552
v -0.707898 0.146536 -0.666250
v -0.896993 0.501575 0.000000
v -1.007252 0.000000 -0.272513
v -1.006931 0.251803 -0.163814
v -1.007060 0.251836 0.163835
v -1.008747 0.000000 0.272918
v 0.605039 0.640926 0.416962
v 0.710972 0.650925 0.156764
v 0.278919 0.421306 0.881739
v 0.447835 0.559950 0.690106
v 0.888283 0.242122 0.425497
v 0.733487 0.410147 0.596641
v 0.739514 0.153081 0.696007
v -0.286250 0.160063 0.986344
v 0.000000 0.265732 0.984646
v -0.737555 -0.152675 0.694163
v -0.568397 0.000000 0.875891
v 0.000000 -0.263288 0.975590
v -0.288410 -0.161271 0.993788
v -0.280956 -0.424384 0.888180
v -0.991176 -0.247863 0.161251
v -0.900685 -0.245503 0.431438
v -0.884908 -0.241202 -0.423880
v -0.994518 -0.248699 -0.161794
v -0.737749 -0.675440 0.162668
v -0.888667 -0.496919 0.000000
v -0.713979 -0.653678 -0.157427
v -0.542122 0.000000 -0.835401
v -0.706861 -0.146321 -0.665274
v 0.000000 0.270573 -1.002587
v -0.284174 0.158903 -0.979192
v -0.277755 -0.419548 -0.878059
v -0.281404 -0.157354 -0.969646
v 0.000000 -0.265830 -0.985012
v 0.472376 0.590635 -0.727924
v 0.288078 0.435140 -0.910692
v 0.713937 0.653639 -0.157418
v 0.624297 0.661326 -0.430234
v 0.729666 0.151042 -0.686738
v 0.738701 0.413062 -0.600882
v 0.896346 0.244320 -0.429359
v 0.740123 -0.677613 0.163191
v 0.614575 -0.651028 0.423534
v 0.476020 -0.856299 0.271550
v 0.713211 -0.147636 0.671251
v 0.690680 -0.386210 0.561820
v 0.854958 -0.233039 0.409534
v 0.171788 -0.671343 0.715096
v 0.436076 -0.545248 0.671987
v 0.269480 -0.407049 0.851901
v 0.176033 -0.932370 0.271264
v 0.288659 -0.919348 0.000000
v -0.173596 -0.678406 0.722620
v 0.000000 -0.848819 0.552210
v -0.294566 -0.938162 0.000000
v -0.177258 -0.938861 0.273152
v -0.466347 -0.838898 0.266032
v 0.172321 -0.912709 -0.265544
v 0.455772 -0.819876 -0.260000
v -0.457952 -0.823797 -0.261243
v -0.174612 -0.924847 -0.269075
v 0.169931 -0.664087 -0.707367
v 0.000000 -0.815331 -0.530424
v -0.169137 -0.660983 -0.704062
v 0.619363 -0.656100 -0.426834
v 0.735010 -0.672932 -0.162064
v 0.275287 -0.415821 -0.870258
v 0.455762 -0.569863 -0.702323
v 0.890605 -0.242755 -0.426609
v 0.717405 -0.401154 -0.583559
v 0.743353 -0.153875 -0.699620
v 0.876306 -0.490007 0.000000
v 0.998423 0.000000 -0.270125
v 0.976131 -0.244101 -0.158803
v 0.953993 -0.238565 0.155201
v 0.973835 0.000000 0.263473
v 0.271374 -0.151745 0.935085
v 0.548533 0.000000 0.845281
v 0.279101 0.156066 0.961712
v -0.622792 -0.659732 0.429197
v -0.454056 -0.567730 0.699694
v -0.715616 -0.400154 0.582104
v -0.436060 -0.545228 -0.671962
v -0.602430 -0.638162 -0.415164
v -0.694385 -0.388282 -0.564834
v 0.551647 0.000000 -0.850080
v 0.280851 -0.157045 -0.967743
v 0.285769 0.159795 -0.984688
v 0.966032 0.241576 0.157160
v 0.973293 0.243391 -0.158341
v 0.867599 0.485138 0.000000
v -0.656828 0.756636 0.082391
v -0.608548 0.763982 0.216125
v -0.522256 0.843639 0.134706
v -0.750760 0.577812 0.375903
v -0.687096 0.674373 0.299189
v -0.805178 0.582703 0.239644
v -0.391998 0.798066 0.381867
v -0.540410 0.742195 0.345184
v -0.471343 0.711962 0.463176
v -0.828017 0.077498 0.619368
v -0.839720 0.204180 0.576357
v -0.911271 0.125065 0.486093
v -0.634922 0.355032 0.710853
v -0.737319 0.281164 0.647318
v -0.647596 0.228919 0.771070
v -0.887300 0.364924 0.375544
v -0.832497 0.332792 0.522316
v -0.810909 0.453439 0.462591
v -0.086852 0.596619 0.799604
v -0.231586 0.561884 0.820686
v -0.143058 0.477918 0.898192
v -0.389677 0.670619 0.600487
v -0.315054 0.623449 0.711911
v -0.247400 0.716259 0.603070
v -0.415884 0.367865 0.871336
v -0.372997 0.503180 0.804008
v -0.499529 0.438023 0.769766
v -0.693405 0.547489 0.524339
v -0.601953 0.495515 0.656930
v -0.542306 0.617966 0.567669
v -0.384859 0.898443 0.134707
v -0.435959 0.894816 0.000000
v -0.246289 0.831858 0.379527
v -0.316892 0.872000 0.264559
v -0.143958 0.935123 0.000000
v -0.229261 0.910677 0.131723
v -0.084950 0.923045 0.130907
v 0.085042 0.584185 0.782938
v 0.000000 0.662832 0.706031
v 0.159067 0.772953 0.502854
v 0.083948 0.730308 0.611130
v 0.244608 0.708175 0.596263
v -0.084203 0.732532 0.612991
v -0.160742 0.781092 0.508149
v 0.418421 0.858820 0.000000
v 0.369045 0.861525 0.129172
v 0.496663 0.802297 0.128105
v 0.084093 0.913725 0.129585
v 0.225479 0.895653 0.129550
v 0.141430 0.918702 0.000000
v 0.380464 0.774585 0.370632
v 0.306952 0.844648 0.256260
v 0.239959 0.810479 0.369773
v -0.084219 0.845051 0.389341
v 0.083354 0.836373 0.385342
v 0.000000 0.887196 0.258121
v -0.383834 0.896050 -0.134348
v -0.518205 0.837096 -0.133661
v -0.086641 0.941416 -0.133512
v -0.234090 0.929860 -0.134497
v -0.396411 0.807051 -0.386166
v -0.320745 0.882603 -0.267775
v -0.253007 0.854548 -0.389879
v 0.506813 0.818693 -0.130723
v 0.373076 0.870937 -0.130583
v 0.255765 0.863865 -0.394130
v 0.319082 0.878028 -0.266387
v 0.403348 0.821175 -0.392925
v 0.229581 0.911948 -0.131907
v 0.085840 0.932717 -0.132279
v -0.087241 0.599285 -0.803176
v 0.000000 0.685422 -0.730093
v 0.088029 0.604699 -0.810432
v -0.167083 0.811907 -0.528196
v -0.087269 0.759200 -0.635307
v -0.253977 0.735302 -0.619103
v 0.257206 0.744648 -0.626972
v 0.087927 0.764928 -0.640100
v 0.168758 0.820045 -0.533490
v 0.000000 0.913770 -0.265852
v 0.087592 0.878893 -0.404933
v -0.087240 0.875367 -0.403308
v -0.605459 0.760103 -0.215028
v -0.651239 0.750198 -0.081690
v -0.479397 0.724127 -0.471090
v -0.547754 0.752280 -0.349874
v -0.785200 0.568245 -0.233698
v -0.678321 0.665760 -0.295368
v -0.720012 0.554147 -0.360507
v -0.142161 0.474922 -0.892560
v -0.228136 0.553514 -0.808460
v -0.482867 0.423413 -0.744091
v -0.362960 0.489641 -0.782374
v -0.395441 0.349782 -0.828505
v -0.317087 0.627473 -0.716506
v -0.394086 0.678207 -0.607281
v -0.877742 0.120464 -0.468208
v -0.799882 0.194494 -0.549014
v -0.792173 0.074143 -0.592557
v -0.762235 0.426222 -0.434825
v -0.792024 0.316613 -0.496922
v -0.854930 0.351611 -0.361843
v -0.615696 0.217643 -0.733089
v -0.707820 0.269915 -0.621420
v -0.613147 0.342856 -0.686474
v -0.536183 0.610989 -0.561260
v -0.585090 0.481634 -0.638527
v -0.659243 0.520516 -0.498506
v -0.746777 0.683706 0.000000
v -0.881174 0.492730 -0.156255
v -0.827169 0.594949 -0.081930
v -0.823648 0.592416 0.081581
v -0.888795 0.496991 0.157606
v -0.948530 0.000000 -0.398206
v -0.961548 0.123916 -0.354917
v -1.055193 0.128626 -0.083679
v -1.021514 0.126998 -0.221592
v -1.045070 0.000000 -0.138630
v -0.951598 0.248151 -0.297984
v -0.927486 0.363713 -0.236618
v -0.967145 0.124638 0.356983
v -0.961025 0.000000 0.403452
v -0.936286 0.367164 0.238863
v -0.957236 0.249622 0.299750
v -1.036058 0.000000 0.137434
v -1.016514 0.126377 0.220508
v -1.047344 0.127670 0.083057
v -0.964530 0.381963 -0.082830
v -1.032378 0.258167 0.000000
v -0.969540 0.383947 0.083260
v 0.581043 0.729451 0.206356
v 0.632716 0.728859 0.079367
v 0.464703 0.701932 0.456650
v 0.524025 0.719691 0.334717
v 0.778509 0.563403 0.231706
v 0.663430 0.651145 0.288884
v 0.731882 0.563283 0.366451
v 0.139381 0.465634 0.875106
v 0.226261 0.548967 0.801818
v 0.496189 0.435095 0.764620
v 0.370170 0.499366 0.797913
v 0.408977 0.361755 0.856864
v 0.309465 0.612389 0.699282
v 0.385363 0.663193 0.593838
v 0.892679 0.122514 0.476176
v 0.836740 0.203456 0.574312
v 0.815020 0.076282 0.609646
v 0.795064 0.444579 0.453552
v 0.822144 0.328653 0.515820
v 0.862980 0.354921 0.365250
v 0.633775 0.224033 0.754614
v 0.744504 0.283904 0.653627
v 0.637747 0.356611 0.714015
v 0.535655 0.610386 0.560706
v 0.599815 0.493756 0.654597
v 0.678820 0.535973 0.513310
v -0.143622 0.353572 0.960305
v 0.000000 0.391820 0.935658
v -0.421340 0.235602 0.925819
v -0.288552 0.297823 0.953469
v 0.000000 0.134099 1.013444
v -0.143971 0.215918 0.997850
v -0.144328 0.080704 1.020229
v -0.828196 -0.077515 0.619502
v -0.756085 0.000000 0.711603
v -0.554159 -0.151049 0.853950
v -0.659346 -0.078043 0.789901
v -0.637346 -0.225295 0.758866
v -0.663429 0.078526 0.794793
v -0.558582 0.152254 0.860766
v 0.000000 -0.393361 0.939336
v -0.142819 -0.351594 0.954932
v -0.143296 -0.478713 0.899685
v -0.145416 -0.081313 1.027919
v -0.143827 -0.215702 0.996854
v 0.000000 -0.134127 1.013660
v -0.411161 -0.363688 0.861442
v -0.288436 -0.297703 0.953084
v -0.420596 -0.235186 0.924185
v -0.436756 0.081407 0.950339
v -0.436901 -0.081435 0.950655
v -0.293564 0.000000 1.011546
v -0.974228 -0.125550 0.359598
v -0.904037 -0.124072 0.482234
v -1.037585 -0.126480 0.082283
v -1.015705 -0.126276 0.220332
v -0.877153 -0.360750 0.371249
v -0.965937 -0.251891 0.302474
v -0.935701 -0.366934 0.238714
v -0.879518 -0.120707 -0.469155
v -0.956852 -0.123311 -0.353184
v -0.923383 -0.362104 -0.235571
v -0.953775 -0.248719 -0.298666
v -0.864662 -0.355613 -0.365962
v -1.011196 -0.125716 -0.219354
v -1.038483 -0.126589 -0.082354
v -0.646684 -0.744950 0.081119
v -0.736873 -0.674638 0.000000
v -0.639895 -0.737130 -0.080267
v -0.877760 -0.490820 0.155649
v -0.819084 -0.589133 0.081129
v -0.797988 -0.577499 0.237504
v -0.776157 -0.561700 -0.231006
v -0.810840 -0.583204 -0.080312
v -0.873155 -0.488245 -0.154833
v -1.003876 -0.251039 0.000000
v -0.950477 -0.376397 -0.081623
v -0.954055 -0.377814 0.081931
v -0.719950 0.000000 -0.677594
v -0.793279 -0.074247 -0.593384
v -0.532691 0.145197 -0.820869
v -0.628769 0.074424 -0.753270
v -0.612497 -0.216512 -0.729280
v -0.631218 -0.074713 -0.756204
v -0.534527 -0.145698 -0.823698
v 0.000000 0.399489 -0.953971
v -0.143379 0.352974 -0.958681
v -0.145206 0.081195 -1.026434
v -0.144300 0.216411 -1.000129
v 0.000000 0.136200 -1.029327
v -0.280211 0.289214 -0.925906
v -0.402738 0.225200 -0.884944
v -0.139777 -0.466957 -0.877591
v -0.141358 -0.347997 -0.945162
v 0.000000 -0.387479 -0.925291
v -0.407292 -0.227747 -0.894952
v -0.281466 -0.290509 -0.930053
v -0.402920 -0.356398 -0.844175
v 0.000000 -0.134225 -1.014400
v -0.142824 -0.214198 -0.989900
v -0.143833 -0.080428 -1.016732
v -0.425157 0.079246 -0.925101
v -0.289806 0.000000 -0.998600
v -0.425632 -0.079334 -0.926135
v 0.233384 0.566249 -0.827060
v 0.143269 0.478621 -0.899512
v 0.407214 0.700798 -0.627510
v 0.324602 0.642344 -0.733487
v 0.426627 0.377368 -0.893845
v 0.383702 0.517621 -0.827082
v 0.523337 0.458900 -0.806455
v 0.635861 0.732482 -0.079761
v 0.590732 0.741615 -0.209797
v 0.749182 0.576598 -0.375113
v 0.668163 0.655791 -0.290945
v 0.785277 0.568301 -0.233721
v 0.543503 0.746443 -0.347159
v 0.489916 0.740016 -0.481426
v 0.806499 0.075484 -0.603273
v 0.823748 0.200297 -0.565395
v 0.899208 0.123410 -0.479658
v 0.653715 0.365540 -0.731893
v 0.747554 0.285067 -0.656304
v 0.647646 0.228936 -0.771130
v 0.880137 0.361978 -0.372512
v 0.824912 0.329760 -0.517557
v 0.810889 0.453428 -0.462580
v 0.567375 0.646532 -0.593909
v 0.705315 0.556892 -0.533345
v 0.625347 0.514773 -0.682460
v 0.665980 -0.767178 0.083539
v 0.616158 -0.773536 0.218828
v 0.527156 -0.851554 0.135970
v 0.729933 -0.561783 0.365475
v 0.680078 -0.667484 0.296133
v 0.786926 -0.569494 0.234211
v 0.409587 -0.833877 0.399002
v 0.556913 -0.764860 0.355725
v 0.480482 -0.725767 0.472157
v 0.794832 -0.074392 0.594546
v 0.793976 -0.193057 0.544960
v 0.872272 -0.119713 0.465290
v 0.607183 -0.339521 0.679797
v 0.700916 -0.267282 0.615359
v 0.618521 -0.218641 0.736452
v 0.834735 -0.343305 0.353296
v 0.779134 -0.311460 0.488836
v 0.766693 -0.428715 0.437368
v 0.087505 -0.601101 0.805609
v 0.223608 -0.542529 0.792415
v 0.138896 -0.464013 0.872059
v 0.387611 -0.667063 0.597303
v 0.308250 -0.609986 0.696538
v 0.255179 -0.738781 0.622032
v 0.394947 -0.349346 0.827471
v 0.353963 -0.477504 0.762980
v 0.476574 -0.417894 0.734393
v 0.657564 -0.519190 0.497237
v 0.571149 -0.470158 0.623313
v 0.522773 -0.595708 0.547222
v 0.388118 -0.906051 0.135848
v 0.431878 -0.886439 0.000000
v 0.263122 -0.888713 0.405467
v 0.329459 -0.906583 0.275051
v 0.146573 -0.952111 0.000000
v 0.235704 -0.936269 0.135424
v 0.087738 -0.953334 0.135203
v -0.088284 -0.606455 0.812786
v 0.000000 -0.693849 0.739069
v -0.171825 -0.834949 0.543186
v -0.089250 -0.776440 0.649733
v -0.256799 -0.743469 0.625980
v 0.088518 -0.770072 0.644405
v 0.171028 -0.831074 0.540665
v -0.429024 -0.880582 0.000000
v -0.383220 -0.894617 0.134133
v -0.515429 -0.832611 0.132945
v -0.088134 -0.957638 0.135813
v -0.237718 -0.944268 0.136581
v -0.149290 -0.969760 0.000000
v -0.404904 -0.824342 0.394440
v -0.326517 -0.898485 0.272594
v -0.261306 -0.882580 0.402669
v 0.090074 -0.903803 0.416410
v -0.090604 -0.909117 0.418858
v 0.000000 -0.940284 0.273566
v 0.378495 -0.883587 -0.132480
v 0.515520 -0.832759 -0.132969
v 0.087561 -0.951418 -0.134931
v 0.233387 -0.927066 -0.134093
v 0.396609 -0.807454 -0.386360
v 0.316680 -0.871419 -0.264382
v 0.252498 -0.852831 -0.389096
v -0.507556 -0.819894 -0.130915
v -0.383090 -0.894313 -0.134088
v -0.252142 -0.851628 -0.388547
v -0.323708 -0.890757 -0.270249
v -0.398104 -0.810498 -0.387816
v -0.237944 -0.945166 -0.136711
v -0.088718 -0.963984 -0.136713
v 0.085906 -0.590120 -0.790893
v 0.000000 -0.668691 -0.712272
v -0.086750 -0.595917 -0.798663
v 0.166635 -0.809731 -0.526780
v 0.085582 -0.744525 -0.623027
v 0.253510 -0.733947 -0.617963
v -0.248930 -0.720690 -0.606800
v -0.085483 -0.743667 -0.622309
v -0.164606 -0.799866 -0.520363
v 0.000000 -0.933905 -0.271711
v -0.087198 -0.874942 -0.403113
v 0.087986 -0.882843 -0.406753
v 0.603327 -0.757427 -0.214270
v 0.661491 -0.762008 -0.082976
v 0.482546 -0.728884 -0.474184
v 0.542222 -0.744684 -0.346341
v 0.783797 -0.567229 -0.233280
v 0.675777 -0.663263 -0.294261
v 0.732081 -0.563436 -0.366550
v 0.138319 -0.462086 -0.868438
v 0.225763 -0.547759 -0.800054
v 0.496743 -0.435580 -0.765474
v 0.369619 -0.498623 -0.796725
v 0.408129 -0.361005 -0.855089
v 0.318510 -0.630288 -0.719720
v 0.400922 -0.689970 -0.617814
v 0.899239 -0.123414 -0.479674
v 0.835776 -0.203221 -0.573650
v 0.820718 -0.076815 -0.613909
v 0.789340 -0.441378 -0.450287
v 0.816339 -0.326333 -0.512178
v 0.867668 -0.356850 -0.367234
v 0.643962 -0.227634 -0.766744
v 0.743047 -0.283348 -0.652347
v 0.632338 -0.353587 -0.707960
v 0.546647 -0.622913 -0.572213
v 0.591956 -0.487287 -0.646021
v 0.675863 -0.533638 -0.511074
v 0.757711 -0.693716 0.000000
v 0.861782 -0.481886 -0.152816
v 0.820400 -0.590080 -0.081259
v 0.822163 -0.591349 0.081434
v 0.859695 -0.480719 0.152446
v 0.954223 0.000000 -0.400596
v 0.959651 -0.123672 -0.354217
v 1.018847 -0.124196 -0.080797
v 1.005429 -0.124999 -0.218103
v 1.015650 0.000000 -0.134727
v 0.948876 -0.247441 -0.297131
v 0.911442 -0.357422 -0.232525
v 0.930855 -0.119961 0.343588
v 0.926095 0.000000 0.388787
v 0.881977 -0.345867 0.225008
v 0.913782 -0.238290 0.286142
v 1.008477 0.000000 0.133776
v 0.976928 -0.121455 0.211921
v 1.001707 -0.122106 0.079438
v 0.920406 -0.364489 -0.079041
v 0.975717 -0.243998 0.000000
v 0.909778 -0.360280 0.078128
v 0.137929 -0.339556 0.922237
v 0.398198 -0.222662 0.874968
v 0.273488 -0.282276 0.903693
v 0.139202 -0.208766 0.964799
v 0.140552 -0.078593 0.993537
v 0.733226 0.000000 0.690089
v 0.544034 0.148289 0.838349
v 0.647278 0.076614 0.775444
v 0.640429 -0.075804 0.767238
v 0.534546 -0.145703 0.823727
v 0.139636 0.343758 0.933650
v 0.142395 0.079624 1.006565
v 0.142617 0.213888 0.988468
v 0.281943 0.291002 0.931630
v 0.408978 0.228690 0.898656
v 0.411194 -0.076643 0.894718
v 0.421616 0.078585 0.917396
v 0.279862 0.000000 0.964334
v -0.606717 -0.761683 0.215474
v -0.487086 -0.735741 0.478646
v -0.552904 -0.759354 0.353164
v -0.689124 -0.676363 0.300072
v -0.743575 -0.572283 0.372305
v -0.229233 -0.556177 0.812350
v -0.493809 -0.433008 0.760953
v -0.370872 -0.500314 0.799428
v -0.316092 -0.625503 0.714256
v -0.397648 -0.684336 0.612769
v -0.828649 -0.201488 0.568759
v -0.782797 -0.437720 0.446555
v -0.815308 -0.325920 0.511531
v -0.729172 -0.278057 0.640166
v -0.624238 -0.349057 0.698891
v -0.542431 -0.618108 0.567799
v -0.595441 -0.490155 0.649824
v -0.674969 -0.532932 0.510398
v -0.226047 -0.548448 -0.801060
v -0.385799 -0.663944 -0.594510
v -0.309608 -0.612672 -0.699605
v -0.364354 -0.491520 -0.785376
v -0.478552 -0.419629 -0.737441
v -0.594193 -0.745959 -0.211026
v -0.723290 -0.556671 -0.362149
v -0.663483 -0.651196 -0.288907
v -0.536111 -0.736291 -0.342438
v -0.471745 -0.712570 -0.463571
v -0.795696 -0.193476 -0.546141
v -0.601786 -0.336503 -0.673754
v -0.701307 -0.267431 -0.615702
v -0.794629 -0.317654 -0.498557
v -0.772746 -0.432099 -0.440821
v -0.523589 -0.596637 -0.548076
v -0.659911 -0.521043 -0.499011
v -0.567151 -0.466867 -0.618950
v 0.735678 0.000000 -0.692396
v 0.552600 -0.150624 -0.851549
v 0.652548 -0.077238 -0.781758
v 0.646845 0.076563 -0.774925
v 0.553913 0.150982 -0.853572
v 0.139284 -0.342892 -0.931296
v 0.143603 -0.080299 -1.015102
v 0.141686 -0.212491 -0.982013
v 0.281155 -0.290189 -0.929027
v 0.413202 -0.231052 -0.907938
v 0.144233 0.355076 -0.964390
v 0.420884 0.235347 -0.924817
v 0.292109 0.301494 -0.965221
v 0.145486 0.218190 -1.008351
v 0.144478 0.080788 -1.021290
v 0.423578 -0.078951 -0.921665
v 0.287824 0.000000 -0.991768
v 0.424421 0.079108 -0.923499
v 0.942772 0.121497 0.347987
v 0.997959 0.121650 0.079141
v 0.983450 0.122266 0.213335
v 0.932401 0.243145 0.291972
v 0.902784 0.354026 0.230316
v 0.961314 0.123886 -0.354831
v 0.915729 0.359103 -0.233619
v 0.945376 0.246529 -0.296035
v 0.999692 0.124285 -0.216859
v 1.003002 0.122264 -0.079541
v 0.729462 0.667853 0.000000
v 0.851738 0.476270 0.151035
v 0.801399 0.576413 0.079377
v 0.807594 0.580869 -0.079991
v 0.867121 0.484871 -0.153763
v 0.975277 0.243888 0.000000
v 0.931234 0.368777 -0.079971
v 0.920327 0.364458 0.079034
v -0.612887 0.794091 0.041468
v -0.592409 0.803325 0.108875
v -0.545774 0.838615 0.067509
v -0.675598 0.722227 0.190045
v -0.634831 0.762908 0.149819
v -0.697797 0.716424 0.122674
v -0.493555 0.840067 0.200183
v -0.567145 0.805684 0.176119
v -0.536134 0.798845 0.240237
v -0.808435 0.531410 0.345715
v -0.779479 0.581381 0.308356
v -0.833614 0.532505 0.276564
v -0.653571 0.665675 0.363498
v -0.720218 0.627231 0.338147
v -0.688148 0.620110 0.403420
v -0.773732 0.630850 0.201776
v -0.749645 0.631494 0.270684
v -0.715986 0.678305 0.232159
v -0.357629 0.781861 0.439961
v -0.432507 0.756099 0.423346
v -0.398903 0.741189 0.482189
v -0.500538 0.784702 0.304106
v -0.466419 0.770619 0.363761
v -0.426097 0.813317 0.322821
v -0.544439 0.683779 0.444840
v -0.505969 0.727358 0.404620
v -0.579051 0.698427 0.385406
v -0.648772 0.720065 0.258083
v -0.615260 0.710826 0.323394
v -0.575779 0.755084 0.281991
v -0.864099 0.038785 0.574670
v -0.871995 0.101580 0.554102
v -0.904897 0.062612 0.507451
v -0.792140 0.179161 0.638501
v -0.834413 0.140842 0.598290
v -0.785968 0.115676 0.659643
v -0.912472 0.186892 0.461941
v -0.878515 0.165063 0.532873
v -0.880197 0.227518 0.509021
v -0.588890 0.329292 0.771960
v -0.643061 0.293158 0.742919
v -0.594714 0.265484 0.802221
v -0.730867 0.343033 0.618321
v -0.685542 0.317665 0.678289
v -0.678276 0.379274 0.648582
v -0.695647 0.191245 0.735188
v -0.692777 0.255237 0.708638
v -0.741523 0.218144 0.674449
v -0.874848 0.423131 0.344811
v -0.852626 0.410330 0.420260
v -0.836875 0.467958 0.388100
v -0.873724 0.291039 0.480233
v -0.864277 0.350660 0.450749
v -0.897658 0.306246 0.405233
v -0.772842 0.432153 0.530236
v -0.823608 0.393802 0.493675
v -0.781809 0.370814 0.558523
v -0.791999 0.243989 0.614880
v -0.787703 0.308027 0.587494
v -0.839236 0.269391 0.551429
v -0.043468 0.553583 0.834477
v -0.115412 0.541116 0.853692
v -0.071033 0.494832 0.884605
v -0.201918 0.618518 0.769272
v -0.159841 0.583614 0.815984
v -0.129496 0.634717 0.758164
v -0.214070 0.454790 0.900598
v -0.188146 0.522067 0.862857
v -0.258046 0.496222 0.860215
v -0.356791 0.718928 0.549809
v -0.319598 0.696148 0.604087
v -0.285069 0.740397 0.550257
v -0.384550 0.595784 0.705993
v -0.353012 0.647878 0.656446
v -0.422112 0.620436 0.650467
v -0.209259 0.691432 0.655884
v -0.281500 0.671763 0.658373
v -0.243601 0.647357 0.713521
v -0.477177 0.334228 0.850122
v -0.458243 0.403402 0.820476
v -0.519336 0.370206 0.800289
v -0.329298 0.467032 0.851838
v -0.394742 0.436134 0.838349
v -0.351387 0.399647 0.887504
v -0.478302 0.504420 0.737057
v -0.437005 0.470877 0.787542
v -0.413748 0.535648 0.751667
v -0.274926 0.595515 0.768980
v -0.346022 0.567252 0.762469
v -0.303643 0.534229 0.815096
v -0.785049 0.518725 0.421405
v -0.713759 0.478774 0.560799
v -0.754494 0.501917 0.494916
v -0.724710 0.564662 0.451296
v -0.657970 0.604027 0.476542
v -0.570467 0.398338 0.743937
v -0.529555 0.533145 0.680264
v -0.551365 0.467301 0.714180
v -0.618157 0.424648 0.683627
v -0.664816 0.450821 0.624017
v -0.431696 0.692980 0.532724
v -0.581063 0.637255 0.497318
v -0.506144 0.664880 0.514590
v -0.465933 0.644720 0.584437
v -0.499053 0.593741 0.634146
v -0.650972 0.524182 0.593923
v -0.577373 0.562292 0.617848
v -0.620852 0.586362 0.549323
v -0.482219 0.874739 0.067870
v -0.502428 0.863908 0.000000
v -0.426153 0.869817 0.200618
v -0.456347 0.876676 0.135571
v -0.363870 0.913260 0.000000
v -0.412684 0.901775 0.067944
v -0.338446 0.914642 0.067200
v -0.284774 0.799747 0.438833
v -0.320607 0.820010 0.382997
v -0.241496 0.879840 0.261357
v -0.281556 0.852659 0.322944
v -0.207387 0.861644 0.319580
v -0.356397 0.839232 0.325072
v -0.390822 0.855645 0.265293
v -0.071739 0.936505 0.000000
v -0.114313 0.929129 0.065793
v -0.042517 0.929707 0.065518
v -0.260084 0.919697 0.066667
v -0.186835 0.923804 0.065990
v -0.216409 0.929609 0.000000
v -0.126609 0.907572 0.195102
v -0.156891 0.917386 0.131385
v -0.198736 0.901189 0.195744
v -0.351566 0.887731 0.200918
v -0.273905 0.894849 0.198570
v -0.306596 0.906849 0.133515
v 0.042954 0.547035 0.824607
v 0.000000 0.589634 0.790241
v 0.083714 0.658605 0.701528
v 0.042421 0.624121 0.744948
v 0.126565 0.620351 0.741004
v -0.042879 0.630846 0.752976
v -0.084871 0.667713 0.711230
v 0.237547 0.761519 0.495416
v 0.202552 0.744570 0.552014
v 0.280933 0.729655 0.542273
v 0.041930 0.762476 0.563976
v 0.122363 0.755089 0.558947
v 0.080172 0.784010 0.510047
v 0.206720 0.683044 0.647927
v 0.165054 0.722136 0.606128
v 0.125790 0.693879 0.655228
v -0.204178 0.750547 0.556445
v -0.241552 0.774358 0.503768
v -0.126828 0.699600 0.660630
v -0.165855 0.725641 0.609071
v -0.080522 0.787433 0.512274
v -0.122771 0.757611 0.560814
v -0.041979 0.763382 0.564646
v 0.042190 0.697700 0.659356
v 0.000000 0.734099 0.614303
v -0.042379 0.700832 0.662315
v 0.483409 0.831205 0.000000
v 0.459553 0.833623 0.064680
v 0.521544 0.801384 0.064512
v 0.326650 0.882764 0.064858
v 0.394315 0.861636 0.064919
v 0.350888 0.880676 0.000000
v 0.468908 0.798116 0.190186
v 0.434126 0.833987 0.128969
v 0.406038 0.828761 0.191149
v 0.042261 0.924115 0.065124
v 0.112627 0.915427 0.064823
v 0.070999 0.926842 0.000000
v 0.196989 0.893265 0.194023
v 0.154762 0.904933 0.129601
v 0.125729 0.901266 0.193747
v 0.211290 0.907619 0.000000
v 0.183389 0.906762 0.064772
v 0.253455 0.896254 0.064968
v 0.347771 0.760308 0.427833
v 0.310395 0.793890 0.370797
v 0.277104 0.778205 0.427013
v 0.374519 0.819953 0.254227
v 0.343569 0.809024 0.313371
v 0.411111 0.784713 0.311468
v 0.204009 0.847611 0.314375
v 0.273464 0.828154 0.313663
v 0.237578 0.865566 0.257117
v 0.298269 0.882220 0.129889
v 0.268810 0.878205 0.194877
v 0.339231 0.856586 0.193869
v -0.203883 0.808237 0.444973
v -0.042256 0.819037 0.452347
v -0.122711 0.815230 0.449766
v -0.165157 0.839766 0.385044
v -0.125872 0.867236 0.324434
v 0.199758 0.791884 0.435971
v 0.124753 0.859522 0.321548
v 0.162457 0.826042 0.378751
v 0.121066 0.804306 0.443739
v 0.042074 0.815524 0.450407
v 0.000000 0.922673 0.130854
v -0.083442 0.889859 0.258896
v -0.042360 0.909449 0.195959
v 0.042210 0.906217 0.195263
v 0.083126 0.886491 0.257916
v 0.000000 0.843826 0.388777
v 0.041882 0.863911 0.322700
v -0.042055 0.867477 0.324032
v -0.478766 0.868475 -0.067384
v -0.541570 0.832156 -0.066989
v -0.338622 0.915117 -0.067235
v -0.410171 0.896283 -0.067530
v -0.492550 0.838356 -0.199775
v -0.453141 0.870516 -0.134618
v -0.425698 0.868888 -0.200404
v -0.042995 0.940157 -0.066254
v -0.115941 0.942368 -0.066731
v -0.203951 0.924839 -0.200881
v -0.160737 0.939875 -0.134606
v -0.129930 0.931376 -0.200220
v -0.189595 0.937448 -0.066964
v -0.262512 0.928285 -0.067290
v -0.363689 0.795110 -0.447417
v -0.326226 0.834382 -0.389709
v -0.291958 0.819919 -0.449902
v -0.392833 0.860048 -0.266658
v -0.359854 0.847373 -0.328225
v -0.429433 0.819684 -0.325348
v -0.212826 0.884244 -0.327962
v -0.286972 0.869061 -0.329156
v -0.246816 0.899221 -0.267114
v -0.309595 0.915719 -0.134821
v -0.278785 0.910794 -0.202108
v -0.353576 0.892808 -0.202067
v 0.528023 0.811340 -0.065314
v 0.464802 0.843145 -0.065418
v 0.416760 0.850646 -0.196197
v 0.441691 0.848520 -0.131217
v 0.482434 0.821139 -0.195672
v 0.396867 0.867212 -0.065340
v 0.327671 0.885523 -0.065060
v 0.296996 0.834070 -0.457667
v 0.331570 0.848050 -0.396094
v 0.371041 0.811183 -0.456461
v 0.246140 0.896760 -0.266383
v 0.288645 0.874129 -0.331076
v 0.213912 0.888756 -0.329636
v 0.431572 0.823768 -0.326970
v 0.363051 0.854900 -0.331140
v 0.390002 0.853850 -0.264736
v 0.114350 0.929430 -0.065815
v 0.042767 0.935190 -0.065904
v 0.255350 0.902957 -0.065454
v 0.185776 0.918565 -0.065615
v 0.129075 0.925249 -0.198902
v 0.158324 0.925762 -0.132584
v 0.201969 0.915851 -0.198929
v 0.346678 0.875389 -0.198124
v 0.274938 0.898226 -0.199319
v 0.301608 0.892097 -0.131343
v -0.043978 0.560084 -0.844277
v 0.000000 0.603538 -0.808876
v 0.044204 0.562963 -0.848617
v -0.087104 0.685278 -0.729939
v -0.043785 0.644178 -0.768889
v -0.130944 0.641811 -0.766638
v 0.131861 0.646308 -0.772009
v 0.043856 0.645221 -0.770133
v 0.087254 0.686461 -0.731200
v -0.248256 0.795852 -0.517751
v -0.210626 0.774249 -0.574018
v -0.290872 0.755466 -0.561457
v -0.043666 0.794059 -0.587337
v -0.127547 0.787080 -0.582628
v -0.084073 0.822164 -0.534868
v -0.215733 0.712824 -0.676176
v -0.171839 0.751825 -0.631048
v -0.131163 0.723516 -0.683214
v 0.295776 0.768205 -0.570923
v 0.213016 0.783034 -0.580531
v 0.251976 0.807778 -0.525510
v 0.131949 0.727848 -0.687305
v 0.173468 0.758951 -0.637029
v 0.217631 0.719096 -0.682126
v 0.084688 0.828177 -0.538781
v 0.128894 0.795393 -0.588782
v 0.043917 0.798619 -0.590710
v -0.043882 0.725684 -0.685802
v 0.000000 0.762869 -0.638378
v 0.043954 0.726882 -0.686933
v 0.000000 0.936906 -0.132873
v 0.085798 0.914986 -0.266206
v 0.043240 0.928333 -0.200028
v -0.043332 0.930301 -0.200452
v -0.085535 0.912179 -0.265390
v 0.213482 0.846292 -0.465925
v 0.044245 0.857590 -0.473640
v 0.128568 0.854142 -0.471234
v 0.172003 0.874576 -0.401004
v 0.130150 0.896711 -0.335461
v -0.211079 0.836765 -0.460680
v -0.129321 0.890997 -0.333323
v -0.170680 0.867850 -0.397920
v -0.127787 0.848953 -0.468371
v -0.044127 0.855299 -0.472375
v 0.043519 0.897671 -0.335311
v 0.000000 0.879449 -0.405189
v -0.043385 0.894899 -0.334275
v -0.586737 0.795633 -0.107833
v -0.608876 0.788894 -0.041196
v -0.537095 0.800277 -0.240668
v -0.563214 0.800099 -0.174899
v -0.692476 0.710961 -0.121738
v -0.629566 0.756581 -0.148576
v -0.668221 0.714341 -0.187970
v -0.405252 0.752985 -0.489864
v -0.439048 0.767535 -0.429749
v -0.584375 0.704849 -0.388950
v -0.514045 0.738968 -0.411079
v -0.549284 0.689863 -0.448799
v -0.472600 0.780831 -0.368581
v -0.505991 0.793250 -0.307418
v -0.803647 0.513363 -0.266622
v -0.750877 0.560048 -0.297041
v -0.767396 0.504434 -0.328165
v -0.703283 0.666271 -0.228040
v -0.730160 0.615080 -0.263648
v -0.760411 0.619988 -0.198302
v -0.669853 0.603624 -0.392695
v -0.701160 0.610634 -0.329199
v -0.648815 0.660831 -0.360852
v -0.579345 0.759761 -0.283738
v -0.618593 0.714676 -0.325146
v -0.645354 0.716271 -0.256724
v -0.071584 0.498668 -0.891463
v -0.114751 0.538015 -0.848801
v -0.252040 0.484671 -0.840191
v -0.184960 0.513226 -0.848246
v -0.210423 0.447041 -0.885254
v -0.158421 0.578430 -0.808737
v -0.202697 0.620904 -0.772240
v -0.496176 0.353696 -0.764600
v -0.438876 0.386353 -0.785799
v -0.452801 0.317155 -0.806696
v -0.406434 0.526179 -0.738380
v -0.423944 0.456804 -0.764005
v -0.468066 0.493625 -0.721283
v -0.336702 0.382945 -0.850414
v -0.379879 0.419712 -0.806783
v -0.319046 0.452492 -0.825317
v -0.325174 0.708294 -0.614627
v -0.361896 0.729216 -0.557677
v -0.247716 0.658293 -0.725574
v -0.287608 0.686340 -0.672660
v -0.422999 0.621740 -0.651835
v -0.356691 0.654630 -0.663288
v -0.383155 0.593623 -0.703432
v -0.297427 0.523294 -0.798413
v -0.341909 0.560508 -0.753404
v -0.274126 0.593782 -0.766742
v -0.873229 0.060421 -0.489693
v -0.836065 0.097395 -0.531271
v -0.830821 0.037291 -0.552538
v -0.840001 0.217128 -0.485776
v -0.839621 0.157755 -0.509281
v -0.878918 0.180019 -0.444954
v -0.750705 0.110486 -0.630048
v -0.797672 0.134640 -0.571946
v -0.755786 0.170938 -0.609197
v -0.788598 0.440963 -0.365712
v -0.808574 0.389130 -0.398547
v -0.838147 0.405380 -0.330345
v -0.746897 0.354255 -0.533582
v -0.780622 0.373249 -0.467909
v -0.735909 0.411501 -0.504897
v -0.869618 0.296680 -0.392575
v -0.824870 0.334672 -0.430197
v -0.836158 0.278526 -0.459585
v -0.563997 0.251772 -0.760786
v -0.614831 0.280288 -0.710305
v -0.562132 0.314329 -0.736883
v -0.710266 0.208948 -0.646019
v -0.664695 0.244891 -0.679914
v -0.663362 0.182370 -0.701068
v -0.659535 0.368795 -0.630661
v -0.662059 0.306783 -0.655055
v -0.704575 0.330692 -0.596077
v -0.797085 0.255860 -0.523733
v -0.750225 0.293372 -0.559541
v -0.753935 0.232263 -0.585327
v -0.438061 0.703196 -0.540578
v -0.495781 0.589848 -0.629988
v -0.468376 0.648101 -0.587502
v -0.509748 0.669615 -0.518255
v -0.573711 0.629191 -0.491025
v -0.550294 0.384252 -0.717629
v -0.646447 0.438365 -0.606776
v -0.602131 0.413639 -0.665904
v -0.536890 0.455033 -0.695432
v -0.519586 0.523109 -0.667458
v -0.739422 0.488576 -0.396913
v -0.635922 0.583786 -0.460573
v -0.690093 0.537690 -0.429739
v -0.712371 0.473895 -0.467285
v -0.684337 0.459038 -0.537682
v -0.562723 0.548024 -0.602170
v -0.625406 0.503595 -0.570597
v -0.598839 0.565571 -0.529846
v -0.657482 0.757389 0.000000
v -0.741828 0.679174 -0.081249
v -0.700695 0.718861 -0.041038
v -0.703598 0.721838 0.041208
v -0.744237 0.681380 0.081513
v -0.856241 0.478788 -0.230149
v -0.836519 0.533063 -0.196088
v -0.864284 0.549476 -0.040954
v -0.857537 0.545611 -0.119743
v -0.893610 0.499683 -0.078739
v -0.811338 0.585337 -0.159791
v -0.780719 0.633668 -0.121956
v -0.849358 0.541244 0.199098
v -0.875909 0.489785 0.235436
v -0.783119 0.635615 0.122331
v -0.817128 0.589514 0.160932
v -0.894838 0.500370 0.078848
v -0.857039 0.545295 0.119673
v -0.861416 0.547653 0.040818
v -0.788602 0.640570 -0.041090
v -0.827540 0.595216 0.000000
v -0.787330 0.639536 0.041024
v -0.906521 0.000000 -0.454286
v -0.915682 0.061066 -0.434967
v -0.992831 0.062698 -0.316562
v -0.958851 0.062096 -0.378108
v -0.982052 0.000000 -0.337156
v -0.919991 0.122284 -0.412653
v -0.919414 0.182268 -0.388144
v -1.057420 0.064050 -0.041668
v -1.054433 0.064178 -0.111785
v -1.053715 0.000000 -0.069553
v -1.016809 0.189832 -0.193217
v -1.042492 0.128329 -0.153626
v -1.037247 0.191656 -0.124684
v -1.028844 0.000000 -0.206381
v -1.038867 0.063784 -0.181044
v -1.018548 0.063461 -0.248196
v -0.891974 0.358085 -0.300505
v -0.876406 0.413343 -0.268905
v -0.916137 0.244146 -0.360571
v -0.906379 0.301762 -0.331671
v -0.970397 0.309356 -0.201256
v -0.941780 0.306591 -0.267969
v -0.981758 0.250664 -0.232196
v -0.995769 0.126012 -0.290091
v -0.990254 0.188872 -0.261181
v -0.958150 0.186393 -0.326967
v -0.937701 0.062535 0.445426
v -0.929037 0.000000 0.465569
v -0.938559 0.186064 0.396227
v -0.940387 0.124995 0.421801
v -0.987361 0.000000 0.338979
v -0.966522 0.062592 0.381133
v -0.992053 0.062648 0.316314
v -0.897611 0.423344 0.275411
v -0.912126 0.366175 0.307294
v -0.982301 0.250803 0.232325
v -0.948500 0.308779 0.269881
v -0.971853 0.309821 0.201558
v -0.923537 0.307475 0.337949
v -0.931958 0.248363 0.366798
v -1.044706 0.000000 0.068958
v -1.042561 0.063455 0.110526
v -1.050059 0.063604 0.041378
v -1.014404 0.063203 0.247186
v -1.031078 0.063306 0.179687
v -1.024747 0.000000 0.205559
v -1.033729 0.191006 0.124261
v -1.035666 0.127488 0.152620
v -1.014686 0.189436 0.192813
v -0.964757 0.187678 0.329221
v -0.989587 0.188745 0.261005
v -0.992733 0.125628 0.289207
v -0.905825 0.428645 -0.196894
v -0.990370 0.318453 -0.123861
v -0.950144 0.374454 -0.161017
v -0.922528 0.437466 -0.119654
v -0.933388 0.443086 -0.041494
v -1.054124 0.128496 0.000000
v -1.025018 0.256326 0.082821
v -1.044560 0.193454 0.041924
v -1.047603 0.194018 -0.042046
v -1.026682 0.256742 -0.082955
v -0.917992 0.434403 0.199538
v -0.937603 0.445088 0.041682
v -0.931552 0.441745 0.120824
v -0.956231 0.376853 0.162049
v -0.991764 0.318901 0.124036
v -1.003729 0.322259 -0.041930
v -1.004601 0.322539 0.041966
v -0.973812 0.385638 0.000000
v 0.565581 0.766945 0.103945
v 0.588527 0.762529 0.039820
v 0.511644 0.762355 0.229264
v 0.539133 0.765890 0.167421
v 0.674241 0.692239 0.118532
v 0.608128 0.730819 0.143517
v 0.648575 0.693339 0.182443
v 0.390673 0.725897 0.472241
v 0.422657 0.738880 0.413705
v 0.564673 0.681085 0.375837
v 0.495176 0.711842 0.395989
v 0.536667 0.674018 0.438490
v 0.453688 0.749584 0.353832
v 0.482866 0.756997 0.293369
v 0.809604 0.517168 0.268599
v 0.758683 0.565870 0.300129
v 0.789422 0.518912 0.337585
v 0.687761 0.651565 0.223007
v 0.724230 0.610085 0.261507
v 0.745007 0.607429 0.194285
v 0.669603 0.603398 0.392548
v 0.698943 0.608703 0.328158
v 0.634940 0.646698 0.353135
v 0.553221 0.725502 0.270944
v 0.594935 0.687344 0.312711
v 0.623012 0.691475 0.247836
v 0.069773 0.486050 0.868907
v 0.112625 0.528048 0.833076
v 0.254240 0.488902 0.847526
v 0.183678 0.509669 0.842367
v 0.209384 0.444832 0.880880
v 0.155431 0.567513 0.793472
v 0.196712 0.602571 0.749439
v 0.512387 0.365252 0.789580
v 0.453904 0.399582 0.812707
v 0.467528 0.327470 0.832933
v 0.409704 0.530412 0.744319
v 0.434272 0.467932 0.782616
v 0.474080 0.499968 0.730551
v 0.346372 0.393944 0.874839
v 0.392065 0.433176 0.832664
v 0.326671 0.463307 0.845042
v 0.314827 0.685757 0.595070
v 0.350937 0.707133 0.540789
v 0.238724 0.634397 0.699236
v 0.276867 0.660709 0.647539
v 0.417982 0.614366 0.644104
v 0.347815 0.638341 0.646783
v 0.379771 0.588381 0.697221
v 0.299714 0.527316 0.804550
v 0.341334 0.559567 0.752140
v 0.269048 0.582784 0.752540
v 0.882244 0.061045 0.494748
v 0.859650 0.100142 0.546257
v 0.843051 0.037840 0.560672
v 0.869003 0.224624 0.502548
v 0.869845 0.163434 0.527614
v 0.896688 0.183659 0.453950
v 0.781502 0.115019 0.655894
v 0.829937 0.140086 0.595080
v 0.792290 0.179194 0.638621
v 0.817924 0.457362 0.379312
v 0.833116 0.400941 0.410644
v 0.852495 0.412320 0.336001
v 0.780992 0.370427 0.557940
v 0.810395 0.387485 0.485756
v 0.767839 0.429355 0.526804
v 0.874362 0.298299 0.394716
v 0.844822 0.342767 0.440603
v 0.857156 0.285521 0.471126
v 0.578283 0.258149 0.780058
v 0.637390 0.290573 0.736367
v 0.580253 0.324462 0.760637
v 0.744763 0.219097 0.677396
v 0.692886 0.255278 0.708750
v 0.688871 0.189383 0.728027
v 0.689820 0.385729 0.659620
v 0.693615 0.321406 0.686277
v 0.741064 0.347818 0.626948
v 0.832090 0.267097 0.546734
v 0.788402 0.308301 0.588015
v 0.793237 0.244371 0.615841
v 0.427122 0.685637 0.527079
v 0.493610 0.587265 0.627229
v 0.462247 0.639620 0.579813
v 0.502339 0.659882 0.510722
v 0.573582 0.629050 0.490915
v 0.567705 0.396409 0.740334
v 0.671321 0.455232 0.630122
v 0.623551 0.428354 0.689593
v 0.549012 0.465307 0.711134
v 0.523867 0.527419 0.672957
v 0.768049 0.507492 0.412280
v 0.643086 0.590363 0.465762
v 0.706884 0.550772 0.440195
v 0.741919 0.493551 0.486667
v 0.711092 0.476985 0.558703
v 0.568574 0.553723 0.608432
v 0.642829 0.517625 0.586493
v 0.608716 0.574901 0.538586
v -0.071285 0.436428 0.921063
v 0.000000 0.451499 0.903217
v -0.214991 0.393514 0.934469
v -0.143866 0.417285 0.932649
v 0.000000 0.329243 0.961405
v -0.071477 0.374095 0.951053
v -0.071493 0.310264 0.975519
v -0.481383 0.269176 0.879489
v -0.420483 0.303299 0.902525
v -0.287064 0.228560 0.968803
v -0.356245 0.267628 0.942940
v -0.355403 0.198732 0.960629
v -0.355723 0.336057 0.920667
v -0.287686 0.365188 0.930193
v 0.000000 0.066942 1.016709
v -0.071964 0.107739 1.018823
v -0.071883 0.040195 1.022587
v -0.072054 0.242215 0.996494
v -0.072008 0.175675 1.010585
v 0.000000 0.200720 1.003132
v -0.215863 0.120705 1.006662
v -0.144446 0.148629 1.011112
v -0.214891 0.187997 0.991818
v -0.216747 0.326804 0.960072
v -0.216119 0.256877 0.976375
v -0.144161 0.285253 0.981615
v -0.862943 -0.038733 0.573901
v -0.833750 0.000000 0.623657
v -0.751215 -0.077243 0.707019
v -0.796767 -0.039096 0.669207
v -0.786222 -0.115714 0.659856
v -0.794689 0.038994 0.667462
v -0.750026 0.077121 0.705900
v -0.544142 -0.224821 0.838515
v -0.598200 -0.189138 0.808889
v -0.584599 -0.260969 0.788577
v -0.616969 -0.039525 0.836211
v -0.608455 -0.114776 0.824030
v -0.563706 -0.076350 0.868663
v -0.687457 -0.188994 0.726533
v -0.649641 -0.152433 0.775916
v -0.698722 -0.115586 0.741793
v -0.605299 0.191382 0.818488
v -0.550519 0.227456 0.848342
v -0.704061 0.116469 0.747461
v -0.657527 0.154283 0.785335
v -0.564616 0.076473 0.870065
v -0.612343 0.115510 0.829295
v -0.617878 0.039583 0.837443
v -0.709684 -0.039129 0.752838
v -0.665967 0.000000 0.797834
v -0.710676 0.039183 0.753890
v 0.000000 -0.457631 0.915484
v -0.071844 -0.439848 0.928280
v -0.072021 -0.501713 0.896906
v -0.070988 -0.308071 0.968624
v -0.071470 -0.374058 0.950959
v 0.000000 -0.328149 0.958211
v -0.212729 -0.451941 0.894956
v -0.143662 -0.416695 0.931330
v -0.213554 -0.390883 0.928222
v -0.072234 -0.040392 1.027588
v -0.072293 -0.108231 1.023475
v 0.000000 -0.067282 1.021864
v -0.216660 -0.189545 0.999986
v -0.145188 -0.149392 1.016304
v -0.217711 -0.121738 1.015281
v 0.000000 -0.199234 0.995703
v -0.071865 -0.175325 1.008571
v -0.071394 -0.239999 0.987375
v -0.472097 -0.330670 0.841073
v -0.417158 -0.300900 0.895388
v -0.477654 -0.267092 0.872678
v -0.285327 -0.362195 0.922569
v -0.352423 -0.332939 0.912124
v -0.347526 -0.395256 0.877752
v -0.357381 -0.199838 0.965976
v -0.356353 -0.267709 0.943227
v -0.289492 -0.230493 0.976997
v -0.143195 -0.283341 0.975034
v -0.216899 -0.257804 0.979898
v -0.215795 -0.325368 0.955856
v -0.492465 0.194432 0.896741
v -0.503841 0.040556 0.914559
v -0.499294 0.117381 0.907270
v -0.430474 0.159103 0.941201
v -0.364544 0.121870 0.976894
v -0.488862 -0.193009 0.890179
v -0.365563 -0.122211 0.979626
v -0.429913 -0.158896 0.939975
v -0.497254 -0.116901 0.903563
v -0.504017 -0.040570 0.914879
v -0.145485 0.000000 1.028408
v -0.290943 0.080800 1.002515
v -0.219289 0.040847 1.020276
v -0.220376 -0.041049 1.025332
v -0.292514 -0.081236 1.007931
v -0.438836 0.000000 0.954866
v -0.368342 -0.041193 0.988571
v -0.367706 0.041122 0.986866
v -0.936902 -0.062481 0.445046
v -0.900179 -0.062286 0.504806
v -0.993888 -0.062764 0.316899
v -0.969234 -0.062768 0.382202
v -0.905959 -0.185558 0.458644
v -0.942340 -0.125254 0.422677
v -0.943147 -0.186973 0.398164
v -1.046134 -0.063366 0.041224
v -1.039523 -0.063270 0.110204
v -1.007788 -0.188148 0.191503
v -1.028528 -0.126610 0.151568
v -1.016827 -0.187883 0.122229
v -1.028740 -0.063163 0.179279
v -1.013908 -0.063172 0.247066
v -0.859089 -0.415510 0.338600
v -0.910532 -0.365535 0.306757
v -0.889487 -0.419512 0.272919
v -0.934968 -0.249165 0.367983
v -0.924059 -0.307648 0.338140
v -0.889941 -0.303614 0.401749
v -0.967731 -0.308507 0.200703
v -0.952594 -0.310111 0.271045
v -0.983587 -0.251131 0.232629
v -0.998886 -0.126406 0.290999
v -0.996965 -0.190152 0.262951
v -0.974740 -0.189620 0.332628
v -0.875485 -0.060577 -0.490957
v -0.916889 -0.061147 -0.435540
v -0.924378 -0.183253 -0.390240
v -0.921065 -0.122426 -0.413135
v -0.884093 -0.181079 -0.447574
v -0.955713 -0.061892 -0.376871
v -0.984488 -0.062171 -0.313902
v -0.879735 -0.414913 -0.269927
v -0.896068 -0.359728 -0.301884
v -0.849905 -0.411067 -0.334980
v -0.978093 -0.249728 -0.231330
v -0.939516 -0.305854 -0.267324
v -0.960696 -0.306264 -0.199244
v -0.877670 -0.299427 -0.396209
v -0.911299 -0.303400 -0.333471
v -0.922364 -0.245806 -0.363022
v -1.043096 -0.063487 -0.110583
v -1.048907 -0.063534 -0.041333
v -1.009822 -0.062917 -0.246070
v -1.029630 -0.063217 -0.179434
v -1.021067 -0.188666 -0.122739
v -1.027620 -0.126498 -0.151434
v -1.008710 -0.188320 -0.191678
v -0.958592 -0.186478 -0.327118
v -0.987777 -0.188400 -0.260528
v -0.986558 -0.124846 -0.287408
v -0.599063 -0.776180 0.040532
v -0.644241 -0.742136 0.000000
v -0.596215 -0.772490 -0.040340
v -0.740460 -0.677921 0.081099
v -0.693850 -0.711838 0.040638
v -0.693975 -0.712500 0.122002
v -0.678626 -0.696741 -0.119303
v -0.688347 -0.706192 -0.040315
v -0.726551 -0.665188 -0.079576
v -0.861686 -0.481832 0.231613
v -0.838827 -0.534533 0.196629
v -0.820226 -0.523953 0.272123
v -0.853455 -0.542592 0.040441
v -0.850855 -0.541360 0.118810
v -0.885947 -0.495398 0.078064
v -0.772107 -0.629525 0.201352
v -0.813030 -0.586557 0.160125
v -0.781714 -0.634475 0.122112
v -0.805403 -0.514484 -0.267205
v -0.825203 -0.525852 -0.193436
v -0.852945 -0.476945 -0.229263
v -0.763371 -0.619587 -0.119246
v -0.795881 -0.574185 -0.156747
v -0.746502 -0.608648 -0.194675
v -0.886535 -0.495727 -0.078116
v -0.843480 -0.536668 -0.117780
v -0.852614 -0.542057 -0.040401
v -0.781582 -0.634868 0.040725
v -0.817598 -0.588065 0.000000
v -0.775479 -0.629910 -0.040407
v -1.040950 -0.126890 0.000000
v -1.003056 -0.250834 -0.081046
v -1.026555 -0.190120 -0.041201
v -1.024068 -0.189659 0.041101
v -0.999281 -0.249890 0.080741
v -0.902482 -0.427063 -0.196167
v -0.925356 -0.439274 -0.041137
v -0.918518 -0.435564 -0.119134
v -0.941058 -0.370874 -0.159477
v -0.972494 -0.312705 -0.121626
v -0.907787 -0.429573 0.197320
v -0.973929 -0.313166 0.121805
v -0.946935 -0.373190 0.160473
v -0.919724 -0.436136 0.119290
v -0.925323 -0.439258 0.041136
v -0.979019 -0.314325 -0.040898
v -0.955808 -0.378509 0.000000
v -0.979834 -0.314587 0.040932
v -0.798142 0.000000 -0.597021
v -0.832286 -0.037357 -0.553513
v -0.714734 0.073492 -0.672684
v -0.757662 0.037177 -0.636363
v -0.750935 -0.110520 -0.630241
v -0.759329 -0.037259 -0.637763
v -0.718231 -0.073852 -0.675976
v -0.521871 0.215619 -0.804195
v -0.574958 0.181789 -0.777460
v -0.586467 0.037571 -0.794871
v -0.582630 0.109905 -0.789055
v -0.539632 0.073089 -0.831565
v -0.624075 0.146434 -0.745381
v -0.668967 0.110664 -0.710204
v -0.562728 -0.251205 -0.759075
v -0.575160 -0.181853 -0.777734
v -0.525093 -0.216950 -0.809160
v -0.673103 -0.111348 -0.714595
v -0.625705 -0.146817 -0.747328
v -0.661099 -0.181748 -0.698677
v -0.540307 -0.073180 -0.832604
v -0.583182 -0.110009 -0.789803
v -0.586347 -0.037563 -0.794708
v -0.674582 0.037193 -0.715601
v -0.631769 0.000000 -0.756864
v -0.677694 -0.037365 -0.718903
v 0.000000 0.461357 -0.922939
v -0.071946 0.440473 -0.929598
v -0.072260 0.313592 -0.985981
v -0.072197 0.377860 -0.960623
v 0.000000 0.335838 -0.980663
v -0.143391 0.415906 -0.929568
v -0.211334 0.386820 -0.918573
v -0.072746 0.040678 -1.034866
v -0.072758 0.108928 -1.030062
v 0.000000 0.068143 -1.034943
v -0.214913 0.188016 -0.991922
v -0.145098 0.149300 -1.015676
v -0.216492 0.121056 -1.009594
v 0.000000 0.203832 -1.018682
v -0.072667 0.177281 -1.019826
v -0.072730 0.244488 -1.005844
v -0.398356 0.287339 -0.855033
v -0.455556 0.254735 -0.832303
v -0.278008 0.352903 -0.898902
v -0.339272 0.320515 -0.878087
v -0.346682 0.193856 -0.937059
v -0.342739 0.257481 -0.907190
v -0.282576 0.224987 -0.953658
v -0.144178 0.285286 -0.981727
v -0.214432 0.254871 -0.968753
v -0.213430 0.321802 -0.945378
v -0.069978 -0.487481 -0.871464
v -0.069942 -0.428204 -0.903705
v 0.000000 -0.445457 -0.891132
v -0.210221 -0.384783 -0.913737
v -0.140726 -0.408177 -0.912292
v -0.209552 -0.445191 -0.881589
v 0.000000 -0.328332 -0.958745
v -0.070634 -0.369680 -0.939829
v -0.071191 -0.308953 -0.971396
v -0.462814 -0.258793 -0.845564
v -0.406192 -0.292991 -0.871851
v -0.458810 -0.321363 -0.817400
v -0.281320 -0.223986 -0.949419
v -0.345527 -0.259576 -0.914570
v -0.345551 -0.193223 -0.934001
v -0.342327 -0.389343 -0.864622
v -0.344713 -0.325655 -0.892170
v -0.280240 -0.355737 -0.906120
v 0.000000 -0.067611 -1.026869
v -0.071967 -0.107744 -1.018867
v -0.072346 -0.040454 -1.029182
v -0.071860 -0.241565 -0.993818
v -0.071738 -0.175016 -1.006797
v 0.000000 -0.200464 -1.001850
v -0.213935 -0.119627 -0.997672
v -0.143439 -0.147593 -1.004066
v -0.212427 -0.185842 -0.980448
v -0.212350 -0.320173 -0.940593
v -0.212902 -0.253053 -0.961842
v -0.142762 -0.282485 -0.972090
v -0.469342 0.185302 -0.854636
v -0.357556 0.119534 -0.958167
v -0.415812 0.153684 -0.909145
v -0.479662 0.112765 -0.871596
v -0.486022 0.039121 -0.882214
v -0.145327 0.000000 -1.027290
v -0.286416 -0.079543 -0.986918
v -0.217484 -0.040510 -1.011875
v -0.218970 0.040787 -1.018792
v -0.289263 0.080333 -0.996726
v -0.474592 -0.187375 -0.864195
v -0.487289 -0.039223 -0.884515
v -0.482844 -0.113513 -0.877379
v -0.417565 -0.154332 -0.912976
v -0.355382 -0.118807 -0.952342
v -0.361804 0.040462 -0.971025
v -0.359942 -0.040254 -0.966028
v -0.428561 0.000000 -0.932509
v 0.116010 0.543916 -0.858111
v 0.071813 0.500260 -0.894308
v 0.205161 0.628451 -0.781626
v 0.160870 0.587370 -0.821236
v 0.215518 0.457865 -0.906687
v 0.188549 0.523187 -0.864709
v 0.260924 0.501755 -0.869807
v 0.370975 0.747509 -0.571667
v 0.331996 0.723154 -0.627522
v 0.398474 0.617357 -0.731557
v 0.366586 0.672790 -0.681688
v 0.440939 0.648109 -0.679480
v 0.291887 0.696550 -0.682666
v 0.250529 0.665766 -0.733811
v 0.488558 0.342200 -0.870399
v 0.475394 0.418501 -0.851185
v 0.536648 0.382547 -0.826967
v 0.337017 0.477979 -0.871804
v 0.408035 0.450820 -0.866580
v 0.359585 0.408971 -0.908209
v 0.500828 0.528176 -0.771768
v 0.455400 0.490698 -0.820693
v 0.429030 0.555431 -0.779429
v 0.280059 0.606634 -0.783337
v 0.355140 0.582199 -0.782561
v 0.308750 0.543215 -0.828807
v 0.591513 0.766398 -0.040022
v 0.573293 0.777402 -0.105362
v 0.653102 0.698178 -0.183717
v 0.614415 0.738373 -0.145000
v 0.677143 0.695218 -0.119043
v 0.550936 0.782657 -0.171086
v 0.526734 0.784838 -0.236025
v 0.804651 0.528922 -0.344097
v 0.767476 0.572428 -0.303607
v 0.819152 0.523267 -0.271766
v 0.646555 0.658529 -0.359595
v 0.708612 0.617124 -0.332698
v 0.687597 0.619614 -0.403097
v 0.749959 0.611467 -0.195577
v 0.728640 0.613799 -0.263099
v 0.691132 0.654759 -0.224100
v 0.446464 0.780499 -0.437008
v 0.414239 0.769684 -0.500727
v 0.501160 0.785676 -0.304483
v 0.475324 0.785331 -0.370705
v 0.560950 0.704516 -0.458331
v 0.518416 0.745250 -0.414574
v 0.584041 0.704445 -0.388727
v 0.629496 0.698671 -0.250415
v 0.606792 0.701042 -0.318943
v 0.567407 0.744105 -0.277891
v 0.847394 0.038035 -0.563560
v 0.854617 0.099556 -0.543059
v 0.893445 0.061820 -0.501030
v 0.779450 0.176290 -0.628272
v 0.815581 0.137663 -0.584787
v 0.769204 0.113209 -0.645574
v 0.901957 0.184738 -0.456618
v 0.861405 0.161848 -0.522495
v 0.864122 0.223363 -0.499725
v 0.602557 0.336934 -0.789876
v 0.652895 0.297641 -0.754279
v 0.599744 0.267730 -0.809007
v 0.745579 0.349937 -0.630767
v 0.701834 0.325214 -0.694410
v 0.698315 0.390479 -0.667743
v 0.689374 0.189521 -0.728559
v 0.699185 0.257598 -0.715193
v 0.740484 0.217838 -0.673504
v 0.867536 0.419595 -0.341929
v 0.848101 0.408153 -0.418030
v 0.834608 0.466691 -0.387049
v 0.859765 0.286390 -0.472560
v 0.855349 0.347038 -0.446093
v 0.888121 0.302993 -0.400927
v 0.777391 0.434697 -0.533358
v 0.820020 0.392087 -0.491525
v 0.785461 0.372546 -0.561132
v 0.788024 0.242765 -0.611793
v 0.789591 0.308766 -0.588901
v 0.826689 0.265363 -0.543185
v 0.452559 0.726470 -0.558470
v 0.600457 0.658524 -0.513917
v 0.530902 0.697403 -0.539761
v 0.490176 0.678266 -0.614846
v 0.523157 0.622418 -0.664774
v 0.788489 0.520998 -0.423252
v 0.726465 0.487297 -0.570782
v 0.762529 0.507262 -0.500186
v 0.731180 0.569703 -0.455325
v 0.667815 0.613065 -0.483672
v 0.593718 0.414574 -0.774258
v 0.554309 0.558067 -0.712062
v 0.578372 0.490190 -0.749163
v 0.641957 0.440998 -0.709949
v 0.683872 0.463743 -0.641903
v 0.639333 0.603817 -0.565675
v 0.668148 0.538013 -0.609593
v 0.600497 0.584812 -0.642593
v 0.618092 -0.800835 0.041820
v 0.596971 -0.809511 0.109714
v 0.547779 -0.841696 0.067757
v 0.679766 -0.726683 0.191217
v 0.641740 -0.771212 0.151449
v 0.707821 -0.726716 0.124436
v 0.503955 -0.857768 0.204401
v 0.574332 -0.815894 0.178351
v 0.549844 -0.819273 0.246381
v 0.779877 -0.512638 0.333503
v 0.759156 -0.566223 0.300316
v 0.806579 -0.515236 0.267595
v 0.650354 -0.662398 0.361708
v 0.706121 -0.614955 0.331528
v 0.673823 -0.607201 0.395022
v 0.765614 -0.624231 0.199659
v 0.735721 -0.619765 0.265656
v 0.710130 -0.672758 0.230260
v 0.374719 -0.819223 0.460985
v 0.447813 -0.782857 0.438328
v 0.410848 -0.763382 0.496628
v 0.519086 -0.813780 0.315375
v 0.484473 -0.800446 0.377840
v 0.443634 -0.846790 0.336107
v 0.549519 -0.690159 0.448991
v 0.520510 -0.748261 0.416249
v 0.588863 -0.710261 0.391937
v 0.651522 -0.723118 0.259178
v 0.622777 -0.719510 0.327345
v 0.589685 -0.773321 0.288802
v 0.834127 -0.037440 0.554737
v 0.837765 -0.097593 0.532351
v 0.873763 -0.060458 0.489992
v 0.754752 -0.170704 0.608364
v 0.797079 -0.134540 0.571521
v 0.754726 -0.111078 0.633422
v 0.865741 -0.177321 0.438283
v 0.835570 -0.156994 0.506824
v 0.827571 -0.213915 0.478587
v 0.560731 -0.313546 0.735047
v 0.612578 -0.279261 0.707702
v 0.565131 -0.252278 0.762316
v 0.695815 -0.326581 0.588667
v 0.655643 -0.303810 0.648707
v 0.649580 -0.363228 0.621142
v 0.668459 -0.183771 0.706455
v 0.662090 -0.243932 0.677249
v 0.708488 -0.208425 0.644402
v 0.829975 -0.401428 0.327124
v 0.803660 -0.386765 0.396125
v 0.797923 -0.446178 0.370037
v 0.816865 -0.272100 0.448981
v 0.808856 -0.328175 0.421845
v 0.843866 -0.287895 0.380949
v 0.729805 -0.408088 0.500709
v 0.772448 -0.369341 0.463010
v 0.736957 -0.349541 0.526482
v 0.748135 -0.230476 0.580825
v 0.741844 -0.290094 0.553290
v 0.786361 -0.252418 0.516687
v 0.044030 -0.560743 0.845270
v 0.114118 -0.535047 0.844119
v 0.070783 -0.493087 0.881486
v 0.198463 -0.607934 0.756108
v 0.157157 -0.573815 0.802284
v 0.130136 -0.637854 0.761912
v 0.204752 -0.434993 0.861396
v 0.182023 -0.505077 0.834776
v 0.246751 -0.474501 0.822561
v 0.364850 -0.735166 0.562228
v 0.324493 -0.706812 0.613340
v 0.296340 -0.769670 0.572013
v 0.372932 -0.577785 0.684665
v 0.348834 -0.640211 0.648678
v 0.411557 -0.604922 0.634202
v 0.213374 -0.705030 0.668783
v 0.282970 -0.675271 0.661810
v 0.241520 -0.641826 0.707425
v 0.453594 -0.317710 0.808109
v 0.436518 -0.384277 0.781577
v 0.495011 -0.352866 0.762805
v 0.312853 -0.443709 0.809297
v 0.375590 -0.414973 0.797673
v 0.333543 -0.379353 0.842436
v 0.457339 -0.482313 0.704753
v 0.416389 -0.448663 0.750389
v 0.395850 -0.512476 0.719151
v 0.266162 -0.576531 0.744465
v 0.331619 -0.543639 0.730731
v 0.289442 -0.509244 0.776977
v 0.752939 -0.497508 0.404169
v 0.676262 -0.453622 0.531338
v 0.716983 -0.476963 0.470310
v 0.697601 -0.543540 0.434415
v 0.636108 -0.583957 0.460708
v 0.544634 -0.380300 0.710248
v 0.505435 -0.508861 0.649278
v 0.526120 -0.445905 0.681481
v 0.590881 -0.405911 0.653463
v 0.633055 -0.429284 0.594205
v 0.433798 -0.696353 0.535317
v 0.568035 -0.622966 0.486167
v 0.501556 -0.658853 0.509925
v 0.455698 -0.630558 0.571599
v 0.480243 -0.571361 0.610243
v 0.613742 -0.494204 0.559955
v 0.547876 -0.533565 0.586283
v 0.590669 -0.557856 0.522617
v 0.481792 -0.873963 0.067810
v 0.500861 -0.861213 0.000000
v 0.435855 -0.889621 0.205186
v 0.460500 -0.884653 0.136804
v 0.360140 -0.903899 0.000000
v 0.410505 -0.897012 0.067585
v 0.337108 -0.911026 0.066934
v 0.302769 -0.850281 0.466562
v 0.338908 -0.866819 0.404860
v 0.252751 -0.920847 0.273538
v 0.296990 -0.899399 0.340647
v 0.219771 -0.913095 0.338663
v 0.372788 -0.877827 0.340021
v 0.404757 -0.886153 0.274752
v 0.073756 -0.962833 0.000000
v 0.117517 -0.955173 0.067638
v 0.044026 -0.962711 0.067843
v 0.261987 -0.926427 0.067155
v 0.190775 -0.943284 0.067381
v 0.218261 -0.937565 0.000000
v 0.132056 -0.946617 0.203496
v 0.162384 -0.949504 0.135985
v 0.207252 -0.939805 0.204132
v 0.360307 -0.909804 0.205913
v 0.282935 -0.924351 0.205117
v 0.311041 -0.919996 0.135450
v -0.044372 -0.565092 0.851826
v 0.000000 -0.607183 0.813760
v -0.087966 -0.692061 0.737165
v -0.044218 -0.650559 0.776505
v -0.131301 -0.643561 0.768728
v 0.044053 -0.648130 0.773606
v 0.087251 -0.686435 0.731172
v -0.255055 -0.817646 0.531930
v -0.215525 -0.792259 0.587370
v -0.297175 -0.771839 0.573624
v -0.044862 -0.815792 0.603412
v -0.130827 -0.807322 0.597612
v -0.086477 -0.845671 0.550161
v -0.215333 -0.711504 0.674924
v -0.174213 -0.762209 0.639764
v -0.132404 -0.730362 0.689679
v 0.214114 -0.787071 0.583524
v 0.255105 -0.817809 0.532035
v 0.130986 -0.722535 0.682288
v 0.172650 -0.755373 0.634026
v 0.086211 -0.843072 0.548471
v 0.129832 -0.801178 0.593064
v 0.044731 -0.813420 0.601657
v -0.044695 -0.739132 0.698510
v 0.000000 -0.779519 0.652310
v 0.044461 -0.735263 0.694854
v -0.492231 -0.846375 0.000000
v -0.472934 -0.857896 0.066563
v -0.534892 -0.821894 0.066163
v -0.340361 -0.919817 0.067580
v -0.407175 -0.889736 0.067037
v -0.363257 -0.911721 0.000000
v -0.492764 -0.838720 0.199862
v -0.450332 -0.865121 0.133784
v -0.425872 -0.869244 0.200486
v -0.044289 -0.968455 0.068248
v -0.118888 -0.966317 0.068427
v -0.074711 -0.975298 0.000000
v -0.207797 -0.942279 0.204669
v -0.163104 -0.953716 0.136588
v -0.132265 -0.948117 0.203818
v -0.222834 -0.957207 0.000000
v -0.193894 -0.958705 0.068483
v -0.267163 -0.944728 0.068482
v -0.370390 -0.809760 0.455660
v -0.333649 -0.853369 0.398577
v -0.298825 -0.839205 0.460485
v -0.396746 -0.868615 0.269314
v -0.366645 -0.863364 0.334419
v -0.437003 -0.834135 0.331084
v -0.221013 -0.918258 0.340578
v -0.295120 -0.893737 0.338502
v -0.253756 -0.924506 0.274625
v -0.312289 -0.923689 0.135994
v -0.283279 -0.925476 0.205366
v -0.355780 -0.898372 0.203326
v 0.218255 -0.865210 0.476340
v 0.045410 -0.880171 0.486111
v 0.131580 -0.874155 0.482275
v 0.176832 -0.899131 0.412263
v 0.133573 -0.920291 0.344282
v -0.217517 -0.862284 0.474729
v -0.134759 -0.928466 0.347340
v -0.177554 -0.902802 0.413946
v -0.131980 -0.876809 0.483740
v -0.045480 -0.881528 0.486861
v 0.000000 -0.955435 0.135501
v 0.087887 -0.937265 0.272688
v 0.044038 -0.945470 0.203721
v -0.044142 -0.947702 0.204202
v -0.088295 -0.941615 0.273954
v 0.000000 -0.908880 0.418749
v -0.045074 -0.929748 0.347293
v 0.044924 -0.926657 0.346138
v 0.475519 -0.862584 -0.066927
v 0.543060 -0.834445 -0.067174
v 0.335644 -0.907069 -0.066643
v 0.405813 -0.886761 -0.066812
v 0.485675 -0.826655 -0.196987
v 0.446907 -0.858541 -0.132766
v 0.417928 -0.853030 -0.196746
v 0.044076 -0.963810 -0.067921
v 0.117500 -0.955038 -0.067628
v 0.203024 -0.920633 -0.199967
v 0.161040 -0.941647 -0.134859
v 0.130415 -0.934853 -0.200967
v 0.190890 -0.943851 -0.067422
v 0.262058 -0.926679 -0.067173
v 0.364124 -0.796060 -0.447951
v 0.324967 -0.831163 -0.388206
v 0.291474 -0.818561 -0.449157
v 0.386834 -0.846915 -0.262586
v 0.356912 -0.840444 -0.325541
v 0.426734 -0.814533 -0.323304
v 0.212941 -0.884718 -0.328138
v 0.285048 -0.863233 -0.326949
v 0.245313 -0.893748 -0.265488
v 0.306756 -0.907322 -0.133584
v 0.276123 -0.902096 -0.200178
v 0.347924 -0.878535 -0.198836
v -0.530436 -0.815047 -0.065612
v -0.470064 -0.852691 -0.066159
v -0.421763 -0.860858 -0.198552
v -0.446428 -0.857620 -0.132624
v -0.483119 -0.822304 -0.195950
v -0.406556 -0.888385 -0.066935
v -0.340157 -0.919267 -0.067540
v -0.289663 -0.813476 -0.446367
v -0.326064 -0.833968 -0.389516
v -0.362453 -0.792407 -0.445895
v -0.250365 -0.912154 -0.270956
v -0.288640 -0.874113 -0.331070
v -0.214335 -0.890511 -0.330287
v -0.430287 -0.821316 -0.325996
v -0.361682 -0.851676 -0.329892
v -0.393221 -0.860896 -0.266921
v -0.119440 -0.970801 -0.068744
v -0.044477 -0.972567 -0.068538
v -0.266919 -0.943866 -0.068419
v -0.194290 -0.960662 -0.068623
v -0.132354 -0.948754 -0.203955
v -0.163874 -0.958214 -0.137232
v -0.207272 -0.939897 -0.204152
v -0.355146 -0.896772 -0.202964
v -0.282609 -0.923287 -0.204880
v -0.312459 -0.924192 -0.136068
v 0.043267 -0.551023 -0.830619
v 0.000000 -0.595971 -0.798734
v -0.043482 -0.553769 -0.834758
v 0.084662 -0.666063 -0.709472
v 0.042938 -0.631715 -0.754014
v 0.127538 -0.625119 -0.746699
v -0.128560 -0.630129 -0.752683
v -0.043171 -0.635144 -0.758106
v -0.085013 -0.668829 -0.712418
v 0.248553 -0.796802 -0.518369
v 0.210286 -0.773001 -0.573092
v 0.292621 -0.760011 -0.564834
v 0.042953 -0.781078 -0.577735
v 0.126554 -0.780950 -0.578090
v 0.083551 -0.817058 -0.531547
v 0.212637 -0.702594 -0.666472
v 0.169967 -0.743634 -0.624173
v 0.128140 -0.706842 -0.667469
v -0.287113 -0.745706 -0.554202
v -0.207824 -0.763948 -0.566381
v -0.245317 -0.786429 -0.511621
v -0.127557 -0.703626 -0.664432
v -0.168360 -0.736603 -0.618271
v -0.209370 -0.691798 -0.656231
v -0.082943 -0.811116 -0.527681
v -0.125861 -0.776678 -0.574928
v -0.042922 -0.780514 -0.577318
v 0.042667 -0.705588 -0.666809
v 0.000000 -0.743332 -0.622028
v -0.042722 -0.706509 -0.667680
v 0.000000 -0.960126 -0.136166
v -0.087380 -0.931863 -0.271116
v -0.044315 -0.951414 -0.205001
v 0.044068 -0.946105 -0.203858
v 0.087001 -0.927820 -0.269940
v -0.208073 -0.824848 -0.454119
v -0.043768 -0.848345 -0.468534
v -0.126017 -0.837194 -0.461884
v -0.169707 -0.862904 -0.395653
v -0.130683 -0.900379 -0.336833
v 0.210729 -0.835377 -0.459916
v 0.131029 -0.902764 -0.337725
v 0.171373 -0.871375 -0.399536
v 0.127872 -0.849522 -0.468686
v 0.044042 -0.853651 -0.471465
v -0.044071 -0.909050 -0.339561
v 0.000000 -0.882758 -0.406714
v 0.044156 -0.910813 -0.340220
v 0.591102 -0.801553 -0.108635
v 0.616564 -0.798856 -0.041717
v 0.531174 -0.791454 -0.238015
v 0.562147 -0.798583 -0.174567
v 0.700627 -0.719329 -0.123171
v 0.633492 -0.761299 -0.149502
v 0.671053 -0.717368 -0.188766
v 0.408729 -0.759445 -0.494066
v 0.440708 -0.770436 -0.431374
v 0.582647 -0.702765 -0.387800
v 0.513183 -0.737728 -0.410390
v 0.553337 -0.694954 -0.452110
v 0.471579 -0.779143 -0.367784
v 0.500436 -0.784541 -0.304043
v 0.804458 -0.513881 -0.266891
v 0.757131 -0.564712 -0.299515
v 0.782652 -0.514462 -0.334689
v 0.706333 -0.669160 -0.229029
v 0.732931 -0.617414 -0.264649
v 0.762284 -0.621516 -0.198791
v 0.677203 -0.610247 -0.397004
v 0.704181 -0.613265 -0.330617
v 0.647931 -0.659930 -0.360360
v 0.572417 -0.750675 -0.280345
v 0.611983 -0.707040 -0.321672
v 0.641100 -0.711550 -0.255032
v 0.069528 -0.484346 -0.865860
v 0.112870 -0.529195 -0.834886
v 0.251090 -0.482844 -0.837024
v 0.182395 -0.506110 -0.836484
v 0.206813 -0.439371 -0.870064
v 0.155883 -0.569163 -0.795780
v 0.198163 -0.607014 -0.754964
v 0.513708 -0.366194 -0.791615
v 0.453914 -0.399592 -0.812726
v 0.469386 -0.328771 -0.836243
v 0.414434 -0.536535 -0.752912
v 0.435722 -0.469495 -0.785230
v 0.477276 -0.503338 -0.735475
v 0.343498 -0.390675 -0.867579
v 0.390318 -0.431246 -0.828953
v 0.322795 -0.457809 -0.835015
v 0.328196 -0.714876 -0.620338
v 0.366825 -0.739146 -0.565271
v 0.243930 -0.648231 -0.714483
v 0.287088 -0.685099 -0.671443
v 0.430933 -0.633401 -0.664061
v 0.361649 -0.663730 -0.672508
v 0.390284 -0.604669 -0.716522
v 0.298176 -0.524610 -0.800421
v 0.345543 -0.566467 -0.761414
v 0.271937 -0.589041 -0.760619
v 0.896686 -0.062044 -0.502847
v 0.868046 -0.101120 -0.551593
v 0.855068 -0.038379 -0.568664
v 0.863737 -0.223263 -0.499503
v 0.870083 -0.163479 -0.527758
v 0.894966 -0.183306 -0.453079
v 0.784004 -0.115387 -0.657995
v 0.834352 -0.140832 -0.598246
v 0.795667 -0.179958 -0.641344
v 0.812409 -0.454278 -0.376754
v 0.831308 -0.400071 -0.409752
v 0.849394 -0.410820 -0.334778
v 0.768612 -0.364555 -0.549095
v 0.804929 -0.384871 -0.482479
v 0.756235 -0.422867 -0.518843
v 0.883135 -0.301292 -0.398677
v 0.846251 -0.343347 -0.441348
v 0.856359 -0.285255 -0.470688
v 0.586625 -0.261873 -0.791310
v 0.640176 -0.291843 -0.739586
v 0.582174 -0.325536 -0.763156
v 0.749656 -0.220536 -0.681847
v 0.698558 -0.257368 -0.714552
v 0.697057 -0.191633 -0.736678
v 0.676813 -0.378456 -0.647183
v 0.689650 -0.319569 -0.682355
v 0.730034 -0.342642 -0.617617
v 0.826086 -0.265170 -0.542788
v 0.780354 -0.305154 -0.582013
v 0.792562 -0.244163 -0.615317
v 0.444524 -0.713570 -0.548553
v 0.502692 -0.598070 -0.638769
v 0.476241 -0.658983 -0.597366
v 0.517856 -0.680266 -0.526498
v 0.586152 -0.642836 -0.501673
v 0.565176 -0.394643 -0.737036
v 0.656290 -0.445039 -0.616014
v 0.612589 -0.420824 -0.677470
v 0.546207 -0.462929 -0.707500
v 0.525978 -0.529543 -0.675668
v 0.762699 -0.503956 -0.409408
v 0.650456 -0.597129 -0.471100
v 0.706997 -0.550861 -0.440266
v 0.734056 -0.488321 -0.481509
v 0.699050 -0.468907 -0.549241
v 0.570740 -0.555832 -0.610750
v 0.636474 -0.512508 -0.580695
v 0.613627 -0.579538 -0.542930
v 0.668562 -0.770152 0.000000
v 0.751123 -0.687684 -0.082267
v 0.713955 -0.732465 -0.041815
v 0.715419 -0.733966 0.041901
v 0.752917 -0.689327 0.082464
v 0.844822 -0.472402 -0.227080
v 0.825755 -0.526204 -0.193565
v 0.852054 -0.541701 -0.040375
v 0.842193 -0.535848 -0.117600
v 0.871863 -0.487523 -0.076823
v 0.805061 -0.580808 -0.158555
v 0.781689 -0.634455 -0.122108
v 0.827406 -0.527255 0.193952
v 0.842830 -0.471288 0.226544
v 0.785132 -0.637249 0.122646
v 0.808541 -0.583319 0.159240
v 0.872859 -0.488080 0.076911
v 0.845304 -0.537828 0.118035
v 0.853643 -0.542711 0.040450
v 0.793439 -0.644499 -0.041342
v 0.826726 -0.594630 0.000000
v 0.792840 -0.644013 0.041311
v 0.921521 0.000000 -0.461803
v 0.927414 -0.061849 -0.440539
v 0.985175 -0.062214 -0.314121
v 0.959095 -0.062111 -0.378204
v 0.980510 0.000000 -0.336627
v 0.928498 -0.123414 -0.416468
v 0.925643 -0.183503 -0.390774
v 1.023851 -0.062016 -0.040346
v 1.022451 -0.062231 -0.108394
v 1.019608 0.000000 -0.067301
v 0.996853 -0.186106 -0.189425
v 1.015625 -0.125021 -0.149667
v 1.003599 -0.185438 -0.120639
v 1.009293 0.000000 -0.202459
v 1.016385 -0.062404 -0.177126
v 1.004916 -0.062612 -0.244875
v 0.891196 -0.357773 -0.300242
v 0.870107 -0.410372 -0.266972
v 0.920961 -0.245432 -0.362470
v 0.909435 -0.302779 -0.332789
v 0.945555 -0.301437 -0.196104
v 0.932493 -0.303568 -0.265326
v 0.967124 -0.246928 -0.228735
v 0.986494 -0.124838 -0.287389
v 0.981755 -0.187251 -0.258939
v 0.956593 -0.186089 -0.326435
v 0.903797 -0.060274 0.429321
v 0.899943 0.000000 0.450989
v 0.896651 -0.177756 0.378535
v 0.901795 -0.119865 0.404491
v 0.951498 0.000000 0.326666
v 0.930821 -0.060280 0.367055
v 0.956287 -0.060390 0.304910
v 0.853357 -0.402472 0.261833
v 0.859618 -0.345095 0.289604
v 0.936608 -0.239137 0.221518
v 0.896149 -0.291736 0.254985
v 0.917968 -0.292642 0.190382
v 0.871368 -0.290106 0.318859
v 0.885444 -0.235967 0.348491
v 1.018871 0.000000 0.067253
v 1.010319 -0.061493 0.107108
v 1.019555 -0.061756 0.040176
v 0.978799 -0.060985 0.238510
v 0.996685 -0.061194 0.173693
v 0.993223 0.000000 0.199235
v 0.980686 -0.181205 0.117885
v 0.990418 -0.121918 0.145952
v 0.968553 -0.180823 0.184047
v 0.927511 -0.180432 0.316511
v 0.952408 -0.181654 0.251199
v 0.957283 -0.121141 0.278879
v 0.885793 -0.419166 -0.192539
v 0.947928 -0.304805 -0.118553
v 0.919790 -0.362492 -0.155873
v 0.894804 -0.424319 -0.116058
v 0.896554 -0.425601 -0.039857
v 1.012168 -0.123382 0.000000
v 0.968353 -0.242156 0.078242
v 0.993030 -0.183911 0.039856
v 1.002089 -0.185589 -0.040219
v 0.977596 -0.244467 -0.078989
v 0.870564 -0.411959 0.189229
v 0.893803 -0.424295 0.039735
v 0.884704 -0.419530 0.114748
v 0.898799 -0.354219 0.152316
v 0.933251 -0.300086 0.116718
v 0.945963 -0.303712 -0.039517
v 0.943208 -0.302828 0.039402
v 0.916462 -0.362927 0.000000
v 0.070384 -0.430910 0.909416
v 0.204522 -0.374352 0.888966
v 0.138515 -0.401766 0.897964
v 0.070063 -0.366695 0.932240
v 0.069816 -0.302984 0.952630
v 0.456917 -0.255496 0.834790
v 0.397920 -0.287024 0.854097
v 0.272773 -0.217181 0.920573
v 0.336630 -0.252892 0.891022
v 0.334587 -0.187092 0.904366
v 0.336017 -0.317440 0.869664
v 0.272240 -0.345582 0.880252
v 0.071086 -0.106424 1.006386
v 0.071209 -0.039818 1.013003
v 0.070341 -0.236456 0.972802
v 0.070672 -0.172414 0.991828
v 0.207332 -0.115934 0.966876
v 0.140083 -0.144140 0.980570
v 0.206194 -0.180389 0.951681
v 0.206375 -0.311165 0.914130
v 0.207082 -0.246136 0.935548
v 0.138857 -0.274758 0.945498
v 0.804840 0.000000 0.602032
v 0.740559 0.076148 0.696990
v 0.775118 0.038034 0.651025
v 0.764528 -0.037514 0.642130
v 0.724131 -0.074458 0.681529
v 0.533561 0.220449 0.822210
v 0.587916 0.185886 0.794983
v 0.599869 0.038429 0.813034
v 0.596508 0.112523 0.807850
v 0.549809 0.074467 0.847247
v 0.642550 0.150769 0.767447
v 0.694037 0.114811 0.736819
v 0.579481 -0.183219 0.783577
v 0.524311 -0.216628 0.807956
v 0.679391 -0.112388 0.721270
v 0.632572 -0.148428 0.755530
v 0.542520 -0.073480 0.836015
v 0.589803 -0.111258 0.798769
v 0.596687 -0.038225 0.808723
v 0.694263 0.038279 0.736479
v 0.646262 0.000000 0.774227
v 0.687795 -0.037922 0.729618
v 0.069981 0.428442 0.904207
v 0.070390 0.305474 0.960458
v 0.070194 0.367381 0.933983
v 0.139908 0.405805 0.906991
v 0.209421 0.383318 0.910258
v 0.071240 0.039836 1.013448
v 0.071521 0.107075 1.012539
v 0.212201 0.185644 0.979403
v 0.143222 0.147370 1.002547
v 0.211915 0.118497 0.988251
v 0.071656 0.174816 1.005644
v 0.071404 0.240033 0.987516
v 0.409226 0.295179 0.878363
v 0.467499 0.261413 0.854123
v 0.281270 0.357044 0.909449
v 0.347403 0.328197 0.899133
v 0.345089 0.192964 0.932751
v 0.346860 0.260577 0.918098
v 0.281346 0.224007 0.949506
v 0.141254 0.279501 0.961819
v 0.212527 0.252606 0.960144
v 0.211174 0.318400 0.935385
v 0.467290 -0.184492 0.850898
v 0.480938 -0.038712 0.872987
v 0.474413 -0.111531 0.862060
v 0.404598 -0.149539 0.884626
v 0.341478 -0.114159 0.915083
v 0.478914 0.189081 0.872065
v 0.350944 0.117324 0.940450
v 0.417621 0.154353 0.913100
v 0.486472 0.114366 0.883972
v 0.486901 0.039192 0.883811
v 0.141841 0.000000 1.002651
v 0.276409 -0.076764 0.952436
v 0.210823 -0.039270 0.980883
v 0.212549 0.039591 0.988917
v 0.280550 0.077914 0.966704
v 0.417144 0.000000 0.907665
v 0.350285 0.039174 0.940109
v 0.346284 -0.038727 0.929371
v -0.582746 -0.790221 0.107099
v -0.539706 -0.804167 0.241838
v -0.563096 -0.799932 0.174862
v -0.628709 -0.755552 0.148374
v -0.673171 -0.719633 0.189362
v -0.411827 -0.765203 0.497812
v -0.448090 -0.783341 0.438599
v -0.589245 -0.710723 0.392191
v -0.522215 -0.750713 0.417613
v -0.557095 -0.699674 0.455181
v -0.482102 -0.796530 0.375992
v -0.512058 -0.802762 0.311105
v -0.773170 -0.576675 0.305860
v -0.792884 -0.521188 0.339065
v -0.716448 -0.678743 0.232309
v -0.749103 -0.631037 0.270488
v -0.687069 -0.619138 0.402787
v -0.720760 -0.627703 0.338401
v -0.657740 -0.669921 0.365816
v -0.581484 -0.762566 0.284786
v -0.620425 -0.716793 0.326109
v -0.648649 -0.719929 0.258035
v -0.116291 -0.545236 0.860193
v -0.255877 -0.492050 0.852983
v -0.187147 -0.519295 0.858275
v -0.159712 -0.583142 0.815325
v -0.201450 -0.617084 0.767488
v -0.510547 -0.363941 0.786745
v -0.452887 -0.398687 0.810886
v -0.414043 -0.536029 0.752203
v -0.435297 -0.469036 0.784464
v -0.478092 -0.504199 0.736733
v -0.391625 -0.432690 0.831730
v -0.326741 -0.463406 0.845223
v -0.328214 -0.714916 0.620373
v -0.367516 -0.740540 0.566337
v -0.245177 -0.651546 0.718137
v -0.286758 -0.684311 0.670670
v -0.426555 -0.626967 0.657315
v -0.357743 -0.656562 0.665245
v -0.386176 -0.598305 0.708980
v -0.300849 -0.529314 0.807598
v -0.344156 -0.564192 0.758357
v -0.272904 -0.591136 0.763325
v -0.866100 -0.100894 0.550356
v -0.867950 -0.224352 0.501939
v -0.867991 -0.163086 0.526489
v -0.829186 -0.139960 0.594542
v -0.785660 -0.177695 0.633278
v -0.812456 -0.454304 0.376776
v -0.830329 -0.399600 0.409270
v -0.765818 -0.363229 0.547099
v -0.800677 -0.382838 0.479930
v -0.752480 -0.420767 0.516266
v -0.847124 -0.343701 0.441803
v -0.859899 -0.286434 0.472634
v -0.631213 -0.287756 0.729230
v -0.576611 -0.322426 0.755863
v -0.734769 -0.216157 0.668306
v -0.684430 -0.252162 0.700100
v -0.672759 -0.376189 0.643306
v -0.678365 -0.314339 0.671189
v -0.722509 -0.339110 0.611250
v -0.825429 -0.264959 0.542357
v -0.775026 -0.303070 0.578038
v -0.780958 -0.240588 0.606307
v -0.443216 -0.711471 0.546939
v -0.499295 -0.594028 0.634453
v -0.472506 -0.653815 0.592682
v -0.516352 -0.678289 0.524968
v -0.583200 -0.639598 0.499147
v -0.559209 -0.390477 0.729255
v -0.658223 -0.446350 0.617828
v -0.611749 -0.420246 0.676541
v -0.546471 -0.463153 0.707842
v -0.527053 -0.530626 0.677050
v -0.763307 -0.504358 0.409734
v -0.650280 -0.596967 0.470972
v -0.710224 -0.553375 0.442275
v -0.731233 -0.486443 0.479658
v -0.698312 -0.468412 0.548662
v -0.570029 -0.555140 0.609989
v -0.637215 -0.513105 0.581371
v -0.610649 -0.576726 0.540296
v -0.113958 -0.534298 -0.842937
v -0.197935 -0.606316 -0.754096
v -0.157135 -0.573734 -0.802170
v -0.184066 -0.510747 -0.844148
v -0.253142 -0.486791 -0.843866
v -0.356578 -0.718500 -0.549482
v -0.318502 -0.693761 -0.602016
v -0.376049 -0.582614 -0.690386
v -0.348468 -0.639539 -0.647997
v -0.413027 -0.607083 -0.636468
v -0.279618 -0.667272 -0.653972
v -0.240094 -0.638035 -0.703246
v -0.442752 -0.389765 -0.792740
v -0.495818 -0.353441 -0.764047
v -0.322818 -0.457841 -0.835074
v -0.385262 -0.425659 -0.818214
v -0.457944 -0.482950 -0.705685
v -0.424200 -0.457079 -0.764465
v -0.401741 -0.520103 -0.729853
v -0.268569 -0.581745 -0.751198
v -0.338124 -0.554304 -0.745066
v -0.296788 -0.522169 -0.796696
v -0.575533 -0.780440 -0.105774
v -0.655603 -0.700852 -0.184420
v -0.618525 -0.743313 -0.145970
v -0.552328 -0.784635 -0.171518
v -0.526683 -0.784763 -0.236002
v -0.779734 -0.512544 -0.333442
v -0.750035 -0.559420 -0.296708
v -0.635042 -0.646802 -0.353192
v -0.693684 -0.604124 -0.325689
v -0.665366 -0.599580 -0.390064
v -0.719911 -0.606446 -0.259947
v -0.689783 -0.653481 -0.223662
v -0.437952 -0.765618 -0.428676
v -0.402115 -0.747156 -0.486071
v -0.499373 -0.782875 -0.303397
v -0.470557 -0.777455 -0.366988
v -0.536292 -0.673546 -0.438184
v -0.504986 -0.725944 -0.403834
v -0.569365 -0.686744 -0.378960
v -0.630471 -0.699753 -0.250803
v -0.601225 -0.694611 -0.316017
v -0.566299 -0.742652 -0.277349
v -0.836493 -0.097445 -0.531542
v -0.750264 -0.169689 -0.604747
v -0.794756 -0.134148 -0.569855
v -0.838966 -0.157632 -0.508884
v -0.842291 -0.217720 -0.487100
v -0.557242 -0.311595 -0.730473
v -0.606996 -0.276717 -0.701254
v -0.699802 -0.328452 -0.592040
v -0.652053 -0.302147 -0.645155
v -0.647528 -0.362081 -0.619180
v -0.655853 -0.241634 -0.670869
v -0.702973 -0.206803 -0.639386
v -0.819186 -0.394237 -0.403777
v -0.805178 -0.450234 -0.373401
v -0.840242 -0.279887 -0.461830
v -0.831753 -0.337465 -0.433787
v -0.737025 -0.412125 -0.505663
v -0.785394 -0.375531 -0.470770
v -0.747444 -0.354515 -0.533973
v -0.749487 -0.230893 -0.581874
v -0.750512 -0.293484 -0.559755
v -0.797423 -0.255969 -0.523955
v -0.429809 -0.689950 -0.530395
v -0.564323 -0.618896 -0.482991
v -0.497818 -0.653943 -0.506125
v -0.456533 -0.631713 -0.572646
v -0.480173 -0.571278 -0.610154
v -0.752887 -0.497473 -0.404141
v -0.678583 -0.455179 -0.533161
v -0.719546 -0.478669 -0.471992
v -0.695450 -0.541864 -0.433075
v -0.634014 -0.582035 -0.459192
v -0.540755 -0.377591 -0.705190
v -0.501697 -0.505099 -0.644478
v -0.521775 -0.442223 -0.675853
v -0.585679 -0.402338 -0.647710
v -0.630705 -0.427690 -0.591999
v -0.592851 -0.559916 -0.524548
v -0.614244 -0.494608 -0.560413
v -0.547398 -0.533100 -0.585772
v 0.813389 0.000000 -0.608427
v 0.741885 -0.076284 -0.698239
v 0.778897 -0.038219 -0.654198
v 0.771800 0.037871 -0.648238
v 0.731704 0.075237 -0.688656
v 0.543444 -0.224532 -0.837439
v 0.600182 -0.189764 -0.811569
v 0.603984 -0.038693 -0.818612
v 0.605534 -0.114225 -0.820075
v 0.553541 -0.074973 -0.852998
v 0.652296 -0.153056 -0.779087
v 0.697726 -0.115421 -0.740736
v 0.603376 0.190774 -0.815888
v 0.552974 0.228470 -0.852124
v 0.688762 0.113938 -0.731219
v 0.647564 0.151946 -0.773435
v 0.552398 0.074818 -0.851237
v 0.602847 0.113719 -0.816436
v 0.601907 0.038560 -0.815797
v 0.695575 -0.038351 -0.737871
v 0.649306 0.000000 -0.777873
v 0.690588 0.038076 -0.732580
v 0.069385 -0.424795 -0.896511
v 0.070351 -0.305307 -0.959934
v 0.069883 -0.365748 -0.929832
v 0.138859 -0.402761 -0.900189
v 0.207588 -0.379963 -0.902291
v 0.072272 -0.040413 -1.028126
v 0.071827 -0.107535 -1.016885
v 0.211813 -0.185304 -0.977613
v 0.142985 -0.147126 -1.000886
v 0.213254 -0.119246 -0.994496
v 0.071380 -0.174142 -1.001765
v 0.071155 -0.239195 -0.984070
v 0.411326 -0.296694 -0.882871
v 0.473066 -0.264526 -0.864295
v 0.278923 -0.354065 -0.901862
v 0.346489 -0.327333 -0.896767
v 0.347494 -0.194309 -0.939252
v 0.348327 -0.261679 -0.921981
v 0.281545 -0.224166 -0.950179
v 0.140820 -0.278642 -0.958866
v 0.211834 -0.251783 -0.957015
v 0.210344 -0.317149 -0.931709
v 0.071914 0.440275 -0.929181
v 0.216538 0.396346 -0.941194
v 0.144206 0.418270 -0.934851
v 0.072084 0.377268 -0.959120
v 0.072264 0.313610 -0.986039
v 0.486277 0.271913 -0.888432
v 0.426022 0.307295 -0.914415
v 0.289749 0.230697 -0.977865
v 0.358706 0.269477 -0.949455
v 0.353555 0.197699 -0.955635
v 0.361086 0.341124 -0.934548
v 0.291474 0.369997 -0.942443
v 0.072666 0.108791 -1.028763
v 0.072571 0.040580 -1.032378
v 0.072917 0.245117 -1.008432
v 0.072795 0.177595 -1.021631
v 0.215433 0.120464 -1.004656
v 0.145132 0.149335 -1.015917
v 0.216647 0.189533 -0.999923
v 0.218783 0.329873 -0.969090
v 0.219002 0.260303 -0.989399
v 0.145549 0.287999 -0.991063
v 0.484997 -0.191483 -0.883142
v 0.354331 -0.118456 -0.949526
v 0.420145 -0.155285 -0.918617
v 0.488901 -0.114937 -0.888385
v 0.488841 -0.039348 -0.887332
v 0.144918 0.000000 -1.024398
v 0.287010 0.079708 -0.988964
v 0.217188 0.040455 -1.010497
v 0.216666 -0.040358 -1.008071
v 0.285458 -0.079277 -0.983615
v 0.490188 0.193532 -0.892594
v 0.488491 0.039320 -0.886696
v 0.490183 0.115239 -0.890715
v 0.423397 0.156487 -0.925729
v 0.357129 0.119392 -0.957025
v 0.357077 -0.039934 -0.958338
v 0.357322 0.039961 -0.958995
v 0.423683 0.000000 -0.921895
v 0.909307 0.060641 0.431938
v 0.960571 0.060660 0.306276
v 0.935833 0.060605 0.369031
v 0.917616 0.121968 0.411588
v 0.919103 0.182207 0.388013
v 1.012054 0.061302 0.039881
v 1.006245 0.061245 0.106676
v 0.977209 0.182439 0.185692
v 0.992326 0.122153 0.146233
v 0.984163 0.181847 0.118303
v 0.996304 0.061171 0.173627
v 0.981735 0.061167 0.239226
v 0.883231 0.354575 0.297559
v 0.870045 0.410343 0.266953
v 0.909968 0.242502 0.358143
v 0.895944 0.298288 0.327852
v 0.936913 0.298682 0.194311
v 0.917429 0.298663 0.261040
v 0.952331 0.243151 0.225237
v 0.966234 0.122274 0.281487
v 0.963410 0.183752 0.254101
v 0.942683 0.183384 0.321689
v 0.930547 0.062058 -0.442027
v 0.932960 0.184954 -0.393863
v 0.934291 0.124184 -0.419067
v 0.961405 0.062261 -0.379115
v 0.983412 0.062103 -0.313559
v 0.884235 0.417035 -0.271307
v 0.899606 0.361149 -0.303076
v 0.963503 0.246003 -0.227879
v 0.930360 0.302873 -0.264719
v 0.944860 0.301216 -0.195959
v 0.911739 0.303547 -0.333632
v 0.923088 0.245999 -0.363307
v 1.010586 0.061509 -0.107136
v 1.011716 0.061281 -0.039867
v 0.999662 0.062284 -0.243594
v 1.008072 0.061894 -0.175677
v 0.993232 0.183523 -0.119393
v 1.004974 0.123710 -0.148097
v 0.991598 0.185125 -0.188426
v 0.957606 0.186287 -0.326781
v 0.978613 0.186652 -0.258111
v 0.983460 0.124454 -0.286506
v 0.636868 0.733643 0.000000
v 0.722970 0.661909 0.079184
v 0.682918 0.700622 0.039997
v 0.684503 0.702248 -0.040090
v 0.725647 0.664360 -0.079477
v 0.845107 0.472562 0.227156
v 0.817987 0.521254 0.191744
v 0.835997 0.531493 0.039614
v 0.827063 0.526222 0.115487
v 0.858077 0.479814 0.075608
v 0.789395 0.569506 0.155470
v 0.758804 0.615880 0.118533
v 0.828485 0.527943 -0.194205
v 0.857631 0.479564 -0.230523
v 0.762725 0.619063 -0.119145
v 0.797100 0.575065 -0.156987
v 0.872777 0.488034 -0.076904
v 0.838423 0.533450 -0.117074
v 0.842806 0.535821 -0.039936
v 0.768650 0.624363 0.040051
v 0.809394 0.582164 0.000000
v 0.771443 0.626632 -0.040196
v 1.000890 0.122007 0.000000
v 0.975283 0.243889 -0.078802
v 0.989650 0.183285 -0.039720
v 0.988317 0.183038 0.039666
v 0.972992 0.243316 0.078617
v 0.895510 0.423764 -0.194651
v 0.904002 0.429137 -0.040188
v 0.903407 0.428398 -0.117174
v 0.926109 0.364982 -0.156944
v 0.951685 0.306013 -0.119023
v 0.881580 0.417172 0.191623
v 0.946403 0.304315 0.118362
v 0.915416 0.360768 0.155132
v 0.887867 0.421030 0.115158
v 0.894270 0.424517 0.039755
v 0.953865 0.306249 -0.039847
v 0.927801 0.367417 0.000000
v 0.950711 0.305237 0.039715
f 1 643 645
f 163 644 643
f 165 645 644
f 643 644 645
f 43 646 648
f 164 647 646
f 163 648 647
f 646 647 648
f 45 649 651
f 165 650 649
f 164 651 650
f 649 650 651
f 163 647 644
f 164 650 647
f 165 644 650
f 647 650 644
f 13 652 654
f 166 653 652
f 168 654 653
f 652 653 654
f 44 655 657
f 167 656 655
f 166 657 656
f 655 656 657
f 43 658 660
f 168 659 658
f 167 660 659
f 658 659 660
f 166 656 653
f 167 659 656
f 168 653 659
f 656 659 653
f 15 661 663
f 169 662 661
f 171 663 662
f 661 662 663
f 45 664 666
f 170 665 664
f 169 666 665
f 664 665 666
f 44 667 669
f 171 668 667
f 170 669 668
f 667 668 669
f 169 665 662
f 170 668 665
f 171 662 668
f 665 668 662
f 43 660 646
f 167 670 660
f 164 646 670
f 660 670 646
f 44 669 655
f 170 671 669
f 167 655 671
f 669 671 655
f 45 651 664
f 164 672 651
f 170 664 672
f 651 672 664
f 167 671 670
f 170 672 671
f 164 670 672
f 671 672 670
f 12 673 675
f 172 674 673
f 174 675 674
f 673 674 675
f 46 676 678
f 173 677 676
f 172 678 677
f 676 677 678
f 48 679 681
f 174 680 679
f 173 681 680
f 679 680 681
f 172 677 674
f 173 680 677
f 174 674 680
f 677 680 674
f 14 682 684
f 175 683 682
f 177 684 683
f 682 683 684
f 47 685 687
f 176 686 685
f 175 687 686
f 685 686 687
f 46 688 690
f 177 689 688
f 176 690 689
f 688 689 690
f 175 686 683
f 176 689 686
f 177 683 689
f 686 689 683
f 13 691 693
f 178 692 691
f 180 693 692
f 691 692 693
f 48 694 696
f 179 695 694
f 178 696 695
f 694 695 696
f 47 697 699
f 180 698 697
f 179 699 698
f 697 698 699
f 178 695 692
f 179 698 695
f 180 692 698
f 695 698 692
f 46 690 676
f 176 700 690
f 173 676 700
f 690 700 676
f 47 699 685
f 179 701 699
f 176 685 701
f 699 701 685
f 48 681 694
f 173 702 681
f 179 694 702
f 681 702 694
f 176 701 700
f 179 702 701
f 173 700 702
f 701 702 700
f 6 703 705
f 181 704 703
f 183 705 704
f 703 704 705
f 49 706 708
f 182 707 706
f 181 708 707
f 706 707 708
f 51 709 711
f 183 710 709
f 182 711 710
f 709 710 711
f 181 707 704
f 182 710 707
f 183 704 710
f 707 710 704
f 15 712 714
f 184 713 712
f 186 714 713
f 712 713 714
f 50 715 717
f 185 716 715
f 184 717 716
f 715 716 717
f 49 718 720
f 186 719 718
f 185 720 719
f 718 719 720
f 184 716 713
f 185 719 716
f 186 713 719
f 716 719 713
f 14 721 723
f 187 722 721
f 189 723 722
f 721 722 723
f 51 724 726
f 188 725 724
f 187 726 725
f 724 725 726
f 50 727 729
f 189 728 727
f 188 729 728
f 727 728 729
f 187 725 722
f 188 728 725
f 189 722 728
f 725 728 722
f 49 720 706
f 185 730 720
f 182 706 730
f 720 730 706
f 50 729 715
f 188 731 729
f 185 715 731
f 729 731 715
f 51 711 724
f 182 732 711
f 188 724 732
f 711 732 724
f 185 731 730
f 188 732 731
f 182 730 732
f 731 732 730
f 13 693 652
f 180 733 693
f 166 652 733
f 693 733 652
f 47 734 697
f 190 735 734
f 180 697 735
f 734 735 697
f 44 657 737
f 166 736 657
f 190 737 736
f 657 736 737
f 180 735 733
f 190 736 735
f 166 733 736
f 735 736 733
f 14 723 682
f 189 738 723
f 175 682 738
f 723 738 682
f 50 739 727
f 191 740 739
f 189 727 740
f 739 740 727
f 47 687 742
f 175 741 687
f 191 742 741
f 687 741 742
f 189 740 738
f 191 741 740
f 175 738 741
f 740 741 738
f 15 663 712
f 171 743 663
f 184 712 743
f 663 743 712
f 44 744 667
f 192 745 744
f 171 667 745
f 744 745 667
f 50 717 747
f 184 746 717
f 192 747 746
f 717 746 747
f 171 745 743
f 192 746 745
f 184 743 746
f 745 746 743
f 47 742 734
f 191 748 742
f 190 734 748
f 742 748 734
f 50 747 739
f 192 749 747
f 191 739 749
f 747 749 739
f 44 737 744
f 190 750 737
f 192 744 750
f 737 750 744
f 191 749 748
f 192 750 749
f 190 748 750
f 749 750 748
f 1 645 752
f 165 751 645
f 194 752 751
f 645 751 752
f 45 753 649
f 193 754 753
f 165 649 754
f 753 754 649
f 53 755 757
f 194 756 755
f 193 757 756
f 755 756 757
f 165 754 751
f 193 756 754
f 194 751 756
f 754 756 751
f 15 758 661
f 195 759 758
f 169 661 759
f 758 759 661
f 52 760 762
f 196 761 760
f 195 762 761
f 760 761 762
f 45 666 764
f 169 763 666
f 196 764 763
f 666 763 764
f 195 761 759
f 196 763 761
f 169 759 763
f 761 763 759
f 17 765 767
f 197 766 765
f 199 767 766
f 765 766 767
f 53 768 770
f 198 769 768
f 197 770 769
f 768 769 770
f 52 771 773
f 199 772 771
f 198 773 772
f 771 772 773
f 197 769 766
f 198 772 769
f 199 766 772
f 769 772 766
f 45 764 753
f 196 774 764
f 193 753 774
f 764 774 753
f 52 773 760
f 198 775 773
f 196 760 775
f 773 775 760
f 53 757 768
f 193 776 757
f 198 768 776
f 757 776 768
f 196 775 774
f 198 776 775
f 193 774 776
f 775 776 774
f 6 777 703
f 200 778 777
f 181 703 778
f 777 778 703
f 54 779 781
f 201 780 779
f 200 781 780
f 779 780 781
f 49 708 783
f 181 782 708
f 201 783 782
f 708 782 783
f 200 780 778
f 201 782 780
f 181 778 782
f 780 782 778
f 16 784 786
f 202 785 784
f 204 786 785
f 784 785 786
f 55 787 789
f 203 788 787
f 202 789 788
f 787 788 789
f 54 790 792
f 204 791 790
f 203 792 791
f 790 791 792
f 202 788 785
f 203 791 788
f 204 785 791
f 788 791 785
f 15 714 794
f 186 793 714
f 206 794 793
f 714 793 794
f 49 795 718
f 205 796 795
f 186 718 796
f 795 796 718
f 55 797 799
f 206 798 797
f 205 799 798
f 797 798 799
f 186 796 793
f 205 798 796
f 206 793 798
f 796 798 793
f 54 792 779
f 203 800 792
f 201 779 800
f 792 800 779
f 55 799 787
f 205 801 799
f 203 787 801
f 799 801 787
f 49 783 795
f 201 802 783
f 205 795 802
f 783 802 795
f 203 801 800
f 205 802 801
f 201 800 802
f 801 802 800
f 2 803 805
f 207 804 803
f 209 805 804
f 803 804 805
f 56 806 808
f 208 807 806
f 207 808 807
f 806 807 808
f 58 809 811
f 209 810 809
f 208 811 810
f 809 810 811
f 207 807 804
f 208 810 807
f 209 804 810
f 807 810 804
f 17 812 814
f 210 813 812
f 212 814 813
f 812 813 814
f 57 815 817
f 211 816 815
f 210 817 816
f 815 816 817
f 56 818 820
f 212 819 818
f 211 820 819
f 818 819 820
f 210 816 813
f 211 819 816
f 212 813 819
f 816 819 813
f 16 821 823
f 213 822 821
f 215 823 822
f 821 822 823
f 58 824 826
f 214 825 824
f 213 826 825
f 824 825 826
f 57 827 829
f 215 828 827
f 214 829 828
f 827 828 829
f 213 825 822
f 214 828 825
f 215 822 828
f 825 828 822
f 56 820 806
f 211 830 820
f 208 806 830
f 820 830 806
f 57 829 815
f 214 831 829
f 211 815 831
f 829 831 815
f 58 811 824
f 208 832 811
f 214 824 832
f 811 832 824
f 211 831 830
f 214 832 831
f 208 830 832
f 831 832 830
f 15 794 758
f 206 833 794
f 195 758 833
f 794 833 758
f 55 834 797
f 216 835 834
f 206 797 835
f 834 835 797
f 52 762 837
f 195 836 762
f 216 837 836
f 762 836 837
f 206 835 833
f 216 836 835
f 195 833 836
f 835 836 833
f 16 823 784
f 215 838 823
f 202 784 838
f 823 838 784
f 57 839 827
f 217 840 839
f 215 827 840
f 839 840 827
f 55 789 842
f 202 841 789
f 217 842 841
f 789 841 842
f 215 840 838
f 217 841 840
f 202 838 841
f 840 841 838
f 17 767 812
f 199 843 767
f 210 812 843
f 767 843 812
f 52 844 771
f 218 845 844
f 199 771 845
f 844 845 771
f 57 817 847
f 210 846 817
f 218 847 846
f 817 846 847
f 199 845 843
f 218 846 845
f 210 843 846
f 845 846 843
f 55 842 834
f 217 848 842
f 216 834 848
f 842 848 834
f 57 847 839
f 218 849 847
f 217 839 849
f 847 849 839
f 52 837 844
f 216 850 837
f 218 844 850
f 837 850 844
f 217 849 848
f 218 850 849
f 216 848 850
f 849 850 848
f 1 752 852
f 194 851 752
f 220 852 851
f 752 851 852
f 53 853 755
f 219 854 853
f 194 755 854
f 853 854 755
f 60 855 857
f 220 856 855
f 219 857 856
f 855 856 857
f 194 854 851
f 219 856 854
f 220 851 856
f 854 856 851
f 17 858 765
f 221 859 858
f 197 765 859
f 858 859 765
f 59 860 862
f 222 861 860
f 221 862 861
f 860 861 862
f 53 770 864
f 197 863 770
f 222 864 863
f 770 863 864
f 221 861 859
f 222 863 861
f 197 859 863
f 861 863 859
f 19 865 867
f 223 866 865
f 225 867 866
f 865 866 867
f 60 868 870
f 224 869 868
f 223 870 869
f 868 869 870
f 59 871 873
f 225 872 871
f 224 873 872
f 871 872 873
f 223 869 866
f 224 872 869
f 225 866 872
f 869 872 866
f 53 864 853
f 222 874 864
f 219 853 874
f 864 874 853
f 59 873 860
f 224 875 873
f 222 860 875
f 873 875 860
f 60 857 868
f 219 876 857
f 224 868 876
f 857 876 868
f 222 875 874
f 224 876 875
f 219 874 876
f 875 876 874
f 2 877 803
f 226 878 877
f 207 803 878
f 877 878 803
f 61 879 881
f 227 880 879
f 226 881 880
f 879 880 881
f 56 808 883
f 207 882 808
f 227 883 882
f 808 882 883
f 226 880 878
f 227 882 880
f 207 878 882
f 880 882 878
f 18 884 886
f 228 885 884
f 230 886 885
f 884 885 886
f 62 887 889
f 229 888 887
f 228 889 888
f 887 888 889
f 61 890 892
f 230 891 890
f 229 892 891
f 890 891 892
f 228 888 885
f 229 891 888
f 230 885 891
f 888 891 885
f 17 814 894
f 212 893 814
f 232 894 893
f 814 893 894
f 56 895 818
f 231 896 895
f 212 818 896
f 895 896 818
f 62 897 899
f 232 898 897
f 231 899 898
f 897 898 899
f 212 896 893
f 231 898 896
f 232 893 898
f 896 898 893
f 61 892 879
f 229 900 892
f 227 879 900
f 892 900 879
f 62 899 887
f 231 901 899
f 229 887 901
f 899 901 887
f 56 883 895
f 227 902 883
f 231 895 902
f 883 902 895
f 229 901 900
f 231 902 901
f 227 900 902
f 901 902 900
f 8 903 905
f 233 904 903
f 235 905 904
f 903 904 905
f 63 906 908
f 234 907 906
f 233 908 907
f 906 907 908
f 65 909 911
f 235 910 909
f 234 911 910
f 909 910 911
f 233 907 904
f 234 910 907
f 235 904 910
f 907 910 904
f 19 912 914
f 236 913 912
f 238 914 913
f 912 913 914
f 64 915 917
f 237 916 915
f 236 917 916
f 915 916 917
f 63 918 920
f 238 919 918
f 237 920 919
f 918 919 920
f 236 916 913
f 237 919 916
f 238 913 919
f 916 919 913
f 18 921 923
f 239 922 921
f 241 923 922
f 921 922 923
f 65 924 926
f 240 925 924
f 239 926 925
f 924 925 926
f 64 927 929
f 241 928 927
f 240 929 928
f 927 928 929
f 239 925 922
f 240 928 925
f 241 922 928
f 925 928 922
f 63 920 906
f 237 930 920
f 234 906 930
f 920 930 906
f 64 929 915
f 240 931 929
f 237 915 931
f 929 931 915
f 65 911 924
f 234 932 911
f 240 924 932
f 911 932 924
f 237 931 930
f 240 932 931
f 234 930 932
f 931 932 930
f 17 894 858
f 232 933 894
f 221 858 933
f 894 933 858
f 62 934 897
f 242 935 934
f 232 897 935
f 934 935 897
f 59 862 937
f 221 936 862
f 242 937 936
f 862 936 937
f 232 935 933
f 242 936 935
f 221 933 936
f 935 936 933
f 18 923 884
f 241 938 923
f 228 884 938
f 923 938 884
f 64 939 927
f 243 940 939
f 241 927 940
f 939 940 927
f 62 889 942
f 228 941 889
f 243 942 941
f 889 941 942
f 241 940 938
f 243 941 940
f 228 938 941
f 940 941 938
f 19 867 912
f 225 943 867
f 236 912 943
f 867 943 912
f 59 944 871
f 244 945 944
f 225 871 945
f 944 945 871
f 64 917 947
f 236 946 917
f 244 947 946
f 917 946 947
f 225 945 943
f 244 946 945
f 236 943 946
f 945 946 943
f 62 942 934
f 243 948 942
f 242 934 948
f 942 948 934
f 64 947 939
f 244 949 947
f 243 939 949
f 947 949 939
f 59 937 944
f 242 950 937
f 244 944 950
f 937 950 944
f 243 949 948
f 244 950 949
f 242 948 950
f 949 950 948
f 1 852 952
f 220 951 852
f 246 952 951
f 852 951 952
f 60 953 855
f 245 954 953
f 220 855 954
f 953 954 855
f 67 955 957
f 246 956 955
f 245 957 956
f 955 956 957
f 220 954 951
f 245 956 954
f 246 951 956
f 954 956 951
f 19 958 865
f 247 959 958
f 223 865 959
f 958 959 865
f 66 960 962
f 248 961 960
f 247 962 961
f 960 961 962
f 60 870 964
f 223 963 870
f 248 964 963
f 870 963 964
f 247 961 959
f 248 963 961
f 223 959 963
f 961 963 959
f 21 965 967
f 249 966 965
f 251 967 966
f 965 966 967
f 67 968 970
f 250 969 968
f 249 970 969
f 968 969 970
f 66 971 973
f 251 972 971
f 250 973 972
f 971 972 973
f 249 969 966
f 250 972 969
f 251 966 972
f 969 972 966
f 60 964 953
f 248 974 964
f 245 953 974
f 964 974 953
f 66 973 960
f 250 975 973
f 248 960 975
f 973 975 960
f 67 957 968
f 245 976 957
f 250 968 976
f 957 976 968
f 248 975 974
f 250 976 975
f 245 974 976
f 975 976 974
f 8 977 903
f 252 978 977
f 233 903 978
f 977 978 903
f 68 979 981
f 253 980 979
f 252 981 980
f 979 980 981
f 63 908 983
f 233 982 908
f 253 983 982
f 908 982 983
f 252 980 978
f 253 982 980
f 233 978 982
f 980 982 978
f 20 984 986
f 254 985 984
f 256 986 985
f 984 985 986
f 69 987 989
f 255 988 987
f 254 989 988
f 987 988 989
f 68 990 992
f 256 991 990
f 255 992 991
f 990 991 992
f 254 988 985
f 255 991 988
f 256 985 991
f 988 991 985
f 19 914 994
f 238 993 914
f 258 994 993
f 914 993 994
f 63 995 918
f 257 996 995
f 238 918 996
f 995 996 918
f 69 997 999
f 258 998 997
f 257 999 998
f 997 998 999
f 238 996 993
f 257 998 996
f 258 993 998
f 996 998 993
f 68 992 979
f 255 1000 992
f 253 979 1000
f 992 1000 979
f 69 999 987
f 257 1001 999
f 255 987 1001
f 999 1001 987
f 63 983 995
f 253 1002 983
f 257 995 1002
f 983 1002 995
f 255 1001 1000
f 257 1002 1001
f 253 1000 1002
f 1001 1002 1000
f 11 1003 1005
f 259 1004 1003
f 261 1005 1004
f 1003 1004 1005
f 70 1006 1008
f 260 1007 1006
f 259 1008 1007
f 1006 1007 1008
f 72 1009 1011
f 261 1010 1009
f 260 1011 1010
f 1009 1010 1011
f 259 1007 1004
f 260 1010 1007
f 261 1004 1010
f 1007 1010 1004
f 21 1012 1014
f 262 1013 1012
f 264 1014 1013
f 1012 1013 1014
f 71 1015 1017
f 263 1016 1015
f 262 1017 1016
f 1015 1016 1017
f 70 1018 1020
f 264 1019 1018
f 263 1020 1019
f 1018 1019 1020
f 262 1016 1013
f 263 1019 1016
f 264 1013 1019
f 1016 1019 1013
f 20 1021 1023
f 265 1022 1021
f 267 1023 1022
f 1021 1022 1023
f 72 1024 1026
f 266 1025 1024
f 265 1026 1025
f 1024 1025 1026
f 71 1027 1029
f 267 1028 1027
f 266 1029 1028
f 1027 1028 1029
f 265 1025 1022
f 266 1028 1025
f 267 1022 1028
f 1025 1028 1022
f 70 1020 1006
f 263 1030 1020
f 260 1006 1030
f 1020 1030 1006
f 71 1029 1015
f 266 1031 1029
f 263 1015 1031
f 1029 1031 1015
f 72 1011 1024
f 260 1032 1011
f 266 1024 1032
f 1011 1032 1024
f 263 1031 1030
f 266 1032 1031
f 260 1030 1032
f 1031 1032 1030
f 19 994 958
f 258 1033 994
f 247 958 1033
f 994 1033 958
f 69 1034 997
f 268 1035 1034
f 258 997 1035
f 1034 1035 997
f 66 962 1037
f 247 1036 962
f 268 1037 1036
f 962 1036 1037
f 258 1035 1033
f 268 1036 1035
f 247 1033 1036
f 1035 1036 1033
f 20 1023 984
f 267 1038 1023
f 254 984 1038
f 1023 1038 984
f 71 1039 1027
f 269 1040 1039
f 267 1027 1040
f 1039 1040 1027
f 69 989 1042
f 254 1041 989
f 269 1042 1041
f 989 1041 1042
f 267 1040 1038
f 269 1041 1040
f 254 1038 1041
f 1040 1041 1038
f 21 967 1012
f 251 1043 967
f 262 1012 1043
f 967 1043 1012
f 66 1044 971
f 270 1045 1044
f 251 971 1045
f 1044 1045 971
f 71 1017 1047
f 262 1046 1017
f 270 1047 1046
f 1017 1046 1047
f 251 1045 1043
f 270 1046 1045
f 262 1043 1046
f 1045 1046 1043
f 69 1042 1034
f 269 1048 1042
f 268 1034 1048
f 1042 1048 1034
f 71 1047 1039
f 270 1049 1047
f 269 1039 1049
f 1047 1049 1039
f 66 1037 1044
f 268 1050 1037
f 270 1044 1050
f 1037 1050 1044
f 269 1049 1048
f 270 1050 1049
f 268 1048 1050
f 1049 1050 1048
f 1 952 643
f 246 1051 952
f 163 643 1051
f 952 1051 643
f 67 1052 955
f 271 1053 1052
f 246 955 1053
f 1052 1053 955
f 43 648 1055
f 163 1054 648
f 271 1055 1054
f 648 1054 1055
f 246 1053 1051
f 271 1054 1053
f 163 1051 1054
f 1053 1054 1051
f 21 1056 965
f 272 1057 1056
f 249 965 1057
f 1056 1057 965
f 73 1058 1060
f 273 1059 1058
f 272 1060 1059
f 1058 1059 1060
f 67 970 1062
f 249 1061 970
f 273 1062 1061
f 970 1061 1062
f 272 1059 1057
f 273 1061 1059
f 249 1057 1061
f 1059 1061 1057
f 13 654 1064
f 168 1063 654
f 275 1064 1063
f 654 1063 1064
f 43 1065 658
f 274 1066 1065
f 168 658 1066
f 1065 1066 658
f 73 1067 1069
f 275 1068 1067
f 274 1069 1068
f 1067 1068 1069
f 168 1066 1063
f 274 1068 1066
f 275 1063 1068
f 1066 1068 1063
f 67 1062 1052
f 273 1070 1062
f 271 1052 1070
f 1062 1070 1052
f 73 1069 1058
f 274 1071 1069
f 273 1058 1071
f 1069 1071 1058
f 43 1055 1065
f 271 1072 1055
f 274 1065 1072
f 1055 1072 1065
f 273 1071 1070
f 274 1072 1071
f 271 1070 1072
f 1071 1072 1070
f 11 1073 1003
f 276 1074 1073
f 259 1003 1074
f 1073 1074 1003
f 74 1075 1077
f 277 1076 1075
f 276 1077 1076
f 1075 1076 1077
f 70 1008 1079
f 259 1078 1008
f 277 1079 1078
f 1008 1078 1079
f 276 1076 1074
f 277 1078 1076
f 259 1074 1078
f 1076 1078 1074
f 22 1080 1082
f 278 1081 1080
f 280 1082 1081
f 1080 1081 1082
f 75 1083 1085
f 279 1084 1083
f 278 1085 1084
f 1083 1084 1085
f 74 1086 1088
f 280 1087 1086
f 279 1088 1087
f 1086 1087 1088
f 278 1084 1081
f 279 1087 1084
f 280 1081 1087
f 1084 1087 1081
f 21 1014 1090
f 264 1089 1014
f 282 1090 1089
f 1014 1089 1090
f 70 1091 1018
f 281 1092 1091
f 264 1018 1092
f 1091 1092 1018
f 75 1093 1095
f 282 1094 1093
f 281 1095 1094
f 1093 1094 1095
f 264 1092 1089
f 281 1094 1092
f 282 1089 1094
f 1092 1094 1089
f 74 1088 1075
f 279 1096 1088
f 277 1075 1096
f 1088 1096 1075
f 75 1095 1083
f 281 1097 1095
f 279 1083 1097
f 1095 1097 1083
f 70 1079 1091
f 277 1098 1079
f 281 1091 1098
f 1079 1098 1091
f 279 1097 1096
f 281 1098 1097
f 277 1096 1098
f 1097 1098 1096
f 12 675 1100
f 174 1099 675
f 284 1100 1099
f 675 1099 1100
f 48 1101 679
f 283 1102 1101
f 174 679 1102
f 1101 1102 679
f 77 1103 1105
f 284 1104 1103
f 283 1105 1104
f 1103 1104 1105
f 174 1102 1099
f 283 1104 1102
f 284 1099 1104
f 1102 1104 1099
f 13 1106 691
f 285 1107 1106
f 178 691 1107
f 1106 1107 691
f 76 1108 1110
f 286 1109 1108
f 285 1110 1109
f 1108 1109 1110
f 48 696 1112
f 178 1111 696
f 286 1112 1111
f 696 1111 1112
f 285 1109 1107
f 286 1111 1109
f 178 1107 1111
f 1109 1111 1107
f 22 1113 1115
f 287 1114 1113
f 289 1115 1114
f 1113 1114 1115
f 77 1116 1118
f 288 1117 1116
f 287 1118 1117
f 1116 1117 1118
f 76 1119 1121
f 289 1120 1119
f 288 1121 1120
f 1119 1120 1121
f 287 1117 1114
f 288 1120 1117
f 289 1114 1120
f 1117 1120 1114
f 48 1112 1101
f 286 1122 1112
f 283 1101 1122
f 1112 1122 1101
f 76 1121 1108
f 288 1123 1121
f 286 1108 1123
f 1121 1123 1108
f 77 1105 1116
f 283 1124 1105
f 288 1116 1124
f 1105 1124 1116
f 286 1123 1122
f 288 1124 1123
f 283 1122 1124
f 1123 1124 1122
f 21 1090 1056
f 282 1125 1090
f 272 1056 1125
f 1090 1125 1056
f 75 1126 1093
f 290 1127 1126
f 282 1093 1127
f 1126 1127 1093
f 73 1060 1129
f 272 1128 1060
f 290 1129 1128
f 1060 1128 1129
f 282 1127 1125
f 290 1128 1127
f 272 1125 1128
f 1127 1128 1125
f 22 1115 1080
f 289 1130 1115
f 278 1080 1130
f 1115 1130 1080
f 76 1131 1119
f 291 1132 1131
f 289 1119 1132
f 1131 1132 1119
f 75 1085 1134
f 278 1133 1085
f 291 1134 1133
f 1085 1133 1134
f 289 1132 1130
f 291 1133 1132
f 278 1130 1133
f 1132 1133 1130
f 13 1064 1106
f 275 1135 1064
f 285 1106 1135
f 1064 1135 1106
f 73 1136 1067
f 292 1137 1136
f 275 1067 1137
f 1136 1137 1067
f 76 1110 1139
f 285 1138 1110
f 292 1139 1138
f 1110 1138 1139
f 275 1137 1135
f 292 1138 1137
f 285 1135 1138
f 1137 1138 1135
f 75 1134 1126
f 291 1140 1134
f 290 1126 1140
f 1134 1140 1126
f 76 1139 1131
f 292 1141 1139
f 291 1131 1141
f 1139 1141 1131
f 73 1129 1136
f 290 1142 1129
f 292 1136 1142
f 1129 1142 1136
f 291 1141 1140
f 292 1142 1141
f 290 1140 1142
f 1141 1142 1140
f 2 805 1144
f 209 1143 805
f 294 1144 1143
f 805 1143 1144
f 58 1145 809
f 293 1146 1145
f 209 809 1146
f 1145 1146 809
f 79 1147 1149
f 294 1148 1147
f 293 1149 1148
f 1147 1148 1149
f 209 1146 1143
f 293 1148 1146
f 294 1143 1148
f 1146 1148 1143
f 16 1150 821
f 295 1151 1150
f 213 821 1151
f 1150 1151 821
f 78 1152 1154
f 296 1153 1152
f 295 1154 1153
f 1152 1153 1154
f 58 826 1156
f 213 1155 826
f 296 1156 1155
f 826 1155 1156
f 295 1153 1151
f 296 1155 1153
f 213 1151 1155
f 1153 1155 1151
f 24 1157 1159
f 297 1158 1157
f 299 1159 1158
f 1157 1158 1159
f 79 1160 1162
f 298 1161 1160
f 297 1162 1161
f 1160 1161 1162
f 78 1163 1165
f 299 1164 1163
f 298 1165 1164
f 1163 1164 1165
f 297 1161 1158
f 298 1164 1161
f 299 1158 1164
f 1161 1164 1158
f 58 1156 1145
f 296 1166 1156
f 293 1145 1166
f 1156 1166 1145
f 78 1165 1152
f 298 1167 1165
f 296 1152 1167
f 1165 1167 1152
f 79 1149 1160
f 293 1168 1149
f 298 1160 1168
f 1149 1168 1160
f 296 1167 1166
f 298 1168 1167
f 293 1166 1168
f 1167 1168 1166
f 6 1169 777
f 300 1170 1169
f 200 777 1170
f 1169 1170 777
f 80 1171 1173
f 301 1172 1171
f 300 1173 1172
f 1171 1172 1173
f 54 781 1175
f 200 1174 781
f 301 1175 1174
f 781 1174 1175
f 300 1172 1170
f 301 1174 1172
f 200 1170 1174
f 1172 1174 1170
f 23 1176 1178
f 302 1177 1176
f 304 1178 1177
f 1176 1177 1178
f 81 1179 1181
f 303 1180 1179
f 302 1181 1180
f 1179 1180 1181
f 80 1182 1184
f 304 1183 1182
f 303 1184 1183
f 1182 1183 1184
f 302 1180 1177
f 303 1183 1180
f 304 1177 1183
f 1180 1183 1177
f 16 786 1186
f 204 1185 786
f 306 1186 1185
f 786 1185 1186
f 54 1187 790
f 305 1188 1187
f 204 790 1188
f 1187 1188 790
f 81 1189 1191
f 306 1190 1189
f 305 1191 1190
f 1189 1190 1191
f 204 1188 1185
f 305 1190 1188
f 306 1185 1190
f 1188 1190 1185
f 80 1184 1171
f 303 1192 1184
f 301 1171 1192
f 1184 1192 1171
f 81 1191 1179
f 305 1193 1191
f 303 1179 1193
f 1191 1193 1179
f 54 1175 1187
f 301 1194 1175
f 305 1187 1194
f 1175 1194 1187
f 303 1193 1192
f 305 1194 1193
f 301 1192 1194
f 1193 1194 1192
f 10 1195 1197
f 307 1196 1195
f 309 1197 1196
f 1195 1196 1197
f 82 1198 1200
f 308 1199 1198
f 307 1200 1199
f 1198 1199 1200
f 84 1201 1203
f 309 1202 1201
f 308 1203 1202
f 1201 1202 1203
f 307 1199 1196
f 308 1202 1199
f 309 1196 1202
f 1199 1202 1196
f 24 1204 1206
f 310 1205 1204
f 312 1206 1205
f 1204 1205 1206
f 83 1207 1209
f 311 1208 1207
f 310 1209 1208
f 1207 1208 1209
f 82 1210 1212
f 312 1211 1210
f 311 1212 1211
f 1210 1211 1212
f 310 1208 1205
f 311 1211 1208
f 312 1205 1211
f 1208 1211 1205
f 23 1213 1215
f 313 1214 1213
f 315 1215 1214
f 1213 1214 1215
f 84 1216 1218
f 314 1217 1216
f 313 1218 1217
f 1216 1217 1218
f 83 1219 1221
f 315 1220 1219
f 314 1221 1220
f 1219 1220 1221
f 313 1217 1214
f 314 1220 1217
f 315 1214 1220
f 1217 1220 1214
f 82 1212 1198
f 311 1222 1212
f 308 1198 1222
f 1212 1222 1198
f 83 1221 1207
f 314 1223 1221
f 311 1207 1223
f 1221 1223 1207
f 84 1203 1216
f 308 1224 1203
f 314 1216 1224
f 1203 1224 1216
f 311 1223 1222
f 314 1224 1223
f 308 1222 1224
f 1223 1224 1222
f 16 1186 1150
f 306 1225 1186
f 295 1150 1225
f 1186 1225 1150
f 81 1226 1189
f 316 1227 1226
f 306 1189 1227
f 1226 1227 1189
f 78 1154 1229
f 295 1228 1154
f 316 1229 1228
f 1154 1228 1229
f 306 1227 1225
f 316 1228 1227
f 295 1225 1228
f 1227 1228 1225
f 23 1215 1176
f 315 1230 1215
f 302 1176 1230
f 1215 1230 1176
f 83 1231 1219
f 317 1232 1231
f 315 1219 1232
f 1231 1232 1219
f 81 1181 1234
f 302 1233 1181
f 317 1234 1233
f 1181 1233 1234
f 315 1232 1230
f 317 1233 1232
f 302 1230 1233
f 1232 1233 1230
f 24 1159 1204
f 299 1235 1159
f 310 1204 1235
f 1159 1235 1204
f 78 1236 1163
f 318 1237 1236
f 299 1163 1237
f 1236 1237 1163
f 83 1209 1239
f 310 1238 1209
f 318 1239 1238
f 1209 1238 1239
f 299 1237 1235
f 318 1238 1237
f 310 1235 1238
f 1237 1238 1235
f 81 1234 1226
f 317 1240 1234
f 316 1226 1240
f 1234 1240 1226
f 83 1239 1231
f 318 1241 1239
f 317 1231 1241
f 1239 1241 1231
f 78 1229 1236
f 316 1242 1229
f 318 1236 1242
f 1229 1242 1236
f 317 1241 1240
f 318 1242 1241
f 316 1240 1242
f 1241 1242 1240
f 6 705 1244
f 183 1243 705
f 320 1244 1243
f 705 1243 1244
f 51 1245 709
f 319 1246 1245
f 183 709 1246
f 1245 1246 709
f 86 1247 1249
f 320 1248 1247
f 319 1249 1248
f 1247 1248 1249
f 183 1246 1243
f 319 1248 1246
f 320 1243 1248
f 1246 1248 1243
f 14 1250 721
f 321 1251 1250
f 187 721 1251
f 1250 1251 721
f 85 1252 1254
f 322 1253 1252
f 321 1254 1253
f 1252 1253 1254
f 51 726 1256
f 187 1255 726
f 322 1256 1255
f 726 1255 1256
f 321 1253 1251
f 322 1255 1253
f 187 1251 1255
f 1253 1255 1251
f 26 1257 1259
f 323 1258 1257
f 325 1259 1258
f 1257 1258 1259
f 86 1260 1262
f 324 1261 1260
f 323 1262 1261
f 1260 1261 1262
f 85 1263 1265
f 325 1264 1263
f 324 1265 1264
f 1263 1264 1265
f 323 1261 1258
f 324 1264 1261
f 325 1258 1264
f 1261 1264 1258
f 51 1256 1245
f 322 1266 1256
f 319 1245 1266
f 1256 1266 1245
f 85 1265 1252
f 324 1267 1265
f 322 1252 1267
f 1265 1267 1252
f 86 1249 1260
f 319 1268 1249
f 324 1260 1268
f 1249 1268 1260
f 322 1267 1266
f 324 1268 1267
f 319 1266 1268
f 1267 1268 1266
f 12 1269 673
f 326 1270 1269
f 172 673 1270
f 1269 1270 673
f 87 1271 1273
f 327 1272 1271
f 326 1273 1272
f 1271 1272 1273
f 46 678 1275
f 172 1274 678
f 327 1275 1274
f 678 1274 1275
f 326 1272 1270
f 327 1274 1272
f 172 1270 1274
f 1272 1274 1270
f 25 1276 1278
f 328 1277 1276
f 330 1278 1277
f 1276 1277 1278
f 88 1279 1281
f 329 1280 1279
f 328 1281 1280
f 1279 1280 1281
f 87 1282 1284
f 330 1283 1282
f 329 1284 1283
f 1282 1283 1284
f 328 1280 1277
f 329 1283 1280
f 330 1277 1283
f 1280 1283 1277
f 14 684 1286
f 177 1285 684
f 332 1286 1285
f 684 1285 1286
f 46 1287 688
f 331 1288 1287
f 177 688 1288
f 1287 1288 688
f 88 1289 1291
f 332 1290 1289
f 331 1291 1290
f 1289 1290 1291
f 177 1288 1285
f 331 1290 1288
f 332 1285 1290
f 1288 1290 1285
f 87 1284 1271
f 329 1292 1284
f 327 1271 1292
f 1284 1292 1271
f 88 1291 1279
f 331 1293 1291
f 329 1279 1293
f 1291 1293 1279
f 46 1275 1287
f 327 1294 1275
f 331 1287 1294
f 1275 1294 1287
f 329 1293 1292
f 331 1294 1293
f 327 1292 1294
f 1293 1294 1292
f 5 1295 1297
f 333 1296 1295
f 335 1297 1296
f 1295 1296 1297
f 89 1298 1300
f 334 1299 1298
f 333 1300 1299
f 1298 1299 1300
f 91 1301 1303
f 335 1302 1301
f 334 1303 1302
f 1301 1302 1303
f 333 1299 1296
f 334 1302 1299
f 335 1296 1302
f 1299 1302 1296
f 26 1304 1306
f 336 1305 1304
f 338 1306 1305
f 1304 1305 1306
f 90 1307 1309
f 337 1308 1307
f 336 1309 1308
f 1307 1308 1309
f 89 1310 1312
f 338 1311 1310
f 337 1312 1311
f 1310 1311 1312
f 336 1308 1305
f 337 1311 1308
f 338 1305 1311
f 1308 1311 1305
f 25 1313 1315
f 339 1314 1313
f 341 1315 1314
f 1313 1314 1315
f 91 1316 1318
f 340 1317 1316
f 339 1318 1317
f 1316 1317 1318
f 90 1319 1321
f 341 1320 1319
f 340 1321 1320
f 1319 1320 1321
f 339 1317 1314
f 340 1320 1317
f 341 1314 1320
f 1317 1320 1314
f 89 1312 1298
f 337 1322 1312
f 334 1298 1322
f 1312 1322 1298
f 90 1321 1307
f 340 1323 1321
f 337 1307 1323
f 1321 1323 1307
f 91 1303 1316
f 334 1324 1303
f 340 1316 1324
f 1303 1324 1316
f 337 1323 1322
f 340 1324 1323
f 334 1322 1324
f 1323 1324 1322
f 14 1286 1250
f 332 1325 1286
f 321 1250 1325
f 1286 1325 1250
f 88 1326 1289
f 342 1327 1326
f 332 1289 1327
f 1326 1327 1289
f 85 1254 1329
f 321 1328 1254
f 342 1329 1328
f 1254 1328 1329
f 332 1327 1325
f 342 1328 1327
f 321 1325 1328
f 1327 1328 1325
f 25 1315 1276
f 341 1330 1315
f 328 1276 1330
f 1315 1330 1276
f 90 1331 1319
f 343 1332 1331
f 341 1319 1332
f 1331 1332 1319
f 88 1281 1334
f 328 1333 1281
f 343 1334 1333
f 1281 1333 1334
f 341 1332 1330
f 343 1333 1332
f 328 1330 1333
f 1332 1333 1330
f 26 1259 1304
f 325 1335 1259
f 336 1304 1335
f 1259 1335 1304
f 85 1336 1263
f 344 1337 1336
f 325 1263 1337
f 1336 1337 1263
f 90 1309 1339
f 336 1338 1309
f 344 1339 1338
f 1309 1338 1339
f 325 1337 1335
f 344 1338 1337
f 336 1335 1338
f 1337 1338 1335
f 88 1334 1326
f 343 1340 1334
f 342 1326 1340
f 1334 1340 1326
f 90 1339 1331
f 344 1341 1339
f 343 1331 1341
f 1339 1341 1331
f 85 1329 1336
f 342 1342 1329
f 344 1336 1342
f 1329 1342 1336
f 343 1341 1340
f 344 1342 1341
f 342 1340 1342
f 1341 1342 1340
f 12 1100 1344
f 284 1343 1100
f 346 1344 1343
f 1100 1343 1344
f 77 1345 1103
f 345 1346 1345
f 284 1103 1346
f 1345 1346 1103
f 93 1347 1349
f 346 1348 1347
f 345 1349 1348
f 1347 1348 1349
f 284 1346 1343
f 345 1348 1346
f 346 1343 1348
f 1346 1348 1343
f 22 1350 1113
f 347 1351 1350
f 287 1113 1351
f 1350 1351 1113
f 92 1352 1354
f 348 1353 1352
f 347 1354 1353
f 1352 1353 1354
f 77 1118 1356
f 287 1355 1118
f 348 1356 1355
f 1118 1355 1356
f 347 1353 1351
f 348 1355 1353
f 287 1351 1355
f 1353 1355 1351
f 28 1357 1359
f 349 1358 1357
f 351 1359 1358
f 1357 1358 1359
f 93 1360 1362
f 350 1361 1360
f 349 1362 1361
f 1360 1361 1362
f 92 1363 1365
f 351 1364 1363
f 350 1365 1364
f 1363 1364 1365
f 349 1361 1358
f 350 1364 1361
f 351 1358 1364
f 1361 1364 1358
f 77 1356 1345
f 348 1366 1356
f 345 1345 1366
f 1356 1366 1345
f 92 1365 1352
f 350 1367 1365
f 348 1352 1367
f 1365 1367 1352
f 93 1349 1360
f 345 1368 1349
f 350 1360 1368
f 1349 1368 1360
f 348 1367 1366
f 350 1368 1367
f 345 1366 1368
f 1367 1368 1366
f 11 1369 1073
f 352 1370 1369
f 276 1073 1370
f 1369 1370 1073
f 94 1371 1373
f 353 1372 1371
f 352 1373 1372
f 1371 1372 1373
f 74 1077 1375
f 276 1374 1077
f 353 1375 1374
f 1077 1374 1375
f 352 1372 1370
f 353 1374 1372
f 276 1370 1374
f 1372 1374 1370
f 27 1376 1378
f 354 1377 1376
f 356 1378 1377
f 1376 1377 1378
f 95 1379 1381
f 355 1380 1379
f 354 1381 1380
f 1379 1380 1381
f 94 1382 1384
f 356 1383 1382
f 355 1384 1383
f 1382 1383 1384
f 354 1380 1377
f 355 1383 1380
f 356 1377 1383
f 1380 1383 1377
f 22 1082 1386
f 280 1385 1082
f 358 1386 1385
f 1082 1385 1386
f 74 1387 1086
f 357 1388 1387
f 280 1086 1388
f 1387 1388 1086
f 95 1389 1391
f 358 1390 1389
f 357 1391 1390
f 1389 1390 1391
f 280 1388 1385
f 357 1390 1388
f 358 1385 1390
f 1388 1390 1385
f 94 1384 1371
f 355 1392 1384
f 353 1371 1392
f 1384 1392 1371
f 95 1391 1379
f 357 1393 1391
f 355 1379 1393
f 1391 1393 1379
f 74 1375 1387
f 353 1394 1375
f 357 1387 1394
f 1375 1394 1387
f 355 1393 1392
f 357 1394 1393
f 353 1392 1394
f 1393 1394 1392
f 3 1395 1397
f 359 1396 1395
f 361 1397 1396
f 1395 1396 1397
f 96 1398 1400
f 360 1399 1398
f 359 1400 1399
f 1398 1399 1400
f 98 1401 1403
f 361 1402 1401
f 360 1403 1402
f 1401 1402 1403
f 359 1399 1396
f 360 1402 1399
f 361 1396 1402
f 1399 1402 1396
f 28 1404 1406
f 362 1405 1404
f 364 1406 1405
f 1404 1405 1406
f 97 1407 1409
f 363 1408 1407
f 362 1409 1408
f 1407 1408 1409
f 96 1410 1412
f 364 1411 1410
f 363 1412 1411
f 1410 1411 1412
f 362 1408 1405
f 363 1411 1408
f 364 1405 1411
f 1408 1411 1405
f 27 1413 1415
f 365 1414 1413
f 367 1415 1414
f 1413 1414 1415
f 98 1416 1418
f 366 1417 1416
f 365 1418 1417
f 1416 1417 1418
f 97 1419 1421
f 367 1420 1419
f 366 1421 1420
f 1419 1420 1421
f 365 1417 1414
f 366 1420 1417
f 367 1414 1420
f 1417 1420 1414
f 96 1412 1398
f 363 1422 1412
f 360 1398 1422
f 1412 1422 1398
f 97 1421 1407
f 366 1423 1421
f 363 1407 1423
f 1421 1423 1407
f 98 1403 1416
f 360 1424 1403
f 366 1416 1424
f 1403 1424 1416
f 363 1423 1422
f 366 1424 1423
f 360 1422 1424
f 1423 1424 1422
f 22 1386 1350
f 358 1425 1386
f 347 1350 1425
f 1386 1425 1350
f 95 1426 1389
f 368 1427 1426
f 358 1389 1427
f 1426 1427 1389
f 92 1354 1429
f 347 1428 1354
f 368 1429 1428
f 1354 1428 1429
f 358 1427 1425
f 368 1428 1427
f 347 1425 1428
f 1427 1428 1425
f 27 1415 1376
f 367 1430 1415
f 354 1376 1430
f 1415 1430 1376
f 97 1431 1419
f 369 1432 1431
f 367 1419 1432
f 1431 1432 1419
f 95 1381 1434
f 354 1433 1381
f 369 1434 1433
f 1381 1433 1434
f 367 1432 1430
f 369 1433 1432
f 354 1430 1433
f 1432 1433 1430
f 28 1359 1404
f 351 1435 1359
f 362 1404 1435
f 1359 1435 1404
f 92 1436 1363
f 370 1437 1436
f 351 1363 1437
f 1436 1437 1363
f 97 1409 1439
f 362 1438 1409
f 370 1439 1438
f 1409 1438 1439
f 351 1437 1435
f 370 1438 1437
f 362 1435 1438
f 1437 1438 1435
f 95 1434 1426
f 369 1440 1434
f 368 1426 1440
f 1434 1440 1426
f 97 1439 1431
f 370 1441 1439
f 369 1431 1441
f 1439 1441 1431
f 92 1429 1436
f 368 1442 1429
f 370 1436 1442
f 1429 1442 1436
f 369 1441 1440
f 370 1442 1441
f 368 1440 1442
f 1441 1442 1440
f 11 1005 1444
f 261 1443 1005
f 372 1444 1443
f 1005 1443 1444
f 72 1445 1009
f 371 1446 1445
f 261 1009 1446
f 1445 1446 1009
f 100 1447 1449
f 372 1448 1447
f 371 1449 1448
f 1447 1448 1449
f 261 1446 1443
f 371 1448 1446
f 372 1443 1448
f 1446 1448 1443
f 20 1450 1021
f 373 1451 1450
f 265 1021 1451
f 1450 1451 1021
f 99 1452 1454
f 374 1453 1452
f 373 1454 1453
f 1452 1453 1454
f 72 1026 1456
f 265 1455 1026
f 374 1456 1455
f 1026 1455 1456
f 373 1453 1451
f 374 1455 1453
f 265 1451 1455
f 1453 1455 1451
f 30 1457 1459
f 375 1458 1457
f 377 1459 1458
f 1457 1458 1459
f 100 1460 1462
f 376 1461 1460
f 375 1462 1461
f 1460 1461 1462
f 99 1463 1465
f 377 1464 1463
f 376 1465 1464
f 1463 1464 1465
f 375 1461 1458
f 376 1464 1461
f 377 1458 1464
f 1461 1464 1458
f 72 1456 1445
f 374 1466 1456
f 371 1445 1466
f 1456 1466 1445
f 99 1465 1452
f 376 1467 1465
f 374 1452 1467
f 1465 1467 1452
f 100 1449 1460
f 371 1468 1449
f 376 1460 1468
f 1449 1468 1460
f 374 1467 1466
f 376 1468 1467
f 371 1466 1468
f 1467 1468 1466
f 8 1469 977
f 378 1470 1469
f 252 977 1470
f 1469 1470 977
f 101 1471 1473
f 379 1472 1471
f 378 1473 1472
f 1471 1472 1473
f 68 981 1475
f 252 1474 981
f 379 1475 1474
f 981 1474 1475
f 378 1472 1470
f 379 1474 1472
f 252 1470 1474
f 1472 1474 1470
f 29 1476 1478
f 380 1477 1476
f 382 1478 1477
f 1476 1477 1478
f 102 1479 1481
f 381 1480 1479
f 380 1481 1480
f 1479 1480 1481
f 101 1482 1484
f 382 1483 1482
f 381 1484 1483
f 1482 1483 1484
f 380 1480 1477
f 381 1483 1480
f 382 1477 1483
f 1480 1483 1477
f 20 986 1486
f 256 1485 986
f 384 1486 1485
f 986 1485 1486
f 68 1487 990
f 383 1488 1487
f 256 990 1488
f 1487 1488 990
f 102 1489 1491
f 384 1490 1489
f 383 1491 1490
f 1489 1490 1491
f 256 1488 1485
f 383 1490 1488
f 384 1485 1490
f 1488 1490 1485
f 101 1484 1471
f 381 1492 1484
f 379 1471 1492
f 1484 1492 1471
f 102 1491 1479
f 383 1493 1491
f 381 1479 1493
f 1491 1493 1479
f 68 1475 1487
f 379 1494 1475
f 383 1487 1494
f 1475 1494 1487
f 381 1493 1492
f 383 1494 1493
f 379 1492 1494
f 1493 1494 1492
f 7 1495 1497
f 385 1496 1495
f 387 1497 1496
f 1495 1496 1497
f 103 1498 1500
f 386 1499 1498
f 385 1500 1499
f 1498 1499 1500
f 105 1501 1503
f 387 1502 1501
f 386 1503 1502
f 1501 1502 1503
f 385 1499 1496
f 386 1502 1499
f 387 1496 1502
f 1499 1502 1496
f 30 1504 1506
f 388 1505 1504
f 390 1506 1505
f 1504 1505 1506
f 104 1507 1509
f 389 1508 1507
f 388 1509 1508
f 1507 1508 1509
f 103 1510 1512
f 390 1511 1510
f 389 1512 1511
f 1510 1511 1512
f 388 1508 1505
f 389 1511 1508
f 390 1505 1511
f 1508 1511 1505
f 29 1513 1515
f 391 1514 1513
f 393 1515 1514
f 1513 1514 1515
f 105 1516 1518
f 392 1517 1516
f 391 1518 1517
f 1516 1517 1518
f 104 1519 1521
f 393 1520 1519
f 392 1521 1520
f 1519 1520 1521
f 391 1517 1514
f 392 1520 1517
f 393 1514 1520
f 1517 1520 1514
f 103 1512 1498
f 389 1522 1512
f 386 1498 1522
f 1512 1522 1498
f 104 1521 1507
f 392 1523 1521
f 389 1507 1523
f 1521 1523 1507
f 105 1503 1516
f 386 1524 1503
f 392 1516 1524
f 1503 1524 1516
f 389 1523 1522
f 392 1524 1523
f 386 1522 1524
f 1523 1524 1522
f 20 1486 1450
f 384 1525 1486
f 373 1450 1525
f 1486 1525 1450
f 102 1526 1489
f 394 1527 1526
f 384 1489 1527
f 1526 1527 1489
f 99 1454 1529
f 373 1528 1454
f 394 1529 1528
f 1454 1528 1529
f 384 1527 1525
f 394 1528 1527
f 373 1525 1528
f 1527 1528 1525
f 29 1515 1476
f 393 1530 1515
f 380 1476 1530
f 1515 1530 1476
f 104 1531 1519
f 395 1532 1531
f 393 1519 1532
f 1531 1532 1519
f 102 1481 1534
f 380 1533 1481
f 395 1534 1533
f 1481 1533 1534
f 393 1532 1530
f 395 1533 1532
f 380 1530 1533
f 1532 1533 1530
f 30 1459 1504
f 377 1535 1459
f 388 1504 1535
f 1459 1535 1504
f 99 1536 1463
f 396 1537 1536
f 377 1463 1537
f 1536 1537 1463
f 104 1509 1539
f 388 1538 1509
f 396 1539 1538
f 1509 1538 1539
f 377 1537 1535
f 396 1538 1537
f 388 1535 1538
f 1537 1538 1535
f 102 1534 1526
f 395 1540 1534
f 394 1526 1540
f 1534 1540 1526
f 104 1539 1531
f 396 1541 1539
f 395 1531 1541
f 1539 1541 1531
f 99 1529 1536
f 394 1542 1529
f 396 1536 1542
f 1529 1542 1536
f 395 1541 1540
f 396 1542 1541
f 394 1540 1542
f 1541 1542 1540
f 8 905 1544
f 235 1543 905
f 398 1544 1543
f 905 1543 1544
f 65 1545 909
f 397 1546 1545
f 235 909 1546
f 1545 1546 909
f 107 1547 1549
f 398 1548 1547
f 397 1549 1548
f 1547 1548 1549
f 235 1546 1543
f 397 1548 1546
f 398 1543 1548
f 1546 1548 1543
f 18 1550 921
f 399 1551 1550
f 239 921 1551
f 1550 1551 921
f 106 1552 1554
f 400 1553 1552
f 399 1554 1553
f 1552 1553 1554
f 65 926 1556
f 239 1555 926
f 400 1556 1555
f 926 1555 1556
f 399 1553 1551
f 400 1555 1553
f 239 1551 1555
f 1553 1555 1551
f 32 1557 1559
f 401 1558 1557
f 403 1559 1558
f 1557 1558 1559
f 107 1560 1562
f 402 1561 1560
f 401 1562 1561
f 1560 1561 1562
f 106 1563 1565
f 403 1564 1563
f 402 1565 1564
f 1563 1564 1565
f 401 1561 1558
f 402 1564 1561
f 403 1558 1564
f 1561 1564 1558
f 65 1556 1545
f 400 1566 1556
f 397 1545 1566
f 1556 1566 1545
f 106 1565 1552
f 402 1567 1565
f 400 1552 1567
f 1565 1567 1552
f 107 1549 1560
f 397 1568 1549
f 402 1560 1568
f 1549 1568 1560
f 400 1567 1566
f 402 1568 1567
f 397 1566 1568
f 1567 1568 1566
f 2 1569 877
f 404 1570 1569
f 226 877 1570
f 1569 1570 877
f 108 1571 1573
f 405 1572 1571
f 404 1573 1572
f 1571 1572 1573
f 61 881 1575
f 226 1574 881
f 405 1575 1574
f 881 1574 1575
f 404 1572 1570
f 405 1574 1572
f 226 1570 1574
f 1572 1574 1570
f 31 1576 1578
f 406 1577 1576
f 408 1578 1577
f 1576 1577 1578
f 109 1579 1581
f 407 1580 1579
f 406 1581 1580
f 1579 1580 1581
f 108 1582 1584
f 408 1583 1582
f 407 1584 1583
f 1582 1583 1584
f 406 1580 1577
f 407 1583 1580
f 408 1577 1583
f 1580 1583 1577
f 18 886 1586
f 230 1585 886
f 410 1586 1585
f 886 1585 1586
f 61 1587 890
f 409 1588 1587
f 230 890 1588
f 1587 1588 890
f 109 1589 1591
f 410 1590 1589
f 409 1591 1590
f 1589 1590 1591
f 230 1588 1585
f 409 1590 1588
f 410 1585 1590
f 1588 1590 1585
f 108 1584 1571
f 407 1592 1584
f 405 1571 1592
f 1584 1592 1571
f 109 1591 1579
f 409 1593 1591
f 407 1579 1593
f 1591 1593 1579
f 61 1575 1587
f 405 1594 1575
f 409 1587 1594
f 1575 1594 1587
f 407 1593 1592
f 409 1594 1593
f 405 1592 1594
f 1593 1594 1592
f 9 1595 1597
f 411 1596 1595
f 413 1597 1596
f 1595 1596 1597
f 110 1598 1600
f 412 1599 1598
f 411 1600 1599
f 1598 1599 1600
f 112 1601 1603
f 413 1602 1601
f 412 1603 1602
f 1601 1602 1603
f 411 1599 1596
f 412 1602 1599
f 413 1596 1602
f 1599 1602 1596
f 32 1604 1606
f 414 1605 1604
f 416 1606 1605
f 1604 1605 1606
f 111 1607 1609
f 415 1608 1607
f 414 1609 1608
f 1607 1608 1609
f 110 1610 1612
f 416 1611 1610
f 415 1612 1611
f 1610 1611 1612
f 414 1608 1605
f 415 1611 1608
f 416 1605 1611
f 1608 1611 1605
f 31 1613 1615
f 417 1614 1613
f 419 1615 1614
f 1613 1614 1615
f 112 1616 1618
f 418 1617 1616
f 417 1618 1617
f 1616 1617 1618
f 111 1619 1621
f 419 1620 1619
f 418 1621 1620
f 1619 1620 1621
f 417 1617 1614
f 418 1620 1617
f 419 1614 1620
f 1617 1620 1614
f 110 1612 1598
f 415 1622 1612
f 412 1598 1622
f 1612 1622 1598
f 111 1621 1607
f 418 1623 1621
f 415 1607 1623
f 1621 1623 1607
f 112 1603 1616
f 412 1624 1603
f 418 1616 1624
f 1603 1624 1616
f 415 1623 1622
f 418 1624 1623
f 412 1622 1624
f 1623 1624 1622
f 18 1586 1550
f 410 1625 1586
f 399 1550 1625
f 1586 1625 1550
f 109 1626 1589
f 420 1627 1626
f 410 1589 1627
f 1626 1627 1589
f 106 1554 1629
f 399 1628 1554
f 420 1629 1628
f 1554 1628 1629
f 410 1627 1625
f 420 1628 1627
f 399 1625 1628
f 1627 1628 1625
f 31 1615 1576
f 419 1630 1615
f 406 1576 1630
f 1615 1630 1576
f 111 1631 1619
f 421 1632 1631
f 419 1619 1632
f 1631 1632 1619
f 109 1581 1634
f 406 1633 1581
f 421 1634 1633
f 1581 1633 1634
f 419 1632 1630
f 421 1633 1632
f 406 1630 1633
f 1632 1633 1630
f 32 1559 1604
f 403 1635 1559
f 414 1604 1635
f 1559 1635 1604
f 106 1636 1563
f 422 1637 1636
f 403 1563 1637
f 1636 1637 1563
f 111 1609 1639
f 414 1638 1609
f 422 1639 1638
f 1609 1638 1639
f 403 1637 1635
f 422 1638 1637
f 414 1635 1638
f 1637 1638 1635
f 109 1634 1626
f 421 1640 1634
f 420 1626 1640
f 1634 1640 1626
f 111 1639 1631
f 422 1641 1639
f 421 1631 1641
f 1639 1641 1631
f 106 1629 1636
f 420 1642 1629
f 422 1636 1642
f 1629 1642 1636
f 421 1641 1640
f 422 1642 1641
f 420 1640 1642
f 1641 1642 1640
f 4 1643 1645
f 423 1644 1643
f 425 1645 1644
f 1643 1644 1645
f 113 1646 1648
f 424 1647 1646
f 423 1648 1647
f 1646 1647 1648
f 115 1649 1651
f 425 1650 1649
f 424 1651 1650
f 1649 1650 1651
f 423 1647 1644
f 424 1650 1647
f 425 1644 1650
f 1647 1650 1644
f 33 1652 1654
f 426 1653 1652
f 428 1654 1653
f 1652 1653 1654
f 114 1655 1657
f 427 1656 1655
f 426 1657 1656
f 1655 1656 1657
f 113 1658 1660
f 428 1659 1658
f 427 1660 1659
f 1658 1659 1660
f 426 1656 1653
f 427 1659 1656
f 428 1653 1659
f 1656 1659 1653
f 35 1661 1663
f 429 1662 1661
f 431 1663 1662
f 1661 1662 1663
f 115 1664 1666
f 430 1665 1664
f 429 1666 1665
f 1664 1665 1666
f 114 1667 1669
f 431 1668 1667
f 430 1669 1668
f 1667 1668 1669
f 429 1665 1662
f 430 1668 1665
f 431 1662 1668
f 1665 1668 1662
f 113 1660 1646
f 427 1670 1660
f 424 1646 1670
f 1660 1670 1646
f 114 1669 1655
f 430 1671 1669
f 427 1655 1671
f 1669 1671 1655
f 115 1651 1664
f 424 1672 1651
f 430 1664 1672
f 1651 1672 1664
f 427 1671 1670
f 430 1672 1671
f 424 1670 1672
f 1671 1672 1670
f 10 1673 1675
f 432 1674 1673
f 434 1675 1674
f 1673 1674 1675
f 116 1676 1678
f 433 1677 1676
f 432 1678 1677
f 1676 1677 1678
f 118 1679 1681
f 434 1680 1679
f 433 1681 1680
f 1679 1680 1681
f 432 1677 1674
f 433 1680 1677
f 434 1674 1680
f 1677 1680 1674
f 34 1682 1684
f 435 1683 1682
f 437 1684 1683
f 1682 1683 1684
f 117 1685 1687
f 436 1686 1685
f 435 1687 1686
f 1685 1686 1687
f 116 1688 1690
f 437 1689 1688
f 436 1690 1689
f 1688 1689 1690
f 435 1686 1683
f 436 1689 1686
f 437 1683 1689
f 1686 1689 1683
f 33 1691 1693
f 438 1692 1691
f 440 1693 1692
f 1691 1692 1693
f 118 1694 1696
f 439 1695 1694
f 438 1696 1695
f 1694 1695 1696
f 117 1697 1699
f 440 1698 1697
f 439 1699 1698
f 1697 1698 1699
f 438 1695 1692
f 439 1698 1695
f 440 1692 1698
f 1695 1698 1692
f 116 1690 1676
f 436 1700 1690
f 433 1676 1700
f 1690 1700 1676
f 117 1699 1685
f 439 1701 1699
f 436 1685 1701
f 1699 1701 1685
f 118 1681 1694
f 433 1702 1681
f 439 1694 1702
f 1681 1702 1694
f 436 1701 1700
f 439 1702 1701
f 433 1700 1702
f 1701 1702 1700
f 5 1703 1705
f 441 1704 1703
f 443 1705 1704
f 1703 1704 1705
f 119 1706 1708
f 442 1707 1706
f 441 1708 1707
f 1706 1707 1708
f 121 1709 1711
f 443 1710 1709
f 442 1711 1710
f 1709 1710 1711
f 441 1707 1704
f 442 1710 1707
f 443 1704 1710
f 1707 1710 1704
f 35 1712 1714
f 444 1713 1712
f 446 1714 1713
f 1712 1713 1714
f 120 1715 1717
f 445 1716 1715
f 444 1717 1716
f 1715 1716 1717
f 119 1718 1720
f 446 1719 1718
f 445 1720 1719
f 1718 1719 1720
f 444 1716 1713
f 445 1719 1716
f 446 1713 1719
f 1716 1719 1713
f 34 1721 1723
f 447 1722 1721
f 449 1723 1722
f 1721 1722 1723
f 121 1724 1726
f 448 1725 1724
f 447 1726 1725
f 1724 1725 1726
f 120 1727 1729
f 449 1728 1727
f 448 1729 1728
f 1727 1728 1729
f 447 1725 1722
f 448 1728 1725
f 449 1722 1728
f 1725 1728 1722
f 119 1720 1706
f 445 1730 1720
f 442 1706 1730
f 1720 1730 1706
f 120 1729 1715
f 448 1731 1729
f 445 1715 1731
f 1729 1731 1715
f 121 1711 1724
f 442 1732 1711
f 448 1724 1732
f 1711 1732 1724
f 445 1731 1730
f 448 1732 1731
f 442 1730 1732
f 1731 1732 1730
f 33 1693 1652
f 440 1733 1693
f 426 1652 1733
f 1693 1733 1652
f 117 1734 1697
f 450 1735 1734
f 440 1697 1735
f 1734 1735 1697
f 114 1657 1737
f 426 1736 1657
f 450 1737 1736
f 1657 1736 1737
f 440 1735 1733
f 450 1736 1735
f 426 1733 1736
f 1735 1736 1733
f 34 1723 1682
f 449 1738 1723
f 435 1682 1738
f 1723 1738 1682
f 120 1739 1727
f 451 1740 1739
f 449 1727 1740
f 1739 1740 1727
f 117 1687 1742
f 435 1741 1687
f 451 1742 1741
f 1687 1741 1742
f 449 1740 1738
f 451 1741 1740
f 435 1738 1741
f 1740 1741 1738
f 35 1663 1712
f 431 1743 1663
f 444 1712 1743
f 1663 1743 1712
f 114 1744 1667
f 452 1745 1744
f 431 1667 1745
f 1744 1745 1667
f 120 1717 1747
f 444 1746 1717
f 452 1747 1746
f 1717 1746 1747
f 431 1745 1743
f 452 1746 1745
f 444 1743 1746
f 1745 1746 1743
f 117 1742 1734
f 451 1748 1742
f 450 1734 1748
f 1742 1748 1734
f 120 1747 1739
f 452 1749 1747
f 451 1739 1749
f 1747 1749 1739
f 114 1737 1744
f 450 1750 1737
f 452 1744 1750
f 1737 1750 1744
f 451 1749 1748
f 452 1750 1749
f 450 1748 1750
f 1749 1750 1748
f 4 1645 1752
f 425 1751 1645
f 454 1752 1751
f 1645 1751 1752
f 115 1753 1649
f 453 1754 1753
f 425 1649 1754
f 1753 1754 1649
f 123 1755 1757
f 454 1756 1755
f 453 1757 1756
f 1755 1756 1757
f 425 1754 1751
f 453 1756 1754
f 454 1751 1756
f 1754 1756 1751
f 35 1758 1661
f 455 1759 1758
f 429 1661 1759
f 1758 1759 1661
f 122 1760 1762
f 456 1761 1760
f 455 1762 1761
f 1760 1761 1762
f 115 1666 1764
f 429 1763 1666
f 456 1764 1763
f 1666 1763 1764
f 455 1761 1759
f 456 1763 1761
f 429 1759 1763
f 1761 1763 1759
f 37 1765 1767
f 457 1766 1765
f 459 1767 1766
f 1765 1766 1767
f 123 1768 1770
f 458 1769 1768
f 457 1770 1769
f 1768 1769 1770
f 122 1771 1773
f 459 1772 1771
f 458 1773 1772
f 1771 1772 1773
f 457 1769 1766
f 458 1772 1769
f 459 1766 1772
f 1769 1772 1766
f 115 1764 1753
f 456 1774 1764
f 453 1753 1774
f 1764 1774 1753
f 122 1773 1760
f 458 1775 1773
f 456 1760 1775
f 1773 1775 1760
f 123 1757 1768
f 453 1776 1757
f 458 1768 1776
f 1757 1776 1768
f 456 1775 1774
f 458 1776 1775
f 453 1774 1776
f 1775 1776 1774
f 5 1777 1703
f 460 1778 1777
f 441 1703 1778
f 1777 1778 1703
f 124 1779 1781
f 461 1780 1779
f 460 1781 1780
f 1779 1780 1781
f 119 1708 1783
f 441 1782 1708
f 461 1783 1782
f 1708 1782 1783
f 460 1780 1778
f 461 1782 1780
f 441 1778 1782
f 1780 1782 1778
f 36 1784 1786
f 462 1785 1784
f 464 1786 1785
f 1784 1785 1786
f 125 1787 1789
f 463 1788 1787
f 462 1789 1788
f 1787 1788 1789
f 124 1790 1792
f 464 1791 1790
f 463 1792 1791
f 1790 1791 1792
f 462 1788 1785
f 463 1791 1788
f 464 1785 1791
f 1788 1791 1785
f 35 1714 1794
f 446 1793 1714
f 466 1794 1793
f 1714 1793 1794
f 119 1795 1718
f 465 1796 1795
f 446 1718 1796
f 1795 1796 1718
f 125 1797 1799
f 466 1798 1797
f 465 1799 1798
f 1797 1798 1799
f 446 1796 1793
f 465 1798 1796
f 466 1793 1798
f 1796 1798 1793
f 124 1792 1779
f 463 1800 1792
f 461 1779 1800
f 1792 1800 1779
f 125 1799 1787
f 465 1801 1799
f 463 1787 1801
f 1799 1801 1787
f 119 1783 1795
f 461 1802 1783
f 465 1795 1802
f 1783 1802 1795
f 463 1801 1800
f 465 1802 1801
f 461 1800 1802
f 1801 1802 1800
f 3 1803 1805
f 467 1804 1803
f 469 1805 1804
f 1803 1804 1805
f 126 1806 1808
f 468 1807 1806
f 467 1808 1807
f 1806 1807 1808
f 128 1809 1811
f 469 1810 1809
f 468 1811 1810
f 1809 1810 1811
f 467 1807 1804
f 468 1810 1807
f 469 1804 1810
f 1807 1810 1804
f 37 1812 1814
f 470 1813 1812
f 472 1814 1813
f 1812 1813 1814
f 127 1815 1817
f 471 1816 1815
f 470 1817 1816
f 1815 1816 1817
f 126 1818 1820
f 472 1819 1818
f 471 1820 1819
f 1818 1819 1820
f 470 1816 1813
f 471 1819 1816
f 472 1813 1819
f 1816 1819 1813
f 36 1821 1823
f 473 1822 1821
f 475 1823 1822
f 1821 1822 1823
f 128 1824 1826
f 474 1825 1824
f 473 1826 1825
f 1824 1825 1826
f 127 1827 1829
f 475 1828 1827
f 474 1829 1828
f 1827 1828 1829
f 473 1825 1822
f 474 1828 1825
f 475 1822 1828
f 1825 1828 1822
f 126 1820 1806
f 471 1830 1820
f 468 1806 1830
f 1820 1830 1806
f 127 1829 1815
f 474 1831 1829
f 471 1815 1831
f 1829 1831 1815
f 128 1811 1824
f 468 1832 1811
f 474 1824 1832
f 1811 1832 1824
f 471 1831 1830
f 474 1832 1831
f 468 1830 1832
f 1831 1832 1830
f 35 1794 1758
f 466 1833 1794
f 455 1758 1833
f 1794 1833 1758
f 125 1834 1797
f 476 1835 1834
f 466 1797 1835
f 1834 1835 1797
f 122 1762 1837
f 455 1836 1762
f 476 1837 1836
f 1762 1836 1837
f 466 1835 1833
f 476 1836 1835
f 455 1833 1836
f 1835 1836 1833
f 36 1823 1784
f 475 1838 1823
f 462 1784 1838
f 1823 1838 1784
f 127 1839 1827
f 477 1840 1839
f 475 1827 1840
f 1839 1840 1827
f 125 1789 1842
f 462 1841 1789
f 477 1842 1841
f 1789 1841 1842
f 475 1840 1838
f 477 1841 1840
f 462 1838 1841
f 1840 1841 1838
f 37 1767 1812
f 459 1843 1767
f 470 1812 1843
f 1767 1843 1812
f 122 1844 1771
f 478 1845 1844
f 459 1771 1845
f 1844 1845 1771
f 127 1817 1847
f 470 1846 1817
f 478 1847 1846
f 1817 1846 1847
f 459 1845 1843
f 478 1846 1845
f 470 1843 1846
f 1845 1846 1843
f 125 1842 1834
f 477 1848 1842
f 476 1834 1848
f 1842 1848 1834
f 127 1847 1839
f 478 1849 1847
f 477 1839 1849
f 1847 1849 1839
f 122 1837 1844
f 476 1850 1837
f 478 1844 1850
f 1837 1850 1844
f 477 1849 1848
f 478 1850 1849
f 476 1848 1850
f 1849 1850 1848
f 4 1752 1852
f 454 1851 1752
f 480 1852 1851
f 1752 1851 1852
f 123 1853 1755
f 479 1854 1853
f 454 1755 1854
f 1853 1854 1755
f 130 1855 1857
f 480 1856 1855
f 479 1857 1856
f 1855 1856 1857
f 454 1854 1851
f 479 1856 1854
f 480 1851 1856
f 1854 1856 1851
f 37 1858 1765
f 481 1859 1858
f 457 1765 1859
f 1858 1859 1765
f 129 1860 1862
f 482 1861 1860
f 481 1862 1861
f 1860 1861 1862
f 123 1770 1864
f 457 1863 1770
f 482 1864 1863
f 1770 1863 1864
f 481 1861 1859
f 482 1863 1861
f 457 1859 1863
f 1861 1863 1859
f 39 1865 1867
f 483 1866 1865
f 485 1867 1866
f 1865 1866 1867
f 130 1868 1870
f 484 1869 1868
f 483 1870 1869
f 1868 1869 1870
f 129 1871 1873
f 485 1872 1871
f 484 1873 1872
f 1871 1872 1873
f 483 1869 1866
f 484 1872 1869
f 485 1866 1872
f 1869 1872 1866
f 123 1864 1853
f 482 1874 1864
f 479 1853 1874
f 1864 1874 1853
f 129 1873 1860
f 484 1875 1873
f 482 1860 1875
f 1873 1875 1860
f 130 1857 1868
f 479 1876 1857
f 484 1868 1876
f 1857 1876 1868
f 482 1875 1874
f 484 1876 1875
f 479 1874 1876
f 1875 1876 1874
f 3 1877 1803
f 486 1878 1877
f 467 1803 1878
f 1877 1878 1803
f 131 1879 1881
f 487 1880 1879
f 486 1881 1880
f 1879 1880 1881
f 126 1808 1883
f 467 1882 1808
f 487 1883 1882
f 1808 1882 1883
f 486 1880 1878
f 487 1882 1880
f 467 1878 1882
f 1880 1882 1878
f 38 1884 1886
f 488 1885 1884
f 490 1886 1885
f 1884 1885 1886
f 132 1887 1889
f 489 1888 1887
f 488 1889 1888
f 1887 1888 1889
f 131 1890 1892
f 490 1891 1890
f 489 1892 1891
f 1890 1891 1892
f 488 1888 1885
f 489 1891 1888
f 490 1885 1891
f 1888 1891 1885
f 37 1814 1894
f 472 1893 1814
f 492 1894 1893
f 1814 1893 1894
f 126 1895 1818
f 491 1896 1895
f 472 1818 1896
f 1895 1896 1818
f 132 1897 1899
f 492 1898 1897
f 491 1899 1898
f 1897 1898 1899
f 472 1896 1893
f 491 1898 1896
f 492 1893 1898
f 1896 1898 1893
f 131 1892 1879
f 489 1900 1892
f 487 1879 1900
f 1892 1900 1879
f 132 1899 1887
f 491 1901 1899
f 489 1887 1901
f 1899 1901 1887
f 126 1883 1895
f 487 1902 1883
f 491 1895 1902
f 1883 1902 1895
f 489 1901 1900
f 491 1902 1901
f 487 1900 1902
f 1901 1902 1900
f 7 1903 1905
f 493 1904 1903
f 495 1905 1904
f 1903 1904 1905
f 133 1906 1908
f 494 1907 1906
f 493 1908 1907
f 1906 1907 1908
f 135 1909 1911
f 495 1910 1909
f 494 1911 1910
f 1909 1910 1911
f 493 1907 1904
f 494 1910 1907
f 495 1904 1910
f 1907 1910 1904
f 39 1912 1914
f 496 1913 1912
f 498 1914 1913
f 1912 1913 1914
f 134 1915 1917
f 497 1916 1915
f 496 1917 1916
f 1915 1916 1917
f 133 1918 1920
f 498 1919 1918
f 497 1920 1919
f 1918 1919 1920
f 496 1916 1913
f 497 1919 1916
f 498 1913 1919
f 1916 1919 1913
f 38 1921 1923
f 499 1922 1921
f 501 1923 1922
f 1921 1922 1923
f 135 1924 1926
f 500 1925 1924
f 499 1926 1925
f 1924 1925 1926
f 134 1927 1929
f 501 1928 1927
f 500 1929 1928
f 1927 1928 1929
f 499 1925 1922
f 500 1928 1925
f 501 1922 1928
f 1925 1928 1922
f 133 1920 1906
f 497 1930 1920
f 494 1906 1930
f 1920 1930 1906
f 134 1929 1915
f 500 1931 1929
f 497 1915 1931
f 1929 1931 1915
f 135 1911 1924
f 494 1932 1911
f 500 1924 1932
f 1911 1932 1924
f 497 1931 1930
f 500 1932 1931
f 494 1930 1932
f 1931 1932 1930
f 37 1894 1858
f 492 1933 1894
f 481 1858 1933
f 1894 1933 1858
f 132 1934 1897
f 502 1935 1934
f 492 1897 1935
f 1934 1935 1897
f 129 1862 1937
f 481 1936 1862
f 502 1937 1936
f 1862 1936 1937
f 492 1935 1933
f 502 1936 1935
f 481 1933 1936
f 1935 1936 1933
f 38 1923 1884
f 501 1938 1923
f 488 1884 1938
f 1923 1938 1884
f 134 1939 1927
f 503 1940 1939
f 501 1927 1940
f 1939 1940 1927
f 132 1889 1942
f 488 1941 1889
f 503 1942 1941
f 1889 1941 1942
f 501 1940 1938
f 503 1941 1940
f 488 1938 1941
f 1940 1941 1938
f 39 1867 1912
f 485 1943 1867
f 496 1912 1943
f 1867 1943 1912
f 129 1944 1871
f 504 1945 1944
f 485 1871 1945
f 1944 1945 1871
f 134 1917 1947
f 496 1946 1917
f 504 1947 1946
f 1917 1946 1947
f 485 1945 1943
f 504 1946 1945
f 496 1943 1946
f 1945 1946 1943
f 132 1942 1934
f 503 1948 1942
f 502 1934 1948
f 1942 1948 1934
f 134 1947 1939
f 504 1949 1947
f 503 1939 1949
f 1947 1949 1939
f 129 1937 1944
f 502 1950 1937
f 504 1944 1950
f 1937 1950 1944
f 503 1949 1948
f 504 1950 1949
f 502 1948 1950
f 1949 1950 1948
f 4 1852 1952
f 480 1951 1852
f 506 1952 1951
f 1852 1951 1952
f 130 1953 1855
f 505 1954 1953
f 480 1855 1954
f 1953 1954 1855
f 137 1955 1957
f 506 1956 1955
f 505 1957 1956
f 1955 1956 1957
f 480 1954 1951
f 505 1956 1954
f 506 1951 1956
f 1954 1956 1951
f 39 1958 1865
f 507 1959 1958
f 483 1865 1959
f 1958 1959 1865
f 136 1960 1962
f 508 1961 1960
f 507 1962 1961
f 1960 1961 1962
f 130 1870 1964
f 483 1963 1870
f 508 1964 1963
f 1870 1963 1964
f 507 1961 1959
f 508 1963 1961
f 483 1959 1963
f 1961 1963 1959
f 41 1965 1967
f 509 1966 1965
f 511 1967 1966
f 1965 1966 1967
f 137 1968 1970
f 510 1969 1968
f 509 1970 1969
f 1968 1969 1970
f 136 1971 1973
f 511 1972 1971
f 510 1973 1972
f 1971 1972 1973
f 509 1969 1966
f 510 1972 1969
f 511 1966 1972
f 1969 1972 1966
f 130 1964 1953
f 508 1974 1964
f 505 1953 1974
f 1964 1974 1953
f 136 1973 1960
f 510 1975 1973
f 508 1960 1975
f 1973 1975 1960
f 137 1957 1968
f 505 1976 1957
f 510 1968 1976
f 1957 1976 1968
f 508 1975 1974
f 510 1976 1975
f 505 1974 1976
f 1975 1976 1974
f 7 1977 1903
f 512 1978 1977
f 493 1903 1978
f 1977 1978 1903
f 138 1979 1981
f 513 1980 1979
f 512 1981 1980
f 1979 1980 1981
f 133 1908 1983
f 493 1982 1908
f 513 1983 1982
f 1908 1982 1983
f 512 1980 1978
f 513 1982 1980
f 493 1978 1982
f 1980 1982 1978
f 40 1984 1986
f 514 1985 1984
f 516 1986 1985
f 1984 1985 1986
f 139 1987 1989
f 515 1988 1987
f 514 1989 1988
f 1987 1988 1989
f 138 1990 1992
f 516 1991 1990
f 515 1992 1991
f 1990 1991 1992
f 514 1988 1985
f 515 1991 1988
f 516 1985 1991
f 1988 1991 1985
f 39 1914 1994
f 498 1993 1914
f 518 1994 1993
f 1914 1993 1994
f 133 1995 1918
f 517 1996 1995
f 498 1918 1996
f 1995 1996 1918
f 139 1997 1999
f 518 1998 1997
f 517 1999 1998
f 1997 1998 1999
f 498 1996 1993
f 517 1998 1996
f 518 1993 1998
f 1996 1998 1993
f 138 1992 1979
f 515 2000 1992
f 513 1979 2000
f 1992 2000 1979
f 139 1999 1987
f 517 2001 1999
f 515 1987 2001
f 1999 2001 1987
f 133 1983 1995
f 513 2002 1983
f 517 1995 2002
f 1983 2002 1995
f 515 2001 2000
f 517 2002 2001
f 513 2000 2002
f 2001 2002 2000
f 9 2003 2005
f 519 2004 2003
f 521 2005 2004
f 2003 2004 2005
f 140 2006 2008
f 520 2007 2006
f 519 2008 2007
f 2006 2007 2008
f 142 2009 2011
f 521 2010 2009
f 520 2011 2010
f 2009 2010 2011
f 519 2007 2004
f 520 2010 2007
f 521 2004 2010
f 2007 2010 2004
f 41 2012 2014
f 522 2013 2012
f 524 2014 2013
f 2012 2013 2014
f 141 2015 2017
f 523 2016 2015
f 522 2017 2016
f 2015 2016 2017
f 140 2018 2020
f 524 2019 2018
f 523 2020 2019
f 2018 2019 2020
f 522 2016 2013
f 523 2019 2016
f 524 2013 2019
f 2016 2019 2013
f 40 2021 2023
f 525 2022 2021
f 527 2023 2022
f 2021 2022 2023
f 142 2024 2026
f 526 2025 2024
f 525 2026 2025
f 2024 2025 2026
f 141 2027 2029
f 527 2028 2027
f 526 2029 2028
f 2027 2028 2029
f 525 2025 2022
f 526 2028 2025
f 527 2022 2028
f 2025 2028 2022
f 140 2020 2006
f 523 2030 2020
f 520 2006 2030
f 2020 2030 2006
f 141 2029 2015
f 526 2031 2029
f 523 2015 2031
f 2029 2031 2015
f 142 2011 2024
f 520 2032 2011
f 526 2024 2032
f 2011 2032 2024
f 523 2031 2030
f 526 2032 2031
f 520 2030 2032
f 2031 2032 2030
f 39 1994 1958
f 518 2033 1994
f 507 1958 2033
f 1994 2033 1958
f 139 2034 1997
f 528 2035 2034
f 518 1997 2035
f 2034 2035 1997
f 136 1962 2037
f 507 2036 1962
f 528 2037 2036
f 1962 2036 2037
f 518 2035 2033
f 528 2036 2035
f 507 2033 2036
f 2035 2036 2033
f 40 2023 1984
f 527 2038 2023
f 514 1984 2038
f 2023 2038 1984
f 141 2039 2027
f 529 2040 2039
f 527 2027 2040
f 2039 2040 2027
f 139 1989 2042
f 514 2041 1989
f 529 2042 2041
f 1989 2041 2042
f 527 2040 2038
f 529 2041 2040
f 514 2038 2041
f 2040 2041 2038
f 41 1967 2012
f 511 2043 1967
f 522 2012 2043
f 1967 2043 2012
f 136 2044 1971
f 530 2045 2044
f 511 1971 2045
f 2044 2045 1971
f 141 2017 2047
f 522 2046 2017
f 530 2047 2046
f 2017 2046 2047
f 511 2045 2043
f 530 2046 2045
f 522 2043 2046
f 2045 2046 2043
f 139 2042 2034
f 529 2048 2042
f 528 2034 2048
f 2042 2048 2034
f 141 2047 2039
f 530 2049 2047
f 529 2039 2049
f 2047 2049 2039
f 136 2037 2044
f 528 2050 2037
f 530 2044 2050
f 2037 2050 2044
f 529 2049 2048
f 530 2050 2049
f 528 2048 2050
f 2049 2050 2048
f 4 1952 1643
f 506 2051 1952
f 423 1643 2051
f 1952 2051 1643
f 137 2052 1955
f 531 2053 2052
f 506 1955 2053
f 2052 2053 1955
f 113 1648 2055
f 423 2054 1648
f 531 2055 2054
f 1648 2054 2055
f 506 2053 2051
f 531 2054 2053
f 423 2051 2054
f 2053 2054 2051
f 41 2056 1965
f 532 2057 2056
f 509 1965 2057
f 2056 2057 1965
f 143 2058 2060
f 533 2059 2058
f 532 2060 2059
f 2058 2059 2060
f 137 1970 2062
f 509 2061 1970
f 533 2062 2061
f 1970 2061 2062
f 532 2059 2057
f 533 2061 2059
f 509 2057 2061
f 2059 2061 2057
f 33 1654 2064
f 428 2063 1654
f 535 2064 2063
f 1654 2063 2064
f 113 2065 1658
f 534 2066 2065
f 428 1658 2066
f 2065 2066 1658
f 143 2067 2069
f 535 2068 2067
f 534 2069 2068
f 2067 2068 2069
f 428 2066 2063
f 534 2068 2066
f 535 2063 2068
f 2066 2068 2063
f 137 2062 2052
f 533 2070 2062
f 531 2052 2070
f 2062 2070 2052
f 143 2069 2058
f 534 2071 2069
f 533 2058 2071
f 2069 2071 2058
f 113 2055 2065
f 531 2072 2055
f 534 2065 2072
f 2055 2072 2065
f 533 2071 2070
f 534 2072 2071
f 531 2070 2072
f 2071 2072 2070
f 9 2073 2003
f 536 2074 2073
f 519 2003 2074
f 2073 2074 2003
f 144 2075 2077
f 537 2076 2075
f 536 2077 2076
f 2075 2076 2077
f 140 2008 2079
f 519 2078 2008
f 537 2079 2078
f 2008 2078 2079
f 536 2076 2074
f 537 2078 2076
f 519 2074 2078
f 2076 2078 2074
f 42 2080 2082
f 538 2081 2080
f 540 2082 2081
f 2080 2081 2082
f 145 2083 2085
f 539 2084 2083
f 538 2085 2084
f 2083 2084 2085
f 144 2086 2088
f 540 2087 2086
f 539 2088 2087
f 2086 2087 2088
f 538 2084 2081
f 539 2087 2084
f 540 2081 2087
f 2084 2087 2081
f 41 2014 2090
f 524 2089 2014
f 542 2090 2089
f 2014 2089 2090
f 140 2091 2018
f 541 2092 2091
f 524 2018 2092
f 2091 2092 2018
f 145 2093 2095
f 542 2094 2093
f 541 2095 2094
f 2093 2094 2095
f 524 2092 2089
f 541 2094 2092
f 542 2089 2094
f 2092 2094 2089
f 144 2088 2075
f 539 2096 2088
f 537 2075 2096
f 2088 2096 2075
f 145 2095 2083
f 541 2097 2095
f 539 2083 2097
f 2095 2097 2083
f 140 2079 2091
f 537 2098 2079
f 541 2091 2098
f 2079 2098 2091
f 539 2097 2096
f 541 2098 2097
f 537 2096 2098
f 2097 2098 2096
f 10 1675 2100
f 434 2099 1675
f 544 2100 2099
f 1675 2099 2100
f 118 2101 1679
f 543 2102 2101
f 434 1679 2102
f 2101 2102 1679
f 147 2103 2105
f 544 2104 2103
f 543 2105 2104
f 2103 2104 2105
f 434 2102 2099
f 543 2104 2102
f 544 2099 2104
f 2102 2104 2099
f 33 2106 1691
f 545 2107 2106
f 438 1691 2107
f 2106 2107 1691
f 146 2108 2110
f 546 2109 2108
f 545 2110 2109
f 2108 2109 2110
f 118 1696 2112
f 438 2111 1696
f 546 2112 2111
f 1696 2111 2112
f 545 2109 2107
f 546 2111 2109
f 438 2107 2111
f 2109 2111 2107
f 42 2113 2115
f 547 2114 2113
f 549 2115 2114
f 2113 2114 2115
f 147 2116 2118
f 548 2117 2116
f 547 2118 2117
f 2116 2117 2118
f 146 2119 2121
f 549 2120 2119
f 548 2121 2120
f 2119 2120 2121
f 547 2117 2114
f 548 2120 2117
f 549 2114 2120
f 2117 2120 2114
f 118 2112 2101
f 546 2122 2112
f 543 2101 2122
f 2112 2122 2101
f 146 2121 2108
f 548 2123 2121
f 546 2108 2123
f 2121 2123 2108
f 147 2105 2116
f 543 2124 2105
f 548 2116 2124
f 2105 2124 2116
f 546 2123 2122
f 548 2124 2123
f 543 2122 2124
f 2123 2124 2122
f 41 2090 2056
f 542 2125 2090
f 532 2056 2125
f 2090 2125 2056
f 145 2126 2093
f 550 2127 2126
f 542 2093 2127
f 2126 2127 2093
f 143 2060 2129
f 532 2128 2060
f 550 2129 2128
f 2060 2128 2129
f 542 2127 2125
f 550 2128 2127
f 532 2125 2128
f 2127 2128 2125
f 42 2115 2080
f 549 2130 2115
f 538 2080 2130
f 2115 2130 2080
f 146 2131 2119
f 551 2132 2131
f 549 2119 2132
f 2131 2132 2119
f 145 2085 2134
f 538 2133 2085
f 551 2134 2133
f 2085 2133 2134
f 549 2132 2130
f 551 2133 2132
f 538 2130 2133
f 2132 2133 2130
f 33 2064 2106
f 535 2135 2064
f 545 2106 2135
f 2064 2135 2106
f 143 2136 2067
f 552 2137 2136
f 535 2067 2137
f 2136 2137 2067
f 146 2110 2139
f 545 2138 2110
f 552 2139 2138
f 2110 2138 2139
f 535 2137 2135
f 552 2138 2137
f 545 2135 2138
f 2137 2138 2135
f 145 2134 2126
f 551 2140 2134
f 550 2126 2140
f 2134 2140 2126
f 146 2139 2131
f 552 2141 2139
f 551 2131 2141
f 2139 2141 2131
f 143 2129 2136
f 550 2142 2129
f 552 2136 2142
f 2129 2142 2136
f 551 2141 2140
f 552 2142 2141
f 550 2140 2142
f 2141 2142 2140
f 5 1705 1295
f 443 2143 1705
f 333 1295 2143
f 1705 2143 1295
f 121 2144 1709
f 553 2145 2144
f 443 1709 2145
f 2144 2145 1709
f 89 1300 2147
f 333 2146 1300
f 553 2147 2146
f 1300 2146 2147
f 443 2145 2143
f 553 2146 2145
f 333 2143 2146
f 2145 2146 2143
f 34 2148 1721
f 554 2149 2148
f 447 1721 2149
f 2148 2149 1721
f 148 2150 2152
f 555 2151 2150
f 554 2152 2151
f 2150 2151 2152
f 121 1726 2154
f 447 2153 1726
f 555 2154 2153
f 1726 2153 2154
f 554 2151 2149
f 555 2153 2151
f 447 2149 2153
f 2151 2153 2149
f 26 1306 2156
f 338 2155 1306
f 557 2156 2155
f 1306 2155 2156
f 89 2157 1310
f 556 2158 2157
f 338 1310 2158
f 2157 2158 1310
f 148 2159 2161
f 557 2160 2159
f 556 2161 2160
f 2159 2160 2161
f 338 2158 2155
f 556 2160 2158
f 557 2155 2160
f 2158 2160 2155
f 121 2154 2144
f 555 2162 2154
f 553 2144 2162
f 2154 2162 2144
f 148 2161 2150
f 556 2163 2161
f 555 2150 2163
f 2161 2163 2150
f 89 2147 2157
f 553 2164 2147
f 556 2157 2164
f 2147 2164 2157
f 555 2163 2162
f 556 2164 2163
f 553 2162 2164
f 2163 2164 2162
f 10 1197 1673
f 309 2165 1197
f 432 1673 2165
f 1197 2165 1673
f 84 2166 1201
f 558 2167 2166
f 309 1201 2167
f 2166 2167 1201
f 116 1678 2169
f 432 2168 1678
f 558 2169 2168
f 1678 2168 2169
f 309 2167 2165
f 558 2168 2167
f 432 2165 2168
f 2167 2168 2165
f 23 2170 1213
f 559 2171 2170
f 313 1213 2171
f 2170 2171 1213
f 149 2172 2174
f 560 2173 2172
f 559 2174 2173
f 2172 2173 2174
f 84 1218 2176
f 313 2175 1218
f 560 2176 2175
f 1218 2175 2176
f 559 2173 2171
f 560 2175 2173
f 313 2171 2175
f 2173 2175 2171
f 34 1684 2178
f 437 2177 1684
f 562 2178 2177
f 1684 2177 2178
f 116 2179 1688
f 561 2180 2179
f 437 1688 2180
f 2179 2180 1688
f 149 2181 2183
f 562 2182 2181
f 561 2183 2182
f 2181 2182 2183
f 437 2180 2177
f 561 2182 2180
f 562 2177 2182
f 2180 2182 2177
f 84 2176 2166
f 560 2184 2176
f 558 2166 2184
f 2176 2184 2166
f 149 2183 2172
f 561 2185 2183
f 560 2172 2185
f 2183 2185 2172
f 116 2169 2179
f 558 2186 2169
f 561 2179 2186
f 2169 2186 2179
f 560 2185 2184
f 561 2186 2185
f 558 2184 2186
f 2185 2186 2184
f 6 1244 1169
f 320 2187 1244
f 300 1169 2187
f 1244 2187 1169
f 86 2188 1247
f 563 2189 2188
f 320 1247 2189
f 2188 2189 1247
f 80 1173 2191
f 300 2190 1173
f 563 2191 2190
f 1173 2190 2191
f 320 2189 2187
f 563 2190 2189
f 300 2187 2190
f 2189 2190 2187
f 26 2192 1257
f 564 2193 2192
f 323 1257 2193
f 2192 2193 1257
f 150 2194 2196
f 565 2195 2194
f 564 2196 2195
f 2194 2195 2196
f 86 1262 2198
f 323 2197 1262
f 565 2198 2197
f 1262 2197 2198
f 564 2195 2193
f 565 2197 2195
f 323 2193 2197
f 2195 2197 2193
f 23 1178 2200
f 304 2199 1178
f 567 2200 2199
f 1178 2199 2200
f 80 2201 1182
f 566 2202 2201
f 304 1182 2202
f 2201 2202 1182
f 150 2203 2205
f 567 2204 2203
f 566 2205 2204
f 2203 2204 2205
f 304 2202 2199
f 566 2204 2202
f 567 2199 2204
f 2202 2204 2199
f 86 2198 2188
f 565 2206 2198
f 563 2188 2206
f 2198 2206 2188
f 150 2205 2194
f 566 2207 2205
f 565 2194 2207
f 2205 2207 2194
f 80 2191 2201
f 563 2208 2191
f 566 2201 2208
f 2191 2208 2201
f 565 2207 2206
f 566 2208 2207
f 563 2206 2208
f 2207 2208 2206
f 34 2178 2148
f 562 2209 2178
f 554 2148 2209
f 2178 2209 2148
f 149 2210 2181
f 568 2211 2210
f 562 2181 2211
f 2210 2211 2181
f 148 2152 2213
f 554 2212 2152
f 568 2213 2212
f 2152 2212 2213
f 562 2211 2209
f 568 2212 2211
f 554 2209 2212
f 2211 2212 2209
f 23 2200 2170
f 567 2214 2200
f 559 2170 2214
f 2200 2214 2170
f 150 2215 2203
f 569 2216 2215
f 567 2203 2216
f 2215 2216 2203
f 149 2174 2218
f 559 2217 2174
f 569 2218 2217
f 2174 2217 2218
f 567 2216 2214
f 569 2217 2216
f 559 2214 2217
f 2216 2217 2214
f 26 2156 2192
f 557 2219 2156
f 564 2192 2219
f 2156 2219 2192
f 148 2220 2159
f 570 2221 2220
f 557 2159 2221
f 2220 2221 2159
f 150 2196 2223
f 564 2222 2196
f 570 2223 2222
f 2196 2222 2223
f 557 2221 2219
f 570 2222 2221
f 564 2219 2222
f 2221 2222 2219
f 149 2218 2210
f 569 2224 2218
f 568 2210 2224
f 2218 2224 2210
f 150 2223 2215
f 570 2225 2223
f 569 2215 2225
f 2223 2225 2215
f 148 2213 2220
f 568 2226 2213
f 570 2220 2226
f 2213 2226 2220
f 569 2225 2224
f 570 2226 2225
f 568 2224 2226
f 2225 2226 2224
f 3 1805 1395
f 469 2227 1805
f 359 1395 2227
f 1805 2227 1395
f 128 2228 1809
f 571 2229 2228
f 469 1809 2229
f 2228 2229 1809
f 96 1400 2231
f 359 2230 1400
f 571 2231 2230
f 1400 2230 2231
f 469 2229 2227
f 571 2230 2229
f 359 2227 2230
f 2229 2230 2227
f 36 2232 1821
f 572 2233 2232
f 473 1821 2233
f 2232 2233 1821
f 151 2234 2236
f 573 2235 2234
f 572 2236 2235
f 2234 2235 2236
f 128 1826 2238
f 473 2237 1826
f 573 2238 2237
f 1826 2237 2238
f 572 2235 2233
f 573 2237 2235
f 473 2233 2237
f 2235 2237 2233
f 28 1406 2240
f 364 2239 1406
f 575 2240 2239
f 1406 2239 2240
f 96 2241 1410
f 574 2242 2241
f 364 1410 2242
f 2241 2242 1410
f 151 2243 2245
f 575 2244 2243
f 574 2245 2244
f 2243 2244 2245
f 364 2242 2239
f 574 2244 2242
f 575 2239 2244
f 2242 2244 2239
f 128 2238 2228
f 573 2246 2238
f 571 2228 2246
f 2238 2246 2228
f 151 2245 2234
f 574 2247 2245
f 573 2234 2247
f 2245 2247 2234
f 96 2231 2241
f 571 2248 2231
f 574 2241 2248
f 2231 2248 2241
f 573 2247 2246
f 574 2248 2247
f 571 2246 2248
f 2247 2248 2246
f 5 1297 1777
f 335 2249 1297
f 460 1777 2249
f 1297 2249 1777
f 91 2250 1301
f 576 2251 2250
f 335 1301 2251
f 2250 2251 1301
f 124 1781 2253
f 460 2252 1781
f 576 2253 2252
f 1781 2252 2253
f 335 2251 2249
f 576 2252 2251
f 460 2249 2252
f 2251 2252 2249
f 25 2254 1313
f 577 2255 2254
f 339 1313 2255
f 2254 2255 1313
f 152 2256 2258
f 578 2257 2256
f 577 2258 2257
f 2256 2257 2258
f 91 1318 2260
f 339 2259 1318
f 578 2260 2259
f 1318 2259 2260
f 577 2257 2255
f 578 2259 2257
f 339 2255 2259
f 2257 2259 2255
f 36 1786 2262
f 464 2261 1786
f 580 2262 2261
f 1786 2261 2262
f 124 2263 1790
f 579 2264 2263
f 464 1790 2264
f 2263 2264 1790
f 152 2265 2267
f 580 2266 2265
f 579 2267 2266
f 2265 2266 2267
f 464 2264 2261
f 579 2266 2264
f 580 2261 2266
f 2264 2266 2261
f 91 2260 2250
f 578 2268 2260
f 576 2250 2268
f 2260 2268 2250
f 152 2267 2256
f 579 2269 2267
f 578 2256 2269
f 2267 2269 2256
f 124 2253 2263
f 576 2270 2253
f 579 2263 2270
f 2253 2270 2263
f 578 2269 2268
f 579 2270 2269
f 576 2268 2270
f 2269 2270 2268
f 12 1344 1269
f 346 2271 1344
f 326 1269 2271
f 1344 2271 1269
f 93 2272 1347
f 581 2273 2272
f 346 1347 2273
f 2272 2273 1347
f 87 1273 2275
f 326 2274 1273
f 581 2275 2274
f 1273 2274 2275
f 346 2273 2271
f 581 2274 2273
f 326 2271 2274
f 2273 2274 2271
f 28 2276 1357
f 582 2277 2276
f 349 1357 2277
f 2276 2277 1357
f 153 2278 2280
f 583 2279 2278
f 582 2280 2279
f 2278 2279 2280
f 93 1362 2282
f 349 2281 1362
f 583 2282 2281
f 1362 2281 2282
f 582 2279 2277
f 583 2281 2279
f 349 2277 2281
f 2279 2281 2277
f 25 1278 2284
f 330 2283 1278
f 585 2284 2283
f 1278 2283 2284
f 87 2285 1282
f 584 2286 2285
f 330 1282 2286
f 2285 2286 1282
f 153 2287 2289
f 585 2288 2287
f 584 2289 2288
f 2287 2288 2289
f 330 2286 2283
f 584 2288 2286
f 585 2283 2288
f 2286 2288 2283
f 93 2282 2272
f 583 2290 2282
f 581 2272 2290
f 2282 2290 2272
f 153 2289 2278
f 584 2291 2289
f 583 2278 2291
f 2289 2291 2278
f 87 2275 2285
f 581 2292 2275
f 584 2285 2292
f 2275 2292 2285
f 583 2291 2290
f 584 2292 2291
f 581 2290 2292
f 2291 2292 2290
f 36 2262 2232
f 580 2293 2262
f 572 2232 2293
f 2262 2293 2232
f 152 2294 2265
f 586 2295 2294
f 580 2265 2295
f 2294 2295 2265
f 151 2236 2297
f 572 2296 2236
f 586 2297 2296
f 2236 2296 2297
f 580 2295 2293
f 586 2296 2295
f 572 2293 2296
f 2295 2296 2293
f 25 2284 2254
f 585 2298 2284
f 577 2254 2298
f 2284 2298 2254
f 153 2299 2287
f 587 2300 2299
f 585 2287 2300
f 2299 2300 2287
f 152 2258 2302
f 577 2301 2258
f 587 2302 2301
f 2258 2301 2302
f 585 2300 2298
f 587 2301 2300
f 577 2298 2301
f 2300 2301 2298
f 28 2240 2276
f 575 2303 2240
f 582 2276 2303
f 2240 2303 2276
f 151 2304 2243
f 588 2305 2304
f 575 2243 2305
f 2304 2305 2243
f 153 2280 2307
f 582 2306 2280
f 588 2307 2306
f 2280 2306 2307
f 575 2305 2303
f 588 2306 2305
f 582 2303 2306
f 2305 2306 2303
f 152 2302 2294
f 587 2308 2302
f 586 2294 2308
f 2302 2308 2294
f 153 2307 2299
f 588 2309 2307
f 587 2299 2309
f 2307 2309 2299
f 151 2297 2304
f 586 2310 2297
f 588 2304 2310
f 2297 2310 2304
f 587 2309 2308
f 588 2310 2309
f 586 2308 2310
f 2309 2310 2308
f 7 1905 1495
f 495 2311 1905
f 385 1495 2311
f 1905 2311 1495
f 135 2312 1909
f 589 2313 2312
f 495 1909 2313
f 2312 2313 1909
f 103 1500 2315
f 385 2314 1500
f 589 2315 2314
f 1500 2314 2315
f 495 2313 2311
f 589 2314 2313
f 385 2311 2314
f 2313 2314 2311
f 38 2316 1921
f 590 2317 2316
f 499 1921 2317
f 2316 2317 1921
f 154 2318 2320
f 591 2319 2318
f 590 2320 2319
f 2318 2319 2320
f 135 1926 2322
f 499 2321 1926
f 591 2322 2321
f 1926 2321 2322
f 590 2319 2317
f 591 2321 2319
f 499 2317 2321
f 2319 2321 2317
f 30 1506 2324
f 390 2323 1506
f 593 2324 2323
f 1506 2323 2324
f 103 2325 1510
f 592 2326 2325
f 390 1510 2326
f 2325 2326 1510
f 154 2327 2329
f 593 2328 2327
f 592 2329 2328
f 2327 2328 2329
f 390 2326 2323
f 592 2328 2326
f 593 2323 2328
f 2326 2328 2323
f 135 2322 2312
f 591 2330 2322
f 589 2312 2330
f 2322 2330 2312
f 154 2329 2318
f 592 2331 2329
f 591 2318 2331
f 2329 2331 2318
f 103 2315 2325
f 589 2332 2315
f 592 2325 2332
f 2315 2332 2325
f 591 2331 2330
f 592 2332 2331
f 589 2330 2332
f 2331 2332 2330
f 3 1397 1877
f 361 2333 1397
f 486 1877 2333
f 1397 2333 1877
f 98 2334 1401
f 594 2335 2334
f 361 1401 2335
f 2334 2335 1401
f 131 1881 2337
f 486 2336 1881
f 594 2337 2336
f 1881 2336 2337
f 361 2335 2333
f 594 2336 2335
f 486 2333 2336
f 2335 2336 2333
f 27 2338 1413
f 595 2339 2338
f 365 1413 2339
f 2338 2339 1413
f 155 2340 2342
f 596 2341 2340
f 595 2342 2341
f 2340 2341 2342
f 98 1418 2344
f 365 2343 1418
f 596 2344 2343
f 1418 2343 2344
f 595 2341 2339
f 596 2343 2341
f 365 2339 2343
f 2341 2343 2339
f 38 1886 2346
f 490 2345 1886
f 598 2346 2345
f 1886 2345 2346
f 131 2347 1890
f 597 2348 2347
f 490 1890 2348
f 2347 2348 1890
f 155 2349 2351
f 598 2350 2349
f 597 2351 2350
f 2349 2350 2351
f 490 2348 2345
f 597 2350 2348
f 598 2345 2350
f 2348 2350 2345
f 98 2344 2334
f 596 2352 2344
f 594 2334 2352
f 2344 2352 2334
f 155 2351 2340
f 597 2353 2351
f 596 2340 2353
f 2351 2353 2340
f 131 2337 2347
f 594 2354 2337
f 597 2347 2354
f 2337 2354 2347
f 596 2353 2352
f 597 2354 2353
f 594 2352 2354
f 2353 2354 2352
f 11 1444 1369
f 372 2355 1444
f 352 1369 2355
f 1444 2355 1369
f 100 2356 1447
f 599 2357 2356
f 372 1447 2357
f 2356 2357 1447
f 94 1373 2359
f 352 2358 1373
f 599 2359 2358
f 1373 2358 2359
f 372 2357 2355
f 599 2358 2357
f 352 2355 2358
f 2357 2358 2355
f 30 2360 1457
f 600 2361 2360
f 375 1457 2361
f 2360 2361 1457
f 156 2362 2364
f 601 2363 2362
f 600 2364 2363
f 2362 2363 2364
f 100 1462 2366
f 375 2365 1462
f 601 2366 2365
f 1462 2365 2366
f 600 2363 2361
f 601 2365 2363
f 375 2361 2365
f 2363 2365 2361
f 27 1378 2368
f 356 2367 1378
f 603 2368 2367
f 1378 2367 2368
f 94 2369 1382
f 602 2370 2369
f 356 1382 2370
f 2369 2370 1382
f 156 2371 2373
f 603 2372 2371
f 602 2373 2372
f 2371 2372 2373
f 356 2370 2367
f 602 2372 2370
f 603 2367 2372
f 2370 2372 2367
f 100 2366 2356
f 601 2374 2366
f 599 2356 2374
f 2366 2374 2356
f 156 2373 2362
f 602 2375 2373
f 601 2362 2375
f 2373 2375 2362
f 94 2359 2369
f 599 2376 2359
f 602 2369 2376
f 2359 2376 2369
f 601 2375 2374
f 602 2376 2375
f 599 2374 2376
f 2375 2376 2374
f 38 2346 2316
f 598 2377 2346
f 590 2316 2377
f 2346 2377 2316
f 155 2378 2349
f 604 2379 2378
f 598 2349 2379
f 2378 2379 2349
f 154 2320 2381
f 590 2380 2320
f 604 2381 2380
f 2320 2380 2381
f 598 2379 2377
f 604 2380 2379
f 590 2377 2380
f 2379 2380 2377
f 27 2368 2338
f 603 2382 2368
f 595 2338 2382
f 2368 2382 2338
f 156 2383 2371
f 605 2384 2383
f 603 2371 2384
f 2383 2384 2371
f 155 2342 2386
f 595 2385 2342
f 605 2386 2385
f 2342 2385 2386
f 603 2384 2382
f 605 2385 2384
f 595 2382 2385
f 2384 2385 2382
f 30 2324 2360
f 593 2387 2324
f 600 2360 2387
f 2324 2387 2360
f 154 2388 2327
f 606 2389 2388
f 593 2327 2389
f 2388 2389 2327
f 156 2364 2391
f 600 2390 2364
f 606 2391 2390
f 2364 2390 2391
f 593 2389 2387
f 606 2390 2389
f 600 2387 2390
f 2389 2390 2387
f 155 2386 2378
f 605 2392 2386
f 604 2378 2392
f 2386 2392 2378
f 156 2391 2383
f 606 2393 2391
f 605 2383 2393
f 2391 2393 2383
f 154 2381 2388
f 604 2394 2381
f 606 2388 2394
f 2381 2394 2388
f 605 2393 2392
f 606 2394 2393
f 604 2392 2394
f 2393 2394 2392
f 9 2005 1595
f 521 2395 2005
f 411 1595 2395
f 2005 2395 1595
f 142 2396 2009
f 607 2397 2396
f 521 2009 2397
f 2396 2397 2009
f 110 1600 2399
f 411 2398 1600
f 607 2399 2398
f 1600 2398 2399
f 521 2397 2395
f 607 2398 2397
f 411 2395 2398
f 2397 2398 2395
f 40 2400 2021
f 608 2401 2400
f 525 2021 2401
f 2400 2401 2021
f 157 2402 2404
f 609 2403 2402
f 608 2404 2403
f 2402 2403 2404
f 142 2026 2406
f 525 2405 2026
f 609 2406 2405
f 2026 2405 2406
f 608 2403 2401
f 609 2405 2403
f 525 2401 2405
f 2403 2405 2401
f 32 1606 2408
f 416 2407 1606
f 611 2408 2407
f 1606 2407 2408
f 110 2409 1610
f 610 2410 2409
f 416 1610 2410
f 2409 2410 1610
f 157 2411 2413
f 611 2412 2411
f 610 2413 2412
f 2411 2412 2413
f 416 2410 2407
f 610 2412 2410
f 611 2407 2412
f 2410 2412 2407
f 142 2406 2396
f 609 2414 2406
f 607 2396 2414
f 2406 2414 2396
f 157 2413 2402
f 610 2415 2413
f 609 2402 2415
f 2413 2415 2402
f 110 2399 2409
f 607 2416 2399
f 610 2409 2416
f 2399 2416 2409
f 609 2415 2414
f 610 2416 2415
f 607 2414 2416
f 2415 2416 2414
f 7 1497 1977
f 387 2417 1497
f 512 1977 2417
f 1497 2417 1977
f 105 2418 1501
f 612 2419 2418
f 387 1501 2419
f 2418 2419 1501
f 138 1981 2421
f 512 2420 1981
f 612 2421 2420
f 1981 2420 2421
f 387 2419 2417
f 612 2420 2419
f 512 2417 2420
f 2419 2420 2417
f 29 2422 1513
f 613 2423 2422
f 391 1513 2423
f 2422 2423 1513
f 158 2424 2426
f 614 2425 2424
f 613 2426 2425
f 2424 2425 2426
f 105 1518 2428
f 391 2427 1518
f 614 2428 2427
f 1518 2427 2428
f 613 2425 2423
f 614 2427 2425
f 391 2423 2427
f 2425 2427 2423
f 40 1986 2430
f 516 2429 1986
f 616 2430 2429
f 1986 2429 2430
f 138 2431 1990
f 615 2432 2431
f 516 1990 2432
f 2431 2432 1990
f 158 2433 2435
f 616 2434 2433
f 615 2435 2434
f 2433 2434 2435
f 516 2432 2429
f 615 2434 2432
f 616 2429 2434
f 2432 2434 2429
f 105 2428 2418
f 614 2436 2428
f 612 2418 2436
f 2428 2436 2418
f 158 2435 2424
f 615 2437 2435
f 614 2424 2437
f 2435 2437 2424
f 138 2421 2431
f 612 2438 2421
f 615 2431 2438
f 2421 2438 2431
f 614 2437 2436
f 615 2438 2437
f 612 2436 2438
f 2437 2438 2436
f 8 1544 1469
f 398 2439 1544
f 378 1469 2439
f 1544 2439 1469
f 107 2440 1547
f 617 2441 2440
f 398 1547 2441
f 2440 2441 1547
f 101 1473 2443
f 378 2442 1473
f 617 2443 2442
f 1473 2442 2443
f 398 2441 2439
f 617 2442 2441
f 378 2439 2442
f 2441 2442 2439
f 32 2444 1557
f 618 2445 2444
f 401 1557 2445
f 2444 2445 1557
f 159 2446 2448
f 619 2447 2446
f 618 2448 2447
f 2446 2447 2448
f 107 1562 2450
f 401 2449 1562
f 619 2450 2449
f 1562 2449 2450
f 618 2447 2445
f 619 2449 2447
f 401 2445 2449
f 2447 2449 2445
f 29 1478 2452
f 382 2451 1478
f 621 2452 2451
f 1478 2451 2452
f 101 2453 1482
f 620 2454 2453
f 382 1482 2454
f 2453 2454 1482
f 159 2455 2457
f 621 2456 2455
f 620 2457 2456
f 2455 2456 2457
f 382 2454 2451
f 620 2456 2454
f 621 2451 2456
f 2454 2456 2451
f 107 2450 2440
f 619 2458 2450
f 617 2440 2458
f 2450 2458 2440
f 159 2457 2446
f 620 2459 2457
f 619 2446 2459
f 2457 2459 2446
f 101 2443 2453
f 617 2460 2443
f 620 2453 2460
f 2443 2460 2453
f 619 2459 2458
f 620 2460 2459
f 617 2458 2460
f 2459 2460 2458
f 40 2430 2400
f 616 2461 2430
f 608 2400 2461
f 2430 2461 2400
f 158 2462 2433
f 622 2463 2462
f 616 2433 2463
f 2462 2463 2433
f 157 2404 2465
f 608 2464 2404
f 622 2465 2464
f 2404 2464 2465
f 616 2463 2461
f 622 2464 2463
f 608 2461 2464
f 2463 2464 2461
f 29 2452 2422
f 621 2466 2452
f 613 2422 2466
f 2452 2466 2422
f 159 2467 2455
f 623 2468 2467
f 621 2455 2468
f 2467 2468 2455
f 158 2426 2470
f 613 2469 2426
f 623 2470 2469
f 2426 2469 2470
f 621 2468 2466
f 623 2469 2468
f 613 2466 2469
f 2468 2469 2466
f 32 2408 2444
f 611 2471 2408
f 618 2444 2471
f 2408 2471 2444
f 157 2472 2411
f 624 2473 2472
f 611 2411 2473
f 2472 2473 2411
f 159 2448 2475
f 618 2474 2448
f 624 2475 2474
f 2448 2474 2475
f 611 2473 2471
f 624 2474 2473
f 618 2471 2474
f 2473 2474 2471
f 158 2470 2462
f 623 2476 2470
f 622 2462 2476
f 2470 2476 2462
f 159 2475 2467
f 624 2477 2475
f 623 2467 2477
f 2475 2477 2467
f 157 2465 2472
f 622 2478 2465
f 624 2472 2478
f 2465 2478 2472
f 623 2477 2476
f 624 2478 2477
f 622 2476 2478
f 2477 2478 2476
f 10 2100 1195
f 544 2479 2100
f 307 1195 2479
f 2100 2479 1195
f 147 2480 2103
f 625 2481 2480
f 544 2103 2481
f 2480 2481 2103
f 82 1200 2483
f 307 2482 1200
f 625 2483 2482
f 1200 2482 2483
f 544 2481 2479
f 625 2482 2481
f 307 2479 2482
f 2481 2482 2479
f 42 2484 2113
f 626 2485 2484
f 547 2113 2485
f 2484 2485 2113
f 160 2486 2488
f 627 2487 2486
f 626 2488 2487
f 2486 2487 2488
f 147 2118 2490
f 547 2489 2118
f 627 2490 2489
f 2118 2489 2490
f 626 2487 2485
f 627 2489 2487
f 547 2485 2489
f 2487 2489 2485
f 24 1206 2492
f 312 2491 1206
f 629 2492 2491
f 1206 2491 2492
f 82 2493 1210
f 628 2494 2493
f 312 1210 2494
f 2493 2494 1210
f 160 2495 2497
f 629 2496 2495
f 628 2497 2496
f 2495 2496 2497
f 312 2494 2491
f 628 2496 2494
f 629 2491 2496
f 2494 2496 2491
f 147 2490 2480
f 627 2498 2490
f 625 2480 2498
f 2490 2498 2480
f 160 2497 2486
f 628 2499 2497
f 627 2486 2499
f 2497 2499 2486
f 82 2483 2493
f 625 2500 2483
f 628 2493 2500
f 2483 2500 2493
f 627 2499 2498
f 628 2500 2499
f 625 2498 2500
f 2499 2500 2498
f 9 1597 2073
f 413 2501 1597
f 536 2073 2501
f 1597 2501 2073
f 112 2502 1601
f 630 2503 2502
f 413 1601 2503
f 2502 2503 1601
f 144 2077 2505
f 536 2504 2077
f 630 2505 2504
f 2077 2504 2505
f 413 2503 2501
f 630 2504 2503
f 536 2501 2504
f 2503 2504 2501
f 31 2506 1613
f 631 2507 2506
f 417 1613 2507
f 2506 2507 1613
f 161 2508 2510
f 632 2509 2508
f 631 2510 2509
f 2508 2509 2510
f 112 1618 2512
f 417 2511 1618
f 632 2512 2511
f 1618 2511 2512
f 631 2509 2507
f 632 2511 2509
f 417 2507 2511
f 2509 2511 2507
f 42 2082 2514
f 540 2513 2082
f 634 2514 2513
f 2082 2513 2514
f 144 2515 2086
f 633 2516 2515
f 540 2086 2516
f 2515 2516 2086
f 161 2517 2519
f 634 2518 2517
f 633 2519 2518
f 2517 2518 2519
f 540 2516 2513
f 633 2518 2516
f 634 2513 2518
f 2516 2518 2513
f 112 2512 2502
f 632 2520 2512
f 630 2502 2520
f 2512 2520 2502
f 161 2519 2508
f 633 2521 2519
f 632 2508 2521
f 2519 2521 2508
f 144 2505 2515
f 630 2522 2505
f 633 2515 2522
f 2505 2522 2515
f 632 2521 2520
f 633 2522 2521
f 630 2520 2522
f 2521 2522 2520
f 2 1144 1569
f 294 2523 1144
f 404 1569 2523
f 1144 2523 1569
f 79 2524 1147
f 635 2525 2524
f 294 1147 2525
f 2524 2525 1147
f 108 1573 2527
f 404 2526 1573
f 635 2527 2526
f 1573 2526 2527
f 294 2525 2523
f 635 2526 2525
f 404 2523 2526
f 2525 2526 2523
f 24 2528 1157
f 636 2529 2528
f 297 1157 2529
f 2528 2529 1157
f 162 2530 2532
f 637 2531 2530
f 636 2532 2531
f 2530 2531 2532
f 79 1162 2534
f 297 2533 1162
f 637 2534 2533
f 1162 2533 2534
f 636 2531 2529
f 637 2533 2531
f 297 2529 2533
f 2531 2533 2529
f 31 1578 2536
f 408 2535 1578
f 639 2536 2535
f 1578 2535 2536
f 108 2537 1582
f 638 2538 2537
f 408 1582 2538
f 2537 2538 1582
f 162 2539 2541
f 639 2540 2539
f 638 2541 2540
f 2539 2540 2541
f 408 2538 2535
f 638 2540 2538
f 639 2535 2540
f 2538 2540 2535
f 79 2534 2524
f 637 2542 2534
f 635 2524 2542
f 2534 2542 2524
f 162 2541 2530
f 638 2543 2541
f 637 2530 2543
f 2541 2543 2530
f 108 2527 2537
f 635 2544 2527
f 638 2537 2544
f 2527 2544 2537
f 637 2543 2542
f 638 2544 2543
f 635 2542 2544
f 2543 2544 2542
f 42 2514 2484
f 634 2545 2514
f 626 2484 2545
f 2514 2545 2484
f 161 2546 2517
f 640 2547 2546
f 634 2517 2547
f 2546 2547 2517
f 160 2488 2549
f 626 2548 2488
f 640 2549 2548
f 2488 2548 2549
f 634 2547 2545
f 640 2548 2547
f 626 2545 2548
f 2547 2548 2545
f 31 2536 2506
f 639 2550 2536
f 631 2506 2550
f 2536 2550 2506
f 162 2551 2539
f 641 2552 2551
f 639 2539 2552
f 2551 2552 2539
f 161 2510 2554
f 631 2553 2510
f 641 2554 2553
f 2510 2553 2554
f 639 2552 2550
f 641 2553 2552
f 631 2550 2553
f 2552 2553 2550
f 24 2492 2528
f 629 2555 2492
f 636 2528 2555
f 2492 2555 2528
f 160 2556 2495
f 642 2557 2556
f 629 2495 2557
f 2556 2557 2495
f 162 2532 2559
f 636 2558 2532
f 642 2559 2558
f 2532 2558 2559
f 629 2557 2555
f 642 2558 2557
f 636 2555 2558
f 2557 2558 2555
f 161 2554 2546
f 641 2560 2554
f 640 2546 2560
f 2554 2560 2546
f 162 2559 2551
f 642 2561 2559
f 641 2551 2561
f 2559 2561 2551
f 160 2549 2556
f 640 2562 2549
f 642 2556 2562
f 2549 2562 2556
f 641 2561 2560
f 642 2562 2561
f 640 2560 2562
f 2561 2562 2560
