# regolith_gen synthetic particle
# verts: 2562  tris: 5120
v -0.557816 0.816607 0.000000
v 0.550855 0.806416 0.000000
v -0.549254 -0.804072 0.000000
v 0.556790 -0.815105 0.000000
v 0.000000 -0.503405 0.857396
v 0.000000 0.523380 0.891418
v 0.000000 -0.488698 -0.832347
v 0.000000 0.520116 -0.885859
v 0.901016 0.000000 -0.530342
v 0.847084 0.000000 0.498597
v -0.877994 0.000000 -0.516791
v -0.863082 0.000000 0.508013
v -0.874678 0.489097 0.318188
v -0.539754 0.301816 0.831752
v -0.330196 0.782134 0.508827
v 0.318195 0.753707 0.490333
v 0.000000 0.941715 0.000000
v 0.338374 0.801507 -0.521430
v -0.340271 0.806000 -0.524353
v -0.548857 0.306906 -0.845780
v -0.862023 0.482020 -0.313584
v -1.039018 0.000000 0.000000
v 0.529872 0.296290 0.816524
v 0.836701 0.467861 0.304373
v -0.526672 -0.294501 0.811593
v 0.000000 0.000000 1.050698
v -0.841962 -0.470803 -0.306287
v -0.847038 -0.473641 0.308133
v 0.000000 0.000000 -1.027415
v -0.536170 -0.299812 -0.826230
v 0.862090 0.482058 -0.313609
v 0.534711 0.298996 -0.823981
v 0.822894 -0.460141 0.299350
v 0.511135 -0.285813 0.787652
v 0.319762 -0.757420 0.492749
v -0.327500 -0.775748 0.504672
v 0.000000 -0.942129 0.000000
v -0.317222 -0.751403 -0.488834
v 0.317103 -0.751122 -0.488651
v 0.516395 -0.288754 -0.795757
v 0.879211 -0.491632 -0.319837
v 1.053368 0.000000 0.000000
v -0.734184 0.672176 0.161882
v -0.629710 0.667061 0.433964
v -0.464053 0.834772 0.264724
v -0.735511 0.152252 0.692239
v -0.746226 0.417270 0.607003
v -0.891311 0.242948 0.426947
v -0.174805 0.683132 0.727654
v -0.460873 0.576253 0.710198
v -0.280803 0.424152 0.887695
v -0.169296 0.896686 0.260882
v -0.290611 0.925567 0.000000
v 0.171513 0.670268 0.713952
v 0.000000 0.824084 0.536118
v 0.278225 0.886118 0.000000
v 0.164434 0.870934 0.253390
v 0.449613 0.808795 0.256486
v -0.173812 0.920607 -0.267842
v -0.467519 0.841007 -0.266701
v 0.462252 0.831531 -0.263696
v 0.173284 0.917810 -0.267028
v -0.178481 0.697499 -0.742957
v 0.000000 0.835705 -0.543678
v 0.176909 0.691355 -0.736413
v -0.642733 0.680856 -0.442939
v -0.751377 0.687917 -0.165673
v -0.290678 0.439068 -0.918913
v -0.478606 0.598425 -0.737524
v -0.898518 0.244912 -0.430399
v -0.739125 0.413299 -0.601227
v -0.755877 0.156468 -0.711407
v -0.904773 0.505925 0.000000
v -0.972476 0.000000 -0.263105
v -0.987971 0.247062 -0.160729
v -0.979783 0.245014 0.159397
v -0.990799 0.000000 0.268062
v 0.599054 0.634586 0.412838
v 0.721391 0.660463 0.159061
v 0.279876 0.422751 0.884764
v 0.441327 0.551813 0.680078
v 0.867451 0.236444 0.415518
v 0.694844 0.388538 0.565207
v 0.728097 0.150717 0.685262
v -0.285580 0.159689 0.984036
v 0.000000 0.271121 1.004617
v -0.734258 -0.151992 0.691059
v -0.555659 0.000000 0.856262
v 0.000000 -0.266466 0.987368
v -0.281864 -0.157611 0.971231
v -0.275364 -0.415936 0.870500
v -0.965373 -0.241411 0.157053
v -0.877403 -0.239157 0.420285
v -0.890352 -0.242686 -0.426488
v -0.987634 -0.246978 -0.160674
v -0.746113 -0.683097 0.164512
v -0.907188 -0.507276 0.000000
v -0.738570 -0.676192 -0.162849
v -0.559265 0.000000 -0.861819
v -0.741129 -0.153415 -0.697527
v 0.000000 0.265934 -0.985398
v -0.285097 0.159419 -0.982374
v -0.275746 -0.416513 -0.871707
v -0.280198 -0.156679 -0.965492
v 0.000000 -0.257422 -0.953855
v 0.471655 0.589734 -0.726813
v 0.281080 0.424570 -0.888571
v 0.750765 0.687357 -0.165538
v 0.632756 0.670287 -0.436063
v 0.744235 0.154058 -0.700450
v 0.743789 0.415907 -0.605021
v 0.908164 0.247541 -0.435020
v 0.737328 -0.675055 0.162575
v 0.613562 -0.649954 0.422836
v 0.451381 -0.811975 0.257495
v 0.717492 -0.148522 0.675280
v 0.699607 -0.391202 0.569082
v 0.856598 -0.233486 0.410319
v 0.165366 -0.646245 0.688363
v 0.441275 -0.551748 0.679998
v 0.273180 -0.412637 0.863595
v 0.169406 -0.897272 0.261052
v 0.286509 -0.912501 0.000000
v -0.169567 -0.662663 0.705851
v 0.000000 -0.798152 0.519248
v -0.284574 -0.906340 0.000000
v -0.169910 -0.899941 0.261829
v -0.463172 -0.833186 0.264221
v 0.166106 -0.879792 -0.255967
v 0.460175 -0.827795 -0.262511
v -0.450412 -0.810232 -0.256942
v -0.164718 -0.872441 -0.253828
v 0.163442 -0.638727 -0.680355
v 0.000000 -0.775942 -0.504798
v -0.166171 -0.649390 -0.691713
v 0.619380 -0.656118 -0.426845
v 0.750147 -0.686791 -0.165402
v 0.263811 -0.398486 -0.833979
v 0.434568 -0.543362 -0.669663
v 0.909535 -0.247915 -0.435677
v 0.720586 -0.402933 -0.586147
v 0.743410 -0.153887 -0.699673
v 0.935396 -0.523049 0.000000
v 1.006391 0.000000 -0.272281
v 1.021063 -0.255337 -0.166113
v 0.983759 -0.246009 0.160044
v 0.976897 0.000000 0.264301
v 0.280054 -0.156599 0.964994
v 0.549196 0.000000 0.846302
v 0.283142 0.158326 0.975637
v -0.631312 -0.668757 0.435068
v -0.445765 -0.557363 0.686918
v -0.711593 -0.397904 0.578832
v -0.460345 -0.575593 -0.709385
v -0.635010 -0.672675 -0.437617
v -0.733146 -0.409956 -0.596363
v 0.554137 0.000000 -0.853916
v 0.274773 -0.153646 -0.946797
v 0.278993 0.156005 -0.961339
v 0.983486 0.245940 0.160000
v 0.996630 0.249227 -0.162138
v 0.907801 0.507618 0.000000
v -0.650496 0.749342 0.081597
v -0.607535 0.762710 0.215765
v -0.512813 0.828385 0.132271
v -0.772215 0.594325 0.386645
v -0.694803 0.681937 0.302545
v -0.817699 0.591764 0.243370
v -0.402775 0.820007 0.392366
v -0.553165 0.759712 0.353330
v -0.485940 0.734011 0.477520
v -0.804536 0.075301 0.601804
v -0.818301 0.198972 0.561656
v -0.882317 0.121091 0.470648
v -0.651466 0.364282 0.729375
v -0.743015 0.283336 0.652319
v -0.646989 0.228704 0.770348
v -0.894299 0.367802 0.378506
v -0.824527 0.329606 0.517315
v -0.822292 0.459804 0.469085
v -0.089047 0.611691 0.819803
v -0.230591 0.559471 0.817160
v -0.142508 0.476080 0.894738
v -0.399513 0.687546 0.615644
v -0.320254 0.633740 0.723662
v -0.255638 0.740110 0.623151
v -0.413493 0.365750 0.866327
v -0.373476 0.503827 0.805041
v -0.509223 0.446524 0.784706
v -0.701556 0.553925 0.530503
v -0.617498 0.508312 0.673895
v -0.551567 0.628519 0.577362
v -0.378390 0.883342 0.132443
v -0.429313 0.881175 0.000000
v -0.252805 0.853867 0.389568
v -0.318820 0.877306 0.266168
v -0.146356 0.950703 0.000000
v -0.231405 0.919194 0.132955
v -0.085752 0.931753 0.132142
v 0.088690 0.609239 0.816516
v 0.000000 0.695937 0.741293
v 0.163944 0.796654 0.518273
v 0.087214 0.758727 0.634911
v 0.247277 0.715903 0.602770
v -0.087919 0.764860 0.640043
v -0.168566 0.819114 0.532884
v 0.415760 0.853357 0.000000
v 0.368770 0.860883 0.129076
v 0.502864 0.812315 0.129705
v 0.083443 0.906666 0.128584
v 0.223426 0.887498 0.128370
v 0.140926 0.915427 0.000000
v 0.388031 0.789990 0.378003
v 0.310471 0.854332 0.259198
v 0.247780 0.836897 0.381826
v -0.086770 0.870647 0.401134
v 0.085825 0.861167 0.396766
v 0.000000 0.893827 0.260050
v -0.381697 0.891062 -0.133600
v -0.516785 0.834802 -0.133295
v -0.087382 0.949471 -0.134655
v -0.235023 0.933567 -0.135034
v -0.409925 0.834564 -0.399331
v -0.323754 0.890885 -0.270288
v -0.258231 0.872193 -0.397929
v 0.508525 0.821458 -0.131165
v 0.374017 0.873134 -0.130912
v 0.258775 0.874031 -0.398768
v 0.323884 0.891242 -0.270396
v 0.406385 0.827356 -0.395882
v 0.228936 0.909386 -0.131536
v 0.086237 0.937025 -0.132890
v -0.089837 0.617121 -0.827080
v 0.000000 0.697916 -0.743401
v 0.088349 0.606899 -0.813381
v -0.170190 0.827003 -0.538017
v -0.088814 0.772646 -0.646559
v -0.263575 0.763087 -0.642497
v 0.260715 0.754809 -0.635527
v 0.088847 0.772931 -0.646798
v 0.171031 0.831088 -0.540675
v 0.000000 0.934523 -0.271890
v 0.088586 0.888864 -0.409527
v -0.088459 0.887598 -0.408944
v -0.621961 0.780820 -0.220888
v -0.658372 0.758415 -0.082585
v -0.499606 0.754654 -0.490949
v -0.564477 0.775248 -0.360556
v -0.816193 0.590674 -0.242922
v -0.708122 0.695010 -0.308345
v -0.763761 0.587818 -0.382412
v -0.145283 0.485349 -0.912158
v -0.239675 0.581512 -0.849354
v -0.523178 0.458761 -0.806210
v -0.392088 0.528934 -0.845159
v -0.429127 0.379579 -0.899082
v -0.335337 0.663588 -0.757745
v -0.418166 0.719648 -0.644388
v -0.894162 0.122717 -0.476966
v -0.843029 0.204985 -0.578629
v -0.831993 0.077870 -0.622342
v -0.806713 0.451093 -0.460198
v -0.832013 0.332599 -0.522012
v -0.889904 0.365995 -0.376646
v -0.656358 0.232016 -0.781503
v -0.752130 0.286812 -0.660321
v -0.656117 0.366883 -0.734582
v -0.571428 0.651150 -0.598152
v -0.623557 0.513300 -0.680508
v -0.704787 0.556476 -0.532946
v -0.741809 0.679157 0.000000
v -0.889752 0.497526 -0.157776
v -0.834212 0.600015 -0.082627
v -0.830839 0.597589 0.082293
v -0.896094 0.501072 0.158901
v -0.925421 0.000000 -0.388505
v -0.952204 0.122712 -0.351468
v -1.031843 0.125780 -0.081828
v -0.998834 0.124179 -0.216673
v -1.017813 0.000000 -0.135014
v -0.951469 0.248118 -0.297943
v -0.931918 0.365451 -0.237749
v -0.946554 0.121984 0.349383
v -0.928521 0.000000 0.389806
v -0.935560 0.366879 0.238678
v -0.942955 0.245898 0.295278
v -1.022158 0.000000 0.135591
v -0.990468 0.123139 0.214858
v -1.026572 0.125138 0.081410
v -0.948730 0.375705 -0.081473
v -1.008312 0.252148 0.000000
v -0.958581 0.379607 0.082319
v 0.589799 0.740444 0.209466
v 0.648649 0.747213 0.081365
v 0.465904 0.703746 0.457830
v 0.533677 0.732948 0.340883
v 0.787799 0.570126 0.234471
v 0.665880 0.653549 0.289951
v 0.725863 0.558651 0.363437
v 0.144224 0.481814 0.905513
v 0.230110 0.558305 0.815457
v 0.489968 0.429640 0.755034
v 0.367325 0.495528 0.791780
v 0.406145 0.359251 0.850932
v 0.311691 0.616795 0.704313
v 0.383531 0.660041 0.591015
v 0.864495 0.118646 0.461142
v 0.801700 0.194936 0.550261
v 0.789372 0.073881 0.590461
v 0.776001 0.433919 0.442678
v 0.797737 0.318897 0.500507
v 0.864968 0.355739 0.366092
v 0.639430 0.226032 0.761348
v 0.721456 0.275115 0.633392
v 0.622520 0.348097 0.696968
v 0.524060 0.597174 0.548569
v 0.576283 0.474385 0.628916
v 0.656689 0.518499 0.496575
v -0.143536 0.353361 0.959730
v 0.000000 0.399957 0.955089
v -0.413260 0.231084 0.908066
v -0.286647 0.295857 0.947173
v 0.000000 0.137322 1.037805
v -0.145647 0.218432 1.009468
v -0.146048 0.081666 1.032384
v -0.812215 -0.076019 0.607548
v -0.739636 0.000000 0.696121
v -0.550459 -0.150040 0.848249
v -0.653938 -0.077403 0.783423
v -0.632774 -0.223679 0.753422
v -0.651555 0.077121 0.780568
v -0.552662 0.150641 0.851644
v 0.000000 -0.390226 0.931850
v -0.140729 -0.346449 0.940958
v -0.139929 -0.467465 0.878546
v -0.145164 -0.081172 1.026135
v -0.142982 -0.214436 0.990999
v 0.000000 -0.136661 1.032805
v -0.405468 -0.358652 0.849513
v -0.280979 -0.290007 0.928445
v -0.411272 -0.229972 0.903697
v -0.429967 0.080142 0.935566
v -0.425808 -0.079367 0.926517
v -0.288804 0.000000 0.995145
v -0.935653 -0.120579 0.345359
v -0.881009 -0.120912 0.469950
v -1.012781 -0.123456 0.080316
v -0.986749 -0.122676 0.214051
v -0.863807 -0.355262 0.365600
v -0.923705 -0.240878 0.289250
v -0.915743 -0.359108 0.233622
v -0.887860 -0.121852 -0.473605
v -0.937236 -0.120783 -0.345944
v -0.924559 -0.362565 -0.235871
v -0.946799 -0.246900 -0.296481
v -0.875123 -0.359916 -0.370390
v -0.988661 -0.122914 -0.214466
v -1.021079 -0.124468 -0.080974
v -0.645931 -0.744083 0.081024
v -0.745661 -0.682684 0.000000
v -0.644310 -0.742216 -0.080821
v -0.893877 -0.499832 0.158507
v -0.841906 -0.605549 0.083389
v -0.816839 -0.591142 0.243114
v -0.798330 -0.577747 -0.237606
v -0.835599 -0.601012 -0.082765
v -0.880744 -0.492489 -0.156179
v -0.996415 -0.249174 0.000000
v -0.954636 -0.378044 -0.081980
v -0.957385 -0.379133 0.082217
v -0.752473 0.000000 -0.708203
v -0.818149 -0.076575 -0.611987
v -0.560713 0.152835 -0.864049
v -0.664162 0.078613 -0.795672
v -0.642934 -0.227271 -0.765520
v -0.652771 -0.077265 -0.782025
v -0.551422 -0.150303 -0.849733
v 0.000000 0.396641 -0.947169
v -0.143671 0.353692 -0.960631
v -0.143161 0.080052 -1.011976
v -0.143557 0.215298 -0.994984
v 0.000000 0.135037 -1.020537
v -0.290776 0.300118 -0.960816
v -0.423218 0.236652 -0.929946
v -0.136929 -0.457441 -0.859707
v -0.137140 -0.337614 -0.916962
v 0.000000 -0.373993 -0.893087
v -0.415976 -0.232603 -0.914033
v -0.279483 -0.288463 -0.923501
v -0.410737 -0.363312 -0.860553
v 0.000000 -0.133056 -1.005567
v -0.140270 -0.210368 -0.972201
v -0.141883 -0.079337 -1.002948
v -0.434838 0.081050 -0.946166
v -0.286723 0.000000 -0.987975
v -0.429769 -0.080105 -0.935136
v 0.232933 0.565154 -0.825462
v 0.142036 0.474504 -0.891775
v 0.411034 0.707373 -0.633397
v 0.329133 0.651311 -0.743726
v 0.414924 0.367015 -0.869324
v 0.378676 0.510841 -0.816248
v 0.514389 0.451054 -0.792666
v 0.659165 0.759327 -0.082684
v 0.610962 0.767011 -0.216982
v 0.757801 0.583231 -0.379428
v 0.695980 0.683092 -0.303058
v 0.813909 0.589021 -0.242242
v 0.551588 0.757546 -0.352323
v 0.493949 0.746109 -0.485390
v 0.828642 0.077557 -0.619836
v 0.833084 0.202567 -0.571802
v 0.912596 0.125247 -0.486799
v 0.648372 0.362553 -0.725912
v 0.748698 0.285503 -0.657309
v 0.640198 0.226304 -0.762262
v 0.894737 0.367983 -0.378691
v 0.832893 0.332950 -0.522564
v 0.812662 0.454419 -0.463591
v 0.565067 0.643902 -0.591494
v 0.700011 0.552705 -0.529334
v 0.625002 0.514489 -0.682084
v 0.656512 -0.756272 0.082352
v 0.604212 -0.758538 0.214585
v 0.507537 -0.819863 0.130910
v 0.727471 -0.559888 0.364242
v 0.677224 -0.664684 0.294891
v 0.793032 -0.573913 0.236029
v 0.390080 -0.794161 0.379999
v 0.541158 -0.743222 0.345662
v 0.469966 -0.709882 0.461822
v 0.788991 -0.073846 0.590176
v 0.793480 -0.192937 0.544619
v 0.854070 -0.117215 0.455580
v 0.610229 -0.341224 0.683207
v 0.715557 -0.272865 0.628213
v 0.620674 -0.219402 0.739016
v 0.840402 -0.345636 0.355694
v 0.787720 -0.314892 0.494222
v 0.761581 -0.425856 0.434451
v 0.084586 -0.581049 0.778736
v 0.220588 -0.535201 0.781712
v 0.138423 -0.462433 0.869089
v 0.384478 -0.661671 0.592474
v 0.305573 -0.604689 0.690489
v 0.243576 -0.705187 0.593747
v 0.399874 -0.353704 0.837793
v 0.359517 -0.484995 0.774951
v 0.479867 -0.420783 0.739468
v 0.657655 -0.519262 0.497305
v 0.579351 -0.476910 0.632264
v 0.530421 -0.604422 0.555228
v 0.376504 -0.878939 0.131783
v 0.424259 -0.870801 0.000000
v 0.250894 -0.847414 0.386624
v 0.317677 -0.874161 0.265214
v 0.143061 -0.929294 0.000000
v 0.230648 -0.916186 0.132520
v 0.085304 -0.926888 0.131452
v -0.084995 -0.583860 0.782503
v 0.000000 -0.665078 0.708423
v -0.163856 -0.796222 0.517992
v -0.085069 -0.740065 0.619295
v -0.250582 -0.725470 0.610825
v 0.084225 -0.732718 0.613147
v 0.161258 -0.783599 0.509780
v -0.419032 -0.860074 0.000000
v -0.374299 -0.873790 0.131011
v -0.509299 -0.822709 0.131364
v -0.085470 -0.928697 0.131709
v -0.230465 -0.915461 0.132415
v -0.144044 -0.935681 0.000000
v -0.399343 -0.813020 0.389023
v -0.317793 -0.874479 0.265311
v -0.250368 -0.845637 0.385814
v 0.085424 -0.857141 0.394911
v -0.085297 -0.855864 0.394323
v 0.000000 -0.903497 0.262864
v 0.378913 -0.884561 -0.132626
v 0.517078 -0.835275 -0.133371
v 0.084836 -0.921801 -0.130731
v 0.229082 -0.909968 -0.131620
v 0.389050 -0.792066 -0.378996
v 0.313898 -0.863763 -0.262059
v 0.244016 -0.824181 -0.376025
v -0.505135 -0.815983 -0.130290
v -0.368880 -0.861139 -0.129114
v -0.241948 -0.817199 -0.372839
v -0.309764 -0.852386 -0.258608
v -0.385831 -0.785511 -0.375860
v -0.227397 -0.903275 -0.130652
v -0.084626 -0.919519 -0.130407
v 0.082826 -0.568962 -0.762536
v 0.000000 -0.648809 -0.691094
v -0.083571 -0.574077 -0.769392
v 0.159717 -0.776112 -0.504909
v 0.082719 -0.719623 -0.602189
v 0.241211 -0.698342 -0.587984
v -0.244875 -0.708948 -0.596914
v -0.083017 -0.722215 -0.604357
v -0.159215 -0.773674 -0.503323
v 0.000000 -0.884024 -0.257198
v -0.081993 -0.822716 -0.379050
v 0.083674 -0.839587 -0.386823
v 0.613701 -0.770451 -0.217955
v 0.659026 -0.759168 -0.082667
v 0.472661 -0.713953 -0.464471
v 0.545900 -0.749734 -0.348690
v 0.824742 -0.596861 -0.245467
v 0.696200 -0.683308 -0.303154
v 0.756373 -0.582132 -0.378713
v 0.132687 -0.443271 -0.833076
v 0.217020 -0.526545 -0.769069
v 0.478301 -0.419409 -0.737054
v 0.352654 -0.475738 -0.760159
v 0.391051 -0.345899 -0.819307
v 0.302251 -0.598114 -0.682981
v 0.380676 -0.655127 -0.586615
v 0.910681 -0.124984 -0.485778
v 0.831627 -0.202213 -0.570803
v 0.828235 -0.077519 -0.619531
v 0.804318 -0.449753 -0.458831
v 0.820322 -0.327925 -0.514677
v 0.899770 -0.370052 -0.380821
v 0.638210 -0.225601 -0.759895
v 0.739880 -0.282140 -0.649567
v 0.628673 -0.351538 -0.703857
v 0.531754 -0.605942 -0.556623
v 0.584027 -0.480759 -0.637367
v 0.677999 -0.535325 -0.512689
v 0.762526 -0.698124 0.000000
v 0.923213 -0.516236 -0.163710
v 0.860351 -0.618815 -0.085216
v 0.845682 -0.608265 0.083763
v 0.894890 -0.500399 0.158687
v 0.964955 0.000000 -0.405101
v 0.967441 -0.124676 -0.357092
v 1.044299 -0.127298 -0.082815
v 1.020378 -0.126857 -0.221346
v 1.039100 0.000000 -0.137838
v 0.973740 -0.253925 -0.304918
v 0.961690 -0.377126 -0.245344
v 0.917317 -0.118216 0.338591
v 0.915959 0.000000 0.384532
v 0.911888 -0.357596 0.232639
v 0.911924 -0.237805 0.285560
v 1.025463 0.000000 0.136029
v 0.984255 -0.122366 0.213510
v 1.027688 -0.125274 0.081498
v 0.996855 -0.394763 -0.085606
v 1.027416 -0.256926 0.000000
v 0.983632 -0.389527 0.084470
v 0.140200 -0.345147 0.937421
v 0.402544 -0.225092 0.884518
v 0.277687 -0.286609 0.917567
v 0.142438 -0.213619 0.987223
v 0.145165 -0.081172 1.026145
v 0.728988 0.000000 0.686100
v 0.546806 0.149045 0.842620
v 0.647453 0.076635 0.775654
v 0.637993 -0.075515 0.764321
v 0.535818 -0.146050 0.825687
v 0.143690 0.353740 0.960760
v 0.145139 0.081158 1.025964
v 0.144085 0.216090 0.998643
v 0.283627 0.292740 0.937195
v 0.411186 0.229924 0.903508
v 0.419912 -0.078268 0.913688
v 0.422197 0.078694 0.918661
v 0.286237 0.000000 0.986300
v -0.608720 -0.764197 0.216186
v -0.486296 -0.734548 0.477869
v -0.555657 -0.763135 0.354922
v -0.699565 -0.686611 0.304619
v -0.749571 -0.576897 0.375307
v -0.224544 -0.544801 0.795734
v -0.491663 -0.431125 0.757644
v -0.362345 -0.488810 0.781047
v -0.312376 -0.618151 0.705861
v -0.395858 -0.681256 0.610012
v -0.820258 -0.199448 0.562999
v -0.787160 -0.440159 0.449043
v -0.807510 -0.322803 0.506639
v -0.726072 -0.276875 0.637444
v -0.628380 -0.351373 0.703528
v -0.545015 -0.621053 0.570504
v -0.590466 -0.486060 0.644394
v -0.674820 -0.532815 0.510285
v -0.224891 -0.545642 -0.796962
v -0.393177 -0.676642 -0.605880
v -0.314114 -0.621591 -0.709789
v -0.369744 -0.498792 -0.796996
v -0.502081 -0.440261 -0.773699
v -0.607713 -0.762933 -0.215828
v -0.752380 -0.579059 -0.376714
v -0.694574 -0.681712 -0.302445
v -0.551244 -0.757074 -0.352104
v -0.477554 -0.721344 -0.469279
v -0.825314 -0.200678 -0.566469
v -0.639044 -0.357337 -0.715468
v -0.736596 -0.280888 -0.646684
v -0.819500 -0.327596 -0.514161
v -0.803531 -0.449313 -0.458383
v -0.554864 -0.632276 -0.580814
v -0.696381 -0.549839 -0.526589
v -0.606084 -0.498916 -0.661439
v 0.757079 0.000000 -0.712539
v 0.546842 -0.149054 -0.842675
v 0.659765 -0.078092 -0.790404
v 0.655873 0.077632 -0.785741
v 0.545981 0.148820 -0.841348
v 0.133246 -0.328028 -0.890926
v 0.141883 -0.079337 -1.002943
v 0.138368 -0.207516 -0.959020
v 0.270009 -0.278684 -0.892196
v 0.399690 -0.223496 -0.878248
v 0.141697 0.348832 -0.947429
v 0.409232 0.228832 -0.899214
v 0.282103 0.291167 -0.932160
v 0.142413 0.213582 -0.987056
v 0.141972 0.079387 -1.003574
v 0.416650 -0.077660 -0.906592
v 0.281881 0.000000 -0.971292
v 0.421021 0.078475 -0.916101
v 0.928714 0.119685 0.342798
v 1.030641 0.125634 0.081732
v 0.988103 0.122845 0.214345
v 0.932569 0.243189 0.292025
v 0.924493 0.362539 0.235854
v 0.973150 0.125412 -0.359200
v 0.936896 0.367403 -0.239019
v 0.961480 0.250728 -0.301078
v 1.010597 0.125641 -0.219224
v 1.036046 0.126292 -0.082161
v 0.754832 0.691080 0.000000
v 0.886410 0.495657 0.157183
v 0.824945 0.593349 0.081709
v 0.841259 0.605083 -0.083325
v 0.900295 0.503421 -0.159645
v 1.015076 0.253840 0.000000
v 0.975640 0.386362 -0.083784
v 0.964441 0.381927 0.082822
v -0.605287 0.784244 0.040954
v -0.584994 0.793270 0.107513
v -0.536605 0.824526 0.066375
v -0.672812 0.719249 0.189261
v -0.630619 0.757847 0.148824
v -0.692491 0.710976 0.121741
v -0.488670 0.831752 0.198202
v -0.561948 0.798302 0.174506
v -0.538452 0.802298 0.241276
v -0.830856 0.546148 0.355303
v -0.799144 0.596047 0.316135
v -0.850880 0.543535 0.282293
v -0.665601 0.677928 0.370188
v -0.735347 0.640408 0.345250
v -0.702737 0.633257 0.411973
v -0.777526 0.633944 0.202766
v -0.759530 0.639821 0.274253
v -0.716649 0.678933 0.232374
v -0.367126 0.802624 0.451645
v -0.445928 0.779561 0.436483
v -0.409449 0.760784 0.494937
v -0.511552 0.801969 0.310797
v -0.480700 0.794213 0.374898
v -0.435528 0.831319 0.329967
v -0.558039 0.700859 0.455952
v -0.521046 0.749031 0.416677
v -0.591791 0.713793 0.393886
v -0.651540 0.723137 0.259184
v -0.624635 0.721657 0.328322
v -0.582829 0.764329 0.285444
v -0.834701 0.037465 0.555119
v -0.845071 0.098444 0.536993
v -0.873911 0.060468 0.490075
v -0.779070 0.176205 0.627966
v -0.814020 0.137400 0.583668
v -0.771982 0.113618 0.647905
v -0.887695 0.181817 0.449398
v -0.851991 0.160079 0.516784
v -0.854799 0.220953 0.494334
v -0.599124 0.335014 0.785376
v -0.650144 0.296387 0.751102
v -0.596918 0.266468 0.805195
v -0.746163 0.350212 0.631261
v -0.700314 0.324510 0.692905
v -0.700834 0.391888 0.670152
v -0.693406 0.190629 0.732820
v -0.697382 0.256934 0.713349
v -0.739481 0.217543 0.672592
v -0.887947 0.429467 0.349973
v -0.861553 0.414627 0.424660
v -0.853525 0.477269 0.395822
v -0.858059 0.285821 0.471623
v -0.862815 0.350067 0.449987
v -0.894628 0.305213 0.403865
v -0.786435 0.439754 0.539562
v -0.827161 0.395501 0.495805
v -0.788540 0.374007 0.563332
v -0.781366 0.240714 0.606624
v -0.784669 0.306841 0.585231
v -0.819705 0.263122 0.538596
v -0.044750 0.569910 0.859089
v -0.116485 0.546143 0.861623
v -0.071947 0.501199 0.895987
v -0.203697 0.623966 0.776048
v -0.160767 0.586994 0.820711
v -0.132423 0.649061 0.775297
v -0.211955 0.450296 0.891700
v -0.187103 0.519174 0.858075
v -0.255618 0.491553 0.852121
v -0.364956 0.735381 0.562392
v -0.328022 0.714497 0.620010
v -0.293106 0.761270 0.565770
v -0.391246 0.606159 0.718287
v -0.361648 0.663728 0.672506
v -0.432081 0.635090 0.665831
v -0.216083 0.713980 0.677272
v -0.289123 0.689955 0.676202
v -0.248081 0.659261 0.726641
v -0.477571 0.334504 0.850826
v -0.462243 0.406923 0.827637
v -0.527991 0.376375 0.813626
v -0.327314 0.464218 0.846704
v -0.395178 0.436615 0.839274
v -0.348202 0.396025 0.879459
v -0.485998 0.512536 0.748915
v -0.441298 0.475502 0.795278
v -0.418144 0.541338 0.759652
v -0.275891 0.597606 0.771680
v -0.348141 0.570725 0.767138
v -0.302164 0.531628 0.811129
v -0.804010 0.531253 0.431583
v -0.730172 0.489784 0.573695
v -0.768613 0.511310 0.504178
v -0.739497 0.576183 0.460504
v -0.667590 0.612858 0.483509
v -0.586513 0.409542 0.764861
v -0.540174 0.543837 0.693905
v -0.566397 0.480041 0.733651
v -0.639994 0.439650 0.707777
v -0.686942 0.465825 0.644785
v -0.443123 0.711321 0.546824
v -0.590677 0.647798 0.505546
v -0.518504 0.681117 0.527157
v -0.477438 0.660640 0.598868
v -0.509635 0.606330 0.647592
v -0.660965 0.532229 0.603040
v -0.585996 0.570690 0.627076
v -0.626804 0.591984 0.554590
v -0.472212 0.856587 0.066461
v -0.494888 0.850943 0.000000
v -0.421018 0.859337 0.198201
v -0.446386 0.857541 0.132612
v -0.360721 0.905357 0.000000
v -0.404932 0.884835 0.066667
v -0.335260 0.906033 0.066567
v -0.293161 0.823300 0.451757
v -0.328507 0.840216 0.392434
v -0.243599 0.887504 0.263633
v -0.286231 0.866817 0.328306
v -0.210911 0.876286 0.325011
v -0.362642 0.853937 0.330768
v -0.392914 0.860224 0.266713
v -0.072857 0.951099 0.000000
v -0.116381 0.945940 0.066984
v -0.043083 0.942092 0.066390
v -0.261869 0.926010 0.067125
v -0.190217 0.940522 0.067184
v -0.219277 0.941927 0.000000
v -0.127533 0.914199 0.196527
v -0.158789 0.928483 0.132974
v -0.200211 0.907877 0.197197
v -0.349368 0.882182 0.199662
v -0.274638 0.897243 0.199101
v -0.305348 0.903158 0.132971
v 0.044718 0.569503 0.858476
v 0.000000 0.616185 0.825826
v 0.087396 0.687574 0.732386
v 0.044550 0.655434 0.782324
v 0.130994 0.642058 0.766933
v -0.044685 0.657419 0.784693
v -0.088036 0.692612 0.737752
v 0.241986 0.775751 0.504674
v 0.206179 0.757902 0.561898
v 0.282570 0.733904 0.545432
v 0.043635 0.793486 0.586913
v 0.126304 0.779407 0.576948
v 0.083109 0.812741 0.528738
v 0.210427 0.695292 0.659546
v 0.169162 0.740111 0.621216
v 0.130000 0.717098 0.677153
v -0.212886 0.782556 0.580177
v -0.250094 0.801742 0.521583
v -0.131639 0.726142 0.685694
v -0.172936 0.756621 0.635074
v -0.084608 0.827392 0.538270
v -0.128933 0.795630 0.588957
v -0.043949 0.799204 0.591142
v 0.044162 0.730325 0.690188
v 0.000000 0.766497 0.641413
v -0.044247 0.731725 0.691511
v 0.483507 0.831375 0.000000
v 0.461237 0.836677 0.064917
v 0.527860 0.811089 0.065293
v 0.324025 0.875670 0.064337
v 0.392904 0.858552 0.064687
v 0.347487 0.872143 0.000000
v 0.476826 0.811592 0.193398
v 0.436919 0.839353 0.129799
v 0.410588 0.838049 0.193291
v 0.042363 0.926350 0.065281
v 0.112413 0.913689 0.064700
v 0.071154 0.928866 0.000000
v 0.194086 0.880105 0.191164
v 0.153303 0.896405 0.128380
v 0.123796 0.887406 0.190767
v 0.209419 0.899583 0.000000
v 0.182333 0.901542 0.064399
v 0.251434 0.889111 0.064450
v 0.354011 0.773952 0.435511
v 0.319121 0.816210 0.381222
v 0.284947 0.800231 0.439099
v 0.380812 0.833729 0.258498
v 0.351216 0.827031 0.320345
v 0.420021 0.801720 0.318218
v 0.206210 0.856756 0.317767
v 0.279509 0.846459 0.320596
v 0.237504 0.865296 0.257037
v 0.296533 0.877086 0.129133
v 0.267305 0.873287 0.193785
v 0.340350 0.859412 0.194508
v -0.211559 0.838668 0.461728
v -0.044008 0.852996 0.471103
v -0.127904 0.849734 0.468802
v -0.169962 0.864201 0.396247
v -0.128326 0.884142 0.330759
v 0.206659 0.819241 0.451032
v 0.125639 0.865628 0.323833
v 0.167204 0.850174 0.389816
v 0.125672 0.834902 0.460619
v 0.043668 0.846417 0.467469
v 0.000000 0.922436 0.130821
v -0.084489 0.901025 0.262144
v -0.042525 0.912974 0.196719
v 0.041920 0.900000 0.193923
v 0.082522 0.880054 0.256043
v 0.000000 0.870222 0.400938
v 0.042511 0.876879 0.327544
v -0.042934 0.885601 0.330802
v -0.473993 0.859817 -0.066712
v -0.539446 0.828892 -0.066727
v -0.337708 0.912648 -0.067053
v -0.406778 0.888869 -0.066971
v -0.492255 0.837854 -0.199656
v -0.449291 0.863120 -0.133474
v -0.424125 0.865678 -0.199664
v -0.043483 0.950827 -0.067006
v -0.117187 0.952492 -0.067448
v -0.204975 0.929481 -0.201889
v -0.161534 0.944535 -0.135273
v -0.130965 0.938796 -0.201815
v -0.191337 0.946064 -0.067580
v -0.263683 0.932422 -0.067590
v -0.375606 0.821163 -0.462077
v -0.335431 0.857925 -0.400706
v -0.299914 0.842263 -0.462162
v -0.397014 0.869201 -0.269496
v -0.368740 0.868297 -0.336330
v -0.440687 0.841166 -0.333875
v -0.215971 0.897310 -0.332809
v -0.292290 0.885165 -0.335256
v -0.248983 0.907119 -0.269460
v -0.309322 0.914911 -0.134702
v -0.279401 0.912805 -0.202554
v -0.353078 0.891551 -0.201782
v 0.530356 0.814924 -0.065602
v 0.462857 0.839616 -0.065145
v 0.421006 0.859313 -0.198195
v 0.441927 0.848974 -0.131287
v 0.486490 0.828041 -0.197317
v 0.394409 0.861841 -0.064935
v 0.325869 0.880654 -0.064703
v 0.300361 0.843519 -0.462851
v 0.334829 0.856385 -0.399986
v 0.374340 0.818396 -0.460520
v 0.248770 0.906341 -0.269229
v 0.292226 0.884973 -0.335183
v 0.215971 0.897309 -0.332808
v 0.435227 0.830745 -0.329739
v 0.366313 0.862581 -0.334116
v 0.394984 0.864756 -0.268118
v 0.114098 0.927387 -0.065670
v 0.042970 0.939626 -0.066217
v 0.253419 0.896130 -0.064959
v 0.184379 0.911657 -0.065122
v 0.130011 0.931956 -0.200344
v 0.158075 0.924307 -0.132376
v 0.202556 0.918510 -0.199506
v 0.351125 0.886618 -0.200666
v 0.277206 0.905633 -0.200963
v 0.302161 0.893733 -0.131584
v -0.044753 0.569952 -0.859152
v 0.000000 0.612273 -0.820583
v 0.044241 0.563427 -0.849317
v -0.088847 0.698992 -0.744547
v -0.044747 0.658335 -0.785787
v -0.134560 0.659535 -0.787809
v 0.132559 0.649730 -0.776097
v 0.044485 0.654486 -0.781193
v 0.088389 0.695391 -0.740712
v -0.255907 0.820378 -0.533707
v -0.216643 0.796368 -0.590417
v -0.303175 0.787423 -0.585206
v -0.044235 0.804399 -0.594985
v -0.129930 0.801783 -0.593512
v -0.084978 0.831010 -0.540624
v -0.221786 0.732823 -0.695147
v -0.175746 0.768916 -0.645394
v -0.133693 0.737469 -0.696390
v 0.299886 0.778880 -0.578858
v 0.216191 0.794704 -0.589183
v 0.255515 0.819123 -0.532890
v 0.133207 0.734790 -0.693860
v 0.175359 0.767223 -0.643973
v 0.220189 0.727547 -0.690142
v 0.085630 0.837389 -0.544773
v 0.130278 0.803930 -0.595101
v 0.044366 0.806778 -0.596745
v -0.044621 0.737903 -0.697348
v 0.000000 0.773501 -0.647274
v 0.044581 0.737250 -0.696732
v 0.000000 0.947030 -0.134309
v 0.087289 0.930886 -0.270832
v 0.043915 0.942830 -0.203152
v -0.043974 0.944081 -0.203421
v -0.087165 0.929563 -0.270447
v 0.215873 0.855768 -0.471142
v 0.044700 0.866419 -0.478516
v 0.130015 0.863756 -0.476538
v 0.173446 0.881917 -0.404370
v 0.131745 0.907701 -0.339572
v -0.215038 0.852458 -0.469319
v -0.131604 0.906729 -0.339209
v -0.173330 0.881327 -0.404100
v -0.129291 0.858948 -0.473886
v -0.044497 0.862481 -0.476341
v 0.044383 0.915496 -0.341969
v 0.000000 0.890556 -0.410306
v -0.044318 0.914148 -0.341465
v -0.591772 0.802460 -0.108758
v -0.608799 0.788795 -0.041191
v -0.545232 0.812400 -0.244314
v -0.569932 0.809643 -0.176985
v -0.706009 0.724855 -0.124117
v -0.642785 0.772467 -0.151696
v -0.690577 0.738241 -0.194259
v -0.421636 0.783428 -0.509669
v -0.454988 0.795401 -0.445352
v -0.607095 0.732253 -0.404072
v -0.532146 0.764988 -0.425554
v -0.573804 0.720659 -0.468833
v -0.487654 0.805703 -0.380322
v -0.517375 0.811097 -0.314335
v -0.840554 0.536939 -0.278867
v -0.793296 0.591686 -0.313821
v -0.815002 0.535727 -0.348523
v -0.733944 0.695318 -0.237982
v -0.766622 0.645796 -0.276814
v -0.788201 0.642647 -0.205550
v -0.705609 0.635844 -0.413656
v -0.739058 0.643639 -0.346992
v -0.677522 0.690070 -0.376818
v -0.595496 0.780941 -0.291648
v -0.640405 0.739877 -0.336611
v -0.668920 0.742427 -0.266098
v -0.072490 0.504981 -0.902748
v -0.118376 0.555012 -0.875617
v -0.266766 0.512989 -0.889281
v -0.192796 0.534972 -0.884186
v -0.217922 0.462971 -0.916799
v -0.164551 0.600811 -0.840029
v -0.209713 0.642396 -0.798970
v -0.538761 0.384053 -0.830223
v -0.478029 0.420820 -0.855902
v -0.490491 0.343554 -0.873843
v -0.437047 0.565811 -0.793994
v -0.459458 0.495070 -0.828005
v -0.502321 0.529751 -0.774070
v -0.362136 0.411872 -0.914653
v -0.412794 0.456078 -0.876686
v -0.342989 0.486450 -0.887254
v -0.342240 0.745467 -0.646884
v -0.380070 0.765835 -0.585682
v -0.257028 0.683037 -0.752847
v -0.300862 0.717968 -0.703657
v -0.451192 0.663179 -0.695280
v -0.378586 0.694814 -0.704003
v -0.409588 0.634576 -0.751961
v -0.317644 0.558862 -0.852681
v -0.365680 0.599478 -0.805786
v -0.288305 0.624495 -0.806401
v -0.887548 0.061412 -0.497722
v -0.866090 0.100893 -0.550349
v -0.857608 0.038493 -0.570353
v -0.871492 0.225268 -0.503987
v -0.870883 0.163629 -0.528243
v -0.898549 0.184040 -0.454892
v -0.798996 0.117594 -0.670577
v -0.840203 0.141819 -0.602442
v -0.805026 0.182075 -0.648887
v -0.836758 0.467893 -0.388046
v -0.850859 0.409480 -0.419389
v -0.879198 0.425236 -0.346525
v -0.788808 0.374134 -0.563524
v -0.821044 0.392577 -0.492139
v -0.775636 0.433715 -0.532153
v -0.895514 0.305515 -0.404265
v -0.860998 0.349330 -0.449039
v -0.867229 0.288876 -0.476663
v -0.604067 0.269659 -0.814837
v -0.656913 0.299473 -0.758922
v -0.606143 0.338939 -0.794577
v -0.755519 0.222261 -0.687179
v -0.705923 0.260081 -0.722086
v -0.706987 0.194363 -0.747173
v -0.698805 0.390753 -0.668212
v -0.704159 0.326292 -0.696710
v -0.747326 0.350758 -0.632246
v -0.839263 0.269399 -0.551446
v -0.796717 0.311552 -0.594216
v -0.802288 0.247159 -0.622867
v -0.461323 0.740537 -0.569284
v -0.527533 0.627624 -0.670335
v -0.497516 0.688422 -0.624053
v -0.537987 0.706709 -0.546964
v -0.608076 0.666880 -0.520438
v -0.594137 0.414866 -0.774803
v -0.683612 0.463567 -0.641660
v -0.641663 0.440796 -0.709623
v -0.575696 0.487923 -0.745697
v -0.553808 0.557562 -0.711419
v -0.787212 0.520154 -0.422566
v -0.674876 0.619547 -0.488786
v -0.733604 0.571592 -0.456835
v -0.757194 0.503713 -0.496687
v -0.724835 0.486204 -0.569501
v -0.601279 0.585573 -0.643430
v -0.667761 0.537701 -0.609240
v -0.642047 0.606379 -0.568076
v -0.653534 0.752841 0.000000
v -0.747260 0.684148 -0.081844
v -0.701518 0.719705 -0.041087
v -0.696497 0.714553 0.040793
v -0.737630 0.675331 0.080790
v -0.879573 0.491834 -0.236420
v -0.854992 0.544835 -0.200419
v -0.872495 0.554697 -0.041343
v -0.865865 0.550910 -0.120906
v -0.898938 0.502663 -0.079209
v -0.828135 0.597454 -0.163099
v -0.793527 0.644063 -0.123957
v -0.859947 0.547992 0.201580
v -0.886768 0.495857 0.238354
v -0.782834 0.635384 0.122287
v -0.824182 0.594603 0.162321
v -0.903661 0.505303 0.079625
v -0.867880 0.552192 0.121187
v -0.873194 0.555141 0.041376
v -0.790301 0.641950 -0.041179
v -0.834287 0.600069 0.000000
v -0.786332 0.638726 0.040972
v -0.902396 0.000000 -0.452219
v -0.912825 0.060876 -0.433609
v -0.965504 0.060972 -0.307849
v -0.940152 0.060885 -0.370734
v -0.949191 0.000000 -0.325875
v -0.922585 0.122628 -0.413816
v -0.928345 0.184039 -0.391915
v -1.038831 0.062924 -0.040936
v -1.027123 0.062515 -0.108889
v -1.032697 0.000000 -0.068165
v -0.998342 0.186385 -0.189708
v -1.017191 0.125214 -0.149898
v -1.014618 0.187474 -0.121964
v -0.996206 0.000000 -0.199834
v -1.009459 0.061979 -0.175919
v -0.988681 0.061600 -0.240918
v -0.915016 0.367335 -0.308267
v -0.902774 0.425779 -0.276996
v -0.927055 0.247056 -0.364868
v -0.922693 0.307193 -0.337640
v -0.958837 0.305671 -0.198858
v -0.943457 0.307137 -0.268446
v -0.971381 0.248015 -0.229742
v -0.977256 0.123669 -0.284698
v -0.979073 0.186740 -0.258232
v -0.956516 0.186075 -0.326409
v -0.908277 0.060572 0.431449
v -0.896081 0.000000 0.449054
v -0.920523 0.182488 0.388612
v -0.916219 0.121782 0.410961
v -0.962021 0.000000 0.330279
v -0.940932 0.060935 0.371042
v -0.969683 0.061236 0.309181
v -0.907777 0.428139 0.278531
v -0.916942 0.368108 0.308916
v -0.961357 0.245455 0.227371
v -0.940807 0.306274 0.267692
v -0.959454 0.305868 0.198986
v -0.921174 0.306688 0.337085
v -0.922023 0.245715 0.362888
v -1.033951 0.000000 0.068248
v -1.026904 0.062502 0.108866
v -1.039476 0.062963 0.040961
v -0.993305 0.061888 0.242045
v -1.010686 0.062054 0.176133
v -1.009236 0.000000 0.202447
v -1.003085 0.185343 0.120577
v -1.008095 0.124094 0.148557
v -0.983643 0.183640 0.186915
v -0.945903 0.184010 0.322787
v -0.964428 0.183947 0.254369
v -0.970623 0.122830 0.282766
v -0.914496 0.432748 -0.198778
v -0.970232 0.311977 -0.121343
v -0.940406 0.370617 -0.159367
v -0.920503 0.436506 -0.119391
v -0.927980 0.440519 -0.041254
v -1.038665 0.126612 0.000000
v -0.999030 0.249827 0.080721
v -1.023167 0.189492 0.041065
v -1.026565 0.190122 -0.041202
v -1.002891 0.250793 -0.081033
v -0.920778 0.435721 0.200144
v -0.933091 0.442946 0.041481
v -0.930329 0.441165 0.120666
v -0.950737 0.374688 0.161118
v -0.974680 0.313407 0.121899
v -0.981263 0.315046 -0.040991
v -0.983362 0.315719 0.041079
v -0.956547 0.378801 0.000000
v 0.575981 0.781047 0.105856
v 0.602682 0.780869 0.040777
v 0.522054 0.777866 0.233928
v 0.548333 0.778959 0.170278
v 0.687405 0.705754 0.120847
v 0.618424 0.743192 0.145947
v 0.656235 0.701528 0.184598
v 0.393032 0.730280 0.475092
v 0.428432 0.748975 0.419358
v 0.567540 0.684543 0.377745
v 0.501260 0.720588 0.400854
v 0.534475 0.671265 0.436699
v 0.462846 0.764715 0.360974
v 0.494018 0.774481 0.300144
v 0.815325 0.520823 0.270497
v 0.758223 0.565526 0.299947
v 0.783341 0.514915 0.334984
v 0.693946 0.657425 0.225012
v 0.728016 0.613274 0.262874
v 0.755107 0.615664 0.196919
v 0.663141 0.597575 0.388760
v 0.697852 0.607753 0.327646
v 0.633581 0.645315 0.352380
v 0.562996 0.738320 0.275731
v 0.599944 0.693130 0.315343
v 0.628977 0.698095 0.250209
v 0.072410 0.504418 0.901742
v 0.116766 0.547464 0.863707
v 0.257044 0.494294 0.856873
v 0.188457 0.522929 0.864283
v 0.213893 0.454413 0.899852
v 0.160122 0.584641 0.817420
v 0.200963 0.615592 0.765633
v 0.511499 0.364620 0.788213
v 0.449828 0.395994 0.805408
v 0.468369 0.328059 0.834431
v 0.406084 0.525725 0.737743
v 0.429186 0.462452 0.773452
v 0.467165 0.492675 0.719894
v 0.343500 0.390677 0.867584
v 0.387464 0.428092 0.822892
v 0.324899 0.460794 0.840459
v 0.315816 0.687911 0.596940
v 0.351109 0.707479 0.541054
v 0.242102 0.643374 0.709130
v 0.279458 0.666890 0.653597
v 0.413656 0.608007 0.637438
v 0.348152 0.638958 0.647408
v 0.378222 0.585982 0.694377
v 0.300519 0.528733 0.806712
v 0.341515 0.559863 0.752538
v 0.272255 0.589729 0.761508
v 0.858705 0.059416 0.481548
v 0.827677 0.096418 0.525940
v 0.818470 0.036737 0.544324
v 0.835888 0.216065 0.483397
v 0.832726 0.156460 0.505099
v 0.865696 0.177311 0.438260
v 0.761860 0.112128 0.639409
v 0.797332 0.134583 0.571702
v 0.767397 0.173564 0.618557
v 0.808944 0.452340 0.375148
v 0.824505 0.396797 0.406399
v 0.854633 0.413354 0.336843
v 0.749827 0.355645 0.535675
v 0.788266 0.376904 0.472491
v 0.736270 0.411703 0.505144
v 0.868164 0.296184 0.391918
v 0.832576 0.337798 0.434216
v 0.836447 0.278622 0.459744
v 0.587337 0.262191 0.792270
v 0.634752 0.289370 0.733320
v 0.580870 0.324807 0.761447
v 0.728565 0.214332 0.662663
v 0.684517 0.252194 0.700189
v 0.686680 0.188780 0.725712
v 0.658360 0.368138 0.629538
v 0.673856 0.312250 0.666727
v 0.710011 0.333244 0.600676
v 0.802666 0.257652 0.527400
v 0.760248 0.297291 0.567016
v 0.765945 0.235963 0.594652
v 0.424783 0.681881 0.524192
v 0.484226 0.576100 0.615305
v 0.455738 0.630613 0.571649
v 0.496008 0.651565 0.504285
v 0.562426 0.616815 0.481367
v 0.558840 0.390219 0.728774
v 0.633869 0.429835 0.594969
v 0.598725 0.411299 0.662137
v 0.536303 0.454536 0.694672
v 0.512219 0.515691 0.657993
v 0.753274 0.497729 0.404348
v 0.629898 0.578256 0.456210
v 0.692626 0.539664 0.431317
v 0.717098 0.477040 0.470386
v 0.675535 0.453134 0.530766
v 0.552189 0.537766 0.590898
v 0.615131 0.495322 0.561223
v 0.591600 0.558735 0.523441
v -0.071722 0.439101 0.926702
v 0.000000 0.462446 0.925117
v -0.213502 0.390788 0.927997
v -0.143130 0.415152 0.927882
v 0.000000 0.336188 0.981687
v -0.071928 0.376453 0.957047
v -0.072145 0.313093 0.984412
v -0.476164 0.266259 0.869956
v -0.414307 0.298845 0.889270
v -0.286543 0.228145 0.967047
v -0.350521 0.263328 0.927790
v -0.349818 0.195609 0.945533
v -0.350279 0.330914 0.906577
v -0.284871 0.361615 0.921092
v 0.000000 0.068933 1.046938
v -0.073367 0.109840 1.038683
v -0.073324 0.041001 1.043087
v -0.072927 0.245151 1.008573
v -0.073180 0.178534 1.027033
v 0.000000 0.204742 1.023232
v -0.217748 0.121759 1.015451
v -0.146457 0.150699 1.025193
v -0.217346 0.190145 1.003150
v -0.216505 0.326439 0.959000
v -0.217694 0.258748 0.983489
v -0.144955 0.286824 0.987022
v -0.838228 -0.037624 0.557464
v -0.806698 0.000000 0.603422
v -0.741937 -0.076289 0.698287
v -0.777694 -0.038160 0.653188
v -0.777952 -0.114497 0.652915
v -0.772835 0.037922 0.649107
v -0.737713 0.075855 0.694311
v -0.540747 -0.223418 0.833283
v -0.594266 -0.187894 0.803569
v -0.581261 -0.259478 0.784074
v -0.605876 -0.038814 0.821176
v -0.604272 -0.113987 0.818365
v -0.555395 -0.075224 0.855855
v -0.685173 -0.188366 0.724119
v -0.646852 -0.151778 0.772585
v -0.696467 -0.115213 0.739399
v -0.601319 0.190124 0.813106
v -0.547394 0.226165 0.843526
v -0.696141 0.115159 0.739053
v -0.650655 0.152671 0.777127
v -0.555133 0.075189 0.855451
v -0.603177 0.113781 0.816882
v -0.604116 0.038701 0.818790
v -0.699839 -0.038586 0.742394
v -0.652965 0.000000 0.782257
v -0.697750 0.038471 0.740178
v 0.000000 -0.448830 0.897878
v -0.070623 -0.432376 0.912511
v -0.070048 -0.487966 0.872331
v -0.070966 -0.307975 0.968320
v -0.070885 -0.370998 0.943177
v 0.000000 -0.329175 0.961207
v -0.208202 -0.442323 0.875910
v -0.140994 -0.408955 0.914031
v -0.208814 -0.382207 0.907618
v -0.073367 -0.041025 1.043704
v -0.073110 -0.109455 1.035042
v 0.000000 -0.068912 1.046619
v -0.212694 -0.186075 0.981682
v -0.144552 -0.148739 1.011859
v -0.214274 -0.119816 0.999251
v 0.000000 -0.202573 1.012393
v -0.072559 -0.177020 1.018321
v -0.071929 -0.241797 0.994771
v -0.467277 -0.327294 0.832486
v -0.409923 -0.295682 0.879860
v -0.471480 -0.263639 0.861397
v -0.278910 -0.354048 0.901818
v -0.345432 -0.326334 0.894031
v -0.341565 -0.388476 0.862696
v -0.348421 -0.194828 0.941758
v -0.347983 -0.261421 0.921072
v -0.282275 -0.224747 0.952641
v -0.141667 -0.280317 0.964629
v -0.211972 -0.251947 0.957639
v -0.210672 -0.317644 0.933163
v -0.485411 0.191646 0.883895
v -0.496021 0.039926 0.900364
v -0.493406 0.115997 0.896572
v -0.422933 0.156316 0.924713
v -0.358171 0.119740 0.959818
v -0.482068 -0.190327 0.877809
v -0.355741 -0.118927 0.953304
v -0.419268 -0.154961 0.916700
v -0.488748 -0.114901 0.888107
v -0.493579 -0.039730 0.895933
v -0.146205 0.000000 1.033500
v -0.288473 0.080114 0.994006
v -0.219027 0.040798 1.019055
v -0.218031 -0.040612 1.014421
v -0.286093 -0.079453 0.985806
v -0.430154 0.000000 0.935974
v -0.358859 -0.040133 0.963122
v -0.360183 0.040281 0.966675
v -0.903181 -0.060232 0.429028
v -0.874109 -0.060482 0.490186
v -0.968332 -0.061150 0.308750
v -0.934228 -0.060501 0.368398
v -0.881629 -0.180575 0.446327
v -0.907098 -0.120570 0.406870
v -0.906105 -0.179630 0.382526
v -1.029518 -0.062360 0.040569
v -1.019556 -0.062055 0.108087
v -0.975672 -0.182152 0.185400
v -0.999943 -0.123091 0.147356
v -0.990215 -0.182965 0.119030
v -1.008424 -0.061915 0.175739
v -0.995197 -0.062006 0.242506
v -0.857542 -0.414761 0.337990
v -0.888438 -0.356665 0.299313
v -0.885226 -0.417502 0.271611
v -0.900621 -0.240012 0.354465
v -0.892592 -0.297172 0.326626
v -0.870186 -0.296874 0.392831
v -0.941827 -0.300249 0.195330
v -0.917263 -0.298609 0.260993
v -0.946342 -0.241622 0.223820
v -0.965903 -0.122232 0.281391
v -0.956881 -0.182507 0.252379
v -0.932108 -0.181326 0.318080
v -0.882796 -0.061083 -0.495057
v -0.907118 -0.060495 -0.430898
v -0.917417 -0.181873 -0.387301
v -0.913044 -0.121360 -0.409537
v -0.891449 -0.182586 -0.451298
v -0.929471 -0.060193 -0.366522
v -0.953145 -0.060191 -0.303908
v -0.884792 -0.417298 -0.271478
v -0.901182 -0.361782 -0.303607
v -0.859667 -0.415789 -0.338827
v -0.970028 -0.247669 -0.229422
v -0.939704 -0.305915 -0.267378
v -0.960535 -0.306213 -0.199210
v -0.885337 -0.302043 -0.399671
v -0.914688 -0.304529 -0.334711
v -0.919538 -0.245053 -0.361910
v -1.022415 -0.062229 -0.108390
v -1.031142 -0.062458 -0.040633
v -0.979210 -0.061010 -0.238611
v -1.004156 -0.061653 -0.174995
v -1.006750 -0.186021 -0.121018
v -1.009777 -0.124301 -0.148805
v -0.991399 -0.185088 -0.188388
v -0.943571 -0.183556 -0.321992
v -0.968697 -0.184761 -0.255495
v -0.963398 -0.121915 -0.280661
v -0.596882 -0.773355 0.040385
v -0.644644 -0.742600 0.000000
v -0.595836 -0.771999 -0.040314
v -0.746082 -0.683069 0.081715
v -0.695382 -0.713409 0.040727
v -0.697094 -0.715702 0.122550
v -0.694239 -0.712771 -0.122048
v -0.694969 -0.712986 -0.040703
v -0.744546 -0.681662 -0.081547
v -0.873504 -0.488440 0.234789
v -0.856528 -0.545813 0.200779
v -0.834068 -0.532795 0.276715
v -0.879047 -0.558862 0.041654
v -0.872314 -0.555013 0.121806
v -0.906129 -0.506683 0.079842
v -0.787684 -0.642225 0.205415
v -0.832858 -0.600862 0.164029
v -0.796255 -0.646277 0.124383
v -0.821132 -0.524532 -0.272423
v -0.839679 -0.535076 -0.196829
v -0.860745 -0.481306 -0.231360
v -0.788566 -0.640036 -0.123182
v -0.817735 -0.589952 -0.161051
v -0.772241 -0.629634 -0.201387
v -0.898557 -0.502449 -0.079175
v -0.861263 -0.547982 -0.120263
v -0.874954 -0.556260 -0.041460
v -0.797220 -0.647570 0.041539
v -0.841791 -0.605466 0.000000
v -0.795747 -0.646374 -0.041463
v -1.023093 -0.124713 0.000000
v -0.996459 -0.249184 -0.080513
v -1.012553 -0.187527 -0.040639
v -1.005969 -0.186307 0.040375
v -0.983851 -0.246032 0.079494
v -0.904381 -0.427962 -0.196580
v -0.932787 -0.442801 -0.041468
v -0.921343 -0.436904 -0.119500
v -0.942545 -0.371459 -0.159729
v -0.973534 -0.313039 -0.121756
v -0.911546 -0.431352 0.198137
v -0.964105 -0.310007 0.120576
v -0.941408 -0.371011 0.159537
v -0.930168 -0.441089 0.120645
v -0.936078 -0.444364 0.041614
v -0.980695 -0.314863 -0.040968
v -0.960379 -0.380319 0.000000
v -0.978724 -0.314231 0.040885
v -0.827790 0.000000 -0.619199
v -0.851815 -0.038233 -0.566500
v -0.758456 0.077988 -0.713835
v -0.796856 0.039101 -0.669282
v -0.781230 -0.114979 -0.655666
v -0.788909 -0.038711 -0.662608
v -0.746480 -0.076756 -0.702563
v -0.555758 0.229620 -0.856414
v -0.611263 0.193268 -0.826552
v -0.611439 0.039170 -0.828716
v -0.614825 0.115978 -0.832657
v -0.562351 0.076166 -0.866574
v -0.664718 0.155971 -0.793924
v -0.712799 0.117915 -0.756738
v -0.590886 -0.263775 -0.797058
v -0.597562 -0.188936 -0.808026
v -0.545332 -0.225313 -0.840348
v -0.699109 -0.115650 -0.742204
v -0.649697 -0.152446 -0.775983
v -0.693861 -0.190754 -0.733301
v -0.555735 -0.075270 -0.856378
v -0.603010 -0.113749 -0.816656
v -0.605583 -0.038795 -0.820779
v -0.709534 0.039121 -0.752679
v -0.657428 0.000000 -0.787604
v -0.702589 -0.038738 -0.745312
v 0.000000 0.460142 -0.920509
v -0.072102 0.441428 -0.931613
v -0.071326 0.309539 -0.973237
v -0.071728 0.375409 -0.954393
v 0.000000 0.331348 -0.967554
v -0.144814 0.420035 -0.938797
v -0.216894 0.396998 -0.942742
v -0.071940 0.040227 -1.023398
v -0.072124 0.107978 -1.021077
v 0.000000 0.067660 -1.027614
v -0.214260 0.187445 -0.988906
v -0.143707 0.147869 -1.005943
v -0.213723 0.119508 -0.996684
v 0.000000 0.201011 -1.004585
v -0.071994 0.175640 -1.010383
v -0.071791 0.241331 -0.992855
v -0.426700 0.307784 -0.915871
v -0.487241 0.272452 -0.890193
v -0.291895 0.370531 -0.943803
v -0.361311 0.341336 -0.935129
v -0.356022 0.199078 -0.962302
v -0.358541 0.269353 -0.949018
v -0.288131 0.229409 -0.972405
v -0.143769 0.284477 -0.978945
v -0.216641 0.257497 -0.978733
v -0.217600 0.328089 -0.963848
v -0.068036 -0.473954 -0.847283
v -0.068032 -0.416509 -0.879023
v 0.000000 -0.431656 -0.863522
v -0.205961 -0.376986 -0.895221
v -0.137184 -0.397904 -0.889332
v -0.206255 -0.438186 -0.867718
v 0.000000 -0.316151 -0.923178
v -0.068284 -0.357383 -0.908565
v -0.068759 -0.298398 -0.938210
v -0.478404 -0.267511 -0.874047
v -0.414831 -0.299222 -0.890394
v -0.475527 -0.333072 -0.847184
v -0.280722 -0.223510 -0.947400
v -0.349010 -0.262192 -0.923789
v -0.349232 -0.195281 -0.943951
v -0.344218 -0.391494 -0.869398
v -0.346748 -0.327578 -0.897438
v -0.277797 -0.352635 -0.898220
v 0.000000 -0.067191 -1.020485
v -0.071242 -0.106659 -1.008603
v -0.071568 -0.040019 -1.018106
v -0.070020 -0.235380 -0.968373
v -0.070688 -0.172453 -0.992053
v 0.000000 -0.196665 -0.982867
v -0.211098 -0.118040 -0.984441
v -0.141587 -0.145688 -0.991104
v -0.210118 -0.183821 -0.969789
v -0.207908 -0.313476 -0.920918
v -0.209698 -0.249244 -0.947364
v -0.138910 -0.274862 -0.945858
v -0.494087 0.195072 -0.899695
v -0.363114 0.121392 -0.973062
v -0.430656 0.159170 -0.941601
v -0.499280 0.117377 -0.907245
v -0.500125 0.040257 -0.907814
v -0.142986 0.000000 -1.010740
v -0.283758 -0.078805 -0.977760
v -0.213725 -0.039810 -0.994388
v -0.215059 0.040059 -1.000591
v -0.287484 0.079839 -0.990598
v -0.487308 -0.192396 -0.887351
v -0.497180 -0.040019 -0.902468
v -0.493256 -0.115961 -0.896299
v -0.424116 -0.156753 -0.927299
v -0.357038 -0.119361 -0.956781
v -0.363533 0.040656 -0.975666
v -0.360356 -0.040300 -0.967140
v -0.433177 0.000000 -0.942552
v 0.115482 0.541443 -0.854209
v 0.071454 0.497758 -0.889837
v 0.205937 0.630829 -0.784584
v 0.160539 0.586164 -0.819550
v 0.212043 0.450482 -0.892067
v 0.187203 0.519452 -0.858535
v 0.258177 0.496472 -0.860649
v 0.374589 0.754790 -0.577235
v 0.336323 0.732579 -0.635700
v 0.401502 0.622048 -0.737115
v 0.372282 0.683243 -0.692279
v 0.445307 0.654530 -0.686212
v 0.296591 0.707776 -0.693668
v 0.253761 0.674356 -0.743279
v 0.477695 0.334591 -0.851047
v 0.465960 0.410196 -0.834293
v 0.527155 0.375780 -0.812338
v 0.330582 0.468853 -0.855159
v 0.398697 0.440504 -0.846749
v 0.348496 0.396360 -0.880204
v 0.494330 0.521323 -0.761755
v 0.447518 0.482205 -0.806488
v 0.425497 0.550858 -0.773012
v 0.281663 0.610109 -0.787824
v 0.355032 0.582022 -0.782323
v 0.306984 0.540108 -0.824066
v 0.605822 0.784937 -0.040990
v 0.584008 0.791932 -0.107331
v 0.683809 0.731005 -0.192355
v 0.636162 0.764507 -0.150133
v 0.708584 0.727499 -0.124570
v 0.560554 0.796321 -0.174073
v 0.535926 0.798534 -0.240144
v 0.812733 0.534235 -0.347553
v 0.787644 0.587470 -0.311586
v 0.840683 0.537021 -0.278910
v 0.664328 0.676631 -0.369480
v 0.728772 0.634681 -0.342163
v 0.696793 0.627900 -0.408488
v 0.784029 0.639245 -0.204461
v 0.757658 0.638244 -0.273577
v 0.724778 0.686634 -0.235010
v 0.450678 0.787866 -0.441133
v 0.418282 0.777196 -0.505614
v 0.507703 0.795935 -0.308459
v 0.479564 0.792336 -0.374012
v 0.565204 0.709858 -0.461807
v 0.522968 0.751794 -0.418214
v 0.593669 0.716059 -0.395136
v 0.656889 0.729075 -0.261313
v 0.625977 0.723208 -0.329027
v 0.583047 0.764616 -0.285551
v 0.866774 0.038905 -0.576449
v 0.872718 0.101665 -0.554561
v 0.909869 0.062956 -0.510240
v 0.790501 0.178790 -0.637179
v 0.831194 0.140299 -0.595982
v 0.788075 0.115986 -0.661411
v 0.910125 0.186411 -0.460753
v 0.872966 0.164020 -0.529507
v 0.872352 0.225490 -0.504484
v 0.592674 0.331408 -0.776920
v 0.644500 0.293814 -0.744581
v 0.587694 0.262350 -0.792752
v 0.748677 0.351392 -0.633389
v 0.699832 0.324287 -0.692429
v 0.700032 0.391439 -0.669385
v 0.693653 0.190697 -0.733081
v 0.696430 0.256583 -0.712375
v 0.745701 0.219373 -0.678249
v 0.880656 0.425941 -0.347100
v 0.857090 0.412479 -0.422460
v 0.839512 0.469433 -0.389323
v 0.872134 0.290510 -0.479359
v 0.867235 0.351861 -0.452292
v 0.904488 0.308577 -0.408316
v 0.780329 0.436339 -0.535373
v 0.825972 0.394933 -0.495092
v 0.791036 0.375190 -0.565115
v 0.792997 0.244297 -0.615654
v 0.794461 0.310670 -0.592534
v 0.835024 0.268039 -0.548662
v 0.454824 0.730105 -0.561264
v 0.600659 0.658745 -0.514089
v 0.531153 0.697732 -0.540016
v 0.491399 0.679958 -0.616380
v 0.523653 0.623008 -0.665405
v 0.787253 0.520181 -0.422588
v 0.726011 0.486992 -0.570425
v 0.758232 0.504404 -0.497368
v 0.729344 0.568272 -0.454181
v 0.668405 0.613606 -0.484099
v 0.585557 0.408875 -0.763615
v 0.551646 0.555385 -0.708641
v 0.572672 0.485360 -0.741780
v 0.640856 0.440241 -0.708730
v 0.687425 0.466152 -0.645238
v 0.635294 0.600002 -0.562101
v 0.665860 0.536170 -0.607505
v 0.598064 0.582443 -0.639990
v 0.606880 -0.786308 0.041061
v 0.583356 -0.791048 0.107212
v 0.533479 -0.819722 0.065988
v 0.673398 -0.719875 0.189426
v 0.631786 -0.759250 0.149100
v 0.701744 -0.720476 0.123368
v 0.479854 -0.816746 0.194626
v 0.557050 -0.791344 0.172985
v 0.528022 -0.786758 0.236602
v 0.776134 -0.510177 0.331902
v 0.758986 -0.566096 0.300249
v 0.812435 -0.518977 0.269538
v 0.647879 -0.659878 0.360332
v 0.705057 -0.614028 0.331029
v 0.674327 -0.607655 0.395318
v 0.767058 -0.625408 0.200036
v 0.734668 -0.618877 0.265276
v 0.707119 -0.669905 0.229284
v 0.355873 -0.778022 0.437801
v 0.430160 -0.751996 0.421049
v 0.395005 -0.733945 0.477477
v 0.496614 -0.778550 0.301721
v 0.464354 -0.767207 0.362150
v 0.421722 -0.804966 0.319507
v 0.544398 -0.683727 0.444807
v 0.506432 -0.728023 0.404991
v 0.580572 -0.700262 0.386419
v 0.644624 -0.715461 0.256433
v 0.614522 -0.709973 0.323006
v 0.574370 -0.753237 0.281302
v 0.817674 -0.036701 0.543795
v 0.821498 -0.095698 0.522014
v 0.851947 -0.058948 0.477758
v 0.759624 -0.171806 0.612291
v 0.792320 -0.133737 0.568108
v 0.756713 -0.111371 0.635090
v 0.855582 -0.175240 0.433140
v 0.823490 -0.154724 0.499497
v 0.825800 -0.213457 0.477563
v 0.560758 -0.313561 0.735083
v 0.616195 -0.280910 0.711880
v 0.566002 -0.252667 0.763491
v 0.709187 -0.332857 0.599979
v 0.665401 -0.308332 0.658362
v 0.657775 -0.367810 0.628978
v 0.671506 -0.184608 0.709675
v 0.670794 -0.247138 0.686152
v 0.718642 -0.211412 0.653637
v 0.830749 -0.401802 0.327429
v 0.802364 -0.386141 0.395486
v 0.789624 -0.441537 0.366188
v 0.824318 -0.274582 0.453077
v 0.815368 -0.330817 0.425241
v 0.850975 -0.290320 0.384158
v 0.733123 -0.409943 0.502985
v 0.775864 -0.370974 0.465058
v 0.745923 -0.353793 0.532886
v 0.757958 -0.233502 0.588451
v 0.754013 -0.294853 0.562366
v 0.792854 -0.254502 0.520953
v 0.042711 -0.543948 0.819954
v 0.111726 -0.523832 0.826425
v 0.069455 -0.483836 0.864949
v 0.193147 -0.591651 0.735856
v 0.152986 -0.558586 0.780992
v 0.125412 -0.614696 0.734249
v 0.206563 -0.438840 0.869013
v 0.180585 -0.501088 0.828184
v 0.248141 -0.477174 0.827194
v 0.352102 -0.709481 0.542585
v 0.314117 -0.684209 0.593727
v 0.282122 -0.732742 0.544568
v 0.374933 -0.580885 0.688338
v 0.345549 -0.634180 0.642568
v 0.414790 -0.609675 0.639186
v 0.204539 -0.675836 0.641090
v 0.274501 -0.655061 0.642004
v 0.235228 -0.625104 0.688993
v 0.457292 -0.320300 0.814696
v 0.441489 -0.388653 0.790478
v 0.496544 -0.353958 0.765166
v 0.317547 -0.450366 0.821438
v 0.381371 -0.421360 0.809950
v 0.337708 -0.384089 0.852955
v 0.461882 -0.487103 0.711753
v 0.422123 -0.454841 0.760722
v 0.400737 -0.518803 0.728029
v 0.263180 -0.570071 0.736124
v 0.333788 -0.547195 0.735510
v 0.290744 -0.511536 0.780473
v 0.744695 -0.492060 0.399743
v 0.680874 -0.456715 0.534961
v 0.712748 -0.474146 0.467533
v 0.694135 -0.540839 0.432256
v 0.637919 -0.585620 0.462020
v 0.545954 -0.381221 0.711969
v 0.512708 -0.516184 0.658622
v 0.530160 -0.449329 0.686714
v 0.595272 -0.408927 0.658319
v 0.641221 -0.434821 0.601870
v 0.427943 -0.686955 0.528093
v 0.571928 -0.627236 0.489499
v 0.502007 -0.659446 0.510384
v 0.460277 -0.636894 0.577343
v 0.488598 -0.581302 0.620860
v 0.621627 -0.500553 0.567149
v 0.557606 -0.543041 0.596695
v 0.597426 -0.564238 0.528596
v 0.467658 -0.848325 0.065820
v 0.491576 -0.845248 0.000000
v 0.415276 -0.847616 0.195498
v 0.441791 -0.848712 0.131246
v 0.356391 -0.894488 0.000000
v 0.400722 -0.875636 0.065974
v 0.333314 -0.900772 0.066181
v 0.286741 -0.805269 0.441863
v 0.322496 -0.824842 0.385254
v 0.244415 -0.890476 0.264516
v 0.285268 -0.863901 0.327202
v 0.211209 -0.877522 0.325469
v 0.355849 -0.837942 0.324572
v 0.385888 -0.844843 0.261944
v 0.071796 -0.937244 0.000000
v 0.114379 -0.929667 0.065831
v 0.042810 -0.936121 0.065970
v 0.259207 -0.916595 0.066442
v 0.186590 -0.922592 0.065903
v 0.214678 -0.922175 0.000000
v 0.127523 -0.914126 0.196511
v 0.157430 -0.920534 0.131836
v 0.200560 -0.909461 0.197541
v 0.348196 -0.879222 0.198992
v 0.275849 -0.901202 0.199980
v 0.305868 -0.904695 0.133198
v -0.042743 -0.544349 0.820558
v 0.000000 -0.585330 0.784473
v -0.084531 -0.665035 0.708377
v -0.042550 -0.626009 0.747202
v -0.127340 -0.624147 0.745539
v 0.042435 -0.624320 0.745187
v 0.083678 -0.658322 0.701226
v -0.245609 -0.787364 0.512229
v -0.207527 -0.762857 0.565572
v -0.289306 -0.751401 0.558435
v -0.042438 -0.771725 0.570817
v -0.124821 -0.770259 0.570176
v -0.081892 -0.800837 0.520994
v -0.210857 -0.696712 0.660892
v -0.168260 -0.736165 0.617904
v -0.127681 -0.704309 0.665077
v 0.203300 -0.747319 0.554052
v 0.241618 -0.774571 0.503907
v 0.125260 -0.690955 0.652467
v 0.164521 -0.719806 0.604173
v 0.080860 -0.790745 0.514429
v 0.122842 -0.758046 0.561136
v 0.042197 -0.767339 0.567573
v -0.042642 -0.705177 0.666421
v 0.000000 -0.740100 0.619324
v 0.042443 -0.701884 0.663309
v -0.486139 -0.835899 0.000000
v -0.465442 -0.844305 0.065508
v -0.529907 -0.814235 0.065547
v -0.329723 -0.891068 0.065468
v -0.397573 -0.868755 0.065456
v -0.351472 -0.882142 0.000000
v -0.487864 -0.830379 0.197874
v -0.443270 -0.851554 0.131686
v -0.419431 -0.856097 0.197454
v -0.042915 -0.938426 0.066132
v -0.115114 -0.935640 0.066254
v -0.072084 -0.941014 0.000000
v -0.200976 -0.911347 0.197950
v -0.158257 -0.925371 0.132528
v -0.127854 -0.916498 0.197021
v -0.215724 -0.926667 0.000000
v -0.188075 -0.929933 0.066428
v -0.258767 -0.915039 0.066330
v -0.364386 -0.796634 0.448274
v -0.325725 -0.833100 0.389111
v -0.289970 -0.814339 0.446840
v -0.390827 -0.855656 0.265296
v -0.359818 -0.847288 0.328192
v -0.433220 -0.826914 0.328218
v -0.210411 -0.874208 0.324240
v -0.284933 -0.862885 0.326817
v -0.244351 -0.890241 0.264447
v -0.302789 -0.895590 0.131857
v -0.274442 -0.896603 0.198959
v -0.347225 -0.876770 0.198437
v 0.206310 -0.817858 0.450271
v 0.042645 -0.826574 0.456510
v 0.123827 -0.822648 0.453859
v 0.168187 -0.855175 0.392109
v 0.128069 -0.882373 0.330097
v -0.207271 -0.821667 0.452368
v -0.127482 -0.878327 0.328583
v -0.167412 -0.851234 0.390302
v -0.124679 -0.828305 0.456980
v -0.042860 -0.830756 0.458820
v 0.000000 -0.930114 0.131910
v 0.084687 -0.903143 0.262761
v 0.042780 -0.918463 0.197901
v -0.042758 -0.917992 0.197800
v -0.084482 -0.900956 0.262124
v 0.000000 -0.858283 0.395437
v -0.042743 -0.881667 0.329333
v 0.042905 -0.885008 0.330580
v 0.471625 -0.855521 -0.066379
v 0.538247 -0.827050 -0.066578
v 0.333041 -0.900035 -0.066127
v 0.402474 -0.879463 -0.066263
v 0.491128 -0.835935 -0.199198
v 0.448979 -0.862521 -0.133382
v 0.422350 -0.862055 -0.198828
v 0.042826 -0.936461 -0.065994
v 0.114429 -0.930077 -0.065860
v 0.197793 -0.896911 -0.194815
v 0.156677 -0.916133 -0.131205
v 0.125911 -0.902567 -0.194026
v 0.186526 -0.922274 -0.065880
v 0.258552 -0.914281 -0.066275
v 0.352744 -0.771182 -0.433952
v 0.316292 -0.808973 -0.377842
v 0.281104 -0.789440 -0.433178
v 0.388415 -0.850375 -0.263659
v 0.353394 -0.832159 -0.322332
v 0.425710 -0.812580 -0.322528
v 0.205386 -0.853329 -0.316496
v 0.278547 -0.843548 -0.319493
v 0.239262 -0.871703 -0.258940
v 0.304565 -0.900844 -0.132631
v 0.272590 -0.890554 -0.197617
v 0.348572 -0.880171 -0.199207
v -0.528364 -0.811863 -0.065356
v -0.462481 -0.838935 -0.065092
v -0.410718 -0.838314 -0.193352
v -0.437041 -0.839587 -0.129835
v -0.479241 -0.815703 -0.194377
v -0.394080 -0.861122 -0.064881
v -0.326726 -0.882970 -0.064873
v -0.280418 -0.787511 -0.432119
v -0.314265 -0.803789 -0.375420
v -0.351590 -0.768658 -0.432532
v -0.237642 -0.865801 -0.257186
v -0.276262 -0.836628 -0.316872
v -0.203269 -0.844534 -0.313234
v -0.419277 -0.800300 -0.317654
v -0.348110 -0.819717 -0.317512
v -0.379961 -0.831865 -0.257920
v -0.114473 -0.930434 -0.065886
v -0.042829 -0.936540 -0.065999
v -0.256734 -0.907850 -0.065809
v -0.186742 -0.923343 -0.065957
v -0.125282 -0.898060 -0.193058
v -0.156078 -0.912630 -0.130704
v -0.196576 -0.891393 -0.193616
v -0.340825 -0.860609 -0.194779
v -0.269357 -0.879990 -0.195273
v -0.298773 -0.883712 -0.130108
v 0.041661 -0.530567 -0.799783
v 0.000000 -0.571934 -0.766519
v -0.041868 -0.533206 -0.803762
v 0.082090 -0.645833 -0.687924
v 0.041442 -0.609709 -0.727747
v 0.123344 -0.604561 -0.722143
v -0.125061 -0.612977 -0.732195
v -0.041589 -0.611869 -0.730325
v -0.082654 -0.650268 -0.692648
v 0.238711 -0.765252 -0.497844
v 0.201069 -0.739118 -0.547972
v 0.279569 -0.726112 -0.539641
v 0.041285 -0.750754 -0.555306
v 0.121297 -0.748511 -0.554078
v 0.079604 -0.778463 -0.506438
v 0.202990 -0.670719 -0.636235
v 0.162629 -0.711526 -0.597223
v 0.123576 -0.681663 -0.643693
v -0.281778 -0.731849 -0.543904
v -0.202496 -0.744365 -0.551862
v -0.239150 -0.766659 -0.498759
v -0.124581 -0.687207 -0.648928
v -0.164012 -0.717580 -0.602305
v -0.206309 -0.681685 -0.646638
v -0.079346 -0.775939 -0.504797
v -0.121534 -0.749976 -0.555162
v -0.041301 -0.751049 -0.555524
v 0.041501 -0.686313 -0.648594
v 0.000000 -0.721901 -0.604095
v -0.041608 -0.688086 -0.650270
v 0.000000 -0.924100 -0.131057
v -0.082400 -0.878750 -0.255664
v -0.042101 -0.903888 -0.194761
v 0.042150 -0.904937 -0.194987
v 0.083029 -0.885454 -0.257614
v -0.200841 -0.796179 -0.438335
v -0.041388 -0.802220 -0.443060
v -0.120363 -0.799632 -0.441161
v -0.161134 -0.819314 -0.375666
v -0.122943 -0.847054 -0.316884
v 0.203095 -0.805116 -0.443255
v 0.124980 -0.861087 -0.322134
v 0.164445 -0.836146 -0.383383
v 0.122091 -0.811114 -0.447495
v 0.041680 -0.807873 -0.446182
v -0.041420 -0.854376 -0.319138
v 0.000000 -0.832376 -0.383501
v 0.041824 -0.862713 -0.322253
v 0.589749 -0.799717 -0.108386
v 0.609062 -0.789136 -0.041209
v 0.537584 -0.801006 -0.240887
v 0.566636 -0.804961 -0.175961
v 0.706487 -0.725346 -0.124201
v 0.638737 -0.767603 -0.150740
v 0.683561 -0.730739 -0.192285
v 0.395680 -0.735200 -0.478293
v 0.431670 -0.754637 -0.422528
v 0.585523 -0.706233 -0.389714
v 0.509445 -0.732354 -0.407400
v 0.546735 -0.686663 -0.446717
v 0.467664 -0.772675 -0.364731
v 0.503238 -0.788935 -0.305746
v 0.855239 -0.546319 -0.283739
v 0.793155 -0.591581 -0.313766
v 0.821168 -0.539780 -0.351160
v 0.725167 -0.687003 -0.235136
v 0.761420 -0.641413 -0.274936
v 0.789885 -0.644020 -0.205989
v 0.690110 -0.621878 -0.404570
v 0.728511 -0.634454 -0.342041
v 0.660786 -0.673023 -0.367510
v 0.581997 -0.763239 -0.285037
v 0.624746 -0.721785 -0.328380
v 0.657553 -0.729811 -0.261576
v 0.067044 -0.467040 -0.834922
v 0.108714 -0.509710 -0.804145
v 0.240758 -0.462976 -0.802582
v 0.175124 -0.485935 -0.803139
v 0.197885 -0.420405 -0.832507
v 0.150259 -0.548629 -0.767070
v 0.191034 -0.585178 -0.727806
v 0.497318 -0.354510 -0.766360
v 0.435344 -0.383244 -0.779476
v 0.452689 -0.317076 -0.806497
v 0.394083 -0.510188 -0.715940
v 0.416078 -0.448328 -0.749828
v 0.457851 -0.482852 -0.705541
v 0.328794 -0.373952 -0.830442
v 0.373173 -0.412302 -0.792539
v 0.309344 -0.438732 -0.800220
v 0.311375 -0.678236 -0.588544
v 0.350656 -0.706567 -0.540356
v 0.233551 -0.620649 -0.684083
v 0.272579 -0.650475 -0.637509
v 0.408425 -0.600318 -0.629376
v 0.341303 -0.626388 -0.634673
v 0.368491 -0.570905 -0.676511
v 0.285616 -0.502513 -0.766706
v 0.328604 -0.538697 -0.724087
v 0.260661 -0.564616 -0.729079
v 0.908606 -0.062869 -0.509531
v 0.871608 -0.101535 -0.553856
v 0.866725 -0.038903 -0.576416
v 0.871038 -0.225150 -0.503724
v 0.872712 -0.163973 -0.529353
v 0.910807 -0.186551 -0.461098
v 0.787931 -0.115965 -0.661291
v 0.831536 -0.140356 -0.596227
v 0.790434 -0.178775 -0.637125
v 0.845991 -0.473056 -0.392328
v 0.856813 -0.412345 -0.422324
v 0.892799 -0.431814 -0.351886
v 0.772870 -0.366574 -0.552137
v 0.813542 -0.388989 -0.487642
v 0.761051 -0.425559 -0.522146
v 0.905406 -0.308890 -0.408730
v 0.862533 -0.349953 -0.449840
v 0.866854 -0.288751 -0.476457
v 0.579584 -0.258730 -0.781813
v 0.636019 -0.289948 -0.734783
v 0.574328 -0.321149 -0.752870
v 0.742685 -0.218486 -0.675506
v 0.692162 -0.255011 -0.708009
v 0.692387 -0.190349 -0.731743
v 0.676984 -0.378552 -0.647347
v 0.688003 -0.318805 -0.680725
v 0.732126 -0.343623 -0.619386
v 0.826636 -0.265346 -0.543150
v 0.780962 -0.305392 -0.582466
v 0.787438 -0.242584 -0.611339
v 0.428135 -0.687262 -0.528329
v 0.485028 -0.577054 -0.616324
v 0.457226 -0.632673 -0.573516
v 0.503661 -0.661618 -0.512066
v 0.575526 -0.631182 -0.492579
v 0.553104 -0.386214 -0.721294
v 0.653815 -0.443361 -0.613691
v 0.605591 -0.416017 -0.669731
v 0.532246 -0.451097 -0.689416
v 0.511519 -0.514987 -0.657095
v 0.784833 -0.518582 -0.421289
v 0.650917 -0.597552 -0.471433
v 0.719061 -0.560261 -0.447778
v 0.742103 -0.493674 -0.486788
v 0.699915 -0.469487 -0.549921
v 0.560496 -0.545856 -0.599788
v 0.631986 -0.508894 -0.576600
v 0.605861 -0.572204 -0.536060
v 0.659677 -0.759918 0.000000
v 0.759982 -0.695795 -0.083238
v 0.711319 -0.729760 -0.041661
v 0.710652 -0.729076 0.041622
v 0.755084 -0.691310 0.082701
v 0.905919 -0.506566 -0.243502
v 0.878406 -0.559755 -0.205907
v 0.903328 -0.574299 -0.042804
v 0.896420 -0.570351 -0.125172
v 0.935163 -0.522919 -0.082401
v 0.845877 -0.610255 -0.166594
v 0.806885 -0.654905 -0.126044
v 0.845440 -0.538748 0.198180
v 0.859928 -0.480849 0.231140
v 0.791580 -0.642483 0.123653
v 0.820897 -0.592233 0.161674
v 0.922083 -0.515605 0.081248
v 0.874717 -0.556542 0.122142
v 0.895303 -0.569197 0.042424
v 0.813630 -0.660900 -0.042394
v 0.859852 -0.618457 0.000000
v 0.808768 -0.656950 0.042141
v 0.936443 0.000000 -0.469281
v 0.941236 -0.062770 -0.447105
v 0.990624 -0.062558 -0.315858
v 0.966797 -0.062610 -0.381241
v 0.987649 0.000000 -0.339078
v 0.941618 -0.125158 -0.422353
v 0.943094 -0.186963 -0.398141
v 1.051252 -0.063676 -0.041425
v 1.046136 -0.063673 -0.110905
v 1.050228 0.000000 -0.069323
v 1.024007 -0.191176 -0.194585
v 1.037346 -0.127695 -0.152868
v 1.035907 -0.191408 -0.124523
v 1.023378 0.000000 -0.205284
v 1.033072 -0.063429 -0.180034
v 1.014039 -0.063180 -0.247098
v 0.932467 -0.374341 -0.314147
v 0.926351 -0.436898 -0.284230
v 0.942826 -0.251259 -0.371076
v 0.937702 -0.312190 -0.343133
v 0.994463 -0.317029 -0.206247
v 0.968904 -0.315421 -0.275686
v 1.001710 -0.255759 -0.236915
v 0.994961 -0.125910 -0.289856
v 1.000852 -0.190894 -0.263976
v 0.972121 -0.189110 -0.331734
v 0.885708 -0.059067 0.420728
v 0.882024 0.000000 0.442009
v 0.885847 -0.175614 0.373974
v 0.886514 -0.117834 0.397637
v 0.947353 0.000000 0.325243
v 0.918673 -0.059494 0.362265
v 0.950133 -0.060001 0.302948
v 0.867280 -0.409038 0.266105
v 0.872884 -0.350421 0.294073
v 0.948192 -0.242094 0.224258
v 0.912151 -0.296945 0.259538
v 0.950874 -0.303133 0.197207
v 0.877799 -0.292247 0.321213
v 0.883323 -0.235402 0.347656
v 1.044336 0.000000 0.068934
v 1.029139 -0.062638 0.109103
v 1.044662 -0.063277 0.041166
v 0.982284 -0.061202 0.239360
v 1.008960 -0.061948 0.175832
v 1.003461 0.000000 0.201289
v 1.009041 -0.186444 0.121293
v 1.010319 -0.124368 0.148885
v 0.984445 -0.183790 0.187067
v 0.915172 -0.178032 0.312301
v 0.949176 -0.181038 0.250347
v 0.950394 -0.120270 0.276873
v 0.949012 -0.449081 -0.206281
v 1.011886 -0.325371 -0.126552
v 0.982215 -0.387094 -0.166452
v 0.962690 -0.456511 -0.124863
v 0.970526 -0.460716 -0.043145
v 1.041942 -0.127011 0.000000
v 1.012680 -0.253241 0.081824
v 1.027536 -0.190301 0.041241
v 1.037695 -0.192183 -0.041648
v 1.029608 -0.257474 -0.083191
v 0.906029 -0.428742 0.196938
v 0.964489 -0.457851 0.042877
v 0.942430 -0.446903 0.122235
v 0.951096 -0.374830 0.161178
v 0.988784 -0.317943 0.123663
v 1.020604 -0.327676 -0.042635
v 1.014427 -0.325693 0.042377
v 0.998883 -0.395567 0.000000
v 0.069809 -0.427387 0.901982
v 0.207524 -0.379847 0.902015
v 0.139632 -0.405004 0.905201
v 0.070364 -0.368270 0.936242
v 0.070748 -0.307029 0.965347
v 0.459083 -0.256707 0.838747
v 0.401491 -0.289600 0.861761
v 0.279495 -0.222533 0.943258
v 0.340905 -0.256104 0.902336
v 0.342793 -0.191681 0.926547
v 0.339443 -0.320677 0.878531
v 0.275863 -0.350181 0.891968
v 0.072908 -0.109152 1.032180
v 0.073469 -0.041082 1.045152
v 0.071621 -0.240760 0.990507
v 0.072162 -0.176051 1.012748
v 0.214230 -0.119792 0.999049
v 0.144038 -0.148210 1.008260
v 0.212241 -0.185679 0.979588
v 0.210033 -0.316681 0.930333
v 0.211675 -0.251595 0.956299
v 0.141657 -0.280299 0.964566
v 0.790299 0.000000 0.591155
v 0.730099 0.075072 0.687146
v 0.760835 0.037333 0.639028
v 0.761114 -0.037347 0.639262
v 0.725276 -0.074576 0.682607
v 0.541192 0.223602 0.833968
v 0.595456 0.188270 0.805178
v 0.600302 0.038457 0.813622
v 0.599149 0.113021 0.811427
v 0.550774 0.074598 0.848734
v 0.645483 0.151457 0.770950
v 0.690155 0.114169 0.732698
v 0.579628 -0.183265 0.783776
v 0.525049 -0.216932 0.809092
v 0.679283 -0.112370 0.721155
v 0.631390 -0.148151 0.754118
v 0.543082 -0.073556 0.836882
v 0.588149 -0.110946 0.796530
v 0.594706 -0.038098 0.806036
v 0.691474 0.038125 0.733520
v 0.645206 0.000000 0.772961
v 0.687080 -0.037882 0.728859
v 0.072473 0.443698 0.936404
v 0.072453 0.314430 0.988616
v 0.072507 0.379486 0.964756
v 0.144438 0.418944 0.936359
v 0.213045 0.389951 0.926009
v 0.073528 0.041115 1.045994
v 0.073303 0.109744 1.037775
v 0.213687 0.186944 0.986265
v 0.144784 0.148977 1.013478
v 0.214407 0.119891 0.999872
v 0.072961 0.178000 1.023958
v 0.072908 0.245087 1.008310
v 0.409852 0.295631 0.879708
v 0.471062 0.263406 0.860634
v 0.281931 0.357883 0.911586
v 0.346727 0.327558 0.897384
v 0.349470 0.195414 0.944593
v 0.349089 0.262252 0.924000
v 0.284297 0.226357 0.959467
v 0.144278 0.285484 0.982409
v 0.214614 0.255088 0.969576
v 0.214343 0.323179 0.949423
v 0.470585 -0.185793 0.856900
v 0.485140 -0.039050 0.880614
v 0.479607 -0.112752 0.871496
v 0.412871 -0.152597 0.902713
v 0.351709 -0.117580 0.942501
v 0.480611 0.189752 0.875156
v 0.355200 0.118747 0.951854
v 0.418252 0.154586 0.914480
v 0.485646 0.114172 0.882470
v 0.487957 0.039277 0.885727
v 0.146206 0.000000 1.033501
v 0.284741 -0.079078 0.981146
v 0.217546 -0.040522 1.012166
v 0.216964 0.040414 1.009456
v 0.285460 0.079277 0.983622
v 0.422376 0.000000 0.919050
v 0.355963 0.039809 0.955348
v 0.354824 -0.039682 0.952291
v -0.578413 -0.784346 0.106303
v -0.538256 -0.802007 0.241188
v -0.559206 -0.794405 0.173654
v -0.628580 -0.755396 0.148343
v -0.678909 -0.725767 0.190976
v -0.407955 -0.758007 0.493131
v -0.443607 -0.775504 0.434211
v -0.597430 -0.720595 0.397639
v -0.522045 -0.750468 0.417476
v -0.562191 -0.706074 0.459345
v -0.478524 -0.790617 0.373201
v -0.511284 -0.801548 0.310634
v -0.787098 -0.587063 0.311370
v -0.801277 -0.526705 0.342654
v -0.725974 -0.687768 0.235398
v -0.763651 -0.643293 0.275741
v -0.692936 -0.624424 0.406227
v -0.730476 -0.636165 0.342963
v -0.667591 -0.679955 0.371295
v -0.585457 -0.767776 0.286732
v -0.629794 -0.727617 0.331034
v -0.656785 -0.728958 0.261271
v -0.112376 -0.526880 0.831234
v -0.250519 -0.481746 0.835120
v -0.182415 -0.506164 0.836574
v -0.155165 -0.566539 0.792112
v -0.198030 -0.606607 0.754458
v -0.510139 -0.363650 0.786117
v -0.449063 -0.395321 0.804039
v -0.403788 -0.522753 0.733572
v -0.427534 -0.460672 0.770474
v -0.468663 -0.494254 0.722203
v -0.385558 -0.425986 0.818843
v -0.320194 -0.454120 0.828286
v -0.323961 -0.705653 0.612335
v -0.363027 -0.731494 0.559419
v -0.242318 -0.643946 0.709761
v -0.283298 -0.676055 0.662579
v -0.422905 -0.621603 0.651691
v -0.354391 -0.650410 0.659011
v -0.379795 -0.588418 0.697264
v -0.294300 -0.517792 0.790018
v -0.337305 -0.552961 0.743261
v -0.269138 -0.582978 0.752791
v -0.850553 -0.099083 0.540477
v -0.851821 -0.220183 0.492611
v -0.854509 -0.160552 0.518312
v -0.820079 -0.138423 0.588012
v -0.780749 -0.176584 0.629319
v -0.819103 -0.458021 0.379859
v -0.831057 -0.399950 0.409628
v -0.761627 -0.361242 0.544105
v -0.798959 -0.382017 0.478900
v -0.750039 -0.419402 0.514591
v -0.838713 -0.340289 0.437417
v -0.845240 -0.281551 0.464577
v -0.629933 -0.287173 0.727752
v -0.578375 -0.323412 0.758176
v -0.731942 -0.215325 0.665734
v -0.681385 -0.251040 0.696986
v -0.672968 -0.376306 0.643506
v -0.677595 -0.313982 0.670426
v -0.720065 -0.337963 0.609182
v -0.814528 -0.261460 0.535194
v -0.769316 -0.300837 0.573780
v -0.776036 -0.239072 0.602486
v -0.442434 -0.710215 0.545974
v -0.497099 -0.591416 0.631662
v -0.473098 -0.654634 0.593424
v -0.519303 -0.682167 0.527969
v -0.589915 -0.646963 0.504894
v -0.564467 -0.394148 0.736112
v -0.654145 -0.443585 0.614001
v -0.613898 -0.421722 0.678917
v -0.544415 -0.461411 0.705179
v -0.520072 -0.523598 0.668082
v -0.767803 -0.507329 0.412148
v -0.656168 -0.602372 0.475237
v -0.712508 -0.555155 0.443698
v -0.731384 -0.486543 0.479757
v -0.692987 -0.464841 0.544478
v -0.566814 -0.552009 0.606549
v -0.631989 -0.508897 0.576603
v -0.612605 -0.578573 0.542026
v -0.110762 -0.519313 -0.819295
v -0.195852 -0.599936 -0.746161
v -0.153684 -0.561135 -0.784555
v -0.181376 -0.503284 -0.831813
v -0.251505 -0.483643 -0.838409
v -0.353996 -0.713297 -0.545503
v -0.318006 -0.692681 -0.601079
v -0.388283 -0.601569 -0.712848
v -0.355328 -0.652129 -0.660754
v -0.429905 -0.631891 -0.662477
v -0.279843 -0.667810 -0.654499
v -0.239787 -0.637221 -0.702349
v -0.457272 -0.402547 -0.818737
v -0.520852 -0.371287 -0.802626
v -0.323908 -0.459388 -0.837895
v -0.391310 -0.432341 -0.831059
v -0.482078 -0.508402 -0.742875
v -0.436959 -0.470827 -0.787459
v -0.415323 -0.537687 -0.754529
v -0.270196 -0.585269 -0.755749
v -0.343950 -0.563854 -0.757902
v -0.298351 -0.524919 -0.800892
v -0.576964 -0.782380 -0.106037
v -0.675673 -0.722308 -0.190066
v -0.627060 -0.753569 -0.147985
v -0.556253 -0.790212 -0.172737
v -0.531021 -0.791226 -0.237946
v -0.799165 -0.525317 -0.341751
v -0.776494 -0.579154 -0.307175
v -0.667226 -0.679583 -0.371092
v -0.726174 -0.632419 -0.340943
v -0.697997 -0.628985 -0.409194
v -0.749958 -0.631758 -0.270797
v -0.717742 -0.679969 -0.232728
v -0.431436 -0.754226 -0.422298
v -0.395893 -0.735596 -0.478551
v -0.500521 -0.784675 -0.304095
v -0.467023 -0.771616 -0.364231
v -0.561036 -0.704623 -0.458401
v -0.515678 -0.741314 -0.412384
v -0.596971 -0.720042 -0.397334
v -0.655248 -0.727253 -0.260660
v -0.629320 -0.727069 -0.330784
v -0.582815 -0.764312 -0.285438
v -0.855985 -0.099715 -0.543929
v -0.785675 -0.177698 -0.633290
v -0.822359 -0.138807 -0.589647
v -0.860791 -0.161733 -0.522122
v -0.861453 -0.222673 -0.498181
v -0.590173 -0.330009 -0.773641
v -0.643122 -0.293186 -0.742989
v -0.734176 -0.344585 -0.621120
v -0.689701 -0.319592 -0.682404
v -0.686293 -0.383757 -0.656248
v -0.694231 -0.255773 -0.710126
v -0.742013 -0.218288 -0.674895
v -0.839271 -0.403903 -0.413677
v -0.823184 -0.460303 -0.381751
v -0.856378 -0.285262 -0.470699
v -0.850302 -0.344991 -0.443461
v -0.774246 -0.432938 -0.531200
v -0.815085 -0.389727 -0.488567
v -0.779924 -0.369920 -0.557177
v -0.782332 -0.241011 -0.607374
v -0.779547 -0.304838 -0.581410
v -0.822586 -0.264046 -0.540489
v -0.435666 -0.699352 -0.537623
v -0.596650 -0.654349 -0.510659
v -0.519125 -0.681932 -0.527788
v -0.475531 -0.658002 -0.596476
v -0.509807 -0.606535 -0.647811
v -0.780298 -0.515585 -0.418855
v -0.719664 -0.482735 -0.565438
v -0.754892 -0.502182 -0.495177
v -0.727664 -0.566964 -0.453135
v -0.667545 -0.612817 -0.483477
v -0.574792 -0.401358 -0.749576
v -0.536152 -0.539787 -0.688738
v -0.555591 -0.470882 -0.719654
v -0.624278 -0.428853 -0.690397
v -0.673131 -0.456459 -0.631821
v -0.629305 -0.594346 -0.556803
v -0.655285 -0.527655 -0.597857
v -0.585017 -0.569736 -0.626028
v 0.834030 0.000000 -0.623866
v 0.753356 -0.077463 -0.709034
v 0.795553 -0.039037 -0.668188
v 0.796295 0.039073 -0.668811
v 0.753944 0.077524 -0.709587
v 0.533463 -0.220409 -0.822059
v 0.593928 -0.187787 -0.803113
v 0.609518 -0.039047 -0.826113
v 0.606198 -0.114351 -0.820974
v 0.554720 -0.075133 -0.854816
v 0.651429 -0.152852 -0.778051
v 0.703782 -0.116423 -0.747165
v 0.593992 0.187807 -0.803199
v 0.539790 0.223023 -0.831808
v 0.703347 0.116351 -0.746703
v 0.649839 0.152479 -0.776153
v 0.551263 0.074664 -0.849488
v 0.601933 0.113546 -0.815198
v 0.606150 0.038832 -0.821547
v 0.710315 -0.039164 -0.753507
v 0.659821 0.000000 -0.790471
v 0.709116 0.039097 -0.752235
v 0.066780 -0.408844 -0.862847
v 0.067629 -0.293492 -0.922783
v 0.067062 -0.350987 -0.892306
v 0.132910 -0.385506 -0.861623
v 0.198310 -0.362981 -0.861964
v 0.071608 -0.040041 -1.018675
v 0.071192 -0.106584 -1.007892
v 0.207451 -0.181489 -0.957482
v 0.140881 -0.144961 -0.986158
v 0.209931 -0.117388 -0.979000
v 0.070264 -0.171419 -0.986100
v 0.069152 -0.232462 -0.956367
v 0.395959 -0.285610 -0.849887
v 0.458758 -0.256525 -0.838154
v 0.266913 -0.338819 -0.863028
v 0.332143 -0.313780 -0.859636
v 0.337665 -0.188813 -0.912686
v 0.335822 -0.252285 -0.888882
v 0.273281 -0.217585 -0.922286
v 0.135666 -0.268443 -0.923769
v 0.204646 -0.243239 -0.924540
v 0.201076 -0.303175 -0.890657
v 0.071529 0.437919 -0.924209
v 0.211471 0.387071 -0.919170
v 0.142310 0.412773 -0.922565
v 0.071438 0.373889 -0.950529
v 0.071157 0.308804 -0.970928
v 0.473915 0.265001 -0.865846
v 0.413134 0.297998 -0.886751
v 0.280812 0.223582 -0.947703
v 0.346289 0.260149 -0.916589
v 0.344014 0.192364 -0.929847
v 0.348089 0.328844 -0.900907
v 0.282144 0.358153 -0.912274
v 0.071786 0.107473 -1.016304
v 0.071701 0.040094 -1.020006
v 0.071557 0.240545 -0.989621
v 0.071658 0.174821 -1.005674
v 0.211338 0.118175 -0.985562
v 0.142616 0.146746 -0.998304
v 0.211747 0.185247 -0.977310
v 0.212835 0.320905 -0.942744
v 0.213126 0.253319 -0.962852
v 0.142321 0.281612 -0.969086
v 0.473211 -0.186830 -0.861680
v 0.346176 -0.115730 -0.927673
v 0.409762 -0.151448 -0.895915
v 0.482708 -0.113482 -0.877133
v 0.486983 -0.039199 -0.883960
v 0.142377 0.000000 -1.006434
v 0.281712 0.078236 -0.970707
v 0.212804 0.039639 -0.990103
v 0.212812 -0.039640 -0.990136
v 0.279417 -0.077599 -0.962799
v 0.479292 0.189231 -0.872754
v 0.487646 0.039252 -0.885163
v 0.484885 0.113993 -0.881088
v 0.415433 0.153544 -0.908316
v 0.351312 0.117447 -0.941436
v 0.350316 -0.039177 -0.940193
v 0.353010 0.039479 -0.947423
v 0.420722 0.000000 -0.915452
v 0.893339 0.059576 0.424353
v 0.956602 0.060410 0.305010
v 0.926455 0.059998 0.365333
v 0.896686 0.119186 0.402200
v 0.896621 0.177750 0.378522
v 1.046325 0.063378 0.041231
v 1.031810 0.062801 0.109386
v 0.987074 0.184281 0.187566
v 1.012086 0.124586 0.149145
v 1.008407 0.186327 0.121217
v 1.010234 0.062026 0.176054
v 0.985969 0.061431 0.240258
v 0.896736 0.359997 0.302109
v 0.884957 0.417376 0.271529
v 0.899061 0.239596 0.353850
v 0.900503 0.299806 0.329521
v 0.956520 0.304933 0.198378
v 0.932177 0.303465 0.265236
v 0.960912 0.245342 0.227266
v 0.959797 0.121460 0.279612
v 0.961267 0.183344 0.253536
v 0.930135 0.180943 0.317407
v 0.944598 0.062995 -0.448702
v 0.943595 0.187062 -0.398353
v 0.946975 0.125870 -0.424756
v 0.972597 0.062986 -0.383528
v 0.993201 0.062721 -0.316680
v 0.902913 0.425845 -0.277038
v 0.917001 0.368132 -0.308936
v 0.979969 0.250207 -0.231773
v 0.950855 0.309545 -0.270551
v 0.970572 0.309412 -0.201292
v 0.930346 0.309741 -0.340441
v 0.938566 0.250124 -0.369399
v 1.039136 0.063246 -0.110163
v 1.047818 0.063468 -0.041290
v 1.010263 0.062945 -0.246177
v 1.025661 0.062974 -0.178743
v 1.017237 0.187958 -0.122279
v 1.024222 0.126080 -0.150934
v 1.004076 0.187455 -0.190797
v 0.969012 0.188506 -0.330673
v 0.988840 0.188603 -0.260808
v 0.993963 0.125783 -0.289565
v 0.657879 0.757847 0.000000
v 0.741479 0.678855 0.081211
v 0.704439 0.722701 0.041258
v 0.710667 0.729091 -0.041622
v 0.758099 0.694071 -0.083031
v 0.864481 0.483395 0.232364
v 0.840781 0.535779 0.197087
v 0.868544 0.552184 0.041156
v 0.858306 0.546100 0.119850
v 0.899226 0.502824 0.079234
v 0.808559 0.583331 0.159244
v 0.775220 0.629204 0.121097
v 0.859968 0.548006 -0.201585
v 0.882973 0.493735 -0.237334
v 0.799393 0.648824 -0.124873
v 0.831440 0.599839 -0.163750
v 0.910125 0.508918 -0.080195
v 0.873843 0.555986 -0.122020
v 0.876192 0.557047 -0.041518
v 0.791780 0.643152 0.041256
v 0.836343 0.601547 0.000000
v 0.801068 0.650696 -0.041740
v 1.040319 0.126813 0.000000
v 1.011587 0.252968 -0.081735
v 1.027026 0.190207 -0.041220
v 1.024428 0.189726 0.041116
v 1.005177 0.251365 0.081217
v 0.921742 0.436177 -0.200353
v 0.948576 0.450296 -0.042170
v 0.940646 0.446058 -0.122004
v 0.958076 0.377580 -0.162361
v 0.989823 0.318277 -0.123793
v 0.908701 0.430006 0.197519
v 0.977673 0.314370 0.122273
v 0.944072 0.372061 0.159988
v 0.927223 0.439692 0.120263
v 0.941973 0.447162 0.041876
v 0.999814 0.321002 -0.041766
v 0.977960 0.387281 0.000000
v 0.996100 0.319809 0.041611
f 1 643 645
f 163 644 643
f 165 645 644
f 643 644 645
f 43 646 648
f 164 647 646
f 163 648 647
f 646 647 648
f 45 649 651
f 165 650 649
f 164 651 650
f 649 650 651
f 163 647 644
f 164 650 647
f 165 644 650
f 647 650 644
f 13 652 654
f 166 653 652
f 168 654 653
f 652 653 654
f 44 655 657
f 167 656 655
f 166 657 656
f 655 656 657
f 43 658 660
f 168 659 658
f 167 660 659
f 658 659 660
f 166 656 653
f 167 659 656
f 168 653 659
f 656 659 653
f 15 661 663
f 169 662 661
f 171 663 662
f 661 662 663
f 45 664 666
f 170 665 664
f 169 666 665
f 664 665 666
f 44 667 669
f 171 668 667
f 170 669 668
f 667 668 669
f 169 665 662
f 170 668 665
f 171 662 668
f 665 668 662
f 43 660 646
f 167 670 660
f 164 646 670
f 660 670 646
f 44 669 655
f 170 671 669
f 167 655 671
f 669 671 655
f 45 651 664
f 164 672 651
f 170 664 672
f 651 672 664
f 167 671 670
f 170 672 671
f 164 670 672
f 671 672 670
f 12 673 675
f 172 674 673
f 174 675 674
f 673 674 675
f 46 676 678
f 173 677 676
f 172 678 677
f 676 677 678
f 48 679 681
f 174 680 679
f 173 681 680
f 679 680 681
f 172 677 674
f 173 680 677
f 174 674 680
f 677 680 674
f 14 682 684
f 175 683 682
f 177 684 683
f 682 683 684
f 47 685 687
f 176 686 685
f 175 687 686
f 685 686 687
f 46 688 690
f 177 689 688
f 176 690 689
f 688 689 690
f 175 686 683
f 176 689 686
f 177 683 689
f 686 689 683
f 13 691 693
f 178 692 691
f 180 693 692
f 691 692 693
f 48 694 696
f 179 695 694
f 178 696 695
f 694 695 696
f 47 697 699
f 180 698 697
f 179 699 698
f 697 698 699
f 178 695 692
f 179 698 695
f 180 692 698
f 695 698 692
f 46 690 676
f 176 700 690
f 173 676 700
f 690 700 676
f 47 699 685
f 179 701 699
f 176 685 701
f 699 701 685
f 48 681 694
f 173 702 681
f 179 694 702
f 681 702 694
f 176 701 700
f 179 702 701
f 173 700 702
f 701 702 700
f 6 703 705
f 181 704 703
f 183 705 704
f 703 704 705
f 49 706 708
f 182 707 706
f 181 708 707
f 706 707 708
f 51 709 711
f 183 710 709
f 182 711 710
f 709 710 711
f 181 707 704
f 182 710 707
f 183 704 710
f 707 710 704
f 15 712 714
f 184 713 712
f 186 714 713
f 712 713 714
f 50 715 717
f 185 716 715
f 184 717 716
f 715 716 717
f 49 718 720
f 186 719 718
f 185 720 719
f 718 719 720
f 184 716 713
f 185 719 716
f 186 713 719
f 716 719 713
f 14 721 723
f 187 722 721
f 189 723 722
f 721 722 723
f 51 724 726
f 188 725 724
f 187 726 725
f 724 725 726
f 50 727 729
f 189 728 727
f 188 729 728
f 727 728 729
f 187 725 722
f 188 728 725
f 189 722 728
f 725 728 722
f 49 720 706
f 185 730 720
f 182 706 730
f 720 730 706
f 50 729 715
f 188 731 729
f 185 715 731
f 729 731 715
f 51 711 724
f 182 732 711
f 188 724 732
f 711 732 724
f 185 731 730
f 188 732 731
f 182 730 732
f 731 732 730
f 13 693 652
f 180 733 693
f 166 652 733
f 693 733 652
f 47 734 697
f 190 735 734
f 180 697 735
f 734 735 697
f 44 657 737
f 166 736 657
f 190 737 736
f 657 736 737
f 180 735 733
f 190 736 735
f 166 733 736
f 735 736 733
f 14 723 682
f 189 738 723
f 175 682 738
f 723 738 682
f 50 739 727
f 191 740 739
f 189 727 740
f 739 740 727
f 47 687 742
f 175 741 687
f 191 742 741
f 687 741 742
f 189 740 738
f 191 741 740
f 175 738 741
f 740 741 738
f 15 663 712
f 171 743 663
f 184 712 743
f 663 743 712
f 44 744 667
f 192 745 744
f 171 667 745
f 744 745 667
f 50 717 747
f 184 746 717
f 192 747 746
f 717 746 747
f 171 745 743
f 192 746 745
f 184 743 746
f 745 746 743
f 47 742 734
f 191 748 742
f 190 734 748
f 742 748 734
f 50 747 739
f 192 749 747
f 191 739 749
f 747 749 739
f 44 737 744
f 190 750 737
f 192 744 750
f 737 750 744
f 191 749 748
f 192 750 749
f 190 748 750
f 749 750 748
f 1 645 752
f 165 751 645
f 194 752 751
f 645 751 752
f 45 753 649
f 193 754 753
f 165 649 754
f 753 754 649
f 53 755 757
f 194 756 755
f 193 757 756
f 755 756 757
f 165 754 751
f 193 756 754
f 194 751 756
f 754 756 751
f 15 758 661
f 195 759 758
f 169 661 759
f 758 759 661
f 52 760 762
f 196 761 760
f 195 762 761
f 760 761 762
f 45 666 764
f 169 763 666
f 196 764 763
f 666 763 764
f 195 761 759
f 196 763 761
f 169 759 763
f 761 763 759
f 17 765 767
f 197 766 765
f 199 767 766
f 765 766 767
f 53 768 770
f 198 769 768
f 197 770 769
f 768 769 770
f 52 771 773
f 199 772 771
f 198 773 772
f 771 772 773
f 197 769 766
f 198 772 769
f 199 766 772
f 769 772 766
f 45 764 753
f 196 774 764
f 193 753 774
f 764 774 753
f 52 773 760
f 198 775 773
f 196 760 775
f 773 775 760
f 53 757 768
f 193 776 757
f 198 768 776
f 757 776 768
f 196 775 774
f 198 776 775
f 193 774 776
f 775 776 774
f 6 777 703
f 200 778 777
f 181 703 778
f 777 778 703
f 54 779 781
f 201 780 779
f 200 781 780
f 779 780 781
f 49 708 783
f 181 782 708
f 201 783 782
f 708 782 783
f 200 780 778
f 201 782 780
f 181 778 782
f 780 782 778
f 16 784 786
f 202 785 784
f 204 786 785
f 784 785 786
f 55 787 789
f 203 788 787
f 202 789 788
f 787 788 789
f 54 790 792
f 204 791 790
f 203 792 791
f 790 791 792
f 202 788 785
f 203 791 788
f 204 785 791
f 788 791 785
f 15 714 794
f 186 793 714
f 206 794 793
f 714 793 794
f 49 795 718
f 205 796 795
f 186 718 796
f 795 796 718
f 55 797 799
f 206 798 797
f 205 799 798
f 797 798 799
f 186 796 793
f 205 798 796
f 206 793 798
f 796 798 793
f 54 792 779
f 203 800 792
f 201 779 800
f 792 800 779
f 55 799 787
f 205 801 799
f 203 787 801
f 799 801 787
f 49 783 795
f 201 802 783
f 205 795 802
f 783 802 795
f 203 801 800
f 205 802 801
f 201 800 802
f 801 802 800
f 2 803 805
f 207 804 803
f 209 805 804
f 803 804 805
f 56 806 808
f 208 807 806
f 207 808 807
f 806 807 808
f 58 809 811
f 209 810 809
f 208 811 810
f 809 810 811
f 207 807 804
f 208 810 807
f 209 804 810
f 807 810 804
f 17 812 814
f 210 813 812
f 212 814 813
f 812 813 814
f 57 815 817
f 211 816 815
f 210 817 816
f 815 816 817
f 56 818 820
f 212 819 818
f 211 820 819
f 818 819 820
f 210 816 813
f 211 819 816
f 212 813 819
f 816 819 813
f 16 821 823
f 213 822 821
f 215 823 822
f 821 822 823
f 58 824 826
f 214 825 824
f 213 826 825
f 824 825 826
f 57 827 829
f 215 828 827
f 214 829 828
f 827 828 829
f 213 825 822
f 214 828 825
f 215 822 828
f 825 828 822
f 56 820 806
f 211 830 820
f 208 806 830
f 820 830 806
f 57 829 815
f 214 831 829
f 211 815 831
f 829 831 815
f 58 811 824
f 208 832 811
f 214 824 832
f 811 832 824
f 211 831 830
f 214 832 831
f 208 830 832
f 831 832 830
f 15 794 758
f 206 833 794
f 195 758 833
f 794 833 758
f 55 834 797
f 216 835 834
f 206 797 835
f 834 835 797
f 52 762 837
f 195 836 762
f 216 837 836
f 762 836 837
f 206 835 833
f 216 836 835
f 195 833 836
f 835 836 833
f 16 823 784
f 215 838 823
f 202 784 838
f 823 838 784
f 57 839 827
f 217 840 839
f 215 827 840
f 839 840 827
f 55 789 842
f 202 841 789
f 217 842 841
f 789 841 842
f 215 840 838
f 217 841 840
f 202 838 841
f 840 841 838
f 17 767 812
f 199 843 767
f 210 812 843
f 767 843 812
f 52 844 771
f 218 845 844
f 199 771 845
f 844 845 771
f 57 817 847
f 210 846 817
f 218 847 846
f 817 846 847
f 199 845 843
f 218 846 845
f 210 843 846
f 845 846 843
f 55 842 834
f 217 848 842
f 216 834 848
f 842 848 834
f 57 847 839
f 218 849 847
f 217 839 849
f 847 849 839
f 52 837 844
f 216 850 837
f 218 844 850
f 837 850 844
f 217 849 848
f 218 850 849
f 216 848 850
f 849 850 848
f 1 752 852
f 194 851 752
f 220 852 851
f 752 851 852
f 53 853 755
f 219 854 853
f 194 755 854
f 853 854 755
f 60 855 857
f 220 856 855
f 219 857 856
f 855 856 857
f 194 854 851
f 219 856 854
f 220 851 856
f 854 856 851
f 17 858 765
f 221 859 858
f 197 765 859
f 858 859 765
f 59 860 862
f 222 861 860
f 221 862 861
f 860 861 862
f 53 770 864
f 197 863 770
f 222 864 863
f 770 863 864
f 221 861 859
f 222 863 861
f 197 859 863
f 861 863 859
f 19 865 867
f 223 866 865
f 225 867 866
f 865 866 867
f 60 868 870
f 224 869 868
f 223 870 869
f 868 869 870
f 59 871 873
f 225 872 871
f 224 873 872
f 871 872 873
f 223 869 866
f 224 872 869
f 225 866 872
f 869 872 866
f 53 864 853
f 222 874 864
f 219 853 874
f 864 874 853
f 59 873 860
f 224 875 873
f 222 860 875
f 873 875 860
f 60 857 868
f 219 876 857
f 224 868 876
f 857 876 868
f 222 875 874
f 224 876 875
f 219 874 876
f 875 876 874
f 2 877 803
f 226 878 877
f 207 803 878
f 877 878 803
f 61 879 881
f 227 880 879
f 226 881 880
f 879 880 881
f 56 808 883
f 207 882 808
f 227 883 882
f 808 882 883
f 226 880 878
f 227 882 880
f 207 878 882
f 880 882 878
f 18 884 886
f 228 885 884
f 230 886 885
f 884 885 886
f 62 887 889
f 229 888 887
f 228 889 888
f 887 888 889
f 61 890 892
f 230 891 890
f 229 892 891
f 890 891 892
f 228 888 885
f 229 891 888
f 230 885 891
f 888 891 885
f 17 814 894
f 212 893 814
f 232 894 893
f 814 893 894
f 56 895 818
f 231 896 895
f 212 818 896
f 895 896 818
f 62 897 899
f 232 898 897
f 231 899 898
f 897 898 899
f 212 896 893
f 231 898 896
f 232 893 898
f 896 898 893
f 61 892 879
f 229 900 892
f 227 879 900
f 892 900 879
f 62 899 887
f 231 901 899
f 229 887 901
f 899 901 887
f 56 883 895
f 227 902 883
f 231 895 902
f 883 902 895
f 229 901 900
f 231 902 901
f 227 900 902
f 901 902 900
f 8 903 905
f 233 904 903
f 235 905 904
f 903 904 905
f 63 906 908
f 234 907 906
f 233 908 907
f 906 907 908
f 65 909 911
f 235 910 909
f 234 911 910
f 909 910 911
f 233 907 904
f 234 910 907
f 235 904 910
f 907 910 904
f 19 912 914
f 236 913 912
f 238 914 913
f 912 913 914
f 64 915 917
f 237 916 915
f 236 917 916
f 915 916 917
f 63 918 920
f 238 919 918
f 237 920 919
f 918 919 920
f 236 916 913
f 237 919 916
f 238 913 919
f 916 919 913
f 18 921 923
f 239 922 921
f 241 923 922
f 921 922 923
f 65 924 926
f 240 925 924
f 239 926 925
f 924 925 926
f 64 927 929
f 241 928 927
f 240 929 928
f 927 928 929
f 239 925 922
f 240 928 925
f 241 922 928
f 925 928 922
f 63 920 906
f 237 930 920
f 234 906 930
f 920 930 906
f 64 929 915
f 240 931 929
f 237 915 931
f 929 931 915
f 65 911 924
f 234 932 911
f 240 924 932
f 911 932 924
f 237 931 930
f 240 932 931
f 234 930 932
f 931 932 930
f 17 894 858
f 232 933 894
f 221 858 933
f 894 933 858
f 62 934 897
f 242 935 934
f 232 897 935
f 934 935 897
f 59 862 937
f 221 936 862
f 242 937 936
f 862 936 937
f 232 935 933
f 242 936 935
f 221 933 936
f 935 936 933
f 18 923 884
f 241 938 923
f 228 884 938
f 923 938 884
f 64 939 927
f 243 940 939
f 241 927 940
f 939 940 927
f 62 889 942
f 228 941 889
f 243 942 941
f 889 941 942
f 241 940 938
f 243 941 940
f 228 938 941
f 940 941 938
f 19 867 912
f 225 943 867
f 236 912 943
f 867 943 912
f 59 944 871
f 244 945 944
f 225 871 945
f 944 945 871
f 64 917 947
f 236 946 917
f 244 947 946
f 917 946 947
f 225 945 943
f 244 946 945
f 236 943 946
f 945 946 943
f 62 942 934
f 243 948 942
f 242 934 948
f 942 948 934
f 64 947 939
f 244 949 947
f 243 939 949
f 947 949 939
f 59 937 944
f 242 950 937
f 244 944 950
f 937 950 944
f 243 949 948
f 244 950 949
f 242 948 950
f 949 950 948
f 1 852 952
f 220 951 852
f 246 952 951
f 852 951 952
f 60 953 855
f 245 954 953
f 220 855 954
f 953 954 855
f 67 955 957
f 246 956 955
f 245 957 956
f 955 956 957
f 220 954 951
f 245 956 954
f 246 951 956
f 954 956 951
f 19 958 865
f 247 959 958
f 223 865 959
f 958 959 865
f 66 960 962
f 248 961 960
f 247 962 961
f 960 961 962
f 60 870 964
f 223 963 870
f 248 964 963
f 870 963 964
f 247 961 959
f 248 963 961
f 223 959 963
f 961 963 959
f 21 965 967
f 249 966 965
f 251 967 966
f 965 966 967
f 67 968 970
f 250 969 968
f 249 970 969
f 968 969 970
f 66 971 973
f 251 972 971
f 250 973 972
f 971 972 973
f 249 969 966
f 250 972 969
f 251 966 972
f 969 972 966
f 60 964 953
f 248 974 964
f 245 953 974
f 964 974 953
f 66 973 960
f 250 975 973
f 248 960 975
f 973 975 960
f 67 957 968
f 245 976 957
f 250 968 976
f 957 976 968
f 248 975 974
f 250 976 975
f 245 974 976
f 975 976 974
f 8 977 903
f 252 978 977
f 233 903 978
f 977 978 903
f 68 979 981
f 253 980 979
f 252 981 980
f 979 980 981
f 63 908 983
f 233 982 908
f 253 983 982
f 908 982 983
f 252 980 978
f 253 982 980
f 233 978 982
f 980 982 978
f 20 984 986
f 254 985 984
f 256 986 985
f 984 985 986
f 69 987 989
f 255 988 987
f 254 989 988
f 987 988 989
f 68 990 992
f 256 991 990
f 255 992 991
f 990 991 992
f 254 988 985
f 255 991 988
f 256 985 991
f 988 991 985
f 19 914 994
f 238 993 914
f 258 994 993
f 914 993 994
f 63 995 918
f 257 996 995
f 238 918 996
f 995 996 918
f 69 997 999
f 258 998 997
f 257 999 998
f 997 998 999
f 238 996 993
f 257 998 996
f 258 993 998
f 996 998 993
f 68 992 979
f 255 1000 992
f 253 979 1000
f 992 1000 979
f 69 999 987
f 257 1001 999
f 255 987 1001
f 999 1001 987
f 63 983 995
f 253 1002 983
f 257 995 1002
f 983 1002 995
f 255 1001 1000
f 257 1002 1001
f 253 1000 1002
f 1001 1002 1000
f 11 1003 1005
f 259 1004 1003
f 261 1005 1004
f 1003 1004 1005
f 70 1006 1008
f 260 1007 1006
f 259 1008 1007
f 1006 1007 1008
f 72 1009 1011
f 261 1010 1009
f 260 1011 1010
f 1009 1010 1011
f 259 1007 1004
f 260 1010 1007
f 261 1004 1010
f 1007 1010 1004
f 21 1012 1014
f 262 1013 1012
f 264 1014 1013
f 1012 1013 1014
f 71 1015 1017
f 263 1016 1015
f 262 1017 1016
f 1015 1016 1017
f 70 1018 1020
f 264 1019 1018
f 263 1020 1019
f 1018 1019 1020
f 262 1016 1013
f 263 1019 1016
f 264 1013 1019
f 1016 1019 1013
f 20 1021 1023
f 265 1022 1021
f 267 1023 1022
f 1021 1022 1023
f 72 1024 1026
f 266 1025 1024
f 265 1026 1025
f 1024 1025 1026
f 71 1027 1029
f 267 1028 1027
f 266 1029 1028
f 1027 1028 1029
f 265 1025 1022
f 266 1028 1025
f 267 1022 1028
f 1025 1028 1022
f 70 1020 1006
f 263 1030 1020
f 260 1006 1030
f 1020 1030 1006
f 71 1029 1015
f 266 1031 1029
f 263 1015 1031
f 1029 1031 1015
f 72 1011 1024
f 260 1032 1011
f 266 1024 1032
f 1011 1032 1024
f 263 1031 1030
f 266 1032 1031
f 260 1030 1032
f 1031 1032 1030
f 19 994 958
f 258 1033 994
f 247 958 1033
f 994 1033 958
f 69 1034 997
f 268 1035 1034
f 258 997 1035
f 1034 1035 997
f 66 962 1037
f 247 1036 962
f 268 1037 1036
f 962 1036 1037
f 258 1035 1033
f 268 1036 1035
f 247 1033 1036
f 1035 1036 1033
f 20 1023 984
f 267 1038 1023
f 254 984 1038
f 1023 1038 984
f 71 1039 1027
f 269 1040 1039
f 267 1027 1040
f 1039 1040 1027
f 69 989 1042
f 254 1041 989
f 269 1042 1041
f 989 1041 1042
f 267 1040 1038
f 269 1041 1040
f 254 1038 1041
f 1040 1041 1038
f 21 967 1012
f 251 1043 967
f 262 1012 1043
f 967 1043 1012
f 66 1044 971
f 270 1045 1044
f 251 971 1045
f 1044 1045 971
f 71 1017 1047
f 262 1046 1017
f 270 1047 1046
f 1017 1046 1047
f 251 1045 1043
f 270 1046 1045
f 262 1043 1046
f 1045 1046 1043
f 69 1042 1034
f 269 1048 1042
f 268 1034 1048
f 1042 1048 1034
f 71 1047 1039
f 270 1049 1047
f 269 1039 1049
f 1047 1049 1039
f 66 1037 1044
f 268 1050 1037
f 270 1044 1050
f 1037 1050 1044
f 269 1049 1048
f 270 1050 1049
f 268 1048 1050
f 1049 1050 1048
f 1 952 643
f 246 1051 952
f 163 643 1051
f 952 1051 643
f 67 1052 955
f 271 1053 1052
f 246 955 1053
f 1052 1053 955
f 43 648 1055
f 163 1054 648
f 271 1055 1054
f 648 1054 1055
f 246 1053 1051
f 271 1054 1053
f 163 1051 1054
f 1053 1054 1051
f 21 1056 965
f 272 1057 1056
f 249 965 1057
f 1056 1057 965
f 73 1058 1060
f 273 1059 1058
f 272 1060 1059
f 1058 1059 1060
f 67 970 1062
f 249 1061 970
f 273 1062 1061
f 970 1061 1062
f 272 1059 1057
f 273 1061 1059
f 249 1057 1061
f 1059 1061 1057
f 13 654 1064
f 168 1063 654
f 275 1064 1063
f 654 1063 1064
f 43 1065 658
f 274 1066 1065
f 168 658 1066
f 1065 1066 658
f 73 1067 1069
f 275 1068 1067
f 274 1069 1068
f 1067 1068 1069
f 168 1066 1063
f 274 1068 1066
f 275 1063 1068
f 1066 1068 1063
f 67 1062 1052
f 273 1070 1062
f 271 1052 1070
f 1062 1070 1052
f 73 1069 1058
f 274 1071 1069
f 273 1058 1071
f 1069 1071 1058
f 43 1055 1065
f 271 1072 1055
f 274 1065 1072
f 1055 1072 1065
f 273 1071 1070
f 274 1072 1071
f 271 1070 1072
f 1071 1072 1070
f 11 1073 1003
f 276 1074 1073
f 259 1003 1074
f 1073 1074 1003
f 74 1075 1077
f 277 1076 1075
f 276 1077 1076
f 1075 1076 1077
f 70 1008 1079
f 259 1078 1008
f 277 1079 1078
f 1008 1078 1079
f 276 1076 1074
f 277 1078 1076
f 259 1074 1078
f 1076 1078 1074
f 22 1080 1082
f 278 1081 1080
f 280 1082 1081
f 1080 1081 1082
f 75 1083 1085
f 279 1084 1083
f 278 1085 1084
f 1083 1084 1085
f 74 1086 1088
f 280 1087 1086
f 279 1088 1087
f 1086 1087 1088
f 278 1084 1081
f 279 1087 1084
f 280 1081 1087
f 1084 1087 1081
f 21 1014 1090
f 264 1089 1014
f 282 1090 1089
f 1014 1089 1090
f 70 1091 1018
f 281 1092 1091
f 264 1018 1092
f 1091 1092 1018
f 75 1093 1095
f 282 1094 1093
f 281 1095 1094
f 1093 1094 1095
f 264 1092 1089
f 281 1094 1092
f 282 1089 1094
f 1092 1094 1089
f 74 1088 1075
f 279 1096 1088
f 277 1075 1096
f 1088 1096 1075
f 75 1095 1083
f 281 1097 1095
f 279 1083 1097
f 1095 1097 1083
f 70 1079 1091
f 277 1098 1079
f 281 1091 1098
f 1079 1098 1091
f 279 1097 1096
f 281 1098 1097
f 277 1096 1098
f 1097 1098 1096
f 12 675 1100
f 174 1099 675
f 284 1100 1099
f 675 1099 1100
f 48 1101 679
f 283 1102 1101
f 174 679 1102
f 1101 1102 679
f 77 1103 1105
f 284 1104 1103
f 283 1105 1104
f 1103 1104 1105
f 174 1102 1099
f 283 1104 1102
f 284 1099 1104
f 1102 1104 1099
f 13 1106 691
f 285 1107 1106
f 178 691 1107
f 1106 1107 691
f 76 1108 1110
f 286 1109 1108
f 285 1110 1109
f 1108 1109 1110
f 48 696 1112
f 178 1111 696
f 286 1112 1111
f 696 1111 1112
f 285 1109 1107
f 286 1111 1109
f 178 1107 1111
f 1109 1111 1107
f 22 1113 1115
f 287 1114 1113
f 289 1115 1114
f 1113 1114 1115
f 77 1116 1118
f 288 1117 1116
f 287 1118 1117
f 1116 1117 1118
f 76 1119 1121
f 289 1120 1119
f 288 1121 1120
f 1119 1120 1121
f 287 1117 1114
f 288 1120 1117
f 289 1114 1120
f 1117 1120 1114
f 48 1112 1101
f 286 1122 1112
f 283 1101 1122
f 1112 1122 1101
f 76 1121 1108
f 288 1123 1121
f 286 1108 1123
f 1121 1123 1108
f 77 1105 1116
f 283 1124 1105
f 288 1116 1124
f 1105 1124 1116
f 286 1123 1122
f 288 1124 1123
f 283 1122 1124
f 1123 1124 1122
f 21 1090 1056
f 282 1125 1090
f 272 1056 1125
f 1090 1125 1056
f 75 1126 1093
f 290 1127 1126
f 282 1093 1127
f 1126 1127 1093
f 73 1060 1129
f 272 1128 1060
f 290 1129 1128
f 1060 1128 1129
f 282 1127 1125
f 290 1128 1127
f 272 1125 1128
f 1127 1128 1125
f 22 1115 1080
f 289 1130 1115
f 278 1080 1130
f 1115 1130 1080
f 76 1131 1119
f 291 1132 1131
f 289 1119 1132
f 1131 1132 1119
f 75 1085 1134
f 278 1133 1085
f 291 1134 1133
f 1085 1133 1134
f 289 1132 1130
f 291 1133 1132
f 278 1130 1133
f 1132 1133 1130
f 13 1064 1106
f 275 1135 1064
f 285 1106 1135
f 1064 1135 1106
f 73 1136 1067
f 292 1137 1136
f 275 1067 1137
f 1136 1137 1067
f 76 1110 1139
f 285 1138 1110
f 292 1139 1138
f 1110 1138 1139
f 275 1137 1135
f 292 1138 1137
f 285 1135 1138
f 1137 1138 1135
f 75 1134 1126
f 291 1140 1134
f 290 1126 1140
f 1134 1140 1126
f 76 1139 1131
f 292 1141 1139
f 291 1131 1141
f 1139 1141 1131
f 73 1129 1136
f 290 1142 1129
f 292 1136 1142
f 1129 1142 1136
f 291 1141 1140
f 292 1142 1141
f 290 1140 1142
f 1141 1142 1140
f 2 805 1144
f 209 1143 805
f 294 1144 1143
f 805 1143 1144
f 58 1145 809
f 293 1146 1145
f 209 809 1146
f 1145 1146 809
f 79 1147 1149
f 294 1148 1147
f 293 1149 1148
f 1147 1148 1149
f 209 1146 1143
f 293 1148 1146
f 294 1143 1148
f 1146 1148 1143
f 16 1150 821
f 295 1151 1150
f 213 821 1151
f 1150 1151 821
f 78 1152 1154
f 296 1153 1152
f 295 1154 1153
f 1152 1153 1154
f 58 826 1156
f 213 1155 826
f 296 1156 1155
f 826 1155 1156
f 295 1153 1151
f 296 1155 1153
f 213 1151 1155
f 1153 1155 1151
f 24 1157 1159
f 297 1158 1157
f 299 1159 1158
f 1157 1158 1159
f 79 1160 1162
f 298 1161 1160
f 297 1162 1161
f 1160 1161 1162
f 78 1163 1165
f 299 1164 1163
f 298 1165 1164
f 1163 1164 1165
f 297 1161 1158
f 298 1164 1161
f 299 1158 1164
f 1161 1164 1158
f 58 1156 1145
f 296 1166 1156
f 293 1145 1166
f 1156 1166 1145
f 78 1165 1152
f 298 1167 1165
f 296 1152 1167
f 1165 1167 1152
f 79 1149 1160
f 293 1168 1149
f 298 1160 1168
f 1149 1168 1160
f 296 1167 1166
f 298 1168 1167
f 293 1166 1168
f 1167 1168 1166
f 6 1169 777
f 300 1170 1169
f 200 777 1170
f 1169 1170 777
f 80 1171 1173
f 301 1172 1171
f 300 1173 1172
f 1171 1172 1173
f 54 781 1175
f 200 1174 781
f 301 1175 1174
f 781 1174 1175
f 300 1172 1170
f 301 1174 1172
f 200 1170 1174
f 1172 1174 1170
f 23 1176 1178
f 302 1177 1176
f 304 1178 1177
f 1176 1177 1178
f 81 1179 1181
f 303 1180 1179
f 302 1181 1180
f 1179 1180 1181
f 80 1182 1184
f 304 1183 1182
f 303 1184 1183
f 1182 1183 1184
f 302 1180 1177
f 303 1183 1180
f 304 1177 1183
f 1180 1183 1177
f 16 786 1186
f 204 1185 786
f 306 1186 1185
f 786 1185 1186
f 54 1187 790
f 305 1188 1187
f 204 790 1188
f 1187 1188 790
f 81 1189 1191
f 306 1190 1189
f 305 1191 1190
f 1189 1190 1191
f 204 1188 1185
f 305 1190 1188
f 306 1185 1190
f 1188 1190 1185
f 80 1184 1171
f 303 1192 1184
f 301 1171 1192
f 1184 1192 1171
f 81 1191 1179
f 305 1193 1191
f 303 1179 1193
f 1191 1193 1179
f 54 1175 1187
f 301 1194 1175
f 305 1187 1194
f 1175 1194 1187
f 303 1193 1192
f 305 1194 1193
f 301 1192 1194
f 1193 1194 1192
f 10 1195 1197
f 307 1196 1195
f 309 1197 1196
f 1195 1196 1197
f 82 1198 1200
f 308 1199 1198
f 307 1200 1199
f 1198 1199 1200
f 84 1201 1203
f 309 1202 1201
f 308 1203 1202
f 1201 1202 1203
f 307 1199 1196
f 308 1202 1199
f 309 1196 1202
f 1199 1202 1196
f 24 1204 1206
f 310 1205 1204
f 312 1206 1205
f 1204 1205 1206
f 83 1207 1209
f 311 1208 1207
f 310 1209 1208
f 1207 1208 1209
f 82 1210 1212
f 312 1211 1210
f 311 1212 1211
f 1210 1211 1212
f 310 1208 1205
f 311 1211 1208
f 312 1205 1211
f 1208 1211 1205
f 23 1213 1215
f 313 1214 1213
f 315 1215 1214
f 1213 1214 1215
f 84 1216 1218
f 314 1217 1216
f 313 1218 1217
f 1216 1217 1218
f 83 1219 1221
f 315 1220 1219
f 314 1221 1220
f 1219 1220 1221
f 313 1217 1214
f 314 1220 1217
f 315 1214 1220
f 1217 1220 1214
f 82 1212 1198
f 311 1222 1212
f 308 1198 1222
f 1212 1222 1198
f 83 1221 1207
f 314 1223 1221
f 311 1207 1223
f 1221 1223 1207
f 84 1203 1216
f 308 1224 1203
f 314 1216 1224
f 1203 1224 1216
f 311 1223 1222
f 314 1224 1223
f 308 1222 1224
f 1223 1224 1222
f 16 1186 1150
f 306 1225 1186
f 295 1150 1225
f 1186 1225 1150
f 81 1226 1189
f 316 1227 1226
f 306 1189 1227
f 1226 1227 1189
f 78 1154 1229
f 295 1228 1154
f 316 1229 1228
f 1154 1228 1229
f 306 1227 1225
f 316 1228 1227
f 295 1225 1228
f 1227 1228 1225
f 23 1215 1176
f 315 1230 1215
f 302 1176 1230
f 1215 1230 1176
f 83 1231 1219
f 317 1232 1231
f 315 1219 1232
f 1231 1232 1219
f 81 1181 1234
f 302 1233 1181
f 317 1234 1233
f 1181 1233 1234
f 315 1232 1230
f 317 1233 1232
f 302 1230 1233
f 1232 1233 1230
f 24 1159 1204
f 299 1235 1159
f 310 1204 1235
f 1159 1235 1204
f 78 1236 1163
f 318 1237 1236
f 299 1163 1237
f 1236 1237 1163
f 83 1209 1239
f 310 1238 1209
f 318 1239 1238
f 1209 1238 1239
f 299 1237 1235
f 318 1238 1237
f 310 1235 1238
f 1237 1238 1235
f 81 1234 1226
f 317 1240 1234
f 316 1226 1240
f 1234 1240 1226
f 83 1239 1231
f 318 1241 1239
f 317 1231 1241
f 1239 1241 1231
f 78 1229 1236
f 316 1242 1229
f 318 1236 1242
f 1229 1242 1236
f 317 1241 1240
f 318 1242 1241
f 316 1240 1242
f 1241 1242 1240
f 6 705 1244
f 183 1243 705
f 320 1244 1243
f 705 1243 1244
f 51 1245 709
f 319 1246 1245
f 183 709 1246
f 1245 1246 709
f 86 1247 1249
f 320 1248 1247
f 319 1249 1248
f 1247 1248 1249
f 183 1246 1243
f 319 1248 1246
f 320 1243 1248
f 1246 1248 1243
f 14 1250 721
f 321 1251 1250
f 187 721 1251
f 1250 1251 721
f 85 1252 1254
f 322 1253 1252
f 321 1254 1253
f 1252 1253 1254
f 51 726 1256
f 187 1255 726
f 322 1256 1255
f 726 1255 1256
f 321 1253 1251
f 322 1255 1253
f 187 1251 1255
f 1253 1255 1251
f 26 1257 1259
f 323 1258 1257
f 325 1259 1258
f 1257 1258 1259
f 86 1260 1262
f 324 1261 1260
f 323 1262 1261
f 1260 1261 1262
f 85 1263 1265
f 325 1264 1263
f 324 1265 1264
f 1263 1264 1265
f 323 1261 1258
f 324 1264 1261
f 325 1258 1264
f 1261 1264 1258
f 51 1256 1245
f 322 1266 1256
f 319 1245 1266
f 1256 1266 1245
f 85 1265 1252
f 324 1267 1265
f 322 1252 1267
f 1265 1267 1252
f 86 1249 1260
f 319 1268 1249
f 324 1260 1268
f 1249 1268 1260
f 322 1267 1266
f 324 1268 1267
f 319 1266 1268
f 1267 1268 1266
f 12 1269 673
f 326 1270 1269
f 172 673 1270
f 1269 1270 673
f 87 1271 1273
f 327 1272 1271
f 326 1273 1272
f 1271 1272 1273
f 46 678 1275
f 172 1274 678
f 327 1275 1274
f 678 1274 1275
f 326 1272 1270
f 327 1274 1272
f 172 1270 1274
f 1272 1274 1270
f 25 1276 1278
f 328 1277 1276
f 330 1278 1277
f 1276 1277 1278
f 88 1279 1281
f 329 1280 1279
f 328 1281 1280
f 1279 1280 1281
f 87 1282 1284
f 330 1283 1282
f 329 1284 1283
f 1282 1283 1284
f 328 1280 1277
f 329 1283 1280
f 330 1277 1283
f 1280 1283 1277
f 14 684 1286
f 177 1285 684
f 332 1286 1285
f 684 1285 1286
f 46 1287 688
f 331 1288 1287
f 177 688 1288
f 1287 1288 688
f 88 1289 1291
f 332 1290 1289
f 331 1291 1290
f 1289 1290 1291
f 177 1288 1285
f 331 1290 1288
f 332 1285 1290
f 1288 1290 1285
f 87 1284 1271
f 329 1292 1284
f 327 1271 1292
f 1284 1292 1271
f 88 1291 1279
f 331 1293 1291
f 329 1279 1293
f 1291 1293 1279
f 46 1275 1287
f 327 1294 1275
f 331 1287 1294
f 1275 1294 1287
f 329 1293 1292
f 331 1294 1293
f 327 1292 1294
f 1293 1294 1292
f 5 1295 1297
f 333 1296 1295
f 335 1297 1296
f 1295 1296 1297
f 89 1298 1300
f 334 1299 1298
f 333 1300 1299
f 1298 1299 1300
f 91 1301 1303
f 335 1302 1301
f 334 1303 1302
f 1301 1302 1303
f 333 1299 1296
f 334 1302 1299
f 335 1296 1302
f 1299 1302 1296
f 26 1304 1306
f 336 1305 1304
f 338 1306 1305
f 1304 1305 1306
f 90 1307 1309
f 337 1308 1307
f 336 1309 1308
f 1307 1308 1309
f 89 1310 1312
f 338 1311 1310
f 337 1312 1311
f 1310 1311 1312
f 336 1308 1305
f 337 1311 1308
f 338 1305 1311
f 1308 1311 1305
f 25 1313 1315
f 339 1314 1313
f 341 1315 1314
f 1313 1314 1315
f 91 1316 1318
f 340 1317 1316
f 339 1318 1317
f 1316 1317 1318
f 90 1319 1321
f 341 1320 1319
f 340 1321 1320
f 1319 1320 1321
f 339 1317 1314
f 340 1320 1317
f 341 1314 1320
f 1317 1320 1314
f 89 1312 1298
f 337 1322 1312
f 334 1298 1322
f 1312 1322 1298
f 90 1321 1307
f 340 1323 1321
f 337 1307 1323
f 1321 1323 1307
f 91 1303 1316
f 334 1324 1303
f 340 1316 1324
f 1303 1324 1316
f 337 1323 1322
f 340 1324 1323
f 334 1322 1324
f 1323 1324 1322
f 14 1286 1250
f 332 1325 1286
f 321 1250 1325
f 1286 1325 1250
f 88 1326 1289
f 342 1327 1326
f 332 1289 1327
f 1326 1327 1289
f 85 1254 1329
f 321 1328 1254
f 342 1329 1328
f 1254 1328 1329
f 332 1327 1325
f 342 1328 1327
f 321 1325 1328
f 1327 1328 1325
f 25 1315 1276
f 341 1330 1315
f 328 1276 1330
f 1315 1330 1276
f 90 1331 1319
f 343 1332 1331
f 341 1319 1332
f 1331 1332 1319
f 88 1281 1334
f 328 1333 1281
f 343 1334 1333
f 1281 1333 1334
f 341 1332 1330
f 343 1333 1332
f 328 1330 1333
f 1332 1333 1330
f 26 1259 1304
f 325 1335 1259
f 336 1304 1335
f 1259 1335 1304
f 85 1336 1263
f 344 1337 1336
f 325 1263 1337
f 1336 1337 1263
f 90 1309 1339
f 336 1338 1309
f 344 1339 1338
f 1309 1338 1339
f 325 1337 1335
f 344 1338 1337
f 336 1335 1338
f 1337 1338 1335
f 88 1334 1326
f 343 1340 1334
f 342 1326 1340
f 1334 1340 1326
f 90 1339 1331
f 344 1341 1339
f 343 1331 1341
f 1339 1341 1331
f 85 1329 1336
f 342 1342 1329
f 344 1336 1342
f 1329 1342 1336
f 343 1341 1340
f 344 1342 1341
f 342 1340 1342
f 1341 1342 1340
f 12 1100 1344
f 284 1343 1100
f 346 1344 1343
f 1100 1343 1344
f 77 1345 1103
f 345 1346 1345
f 284 1103 1346
f 1345 1346 1103
f 93 1347 1349
f 346 1348 1347
f 345 1349 1348
f 1347 1348 1349
f 284 1346 1343
f 345 1348 1346
f 346 1343 1348
f 1346 1348 1343
f 22 1350 1113
f 347 1351 1350
f 287 1113 1351
f 1350 1351 1113
f 92 1352 1354
f 348 1353 1352
f 347 1354 1353
f 1352 1353 1354
f 77 1118 1356
f 287 1355 1118
f 348 1356 1355
f 1118 1355 1356
f 347 1353 1351
f 348 1355 1353
f 287 1351 1355
f 1353 1355 1351
f 28 1357 1359
f 349 1358 1357
f 351 1359 1358
f 1357 1358 1359
f 93 1360 1362
f 350 1361 1360
f 349 1362 1361
f 1360 1361 1362
f 92 1363 1365
f 351 1364 1363
f 350 1365 1364
f 1363 1364 1365
f 349 1361 1358
f 350 1364 1361
f 351 1358 1364
f 1361 1364 1358
f 77 1356 1345
f 348 1366 1356
f 345 1345 1366
f 1356 1366 1345
f 92 1365 1352
f 350 1367 1365
f 348 1352 1367
f 1365 1367 1352
f 93 1349 1360
f 345 1368 1349
f 350 1360 1368
f 1349 1368 1360
f 348 1367 1366
f 350 1368 1367
f 345 1366 1368
f 1367 1368 1366
f 11 1369 1073
f 352 1370 1369
f 276 1073 1370
f 1369 1370 1073
f 94 1371 1373
f 353 1372 1371
f 352 1373 1372
f 1371 1372 1373
f 74 1077 1375
f 276 1374 1077
f 353 1375 1374
f 1077 1374 1375
f 352 1372 1370
f 353 1374 1372
f 276 1370 1374
f 1372 1374 1370
f 27 1376 1378
f 354 1377 1376
f 356 1378 1377
f 1376 1377 1378
f 95 1379 1381
f 355 1380 1379
f 354 1381 1380
f 1379 1380 1381
f 94 1382 1384
f 356 1383 1382
f 355 1384 1383
f 1382 1383 1384
f 354 1380 1377
f 355 1383 1380
f 356 1377 1383
f 1380 1383 1377
f 22 1082 1386
f 280 1385 1082
f 358 1386 1385
f 1082 1385 1386
f 74 1387 1086
f 357 1388 1387
f 280 1086 1388
f 1387 1388 1086
f 95 1389 1391
f 358 1390 1389
f 357 1391 1390
f 1389 1390 1391
f 280 1388 1385
f 357 1390 1388
f 358 1385 1390
f 1388 1390 1385
f 94 1384 1371
f 355 1392 1384
f 353 1371 1392
f 1384 1392 1371
f 95 1391 1379
f 357 1393 1391
f 355 1379 1393
f 1391 1393 1379
f 74 1375 1387
f 353 1394 1375
f 357 1387 1394
f 1375 1394 1387
f 355 1393 1392
f 357 1394 1393
f 353 1392 1394
f 1393 1394 1392
f 3 1395 1397
f 359 1396 1395
f 361 1397 1396
f 1395 1396 1397
f 96 1398 1400
f 360 1399 1398
f 359 1400 1399
f 1398 1399 1400
f 98 1401 1403
f 361 1402 1401
f 360 1403 1402
f 1401 1402 1403
f 359 1399 1396
f 360 1402 1399
f 361 1396 1402
f 1399 1402 1396
f 28 1404 1406
f 362 1405 1404
f 364 1406 1405
f 1404 1405 1406
f 97 1407 1409
f 363 1408 1407
f 362 1409 1408
f 1407 1408 1409
f 96 1410 1412
f 364 1411 1410
f 363 1412 1411
f 1410 1411 1412
f 362 1408 1405
f 363 1411 1408
f 364 1405 1411
f 1408 1411 1405
f 27 1413 1415
f 365 1414 1413
f 367 1415 1414
f 1413 1414 1415
f 98 1416 1418
f 366 1417 1416
f 365 1418 1417
f 1416 1417 1418
f 97 1419 1421
f 367 1420 1419
f 366 1421 1420
f 1419 1420 1421
f 365 1417 1414
f 366 1420 1417
f 367 1414 1420
f 1417 1420 1414
f 96 1412 1398
f 363 1422 1412
f 360 1398 1422
f 1412 1422 1398
f 97 1421 1407
f 366 1423 1421
f 363 1407 1423
f 1421 1423 1407
f 98 1403 1416
f 360 1424 1403
f 366 1416 1424
f 1403 1424 1416
f 363 1423 1422
f 366 1424 1423
f 360 1422 1424
f 1423 1424 1422
f 22 1386 1350
f 358 1425 1386
f 347 1350 1425
f 1386 1425 1350
f 95 1426 1389
f 368 1427 1426
f 358 1389 1427
f 1426 1427 1389
f 92 1354 1429
f 347 1428 1354
f 368 1429 1428
f 1354 1428 1429
f 358 1427 1425
f 368 1428 1427
f 347 1425 1428
f 1427 1428 1425
f 27 1415 1376
f 367 1430 1415
f 354 1376 1430
f 1415 1430 1376
f 97 1431 1419
f 369 1432 1431
f 367 1419 1432
f 1431 1432 1419
f 95 1381 1434
f 354 1433 1381
f 369 1434 1433
f 1381 1433 1434
f 367 1432 1430
f 369 1433 1432
f 354 1430 1433
f 1432 1433 1430
f 28 1359 1404
f 351 1435 1359
f 362 1404 1435
f 1359 1435 1404
f 92 1436 1363
f 370 1437 1436
f 351 1363 1437
f 1436 1437 1363
f 97 1409 1439
f 362 1438 1409
f 370 1439 1438
f 1409 1438 1439
f 351 1437 1435
f 370 1438 1437
f 362 1435 1438
f 1437 1438 1435
f 95 1434 1426
f 369 1440 1434
f 368 1426 1440
f 1434 1440 1426
f 97 1439 1431
f 370 1441 1439
f 369 1431 1441
f 1439 1441 1431
f 92 1429 1436
f 368 1442 1429
f 370 1436 1442
f 1429 1442 1436
f 369 1441 1440
f 370 1442 1441
f 368 1440 1442
f 1441 1442 1440
f 11 1005 1444
f 261 1443 1005
f 372 1444 1443
f 1005 1443 1444
f 72 1445 1009
f 371 1446 1445
f 261 1009 1446
f 1445 1446 1009
f 100 1447 1449
f 372 1448 1447
f 371 1449 1448
f 1447 1448 1449
f 261 1446 1443
f 371 1448 1446
f 372 1443 1448
f 1446 1448 1443
f 20 1450 1021
f 373 1451 1450
f 265 1021 1451
f 1450 1451 1021
f 99 1452 1454
f 374 1453 1452
f 373 1454 1453
f 1452 1453 1454
f 72 1026 1456
f 265 1455 1026
f 374 1456 1455
f 1026 1455 1456
f 373 1453 1451
f 374 1455 1453
f 265 1451 1455
f 1453 1455 1451
f 30 1457 1459
f 375 1458 1457
f 377 1459 1458
f 1457 1458 1459
f 100 1460 1462
f 376 1461 1460
f 375 1462 1461
f 1460 1461 1462
f 99 1463 1465
f 377 1464 1463
f 376 1465 1464
f 1463 1464 1465
f 375 1461 1458
f 376 1464 1461
f 377 1458 1464
f 1461 1464 1458
f 72 1456 1445
f 374 1466 1456
f 371 1445 1466
f 1456 1466 1445
f 99 1465 1452
f 376 1467 1465
f 374 1452 1467
f 1465 1467 1452
f 100 1449 1460
f 371 1468 1449
f 376 1460 1468
f 1449 1468 1460
f 374 1467 1466
f 376 1468 1467
f 371 1466 1468
f 1467 1468 1466
f 8 1469 977
f 378 1470 1469
f 252 977 1470
f 1469 1470 977
f 101 1471 1473
f 379 1472 1471
f 378 1473 1472
f 1471 1472 1473
f 68 981 1475
f 252 1474 981
f 379 1475 1474
f 981 1474 1475
f 378 1472 1470
f 379 1474 1472
f 252 1470 1474
f 1472 1474 1470
f 29 1476 1478
f 380 1477 1476
f 382 1478 1477
f 1476 1477 1478
f 102 1479 1481
f 381 1480 1479
f 380 1481 1480
f 1479 1480 1481
f 101 1482 1484
f 382 1483 1482
f 381 1484 1483
f 1482 1483 1484
f 380 1480 1477
f 381 1483 1480
f 382 1477 1483
f 1480 1483 1477
f 20 986 1486
f 256 1485 986
f 384 1486 1485
f 986 1485 1486
f 68 1487 990
f 383 1488 1487
f 256 990 1488
f 1487 1488 990
f 102 1489 1491
f 384 1490 1489
f 383 1491 1490
f 1489 1490 1491
f 256 1488 1485
f 383 1490 1488
f 384 1485 1490
f 1488 1490 1485
f 101 1484 1471
f 381 1492 1484
f 379 1471 1492
f 1484 1492 1471
f 102 1491 1479
f 383 1493 1491
f 381 1479 1493
f 1491 1493 1479
f 68 1475 1487
f 379 1494 1475
f 383 1487 1494
f 1475 1494 1487
f 381 1493 1492
f 383 1494 1493
f 379 1492 1494
f 1493 1494 1492
f 7 1495 1497
f 385 1496 1495
f 387 1497 1496
f 1495 1496 1497
f 103 1498 1500
f 386 1499 1498
f 385 1500 1499
f 1498 1499 1500
f 105 1501 1503
f 387 1502 1501
f 386 1503 1502
f 1501 1502 1503
f 385 1499 1496
f 386 1502 1499
f 387 1496 1502
f 1499 1502 1496
f 30 1504 1506
f 388 1505 1504
f 390 1506 1505
f 1504 1505 1506
f 104 1507 1509
f 389 1508 1507
f 388 1509 1508
f 1507 1508 1509
f 103 1510 1512
f 390 1511 1510
f 389 1512 1511
f 1510 1511 1512
f 388 1508 1505
f 389 1511 1508
f 390 1505 1511
f 1508 1511 1505
f 29 1513 1515
f 391 1514 1513
f 393 1515 1514
f 1513 1514 1515
f 105 1516 1518
f 392 1517 1516
f 391 1518 1517
f 1516 1517 1518
f 104 1519 1521
f 393 1520 1519
f 392 1521 1520
f 1519 1520 1521
f 391 1517 1514
f 392 1520 1517
f 393 1514 1520
f 1517 1520 1514
f 103 1512 1498
f 389 1522 1512
f 386 1498 1522
f 1512 1522 1498
f 104 1521 1507
f 392 1523 1521
f 389 1507 1523
f 1521 1523 1507
f 105 1503 1516
f 386 1524 1503
f 392 1516 1524
f 1503 1524 1516
f 389 1523 1522
f 392 1524 1523
f 386 1522 1524
f 1523 1524 1522
f 20 1486 1450
f 384 1525 1486
f 373 1450 1525
f 1486 1525 1450
f 102 1526 1489
f 394 1527 1526
f 384 1489 1527
f 1526 1527 1489
f 99 1454 1529
f 373 1528 1454
f 394 1529 1528
f 1454 1528 1529
f 384 1527 1525
f 394 1528 1527
f 373 1525 1528
f 1527 1528 1525
f 29 1515 1476
f 393 1530 1515
f 380 1476 1530
f 1515 1530 1476
f 104 1531 1519
f 395 1532 1531
f 393 1519 1532
f 1531 1532 1519
f 102 1481 1534
f 380 1533 1481
f 395 1534 1533
f 1481 1533 1534
f 393 1532 1530
f 395 1533 1532
f 380 1530 1533
f 1532 1533 1530
f 30 1459 1504
f 377 1535 1459
f 388 1504 1535
f 1459 1535 1504
f 99 1536 1463
f 396 1537 1536
f 377 1463 1537
f 1536 1537 1463
f 104 1509 1539
f 388 1538 1509
f 396 1539 1538
f 1509 1538 1539
f 377 1537 1535
f 396 1538 1537
f 388 1535 1538
f 1537 1538 1535
f 102 1534 1526
f 395 1540 1534
f 394 1526 1540
f 1534 1540 1526
f 104 1539 1531
f 396 1541 1539
f 395 1531 1541
f 1539 1541 1531
f 99 1529 1536
f 394 1542 1529
f 396 1536 1542
f 1529 1542 1536
f 395 1541 1540
f 396 1542 1541
f 394 1540 1542
f 1541 1542 1540
f 8 905 1544
f 235 1543 905
f 398 1544 1543
f 905 1543 1544
f 65 1545 909
f 397 1546 1545
f 235 909 1546
f 1545 1546 909
f 107 1547 1549
f 398 1548 1547
f 397 1549 1548
f 1547 1548 1549
f 235 1546 1543
f 397 1548 1546
f 398 1543 1548
f 1546 1548 1543
f 18 1550 921
f 399 1551 1550
f 239 921 1551
f 1550 1551 921
f 106 1552 1554
f 400 1553 1552
f 399 1554 1553
f 1552 1553 1554
f 65 926 1556
f 239 1555 926
f 400 1556 1555
f 926 1555 1556
f 399 1553 1551
f 400 1555 1553
f 239 1551 1555
f 1553 1555 1551
f 32 1557 1559
f 401 1558 1557
f 403 1559 1558
f 1557 1558 1559
f 107 1560 1562
f 402 1561 1560
f 401 1562 1561
f 1560 1561 1562
f 106 1563 1565
f 403 1564 1563
f 402 1565 1564
f 1563 1564 1565
f 401 1561 1558
f 402 1564 1561
f 403 1558 1564
f 1561 1564 1558
f 65 1556 1545
f 400 1566 1556
f 397 1545 1566
f 1556 1566 1545
f 106 1565 1552
f 402 1567 1565
f 400 1552 1567
f 1565 1567 1552
f 107 1549 1560
f 397 1568 1549
f 402 1560 1568
f 1549 1568 1560
f 400 1567 1566
f 402 1568 1567
f 397 1566 1568
f 1567 1568 1566
f 2 1569 877
f 404 1570 1569
f 226 877 1570
f 1569 1570 877
f 108 1571 1573
f 405 1572 1571
f 404 1573 1572
f 1571 1572 1573
f 61 881 1575
f 226 1574 881
f 405 1575 1574
f 881 1574 1575
f 404 1572 1570
f 405 1574 1572
f 226 1570 1574
f 1572 1574 1570
f 31 1576 1578
f 406 1577 1576
f 408 1578 1577
f 1576 1577 1578
f 109 1579 1581
f 407 1580 1579
f 406 1581 1580
f 1579 1580 1581
f 108 1582 1584
f 408 1583 1582
f 407 1584 1583
f 1582 1583 1584
f 406 1580 1577
f 407 1583 1580
f 408 1577 1583
f 1580 1583 1577
f 18 886 1586
f 230 1585 886
f 410 1586 1585
f 886 1585 1586
f 61 1587 890
f 409 1588 1587
f 230 890 1588
f 1587 1588 890
f 109 1589 1591
f 410 1590 1589
f 409 1591 1590
f 1589 1590 1591
f 230 1588 1585
f 409 1590 1588
f 410 1585 1590
f 1588 1590 1585
f 108 1584 1571
f 407 1592 1584
f 405 1571 1592
f 1584 1592 1571
f 109 1591 1579
f 409 1593 1591
f 407 1579 1593
f 1591 1593 1579
f 61 1575 1587
f 405 1594 1575
f 409 1587 1594
f 1575 1594 1587
f 407 1593 1592
f 409 1594 1593
f 405 1592 1594
f 1593 1594 1592
f 9 1595 1597
f 411 1596 1595
f 413 1597 1596
f 1595 1596 1597
f 110 1598 1600
f 412 1599 1598
f 411 1600 1599
f 1598 1599 1600
f 112 1601 1603
f 413 1602 1601
f 412 1603 1602
f 1601 1602 1603
f 411 1599 1596
f 412 1602 1599
f 413 1596 1602
f 1599 1602 1596
f 32 1604 1606
f 414 1605 1604
f 416 1606 1605
f 1604 1605 1606
f 111 1607 1609
f 415 1608 1607
f 414 1609 1608
f 1607 1608 1609
f 110 1610 1612
f 416 1611 1610
f 415 1612 1611
f 1610 1611 1612
f 414 1608 1605
f 415 1611 1608
f 416 1605 1611
f 1608 1611 1605
f 31 1613 1615
f 417 1614 1613
f 419 1615 1614
f 1613 1614 1615
f 112 1616 1618
f 418 1617 1616
f 417 1618 1617
f 1616 1617 1618
f 111 1619 1621
f 419 1620 1619
f 418 1621 1620
f 1619 1620 1621
f 417 1617 1614
f 418 1620 1617
f 419 1614 1620
f 1617 1620 1614
f 110 1612 1598
f 415 1622 1612
f 412 1598 1622
f 1612 1622 1598
f 111 1621 1607
f 418 1623 1621
f 415 1607 1623
f 1621 1623 1607
f 112 1603 1616
f 412 1624 1603
f 418 1616 1624
f 1603 1624 1616
f 415 1623 1622
f 418 1624 1623
f 412 1622 1624
f 1623 1624 1622
f 18 1586 1550
f 410 1625 1586
f 399 1550 1625
f 1586 1625 1550
f 109 1626 1589
f 420 1627 1626
f 410 1589 1627
f 1626 1627 1589
f 106 1554 1629
f 399 1628 1554
f 420 1629 1628
f 1554 1628 1629
f 410 1627 1625
f 420 1628 1627
f 399 1625 1628
f 1627 1628 1625
f 31 1615 1576
f 419 1630 1615
f 406 1576 1630
f 1615 1630 1576
f 111 1631 1619
f 421 1632 1631
f 419 1619 1632
f 1631 1632 1619
f 109 1581 1634
f 406 1633 1581
f 421 1634 1633
f 1581 1633 1634
f 419 1632 1630
f 421 1633 1632
f 406 1630 1633
f 1632 1633 1630
f 32 1559 1604
f 403 1635 1559
f 414 1604 1635
f 1559 1635 1604
f 106 1636 1563
f 422 1637 1636
f 403 1563 1637
f 1636 1637 1563
f 111 1609 1639
f 414 1638 1609
f 422 1639 1638
f 1609 1638 1639
f 403 1637 1635
f 422 1638 1637
f 414 1635 1638
f 1637 1638 1635
f 109 1634 1626
f 421 1640 1634
f 420 1626 1640
f 1634 1640 1626
f 111 1639 1631
f 422 1641 1639
f 421 1631 1641
f 1639 1641 1631
f 106 1629 1636
f 420 1642 1629
f 422 1636 1642
f 1629 1642 1636
f 421 1641 1640
f 422 1642 1641
f 420 1640 1642
f 1641 1642 1640
f 4 1643 1645
f 423 1644 1643
f 425 1645 1644
f 1643 1644 1645
f 113 1646 1648
f 424 1647 1646
f 423 1648 1647
f 1646 1647 1648
f 115 1649 1651
f 425 1650 1649
f 424 1651 1650
f 1649 1650 1651
f 423 1647 1644
f 424 1650 1647
f 425 1644 1650
f 1647 1650 1644
f 33 1652 1654
f 426 1653 1652
f 428 1654 1653
f 1652 1653 1654
f 114 1655 1657
f 427 1656 1655
f 426 1657 1656
f 1655 1656 1657
f 113 1658 1660
f 428 1659 1658
f 427 1660 1659
f 1658 1659 1660
f 426 1656 1653
f 427 1659 1656
f 428 1653 1659
f 1656 1659 1653
f 35 1661 1663
f 429 1662 1661
f 431 1663 1662
f 1661 1662 1663
f 115 1664 1666
f 430 1665 1664
f 429 1666 1665
f 1664 1665 1666
f 114 1667 1669
f 431 1668 1667
f 430 1669 1668
f 1667 1668 1669
f 429 1665 1662
f 430 1668 1665
f 431 1662 1668
f 1665 1668 1662
f 113 1660 1646
f 427 1670 1660
f 424 1646 1670
f 1660 1670 1646
f 114 1669 1655
f 430 1671 1669
f 427 1655 1671
f 1669 1671 1655
f 115 1651 1664
f 424 1672 1651
f 430 1664 1672
f 1651 1672 1664
f 427 1671 1670
f 430 1672 1671
f 424 1670 1672
f 1671 1672 1670
f 10 1673 1675
f 432 1674 1673
f 434 1675 1674
f 1673 1674 1675
f 116 1676 1678
f 433 1677 1676
f 432 1678 1677
f 1676 1677 1678
f 118 1679 1681
f 434 1680 1679
f 433 1681 1680
f 1679 1680 1681
f 432 1677 1674
f 433 1680 1677
f 434 1674 1680
f 1677 1680 1674
f 34 1682 1684
f 435 1683 1682
f 437 1684 1683
f 1682 1683 1684
f 117 1685 1687
f 436 1686 1685
f 435 1687 1686
f 1685 1686 1687
f 116 1688 1690
f 437 1689 1688
f 436 1690 1689
f 1688 1689 1690
f 435 1686 1683
f 436 1689 1686
f 437 1683 1689
f 1686 1689 1683
f 33 1691 1693
f 438 1692 1691
f 440 1693 1692
f 1691 1692 1693
f 118 1694 1696
f 439 1695 1694
f 438 1696 1695
f 1694 1695 1696
f 117 1697 1699
f 440 1698 1697
f 439 1699 1698
f 1697 1698 1699
f 438 1695 1692
f 439 1698 1695
f 440 1692 1698
f 1695 1698 1692
f 116 1690 1676
f 436 1700 1690
f 433 1676 1700
f 1690 1700 1676
f 117 1699 1685
f 439 1701 1699
f 436 1685 1701
f 1699 1701 1685
f 118 1681 1694
f 433 1702 1681
f 439 1694 1702
f 1681 1702 1694
f 436 1701 1700
f 439 1702 1701
f 433 1700 1702
f 1701 1702 1700
f 5 1703 1705
f 441 1704 1703
f 443 1705 1704
f 1703 1704 1705
f 119 1706 1708
f 442 1707 1706
f 441 1708 1707
f 1706 1707 1708
f 121 1709 1711
f 443 1710 1709
f 442 1711 1710
f 1709 1710 1711
f 441 1707 1704
f 442 1710 1707
f 443 1704 1710
f 1707 1710 1704
f 35 1712 1714
f 444 1713 1712
f 446 1714 1713
f 1712 1713 1714
f 120 1715 1717
f 445 1716 1715
f 444 1717 1716
f 1715 1716 1717
f 119 1718 1720
f 446 1719 1718
f 445 1720 1719
f 1718 1719 1720
f 444 1716 1713
f 445 1719 1716
f 446 1713 1719
f 1716 1719 1713
f 34 1721 1723
f 447 1722 1721
f 449 1723 1722
f 1721 1722 1723
f 121 1724 1726
f 448 1725 1724
f 447 1726 1725
f 1724 1725 1726
f 120 1727 1729
f 449 1728 1727
f 448 1729 1728
f 1727 1728 1729
f 447 1725 1722
f 448 1728 1725
f 449 1722 1728
f 1725 1728 1722
f 119 1720 1706
f 445 1730 1720
f 442 1706 1730
f 1720 1730 1706
f 120 1729 1715
f 448 1731 1729
f 445 1715 1731
f 1729 1731 1715
f 121 1711 1724
f 442 1732 1711
f 448 1724 1732
f 1711 1732 1724
f 445 1731 1730
f 448 1732 1731
f 442 1730 1732
f 1731 1732 1730
f 33 1693 1652
f 440 1733 1693
f 426 1652 1733
f 1693 1733 1652
f 117 1734 1697
f 450 1735 1734
f 440 1697 1735
f 1734 1735 1697
f 114 1657 1737
f 426 1736 1657
f 450 1737 1736
f 1657 1736 1737
f 440 1735 1733
f 450 1736 1735
f 426 1733 1736
f 1735 1736 1733
f 34 1723 1682
f 449 1738 1723
f 435 1682 1738
f 1723 1738 1682
f 120 1739 1727
f 451 1740 1739
f 449 1727 1740
f 1739 1740 1727
f 117 1687 1742
f 435 1741 1687
f 451 1742 1741
f 1687 1741 1742
f 449 1740 1738
f 451 1741 1740
f 435 1738 1741
f 1740 1741 1738
f 35 1663 1712
f 431 1743 1663
f 444 1712 1743
f 1663 1743 1712
f 114 1744 1667
f 452 1745 1744
f 431 1667 1745
f 1744 1745 1667
f 120 1717 1747
f 444 1746 1717
f 452 1747 1746
f 1717 1746 1747
f 431 1745 1743
f 452 1746 1745
f 444 1743 1746
f 1745 1746 1743
f 117 1742 1734
f 451 1748 1742
f 450 1734 1748
f 1742 1748 1734
f 120 1747 1739
f 452 1749 1747
f 451 1739 1749
f 1747 1749 1739
f 114 1737 1744
f 450 1750 1737
f 452 1744 1750
f 1737 1750 1744
f 451 1749 1748
f 452 1750 1749
f 450 1748 1750
f 1749 1750 1748
f 4 1645 1752
f 425 1751 1645
f 454 1752 1751
f 1645 1751 1752
f 115 1753 1649
f 453 1754 1753
f 425 1649 1754
f 1753 1754 1649
f 123 1755 1757
f 454 1756 1755
f 453 1757 1756
f 1755 1756 1757
f 425 1754 1751
f 453 1756 1754
f 454 1751 1756
f 1754 1756 1751
f 35 1758 1661
f 455 1759 1758
f 429 1661 1759
f 1758 1759 1661
f 122 1760 1762
f 456 1761 1760
f 455 1762 1761
f 1760 1761 1762
f 115 1666 1764
f 429 1763 1666
f 456 1764 1763
f 1666 1763 1764
f 455 1761 1759
f 456 1763 1761
f 429 1759 1763
f 1761 1763 1759
f 37 1765 1767
f 457 1766 1765
f 459 1767 1766
f 1765 1766 1767
f 123 1768 1770
f 458 1769 1768
f 457 1770 1769
f 1768 1769 1770
f 122 1771 1773
f 459 1772 1771
f 458 1773 1772
f 1771 1772 1773
f 457 1769 1766
f 458 1772 1769
f 459 1766 1772
f 1769 1772 1766
f 115 1764 1753
f 456 1774 1764
f 453 1753 1774
f 1764 1774 1753
f 122 1773 1760
f 458 1775 1773
f 456 1760 1775
f 1773 1775 1760
f 123 1757 1768
f 453 1776 1757
f 458 1768 1776
f 1757 1776 1768
f 456 1775 1774
f 458 1776 1775
f 453 1774 1776
f 1775 1776 1774
f 5 1777 1703
f 460 1778 1777
f 441 1703 1778
f 1777 1778 1703
f 124 1779 1781
f 461 1780 1779
f 460 1781 1780
f 1779 1780 1781
f 119 1708 1783
f 441 1782 1708
f 461 1783 1782
f 1708 1782 1783
f 460 1780 1778
f 461 1782 1780
f 441 1778 1782
f 1780 1782 1778
f 36 1784 1786
f 462 1785 1784
f 464 1786 1785
f 1784 1785 1786
f 125 1787 1789
f 463 1788 1787
f 462 1789 1788
f 1787 1788 1789
f 124 1790 1792
f 464 1791 1790
f 463 1792 1791
f 1790 1791 1792
f 462 1788 1785
f 463 1791 1788
f 464 1785 1791
f 1788 1791 1785
f 35 1714 1794
f 446 1793 1714
f 466 1794 1793
f 1714 1793 1794
f 119 1795 1718
f 465 1796 1795
f 446 1718 1796
f 1795 1796 1718
f 125 1797 1799
f 466 1798 1797
f 465 1799 1798
f 1797 1798 1799
f 446 1796 1793
f 465 1798 1796
f 466 1793 1798
f 1796 1798 1793
f 124 1792 1779
f 463 1800 1792
f 461 1779 1800
f 1792 1800 1779
f 125 1799 1787
f 465 1801 1799
f 463 1787 1801
f 1799 1801 1787
f 119 1783 1795
f 461 1802 1783
f 465 1795 1802
f 1783 1802 1795
f 463 1801 1800
f 465 1802 1801
f 461 1800 1802
f 1801 1802 1800
f 3 1803 1805
f 467 1804 1803
f 469 1805 1804
f 1803 1804 1805
f 126 1806 1808
f 468 1807 1806
f 467 1808 1807
f 1806 1807 1808
f 128 1809 1811
f 469 1810 1809
f 468 1811 1810
f 1809 1810 1811
f 467 1807 1804
f 468 1810 1807
f 469 1804 1810
f 1807 1810 1804
f 37 1812 1814
f 470 1813 1812
f 472 1814 1813
f 1812 1813 1814
f 127 1815 1817
f 471 1816 1815
f 470 1817 1816
f 1815 1816 1817
f 126 1818 1820
f 472 1819 1818
f 471 1820 1819
f 1818 1819 1820
f 470 1816 1813
f 471 1819 1816
f 472 1813 1819
f 1816 1819 1813
f 36 1821 1823
f 473 1822 1821
f 475 1823 1822
f 1821 1822 1823
f 128 1824 1826
f 474 1825 1824
f 473 1826 1825
f 1824 1825 1826
f 127 1827 1829
f 475 1828 1827
f 474 1829 1828
f 1827 1828 1829
f 473 1825 1822
f 474 1828 1825
f 475 1822 1828
f 1825 1828 1822
f 126 1820 1806
f 471 1830 1820
f 468 1806 1830
f 1820 1830 1806
f 127 1829 1815
f 474 1831 1829
f 471 1815 1831
f 1829 1831 1815
f 128 1811 1824
f 468 1832 1811
f 474 1824 1832
f 1811 1832 1824
f 471 1831 1830
f 474 1832 1831
f 468 1830 1832
f 1831 1832 1830
f 35 1794 1758
f 466 1833 1794
f 455 1758 1833
f 1794 1833 1758
f 125 1834 1797
f 476 1835 1834
f 466 1797 1835
f 1834 1835 1797
f 122 1762 1837
f 455 1836 1762
f 476 1837 1836
f 1762 1836 1837
f 466 1835 1833
f 476 1836 1835
f 455 1833 1836
f 1835 1836 1833
f 36 1823 1784
f 475 1838 1823
f 462 1784 1838
f 1823 1838 1784
f 127 1839 1827
f 477 1840 1839
f 475 1827 1840
f 1839 1840 1827
f 125 1789 1842
f 462 1841 1789
f 477 1842 1841
f 1789 1841 1842
f 475 1840 1838
f 477 1841 1840
f 462 1838 1841
f 1840 1841 1838
f 37 1767 1812
f 459 1843 1767
f 470 1812 1843
f 1767 1843 1812
f 122 1844 1771
f 478 1845 1844
f 459 1771 1845
f 1844 1845 1771
f 127 1817 1847
f 470 1846 1817
f 478 1847 1846
f 1817 1846 1847
f 459 1845 1843
f 478 1846 1845
f 470 1843 1846
f 1845 1846 1843
f 125 1842 1834
f 477 1848 1842
f 476 1834 1848
f 1842 1848 1834
f 127 1847 1839
f 478 1849 1847
f 477 1839 1849
f 1847 1849 1839
f 122 1837 1844
f 476 1850 1837
f 478 1844 1850
f 1837 1850 1844
f 477 1849 1848
f 478 1850 1849
f 476 1848 1850
f 1849 1850 1848
f 4 1752 1852
f 454 1851 1752
f 480 1852 1851
f 1752 1851 1852
f 123 1853 1755
f 479 1854 1853
f 454 1755 1854
f 1853 1854 1755
f 130 1855 1857
f 480 1856 1855
f 479 1857 1856
f 1855 1856 1857
f 454 1854 1851
f 479 1856 1854
f 480 1851 1856
f 1854 1856 1851
f 37 1858 1765
f 481 1859 1858
f 457 1765 1859
f 1858 1859 1765
f 129 1860 1862
f 482 1861 1860
f 481 1862 1861
f 1860 1861 1862
f 123 1770 1864
f 457 1863 1770
f 482 1864 1863
f 1770 1863 1864
f 481 1861 1859
f 482 1863 1861
f 457 1859 1863
f 1861 1863 1859
f 39 1865 1867
f 483 1866 1865
f 485 1867 1866
f 1865 1866 1867
f 130 1868 1870
f 484 1869 1868
f 483 1870 1869
f 1868 1869 1870
f 129 1871 1873
f 485 1872 1871
f 484 1873 1872
f 1871 1872 1873
f 483 1869 1866
f 484 1872 1869
f 485 1866 1872
f 1869 1872 1866
f 123 1864 1853
f 482 1874 1864
f 479 1853 1874
f 1864 1874 1853
f 129 1873 1860
f 484 1875 1873
f 482 1860 1875
f 1873 1875 1860
f 130 1857 1868
f 479 1876 1857
f 484 1868 1876
f 1857 1876 1868
f 482 1875 1874
f 484 1876 1875
f 479 1874 1876
f 1875 1876 1874
f 3 1877 1803
f 486 1878 1877
f 467 1803 1878
f 1877 1878 1803
f 131 1879 1881
f 487 1880 1879
f 486 1881 1880
f 1879 1880 1881
f 126 1808 1883
f 467 1882 1808
f 487 1883 1882
f 1808 1882 1883
f 486 1880 1878
f 487 1882 1880
f 467 1878 1882
f 1880 1882 1878
f 38 1884 1886
f 488 1885 1884
f 490 1886 1885
f 1884 1885 1886
f 132 1887 1889
f 489 1888 1887
f 488 1889 1888
f 1887 1888 1889
f 131 1890 1892
f 490 1891 1890
f 489 1892 1891
f 1890 1891 1892
f 488 1888 1885
f 489 1891 1888
f 490 1885 1891
f 1888 1891 1885
f 37 1814 1894
f 472 1893 1814
f 492 1894 1893
f 1814 1893 1894
f 126 1895 1818
f 491 1896 1895
f 472 1818 1896
f 1895 1896 1818
f 132 1897 1899
f 492 1898 1897
f 491 1899 1898
f 1897 1898 1899
f 472 1896 1893
f 491 1898 1896
f 492 1893 1898
f 1896 1898 1893
f 131 1892 1879
f 489 1900 1892
f 487 1879 1900
f 1892 1900 1879
f 132 1899 1887
f 491 1901 1899
f 489 1887 1901
f 1899 1901 1887
f 126 1883 1895
f 487 1902 1883
f 491 1895 1902
f 1883 1902 1895
f 489 1901 1900
f 491 1902 1901
f 487 1900 1902
f 1901 1902 1900
f 7 1903 1905
f 493 1904 1903
f 495 1905 1904
f 1903 1904 1905
f 133 1906 1908
f 494 1907 1906
f 493 1908 1907
f 1906 1907 1908
f 135 1909 1911
f 495 1910 1909
f 494 1911 1910
f 1909 1910 1911
f 493 1907 1904
f 494 1910 1907
f 495 1904 1910
f 1907 1910 1904
f 39 1912 1914
f 496 1913 1912
f 498 1914 1913
f 1912 1913 1914
f 134 1915 1917
f 497 1916 1915
f 496 1917 1916
f 1915 1916 1917
f 133 1918 1920
f 498 1919 1918
f 497 1920 1919
f 1918 1919 1920
f 496 1916 1913
f 497 1919 1916
f 498 1913 1919
f 1916 1919 1913
f 38 1921 1923
f 499 1922 1921
f 501 1923 1922
f 1921 1922 1923
f 135 1924 1926
f 500 1925 1924
f 499 1926 1925
f 1924 1925 1926
f 134 1927 1929
f 501 1928 1927
f 500 1929 1928
f 1927 1928 1929
f 499 1925 1922
f 500 1928 1925
f 501 1922 1928
f 1925 1928 1922
f 133 1920 1906
f 497 1930 1920
f 494 1906 1930
f 1920 1930 1906
f 134 1929 1915
f 500 1931 1929
f 497 1915 1931
f 1929 1931 1915
f 135 1911 1924
f 494 1932 1911
f 500 1924 1932
f 1911 1932 1924
f 497 1931 1930
f 500 1932 1931
f 494 1930 1932
f 1931 1932 1930
f 37 1894 1858
f 492 1933 1894
f 481 1858 1933
f 1894 1933 1858
f 132 1934 1897
f 502 1935 1934
f 492 1897 1935
f 1934 1935 1897
f 129 1862 1937
f 481 1936 1862
f 502 1937 1936
f 1862 1936 1937
f 492 1935 1933
f 502 1936 1935
f 481 1933 1936
f 1935 1936 1933
f 38 1923 1884
f 501 1938 1923
f 488 1884 1938
f 1923 1938 1884
f 134 1939 1927
f 503 1940 1939
f 501 1927 1940
f 1939 1940 1927
f 132 1889 1942
f 488 1941 1889
f 503 1942 1941
f 1889 1941 1942
f 501 1940 1938
f 503 1941 1940
f 488 1938 1941
f 1940 1941 1938
f 39 1867 1912
f 485 1943 1867
f 496 1912 1943
f 1867 1943 1912
f 129 1944 1871
f 504 1945 1944
f 485 1871 1945
f 1944 1945 1871
f 134 1917 1947
f 496 1946 1917
f 504 1947 1946
f 1917 1946 1947
f 485 1945 1943
f 504 1946 1945
f 496 1943 1946
f 1945 1946 1943
f 132 1942 1934
f 503 1948 1942
f 502 1934 1948
f 1942 1948 1934
f 134 1947 1939
f 504 1949 1947
f 503 1939 1949
f 1947 1949 1939
f 129 1937 1944
f 502 1950 1937
f 504 1944 1950
f 1937 1950 1944
f 503 1949 1948
f 504 1950 1949
f 502 1948 1950
f 1949 1950 1948
f 4 1852 1952
f 480 1951 1852
f 506 1952 1951
f 1852 1951 1952
f 130 1953 1855
f 505 1954 1953
f 480 1855 1954
f 1953 1954 1855
f 137 1955 1957
f 506 1956 1955
f 505 1957 1956
f 1955 1956 1957
f 480 1954 1951
f 505 1956 1954
f 506 1951 1956
f 1954 1956 1951
f 39 1958 1865
f 507 1959 1958
f 483 1865 1959
f 1958 1959 1865
f 136 1960 1962
f 508 1961 1960
f 507 1962 1961
f 1960 1961 1962
f 130 1870 1964
f 483 1963 1870
f 508 1964 1963
f 1870 1963 1964
f 507 1961 1959
f 508 1963 1961
f 483 1959 1963
f 1961 1963 1959
f 41 1965 1967
f 509 1966 1965
f 511 1967 1966
f 1965 1966 1967
f 137 1968 1970
f 510 1969 1968
f 509 1970 1969
f 1968 1969 1970
f 136 1971 1973
f 511 1972 1971
f 510 1973 1972
f 1971 1972 1973
f 509 1969 1966
f 510 1972 1969
f 511 1966 1972
f 1969 1972 1966
f 130 1964 1953
f 508 1974 1964
f 505 1953 1974
f 1964 1974 1953
f 136 1973 1960
f 510 1975 1973
f 508 1960 1975
f 1973 1975 1960
f 137 1957 1968
f 505 1976 1957
f 510 1968 1976
f 1957 1976 1968
f 508 1975 1974
f 510 1976 1975
f 505 1974 1976
f 1975 1976 1974
f 7 1977 1903
f 512 1978 1977
f 493 1903 1978
f 1977 1978 1903
f 138 1979 1981
f 513 1980 1979
f 512 1981 1980
f 1979 1980 1981
f 133 1908 1983
f 493 1982 1908
f 513 1983 1982
f 1908 1982 1983
f 512 1980 1978
f 513 1982 1980
f 493 1978 1982
f 1980 1982 1978
f 40 1984 1986
f 514 1985 1984
f 516 1986 1985
f 1984 1985 1986
f 139 1987 1989
f 515 1988 1987
f 514 1989 1988
f 1987 1988 1989
f 138 1990 1992
f 516 1991 1990
f 515 1992 1991
f 1990 1991 1992
f 514 1988 1985
f 515 1991 1988
f 516 1985 1991
f 1988 1991 1985
f 39 1914 1994
f 498 1993 1914
f 518 1994 1993
f 1914 1993 1994
f 133 1995 1918
f 517 1996 1995
f 498 1918 1996
f 1995 1996 1918
f 139 1997 1999
f 518 1998 1997
f 517 1999 1998
f 1997 1998 1999
f 498 1996 1993
f 517 1998 1996
f 518 1993 1998
f 1996 1998 1993
f 138 1992 1979
f 515 2000 1992
f 513 1979 2000
f 1992 2000 1979
f 139 1999 1987
f 517 2001 1999
f 515 1987 2001
f 1999 2001 1987
f 133 1983 1995
f 513 2002 1983
f 517 1995 2002
f 1983 2002 1995
f 515 2001 2000
f 517 2002 2001
f 513 2000 2002
f 2001 2002 2000
f 9 2003 2005
f 519 2004 2003
f 521 2005 2004
f 2003 2004 2005
f 140 2006 2008
f 520 2007 2006
f 519 2008 2007
f 2006 2007 2008
f 142 2009 2011
f 521 2010 2009
f 520 2011 2010
f 2009 2010 2011
f 519 2007 2004
f 520 2010 2007
f 521 2004 2010
f 2007 2010 2004
f 41 2012 2014
f 522 2013 2012
f 524 2014 2013
f 2012 2013 2014
f 141 2015 2017
f 523 2016 2015
f 522 2017 2016
f 2015 2016 2017
f 140 2018 2020
f 524 2019 2018
f 523 2020 2019
f 2018 2019 2020
f 522 2016 2013
f 523 2019 2016
f 524 2013 2019
f 2016 2019 2013
f 40 2021 2023
f 525 2022 2021
f 527 2023 2022
f 2021 2022 2023
f 142 2024 2026
f 526 2025 2024
f 525 2026 2025
f 2024 2025 2026
f 141 2027 2029
f 527 2028 2027
f 526 2029 2028
f 2027 2028 2029
f 525 2025 2022
f 526 2028 2025
f 527 2022 2028
f 2025 2028 2022
f 140 2020 2006
f 523 2030 2020
f 520 2006 2030
f 2020 2030 2006
f 141 2029 2015
f 526 2031 2029
f 523 2015 2031
f 2029 2031 2015
f 142 2011 2024
f 520 2032 2011
f 526 2024 2032
f 2011 2032 2024
f 523 2031 2030
f 526 2032 2031
f 520 2030 2032
f 2031 2032 2030
f 39 1994 1958
f 518 2033 1994
f 507 1958 2033
f 1994 2033 1958
f 139 2034 1997
f 528 2035 2034
f 518 1997 2035
f 2034 2035 1997
f 136 1962 2037
f 507 2036 1962
f 528 2037 2036
f 1962 2036 2037
f 518 2035 2033
f 528 2036 2035
f 507 2033 2036
f 2035 2036 2033
f 40 2023 1984
f 527 2038 2023
f 514 1984 2038
f 2023 2038 1984
f 141 2039 2027
f 529 2040 2039
f 527 2027 2040
f 2039 2040 2027
f 139 1989 2042
f 514 2041 1989
f 529 2042 2041
f 1989 2041 2042
f 527 2040 2038
f 529 2041 2040
f 514 2038 2041
f 2040 2041 2038
f 41 1967 2012
f 511 2043 1967
f 522 2012 2043
f 1967 2043 2012
f 136 2044 1971
f 530 2045 2044
f 511 1971 2045
f 2044 2045 1971
f 141 2017 2047
f 522 2046 2017
f 530 2047 2046
f 2017 2046 2047
f 511 2045 2043
f 530 2046 2045
f 522 2043 2046
f 2045 2046 2043
f 139 2042 2034
f 529 2048 2042
f 528 2034 2048
f 2042 2048 2034
f 141 2047 2039
f 530 2049 2047
f 529 2039 2049
f 2047 2049 2039
f 136 2037 2044
f 528 2050 2037
f 530 2044 2050
f 2037 2050 2044
f 529 2049 2048
f 530 2050 2049
f 528 2048 2050
f 2049 2050 2048
f 4 1952 1643
f 506 2051 1952
f 423 1643 2051
f 1952 2051 1643
f 137 2052 1955
f 531 2053 2052
f 506 1955 2053
f 2052 2053 1955
f 113 1648 2055
f 423 2054 1648
f 531 2055 2054
f 1648 2054 2055
f 506 2053 2051
f 531 2054 2053
f 423 2051 2054
f 2053 2054 2051
f 41 2056 1965
f 532 2057 2056
f 509 1965 2057
f 2056 2057 1965
f 143 2058 2060
f 533 2059 2058
f 532 2060 2059
f 2058 2059 2060
f 137 1970 2062
f 509 2061 1970
f 533 2062 2061
f 1970 2061 2062
f 532 2059 2057
f 533 2061 2059
f 509 2057 2061
f 2059 2061 2057
f 33 1654 2064
f 428 2063 1654
f 535 2064 2063
f 1654 2063 2064
f 113 2065 1658
f 534 2066 2065
f 428 1658 2066
f 2065 2066 1658
f 143 2067 2069
f 535 2068 2067
f 534 2069 2068
f 2067 2068 2069
f 428 2066 2063
f 534 2068 2066
f 535 2063 2068
f 2066 2068 2063
f 137 2062 2052
f 533 2070 2062
f 531 2052 2070
f 2062 2070 2052
f 143 2069 2058
f 534 2071 2069
f 533 2058 2071
f 2069 2071 2058
f 113 2055 2065
f 531 2072 2055
f 534 2065 2072
f 2055 2072 2065
f 533 2071 2070
f 534 2072 2071
f 531 2070 2072
f 2071 2072 2070
f 9 2073 2003
f 536 2074 2073
f 519 2003 2074
f 2073 2074 2003
f 144 2075 2077
f 537 2076 2075
f 536 2077 2076
f 2075 2076 2077
f 140 2008 2079
f 519 2078 2008
f 537 2079 2078
f 2008 2078 2079
f 536 2076 2074
f 537 2078 2076
f 519 2074 2078
f 2076 2078 2074
f 42 2080 2082
f 538 2081 2080
f 540 2082 2081
f 2080 2081 2082
f 145 2083 2085
f 539 2084 2083
f 538 2085 2084
f 2083 2084 2085
f 144 2086 2088
f 540 2087 2086
f 539 2088 2087
f 2086 2087 2088
f 538 2084 2081
f 539 2087 2084
f 540 2081 2087
f 2084 2087 2081
f 41 2014 2090
f 524 2089 2014
f 542 2090 2089
f 2014 2089 2090
f 140 2091 2018
f 541 2092 2091
f 524 2018 2092
f 2091 2092 2018
f 145 2093 2095
f 542 2094 2093
f 541 2095 2094
f 2093 2094 2095
f 524 2092 2089
f 541 2094 2092
f 542 2089 2094
f 2092 2094 2089
f 144 2088 2075
f 539 2096 2088
f 537 2075 2096
f 2088 2096 2075
f 145 2095 2083
f 541 2097 2095
f 539 2083 2097
f 2095 2097 2083
f 140 2079 2091
f 537 2098 2079
f 541 2091 2098
f 2079 2098 2091
f 539 2097 2096
f 541 2098 2097
f 537 2096 2098
f 2097 2098 2096
f 10 1675 2100
f 434 2099 1675
f 544 2100 2099
f 1675 2099 2100
f 118 2101 1679
f 543 2102 2101
f 434 1679 2102
f 2101 2102 1679
f 147 2103 2105
f 544 2104 2103
f 543 2105 2104
f 2103 2104 2105
f 434 2102 2099
f 543 2104 2102
f 544 2099 2104
f 2102 2104 2099
f 33 2106 1691
f 545 2107 2106
f 438 1691 2107
f 2106 2107 1691
f 146 2108 2110
f 546 2109 2108
f 545 2110 2109
f 2108 2109 2110
f 118 1696 2112
f 438 2111 1696
f 546 2112 2111
f 1696 2111 2112
f 545 2109 2107
f 546 2111 2109
f 438 2107 2111
f 2109 2111 2107
f 42 2113 2115
f 547 2114 2113
f 549 2115 2114
f 2113 2114 2115
f 147 2116 2118
f 548 2117 2116
f 547 2118 2117
f 2116 2117 2118
f 146 2119 2121
f 549 2120 2119
f 548 2121 2120
f 2119 2120 2121
f 547 2117 2114
f 548 2120 2117
f 549 2114 2120
f 2117 2120 2114
f 118 2112 2101
f 546 2122 2112
f 543 2101 2122
f 2112 2122 2101
f 146 2121 2108
f 548 2123 2121
f 546 2108 2123
f 2121 2123 2108
f 147 2105 2116
f 543 2124 2105
f 548 2116 2124
f 2105 2124 2116
f 546 2123 2122
f 548 2124 2123
f 543 2122 2124
f 2123 2124 2122
f 41 2090 2056
f 542 2125 2090
f 532 2056 2125
f 2090 2125 2056
f 145 2126 2093
f 550 2127 2126
f 542 2093 2127
f 2126 2127 2093
f 143 2060 2129
f 532 2128 2060
f 550 2129 2128
f 2060 2128 2129
f 542 2127 2125
f 550 2128 2127
f 532 2125 2128
f 2127 2128 2125
f 42 2115 2080
f 549 2130 2115
f 538 2080 2130
f 2115 2130 2080
f 146 2131 2119
f 551 2132 2131
f 549 2119 2132
f 2131 2132 2119
f 145 2085 2134
f 538 2133 2085
f 551 2134 2133
f 2085 2133 2134
f 549 2132 2130
f 551 2133 2132
f 538 2130 2133
f 2132 2133 2130
f 33 2064 2106
f 535 2135 2064
f 545 2106 2135
f 2064 2135 2106
f 143 2136 2067
f 552 2137 2136
f 535 2067 2137
f 2136 2137 2067
f 146 2110 2139
f 545 2138 2110
f 552 2139 2138
f 2110 2138 2139
f 535 2137 2135
f 552 2138 2137
f 545 2135 2138
f 2137 2138 2135
f 145 2134 2126
f 551 2140 2134
f 550 2126 2140
f 2134 2140 2126
f 146 2139 2131
f 552 2141 2139
f 551 2131 2141
f 2139 2141 2131
f 143 2129 2136
f 550 2142 2129
f 552 2136 2142
f 2129 2142 2136
f 551 2141 2140
f 552 2142 2141
f 550 2140 2142
f 2141 2142 2140
f 5 1705 1295
f 443 2143 1705
f 333 1295 2143
f 1705 2143 1295
f 121 2144 1709
f 553 2145 2144
f 443 1709 2145
f 2144 2145 1709
f 89 1300 2147
f 333 2146 1300
f 553 2147 2146
f 1300 2146 2147
f 443 2145 2143
f 553 2146 2145
f 333 2143 2146
f 2145 2146 2143
f 34 2148 1721
f 554 2149 2148
f 447 1721 2149
f 2148 2149 1721
f 148 2150 2152
f 555 2151 2150
f 554 2152 2151
f 2150 2151 2152
f 121 1726 2154
f 447 2153 1726
f 555 2154 2153
f 1726 2153 2154
f 554 2151 2149
f 555 2153 2151
f 447 2149 2153
f 2151 2153 2149
f 26 1306 2156
f 338 2155 1306
f 557 2156 2155
f 1306 2155 2156
f 89 2157 1310
f 556 2158 2157
f 338 1310 2158
f 2157 2158 1310
f 148 2159 2161
f 557 2160 2159
f 556 2161 2160
f 2159 2160 2161
f 338 2158 2155
f 556 2160 2158
f 557 2155 2160
f 2158 2160 2155
f 121 2154 2144
f 555 2162 2154
f 553 2144 2162
f 2154 2162 2144
f 148 2161 2150
f 556 2163 2161
f 555 2150 2163
f 2161 2163 2150
f 89 2147 2157
f 553 2164 2147
f 556 2157 2164
f 2147 2164 2157
f 555 2163 2162
f 556 2164 2163
f 553 2162 2164
f 2163 2164 2162
f 10 1197 1673
f 309 2165 1197
f 432 1673 2165
f 1197 2165 1673
f 84 2166 1201
f 558 2167 2166
f 309 1201 2167
f 2166 2167 1201
f 116 1678 2169
f 432 2168 1678
f 558 2169 2168
f 1678 2168 2169
f 309 2167 2165
f 558 2168 2167
f 432 2165 2168
f 2167 2168 2165
f 23 2170 1213
f 559 2171 2170
f 313 1213 2171
f 2170 2171 1213
f 149 2172 2174
f 560 2173 2172
f 559 2174 2173
f 2172 2173 2174
f 84 1218 2176
f 313 2175 1218
f 560 2176 2175
f 1218 2175 2176
f 559 2173 2171
f 560 2175 2173
f 313 2171 2175
f 2173 2175 2171
f 34 1684 2178
f 437 2177 1684
f 562 2178 2177
f 1684 2177 2178
f 116 2179 1688
f 561 2180 2179
f 437 1688 2180
f 2179 2180 1688
f 149 2181 2183
f 562 2182 2181
f 561 2183 2182
f 2181 2182 2183
f 437 2180 2177
f 561 2182 2180
f 562 2177 2182
f 2180 2182 2177
f 84 2176 2166
f 560 2184 2176
f 558 2166 2184
f 2176 2184 2166
f 149 2183 2172
f 561 2185 2183
f 560 2172 2185
f 2183 2185 2172
f 116 2169 2179
f 558 2186 2169
f 561 2179 2186
f 2169 2186 2179
f 560 2185 2184
f 561 2186 2185
f 558 2184 2186
f 2185 2186 2184
f 6 1244 1169
f 320 2187 1244
f 300 1169 2187
f 1244 2187 1169
f 86 2188 1247
f 563 2189 2188
f 320 1247 2189
f 2188 2189 1247
f 80 1173 2191
f 300 2190 1173
f 563 2191 2190
f 1173 2190 2191
f 320 2189 2187
f 563 2190 2189
f 300 2187 2190
f 2189 2190 2187
f 26 2192 1257
f 564 2193 2192
f 323 1257 2193
f 2192 2193 1257
f 150 2194 2196
f 565 2195 2194
f 564 2196 2195
f 2194 2195 2196
f 86 1262 2198
f 323 2197 1262
f 565 2198 2197
f 1262 2197 2198
f 564 2195 2193
f 565 2197 2195
f 323 2193 2197
f 2195 2197 2193
f 23 1178 2200
f 304 2199 1178
f 567 2200 2199
f 1178 2199 2200
f 80 2201 1182
f 566 2202 2201
f 304 1182 2202
f 2201 2202 1182
f 150 2203 2205
f 567 2204 2203
f 566 2205 2204
f 2203 2204 2205
f 304 2202 2199
f 566 2204 2202
f 567 2199 2204
f 2202 2204 2199
f 86 2198 2188
f 565 2206 2198
f 563 2188 2206
f 2198 2206 2188
f 150 2205 2194
f 566 2207 2205
f 565 2194 2207
f 2205 2207 2194
f 80 2191 2201
f 563 2208 2191
f 566 2201 2208
f 2191 2208 2201
f 565 2207 2206
f 566 2208 2207
f 563 2206 2208
f 2207 2208 2206
f 34 2178 2148
f 562 2209 2178
f 554 2148 2209
f 2178 2209 2148
f 149 2210 2181
f 568 2211 2210
f 562 2181 2211
f 2210 2211 2181
f 148 2152 2213
f 554 2212 2152
f 568 2213 2212
f 2152 2212 2213
f 562 2211 2209
f 568 2212 2211
f 554 2209 2212
f 2211 2212 2209
f 23 2200 2170
f 567 2214 2200
f 559 2170 2214
f 2200 2214 2170
f 150 2215 2203
f 569 2216 2215
f 567 2203 2216
f 2215 2216 2203
f 149 2174 2218
f 559 2217 2174
f 569 2218 2217
f 2174 2217 2218
f 567 2216 2214
f 569 2217 2216
f 559 2214 2217
f 2216 2217 2214
f 26 2156 2192
f 557 2219 2156
f 564 2192 2219
f 2156 2219 2192
f 148 2220 2159
f 570 2221 2220
f 557 2159 2221
f 2220 2221 2159
f 150 2196 2223
f 564 2222 2196
f 570 2223 2222
f 2196 2222 2223
f 557 2221 2219
f 570 2222 2221
f 564 2219 2222
f 2221 2222 2219
f 149 2218 2210
f 569 2224 2218
f 568 2210 2224
f 2218 2224 2210
f 150 2223 2215
f 570 2225 2223
f 569 2215 2225
f 2223 2225 2215
f 148 2213 2220
f 568 2226 2213
f 570 2220 2226
f 2213 2226 2220
f 569 2225 2224
f 570 2226 2225
f 568 2224 2226
f 2225 2226 2224
f 3 1805 1395
f 469 2227 1805
f 359 1395 2227
f 1805 2227 1395
f 128 2228 1809
f 571 2229 2228
f 469 1809 2229
f 2228 2229 1809
f 96 1400 2231
f 359 2230 1400
f 571 2231 2230
f 1400 2230 2231
f 469 2229 2227
f 571 2230 2229
f 359 2227 2230
f 2229 2230 2227
f 36 2232 1821
f 572 2233 2232
f 473 1821 2233
f 2232 2233 1821
f 151 2234 2236
f 573 2235 2234
f 572 2236 2235
f 2234 2235 2236
f 128 1826 2238
f 473 2237 1826
f 573 2238 2237
f 1826 2237 2238
f 572 2235 2233
f 573 2237 2235
f 473 2233 2237
f 2235 2237 2233
f 28 1406 2240
f 364 2239 1406
f 575 2240 2239
f 1406 2239 2240
f 96 2241 1410
f 574 2242 2241
f 364 1410 2242
f 2241 2242 1410
f 151 2243 2245
f 575 2244 2243
f 574 2245 2244
f 2243 2244 2245
f 364 2242 2239
f 574 2244 2242
f 575 2239 2244
f 2242 2244 2239
f 128 2238 2228
f 573 2246 2238
f 571 2228 2246
f 2238 2246 2228
f 151 2245 2234
f 574 2247 2245
f 573 2234 2247
f 2245 2247 2234
f 96 2231 2241
f 571 2248 2231
f 574 2241 2248
f 2231 2248 2241
f 573 2247 2246
f 574 2248 2247
f 571 2246 2248
f 2247 2248 2246
f 5 1297 1777
f 335 2249 1297
f 460 1777 2249
f 1297 2249 1777
f 91 2250 1301
f 576 2251 2250
f 335 1301 2251
f 2250 2251 1301
f 124 1781 2253
f 460 2252 1781
f 576 2253 2252
f 1781 2252 2253
f 335 2251 2249
f 576 2252 2251
f 460 2249 2252
f 2251 2252 2249
f 25 2254 1313
f 577 2255 2254
f 339 1313 2255
f 2254 2255 1313
f 152 2256 2258
f 578 2257 2256
f 577 2258 2257
f 2256 2257 2258
f 91 1318 2260
f 339 2259 1318
f 578 2260 2259
f 1318 2259 2260
f 577 2257 2255
f 578 2259 2257
f 339 2255 2259
f 2257 2259 2255
f 36 1786 2262
f 464 2261 1786
f 580 2262 2261
f 1786 2261 2262
f 124 2263 1790
f 579 2264 2263
f 464 1790 2264
f 2263 2264 1790
f 152 2265 2267
f 580 2266 2265
f 579 2267 2266
f 2265 2266 2267
f 464 2264 2261
f 579 2266 2264
f 580 2261 2266
f 2264 2266 2261
f 91 2260 2250
f 578 2268 2260
f 576 2250 2268
f 2260 2268 2250
f 152 2267 2256
f 579 2269 2267
f 578 2256 2269
f 2267 2269 2256
f 124 2253 2263
f 576 2270 2253
f 579 2263 2270
f 2253 2270 2263
f 578 2269 2268
f 579 2270 2269
f 576 2268 2270
f 2269 2270 2268
f 12 1344 1269
f 346 2271 1344
f 326 1269 2271
f 1344 2271 1269
f 93 2272 1347
f 581 2273 2272
f 346 1347 2273
f 2272 2273 1347
f 87 1273 2275
f 326 2274 1273
f 581 2275 2274
f 1273 2274 2275
f 346 2273 2271
f 581 2274 2273
f 326 2271 2274
f 2273 2274 2271
f 28 2276 1357
f 582 2277 2276
f 349 1357 2277
f 2276 2277 1357
f 153 2278 2280
f 583 2279 2278
f 582 2280 2279
f 2278 2279 2280
f 93 1362 2282
f 349 2281 1362
f 583 2282 2281
f 1362 2281 2282
f 582 2279 2277
f 583 2281 2279
f 349 2277 2281
f 2279 2281 2277
f 25 1278 2284
f 330 2283 1278
f 585 2284 2283
f 1278 2283 2284
f 87 2285 1282
f 584 2286 2285
f 330 1282 2286
f 2285 2286 1282
f 153 2287 2289
f 585 2288 2287
f 584 2289 2288
f 2287 2288 2289
f 330 2286 2283
f 584 2288 2286
f 585 2283 2288
f 2286 2288 2283
f 93 2282 2272
f 583 2290 2282
f 581 2272 2290
f 2282 2290 2272
f 153 2289 2278
f 584 2291 2289
f 583 2278 2291
f 2289 2291 2278
f 87 2275 2285
f 581 2292 2275
f 584 2285 2292
f 2275 2292 2285
f 583 2291 2290
f 584 2292 2291
f 581 2290 2292
f 2291 2292 2290
f 36 2262 2232
f 580 2293 2262
f 572 2232 2293
f 2262 2293 2232
f 152 2294 2265
f 586 2295 2294
f 580 2265 2295
f 2294 2295 2265
f 151 2236 2297
f 572 2296 2236
f 586 2297 2296
f 2236 2296 2297
f 580 2295 2293
f 586 2296 2295
f 572 2293 2296
f 2295 2296 2293
f 25 2284 2254
f 585 2298 2284
f 577 2254 2298
f 2284 2298 2254
f 153 2299 2287
f 587 2300 2299
f 585 2287 2300
f 2299 2300 2287
f 152 2258 2302
f 577 2301 2258
f 587 2302 2301
f 2258 2301 2302
f 585 2300 2298
f 587 2301 2300
f 577 2298 2301
f 2300 2301 2298
f 28 2240 2276
f 575 2303 2240
f 582 2276 2303
f 2240 2303 2276
f 151 2304 2243
f 588 2305 2304
f 575 2243 2305
f 2304 2305 2243
f 153 2280 2307
f 582 2306 2280
f 588 2307 2306
f 2280 2306 2307
f 575 2305 2303
f 588 2306 2305
f 582 2303 2306
f 2305 2306 2303
f 152 2302 2294
f 587 2308 2302
f 586 2294 2308
f 2302 2308 2294
f 153 2307 2299
f 588 2309 2307
f 587 2299 2309
f 2307 2309 2299
f 151 2297 2304
f 586 2310 2297
f 588 2304 2310
f 2297 2310 2304
f 587 2309 2308
f 588 2310 2309
f 586 2308 2310
f 2309 2310 2308
f 7 1905 1495
f 495 2311 1905
f 385 1495 2311
f 1905 2311 1495
f 135 2312 1909
f 589 2313 2312
f 495 1909 2313
f 2312 2313 1909
f 103 1500 2315
f 385 2314 1500
f 589 2315 2314
f 1500 2314 2315
f 495 2313 2311
f 589 2314 2313
f 385 2311 2314
f 2313 2314 2311
f 38 2316 1921
f 590 2317 2316
f 499 1921 2317
f 2316 2317 1921
f 154 2318 2320
f 591 2319 2318
f 590 2320 2319
f 2318 2319 2320
f 135 1926 2322
f 499 2321 1926
f 591 2322 2321
f 1926 2321 2322
f 590 2319 2317
f 591 2321 2319
f 499 2317 2321
f 2319 2321 2317
f 30 1506 2324
f 390 2323 1506
f 593 2324 2323
f 1506 2323 2324
f 103 2325 1510
f 592 2326 2325
f 390 1510 2326
f 2325 2326 1510
f 154 2327 2329
f 593 2328 2327
f 592 2329 2328
f 2327 2328 2329
f 390 2326 2323
f 592 2328 2326
f 593 2323 2328
f 2326 2328 2323
f 135 2322 2312
f 591 2330 2322
f 589 2312 2330
f 2322 2330 2312
f 154 2329 2318
f 592 2331 2329
f 591 2318 2331
f 2329 2331 2318
f 103 2315 2325
f 589 2332 2315
f 592 2325 2332
f 2315 2332 2325
f 591 2331 2330
f 592 2332 2331
f 589 2330 2332
f 2331 2332 2330
f 3 1397 1877
f 361 2333 1397
f 486 1877 2333
f 1397 2333 1877
f 98 2334 1401
f 594 2335 2334
f 361 1401 2335
f 2334 2335 1401
f 131 1881 2337
f 486 2336 1881
f 594 2337 2336
f 1881 2336 2337
f 361 2335 2333
f 594 2336 2335
f 486 2333 2336
f 2335 2336 2333
f 27 2338 1413
f 595 2339 2338
f 365 1413 2339
f 2338 2339 1413
f 155 2340 2342
f 596 2341 2340
f 595 2342 2341
f 2340 2341 2342
f 98 1418 2344
f 365 2343 1418
f 596 2344 2343
f 1418 2343 2344
f 595 2341 2339
f 596 2343 2341
f 365 2339 2343
f 2341 2343 2339
f 38 1886 2346
f 490 2345 1886
f 598 2346 2345
f 1886 2345 2346
f 131 2347 1890
f 597 2348 2347
f 490 1890 2348
f 2347 2348 1890
f 155 2349 2351
f 598 2350 2349
f 597 2351 2350
f 2349 2350 2351
f 490 2348 2345
f 597 2350 2348
f 598 2345 2350
f 2348 2350 2345
f 98 2344 2334
f 596 2352 2344
f 594 2334 2352
f 2344 2352 2334
f 155 2351 2340
f 597 2353 2351
f 596 2340 2353
f 2351 2353 2340
f 131 2337 2347
f 594 2354 2337
f 597 2347 2354
f 2337 2354 2347
f 596 2353 2352
f 597 2354 2353
f 594 2352 2354
f 2353 2354 2352
f 11 1444 1369
f 372 2355 1444
f 352 1369 2355
f 1444 2355 1369
f 100 2356 1447
f 599 2357 2356
f 372 1447 2357
f 2356 2357 1447
f 94 1373 2359
f 352 2358 1373
f 599 2359 2358
f 1373 2358 2359
f 372 2357 2355
f 599 2358 2357
f 352 2355 2358
f 2357 2358 2355
f 30 2360 1457
f 600 2361 2360
f 375 1457 2361
f 2360 2361 1457
f 156 2362 2364
f 601 2363 2362
f 600 2364 2363
f 2362 2363 2364
f 100 1462 2366
f 375 2365 1462
f 601 2366 2365
f 1462 2365 2366
f 600 2363 2361
f 601 2365 2363
f 375 2361 2365
f 2363 2365 2361
f 27 1378 2368
f 356 2367 1378
f 603 2368 2367
f 1378 2367 2368
f 94 2369 1382
f 602 2370 2369
f 356 1382 2370
f 2369 2370 1382
f 156 2371 2373
f 603 2372 2371
f 602 2373 2372
f 2371 2372 2373
f 356 2370 2367
f 602 2372 2370
f 603 2367 2372
f 2370 2372 2367
f 100 2366 2356
f 601 2374 2366
f 599 2356 2374
f 2366 2374 2356
f 156 2373 2362
f 602 2375 2373
f 601 2362 2375
f 2373 2375 2362
f 94 2359 2369
f 599 2376 2359
f 602 2369 2376
f 2359 2376 2369
f 601 2375 2374
f 602 2376 2375
f 599 2374 2376
f 2375 2376 2374
f 38 2346 2316
f 598 2377 2346
f 590 2316 2377
f 2346 2377 2316
f 155 2378 2349
f 604 2379 2378
f 598 2349 2379
f 2378 2379 2349
f 154 2320 2381
f 590 2380 2320
f 604 2381 2380
f 2320 2380 2381
f 598 2379 2377
f 604 2380 2379
f 590 2377 2380
f 2379 2380 2377
f 27 2368 2338
f 603 2382 2368
f 595 2338 2382
f 2368 2382 2338
f 156 2383 2371
f 605 2384 2383
f 603 2371 2384
f 2383 2384 2371
f 155 2342 2386
f 595 2385 2342
f 605 2386 2385
f 2342 2385 2386
f 603 2384 2382
f 605 2385 2384
f 595 2382 2385
f 2384 2385 2382
f 30 2324 2360
f 593 2387 2324
f 600 2360 2387
f 2324 2387 2360
f 154 2388 2327
f 606 2389 2388
f 593 2327 2389
f 2388 2389 2327
f 156 2364 2391
f 600 2390 2364
f 606 2391 2390
f 2364 2390 2391
f 593 2389 2387
f 606 2390 2389
f 600 2387 2390
f 2389 2390 2387
f 155 2386 2378
f 605 2392 2386
f 604 2378 2392
f 2386 2392 2378
f 156 2391 2383
f 606 2393 2391
f 605 2383 2393
f 2391 2393 2383
f 154 2381 2388
f 604 2394 2381
f 606 2388 2394
f 2381 2394 2388
f 605 2393 2392
f 606 2394 2393
f 604 2392 2394
f 2393 2394 2392
f 9 2005 1595
f 521 2395 2005
f 411 1595 2395
f 2005 2395 1595
f 142 2396 2009
f 607 2397 2396
f 521 2009 2397
f 2396 2397 2009
f 110 1600 2399
f 411 2398 1600
f 607 2399 2398
f 1600 2398 2399
f 521 2397 2395
f 607 2398 2397
f 411 2395 2398
f 2397 2398 2395
f 40 2400 2021
f 608 2401 2400
f 525 2021 2401
f 2400 2401 2021
f 157 2402 2404
f 609 2403 2402
f 608 2404 2403
f 2402 2403 2404
f 142 2026 2406
f 525 2405 2026
f 609 2406 2405
f 2026 2405 2406
f 608 2403 2401
f 609 2405 2403
f 525 2401 2405
f 2403 2405 2401
f 32 1606 2408
f 416 2407 1606
f 611 2408 2407
f 1606 2407 2408
f 110 2409 1610
f 610 2410 2409
f 416 1610 2410
f 2409 2410 1610
f 157 2411 2413
f 611 2412 2411
f 610 2413 2412
f 2411 2412 2413
f 416 2410 2407
f 610 2412 2410
f 611 2407 2412
f 2410 2412 2407
f 142 2406 2396
f 609 2414 2406
f 607 2396 2414
f 2406 2414 2396
f 157 2413 2402
f 610 2415 2413
f 609 2402 2415
f 2413 2415 2402
f 110 2399 2409
f 607 2416 2399
f 610 2409 2416
f 2399 2416 2409
f 609 2415 2414
f 610 2416 2415
f 607 2414 2416
f 2415 2416 2414
f 7 1497 1977
f 387 2417 1497
f 512 1977 2417
f 1497 2417 1977
f 105 2418 1501
f 612 2419 2418
f 387 1501 2419
f 2418 2419 1501
f 138 1981 2421
f 512 2420 1981
f 612 2421 2420
f 1981 2420 2421
f 387 2419 2417
f 612 2420 2419
f 512 2417 2420
f 2419 2420 2417
f 29 2422 1513
f 613 2423 2422
f 391 1513 2423
f 2422 2423 1513
f 158 2424 2426
f 614 2425 2424
f 613 2426 2425
f 2424 2425 2426
f 105 1518 2428
f 391 2427 1518
f 614 2428 2427
f 1518 2427 2428
f 613 2425 2423
f 614 2427 2425
f 391 2423 2427
f 2425 2427 2423
f 40 1986 2430
f 516 2429 1986
f 616 2430 2429
f 1986 2429 2430
f 138 2431 1990
f 615 2432 2431
f 516 1990 2432
f 2431 2432 1990
f 158 2433 2435
f 616 2434 2433
f 615 2435 2434
f 2433 2434 2435
f 516 2432 2429
f 615 2434 2432
f 616 2429 2434
f 2432 2434 2429
f 105 2428 2418
f 614 2436 2428
f 612 2418 2436
f 2428 2436 2418
f 158 2435 2424
f 615 2437 2435
f 614 2424 2437
f 2435 2437 2424
f 138 2421 2431
f 612 2438 2421
f 615 2431 2438
f 2421 2438 2431
f 614 2437 2436
f 615 2438 2437
f 612 2436 2438
f 2437 2438 2436
f 8 1544 1469
f 398 2439 1544
f 378 1469 2439
f 1544 2439 1469
f 107 2440 1547
f 617 2441 2440
f 398 1547 2441
f 2440 2441 1547
f 101 1473 2443
f 378 2442 1473
f 617 2443 2442
f 1473 2442 2443
f 398 2441 2439
f 617 2442 2441
f 378 2439 2442
f 2441 2442 2439
f 32 2444 1557
f 618 2445 2444
f 401 1557 2445
f 2444 2445 1557
f 159 2446 2448
f 619 2447 2446
f 618 2448 2447
f 2446 2447 2448
f 107 1562 2450
f 401 2449 1562
f 619 2450 2449
f 1562 2449 2450
f 618 2447 2445
f 619 2449 2447
f 401 2445 2449
f 2447 2449 2445
f 29 1478 2452
f 382 2451 1478
f 621 2452 2451
f 1478 2451 2452
f 101 2453 1482
f 620 2454 2453
f 382 1482 2454
f 2453 2454 1482
f 159 2455 2457
f 621 2456 2455
f 620 2457 2456
f 2455 2456 2457
f 382 2454 2451
f 620 2456 2454
f 621 2451 2456
f 2454 2456 2451
f 107 2450 2440
f 619 2458 2450
f 617 2440 2458
f 2450 2458 2440
f 159 2457 2446
f 620 2459 2457
f 619 2446 2459
f 2457 2459 2446
f 101 2443 2453
f 617 2460 2443
f 620 2453 2460
f 2443 2460 2453
f 619 2459 2458
f 620 2460 2459
f 617 2458 2460
f 2459 2460 2458
f 40 2430 2400
f 616 2461 2430
f 608 2400 2461
f 2430 2461 2400
f 158 2462 2433
f 622 2463 2462
f 616 2433 2463
f 2462 2463 2433
f 157 2404 2465
f 608 2464 2404
f 622 2465 2464
f 2404 2464 2465
f 616 2463 2461
f 622 2464 2463
f 608 2461 2464
f 2463 2464 2461
f 29 2452 2422
f 621 2466 2452
f 613 2422 2466
f 2452 2466 2422
f 159 2467 2455
f 623 2468 2467
f 621 2455 2468
f 2467 2468 2455
f 158 2426 2470
f 613 2469 2426
f 623 2470 2469
f 2426 2469 2470
f 621 2468 2466
f 623 2469 2468
f 613 2466 2469
f 2468 2469 2466
f 32 2408 2444
f 611 2471 2408
f 618 2444 2471
f 2408 2471 2444
f 157 2472 2411
f 624 2473 2472
f 611 2411 2473
f 2472 2473 2411
f 159 2448 2475
f 618 2474 2448
f 624 2475 2474
f 2448 2474 2475
f 611 2473 2471
f 624 2474 2473
f 618 2471 2474
f 2473 2474 2471
f 158 2470 2462
f 623 2476 2470
f 622 2462 2476
f 2470 2476 2462
f 159 2475 2467
f 624 2477 2475
f 623 2467 2477
f 2475 2477 2467
f 157 2465 2472
f 622 2478 2465
f 624 2472 2478
f 2465 2478 2472
f 623 2477 2476
f 624 2478 2477
f 622 2476 2478
f 2477 2478 2476
f 10 2100 1195
f 544 2479 2100
f 307 1195 2479
f 2100 2479 1195
f 147 2480 2103
f 625 2481 2480
f 544 2103 2481
f 2480 2481 2103
f 82 1200 2483
f 307 2482 1200
f 625 2483 2482
f 1200 2482 2483
f 544 2481 2479
f 625 2482 2481
f 307 2479 2482
f 2481 2482 2479
f 42 2484 2113
f 626 2485 2484
f 547 2113 2485
f 2484 2485 2113
f 160 2486 2488
f 627 2487 2486
f 626 2488 2487
f 2486 2487 2488
f 147 2118 2490
f 547 2489 2118
f 627 2490 2489
f 2118 2489 2490
f 626 2487 2485
f 627 2489 2487
f 547 2485 2489
f 2487 2489 2485
f 24 1206 2492
f 312 2491 1206
f 629 2492 2491
f 1206 2491 2492
f 82 2493 1210
f 628 2494 2493
f 312 1210 2494
f 2493 2494 1210
f 160 2495 2497
f 629 2496 2495
f 628 2497 2496
f 2495 2496 2497
f 312 2494 2491
f 628 2496 2494
f 629 2491 2496
f 2494 2496 2491
f 147 2490 2480
f 627 2498 2490
f 625 2480 2498
f 2490 2498 2480
f 160 2497 2486
f 628 2499 2497
f 627 2486 2499
f 2497 2499 2486
f 82 2483 2493
f 625 2500 2483
f 628 2493 2500
f 2483 2500 2493
f 627 2499 2498
f 628 2500 2499
f 625 2498 2500
f 2499 2500 2498
f 9 1597 2073
f 413 2501 1597
f 536 2073 2501
f 1597 2501 2073
f 112 2502 1601
f 630 2503 2502
f 413 1601 2503
f 2502 2503 1601
f 144 2077 2505
f 536 2504 2077
f 630 2505 2504
f 2077 2504 2505
f 413 2503 2501
f 630 2504 2503
f 536 2501 2504
f 2503 2504 2501
f 31 2506 1613
f 631 2507 2506
f 417 1613 2507
f 2506 2507 1613
f 161 2508 2510
f 632 2509 2508
f 631 2510 2509
f 2508 2509 2510
f 112 1618 2512
f 417 2511 1618
f 632 2512 2511
f 1618 2511 2512
f 631 2509 2507
f 632 2511 2509
f 417 2507 2511
f 2509 2511 2507
f 42 2082 2514
f 540 2513 2082
f 634 2514 2513
f 2082 2513 2514
f 144 2515 2086
f 633 2516 2515
f 540 2086 2516
f 2515 2516 2086
f 161 2517 2519
f 634 2518 2517
f 633 2519 2518
f 2517 2518 2519
f 540 2516 2513
f 633 2518 2516
f 634 2513 2518
f 2516 2518 2513
f 112 2512 2502
f 632 2520 2512
f 630 2502 2520
f 2512 2520 2502
f 161 2519 2508
f 633 2521 2519
f 632 2508 2521
f 2519 2521 2508
f 144 2505 2515
f 630 2522 2505
f 633 2515 2522
f 2505 2522 2515
f 632 2521 2520
f 633 2522 2521
f 630 2520 2522
f 2521 2522 2520
f 2 1144 1569
f 294 2523 1144
f 404 1569 2523
f 1144 2523 1569
f 79 2524 1147
f 635 2525 2524
f 294 1147 2525
f 2524 2525 1147
f 108 1573 2527
f 404 2526 1573
f 635 2527 2526
f 1573 2526 2527
f 294 2525 2523
f 635 2526 2525
f 404 2523 2526
f 2525 2526 2523
f 24 2528 1157
f 636 2529 2528
f 297 1157 2529
f 2528 2529 1157
f 162 2530 2532
f 637 2531 2530
f 636 2532 2531
f 2530 2531 2532
f 79 1162 2534
f 297 2533 1162
f 637 2534 2533
f 1162 2533 2534
f 636 2531 2529
f 637 2533 2531
f 297 2529 2533
f 2531 2533 2529
f 31 1578 2536
f 408 2535 1578
f 639 2536 2535
f 1578 2535 2536
f 108 2537 1582
f 638 2538 2537
f 408 1582 2538
f 2537 2538 1582
f 162 2539 2541
f 639 2540 2539
f 638 2541 2540
f 2539 2540 2541
f 408 2538 2535
f 638 2540 2538
f 639 2535 2540
f 2538 2540 2535
f 79 2534 2524
f 637 2542 2534
f 635 2524 2542
f 2534 2542 2524
f 162 2541 2530
f 638 2543 2541
f 637 2530 2543
f 2541 2543 2530
f 108 2527 2537
f 635 2544 2527
f 638 2537 2544
f 2527 2544 2537
f 637 2543 2542
f 638 2544 2543
f 635 2542 2544
f 2543 2544 2542
f 42 2514 2484
f 634 2545 2514
f 626 2484 2545
f 2514 2545 2484
f 161 2546 2517
f 640 2547 2546
f 634 2517 2547
f 2546 2547 2517
f 160 2488 2549
f 626 2548 2488
f 640 2549 2548
f 2488 2548 2549
f 634 2547 2545
f 640 2548 2547
f 626 2545 2548
f 2547 2548 2545
f 31 2536 2506
f 639 2550 2536
f 631 2506 2550
f 2536 2550 2506
f 162 2551 2539
f 641 2552 2551
f 639 2539 2552
f 2551 2552 2539
f 161 2510 2554
f 631 2553 2510
f 641 2554 2553
f 2510 2553 2554
f 639 2552 2550
f 641 2553 2552
f 631 2550 2553
f 2552 2553 2550
f 24 2492 2528
f 629 2555 2492
f 636 2528 2555
f 2492 2555 2528
f 160 2556 2495
f 642 2557 2556
f 629 2495 2557
f 2556 2557 2495
f 162 2532 2559
f 636 2558 2532
f 642 2559 2558
f 2532 2558 2559
f 629 2557 2555
f 642 2558 2557
f 636 2555 2558
f 2557 2558 2555
f 161 2554 2546
f 641 2560 2554
f 640 2546 2560
f 2554 2560 2546
f 162 2559 2551
f 642 2561 2559
f 641 2551 2561
f 2559 2561 2551
f 160 2549 2556
f 640 2562 2549
f 642 2556 2562
f 2549 2562 2556
f 641 2561 2560
f 642 2562 2561
f 640 2560 2562
f 2561 2562 2560
