# regolith_gen synthetic particle
# verts: 2562  tris: 5120
v -0.545355 0.798365 0.000000
v 0.553025 0.809593 0.000000
v -0.557592 -0.816279 0.000000
v 0.571931 -0.837271 0.000000
v 0.000000 -0.516485 0.879673
v 0.000000 0.508300 0.865734
v 0.000000 -0.506413 -0.862520
v 0.000000 0.486860 -0.829217
v 0.875323 0.000000 -0.515219
v 0.886918 0.000000 0.522043
v -0.884937 0.000000 -0.520877
v -0.876758 0.000000 0.516063
v -0.825177 0.461417 0.300181
v -0.530890 0.296860 0.818094
v -0.324262 0.768078 0.499682
v 0.316427 0.749520 0.487609
v 0.000000 0.938497 0.000000
v 0.331198 0.784508 -0.510371
v -0.325629 0.771316 -0.501789
v -0.496080 0.277395 -0.764452
v -0.804720 0.449978 -0.292739
v -1.033076 0.000000 0.000000
v 0.527935 0.295207 0.813540
v 0.849857 0.475217 0.309158
v -0.527210 -0.294802 0.812422
v 0.000000 0.000000 1.016052
v -0.819631 -0.458316 -0.298163
v -0.877564 -0.490711 0.319238
v 0.000000 0.000000 -1.035649
v -0.516946 -0.289063 -0.796606
v 0.846985 0.473612 -0.308114
v 0.521005 0.291332 -0.802860
v 0.880549 -0.492380 0.320324
v 0.516154 -0.288620 0.795386
v 0.339995 -0.805344 0.523926
v -0.329682 -0.780917 0.508035
v 0.000000 -0.941166 0.000000
v -0.321470 -0.761465 -0.495381
v 0.330967 -0.783961 -0.510015
v 0.546457 -0.305564 -0.842082
v 0.869380 -0.486134 -0.316261
v 1.023667 0.000000 0.000000
v -0.707937 0.648146 0.156095
v -0.602020 0.637728 0.414882
v -0.451825 0.812775 0.257748
v -0.725134 0.150104 0.682473
v -0.704211 0.393776 0.572826
v -0.878584 0.239478 0.420851
v -0.171849 0.671582 0.715351
v -0.447620 0.559682 0.689776
v -0.277974 0.419879 0.878751
v -0.164927 0.873547 0.254150
v -0.282792 0.900662 0.000000
v 0.167119 0.653096 0.695660
v 0.000000 0.800135 0.520537
v 0.283974 0.904428 0.000000
v 0.164092 0.869123 0.252863
v 0.437997 0.787901 0.249860
v -0.174614 0.924853 -0.269077
v -0.458491 0.824766 -0.261551
v 0.476694 0.857512 -0.271935
v 0.174843 0.926069 -0.269431
v -0.165539 0.646920 -0.689081
v 0.000000 0.802303 -0.521948
v 0.165823 0.648033 -0.690267
v -0.604582 0.640442 -0.416647
v -0.698658 0.639650 -0.154049
v -0.260886 0.394067 -0.824730
v -0.431710 0.539789 -0.665259
v -0.871253 0.237480 -0.417339
v -0.675108 0.377503 -0.549154
v -0.715000 0.148006 -0.672935
v -0.855597 0.478428 0.000000
v -0.988953 0.000000 -0.267563
v -0.948268 0.237133 -0.154270
v -0.974988 0.243815 0.158617
v -1.018701 0.000000 0.275611
v 0.609879 0.646053 0.420298
v 0.721271 0.660354 0.159035
v 0.273651 0.413348 0.865084
v 0.438958 0.548851 0.676428
v 0.909755 0.247975 0.435782
v 0.720866 0.403089 0.586374
v 0.730876 0.151292 0.687877
v -0.282734 0.158098 0.974231
v 0.000000 0.263631 0.976863
v -0.724808 -0.150036 0.682166
v -0.546903 0.000000 0.842770
v 0.000000 -0.270096 1.000818
v -0.280482 -0.156838 0.966469
v -0.276505 -0.417660 0.874108
v -1.018324 -0.254652 0.165667
v -0.909269 -0.247842 0.435549
v -0.893608 -0.243574 -0.428047
v -0.964857 -0.241282 -0.156969
v -0.755348 -0.691553 0.166549
v -0.891636 -0.498579 0.000000
v -0.736981 -0.674737 -0.162499
v -0.544139 0.000000 -0.838511
v -0.739317 -0.153040 -0.695821
v 0.000000 0.258741 -0.958742
v -0.269853 0.150895 -0.929845
v -0.269004 -0.406330 -0.850395
v -0.277222 -0.155015 -0.955237
v 0.000000 -0.265357 -0.983257
v 0.437987 0.547638 -0.674932
v 0.269817 0.407558 -0.852966
v 0.747234 0.684124 -0.164759
v 0.630994 0.668421 -0.434849
v 0.720316 0.149107 -0.677938
v 0.705602 0.394554 -0.573958
v 0.869610 0.237032 -0.416552
v 0.761784 -0.697445 0.167968
v 0.637380 -0.675186 0.439250
v 0.471393 -0.847975 0.268911
v 0.712792 -0.147549 0.670857
v 0.718910 -0.401995 0.584783
v 0.906676 -0.247136 0.434307
v 0.175456 -0.685678 0.730366
v 0.458958 -0.573858 0.707247
v 0.280912 -0.424317 0.888040
v 0.174835 -0.926026 0.269418
v 0.289453 -0.921877 0.000000
v -0.173381 -0.677566 0.721725
v 0.000000 -0.848587 0.552058
v -0.282856 -0.900868 0.000000
v -0.171994 -0.910976 0.265040
v -0.463643 -0.834033 0.264490
v 0.168640 -0.893215 -0.259872
v 0.470372 -0.846139 -0.268329
v -0.454314 -0.817252 -0.259168
v -0.166678 -0.882824 -0.256849
v 0.172383 -0.673666 -0.717571
v 0.000000 -0.806786 -0.524864
v -0.171146 -0.668835 -0.712425
v 0.651984 -0.690655 -0.449314
v 0.758379 -0.694328 -0.167217
v 0.284740 -0.430099 -0.900141
v 0.474087 -0.592775 -0.730561
v 0.903738 -0.246335 -0.432900
v 0.748091 -0.418312 -0.608520
v 0.741475 -0.153486 -0.697852
v 0.937952 -0.524478 0.000000
v 0.980621 0.000000 -0.265308
v 1.007369 -0.251913 -0.163885
v 1.017717 -0.254501 0.165568
v 1.014581 0.000000 0.274496
v 0.280909 -0.157077 0.967941
v 0.543833 0.000000 0.838038
v 0.279498 0.156288 0.963078
v -0.637780 -0.675609 0.439526
v -0.459857 -0.574982 0.708632
v -0.742271 -0.415058 0.603786
v -0.432118 -0.540299 -0.665888
v -0.602963 -0.638727 -0.415532
v -0.705367 -0.394423 -0.573767
v 0.560265 0.000000 -0.863361
v 0.286835 -0.160390 -0.988360
v 0.283779 0.158682 -0.977830
v 1.005823 0.251526 0.163633
v 0.971726 0.242999 -0.158086
v 0.900862 0.503738 0.000000
v -0.633902 0.730226 0.079515
v -0.594048 0.745777 0.210975
v -0.505374 0.816370 0.130352
v -0.718445 0.552941 0.359723
v -0.662711 0.650439 0.288571
v -0.774066 0.560187 0.230384
v -0.391375 0.796799 0.381261
v -0.533250 0.732361 0.340610
v -0.472932 0.714363 0.464737
v -0.810189 0.075830 0.606033
v -0.818441 0.199006 0.561752
v -0.889310 0.122051 0.474378
v -0.628279 0.351317 0.703415
v -0.727009 0.277232 0.638267
v -0.632838 0.223702 0.753498
v -0.860082 0.353730 0.364024
v -0.802119 0.320648 0.503256
v -0.769140 0.430083 0.438764
v -0.086785 0.596157 0.798983
v -0.226459 0.549446 0.802518
v -0.140727 0.470130 0.883556
v -0.393448 0.677108 0.606297
v -0.314089 0.621540 0.709731
v -0.250444 0.725073 0.610490
v -0.411352 0.363856 0.861840
v -0.367345 0.495556 0.791825
v -0.495235 0.434258 0.763149
v -0.663943 0.524226 0.502060
v -0.586398 0.482711 0.639954
v -0.535321 0.610006 0.560356
v -0.372518 0.869634 0.130388
v -0.422328 0.866838 0.000000
v -0.245635 0.829649 0.378519
v -0.308591 0.849158 0.257628
v -0.142939 0.928502 0.000000
v -0.224567 0.892030 0.129026
v -0.083609 0.908475 0.128841
v 0.086130 0.591660 0.792956
v 0.000000 0.674228 0.718169
v 0.159889 0.776947 0.505452
v 0.084240 0.732847 0.613255
v 0.243437 0.704786 0.593410
v -0.085692 0.745483 0.623829
v -0.163210 0.793087 0.515952
v 0.423147 0.868519 0.000000
v 0.366075 0.854593 0.128132
v 0.497575 0.803770 0.128340
v 0.084044 0.913197 0.129510
v 0.225305 0.894963 0.129450
v 0.144285 0.937249 0.000000
v 0.379830 0.773293 0.370014
v 0.304296 0.837341 0.254043
v 0.241795 0.816681 0.372603
v -0.084163 0.844492 0.389084
v 0.083730 0.840147 0.387082
v 0.000000 0.878972 0.255728
v -0.380211 0.887594 -0.133080
v -0.504751 0.815362 -0.130191
v -0.086979 0.945084 -0.134033
v -0.233885 0.929044 -0.134379
v -0.398990 0.812302 -0.388679
v -0.322669 0.887898 -0.269382
v -0.253697 0.856880 -0.390943
v 0.522624 0.844234 -0.134801
v 0.384595 0.897826 -0.134615
v 0.260413 0.879565 -0.401293
v 0.329124 0.905659 -0.274770
v 0.409921 0.834557 -0.399328
v 0.234055 0.929722 -0.134477
v 0.086982 0.945122 -0.134038
v -0.083533 0.573815 -0.769041
v 0.000000 0.653172 -0.695741
v 0.083436 0.573151 -0.768150
v -0.163414 0.794075 -0.516595
v -0.083933 0.730184 -0.611026
v -0.246328 0.713156 -0.600457
v 0.249813 0.723244 -0.608951
v 0.084252 0.732955 -0.613345
v 0.166223 0.807729 -0.525478
v 0.000000 0.931663 -0.271058
v 0.088210 0.885093 -0.407789
v -0.087804 0.881024 -0.405915
v -0.586808 0.736688 -0.208404
v -0.629623 0.725297 -0.078979
v -0.478594 0.722915 -0.470301
v -0.541383 0.743532 -0.345805
v -0.764507 0.553270 -0.227539
v -0.657299 0.645127 -0.286214
v -0.706457 0.543715 -0.353720
v -0.133103 0.444660 -0.835686
v -0.216437 0.525131 -0.767003
v -0.467884 0.410275 -0.721003
v -0.348298 0.469860 -0.750768
v -0.380284 0.336375 -0.796749
v -0.303037 0.599670 -0.684757
v -0.385720 0.663809 -0.594389
v -0.880237 0.120806 -0.469538
v -0.799568 0.194417 -0.548798
v -0.805356 0.075377 -0.602418
v -0.745722 0.416988 -0.425405
v -0.781052 0.312227 -0.490039
v -0.840036 0.345485 -0.355540
v -0.609582 0.215481 -0.725809
v -0.702511 0.267890 -0.616759
v -0.596304 0.333438 -0.667617
v -0.524121 0.597244 -0.548633
v -0.560542 0.461427 -0.611737
v -0.642454 0.507260 -0.485811
v -0.713051 0.652828 0.000000
v -0.850823 0.475758 -0.150873
v -0.788350 0.567028 -0.078085
v -0.784581 0.564317 0.077711
v -0.845072 0.472542 0.149853
v -0.942190 0.000000 -0.395544
v -0.937407 0.120805 -0.346007
v -1.000289 0.121934 -0.079325
v -0.974353 0.121135 -0.211362
v -1.016510 0.000000 -0.134841
v -0.917895 0.239362 -0.287430
v -0.893400 0.350346 -0.227922
v -0.957327 0.123372 0.353359
v -0.958713 0.000000 0.402481
v -0.901412 0.353488 0.229966
v -0.939654 0.245037 0.294244
v -1.041608 0.000000 0.138171
v -1.007628 0.125272 0.218580
v -1.018813 0.124192 0.080794
v -0.922276 0.365230 -0.079202
v -0.976078 0.244088 0.000000
v -0.921554 0.364944 0.079139
v 0.584754 0.734110 0.207674
v 0.634555 0.730978 0.079597
v 0.465231 0.702729 0.457169
v 0.527195 0.724046 0.336743
v 0.797290 0.576994 0.237296
v 0.671173 0.658745 0.292256
v 0.739329 0.569014 0.370179
v 0.138841 0.463831 0.871717
v 0.223556 0.542403 0.792231
v 0.487749 0.427693 0.751613
v 0.362272 0.488713 0.780891
v 0.406986 0.359995 0.852694
v 0.304571 0.602705 0.688223
v 0.384213 0.661215 0.592066
v 0.909346 0.124801 0.485066
v 0.830332 0.201898 0.569913
v 0.821277 0.076867 0.614327
v 0.793680 0.443805 0.452763
v 0.820981 0.328189 0.515091
v 0.885863 0.364333 0.374935
v 0.638177 0.225589 0.759855
v 0.732979 0.279509 0.643508
v 0.628209 0.351278 0.703337
v 0.532047 0.606276 0.556930
v 0.587059 0.483255 0.640676
v 0.675645 0.533466 0.510909
v -0.141692 0.348821 0.947401
v 0.000000 0.389924 0.931129
v -0.410074 0.229303 0.901065
v -0.285734 0.294915 0.944157
v 0.000000 0.132389 1.000521
v -0.143208 0.214774 0.992564
v -0.142582 0.079728 1.007885
v -0.803678 -0.075220 0.601162
v -0.726690 0.000000 0.683937
v -0.547956 -0.149358 0.844391
v -0.639191 -0.075657 0.765756
v -0.631172 -0.223113 0.751515
v -0.635170 0.075181 0.760938
v -0.540572 0.147345 0.833013
v 0.000000 -0.396844 0.947654
v -0.140970 -0.347042 0.942569
v -0.140118 -0.468096 0.879732
v -0.142776 -0.079836 1.009256
v -0.142220 -0.213292 0.985716
v 0.000000 -0.135069 1.020779
v -0.406992 -0.359999 0.852705
v -0.280810 -0.289833 0.927886
v -0.407080 -0.227629 0.894486
v -0.422783 0.078803 0.919936
v -0.425653 -0.079338 0.926181
v -0.283827 0.000000 0.977994
v -0.977910 -0.126025 0.360957
v -0.898507 -0.123313 0.479284
v -1.032358 -0.125843 0.081869
v -1.034389 -0.128599 0.224385
v -0.904049 -0.371812 0.382633
v -0.981563 -0.255965 0.307367
v -0.961197 -0.376933 0.245218
v -0.911640 -0.125116 -0.486289
v -0.960473 -0.123778 -0.354520
v -0.909019 -0.356471 -0.231907
v -0.941160 -0.245429 -0.294715
v -0.858431 -0.353051 -0.363325
v -0.987201 -0.122733 -0.214149
v -1.015581 -0.123798 -0.080538
v -0.657946 -0.757924 0.082532
v -0.752768 -0.689191 0.000000
v -0.653079 -0.752317 -0.081921
v -0.900486 -0.503528 0.159679
v -0.837535 -0.602405 0.082956
v -0.825533 -0.597434 0.245702
v -0.790658 -0.572195 -0.235322
v -0.832161 -0.598540 -0.082424
v -0.870949 -0.487012 -0.154442
v -0.996031 -0.249077 0.000000
v -0.935981 -0.370657 -0.080378
v -0.959366 -0.379918 0.082387
v -0.740445 0.000000 -0.696883
v -0.828383 -0.077532 -0.619642
v -0.524635 0.143001 -0.808454
v -0.634835 0.075142 -0.760538
v -0.634467 -0.224278 -0.755438
v -0.645052 -0.076351 -0.772777
v -0.539848 -0.147148 -0.831897
v 0.000000 0.374838 -0.895104
v -0.134996 0.332335 -0.902625
v -0.141854 0.079321 -1.002738
v -0.138284 0.207389 -0.958435
v 0.000000 0.133020 -1.005293
v -0.266951 0.275528 -0.882091
v -0.387203 0.216514 -0.850809
v -0.137445 -0.459166 -0.862949
v -0.138625 -0.341270 -0.926891
v 0.000000 -0.387196 -0.924614
v -0.398217 -0.222673 -0.875011
v -0.275830 -0.284692 -0.911430
v -0.395420 -0.349764 -0.828461
v 0.000000 -0.134680 -1.017838
v -0.141363 -0.212007 -0.979776
v -0.143158 -0.080050 -1.011959
v -0.410425 0.076500 -0.893046
v -0.280129 0.000000 -0.965253
v -0.414795 -0.077314 -0.902555
v 0.220033 0.533854 -0.779745
v 0.135147 0.451488 -0.848520
v 0.391826 0.674316 -0.603798
v 0.305089 0.603730 -0.689394
v 0.397763 0.351836 -0.833370
v 0.354617 0.478385 -0.764389
v 0.483643 0.424094 -0.745287
v 0.656717 0.756507 -0.082377
v 0.624386 0.783865 -0.221749
v 0.748462 0.576044 -0.374752
v 0.701393 0.688405 -0.305415
v 0.806310 0.583522 -0.239981
v 0.566280 0.777724 -0.361708
v 0.489235 0.738988 -0.480757
v 0.810004 0.075812 -0.605894
v 0.806998 0.196224 -0.553898
v 0.879757 0.120740 -0.469282
v 0.620295 0.346853 -0.694477
v 0.718094 0.273833 -0.630440
v 0.626708 0.221535 -0.746200
v 0.857576 0.352699 -0.362963
v 0.790388 0.315959 -0.495896
v 0.778123 0.435106 -0.443888
v 0.542422 0.618098 -0.567790
v 0.678622 0.535817 -0.513160
v 0.582686 0.479656 -0.635904
v 0.670858 -0.772798 0.084151
v 0.622564 -0.781577 0.221102
v 0.526549 -0.850575 0.135814
v 0.778205 -0.598935 0.389645
v 0.707444 -0.694343 0.308049
v 0.835891 -0.604930 0.248785
v 0.407576 -0.829781 0.397043
v 0.558948 -0.767654 0.357024
v 0.491850 -0.742938 0.483327
v 0.809320 -0.075748 0.605383
v 0.816113 -0.198440 0.560154
v 0.905685 -0.124299 0.483113
v 0.620585 -0.347015 0.694801
v 0.720204 -0.274637 0.632293
v 0.616496 -0.217925 0.734040
v 0.902769 -0.371286 0.382091
v 0.815930 -0.326169 0.511922
v 0.816754 -0.456708 0.465926
v 0.088418 -0.607375 0.814019
v 0.230162 -0.558431 0.815642
v 0.143247 -0.478548 0.899376
v 0.408910 -0.703717 0.630124
v 0.322008 -0.637211 0.727626
v 0.261085 -0.755879 0.636428
v 0.405452 -0.358637 0.849479
v 0.371112 -0.500637 0.799945
v 0.493812 -0.433010 0.760957
v 0.696490 -0.549925 0.526672
v 0.597532 -0.491876 0.652106
v 0.553967 -0.631254 0.579875
v 0.384612 -0.897865 0.134620
v 0.433295 -0.889349 0.000000
v 0.261465 -0.883116 0.402913
v 0.324643 -0.893330 0.271030
v 0.144839 -0.940848 0.000000
v 0.234305 -0.930713 0.134621
v 0.086636 -0.941361 0.133505
v -0.088078 -0.605037 0.810885
v 0.000000 -0.695778 0.741124
v -0.169580 -0.824039 0.536089
v -0.087830 -0.764083 0.639393
v -0.254824 -0.737754 0.621167
v 0.089497 -0.778584 0.651528
v 0.173957 -0.845308 0.549926
v -0.420218 -0.862508 0.000000
v -0.375577 -0.876774 0.131458
v -0.514814 -0.831618 0.132787
v -0.086108 -0.935627 0.132691
v -0.229791 -0.912782 0.132027
v -0.142785 -0.927505 0.000000
v -0.400267 -0.814901 0.389923
v -0.318427 -0.876226 0.265841
v -0.254292 -0.858891 0.391861
v 0.090494 -0.908013 0.418349
v -0.089448 -0.897517 0.413514
v 0.000000 -0.927267 0.269779
v 0.384636 -0.897923 -0.134629
v 0.525770 -0.849317 -0.135613
v 0.085990 -0.934347 -0.132510
v 0.231985 -0.921496 -0.133288
v 0.405014 -0.824565 -0.394547
v 0.319554 -0.879327 -0.266781
v 0.248980 -0.840949 -0.383675
v -0.507856 -0.820378 -0.130992
v -0.371963 -0.868338 -0.130193
v -0.247882 -0.837240 -0.381982
v -0.312446 -0.859767 -0.260847
v -0.392818 -0.799737 -0.382667
v -0.227947 -0.905456 -0.130968
v -0.084650 -0.919781 -0.130444
v 0.087253 -0.599371 -0.803291
v 0.000000 -0.686647 -0.731398
v -0.086759 -0.595974 -0.798739
v 0.163899 -0.796436 -0.518131
v 0.086314 -0.750892 -0.628355
v 0.254391 -0.736499 -0.620111
v -0.248991 -0.720866 -0.606948
v -0.086749 -0.754681 -0.631526
v -0.163387 -0.793944 -0.516510
v 0.000000 -0.900967 -0.262127
v -0.084592 -0.848798 -0.391067
v 0.084541 -0.848285 -0.390831
v 0.629050 -0.789720 -0.223406
v 0.671155 -0.773139 -0.084188
v 0.500197 -0.755546 -0.491530
v 0.571878 -0.785413 -0.365284
v 0.826621 -0.598221 -0.246026
v 0.714609 -0.701376 -0.311169
v 0.769070 -0.591904 -0.385070
v 0.141901 -0.474052 -0.890926
v 0.232223 -0.563431 -0.822945
v 0.518085 -0.454295 -0.798362
v 0.383999 -0.518023 -0.827723
v 0.422385 -0.373615 -0.884956
v 0.324905 -0.642945 -0.734173
v 0.406535 -0.699630 -0.626464
v 0.895877 -0.122952 -0.477881
v 0.829377 -0.201665 -0.569258
v 0.816635 -0.076433 -0.610855
v 0.813425 -0.454846 -0.464026
v 0.829547 -0.331612 -0.520465
v 0.900392 -0.370308 -0.381085
v 0.656560 -0.232088 -0.781744
v 0.753839 -0.287463 -0.661822
v 0.661761 -0.370039 -0.740902
v 0.572171 -0.651997 -0.598930
v 0.626668 -0.515860 -0.683902
v 0.712453 -0.562529 -0.538743
v 0.772226 -0.707005 0.000000
v 0.915357 -0.511844 -0.162316
v 0.858042 -0.617155 -0.084988
v 0.865259 -0.622346 0.085702
v 0.924504 -0.516959 0.163938
v 0.939897 0.000000 -0.394582
v 0.956026 -0.123205 -0.352879
v 1.029165 -0.125454 -0.081615
v 1.002825 -0.124675 -0.217538
v 1.009524 0.000000 -0.133915
v 0.961266 -0.250673 -0.301011
v 0.957862 -0.375625 -0.244367
v 0.973397 -0.125443 0.359291
v 0.963959 0.000000 0.404683
v 0.969094 -0.380030 0.247233
v 0.978926 -0.255278 0.306541
v 1.036091 0.000000 0.137439
v 1.019173 -0.126707 0.221085
v 1.036421 -0.126338 0.082191
v 0.988154 -0.391318 -0.084859
v 1.030487 -0.257694 0.000000
v 0.991917 -0.392808 0.085182
v 0.144897 -0.356709 0.968825
v 0.402505 -0.225070 0.884432
v 0.285002 -0.294159 0.941737
v 0.144676 -0.216976 1.002739
v 0.143632 -0.080315 1.015309
v 0.736000 0.000000 0.692699
v 0.549511 0.149782 0.846788
v 0.642746 0.076078 0.770015
v 0.628636 -0.074408 0.753111
v 0.528150 -0.143959 0.813870
v 0.139243 0.342791 0.931024
v 0.140885 0.078779 0.995890
v 0.140115 0.210136 0.971127
v 0.280507 0.289520 0.926885
v 0.412673 0.230756 0.906775
v 0.418737 -0.078049 0.911133
v 0.426171 0.079434 0.927307
v 0.283150 0.000000 0.975663
v -0.616060 -0.773412 0.218793
v -0.485665 -0.733596 0.477250
v -0.558380 -0.766874 0.356662
v -0.707628 -0.694524 0.308129
v -0.771246 -0.593579 0.386160
v -0.228356 -0.554048 0.809241
v -0.500857 -0.439187 0.771813
v -0.371241 -0.500812 0.800223
v -0.319174 -0.631603 0.721221
v -0.397252 -0.683654 0.612159
v -0.821836 -0.199832 0.564082
v -0.821425 -0.459319 0.468590
v -0.832234 -0.332687 0.522151
v -0.738402 -0.281577 0.648270
v -0.631567 -0.353155 0.707096
v -0.550760 -0.627600 0.576518
v -0.608466 -0.500877 0.664038
v -0.703784 -0.555684 0.532187
v -0.224284 -0.544170 -0.794812
v -0.383448 -0.659899 -0.590888
v -0.309038 -0.611544 -0.698317
v -0.357794 -0.482672 -0.771238
v -0.478110 -0.419241 -0.736760
v -0.603221 -0.757294 -0.214233
v -0.723162 -0.556572 -0.362084
v -0.678743 -0.666174 -0.295552
v -0.536949 -0.737441 -0.342973
v -0.467329 -0.705900 -0.459231
v -0.833379 -0.202638 -0.572005
v -0.620985 -0.347238 -0.695249
v -0.728358 -0.277747 -0.639452
v -0.805113 -0.321845 -0.505135
v -0.769142 -0.430084 -0.438765
v -0.519526 -0.592008 -0.543823
v -0.656680 -0.518492 -0.496568
v -0.569824 -0.469067 -0.621866
v 0.744242 0.000000 -0.700457
v 0.557064 -0.151841 -0.858428
v 0.657746 -0.077853 -0.787985
v 0.650937 0.077048 -0.779827
v 0.549350 0.149738 -0.846540
v 0.140709 -0.346400 -0.940825
v 0.145066 -0.081117 -1.025445
v 0.143489 -0.215195 -0.994509
v 0.287416 -0.296650 -0.949713
v 0.420536 -0.235152 -0.924052
v 0.137649 0.338868 -0.920368
v 0.409071 0.228742 -0.898860
v 0.278521 0.287470 -0.920323
v 0.142760 0.214102 -0.989459
v 0.145322 0.081260 -1.027252
v 0.431444 -0.080417 -0.938780
v 0.291364 0.000000 -1.003967
v 0.429601 0.080074 -0.934771
v 0.975197 0.125675 0.359955
v 1.029717 0.125521 0.081659
v 1.014072 0.126073 0.219978
v 0.969164 0.252732 0.303485
v 0.939982 0.368613 0.239806
v 0.937851 0.120863 -0.346170
v 0.922084 0.361595 -0.235240
v 0.926172 0.241521 -0.290022
v 0.987227 0.122736 -0.214155
v 1.009427 0.123048 -0.080050
v 0.741051 0.678463 0.000000
v 0.890657 0.498032 0.157936
v 0.822381 0.591505 0.081455
v 0.832201 0.598568 -0.082428
v 0.887666 0.496360 -0.157406
v 0.999484 0.249941 0.000000
v 0.951921 0.376969 -0.081747
v 0.962113 0.381005 0.082623
v -0.591043 0.765788 0.039990
v -0.573728 0.777992 0.105442
v -0.526403 0.808850 0.065113
v -0.655013 0.700221 0.184254
v -0.617615 0.742219 0.145756
v -0.672670 0.690626 0.118256
v -0.479917 0.816853 0.194651
v -0.551738 0.783797 0.171335
v -0.524902 0.782109 0.235204
v -0.776602 0.510485 0.332102
v -0.749838 0.559273 0.296630
v -0.801718 0.512130 0.265982
v -0.632009 0.643714 0.351505
v -0.690725 0.601546 0.324300
v -0.661384 0.595992 0.387729
v -0.742100 0.605059 0.193527
v -0.719824 0.606373 0.259916
v -0.688847 0.652594 0.223359
v -0.359057 0.784983 0.441718
v -0.434137 0.758949 0.424942
v -0.401724 0.746430 0.485599
v -0.495198 0.776331 0.300861
v -0.465009 0.768289 0.362661
v -0.422125 0.805736 0.319812
v -0.538095 0.675811 0.439657
v -0.502844 0.722865 0.402121
v -0.567365 0.684332 0.377628
v -0.631045 0.700391 0.251032
v -0.600546 0.693827 0.315660
v -0.565409 0.741485 0.276913
v -0.843049 0.037840 0.560671
v -0.852289 0.099285 0.541580
v -0.886620 0.061347 0.497202
v -0.778429 0.176060 0.627449
v -0.818552 0.138165 0.586917
v -0.771555 0.113555 0.647547
v -0.885796 0.181428 0.448436
v -0.854006 0.160458 0.518007
v -0.849728 0.219642 0.491401
v -0.583322 0.326178 0.764661
v -0.634851 0.289415 0.733434
v -0.584270 0.260821 0.788133
v -0.718161 0.337069 0.607571
v -0.678834 0.314557 0.671653
v -0.668980 0.374076 0.639693
v -0.678820 0.186619 0.717405
v -0.682214 0.251346 0.697834
v -0.728904 0.214431 0.662971
v -0.843935 0.408180 0.332627
v -0.818570 0.393941 0.403474
v -0.800979 0.447886 0.371454
v -0.842487 0.280634 0.463063
v -0.833518 0.338181 0.434707
v -0.871726 0.297399 0.393526
v -0.736792 0.411995 0.505503
v -0.787498 0.376537 0.472031
v -0.754221 0.357729 0.538815
v -0.775959 0.239048 0.602426
v -0.767608 0.300169 0.572506
v -0.811751 0.260568 0.533369
v -0.043470 0.553612 0.834521
v -0.114186 0.535365 0.844620
v -0.070475 0.490942 0.877651
v -0.200235 0.613362 0.762860
v -0.157822 0.576242 0.805677
v -0.129750 0.635958 0.759647
v -0.209759 0.445630 0.882460
v -0.184368 0.511583 0.845530
v -0.252156 0.484894 0.840578
v -0.360251 0.725900 0.555141
v -0.323425 0.704484 0.611321
v -0.287681 0.747181 0.555299
v -0.382131 0.592037 0.701553
v -0.355252 0.651989 0.660612
v -0.422553 0.621085 0.651148
v -0.212186 0.701104 0.665058
v -0.284327 0.678511 0.664986
v -0.244196 0.648937 0.715262
v -0.472625 0.331040 0.842013
v -0.456051 0.401472 0.816551
v -0.516025 0.367846 0.795187
v -0.323353 0.458600 0.836458
v -0.391168 0.432185 0.830758
v -0.346137 0.393676 0.874245
v -0.471784 0.497546 0.727012
v -0.433654 0.467266 0.781503
v -0.408443 0.528780 0.742030
v -0.270464 0.585850 0.756499
v -0.340539 0.558263 0.750387
v -0.296626 0.521884 0.796262
v -0.745737 0.492749 0.400303
v -0.683859 0.458718 0.537306
v -0.714343 0.475207 0.468579
v -0.691092 0.538469 0.430361
v -0.637010 0.584785 0.461361
v -0.563353 0.393370 0.734659
v -0.519304 0.522824 0.667095
v -0.540863 0.458400 0.700577
v -0.607432 0.417281 0.671767
v -0.648238 0.439579 0.608456
v -0.435328 0.698808 0.537205
v -0.570626 0.625808 0.488385
v -0.504895 0.663239 0.513320
v -0.467045 0.646259 0.585832
v -0.495084 0.589019 0.629102
v -0.628848 0.506368 0.573738
v -0.564209 0.549472 0.603761
v -0.603580 0.570050 0.534041
v -0.464960 0.843432 0.065441
v -0.485752 0.835234 0.000000
v -0.413758 0.844519 0.194783
v -0.441241 0.847656 0.131083
v -0.353642 0.887588 0.000000
v -0.398582 0.870959 0.065622
v -0.327991 0.886387 0.065124
v -0.286400 0.804310 0.441337
v -0.319352 0.816801 0.381498
v -0.236065 0.860054 0.255479
v -0.276942 0.838686 0.317652
v -0.204798 0.850889 0.315591
v -0.350931 0.826360 0.320086
v -0.381952 0.836225 0.259272
v -0.071650 0.935338 0.000000
v -0.112948 0.918035 0.065008
v -0.042153 0.921760 0.064958
v -0.253791 0.897444 0.065054
v -0.183829 0.908938 0.064928
v -0.212989 0.914919 0.000000
v -0.124675 0.893710 0.192122
v -0.154253 0.901957 0.129175
v -0.194685 0.882821 0.191754
v -0.341085 0.861267 0.194928
v -0.266493 0.870633 0.193196
v -0.298055 0.881588 0.129796
v 0.043253 0.550848 0.830355
v 0.000000 0.595259 0.797780
v 0.084840 0.667466 0.710967
v 0.043148 0.634813 0.757710
v 0.127812 0.626462 0.748303
v -0.043328 0.637460 0.760870
v -0.085906 0.675851 0.719898
v 0.238688 0.765180 0.497797
v 0.201982 0.742476 0.550461
v 0.281068 0.730005 0.542534
v 0.042263 0.768530 0.568454
v 0.122436 0.755538 0.559279
v 0.080833 0.790478 0.514255
v 0.205139 0.677819 0.642971
v 0.164131 0.718098 0.602739
v 0.125935 0.694675 0.655980
v -0.206714 0.759868 0.563356
v -0.243865 0.781773 0.508592
v -0.128959 0.711355 0.671730
v -0.168664 0.737932 0.619387
v -0.081838 0.800308 0.520650
v -0.125001 0.771368 0.570998
v -0.042619 0.775003 0.573242
v 0.042751 0.706980 0.668125
v 0.000000 0.743420 0.622102
v -0.043086 0.712523 0.673363
v 0.489774 0.842150 0.000000
v 0.462068 0.838185 0.065034
v 0.526231 0.808585 0.065092
v 0.325595 0.879912 0.064648
v 0.394220 0.861429 0.064904
v 0.353692 0.887715 0.000000
v 0.467508 0.795732 0.189618
v 0.432895 0.831623 0.128604
v 0.403351 0.823277 0.189884
v 0.042348 0.926021 0.065258
v 0.114007 0.926641 0.065617
v 0.072116 0.941422 0.000000
v 0.194930 0.883929 0.191995
v 0.155377 0.908531 0.130117
v 0.124720 0.894031 0.192191
v 0.214817 0.922772 0.000000
v 0.185437 0.916889 0.065496
v 0.254448 0.899767 0.065223
v 0.349627 0.764366 0.430117
v 0.311832 0.797567 0.372515
v 0.280133 0.786712 0.431681
v 0.372144 0.814752 0.252614
v 0.342250 0.805919 0.312168
v 0.408883 0.780459 0.309779
v 0.202752 0.842388 0.312438
v 0.273025 0.826823 0.313158
v 0.234618 0.854781 0.253913
v 0.295995 0.875492 0.128898
v 0.265569 0.867614 0.192526
v 0.335686 0.847634 0.191843
v -0.205595 0.815023 0.448710
v -0.042714 0.827912 0.457249
v -0.123905 0.823166 0.454145
v -0.164842 0.838167 0.384310
v -0.124821 0.859990 0.321724
v 0.201901 0.800380 0.440648
v 0.123874 0.853466 0.319283
v 0.163165 0.829638 0.380400
v 0.122351 0.812843 0.448449
v 0.042546 0.824665 0.455456
v 0.000000 0.911047 0.129206
v -0.082628 0.881180 0.256371
v -0.041787 0.897135 0.193306
v 0.041741 0.896150 0.193094
v 0.082144 0.876020 0.254869
v 0.000000 0.845551 0.389571
v 0.041616 0.858425 0.320651
v -0.041794 0.862084 0.322018
v -0.466230 0.845735 -0.065619
v -0.526208 0.808550 -0.065089
v -0.332406 0.898319 -0.066001
v -0.401531 0.877402 -0.066107
v -0.482656 0.821515 -0.195762
v -0.444682 0.854266 -0.132105
v -0.421581 0.860485 -0.198466
v -0.043327 0.947431 -0.066767
v -0.115945 0.942394 -0.066733
v -0.205310 0.931002 -0.202220
v -0.160611 0.939137 -0.134500
v -0.130719 0.937037 -0.201436
v -0.188326 0.931176 -0.066516
v -0.258828 0.915255 -0.066345
v -0.364008 0.795808 -0.447809
v -0.327231 0.836952 -0.390910
v -0.291127 0.817588 -0.448623
v -0.392524 0.859371 -0.266448
v -0.361248 0.850655 -0.329496
v -0.430598 0.821908 -0.326231
v -0.215815 0.896658 -0.332567
v -0.289002 0.875210 -0.331485
v -0.249926 0.910552 -0.270480
v -0.308243 0.911721 -0.134232
v -0.280574 0.916638 -0.203405
v -0.353646 0.892984 -0.202107
v 0.539842 0.829499 -0.066775
v 0.474724 0.861144 -0.066815
v 0.431507 0.880746 -0.203139
v 0.455075 0.874232 -0.135193
v 0.501535 0.853649 -0.203419
v 0.405802 0.886736 -0.066811
v 0.334433 0.903796 -0.066403
v 0.297383 0.835157 -0.458263
v 0.336271 0.860072 -0.401709
v 0.370625 0.810274 -0.455949
v 0.253033 0.921872 -0.273842
v 0.296642 0.898344 -0.340247
v 0.219105 0.910329 -0.337637
v 0.446100 0.851498 -0.337976
v 0.372052 0.876095 -0.339350
v 0.403159 0.882654 -0.273667
v 0.116480 0.946744 -0.067041
v 0.043433 0.949750 -0.066930
v 0.260157 0.919954 -0.066686
v 0.189217 0.935579 -0.066831
v 0.130505 0.935503 -0.201107
v 0.160557 0.938819 -0.134454
v 0.205709 0.932809 -0.202612
v 0.358338 0.904831 -0.204788
v 0.282798 0.923903 -0.205017
v 0.309762 0.916213 -0.134893
v -0.041715 0.531254 -0.800818
v 0.000000 0.574704 -0.770232
v 0.041768 0.531936 -0.801847
v -0.082925 0.652399 -0.694918
v -0.041795 0.614909 -0.733954
v -0.124767 0.611538 -0.730477
v 0.124630 0.610865 -0.729673
v 0.041729 0.613934 -0.732790
v 0.082889 0.652121 -0.694621
v -0.244925 0.785173 -0.510804
v -0.205562 0.755634 -0.560217
v -0.285735 0.742126 -0.551542
v -0.042109 0.765729 -0.566383
v -0.123715 0.763436 -0.565126
v -0.081786 0.799798 -0.520318
v -0.206301 0.681659 -0.646613
v -0.165570 0.724397 -0.608026
v -0.125104 0.690093 -0.651653
v 0.291196 0.756309 -0.562083
v 0.209191 0.768974 -0.570107
v 0.249946 0.801269 -0.521275
v 0.125546 0.692533 -0.653957
v 0.167252 0.731753 -0.614201
v 0.207549 0.685784 -0.650526
v 0.082480 0.806587 -0.524735
v 0.125143 0.772244 -0.571646
v 0.042235 0.768030 -0.568084
v -0.041909 0.693060 -0.654970
v 0.000000 0.730855 -0.611588
v 0.041918 0.693200 -0.655103
v 0.000000 0.948620 -0.134534
v 0.086913 0.926883 -0.269668
v 0.043762 0.939543 -0.202444
v -0.043859 0.941621 -0.202891
v -0.087306 0.931073 -0.270887
v 0.213146 0.844958 -0.465191
v 0.043688 0.846801 -0.467681
v 0.127550 0.847378 -0.467503
v 0.173732 0.883369 -0.405036
v 0.132145 0.910456 -0.340603
v -0.209046 0.828703 -0.456241
v -0.131989 0.909378 -0.340199
v -0.171377 0.871394 -0.399545
v -0.126095 0.837714 -0.462171
v -0.043488 0.842932 -0.465544
v 0.044313 0.914052 -0.341429
v 0.000000 0.885707 -0.408072
v -0.044381 0.915453 -0.341953
v -0.569042 0.771638 -0.104581
v -0.589805 0.764185 -0.039906
v -0.525412 0.782868 -0.235433
v -0.547066 0.777160 -0.169884
v -0.665278 0.683037 -0.116957
v -0.608316 0.731044 -0.143561
v -0.644092 0.688547 -0.181183
v -0.404248 0.751120 -0.488650
v -0.441655 0.772091 -0.432300
v -0.575802 0.694509 -0.383244
v -0.513510 0.738198 -0.410651
v -0.544852 0.684297 -0.445177
v -0.474441 0.783872 -0.370016
v -0.501533 0.786262 -0.304710
v -0.788146 0.503461 -0.261479
v -0.737951 0.550406 -0.291927
v -0.755543 0.496642 -0.323097
v -0.678546 0.642836 -0.220019
v -0.711008 0.598947 -0.256733
v -0.732798 0.597475 -0.191101
v -0.657434 0.592433 -0.385414
v -0.685940 0.597379 -0.322053
v -0.634242 0.645988 -0.352747
v -0.565203 0.741215 -0.276812
v -0.602061 0.695577 -0.316457
v -0.623813 0.692363 -0.248155
v -0.067058 0.467141 -0.835102
v -0.108937 0.510756 -0.805795
v -0.239301 0.460174 -0.797726
v -0.175124 0.485933 -0.803136
v -0.197940 0.420520 -0.832735
v -0.151218 0.552128 -0.771963
v -0.192196 0.588737 -0.732232
v -0.483452 0.344626 -0.744992
v -0.425091 0.374218 -0.761118
v -0.438156 0.306897 -0.780605
v -0.391072 0.506290 -0.710470
v -0.409182 0.440898 -0.737401
v -0.450362 0.474954 -0.694001
v -0.321362 0.365499 -0.811671
v -0.364920 0.403185 -0.775014
v -0.304707 0.432155 -0.788224
v -0.317139 0.690792 -0.599439
v -0.356850 0.719048 -0.549901
v -0.235378 0.625504 -0.689434
v -0.276500 0.659831 -0.646679
v -0.410195 0.602921 -0.632105
v -0.345059 0.633281 -0.641657
v -0.368793 0.571372 -0.677065
v -0.283142 0.498161 -0.760066
v -0.326704 0.535582 -0.719901
v -0.259707 0.562549 -0.726411
v -0.883171 0.061109 -0.495268
v -0.844886 0.098423 -0.536876
v -0.847699 0.038049 -0.563763
v -0.836804 0.216302 -0.483927
v -0.841039 0.158022 -0.510142
v -0.877480 0.179725 -0.444226
v -0.761989 0.112147 -0.639518
v -0.803300 0.135590 -0.575982
v -0.760834 0.172080 -0.613266
v -0.774567 0.433118 -0.359205
v -0.793544 0.381897 -0.391138
v -0.821157 0.397163 -0.323649
v -0.729246 0.345884 -0.520973
v -0.763914 0.365260 -0.457895
v -0.712940 0.398657 -0.489138
v -0.858342 0.292833 -0.387484
v -0.813185 0.329931 -0.424103
v -0.828317 0.275914 -0.455275
v -0.553793 0.247217 -0.747022
v -0.603629 0.275182 -0.697364
v -0.550038 0.307567 -0.721030
v -0.710851 0.209120 -0.646551
v -0.657836 0.242364 -0.672897
v -0.663336 0.182362 -0.701041
v -0.636885 0.356129 -0.609003
v -0.648122 0.300325 -0.641265
v -0.689303 0.323524 -0.583157
v -0.792757 0.254471 -0.520889
v -0.744149 0.290996 -0.555010
v -0.754805 0.232531 -0.586003
v -0.433104 0.695239 -0.534461
v -0.479238 0.570166 -0.608966
v -0.458405 0.634304 -0.574994
v -0.503550 0.661472 -0.511953
v -0.566125 0.620872 -0.484532
v -0.533832 0.372757 -0.696162
v -0.618960 0.419725 -0.580975
v -0.578605 0.397478 -0.639886
v -0.515358 0.436784 -0.667542
v -0.497956 0.501332 -0.639672
v -0.724876 0.478965 -0.389105
v -0.625528 0.574245 -0.453046
v -0.675488 0.526310 -0.420644
v -0.693527 0.461359 -0.454924
v -0.658896 0.441973 -0.517693
v -0.543181 0.528993 -0.581259
v -0.603977 0.486340 -0.551046
v -0.586334 0.553761 -0.518782
v -0.633788 0.730095 0.000000
v -0.709123 0.649232 -0.077667
v -0.673263 0.690717 -0.039432
v -0.673663 0.691127 0.039455
v -0.710696 0.650672 0.077840
v -0.832326 0.465415 -0.223721
v -0.809486 0.515836 -0.189752
v -0.823351 0.523453 -0.039014
v -0.821105 0.522431 -0.114656
v -0.856672 0.479028 -0.075485
v -0.778890 0.561927 -0.153401
v -0.745424 0.605020 -0.116443
v -0.812839 0.517973 0.190537
v -0.838173 0.468684 0.225293
v -0.747927 0.607052 0.116834
v -0.782139 0.564270 0.154040
v -0.851121 0.475925 0.074995
v -0.816817 0.519703 0.114057
v -0.820480 0.521627 0.038878
v -0.752841 0.611522 -0.039227
v -0.789162 0.567612 0.000000
v -0.750587 0.609691 0.039110
v -0.915308 0.000000 -0.458689
v -0.914247 0.060970 -0.434285
v -0.965793 0.060990 -0.307941
v -0.941943 0.061001 -0.371441
v -0.968138 0.000000 -0.332379
v -0.912394 0.121274 -0.409246
v -0.907836 0.179973 -0.383257
v -1.020737 0.061828 -0.040223
v -1.013181 0.061667 -0.107411
v -1.027839 0.000000 -0.067845
v -0.961108 0.179433 -0.182632
v -0.988844 0.121725 -0.145720
v -0.974480 0.180058 -0.117139
v -1.002653 0.000000 -0.201127
v -1.000506 0.061429 -0.174359
v -0.985066 0.061375 -0.240038
v -0.868595 0.348699 -0.292628
v -0.852133 0.401895 -0.261457
v -0.898486 0.239442 -0.353624
v -0.884829 0.294587 -0.323785
v -0.923621 0.294445 -0.191555
v -0.906420 0.295080 -0.257908
v -0.933966 0.238462 -0.220893
v -0.957149 0.121124 -0.278840
v -0.945866 0.180406 -0.249474
v -0.929054 0.180732 -0.317038
v -0.926117 0.061762 0.439923
v -0.919167 0.000000 0.460623
v -0.919079 0.182202 0.388003
v -0.924735 0.122914 0.414781
v -0.991409 0.000000 0.340368
v -0.961613 0.062274 0.379197
v -0.990872 0.062574 0.315937
v -0.864742 0.407842 0.265326
v -0.883417 0.354650 0.297622
v -0.960629 0.245269 0.227199
v -0.922329 0.300259 0.262434
v -0.939359 0.299462 0.194818
v -0.899018 0.299311 0.328977
v -0.910345 0.242603 0.358292
v -1.035868 0.000000 0.068375
v -1.031764 0.062798 0.109381
v -1.026554 0.062180 0.040452
v -1.016925 0.063360 0.247801
v -1.031610 0.063339 0.179779
v -1.038205 0.000000 0.208259
v -1.003356 0.185393 0.120610
v -1.019092 0.125448 0.150178
v -0.994693 0.185703 0.189014
v -0.951174 0.185035 0.324586
v -0.976979 0.186340 0.257680
v -0.985840 0.124755 0.287199
v -0.875297 0.414199 -0.190258
v -0.938682 0.301832 -0.117397
v -0.911131 0.359079 -0.154406
v -0.889480 0.421795 -0.115368
v -0.893102 0.423963 -0.039703
v -1.010831 0.123219 0.000000
v -0.980390 0.245166 0.079215
v -1.000355 0.185267 0.040150
v -0.989422 0.183243 -0.039711
v -0.963963 0.241058 -0.077887
v -0.874542 0.413841 0.190094
v -0.890821 0.422880 0.039602
v -0.883443 0.418932 0.114584
v -0.912356 0.359562 0.154613
v -0.948875 0.305110 0.118672
v -0.950619 0.305207 -0.039711
v -0.953452 0.306117 0.039830
v -0.925567 0.366533 0.000000
v 0.567915 0.770110 0.104374
v 0.594643 0.770453 0.040233
v 0.512156 0.763117 0.229493
v 0.540558 0.767915 0.167863
v 0.677510 0.695596 0.119107
v 0.609621 0.732613 0.143869
v 0.653468 0.698570 0.183820
v 0.391519 0.727468 0.473263
v 0.423521 0.740390 0.414551
v 0.569853 0.687332 0.379284
v 0.497281 0.714869 0.397673
v 0.537863 0.675519 0.439467
v 0.453613 0.749460 0.353773
v 0.482460 0.756361 0.293122
v 0.826739 0.528114 0.274283
v 0.770321 0.574550 0.304733
v 0.796800 0.523762 0.340740
v 0.697531 0.660821 0.226175
v 0.736666 0.620561 0.265997
v 0.762115 0.621378 0.198747
v 0.677712 0.610706 0.397302
v 0.708675 0.617178 0.332727
v 0.642919 0.654826 0.357573
v 0.557249 0.730784 0.272917
v 0.601265 0.694658 0.316038
v 0.628942 0.698056 0.250195
v 0.069910 0.487006 0.870615
v 0.112978 0.529703 0.835687
v 0.249470 0.479730 0.831625
v 0.182130 0.505376 0.835270
v 0.206554 0.438822 0.868977
v 0.155823 0.568943 0.795472
v 0.195993 0.600368 0.746698
v 0.510092 0.363616 0.786044
v 0.448861 0.395143 0.803677
v 0.469109 0.328577 0.835749
v 0.400308 0.518248 0.727250
v 0.425714 0.458711 0.767194
v 0.463416 0.488721 0.714117
v 0.341351 0.388234 0.862158
v 0.385361 0.425769 0.818425
v 0.319927 0.453741 0.827595
v 0.314750 0.685589 0.594925
v 0.351124 0.707509 0.541076
v 0.236094 0.627405 0.691530
v 0.274903 0.656020 0.642943
v 0.413795 0.608212 0.637652
v 0.345266 0.633661 0.642041
v 0.372629 0.577316 0.684109
v 0.293549 0.516469 0.788000
v 0.333793 0.547204 0.735523
v 0.264929 0.573861 0.741018
v 0.899814 0.062260 0.504601
v 0.866005 0.100883 0.550296
v 0.855205 0.038386 0.568755
v 0.872160 0.225440 0.504373
v 0.871910 0.163822 0.528866
v 0.912767 0.186952 0.462090
v 0.777391 0.114414 0.652444
v 0.827673 0.139704 0.593458
v 0.783303 0.177162 0.631378
v 0.821607 0.459421 0.381020
v 0.841003 0.404737 0.414531
v 0.867825 0.419735 0.342043
v 0.772184 0.366249 0.551648
v 0.810197 0.387390 0.485637
v 0.760706 0.425367 0.521910
v 0.901965 0.307716 0.407177
v 0.857909 0.348077 0.447428
v 0.867381 0.288927 0.476746
v 0.584386 0.260873 0.788289
v 0.635669 0.289788 0.734379
v 0.579784 0.324200 0.760023
v 0.735182 0.216278 0.668682
v 0.687665 0.253354 0.703410
v 0.686346 0.188688 0.725359
v 0.675650 0.377805 0.646070
v 0.682195 0.316114 0.674978
v 0.727406 0.341408 0.615393
v 0.827430 0.265601 0.543671
v 0.778575 0.304458 0.580686
v 0.782994 0.241215 0.607888
v 0.425580 0.683161 0.525176
v 0.488172 0.580795 0.620319
v 0.459492 0.635807 0.576357
v 0.499874 0.656644 0.508216
v 0.571477 0.626741 0.489113
v 0.560104 0.391102 0.730422
v 0.658136 0.446291 0.617747
v 0.609784 0.418897 0.674368
v 0.536902 0.455043 0.695447
v 0.512976 0.516454 0.658966
v 0.768251 0.507625 0.412388
v 0.644799 0.591936 0.467003
v 0.709261 0.552625 0.441675
v 0.738408 0.491216 0.484364
v 0.702471 0.471203 0.551930
v 0.561495 0.546828 0.600857
v 0.634771 0.511137 0.579141
v 0.604224 0.570658 0.534611
v -0.070529 0.431796 0.911286
v 0.000000 0.450359 0.900937
v -0.211380 0.386905 0.918775
v -0.141536 0.410527 0.917546
v 0.000000 0.327363 0.955918
v -0.070671 0.369876 0.940326
v -0.070775 0.307148 0.965721
v -0.471389 0.263588 0.861230
v -0.412311 0.297405 0.884985
v -0.285070 0.226972 0.962075
v -0.349928 0.262882 0.926220
v -0.348075 0.194634 0.940822
v -0.349757 0.330420 0.905225
v -0.283270 0.359583 0.915915
v 0.000000 0.066424 1.008834
v -0.071172 0.106554 1.007610
v -0.071194 0.039810 1.012783
v -0.071394 0.239997 0.987368
v -0.071258 0.173846 1.000063
v 0.000000 0.198312 0.991099
v -0.213915 0.119615 0.997576
v -0.143365 0.147517 1.003547
v -0.214580 0.187725 0.990384
v -0.214721 0.323749 0.951099
v -0.215796 0.256492 0.974914
v -0.143038 0.283030 0.973966
v -0.841765 -0.037782 0.559817
v -0.807172 0.000000 0.603777
v -0.724024 -0.074447 0.681428
v -0.766421 -0.037607 0.643720
v -0.764048 -0.112450 0.641246
v -0.770622 0.037813 0.647249
v -0.728210 0.074878 0.685368
v -0.539586 -0.222938 0.831494
v -0.591417 -0.186993 0.799717
v -0.580627 -0.259195 0.783219
v -0.594128 -0.038061 0.805253
v -0.595627 -0.112357 0.806657
v -0.548805 -0.074331 0.845700
v -0.680808 -0.187166 0.719506
v -0.639029 -0.149943 0.763241
v -0.681782 -0.112784 0.723809
v -0.588315 0.186012 0.795523
v -0.537999 0.222283 0.829049
v -0.680544 0.112579 0.722495
v -0.635418 0.149096 0.758929
v -0.542636 0.073496 0.836194
v -0.588585 0.111028 0.797120
v -0.590893 0.037854 0.800869
v -0.681902 -0.037597 0.723366
v -0.638039 0.000000 0.764375
v -0.682063 0.037606 0.723537
v 0.000000 -0.456481 0.913184
v -0.070685 -0.432754 0.913307
v -0.070764 -0.492955 0.881251
v -0.071455 -0.310098 0.974995
v -0.071153 -0.372398 0.946738
v 0.000000 -0.335114 0.978551
v -0.208424 -0.442793 0.876841
v -0.140596 -0.407800 0.911450
v -0.208979 -0.382509 0.908336
v -0.071510 -0.039987 1.017286
v -0.071800 -0.107493 1.016494
v 0.000000 -0.067179 1.020306
v -0.211865 -0.185350 0.977855
v -0.143035 -0.147177 1.001235
v -0.212371 -0.118752 0.990377
v 0.000000 -0.203086 1.014958
v -0.071875 -0.175351 1.008720
v -0.071939 -0.241831 0.994913
v -0.468925 -0.328448 0.835422
v -0.407139 -0.293674 0.873885
v -0.469746 -0.262670 0.858229
v -0.279432 -0.354711 0.903506
v -0.344133 -0.325108 0.890670
v -0.343067 -0.390185 0.866490
v -0.345222 -0.193039 0.933111
v -0.344568 -0.258856 0.912033
v -0.281186 -0.223880 0.948967
v -0.142019 -0.281014 0.967026
v -0.212326 -0.252369 0.959240
v -0.211586 -0.319022 0.937211
v -0.477530 0.188535 0.869545
v -0.487394 0.039232 0.884705
v -0.482234 0.113370 0.876270
v -0.416377 0.153893 0.910379
v -0.354123 0.118386 0.948968
v -0.481149 -0.189964 0.876135
v -0.354428 -0.118488 0.949785
v -0.418098 -0.154529 0.914143
v -0.488665 -0.114882 0.887956
v -0.489975 -0.039440 0.889391
v -0.142792 0.000000 1.009374
v -0.284022 0.078878 0.978668
v -0.214143 0.039888 0.996329
v -0.213803 -0.039825 0.994747
v -0.283106 -0.078624 0.975513
v -0.425925 0.000000 0.926772
v -0.356424 -0.039861 0.956587
v -0.356006 0.039814 0.955464
v -0.931644 -0.062131 0.442549
v -0.888678 -0.061490 0.498356
v -1.003600 -0.063378 0.319995
v -0.971288 -0.062901 0.383012
v -0.905494 -0.185463 0.458408
v -0.939728 -0.124907 0.421506
v -0.943825 -0.187108 0.398450
v -1.033610 -0.062608 0.040730
v -1.039256 -0.063254 0.110176
v -1.030055 -0.192305 0.195734
v -1.039297 -0.127935 0.153155
v -1.029736 -0.190268 0.123781
v -1.042900 -0.064032 0.181747
v -1.030460 -0.064203 0.251099
v -0.893610 -0.432206 0.352206
v -0.936529 -0.375972 0.315515
v -0.922582 -0.435121 0.283073
v -0.946219 -0.252163 0.372411
v -0.944524 -0.314462 0.345629
v -0.909375 -0.310244 0.410522
v -0.995414 -0.317332 0.206444
v -0.975236 -0.317482 0.277488
v -1.007218 -0.257165 0.238218
v -1.011523 -0.128005 0.294681
v -1.012787 -0.193170 0.267124
v -0.981688 -0.190971 0.334999
v -0.901906 -0.062405 -0.505774
v -0.930348 -0.062044 -0.441933
v -0.933399 -0.185041 -0.394049
v -0.938295 -0.124717 -0.420863
v -0.907880 -0.185951 -0.459616
v -0.956316 -0.061931 -0.377108
v -0.978896 -0.061818 -0.312119
v -0.865656 -0.408273 -0.265607
v -0.887060 -0.356112 -0.298849
v -0.837244 -0.404944 -0.329989
v -0.955104 -0.243859 -0.225893
v -0.928034 -0.302116 -0.264057
v -0.942034 -0.300315 -0.195373
v -0.877141 -0.299247 -0.395970
v -0.906193 -0.301700 -0.331603
v -0.920091 -0.245200 -0.362127
v -1.019908 -0.062076 -0.108125
v -1.030032 -0.062391 -0.040589
v -0.994196 -0.061944 -0.242262
v -1.005727 -0.061750 -0.175269
v -0.989076 -0.182755 -0.118893
v -0.999449 -0.123030 -0.147283
v -0.976559 -0.182318 -0.185568
v -0.953047 -0.185400 -0.325225
v -0.966728 -0.184385 -0.254976
v -0.976697 -0.123598 -0.284535
v -0.609139 -0.789235 0.041214
v -0.657687 -0.757625 0.000000
v -0.606920 -0.786360 -0.041064
v -0.755775 -0.691943 0.082777
v -0.706971 -0.725299 0.041406
v -0.707608 -0.726497 0.124399
v -0.697729 -0.716354 -0.122662
v -0.704025 -0.722277 -0.041233
v -0.746711 -0.683645 -0.081784
v -0.895983 -0.501010 0.240831
v -0.866789 -0.552352 0.203184
v -0.853864 -0.545441 0.283282
v -0.867074 -0.551250 0.041086
v -0.869034 -0.552926 0.121348
v -0.894867 -0.500386 0.078850
v -0.794053 -0.647418 0.207076
v -0.835498 -0.602767 0.164550
v -0.800981 -0.650113 0.125121
v -0.807511 -0.515831 -0.267904
v -0.834639 -0.531865 -0.195648
v -0.846886 -0.473556 -0.227635
v -0.786603 -0.638443 -0.122875
v -0.815989 -0.588691 -0.160707
v -0.767260 -0.625572 -0.200088
v -0.886718 -0.495830 -0.078132
v -0.856624 -0.545030 -0.119615
v -0.865862 -0.550480 -0.041029
v -0.799723 -0.649603 0.041670
v -0.836594 -0.601728 0.000000
v -0.795430 -0.646116 -0.041446
v -1.026889 -0.125176 0.000000
v -0.979490 -0.244941 -0.079142
v -1.008126 -0.186707 -0.040462
v -1.018625 -0.188651 0.040883
v -1.008664 -0.252236 0.081499
v -0.887094 -0.419781 -0.192822
v -0.915541 -0.434615 -0.040701
v -0.905362 -0.429326 -0.117427
v -0.923893 -0.364109 -0.156568
v -0.951748 -0.306034 -0.119031
v -0.935730 -0.442796 0.203394
v -0.994346 -0.319731 0.124358
v -0.969191 -0.381961 0.164245
v -0.931852 -0.441887 0.120863
v -0.922738 -0.438031 0.041021
v -0.966977 -0.310459 -0.040395
v -0.947749 -0.375317 0.000000
v -0.980146 -0.314687 0.040945
v -0.820497 0.000000 -0.613743
v -0.860563 -0.038626 -0.572318
v -0.729077 0.074967 -0.686184
v -0.775834 0.038069 -0.651626
v -0.787379 -0.115884 -0.660827
v -0.786864 -0.038610 -0.660890
v -0.746080 -0.076715 -0.702187
v -0.510470 0.210909 -0.786627
v -0.568579 0.179772 -0.768836
v -0.590311 0.037817 -0.800079
v -0.581223 0.109639 -0.787150
v -0.536487 0.072663 -0.826718
v -0.624353 0.146499 -0.745712
v -0.676753 0.111952 -0.718470
v -0.577178 -0.257656 -0.778567
v -0.588351 -0.186024 -0.795571
v -0.529263 -0.218673 -0.815586
v -0.695547 -0.115061 -0.738422
v -0.643796 -0.151062 -0.768936
v -0.688339 -0.189236 -0.727465
v -0.545600 -0.073897 -0.840761
v -0.594539 -0.112151 -0.805184
v -0.595146 -0.038127 -0.806633
v -0.688163 0.037942 -0.730008
v -0.642060 0.000000 -0.769192
v -0.695408 -0.038342 -0.737693
v 0.000000 0.430708 -0.861625
v -0.067076 0.410657 -0.866674
v -0.068424 0.296944 -0.933639
v -0.067720 0.354428 -0.901053
v 0.000000 0.318572 -0.930246
v -0.133858 0.388257 -0.867771
v -0.198913 0.364084 -0.864584
v -0.072123 0.040329 -1.026008
v -0.071133 0.106495 -1.007058
v 0.000000 0.067595 -1.026628
v -0.205286 0.179594 -0.947488
v -0.140125 0.144183 -0.980866
v -0.207877 0.116239 -0.969421
v 0.000000 0.196546 -0.982274
v -0.070043 0.170880 -0.983004
v -0.069410 0.233329 -0.959933
v -0.383462 0.276595 -0.823063
v -0.441005 0.246598 -0.805719
v -0.264166 0.335333 -0.854146
v -0.324392 0.306458 -0.839577
v -0.329712 0.184366 -0.891190
v -0.327606 0.246113 -0.867137
v -0.268778 0.214000 -0.907090
v -0.137086 0.271252 -0.933436
v -0.204351 0.242889 -0.923209
v -0.202299 0.305020 -0.896076
v -0.069394 -0.483413 -0.864191
v -0.069299 -0.424267 -0.895396
v 0.000000 -0.446637 -0.893492
v -0.204524 -0.374356 -0.888974
v -0.137965 -0.400169 -0.894395
v -0.204109 -0.433626 -0.858689
v 0.000000 -0.327226 -0.955515
v -0.069759 -0.365102 -0.928189
v -0.070259 -0.304907 -0.958674
v -0.457206 -0.255658 -0.835319
v -0.397530 -0.286743 -0.853260
v -0.456067 -0.319442 -0.812514
v -0.278193 -0.221496 -0.938864
v -0.338415 -0.254233 -0.895745
v -0.339632 -0.189913 -0.918002
v -0.332706 -0.378401 -0.840322
v -0.335585 -0.317032 -0.868546
v -0.272070 -0.345366 -0.879702
v 0.000000 -0.067808 -1.029859
v -0.071871 -0.107599 -1.017498
v -0.072307 -0.040432 -1.028618
v -0.071198 -0.239338 -0.984656
v -0.071421 -0.174243 -1.002346
v 0.000000 -0.200911 -1.004088
v -0.211203 -0.118099 -0.984931
v -0.142343 -0.146466 -0.996395
v -0.210496 -0.184152 -0.971537
v -0.208089 -0.313749 -0.921721
v -0.210558 -0.250266 -0.951249
v -0.140531 -0.278069 -0.956894
v -0.455895 0.179993 -0.830149
v -0.340231 0.113743 -0.911743
v -0.399626 0.147701 -0.873755
v -0.469109 0.110284 -0.852421
v -0.478808 0.038541 -0.869121
v -0.143879 0.000000 -1.017054
v -0.279384 -0.077590 -0.962687
v -0.213739 -0.039813 -0.994450
v -0.212733 0.039625 -0.989770
v -0.276456 0.076776 -0.952596
v -0.468660 -0.185033 -0.853393
v -0.482671 -0.038852 -0.876133
v -0.479053 -0.112622 -0.870489
v -0.407769 -0.150711 -0.891558
v -0.346200 -0.115738 -0.927737
v -0.346418 0.038742 -0.929731
v -0.347835 -0.038900 -0.933534
v -0.415622 0.000000 -0.904355
v 0.109670 0.514190 -0.811213
v 0.067443 0.469819 -0.839891
v 0.193170 0.591721 -0.735943
v 0.151986 0.554932 -0.775883
v 0.203128 0.431542 -0.854561
v 0.178260 0.494636 -0.817521
v 0.245542 0.472176 -0.818531
v 0.362907 0.731252 -0.559234
v 0.321444 0.700168 -0.607576
v 0.371803 0.576036 -0.682592
v 0.348130 0.638919 -0.647368
v 0.416406 0.612049 -0.641675
v 0.278435 0.664449 -0.651204
v 0.236499 0.628482 -0.692717
v 0.461238 0.323064 -0.821727
v 0.441781 0.388910 -0.791001
v 0.504330 0.359509 -0.777164
v 0.313149 0.444129 -0.810062
v 0.376973 0.416502 -0.800611
v 0.334023 0.379898 -0.843648
v 0.460464 0.485608 -0.709568
v 0.419359 0.451863 -0.755741
v 0.395736 0.512328 -0.718943
v 0.262779 0.569204 -0.735004
v 0.330050 0.541067 -0.727273
v 0.288543 0.507663 -0.774563
v 0.605038 0.783922 -0.040937
v 0.592824 0.803887 -0.108951
v 0.689047 0.736605 -0.193828
v 0.644287 0.774272 -0.152050
v 0.706275 0.725128 -0.124164
v 0.575219 0.817154 -0.178627
v 0.553264 0.824368 -0.247913
v 0.797506 0.524226 -0.341042
v 0.779061 0.581069 -0.308190
v 0.829584 0.529931 -0.275227
v 0.670015 0.682423 -0.372643
v 0.728013 0.634021 -0.341807
v 0.694465 0.625802 -0.407123
v 0.779316 0.635403 -0.203232
v 0.756174 0.636994 -0.273042
v 0.726550 0.688313 -0.235584
v 0.451137 0.788669 -0.441582
v 0.410773 0.763244 -0.496538
v 0.525259 0.823457 -0.319125
v 0.490914 0.811089 -0.382864
v 0.561917 0.705729 -0.459121
v 0.528793 0.760169 -0.422873
v 0.600464 0.724255 -0.399659
v 0.666709 0.739973 -0.265219
v 0.637703 0.736755 -0.335191
v 0.599136 0.785715 -0.293431
v 0.844319 0.037897 -0.561515
v 0.847548 0.098733 -0.538567
v 0.880897 0.060951 -0.493993
v 0.766813 0.173432 -0.618086
v 0.809876 0.136700 -0.580696
v 0.767045 0.112891 -0.643761
v 0.875746 0.179370 -0.443348
v 0.845146 0.158793 -0.512632
v 0.840299 0.217205 -0.485948
v 0.572671 0.320223 -0.750699
v 0.625163 0.284998 -0.722241
v 0.575230 0.256786 -0.775938
v 0.711723 0.334047 -0.602125
v 0.671414 0.311118 -0.664311
v 0.663135 0.370808 -0.634104
v 0.674928 0.185549 -0.713291
v 0.674490 0.248500 -0.689933
v 0.720051 0.211827 -0.654919
v 0.855308 0.413681 -0.337109
v 0.817270 0.393315 -0.402833
v 0.811762 0.453916 -0.376454
v 0.831578 0.277000 -0.457067
v 0.822823 0.333841 -0.429129
v 0.861953 0.294065 -0.389114
v 0.745062 0.416619 -0.511177
v 0.784267 0.374992 -0.470094
v 0.750084 0.355767 -0.535859
v 0.763831 0.235312 -0.593011
v 0.756417 0.295793 -0.564159
v 0.799722 0.256707 -0.525465
v 0.441962 0.709458 -0.545392
v 0.587819 0.644663 -0.503100
v 0.518647 0.681305 -0.527302
v 0.470162 0.650572 -0.589741
v 0.492305 0.585712 -0.625571
v 0.765981 0.506125 -0.411170
v 0.694702 0.465991 -0.545825
v 0.732720 0.487432 -0.480633
v 0.715962 0.557846 -0.445848
v 0.657113 0.603240 -0.475921
v 0.555725 0.388044 -0.724711
v 0.512721 0.516197 -0.658639
v 0.534591 0.453085 -0.692454
v 0.602187 0.413678 -0.665966
v 0.647138 0.438834 -0.607424
v 0.612306 0.578291 -0.541762
v 0.632074 0.508965 -0.576681
v 0.563580 0.548859 -0.603088
v 0.623067 -0.807281 0.042157
v 0.601578 -0.815757 0.110560
v 0.550086 -0.845241 0.068043
v 0.691490 -0.739216 0.194516
v 0.648495 -0.779329 0.153043
v 0.717168 -0.736312 0.126079
v 0.500489 -0.851868 0.202995
v 0.577416 -0.820274 0.179309
v 0.549770 -0.819162 0.246347
v 0.833817 -0.548094 0.356569
v 0.809579 -0.603831 0.320263
v 0.861231 -0.550147 0.285727
v 0.675426 -0.687935 0.375653
v 0.746880 -0.650451 0.350665
v 0.711617 -0.641258 0.417178
v 0.802317 -0.654156 0.209231
v 0.776345 -0.653986 0.280325
v 0.735780 -0.697057 0.238577
v 0.374915 -0.819653 0.461227
v 0.450787 -0.788056 0.441240
v 0.418405 -0.777425 0.505763
v 0.517787 -0.811743 0.314585
v 0.483960 -0.799600 0.377441
v 0.439958 -0.839775 0.333323
v 0.563252 -0.707406 0.460211
v 0.524350 -0.753782 0.419320
v 0.598201 -0.721525 0.398152
v 0.664476 -0.737495 0.264330
v 0.633941 -0.732409 0.333213
v 0.593200 -0.777931 0.290524
v 0.850353 -0.038168 0.565528
v 0.857166 -0.099853 0.544679
v 0.897848 -0.062124 0.503499
v 0.765777 -0.173198 0.617251
v 0.812139 -0.137082 0.582319
v 0.762734 -0.112257 0.640143
v 0.907641 -0.185902 0.459495
v 0.861826 -0.161927 0.522750
v 0.863089 -0.223096 0.499128
v 0.570352 -0.318926 0.747659
v 0.619998 -0.282644 0.716275
v 0.567389 -0.253286 0.765362
v 0.720102 -0.337980 0.609214
v 0.670826 -0.310846 0.663730
v 0.669321 -0.374267 0.640019
v 0.664065 -0.182563 0.701811
v 0.668722 -0.246375 0.684033
v 0.716317 -0.210729 0.651523
v 0.896354 -0.433533 0.353287
v 0.861845 -0.414767 0.424804
v 0.854984 -0.478084 0.396498
v 0.861134 -0.286846 0.473313
v 0.860247 -0.349026 0.448648
v 0.904181 -0.308472 0.408177
v 0.768698 -0.429835 0.527393
v 0.816801 -0.390548 0.489595
v 0.769917 -0.365174 0.550028
v 0.769263 -0.236985 0.597228
v 0.770546 -0.301318 0.574697
v 0.817583 -0.262440 0.537201
v 0.044355 -0.564878 0.851504
v 0.115846 -0.543148 0.856900
v 0.071756 -0.499866 0.893604
v 0.203142 -0.622266 0.773934
v 0.159726 -0.583193 0.815396
v 0.131887 -0.646436 0.772163
v 0.213320 -0.453196 0.897441
v 0.187087 -0.519130 0.858004
v 0.256266 -0.492798 0.854279
v 0.376271 -0.758181 0.579828
v 0.336189 -0.732287 0.635447
v 0.301819 -0.783899 0.582587
v 0.392537 -0.608160 0.720658
v 0.366600 -0.672816 0.681715
v 0.435238 -0.639729 0.670694
v 0.218951 -0.723457 0.686263
v 0.293117 -0.699487 0.685544
v 0.249349 -0.662630 0.730354
v 0.462064 -0.323642 0.823198
v 0.450253 -0.396369 0.806170
v 0.507426 -0.361716 0.781935
v 0.326260 -0.462724 0.843979
v 0.390004 -0.430899 0.828286
v 0.345251 -0.392668 0.872006
v 0.478381 -0.504504 0.737179
v 0.434410 -0.468081 0.782865
v 0.416280 -0.538925 0.756266
v 0.275864 -0.597548 0.771604
v 0.347803 -0.570171 0.766394
v 0.301773 -0.530939 0.810077
v 0.802851 -0.530487 0.430961
v 0.712339 -0.477822 0.559683
v 0.759366 -0.505158 0.498112
v 0.740677 -0.577103 0.461239
v 0.671951 -0.616862 0.486668
v 0.560377 -0.391293 0.730778
v 0.530532 -0.534128 0.681518
v 0.546763 -0.463401 0.708220
v 0.610535 -0.419413 0.675199
v 0.659931 -0.447509 0.619432
v 0.453646 -0.728214 0.559810
v 0.596385 -0.654058 0.510431
v 0.525787 -0.690683 0.534561
v 0.483538 -0.669081 0.606520
v 0.507924 -0.604295 0.645418
v 0.647951 -0.521750 0.591166
v 0.579380 -0.564246 0.619995
v 0.626609 -0.591799 0.554417
v 0.480834 -0.872227 0.067675
v 0.503415 -0.865606 0.000000
v 0.429556 -0.876765 0.202221
v 0.456121 -0.876241 0.135503
v 0.362159 -0.908966 0.000000
v 0.409839 -0.895557 0.067475
v 0.337881 -0.913114 0.067088
v 0.302313 -0.849001 0.465860
v 0.335565 -0.858268 0.400866
v 0.250736 -0.913506 0.271357
v 0.293231 -0.888014 0.336335
v 0.218582 -0.908157 0.336832
v 0.367200 -0.864670 0.334925
v 0.398264 -0.871937 0.270344
v 0.072362 -0.944641 0.000000
v 0.116134 -0.943935 0.066842
v 0.043256 -0.945870 0.066657
v 0.261886 -0.926069 0.067129
v 0.189414 -0.936552 0.066900
v 0.216931 -0.931850 0.000000
v 0.130421 -0.934896 0.200976
v 0.160488 -0.938416 0.134397
v 0.205211 -0.930551 0.202121
v 0.355616 -0.897959 0.203233
v 0.281025 -0.918110 0.203732
v 0.310078 -0.917149 0.135031
v -0.044102 -0.561664 0.846659
v 0.000000 -0.611060 0.818957
v -0.087459 -0.688070 0.732913
v -0.044394 -0.653140 0.779586
v -0.131375 -0.643925 0.769162
v 0.044528 -0.655106 0.781932
v 0.088289 -0.694601 0.739870
v -0.250638 -0.803488 0.522719
v -0.212465 -0.781008 0.579029
v -0.292900 -0.760734 0.565372
v -0.044438 -0.808095 0.597719
v -0.129097 -0.796646 0.589709
v -0.085750 -0.838564 0.545538
v -0.214601 -0.709084 0.672629
v -0.171818 -0.751732 0.630970
v -0.130528 -0.720014 0.679907
v 0.218321 -0.802535 0.594989
v 0.258177 -0.827656 0.538442
v 0.133266 -0.735115 0.694168
v 0.176246 -0.771103 0.647229
v 0.087204 -0.852781 0.554787
v 0.132124 -0.815327 0.603538
v 0.044918 -0.816817 0.604170
v -0.044202 -0.730974 0.690801
v 0.000000 -0.774780 0.648344
v 0.044600 -0.737554 0.697019
v -0.490239 -0.842950 0.000000
v -0.468991 -0.850743 0.066008
v -0.537840 -0.826424 0.066528
v -0.328773 -0.888500 0.065279
v -0.397824 -0.869304 0.065497
v -0.351205 -0.881474 0.000000
v -0.489804 -0.833682 0.198661
v -0.445592 -0.856014 0.132375
v -0.420831 -0.858956 0.198113
v -0.043034 -0.941011 0.066314
v -0.114967 -0.934445 0.066170
v -0.071655 -0.935413 0.000000
v -0.201608 -0.914211 0.198573
v -0.158502 -0.926803 0.132733
v -0.129050 -0.925070 0.198864
v -0.213347 -0.916458 0.000000
v -0.186651 -0.922892 0.065925
v -0.256601 -0.907379 0.065774
v -0.365230 -0.798478 0.449312
v -0.327496 -0.837631 0.391227
v -0.293386 -0.823932 0.452104
v -0.391697 -0.857561 0.265887
v -0.361007 -0.850087 0.329276
v -0.434131 -0.828651 0.328908
v -0.213618 -0.887534 0.329183
v -0.286801 -0.868542 0.328960
v -0.245389 -0.894025 0.265570
v -0.302931 -0.896009 0.131919
v -0.274836 -0.897892 0.199245
v -0.348557 -0.880133 0.199198
v 0.219598 -0.870535 0.479272
v 0.045758 -0.886924 0.489841
v 0.132982 -0.883469 0.487414
v 0.176979 -0.899878 0.412605
v 0.133260 -0.918133 0.343475
v -0.213475 -0.846263 0.465909
v -0.131423 -0.905481 0.338742
v -0.173035 -0.879828 0.403412
v -0.130356 -0.866022 0.477789
v -0.045368 -0.879361 0.485664
v 0.000000 -0.940299 0.133354
v 0.087087 -0.928732 0.270206
v 0.043455 -0.932941 0.201021
v -0.043365 -0.931009 0.200605
v -0.086485 -0.922311 0.268337
v 0.000000 -0.908684 0.418659
v -0.044504 -0.917983 0.342898
v 0.044672 -0.921445 0.344191
v 0.480632 -0.871859 -0.067646
v 0.550178 -0.845381 -0.068054
v 0.337884 -0.913124 -0.067088
v 0.409714 -0.895284 -0.067455
v 0.498948 -0.849246 -0.202370
v 0.455801 -0.875627 -0.135409
v 0.428445 -0.874495 -0.201697
v 0.042929 -0.938723 -0.066153
v 0.115649 -0.939988 -0.066562
v 0.200778 -0.910448 -0.197755
v 0.159044 -0.929973 -0.133187
v 0.127955 -0.917224 -0.197177
v 0.188701 -0.933029 -0.066649
v 0.261283 -0.923938 -0.066975
v 0.368266 -0.805115 -0.453047
v 0.326422 -0.834882 -0.389943
v 0.289990 -0.814394 -0.446871
v 0.396295 -0.867627 -0.269008
v 0.362788 -0.854281 -0.330901
v 0.439504 -0.838908 -0.332979
v 0.208799 -0.867512 -0.321757
v 0.284512 -0.861612 -0.326335
v 0.243232 -0.886167 -0.263236
v 0.308435 -0.912289 -0.134316
v 0.276127 -0.902110 -0.200181
v 0.353480 -0.892564 -0.202012
v -0.534226 -0.820871 -0.066081
v -0.466044 -0.845397 -0.065593
v -0.414419 -0.845868 -0.195095
v -0.440095 -0.845455 -0.130743
v -0.481174 -0.818993 -0.195161
v -0.396343 -0.866066 -0.065253
v -0.328201 -0.886956 -0.065166
v -0.286487 -0.804556 -0.441472
v -0.321600 -0.822550 -0.384183
v -0.357843 -0.782328 -0.440224
v -0.239522 -0.872647 -0.259220
v -0.280760 -0.850248 -0.322031
v -0.207003 -0.860050 -0.318989
v -0.424891 -0.811015 -0.321908
v -0.354300 -0.834293 -0.323158
v -0.384730 -0.842306 -0.261157
v -0.113708 -0.924218 -0.065446
v -0.042572 -0.930912 -0.065603
v -0.256226 -0.906054 -0.065678
v -0.185450 -0.916954 -0.065500
v -0.126150 -0.904279 -0.194395
v -0.156121 -0.912883 -0.130740
v -0.197556 -0.895837 -0.194581
v -0.343593 -0.867599 -0.196361
v -0.270695 -0.884362 -0.196243
v -0.300855 -0.889870 -0.131015
v 0.043623 -0.555557 -0.837453
v 0.000000 -0.601955 -0.806754
v -0.043393 -0.552628 -0.833038
v 0.086545 -0.680877 -0.725252
v 0.043859 -0.645272 -0.770195
v 0.130304 -0.638677 -0.762894
v -0.129423 -0.634357 -0.757734
v -0.043834 -0.644900 -0.769751
v -0.086589 -0.681223 -0.725621
v 0.246723 -0.790935 -0.514552
v 0.209367 -0.769623 -0.570588
v 0.293125 -0.761319 -0.565806
v 0.043066 -0.783142 -0.579262
v 0.125660 -0.775437 -0.574009
v 0.082066 -0.802534 -0.522098
v 0.213853 -0.706611 -0.670282
v 0.169667 -0.742321 -0.623071
v 0.129202 -0.712698 -0.672998
v -0.285005 -0.740228 -0.550132
v -0.206760 -0.760039 -0.563483
v -0.242825 -0.778439 -0.506423
v -0.129704 -0.715468 -0.675615
v -0.169508 -0.741625 -0.622487
v -0.211350 -0.698343 -0.662439
v -0.082216 -0.804007 -0.523056
v -0.125897 -0.776901 -0.575093
v -0.043126 -0.784226 -0.580064
v 0.043679 -0.722335 -0.682636
v 0.000000 -0.758551 -0.634764
v -0.043785 -0.724091 -0.684296
v 0.000000 -0.928441 -0.131672
v -0.083745 -0.893099 -0.259838
v -0.042572 -0.913990 -0.196938
v 0.042866 -0.920308 -0.198299
v 0.084399 -0.900066 -0.261865
v -0.205826 -0.815941 -0.449215
v -0.042866 -0.830876 -0.458886
v -0.124150 -0.824792 -0.455042
v -0.165736 -0.842715 -0.386395
v -0.125767 -0.866513 -0.324164
v 0.206241 -0.817584 -0.450120
v 0.126489 -0.871483 -0.326023
v 0.165918 -0.843639 -0.386819
v 0.123766 -0.822241 -0.453634
v 0.042758 -0.828773 -0.457724
v -0.042425 -0.875110 -0.326883
v 0.000000 -0.852664 -0.392848
v 0.042506 -0.876785 -0.327509
v 0.601755 -0.815997 -0.110593
v 0.623307 -0.807592 -0.042173
v 0.551488 -0.821722 -0.247117
v 0.577991 -0.821093 -0.179488
v 0.716970 -0.736109 -0.126044
v 0.651172 -0.782546 -0.153675
v 0.696734 -0.744822 -0.195991
v 0.416162 -0.773256 -0.503051
v 0.453789 -0.793303 -0.444177
v 0.615673 -0.742599 -0.409781
v 0.537907 -0.773271 -0.430161
v 0.580529 -0.729105 -0.474328
v 0.489911 -0.809432 -0.382082
v 0.521810 -0.818051 -0.317030
v 0.849983 -0.542962 -0.281995
v 0.798860 -0.595836 -0.316023
v 0.820147 -0.539108 -0.350723
v 0.737304 -0.698502 -0.239071
v 0.771036 -0.649513 -0.278408
v 0.795121 -0.648289 -0.207354
v 0.714266 -0.643645 -0.418731
v 0.744425 -0.648313 -0.349512
v 0.686083 -0.698789 -0.381580
v 0.602786 -0.790502 -0.295219
v 0.649213 -0.750053 -0.341241
v 0.675780 -0.750041 -0.268827
v 0.070531 -0.491335 -0.878353
v 0.114763 -0.538071 -0.848890
v 0.260366 -0.500683 -0.867948
v 0.187474 -0.520203 -0.859776
v 0.213419 -0.453406 -0.897859
v 0.159051 -0.580731 -0.811954
v 0.202789 -0.621185 -0.772589
v 0.535239 -0.381542 -0.824795
v 0.471252 -0.414854 -0.843768
v 0.485801 -0.340269 -0.865488
v 0.430273 -0.557040 -0.781687
v 0.452266 -0.487321 -0.815044
v 0.498296 -0.525506 -0.767867
v 0.354999 -0.403755 -0.896627
v 0.404666 -0.447098 -0.859424
v 0.335669 -0.476068 -0.868317
v 0.330459 -0.719805 -0.624616
v 0.370002 -0.745548 -0.570168
v 0.248183 -0.659534 -0.726942
v 0.289812 -0.691600 -0.677814
v 0.442082 -0.649789 -0.681241
v 0.366337 -0.672333 -0.681224
v 0.400807 -0.620972 -0.735840
v 0.309390 -0.544340 -0.830524
v 0.357083 -0.585384 -0.786843
v 0.279637 -0.605719 -0.782155
v 0.887020 -0.061375 -0.497426
v 0.855858 -0.099701 -0.543848
v 0.846321 -0.037987 -0.562847
v 0.866470 -0.223970 -0.501083
v 0.862657 -0.162083 -0.523254
v 0.900785 -0.184498 -0.456024
v 0.781871 -0.115073 -0.656204
v 0.823982 -0.139081 -0.590811
v 0.789426 -0.178547 -0.636313
v 0.842153 -0.470909 -0.390548
v 0.856278 -0.412088 -0.422060
v 0.887767 -0.429380 -0.349903
v 0.791352 -0.375341 -0.565341
v 0.823544 -0.393772 -0.493637
v 0.783364 -0.438037 -0.537456
v 0.904361 -0.308533 -0.408259
v 0.864146 -0.350607 -0.450681
v 0.867000 -0.288800 -0.476537
v 0.604309 -0.269767 -0.815164
v 0.661566 -0.301594 -0.764297
v 0.607556 -0.339729 -0.796429
v 0.749795 -0.220577 -0.681973
v 0.708970 -0.261204 -0.725203
v 0.701088 -0.192741 -0.740939
v 0.707967 -0.395876 -0.676973
v 0.710568 -0.329262 -0.703051
v 0.753145 -0.353489 -0.637169
v 0.831290 -0.266840 -0.546208
v 0.794785 -0.310797 -0.592775
v 0.794230 -0.244677 -0.616611
v 0.454631 -0.729796 -0.561026
v 0.524502 -0.624018 -0.666483
v 0.490956 -0.679345 -0.615824
v 0.538358 -0.707197 -0.547342
v 0.615055 -0.674534 -0.526411
v 0.593918 -0.414713 -0.774518
v 0.692654 -0.469698 -0.650146
v 0.646572 -0.444169 -0.715052
v 0.574433 -0.486852 -0.744061
v 0.553336 -0.557087 -0.710812
v 0.793719 -0.524453 -0.426059
v 0.684883 -0.628733 -0.496034
v 0.742382 -0.578431 -0.462301
v 0.766129 -0.509657 -0.502548
v 0.733700 -0.492150 -0.576467
v 0.602907 -0.587159 -0.645172
v 0.673640 -0.542435 -0.614604
v 0.647708 -0.611726 -0.573085
v 0.672767 -0.774997 0.000000
v 0.767688 -0.702850 -0.084082
v 0.722190 -0.740913 -0.042297
v 0.722039 -0.740758 0.042289
v 0.770347 -0.705284 0.084373
v 0.895128 -0.500532 -0.240601
v 0.873301 -0.556502 -0.204711
v 0.901823 -0.573342 -0.042733
v 0.889820 -0.566151 -0.124251
v 0.929040 -0.519495 -0.081861
v 0.844166 -0.609020 -0.166257
v 0.809126 -0.656724 -0.126394
v 0.881257 -0.561572 0.206575
v 0.903167 -0.505027 0.242762
v 0.816883 -0.663020 0.127605
v 0.853050 -0.615429 0.168006
v 0.938591 -0.524835 0.082703
v 0.899408 -0.572252 0.125589
v 0.906336 -0.576211 0.042947
v 0.819438 -0.665617 -0.042697
v 0.866009 -0.622885 0.000000
v 0.821973 -0.667677 0.042829
v 0.910448 0.000000 -0.456254
v 0.922192 -0.061500 -0.438059
v 0.971532 -0.061353 -0.309771
v 0.950365 -0.061546 -0.374762
v 0.961555 0.000000 -0.330119
v 0.929587 -0.123559 -0.416957
v 0.933483 -0.185058 -0.394084
v 1.024856 -0.062077 -0.040385
v 1.019357 -0.062043 -0.108066
v 1.016228 0.000000 -0.067078
v 1.006054 -0.187824 -0.191173
v 1.020123 -0.125575 -0.150330
v 1.024511 -0.189302 -0.123153
v 0.999162 0.000000 -0.200427
v 1.011231 -0.062088 -0.176228
v 0.993395 -0.061894 -0.242067
v 0.931098 -0.373791 -0.313685
v 0.917624 -0.432782 -0.281552
v 0.936272 -0.249512 -0.368496
v 0.936236 -0.311702 -0.342596
v 0.986367 -0.314448 -0.204568
v 0.961864 -0.313129 -0.273683
v 0.985008 -0.251494 -0.232965
v 0.979399 -0.123940 -0.285322
v 0.983373 -0.187560 -0.259366
v 0.959464 -0.186648 -0.327415
v 0.939410 -0.062649 0.446238
v 0.928839 0.000000 0.465470
v 0.945760 -0.187491 0.399267
v 0.944754 -0.125575 0.423760
v 0.992426 0.000000 0.340718
v 0.971256 -0.062899 0.383000
v 0.996564 -0.062933 0.317752
v 0.926362 -0.436904 0.284233
v 0.939709 -0.377248 0.316587
v 1.003379 -0.256185 0.237310
v 0.977376 -0.318179 0.278097
v 0.999472 -0.318625 0.207286
v 0.944602 -0.314488 0.345658
v 0.946570 -0.252257 0.372549
v 1.030893 0.000000 0.068046
v 1.037330 -0.063137 0.109972
v 1.032118 -0.062517 0.040671
v 1.017945 -0.063424 0.248049
v 1.032872 -0.063416 0.179999
v 1.029862 0.000000 0.206585
v 1.029882 -0.190295 0.123799
v 1.032390 -0.127085 0.152137
v 1.020174 -0.190460 0.193856
v 0.976329 -0.189929 0.333170
v 1.002344 -0.191178 0.264370
v 0.998605 -0.126371 0.290918
v 0.941119 -0.445346 -0.204565
v 1.006171 -0.323533 -0.125837
v 0.979005 -0.385828 -0.165908
v 0.955299 -0.453006 -0.123904
v 0.963888 -0.457565 -0.042850
v 1.034677 -0.126125 0.000000
v 1.025967 -0.256563 0.082897
v 1.035944 -0.191859 0.041578
v 1.035595 -0.191794 -0.041564
v 1.025701 -0.256497 -0.082876
v 0.948578 -0.448876 0.206186
v 0.970048 -0.460490 0.043124
v 0.965197 -0.457700 0.125188
v 0.985681 -0.388460 0.167039
v 1.008224 -0.324193 0.126094
v 1.014562 -0.325737 -0.042382
v 1.013673 -0.325451 0.042345
v 0.992481 -0.393032 0.000000
v 0.072021 -0.440930 0.930562
v 0.214716 -0.393011 0.933275
v 0.144611 -0.419446 0.937479
v 0.072521 -0.379557 0.964938
v 0.072618 -0.315146 0.990869
v 0.459425 -0.256898 0.839372
v 0.404639 -0.291870 0.868517
v 0.283492 -0.225716 0.956748
v 0.345957 -0.259899 0.915708
v 0.344471 -0.192619 0.931082
v 0.346567 -0.327407 0.896970
v 0.284309 -0.360902 0.919275
v 0.072202 -0.108095 1.022185
v 0.071691 -0.040088 1.019858
v 0.072918 -0.245123 1.008455
v 0.072593 -0.177102 1.018792
v 0.213437 -0.119349 0.995351
v 0.144530 -0.148716 1.011702
v 0.214191 -0.187385 0.988589
v 0.216859 -0.326972 0.960566
v 0.216268 -0.257054 0.977049
v 0.145297 -0.287500 0.989346
v 0.819459 0.000000 0.612967
v 0.736168 0.075696 0.692858
v 0.782088 0.038376 0.656879
v 0.775538 -0.038055 0.651377
v 0.725745 -0.074624 0.683048
v 0.540643 0.223375 0.833123
v 0.594525 0.187976 0.803919
v 0.593490 0.038021 0.804388
v 0.597602 0.112729 0.809332
v 0.549720 0.074455 0.847110
v 0.644238 0.151165 0.769463
v 0.688764 0.113939 0.731221
v 0.572466 -0.181001 0.774091
v 0.521885 -0.215625 0.804217
v 0.671557 -0.111092 0.712954
v 0.621771 -0.145894 0.742629
v 0.536454 -0.072659 0.826667
v 0.578372 -0.109102 0.783289
v 0.586166 -0.037551 0.794462
v 0.689390 0.038010 0.731310
v 0.637929 0.000000 0.764244
v 0.682864 -0.037650 0.724387
v 0.069981 0.428445 0.904214
v 0.070054 0.304018 0.955880
v 0.070106 0.366918 0.932806
v 0.139295 0.404026 0.903015
v 0.207062 0.379001 0.900006
v 0.071029 0.039717 1.010440
v 0.070464 0.105494 0.997586
v 0.209604 0.183372 0.967420
v 0.140397 0.144463 0.982771
v 0.209660 0.117237 0.977737
v 0.070254 0.171395 0.985962
v 0.070423 0.236733 0.973938
v 0.411395 0.296744 0.883020
v 0.472381 0.264143 0.863043
v 0.277693 0.352504 0.897885
v 0.345741 0.326627 0.894832
v 0.348383 0.194806 0.941654
v 0.347941 0.261389 0.920960
v 0.281018 0.223746 0.948400
v 0.140212 0.277439 0.954725
v 0.210856 0.250621 0.952596
v 0.209805 0.316337 0.929323
v 0.466018 -0.183990 0.848583
v 0.482802 -0.038862 0.876371
v 0.474704 -0.111600 0.862588
v 0.410439 -0.151698 0.897397
v 0.351683 -0.117571 0.942430
v 0.483916 0.191056 0.881173
v 0.356062 0.119035 0.954165
v 0.422161 0.156030 0.923026
v 0.490341 0.115276 0.891002
v 0.488658 0.039334 0.887000
v 0.142981 0.000000 1.010709
v 0.282864 -0.078556 0.974679
v 0.214235 -0.039905 0.996761
v 0.212761 0.039631 0.989903
v 0.282095 0.078343 0.972029
v 0.423168 0.000000 0.920774
v 0.355867 0.039798 0.955091
v 0.354337 -0.039627 0.950984
v -0.588945 -0.798627 0.108239
v -0.540459 -0.805289 0.242175
v -0.565704 -0.803637 0.175672
v -0.638673 -0.767526 0.150725
v -0.688241 -0.735743 0.193602
v -0.407681 -0.757499 0.492800
v -0.443958 -0.776118 0.434555
v -0.601178 -0.725115 0.400134
v -0.524151 -0.753495 0.419161
v -0.563719 -0.707993 0.460593
v -0.480228 -0.793434 0.374530
v -0.512357 -0.803230 0.311286
v -0.801227 -0.597601 0.316959
v -0.827262 -0.543785 0.353766
v -0.734657 -0.695993 0.238213
v -0.771130 -0.649593 0.278442
v -0.707569 -0.637610 0.414805
v -0.741676 -0.645919 0.348222
v -0.675178 -0.687681 0.375514
v -0.589362 -0.772898 0.288644
v -0.635247 -0.733918 0.333900
v -0.664533 -0.737558 0.264353
v -0.114572 -0.537174 0.847473
v -0.252840 -0.486211 0.842860
v -0.184270 -0.511314 0.845085
v -0.158854 -0.580010 0.810947
v -0.202344 -0.619823 0.770896
v -0.513794 -0.366255 0.791749
v -0.455320 -0.400829 0.815243
v -0.417247 -0.540178 0.758024
v -0.438526 -0.472515 0.790282
v -0.483750 -0.510165 0.745451
v -0.390796 -0.431774 0.829969
v -0.324099 -0.459659 0.838389
v -0.326974 -0.712215 0.618029
v -0.364180 -0.733817 0.561196
v -0.247106 -0.656670 0.723786
v -0.288011 -0.687300 0.673600
v -0.429172 -0.630813 0.661347
v -0.359421 -0.659641 0.668365
v -0.389742 -0.603829 0.715526
v -0.300577 -0.528835 0.806867
v -0.347050 -0.568937 0.764735
v -0.275008 -0.595692 0.769208
v -0.852155 -0.099269 0.541495
v -0.867782 -0.224309 0.501842
v -0.861054 -0.161782 0.522281
v -0.813753 -0.137355 0.583476
v -0.775635 -0.175428 0.625197
v -0.850196 -0.475407 0.394278
v -0.863396 -0.415513 0.425568
v -0.790384 -0.374881 0.564649
v -0.830383 -0.397042 0.497737
v -0.785209 -0.439068 0.538721
v -0.871050 -0.353409 0.454282
v -0.871891 -0.290429 0.479225
v -0.631691 -0.287974 0.729783
v -0.579063 -0.323797 0.759078
v -0.733734 -0.215852 0.667365
v -0.684597 -0.252224 0.700272
v -0.688443 -0.384959 0.658304
v -0.686797 -0.318247 0.679532
v -0.741736 -0.348134 0.627516
v -0.828240 -0.265861 0.544204
v -0.787900 -0.308105 0.587641
v -0.782661 -0.241113 0.607630
v -0.441116 -0.708100 0.544348
v -0.506869 -0.603040 0.644077
v -0.473708 -0.655479 0.594190
v -0.518529 -0.681149 0.527181
v -0.594942 -0.652476 0.509196
v -0.567057 -0.395957 0.739490
v -0.677560 -0.459463 0.635979
v -0.622383 -0.427551 0.688301
v -0.555113 -0.470478 0.719036
v -0.536511 -0.540148 0.689199
v -0.801238 -0.529422 0.430095
v -0.671526 -0.616472 0.486360
v -0.741143 -0.577466 0.461529
v -0.768783 -0.511422 0.504289
v -0.728361 -0.488569 0.572272
v -0.584337 -0.569074 0.625300
v -0.658978 -0.530629 0.601227
v -0.628749 -0.593821 0.556311
v -0.112615 -0.528001 -0.833003
v -0.198618 -0.608410 -0.756700
v -0.156176 -0.570232 -0.797274
v -0.181021 -0.502296 -0.830181
v -0.247460 -0.475865 -0.824925
v -0.354149 -0.713605 -0.545738
v -0.318047 -0.692771 -0.601157
v -0.372328 -0.576849 -0.683556
v -0.346865 -0.636596 -0.645016
v -0.409023 -0.601198 -0.630298
v -0.280610 -0.669640 -0.656292
v -0.241787 -0.642536 -0.708206
v -0.439106 -0.386555 -0.786211
v -0.499535 -0.356091 -0.769776
v -0.314736 -0.446380 -0.814168
v -0.377572 -0.417163 -0.801883
v -0.455223 -0.480080 -0.701492
v -0.418284 -0.450705 -0.753804
v -0.396357 -0.513133 -0.720073
v -0.268408 -0.581396 -0.750747
v -0.334820 -0.548886 -0.737784
v -0.293024 -0.515546 -0.786591
v -0.582641 -0.790079 -0.107080
v -0.673736 -0.720237 -0.189521
v -0.629383 -0.756361 -0.148533
v -0.556113 -0.790012 -0.172694
v -0.529094 -0.788356 -0.237083
v -0.773000 -0.508117 -0.330562
v -0.756697 -0.564388 -0.299343
v -0.641887 -0.653774 -0.356999
v -0.702183 -0.611525 -0.329679
v -0.667414 -0.601426 -0.391265
v -0.735817 -0.619846 -0.265691
v -0.710448 -0.673058 -0.230363
v -0.432056 -0.755310 -0.422905
v -0.396946 -0.737551 -0.479823
v -0.498811 -0.781995 -0.303056
v -0.466307 -0.770433 -0.363673
v -0.535159 -0.672124 -0.437258
v -0.501741 -0.721280 -0.401240
v -0.571396 -0.689194 -0.380311
v -0.645898 -0.716875 -0.256940
v -0.610840 -0.705719 -0.321071
v -0.573047 -0.751501 -0.280654
v -0.875736 -0.102016 -0.556479
v -0.788576 -0.178355 -0.635628
v -0.837011 -0.141281 -0.600153
v -0.878829 -0.165122 -0.533064
v -0.868763 -0.224563 -0.502409
v -0.572597 -0.320181 -0.750601
v -0.631277 -0.287786 -0.729305
v -0.718019 -0.337003 -0.607452
v -0.676799 -0.313614 -0.669639
v -0.663749 -0.371151 -0.634691
v -0.685544 -0.252573 -0.701240
v -0.736084 -0.216544 -0.669502
v -0.812135 -0.390844 -0.400302
v -0.792553 -0.443175 -0.367546
v -0.850962 -0.283457 -0.467721
v -0.831454 -0.337343 -0.433631
v -0.741197 -0.414458 -0.508525
v -0.786584 -0.376100 -0.471483
v -0.757539 -0.359303 -0.541185
v -0.780624 -0.240485 -0.606048
v -0.770523 -0.301309 -0.574680
v -0.821828 -0.263803 -0.539991
v -0.426441 -0.684543 -0.526239
v -0.562530 -0.616929 -0.481456
v -0.495740 -0.651213 -0.504013
v -0.453103 -0.626967 -0.568343
v -0.476218 -0.566573 -0.605129
v -0.746030 -0.492942 -0.400460
v -0.681242 -0.456963 -0.535250
v -0.718121 -0.477720 -0.471057
v -0.693765 -0.540551 -0.432025
v -0.631532 -0.579756 -0.457394
v -0.550203 -0.384188 -0.717510
v -0.500991 -0.504387 -0.643570
v -0.526031 -0.445829 -0.681366
v -0.596259 -0.409605 -0.659410
v -0.637990 -0.432630 -0.598838
v -0.587964 -0.555301 -0.520224
v -0.612359 -0.493090 -0.558693
v -0.543935 -0.529728 -0.582066
v 0.816337 0.000000 -0.610632
v 0.745509 -0.076657 -0.701649
v 0.784269 -0.038483 -0.658710
v 0.779402 0.038244 -0.654622
v 0.734920 0.075568 -0.691683
v 0.553254 -0.228586 -0.852556
v 0.607649 -0.192125 -0.821665
v 0.611078 -0.039147 -0.828227
v 0.609463 -0.114967 -0.825396
v 0.560315 -0.075890 -0.863437
v 0.656452 -0.154031 -0.784051
v 0.701040 -0.115969 -0.744254
v 0.589055 0.186246 -0.796523
v 0.536008 0.221460 -0.825980
v 0.687270 0.113691 -0.729635
v 0.640136 0.150203 -0.764564
v 0.557035 0.075446 -0.858383
v 0.601171 0.113402 -0.814166
v 0.608427 0.038978 -0.824634
v 0.703427 -0.038784 -0.746200
v 0.657471 0.000000 -0.787655
v 0.698992 0.038539 -0.741495
v 0.070332 -0.430589 -0.908739
v 0.070568 -0.306250 -0.962896
v 0.070286 -0.367859 -0.935198
v 0.141516 -0.410469 -0.917415
v 0.212234 -0.388467 -0.922486
v 0.072637 -0.040617 -1.033313
v 0.072336 -0.108297 -1.024091
v 0.215587 -0.188606 -0.995034
v 0.144793 -0.148987 -1.013544
v 0.216519 -0.121071 -1.009719
v 0.072028 -0.175722 -1.010857
v 0.071682 -0.240966 -0.991356
v 0.422488 -0.304746 -0.906830
v 0.484133 -0.270714 -0.884514
v 0.286159 -0.363251 -0.925258
v 0.356074 -0.336388 -0.921574
v 0.355409 -0.198735 -0.960646
v 0.356279 -0.267653 -0.943030
v 0.287960 -0.229274 -0.971829
v 0.142218 -0.281408 -0.968382
v 0.215353 -0.255966 -0.972913
v 0.213907 -0.322522 -0.947492
v 0.067509 0.413308 -0.872267
v 0.204701 0.374678 -0.889741
v 0.136103 0.394769 -0.882325
v 0.068267 0.357291 -0.908331
v 0.069320 0.300831 -0.945858
v 0.467100 0.261190 -0.853395
v 0.403701 0.291194 -0.866505
v 0.281823 0.224387 -0.951116
v 0.343591 0.258121 -0.909446
v 0.347504 0.194315 -0.939279
v 0.338732 0.320005 -0.876690
v 0.274373 0.348289 -0.887147
v 0.072147 0.108012 -1.021404
v 0.072640 0.040619 -1.033366
v 0.070656 0.237517 -0.977164
v 0.071359 0.174091 -1.001471
v 0.216504 0.121063 -1.009652
v 0.144741 0.148933 -1.013179
v 0.214193 0.187387 -0.988599
v 0.209235 0.315477 -0.926797
v 0.212566 0.252653 -0.960321
v 0.140787 0.278576 -0.958637
v 0.490435 -0.193630 -0.893044
v 0.361527 -0.120862 -0.968811
v 0.426880 -0.157774 -0.933343
v 0.495193 -0.116417 -0.899819
v 0.497737 -0.040064 -0.903480
v 0.145915 0.000000 -1.031449
v 0.289631 0.080436 -0.997996
v 0.219452 0.040877 -1.021031
v 0.219046 -0.040801 -1.019145
v 0.289574 -0.080420 -0.997798
v 0.482902 0.190656 -0.879328
v 0.496585 0.039972 -0.901388
v 0.493198 0.115947 -0.896192
v 0.422272 0.156071 -0.923268
v 0.358530 0.119860 -0.960778
v 0.362913 -0.040586 -0.974002
v 0.362517 0.040542 -0.972938
v 0.431853 0.000000 -0.939670
v 0.939042 0.062624 0.446063
v 0.998195 0.063036 0.318272
v 0.972132 0.062956 0.383345
v 0.946356 0.125788 0.424478
v 0.947531 0.187843 0.400014
v 1.028392 0.062291 0.040524
v 1.033910 0.062928 0.109609
v 1.011465 0.188834 0.192201
v 1.026338 0.126340 0.151245
v 1.020331 0.188530 0.122651
v 1.029882 0.063233 0.179478
v 1.017320 0.063385 0.247897
v 0.912784 0.366439 0.307515
v 0.896981 0.423047 0.275218
v 0.943397 0.251411 0.371300
v 0.930797 0.309891 0.340606
v 0.979378 0.312220 0.203118
v 0.956674 0.311439 0.272206
v 0.991234 0.253084 0.234438
v 0.997536 0.126235 0.290606
v 0.995114 0.189799 0.262463
v 0.973972 0.189470 0.332366
v 0.912166 0.060832 -0.433296
v 0.904677 0.179347 -0.381923
v 0.908667 0.120778 -0.407574
v 0.939071 0.060815 -0.370308
v 0.963487 0.060844 -0.307206
v 0.890018 0.419762 -0.273082
v 0.893915 0.358864 -0.301159
v 0.952428 0.243176 -0.225259
v 0.923556 0.300658 -0.262783
v 0.947784 0.302148 -0.196566
v 0.893793 0.297572 -0.327065
v 0.898300 0.239393 -0.353551
v 1.009315 0.061431 -0.107002
v 1.018194 0.061674 -0.040123
v 0.984608 0.061346 -0.239926
v 0.999394 0.061361 -0.174165
v 0.993435 0.183560 -0.119417
v 0.999664 0.123057 -0.147315
v 0.981617 0.183262 -0.186530
v 0.934659 0.181823 -0.318950
v 0.962144 0.183511 -0.253767
v 0.967254 0.122403 -0.281784
v 0.646295 0.744502 0.000000
v 0.730057 0.668398 0.079960
v 0.688145 0.705985 0.040303
v 0.699476 0.717609 -0.040967
v 0.749145 0.685873 -0.082051
v 0.874035 0.488737 0.234932
v 0.846521 0.539436 0.198433
v 0.866368 0.550801 0.041053
v 0.858623 0.546302 0.119894
v 0.897825 0.502040 0.079111
v 0.811828 0.585690 0.159888
v 0.773269 0.627621 0.120792
v 0.850089 0.541710 -0.199269
v 0.873160 0.488248 -0.234697
v 0.791257 0.642221 -0.123602
v 0.822438 0.593344 -0.161977
v 0.897124 0.501648 -0.079049
v 0.862600 0.548833 -0.120450
v 0.869300 0.552665 -0.041192
v 0.782355 0.635496 0.040765
v 0.831116 0.597788 0.000000
v 0.791426 0.642864 -0.041237
v 1.021814 0.124558 0.000000
v 0.985842 0.246530 -0.079655
v 1.006492 0.186404 -0.040396
v 1.017797 0.188498 0.040850
v 1.007223 0.251876 0.081383
v 0.910921 0.431056 -0.198001
v 0.931677 0.442275 -0.041418
v 0.923103 0.437739 -0.119728
v 0.940565 0.370679 -0.159394
v 0.962988 0.309648 -0.120437
v 0.919409 0.435073 0.199846
v 0.987577 0.317555 0.123512
v 0.958165 0.377615 0.162376
v 0.931532 0.441735 0.120822
v 0.933351 0.443069 0.041493
v 0.975642 0.313241 -0.040757
v 0.959458 0.379954 0.000000
v 0.984199 0.315988 0.041114
f 1 643 645
f 163 644 643
f 165 645 644
f 643 644 645
f 43 646 648
f 164 647 646
f 163 648 647
f 646 647 648
f 45 649 651
f 165 650 649
f 164 651 650
f 649 650 651
f 163 647 644
f 164 650 647
f 165 644 650
f 647 650 644
f 13 652 654
f 166 653 652
f 168 654 653
f 652 653 654
f 44 655 657
f 167 656 655
f 166 657 656
f 655 656 657
f 43 658 660
f 168 659 658
f 167 660 659
f 658 659 660
f 166 656 653
f 167 659 656
f 168 653 659
f 656 659 653
f 15 661 663
f 169 662 661
f 171 663 662
f 661 662 663
f 45 664 666
f 170 665 664
f 169 666 665
f 664 665 666
f 44 667 669
f 171 668 667
f 170 669 668
f 667 668 669
f 169 665 662
f 170 668 665
f 171 662 668
f 665 668 662
f 43 660 646
f 167 670 660
f 164 646 670
f 660 670 646
f 44 669 655
f 170 671 669
f 167 655 671
f 669 671 655
f 45 651 664
f 164 672 651
f 170 664 672
f 651 672 664
f 167 671 670
f 170 672 671
f 164 670 672
f 671 672 670
f 12 673 675
f 172 674 673
f 174 675 674
f 673 674 675
f 46 676 678
f 173 677 676
f 172 678 677
f 676 677 678
f 48 679 681
f 174 680 679
f 173 681 680
f 679 680 681
f 172 677 674
f 173 680 677
f 174 674 680
f 677 680 674
f 14 682 684
f 175 683 682
f 177 684 683
f 682 683 684
f 47 685 687
f 176 686 685
f 175 687 686
f 685 686 687
f 46 688 690
f 177 689 688
f 176 690 689
f 688 689 690
f 175 686 683
f 176 689 686
f 177 683 689
f 686 689 683
f 13 691 693
f 178 692 691
f 180 693 692
f 691 692 693
f 48 694 696
f 179 695 694
f 178 696 695
f 694 695 696
f 47 697 699
f 180 698 697
f 179 699 698
f 697 698 699
f 178 695 692
f 179 698 695
f 180 692 698
f 695 698 692
f 46 690 676
f 176 700 690
f 173 676 700
f 690 700 676
f 47 699 685
f 179 701 699
f 176 685 701
f 699 701 685
f 48 681 694
f 173 702 681
f 179 694 702
f 681 702 694
f 176 701 700
f 179 702 701
f 173 700 702
f 701 702 700
f 6 703 705
f 181 704 703
f 183 705 704
f 703 704 705
f 49 706 708
f 182 707 706
f 181 708 707
f 706 707 708
f 51 709 711
f 183 710 709
f 182 711 710
f 709 710 711
f 181 707 704
f 182 710 707
f 183 704 710
f 707 710 704
f 15 712 714
f 184 713 712
f 186 714 713
f 712 713 714
f 50 715 717
f 185 716 715
f 184 717 716
f 715 716 717
f 49 718 720
f 186 719 718
f 185 720 719
f 718 719 720
f 184 716 713
f 185 719 716
f 186 713 719
f 716 719 713
f 14 721 723
f 187 722 721
f 189 723 722
f 721 722 723
f 51 724 726
f 188 725 724
f 187 726 725
f 724 725 726
f 50 727 729
f 189 728 727
f 188 729 728
f 727 728 729
f 187 725 722
f 188 728 725
f 189 722 728
f 725 728 722
f 49 720 706
f 185 730 720
f 182 706 730
f 720 730 706
f 50 729 715
f 188 731 729
f 185 715 731
f 729 731 715
f 51 711 724
f 182 732 711
f 188 724 732
f 711 732 724
f 185 731 730
f 188 732 731
f 182 730 732
f 731 732 730
f 13 693 652
f 180 733 693
f 166 652 733
f 693 733 652
f 47 734 697
f 190 735 734
f 180 697 735
f 734 735 697
f 44 657 737
f 166 736 657
f 190 737 736
f 657 736 737
f 180 735 733
f 190 736 735
f 166 733 736
f 735 736 733
f 14 723 682
f 189 738 723
f 175 682 738
f 723 738 682
f 50 739 727
f 191 740 739
f 189 727 740
f 739 740 727
f 47 687 742
f 175 741 687
f 191 742 741
f 687 741 742
f 189 740 738
f 191 741 740
f 175 738 741
f 740 741 738
f 15 663 712
f 171 743 663
f 184 712 743
f 663 743 712
f 44 744 667
f 192 745 744
f 171 667 745
f 744 745 667
f 50 717 747
f 184 746 717
f 192 747 746
f 717 746 747
f 171 745 743
f 192 746 745
f 184 743 746
f 745 746 743
f 47 742 734
f 191 748 742
f 190 734 748
f 742 748 734
f 50 747 739
f 192 749 747
f 191 739 749
f 747 749 739
f 44 737 744
f 190 750 737
f 192 744 750
f 737 750 744
f 191 749 748
f 192 750 749
f 190 748 750
f 749 750 748
f 1 645 752
f 165 751 645
f 194 752 751
f 645 751 752
f 45 753 649
f 193 754 753
f 165 649 754
f 753 754 649
f 53 755 757
f 194 756 755
f 193 757 756
f 755 756 757
f 165 754 751
f 193 756 754
f 194 751 756
f 754 756 751
f 15 758 661
f 195 759 758
f 169 661 759
f 758 759 661
f 52 760 762
f 196 761 760
f 195 762 761
f 760 761 762
f 45 666 764
f 169 763 666
f 196 764 763
f 666 763 764
f 195 761 759
f 196 763 761
f 169 759 763
f 761 763 759
f 17 765 767
f 197 766 765
f 199 767 766
f 765 766 767
f 53 768 770
f 198 769 768
f 197 770 769
f 768 769 770
f 52 771 773
f 199 772 771
f 198 773 772
f 771 772 773
f 197 769 766
f 198 772 769
f 199 766 772
f 769 772 766
f 45 764 753
f 196 774 764
f 193 753 774
f 764 774 753
f 52 773 760
f 198 775 773
f 196 760 775
f 773 775 760
f 53 757 768
f 193 776 757
f 198 768 776
f 757 776 768
f 196 775 774
f 198 776 775
f 193 774 776
f 775 776 774
f 6 777 703
f 200 778 777
f 181 703 778
f 777 778 703
f 54 779 781
f 201 780 779
f 200 781 780
f 779 780 781
f 49 708 783
f 181 782 708
f 201 783 782
f 708 782 783
f 200 780 778
f 201 782 780
f 181 778 782
f 780 782 778
f 16 784 786
f 202 785 784
f 204 786 785
f 784 785 786
f 55 787 789
f 203 788 787
f 202 789 788
f 787 788 789
f 54 790 792
f 204 791 790
f 203 792 791
f 790 791 792
f 202 788 785
f 203 791 788
f 204 785 791
f 788 791 785
f 15 714 794
f 186 793 714
f 206 794 793
f 714 793 794
f 49 795 718
f 205 796 795
f 186 718 796
f 795 796 718
f 55 797 799
f 206 798 797
f 205 799 798
f 797 798 799
f 186 796 793
f 205 798 796
f 206 793 798
f 796 798 793
f 54 792 779
f 203 800 792
f 201 779 800
f 792 800 779
f 55 799 787
f 205 801 799
f 203 787 801
f 799 801 787
f 49 783 795
f 201 802 783
f 205 795 802
f 783 802 795
f 203 801 800
f 205 802 801
f 201 800 802
f 801 802 800
f 2 803 805
f 207 804 803
f 209 805 804
f 803 804 805
f 56 806 808
f 208 807 806
f 207 808 807
f 806 807 808
f 58 809 811
f 209 810 809
f 208 811 810
f 809 810 811
f 207 807 804
f 208 810 807
f 209 804 810
f 807 810 804
f 17 812 814
f 210 813 812
f 212 814 813
f 812 813 814
f 57 815 817
f 211 816 815
f 210 817 816
f 815 816 817
f 56 818 820
f 212 819 818
f 211 820 819
f 818 819 820
f 210 816 813
f 211 819 816
f 212 813 819
f 816 819 813
f 16 821 823
f 213 822 821
f 215 823 822
f 821 822 823
f 58 824 826
f 214 825 824
f 213 826 825
f 824 825 826
f 57 827 829
f 215 828 827
f 214 829 828
f 827 828 829
f 213 825 822
f 214 828 825
f 215 822 828
f 825 828 822
f 56 820 806
f 211 830 820
f 208 806 830
f 820 830 806
f 57 829 815
f 214 831 829
f 211 815 831
f 829 831 815
f 58 811 824
f 208 832 811
f 214 824 832
f 811 832 824
f 211 831 830
f 214 832 831
f 208 830 832
f 831 832 830
f 15 794 758
f 206 833 794
f 195 758 833
f 794 833 758
f 55 834 797
f 216 835 834
f 206 797 835
f 834 835 797
f 52 762 837
f 195 836 762
f 216 837 836
f 762 836 837
f 206 835 833
f 216 836 835
f 195 833 836
f 835 836 833
f 16 823 784
f 215 838 823
f 202 784 838
f 823 838 784
f 57 839 827
f 217 840 839
f 215 827 840
f 839 840 827
f 55 789 842
f 202 841 789
f 217 842 841
f 789 841 842
f 215 840 838
f 217 841 840
f 202 838 841
f 840 841 838
f 17 767 812
f 199 843 767
f 210 812 843
f 767 843 812
f 52 844 771
f 218 845 844
f 199 771 845
f 844 845 771
f 57 817 847
f 210 846 817
f 218 847 846
f 817 846 847
f 199 845 843
f 218 846 845
f 210 843 846
f 845 846 843
f 55 842 834
f 217 848 842
f 216 834 848
f 842 848 834
f 57 847 839
f 218 849 847
f 217 839 849
f 847 849 839
f 52 837 844
f 216 850 837
f 218 844 850
f 837 850 844
f 217 849 848
f 218 850 849
f 216 848 850
f 849 850 848
f 1 752 852
f 194 851 752
f 220 852 851
f 752 851 852
f 53 853 755
f 219 854 853
f 194 755 854
f 853 854 755
f 60 855 857
f 220 856 855
f 219 857 856
f 855 856 857
f 194 854 851
f 219 856 854
f 220 851 856
f 854 856 851
f 17 858 765
f 221 859 858
f 197 765 859
f 858 859 765
f 59 860 862
f 222 861 860
f 221 862 861
f 860 861 862
f 53 770 864
f 197 863 770
f 222 864 863
f 770 863 864
f 221 861 859
f 222 863 861
f 197 859 863
f 861 863 859
f 19 865 867
f 223 866 865
f 225 867 866
f 865 866 867
f 60 868 870
f 224 869 868
f 223 870 869
f 868 869 870
f 59 871 873
f 225 872 871
f 224 873 872
f 871 872 873
f 223 869 866
f 224 872 869
f 225 866 872
f 869 872 866
f 53 864 853
f 222 874 864
f 219 853 874
f 864 874 853
f 59 873 860
f 224 875 873
f 222 860 875
f 873 875 860
f 60 857 868
f 219 876 857
f 224 868 876
f 857 876 868
f 222 875 874
f 224 876 875
f 219 874 876
f 875 876 874
f 2 877 803
f 226 878 877
f 207 803 878
f 877 878 803
f 61 879 881
f 227 880 879
f 226 881 880
f 879 880 881
f 56 808 883
f 207 882 808
f 227 883 882
f 808 882 883
f 226 880 878
f 227 882 880
f 207 878 882
f 880 882 878
f 18 884 886
f 228 885 884
f 230 886 885
f 884 885 886
f 62 887 889
f 229 888 887
f 228 889 888
f 887 888 889
f 61 890 892
f 230 891 890
f 229 892 891
f 890 891 892
f 228 888 885
f 229 891 888
f 230 885 891
f 888 891 885
f 17 814 894
f 212 893 814
f 232 894 893
f 814 893 894
f 56 895 818
f 231 896 895
f 212 818 896
f 895 896 818
f 62 897 899
f 232 898 897
f 231 899 898
f 897 898 899
f 212 896 893
f 231 898 896
f 232 893 898
f 896 898 893
f 61 892 879
f 229 900 892
f 227 879 900
f 892 900 879
f 62 899 887
f 231 901 899
f 229 887 901
f 899 901 887
f 56 883 895
f 227 902 883
f 231 895 902
f 883 902 895
f 229 901 900
f 231 902 901
f 227 900 902
f 901 902 900
f 8 903 905
f 233 904 903
f 235 905 904
f 903 904 905
f 63 906 908
f 234 907 906
f 233 908 907
f 906 907 908
f 65 909 911
f 235 910 909
f 234 911 910
f 909 910 911
f 233 907 904
f 234 910 907
f 235 904 910
f 907 910 904
f 19 912 914
f 236 913 912
f 238 914 913
f 912 913 914
f 64 915 917
f 237 916 915
f 236 917 916
f 915 916 917
f 63 918 920
f 238 919 918
f 237 920 919
f 918 919 920
f 236 916 913
f 237 919 916
f 238 913 919
f 916 919 913
f 18 921 923
f 239 922 921
f 241 923 922
f 921 922 923
f 65 924 926
f 240 925 924
f 239 926 925
f 924 925 926
f 64 927 929
f 241 928 927
f 240 929 928
f 927 928 929
f 239 925 922
f 240 928 925
f 241 922 928
f 925 928 922
f 63 920 906
f 237 930 920
f 234 906 930
f 920 930 906
f 64 929 915
f 240 931 929
f 237 915 931
f 929 931 915
f 65 911 924
f 234 932 911
f 240 924 932
f 911 932 924
f 237 931 930
f 240 932 931
f 234 930 932
f 931 932 930
f 17 894 858
f 232 933 894
f 221 858 933
f 894 933 858
f 62 934 897
f 242 935 934
f 232 897 935
f 934 935 897
f 59 862 937
f 221 936 862
f 242 937 936
f 862 936 937
f 232 935 933
f 242 936 935
f 221 933 936
f 935 936 933
f 18 923 884
f 241 938 923
f 228 884 938
f 923 938 884
f 64 939 927
f 243 940 939
f 241 927 940
f 939 940 927
f 62 889 942
f 228 941 889
f 243 942 941
f 889 941 942
f 241 940 938
f 243 941 940
f 228 938 941
f 940 941 938
f 19 867 912
f 225 943 867
f 236 912 943
f 867 943 912
f 59 944 871
f 244 945 944
f 225 871 945
f 944 945 871
f 64 917 947
f 236 946 917
f 244 947 946
f 917 946 947
f 225 945 943
f 244 946 945
f 236 943 946
f 945 946 943
f 62 942 934
f 243 948 942
f 242 934 948
f 942 948 934
f 64 947 939
f 244 949 947
f 243 939 949
f 947 949 939
f 59 937 944
f 242 950 937
f 244 944 950
f 937 950 944
f 243 949 948
f 244 950 949
f 242 948 950
f 949 950 948
f 1 852 952
f 220 951 852
f 246 952 951
f 852 951 952
f 60 953 855
f 245 954 953
f 220 855 954
f 953 954 855
f 67 955 957
f 246 956 955
f 245 957 956
f 955 956 957
f 220 954 951
f 245 956 954
f 246 951 956
f 954 956 951
f 19 958 865
f 247 959 958
f 223 865 959
f 958 959 865
f 66 960 962
f 248 961 960
f 247 962 961
f 960 961 962
f 60 870 964
f 223 963 870
f 248 964 963
f 870 963 964
f 247 961 959
f 248 963 961
f 223 959 963
f 961 963 959
f 21 965 967
f 249 966 965
f 251 967 966
f 965 966 967
f 67 968 970
f 250 969 968
f 249 970 969
f 968 969 970
f 66 971 973
f 251 972 971
f 250 973 972
f 971 972 973
f 249 969 966
f 250 972 969
f 251 966 972
f 969 972 966
f 60 964 953
f 248 974 964
f 245 953 974
f 964 974 953
f 66 973 960
f 250 975 973
f 248 960 975
f 973 975 960
f 67 957 968
f 245 976 957
f 250 968 976
f 957 976 968
f 248 975 974
f 250 976 975
f 245 974 976
f 975 976 974
f 8 977 903
f 252 978 977
f 233 903 978
f 977 978 903
f 68 979 981
f 253 980 979
f 252 981 980
f 979 980 981
f 63 908 983
f 233 982 908
f 253 983 982
f 908 982 983
f 252 980 978
f 253 982 980
f 233 978 982
f 980 982 978
f 20 984 986
f 254 985 984
f 256 986 985
f 984 985 986
f 69 987 989
f 255 988 987
f 254 989 988
f 987 988 989
f 68 990 992
f 256 991 990
f 255 992 991
f 990 991 992
f 254 988 985
f 255 991 988
f 256 985 991
f 988 991 985
f 19 914 994
f 238 993 914
f 258 994 993
f 914 993 994
f 63 995 918
f 257 996 995
f 238 918 996
f 995 996 918
f 69 997 999
f 258 998 997
f 257 999 998
f 997 998 999
f 238 996 993
f 257 998 996
f 258 993 998
f 996 998 993
f 68 992 979
f 255 1000 992
f 253 979 1000
f 992 1000 979
f 69 999 987
f 257 1001 999
f 255 987 1001
f 999 1001 987
f 63 983 995
f 253 1002 983
f 257 995 1002
f 983 1002 995
f 255 1001 1000
f 257 1002 1001
f 253 1000 1002
f 1001 1002 1000
f 11 1003 1005
f 259 1004 1003
f 261 1005 1004
f 1003 1004 1005
f 70 1006 1008
f 260 1007 1006
f 259 1008 1007
f 1006 1007 1008
f 72 1009 1011
f 261 1010 1009
f 260 1011 1010
f 1009 1010 1011
f 259 1007 1004
f 260 1010 1007
f 261 1004 1010
f 1007 1010 1004
f 21 1012 1014
f 262 1013 1012
f 264 1014 1013
f 1012 1013 1014
f 71 1015 1017
f 263 1016 1015
f 262 1017 1016
f 1015 1016 1017
f 70 1018 1020
f 264 1019 1018
f 263 1020 1019
f 1018 1019 1020
f 262 1016 1013
f 263 1019 1016
f 264 1013 1019
f 1016 1019 1013
f 20 1021 1023
f 265 1022 1021
f 267 1023 1022
f 1021 1022 1023
f 72 1024 1026
f 266 1025 1024
f 265 1026 1025
f 1024 1025 1026
f 71 1027 1029
f 267 1028 1027
f 266 1029 1028
f 1027 1028 1029
f 265 1025 1022
f 266 1028 1025
f 267 1022 1028
f 1025 1028 1022
f 70 1020 1006
f 263 1030 1020
f 260 1006 1030
f 1020 1030 1006
f 71 1029 1015
f 266 1031 1029
f 263 1015 1031
f 1029 1031 1015
f 72 1011 1024
f 260 1032 1011
f 266 1024 1032
f 1011 1032 1024
f 263 1031 1030
f 266 1032 1031
f 260 1030 1032
f 1031 1032 1030
f 19 994 958
f 258 1033 994
f 247 958 1033
f 994 1033 958
f 69 1034 997
f 268 1035 1034
f 258 997 1035
f 1034 1035 997
f 66 962 1037
f 247 1036 962
f 268 1037 1036
f 962 1036 1037
f 258 1035 1033
f 268 1036 1035
f 247 1033 1036
f 1035 1036 1033
f 20 1023 984
f 267 1038 1023
f 254 984 1038
f 1023 1038 984
f 71 1039 1027
f 269 1040 1039
f 267 1027 1040
f 1039 1040 1027
f 69 989 1042
f 254 1041 989
f 269 1042 1041
f 989 1041 1042
f 267 1040 1038
f 269 1041 1040
f 254 1038 1041
f 1040 1041 1038
f 21 967 1012
f 251 1043 967
f 262 1012 1043
f 967 1043 1012
f 66 1044 971
f 270 1045 1044
f 251 971 1045
f 1044 1045 971
f 71 1017 1047
f 262 1046 1017
f 270 1047 1046
f 1017 1046 1047
f 251 1045 1043
f 270 1046 1045
f 262 1043 1046
f 1045 1046 1043
f 69 1042 1034
f 269 1048 1042
f 268 1034 1048
f 1042 1048 1034
f 71 1047 1039
f 270 1049 1047
f 269 1039 1049
f 1047 1049 1039
f 66 1037 1044
f 268 1050 1037
f 270 1044 1050
f 1037 1050 1044
f 269 1049 1048
f 270 1050 1049
f 268 1048 1050
f 1049 1050 1048
f 1 952 643
f 246 1051 952
f 163 643 1051
f 952 1051 643
f 67 1052 955
f 271 1053 1052
f 246 955 1053
f 1052 1053 955
f 43 648 1055
f 163 1054 648
f 271 1055 1054
f 648 1054 1055
f 246 1053 1051
f 271 1054 1053
f 163 1051 1054
f 1053 1054 1051
f 21 1056 965
f 272 1057 1056
f 249 965 1057
f 1056 1057 965
f 73 1058 1060
f 273 1059 1058
f 272 1060 1059
f 1058 1059 1060
f 67 970 1062
f 249 1061 970
f 273 1062 1061
f 970 1061 1062
f 272 1059 1057
f 273 1061 1059
f 249 1057 1061
f 1059 1061 1057
f 13 654 1064
f 168 1063 654
f 275 1064 1063
f 654 1063 1064
f 43 1065 658
f 274 1066 1065
f 168 658 1066
f 1065 1066 658
f 73 1067 1069
f 275 1068 1067
f 274 1069 1068
f 1067 1068 1069
f 168 1066 1063
f 274 1068 1066
f 275 1063 1068
f 1066 1068 1063
f 67 1062 1052
f 273 1070 1062
f 271 1052 1070
f 1062 1070 1052
f 73 1069 1058
f 274 1071 1069
f 273 1058 1071
f 1069 1071 1058
f 43 1055 1065
f 271 1072 1055
f 274 1065 1072
f 1055 1072 1065
f 273 1071 1070
f 274 1072 1071
f 271 1070 1072
f 1071 1072 1070
f 11 1073 1003
f 276 1074 1073
f 259 1003 1074
f 1073 1074 1003
f 74 1075 1077
f 277 1076 1075
f 276 1077 1076
f 1075 1076 1077
f 70 1008 1079
f 259 1078 1008
f 277 1079 1078
f 1008 1078 1079
f 276 1076 1074
f 277 1078 1076
f 259 1074 1078
f 1076 1078 1074
f 22 1080 1082
f 278 1081 1080
f 280 1082 1081
f 1080 1081 1082
f 75 1083 1085
f 279 1084 1083
f 278 1085 1084
f 1083 1084 1085
f 74 1086 1088
f 280 1087 1086
f 279 1088 1087
f 1086 1087 1088
f 278 1084 1081
f 279 1087 1084
f 280 1081 1087
f 1084 1087 1081
f 21 1014 1090
f 264 1089 1014
f 282 1090 1089
f 1014 1089 1090
f 70 1091 1018
f 281 1092 1091
f 264 1018 1092
f 1091 1092 1018
f 75 1093 1095
f 282 1094 1093
f 281 1095 1094
f 1093 1094 1095
f 264 1092 1089
f 281 1094 1092
f 282 1089 1094
f 1092 1094 1089
f 74 1088 1075
f 279 1096 1088
f 277 1075 1096
f 1088 1096 1075
f 75 1095 1083
f 281 1097 1095
f 279 1083 1097
f 1095 1097 1083
f 70 1079 1091
f 277 1098 1079
f 281 1091 1098
f 1079 1098 1091
f 279 1097 1096
f 281 1098 1097
f 277 1096 1098
f 1097 1098 1096
f 12 675 1100
f 174 1099 675
f 284 1100 1099
f 675 1099 1100
f 48 1101 679
f 283 1102 1101
f 174 679 1102
f 1101 1102 679
f 77 1103 1105
f 284 1104 1103
f 283 1105 1104
f 1103 1104 1105
f 174 1102 1099
f 283 1104 1102
f 284 1099 1104
f 1102 1104 1099
f 13 1106 691
f 285 1107 1106
f 178 691 1107
f 1106 1107 691
f 76 1108 1110
f 286 1109 1108
f 285 1110 1109
f 1108 1109 1110
f 48 696 1112
f 178 1111 696
f 286 1112 1111
f 696 1111 1112
f 285 1109 1107
f 286 1111 1109
f 178 1107 1111
f 1109 1111 1107
f 22 1113 1115
f 287 1114 1113
f 289 1115 1114
f 1113 1114 1115
f 77 1116 1118
f 288 1117 1116
f 287 1118 1117
f 1116 1117 1118
f 76 1119 1121
f 289 1120 1119
f 288 1121 1120
f 1119 1120 1121
f 287 1117 1114
f 288 1120 1117
f 289 1114 1120
f 1117 1120 1114
f 48 1112 1101
f 286 1122 1112
f 283 1101 1122
f 1112 1122 1101
f 76 1121 1108
f 288 1123 1121
f 286 1108 1123
f 1121 1123 1108
f 77 1105 1116
f 283 1124 1105
f 288 1116 1124
f 1105 1124 1116
f 286 1123 1122
f 288 1124 1123
f 283 1122 1124
f 1123 1124 1122
f 21 1090 1056
f 282 1125 1090
f 272 1056 1125
f 1090 1125 1056
f 75 1126 1093
f 290 1127 1126
f 282 1093 1127
f 1126 1127 1093
f 73 1060 1129
f 272 1128 1060
f 290 1129 1128
f 1060 1128 1129
f 282 1127 1125
f 290 1128 1127
f 272 1125 1128
f 1127 1128 1125
f 22 1115 1080
f 289 1130 1115
f 278 1080 1130
f 1115 1130 1080
f 76 1131 1119
f 291 1132 1131
f 289 1119 1132
f 1131 1132 1119
f 75 1085 1134
f 278 1133 1085
f 291 1134 1133
f 1085 1133 1134
f 289 1132 1130
f 291 1133 1132
f 278 1130 1133
f 1132 1133 1130
f 13 1064 1106
f 275 1135 1064
f 285 1106 1135
f 1064 1135 1106
f 73 1136 1067
f 292 1137 1136
f 275 1067 1137
f 1136 1137 1067
f 76 1110 1139
f 285 1138 1110
f 292 1139 1138
f 1110 1138 1139
f 275 1137 1135
f 292 1138 1137
f 285 1135 1138
f 1137 1138 1135
f 75 1134 1126
f 291 1140 1134
f 290 1126 1140
f 1134 1140 1126
f 76 1139 1131
f 292 1141 1139
f 291 1131 1141
f 1139 1141 1131
f 73 1129 1136
f 290 1142 1129
f 292 1136 1142
f 1129 1142 1136
f 291 1141 1140
f 292 1142 1141
f 290 1140 1142
f 1141 1142 1140
f 2 805 1144
f 209 1143 805
f 294 1144 1143
f 805 1143 1144
f 58 1145 809
f 293 1146 1145
f 209 809 1146
f 1145 1146 809
f 79 1147 1149
f 294 1148 1147
f 293 1149 1148
f 1147 1148 1149
f 209 1146 1143
f 293 1148 1146
f 294 1143 1148
f 1146 1148 1143
f 16 1150 821
f 295 1151 1150
f 213 821 1151
f 1150 1151 821
f 78 1152 1154
f 296 1153 1152
f 295 1154 1153
f 1152 1153 1154
f 58 826 1156
f 213 1155 826
f 296 1156 1155
f 826 1155 1156
f 295 1153 1151
f 296 1155 1153
f 213 1151 1155
f 1153 1155 1151
f 24 1157 1159
f 297 1158 1157
f 299 1159 1158
f 1157 1158 1159
f 79 1160 1162
f 298 1161 1160
f 297 1162 1161
f 1160 1161 1162
f 78 1163 1165
f 299 1164 1163
f 298 1165 1164
f 1163 1164 1165
f 297 1161 1158
f 298 1164 1161
f 299 1158 1164
f 1161 1164 1158
f 58 1156 1145
f 296 1166 1156
f 293 1145 1166
f 1156 1166 1145
f 78 1165 1152
f 298 1167 1165
f 296 1152 1167
f 1165 1167 1152
f 79 1149 1160
f 293 1168 1149
f 298 1160 1168
f 1149 1168 1160
f 296 1167 1166
f 298 1168 1167
f 293 1166 1168
f 1167 1168 1166
f 6 1169 777
f 300 1170 1169
f 200 777 1170
f 1169 1170 777
f 80 1171 1173
f 301 1172 1171
f 300 1173 1172
f 1171 1172 1173
f 54 781 1175
f 200 1174 781
f 301 1175 1174
f 781 1174 1175
f 300 1172 1170
f 301 1174 1172
f 200 1170 1174
f 1172 1174 1170
f 23 1176 1178
f 302 1177 1176
f 304 1178 1177
f 1176 1177 1178
f 81 1179 1181
f 303 1180 1179
f 302 1181 1180
f 1179 1180 1181
f 80 1182 1184
f 304 1183 1182
f 303 1184 1183
f 1182 1183 1184
f 302 1180 1177
f 303 1183 1180
f 304 1177 1183
f 1180 1183 1177
f 16 786 1186
f 204 1185 786
f 306 1186 1185
f 786 1185 1186
f 54 1187 790
f 305 1188 1187
f 204 790 1188
f 1187 1188 790
f 81 1189 1191
f 306 1190 1189
f 305 1191 1190
f 1189 1190 1191
f 204 1188 1185
f 305 1190 1188
f 306 1185 1190
f 1188 1190 1185
f 80 1184 1171
f 303 1192 1184
f 301 1171 1192
f 1184 1192 1171
f 81 1191 1179
f 305 1193 1191
f 303 1179 1193
f 1191 1193 1179
f 54 1175 1187
f 301 1194 1175
f 305 1187 1194
f 1175 1194 1187
f 303 1193 1192
f 305 1194 1193
f 301 1192 1194
f 1193 1194 1192
f 10 1195 1197
f 307 1196 1195
f 309 1197 1196
f 1195 1196 1197
f 82 1198 1200
f 308 1199 1198
f 307 1200 1199
f 1198 1199 1200
f 84 1201 1203
f 309 1202 1201
f 308 1203 1202
f 1201 1202 1203
f 307 1199 1196
f 308 1202 1199
f 309 1196 1202
f 1199 1202 1196
f 24 1204 1206
f 310 1205 1204
f 312 1206 1205
f 1204 1205 1206
f 83 1207 1209
f 311 1208 1207
f 310 1209 1208
f 1207 1208 1209
f 82 1210 1212
f 312 1211 1210
f 311 1212 1211
f 1210 1211 1212
f 310 1208 1205
f 311 1211 1208
f 312 1205 1211
f 1208 1211 1205
f 23 1213 1215
f 313 1214 1213
f 315 1215 1214
f 1213 1214 1215
f 84 1216 1218
f 314 1217 1216
f 313 1218 1217
f 1216 1217 1218
f 83 1219 1221
f 315 1220 1219
f 314 1221 1220
f 1219 1220 1221
f 313 1217 1214
f 314 1220 1217
f 315 1214 1220
f 1217 1220 1214
f 82 1212 1198
f 311 1222 1212
f 308 1198 1222
f 1212 1222 1198
f 83 1221 1207
f 314 1223 1221
f 311 1207 1223
f 1221 1223 1207
f 84 1203 1216
f 308 1224 1203
f 314 1216 1224
f 1203 1224 1216
f 311 1223 1222
f 314 1224 1223
f 308 1222 1224
f 1223 1224 1222
f 16 1186 1150
f 306 1225 1186
f 295 1150 1225
f 1186 1225 1150
f 81 1226 1189
f 316 1227 1226
f 306 1189 1227
f 1226 1227 1189
f 78 1154 1229
f 295 1228 1154
f 316 1229 1228
f 1154 1228 1229
f 306 1227 1225
f 316 1228 1227
f 295 1225 1228
f 1227 1228 1225
f 23 1215 1176
f 315 1230 1215
f 302 1176 1230
f 1215 1230 1176
f 83 1231 1219
f 317 1232 1231
f 315 1219 1232
f 1231 1232 1219
f 81 1181 1234
f 302 1233 1181
f 317 1234 1233
f 1181 1233 1234
f 315 1232 1230
f 317 1233 1232
f 302 1230 1233
f 1232 1233 1230
f 24 1159 1204
f 299 1235 1159
f 310 1204 1235
f 1159 1235 1204
f 78 1236 1163
f 318 1237 1236
f 299 1163 1237
f 1236 1237 1163
f 83 1209 1239
f 310 1238 1209
f 318 1239 1238
f 1209 1238 1239
f 299 1237 1235
f 318 1238 1237
f 310 1235 1238
f 1237 1238 1235
f 81 1234 1226
f 317 1240 1234
f 316 1226 1240
f 1234 1240 1226
f 83 1239 1231
f 318 1241 1239
f 317 1231 1241
f 1239 1241 1231
f 78 1229 1236
f 316 1242 1229
f 318 1236 1242
f 1229 1242 1236
f 317 1241 1240
f 318 1242 1241
f 316 1240 1242
f 1241 1242 1240
f 6 705 1244
f 183 1243 705
f 320 1244 1243
f 705 1243 1244
f 51 1245 709
f 319 1246 1245
f 183 709 1246
f 1245 1246 709
f 86 1247 1249
f 320 1248 1247
f 319 1249 1248
f 1247 1248 1249
f 183 1246 1243
f 319 1248 1246
f 320 1243 1248
f 1246 1248 1243
f 14 1250 721
f 321 1251 1250
f 187 721 1251
f 1250 1251 721
f 85 1252 1254
f 322 1253 1252
f 321 1254 1253
f 1252 1253 1254
f 51 726 1256
f 187 1255 726
f 322 1256 1255
f 726 1255 1256
f 321 1253 1251
f 322 1255 1253
f 187 1251 1255
f 1253 1255 1251
f 26 1257 1259
f 323 1258 1257
f 325 1259 1258
f 1257 1258 1259
f 86 1260 1262
f 324 1261 1260
f 323 1262 1261
f 1260 1261 1262
f 85 1263 1265
f 325 1264 1263
f 324 1265 1264
f 1263 1264 1265
f 323 1261 1258
f 324 1264 1261
f 325 1258 1264
f 1261 1264 1258
f 51 1256 1245
f 322 1266 1256
f 319 1245 1266
f 1256 1266 1245
f 85 1265 1252
f 324 1267 1265
f 322 1252 1267
f 1265 1267 1252
f 86 1249 1260
f 319 1268 1249
f 324 1260 1268
f 1249 1268 1260
f 322 1267 1266
f 324 1268 1267
f 319 1266 1268
f 1267 1268 1266
f 12 1269 673
f 326 1270 1269
f 172 673 1270
f 1269 1270 673
f 87 1271 1273
f 327 1272 1271
f 326 1273 1272
f 1271 1272 1273
f 46 678 1275
f 172 1274 678
f 327 1275 1274
f 678 1274 1275
f 326 1272 1270
f 327 1274 1272
f 172 1270 1274
f 1272 1274 1270
f 25 1276 1278
f 328 1277 1276
f 330 1278 1277
f 1276 1277 1278
f 88 1279 1281
f 329 1280 1279
f 328 1281 1280
f 1279 1280 1281
f 87 1282 1284
f 330 1283 1282
f 329 1284 1283
f 1282 1283 1284
f 328 1280 1277
f 329 1283 1280
f 330 1277 1283
f 1280 1283 1277
f 14 684 1286
f 177 1285 684
f 332 1286 1285
f 684 1285 1286
f 46 1287 688
f 331 1288 1287
f 177 688 1288
f 1287 1288 688
f 88 1289 1291
f 332 1290 1289
f 331 1291 1290
f 1289 1290 1291
f 177 1288 1285
f 331 1290 1288
f 332 1285 1290
f 1288 1290 1285
f 87 1284 1271
f 329 1292 1284
f 327 1271 1292
f 1284 1292 1271
f 88 1291 1279
f 331 1293 1291
f 329 1279 1293
f 1291 1293 1279
f 46 1275 1287
f 327 1294 1275
f 331 1287 1294
f 1275 1294 1287
f 329 1293 1292
f 331 1294 1293
f 327 1292 1294
f 1293 1294 1292
f 5 1295 1297
f 333 1296 1295
f 335 1297 1296
f 1295 1296 1297
f 89 1298 1300
f 334 1299 1298
f 333 1300 1299
f 1298 1299 1300
f 91 1301 1303
f 335 1302 1301
f 334 1303 1302
f 1301 1302 1303
f 333 1299 1296
f 334 1302 1299
f 335 1296 1302
f 1299 1302 1296
f 26 1304 1306
f 336 1305 1304
f 338 1306 1305
f 1304 1305 1306
f 90 1307 1309
f 337 1308 1307
f 336 1309 1308
f 1307 1308 1309
f 89 1310 1312
f 338 1311 1310
f 337 1312 1311
f 1310 1311 1312
f 336 1308 1305
f 337 1311 1308
f 338 1305 1311
f 1308 1311 1305
f 25 1313 1315
f 339 1314 1313
f 341 1315 1314
f 1313 1314 1315
f 91 1316 1318
f 340 1317 1316
f 339 1318 1317
f 1316 1317 1318
f 90 1319 1321
f 341 1320 1319
f 340 1321 1320
f 1319 1320 1321
f 339 1317 1314
f 340 1320 1317
f 341 1314 1320
f 1317 1320 1314
f 89 1312 1298
f 337 1322 1312
f 334 1298 1322
f 1312 1322 1298
f 90 1321 1307
f 340 1323 1321
f 337 1307 1323
f 1321 1323 1307
f 91 1303 1316
f 334 1324 1303
f 340 1316 1324
f 1303 1324 1316
f 337 1323 1322
f 340 1324 1323
f 334 1322 1324
f 1323 1324 1322
f 14 1286 1250
f 332 1325 1286
f 321 1250 1325
f 1286 1325 1250
f 88 1326 1289
f 342 1327 1326
f 332 1289 1327
f 1326 1327 1289
f 85 1254 1329
f 321 1328 1254
f 342 1329 1328
f 1254 1328 1329
f 332 1327 1325
f 342 1328 1327
f 321 1325 1328
f 1327 1328 1325
f 25 1315 1276
f 341 1330 1315
f 328 1276 1330
f 1315 1330 1276
f 90 1331 1319
f 343 1332 1331
f 341 1319 1332
f 1331 1332 1319
f 88 1281 1334
f 328 1333 1281
f 343 1334 1333
f 1281 1333 1334
f 341 1332 1330
f 343 1333 1332
f 328 1330 1333
f 1332 1333 1330
f 26 1259 1304
f 325 1335 1259
f 336 1304 1335
f 1259 1335 1304
f 85 1336 1263
f 344 1337 1336
f 325 1263 1337
f 1336 1337 1263
f 90 1309 1339
f 336 1338 1309
f 344 1339 1338
f 1309 1338 1339
f 325 1337 1335
f 344 1338 1337
f 336 1335 1338
f 1337 1338 1335
f 88 1334 1326
f 343 1340 1334
f 342 1326 1340
f 1334 1340 1326
f 90 1339 1331
f 344 1341 1339
f 343 1331 1341
f 1339 1341 1331
f 85 1329 1336
f 342 1342 1329
f 344 1336 1342
f 1329 1342 1336
f 343 1341 1340
f 344 1342 1341
f 342 1340 1342
f 1341 1342 1340
f 12 1100 1344
f 284 1343 1100
f 346 1344 1343
f 1100 1343 1344
f 77 1345 1103
f 345 1346 1345
f 284 1103 1346
f 1345 1346 1103
f 93 1347 1349
f 346 1348 1347
f 345 1349 1348
f 1347 1348 1349
f 284 1346 1343
f 345 1348 1346
f 346 1343 1348
f 1346 1348 1343
f 22 1350 1113
f 347 1351 1350
f 287 1113 1351
f 1350 1351 1113
f 92 1352 1354
f 348 1353 1352
f 347 1354 1353
f 1352 1353 1354
f 77 1118 1356
f 287 1355 1118
f 348 1356 1355
f 1118 1355 1356
f 347 1353 1351
f 348 1355 1353
f 287 1351 1355
f 1353 1355 1351
f 28 1357 1359
f 349 1358 1357
f 351 1359 1358
f 1357 1358 1359
f 93 1360 1362
f 350 1361 1360
f 349 1362 1361
f 1360 1361 1362
f 92 1363 1365
f 351 1364 1363
f 350 1365 1364
f 1363 1364 1365
f 349 1361 1358
f 350 1364 1361
f 351 1358 1364
f 1361 1364 1358
f 77 1356 1345
f 348 1366 1356
f 345 1345 1366
f 1356 1366 1345
f 92 1365 1352
f 350 1367 1365
f 348 1352 1367
f 1365 1367 1352
f 93 1349 1360
f 345 1368 1349
f 350 1360 1368
f 1349 1368 1360
f 348 1367 1366
f 350 1368 1367
f 345 1366 1368
f 1367 1368 1366
f 11 1369 1073
f 352 1370 1369
f 276 1073 1370
f 1369 1370 1073
f 94 1371 1373
f 353 1372 1371
f 352 1373 1372
f 1371 1372 1373
f 74 1077 1375
f 276 1374 1077
f 353 1375 1374
f 1077 1374 1375
f 352 1372 1370
f 353 1374 1372
f 276 1370 1374
f 1372 1374 1370
f 27 1376 1378
f 354 1377 1376
f 356 1378 1377
f 1376 1377 1378
f 95 1379 1381
f 355 1380 1379
f 354 1381 1380
f 1379 1380 1381
f 94 1382 1384
f 356 1383 1382
f 355 1384 1383
f 1382 1383 1384
f 354 1380 1377
f 355 1383 1380
f 356 1377 1383
f 1380 1383 1377
f 22 1082 1386
f 280 1385 1082
f 358 1386 1385
f 1082 1385 1386
f 74 1387 1086
f 357 1388 1387
f 280 1086 1388
f 1387 1388 1086
f 95 1389 1391
f 358 1390 1389
f 357 1391 1390
f 1389 1390 1391
f 280 1388 1385
f 357 1390 1388
f 358 1385 1390
f 1388 1390 1385
f 94 1384 1371
f 355 1392 1384
f 353 1371 1392
f 1384 1392 1371
f 95 1391 1379
f 357 1393 1391
f 355 1379 1393
f 1391 1393 1379
f 74 1375 1387
f 353 1394 1375
f 357 1387 1394
f 1375 1394 1387
f 355 1393 1392
f 357 1394 1393
f 353 1392 1394
f 1393 1394 1392
f 3 1395 1397
f 359 1396 1395
f 361 1397 1396
f 1395 1396 1397
f 96 1398 1400
f 360 1399 1398
f 359 1400 1399
f 1398 1399 1400
f 98 1401 1403
f 361 1402 1401
f 360 1403 1402
f 1401 1402 1403
f 359 1399 1396
f 360 1402 1399
f 361 1396 1402
f 1399 1402 1396
f 28 1404 1406
f 362 1405 1404
f 364 1406 1405
f 1404 1405 1406
f 97 1407 1409
f 363 1408 1407
f 362 1409 1408
f 1407 1408 1409
f 96 1410 1412
f 364 1411 1410
f 363 1412 1411
f 1410 1411 1412
f 362 1408 1405
f 363 1411 1408
f 364 1405 1411
f 1408 1411 1405
f 27 1413 1415
f 365 1414 1413
f 367 1415 1414
f 1413 1414 1415
f 98 1416 1418
f 366 1417 1416
f 365 1418 1417
f 1416 1417 1418
f 97 1419 1421
f 367 1420 1419
f 366 1421 1420
f 1419 1420 1421
f 365 1417 1414
f 366 1420 1417
f 367 1414 1420
f 1417 1420 1414
f 96 1412 1398
f 363 1422 1412
f 360 1398 1422
f 1412 1422 1398
f 97 1421 1407
f 366 1423 1421
f 363 1407 1423
f 1421 1423 1407
f 98 1403 1416
f 360 1424 1403
f 366 1416 1424
f 1403 1424 1416
f 363 1423 1422
f 366 1424 1423
f 360 1422 1424
f 1423 1424 1422
f 22 1386 1350
f 358 1425 1386
f 347 1350 1425
f 1386 1425 1350
f 95 1426 1389
f 368 1427 1426
f 358 1389 1427
f 1426 1427 1389
f 92 1354 1429
f 347 1428 1354
f 368 1429 1428
f 1354 1428 1429
f 358 1427 1425
f 368 1428 1427
f 347 1425 1428
f 1427 1428 1425
f 27 1415 1376
f 367 1430 1415
f 354 1376 1430
f 1415 1430 1376
f 97 1431 1419
f 369 1432 1431
f 367 1419 1432
f 1431 1432 1419
f 95 1381 1434
f 354 1433 1381
f 369 1434 1433
f 1381 1433 1434
f 367 1432 1430
f 369 1433 1432
f 354 1430 1433
f 1432 1433 1430
f 28 1359 1404
f 351 1435 1359
f 362 1404 1435
f 1359 1435 1404
f 92 1436 1363
f 370 1437 1436
f 351 1363 1437
f 1436 1437 1363
f 97 1409 1439
f 362 1438 1409
f 370 1439 1438
f 1409 1438 1439
f 351 1437 1435
f 370 1438 1437
f 362 1435 1438
f 1437 1438 1435
f 95 1434 1426
f 369 1440 1434
f 368 1426 1440
f 1434 1440 1426
f 97 1439 1431
f 370 1441 1439
f 369 1431 1441
f 1439 1441 1431
f 92 1429 1436
f 368 1442 1429
f 370 1436 1442
f 1429 1442 1436
f 369 1441 1440
f 370 1442 1441
f 368 1440 1442
f 1441 1442 1440
f 11 1005 1444
f 261 1443 1005
f 372 1444 1443
f 1005 1443 1444
f 72 1445 1009
f 371 1446 1445
f 261 1009 1446
f 1445 1446 1009
f 100 1447 1449
f 372 1448 1447
f 371 1449 1448
f 1447 1448 1449
f 261 1446 1443
f 371 1448 1446
f 372 1443 1448
f 1446 1448 1443
f 20 1450 1021
f 373 1451 1450
f 265 1021 1451
f 1450 1451 1021
f 99 1452 1454
f 374 1453 1452
f 373 1454 1453
f 1452 1453 1454
f 72 1026 1456
f 265 1455 1026
f 374 1456 1455
f 1026 1455 1456
f 373 1453 1451
f 374 1455 1453
f 265 1451 1455
f 1453 1455 1451
f 30 1457 1459
f 375 1458 1457
f 377 1459 1458
f 1457 1458 1459
f 100 1460 1462
f 376 1461 1460
f 375 1462 1461
f 1460 1461 1462
f 99 1463 1465
f 377 1464 1463
f 376 1465 1464
f 1463 1464 1465
f 375 1461 1458
f 376 1464 1461
f 377 1458 1464
f 1461 1464 1458
f 72 1456 1445
f 374 1466 1456
f 371 1445 1466
f 1456 1466 1445
f 99 1465 1452
f 376 1467 1465
f 374 1452 1467
f 1465 1467 1452
f 100 1449 1460
f 371 1468 1449
f 376 1460 1468
f 1449 1468 1460
f 374 1467 1466
f 376 1468 1467
f 371 1466 1468
f 1467 1468 1466
f 8 1469 977
f 378 1470 1469
f 252 977 1470
f 1469 1470 977
f 101 1471 1473
f 379 1472 1471
f 378 1473 1472
f 1471 1472 1473
f 68 981 1475
f 252 1474 981
f 379 1475 1474
f 981 1474 1475
f 378 1472 1470
f 379 1474 1472
f 252 1470 1474
f 1472 1474 1470
f 29 1476 1478
f 380 1477 1476
f 382 1478 1477
f 1476 1477 1478
f 102 1479 1481
f 381 1480 1479
f 380 1481 1480
f 1479 1480 1481
f 101 1482 1484
f 382 1483 1482
f 381 1484 1483
f 1482 1483 1484
f 380 1480 1477
f 381 1483 1480
f 382 1477 1483
f 1480 1483 1477
f 20 986 1486
f 256 1485 986
f 384 1486 1485
f 986 1485 1486
f 68 1487 990
f 383 1488 1487
f 256 990 1488
f 1487 1488 990
f 102 1489 1491
f 384 1490 1489
f 383 1491 1490
f 1489 1490 1491
f 256 1488 1485
f 383 1490 1488
f 384 1485 1490
f 1488 1490 1485
f 101 1484 1471
f 381 1492 1484
f 379 1471 1492
f 1484 1492 1471
f 102 1491 1479
f 383 1493 1491
f 381 1479 1493
f 1491 1493 1479
f 68 1475 1487
f 379 1494 1475
f 383 1487 1494
f 1475 1494 1487
f 381 1493 1492
f 383 1494 1493
f 379 1492 1494
f 1493 1494 1492
f 7 1495 1497
f 385 1496 1495
f 387 1497 1496
f 1495 1496 1497
f 103 1498 1500
f 386 1499 1498
f 385 1500 1499
f 1498 1499 1500
f 105 1501 1503
f 387 1502 1501
f 386 1503 1502
f 1501 1502 1503
f 385 1499 1496
f 386 1502 1499
f 387 1496 1502
f 1499 1502 1496
f 30 1504 1506
f 388 1505 1504
f 390 1506 1505
f 1504 1505 1506
f 104 1507 1509
f 389 1508 1507
f 388 1509 1508
f 1507 1508 1509
f 103 1510 1512
f 390 1511 1510
f 389 1512 1511
f 1510 1511 1512
f 388 1508 1505
f 389 1511 1508
f 390 1505 1511
f 1508 1511 1505
f 29 1513 1515
f 391 1514 1513
f 393 1515 1514
f 1513 1514 1515
f 105 1516 1518
f 392 1517 1516
f 391 1518 1517
f 1516 1517 1518
f 104 1519 1521
f 393 1520 1519
f 392 1521 1520
f 1519 1520 1521
f 391 1517 1514
f 392 1520 1517
f 393 1514 1520
f 1517 1520 1514
f 103 1512 1498
f 389 1522 1512
f 386 1498 1522
f 1512 1522 1498
f 104 1521 1507
f 392 1523 1521
f 389 1507 1523
f 1521 1523 1507
f 105 1503 1516
f 386 1524 1503
f 392 1516 1524
f 1503 1524 1516
f 389 1523 1522
f 392 1524 1523
f 386 1522 1524
f 1523 1524 1522
f 20 1486 1450
f 384 1525 1486
f 373 1450 1525
f 1486 1525 1450
f 102 1526 1489
f 394 1527 1526
f 384 1489 1527
f 1526 1527 1489
f 99 1454 1529
f 373 1528 1454
f 394 1529 1528
f 1454 1528 1529
f 384 1527 1525
f 394 1528 1527
f 373 1525 1528
f 1527 1528 1525
f 29 1515 1476
f 393 1530 1515
f 380 1476 1530
f 1515 1530 1476
f 104 1531 1519
f 395 1532 1531
f 393 1519 1532
f 1531 1532 1519
f 102 1481 1534
f 380 1533 1481
f 395 1534 1533
f 1481 1533 1534
f 393 1532 1530
f 395 1533 1532
f 380 1530 1533
f 1532 1533 1530
f 30 1459 1504
f 377 1535 1459
f 388 1504 1535
f 1459 1535 1504
f 99 1536 1463
f 396 1537 1536
f 377 1463 1537
f 1536 1537 1463
f 104 1509 1539
f 388 1538 1509
f 396 1539 1538
f 1509 1538 1539
f 377 1537 1535
f 396 1538 1537
f 388 1535 1538
f 1537 1538 1535
f 102 1534 1526
f 395 1540 1534
f 394 1526 1540
f 1534 1540 1526
f 104 1539 1531
f 396 1541 1539
f 395 1531 1541
f 1539 1541 1531
f 99 1529 1536
f 394 1542 1529
f 396 1536 1542
f 1529 1542 1536
f 395 1541 1540
f 396 1542 1541
f 394 1540 1542
f 1541 1542 1540
f 8 905 1544
f 235 1543 905
f 398 1544 1543
f 905 1543 1544
f 65 1545 909
f 397 1546 1545
f 235 909 1546
f 1545 1546 909
f 107 1547 1549
f 398 1548 1547
f 397 1549 1548
f 1547 1548 1549
f 235 1546 1543
f 397 1548 1546
f 398 1543 1548
f 1546 1548 1543
f 18 1550 921
f 399 1551 1550
f 239 921 1551
f 1550 1551 921
f 106 1552 1554
f 400 1553 1552
f 399 1554 1553
f 1552 1553 1554
f 65 926 1556
f 239 1555 926
f 400 1556 1555
f 926 1555 1556
f 399 1553 1551
f 400 1555 1553
f 239 1551 1555
f 1553 1555 1551
f 32 1557 1559
f 401 1558 1557
f 403 1559 1558
f 1557 1558 1559
f 107 1560 1562
f 402 1561 1560
f 401 1562 1561
f 1560 1561 1562
f 106 1563 1565
f 403 1564 1563
f 402 1565 1564
f 1563 1564 1565
f 401 1561 1558
f 402 1564 1561
f 403 1558 1564
f 1561 1564 1558
f 65 1556 1545
f 400 1566 1556
f 397 1545 1566
f 1556 1566 1545
f 106 1565 1552
f 402 1567 1565
f 400 1552 1567
f 1565 1567 1552
f 107 1549 1560
f 397 1568 1549
f 402 1560 1568
f 1549 1568 1560
f 400 1567 1566
f 402 1568 1567
f 397 1566 1568
f 1567 1568 1566
f 2 1569 877
f 404 1570 1569
f 226 877 1570
f 1569 1570 877
f 108 1571 1573
f 405 1572 1571
f 404 1573 1572
f 1571 1572 1573
f 61 881 1575
f 226 1574 881
f 405 1575 1574
f 881 1574 1575
f 404 1572 1570
f 405 1574 1572
f 226 1570 1574
f 1572 1574 1570
f 31 1576 1578
f 406 1577 1576
f 408 1578 1577
f 1576 1577 1578
f 109 1579 1581
f 407 1580 1579
f 406 1581 1580
f 1579 1580 1581
f 108 1582 1584
f 408 1583 1582
f 407 1584 1583
f 1582 1583 1584
f 406 1580 1577
f 407 1583 1580
f 408 1577 1583
f 1580 1583 1577
f 18 886 1586
f 230 1585 886
f 410 1586 1585
f 886 1585 1586
f 61 1587 890
f 409 1588 1587
f 230 890 1588
f 1587 1588 890
f 109 1589 1591
f 410 1590 1589
f 409 1591 1590
f 1589 1590 1591
f 230 1588 1585
f 409 1590 1588
f 410 1585 1590
f 1588 1590 1585
f 108 1584 1571
f 407 1592 1584
f 405 1571 1592
f 1584 1592 1571
f 109 1591 1579
f 409 1593 1591
f 407 1579 1593
f 1591 1593 1579
f 61 1575 1587
f 405 1594 1575
f 409 1587 1594
f 1575 1594 1587
f 407 1593 1592
f 409 1594 1593
f 405 1592 1594
f 1593 1594 1592
f 9 1595 1597
f 411 1596 1595
f 413 1597 1596
f 1595 1596 1597
f 110 1598 1600
f 412 1599 1598
f 411 1600 1599
f 1598 1599 1600
f 112 1601 1603
f 413 1602 1601
f 412 1603 1602
f 1601 1602 1603
f 411 1599 1596
f 412 1602 1599
f 413 1596 1602
f 1599 1602 1596
f 32 1604 1606
f 414 1605 1604
f 416 1606 1605
f 1604 1605 1606
f 111 1607 1609
f 415 1608 1607
f 414 1609 1608
f 1607 1608 1609
f 110 1610 1612
f 416 1611 1610
f 415 1612 1611
f 1610 1611 1612
f 414 1608 1605
f 415 1611 1608
f 416 1605 1611
f 1608 1611 1605
f 31 1613 1615
f 417 1614 1613
f 419 1615 1614
f 1613 1614 1615
f 112 1616 1618
f 418 1617 1616
f 417 1618 1617
f 1616 1617 1618
f 111 1619 1621
f 419 1620 1619
f 418 1621 1620
f 1619 1620 1621
f 417 1617 1614
f 418 1620 1617
f 419 1614 1620
f 1617 1620 1614
f 110 1612 1598
f 415 1622 1612
f 412 1598 1622
f 1612 1622 1598
f 111 1621 1607
f 418 1623 1621
f 415 1607 1623
f 1621 1623 1607
f 112 1603 1616
f 412 1624 1603
f 418 1616 1624
f 1603 1624 1616
f 415 1623 1622
f 418 1624 1623
f 412 1622 1624
f 1623 1624 1622
f 18 1586 1550
f 410 1625 1586
f 399 1550 1625
f 1586 1625 1550
f 109 1626 1589
f 420 1627 1626
f 410 1589 1627
f 1626 1627 1589
f 106 1554 1629
f 399 1628 1554
f 420 1629 1628
f 1554 1628 1629
f 410 1627 1625
f 420 1628 1627
f 399 1625 1628
f 1627 1628 1625
f 31 1615 1576
f 419 1630 1615
f 406 1576 1630
f 1615 1630 1576
f 111 1631 1619
f 421 1632 1631
f 419 1619 1632
f 1631 1632 1619
f 109 1581 1634
f 406 1633 1581
f 421 1634 1633
f 1581 1633 1634
f 419 1632 1630
f 421 1633 1632
f 406 1630 1633
f 1632 1633 1630
f 32 1559 1604
f 403 1635 1559
f 414 1604 1635
f 1559 1635 1604
f 106 1636 1563
f 422 1637 1636
f 403 1563 1637
f 1636 1637 1563
f 111 1609 1639
f 414 1638 1609
f 422 1639 1638
f 1609 1638 1639
f 403 1637 1635
f 422 1638 1637
f 414 1635 1638
f 1637 1638 1635
f 109 1634 1626
f 421 1640 1634
f 420 1626 1640
f 1634 1640 1626
f 111 1639 1631
f 422 1641 1639
f 421 1631 1641
f 1639 1641 1631
f 106 1629 1636
f 420 1642 1629
f 422 1636 1642
f 1629 1642 1636
f 421 1641 1640
f 422 1642 1641
f 420 1640 1642
f 1641 1642 1640
f 4 1643 1645
f 423 1644 1643
f 425 1645 1644
f 1643 1644 1645
f 113 1646 1648
f 424 1647 1646
f 423 1648 1647
f 1646 1647 1648
f 115 1649 1651
f 425 1650 1649
f 424 1651 1650
f 1649 1650 1651
f 423 1647 1644
f 424 1650 1647
f 425 1644 1650
f 1647 1650 1644
f 33 1652 1654
f 426 1653 1652
f 428 1654 1653
f 1652 1653 1654
f 114 1655 1657
f 427 1656 1655
f 426 1657 1656
f 1655 1656 1657
f 113 1658 1660
f 428 1659 1658
f 427 1660 1659
f 1658 1659 1660
f 426 1656 1653
f 427 1659 1656
f 428 1653 1659
f 1656 1659 1653
f 35 1661 1663
f 429 1662 1661
f 431 1663 1662
f 1661 1662 1663
f 115 1664 1666
f 430 1665 1664
f 429 1666 1665
f 1664 1665 1666
f 114 1667 1669
f 431 1668 1667
f 430 1669 1668
f 1667 1668 1669
f 429 1665 1662
f 430 1668 1665
f 431 1662 1668
f 1665 1668 1662
f 113 1660 1646
f 427 1670 1660
f 424 1646 1670
f 1660 1670 1646
f 114 1669 1655
f 430 1671 1669
f 427 1655 1671
f 1669 1671 1655
f 115 1651 1664
f 424 1672 1651
f 430 1664 1672
f 1651 1672 1664
f 427 1671 1670
f 430 1672 1671
f 424 1670 1672
f 1671 1672 1670
f 10 1673 1675
f 432 1674 1673
f 434 1675 1674
f 1673 1674 1675
f 116 1676 1678
f 433 1677 1676
f 432 1678 1677
f 1676 1677 1678
f 118 1679 1681
f 434 1680 1679
f 433 1681 1680
f 1679 1680 1681
f 432 1677 1674
f 433 1680 1677
f 434 1674 1680
f 1677 1680 1674
f 34 1682 1684
f 435 1683 1682
f 437 1684 1683
f 1682 1683 1684
f 117 1685 1687
f 436 1686 1685
f 435 1687 1686
f 1685 1686 1687
f 116 1688 1690
f 437 1689 1688
f 436 1690 1689
f 1688 1689 1690
f 435 1686 1683
f 436 1689 1686
f 437 1683 1689
f 1686 1689 1683
f 33 1691 1693
f 438 1692 1691
f 440 1693 1692
f 1691 1692 1693
f 118 1694 1696
f 439 1695 1694
f 438 1696 1695
f 1694 1695 1696
f 117 1697 1699
f 440 1698 1697
f 439 1699 1698
f 1697 1698 1699
f 438 1695 1692
f 439 1698 1695
f 440 1692 1698
f 1695 1698 1692
f 116 1690 1676
f 436 1700 1690
f 433 1676 1700
f 1690 1700 1676
f 117 1699 1685
f 439 1701 1699
f 436 1685 1701
f 1699 1701 1685
f 118 1681 1694
f 433 1702 1681
f 439 1694 1702
f 1681 1702 1694
f 436 1701 1700
f 439 1702 1701
f 433 1700 1702
f 1701 1702 1700
f 5 1703 1705
f 441 1704 1703
f 443 1705 1704
f 1703 1704 1705
f 119 1706 1708
f 442 1707 1706
f 441 1708 1707
f 1706 1707 1708
f 121 1709 1711
f 443 1710 1709
f 442 1711 1710
f 1709 1710 1711
f 441 1707 1704
f 442 1710 1707
f 443 1704 1710
f 1707 1710 1704
f 35 1712 1714
f 444 1713 1712
f 446 1714 1713
f 1712 1713 1714
f 120 1715 1717
f 445 1716 1715
f 444 1717 1716
f 1715 1716 1717
f 119 1718 1720
f 446 1719 1718
f 445 1720 1719
f 1718 1719 1720
f 444 1716 1713
f 445 1719 1716
f 446 1713 1719
f 1716 1719 1713
f 34 1721 1723
f 447 1722 1721
f 449 1723 1722
f 1721 1722 1723
f 121 1724 1726
f 448 1725 1724
f 447 1726 1725
f 1724 1725 1726
f 120 1727 1729
f 449 1728 1727
f 448 1729 1728
f 1727 1728 1729
f 447 1725 1722
f 448 1728 1725
f 449 1722 1728
f 1725 1728 1722
f 119 1720 1706
f 445 1730 1720
f 442 1706 1730
f 1720 1730 1706
f 120 1729 1715
f 448 1731 1729
f 445 1715 1731
f 1729 1731 1715
f 121 1711 1724
f 442 1732 1711
f 448 1724 1732
f 1711 1732 1724
f 445 1731 1730
f 448 1732 1731
f 442 1730 1732
f 1731 1732 1730
f 33 1693 1652
f 440 1733 1693
f 426 1652 1733
f 1693 1733 1652
f 117 1734 1697
f 450 1735 1734
f 440 1697 1735
f 1734 1735 1697
f 114 1657 1737
f 426 1736 1657
f 450 1737 1736
f 1657 1736 1737
f 440 1735 1733
f 450 1736 1735
f 426 1733 1736
f 1735 1736 1733
f 34 1723 1682
f 449 1738 1723
f 435 1682 1738
f 1723 1738 1682
f 120 1739 1727
f 451 1740 1739
f 449 1727 1740
f 1739 1740 1727
f 117 1687 1742
f 435 1741 1687
f 451 1742 1741
f 1687 1741 1742
f 449 1740 1738
f 451 1741 1740
f 435 1738 1741
f 1740 1741 1738
f 35 1663 1712
f 431 1743 1663
f 444 1712 1743
f 1663 1743 1712
f 114 1744 1667
f 452 1745 1744
f 431 1667 1745
f 1744 1745 1667
f 120 1717 1747
f 444 1746 1717
f 452 1747 1746
f 1717 1746 1747
f 431 1745 1743
f 452 1746 1745
f 444 1743 1746
f 1745 1746 1743
f 117 1742 1734
f 451 1748 1742
f 450 1734 1748
f 1742 1748 1734
f 120 1747 1739
f 452 1749 1747
f 451 1739 1749
f 1747 1749 1739
f 114 1737 1744
f 450 1750 1737
f 452 1744 1750
f 1737 1750 1744
f 451 1749 1748
f 452 1750 1749
f 450 1748 1750
f 1749 1750 1748
f 4 1645 1752
f 425 1751 1645
f 454 1752 1751
f 1645 1751 1752
f 115 1753 1649
f 453 1754 1753
f 425 1649 1754
f 1753 1754 1649
f 123 1755 1757
f 454 1756 1755
f 453 1757 1756
f 1755 1756 1757
f 425 1754 1751
f 453 1756 1754
f 454 1751 1756
f 1754 1756 1751
f 35 1758 1661
f 455 1759 1758
f 429 1661 1759
f 1758 1759 1661
f 122 1760 1762
f 456 1761 1760
f 455 1762 1761
f 1760 1761 1762
f 115 1666 1764
f 429 1763 1666
f 456 1764 1763
f 1666 1763 1764
f 455 1761 1759
f 456 1763 1761
f 429 1759 1763
f 1761 1763 1759
f 37 1765 1767
f 457 1766 1765
f 459 1767 1766
f 1765 1766 1767
f 123 1768 1770
f 458 1769 1768
f 457 1770 1769
f 1768 1769 1770
f 122 1771 1773
f 459 1772 1771
f 458 1773 1772
f 1771 1772 1773
f 457 1769 1766
f 458 1772 1769
f 459 1766 1772
f 1769 1772 1766
f 115 1764 1753
f 456 1774 1764
f 453 1753 1774
f 1764 1774 1753
f 122 1773 1760
f 458 1775 1773
f 456 1760 1775
f 1773 1775 1760
f 123 1757 1768
f 453 1776 1757
f 458 1768 1776
f 1757 1776 1768
f 456 1775 1774
f 458 1776 1775
f 453 1774 1776
f 1775 1776 1774
f 5 1777 1703
f 460 1778 1777
f 441 1703 1778
f 1777 1778 1703
f 124 1779 1781
f 461 1780 1779
f 460 1781 1780
f 1779 1780 1781
f 119 1708 1783
f 441 1782 1708
f 461 1783 1782
f 1708 1782 1783
f 460 1780 1778
f 461 1782 1780
f 441 1778 1782
f 1780 1782 1778
f 36 1784 1786
f 462 1785 1784
f 464 1786 1785
f 1784 1785 1786
f 125 1787 1789
f 463 1788 1787
f 462 1789 1788
f 1787 1788 1789
f 124 1790 1792
f 464 1791 1790
f 463 1792 1791
f 1790 1791 1792
f 462 1788 1785
f 463 1791 1788
f 464 1785 1791
f 1788 1791 1785
f 35 1714 1794
f 446 1793 1714
f 466 1794 1793
f 1714 1793 1794
f 119 1795 1718
f 465 1796 1795
f 446 1718 1796
f 1795 1796 1718
f 125 1797 1799
f 466 1798 1797
f 465 1799 1798
f 1797 1798 1799
f 446 1796 1793
f 465 1798 1796
f 466 1793 1798
f 1796 1798 1793
f 124 1792 1779
f 463 1800 1792
f 461 1779 1800
f 1792 1800 1779
f 125 1799 1787
f 465 1801 1799
f 463 1787 1801
f 1799 1801 1787
f 119 1783 1795
f 461 1802 1783
f 465 1795 1802
f 1783 1802 1795
f 463 1801 1800
f 465 1802 1801
f 461 1800 1802
f 1801 1802 1800
f 3 1803 1805
f 467 1804 1803
f 469 1805 1804
f 1803 1804 1805
f 126 1806 1808
f 468 1807 1806
f 467 1808 1807
f 1806 1807 1808
f 128 1809 1811
f 469 1810 1809
f 468 1811 1810
f 1809 1810 1811
f 467 1807 1804
f 468 1810 1807
f 469 1804 1810
f 1807 1810 1804
f 37 1812 1814
f 470 1813 1812
f 472 1814 1813
f 1812 1813 1814
f 127 1815 1817
f 471 1816 1815
f 470 1817 1816
f 1815 1816 1817
f 126 1818 1820
f 472 1819 1818
f 471 1820 1819
f 1818 1819 1820
f 470 1816 1813
f 471 1819 1816
f 472 1813 1819
f 1816 1819 1813
f 36 1821 1823
f 473 1822 1821
f 475 1823 1822
f 1821 1822 1823
f 128 1824 1826
f 474 1825 1824
f 473 1826 1825
f 1824 1825 1826
f 127 1827 1829
f 475 1828 1827
f 474 1829 1828
f 1827 1828 1829
f 473 1825 1822
f 474 1828 1825
f 475 1822 1828
f 1825 1828 1822
f 126 1820 1806
f 471 1830 1820
f 468 1806 1830
f 1820 1830 1806
f 127 1829 1815
f 474 1831 1829
f 471 1815 1831
f 1829 1831 1815
f 128 1811 1824
f 468 1832 1811
f 474 1824 1832
f 1811 1832 1824
f 471 1831 1830
f 474 1832 1831
f 468 1830 1832
f 1831 1832 1830
f 35 1794 1758
f 466 1833 1794
f 455 1758 1833
f 1794 1833 1758
f 125 1834 1797
f 476 1835 1834
f 466 1797 1835
f 1834 1835 1797
f 122 1762 1837
f 455 1836 1762
f 476 1837 1836
f 1762 1836 1837
f 466 1835 1833
f 476 1836 1835
f 455 1833 1836
f 1835 1836 1833
f 36 1823 1784
f 475 1838 1823
f 462 1784 1838
f 1823 1838 1784
f 127 1839 1827
f 477 1840 1839
f 475 1827 1840
f 1839 1840 1827
f 125 1789 1842
f 462 1841 1789
f 477 1842 1841
f 1789 1841 1842
f 475 1840 1838
f 477 1841 1840
f 462 1838 1841
f 1840 1841 1838
f 37 1767 1812
f 459 1843 1767
f 470 1812 1843
f 1767 1843 1812
f 122 1844 1771
f 478 1845 1844
f 459 1771 1845
f 1844 1845 1771
f 127 1817 1847
f 470 1846 1817
f 478 1847 1846
f 1817 1846 1847
f 459 1845 1843
f 478 1846 1845
f 470 1843 1846
f 1845 1846 1843
f 125 1842 1834
f 477 1848 1842
f 476 1834 1848
f 1842 1848 1834
f 127 1847 1839
f 478 1849 1847
f 477 1839 1849
f 1847 1849 1839
f 122 1837 1844
f 476 1850 1837
f 478 1844 1850
f 1837 1850 1844
f 477 1849 1848
f 478 1850 1849
f 476 1848 1850
f 1849 1850 1848
f 4 1752 1852
f 454 1851 1752
f 480 1852 1851
f 1752 1851 1852
f 123 1853 1755
f 479 1854 1853
f 454 1755 1854
f 1853 1854 1755
f 130 1855 1857
f 480 1856 1855
f 479 1857 1856
f 1855 1856 1857
f 454 1854 1851
f 479 1856 1854
f 480 1851 1856
f 1854 1856 1851
f 37 1858 1765
f 481 1859 1858
f 457 1765 1859
f 1858 1859 1765
f 129 1860 1862
f 482 1861 1860
f 481 1862 1861
f 1860 1861 1862
f 123 1770 1864
f 457 1863 1770
f 482 1864 1863
f 1770 1863 1864
f 481 1861 1859
f 482 1863 1861
f 457 1859 1863
f 1861 1863 1859
f 39 1865 1867
f 483 1866 1865
f 485 1867 1866
f 1865 1866 1867
f 130 1868 1870
f 484 1869 1868
f 483 1870 1869
f 1868 1869 1870
f 129 1871 1873
f 485 1872 1871
f 484 1873 1872
f 1871 1872 1873
f 483 1869 1866
f 484 1872 1869
f 485 1866 1872
f 1869 1872 1866
f 123 1864 1853
f 482 1874 1864
f 479 1853 1874
f 1864 1874 1853
f 129 1873 1860
f 484 1875 1873
f 482 1860 1875
f 1873 1875 1860
f 130 1857 1868
f 479 1876 1857
f 484 1868 1876
f 1857 1876 1868
f 482 1875 1874
f 484 1876 1875
f 479 1874 1876
f 1875 1876 1874
f 3 1877 1803
f 486 1878 1877
f 467 1803 1878
f 1877 1878 1803
f 131 1879 1881
f 487 1880 1879
f 486 1881 1880
f 1879 1880 1881
f 126 1808 1883
f 467 1882 1808
f 487 1883 1882
f 1808 1882 1883
f 486 1880 1878
f 487 1882 1880
f 467 1878 1882
f 1880 1882 1878
f 38 1884 1886
f 488 1885 1884
f 490 1886 1885
f 1884 1885 1886
f 132 1887 1889
f 489 1888 1887
f 488 1889 1888
f 1887 1888 1889
f 131 1890 1892
f 490 1891 1890
f 489 1892 1891
f 1890 1891 1892
f 488 1888 1885
f 489 1891 1888
f 490 1885 1891
f 1888 1891 1885
f 37 1814 1894
f 472 1893 1814
f 492 1894 1893
f 1814 1893 1894
f 126 1895 1818
f 491 1896 1895
f 472 1818 1896
f 1895 1896 1818
f 132 1897 1899
f 492 1898 1897
f 491 1899 1898
f 1897 1898 1899
f 472 1896 1893
f 491 1898 1896
f 492 1893 1898
f 1896 1898 1893
f 131 1892 1879
f 489 1900 1892
f 487 1879 1900
f 1892 1900 1879
f 132 1899 1887
f 491 1901 1899
f 489 1887 1901
f 1899 1901 1887
f 126 1883 1895
f 487 1902 1883
f 491 1895 1902
f 1883 1902 1895
f 489 1901 1900
f 491 1902 1901
f 487 1900 1902
f 1901 1902 1900
f 7 1903 1905
f 493 1904 1903
f 495 1905 1904
f 1903 1904 1905
f 133 1906 1908
f 494 1907 1906
f 493 1908 1907
f 1906 1907 1908
f 135 1909 1911
f 495 1910 1909
f 494 1911 1910
f 1909 1910 1911
f 493 1907 1904
f 494 1910 1907
f 495 1904 1910
f 1907 1910 1904
f 39 1912 1914
f 496 1913 1912
f 498 1914 1913
f 1912 1913 1914
f 134 1915 1917
f 497 1916 1915
f 496 1917 1916
f 1915 1916 1917
f 133 1918 1920
f 498 1919 1918
f 497 1920 1919
f 1918 1919 1920
f 496 1916 1913
f 497 1919 1916
f 498 1913 1919
f 1916 1919 1913
f 38 1921 1923
f 499 1922 1921
f 501 1923 1922
f 1921 1922 1923
f 135 1924 1926
f 500 1925 1924
f 499 1926 1925
f 1924 1925 1926
f 134 1927 1929
f 501 1928 1927
f 500 1929 1928
f 1927 1928 1929
f 499 1925 1922
f 500 1928 1925
f 501 1922 1928
f 1925 1928 1922
f 133 1920 1906
f 497 1930 1920
f 494 1906 1930
f 1920 1930 1906
f 134 1929 1915
f 500 1931 1929
f 497 1915 1931
f 1929 1931 1915
f 135 1911 1924
f 494 1932 1911
f 500 1924 1932
f 1911 1932 1924
f 497 1931 1930
f 500 1932 1931
f 494 1930 1932
f 1931 1932 1930
f 37 1894 1858
f 492 1933 1894
f 481 1858 1933
f 1894 1933 1858
f 132 1934 1897
f 502 1935 1934
f 492 1897 1935
f 1934 1935 1897
f 129 1862 1937
f 481 1936 1862
f 502 1937 1936
f 1862 1936 1937
f 492 1935 1933
f 502 1936 1935
f 481 1933 1936
f 1935 1936 1933
f 38 1923 1884
f 501 1938 1923
f 488 1884 1938
f 1923 1938 1884
f 134 1939 1927
f 503 1940 1939
f 501 1927 1940
f 1939 1940 1927
f 132 1889 1942
f 488 1941 1889
f 503 1942 1941
f 1889 1941 1942
f 501 1940 1938
f 503 1941 1940
f 488 1938 1941
f 1940 1941 1938
f 39 1867 1912
f 485 1943 1867
f 496 1912 1943
f 1867 1943 1912
f 129 1944 1871
f 504 1945 1944
f 485 1871 1945
f 1944 1945 1871
f 134 1917 1947
f 496 1946 1917
f 504 1947 1946
f 1917 1946 1947
f 485 1945 1943
f 504 1946 1945
f 496 1943 1946
f 1945 1946 1943
f 132 1942 1934
f 503 1948 1942
f 502 1934 1948
f 1942 1948 1934
f 134 1947 1939
f 504 1949 1947
f 503 1939 1949
f 1947 1949 1939
f 129 1937 1944
f 502 1950 1937
f 504 1944 1950
f 1937 1950 1944
f 503 1949 1948
f 504 1950 1949
f 502 1948 1950
f 1949 1950 1948
f 4 1852 1952
f 480 1951 1852
f 506 1952 1951
f 1852 1951 1952
f 130 1953 1855
f 505 1954 1953
f 480 1855 1954
f 1953 1954 1855
f 137 1955 1957
f 506 1956 1955
f 505 1957 1956
f 1955 1956 1957
f 480 1954 1951
f 505 1956 1954
f 506 1951 1956
f 1954 1956 1951
f 39 1958 1865
f 507 1959 1958
f 483 1865 1959
f 1958 1959 1865
f 136 1960 1962
f 508 1961 1960
f 507 1962 1961
f 1960 1961 1962
f 130 1870 1964
f 483 1963 1870
f 508 1964 1963
f 1870 1963 1964
f 507 1961 1959
f 508 1963 1961
f 483 1959 1963
f 1961 1963 1959
f 41 1965 1967
f 509 1966 1965
f 511 1967 1966
f 1965 1966 1967
f 137 1968 1970
f 510 1969 1968
f 509 1970 1969
f 1968 1969 1970
f 136 1971 1973
f 511 1972 1971
f 510 1973 1972
f 1971 1972 1973
f 509 1969 1966
f 510 1972 1969
f 511 1966 1972
f 1969 1972 1966
f 130 1964 1953
f 508 1974 1964
f 505 1953 1974
f 1964 1974 1953
f 136 1973 1960
f 510 1975 1973
f 508 1960 1975
f 1973 1975 1960
f 137 1957 1968
f 505 1976 1957
f 510 1968 1976
f 1957 1976 1968
f 508 1975 1974
f 510 1976 1975
f 505 1974 1976
f 1975 1976 1974
f 7 1977 1903
f 512 1978 1977
f 493 1903 1978
f 1977 1978 1903
f 138 1979 1981
f 513 1980 1979
f 512 1981 1980
f 1979 1980 1981
f 133 1908 1983
f 493 1982 1908
f 513 1983 1982
f 1908 1982 1983
f 512 1980 1978
f 513 1982 1980
f 493 1978 1982
f 1980 1982 1978
f 40 1984 1986
f 514 1985 1984
f 516 1986 1985
f 1984 1985 1986
f 139 1987 1989
f 515 1988 1987
f 514 1989 1988
f 1987 1988 1989
f 138 1990 1992
f 516 1991 1990
f 515 1992 1991
f 1990 1991 1992
f 514 1988 1985
f 515 1991 1988
f 516 1985 1991
f 1988 1991 1985
f 39 1914 1994
f 498 1993 1914
f 518 1994 1993
f 1914 1993 1994
f 133 1995 1918
f 517 1996 1995
f 498 1918 1996
f 1995 1996 1918
f 139 1997 1999
f 518 1998 1997
f 517 1999 1998
f 1997 1998 1999
f 498 1996 1993
f 517 1998 1996
f 518 1993 1998
f 1996 1998 1993
f 138 1992 1979
f 515 2000 1992
f 513 1979 2000
f 1992 2000 1979
f 139 1999 1987
f 517 2001 1999
f 515 1987 2001
f 1999 2001 1987
f 133 1983 1995
f 513 2002 1983
f 517 1995 2002
f 1983 2002 1995
f 515 2001 2000
f 517 2002 2001
f 513 2000 2002
f 2001 2002 2000
f 9 2003 2005
f 519 2004 2003
f 521 2005 2004
f 2003 2004 2005
f 140 2006 2008
f 520 2007 2006
f 519 2008 2007
f 2006 2007 2008
f 142 2009 2011
f 521 2010 2009
f 520 2011 2010
f 2009 2010 2011
f 519 2007 2004
f 520 2010 2007
f 521 2004 2010
f 2007 2010 2004
f 41 2012 2014
f 522 2013 2012
f 524 2014 2013
f 2012 2013 2014
f 141 2015 2017
f 523 2016 2015
f 522 2017 2016
f 2015 2016 2017
f 140 2018 2020
f 524 2019 2018
f 523 2020 2019
f 2018 2019 2020
f 522 2016 2013
f 523 2019 2016
f 524 2013 2019
f 2016 2019 2013
f 40 2021 2023
f 525 2022 2021
f 527 2023 2022
f 2021 2022 2023
f 142 2024 2026
f 526 2025 2024
f 525 2026 2025
f 2024 2025 2026
f 141 2027 2029
f 527 2028 2027
f 526 2029 2028
f 2027 2028 2029
f 525 2025 2022
f 526 2028 2025
f 527 2022 2028
f 2025 2028 2022
f 140 2020 2006
f 523 2030 2020
f 520 2006 2030
f 2020 2030 2006
f 141 2029 2015
f 526 2031 2029
f 523 2015 2031
f 2029 2031 2015
f 142 2011 2024
f 520 2032 2011
f 526 2024 2032
f 2011 2032 2024
f 523 2031 2030
f 526 2032 2031
f 520 2030 2032
f 2031 2032 2030
f 39 1994 1958
f 518 2033 1994
f 507 1958 2033
f 1994 2033 1958
f 139 2034 1997
f 528 2035 2034
f 518 1997 2035
f 2034 2035 1997
f 136 1962 2037
f 507 2036 1962
f 528 2037 2036
f 1962 2036 2037
f 518 2035 2033
f 528 2036 2035
f 507 2033 2036
f 2035 2036 2033
f 40 2023 1984
f 527 2038 2023
f 514 1984 2038
f 2023 2038 1984
f 141 2039 2027
f 529 2040 2039
f 527 2027 2040
f 2039 2040 2027
f 139 1989 2042
f 514 2041 1989
f 529 2042 2041
f 1989 2041 2042
f 527 2040 2038
f 529 2041 2040
f 514 2038 2041
f 2040 2041 2038
f 41 1967 2012
f 511 2043 1967
f 522 2012 2043
f 1967 2043 2012
f 136 2044 1971
f 530 2045 2044
f 511 1971 2045
f 2044 2045 1971
f 141 2017 2047
f 522 2046 2017
f 530 2047 2046
f 2017 2046 2047
f 511 2045 2043
f 530 2046 2045
f 522 2043 2046
f 2045 2046 2043
f 139 2042 2034
f 529 2048 2042
f 528 2034 2048
f 2042 2048 2034
f 141 2047 2039
f 530 2049 2047
f 529 2039 2049
f 2047 2049 2039
f 136 2037 2044
f 528 2050 2037
f 530 2044 2050
f 2037 2050 2044
f 529 2049 2048
f 530 2050 2049
f 528 2048 2050
f 2049 2050 2048
f 4 1952 1643
f 506 2051 1952
f 423 1643 2051
f 1952 2051 1643
f 137 2052 1955
f 531 2053 2052
f 506 1955 2053
f 2052 2053 1955
f 113 1648 2055
f 423 2054 1648
f 531 2055 2054
f 1648 2054 2055
f 506 2053 2051
f 531 2054 2053
f 423 2051 2054
f 2053 2054 2051
f 41 2056 1965
f 532 2057 2056
f 509 1965 2057
f 2056 2057 1965
f 143 2058 2060
f 533 2059 2058
f 532 2060 2059
f 2058 2059 2060
f 137 1970 2062
f 509 2061 1970
f 533 2062 2061
f 1970 2061 2062
f 532 2059 2057
f 533 2061 2059
f 509 2057 2061
f 2059 2061 2057
f 33 1654 2064
f 428 2063 1654
f 535 2064 2063
f 1654 2063 2064
f 113 2065 1658
f 534 2066 2065
f 428 1658 2066
f 2065 2066 1658
f 143 2067 2069
f 535 2068 2067
f 534 2069 2068
f 2067 2068 2069
f 428 2066 2063
f 534 2068 2066
f 535 2063 2068
f 2066 2068 2063
f 137 2062 2052
f 533 2070 2062
f 531 2052 2070
f 2062 2070 2052
f 143 2069 2058
f 534 2071 2069
f 533 2058 2071
f 2069 2071 2058
f 113 2055 2065
f 531 2072 2055
f 534 2065 2072
f 2055 2072 2065
f 533 2071 2070
f 534 2072 2071
f 531 2070 2072
f 2071 2072 2070
f 9 2073 2003
f 536 2074 2073
f 519 2003 2074
f 2073 2074 2003
f 144 2075 2077
f 537 2076 2075
f 536 2077 2076
f 2075 2076 2077
f 140 2008 2079
f 519 2078 2008
f 537 2079 2078
f 2008 2078 2079
f 536 2076 2074
f 537 2078 2076
f 519 2074 2078
f 2076 2078 2074
f 42 2080 2082
f 538 2081 2080
f 540 2082 2081
f 2080 2081 2082
f 145 2083 2085
f 539 2084 2083
f 538 2085 2084
f 2083 2084 2085
f 144 2086 2088
f 540 2087 2086
f 539 2088 2087
f 2086 2087 2088
f 538 2084 2081
f 539 2087 2084
f 540 2081 2087
f 2084 2087 2081
f 41 2014 2090
f 524 2089 2014
f 542 2090 2089
f 2014 2089 2090
f 140 2091 2018
f 541 2092 2091
f 524 2018 2092
f 2091 2092 2018
f 145 2093 2095
f 542 2094 2093
f 541 2095 2094
f 2093 2094 2095
f 524 2092 2089
f 541 2094 2092
f 542 2089 2094
f 2092 2094 2089
f 144 2088 2075
f 539 2096 2088
f 537 2075 2096
f 2088 2096 2075
f 145 2095 2083
f 541 2097 2095
f 539 2083 2097
f 2095 2097 2083
f 140 2079 2091
f 537 2098 2079
f 541 2091 2098
f 2079 2098 2091
f 539 2097 2096
f 541 2098 2097
f 537 2096 2098
f 2097 2098 2096
f 10 1675 2100
f 434 2099 1675
f 544 2100 2099
f 1675 2099 2100
f 118 2101 1679
f 543 2102 2101
f 434 1679 2102
f 2101 2102 1679
f 147 2103 2105
f 544 2104 2103
f 543 2105 2104
f 2103 2104 2105
f 434 2102 2099
f 543 2104 2102
f 544 2099 2104
f 2102 2104 2099
f 33 2106 1691
f 545 2107 2106
f 438 1691 2107
f 2106 2107 1691
f 146 2108 2110
f 546 2109 2108
f 545 2110 2109
f 2108 2109 2110
f 118 1696 2112
f 438 2111 1696
f 546 2112 2111
f 1696 2111 2112
f 545 2109 2107
f 546 2111 2109
f 438 2107 2111
f 2109 2111 2107
f 42 2113 2115
f 547 2114 2113
f 549 2115 2114
f 2113 2114 2115
f 147 2116 2118
f 548 2117 2116
f 547 2118 2117
f 2116 2117 2118
f 146 2119 2121
f 549 2120 2119
f 548 2121 2120
f 2119 2120 2121
f 547 2117 2114
f 548 2120 2117
f 549 2114 2120
f 2117 2120 2114
f 118 2112 2101
f 546 2122 2112
f 543 2101 2122
f 2112 2122 2101
f 146 2121 2108
f 548 2123 2121
f 546 2108 2123
f 2121 2123 2108
f 147 2105 2116
f 543 2124 2105
f 548 2116 2124
f 2105 2124 2116
f 546 2123 2122
f 548 2124 2123
f 543 2122 2124
f 2123 2124 2122
f 41 2090 2056
f 542 2125 2090
f 532 2056 2125
f 2090 2125 2056
f 145 2126 2093
f 550 2127 2126
f 542 2093 2127
f 2126 2127 2093
f 143 2060 2129
f 532 2128 2060
f 550 2129 2128
f 2060 2128 2129
f 542 2127 2125
f 550 2128 2127
f 532 2125 2128
f 2127 2128 2125
f 42 2115 2080
f 549 2130 2115
f 538 2080 2130
f 2115 2130 2080
f 146 2131 2119
f 551 2132 2131
f 549 2119 2132
f 2131 2132 2119
f 145 2085 2134
f 538 2133 2085
f 551 2134 2133
f 2085 2133 2134
f 549 2132 2130
f 551 2133 2132
f 538 2130 2133
f 2132 2133 2130
f 33 2064 2106
f 535 2135 2064
f 545 2106 2135
f 2064 2135 2106
f 143 2136 2067
f 552 2137 2136
f 535 2067 2137
f 2136 2137 2067
f 146 2110 2139
f 545 2138 2110
f 552 2139 2138
f 2110 2138 2139
f 535 2137 2135
f 552 2138 2137
f 545 2135 2138
f 2137 2138 2135
f 145 2134 2126
f 551 2140 2134
f 550 2126 2140
f 2134 2140 2126
f 146 2139 2131
f 552 2141 2139
f 551 2131 2141
f 2139 2141 2131
f 143 2129 2136
f 550 2142 2129
f 552 2136 2142
f 2129 2142 2136
f 551 2141 2140
f 552 2142 2141
f 550 2140 2142
f 2141 2142 2140
f 5 1705 1295
f 443 2143 1705
f 333 1295 2143
f 1705 2143 1295
f 121 2144 1709
f 553 2145 2144
f 443 1709 2145
f 2144 2145 1709
f 89 1300 2147
f 333 2146 1300
f 553 2147 2146
f 1300 2146 2147
f 443 2145 2143
f 553 2146 2145
f 333 2143 2146
f 2145 2146 2143
f 34 2148 1721
f 554 2149 2148
f 447 1721 2149
f 2148 2149 1721
f 148 2150 2152
f 555 2151 2150
f 554 2152 2151
f 2150 2151 2152
f 121 1726 2154
f 447 2153 1726
f 555 2154 2153
f 1726 2153 2154
f 554 2151 2149
f 555 2153 2151
f 447 2149 2153
f 2151 2153 2149
f 26 1306 2156
f 338 2155 1306
f 557 2156 2155
f 1306 2155 2156
f 89 2157 1310
f 556 2158 2157
f 338 1310 2158
f 2157 2158 1310
f 148 2159 2161
f 557 2160 2159
f 556 2161 2160
f 2159 2160 2161
f 338 2158 2155
f 556 2160 2158
f 557 2155 2160
f 2158 2160 2155
f 121 2154 2144
f 555 2162 2154
f 553 2144 2162
f 2154 2162 2144
f 148 2161 2150
f 556 2163 2161
f 555 2150 2163
f 2161 2163 2150
f 89 2147 2157
f 553 2164 2147
f 556 2157 2164
f 2147 2164 2157
f 555 2163 2162
f 556 2164 2163
f 553 2162 2164
f 2163 2164 2162
f 10 1197 1673
f 309 2165 1197
f 432 1673 2165
f 1197 2165 1673
f 84 2166 1201
f 558 2167 2166
f 309 1201 2167
f 2166 2167 1201
f 116 1678 2169
f 432 2168 1678
f 558 2169 2168
f 1678 2168 2169
f 309 2167 2165
f 558 2168 2167
f 432 2165 2168
f 2167 2168 2165
f 23 2170 1213
f 559 2171 2170
f 313 1213 2171
f 2170 2171 1213
f 149 2172 2174
f 560 2173 2172
f 559 2174 2173
f 2172 2173 2174
f 84 1218 2176
f 313 2175 1218
f 560 2176 2175
f 1218 2175 2176
f 559 2173 2171
f 560 2175 2173
f 313 2171 2175
f 2173 2175 2171
f 34 1684 2178
f 437 2177 1684
f 562 2178 2177
f 1684 2177 2178
f 116 2179 1688
f 561 2180 2179
f 437 1688 2180
f 2179 2180 1688
f 149 2181 2183
f 562 2182 2181
f 561 2183 2182
f 2181 2182 2183
f 437 2180 2177
f 561 2182 2180
f 562 2177 2182
f 2180 2182 2177
f 84 2176 2166
f 560 2184 2176
f 558 2166 2184
f 2176 2184 2166
f 149 2183 2172
f 561 2185 2183
f 560 2172 2185
f 2183 2185 2172
f 116 2169 2179
f 558 2186 2169
f 561 2179 2186
f 2169 2186 2179
f 560 2185 2184
f 561 2186 2185
f 558 2184 2186
f 2185 2186 2184
f 6 1244 1169
f 320 2187 1244
f 300 1169 2187
f 1244 2187 1169
f 86 2188 1247
f 563 2189 2188
f 320 1247 2189
f 2188 2189 1247
f 80 1173 2191
f 300 2190 1173
f 563 2191 2190
f 1173 2190 2191
f 320 2189 2187
f 563 2190 2189
f 300 2187 2190
f 2189 2190 2187
f 26 2192 1257
f 564 2193 2192
f 323 1257 2193
f 2192 2193 1257
f 150 2194 2196
f 565 2195 2194
f 564 2196 2195
f 2194 2195 2196
f 86 1262 2198
f 323 2197 1262
f 565 2198 2197
f 1262 2197 2198
f 564 2195 2193
f 565 2197 2195
f 323 2193 2197
f 2195 2197 2193
f 23 1178 2200
f 304 2199 1178
f 567 2200 2199
f 1178 2199 2200
f 80 2201 1182
f 566 2202 2201
f 304 1182 2202
f 2201 2202 1182
f 150 2203 2205
f 567 2204 2203
f 566 2205 2204
f 2203 2204 2205
f 304 2202 2199
f 566 2204 2202
f 567 2199 2204
f 2202 2204 2199
f 86 2198 2188
f 565 2206 2198
f 563 2188 2206
f 2198 2206 2188
f 150 2205 2194
f 566 2207 2205
f 565 2194 2207
f 2205 2207 2194
f 80 2191 2201
f 563 2208 2191
f 566 2201 2208
f 2191 2208 2201
f 565 2207 2206
f 566 2208 2207
f 563 2206 2208
f 2207 2208 2206
f 34 2178 2148
f 562 2209 2178
f 554 2148 2209
f 2178 2209 2148
f 149 2210 2181
f 568 2211 2210
f 562 2181 2211
f 2210 2211 2181
f 148 2152 2213
f 554 2212 2152
f 568 2213 2212
f 2152 2212 2213
f 562 2211 2209
f 568 2212 2211
f 554 2209 2212
f 2211 2212 2209
f 23 2200 2170
f 567 2214 2200
f 559 2170 2214
f 2200 2214 2170
f 150 2215 2203
f 569 2216 2215
f 567 2203 2216
f 2215 2216 2203
f 149 2174 2218
f 559 2217 2174
f 569 2218 2217
f 2174 2217 2218
f 567 2216 2214
f 569 2217 2216
f 559 2214 2217
f 2216 2217 2214
f 26 2156 2192
f 557 2219 2156
f 564 2192 2219
f 2156 2219 2192
f 148 2220 2159
f 570 2221 2220
f 557 2159 2221
f 2220 2221 2159
f 150 2196 2223
f 564 2222 2196
f 570 2223 2222
f 2196 2222 2223
f 557 2221 2219
f 570 2222 2221
f 564 2219 2222
f 2221 2222 2219
f 149 2218 2210
f 569 2224 2218
f 568 2210 2224
f 2218 2224 2210
f 150 2223 2215
f 570 2225 2223
f 569 2215 2225
f 2223 2225 2215
f 148 2213 2220
f 568 2226 2213
f 570 2220 2226
f 2213 2226 2220
f 569 2225 2224
f 570 2226 2225
f 568 2224 2226
f 2225 2226 2224
f 3 1805 1395
f 469 2227 1805
f 359 1395 2227
f 1805 2227 1395
f 128 2228 1809
f 571 2229 2228
f 469 1809 2229
f 2228 2229 1809
f 96 1400 2231
f 359 2230 1400
f 571 2231 2230
f 1400 2230 2231
f 469 2229 2227
f 571 2230 2229
f 359 2227 2230
f 2229 2230 2227
f 36 2232 1821
f 572 2233 2232
f 473 1821 2233
f 2232 2233 1821
f 151 2234 2236
f 573 2235 2234
f 572 2236 2235
f 2234 2235 2236
f 128 1826 2238
f 473 2237 1826
f 573 2238 2237
f 1826 2237 2238
f 572 2235 2233
f 573 2237 2235
f 473 2233 2237
f 2235 2237 2233
f 28 1406 2240
f 364 2239 1406
f 575 2240 2239
f 1406 2239 2240
f 96 2241 1410
f 574 2242 2241
f 364 1410 2242
f 2241 2242 1410
f 151 2243 2245
f 575 2244 2243
f 574 2245 2244
f 2243 2244 2245
f 364 2242 2239
f 574 2244 2242
f 575 2239 2244
f 2242 2244 2239
f 128 2238 2228
f 573 2246 2238
f 571 2228 2246
f 2238 2246 2228
f 151 2245 2234
f 574 2247 2245
f 573 2234 2247
f 2245 2247 2234
f 96 2231 2241
f 571 2248 2231
f 574 2241 2248
f 2231 2248 2241
f 573 2247 2246
f 574 2248 2247
f 571 2246 2248
f 2247 2248 2246
f 5 1297 1777
f 335 2249 1297
f 460 1777 2249
f 1297 2249 1777
f 91 2250 1301
f 576 2251 2250
f 335 1301 2251
f 2250 2251 1301
f 124 1781 2253
f 460 2252 1781
f 576 2253 2252
f 1781 2252 2253
f 335 2251 2249
f 576 2252 2251
f 460 2249 2252
f 2251 2252 2249
f 25 2254 1313
f 577 2255 2254
f 339 1313 2255
f 2254 2255 1313
f 152 2256 2258
f 578 2257 2256
f 577 2258 2257
f 2256 2257 2258
f 91 1318 2260
f 339 2259 1318
f 578 2260 2259
f 1318 2259 2260
f 577 2257 2255
f 578 2259 2257
f 339 2255 2259
f 2257 2259 2255
f 36 1786 2262
f 464 2261 1786
f 580 2262 2261
f 1786 2261 2262
f 124 2263 1790
f 579 2264 2263
f 464 1790 2264
f 2263 2264 1790
f 152 2265 2267
f 580 2266 2265
f 579 2267 2266
f 2265 2266 2267
f 464 2264 2261
f 579 2266 2264
f 580 2261 2266
f 2264 2266 2261
f 91 2260 2250
f 578 2268 2260
f 576 2250 2268
f 2260 2268 2250
f 152 2267 2256
f 579 2269 2267
f 578 2256 2269
f 2267 2269 2256
f 124 2253 2263
f 576 2270 2253
f 579 2263 2270
f 2253 2270 2263
f 578 2269 2268
f 579 2270 2269
f 576 2268 2270
f 2269 2270 2268
f 12 1344 1269
f 346 2271 1344
f 326 1269 2271
f 1344 2271 1269
f 93 2272 1347
f 581 2273 2272
f 346 1347 2273
f 2272 2273 1347
f 87 1273 2275
f 326 2274 1273
f 581 2275 2274
f 1273 2274 2275
f 346 2273 2271
f 581 2274 2273
f 326 2271 2274
f 2273 2274 2271
f 28 2276 1357
f 582 2277 2276
f 349 1357 2277
f 2276 2277 1357
f 153 2278 2280
f 583 2279 2278
f 582 2280 2279
f 2278 2279 2280
f 93 1362 2282
f 349 2281 1362
f 583 2282 2281
f 1362 2281 2282
f 582 2279 2277
f 583 2281 2279
f 349 2277 2281
f 2279 2281 2277
f 25 1278 2284
f 330 2283 1278
f 585 2284 2283
f 1278 2283 2284
f 87 2285 1282
f 584 2286 2285
f 330 1282 2286
f 2285 2286 1282
f 153 2287 2289
f 585 2288 2287
f 584 2289 2288
f 2287 2288 2289
f 330 2286 2283
f 584 2288 2286
f 585 2283 2288
f 2286 2288 2283
f 93 2282 2272
f 583 2290 2282
f 581 2272 2290
f 2282 2290 2272
f 153 2289 2278
f 584 2291 2289
f 583 2278 2291
f 2289 2291 2278
f 87 2275 2285
f 581 2292 2275
f 584 2285 2292
f 2275 2292 2285
f 583 2291 2290
f 584 2292 2291
f 581 2290 2292
f 2291 2292 2290
f 36 2262 2232
f 580 2293 2262
f 572 2232 2293
f 2262 2293 2232
f 152 2294 2265
f 586 2295 2294
f 580 2265 2295
f 2294 2295 2265
f 151 2236 2297
f 572 2296 2236
f 586 2297 2296
f 2236 2296 2297
f 580 2295 2293
f 586 2296 2295
f 572 2293 2296
f 2295 2296 2293
f 25 2284 2254
f 585 2298 2284
f 577 2254 2298
f 2284 2298 2254
f 153 2299 2287
f 587 2300 2299
f 585 2287 2300
f 2299 2300 2287
f 152 2258 2302
f 577 2301 2258
f 587 2302 2301
f 2258 2301 2302
f 585 2300 2298
f 587 2301 2300
f 577 2298 2301
f 2300 2301 2298
f 28 2240 2276
f 575 2303 2240
f 582 2276 2303
f 2240 2303 2276
f 151 2304 2243
f 588 2305 2304
f 575 2243 2305
f 2304 2305 2243
f 153 2280 2307
f 582 2306 2280
f 588 2307 2306
f 2280 2306 2307
f 575 2305 2303
f 588 2306 2305
f 582 2303 2306
f 2305 2306 2303
f 152 2302 2294
f 587 2308 2302
f 586 2294 2308
f 2302 2308 2294
f 153 2307 2299
f 588 2309 2307
f 587 2299 2309
f 2307 2309 2299
f 151 2297 2304
f 586 2310 2297
f 588 2304 2310
f 2297 2310 2304
f 587 2309 2308
f 588 2310 2309
f 586 2308 2310
f 2309 2310 2308
f 7 1905 1495
f 495 2311 1905
f 385 1495 2311
f 1905 2311 1495
f 135 2312 1909
f 589 2313 2312
f 495 1909 2313
f 2312 2313 1909
f 103 1500 2315
f 385 2314 1500
f 589 2315 2314
f 1500 2314 2315
f 495 2313 2311
f 589 2314 2313
f 385 2311 2314
f 2313 2314 2311
f 38 2316 1921
f 590 2317 2316
f 499 1921 2317
f 2316 2317 1921
f 154 2318 2320
f 591 2319 2318
f 590 2320 2319
f 2318 2319 2320
f 135 1926 2322
f 499 2321 1926
f 591 2322 2321
f 1926 2321 2322
f 590 2319 2317
f 591 2321 2319
f 499 2317 2321
f 2319 2321 2317
f 30 1506 2324
f 390 2323 1506
f 593 2324 2323
f 1506 2323 2324
f 103 2325 1510
f 592 2326 2325
f 390 1510 2326
f 2325 2326 1510
f 154 2327 2329
f 593 2328 2327
f 592 2329 2328
f 2327 2328 2329
f 390 2326 2323
f 592 2328 2326
f 593 2323 2328
f 2326 2328 2323
f 135 2322 2312
f 591 2330 2322
f 589 2312 2330
f 2322 2330 2312
f 154 2329 2318
f 592 2331 2329
f 591 2318 2331
f 2329 2331 2318
f 103 2315 2325
f 589 2332 2315
f 592 2325 2332
f 2315 2332 2325
f 591 2331 2330
f 592 2332 2331
f 589 2330 2332
f 2331 2332 2330
f 3 1397 1877
f 361 2333 1397
f 486 1877 2333
f 1397 2333 1877
f 98 2334 1401
f 594 2335 2334
f 361 1401 2335
f 2334 2335 1401
f 131 1881 2337
f 486 2336 1881
f 594 2337 2336
f 1881 2336 2337
f 361 2335 2333
f 594 2336 2335
f 486 2333 2336
f 2335 2336 2333
f 27 2338 1413
f 595 2339 2338
f 365 1413 2339
f 2338 2339 1413
f 155 2340 2342
f 596 2341 2340
f 595 2342 2341
f 2340 2341 2342
f 98 1418 2344
f 365 2343 1418
f 596 2344 2343
f 1418 2343 2344
f 595 2341 2339
f 596 2343 2341
f 365 2339 2343
f 2341 2343 2339
f 38 1886 2346
f 490 2345 1886
f 598 2346 2345
f 1886 2345 2346
f 131 2347 1890
f 597 2348 2347
f 490 1890 2348
f 2347 2348 1890
f 155 2349 2351
f 598 2350 2349
f 597 2351 2350
f 2349 2350 2351
f 490 2348 2345
f 597 2350 2348
f 598 2345 2350
f 2348 2350 2345
f 98 2344 2334
f 596 2352 2344
f 594 2334 2352
f 2344 2352 2334
f 155 2351 2340
f 597 2353 2351
f 596 2340 2353
f 2351 2353 2340
f 131 2337 2347
f 594 2354 2337
f 597 2347 2354
f 2337 2354 2347
f 596 2353 2352
f 597 2354 2353
f 594 2352 2354
f 2353 2354 2352
f 11 1444 1369
f 372 2355 1444
f 352 1369 2355
f 1444 2355 1369
f 100 2356 1447
f 599 2357 2356
f 372 1447 2357
f 2356 2357 1447
f 94 1373 2359
f 352 2358 1373
f 599 2359 2358
f 1373 2358 2359
f 372 2357 2355
f 599 2358 2357
f 352 2355 2358
f 2357 2358 2355
f 30 2360 1457
f 600 2361 2360
f 375 1457 2361
f 2360 2361 1457
f 156 2362 2364
f 601 2363 2362
f 600 2364 2363
f 2362 2363 2364
f 100 1462 2366
f 375 2365 1462
f 601 2366 2365
f 1462 2365 2366
f 600 2363 2361
f 601 2365 2363
f 375 2361 2365
f 2363 2365 2361
f 27 1378 2368
f 356 2367 1378
f 603 2368 2367
f 1378 2367 2368
f 94 2369 1382
f 602 2370 2369
f 356 1382 2370
f 2369 2370 1382
f 156 2371 2373
f 603 2372 2371
f 602 2373 2372
f 2371 2372 2373
f 356 2370 2367
f 602 2372 2370
f 603 2367 2372
f 2370 2372 2367
f 100 2366 2356
f 601 2374 2366
f 599 2356 2374
f 2366 2374 2356
f 156 2373 2362
f 602 2375 2373
f 601 2362 2375
f 2373 2375 2362
f 94 2359 2369
f 599 2376 2359
f 602 2369 2376
f 2359 2376 2369
f 601 2375 2374
f 602 2376 2375
f 599 2374 2376
f 2375 2376 2374
f 38 2346 2316
f 598 2377 2346
f 590 2316 2377
f 2346 2377 2316
f 155 2378 2349
f 604 2379 2378
f 598 2349 2379
f 2378 2379 2349
f 154 2320 2381
f 590 2380 2320
f 604 2381 2380
f 2320 2380 2381
f 598 2379 2377
f 604 2380 2379
f 590 2377 2380
f 2379 2380 2377
f 27 2368 2338
f 603 2382 2368
f 595 2338 2382
f 2368 2382 2338
f 156 2383 2371
f 605 2384 2383
f 603 2371 2384
f 2383 2384 2371
f 155 2342 2386
f 595 2385 2342
f 605 2386 2385
f 2342 2385 2386
f 603 2384 2382
f 605 2385 2384
f 595 2382 2385
f 2384 2385 2382
f 30 2324 2360
f 593 2387 2324
f 600 2360 2387
f 2324 2387 2360
f 154 2388 2327
f 606 2389 2388
f 593 2327 2389
f 2388 2389 2327
f 156 2364 2391
f 600 2390 2364
f 606 2391 2390
f 2364 2390 2391
f 593 2389 2387
f 606 2390 2389
f 600 2387 2390
f 2389 2390 2387
f 155 2386 2378
f 605 2392 2386
f 604 2378 2392
f 2386 2392 2378
f 156 2391 2383
f 606 2393 2391
f 605 2383 2393
f 2391 2393 2383
f 154 2381 2388
f 604 2394 2381
f 606 2388 2394
f 2381 2394 2388
f 605 2393 2392
f 606 2394 2393
f 604 2392 2394
f 2393 2394 2392
f 9 2005 1595
f 521 2395 2005
f 411 1595 2395
f 2005 2395 1595
f 142 2396 2009
f 607 2397 2396
f 521 2009 2397
f 2396 2397 2009
f 110 1600 2399
f 411 2398 1600
f 607 2399 2398
f 1600 2398 2399
f 521 2397 2395
f 607 2398 2397
f 411 2395 2398
f 2397 2398 2395
f 40 2400 2021
f 608 2401 2400
f 525 2021 2401
f 2400 2401 2021
f 157 2402 2404
f 609 2403 2402
f 608 2404 2403
f 2402 2403 2404
f 142 2026 2406
f 525 2405 2026
f 609 2406 2405
f 2026 2405 2406
f 608 2403 2401
f 609 2405 2403
f 525 2401 2405
f 2403 2405 2401
f 32 1606 2408
f 416 2407 1606
f 611 2408 2407
f 1606 2407 2408
f 110 2409 1610
f 610 2410 2409
f 416 1610 2410
f 2409 2410 1610
f 157 2411 2413
f 611 2412 2411
f 610 2413 2412
f 2411 2412 2413
f 416 2410 2407
f 610 2412 2410
f 611 2407 2412
f 2410 2412 2407
f 142 2406 2396
f 609 2414 2406
f 607 2396 2414
f 2406 2414 2396
f 157 2413 2402
f 610 2415 2413
f 609 2402 2415
f 2413 2415 2402
f 110 2399 2409
f 607 2416 2399
f 610 2409 2416
f 2399 2416 2409
f 609 2415 2414
f 610 2416 2415
f 607 2414 2416
f 2415 2416 2414
f 7 1497 1977
f 387 2417 1497
f 512 1977 2417
f 1497 2417 1977
f 105 2418 1501
f 612 2419 2418
f 387 1501 2419
f 2418 2419 1501
f 138 1981 2421
f 512 2420 1981
f 612 2421 2420
f 1981 2420 2421
f 387 2419 2417
f 612 2420 2419
f 512 2417 2420
f 2419 2420 2417
f 29 2422 1513
f 613 2423 2422
f 391 1513 2423
f 2422 2423 1513
f 158 2424 2426
f 614 2425 2424
f 613 2426 2425
f 2424 2425 2426
f 105 1518 2428
f 391 2427 1518
f 614 2428 2427
f 1518 2427 2428
f 613 2425 2423
f 614 2427 2425
f 391 2423 2427
f 2425 2427 2423
f 40 1986 2430
f 516 2429 1986
f 616 2430 2429
f 1986 2429 2430
f 138 2431 1990
f 615 2432 2431
f 516 1990 2432
f 2431 2432 1990
f 158 2433 2435
f 616 2434 2433
f 615 2435 2434
f 2433 2434 2435
f 516 2432 2429
f 615 2434 2432
f 616 2429 2434
f 2432 2434 2429
f 105 2428 2418
f 614 2436 2428
f 612 2418 2436
f 2428 2436 2418
f 158 2435 2424
f 615 2437 2435
f 614 2424 2437
f 2435 2437 2424
f 138 2421 2431
f 612 2438 2421
f 615 2431 2438
f 2421 2438 2431
f 614 2437 2436
f 615 2438 2437
f 612 2436 2438
f 2437 2438 2436
f 8 1544 1469
f 398 2439 1544
f 378 1469 2439
f 1544 2439 1469
f 107 2440 1547
f 617 2441 2440
f 398 1547 2441
f 2440 2441 1547
f 101 1473 2443
f 378 2442 1473
f 617 2443 2442
f 1473 2442 2443
f 398 2441 2439
f 617 2442 2441
f 378 2439 2442
f 2441 2442 2439
f 32 2444 1557
f 618 2445 2444
f 401 1557 2445
f 2444 2445 1557
f 159 2446 2448
f 619 2447 2446
f 618 2448 2447
f 2446 2447 2448
f 107 1562 2450
f 401 2449 1562
f 619 2450 2449
f 1562 2449 2450
f 618 2447 2445
f 619 2449 2447
f 401 2445 2449
f 2447 2449 2445
f 29 1478 2452
f 382 2451 1478
f 621 2452 2451
f 1478 2451 2452
f 101 2453 1482
f 620 2454 2453
f 382 1482 2454
f 2453 2454 1482
f 159 2455 2457
f 621 2456 2455
f 620 2457 2456
f 2455 2456 2457
f 382 2454 2451
f 620 2456 2454
f 621 2451 2456
f 2454 2456 2451
f 107 2450 2440
f 619 2458 2450
f 617 2440 2458
f 2450 2458 2440
f 159 2457 2446
f 620 2459 2457
f 619 2446 2459
f 2457 2459 2446
f 101 2443 2453
f 617 2460 2443
f 620 2453 2460
f 2443 2460 2453
f 619 2459 2458
f 620 2460 2459
f 617 2458 2460
f 2459 2460 2458
f 40 2430 2400
f 616 2461 2430
f 608 2400 2461
f 2430 2461 2400
f 158 2462 2433
f 622 2463 2462
f 616 2433 2463
f 2462 2463 2433
f 157 2404 2465
f 608 2464 2404
f 622 2465 2464
f 2404 2464 2465
f 616 2463 2461
f 622 2464 2463
f 608 2461 2464
f 2463 2464 2461
f 29 2452 2422
f 621 2466 2452
f 613 2422 2466
f 2452 2466 2422
f 159 2467 2455
f 623 2468 2467
f 621 2455 2468
f 2467 2468 2455
f 158 2426 2470
f 613 2469 2426
f 623 2470 2469
f 2426 2469 2470
f 621 2468 2466
f 623 2469 2468
f 613 2466 2469
f 2468 2469 2466
f 32 2408 2444
f 611 2471 2408
f 618 2444 2471
f 2408 2471 2444
f 157 2472 2411
f 624 2473 2472
f 611 2411 2473
f 2472 2473 2411
f 159 2448 2475
f 618 2474 2448
f 624 2475 2474
f 2448 2474 2475
f 611 2473 2471
f 624 2474 2473
f 618 2471 2474
f 2473 2474 2471
f 158 2470 2462
f 623 2476 2470
f 622 2462 2476
f 2470 2476 2462
f 159 2475 2467
f 624 2477 2475
f 623 2467 2477
f 2475 2477 2467
f 157 2465 2472
f 622 2478 2465
f 624 2472 2478
f 2465 2478 2472
f 623 2477 2476
f 624 2478 2477
f 622 2476 2478
f 2477 2478 2476
f 10 2100 1195
f 544 2479 2100
f 307 1195 2479
f 2100 2479 1195
f 147 2480 2103
f 625 2481 2480
f 544 2103 2481
f 2480 2481 2103
f 82 1200 2483
f 307 2482 1200
f 625 2483 2482
f 1200 2482 2483
f 544 2481 2479
f 625 2482 2481
f 307 2479 2482
f 2481 2482 2479
f 42 2484 2113
f 626 2485 2484
f 547 2113 2485
f 2484 2485 2113
f 160 2486 2488
f 627 2487 2486
f 626 2488 2487
f 2486 2487 2488
f 147 2118 2490
f 547 2489 2118
f 627 2490 2489
f 2118 2489 2490
f 626 2487 2485
f 627 2489 2487
f 547 2485 2489
f 2487 2489 2485
f 24 1206 2492
f 312 2491 1206
f 629 2492 2491
f 1206 2491 2492
f 82 2493 1210
f 628 2494 2493
f 312 1210 2494
f 2493 2494 1210
f 160 2495 2497
f 629 2496 2495
f 628 2497 2496
f 2495 2496 2497
f 312 2494 2491
f 628 2496 2494
f 629 2491 2496
f 2494 2496 2491
f 147 2490 2480
f 627 2498 2490
f 625 2480 2498
f 2490 2498 2480
f 160 2497 2486
f 628 2499 2497
f 627 2486 2499
f 2497 2499 2486
f 82 2483 2493
f 625 2500 2483
f 628 2493 2500
f 2483 2500 2493
f 627 2499 2498
f 628 2500 2499
f 625 2498 2500
f 2499 2500 2498
f 9 1597 2073
f 413 2501 1597
f 536 2073 2501
f 1597 2501 2073
f 112 2502 1601
f 630 2503 2502
f 413 1601 2503
f 2502 2503 1601
f 144 2077 2505
f 536 2504 2077
f 630 2505 2504
f 2077 2504 2505
f 413 2503 2501
f 630 2504 2503
f 536 2501 2504
f 2503 2504 2501
f 31 2506 1613
f 631 2507 2506
f 417 1613 2507
f 2506 2507 1613
f 161 2508 2510
f 632 2509 2508
f 631 2510 2509
f 2508 2509 2510
f 112 1618 2512
f 417 2511 1618
f 632 2512 2511
f 1618 2511 2512
f 631 2509 2507
f 632 2511 2509
f 417 2507 2511
f 2509 2511 2507
f 42 2082 2514
f 540 2513 2082
f 634 2514 2513
f 2082 2513 2514
f 144 2515 2086
f 633 2516 2515
f 540 2086 2516
f 2515 2516 2086
f 161 2517 2519
f 634 2518 2517
f 633 2519 2518
f 2517 2518 2519
f 540 2516 2513
f 633 2518 2516
f 634 2513 2518
f 2516 2518 2513
f 112 2512 2502
f 632 2520 2512
f 630 2502 2520
f 2512 2520 2502
f 161 2519 2508
f 633 2521 2519
f 632 2508 2521
f 2519 2521 2508
f 144 2505 2515
f 630 2522 2505
f 633 2515 2522
f 2505 2522 2515
f 632 2521 2520
f 633 2522 2521
f 630 2520 2522
f 2521 2522 2520
f 2 1144 1569
f 294 2523 1144
f 404 1569 2523
f 1144 2523 1569
f 79 2524 1147
f 635 2525 2524
f 294 1147 2525
f 2524 2525 1147
f 108 1573 2527
f 404 2526 1573
f 635 2527 2526
f 1573 2526 2527
f 294 2525 2523
f 635 2526 2525
f 404 2523 2526
f 2525 2526 2523
f 24 2528 1157
f 636 2529 2528
f 297 1157 2529
f 2528 2529 1157
f 162 2530 2532
f 637 2531 2530
f 636 2532 2531
f 2530 2531 2532
f 79 1162 2534
f 297 2533 1162
f 637 2534 2533
f 1162 2533 2534
f 636 2531 2529
f 637 2533 2531
f 297 2529 2533
f 2531 2533 2529
f 31 1578 2536
f 408 2535 1578
f 639 2536 2535
f 1578 2535 2536
f 108 2537 1582
f 638 2538 2537
f 408 1582 2538
f 2537 2538 1582
f 162 2539 2541
f 639 2540 2539
f 638 2541 2540
f 2539 2540 2541
f 408 2538 2535
f 638 2540 2538
f 639 2535 2540
f 2538 2540 2535
f 79 2534 2524
f 637 2542 2534
f 635 2524 2542
f 2534 2542 2524
f 162 2541 2530
f 638 2543 2541
f 637 2530 2543
f 2541 2543 2530
f 108 2527 2537
f 635 2544 2527
f 638 2537 2544
f 2527 2544 2537
f 637 2543 2542
f 638 2544 2543
f 635 2542 2544
f 2543 2544 2542
f 42 2514 2484
f 634 2545 2514
f 626 2484 2545
f 2514 2545 2484
f 161 2546 2517
f 640 2547 2546
f 634 2517 2547
f 2546 2547 2517
f 160 2488 2549
f 626 2548 2488
f 640 2549 2548
f 2488 2548 2549
f 634 2547 2545
f 640 2548 2547
f 626 2545 2548
f 2547 2548 2545
f 31 2536 2506
f 639 2550 2536
f 631 2506 2550
f 2536 2550 2506
f 162 2551 2539
f 641 2552 2551
f 639 2539 2552
f 2551 2552 2539
f 161 2510 2554
f 631 2553 2510
f 641 2554 2553
f 2510 2553 2554
f 639 2552 2550
f 641 2553 2552
f 631 2550 2553
f 2552 2553 2550
f 24 2492 2528
f 629 2555 2492
f 636 2528 2555
f 2492 2555 2528
f 160 2556 2495
f 642 2557 2556
f 629 2495 2557
f 2556 2557 2495
f 162 2532 2559
f 636 2558 2532
f 642 2559 2558
f 2532 2558 2559
f 629 2557 2555
f 642 2558 2557
f 636 2555 2558
f 2557 2558 2555
f 161 2554 2546
f 641 2560 2554
f 640 2546 2560
f 2554 2560 2546
f 162 2559 2551
f 642 2561 2559
f 641 2551 2561
f 2559 2561 2551
f 160 2549 2556
f 640 2562 2549
f 642 2556 2562
f 2549 2562 2556
f 641 2561 2560
f 642 2562 2561
f 640 2560 2562
f 2561 2562 2560
