# regolith_gen synthetic particle
# verts: 2562  tris: 5120
v -0.557061 0.815501 0.000000
v 0.545944 0.799227 0.000000
v -0.538372 -0.788142 0.000000
v 0.533762 -0.781394 0.000000
v 0.000000 -0.496839 0.846213
v 0.000000 0.497713 0.847702
v 0.000000 -0.499069 -0.850012
v 0.000000 0.507948 -0.865135
v 0.896667 0.000000 -0.527782
v 0.885578 0.000000 0.521255
v -0.877881 0.000000 -0.516724
v -0.880441 0.000000 0.518231
v -0.823388 0.460417 0.299530
v -0.509538 0.284920 0.785190
v -0.320290 0.758670 0.493562
v 0.319508 0.756819 0.492358
v 0.000000 0.945291 0.000000
v 0.312773 0.740864 -0.481978
v -0.331085 0.784241 -0.510198
v -0.530473 0.296626 -0.817450
v -0.848587 0.474507 -0.308696
v -1.055903 0.000000 0.000000
v 0.511099 0.285793 0.787595
v 0.830201 0.464227 0.302008
v -0.528367 -0.295449 0.814206
v 0.000000 0.000000 1.018693
v -0.807471 -0.451516 -0.293739
v -0.839877 -0.469637 0.305528
v 0.000000 0.000000 -0.999475
v -0.513167 -0.286950 -0.790783
v 0.859869 0.480816 -0.312801
v 0.520696 0.291160 -0.802385
v 0.870183 -0.486583 0.316553
v 0.526432 -0.294367 0.811223
v 0.318850 -0.755259 0.491343
v -0.334539 -0.792422 0.515520
v 0.000000 -0.933570 0.000000
v -0.320544 -0.759273 -0.493954
v 0.322439 -0.763761 -0.496874
v 0.517485 -0.289364 -0.797436
v 0.845473 -0.472766 -0.307564
v 1.063494 0.000000 0.000000
v -0.722938 0.661880 0.159402
v -0.598346 0.633836 0.412349
v -0.456352 0.820918 0.260330
v -0.702808 0.145482 0.661460
v -0.695029 0.388642 0.565358
v -0.884892 0.241198 0.423872
v -0.166482 0.650608 0.693010
v -0.433107 0.541536 0.667412
v -0.264983 0.400255 0.837682
v -0.168535 0.892659 0.259710
v -0.287331 0.915119 0.000000
v 0.165563 0.647014 0.689182
v 0.000000 0.802645 0.522170
v 0.284236 0.905260 0.000000
v 0.168669 0.893365 0.259916
v 0.445599 0.801576 0.254197
v -0.173616 0.919570 -0.267540
v -0.455425 0.819250 -0.259802
v 0.437531 0.787061 -0.249594
v 0.169502 0.897781 -0.261201
v -0.171611 0.670652 -0.714361
v 0.000000 0.805850 -0.524256
v 0.165881 0.648258 -0.690507
v -0.623749 0.660746 -0.429856
v -0.730326 0.668644 -0.161031
v -0.278559 0.420762 -0.880600
v -0.457609 0.572171 -0.705168
v -0.880548 0.240014 -0.421792
v -0.718548 0.401793 -0.584488
v -0.731263 0.151373 -0.688241
v -0.897062 0.501613 0.000000
v -0.973951 0.000000 -0.263504
v -0.980016 0.245073 -0.159435
v -1.000080 0.250090 0.162699
v -1.016478 0.000000 0.275010
v 0.607432 0.643461 0.418611
v 0.721237 0.660322 0.159027
v 0.273983 0.413851 0.866136
v 0.433924 0.542557 0.668671
v 0.881924 0.240389 0.422451
v 0.698677 0.390681 0.568325
v 0.718372 0.148704 0.676108
v -0.271252 0.151677 0.934667
v 0.000000 0.262786 0.973733
v -0.711000 -0.147178 0.669170
v -0.527718 0.000000 0.813205
v 0.000000 -0.253886 0.940754
v -0.274241 -0.153348 0.944964
v -0.275634 -0.416344 0.871353
v -0.986116 -0.246598 0.160427
v -0.907629 -0.247395 0.434764
v -0.861337 -0.234777 -0.412589
v -0.963202 -0.240868 -0.156700
v -0.703588 -0.644164 0.155136
v -0.878881 -0.491447 0.000000
v -0.711453 -0.651365 -0.156870
v -0.546254 0.000000 -0.841769
v -0.731265 -0.151373 -0.688242
v 0.000000 0.259238 -0.960583
v -0.277840 0.155361 -0.957366
v -0.267227 -0.403645 -0.844777
v -0.277191 -0.154998 -0.955129
v 0.000000 -0.254664 -0.943638
v 0.440799 0.551153 -0.679264
v 0.265730 0.401385 -0.840046
v 0.724393 0.663212 -0.159723
v 0.602797 0.638551 -0.415417
v 0.759311 0.157179 -0.714639
v 0.729891 0.408136 -0.593715
v 0.921251 0.251108 -0.441289
v 0.729432 -0.667825 0.160834
v 0.629635 -0.666981 0.433912
v 0.453104 -0.815076 0.258478
v 0.729808 -0.151071 0.686872
v 0.733353 -0.410071 0.596531
v 0.904092 -0.246431 0.433070
v 0.167885 -0.656089 0.698849
v 0.450372 -0.563123 0.694017
v 0.272196 -0.411152 0.860487
v 0.168977 -0.894998 0.260391
v 0.274956 -0.875708 0.000000
v -0.170465 -0.666171 0.709588
v 0.000000 -0.815344 0.530432
v -0.285327 -0.908738 0.000000
v -0.171872 -0.910331 0.264852
v -0.457652 -0.823258 0.261072
v 0.165818 -0.878264 -0.255522
v 0.439725 -0.791008 -0.250845
v -0.439500 -0.790604 -0.250717
v -0.169472 -0.897623 -0.261154
v 0.167804 -0.655775 -0.698514
v 0.000000 -0.799672 -0.520236
v -0.167737 -0.655510 -0.698232
v 0.598569 -0.634073 -0.412504
v 0.702795 -0.643438 -0.154961
v 0.265212 -0.400602 -0.838407
v 0.436624 -0.545933 -0.672831
v 0.914136 -0.249169 -0.437881
v 0.705593 -0.394549 -0.573950
v 0.743322 -0.153869 -0.699590
v 0.897987 -0.502131 0.000000
v 1.035104 0.000000 -0.280049
v 1.016564 -0.254212 -0.165381
v 1.009714 -0.252499 0.164266
v 1.015739 0.000000 0.274810
v 0.273088 -0.152703 0.940991
v 0.540919 0.000000 0.833547
v 0.280346 0.156762 0.966001
v -0.626213 -0.663357 0.431555
v -0.454759 -0.568608 0.700776
v -0.729276 -0.407792 0.593216
v -0.437045 -0.546459 -0.673479
v -0.600944 -0.636589 -0.414140
v -0.711375 -0.397782 -0.578654
v 0.552480 0.000000 -0.851363
v 0.267248 -0.149438 -0.920871
v 0.271497 0.151814 -0.935511
v 0.991569 0.247962 0.161314
v 1.016868 0.254288 -0.165430
v 0.887795 0.496431 0.000000
v -0.644107 0.741982 0.080796
v -0.594984 0.746953 0.211307
v -0.510436 0.824545 0.131657
v -0.714634 0.550008 0.357815
v -0.665303 0.652983 0.289700
v -0.781237 0.565377 0.232518
v -0.389901 0.793798 0.379825
v -0.530552 0.728656 0.338887
v -0.464161 0.701113 0.456118
v -0.783412 0.073323 0.586003
v -0.799397 0.194376 0.548681
v -0.889048 0.122015 0.474238
v -0.610395 0.341317 0.683393
v -0.713266 0.271991 0.626201
v -0.610591 0.215838 0.727010
v -0.860470 0.353889 0.364188
v -0.797944 0.318979 0.500637
v -0.764502 0.427489 0.436118
v -0.083850 0.575994 0.771960
v -0.220464 0.534902 0.781275
v -0.136025 0.454422 0.854033
v -0.380152 0.654226 0.585809
v -0.306340 0.606205 0.692220
v -0.246205 0.712799 0.600157
v -0.391518 0.346312 0.820286
v -0.353341 0.476663 0.761638
v -0.476412 0.417752 0.734143
v -0.645910 0.509989 0.488424
v -0.564991 0.465089 0.616592
v -0.517870 0.590121 0.542090
v -0.377751 0.881850 0.132219
v -0.428228 0.878948 0.000000
v -0.249134 0.841467 0.383911
v -0.317900 0.874774 0.265400
v -0.143695 0.933416 0.000000
v -0.230029 0.913728 0.132164
v -0.084936 0.922890 0.130885
v 0.084116 0.577818 0.774406
v 0.000000 0.657583 0.700439
v 0.161972 0.787071 0.512038
v 0.083650 0.727718 0.608963
v 0.244948 0.709161 0.597093
v -0.084149 0.732060 0.612596
v -0.163557 0.794769 0.517047
v 0.417309 0.856537 0.000000
v 0.373187 0.871196 0.130622
v 0.501317 0.809816 0.129305
v 0.085010 0.923690 0.130999
v 0.228265 0.906720 0.131150
v 0.143042 0.929171 0.000000
v 0.386265 0.786395 0.376283
v 0.313396 0.862381 0.261640
v 0.247869 0.837195 0.381962
v -0.085509 0.857997 0.395306
v 0.085868 0.861599 0.396965
v 0.000000 0.903924 0.262988
v -0.379706 0.886414 -0.132904
v -0.513796 0.829974 -0.132524
v -0.086948 0.944752 -0.133986
v -0.234884 0.933013 -0.134953
v -0.400304 0.814977 -0.389959
v -0.320387 0.881619 -0.267477
v -0.255985 0.864609 -0.394469
v 0.493548 0.797265 -0.127302
v 0.368059 0.859225 -0.128827
v 0.246220 0.831625 -0.379421
v 0.308292 0.848336 -0.257379
v 0.380336 0.774323 -0.370507
v 0.229266 0.910697 -0.131726
v 0.086822 0.943379 -0.133791
v -0.086755 0.595953 -0.798710
v 0.000000 0.672243 -0.716055
v 0.085846 0.589707 -0.790339
v -0.165249 0.802996 -0.522398
v -0.085700 0.745555 -0.623888
v -0.252265 0.730345 -0.614930
v 0.240094 0.695108 -0.585261
v 0.083626 0.727512 -0.608790
v 0.159223 0.773709 -0.503346
v 0.000000 0.925973 -0.269403
v 0.086351 0.866445 -0.399198
v -0.087288 0.875840 -0.403526
v -0.601244 0.754812 -0.213531
v -0.651952 0.751019 -0.081780
v -0.485152 0.732821 -0.476746
v -0.541365 0.743506 -0.345794
v -0.797539 0.577174 -0.237370
v -0.678804 0.666234 -0.295578
v -0.742173 0.571204 -0.371603
v -0.139880 0.467302 -0.878239
v -0.228795 0.555115 -0.810798
v -0.501738 0.439961 -0.773171
v -0.371662 0.501379 -0.801130
v -0.408625 0.361444 -0.856126
v -0.319458 0.632165 -0.721863
v -0.399689 0.687848 -0.615914
v -0.889756 0.122112 -0.474616
v -0.813169 0.197724 -0.558133
v -0.815677 0.076343 -0.610138
v -0.790203 0.441861 -0.450779
v -0.805007 0.321803 -0.505069
v -0.869870 0.357755 -0.368166
v -0.637812 0.225460 -0.759421
v -0.731951 0.279117 -0.642606
v -0.635133 0.355150 -0.711090
v -0.549410 0.626060 -0.575104
v -0.596945 0.491393 -0.651465
v -0.680773 0.537515 -0.514787
v -0.741494 0.678869 0.000000
v -0.881846 0.493105 -0.156374
v -0.822255 0.591414 -0.081443
v -0.817883 0.588270 0.081010
v -0.874213 0.488837 0.155021
v -0.918888 0.000000 -0.385762
v -0.933981 0.120364 -0.344742
v -1.031172 0.125698 -0.081775
v -0.986622 0.122661 -0.214024
v -1.023361 0.000000 -0.135750
v -0.929525 0.242395 -0.291072
v -0.916804 0.359524 -0.233893
v -0.969297 0.124915 0.357777
v -0.963381 0.000000 0.404441
v -0.922785 0.361870 0.235419
v -0.953123 0.248549 0.298461
v -1.047430 0.000000 0.138943
v -1.028018 0.127807 0.223003
v -1.048862 0.127855 0.083177
v -0.955396 0.378345 -0.082046
v -1.017031 0.254329 0.000000
v -0.959030 0.379785 0.082358
v 0.586638 0.736475 0.208343
v 0.640405 0.737717 0.080331
v 0.468066 0.707012 0.459955
v 0.530091 0.728023 0.338593
v 0.789365 0.571259 0.234937
v 0.670893 0.658469 0.292134
v 0.732671 0.563891 0.366846
v 0.137468 0.459244 0.863096
v 0.220457 0.534884 0.781250
v 0.475906 0.417309 0.733363
v 0.358218 0.483243 0.772151
v 0.399180 0.353090 0.836339
v 0.303535 0.600656 0.685883
v 0.379968 0.653910 0.585525
v 0.886815 0.121709 0.473047
v 0.819470 0.199256 0.562458
v 0.807920 0.075617 0.604336
v 0.777261 0.434624 0.443396
v 0.804895 0.321758 0.504998
v 0.858411 0.353042 0.363316
v 0.616257 0.217841 0.733756
v 0.720672 0.274816 0.632703
v 0.606033 0.338878 0.678509
v 0.525330 0.598621 0.549899
v 0.574622 0.473017 0.627104
v 0.663565 0.523929 0.501775
v -0.137823 0.339296 0.921531
v 0.000000 0.384792 0.918874
v -0.392367 0.219402 0.862157
v -0.272097 0.280839 0.899094
v 0.000000 0.133660 1.010130
v -0.140540 0.210773 0.974074
v -0.142142 0.079482 1.004778
v -0.801423 -0.075009 0.599476
v -0.707706 0.000000 0.666070
v -0.535418 -0.145940 0.825070
v -0.623890 -0.073846 0.747425
v -0.625019 -0.220938 0.744189
v -0.619172 0.073288 0.741772
v -0.520334 0.141829 0.801827
v 0.000000 -0.378524 0.903908
v -0.136777 -0.336721 0.914536
v -0.137767 -0.460243 0.864973
v -0.140982 -0.078833 0.996575
v -0.138069 -0.207067 0.956946
v 0.000000 -0.130571 0.986783
v -0.408117 -0.360994 0.855062
v -0.277001 -0.285901 0.915300
v -0.404685 -0.226289 0.889224
v -0.401779 0.074888 0.874233
v -0.408897 -0.076215 0.889720
v -0.277387 0.000000 0.955805
v -0.963025 -0.124107 0.355462
v -0.909581 -0.124833 0.485191
v -1.029553 -0.125501 0.081646
v -1.003126 -0.124712 0.217604
v -0.896020 -0.368510 0.379234
v -0.959748 -0.250277 0.300536
v -0.930616 -0.364941 0.237417
v -0.876605 -0.120307 -0.467601
v -0.917834 -0.118283 -0.338782
v -0.886825 -0.347768 -0.226245
v -0.906412 -0.236368 -0.283835
v -0.838653 -0.344916 -0.354954
v -0.975672 -0.121299 -0.211648
v -1.029614 -0.125508 -0.081651
v -0.625400 -0.720432 0.078449
v -0.718970 -0.658247 0.000000
v -0.634071 -0.730420 -0.079537
v -0.865304 -0.483855 0.153441
v -0.797291 -0.573459 0.078970
v -0.770661 -0.557723 0.229371
v -0.770289 -0.557453 -0.229260
v -0.801082 -0.576186 -0.079346
v -0.850566 -0.475614 -0.150827
v -0.997444 -0.249431 0.000000
v -0.933688 -0.369749 -0.080182
v -0.951770 -0.376909 0.081734
v -0.743605 0.000000 -0.699857
v -0.815033 -0.076283 -0.609656
v -0.548760 0.149577 -0.845631
v -0.649351 0.076860 -0.777928
v -0.625744 -0.221194 -0.745052
v -0.645344 -0.076386 -0.773127
v -0.535176 -0.145875 -0.824698
v 0.000000 0.385074 -0.919547
v -0.139219 0.342732 -0.930862
v -0.142186 0.079507 -1.005089
v -0.140497 0.210709 -0.973776
v 0.000000 0.131951 -0.997212
v -0.281653 0.290702 -0.930670
v -0.408350 0.228338 -0.897276
v -0.135948 -0.454164 -0.853549
v -0.136606 -0.336299 -0.913391
v 0.000000 -0.377834 -0.902259
v -0.396605 -0.221771 -0.871469
v -0.273428 -0.282213 -0.903492
v -0.393673 -0.348219 -0.824801
v 0.000000 -0.128400 -0.970377
v -0.138695 -0.208006 -0.961286
v -0.140771 -0.078715 -0.995084
v -0.420071 0.078298 -0.914035
v -0.282354 0.000000 -0.972920
v -0.415660 -0.077475 -0.904437
v 0.221261 0.536835 -0.784099
v 0.137896 0.460671 -0.865779
v 0.380158 0.654237 -0.585818
v 0.306035 0.605603 -0.691532
v 0.392040 0.346774 -0.821380
v 0.355801 0.479983 -0.766941
v 0.482188 0.422817 -0.743044
v 0.639426 0.736590 -0.080208
v 0.585754 0.735366 -0.208030
v 0.743969 0.572586 -0.372503
v 0.668805 0.656421 -0.291225
v 0.804158 0.581965 -0.239340
v 0.521867 0.716728 -0.333340
v 0.461487 0.697075 -0.453491
v 0.838594 0.078488 -0.627280
v 0.852926 0.207391 -0.585421
v 0.922453 0.126600 -0.492057
v 0.636704 0.356028 -0.712848
v 0.756134 0.288338 -0.663837
v 0.649029 0.229425 -0.772777
v 0.895697 0.368377 -0.379097
v 0.840819 0.336119 -0.527537
v 0.804373 0.449784 -0.458863
v 0.531413 0.605552 -0.556266
v 0.678383 0.535628 -0.512979
v 0.589190 0.485009 -0.643002
v 0.638983 -0.736079 0.080153
v 0.603069 -0.757103 0.214179
v 0.504370 -0.814746 0.130093
v 0.763967 -0.587977 0.382516
v 0.693771 -0.680924 0.302096
v 0.813540 -0.588754 0.242133
v 0.389371 -0.792718 0.379308
v 0.541283 -0.743394 0.345741
v 0.476488 -0.719734 0.468232
v 0.819398 -0.076692 0.612922
v 0.830316 -0.201894 0.569903
v 0.914068 -0.125449 0.487584
v 0.640195 -0.357980 0.716757
v 0.735026 -0.280289 0.645305
v 0.632755 -0.223673 0.753400
v 0.888039 -0.365228 0.375856
v 0.818391 -0.327153 0.513466
v 0.804165 -0.449668 0.458744
v 0.084868 -0.582986 0.781331
v 0.222081 -0.538824 0.787004
v 0.136526 -0.456095 0.857178
v 0.388598 -0.668761 0.598824
v 0.307437 -0.608377 0.694700
v 0.245194 -0.709872 0.597692
v 0.404298 -0.357616 0.847061
v 0.364277 -0.491417 0.785211
v 0.499143 -0.437685 0.769172
v 0.697637 -0.550830 0.527539
v 0.610671 -0.502692 0.666445
v 0.546455 -0.622693 0.572011
v 0.369113 -0.861685 0.129196
v 0.409178 -0.839847 0.000000
v 0.246441 -0.832373 0.379762
v 0.312690 -0.860438 0.261051
v 0.140695 -0.913930 0.000000
v 0.225324 -0.895039 0.129461
v 0.085253 -0.926335 0.131374
v -0.084946 -0.583524 0.782053
v 0.000000 -0.671090 0.714827
v -0.168588 -0.819217 0.532952
v -0.086571 -0.753128 0.630226
v -0.254853 -0.737837 0.621238
v 0.085111 -0.740431 0.619601
v 0.162925 -0.791700 0.515050
v -0.417613 -0.857161 0.000000
v -0.374547 -0.874371 0.131098
v -0.496910 -0.802696 0.128169
v -0.085562 -0.929688 0.131849
v -0.229485 -0.911567 0.131851
v -0.142960 -0.928642 0.000000
v -0.406127 -0.826832 0.395631
v -0.320406 -0.881672 0.267493
v -0.257684 -0.870347 0.397087
v 0.086084 -0.863759 0.397960
v -0.087932 -0.882310 0.406507
v 0.000000 -0.913148 0.265671
v 0.361668 -0.844305 -0.126590
v 0.486037 -0.785133 -0.125364
v 0.083722 -0.909703 -0.129015
v 0.220995 -0.877843 -0.126974
v 0.387767 -0.789452 -0.377746
v 0.309199 -0.850832 -0.258136
v 0.248424 -0.839069 -0.382817
v -0.493619 -0.797379 -0.127320
v -0.369725 -0.863112 -0.129410
v -0.246964 -0.834138 -0.380567
v -0.311697 -0.857706 -0.260222
v -0.384092 -0.781972 -0.374166
v -0.230741 -0.916558 -0.132573
v -0.085069 -0.924337 -0.131090
v 0.085403 -0.586659 -0.786254
v 0.000000 -0.669430 -0.713059
v -0.085162 -0.585010 -0.784045
v 0.163490 -0.794448 -0.516838
v 0.084957 -0.739091 -0.618479
v 0.246606 -0.713961 -0.601134
v -0.245951 -0.712065 -0.599538
v -0.084318 -0.733534 -0.613829
v -0.162487 -0.789572 -0.513665
v 0.000000 -0.900989 -0.262134
v -0.085708 -0.859989 -0.396223
v 0.084869 -0.851568 -0.392343
v 0.575106 -0.721997 -0.204248
v 0.622840 -0.717483 -0.078128
v 0.467076 -0.705516 -0.458982
v 0.528507 -0.725847 -0.337581
v 0.777899 -0.562961 -0.231525
v 0.651097 -0.639040 -0.283514
v 0.716583 -0.551508 -0.358790
v 0.136366 -0.455562 -0.856176
v 0.222039 -0.538723 -0.786857
v 0.479650 -0.420592 -0.739133
v 0.356909 -0.481477 -0.769330
v 0.393036 -0.347655 -0.823467
v 0.306472 -0.606467 -0.692519
v 0.383479 -0.659952 -0.590935
v 0.906391 -0.124395 -0.483490
v 0.825176 -0.200644 -0.566374
v 0.828053 -0.077502 -0.619396
v 0.785655 -0.439318 -0.448185
v 0.819133 -0.327450 -0.513931
v 0.895681 -0.368370 -0.379091
v 0.634369 -0.224243 -0.755322
v 0.729686 -0.278253 -0.640618
v 0.615612 -0.344234 -0.689234
v 0.523999 -0.597105 -0.548506
v 0.571396 -0.470361 -0.623582
v 0.655636 -0.517668 -0.495779
v 0.723994 -0.662847 0.000000
v 0.878650 -0.491318 -0.155807
v 0.805163 -0.579121 -0.079750
v 0.818724 -0.588875 0.081093
v 0.897675 -0.501956 0.159181
v 0.971277 0.000000 -0.407756
v 0.979799 -0.126268 -0.361654
v 1.048387 -0.127797 -0.083140
v 1.025283 -0.127467 -0.222410
v 1.061855 0.000000 -0.140856
v 0.977262 -0.254844 -0.306020
v 0.953592 -0.373951 -0.243278
v 0.980348 -0.126339 0.361856
v 0.952420 0.000000 0.399839
v 0.945411 -0.370742 0.241191
v 0.967372 -0.252265 0.302924
v 1.053681 0.000000 0.139772
v 1.037071 -0.128933 0.224967
v 1.054223 -0.128508 0.083602
v 0.980085 -0.388123 -0.084166
v 1.028832 -0.257280 0.000000
v 0.973180 -0.385388 0.083573
v 0.136108 -0.335074 0.910065
v 0.398720 -0.222954 0.876116
v 0.274326 -0.283140 0.906460
v 0.137887 -0.206795 0.955687
v 0.140769 -0.078714 0.995070
v 0.730042 0.000000 0.687092
v 0.535010 0.145829 0.824442
v 0.634504 0.075102 0.760141
v 0.640944 -0.075865 0.767855
v 0.537801 -0.146590 0.828743
v 0.139910 0.344432 0.935480
v 0.143335 0.080149 1.013211
v 0.142588 0.213845 0.988268
v 0.280324 0.289331 0.926280
v 0.406882 0.227518 0.894050
v 0.411772 -0.076751 0.895978
v 0.417532 0.077824 0.908510
v 0.283070 0.000000 0.975388
v -0.584716 -0.734063 0.207661
v -0.492556 -0.744005 0.484021
v -0.545703 -0.749465 0.348565
v -0.668673 -0.656291 0.291167
v -0.730653 -0.562337 0.365835
v -0.225575 -0.547302 0.799387
v -0.506400 -0.444048 0.780354
v -0.369973 -0.499101 0.797489
v -0.315890 -0.625104 0.713800
v -0.400876 -0.689891 0.617744
v -0.825442 -0.200709 0.566557
v -0.802308 -0.448630 0.457685
v -0.825663 -0.330060 0.518028
v -0.728839 -0.277930 0.639873
v -0.637895 -0.356694 0.714181
v -0.551055 -0.627935 0.576827
v -0.604405 -0.497534 0.659606
v -0.686677 -0.542176 0.519251
v -0.220784 -0.535676 -0.782407
v -0.384239 -0.661260 -0.592107
v -0.305386 -0.604317 -0.690064
v -0.353633 -0.477057 -0.762267
v -0.481707 -0.422396 -0.742303
v -0.579413 -0.727405 -0.205777
v -0.715464 -0.550647 -0.358230
v -0.656449 -0.644293 -0.285844
v -0.520591 -0.714976 -0.332524
v -0.469519 -0.709207 -0.461383
v -0.816808 -0.198609 -0.560631
v -0.624701 -0.349316 -0.699409
v -0.727658 -0.277480 -0.638837
v -0.797311 -0.318726 -0.500240
v -0.768233 -0.429576 -0.438246
v -0.535798 -0.610550 -0.560857
v -0.669109 -0.528306 -0.505967
v -0.584375 -0.481046 -0.637747
v 0.761782 0.000000 -0.716964
v 0.545836 -0.148780 -0.841125
v 0.659362 -0.078045 -0.789921
v 0.662499 0.078416 -0.793679
v 0.544452 0.148403 -0.838992
v 0.134781 -0.331806 -0.901188
v 0.136041 -0.076070 -0.961646
v 0.135863 -0.203758 -0.941655
v 0.268596 -0.277226 -0.887527
v 0.397238 -0.222125 -0.872860
v 0.135944 0.334670 -0.908965
v 0.396478 0.221700 -0.871190
v 0.271119 0.279830 -0.895865
v 0.137835 0.206715 -0.955321
v 0.137412 0.076837 -0.971339
v 0.412247 -0.076839 -0.897011
v 0.272972 0.000000 -0.940591
v 0.410785 0.076567 -0.893830
v 0.954314 0.122984 0.352247
v 1.046470 0.127563 0.082988
v 1.013769 0.126036 0.219912
v 0.941128 0.245421 0.294705
v 0.911337 0.357380 0.232498
v 0.989130 0.127471 -0.365098
v 0.945420 0.370746 -0.241193
v 0.978839 0.255255 -0.306514
v 1.042334 0.129587 -0.226109
v 1.059936 0.129205 -0.084056
v 0.738384 0.676021 0.000000
v 0.869949 0.486453 0.154264
v 0.816796 0.587488 0.080902
v 0.820939 0.590468 -0.081313
v 0.884388 0.494526 -0.156825
v 1.022791 0.255769 0.000000
v 0.966480 0.382735 -0.082998
v 0.960082 0.380201 0.082448
v -0.600942 0.778615 0.040660
v -0.578052 0.783855 0.106237
v -0.534817 0.821779 0.066154
v -0.660385 0.705964 0.185766
v -0.620306 0.745453 0.146391
v -0.685302 0.703595 0.120477
v -0.484929 0.825384 0.196684
v -0.554589 0.787846 0.172220
v -0.527534 0.786030 0.236383
v -0.769544 0.505846 0.329084
v -0.748883 0.558560 0.296252
v -0.803377 0.513190 0.266533
v -0.631434 0.643128 0.351185
v -0.691829 0.602508 0.324818
v -0.658782 0.593647 0.386204
v -0.754810 0.615422 0.196842
v -0.724490 0.610303 0.261601
v -0.696259 0.659616 0.225762
v -0.355341 0.776859 0.437147
v -0.427308 0.747011 0.418258
v -0.393000 0.730220 0.475053
v -0.494825 0.775746 0.300635
v -0.461306 0.762171 0.359773
v -0.424055 0.809420 0.321274
v -0.533651 0.670229 0.436026
v -0.498296 0.716328 0.398485
v -0.565452 0.682025 0.376355
v -0.632960 0.702515 0.251793
v -0.599335 0.692427 0.315024
v -0.564532 0.740335 0.276484
v -0.832728 0.037377 0.553807
v -0.837730 0.097589 0.532329
v -0.886647 0.061349 0.497217
v -0.751962 0.170074 0.606116
v -0.791708 0.133634 0.567670
v -0.740486 0.108982 0.621471
v -0.888960 0.182076 0.450038
v -0.842364 0.158271 0.510945
v -0.844540 0.218301 0.488401
v -0.562004 0.314258 0.736716
v -0.615183 0.280449 0.710712
v -0.561386 0.250606 0.757264
v -0.709143 0.332836 0.599942
v -0.665160 0.308221 0.658124
v -0.654456 0.365955 0.625805
v -0.659351 0.181267 0.696830
v -0.665313 0.245119 0.680546
v -0.710513 0.209021 0.646244
v -0.841982 0.407236 0.331857
v -0.813380 0.391443 0.400916
v -0.792673 0.443242 0.367602
v -0.840857 0.280091 0.462168
v -0.831521 0.337370 0.433666
v -0.875232 0.298595 0.395109
v -0.733290 0.410036 0.503100
v -0.785672 0.375664 0.470936
v -0.750597 0.356010 0.536225
v -0.757211 0.233272 0.587871
v -0.757196 0.296098 0.564740
v -0.800766 0.257042 0.526152
v -0.042268 0.538297 0.811436
v -0.110470 0.517943 0.817134
v -0.068629 0.478082 0.854661
v -0.194764 0.596604 0.742017
v -0.152717 0.557603 0.779618
v -0.125211 0.613715 0.733077
v -0.201336 0.427736 0.847025
v -0.178101 0.494194 0.816790
v -0.243060 0.467402 0.810256
v -0.351576 0.708420 0.541773
v -0.315406 0.687017 0.596164
v -0.283936 0.737453 0.548069
v -0.371071 0.574902 0.681247
v -0.344384 0.632044 0.640403
v -0.407209 0.598532 0.627504
v -0.207034 0.684082 0.648912
v -0.277073 0.661200 0.648021
v -0.237868 0.632121 0.696727
v -0.452740 0.317111 0.806586
v -0.435087 0.383017 0.779016
v -0.495182 0.352988 0.763069
v -0.308965 0.438195 0.799240
v -0.371856 0.410847 0.789742
v -0.328107 0.373170 0.828705
v -0.456254 0.481168 0.703080
v -0.416164 0.448420 0.749983
v -0.395709 0.512294 0.718895
v -0.264885 0.573766 0.740895
v -0.331536 0.543504 0.730549
v -0.287931 0.506586 0.772920
v -0.738247 0.487800 0.396282
v -0.669364 0.448995 0.525918
v -0.706577 0.470041 0.463484
v -0.682396 0.531692 0.424946
v -0.625447 0.574170 0.452987
v -0.543807 0.379722 0.709170
v -0.500864 0.504259 0.643407
v -0.522887 0.443165 0.677293
v -0.587799 0.403793 0.650054
v -0.628450 0.426161 0.589882
v -0.422341 0.677962 0.521179
v -0.560621 0.614835 0.479822
v -0.493159 0.647822 0.501388
v -0.449883 0.622512 0.564305
v -0.475255 0.565428 0.603906
v -0.606025 0.487990 0.552915
v -0.542338 0.528172 0.580357
v -0.584116 0.551667 0.516820
v -0.472054 0.856299 0.066439
v -0.495997 0.852850 0.000000
v -0.420133 0.857531 0.197785
v -0.445780 0.856375 0.132431
v -0.357789 0.897997 0.000000
v -0.403221 0.881097 0.066386
v -0.333247 0.900591 0.066168
v -0.286255 0.803904 0.441115
v -0.321658 0.822698 0.384252
v -0.243650 0.887689 0.263688
v -0.283871 0.859671 0.325600
v -0.209529 0.870545 0.322882
v -0.356561 0.839618 0.325221
v -0.389562 0.852886 0.264437
v -0.072072 0.940851 0.000000
v -0.114245 0.928580 0.065754
v -0.042798 0.935868 0.065952
v -0.258980 0.915793 0.066384
v -0.186605 0.922667 0.065908
v -0.215646 0.926333 0.000000
v -0.126807 0.908991 0.195407
v -0.156967 0.917831 0.131448
v -0.199974 0.906801 0.196963
v -0.349731 0.883097 0.199869
v -0.275443 0.899874 0.199685
v -0.305032 0.902224 0.132834
v 0.042327 0.539048 0.812568
v 0.000000 0.579953 0.777266
v 0.083372 0.655919 0.698667
v 0.042124 0.619747 0.739728
v 0.125286 0.614078 0.733511
v -0.041984 0.617686 0.737268
v -0.083124 0.653964 0.696584
v 0.241784 0.775102 0.504252
v 0.204154 0.750457 0.556379
v 0.283282 0.735755 0.546807
v 0.042152 0.766522 0.566969
v 0.122918 0.758512 0.561481
v 0.081452 0.796529 0.518192
v 0.205325 0.678432 0.643552
v 0.164632 0.720293 0.604581
v 0.124973 0.689372 0.650972
v -0.205602 0.755783 0.560327
v -0.243248 0.779795 0.507305
v -0.125563 0.692625 0.654043
v -0.166055 0.726517 0.609806
v -0.081904 0.800949 0.521067
v -0.124087 0.765726 0.566821
v -0.042274 0.768737 0.568607
v 0.042040 0.695221 0.657013
v 0.000000 0.733097 0.613464
v -0.042041 0.695238 0.657029
v 0.481749 0.828352 0.000000
v 0.461712 0.837539 0.064984
v 0.525853 0.808005 0.065045
v 0.330066 0.891996 0.065536
v 0.396794 0.867053 0.065328
v 0.352330 0.884296 0.000000
v 0.473875 0.806569 0.192201
v 0.437767 0.840983 0.130051
v 0.411294 0.839490 0.193623
v 0.042834 0.936654 0.066007
v 0.114100 0.927397 0.065671
v 0.072036 0.940375 0.000000
v 0.198936 0.902096 0.195941
v 0.156454 0.914827 0.131018
v 0.126984 0.910263 0.195681
v 0.213811 0.918449 0.000000
v 0.185526 0.917331 0.065527
v 0.256817 0.908146 0.065830
v 0.354111 0.774170 0.435633
v 0.318616 0.814919 0.380619
v 0.284340 0.798527 0.438164
v 0.380928 0.833982 0.258576
v 0.350897 0.826280 0.320055
v 0.416382 0.794774 0.315461
v 0.209175 0.869072 0.322335
v 0.281435 0.852293 0.322805
v 0.241793 0.880921 0.261678
v 0.302272 0.894061 0.131632
v 0.272436 0.890050 0.197505
v 0.344362 0.869541 0.196801
v -0.206738 0.819556 0.451205
v -0.043128 0.835951 0.461689
v -0.124966 0.830216 0.458034
v -0.167237 0.850346 0.389894
v -0.126987 0.874915 0.327307
v 0.205669 0.815317 0.448872
v 0.127804 0.880545 0.329413
v 0.167588 0.852131 0.390713
v 0.124616 0.827885 0.456748
v 0.043087 0.835153 0.461248
v 0.000000 0.928831 0.131728
v -0.084092 0.896794 0.260913
v -0.042608 0.914755 0.197103
v 0.042720 0.917158 0.197620
v 0.084617 0.902394 0.262543
v 0.000000 0.863655 0.397913
v 0.042976 0.886465 0.331125
v -0.042800 0.882842 0.329771
v -0.474504 0.860743 -0.066784
v -0.539215 0.828537 -0.066698
v -0.335245 0.905992 -0.066564
v -0.405001 0.884986 -0.066679
v -0.485110 0.825693 -0.196758
v -0.447279 0.859255 -0.132877
v -0.419214 0.855654 -0.197352
v -0.043367 0.948304 -0.066828
v -0.116047 0.943226 -0.066792
v -0.204995 0.929572 -0.201909
v -0.160992 0.941365 -0.134819
v -0.130627 0.936376 -0.201294
v -0.189529 0.937124 -0.066941
v -0.261868 0.926005 -0.067125
v -0.368043 0.804628 -0.452772
v -0.329952 0.843912 -0.394160
v -0.294470 0.826976 -0.453774
v -0.389017 0.851693 -0.264068
v -0.360664 0.849278 -0.328963
v -0.427543 0.816077 -0.323917
v -0.215377 0.894840 -0.331892
v -0.289209 0.875835 -0.331722
v -0.248502 0.905364 -0.268939
v -0.308758 0.913243 -0.134456
v -0.279370 0.912705 -0.202532
v -0.350941 0.886154 -0.200561
v 0.521238 0.800914 -0.064474
v 0.457361 0.829646 -0.064371
v 0.403579 0.823743 -0.189992
v 0.430766 0.827532 -0.127971
v 0.466432 0.793902 -0.189182
v 0.393464 0.859776 -0.064779
v 0.328839 0.888681 -0.065292
v 0.280264 0.787079 -0.431882
v 0.314863 0.805318 -0.376135
v 0.348352 0.761580 -0.428549
v 0.240036 0.874521 -0.259777
v 0.278267 0.842699 -0.319172
v 0.208517 0.866337 -0.321321
v 0.408639 0.779994 -0.309595
v 0.345062 0.812540 -0.314732
v 0.373233 0.817136 -0.253353
v 0.115653 0.940024 -0.066565
v 0.043395 0.948903 -0.066870
v 0.257496 0.910545 -0.066004
v 0.187260 0.925904 -0.066140
v 0.129037 0.924978 -0.198844
v 0.158851 0.928846 -0.133026
v 0.199681 0.905475 -0.196675
v 0.338630 0.855069 -0.193525
v 0.270035 0.882205 -0.195764
v 0.300318 0.888282 -0.130781
v -0.043412 0.552866 -0.833397
v 0.000000 0.595403 -0.797973
v 0.043330 0.551821 -0.831822
v -0.085792 0.674954 -0.718943
v -0.043327 0.637450 -0.760858
v -0.129685 0.635641 -0.759268
v 0.126681 0.620919 -0.741682
v 0.042954 0.631949 -0.754292
v 0.084087 0.661542 -0.704656
v -0.248439 0.796437 -0.518132
v -0.208812 0.767583 -0.569075
v -0.291896 0.758128 -0.563435
v -0.042696 0.776407 -0.574280
v -0.125631 0.775255 -0.573874
v -0.082561 0.807378 -0.525250
v -0.212414 0.701858 -0.665773
v -0.169074 0.739727 -0.620894
v -0.128759 0.710251 -0.670688
v 0.276038 0.716940 -0.532824
v 0.199089 0.731840 -0.542576
v 0.236059 0.756752 -0.492314
v 0.124739 0.688080 -0.649752
v 0.162327 0.710205 -0.596114
v 0.203743 0.673206 -0.638594
v 0.081084 0.792937 -0.515855
v 0.121478 0.749628 -0.554904
v 0.042205 0.767485 -0.567681
v -0.042971 0.710616 -0.671562
v 0.000000 0.741408 -0.620419
v 0.042500 0.702834 -0.664207
v 0.000000 0.948527 -0.134521
v 0.086063 0.917810 -0.267028
v 0.043722 0.938682 -0.202258
v -0.043773 0.939783 -0.202495
v -0.086725 0.924873 -0.269083
v 0.203350 0.806126 -0.443811
v 0.043296 0.839195 -0.463481
v 0.123961 0.823534 -0.454348
v 0.167281 0.850568 -0.389996
v 0.128627 0.886213 -0.331533
v -0.211175 0.837144 -0.460888
v -0.130867 0.901647 -0.337307
v -0.171771 0.873397 -0.400464
v -0.126670 0.841537 -0.464280
v -0.043530 0.843737 -0.465989
v 0.043676 0.900919 -0.336524
v 0.000000 0.876388 -0.403779
v -0.043828 0.904044 -0.337691
v -0.585880 0.794470 -0.107675
v -0.605797 0.784905 -0.040988
v -0.529478 0.788928 -0.237255
v -0.559119 0.794282 -0.173627
v -0.692249 0.710728 -0.121698
v -0.629305 0.756268 -0.148515
v -0.667971 0.714074 -0.187900
v -0.410517 0.762768 -0.496228
v -0.443513 0.775340 -0.434120
v -0.583411 0.703685 -0.388308
v -0.514911 0.740213 -0.411772
v -0.556299 0.698674 -0.454531
v -0.471844 0.779581 -0.367991
v -0.498614 0.781686 -0.302937
v -0.825998 0.527640 -0.274038
v -0.772242 0.575982 -0.305492
v -0.798279 0.524734 -0.341372
v -0.706560 0.669376 -0.229103
v -0.741375 0.624528 -0.267698
v -0.766290 0.624782 -0.199836
v -0.684605 0.616917 -0.401343
v -0.713155 0.621081 -0.334831
v -0.650832 0.662885 -0.361974
v -0.570347 0.747961 -0.279331
v -0.610649 0.705499 -0.320971
v -0.640133 0.710477 -0.254647
v -0.070214 0.489126 -0.874404
v -0.113902 0.534033 -0.842519
v -0.254030 0.488498 -0.846826
v -0.184438 0.511779 -0.845854
v -0.209277 0.444605 -0.880430
v -0.158023 0.576975 -0.806703
v -0.201547 0.617380 -0.767857
v -0.517253 0.368721 -0.797079
v -0.455961 0.401393 -0.816389
v -0.469549 0.328885 -0.836534
v -0.416339 0.539002 -0.756374
v -0.438330 0.472305 -0.789930
v -0.481410 0.507698 -0.741846
v -0.345533 0.392989 -0.872719
v -0.392033 0.433141 -0.832596
v -0.325634 0.461835 -0.842358
v -0.326984 0.712238 -0.618049
v -0.366285 0.738059 -0.564440
v -0.246073 0.653925 -0.720760
v -0.286757 0.684308 -0.670668
v -0.430569 0.632868 -0.663501
v -0.360653 0.661901 -0.670655
v -0.390357 0.604782 -0.716655
v -0.301292 0.530094 -0.808787
v -0.347385 0.569485 -0.765472
v -0.275513 0.596786 -0.770620
v -0.888031 0.061445 -0.497993
v -0.857332 0.099872 -0.544785
v -0.851743 0.038230 -0.566453
v -0.849464 0.219574 -0.491248
v -0.854100 0.160476 -0.518064
v -0.886095 0.181489 -0.448587
v -0.774712 0.114020 -0.650196
v -0.816155 0.137760 -0.585199
v -0.775682 0.175438 -0.625235
v -0.820698 0.458913 -0.380598
v -0.832978 0.400875 -0.410575
v -0.862784 0.417296 -0.340056
v -0.764418 0.362565 -0.546099
v -0.799793 0.382415 -0.479400
v -0.755436 0.422420 -0.518295
v -0.874191 0.298240 -0.394639
v -0.839253 0.340508 -0.437698
v -0.843814 0.281076 -0.463793
v -0.586653 0.261886 -0.791348
v -0.638648 0.291146 -0.737821
v -0.586274 0.327829 -0.768531
v -0.732722 0.215555 -0.666444
v -0.687634 0.253343 -0.703377
v -0.685647 0.188496 -0.724620
v -0.679173 0.379776 -0.649440
v -0.685382 0.317591 -0.678131
v -0.727031 0.341232 -0.615075
v -0.809547 0.259861 -0.531922
v -0.770332 0.301235 -0.574538
v -0.774200 0.238506 -0.601061
v -0.444882 0.714146 -0.548996
v -0.504047 0.599683 -0.640492
v -0.476502 0.659345 -0.597694
v -0.520238 0.683394 -0.528919
v -0.591394 0.648585 -0.506160
v -0.571508 0.399065 -0.745294
v -0.660393 0.447822 -0.619865
v -0.617913 0.424481 -0.683358
v -0.552397 0.468175 -0.715517
v -0.529701 0.533293 -0.680452
v -0.769276 0.508302 -0.412938
v -0.657186 0.603307 -0.475974
v -0.713811 0.556170 -0.444509
v -0.737704 0.490747 -0.483902
v -0.701247 0.470381 -0.550968
v -0.574441 0.559436 -0.614710
v -0.640408 0.515676 -0.584284
v -0.619147 0.584752 -0.547815
v -0.650560 0.749415 0.000000
v -0.739431 0.676979 -0.080987
v -0.697566 0.715650 -0.040855
v -0.694645 0.712653 0.040684
v -0.734826 0.672764 0.080482
v -0.867705 0.485198 -0.233230
v -0.842509 0.536880 -0.197492
v -0.860701 0.547198 -0.040784
v -0.853927 0.543315 -0.119239
v -0.892248 0.498922 -0.078619
v -0.812585 0.586236 -0.160037
v -0.779155 0.632399 -0.121712
v -0.828937 0.528231 0.194311
v -0.851001 0.475857 0.228741
v -0.772742 0.627193 0.120710
v -0.803385 0.579599 0.158225
v -0.889973 0.497650 0.078419
v -0.847768 0.539395 0.118379
v -0.859411 0.546378 0.040723
v -0.785155 0.637770 -0.040911
v -0.824890 0.593310 0.000000
v -0.782919 0.635954 0.040794
v -0.900481 0.000000 -0.451259
v -0.909609 0.060661 -0.432081
v -0.954389 0.060270 -0.304305
v -0.929344 0.060185 -0.366472
v -0.943676 0.000000 -0.323981
v -0.912629 0.121305 -0.409351
v -0.910644 0.180530 -0.384442
v -1.048530 0.063511 -0.041318
v -1.028452 0.062596 -0.109030
v -1.044476 0.000000 -0.068943
v -0.986362 0.184148 -0.187431
v -1.009122 0.124221 -0.148708
v -1.008120 0.186274 -0.121183
v -1.000915 0.000000 -0.200779
v -1.005883 0.061759 -0.175296
v -0.982489 0.061214 -0.239410
v -0.895401 0.359461 -0.301659
v -0.887517 0.418583 -0.272314
v -0.905814 0.241395 -0.356508
v -0.899867 0.299594 -0.329288
v -0.947842 0.302166 -0.196578
v -0.923012 0.300481 -0.262628
v -0.955800 0.244037 -0.226057
v -0.960022 0.121488 -0.279677
v -0.960645 0.183225 -0.253372
v -0.933644 0.181625 -0.318604
v -0.932898 0.062214 0.443144
v -0.927177 0.000000 0.464637
v -0.928262 0.184023 0.391880
v -0.932532 0.123951 0.418278
v -0.991328 0.000000 0.340341
v -0.970185 0.062829 0.382577
v -1.000606 0.063189 0.319041
v -0.874866 0.412616 0.268433
v -0.893526 0.358708 0.301027
v -0.981256 0.250536 0.232078
v -0.940415 0.306147 0.267580
v -0.964985 0.307631 0.200133
v -0.908899 0.302601 0.332593
v -0.920559 0.245325 0.362312
v -1.054908 0.000000 0.069631
v -1.053056 0.064094 0.111639
v -1.057232 0.064038 0.041661
v -1.028080 0.064055 0.250519
v -1.044299 0.064118 0.181991
v -1.035831 0.000000 0.207782
v -1.028786 0.190092 0.123667
v -1.041400 0.128194 0.153465
v -1.016735 0.189818 0.193203
v -0.962904 0.187317 0.328589
v -0.994478 0.189678 0.262295
v -1.002110 0.126814 0.291939
v -0.905535 0.428508 -0.196830
v -0.969764 0.311827 -0.121284
v -0.937870 0.369617 -0.158937
v -0.920692 0.436595 -0.119416
v -0.933331 0.443060 -0.041492
v -1.048868 0.127855 0.000000
v -1.012307 0.253148 0.081794
v -1.036600 0.191980 0.041604
v -1.029774 0.190716 -0.041330
v -1.003437 0.250930 -0.081077
v -0.900503 0.426126 0.195737
v -0.934595 0.443660 0.041548
v -0.921153 0.436814 0.119476
v -0.943257 0.371740 0.159850
v -0.979243 0.314875 0.122470
v -0.988764 0.317454 -0.041305
v -0.991493 0.318330 0.041419
v -0.967153 0.383001 0.000000
v 0.572406 0.776200 0.105199
v 0.595307 0.771314 0.040278
v 0.516754 0.769969 0.231553
v 0.544778 0.773910 0.169174
v 0.682166 0.700375 0.119926
v 0.614831 0.738874 0.145099
v 0.655450 0.700688 0.184377
v 0.394536 0.733075 0.476911
v 0.428474 0.749048 0.419399
v 0.570511 0.688126 0.379722
v 0.501183 0.720478 0.400793
v 0.538990 0.676935 0.440388
v 0.459064 0.758467 0.358024
v 0.488175 0.765320 0.296594
v 0.811637 0.518466 0.269273
v 0.763631 0.569560 0.302086
v 0.784279 0.515531 0.335385
v 0.696716 0.660049 0.225911
v 0.734755 0.618951 0.265307
v 0.758288 0.618257 0.197749
v 0.673195 0.606635 0.394654
v 0.706167 0.614995 0.331550
v 0.641280 0.653157 0.356662
v 0.559182 0.733319 0.273863
v 0.600990 0.694339 0.315893
v 0.629184 0.698325 0.250291
v 0.068865 0.479725 0.857599
v 0.110793 0.519457 0.819523
v 0.247659 0.476247 0.825588
v 0.179524 0.498143 0.823317
v 0.206005 0.437654 0.866665
v 0.152606 0.557197 0.779050
v 0.193137 0.591619 0.735816
v 0.493488 0.351781 0.760458
v 0.437816 0.385419 0.783901
v 0.456308 0.319611 0.812943
v 0.396402 0.513190 0.720153
v 0.418377 0.450805 0.753971
v 0.456512 0.481440 0.703478
v 0.338974 0.385530 0.856154
v 0.379633 0.419440 0.806260
v 0.317608 0.450453 0.821598
v 0.314259 0.684519 0.593996
v 0.351541 0.708349 0.541719
v 0.235109 0.624789 0.688646
v 0.274885 0.655979 0.642903
v 0.407475 0.598922 0.627912
v 0.342631 0.628825 0.637141
v 0.370241 0.573616 0.679724
v 0.290792 0.511620 0.780601
v 0.331868 0.544047 0.731279
v 0.262624 0.568867 0.734569
v 0.887528 0.061410 0.497711
v 0.851814 0.099230 0.541278
v 0.848682 0.038093 0.564417
v 0.852898 0.220462 0.493234
v 0.853885 0.160435 0.517933
v 0.886093 0.181489 0.448587
v 0.764698 0.112546 0.641792
v 0.815237 0.137605 0.584541
v 0.774340 0.175135 0.624153
v 0.805802 0.450583 0.373691
v 0.820999 0.395110 0.404671
v 0.844825 0.408611 0.332978
v 0.754512 0.357867 0.539023
v 0.791118 0.378268 0.474201
v 0.740664 0.414160 0.508160
v 0.872331 0.297606 0.393799
v 0.835174 0.338853 0.435571
v 0.846362 0.281925 0.465194
v 0.563666 0.251624 0.760340
v 0.611923 0.278963 0.706946
v 0.557759 0.311884 0.731152
v 0.722738 0.212617 0.657363
v 0.668013 0.246114 0.683308
v 0.668966 0.183910 0.706991
v 0.653335 0.365328 0.624732
v 0.662702 0.307082 0.655692
v 0.711039 0.333726 0.601547
v 0.815264 0.261696 0.535678
v 0.767971 0.300311 0.572777
v 0.775443 0.238889 0.602026
v 0.424509 0.681441 0.523854
v 0.480482 0.571646 0.610547
v 0.452581 0.626245 0.567689
v 0.497498 0.653522 0.505800
v 0.568040 0.622972 0.486172
v 0.541477 0.378095 0.706131
v 0.635887 0.431204 0.596863
v 0.590705 0.405790 0.653268
v 0.525685 0.445537 0.680918
v 0.506539 0.509973 0.650697
v 0.756765 0.500035 0.406222
v 0.638345 0.586011 0.462329
v 0.700531 0.545823 0.436239
v 0.723051 0.481000 0.474291
v 0.682067 0.457516 0.535898
v 0.553694 0.539231 0.592509
v 0.619905 0.499166 0.565578
v 0.597406 0.564218 0.528578
v -0.068902 0.421840 0.890274
v 0.000000 0.443017 0.886249
v -0.202892 0.371369 0.881882
v -0.137033 0.397466 0.888354
v 0.000000 0.324571 0.947765
v -0.069304 0.362721 0.922135
v -0.069733 0.302623 0.951492
v -0.452813 0.253201 0.827293
v -0.394510 0.284565 0.846778
v -0.271840 0.216438 0.917424
v -0.332934 0.250116 0.881239
v -0.331300 0.185254 0.895482
v -0.332404 0.314027 0.860313
v -0.269570 0.342192 0.871619
v 0.000000 0.067066 1.018591
v -0.071393 0.106884 1.010730
v -0.071466 0.039962 1.016662
v -0.070697 0.237654 0.977729
v -0.071070 0.173387 0.997424
v 0.000000 0.199107 0.995072
v -0.209217 0.116989 0.975671
v -0.141767 0.145873 0.992360
v -0.207661 0.181672 0.958452
v -0.206422 0.311236 0.914339
v -0.207696 0.246865 0.938321
v -0.139613 0.276254 0.950649
v -0.843020 -0.037839 0.560651
v -0.793938 0.000000 0.593877
v -0.710660 -0.073073 0.668851
v -0.752589 -0.036929 0.632102
v -0.756362 -0.111319 0.634796
v -0.745185 0.036565 0.625884
v -0.703583 0.072346 0.662190
v -0.534018 -0.220638 0.822913
v -0.582486 -0.184169 0.787641
v -0.578704 -0.258337 0.780626
v -0.576656 -0.036942 0.781573
v -0.581110 -0.109618 0.786997
v -0.531402 -0.071974 0.818883
v -0.668103 -0.183673 0.706079
v -0.626189 -0.146930 0.747905
v -0.667000 -0.110338 0.708115
v -0.565315 0.178740 0.764422
v -0.516334 0.213332 0.795663
v -0.661877 0.109491 0.702677
v -0.614645 0.144221 0.734118
v -0.524526 0.071043 0.808287
v -0.569912 0.107506 0.771832
v -0.574198 0.036785 0.778241
v -0.667138 -0.036783 0.707704
v -0.621869 0.000000 0.745004
v -0.664977 0.036664 0.705412
v 0.000000 -0.439119 0.878453
v -0.068610 -0.420047 0.886489
v -0.068813 -0.479367 0.856958
v -0.067968 -0.294964 0.927413
v -0.068351 -0.357735 0.909459
v 0.000000 -0.315834 0.922253
v -0.207049 -0.439872 0.871056
v -0.137634 -0.399210 0.892251
v -0.206134 -0.377302 0.895970
v -0.071115 -0.039765 1.011660
v -0.070338 -0.105305 0.995802
v 0.000000 -0.066333 1.007461
v -0.207324 -0.181377 0.956896
v -0.139727 -0.143773 0.978077
v -0.208576 -0.116630 0.972679
v 0.000000 -0.192679 0.962943
v -0.069285 -0.169030 0.972360
v -0.068606 -0.230626 0.948816
v -0.471032 -0.329924 0.839175
v -0.407154 -0.293685 0.873917
v -0.468252 -0.261834 0.855500
v -0.276674 -0.351210 0.894588
v -0.342702 -0.323755 0.886965
v -0.342794 -0.389874 0.865801
v -0.339459 -0.189816 0.917534
v -0.341738 -0.256730 0.904543
v -0.276072 -0.219808 0.931706
v -0.137390 -0.271855 0.935509
v -0.207896 -0.247103 0.939224
v -0.207466 -0.312809 0.918960
v -0.458718 0.181108 0.835290
v -0.465629 0.037480 0.845198
v -0.461839 0.108575 0.839210
v -0.397544 0.146932 0.869202
v -0.337935 0.112975 0.905588
v -0.474155 -0.187202 0.863399
v -0.344113 -0.115040 0.922145
v -0.409106 -0.151205 0.894481
v -0.473607 -0.111342 0.860595
v -0.469402 -0.037784 0.852047
v -0.142566 0.000000 1.007772
v -0.275567 0.076530 0.949533
v -0.211947 0.039479 0.986112
v -0.211731 -0.039439 0.985109
v -0.276971 -0.076920 0.954372
v -0.405522 0.000000 0.882378
v -0.343351 -0.038399 0.921499
v -0.341168 0.038154 0.915641
v -0.940054 -0.062692 0.446543
v -0.900759 -0.062326 0.505131
v -0.990738 -0.062565 0.315895
v -0.967575 -0.062660 0.381548
v -0.909251 -0.186232 0.460310
v -0.940171 -0.124966 0.421704
v -0.937018 -0.185758 0.395576
v -1.048340 -0.063500 0.041311
v -1.040329 -0.063319 0.110289
v -0.995692 -0.185890 0.189204
v -1.017306 -0.125228 0.149914
v -1.007090 -0.186083 0.121059
v -1.028704 -0.063160 0.179273
v -1.012827 -0.063105 0.246802
v -0.872113 -0.421809 0.343733
v -0.916816 -0.368058 0.308874
v -0.889495 -0.419516 0.272921
v -0.936613 -0.249603 0.368630
v -0.932224 -0.310367 0.341128
v -0.905155 -0.308804 0.408617
v -0.962542 -0.306853 0.199627
v -0.950258 -0.309351 0.270381
v -0.975429 -0.249048 0.230699
v -0.985074 -0.124658 0.286976
v -0.981695 -0.187240 0.258924
v -0.961462 -0.187037 0.328097
v -0.879223 -0.060836 -0.493054
v -0.898478 -0.059919 -0.426794
v -0.892424 -0.176918 -0.376750
v -0.896157 -0.119116 -0.401962
v -0.871028 -0.178403 -0.440960
v -0.918818 -0.059503 -0.362322
v -0.947301 -0.059822 -0.302045
v -0.848428 -0.400147 -0.260321
v -0.861356 -0.345793 -0.290189
v -0.823431 -0.398263 -0.324545
v -0.934348 -0.238560 -0.220984
v -0.898782 -0.292593 -0.255734
v -0.925775 -0.295131 -0.192001
v -0.850833 -0.290271 -0.384094
v -0.873001 -0.290650 -0.319457
v -0.882706 -0.235237 -0.347414
v -1.032265 -0.062828 -0.109435
v -1.047931 -0.063475 -0.041294
v -0.979923 -0.061055 -0.238784
v -1.007371 -0.061851 -0.175555
v -0.999254 -0.184636 -0.120117
v -1.005199 -0.123738 -0.148130
v -0.970122 -0.181116 -0.184345
v -0.913718 -0.177749 -0.311804
v -0.939503 -0.179192 -0.247795
v -0.944858 -0.119569 -0.275260
v -0.583882 -0.756511 0.039505
v -0.632422 -0.728521 0.000000
v -0.587361 -0.761018 -0.039741
v -0.711216 -0.651148 0.077897
v -0.672616 -0.690053 0.039394
v -0.664642 -0.682384 0.116845
v -0.675497 -0.693529 -0.118753
v -0.679464 -0.697079 -0.039795
v -0.721218 -0.660305 -0.078992
v -0.851016 -0.475866 0.228745
v -0.817268 -0.520796 0.191576
v -0.804259 -0.513753 0.266825
v -0.842259 -0.535474 0.039910
v -0.832844 -0.529900 0.116295
v -0.877694 -0.490783 0.077337
v -0.739165 -0.602666 0.192762
v -0.784595 -0.566043 0.154524
v -0.749938 -0.608684 0.117148
v -0.790668 -0.505072 -0.262316
v -0.812522 -0.517771 -0.190463
v -0.831702 -0.465066 -0.223553
v -0.758163 -0.615360 -0.118433
v -0.787775 -0.568337 -0.155151
v -0.743102 -0.605876 -0.193788
v -0.868657 -0.485730 -0.076541
v -0.829653 -0.527870 -0.115849
v -0.841533 -0.535012 -0.039876
v -0.759058 -0.616572 0.039551
v -0.804359 -0.578543 0.000000
v -0.763807 -0.620429 -0.039798
v -1.037202 -0.126433 0.000000
v -0.990325 -0.247650 -0.080017
v -1.018661 -0.188658 -0.040884
v -1.016477 -0.188253 0.040797
v -0.993926 -0.248551 0.080308
v -0.870337 -0.411852 -0.189180
v -0.910931 -0.432426 -0.040496
v -0.891513 -0.422759 -0.115631
v -0.910360 -0.358775 -0.154275
v -0.951316 -0.305895 -0.118977
v -0.899965 -0.425872 0.195620
v -0.971458 -0.312372 0.121496
v -0.942363 -0.371388 0.159698
v -0.914932 -0.433864 0.118669
v -0.919062 -0.436286 0.040857
v -0.970950 -0.311734 -0.040561
v -0.948903 -0.375774 0.000000
v -0.975176 -0.313091 0.040737
v -0.818452 0.000000 -0.612214
v -0.848648 -0.038091 -0.564394
v -0.741306 0.076224 -0.697693
v -0.782521 0.038397 -0.657242
v -0.777005 -0.114357 -0.652120
v -0.781085 -0.038327 -0.656036
v -0.739960 -0.076086 -0.696426
v -0.541419 0.223696 -0.834318
v -0.594949 0.188110 -0.804492
v -0.599678 0.038417 -0.812776
v -0.599976 0.113177 -0.812547
v -0.549741 0.074458 -0.847142
v -0.645211 0.151393 -0.770625
v -0.693101 0.114656 -0.735826
v -0.570516 -0.254682 -0.769581
v -0.581236 -0.183774 -0.785950
v -0.524904 -0.216872 -0.808869
v -0.689997 -0.114143 -0.732530
v -0.636688 -0.149394 -0.760445
v -0.679488 -0.186803 -0.718111
v -0.541284 -0.073313 -0.834111
v -0.590341 -0.111359 -0.799498
v -0.596058 -0.038185 -0.807869
v -0.698613 0.038518 -0.741093
v -0.649780 0.000000 -0.778442
v -0.697657 -0.038466 -0.740080
v 0.000000 0.448558 -0.897334
v -0.069980 0.428435 -0.904193
v -0.069231 0.300444 -0.944644
v -0.069547 0.363993 -0.925370
v 0.000000 0.321344 -0.938342
v -0.140053 0.406224 -0.907928
v -0.209856 0.384115 -0.912149
v -0.071011 0.039707 -1.010181
v -0.071078 0.106412 -1.006271
v 0.000000 0.066054 -1.003218
v -0.210307 0.183987 -0.970662
v -0.141717 0.145821 -0.992009
v -0.210709 0.117823 -0.982629
v 0.000000 0.196347 -0.981276
v -0.070530 0.172070 -0.989844
v -0.070038 0.235440 -0.968620
v -0.408793 0.294867 -0.877435
v -0.470366 0.263016 -0.859361
v -0.281407 0.357217 -0.909891
v -0.346432 0.327279 -0.896619
v -0.344328 0.192539 -0.930695
v -0.346052 0.259971 -0.915961
v -0.280740 0.223525 -0.947461
v -0.139929 0.276879 -0.952799
v -0.211595 0.251499 -0.955936
v -0.211424 0.318778 -0.936495
v -0.068670 -0.478366 -0.855169
v -0.068298 -0.418142 -0.882470
v 0.000000 -0.438591 -0.877396
v -0.202568 -0.370775 -0.880471
v -0.136164 -0.394945 -0.882719
v -0.201839 -0.428803 -0.849138
v 0.000000 -0.316856 -0.925237
v -0.068386 -0.357914 -0.909915
v -0.068438 -0.297006 -0.933834
v -0.454697 -0.254254 -0.830734
v -0.395250 -0.285098 -0.848366
v -0.454050 -0.318029 -0.808921
v -0.275737 -0.219542 -0.930578
v -0.336099 -0.252493 -0.889615
v -0.338444 -0.189249 -0.914790
v -0.331294 -0.376795 -0.836756
v -0.333993 -0.315528 -0.864426
v -0.270746 -0.343685 -0.875421
v 0.000000 -0.064919 -0.985978
v -0.069473 -0.104009 -0.983549
v -0.070391 -0.039361 -1.001365
v -0.068895 -0.231598 -0.952814
v -0.068937 -0.168183 -0.967489
v 0.000000 -0.191768 -0.958391
v -0.210777 -0.117861 -0.982942
v -0.139759 -0.143807 -0.978307
v -0.208906 -0.182761 -0.964196
v -0.205941 -0.310510 -0.912205
v -0.208266 -0.247542 -0.940896
v -0.138160 -0.273378 -0.940750
v -0.480686 0.189781 -0.875292
v -0.350162 0.117062 -0.938353
v -0.415800 0.153679 -0.909117
v -0.486043 0.114266 -0.883192
v -0.484706 0.039015 -0.879826
v -0.142416 0.000000 -1.006715
v -0.281917 -0.078293 -0.971414
v -0.213479 -0.039765 -0.993244
v -0.213386 0.039747 -0.992810
v -0.280723 0.077962 -0.967300
v -0.466810 -0.184303 -0.850025
v -0.480149 -0.038649 -0.871555
v -0.475336 -0.111748 -0.863735
v -0.407999 -0.150796 -0.892061
v -0.349059 -0.116694 -0.935399
v -0.352339 0.039404 -0.945623
v -0.352109 -0.039378 -0.945005
v -0.419053 0.000000 -0.911819
v 0.112829 0.529004 -0.834584
v 0.070009 0.487696 -0.871848
v 0.194936 0.597129 -0.742670
v 0.154830 0.565319 -0.790406
v 0.202704 0.430642 -0.852779
v 0.180329 0.500376 -0.827007
v 0.244741 0.470635 -0.815860
v 0.346428 0.698047 -0.533840
v 0.310426 0.676169 -0.586750
v 0.374751 0.580603 -0.688003
v 0.344587 0.632416 -0.640780
v 0.412909 0.606910 -0.636287
v 0.273681 0.653104 -0.640086
v 0.236032 0.627242 -0.691350
v 0.456450 0.319710 -0.813196
v 0.437390 0.385044 -0.783138
v 0.501316 0.357361 -0.772521
v 0.310889 0.440923 -0.804216
v 0.373599 0.412773 -0.793445
v 0.328677 0.373819 -0.830147
v 0.463248 0.488543 -0.713857
v 0.419059 0.451540 -0.755201
v 0.399731 0.517501 -0.726202
v 0.264160 0.572196 -0.738868
v 0.333312 0.546414 -0.734461
v 0.288884 0.508263 -0.775479
v 0.594061 0.769700 -0.040194
v 0.567209 0.769153 -0.104244
v 0.656762 0.702091 -0.184746
v 0.612939 0.736600 -0.144652
v 0.681967 0.700171 -0.119891
v 0.539021 0.765731 -0.167386
v 0.511269 0.761795 -0.229095
v 0.809462 0.532085 -0.346154
v 0.778622 0.580741 -0.308017
v 0.835570 0.533755 -0.277213
v 0.634232 0.645977 -0.352741
v 0.707119 0.615823 -0.331996
v 0.673425 0.606842 -0.394789
v 0.766505 0.624957 -0.199891
v 0.740349 0.623663 -0.267327
v 0.700095 0.663250 -0.227006
v 0.420890 0.735791 -0.411976
v 0.388513 0.721883 -0.469629
v 0.480442 0.753196 -0.291896
v 0.450958 0.745074 -0.351702
v 0.532336 0.668578 -0.434952
v 0.492184 0.707542 -0.393597
v 0.561289 0.677003 -0.373584
v 0.629566 0.698748 -0.250443
v 0.595133 0.687572 -0.312815
v 0.554882 0.727680 -0.271757
v 0.869614 0.039032 -0.578338
v 0.881143 0.102646 -0.559915
v 0.909221 0.062911 -0.509876
v 0.806952 0.182511 -0.650440
v 0.847096 0.142983 -0.607384
v 0.801727 0.117996 -0.672869
v 0.927461 0.189962 -0.469529
v 0.892084 0.167612 -0.541103
v 0.894407 0.231191 -0.517239
v 0.579094 0.323814 -0.759118
v 0.646131 0.294557 -0.746465
v 0.584701 0.261014 -0.788715
v 0.745647 0.349969 -0.630825
v 0.700922 0.324792 -0.693507
v 0.687042 0.384176 -0.656964
v 0.708899 0.194889 -0.749194
v 0.708298 0.260956 -0.724515
v 0.760394 0.223695 -0.691613
v 0.879173 0.425223 -0.346515
v 0.854329 0.411150 -0.421099
v 0.835897 0.467412 -0.387647
v 0.885917 0.295101 -0.486934
v 0.871365 0.353536 -0.454446
v 0.910027 0.310466 -0.410817
v 0.768622 0.429793 -0.527341
v 0.823245 0.393629 -0.493458
v 0.787124 0.373335 -0.562320
v 0.806372 0.248417 -0.626038
v 0.800825 0.313159 -0.597280
v 0.851555 0.273345 -0.559523
v 0.421990 0.677398 -0.520746
v 0.570589 0.625768 -0.488354
v 0.496894 0.652729 -0.505186
v 0.455891 0.630825 -0.571841
v 0.488235 0.580871 -0.620400
v 0.777828 0.513953 -0.417529
v 0.705348 0.473132 -0.554190
v 0.743459 0.494576 -0.487678
v 0.712327 0.555013 -0.443585
v 0.644959 0.592083 -0.467119
v 0.557810 0.389500 -0.727431
v 0.515724 0.519220 -0.662496
v 0.537421 0.455483 -0.696119
v 0.612780 0.420955 -0.677681
v 0.661406 0.448509 -0.620817
v 0.608020 0.574243 -0.537970
v 0.637438 0.513284 -0.581575
v 0.563964 0.549233 -0.603499
v 0.587321 -0.760967 0.039738
v 0.574122 -0.778527 0.105515
v 0.520652 -0.800014 0.064402
v 0.668861 -0.715025 0.188150
v 0.624131 -0.750050 0.147293
v 0.685611 -0.703913 0.120531
v 0.481675 -0.819846 0.195364
v 0.555887 -0.789692 0.172624
v 0.529262 -0.788606 0.237158
v 0.820773 -0.539520 0.350991
v 0.792322 -0.590959 0.313436
v 0.847327 -0.541265 0.281114
v 0.665215 -0.677535 0.369973
v 0.731898 -0.637403 0.343630
v 0.701159 -0.631834 0.411047
v 0.772995 -0.630249 0.201584
v 0.756100 -0.636932 0.273015
v 0.714446 -0.676846 0.231659
v 0.354516 -0.775056 0.436132
v 0.432962 -0.756894 0.423792
v 0.398696 -0.740804 0.481939
v 0.497359 -0.779717 0.302174
v 0.465356 -0.768862 0.362931
v 0.422306 -0.806081 0.319949
v 0.552431 -0.693816 0.451370
v 0.509009 -0.731728 0.407052
v 0.586766 -0.707732 0.390541
v 0.648953 -0.720266 0.258156
v 0.620754 -0.717173 0.326282
v 0.574468 -0.753365 0.281350
v 0.856351 -0.038437 0.569517
v 0.870890 -0.101452 0.553400
v 0.903521 -0.062517 0.506680
v 0.782513 -0.176983 0.630741
v 0.828506 -0.139845 0.594055
v 0.776470 -0.114278 0.651671
v 0.913032 -0.187007 0.462224
v 0.875404 -0.164478 0.530986
v 0.871769 -0.225339 0.504147
v 0.586103 -0.327733 0.768306
v 0.637015 -0.290402 0.735934
v 0.582113 -0.259859 0.785224
v 0.735684 -0.345293 0.622396
v 0.688926 -0.319233 0.681638
v 0.690507 -0.386113 0.660277
v 0.680881 -0.187186 0.719583
v 0.684939 -0.252350 0.700622
v 0.733042 -0.215649 0.666735
v 0.882743 -0.426950 0.347922
v 0.847977 -0.408093 0.417968
v 0.840302 -0.469875 0.389690
v 0.862054 -0.287152 0.473818
v 0.853712 -0.346374 0.445239
v 0.894243 -0.305081 0.403691
v 0.770083 -0.430610 0.528344
v 0.812330 -0.388410 0.486915
v 0.776685 -0.368384 0.554863
v 0.782981 -0.241211 0.607878
v 0.779762 -0.304922 0.581571
v 0.825797 -0.265077 0.542599
v 0.042408 -0.540086 0.814133
v 0.110900 -0.519958 0.820313
v 0.068467 -0.476952 0.852642
v 0.195378 -0.598485 0.744356
v 0.153737 -0.561328 0.784825
v 0.127128 -0.623107 0.744296
v 0.204487 -0.434430 0.860280
v 0.179721 -0.498690 0.824220
v 0.248017 -0.476935 0.826780
v 0.354448 -0.714208 0.546200
v 0.316078 -0.688481 0.597434
v 0.282301 -0.733206 0.544913
v 0.378340 -0.586163 0.694592
v 0.348421 -0.639452 0.647909
v 0.420521 -0.618098 0.648017
v 0.207336 -0.685077 0.649856
v 0.277091 -0.661242 0.648061
v 0.237765 -0.631848 0.696427
v 0.466461 -0.326722 0.831032
v 0.453310 -0.399059 0.811643
v 0.516557 -0.368225 0.796006
v 0.319369 -0.452951 0.826153
v 0.387004 -0.427584 0.821914
v 0.339323 -0.385926 0.857034
v 0.477043 -0.503092 0.735116
v 0.432571 -0.466099 0.779550
v 0.407424 -0.527460 0.740178
v 0.265694 -0.575518 0.743157
v 0.336674 -0.551926 0.741870
v 0.293283 -0.516002 0.787288
v 0.788802 -0.521204 0.423420
v 0.718992 -0.482284 0.564910
v 0.753140 -0.501016 0.494028
v 0.731434 -0.569901 0.455483
v 0.667453 -0.612732 0.483410
v 0.573848 -0.400699 0.748346
v 0.533037 -0.536651 0.684737
v 0.555747 -0.471015 0.719857
v 0.628887 -0.432020 0.695494
v 0.677946 -0.459725 0.636341
v 0.435118 -0.698472 0.536947
v 0.588982 -0.645940 0.504096
v 0.512534 -0.673275 0.521087
v 0.468493 -0.648262 0.587648
v 0.501357 -0.596482 0.637073
v 0.658568 -0.530299 0.600853
v 0.583331 -0.568094 0.624223
v 0.627438 -0.592582 0.555150
v 0.457449 -0.829807 0.064384
v 0.472699 -0.812791 0.000000
v 0.414303 -0.845631 0.195040
v 0.438317 -0.842039 0.130214
v 0.342409 -0.859397 0.000000
v 0.390549 -0.853406 0.064299
v 0.321672 -0.869310 0.063869
v 0.282654 -0.793792 0.435566
v 0.317731 -0.812655 0.379562
v 0.241237 -0.878895 0.261076
v 0.280305 -0.848869 0.321509
v 0.209003 -0.868356 0.322070
v 0.352430 -0.829889 0.321453
v 0.383885 -0.840457 0.260584
v 0.071125 -0.928486 0.000000
v 0.113646 -0.923707 0.065409
v 0.042619 -0.931940 0.065675
v 0.250558 -0.886010 0.064225
v 0.183116 -0.905414 0.064676
v 0.208214 -0.894407 0.000000
v 0.127470 -0.913746 0.196430
v 0.156205 -0.913374 0.130810
v 0.198628 -0.900698 0.195637
v 0.342529 -0.864912 0.195753
v 0.270130 -0.882517 0.195833
v 0.296427 -0.876772 0.129087
v -0.042512 -0.541407 0.816123
v 0.000000 -0.585095 0.784158
v -0.085207 -0.670351 0.714040
v -0.042767 -0.629206 0.751018
v -0.127543 -0.625141 0.746726
v 0.042778 -0.629362 0.751204
v 0.084866 -0.667669 0.711183
v -0.252058 -0.808040 0.525680
v -0.212583 -0.781443 0.579351
v -0.295421 -0.767283 0.570239
v -0.043254 -0.786563 0.581792
v -0.127796 -0.788615 0.583764
v -0.084090 -0.822332 0.534978
v -0.213261 -0.704657 0.668429
v -0.171391 -0.749863 0.629402
v -0.129206 -0.712721 0.673021
v 0.204583 -0.752035 0.557549
v 0.241123 -0.772983 0.502873
v 0.126952 -0.700287 0.661279
v 0.166383 -0.727952 0.611010
v 0.082306 -0.804883 0.523626
v 0.124516 -0.768373 0.568781
v 0.042801 -0.778319 0.575695
v -0.043066 -0.712195 0.673054
v 0.000000 -0.747998 0.625933
v 0.042826 -0.708220 0.669297
v -0.478509 -0.822780 0.000000
v -0.459096 -0.832793 0.064615
v -0.517829 -0.795675 0.064053
v -0.330771 -0.893902 0.065676
v -0.397099 -0.867719 0.065378
v -0.353143 -0.886338 0.000000
v -0.477297 -0.812393 0.193588
v -0.437998 -0.841426 0.130120
v -0.416229 -0.849561 0.195946
v -0.042670 -0.933069 0.065755
v -0.114244 -0.928574 0.065754
v -0.071510 -0.933518 0.000000
v -0.200781 -0.910464 0.197759
v -0.157569 -0.921350 0.131952
v -0.128902 -0.924013 0.198637
v -0.214648 -0.922046 0.000000
v -0.186418 -0.921739 0.065842
v -0.258079 -0.912607 0.066153
v -0.371959 -0.813189 0.457590
v -0.333461 -0.852886 0.398352
v -0.297337 -0.835026 0.458192
v -0.391651 -0.857460 0.265856
v -0.365164 -0.859876 0.333068
v -0.434425 -0.829214 0.329131
v -0.215184 -0.894039 0.331596
v -0.290697 -0.880340 0.333428
v -0.246030 -0.896359 0.266264
v -0.303337 -0.897209 0.132095
v -0.274442 -0.896604 0.198960
v -0.347995 -0.878714 0.198877
v 0.205097 -0.813051 0.447624
v 0.043538 -0.843886 0.466071
v 0.124931 -0.829979 0.457903
v 0.167313 -0.850729 0.390070
v 0.127883 -0.881088 0.329616
v -0.213845 -0.847730 0.466716
v -0.130979 -0.902423 0.337598
v -0.173170 -0.880512 0.403726
v -0.128935 -0.856582 0.472581
v -0.044090 -0.854588 0.471982
v 0.000000 -0.931004 0.132036
v 0.084778 -0.904112 0.263043
v 0.042973 -0.922595 0.198792
v -0.043234 -0.928196 0.199999
v -0.086178 -0.919040 0.267386
v 0.000000 -0.875069 0.403171
v -0.043638 -0.900131 0.336230
v 0.043164 -0.890358 0.332579
v 0.448425 -0.813436 -0.063113
v 0.509042 -0.782174 -0.062966
v 0.318063 -0.859557 -0.063153
v 0.384491 -0.840169 -0.063302
v 0.463370 -0.788690 -0.187940
v 0.425235 -0.816908 -0.126328
v 0.402361 -0.821256 -0.189418
v 0.042327 -0.925565 -0.065226
v 0.112045 -0.910701 -0.064488
v 0.194051 -0.879943 -0.191129
v 0.152539 -0.891937 -0.127740
v 0.124699 -0.893884 -0.192160
v 0.180609 -0.893018 -0.063791
v 0.247902 -0.876620 -0.063545
v 0.356595 -0.779600 -0.438689
v 0.320337 -0.819319 -0.382674
v 0.287765 -0.808145 -0.443441
v 0.376606 -0.824522 -0.255643
v 0.349992 -0.824149 -0.319229
v 0.414969 -0.792076 -0.314390
v 0.207265 -0.861139 -0.319393
v 0.279842 -0.847469 -0.320978
v 0.237950 -0.866921 -0.257519
v 0.291936 -0.863487 -0.127131
v 0.265363 -0.866944 -0.192378
v 0.336281 -0.849135 -0.192182
v -0.518374 -0.796513 -0.064120
v -0.457343 -0.829615 -0.064369
v -0.405736 -0.828145 -0.191007
v -0.432128 -0.830148 -0.128376
v -0.466958 -0.794796 -0.189395
v -0.394664 -0.862399 -0.064977
v -0.329811 -0.891307 -0.065485
v -0.284465 -0.798879 -0.438357
v -0.317032 -0.810867 -0.378726
v -0.354195 -0.774353 -0.435736
v -0.242383 -0.883070 -0.262316
v -0.279987 -0.847908 -0.321145
v -0.209288 -0.869544 -0.322510
v -0.412083 -0.786568 -0.312204
v -0.347939 -0.819314 -0.317357
v -0.376771 -0.824883 -0.255755
v -0.114362 -0.929528 -0.065822
v -0.042551 -0.930450 -0.065570
v -0.258796 -0.915143 -0.066337
v -0.187395 -0.926570 -0.066187
v -0.127560 -0.914388 -0.196568
v -0.158084 -0.924361 -0.132384
v -0.200550 -0.909414 -0.197530
v -0.341336 -0.861900 -0.195071
v -0.272893 -0.891544 -0.197837
v -0.302306 -0.894161 -0.131647
v 0.042806 -0.545154 -0.821772
v 0.000000 -0.588145 -0.788246
v -0.042684 -0.543596 -0.819424
v 0.084810 -0.667229 -0.710714
v 0.042819 -0.629972 -0.751933
v 0.127234 -0.623626 -0.744916
v -0.127055 -0.622752 -0.743873
v -0.042758 -0.629079 -0.750866
v -0.084437 -0.664293 -0.707587
v 0.244602 -0.784138 -0.510131
v 0.205920 -0.756950 -0.561193
v 0.285257 -0.740883 -0.550618
v 0.042363 -0.770352 -0.569802
v 0.124252 -0.766748 -0.567577
v 0.081700 -0.798955 -0.519770
v 0.207611 -0.685987 -0.650719
v 0.166594 -0.728874 -0.611784
v 0.127086 -0.701023 -0.661974
v -0.283854 -0.737239 -0.547910
v -0.205105 -0.753955 -0.558972
v -0.242551 -0.777563 -0.505853
v -0.126317 -0.696784 -0.657971
v -0.165944 -0.726031 -0.609398
v -0.207303 -0.684969 -0.649753
v -0.081479 -0.796791 -0.518362
v -0.123550 -0.762412 -0.564368
v -0.042239 -0.768099 -0.568136
v 0.042775 -0.707388 -0.668511
v 0.000000 -0.739259 -0.618621
v -0.042551 -0.703677 -0.665004
v 0.000000 -0.923416 -0.130960
v -0.084516 -0.901314 -0.262228
v -0.042601 -0.914611 -0.197071
v 0.042421 -0.910758 -0.196241
v 0.083590 -0.891443 -0.259357
v -0.205698 -0.815434 -0.448936
v -0.042929 -0.832095 -0.459559
v -0.124505 -0.827150 -0.456343
v -0.167307 -0.850700 -0.390057
v -0.127995 -0.881860 -0.329905
v 0.207276 -0.821688 -0.452379
v 0.125988 -0.868037 -0.324734
v 0.166824 -0.848245 -0.388931
v 0.124665 -0.828217 -0.456931
v 0.042854 -0.830627 -0.458749
v -0.042849 -0.883856 -0.330150
v 0.000000 -0.858233 -0.395414
v 0.042527 -0.877210 -0.327668
v 0.554536 -0.751968 -0.101915
v 0.578796 -0.749921 -0.039161
v 0.508169 -0.757176 -0.227706
v 0.531547 -0.755114 -0.165065
v 0.663382 -0.681091 -0.116624
v 0.598576 -0.719338 -0.141262
v 0.638954 -0.683054 -0.179737
v 0.394845 -0.733649 -0.477284
v 0.428971 -0.749918 -0.419886
v 0.566616 -0.683428 -0.377130
v 0.501418 -0.720816 -0.400981
v 0.536524 -0.673839 -0.438374
v 0.459464 -0.759127 -0.358336
v 0.484360 -0.759340 -0.294277
v 0.811813 -0.518579 -0.269332
v 0.748574 -0.558330 -0.296130
v 0.781069 -0.513421 -0.334012
v 0.678135 -0.642446 -0.219886
v 0.714168 -0.601609 -0.257874
v 0.741657 -0.604698 -0.193412
v 0.655691 -0.590862 -0.384392
v 0.684291 -0.595943 -0.321279
v 0.625801 -0.637390 -0.348052
v 0.551616 -0.723397 -0.270158
v 0.591133 -0.682952 -0.310713
v 0.615111 -0.682706 -0.244693
v 0.068936 -0.480224 -0.858491
v 0.111959 -0.524924 -0.828148
v 0.244850 -0.470845 -0.816224
v 0.179778 -0.498849 -0.824483
v 0.201435 -0.427946 -0.847441
v 0.154664 -0.564713 -0.789559
v 0.195773 -0.599693 -0.745858
v 0.498144 -0.355099 -0.767632
v 0.438105 -0.385674 -0.784419
v 0.456131 -0.319487 -0.812629
v 0.398965 -0.516509 -0.724810
v 0.419471 -0.451984 -0.755943
v 0.459342 -0.484425 -0.707839
v 0.328924 -0.374099 -0.830769
v 0.375210 -0.414553 -0.796866
v 0.311586 -0.441912 -0.806020
v 0.316065 -0.688454 -0.597410
v 0.353193 -0.711679 -0.544265
v 0.237976 -0.632409 -0.697045
v 0.277251 -0.661625 -0.648437
v 0.411394 -0.604683 -0.633952
v 0.345508 -0.634106 -0.642492
v 0.372979 -0.577859 -0.684752
v 0.290448 -0.511014 -0.779676
v 0.333886 -0.547356 -0.735726
v 0.265504 -0.575106 -0.742625
v 0.901950 -0.062408 -0.505799
v 0.866752 -0.100970 -0.550770
v 0.865442 -0.038845 -0.575564
v 0.871298 -0.225218 -0.503875
v 0.867232 -0.162943 -0.526029
v 0.911854 -0.186765 -0.461628
v 0.787557 -0.115910 -0.660977
v 0.827271 -0.139636 -0.593169
v 0.786686 -0.177927 -0.634104
v 0.817894 -0.457345 -0.379298
v 0.843068 -0.405731 -0.415549
v 0.874053 -0.422747 -0.344497
v 0.763458 -0.362110 -0.545414
v 0.807103 -0.385911 -0.483782
v 0.748470 -0.418525 -0.513515
v 0.909315 -0.310223 -0.410495
v 0.862218 -0.349825 -0.449676
v 0.871369 -0.290255 -0.478938
v 0.576300 -0.257264 -0.777382
v 0.625706 -0.285246 -0.722869
v 0.567423 -0.317288 -0.743819
v 0.739267 -0.217480 -0.672397
v 0.685492 -0.252553 -0.701187
v 0.691888 -0.190212 -0.731216
v 0.661088 -0.369663 -0.632147
v 0.674005 -0.312319 -0.666875
v 0.717003 -0.336526 -0.606592
v 0.823113 -0.264215 -0.540835
v 0.771576 -0.301721 -0.575466
v 0.780477 -0.240440 -0.605934
v 0.425960 -0.683772 -0.525645
v 0.481669 -0.573058 -0.612055
v 0.456449 -0.631597 -0.572540
v 0.497663 -0.653740 -0.505968
v 0.563609 -0.618112 -0.482379
v 0.548320 -0.382874 -0.715055
v 0.637935 -0.432593 -0.598785
v 0.594997 -0.408739 -0.658015
v 0.527460 -0.447041 -0.683217
v 0.505392 -0.508818 -0.649223
v 0.752521 -0.497231 -0.403944
v 0.626945 -0.575545 -0.454072
v 0.688162 -0.536185 -0.428536
v 0.720216 -0.479114 -0.472431
v 0.682653 -0.457909 -0.536359
v 0.548368 -0.534044 -0.586809
v 0.614465 -0.494786 -0.560615
v 0.589749 -0.556987 -0.521803
v 0.631826 -0.727835 0.000000
v 0.715399 -0.654978 -0.078355
v 0.674890 -0.692387 -0.039527
v 0.682494 -0.700188 0.039972
v 0.729101 -0.667523 0.079855
v 0.865375 -0.483895 -0.232604
v 0.828247 -0.527792 -0.194149
v 0.852381 -0.541909 -0.040390
v 0.840593 -0.534830 -0.117377
v 0.890211 -0.497782 -0.078440
v 0.792440 -0.571703 -0.156069
v 0.756341 -0.613881 -0.118148
v 0.858444 -0.547034 0.201228
v 0.890170 -0.497760 0.239269
v 0.775963 -0.629807 0.121213
v 0.818460 -0.590474 0.161194
v 0.899005 -0.502700 0.079215
v 0.860182 -0.547294 0.120112
v 0.859181 -0.546232 0.040712
v 0.766420 -0.622552 -0.039935
v 0.813954 -0.585444 0.000000
v 0.772302 -0.627330 0.040241
v 0.932199 0.000000 -0.467154
v 0.940203 -0.062701 -0.446615
v 1.010729 -0.063828 -0.322269
v 0.979600 -0.063439 -0.386290
v 1.008410 0.000000 -0.346205
v 0.945578 -0.125685 -0.424130
v 0.948209 -0.187977 -0.400301
v 1.057992 -0.064084 -0.041691
v 1.053420 -0.064116 -0.111677
v 1.065706 0.000000 -0.070344
v 1.023209 -0.191027 -0.194433
v 1.036926 -0.127643 -0.152806
v 1.034528 -0.191153 -0.124357
v 1.051696 0.000000 -0.210965
v 1.044105 -0.064106 -0.181957
v 1.031294 -0.064255 -0.251302
v 0.927179 -0.372218 -0.312365
v 0.903906 -0.426313 -0.277343
v 0.947335 -0.252461 -0.372850
v 0.941279 -0.313381 -0.344442
v 0.991977 -0.316236 -0.205731
v 0.970221 -0.315849 -0.276061
v 1.002236 -0.255893 -0.237040
v 1.006359 -0.127352 -0.293176
v 1.005942 -0.191864 -0.265319
v 0.979028 -0.190454 -0.334091
v 0.937295 -0.062508 0.445233
v 0.920605 0.000000 0.461344
v 0.946827 -0.187703 0.399717
v 0.947775 -0.125977 0.425115
v 0.984659 0.000000 0.338051
v 0.969176 -0.062764 0.382179
v 1.001752 -0.063261 0.319406
v 0.912000 -0.430130 0.279826
v 0.919493 -0.369133 0.309776
v 0.992048 -0.253292 0.234630
v 0.954546 -0.310747 0.271601
v 0.977129 -0.311503 0.202652
v 0.926473 -0.308452 0.339024
v 0.936814 -0.249657 0.368709
v 1.059592 0.000000 0.069941
v 1.055227 -0.064226 0.111869
v 1.057896 -0.064079 0.041687
v 1.032510 -0.064331 0.251599
v 1.049494 -0.064437 0.182896
v 1.040635 0.000000 0.208746
v 1.039497 -0.192071 0.124954
v 1.048859 -0.129112 0.154564
v 1.027403 -0.191810 0.195230
v 0.979400 -0.190526 0.334218
v 1.007823 -0.192223 0.265815
v 1.012591 -0.128140 0.294992
v 0.922195 -0.436392 -0.200452
v 1.004289 -0.322928 -0.125602
v 0.971448 -0.382850 -0.164627
v 0.935358 -0.443550 -0.121318
v 0.941761 -0.447061 -0.041867
v 1.055681 -0.128686 0.000000
v 1.022109 -0.255599 0.082585
v 1.046671 -0.193845 0.042009
v 1.045866 -0.193696 -0.041976
v 1.027319 -0.256902 -0.083006
v 0.929993 -0.440082 0.202147
v 0.942489 -0.447407 0.041899
v 0.938604 -0.445089 0.121739
v 0.963298 -0.379638 0.163246
v 0.991864 -0.318933 0.124048
v 1.008072 -0.323653 -0.042111
v 1.001627 -0.321584 0.041842
v 0.978485 -0.387489 0.000000
v 0.068424 -0.418910 0.884092
v 0.204346 -0.374030 0.888200
v 0.136850 -0.396936 0.887169
v 0.068233 -0.357117 0.907888
v 0.067918 -0.294746 0.926727
v 0.462525 -0.258632 0.845036
v 0.401671 -0.289730 0.862148
v 0.273727 -0.217941 0.923792
v 0.337547 -0.253581 0.893449
v 0.336060 -0.187916 0.908346
v 0.339264 -0.320507 0.878067
v 0.274228 -0.348105 0.886679
v 0.070134 -0.105000 0.992914
v 0.070971 -0.039685 1.009622
v 0.068629 -0.230703 0.949130
v 0.069214 -0.168858 0.971372
v 0.208401 -0.116532 0.971863
v 0.139528 -0.143569 0.976686
v 0.206333 -0.180510 0.952322
v 0.205651 -0.310073 0.910923
v 0.206276 -0.245177 0.931906
v 0.136881 -0.270848 0.932045
v 0.815520 0.000000 0.610021
v 0.724626 0.074509 0.681994
v 0.770156 0.037791 0.646857
v 0.775755 -0.038065 0.651559
v 0.734234 -0.075497 0.691037
v 0.525201 0.216995 0.809326
v 0.576902 0.182404 0.780090
v 0.589646 0.037774 0.799178
v 0.585769 0.110497 0.793307
v 0.540145 0.073159 0.832356
v 0.628332 0.147433 0.750465
v 0.676619 0.111930 0.718328
v 0.587732 -0.185828 0.794734
v 0.532778 -0.220126 0.821002
v 0.686805 -0.113614 0.729141
v 0.638778 -0.149884 0.762941
v 0.540274 -0.073176 0.832554
v 0.591663 -0.111609 0.801289
v 0.591496 -0.037893 0.801687
v 0.682814 0.037647 0.724334
v 0.638907 0.000000 0.765416
v 0.687235 -0.037891 0.729023
v 0.069386 0.424799 0.896519
v 0.070218 0.304728 0.958112
v 0.069890 0.365787 0.929930
v 0.139141 0.403580 0.902019
v 0.207981 0.380684 0.904001
v 0.071558 0.040013 1.017969
v 0.071647 0.107264 1.014328
v 0.212681 0.186064 0.981621
v 0.143661 0.147822 1.005621
v 0.213762 0.119530 0.996866
v 0.071459 0.174336 1.002882
v 0.071130 0.239109 0.983716
v 0.405105 0.292207 0.869518
v 0.461622 0.258127 0.843386
v 0.278454 0.353470 0.900345
v 0.343548 0.324555 0.889157
v 0.344877 0.192846 0.932178
v 0.345430 0.259503 0.914313
v 0.280451 0.223295 0.946487
v 0.141657 0.280298 0.964564
v 0.212493 0.252566 0.959991
v 0.211012 0.318156 0.934669
v 0.469370 -0.185313 0.854687
v 0.478220 -0.038493 0.868054
v 0.474556 -0.111565 0.862319
v 0.405202 -0.149762 0.885946
v 0.343784 -0.114930 0.921263
v 0.472361 0.186494 0.860133
v 0.352072 0.117701 0.943474
v 0.414173 0.153078 0.905560
v 0.478655 0.112529 0.869767
v 0.479897 0.038628 0.871097
v 0.142876 0.000000 1.009964
v 0.278899 -0.077455 0.961015
v 0.213088 -0.039692 0.991424
v 0.215061 0.040059 1.000601
v 0.283911 0.078847 0.978286
v 0.415491 0.000000 0.904068
v 0.352150 0.039383 0.945115
v 0.348868 -0.039016 0.936306
v -0.562116 -0.762247 0.103308
v -0.523381 -0.779843 0.234523
v -0.541681 -0.769510 0.168212
v -0.604062 -0.725931 0.142557
v -0.644721 -0.689219 0.181359
v -0.415476 -0.771982 0.502222
v -0.450445 -0.787458 0.440904
v -0.588209 -0.709474 0.391502
v -0.522731 -0.751455 0.418025
v -0.562155 -0.706029 0.459316
v -0.479577 -0.792358 0.374022
v -0.503163 -0.788817 0.305700
v -0.750358 -0.559660 0.296835
v -0.784670 -0.515788 0.335552
v -0.686384 -0.650261 0.222560
v -0.719999 -0.606520 0.259979
v -0.681182 -0.613833 0.399336
v -0.700244 -0.609836 0.328769
v -0.649727 -0.661759 0.361359
v -0.566725 -0.743211 0.277557
v -0.609416 -0.704075 0.320323
v -0.627696 -0.696673 0.249699
v -0.111757 -0.523976 0.826653
v -0.252403 -0.485369 0.841402
v -0.182412 -0.506157 0.836563
v -0.154908 -0.565602 0.790801
v -0.197794 -0.605885 0.753559
v -0.520912 -0.371329 0.802717
v -0.458774 -0.403870 0.821427
v -0.413188 -0.534923 0.750650
v -0.439066 -0.473098 0.791257
v -0.482383 -0.508723 0.743344
v -0.391731 -0.432807 0.831954
v -0.324289 -0.459928 0.838879
v -0.328294 -0.715089 0.620523
v -0.368953 -0.743434 0.568551
v -0.243584 -0.647311 0.713470
v -0.286469 -0.683623 0.669996
v -0.429399 -0.631147 0.661697
v -0.359417 -0.659633 0.668357
v -0.386207 -0.598353 0.709037
v -0.298483 -0.525150 0.801245
v -0.342856 -0.562062 0.755493
v -0.270679 -0.586316 0.757101
v -0.861889 -0.100403 0.547680
v -0.872271 -0.225469 0.504438
v -0.870451 -0.163548 0.527981
v -0.817097 -0.137919 0.585874
v -0.770371 -0.174237 0.620954
v -0.825405 -0.461545 0.382781
v -0.853007 -0.410514 0.420448
v -0.778337 -0.369167 0.556043
v -0.820001 -0.392078 0.491513
v -0.767995 -0.429442 0.526911
v -0.866913 -0.351730 0.452124
v -0.869939 -0.289778 0.478152
v -0.631324 -0.287807 0.729359
v -0.584329 -0.326741 0.765981
v -0.722155 -0.212446 0.656833
v -0.676795 -0.249350 0.692291
v -0.685834 -0.383500 0.655809
v -0.683873 -0.316892 0.676638
v -0.732287 -0.343699 0.619523
v -0.826945 -0.265445 0.543353
v -0.779210 -0.304706 0.581159
v -0.777222 -0.239437 0.603407
v -0.449165 -0.721021 0.554281
v -0.505170 -0.601018 0.641918
v -0.479185 -0.663057 0.601059
v -0.524273 -0.688695 0.533022
v -0.592056 -0.649311 0.506727
v -0.577585 -0.403308 0.753219
v -0.669754 -0.454170 0.628652
v -0.626562 -0.430423 0.692923
v -0.558442 -0.473299 0.723348
v -0.532708 -0.536320 0.684314
v -0.769098 -0.508184 0.412843
v -0.658333 -0.604360 0.476805
v -0.713878 -0.556222 0.444550
v -0.743934 -0.494892 0.487989
v -0.710652 -0.476690 0.558358
v -0.578752 -0.563634 0.619323
v -0.648469 -0.522167 0.591638
v -0.621701 -0.587164 0.550074
v -0.111300 -0.521835 -0.823274
v -0.195860 -0.599959 -0.746190
v -0.154102 -0.562659 -0.786686
v -0.178688 -0.495823 -0.819483
v -0.243846 -0.468914 -0.812876
v -0.353527 -0.712351 -0.544779
v -0.314799 -0.685695 -0.595016
v -0.371518 -0.575595 -0.682069
v -0.344685 -0.632596 -0.640962
v -0.412436 -0.606215 -0.635558
v -0.276517 -0.659873 -0.646719
v -0.237974 -0.632402 -0.697037
v -0.438826 -0.386309 -0.785711
v -0.500329 -0.356657 -0.770999
v -0.311084 -0.441200 -0.804721
v -0.375140 -0.414476 -0.796717
v -0.459715 -0.484818 -0.708415
v -0.418066 -0.450470 -0.753410
v -0.395497 -0.512019 -0.718509
v -0.264268 -0.572429 -0.739169
v -0.330459 -0.541737 -0.728174
v -0.287638 -0.506071 -0.772134
v -0.564465 -0.765432 -0.103740
v -0.648449 -0.693204 -0.182408
v -0.608612 -0.731400 -0.143631
v -0.537186 -0.763124 -0.166816
v -0.509240 -0.758772 -0.228186
v -0.762273 -0.501066 -0.325975
v -0.743653 -0.554660 -0.294183
v -0.627205 -0.638820 -0.348833
v -0.689815 -0.600754 -0.323872
v -0.661668 -0.596248 -0.387896
v -0.718272 -0.605066 -0.259356
v -0.685452 -0.649378 -0.222258
v -0.427326 -0.747042 -0.418276
v -0.396960 -0.737579 -0.479841
v -0.480363 -0.753072 -0.291848
v -0.454071 -0.750216 -0.354130
v -0.536937 -0.674356 -0.438711
v -0.496451 -0.713675 -0.397009
v -0.561248 -0.676954 -0.373557
v -0.618896 -0.686906 -0.246199
v -0.587622 -0.678895 -0.308867
v -0.548858 -0.719780 -0.268807
v -0.853041 -0.099373 -0.542058
v -0.781271 -0.176702 -0.629740
v -0.820699 -0.138527 -0.588457
v -0.850495 -0.159798 -0.515877
v -0.841225 -0.217444 -0.486484
v -0.571229 -0.319416 -0.748808
v -0.626553 -0.285632 -0.723847
v -0.720767 -0.338292 -0.609776
v -0.677618 -0.313993 -0.670450
v -0.669964 -0.374626 -0.640633
v -0.679952 -0.250513 -0.695520
v -0.731442 -0.215178 -0.665280
v -0.805155 -0.387485 -0.396861
v -0.785940 -0.439477 -0.364480
v -0.829863 -0.276429 -0.456125
v -0.820099 -0.332736 -0.427709
v -0.746395 -0.417364 -0.512091
v -0.786548 -0.376082 -0.471461
v -0.759593 -0.360277 -0.542652
v -0.775465 -0.238896 -0.602043
v -0.766867 -0.299880 -0.571954
v -0.806012 -0.258726 -0.529599
v -0.431331 -0.692393 -0.532273
v -0.572838 -0.628234 -0.490278
v -0.505444 -0.663961 -0.513879
v -0.462477 -0.639939 -0.580102
v -0.487830 -0.580388 -0.619885
v -0.741626 -0.490032 -0.398096
v -0.692628 -0.464600 -0.544196
v -0.721684 -0.480091 -0.473394
v -0.693393 -0.540261 -0.431794
v -0.638126 -0.585810 -0.462170
v -0.555776 -0.388080 -0.724779
v -0.511898 -0.515369 -0.657582
v -0.534768 -0.453235 -0.692683
v -0.606312 -0.416511 -0.670528
v -0.650553 -0.441149 -0.610629
v -0.606146 -0.572473 -0.536311
v -0.631038 -0.508130 -0.575735
v -0.561073 -0.546417 -0.600405
v 0.836859 0.000000 -0.625982
v 0.754522 -0.077583 -0.710132
v 0.797281 -0.039122 -0.669640
v 0.803344 0.039419 -0.674732
v 0.764306 0.078589 -0.719340
v 0.534803 -0.220962 -0.824124
v 0.593247 -0.187571 -0.802191
v 0.607613 -0.038925 -0.823531
v 0.603540 -0.113849 -0.817373
v 0.550598 -0.074574 -0.848463
v 0.651219 -0.152803 -0.777801
v 0.705146 -0.116649 -0.748613
v 0.597452 0.188901 -0.807877
v 0.535129 0.221097 -0.824625
v 0.714792 0.118244 -0.758854
v 0.659044 0.154639 -0.787147
v 0.550037 0.074498 -0.847599
v 0.604320 0.113996 -0.818430
v 0.608336 0.038972 -0.824510
v 0.712662 -0.039293 -0.755997
v 0.663481 0.000000 -0.794855
v 0.716655 0.039513 -0.760232
v 0.068381 -0.418649 -0.883539
v 0.067933 -0.294812 -0.926933
v 0.068125 -0.356550 -0.906447
v 0.135615 -0.393353 -0.879160
v 0.200188 -0.366420 -0.870129
v 0.068766 -0.038452 -0.978255
v 0.068351 -0.102330 -0.967672
v 0.201789 -0.176535 -0.931347
v 0.136265 -0.140211 -0.953847
v 0.202398 -0.113175 -0.943868
v 0.068302 -0.166633 -0.958570
v 0.068364 -0.229811 -0.945464
v 0.396557 -0.286041 -0.851172
v 0.461125 -0.257849 -0.842478
v 0.266925 -0.338835 -0.863068
v 0.331107 -0.312802 -0.856957
v 0.331640 -0.185444 -0.896399
v 0.332261 -0.249610 -0.879456
v 0.268451 -0.213740 -0.905987
v 0.135574 -0.268261 -0.923142
v 0.202625 -0.240838 -0.915412
v 0.201813 -0.304286 -0.893921
v 0.069607 0.426154 -0.899380
v 0.201554 0.368920 -0.876065
v 0.137086 0.397621 -0.888699
v 0.069034 0.361307 -0.918541
v 0.068810 0.298618 -0.938901
v 0.459775 0.257094 -0.840012
v 0.395768 0.285472 -0.849477
v 0.272241 0.216758 -0.918779
v 0.334161 0.251037 -0.884486
v 0.334334 0.186951 -0.903682
v 0.332011 0.313656 -0.859297
v 0.268330 0.340619 -0.867611
v 0.069697 0.104345 -0.986723
v 0.069325 0.038764 -0.986194
v 0.069523 0.233710 -0.961502
v 0.069731 0.170119 -0.978625
v 0.205293 0.114794 -0.957369
v 0.138309 0.142314 -0.968151
v 0.205302 0.179609 -0.947564
v 0.203545 0.306898 -0.901595
v 0.205343 0.244069 -0.927692
v 0.137113 0.271306 -0.933619
v 0.473773 -0.187052 -0.862703
v 0.339864 -0.113620 -0.910759
v 0.406487 -0.150237 -0.888755
v 0.480690 -0.113007 -0.873465
v 0.483358 -0.038907 -0.877379
v 0.136992 0.000000 -0.968374
v 0.273185 0.075868 -0.941328
v 0.205744 0.038324 -0.957254
v 0.204815 -0.038151 -0.952929
v 0.271301 -0.075345 -0.934836
v 0.470596 0.185797 -0.856919
v 0.482537 0.038841 -0.875888
v 0.477607 0.112282 -0.867862
v 0.404442 0.149482 -0.884284
v 0.341187 0.114062 -0.914302
v 0.342916 -0.038350 -0.920333
v 0.342850 0.038343 -0.920155
v 0.413535 0.000000 -0.899812
v 0.920740 0.061404 0.437369
v 0.985491 0.062234 0.314221
v 0.953084 0.061722 0.375834
v 0.920095 0.122297 0.412700
v 0.919178 0.182222 0.388045
v 1.063449 0.064415 0.041906
v 1.054001 0.064151 0.111739
v 1.002594 0.187178 0.190516
v 1.032514 0.127100 0.152156
v 1.019459 0.188369 0.122546
v 1.040025 0.063855 0.181246
v 1.016913 0.063359 0.247798
v 0.883929 0.354855 0.297794
v 0.870045 0.410343 0.266953
v 0.912091 0.243068 0.358979
v 0.899059 0.299325 0.328992
v 0.956078 0.304792 0.198286
v 0.926810 0.301718 0.263709
v 0.967431 0.247006 0.228808
v 0.986706 0.124865 0.287451
v 0.979630 0.186846 0.258379
v 0.951988 0.185194 0.324864
v 0.945610 0.063062 -0.449183
v 0.956304 0.189582 -0.403718
v 0.956716 0.127165 -0.429126
v 0.983568 0.063696 -0.387855
v 1.017997 0.064287 -0.324586
v 0.900054 0.424496 -0.276161
v 0.920870 0.369685 -0.310240
v 1.004781 0.256542 -0.237642
v 0.967200 0.314866 -0.275201
v 0.987568 0.314831 -0.204817
v 0.937365 0.312078 -0.343009
v 0.947894 0.252610 -0.373070
v 1.068831 0.065054 -0.113311
v 1.069547 0.064784 -0.042146
v 1.044039 0.065049 -0.254408
v 1.060025 0.065083 -0.184731
v 1.039087 0.191996 -0.124905
v 1.054700 0.129831 -0.155425
v 1.032246 0.192714 -0.196150
v 0.985884 0.191788 -0.336431
v 1.014407 0.193479 -0.267551
v 1.019660 0.129035 -0.297052
v 0.644029 0.741892 0.000000
v 0.733881 0.671899 0.080379
v 0.690379 0.708277 0.040434
v 0.690456 0.708356 -0.040439
v 0.733678 0.671713 -0.080357
v 0.851324 0.476038 0.228827
v 0.830426 0.529180 0.194660
v 0.853328 0.542511 0.040435
v 0.844182 0.537114 0.117878
v 0.882287 0.493352 0.077742
v 0.804185 0.580176 0.158382
v 0.772905 0.627325 0.120736
v 0.846871 0.539660 -0.198515
v 0.873525 0.488452 -0.234795
v 0.777136 0.630759 -0.121396
v 0.814807 0.587839 -0.160474
v 0.888818 0.497003 -0.078317
v 0.854177 0.543473 -0.119274
v 0.856140 0.544298 -0.040568
v 0.782759 0.635824 0.040786
v 0.822652 0.591700 0.000000
v 0.782993 0.636014 -0.040798
v 1.058587 0.129040 0.000000
v 1.021696 0.255496 -0.082552
v 1.042040 0.192988 -0.041823
v 1.036461 0.191955 0.041599
v 1.011370 0.252913 0.081718
v 0.915014 0.432994 -0.198891
v 0.927712 0.440392 -0.041242
v 0.926248 0.439230 -0.120136
v 0.959500 0.378142 -0.162603
v 0.995669 0.320156 -0.124524
v 0.894245 0.423165 0.194376
v 0.982079 0.315787 0.122824
v 0.940685 0.370727 0.159414
v 0.915150 0.433967 0.118697
v 0.923968 0.438615 0.041076
v 1.000203 0.321127 -0.041783
v 0.966025 0.382554 0.000000
v 0.996817 0.320040 0.041641
f 1 643 645
f 163 644 643
f 165 645 644
f 643 644 645
f 43 646 648
f 164 647 646
f 163 648 647
f 646 647 648
f 45 649 651
f 165 650 649
f 164 651 650
f 649 650 651
f 163 647 644
f 164 650 647
f 165 644 650
f 647 650 644
f 13 652 654
f 166 653 652
f 168 654 653
f 652 653 654
f 44 655 657
f 167 656 655
f 166 657 656
f 655 656 657
f 43 658 660
f 168 659 658
f 167 660 659
f 658 659 660
f 166 656 653
f 167 659 656
f 168 653 659
f 656 659 653
f 15 661 663
f 169 662 661
f 171 663 662
f 661 662 663
f 45 664 666
f 170 665 664
f 169 666 665
f 664 665 666
f 44 667 669
f 171 668 667
f 170 669 668
f 667 668 669
f 169 665 662
f 170 668 665
f 171 662 668
f 665 668 662
f 43 660 646
f 167 670 660
f 164 646 670
f 660 670 646
f 44 669 655
f 170 671 669
f 167 655 671
f 669 671 655
f 45 651 664
f 164 672 651
f 170 664 672
f 651 672 664
f 167 671 670
f 170 672 671
f 164 670 672
f 671 672 670
f 12 673 675
f 172 674 673
f 174 675 674
f 673 674 675
f 46 676 678
f 173 677 676
f 172 678 677
f 676 677 678
f 48 679 681
f 174 680 679
f 173 681 680
f 679 680 681
f 172 677 674
f 173 680 677
f 174 674 680
f 677 680 674
f 14 682 684
f 175 683 682
f 177 684 683
f 682 683 684
f 47 685 687
f 176 686 685
f 175 687 686
f 685 686 687
f 46 688 690
f 177 689 688
f 176 690 689
f 688 689 690
f 175 686 683
f 176 689 686
f 177 683 689
f 686 689 683
f 13 691 693
f 178 692 691
f 180 693 692
f 691 692 693
f 48 694 696
f 179 695 694
f 178 696 695
f 694 695 696
f 47 697 699
f 180 698 697
f 179 699 698
f 697 698 699
f 178 695 692
f 179 698 695
f 180 692 698
f 695 698 692
f 46 690 676
f 176 700 690
f 173 676 700
f 690 700 676
f 47 699 685
f 179 701 699
f 176 685 701
f 699 701 685
f 48 681 694
f 173 702 681
f 179 694 702
f 681 702 694
f 176 701 700
f 179 702 701
f 173 700 702
f 701 702 700
f 6 703 705
f 181 704 703
f 183 705 704
f 703 704 705
f 49 706 708
f 182 707 706
f 181 708 707
f 706 707 708
f 51 709 711
f 183 710 709
f 182 711 710
f 709 710 711
f 181 707 704
f 182 710 707
f 183 704 710
f 707 710 704
f 15 712 714
f 184 713 712
f 186 714 713
f 712 713 714
f 50 715 717
f 185 716 715
f 184 717 716
f 715 716 717
f 49 718 720
f 186 719 718
f 185 720 719
f 718 719 720
f 184 716 713
f 185 719 716
f 186 713 719
f 716 719 713
f 14 721 723
f 187 722 721
f 189 723 722
f 721 722 723
f 51 724 726
f 188 725 724
f 187 726 725
f 724 725 726
f 50 727 729
f 189 728 727
f 188 729 728
f 727 728 729
f 187 725 722
f 188 728 725
f 189 722 728
f 725 728 722
f 49 720 706
f 185 730 720
f 182 706 730
f 720 730 706
f 50 729 715
f 188 731 729
f 185 715 731
f 729 731 715
f 51 711 724
f 182 732 711
f 188 724 732
f 711 732 724
f 185 731 730
f 188 732 731
f 182 730 732
f 731 732 730
f 13 693 652
f 180 733 693
f 166 652 733
f 693 733 652
f 47 734 697
f 190 735 734
f 180 697 735
f 734 735 697
f 44 657 737
f 166 736 657
f 190 737 736
f 657 736 737
f 180 735 733
f 190 736 735
f 166 733 736
f 735 736 733
f 14 723 682
f 189 738 723
f 175 682 738
f 723 738 682
f 50 739 727
f 191 740 739
f 189 727 740
f 739 740 727
f 47 687 742
f 175 741 687
f 191 742 741
f 687 741 742
f 189 740 738
f 191 741 740
f 175 738 741
f 740 741 738
f 15 663 712
f 171 743 663
f 184 712 743
f 663 743 712
f 44 744 667
f 192 745 744
f 171 667 745
f 744 745 667
f 50 717 747
f 184 746 717
f 192 747 746
f 717 746 747
f 171 745 743
f 192 746 745
f 184 743 746
f 745 746 743
f 47 742 734
f 191 748 742
f 190 734 748
f 742 748 734
f 50 747 739
f 192 749 747
f 191 739 749
f 747 749 739
f 44 737 744
f 190 750 737
f 192 744 750
f 737 750 744
f 191 749 748
f 192 750 749
f 190 748 750
f 749 750 748
f 1 645 752
f 165 751 645
f 194 752 751
f 645 751 752
f 45 753 649
f 193 754 753
f 165 649 754
f 753 754 649
f 53 755 757
f 194 756 755
f 193 757 756
f 755 756 757
f 165 754 751
f 193 756 754
f 194 751 756
f 754 756 751
f 15 758 661
f 195 759 758
f 169 661 759
f 758 759 661
f 52 760 762
f 196 761 760
f 195 762 761
f 760 761 762
f 45 666 764
f 169 763 666
f 196 764 763
f 666 763 764
f 195 761 759
f 196 763 761
f 169 759 763
f 761 763 759
f 17 765 767
f 197 766 765
f 199 767 766
f 765 766 767
f 53 768 770
f 198 769 768
f 197 770 769
f 768 769 770
f 52 771 773
f 199 772 771
f 198 773 772
f 771 772 773
f 197 769 766
f 198 772 769
f 199 766 772
f 769 772 766
f 45 764 753
f 196 774 764
f 193 753 774
f 764 774 753
f 52 773 760
f 198 775 773
f 196 760 775
f 773 775 760
f 53 757 768
f 193 776 757
f 198 768 776
f 757 776 768
f 196 775 774
f 198 776 775
f 193 774 776
f 775 776 774
f 6 777 703
f 200 778 777
f 181 703 778
f 777 778 703
f 54 779 781
f 201 780 779
f 200 781 780
f 779 780 781
f 49 708 783
f 181 782 708
f 201 783 782
f 708 782 783
f 200 780 778
f 201 782 780
f 181 778 782
f 780 782 778
f 16 784 786
f 202 785 784
f 204 786 785
f 784 785 786
f 55 787 789
f 203 788 787
f 202 789 788
f 787 788 789
f 54 790 792
f 204 791 790
f 203 792 791
f 790 791 792
f 202 788 785
f 203 791 788
f 204 785 791
f 788 791 785
f 15 714 794
f 186 793 714
f 206 794 793
f 714 793 794
f 49 795 718
f 205 796 795
f 186 718 796
f 795 796 718
f 55 797 799
f 206 798 797
f 205 799 798
f 797 798 799
f 186 796 793
f 205 798 796
f 206 793 798
f 796 798 793
f 54 792 779
f 203 800 792
f 201 779 800
f 792 800 779
f 55 799 787
f 205 801 799
f 203 787 801
f 799 801 787
f 49 783 795
f 201 802 783
f 205 795 802
f 783 802 795
f 203 801 800
f 205 802 801
f 201 800 802
f 801 802 800
f 2 803 805
f 207 804 803
f 209 805 804
f 803 804 805
f 56 806 808
f 208 807 806
f 207 808 807
f 806 807 808
f 58 809 811
f 209 810 809
f 208 811 810
f 809 810 811
f 207 807 804
f 208 810 807
f 209 804 810
f 807 810 804
f 17 812 814
f 210 813 812
f 212 814 813
f 812 813 814
f 57 815 817
f 211 816 815
f 210 817 816
f 815 816 817
f 56 818 820
f 212 819 818
f 211 820 819
f 818 819 820
f 210 816 813
f 211 819 816
f 212 813 819
f 816 819 813
f 16 821 823
f 213 822 821
f 215 823 822
f 821 822 823
f 58 824 826
f 214 825 824
f 213 826 825
f 824 825 826
f 57 827 829
f 215 828 827
f 214 829 828
f 827 828 829
f 213 825 822
f 214 828 825
f 215 822 828
f 825 828 822
f 56 820 806
f 211 830 820
f 208 806 830
f 820 830 806
f 57 829 815
f 214 831 829
f 211 815 831
f 829 831 815
f 58 811 824
f 208 832 811
f 214 824 832
f 811 832 824
f 211 831 830
f 214 832 831
f 208 830 832
f 831 832 830
f 15 794 758
f 206 833 794
f 195 758 833
f 794 833 758
f 55 834 797
f 216 835 834
f 206 797 835
f 834 835 797
f 52 762 837
f 195 836 762
f 216 837 836
f 762 836 837
f 206 835 833
f 216 836 835
f 195 833 836
f 835 836 833
f 16 823 784
f 215 838 823
f 202 784 838
f 823 838 784
f 57 839 827
f 217 840 839
f 215 827 840
f 839 840 827
f 55 789 842
f 202 841 789
f 217 842 841
f 789 841 842
f 215 840 838
f 217 841 840
f 202 838 841
f 840 841 838
f 17 767 812
f 199 843 767
f 210 812 843
f 767 843 812
f 52 844 771
f 218 845 844
f 199 771 845
f 844 845 771
f 57 817 847
f 210 846 817
f 218 847 846
f 817 846 847
f 199 845 843
f 218 846 845
f 210 843 846
f 845 846 843
f 55 842 834
f 217 848 842
f 216 834 848
f 842 848 834
f 57 847 839
f 218 849 847
f 217 839 849
f 847 849 839
f 52 837 844
f 216 850 837
f 218 844 850
f 837 850 844
f 217 849 848
f 218 850 849
f 216 848 850
f 849 850 848
f 1 752 852
f 194 851 752
f 220 852 851
f 752 851 852
f 53 853 755
f 219 854 853
f 194 755 854
f 853 854 755
f 60 855 857
f 220 856 855
f 219 857 856
f 855 856 857
f 194 854 851
f 219 856 854
f 220 851 856
f 854 856 851
f 17 858 765
f 221 859 858
f 197 765 859
f 858 859 765
f 59 860 862
f 222 861 860
f 221 862 861
f 860 861 862
f 53 770 864
f 197 863 770
f 222 864 863
f 770 863 864
f 221 861 859
f 222 863 861
f 197 859 863
f 861 863 859
f 19 865 867
f 223 866 865
f 225 867 866
f 865 866 867
f 60 868 870
f 224 869 868
f 223 870 869
f 868 869 870
f 59 871 873
f 225 872 871
f 224 873 872
f 871 872 873
f 223 869 866
f 224 872 869
f 225 866 872
f 869 872 866
f 53 864 853
f 222 874 864
f 219 853 874
f 864 874 853
f 59 873 860
f 224 875 873
f 222 860 875
f 873 875 860
f 60 857 868
f 219 876 857
f 224 868 876
f 857 876 868
f 222 875 874
f 224 876 875
f 219 874 876
f 875 876 874
f 2 877 803
f 226 878 877
f 207 803 878
f 877 878 803
f 61 879 881
f 227 880 879
f 226 881 880
f 879 880 881
f 56 808 883
f 207 882 808
f 227 883 882
f 808 882 883
f 226 880 878
f 227 882 880
f 207 878 882
f 880 882 878
f 18 884 886
f 228 885 884
f 230 886 885
f 884 885 886
f 62 887 889
f 229 888 887
f 228 889 888
f 887 888 889
f 61 890 892
f 230 891 890
f 229 892 891
f 890 891 892
f 228 888 885
f 229 891 888
f 230 885 891
f 888 891 885
f 17 814 894
f 212 893 814
f 232 894 893
f 814 893 894
f 56 895 818
f 231 896 895
f 212 818 896
f 895 896 818
f 62 897 899
f 232 898 897
f 231 899 898
f 897 898 899
f 212 896 893
f 231 898 896
f 232 893 898
f 896 898 893
f 61 892 879
f 229 900 892
f 227 879 900
f 892 900 879
f 62 899 887
f 231 901 899
f 229 887 901
f 899 901 887
f 56 883 895
f 227 902 883
f 231 895 902
f 883 902 895
f 229 901 900
f 231 902 901
f 227 900 902
f 901 902 900
f 8 903 905
f 233 904 903
f 235 905 904
f 903 904 905
f 63 906 908
f 234 907 906
f 233 908 907
f 906 907 908
f 65 909 911
f 235 910 909
f 234 911 910
f 909 910 911
f 233 907 904
f 234 910 907
f 235 904 910
f 907 910 904
f 19 912 914
f 236 913 912
f 238 914 913
f 912 913 914
f 64 915 917
f 237 916 915
f 236 917 916
f 915 916 917
f 63 918 920
f 238 919 918
f 237 920 919
f 918 919 920
f 236 916 913
f 237 919 916
f 238 913 919
f 916 919 913
f 18 921 923
f 239 922 921
f 241 923 922
f 921 922 923
f 65 924 926
f 240 925 924
f 239 926 925
f 924 925 926
f 64 927 929
f 241 928 927
f 240 929 928
f 927 928 929
f 239 925 922
f 240 928 925
f 241 922 928
f 925 928 922
f 63 920 906
f 237 930 920
f 234 906 930
f 920 930 906
f 64 929 915
f 240 931 929
f 237 915 931
f 929 931 915
f 65 911 924
f 234 932 911
f 240 924 932
f 911 932 924
f 237 931 930
f 240 932 931
f 234 930 932
f 931 932 930
f 17 894 858
f 232 933 894
f 221 858 933
f 894 933 858
f 62 934 897
f 242 935 934
f 232 897 935
f 934 935 897
f 59 862 937
f 221 936 862
f 242 937 936
f 862 936 937
f 232 935 933
f 242 936 935
f 221 933 936
f 935 936 933
f 18 923 884
f 241 938 923
f 228 884 938
f 923 938 884
f 64 939 927
f 243 940 939
f 241 927 940
f 939 940 927
f 62 889 942
f 228 941 889
f 243 942 941
f 889 941 942
f 241 940 938
f 243 941 940
f 228 938 941
f 940 941 938
f 19 867 912
f 225 943 867
f 236 912 943
f 867 943 912
f 59 944 871
f 244 945 944
f 225 871 945
f 944 945 871
f 64 917 947
f 236 946 917
f 244 947 946
f 917 946 947
f 225 945 943
f 244 946 945
f 236 943 946
f 945 946 943
f 62 942 934
f 243 948 942
f 242 934 948
f 942 948 934
f 64 947 939
f 244 949 947
f 243 939 949
f 947 949 939
f 59 937 944
f 242 950 937
f 244 944 950
f 937 950 944
f 243 949 948
f 244 950 949
f 242 948 950
f 949 950 948
f 1 852 952
f 220 951 852
f 246 952 951
f 852 951 952
f 60 953 855
f 245 954 953
f 220 855 954
f 953 954 855
f 67 955 957
f 246 956 955
f 245 957 956
f 955 956 957
f 220 954 951
f 245 956 954
f 246 951 956
f 954 956 951
f 19 958 865
f 247 959 958
f 223 865 959
f 958 959 865
f 66 960 962
f 248 961 960
f 247 962 961
f 960 961 962
f 60 870 964
f 223 963 870
f 248 964 963
f 870 963 964
f 247 961 959
f 248 963 961
f 223 959 963
f 961 963 959
f 21 965 967
f 249 966 965
f 251 967 966
f 965 966 967
f 67 968 970
f 250 969 968
f 249 970 969
f 968 969 970
f 66 971 973
f 251 972 971
f 250 973 972
f 971 972 973
f 249 969 966
f 250 972 969
f 251 966 972
f 969 972 966
f 60 964 953
f 248 974 964
f 245 953 974
f 964 974 953
f 66 973 960
f 250 975 973
f 248 960 975
f 973 975 960
f 67 957 968
f 245 976 957
f 250 968 976
f 957 976 968
f 248 975 974
f 250 976 975
f 245 974 976
f 975 976 974
f 8 977 903
f 252 978 977
f 233 903 978
f 977 978 903
f 68 979 981
f 253 980 979
f 252 981 980
f 979 980 981
f 63 908 983
f 233 982 908
f 253 983 982
f 908 982 983
f 252 980 978
f 253 982 980
f 233 978 982
f 980 982 978
f 20 984 986
f 254 985 984
f 256 986 985
f 984 985 986
f 69 987 989
f 255 988 987
f 254 989 988
f 987 988 989
f 68 990 992
f 256 991 990
f 255 992 991
f 990 991 992
f 254 988 985
f 255 991 988
f 256 985 991
f 988 991 985
f 19 914 994
f 238 993 914
f 258 994 993
f 914 993 994
f 63 995 918
f 257 996 995
f 238 918 996
f 995 996 918
f 69 997 999
f 258 998 997
f 257 999 998
f 997 998 999
f 238 996 993
f 257 998 996
f 258 993 998
f 996 998 993
f 68 992 979
f 255 1000 992
f 253 979 1000
f 992 1000 979
f 69 999 987
f 257 1001 999
f 255 987 1001
f 999 1001 987
f 63 983 995
f 253 1002 983
f 257 995 1002
f 983 1002 995
f 255 1001 1000
f 257 1002 1001
f 253 1000 1002
f 1001 1002 1000
f 11 1003 1005
f 259 1004 1003
f 261 1005 1004
f 1003 1004 1005
f 70 1006 1008
f 260 1007 1006
f 259 1008 1007
f 1006 1007 1008
f 72 1009 1011
f 261 1010 1009
f 260 1011 1010
f 1009 1010 1011
f 259 1007 1004
f 260 1010 1007
f 261 1004 1010
f 1007 1010 1004
f 21 1012 1014
f 262 1013 1012
f 264 1014 1013
f 1012 1013 1014
f 71 1015 1017
f 263 1016 1015
f 262 1017 1016
f 1015 1016 1017
f 70 1018 1020
f 264 1019 1018
f 263 1020 1019
f 1018 1019 1020
f 262 1016 1013
f 263 1019 1016
f 264 1013 1019
f 1016 1019 1013
f 20 1021 1023
f 265 1022 1021
f 267 1023 1022
f 1021 1022 1023
f 72 1024 1026
f 266 1025 1024
f 265 1026 1025
f 1024 1025 1026
f 71 1027 1029
f 267 1028 1027
f 266 1029 1028
f 1027 1028 1029
f 265 1025 1022
f 266 1028 1025
f 267 1022 1028
f 1025 1028 1022
f 70 1020 1006
f 263 1030 1020
f 260 1006 1030
f 1020 1030 1006
f 71 1029 1015
f 266 1031 1029
f 263 1015 1031
f 1029 1031 1015
f 72 1011 1024
f 260 1032 1011
f 266 1024 1032
f 1011 1032 1024
f 263 1031 1030
f 266 1032 1031
f 260 1030 1032
f 1031 1032 1030
f 19 994 958
f 258 1033 994
f 247 958 1033
f 994 1033 958
f 69 1034 997
f 268 1035 1034
f 258 997 1035
f 1034 1035 997
f 66 962 1037
f 247 1036 962
f 268 1037 1036
f 962 1036 1037
f 258 1035 1033
f 268 1036 1035
f 247 1033 1036
f 1035 1036 1033
f 20 1023 984
f 267 1038 1023
f 254 984 1038
f 1023 1038 984
f 71 1039 1027
f 269 1040 1039
f 267 1027 1040
f 1039 1040 1027
f 69 989 1042
f 254 1041 989
f 269 1042 1041
f 989 1041 1042
f 267 1040 1038
f 269 1041 1040
f 254 1038 1041
f 1040 1041 1038
f 21 967 1012
f 251 1043 967
f 262 1012 1043
f 967 1043 1012
f 66 1044 971
f 270 1045 1044
f 251 971 1045
f 1044 1045 971
f 71 1017 1047
f 262 1046 1017
f 270 1047 1046
f 1017 1046 1047
f 251 1045 1043
f 270 1046 1045
f 262 1043 1046
f 1045 1046 1043
f 69 1042 1034
f 269 1048 1042
f 268 1034 1048
f 1042 1048 1034
f 71 1047 1039
f 270 1049 1047
f 269 1039 1049
f 1047 1049 1039
f 66 1037 1044
f 268 1050 1037
f 270 1044 1050
f 1037 1050 1044
f 269 1049 1048
f 270 1050 1049
f 268 1048 1050
f 1049 1050 1048
f 1 952 643
f 246 1051 952
f 163 643 1051
f 952 1051 643
f 67 1052 955
f 271 1053 1052
f 246 955 1053
f 1052 1053 955
f 43 648 1055
f 163 1054 648
f 271 1055 1054
f 648 1054 1055
f 246 1053 1051
f 271 1054 1053
f 163 1051 1054
f 1053 1054 1051
f 21 1056 965
f 272 1057 1056
f 249 965 1057
f 1056 1057 965
f 73 1058 1060
f 273 1059 1058
f 272 1060 1059
f 1058 1059 1060
f 67 970 1062
f 249 1061 970
f 273 1062 1061
f 970 1061 1062
f 272 1059 1057
f 273 1061 1059
f 249 1057 1061
f 1059 1061 1057
f 13 654 1064
f 168 1063 654
f 275 1064 1063
f 654 1063 1064
f 43 1065 658
f 274 1066 1065
f 168 658 1066
f 1065 1066 658
f 73 1067 1069
f 275 1068 1067
f 274 1069 1068
f 1067 1068 1069
f 168 1066 1063
f 274 1068 1066
f 275 1063 1068
f 1066 1068 1063
f 67 1062 1052
f 273 1070 1062
f 271 1052 1070
f 1062 1070 1052
f 73 1069 1058
f 274 1071 1069
f 273 1058 1071
f 1069 1071 1058
f 43 1055 1065
f 271 1072 1055
f 274 1065 1072
f 1055 1072 1065
f 273 1071 1070
f 274 1072 1071
f 271 1070 1072
f 1071 1072 1070
f 11 1073 1003
f 276 1074 1073
f 259 1003 1074
f 1073 1074 1003
f 74 1075 1077
f 277 1076 1075
f 276 1077 1076
f 1075 1076 1077
f 70 1008 1079
f 259 1078 1008
f 277 1079 1078
f 1008 1078 1079
f 276 1076 1074
f 277 1078 1076
f 259 1074 1078
f 1076 1078 1074
f 22 1080 1082
f 278 1081 1080
f 280 1082 1081
f 1080 1081 1082
f 75 1083 1085
f 279 1084 1083
f 278 1085 1084
f 1083 1084 1085
f 74 1086 1088
f 280 1087 1086
f 279 1088 1087
f 1086 1087 1088
f 278 1084 1081
f 279 1087 1084
f 280 1081 1087
f 1084 1087 1081
f 21 1014 1090
f 264 1089 1014
f 282 1090 1089
f 1014 1089 1090
f 70 1091 1018
f 281 1092 1091
f 264 1018 1092
f 1091 1092 1018
f 75 1093 1095
f 282 1094 1093
f 281 1095 1094
f 1093 1094 1095
f 264 1092 1089
f 281 1094 1092
f 282 1089 1094
f 1092 1094 1089
f 74 1088 1075
f 279 1096 1088
f 277 1075 1096
f 1088 1096 1075
f 75 1095 1083
f 281 1097 1095
f 279 1083 1097
f 1095 1097 1083
f 70 1079 1091
f 277 1098 1079
f 281 1091 1098
f 1079 1098 1091
f 279 1097 1096
f 281 1098 1097
f 277 1096 1098
f 1097 1098 1096
f 12 675 1100
f 174 1099 675
f 284 1100 1099
f 675 1099 1100
f 48 1101 679
f 283 1102 1101
f 174 679 1102
f 1101 1102 679
f 77 1103 1105
f 284 1104 1103
f 283 1105 1104
f 1103 1104 1105
f 174 1102 1099
f 283 1104 1102
f 284 1099 1104
f 1102 1104 1099
f 13 1106 691
f 285 1107 1106
f 178 691 1107
f 1106 1107 691
f 76 1108 1110
f 286 1109 1108
f 285 1110 1109
f 1108 1109 1110
f 48 696 1112
f 178 1111 696
f 286 1112 1111
f 696 1111 1112
f 285 1109 1107
f 286 1111 1109
f 178 1107 1111
f 1109 1111 1107
f 22 1113 1115
f 287 1114 1113
f 289 1115 1114
f 1113 1114 1115
f 77 1116 1118
f 288 1117 1116
f 287 1118 1117
f 1116 1117 1118
f 76 1119 1121
f 289 1120 1119
f 288 1121 1120
f 1119 1120 1121
f 287 1117 1114
f 288 1120 1117
f 289 1114 1120
f 1117 1120 1114
f 48 1112 1101
f 286 1122 1112
f 283 1101 1122
f 1112 1122 1101
f 76 1121 1108
f 288 1123 1121
f 286 1108 1123
f 1121 1123 1108
f 77 1105 1116
f 283 1124 1105
f 288 1116 1124
f 1105 1124 1116
f 286 1123 1122
f 288 1124 1123
f 283 1122 1124
f 1123 1124 1122
f 21 1090 1056
f 282 1125 1090
f 272 1056 1125
f 1090 1125 1056
f 75 1126 1093
f 290 1127 1126
f 282 1093 1127
f 1126 1127 1093
f 73 1060 1129
f 272 1128 1060
f 290 1129 1128
f 1060 1128 1129
f 282 1127 1125
f 290 1128 1127
f 272 1125 1128
f 1127 1128 1125
f 22 1115 1080
f 289 1130 1115
f 278 1080 1130
f 1115 1130 1080
f 76 1131 1119
f 291 1132 1131
f 289 1119 1132
f 1131 1132 1119
f 75 1085 1134
f 278 1133 1085
f 291 1134 1133
f 1085 1133 1134
f 289 1132 1130
f 291 1133 1132
f 278 1130 1133
f 1132 1133 1130
f 13 1064 1106
f 275 1135 1064
f 285 1106 1135
f 1064 1135 1106
f 73 1136 1067
f 292 1137 1136
f 275 1067 1137
f 1136 1137 1067
f 76 1110 1139
f 285 1138 1110
f 292 1139 1138
f 1110 1138 1139
f 275 1137 1135
f 292 1138 1137
f 285 1135 1138
f 1137 1138 1135
f 75 1134 1126
f 291 1140 1134
f 290 1126 1140
f 1134 1140 1126
f 76 1139 1131
f 292 1141 1139
f 291 1131 1141
f 1139 1141 1131
f 73 1129 1136
f 290 1142 1129
f 292 1136 1142
f 1129 1142 1136
f 291 1141 1140
f 292 1142 1141
f 290 1140 1142
f 1141 1142 1140
f 2 805 1144
f 209 1143 805
f 294 1144 1143
f 805 1143 1144
f 58 1145 809
f 293 1146 1145
f 209 809 1146
f 1145 1146 809
f 79 1147 1149
f 294 1148 1147
f 293 1149 1148
f 1147 1148 1149
f 209 1146 1143
f 293 1148 1146
f 294 1143 1148
f 1146 1148 1143
f 16 1150 821
f 295 1151 1150
f 213 821 1151
f 1150 1151 821
f 78 1152 1154
f 296 1153 1152
f 295 1154 1153
f 1152 1153 1154
f 58 826 1156
f 213 1155 826
f 296 1156 1155
f 826 1155 1156
f 295 1153 1151
f 296 1155 1153
f 213 1151 1155
f 1153 1155 1151
f 24 1157 1159
f 297 1158 1157
f 299 1159 1158
f 1157 1158 1159
f 79 1160 1162
f 298 1161 1160
f 297 1162 1161
f 1160 1161 1162
f 78 1163 1165
f 299 1164 1163
f 298 1165 1164
f 1163 1164 1165
f 297 1161 1158
f 298 1164 1161
f 299 1158 1164
f 1161 1164 1158
f 58 1156 1145
f 296 1166 1156
f 293 1145 1166
f 1156 1166 1145
f 78 1165 1152
f 298 1167 1165
f 296 1152 1167
f 1165 1167 1152
f 79 1149 1160
f 293 1168 1149
f 298 1160 1168
f 1149 1168 1160
f 296 1167 1166
f 298 1168 1167
f 293 1166 1168
f 1167 1168 1166
f 6 1169 777
f 300 1170 1169
f 200 777 1170
f 1169 1170 777
f 80 1171 1173
f 301 1172 1171
f 300 1173 1172
f 1171 1172 1173
f 54 781 1175
f 200 1174 781
f 301 1175 1174
f 781 1174 1175
f 300 1172 1170
f 301 1174 1172
f 200 1170 1174
f 1172 1174 1170
f 23 1176 1178
f 302 1177 1176
f 304 1178 1177
f 1176 1177 1178
f 81 1179 1181
f 303 1180 1179
f 302 1181 1180
f 1179 1180 1181
f 80 1182 1184
f 304 1183 1182
f 303 1184 1183
f 1182 1183 1184
f 302 1180 1177
f 303 1183 1180
f 304 1177 1183
f 1180 1183 1177
f 16 786 1186
f 204 1185 786
f 306 1186 1185
f 786 1185 1186
f 54 1187 790
f 305 1188 1187
f 204 790 1188
f 1187 1188 790
f 81 1189 1191
f 306 1190 1189
f 305 1191 1190
f 1189 1190 1191
f 204 1188 1185
f 305 1190 1188
f 306 1185 1190
f 1188 1190 1185
f 80 1184 1171
f 303 1192 1184
f 301 1171 1192
f 1184 1192 1171
f 81 1191 1179
f 305 1193 1191
f 303 1179 1193
f 1191 1193 1179
f 54 1175 1187
f 301 1194 1175
f 305 1187 1194
f 1175 1194 1187
f 303 1193 1192
f 305 1194 1193
f 301 1192 1194
f 1193 1194 1192
f 10 1195 1197
f 307 1196 1195
f 309 1197 1196
f 1195 1196 1197
f 82 1198 1200
f 308 1199 1198
f 307 1200 1199
f 1198 1199 1200
f 84 1201 1203
f 309 1202 1201
f 308 1203 1202
f 1201 1202 1203
f 307 1199 1196
f 308 1202 1199
f 309 1196 1202
f 1199 1202 1196
f 24 1204 1206
f 310 1205 1204
f 312 1206 1205
f 1204 1205 1206
f 83 1207 1209
f 311 1208 1207
f 310 1209 1208
f 1207 1208 1209
f 82 1210 1212
f 312 1211 1210
f 311 1212 1211
f 1210 1211 1212
f 310 1208 1205
f 311 1211 1208
f 312 1205 1211
f 1208 1211 1205
f 23 1213 1215
f 313 1214 1213
f 315 1215 1214
f 1213 1214 1215
f 84 1216 1218
f 314 1217 1216
f 313 1218 1217
f 1216 1217 1218
f 83 1219 1221
f 315 1220 1219
f 314 1221 1220
f 1219 1220 1221
f 313 1217 1214
f 314 1220 1217
f 315 1214 1220
f 1217 1220 1214
f 82 1212 1198
f 311 1222 1212
f 308 1198 1222
f 1212 1222 1198
f 83 1221 1207
f 314 1223 1221
f 311 1207 1223
f 1221 1223 1207
f 84 1203 1216
f 308 1224 1203
f 314 1216 1224
f 1203 1224 1216
f 311 1223 1222
f 314 1224 1223
f 308 1222 1224
f 1223 1224 1222
f 16 1186 1150
f 306 1225 1186
f 295 1150 1225
f 1186 1225 1150
f 81 1226 1189
f 316 1227 1226
f 306 1189 1227
f 1226 1227 1189
f 78 1154 1229
f 295 1228 1154
f 316 1229 1228
f 1154 1228 1229
f 306 1227 1225
f 316 1228 1227
f 295 1225 1228
f 1227 1228 1225
f 23 1215 1176
f 315 1230 1215
f 302 1176 1230
f 1215 1230 1176
f 83 1231 1219
f 317 1232 1231
f 315 1219 1232
f 1231 1232 1219
f 81 1181 1234
f 302 1233 1181
f 317 1234 1233
f 1181 1233 1234
f 315 1232 1230
f 317 1233 1232
f 302 1230 1233
f 1232 1233 1230
f 24 1159 1204
f 299 1235 1159
f 310 1204 1235
f 1159 1235 1204
f 78 1236 1163
f 318 1237 1236
f 299 1163 1237
f 1236 1237 1163
f 83 1209 1239
f 310 1238 1209
f 318 1239 1238
f 1209 1238 1239
f 299 1237 1235
f 318 1238 1237
f 310 1235 1238
f 1237 1238 1235
f 81 1234 1226
f 317 1240 1234
f 316 1226 1240
f 1234 1240 1226
f 83 1239 1231
f 318 1241 1239
f 317 1231 1241
f 1239 1241 1231
f 78 1229 1236
f 316 1242 1229
f 318 1236 1242
f 1229 1242 1236
f 317 1241 1240
f 318 1242 1241
f 316 1240 1242
f 1241 1242 1240
f 6 705 1244
f 183 1243 705
f 320 1244 1243
f 705 1243 1244
f 51 1245 709
f 319 1246 1245
f 183 709 1246
f 1245 1246 709
f 86 1247 1249
f 320 1248 1247
f 319 1249 1248
f 1247 1248 1249
f 183 1246 1243
f 319 1248 1246
f 320 1243 1248
f 1246 1248 1243
f 14 1250 721
f 321 1251 1250
f 187 721 1251
f 1250 1251 721
f 85 1252 1254
f 322 1253 1252
f 321 1254 1253
f 1252 1253 1254
f 51 726 1256
f 187 1255 726
f 322 1256 1255
f 726 1255 1256
f 321 1253 1251
f 322 1255 1253
f 187 1251 1255
f 1253 1255 1251
f 26 1257 1259
f 323 1258 1257
f 325 1259 1258
f 1257 1258 1259
f 86 1260 1262
f 324 1261 1260
f 323 1262 1261
f 1260 1261 1262
f 85 1263 1265
f 325 1264 1263
f 324 1265 1264
f 1263 1264 1265
f 323 1261 1258
f 324 1264 1261
f 325 1258 1264
f 1261 1264 1258
f 51 1256 1245
f 322 1266 1256
f 319 1245 1266
f 1256 1266 1245
f 85 1265 1252
f 324 1267 1265
f 322 1252 1267
f 1265 1267 1252
f 86 1249 1260
f 319 1268 1249
f 324 1260 1268
f 1249 1268 1260
f 322 1267 1266
f 324 1268 1267
f 319 1266 1268
f 1267 1268 1266
f 12 1269 673
f 326 1270 1269
f 172 673 1270
f 1269 1270 673
f 87 1271 1273
f 327 1272 1271
f 326 1273 1272
f 1271 1272 1273
f 46 678 1275
f 172 1274 678
f 327 1275 1274
f 678 1274 1275
f 326 1272 1270
f 327 1274 1272
f 172 1270 1274
f 1272 1274 1270
f 25 1276 1278
f 328 1277 1276
f 330 1278 1277
f 1276 1277 1278
f 88 1279 1281
f 329 1280 1279
f 328 1281 1280
f 1279 1280 1281
f 87 1282 1284
f 330 1283 1282
f 329 1284 1283
f 1282 1283 1284
f 328 1280 1277
f 329 1283 1280
f 330 1277 1283
f 1280 1283 1277
f 14 684 1286
f 177 1285 684
f 332 1286 1285
f 684 1285 1286
f 46 1287 688
f 331 1288 1287
f 177 688 1288
f 1287 1288 688
f 88 1289 1291
f 332 1290 1289
f 331 1291 1290
f 1289 1290 1291
f 177 1288 1285
f 331 1290 1288
f 332 1285 1290
f 1288 1290 1285
f 87 1284 1271
f 329 1292 1284
f 327 1271 1292
f 1284 1292 1271
f 88 1291 1279
f 331 1293 1291
f 329 1279 1293
f 1291 1293 1279
f 46 1275 1287
f 327 1294 1275
f 331 1287 1294
f 1275 1294 1287
f 329 1293 1292
f 331 1294 1293
f 327 1292 1294
f 1293 1294 1292
f 5 1295 1297
f 333 1296 1295
f 335 1297 1296
f 1295 1296 1297
f 89 1298 1300
f 334 1299 1298
f 333 1300 1299
f 1298 1299 1300
f 91 1301 1303
f 335 1302 1301
f 334 1303 1302
f 1301 1302 1303
f 333 1299 1296
f 334 1302 1299
f 335 1296 1302
f 1299 1302 1296
f 26 1304 1306
f 336 1305 1304
f 338 1306 1305
f 1304 1305 1306
f 90 1307 1309
f 337 1308 1307
f 336 1309 1308
f 1307 1308 1309
f 89 1310 1312
f 338 1311 1310
f 337 1312 1311
f 1310 1311 1312
f 336 1308 1305
f 337 1311 1308
f 338 1305 1311
f 1308 1311 1305
f 25 1313 1315
f 339 1314 1313
f 341 1315 1314
f 1313 1314 1315
f 91 1316 1318
f 340 1317 1316
f 339 1318 1317
f 1316 1317 1318
f 90 1319 1321
f 341 1320 1319
f 340 1321 1320
f 1319 1320 1321
f 339 1317 1314
f 340 1320 1317
f 341 1314 1320
f 1317 1320 1314
f 89 1312 1298
f 337 1322 1312
f 334 1298 1322
f 1312 1322 1298
f 90 1321 1307
f 340 1323 1321
f 337 1307 1323
f 1321 1323 1307
f 91 1303 1316
f 334 1324 1303
f 340 1316 1324
f 1303 1324 1316
f 337 1323 1322
f 340 1324 1323
f 334 1322 1324
f 1323 1324 1322
f 14 1286 1250
f 332 1325 1286
f 321 1250 1325
f 1286 1325 1250
f 88 1326 1289
f 342 1327 1326
f 332 1289 1327
f 1326 1327 1289
f 85 1254 1329
f 321 1328 1254
f 342 1329 1328
f 1254 1328 1329
f 332 1327 1325
f 342 1328 1327
f 321 1325 1328
f 1327 1328 1325
f 25 1315 1276
f 341 1330 1315
f 328 1276 1330
f 1315 1330 1276
f 90 1331 1319
f 343 1332 1331
f 341 1319 1332
f 1331 1332 1319
f 88 1281 1334
f 328 1333 1281
f 343 1334 1333
f 1281 1333 1334
f 341 1332 1330
f 343 1333 1332
f 328 1330 1333
f 1332 1333 1330
f 26 1259 1304
f 325 1335 1259
f 336 1304 1335
f 1259 1335 1304
f 85 1336 1263
f 344 1337 1336
f 325 1263 1337
f 1336 1337 1263
f 90 1309 1339
f 336 1338 1309
f 344 1339 1338
f 1309 1338 1339
f 325 1337 1335
f 344 1338 1337
f 336 1335 1338
f 1337 1338 1335
f 88 1334 1326
f 343 1340 1334
f 342 1326 1340
f 1334 1340 1326
f 90 1339 1331
f 344 1341 1339
f 343 1331 1341
f 1339 1341 1331
f 85 1329 1336
f 342 1342 1329
f 344 1336 1342
f 1329 1342 1336
f 343 1341 1340
f 344 1342 1341
f 342 1340 1342
f 1341 1342 1340
f 12 1100 1344
f 284 1343 1100
f 346 1344 1343
f 1100 1343 1344
f 77 1345 1103
f 345 1346 1345
f 284 1103 1346
f 1345 1346 1103
f 93 1347 1349
f 346 1348 1347
f 345 1349 1348
f 1347 1348 1349
f 284 1346 1343
f 345 1348 1346
f 346 1343 1348
f 1346 1348 1343
f 22 1350 1113
f 347 1351 1350
f 287 1113 1351
f 1350 1351 1113
f 92 1352 1354
f 348 1353 1352
f 347 1354 1353
f 1352 1353 1354
f 77 1118 1356
f 287 1355 1118
f 348 1356 1355
f 1118 1355 1356
f 347 1353 1351
f 348 1355 1353
f 287 1351 1355
f 1353 1355 1351
f 28 1357 1359
f 349 1358 1357
f 351 1359 1358
f 1357 1358 1359
f 93 1360 1362
f 350 1361 1360
f 349 1362 1361
f 1360 1361 1362
f 92 1363 1365
f 351 1364 1363
f 350 1365 1364
f 1363 1364 1365
f 349 1361 1358
f 350 1364 1361
f 351 1358 1364
f 1361 1364 1358
f 77 1356 1345
f 348 1366 1356
f 345 1345 1366
f 1356 1366 1345
f 92 1365 1352
f 350 1367 1365
f 348 1352 1367
f 1365 1367 1352
f 93 1349 1360
f 345 1368 1349
f 350 1360 1368
f 1349 1368 1360
f 348 1367 1366
f 350 1368 1367
f 345 1366 1368
f 1367 1368 1366
f 11 1369 1073
f 352 1370 1369
f 276 1073 1370
f 1369 1370 1073
f 94 1371 1373
f 353 1372 1371
f 352 1373 1372
f 1371 1372 1373
f 74 1077 1375
f 276 1374 1077
f 353 1375 1374
f 1077 1374 1375
f 352 1372 1370
f 353 1374 1372
f 276 1370 1374
f 1372 1374 1370
f 27 1376 1378
f 354 1377 1376
f 356 1378 1377
f 1376 1377 1378
f 95 1379 1381
f 355 1380 1379
f 354 1381 1380
f 1379 1380 1381
f 94 1382 1384
f 356 1383 1382
f 355 1384 1383
f 1382 1383 1384
f 354 1380 1377
f 355 1383 1380
f 356 1377 1383
f 1380 1383 1377
f 22 1082 1386
f 280 1385 1082
f 358 1386 1385
f 1082 1385 1386
f 74 1387 1086
f 357 1388 1387
f 280 1086 1388
f 1387 1388 1086
f 95 1389 1391
f 358 1390 1389
f 357 1391 1390
f 1389 1390 1391
f 280 1388 1385
f 357 1390 1388
f 358 1385 1390
f 1388 1390 1385
f 94 1384 1371
f 355 1392 1384
f 353 1371 1392
f 1384 1392 1371
f 95 1391 1379
f 357 1393 1391
f 355 1379 1393
f 1391 1393 1379
f 74 1375 1387
f 353 1394 1375
f 357 1387 1394
f 1375 1394 1387
f 355 1393 1392
f 357 1394 1393
f 353 1392 1394
f 1393 1394 1392
f 3 1395 1397
f 359 1396 1395
f 361 1397 1396
f 1395 1396 1397
f 96 1398 1400
f 360 1399 1398
f 359 1400 1399
f 1398 1399 1400
f 98 1401 1403
f 361 1402 1401
f 360 1403 1402
f 1401 1402 1403
f 359 1399 1396
f 360 1402 1399
f 361 1396 1402
f 1399 1402 1396
f 28 1404 1406
f 362 1405 1404
f 364 1406 1405
f 1404 1405 1406
f 97 1407 1409
f 363 1408 1407
f 362 1409 1408
f 1407 1408 1409
f 96 1410 1412
f 364 1411 1410
f 363 1412 1411
f 1410 1411 1412
f 362 1408 1405
f 363 1411 1408
f 364 1405 1411
f 1408 1411 1405
f 27 1413 1415
f 365 1414 1413
f 367 1415 1414
f 1413 1414 1415
f 98 1416 1418
f 366 1417 1416
f 365 1418 1417
f 1416 1417 1418
f 97 1419 1421
f 367 1420 1419
f 366 1421 1420
f 1419 1420 1421
f 365 1417 1414
f 366 1420 1417
f 367 1414 1420
f 1417 1420 1414
f 96 1412 1398
f 363 1422 1412
f 360 1398 1422
f 1412 1422 1398
f 97 1421 1407
f 366 1423 1421
f 363 1407 1423
f 1421 1423 1407
f 98 1403 1416
f 360 1424 1403
f 366 1416 1424
f 1403 1424 1416
f 363 1423 1422
f 366 1424 1423
f 360 1422 1424
f 1423 1424 1422
f 22 1386 1350
f 358 1425 1386
f 347 1350 1425
f 1386 1425 1350
f 95 1426 1389
f 368 1427 1426
f 358 1389 1427
f 1426 1427 1389
f 92 1354 1429
f 347 1428 1354
f 368 1429 1428
f 1354 1428 1429
f 358 1427 1425
f 368 1428 1427
f 347 1425 1428
f 1427 1428 1425
f 27 1415 1376
f 367 1430 1415
f 354 1376 1430
f 1415 1430 1376
f 97 1431 1419
f 369 1432 1431
f 367 1419 1432
f 1431 1432 1419
f 95 1381 1434
f 354 1433 1381
f 369 1434 1433
f 1381 1433 1434
f 367 1432 1430
f 369 1433 1432
f 354 1430 1433
f 1432 1433 1430
f 28 1359 1404
f 351 1435 1359
f 362 1404 1435
f 1359 1435 1404
f 92 1436 1363
f 370 1437 1436
f 351 1363 1437
f 1436 1437 1363
f 97 1409 1439
f 362 1438 1409
f 370 1439 1438
f 1409 1438 1439
f 351 1437 1435
f 370 1438 1437
f 362 1435 1438
f 1437 1438 1435
f 95 1434 1426
f 369 1440 1434
f 368 1426 1440
f 1434 1440 1426
f 97 1439 1431
f 370 1441 1439
f 369 1431 1441
f 1439 1441 1431
f 92 1429 1436
f 368 1442 1429
f 370 1436 1442
f 1429 1442 1436
f 369 1441 1440
f 370 1442 1441
f 368 1440 1442
f 1441 1442 1440
f 11 1005 1444
f 261 1443 1005
f 372 1444 1443
f 1005 1443 1444
f 72 1445 1009
f 371 1446 1445
f 261 1009 1446
f 1445 1446 1009
f 100 1447 1449
f 372 1448 1447
f 371 1449 1448
f 1447 1448 1449
f 261 1446 1443
f 371 1448 1446
f 372 1443 1448
f 1446 1448 1443
f 20 1450 1021
f 373 1451 1450
f 265 1021 1451
f 1450 1451 1021
f 99 1452 1454
f 374 1453 1452
f 373 1454 1453
f 1452 1453 1454
f 72 1026 1456
f 265 1455 1026
f 374 1456 1455
f 1026 1455 1456
f 373 1453 1451
f 374 1455 1453
f 265 1451 1455
f 1453 1455 1451
f 30 1457 1459
f 375 1458 1457
f 377 1459 1458
f 1457 1458 1459
f 100 1460 1462
f 376 1461 1460
f 375 1462 1461
f 1460 1461 1462
f 99 1463 1465
f 377 1464 1463
f 376 1465 1464
f 1463 1464 1465
f 375 1461 1458
f 376 1464 1461
f 377 1458 1464
f 1461 1464 1458
f 72 1456 1445
f 374 1466 1456
f 371 1445 1466
f 1456 1466 1445
f 99 1465 1452
f 376 1467 1465
f 374 1452 1467
f 1465 1467 1452
f 100 1449 1460
f 371 1468 1449
f 376 1460 1468
f 1449 1468 1460
f 374 1467 1466
f 376 1468 1467
f 371 1466 1468
f 1467 1468 1466
f 8 1469 977
f 378 1470 1469
f 252 977 1470
f 1469 1470 977
f 101 1471 1473
f 379 1472 1471
f 378 1473 1472
f 1471 1472 1473
f 68 981 1475
f 252 1474 981
f 379 1475 1474
f 981 1474 1475
f 378 1472 1470
f 379 1474 1472
f 252 1470 1474
f 1472 1474 1470
f 29 1476 1478
f 380 1477 1476
f 382 1478 1477
f 1476 1477 1478
f 102 1479 1481
f 381 1480 1479
f 380 1481 1480
f 1479 1480 1481
f 101 1482 1484
f 382 1483 1482
f 381 1484 1483
f 1482 1483 1484
f 380 1480 1477
f 381 1483 1480
f 382 1477 1483
f 1480 1483 1477
f 20 986 1486
f 256 1485 986
f 384 1486 1485
f 986 1485 1486
f 68 1487 990
f 383 1488 1487
f 256 990 1488
f 1487 1488 990
f 102 1489 1491
f 384 1490 1489
f 383 1491 1490
f 1489 1490 1491
f 256 1488 1485
f 383 1490 1488
f 384 1485 1490
f 1488 1490 1485
f 101 1484 1471
f 381 1492 1484
f 379 1471 1492
f 1484 1492 1471
f 102 1491 1479
f 383 1493 1491
f 381 1479 1493
f 1491 1493 1479
f 68 1475 1487
f 379 1494 1475
f 383 1487 1494
f 1475 1494 1487
f 381 1493 1492
f 383 1494 1493
f 379 1492 1494
f 1493 1494 1492
f 7 1495 1497
f 385 1496 1495
f 387 1497 1496
f 1495 1496 1497
f 103 1498 1500
f 386 1499 1498
f 385 1500 1499
f 1498 1499 1500
f 105 1501 1503
f 387 1502 1501
f 386 1503 1502
f 1501 1502 1503
f 385 1499 1496
f 386 1502 1499
f 387 1496 1502
f 1499 1502 1496
f 30 1504 1506
f 388 1505 1504
f 390 1506 1505
f 1504 1505 1506
f 104 1507 1509
f 389 1508 1507
f 388 1509 1508
f 1507 1508 1509
f 103 1510 1512
f 390 1511 1510
f 389 1512 1511
f 1510 1511 1512
f 388 1508 1505
f 389 1511 1508
f 390 1505 1511
f 1508 1511 1505
f 29 1513 1515
f 391 1514 1513
f 393 1515 1514
f 1513 1514 1515
f 105 1516 1518
f 392 1517 1516
f 391 1518 1517
f 1516 1517 1518
f 104 1519 1521
f 393 1520 1519
f 392 1521 1520
f 1519 1520 1521
f 391 1517 1514
f 392 1520 1517
f 393 1514 1520
f 1517 1520 1514
f 103 1512 1498
f 389 1522 1512
f 386 1498 1522
f 1512 1522 1498
f 104 1521 1507
f 392 1523 1521
f 389 1507 1523
f 1521 1523 1507
f 105 1503 1516
f 386 1524 1503
f 392 1516 1524
f 1503 1524 1516
f 389 1523 1522
f 392 1524 1523
f 386 1522 1524
f 1523 1524 1522
f 20 1486 1450
f 384 1525 1486
f 373 1450 1525
f 1486 1525 1450
f 102 1526 1489
f 394 1527 1526
f 384 1489 1527
f 1526 1527 1489
f 99 1454 1529
f 373 1528 1454
f 394 1529 1528
f 1454 1528 1529
f 384 1527 1525
f 394 1528 1527
f 373 1525 1528
f 1527 1528 1525
f 29 1515 1476
f 393 1530 1515
f 380 1476 1530
f 1515 1530 1476
f 104 1531 1519
f 395 1532 1531
f 393 1519 1532
f 1531 1532 1519
f 102 1481 1534
f 380 1533 1481
f 395 1534 1533
f 1481 1533 1534
f 393 1532 1530
f 395 1533 1532
f 380 1530 1533
f 1532 1533 1530
f 30 1459 1504
f 377 1535 1459
f 388 1504 1535
f 1459 1535 1504
f 99 1536 1463
f 396 1537 1536
f 377 1463 1537
f 1536 1537 1463
f 104 1509 1539
f 388 1538 1509
f 396 1539 1538
f 1509 1538 1539
f 377 1537 1535
f 396 1538 1537
f 388 1535 1538
f 1537 1538 1535
f 102 1534 1526
f 395 1540 1534
f 394 1526 1540
f 1534 1540 1526
f 104 1539 1531
f 396 1541 1539
f 395 1531 1541
f 1539 1541 1531
f 99 1529 1536
f 394 1542 1529
f 396 1536 1542
f 1529 1542 1536
f 395 1541 1540
f 396 1542 1541
f 394 1540 1542
f 1541 1542 1540
f 8 905 1544
f 235 1543 905
f 398 1544 1543
f 905 1543 1544
f 65 1545 909
f 397 1546 1545
f 235 909 1546
f 1545 1546 909
f 107 1547 1549
f 398 1548 1547
f 397 1549 1548
f 1547 1548 1549
f 235 1546 1543
f 397 1548 1546
f 398 1543 1548
f 1546 1548 1543
f 18 1550 921
f 399 1551 1550
f 239 921 1551
f 1550 1551 921
f 106 1552 1554
f 400 1553 1552
f 399 1554 1553
f 1552 1553 1554
f 65 926 1556
f 239 1555 926
f 400 1556 1555
f 926 1555 1556
f 399 1553 1551
f 400 1555 1553
f 239 1551 1555
f 1553 1555 1551
f 32 1557 1559
f 401 1558 1557
f 403 1559 1558
f 1557 1558 1559
f 107 1560 1562
f 402 1561 1560
f 401 1562 1561
f 1560 1561 1562
f 106 1563 1565
f 403 1564 1563
f 402 1565 1564
f 1563 1564 1565
f 401 1561 1558
f 402 1564 1561
f 403 1558 1564
f 1561 1564 1558
f 65 1556 1545
f 400 1566 1556
f 397 1545 1566
f 1556 1566 1545
f 106 1565 1552
f 402 1567 1565
f 400 1552 1567
f 1565 1567 1552
f 107 1549 1560
f 397 1568 1549
f 402 1560 1568
f 1549 1568 1560
f 400 1567 1566
f 402 1568 1567
f 397 1566 1568
f 1567 1568 1566
f 2 1569 877
f 404 1570 1569
f 226 877 1570
f 1569 1570 877
f 108 1571 1573
f 405 1572 1571
f 404 1573 1572
f 1571 1572 1573
f 61 881 1575
f 226 1574 881
f 405 1575 1574
f 881 1574 1575
f 404 1572 1570
f 405 1574 1572
f 226 1570 1574
f 1572 1574 1570
f 31 1576 1578
f 406 1577 1576
f 408 1578 1577
f 1576 1577 1578
f 109 1579 1581
f 407 1580 1579
f 406 1581 1580
f 1579 1580 1581
f 108 1582 1584
f 408 1583 1582
f 407 1584 1583
f 1582 1583 1584
f 406 1580 1577
f 407 1583 1580
f 408 1577 1583
f 1580 1583 1577
f 18 886 1586
f 230 1585 886
f 410 1586 1585
f 886 1585 1586
f 61 1587 890
f 409 1588 1587
f 230 890 1588
f 1587 1588 890
f 109 1589 1591
f 410 1590 1589
f 409 1591 1590
f 1589 1590 1591
f 230 1588 1585
f 409 1590 1588
f 410 1585 1590
f 1588 1590 1585
f 108 1584 1571
f 407 1592 1584
f 405 1571 1592
f 1584 1592 1571
f 109 1591 1579
f 409 1593 1591
f 407 1579 1593
f 1591 1593 1579
f 61 1575 1587
f 405 1594 1575
f 409 1587 1594
f 1575 1594 1587
f 407 1593 1592
f 409 1594 1593
f 405 1592 1594
f 1593 1594 1592
f 9 1595 1597
f 411 1596 1595
f 413 1597 1596
f 1595 1596 1597
f 110 1598 1600
f 412 1599 1598
f 411 1600 1599
f 1598 1599 1600
f 112 1601 1603
f 413 1602 1601
f 412 1603 1602
f 1601 1602 1603
f 411 1599 1596
f 412 1602 1599
f 413 1596 1602
f 1599 1602 1596
f 32 1604 1606
f 414 1605 1604
f 416 1606 1605
f 1604 1605 1606
f 111 1607 1609
f 415 1608 1607
f 414 1609 1608
f 1607 1608 1609
f 110 1610 1612
f 416 1611 1610
f 415 1612 1611
f 1610 1611 1612
f 414 1608 1605
f 415 1611 1608
f 416 1605 1611
f 1608 1611 1605
f 31 1613 1615
f 417 1614 1613
f 419 1615 1614
f 1613 1614 1615
f 112 1616 1618
f 418 1617 1616
f 417 1618 1617
f 1616 1617 1618
f 111 1619 1621
f 419 1620 1619
f 418 1621 1620
f 1619 1620 1621
f 417 1617 1614
f 418 1620 1617
f 419 1614 1620
f 1617 1620 1614
f 110 1612 1598
f 415 1622 1612
f 412 1598 1622
f 1612 1622 1598
f 111 1621 1607
f 418 1623 1621
f 415 1607 1623
f 1621 1623 1607
f 112 1603 1616
f 412 1624 1603
f 418 1616 1624
f 1603 1624 1616
f 415 1623 1622
f 418 1624 1623
f 412 1622 1624
f 1623 1624 1622
f 18 1586 1550
f 410 1625 1586
f 399 1550 1625
f 1586 1625 1550
f 109 1626 1589
f 420 1627 1626
f 410 1589 1627
f 1626 1627 1589
f 106 1554 1629
f 399 1628 1554
f 420 1629 1628
f 1554 1628 1629
f 410 1627 1625
f 420 1628 1627
f 399 1625 1628
f 1627 1628 1625
f 31 1615 1576
f 419 1630 1615
f 406 1576 1630
f 1615 1630 1576
f 111 1631 1619
f 421 1632 1631
f 419 1619 1632
f 1631 1632 1619
f 109 1581 1634
f 406 1633 1581
f 421 1634 1633
f 1581 1633 1634
f 419 1632 1630
f 421 1633 1632
f 406 1630 1633
f 1632 1633 1630
f 32 1559 1604
f 403 1635 1559
f 414 1604 1635
f 1559 1635 1604
f 106 1636 1563
f 422 1637 1636
f 403 1563 1637
f 1636 1637 1563
f 111 1609 1639
f 414 1638 1609
f 422 1639 1638
f 1609 1638 1639
f 403 1637 1635
f 422 1638 1637
f 414 1635 1638
f 1637 1638 1635
f 109 1634 1626
f 421 1640 1634
f 420 1626 1640
f 1634 1640 1626
f 111 1639 1631
f 422 1641 1639
f 421 1631 1641
f 1639 1641 1631
f 106 1629 1636
f 420 1642 1629
f 422 1636 1642
f 1629 1642 1636
f 421 1641 1640
f 422 1642 1641
f 420 1640 1642
f 1641 1642 1640
f 4 1643 1645
f 423 1644 1643
f 425 1645 1644
f 1643 1644 1645
f 113 1646 1648
f 424 1647 1646
f 423 1648 1647
f 1646 1647 1648
f 115 1649 1651
f 425 1650 1649
f 424 1651 1650
f 1649 1650 1651
f 423 1647 1644
f 424 1650 1647
f 425 1644 1650
f 1647 1650 1644
f 33 1652 1654
f 426 1653 1652
f 428 1654 1653
f 1652 1653 1654
f 114 1655 1657
f 427 1656 1655
f 426 1657 1656
f 1655 1656 1657
f 113 1658 1660
f 428 1659 1658
f 427 1660 1659
f 1658 1659 1660
f 426 1656 1653
f 427 1659 1656
f 428 1653 1659
f 1656 1659 1653
f 35 1661 1663
f 429 1662 1661
f 431 1663 1662
f 1661 1662 1663
f 115 1664 1666
f 430 1665 1664
f 429 1666 1665
f 1664 1665 1666
f 114 1667 1669
f 431 1668 1667
f 430 1669 1668
f 1667 1668 1669
f 429 1665 1662
f 430 1668 1665
f 431 1662 1668
f 1665 1668 1662
f 113 1660 1646
f 427 1670 1660
f 424 1646 1670
f 1660 1670 1646
f 114 1669 1655
f 430 1671 1669
f 427 1655 1671
f 1669 1671 1655
f 115 1651 1664
f 424 1672 1651
f 430 1664 1672
f 1651 1672 1664
f 427 1671 1670
f 430 1672 1671
f 424 1670 1672
f 1671 1672 1670
f 10 1673 1675
f 432 1674 1673
f 434 1675 1674
f 1673 1674 1675
f 116 1676 1678
f 433 1677 1676
f 432 1678 1677
f 1676 1677 1678
f 118 1679 1681
f 434 1680 1679
f 433 1681 1680
f 1679 1680 1681
f 432 1677 1674
f 433 1680 1677
f 434 1674 1680
f 1677 1680 1674
f 34 1682 1684
f 435 1683 1682
f 437 1684 1683
f 1682 1683 1684
f 117 1685 1687
f 436 1686 1685
f 435 1687 1686
f 1685 1686 1687
f 116 1688 1690
f 437 1689 1688
f 436 1690 1689
f 1688 1689 1690
f 435 1686 1683
f 436 1689 1686
f 437 1683 1689
f 1686 1689 1683
f 33 1691 1693
f 438 1692 1691
f 440 1693 1692
f 1691 1692 1693
f 118 1694 1696
f 439 1695 1694
f 438 1696 1695
f 1694 1695 1696
f 117 1697 1699
f 440 1698 1697
f 439 1699 1698
f 1697 1698 1699
f 438 1695 1692
f 439 1698 1695
f 440 1692 1698
f 1695 1698 1692
f 116 1690 1676
f 436 1700 1690
f 433 1676 1700
f 1690 1700 1676
f 117 1699 1685
f 439 1701 1699
f 436 1685 1701
f 1699 1701 1685
f 118 1681 1694
f 433 1702 1681
f 439 1694 1702
f 1681 1702 1694
f 436 1701 1700
f 439 1702 1701
f 433 1700 1702
f 1701 1702 1700
f 5 1703 1705
f 441 1704 1703
f 443 1705 1704
f 1703 1704 1705
f 119 1706 1708
f 442 1707 1706
f 441 1708 1707
f 1706 1707 1708
f 121 1709 1711
f 443 1710 1709
f 442 1711 1710
f 1709 1710 1711
f 441 1707 1704
f 442 1710 1707
f 443 1704 1710
f 1707 1710 1704
f 35 1712 1714
f 444 1713 1712
f 446 1714 1713
f 1712 1713 1714
f 120 1715 1717
f 445 1716 1715
f 444 1717 1716
f 1715 1716 1717
f 119 1718 1720
f 446 1719 1718
f 445 1720 1719
f 1718 1719 1720
f 444 1716 1713
f 445 1719 1716
f 446 1713 1719
f 1716 1719 1713
f 34 1721 1723
f 447 1722 1721
f 449 1723 1722
f 1721 1722 1723
f 121 1724 1726
f 448 1725 1724
f 447 1726 1725
f 1724 1725 1726
f 120 1727 1729
f 449 1728 1727
f 448 1729 1728
f 1727 1728 1729
f 447 1725 1722
f 448 1728 1725
f 449 1722 1728
f 1725 1728 1722
f 119 1720 1706
f 445 1730 1720
f 442 1706 1730
f 1720 1730 1706
f 120 1729 1715
f 448 1731 1729
f 445 1715 1731
f 1729 1731 1715
f 121 1711 1724
f 442 1732 1711
f 448 1724 1732
f 1711 1732 1724
f 445 1731 1730
f 448 1732 1731
f 442 1730 1732
f 1731 1732 1730
f 33 1693 1652
f 440 1733 1693
f 426 1652 1733
f 1693 1733 1652
f 117 1734 1697
f 450 1735 1734
f 440 1697 1735
f 1734 1735 1697
f 114 1657 1737
f 426 1736 1657
f 450 1737 1736
f 1657 1736 1737
f 440 1735 1733
f 450 1736 1735
f 426 1733 1736
f 1735 1736 1733
f 34 1723 1682
f 449 1738 1723
f 435 1682 1738
f 1723 1738 1682
f 120 1739 1727
f 451 1740 1739
f 449 1727 1740
f 1739 1740 1727
f 117 1687 1742
f 435 1741 1687
f 451 1742 1741
f 1687 1741 1742
f 449 1740 1738
f 451 1741 1740
f 435 1738 1741
f 1740 1741 1738
f 35 1663 1712
f 431 1743 1663
f 444 1712 1743
f 1663 1743 1712
f 114 1744 1667
f 452 1745 1744
f 431 1667 1745
f 1744 1745 1667
f 120 1717 1747
f 444 1746 1717
f 452 1747 1746
f 1717 1746 1747
f 431 1745 1743
f 452 1746 1745
f 444 1743 1746
f 1745 1746 1743
f 117 1742 1734
f 451 1748 1742
f 450 1734 1748
f 1742 1748 1734
f 120 1747 1739
f 452 1749 1747
f 451 1739 1749
f 1747 1749 1739
f 114 1737 1744
f 450 1750 1737
f 452 1744 1750
f 1737 1750 1744
f 451 1749 1748
f 452 1750 1749
f 450 1748 1750
f 1749 1750 1748
f 4 1645 1752
f 425 1751 1645
f 454 1752 1751
f 1645 1751 1752
f 115 1753 1649
f 453 1754 1753
f 425 1649 1754
f 1753 1754 1649
f 123 1755 1757
f 454 1756 1755
f 453 1757 1756
f 1755 1756 1757
f 425 1754 1751
f 453 1756 1754
f 454 1751 1756
f 1754 1756 1751
f 35 1758 1661
f 455 1759 1758
f 429 1661 1759
f 1758 1759 1661
f 122 1760 1762
f 456 1761 1760
f 455 1762 1761
f 1760 1761 1762
f 115 1666 1764
f 429 1763 1666
f 456 1764 1763
f 1666 1763 1764
f 455 1761 1759
f 456 1763 1761
f 429 1759 1763
f 1761 1763 1759
f 37 1765 1767
f 457 1766 1765
f 459 1767 1766
f 1765 1766 1767
f 123 1768 1770
f 458 1769 1768
f 457 1770 1769
f 1768 1769 1770
f 122 1771 1773
f 459 1772 1771
f 458 1773 1772
f 1771 1772 1773
f 457 1769 1766
f 458 1772 1769
f 459 1766 1772
f 1769 1772 1766
f 115 1764 1753
f 456 1774 1764
f 453 1753 1774
f 1764 1774 1753
f 122 1773 1760
f 458 1775 1773
f 456 1760 1775
f 1773 1775 1760
f 123 1757 1768
f 453 1776 1757
f 458 1768 1776
f 1757 1776 1768
f 456 1775 1774
f 458 1776 1775
f 453 1774 1776
f 1775 1776 1774
f 5 1777 1703
f 460 1778 1777
f 441 1703 1778
f 1777 1778 1703
f 124 1779 1781
f 461 1780 1779
f 460 1781 1780
f 1779 1780 1781
f 119 1708 1783
f 441 1782 1708
f 461 1783 1782
f 1708 1782 1783
f 460 1780 1778
f 461 1782 1780
f 441 1778 1782
f 1780 1782 1778
f 36 1784 1786
f 462 1785 1784
f 464 1786 1785
f 1784 1785 1786
f 125 1787 1789
f 463 1788 1787
f 462 1789 1788
f 1787 1788 1789
f 124 1790 1792
f 464 1791 1790
f 463 1792 1791
f 1790 1791 1792
f 462 1788 1785
f 463 1791 1788
f 464 1785 1791
f 1788 1791 1785
f 35 1714 1794
f 446 1793 1714
f 466 1794 1793
f 1714 1793 1794
f 119 1795 1718
f 465 1796 1795
f 446 1718 1796
f 1795 1796 1718
f 125 1797 1799
f 466 1798 1797
f 465 1799 1798
f 1797 1798 1799
f 446 1796 1793
f 465 1798 1796
f 466 1793 1798
f 1796 1798 1793
f 124 1792 1779
f 463 1800 1792
f 461 1779 1800
f 1792 1800 1779
f 125 1799 1787
f 465 1801 1799
f 463 1787 1801
f 1799 1801 1787
f 119 1783 1795
f 461 1802 1783
f 465 1795 1802
f 1783 1802 1795
f 463 1801 1800
f 465 1802 1801
f 461 1800 1802
f 1801 1802 1800
f 3 1803 1805
f 467 1804 1803
f 469 1805 1804
f 1803 1804 1805
f 126 1806 1808
f 468 1807 1806
f 467 1808 1807
f 1806 1807 1808
f 128 1809 1811
f 469 1810 1809
f 468 1811 1810
f 1809 1810 1811
f 467 1807 1804
f 468 1810 1807
f 469 1804 1810
f 1807 1810 1804
f 37 1812 1814
f 470 1813 1812
f 472 1814 1813
f 1812 1813 1814
f 127 1815 1817
f 471 1816 1815
f 470 1817 1816
f 1815 1816 1817
f 126 1818 1820
f 472 1819 1818
f 471 1820 1819
f 1818 1819 1820
f 470 1816 1813
f 471 1819 1816
f 472 1813 1819
f 1816 1819 1813
f 36 1821 1823
f 473 1822 1821
f 475 1823 1822
f 1821 1822 1823
f 128 1824 1826
f 474 1825 1824
f 473 1826 1825
f 1824 1825 1826
f 127 1827 1829
f 475 1828 1827
f 474 1829 1828
f 1827 1828 1829
f 473 1825 1822
f 474 1828 1825
f 475 1822 1828
f 1825 1828 1822
f 126 1820 1806
f 471 1830 1820
f 468 1806 1830
f 1820 1830 1806
f 127 1829 1815
f 474 1831 1829
f 471 1815 1831
f 1829 1831 1815
f 128 1811 1824
f 468 1832 1811
f 474 1824 1832
f 1811 1832 1824
f 471 1831 1830
f 474 1832 1831
f 468 1830 1832
f 1831 1832 1830
f 35 1794 1758
f 466 1833 1794
f 455 1758 1833
f 1794 1833 1758
f 125 1834 1797
f 476 1835 1834
f 466 1797 1835
f 1834 1835 1797
f 122 1762 1837
f 455 1836 1762
f 476 1837 1836
f 1762 1836 1837
f 466 1835 1833
f 476 1836 1835
f 455 1833 1836
f 1835 1836 1833
f 36 1823 1784
f 475 1838 1823
f 462 1784 1838
f 1823 1838 1784
f 127 1839 1827
f 477 1840 1839
f 475 1827 1840
f 1839 1840 1827
f 125 1789 1842
f 462 1841 1789
f 477 1842 1841
f 1789 1841 1842
f 475 1840 1838
f 477 1841 1840
f 462 1838 1841
f 1840 1841 1838
f 37 1767 1812
f 459 1843 1767
f 470 1812 1843
f 1767 1843 1812
f 122 1844 1771
f 478 1845 1844
f 459 1771 1845
f 1844 1845 1771
f 127 1817 1847
f 470 1846 1817
f 478 1847 1846
f 1817 1846 1847
f 459 1845 1843
f 478 1846 1845
f 470 1843 1846
f 1845 1846 1843
f 125 1842 1834
f 477 1848 1842
f 476 1834 1848
f 1842 1848 1834
f 127 1847 1839
f 478 1849 1847
f 477 1839 1849
f 1847 1849 1839
f 122 1837 1844
f 476 1850 1837
f 478 1844 1850
f 1837 1850 1844
f 477 1849 1848
f 478 1850 1849
f 476 1848 1850
f 1849 1850 1848
f 4 1752 1852
f 454 1851 1752
f 480 1852 1851
f 1752 1851 1852
f 123 1853 1755
f 479 1854 1853
f 454 1755 1854
f 1853 1854 1755
f 130 1855 1857
f 480 1856 1855
f 479 1857 1856
f 1855 1856 1857
f 454 1854 1851
f 479 1856 1854
f 480 1851 1856
f 1854 1856 1851
f 37 1858 1765
f 481 1859 1858
f 457 1765 1859
f 1858 1859 1765
f 129 1860 1862
f 482 1861 1860
f 481 1862 1861
f 1860 1861 1862
f 123 1770 1864
f 457 1863 1770
f 482 1864 1863
f 1770 1863 1864
f 481 1861 1859
f 482 1863 1861
f 457 1859 1863
f 1861 1863 1859
f 39 1865 1867
f 483 1866 1865
f 485 1867 1866
f 1865 1866 1867
f 130 1868 1870
f 484 1869 1868
f 483 1870 1869
f 1868 1869 1870
f 129 1871 1873
f 485 1872 1871
f 484 1873 1872
f 1871 1872 1873
f 483 1869 1866
f 484 1872 1869
f 485 1866 1872
f 1869 1872 1866
f 123 1864 1853
f 482 1874 1864
f 479 1853 1874
f 1864 1874 1853
f 129 1873 1860
f 484 1875 1873
f 482 1860 1875
f 1873 1875 1860
f 130 1857 1868
f 479 1876 1857
f 484 1868 1876
f 1857 1876 1868
f 482 1875 1874
f 484 1876 1875
f 479 1874 1876
f 1875 1876 1874
f 3 1877 1803
f 486 1878 1877
f 467 1803 1878
f 1877 1878 1803
f 131 1879 1881
f 487 1880 1879
f 486 1881 1880
f 1879 1880 1881
f 126 1808 1883
f 467 1882 1808
f 487 1883 1882
f 1808 1882 1883
f 486 1880 1878
f 487 1882 1880
f 467 1878 1882
f 1880 1882 1878
f 38 1884 1886
f 488 1885 1884
f 490 1886 1885
f 1884 1885 1886
f 132 1887 1889
f 489 1888 1887
f 488 1889 1888
f 1887 1888 1889
f 131 1890 1892
f 490 1891 1890
f 489 1892 1891
f 1890 1891 1892
f 488 1888 1885
f 489 1891 1888
f 490 1885 1891
f 1888 1891 1885
f 37 1814 1894
f 472 1893 1814
f 492 1894 1893
f 1814 1893 1894
f 126 1895 1818
f 491 1896 1895
f 472 1818 1896
f 1895 1896 1818
f 132 1897 1899
f 492 1898 1897
f 491 1899 1898
f 1897 1898 1899
f 472 1896 1893
f 491 1898 1896
f 492 1893 1898
f 1896 1898 1893
f 131 1892 1879
f 489 1900 1892
f 487 1879 1900
f 1892 1900 1879
f 132 1899 1887
f 491 1901 1899
f 489 1887 1901
f 1899 1901 1887
f 126 1883 1895
f 487 1902 1883
f 491 1895 1902
f 1883 1902 1895
f 489 1901 1900
f 491 1902 1901
f 487 1900 1902
f 1901 1902 1900
f 7 1903 1905
f 493 1904 1903
f 495 1905 1904
f 1903 1904 1905
f 133 1906 1908
f 494 1907 1906
f 493 1908 1907
f 1906 1907 1908
f 135 1909 1911
f 495 1910 1909
f 494 1911 1910
f 1909 1910 1911
f 493 1907 1904
f 494 1910 1907
f 495 1904 1910
f 1907 1910 1904
f 39 1912 1914
f 496 1913 1912
f 498 1914 1913
f 1912 1913 1914
f 134 1915 1917
f 497 1916 1915
f 496 1917 1916
f 1915 1916 1917
f 133 1918 1920
f 498 1919 1918
f 497 1920 1919
f 1918 1919 1920
f 496 1916 1913
f 497 1919 1916
f 498 1913 1919
f 1916 1919 1913
f 38 1921 1923
f 499 1922 1921
f 501 1923 1922
f 1921 1922 1923
f 135 1924 1926
f 500 1925 1924
f 499 1926 1925
f 1924 1925 1926
f 134 1927 1929
f 501 1928 1927
f 500 1929 1928
f 1927 1928 1929
f 499 1925 1922
f 500 1928 1925
f 501 1922 1928
f 1925 1928 1922
f 133 1920 1906
f 497 1930 1920
f 494 1906 1930
f 1920 1930 1906
f 134 1929 1915
f 500 1931 1929
f 497 1915 1931
f 1929 1931 1915
f 135 1911 1924
f 494 1932 1911
f 500 1924 1932
f 1911 1932 1924
f 497 1931 1930
f 500 1932 1931
f 494 1930 1932
f 1931 1932 1930
f 37 1894 1858
f 492 1933 1894
f 481 1858 1933
f 1894 1933 1858
f 132 1934 1897
f 502 1935 1934
f 492 1897 1935
f 1934 1935 1897
f 129 1862 1937
f 481 1936 1862
f 502 1937 1936
f 1862 1936 1937
f 492 1935 1933
f 502 1936 1935
f 481 1933 1936
f 1935 1936 1933
f 38 1923 1884
f 501 1938 1923
f 488 1884 1938
f 1923 1938 1884
f 134 1939 1927
f 503 1940 1939
f 501 1927 1940
f 1939 1940 1927
f 132 1889 1942
f 488 1941 1889
f 503 1942 1941
f 1889 1941 1942
f 501 1940 1938
f 503 1941 1940
f 488 1938 1941
f 1940 1941 1938
f 39 1867 1912
f 485 1943 1867
f 496 1912 1943
f 1867 1943 1912
f 129 1944 1871
f 504 1945 1944
f 485 1871 1945
f 1944 1945 1871
f 134 1917 1947
f 496 1946 1917
f 504 1947 1946
f 1917 1946 1947
f 485 1945 1943
f 504 1946 1945
f 496 1943 1946
f 1945 1946 1943
f 132 1942 1934
f 503 1948 1942
f 502 1934 1948
f 1942 1948 1934
f 134 1947 1939
f 504 1949 1947
f 503 1939 1949
f 1947 1949 1939
f 129 1937 1944
f 502 1950 1937
f 504 1944 1950
f 1937 1950 1944
f 503 1949 1948
f 504 1950 1949
f 502 1948 1950
f 1949 1950 1948
f 4 1852 1952
f 480 1951 1852
f 506 1952 1951
f 1852 1951 1952
f 130 1953 1855
f 505 1954 1953
f 480 1855 1954
f 1953 1954 1855
f 137 1955 1957
f 506 1956 1955
f 505 1957 1956
f 1955 1956 1957
f 480 1954 1951
f 505 1956 1954
f 506 1951 1956
f 1954 1956 1951
f 39 1958 1865
f 507 1959 1958
f 483 1865 1959
f 1958 1959 1865
f 136 1960 1962
f 508 1961 1960
f 507 1962 1961
f 1960 1961 1962
f 130 1870 1964
f 483 1963 1870
f 508 1964 1963
f 1870 1963 1964
f 507 1961 1959
f 508 1963 1961
f 483 1959 1963
f 1961 1963 1959
f 41 1965 1967
f 509 1966 1965
f 511 1967 1966
f 1965 1966 1967
f 137 1968 1970
f 510 1969 1968
f 509 1970 1969
f 1968 1969 1970
f 136 1971 1973
f 511 1972 1971
f 510 1973 1972
f 1971 1972 1973
f 509 1969 1966
f 510 1972 1969
f 511 1966 1972
f 1969 1972 1966
f 130 1964 1953
f 508 1974 1964
f 505 1953 1974
f 1964 1974 1953
f 136 1973 1960
f 510 1975 1973
f 508 1960 1975
f 1973 1975 1960
f 137 1957 1968
f 505 1976 1957
f 510 1968 1976
f 1957 1976 1968
f 508 1975 1974
f 510 1976 1975
f 505 1974 1976
f 1975 1976 1974
f 7 1977 1903
f 512 1978 1977
f 493 1903 1978
f 1977 1978 1903
f 138 1979 1981
f 513 1980 1979
f 512 1981 1980
f 1979 1980 1981
f 133 1908 1983
f 493 1982 1908
f 513 1983 1982
f 1908 1982 1983
f 512 1980 1978
f 513 1982 1980
f 493 1978 1982
f 1980 1982 1978
f 40 1984 1986
f 514 1985 1984
f 516 1986 1985
f 1984 1985 1986
f 139 1987 1989
f 515 1988 1987
f 514 1989 1988
f 1987 1988 1989
f 138 1990 1992
f 516 1991 1990
f 515 1992 1991
f 1990 1991 1992
f 514 1988 1985
f 515 1991 1988
f 516 1985 1991
f 1988 1991 1985
f 39 1914 1994
f 498 1993 1914
f 518 1994 1993
f 1914 1993 1994
f 133 1995 1918
f 517 1996 1995
f 498 1918 1996
f 1995 1996 1918
f 139 1997 1999
f 518 1998 1997
f 517 1999 1998
f 1997 1998 1999
f 498 1996 1993
f 517 1998 1996
f 518 1993 1998
f 1996 1998 1993
f 138 1992 1979
f 515 2000 1992
f 513 1979 2000
f 1992 2000 1979
f 139 1999 1987
f 517 2001 1999
f 515 1987 2001
f 1999 2001 1987
f 133 1983 1995
f 513 2002 1983
f 517 1995 2002
f 1983 2002 1995
f 515 2001 2000
f 517 2002 2001
f 513 2000 2002
f 2001 2002 2000
f 9 2003 2005
f 519 2004 2003
f 521 2005 2004
f 2003 2004 2005
f 140 2006 2008
f 520 2007 2006
f 519 2008 2007
f 2006 2007 2008
f 142 2009 2011
f 521 2010 2009
f 520 2011 2010
f 2009 2010 2011
f 519 2007 2004
f 520 2010 2007
f 521 2004 2010
f 2007 2010 2004
f 41 2012 2014
f 522 2013 2012
f 524 2014 2013
f 2012 2013 2014
f 141 2015 2017
f 523 2016 2015
f 522 2017 2016
f 2015 2016 2017
f 140 2018 2020
f 524 2019 2018
f 523 2020 2019
f 2018 2019 2020
f 522 2016 2013
f 523 2019 2016
f 524 2013 2019
f 2016 2019 2013
f 40 2021 2023
f 525 2022 2021
f 527 2023 2022
f 2021 2022 2023
f 142 2024 2026
f 526 2025 2024
f 525 2026 2025
f 2024 2025 2026
f 141 2027 2029
f 527 2028 2027
f 526 2029 2028
f 2027 2028 2029
f 525 2025 2022
f 526 2028 2025
f 527 2022 2028
f 2025 2028 2022
f 140 2020 2006
f 523 2030 2020
f 520 2006 2030
f 2020 2030 2006
f 141 2029 2015
f 526 2031 2029
f 523 2015 2031
f 2029 2031 2015
f 142 2011 2024
f 520 2032 2011
f 526 2024 2032
f 2011 2032 2024
f 523 2031 2030
f 526 2032 2031
f 520 2030 2032
f 2031 2032 2030
f 39 1994 1958
f 518 2033 1994
f 507 1958 2033
f 1994 2033 1958
f 139 2034 1997
f 528 2035 2034
f 518 1997 2035
f 2034 2035 1997
f 136 1962 2037
f 507 2036 1962
f 528 2037 2036
f 1962 2036 2037
f 518 2035 2033
f 528 2036 2035
f 507 2033 2036
f 2035 2036 2033
f 40 2023 1984
f 527 2038 2023
f 514 1984 2038
f 2023 2038 1984
f 141 2039 2027
f 529 2040 2039
f 527 2027 2040
f 2039 2040 2027
f 139 1989 2042
f 514 2041 1989
f 529 2042 2041
f 1989 2041 2042
f 527 2040 2038
f 529 2041 2040
f 514 2038 2041
f 2040 2041 2038
f 41 1967 2012
f 511 2043 1967
f 522 2012 2043
f 1967 2043 2012
f 136 2044 1971
f 530 2045 2044
f 511 1971 2045
f 2044 2045 1971
f 141 2017 2047
f 522 2046 2017
f 530 2047 2046
f 2017 2046 2047
f 511 2045 2043
f 530 2046 2045
f 522 2043 2046
f 2045 2046 2043
f 139 2042 2034
f 529 2048 2042
f 528 2034 2048
f 2042 2048 2034
f 141 2047 2039
f 530 2049 2047
f 529 2039 2049
f 2047 2049 2039
f 136 2037 2044
f 528 2050 2037
f 530 2044 2050
f 2037 2050 2044
f 529 2049 2048
f 530 2050 2049
f 528 2048 2050
f 2049 2050 2048
f 4 1952 1643
f 506 2051 1952
f 423 1643 2051
f 1952 2051 1643
f 137 2052 1955
f 531 2053 2052
f 506 1955 2053
f 2052 2053 1955
f 113 1648 2055
f 423 2054 1648
f 531 2055 2054
f 1648 2054 2055
f 506 2053 2051
f 531 2054 2053
f 423 2051 2054
f 2053 2054 2051
f 41 2056 1965
f 532 2057 2056
f 509 1965 2057
f 2056 2057 1965
f 143 2058 2060
f 533 2059 2058
f 532 2060 2059
f 2058 2059 2060
f 137 1970 2062
f 509 2061 1970
f 533 2062 2061
f 1970 2061 2062
f 532 2059 2057
f 533 2061 2059
f 509 2057 2061
f 2059 2061 2057
f 33 1654 2064
f 428 2063 1654
f 535 2064 2063
f 1654 2063 2064
f 113 2065 1658
f 534 2066 2065
f 428 1658 2066
f 2065 2066 1658
f 143 2067 2069
f 535 2068 2067
f 534 2069 2068
f 2067 2068 2069
f 428 2066 2063
f 534 2068 2066
f 535 2063 2068
f 2066 2068 2063
f 137 2062 2052
f 533 2070 2062
f 531 2052 2070
f 2062 2070 2052
f 143 2069 2058
f 534 2071 2069
f 533 2058 2071
f 2069 2071 2058
f 113 2055 2065
f 531 2072 2055
f 534 2065 2072
f 2055 2072 2065
f 533 2071 2070
f 534 2072 2071
f 531 2070 2072
f 2071 2072 2070
f 9 2073 2003
f 536 2074 2073
f 519 2003 2074
f 2073 2074 2003
f 144 2075 2077
f 537 2076 2075
f 536 2077 2076
f 2075 2076 2077
f 140 2008 2079
f 519 2078 2008
f 537 2079 2078
f 2008 2078 2079
f 536 2076 2074
f 537 2078 2076
f 519 2074 2078
f 2076 2078 2074
f 42 2080 2082
f 538 2081 2080
f 540 2082 2081
f 2080 2081 2082
f 145 2083 2085
f 539 2084 2083
f 538 2085 2084
f 2083 2084 2085
f 144 2086 2088
f 540 2087 2086
f 539 2088 2087
f 2086 2087 2088
f 538 2084 2081
f 539 2087 2084
f 540 2081 2087
f 2084 2087 2081
f 41 2014 2090
f 524 2089 2014
f 542 2090 2089
f 2014 2089 2090
f 140 2091 2018
f 541 2092 2091
f 524 2018 2092
f 2091 2092 2018
f 145 2093 2095
f 542 2094 2093
f 541 2095 2094
f 2093 2094 2095
f 524 2092 2089
f 541 2094 2092
f 542 2089 2094
f 2092 2094 2089
f 144 2088 2075
f 539 2096 2088
f 537 2075 2096
f 2088 2096 2075
f 145 2095 2083
f 541 2097 2095
f 539 2083 2097
f 2095 2097 2083
f 140 2079 2091
f 537 2098 2079
f 541 2091 2098
f 2079 2098 2091
f 539 2097 2096
f 541 2098 2097
f 537 2096 2098
f 2097 2098 2096
f 10 1675 2100
f 434 2099 1675
f 544 2100 2099
f 1675 2099 2100
f 118 2101 1679
f 543 2102 2101
f 434 1679 2102
f 2101 2102 1679
f 147 2103 2105
f 544 2104 2103
f 543 2105 2104
f 2103 2104 2105
f 434 2102 2099
f 543 2104 2102
f 544 2099 2104
f 2102 2104 2099
f 33 2106 1691
f 545 2107 2106
f 438 1691 2107
f 2106 2107 1691
f 146 2108 2110
f 546 2109 2108
f 545 2110 2109
f 2108 2109 2110
f 118 1696 2112
f 438 2111 1696
f 546 2112 2111
f 1696 2111 2112
f 545 2109 2107
f 546 2111 2109
f 438 2107 2111
f 2109 2111 2107
f 42 2113 2115
f 547 2114 2113
f 549 2115 2114
f 2113 2114 2115
f 147 2116 2118
f 548 2117 2116
f 547 2118 2117
f 2116 2117 2118
f 146 2119 2121
f 549 2120 2119
f 548 2121 2120
f 2119 2120 2121
f 547 2117 2114
f 548 2120 2117
f 549 2114 2120
f 2117 2120 2114
f 118 2112 2101
f 546 2122 2112
f 543 2101 2122
f 2112 2122 2101
f 146 2121 2108
f 548 2123 2121
f 546 2108 2123
f 2121 2123 2108
f 147 2105 2116
f 543 2124 2105
f 548 2116 2124
f 2105 2124 2116
f 546 2123 2122
f 548 2124 2123
f 543 2122 2124
f 2123 2124 2122
f 41 2090 2056
f 542 2125 2090
f 532 2056 2125
f 2090 2125 2056
f 145 2126 2093
f 550 2127 2126
f 542 2093 2127
f 2126 2127 2093
f 143 2060 2129
f 532 2128 2060
f 550 2129 2128
f 2060 2128 2129
f 542 2127 2125
f 550 2128 2127
f 532 2125 2128
f 2127 2128 2125
f 42 2115 2080
f 549 2130 2115
f 538 2080 2130
f 2115 2130 2080
f 146 2131 2119
f 551 2132 2131
f 549 2119 2132
f 2131 2132 2119
f 145 2085 2134
f 538 2133 2085
f 551 2134 2133
f 2085 2133 2134
f 549 2132 2130
f 551 2133 2132
f 538 2130 2133
f 2132 2133 2130
f 33 2064 2106
f 535 2135 2064
f 545 2106 2135
f 2064 2135 2106
f 143 2136 2067
f 552 2137 2136
f 535 2067 2137
f 2136 2137 2067
f 146 2110 2139
f 545 2138 2110
f 552 2139 2138
f 2110 2138 2139
f 535 2137 2135
f 552 2138 2137
f 545 2135 2138
f 2137 2138 2135
f 145 2134 2126
f 551 2140 2134
f 550 2126 2140
f 2134 2140 2126
f 146 2139 2131
f 552 2141 2139
f 551 2131 2141
f 2139 2141 2131
f 143 2129 2136
f 550 2142 2129
f 552 2136 2142
f 2129 2142 2136
f 551 2141 2140
f 552 2142 2141
f 550 2140 2142
f 2141 2142 2140
f 5 1705 1295
f 443 2143 1705
f 333 1295 2143
f 1705 2143 1295
f 121 2144 1709
f 553 2145 2144
f 443 1709 2145
f 2144 2145 1709
f 89 1300 2147
f 333 2146 1300
f 553 2147 2146
f 1300 2146 2147
f 443 2145 2143
f 553 2146 2145
f 333 2143 2146
f 2145 2146 2143
f 34 2148 1721
f 554 2149 2148
f 447 1721 2149
f 2148 2149 1721
f 148 2150 2152
f 555 2151 2150
f 554 2152 2151
f 2150 2151 2152
f 121 1726 2154
f 447 2153 1726
f 555 2154 2153
f 1726 2153 2154
f 554 2151 2149
f 555 2153 2151
f 447 2149 2153
f 2151 2153 2149
f 26 1306 2156
f 338 2155 1306
f 557 2156 2155
f 1306 2155 2156
f 89 2157 1310
f 556 2158 2157
f 338 1310 2158
f 2157 2158 1310
f 148 2159 2161
f 557 2160 2159
f 556 2161 2160
f 2159 2160 2161
f 338 2158 2155
f 556 2160 2158
f 557 2155 2160
f 2158 2160 2155
f 121 2154 2144
f 555 2162 2154
f 553 2144 2162
f 2154 2162 2144
f 148 2161 2150
f 556 2163 2161
f 555 2150 2163
f 2161 2163 2150
f 89 2147 2157
f 553 2164 2147
f 556 2157 2164
f 2147 2164 2157
f 555 2163 2162
f 556 2164 2163
f 553 2162 2164
f 2163 2164 2162
f 10 1197 1673
f 309 2165 1197
f 432 1673 2165
f 1197 2165 1673
f 84 2166 1201
f 558 2167 2166
f 309 1201 2167
f 2166 2167 1201
f 116 1678 2169
f 432 2168 1678
f 558 2169 2168
f 1678 2168 2169
f 309 2167 2165
f 558 2168 2167
f 432 2165 2168
f 2167 2168 2165
f 23 2170 1213
f 559 2171 2170
f 313 1213 2171
f 2170 2171 1213
f 149 2172 2174
f 560 2173 2172
f 559 2174 2173
f 2172 2173 2174
f 84 1218 2176
f 313 2175 1218
f 560 2176 2175
f 1218 2175 2176
f 559 2173 2171
f 560 2175 2173
f 313 2171 2175
f 2173 2175 2171
f 34 1684 2178
f 437 2177 1684
f 562 2178 2177
f 1684 2177 2178
f 116 2179 1688
f 561 2180 2179
f 437 1688 2180
f 2179 2180 1688
f 149 2181 2183
f 562 2182 2181
f 561 2183 2182
f 2181 2182 2183
f 437 2180 2177
f 561 2182 2180
f 562 2177 2182
f 2180 2182 2177
f 84 2176 2166
f 560 2184 2176
f 558 2166 2184
f 2176 2184 2166
f 149 2183 2172
f 561 2185 2183
f 560 2172 2185
f 2183 2185 2172
f 116 2169 2179
f 558 2186 2169
f 561 2179 2186
f 2169 2186 2179
f 560 2185 2184
f 561 2186 2185
f 558 2184 2186
f 2185 2186 2184
f 6 1244 1169
f 320 2187 1244
f 300 1169 2187
f 1244 2187 1169
f 86 2188 1247
f 563 2189 2188
f 320 1247 2189
f 2188 2189 1247
f 80 1173 2191
f 300 2190 1173
f 563 2191 2190
f 1173 2190 2191
f 320 2189 2187
f 563 2190 2189
f 300 2187 2190
f 2189 2190 2187
f 26 2192 1257
f 564 2193 2192
f 323 1257 2193
f 2192 2193 1257
f 150 2194 2196
f 565 2195 2194
f 564 2196 2195
f 2194 2195 2196
f 86 1262 2198
f 323 2197 1262
f 565 2198 2197
f 1262 2197 2198
f 564 2195 2193
f 565 2197 2195
f 323 2193 2197
f 2195 2197 2193
f 23 1178 2200
f 304 2199 1178
f 567 2200 2199
f 1178 2199 2200
f 80 2201 1182
f 566 2202 2201
f 304 1182 2202
f 2201 2202 1182
f 150 2203 2205
f 567 2204 2203
f 566 2205 2204
f 2203 2204 2205
f 304 2202 2199
f 566 2204 2202
f 567 2199 2204
f 2202 2204 2199
f 86 2198 2188
f 565 2206 2198
f 563 2188 2206
f 2198 2206 2188
f 150 2205 2194
f 566 2207 2205
f 565 2194 2207
f 2205 2207 2194
f 80 2191 2201
f 563 2208 2191
f 566 2201 2208
f 2191 2208 2201
f 565 2207 2206
f 566 2208 2207
f 563 2206 2208
f 2207 2208 2206
f 34 2178 2148
f 562 2209 2178
f 554 2148 2209
f 2178 2209 2148
f 149 2210 2181
f 568 2211 2210
f 562 2181 2211
f 2210 2211 2181
f 148 2152 2213
f 554 2212 2152
f 568 2213 2212
f 2152 2212 2213
f 562 2211 2209
f 568 2212 2211
f 554 2209 2212
f 2211 2212 2209
f 23 2200 2170
f 567 2214 2200
f 559 2170 2214
f 2200 2214 2170
f 150 2215 2203
f 569 2216 2215
f 567 2203 2216
f 2215 2216 2203
f 149 2174 2218
f 559 2217 2174
f 569 2218 2217
f 2174 2217 2218
f 567 2216 2214
f 569 2217 2216
f 559 2214 2217
f 2216 2217 2214
f 26 2156 2192
f 557 2219 2156
f 564 2192 2219
f 2156 2219 2192
f 148 2220 2159
f 570 2221 2220
f 557 2159 2221
f 2220 2221 2159
f 150 2196 2223
f 564 2222 2196
f 570 2223 2222
f 2196 2222 2223
f 557 2221 2219
f 570 2222 2221
f 564 2219 2222
f 2221 2222 2219
f 149 2218 2210
f 569 2224 2218
f 568 2210 2224
f 2218 2224 2210
f 150 2223 2215
f 570 2225 2223
f 569 2215 2225
f 2223 2225 2215
f 148 2213 2220
f 568 2226 2213
f 570 2220 2226
f 2213 2226 2220
f 569 2225 2224
f 570 2226 2225
f 568 2224 2226
f 2225 2226 2224
f 3 1805 1395
f 469 2227 1805
f 359 1395 2227
f 1805 2227 1395
f 128 2228 1809
f 571 2229 2228
f 469 1809 2229
f 2228 2229 1809
f 96 1400 2231
f 359 2230 1400
f 571 2231 2230
f 1400 2230 2231
f 469 2229 2227
f 571 2230 2229
f 359 2227 2230
f 2229 2230 2227
f 36 2232 1821
f 572 2233 2232
f 473 1821 2233
f 2232 2233 1821
f 151 2234 2236
f 573 2235 2234
f 572 2236 2235
f 2234 2235 2236
f 128 1826 2238
f 473 2237 1826
f 573 2238 2237
f 1826 2237 2238
f 572 2235 2233
f 573 2237 2235
f 473 2233 2237
f 2235 2237 2233
f 28 1406 2240
f 364 2239 1406
f 575 2240 2239
f 1406 2239 2240
f 96 2241 1410
f 574 2242 2241
f 364 1410 2242
f 2241 2242 1410
f 151 2243 2245
f 575 2244 2243
f 574 2245 2244
f 2243 2244 2245
f 364 2242 2239
f 574 2244 2242
f 575 2239 2244
f 2242 2244 2239
f 128 2238 2228
f 573 2246 2238
f 571 2228 2246
f 2238 2246 2228
f 151 2245 2234
f 574 2247 2245
f 573 2234 2247
f 2245 2247 2234
f 96 2231 2241
f 571 2248 2231
f 574 2241 2248
f 2231 2248 2241
f 573 2247 2246
f 574 2248 2247
f 571 2246 2248
f 2247 2248 2246
f 5 1297 1777
f 335 2249 1297
f 460 1777 2249
f 1297 2249 1777
f 91 2250 1301
f 576 2251 2250
f 335 1301 2251
f 2250 2251 1301
f 124 1781 2253
f 460 2252 1781
f 576 2253 2252
f 1781 2252 2253
f 335 2251 2249
f 576 2252 2251
f 460 2249 2252
f 2251 2252 2249
f 25 2254 1313
f 577 2255 2254
f 339 1313 2255
f 2254 2255 1313
f 152 2256 2258
f 578 2257 2256
f 577 2258 2257
f 2256 2257 2258
f 91 1318 2260
f 339 2259 1318
f 578 2260 2259
f 1318 2259 2260
f 577 2257 2255
f 578 2259 2257
f 339 2255 2259
f 2257 2259 2255
f 36 1786 2262
f 464 2261 1786
f 580 2262 2261
f 1786 2261 2262
f 124 2263 1790
f 579 2264 2263
f 464 1790 2264
f 2263 2264 1790
f 152 2265 2267
f 580 2266 2265
f 579 2267 2266
f 2265 2266 2267
f 464 2264 2261
f 579 2266 2264
f 580 2261 2266
f 2264 2266 2261
f 91 2260 2250
f 578 2268 2260
f 576 2250 2268
f 2260 2268 2250
f 152 2267 2256
f 579 2269 2267
f 578 2256 2269
f 2267 2269 2256
f 124 2253 2263
f 576 2270 2253
f 579 2263 2270
f 2253 2270 2263
f 578 2269 2268
f 579 2270 2269
f 576 2268 2270
f 2269 2270 2268
f 12 1344 1269
f 346 2271 1344
f 326 1269 2271
f 1344 2271 1269
f 93 2272 1347
f 581 2273 2272
f 346 1347 2273
f 2272 2273 1347
f 87 1273 2275
f 326 2274 1273
f 581 2275 2274
f 1273 2274 2275
f 346 2273 2271
f 581 2274 2273
f 326 2271 2274
f 2273 2274 2271
f 28 2276 1357
f 582 2277 2276
f 349 1357 2277
f 2276 2277 1357
f 153 2278 2280
f 583 2279 2278
f 582 2280 2279
f 2278 2279 2280
f 93 1362 2282
f 349 2281 1362
f 583 2282 2281
f 1362 2281 2282
f 582 2279 2277
f 583 2281 2279
f 349 2277 2281
f 2279 2281 2277
f 25 1278 2284
f 330 2283 1278
f 585 2284 2283
f 1278 2283 2284
f 87 2285 1282
f 584 2286 2285
f 330 1282 2286
f 2285 2286 1282
f 153 2287 2289
f 585 2288 2287
f 584 2289 2288
f 2287 2288 2289
f 330 2286 2283
f 584 2288 2286
f 585 2283 2288
f 2286 2288 2283
f 93 2282 2272
f 583 2290 2282
f 581 2272 2290
f 2282 2290 2272
f 153 2289 2278
f 584 2291 2289
f 583 2278 2291
f 2289 2291 2278
f 87 2275 2285
f 581 2292 2275
f 584 2285 2292
f 2275 2292 2285
f 583 2291 2290
f 584 2292 2291
f 581 2290 2292
f 2291 2292 2290
f 36 2262 2232
f 580 2293 2262
f 572 2232 2293
f 2262 2293 2232
f 152 2294 2265
f 586 2295 2294
f 580 2265 2295
f 2294 2295 2265
f 151 2236 2297
f 572 2296 2236
f 586 2297 2296
f 2236 2296 2297
f 580 2295 2293
f 586 2296 2295
f 572 2293 2296
f 2295 2296 2293
f 25 2284 2254
f 585 2298 2284
f 577 2254 2298
f 2284 2298 2254
f 153 2299 2287
f 587 2300 2299
f 585 2287 2300
f 2299 2300 2287
f 152 2258 2302
f 577 2301 2258
f 587 2302 2301
f 2258 2301 2302
f 585 2300 2298
f 587 2301 2300
f 577 2298 2301
f 2300 2301 2298
f 28 2240 2276
f 575 2303 2240
f 582 2276 2303
f 2240 2303 2276
f 151 2304 2243
f 588 2305 2304
f 575 2243 2305
f 2304 2305 2243
f 153 2280 2307
f 582 2306 2280
f 588 2307 2306
f 2280 2306 2307
f 575 2305 2303
f 588 2306 2305
f 582 2303 2306
f 2305 2306 2303
f 152 2302 2294
f 587 2308 2302
f 586 2294 2308
f 2302 2308 2294
f 153 2307 2299
f 588 2309 2307
f 587 2299 2309
f 2307 2309 2299
f 151 2297 2304
f 586 2310 2297
f 588 2304 2310
f 2297 2310 2304
f 587 2309 2308
f 588 2310 2309
f 586 2308 2310
f 2309 2310 2308
f 7 1905 1495
f 495 2311 1905
f 385 1495 2311
f 1905 2311 1495
f 135 2312 1909
f 589 2313 2312
f 495 1909 2313
f 2312 2313 1909
f 103 1500 2315
f 385 2314 1500
f 589 2315 2314
f 1500 2314 2315
f 495 2313 2311
f 589 2314 2313
f 385 2311 2314
f 2313 2314 2311
f 38 2316 1921
f 590 2317 2316
f 499 1921 2317
f 2316 2317 1921
f 154 2318 2320
f 591 2319 2318
f 590 2320 2319
f 2318 2319 2320
f 135 1926 2322
f 499 2321 1926
f 591 2322 2321
f 1926 2321 2322
f 590 2319 2317
f 591 2321 2319
f 499 2317 2321
f 2319 2321 2317
f 30 1506 2324
f 390 2323 1506
f 593 2324 2323
f 1506 2323 2324
f 103 2325 1510
f 592 2326 2325
f 390 1510 2326
f 2325 2326 1510
f 154 2327 2329
f 593 2328 2327
f 592 2329 2328
f 2327 2328 2329
f 390 2326 2323
f 592 2328 2326
f 593 2323 2328
f 2326 2328 2323
f 135 2322 2312
f 591 2330 2322
f 589 2312 2330
f 2322 2330 2312
f 154 2329 2318
f 592 2331 2329
f 591 2318 2331
f 2329 2331 2318
f 103 2315 2325
f 589 2332 2315
f 592 2325 2332
f 2315 2332 2325
f 591 2331 2330
f 592 2332 2331
f 589 2330 2332
f 2331 2332 2330
f 3 1397 1877
f 361 2333 1397
f 486 1877 2333
f 1397 2333 1877
f 98 2334 1401
f 594 2335 2334
f 361 1401 2335
f 2334 2335 1401
f 131 1881 2337
f 486 2336 1881
f 594 2337 2336
f 1881 2336 2337
f 361 2335 2333
f 594 2336 2335
f 486 2333 2336
f 2335 2336 2333
f 27 2338 1413
f 595 2339 2338
f 365 1413 2339
f 2338 2339 1413
f 155 2340 2342
f 596 2341 2340
f 595 2342 2341
f 2340 2341 2342
f 98 1418 2344
f 365 2343 1418
f 596 2344 2343
f 1418 2343 2344
f 595 2341 2339
f 596 2343 2341
f 365 2339 2343
f 2341 2343 2339
f 38 1886 2346
f 490 2345 1886
f 598 2346 2345
f 1886 2345 2346
f 131 2347 1890
f 597 2348 2347
f 490 1890 2348
f 2347 2348 1890
f 155 2349 2351
f 598 2350 2349
f 597 2351 2350
f 2349 2350 2351
f 490 2348 2345
f 597 2350 2348
f 598 2345 2350
f 2348 2350 2345
f 98 2344 2334
f 596 2352 2344
f 594 2334 2352
f 2344 2352 2334
f 155 2351 2340
f 597 2353 2351
f 596 2340 2353
f 2351 2353 2340
f 131 2337 2347
f 594 2354 2337
f 597 2347 2354
f 2337 2354 2347
f 596 2353 2352
f 597 2354 2353
f 594 2352 2354
f 2353 2354 2352
f 11 1444 1369
f 372 2355 1444
f 352 1369 2355
f 1444 2355 1369
f 100 2356 1447
f 599 2357 2356
f 372 1447 2357
f 2356 2357 1447
f 94 1373 2359
f 352 2358 1373
f 599 2359 2358
f 1373 2358 2359
f 372 2357 2355
f 599 2358 2357
f 352 2355 2358
f 2357 2358 2355
f 30 2360 1457
f 600 2361 2360
f 375 1457 2361
f 2360 2361 1457
f 156 2362 2364
f 601 2363 2362
f 600 2364 2363
f 2362 2363 2364
f 100 1462 2366
f 375 2365 1462
f 601 2366 2365
f 1462 2365 2366
f 600 2363 2361
f 601 2365 2363
f 375 2361 2365
f 2363 2365 2361
f 27 1378 2368
f 356 2367 1378
f 603 2368 2367
f 1378 2367 2368
f 94 2369 1382
f 602 2370 2369
f 356 1382 2370
f 2369 2370 1382
f 156 2371 2373
f 603 2372 2371
f 602 2373 2372
f 2371 2372 2373
f 356 2370 2367
f 602 2372 2370
f 603 2367 2372
f 2370 2372 2367
f 100 2366 2356
f 601 2374 2366
f 599 2356 2374
f 2366 2374 2356
f 156 2373 2362
f 602 2375 2373
f 601 2362 2375
f 2373 2375 2362
f 94 2359 2369
f 599 2376 2359
f 602 2369 2376
f 2359 2376 2369
f 601 2375 2374
f 602 2376 2375
f 599 2374 2376
f 2375 2376 2374
f 38 2346 2316
f 598 2377 2346
f 590 2316 2377
f 2346 2377 2316
f 155 2378 2349
f 604 2379 2378
f 598 2349 2379
f 2378 2379 2349
f 154 2320 2381
f 590 2380 2320
f 604 2381 2380
f 2320 2380 2381
f 598 2379 2377
f 604 2380 2379
f 590 2377 2380
f 2379 2380 2377
f 27 2368 2338
f 603 2382 2368
f 595 2338 2382
f 2368 2382 2338
f 156 2383 2371
f 605 2384 2383
f 603 2371 2384
f 2383 2384 2371
f 155 2342 2386
f 595 2385 2342
f 605 2386 2385
f 2342 2385 2386
f 603 2384 2382
f 605 2385 2384
f 595 2382 2385
f 2384 2385 2382
f 30 2324 2360
f 593 2387 2324
f 600 2360 2387
f 2324 2387 2360
f 154 2388 2327
f 606 2389 2388
f 593 2327 2389
f 2388 2389 2327
f 156 2364 2391
f 600 2390 2364
f 606 2391 2390
f 2364 2390 2391
f 593 2389 2387
f 606 2390 2389
f 600 2387 2390
f 2389 2390 2387
f 155 2386 2378
f 605 2392 2386
f 604 2378 2392
f 2386 2392 2378
f 156 2391 2383
f 606 2393 2391
f 605 2383 2393
f 2391 2393 2383
f 154 2381 2388
f 604 2394 2381
f 606 2388 2394
f 2381 2394 2388
f 605 2393 2392
f 606 2394 2393
f 604 2392 2394
f 2393 2394 2392
f 9 2005 1595
f 521 2395 2005
f 411 1595 2395
f 2005 2395 1595
f 142 2396 2009
f 607 2397 2396
f 521 2009 2397
f 2396 2397 2009
f 110 1600 2399
f 411 2398 1600
f 607 2399 2398
f 1600 2398 2399
f 521 2397 2395
f 607 2398 2397
f 411 2395 2398
f 2397 2398 2395
f 40 2400 2021
f 608 2401 2400
f 525 2021 2401
f 2400 2401 2021
f 157 2402 2404
f 609 2403 2402
f 608 2404 2403
f 2402 2403 2404
f 142 2026 2406
f 525 2405 2026
f 609 2406 2405
f 2026 2405 2406
f 608 2403 2401
f 609 2405 2403
f 525 2401 2405
f 2403 2405 2401
f 32 1606 2408
f 416 2407 1606
f 611 2408 2407
f 1606 2407 2408
f 110 2409 1610
f 610 2410 2409
f 416 1610 2410
f 2409 2410 1610
f 157 2411 2413
f 611 2412 2411
f 610 2413 2412
f 2411 2412 2413
f 416 2410 2407
f 610 2412 2410
f 611 2407 2412
f 2410 2412 2407
f 142 2406 2396
f 609 2414 2406
f 607 2396 2414
f 2406 2414 2396
f 157 2413 2402
f 610 2415 2413
f 609 2402 2415
f 2413 2415 2402
f 110 2399 2409
f 607 2416 2399
f 610 2409 2416
f 2399 2416 2409
f 609 2415 2414
f 610 2416 2415
f 607 2414 2416
f 2415 2416 2414
f 7 1497 1977
f 387 2417 1497
f 512 1977 2417
f 1497 2417 1977
f 105 2418 1501
f 612 2419 2418
f 387 1501 2419
f 2418 2419 1501
f 138 1981 2421
f 512 2420 1981
f 612 2421 2420
f 1981 2420 2421
f 387 2419 2417
f 612 2420 2419
f 512 2417 2420
f 2419 2420 2417
f 29 2422 1513
f 613 2423 2422
f 391 1513 2423
f 2422 2423 1513
f 158 2424 2426
f 614 2425 2424
f 613 2426 2425
f 2424 2425 2426
f 105 1518 2428
f 391 2427 1518
f 614 2428 2427
f 1518 2427 2428
f 613 2425 2423
f 614 2427 2425
f 391 2423 2427
f 2425 2427 2423
f 40 1986 2430
f 516 2429 1986
f 616 2430 2429
f 1986 2429 2430
f 138 2431 1990
f 615 2432 2431
f 516 1990 2432
f 2431 2432 1990
f 158 2433 2435
f 616 2434 2433
f 615 2435 2434
f 2433 2434 2435
f 516 2432 2429
f 615 2434 2432
f 616 2429 2434
f 2432 2434 2429
f 105 2428 2418
f 614 2436 2428
f 612 2418 2436
f 2428 2436 2418
f 158 2435 2424
f 615 2437 2435
f 614 2424 2437
f 2435 2437 2424
f 138 2421 2431
f 612 2438 2421
f 615 2431 2438
f 2421 2438 2431
f 614 2437 2436
f 615 2438 2437
f 612 2436 2438
f 2437 2438 2436
f 8 1544 1469
f 398 2439 1544
f 378 1469 2439
f 1544 2439 1469
f 107 2440 1547
f 617 2441 2440
f 398 1547 2441
f 2440 2441 1547
f 101 1473 2443
f 378 2442 1473
f 617 2443 2442
f 1473 2442 2443
f 398 2441 2439
f 617 2442 2441
f 378 2439 2442
f 2441 2442 2439
f 32 2444 1557
f 618 2445 2444
f 401 1557 2445
f 2444 2445 1557
f 159 2446 2448
f 619 2447 2446
f 618 2448 2447
f 2446 2447 2448
f 107 1562 2450
f 401 2449 1562
f 619 2450 2449
f 1562 2449 2450
f 618 2447 2445
f 619 2449 2447
f 401 2445 2449
f 2447 2449 2445
f 29 1478 2452
f 382 2451 1478
f 621 2452 2451
f 1478 2451 2452
f 101 2453 1482
f 620 2454 2453
f 382 1482 2454
f 2453 2454 1482
f 159 2455 2457
f 621 2456 2455
f 620 2457 2456
f 2455 2456 2457
f 382 2454 2451
f 620 2456 2454
f 621 2451 2456
f 2454 2456 2451
f 107 2450 2440
f 619 2458 2450
f 617 2440 2458
f 2450 2458 2440
f 159 2457 2446
f 620 2459 2457
f 619 2446 2459
f 2457 2459 2446
f 101 2443 2453
f 617 2460 2443
f 620 2453 2460
f 2443 2460 2453
f 619 2459 2458
f 620 2460 2459
f 617 2458 2460
f 2459 2460 2458
f 40 2430 2400
f 616 2461 2430
f 608 2400 2461
f 2430 2461 2400
f 158 2462 2433
f 622 2463 2462
f 616 2433 2463
f 2462 2463 2433
f 157 2404 2465
f 608 2464 2404
f 622 2465 2464
f 2404 2464 2465
f 616 2463 2461
f 622 2464 2463
f 608 2461 2464
f 2463 2464 2461
f 29 2452 2422
f 621 2466 2452
f 613 2422 2466
f 2452 2466 2422
f 159 2467 2455
f 623 2468 2467
f 621 2455 2468
f 2467 2468 2455
f 158 2426 2470
f 613 2469 2426
f 623 2470 2469
f 2426 2469 2470
f 621 2468 2466
f 623 2469 2468
f 613 2466 2469
f 2468 2469 2466
f 32 2408 2444
f 611 2471 2408
f 618 2444 2471
f 2408 2471 2444
f 157 2472 2411
f 624 2473 2472
f 611 2411 2473
f 2472 2473 2411
f 159 2448 2475
f 618 2474 2448
f 624 2475 2474
f 2448 2474 2475
f 611 2473 2471
f 624 2474 2473
f 618 2471 2474
f 2473 2474 2471
f 158 2470 2462
f 623 2476 2470
f 622 2462 2476
f 2470 2476 2462
f 159 2475 2467
f 624 2477 2475
f 623 2467 2477
f 2475 2477 2467
f 157 2465 2472
f 622 2478 2465
f 624 2472 2478
f 2465 2478 2472
f 623 2477 2476
f 624 2478 2477
f 622 2476 2478
f 2477 2478 2476
f 10 2100 1195
f 544 2479 2100
f 307 1195 2479
f 2100 2479 1195
f 147 2480 2103
f 625 2481 2480
f 544 2103 2481
f 2480 2481 2103
f 82 1200 2483
f 307 2482 1200
f 625 2483 2482
f 1200 2482 2483
f 544 2481 2479
f 625 2482 2481
f 307 2479 2482
f 2481 2482 2479
f 42 2484 2113
f 626 2485 2484
f 547 2113 2485
f 2484 2485 2113
f 160 2486 2488
f 627 2487 2486
f 626 2488 2487
f 2486 2487 2488
f 147 2118 2490
f 547 2489 2118
f 627 2490 2489
f 2118 2489 2490
f 626 2487 2485
f 627 2489 2487
f 547 2485 2489
f 2487 2489 2485
f 24 1206 2492
f 312 2491 1206
f 629 2492 2491
f 1206 2491 2492
f 82 2493 1210
f 628 2494 2493
f 312 1210 2494
f 2493 2494 1210
f 160 2495 2497
f 629 2496 2495
f 628 2497 2496
f 2495 2496 2497
f 312 2494 2491
f 628 2496 2494
f 629 2491 2496
f 2494 2496 2491
f 147 2490 2480
f 627 2498 2490
f 625 2480 2498
f 2490 2498 2480
f 160 2497 2486
f 628 2499 2497
f 627 2486 2499
f 2497 2499 2486
f 82 2483 2493
f 625 2500 2483
f 628 2493 2500
f 2483 2500 2493
f 627 2499 2498
f 628 2500 2499
f 625 2498 2500
f 2499 2500 2498
f 9 1597 2073
f 413 2501 1597
f 536 2073 2501
f 1597 2501 2073
f 112 2502 1601
f 630 2503 2502
f 413 1601 2503
f 2502 2503 1601
f 144 2077 2505
f 536 2504 2077
f 630 2505 2504
f 2077 2504 2505
f 413 2503 2501
f 630 2504 2503
f 536 2501 2504
f 2503 2504 2501
f 31 2506 1613
f 631 2507 2506
f 417 1613 2507
f 2506 2507 1613
f 161 2508 2510
f 632 2509 2508
f 631 2510 2509
f 2508 2509 2510
f 112 1618 2512
f 417 2511 1618
f 632 2512 2511
f 1618 2511 2512
f 631 2509 2507
f 632 2511 2509
f 417 2507 2511
f 2509 2511 2507
f 42 2082 2514
f 540 2513 2082
f 634 2514 2513
f 2082 2513 2514
f 144 2515 2086
f 633 2516 2515
f 540 2086 2516
f 2515 2516 2086
f 161 2517 2519
f 634 2518 2517
f 633 2519 2518
f 2517 2518 2519
f 540 2516 2513
f 633 2518 2516
f 634 2513 2518
f 2516 2518 2513
f 112 2512 2502
f 632 2520 2512
f 630 2502 2520
f 2512 2520 2502
f 161 2519 2508
f 633 2521 2519
f 632 2508 2521
f 2519 2521 2508
f 144 2505 2515
f 630 2522 2505
f 633 2515 2522
f 2505 2522 2515
f 632 2521 2520
f 633 2522 2521
f 630 2520 2522
f 2521 2522 2520
f 2 1144 1569
f 294 2523 1144
f 404 1569 2523
f 1144 2523 1569
f 79 2524 1147
f 635 2525 2524
f 294 1147 2525
f 2524 2525 1147
f 108 1573 2527
f 404 2526 1573
f 635 2527 2526
f 1573 2526 2527
f 294 2525 2523
f 635 2526 2525
f 404 2523 2526
f 2525 2526 2523
f 24 2528 1157
f 636 2529 2528
f 297 1157 2529
f 2528 2529 1157
f 162 2530 2532
f 637 2531 2530
f 636 2532 2531
f 2530 2531 2532
f 79 1162 2534
f 297 2533 1162
f 637 2534 2533
f 1162 2533 2534
f 636 2531 2529
f 637 2533 2531
f 297 2529 2533
f 2531 2533 2529
f 31 1578 2536
f 408 2535 1578
f 639 2536 2535
f 1578 2535 2536
f 108 2537 1582
f 638 2538 2537
f 408 1582 2538
f 2537 2538 1582
f 162 2539 2541
f 639 2540 2539
f 638 2541 2540
f 2539 2540 2541
f 408 2538 2535
f 638 2540 2538
f 639 2535 2540
f 2538 2540 2535
f 79 2534 2524
f 637 2542 2534
f 635 2524 2542
f 2534 2542 2524
f 162 2541 2530
f 638 2543 2541
f 637 2530 2543
f 2541 2543 2530
f 108 2527 2537
f 635 2544 2527
f 638 2537 2544
f 2527 2544 2537
f 637 2543 2542
f 638 2544 2543
f 635 2542 2544
f 2543 2544 2542
f 42 2514 2484
f 634 2545 2514
f 626 2484 2545
f 2514 2545 2484
f 161 2546 2517
f 640 2547 2546
f 634 2517 2547
f 2546 2547 2517
f 160 2488 2549
f 626 2548 2488
f 640 2549 2548
f 2488 2548 2549
f 634 2547 2545
f 640 2548 2547
f 626 2545 2548
f 2547 2548 2545
f 31 2536 2506
f 639 2550 2536
f 631 2506 2550
f 2536 2550 2506
f 162 2551 2539
f 641 2552 2551
f 639 2539 2552
f 2551 2552 2539
f 161 2510 2554
f 631 2553 2510
f 641 2554 2553
f 2510 2553 2554
f 639 2552 2550
f 641 2553 2552
f 631 2550 2553
f 2552 2553 2550
f 24 2492 2528
f 629 2555 2492
f 636 2528 2555
f 2492 2555 2528
f 160 2556 2495
f 642 2557 2556
f 629 2495 2557
f 2556 2557 2495
f 162 2532 2559
f 636 2558 2532
f 642 2559 2558
f 2532 2558 2559
f 629 2557 2555
f 642 2558 2557
f 636 2555 2558
f 2557 2558 2555
f 161 2554 2546
f 641 2560 2554
f 640 2546 2560
f 2554 2560 2546
f 162 2559 2551
f 642 2561 2559
f 641 2551 2561
f 2559 2561 2551
f 160 2549 2556
f 640 2562 2549
f 642 2556 2562
f 2549 2562 2556
f 641 2561 2560
f 642 2562 2561
f 640 2560 2562
f 2561 2562 2560
