# regolith_gen synthetic particle
# verts: 2562  tris: 5120
v -0.578398 0.846737 0.000000
v 0.542890 0.794756 0.000000
v -0.542624 -0.794367 0.000000
v 0.518097 -0.758461 0.000000
v 0.000000 -0.509254 0.867358
v 0.000000 0.553694 0.943049
v 0.000000 -0.474655 -0.808429
v 0.000000 0.479031 -0.815882
v 0.850870 0.000000 -0.500825
v 0.865342 0.000000 0.509344
v -0.891660 0.000000 -0.524834
v -0.844303 0.000000 0.496960
v -0.930623 0.520380 0.338539
v -0.516617 0.288879 0.796099
v -0.346322 0.820331 0.533676
v 0.341301 0.808439 0.525939
v 0.000000 0.923190 0.000000
v 0.332056 0.786540 -0.511693
v -0.323620 0.766558 -0.498693
v -0.536909 0.300225 -0.827369
v -0.810531 0.453227 -0.294853
v -1.068242 0.000000 0.000000
v 0.495957 0.277326 0.764262
v 0.820960 0.459059 0.298646
v -0.534150 -0.298683 0.823117
v 0.000000 0.000000 0.978048
v -0.885733 -0.495279 -0.322209
v -0.849252 -0.474879 0.308939
v 0.000000 0.000000 -1.035416
v -0.510886 -0.285674 -0.787267
v 0.843661 0.471753 -0.306904
v 0.495288 0.276952 -0.763231
v 0.891413 -0.498455 0.324276
v 0.510882 -0.285672 0.787262
v 0.324547 -0.768753 0.500121
v -0.315824 -0.748091 0.486680
v 0.000000 -0.959174 0.000000
v -0.317667 -0.752456 -0.489519
v 0.324061 -0.767603 -0.499373
v 0.517492 -0.289368 -0.797448
v 0.756973 -0.423279 -0.275369
v 1.091524 0.000000 0.000000
v -0.775944 0.710409 0.171090
v -0.644945 0.683199 0.444463
v -0.484312 0.871215 0.276281
v -0.746131 0.154450 0.702234
v -0.708896 0.396396 0.576638
v -0.913137 0.248897 0.437402
v -0.175788 0.686974 0.731746
v -0.416287 0.520505 0.641493
v -0.276888 0.418238 0.875318
v -0.171006 0.905747 0.263518
v -0.275238 0.876606 0.000000
v 0.171189 0.669000 0.712601
v 0.000000 0.846382 0.550624
v 0.269404 0.858023 0.000000
v 0.158122 0.837503 0.243663
v 0.451102 0.811474 0.257336
v -0.178860 0.947346 -0.275621
v -0.464589 0.835736 -0.265030
v 0.453047 0.814972 -0.258445
v 0.162873 0.862668 -0.250985
v -0.166164 0.649364 -0.691685
v 0.000000 0.781492 -0.508409
v 0.162085 0.633425 -0.674708
v -0.577326 0.611569 -0.397864
v -0.738893 0.676488 -0.162920
v -0.263201 0.397565 -0.832052
v -0.413543 0.517074 -0.637264
v -0.887826 0.241998 -0.425278
v -0.692145 0.387029 -0.563012
v -0.749798 0.155209 -0.705685
v -0.899767 0.503126 0.000000
v -0.999403 0.000000 -0.270390
v -0.988349 0.247157 -0.160791
v -0.992263 0.248135 0.161427
v -0.945002 0.000000 0.255672
v 0.634784 0.672435 0.437461
v 0.691258 0.632876 0.152417
v 0.287009 0.433526 0.907313
v 0.463571 0.579626 0.714356
v 0.858733 0.234068 0.411342
v 0.718060 0.401520 0.584092
v 0.698565 0.144604 0.657467
v -0.257059 0.143741 0.885762
v 0.000000 0.266956 0.989184
v -0.720850 -0.149217 0.678441
v -0.559407 0.000000 0.862038
v 0.000000 -0.268104 0.993438
v -0.278292 -0.155614 0.958924
v -0.281221 -0.424784 0.889017
v -0.958358 -0.239657 0.155911
v -0.883350 -0.240778 0.423134
v -0.975312 -0.265844 -0.467185
v -1.092798 -0.273276 -0.177783
v -0.743555 -0.680756 0.163948
v -0.940339 -0.525813 0.000000
v -0.745677 -0.682699 -0.164416
v -0.602312 0.000000 -0.928153
v -0.780822 -0.161631 -0.734885
v 0.000000 0.261208 -0.967885
v -0.305928 0.171067 -1.054149
v -0.256081 -0.386809 -0.809541
v -0.272560 -0.152409 -0.939174
v 0.000000 -0.248718 -0.921604
v 0.455508 0.569544 -0.701931
v 0.272418 0.411487 -0.861188
v 0.671295 0.614599 -0.148016
v 0.595088 0.630385 -0.410105
v 0.691641 0.143171 -0.650950
v 0.687010 0.384158 -0.558835
v 0.858816 0.234090 -0.411382
v 0.712800 -0.652598 0.157167
v 0.572763 -0.606736 0.394719
v 0.404719 -0.728038 0.230876
v 0.678430 -0.140436 0.638517
v 0.646097 -0.361280 0.525555
v 0.840101 -0.228989 0.402417
v 0.182303 -0.712434 0.758866
v 0.469626 -0.587197 0.723687
v 0.287779 -0.434689 0.909747
v 0.163996 -0.868615 0.252715
v 0.282377 -0.899342 0.000000
v -0.167186 -0.653359 0.695940
v 0.000000 -0.848428 0.551955
v -0.282377 -0.899340 0.000000
v -0.176927 -0.937103 0.272641
v -0.430881 -0.775100 0.245801
v 0.176952 -0.937238 -0.272680
v 0.433669 -0.780114 -0.247391
v -0.431348 -0.775940 -0.246067
v -0.169314 -0.896782 -0.260910
v 0.174269 -0.681039 -0.725424
v 0.000000 -0.791105 -0.514663
v -0.176870 -0.691201 -0.736249
v 0.671059 -0.710863 -0.462460
v 0.683529 -0.625799 -0.150713
v 0.255925 -0.386574 -0.809049
v 0.427987 -0.535134 -0.659522
v 0.863094 -0.235256 -0.413431
v 0.689631 -0.385624 -0.560967
v 0.680242 -0.140811 -0.640222
v 0.944651 -0.528224 0.000000
v 0.981801 0.000000 -0.265628
v 1.099323 -0.274908 -0.178845
v 1.005877 -0.251540 0.163642
v 0.990996 0.000000 0.268115
v 0.282762 -0.158113 0.974325
v 0.541119 0.000000 0.833856
v 0.281462 0.157386 0.969849
v -0.571722 -0.605633 0.394002
v -0.471131 -0.589079 0.726006
v -0.653695 -0.365529 0.531736
v -0.480809 -0.601179 -0.740919
v -0.639167 -0.677078 -0.440481
v -0.802493 -0.448733 -0.652772
v 0.541098 0.000000 -0.833824
v 0.272739 -0.152508 -0.939789
v 0.291457 0.162975 -1.004287
v 1.045922 0.261554 0.170157
v 1.057511 0.264452 -0.172042
v 0.906261 0.506757 0.000000
v -0.638022 0.734972 0.080032
v -0.619044 0.777158 0.219852
v -0.524992 0.848059 0.135412
v -0.812770 0.625537 0.406951
v -0.730079 0.716560 0.317906
v -0.866501 0.627082 0.257895
v -0.420414 0.855919 0.409550
v -0.557370 0.765487 0.356017
v -0.464785 0.702056 0.456731
v -0.804362 0.075284 0.601674
v -0.779740 0.189596 0.535189
v -0.890957 0.122277 0.475257
v -0.617546 0.345315 0.691399
v -0.695662 0.265279 0.610746
v -0.670332 0.236956 0.798142
v -0.903981 0.371784 0.382604
v -0.798836 0.319336 0.501197
v -0.821498 0.459360 0.468632
v -0.088643 0.608921 0.816091
v -0.228407 0.554172 0.809422
v -0.140602 0.469711 0.882768
v -0.371150 0.638733 0.571936
v -0.301950 0.597518 0.682301
v -0.263602 0.763166 0.642564
v -0.394186 0.348672 0.825876
v -0.355924 0.480149 0.767207
v -0.497571 0.436307 0.766750
v -0.678328 0.535585 0.512938
v -0.568816 0.468238 0.620767
v -0.507260 0.578030 0.530983
v -0.364011 0.849774 0.127410
v -0.427718 0.877901 0.000000
v -0.263926 0.891430 0.406706
v -0.326525 0.898509 0.272601
v -0.148159 0.962410 0.000000
v -0.223547 0.887980 0.128440
v -0.086806 0.943204 0.133766
v 0.092309 0.634101 0.849837
v 0.000000 0.713447 0.759945
v 0.162760 0.790897 0.514528
v 0.088317 0.768317 0.642936
v 0.255544 0.739837 0.622922
v -0.092542 0.805077 0.673698
v -0.173137 0.841322 0.547332
v 0.401301 0.823681 0.000000
v 0.361593 0.844128 0.126563
v 0.471318 0.761356 0.121568
v 0.086057 0.935074 0.132613
v 0.219376 0.871413 0.126043
v 0.135912 0.882858 0.000000
v 0.385765 0.785377 0.375796
v 0.306681 0.843904 0.256034
v 0.245834 0.830322 0.378827
v -0.089230 0.895333 0.412507
v 0.080415 0.806880 0.371754
v 0.000000 0.917650 0.266981
v -0.404660 0.944668 -0.141638
v -0.539898 0.872138 -0.139257
v -0.092151 1.001281 -0.142003
v -0.252318 1.002266 -0.144970
v -0.400415 0.815203 -0.390067
v -0.340570 0.937156 -0.284326
v -0.253880 0.857498 -0.391225
v 0.468177 0.756281 -0.120757
v 0.362623 0.846533 -0.126924
v 0.256345 0.865823 -0.395023
v 0.316153 0.869967 -0.263942
v 0.413025 0.840875 -0.402351
v 0.218517 0.867998 -0.125550
v 0.085107 0.924752 -0.131149
v -0.080706 0.554400 -0.743020
v 0.000000 0.659769 -0.702768
v 0.078767 0.541081 -0.725169
v -0.172215 0.836842 -0.544418
v -0.087004 0.756895 -0.633378
v -0.247281 0.715915 -0.602780
v 0.236765 0.685469 -0.577145
v 0.080485 0.700185 -0.585922
v 0.156559 0.760767 -0.494926
v 0.000000 0.923487 -0.268679
v 0.083641 0.839246 -0.386666
v -0.087617 0.879141 -0.405047
v -0.590232 0.740988 -0.209620
v -0.649747 0.748479 -0.081503
v -0.447466 0.675896 -0.439712
v -0.538223 0.739191 -0.343787
v -0.805386 0.582853 -0.239706
v -0.638208 0.626390 -0.277901
v -0.661940 0.509453 -0.331431
v -0.138203 0.461699 -0.867709
v -0.228698 0.554878 -0.810452
v -0.458204 0.401786 -0.706085
v -0.341219 0.460312 -0.735510
v -0.407243 0.360221 -0.853231
v -0.297959 0.589621 -0.673283
v -0.386716 0.665523 -0.595924
v -0.911809 0.125139 -0.486380
v -0.799823 0.194479 -0.548973
v -0.814633 0.076246 -0.609357
v -0.746872 0.417631 -0.426061
v -0.756143 0.302269 -0.474411
v -0.840958 0.345864 -0.355929
v -0.669049 0.236502 -0.796614
v -0.722495 0.275511 -0.634304
v -0.620136 0.346764 -0.694299
v -0.481731 0.548939 -0.504260
v -0.520031 0.428079 -0.567527
v -0.607758 0.479865 -0.459575
v -0.753385 0.689755 0.000000
v -0.869969 0.486464 -0.154268
v -0.820532 0.590175 -0.081272
v -0.871158 0.626588 0.086287
v -0.920713 0.514839 0.163266
v -0.920296 0.000000 -0.386353
v -0.942227 0.121426 -0.347786
v -1.031445 0.125732 -0.081796
v -1.001504 0.124511 -0.217252
v -1.075151 0.000000 -0.142620
v -0.937059 0.244360 -0.293431
v -0.943838 0.370126 -0.240790
v -0.918791 0.118406 0.339135
v -0.921147 0.000000 0.386710
v -0.983017 0.385489 0.250785
v -0.945655 0.246602 0.296123
v -1.054776 0.000000 0.139918
v -0.988264 0.122865 0.214380
v -1.045801 0.127481 0.082935
v -0.950914 0.376570 -0.081661
v -0.939366 0.234907 0.000000
v -0.923601 0.365754 0.079315
v 0.565376 0.709783 0.200792
v 0.644529 0.742468 0.080849
v 0.516636 0.780377 0.507683
v 0.535967 0.736093 0.342346
v 0.785074 0.568153 0.233660
v 0.706475 0.693393 0.307628
v 0.789469 0.607604 0.395284
v 0.150086 0.501395 0.942314
v 0.240709 0.584020 0.853018
v 0.492733 0.432064 0.759293
v 0.386236 0.521039 0.832544
v 0.408300 0.361157 0.855447
v 0.321669 0.636541 0.726860
v 0.400863 0.689869 0.617723
v 0.869024 0.119267 0.463557
v 0.801615 0.194915 0.550203
v 0.803595 0.075212 0.601100
v 0.794975 0.444529 0.453502
v 0.772108 0.308652 0.484428
v 0.841153 0.345945 0.356012
v 0.567318 0.200541 0.675486
v 0.739215 0.281887 0.648983
v 0.612798 0.342660 0.686083
v 0.589869 0.672164 0.617456
v 0.610136 0.502252 0.665861
v 0.726366 0.573514 0.549263
v -0.148329 0.365160 0.991778
v 0.000000 0.420213 1.003460
v -0.404149 0.225989 0.888045
v -0.279498 0.288478 0.923551
v 0.000000 0.122641 0.926853
v -0.128517 0.192741 0.890738
v -0.123617 0.069123 0.873824
v -0.819266 -0.076679 0.612822
v -0.792257 0.000000 0.745646
v -0.539260 -0.146988 0.830991
v -0.667706 -0.079032 0.799917
v -0.632076 -0.223432 0.752591
v -0.694334 0.082184 0.831818
v -0.545490 0.148686 0.840592
v 0.000000 -0.411057 0.981594
v -0.140702 -0.346383 0.940778
v -0.141595 -0.473029 0.889004
v -0.133099 -0.074426 0.940854
v -0.141358 -0.212000 0.979741
v 0.000000 -0.131678 0.995148
v -0.397650 -0.351736 0.833134
v -0.285263 -0.294429 0.942601
v -0.398689 -0.222936 0.876048
v -0.425112 0.079237 0.925004
v -0.411080 -0.076622 0.894472
v -0.258735 0.000000 0.891535
v -0.903223 -0.116400 0.333389
v -0.858235 -0.117786 0.457802
v -1.007304 -0.122789 0.079882
v -0.979613 -0.121789 0.212503
v -0.859172 -0.353356 0.363639
v -0.934918 -0.243802 0.292761
v -0.943353 -0.369935 0.240666
v -0.882157 -0.121070 -0.470563
v -0.940742 -0.121235 -0.347238
v -0.982817 -0.385411 -0.250734
v -1.010985 -0.263638 -0.316581
v -0.963274 -0.396170 -0.407699
v -1.005446 -0.125001 -0.218107
v -1.087852 -0.132608 -0.086269
v -0.649741 -0.748471 0.081502
v -0.722612 -0.661581 0.000000
v -0.656215 -0.755930 -0.082314
v -0.908973 -0.508274 0.161184
v -0.838646 -0.603203 0.083066
v -0.776243 -0.561763 0.231032
v -0.774094 -0.560207 -0.230392
v -0.794939 -0.571767 -0.078737
v -0.896441 -0.501266 -0.158962
v -1.063226 -0.265881 0.000000
v -1.000409 -0.396171 -0.085911
v -0.938245 -0.371553 0.080573
v -0.778656 0.000000 -0.732846
v -0.864883 -0.080949 -0.646945
v -0.574481 0.156588 -0.885266
v -0.690298 0.081706 -0.826982
v -0.650444 -0.229926 -0.774462
v -0.691152 -0.081808 -0.828006
v -0.572648 -0.156088 -0.882441
v 0.000000 0.376194 -0.898342
v -0.135324 0.333142 -0.904817
v -0.152786 0.085434 -1.080014
v -0.140737 0.211068 -0.975437
v 0.000000 0.137995 -1.042888
v -0.278180 0.287118 -0.919195
v -0.433014 0.242130 -0.951471
v -0.128593 -0.429594 -0.807372
v -0.129958 -0.319932 -0.868938
v 0.000000 -0.364410 -0.870204
v -0.403650 -0.225710 -0.886948
v -0.259132 -0.267458 -0.856255
v -0.387208 -0.342500 -0.811256
v 0.000000 -0.124976 -0.944499
v -0.133036 -0.199519 -0.922065
v -0.144958 -0.081057 -1.024685
v -0.447294 0.083372 -0.973270
v -0.292804 0.000000 -1.008930
v -0.402358 -0.074996 -0.875492
v 0.230884 0.560182 -0.818199
v 0.139660 0.466567 -0.876858
v 0.400241 0.688798 -0.616765
v 0.319571 0.632389 -0.722119
v 0.388568 0.343703 -0.814105
v 0.380685 0.513552 -0.820580
v 0.473008 0.414768 -0.728899
v 0.610793 0.703606 -0.076617
v 0.533309 0.669525 -0.189404
v 0.731796 0.563217 -0.366407
v 0.636705 0.624914 -0.277247
v 0.786793 0.569397 -0.234172
v 0.540511 0.742333 -0.345248
v 0.489720 0.739721 -0.481234
v 0.806820 0.075514 -0.603513
v 0.749615 0.182271 -0.514512
v 0.866500 0.118921 -0.462211
v 0.600290 0.335666 -0.672079
v 0.671180 0.255943 -0.589253
v 0.605392 0.214000 -0.720820
v 0.857434 0.352641 -0.362903
v 0.749560 0.299638 -0.470280
v 0.743477 0.415733 -0.424124
v 0.546443 0.622680 -0.571999
v 0.639053 0.504574 -0.483239
v 0.553746 0.455832 -0.604320
v 0.631801 -0.727806 0.079252
v 0.569368 -0.714794 0.202210
v 0.473529 -0.764927 0.122138
v 0.729624 -0.561546 0.365320
v 0.638602 -0.626777 0.278073
v 0.832491 -0.602469 0.247773
v 0.365104 -0.743312 0.355668
v 0.503699 -0.691776 0.321734
v 0.494601 -0.747094 0.486031
v 0.790283 -0.073967 0.591143
v 0.760890 -0.185013 0.522250
v 0.864259 -0.118613 0.461015
v 0.600018 -0.335514 0.671775
v 0.674710 -0.257289 0.592351
v 0.608392 -0.215061 0.724392
v 0.887142 -0.364859 0.375476
v 0.757698 -0.302891 0.475386
v 0.786145 -0.439592 0.448464
v 0.089180 -0.612608 0.821032
v 0.227179 -0.551192 0.805068
v 0.146478 -0.489343 0.919663
v 0.428500 -0.737431 0.660312
v 0.332205 -0.657390 0.750667
v 0.269661 -0.780707 0.657333
v 0.406446 -0.359517 0.851563
v 0.372738 -0.502831 0.803449
v 0.483813 -0.424242 0.745549
v 0.630287 -0.497653 0.476610
v 0.562214 -0.462803 0.613562
v 0.537026 -0.611950 0.562142
v 0.351176 -0.819810 0.122917
v 0.400742 -0.822533 0.000000
v 0.247093 -0.834576 0.380767
v 0.290171 -0.798473 0.242251
v 0.148009 -0.961441 0.000000
v 0.207888 -0.825780 0.119443
v 0.082791 -0.899586 0.127580
v -0.081353 -0.558843 0.748975
v 0.000000 -0.692236 0.737351
v -0.175050 -0.850621 0.553382
v -0.091031 -0.791932 0.662698
v -0.261549 -0.757224 0.637561
v 0.090011 -0.783061 0.655274
v 0.172587 -0.838651 0.545595
v -0.407450 -0.836301 0.000000
v -0.361563 -0.844058 0.126553
v -0.482561 -0.779517 0.124468
v -0.086540 -0.940314 0.133356
v -0.223863 -0.889237 0.128622
v -0.144170 -0.936499 0.000000
v -0.346350 -0.705132 0.337399
v -0.314739 -0.866076 0.262761
v -0.255815 -0.864034 0.394207
v 0.088750 -0.890513 0.410286
v -0.091321 -0.916307 0.422171
v 0.000000 -0.954982 0.277843
v 0.363836 -0.849367 -0.127349
v 0.488126 -0.788507 -0.125903
v 0.090398 -0.982240 -0.139302
v 0.246374 -0.978652 -0.141555
v 0.402559 -0.819568 -0.392156
v 0.315601 -0.868448 -0.263481
v 0.260326 -0.879269 -0.401158
v -0.490361 -0.792117 -0.126480
v -0.353246 -0.824644 -0.123642
v -0.239576 -0.809187 -0.369184
v -0.303907 -0.836270 -0.253718
v -0.355248 -0.723247 -0.346067
v -0.228709 -0.908485 -0.131406
v -0.088779 -0.964650 -0.136808
v 0.087095 -0.598287 -0.801838
v 0.000000 -0.702420 -0.748199
v -0.089357 -0.613823 -0.822661
v 0.166107 -0.807162 -0.525109
v 0.087048 -0.757280 -0.633700
v 0.242584 -0.702315 -0.591329
v -0.264382 -0.765424 -0.644465
v -0.090321 -0.785754 -0.657527
v -0.162585 -0.790048 -0.513975
v 0.000000 -0.941802 -0.274008
v -0.084962 -0.852505 -0.392775
v 0.085587 -0.858773 -0.395663
v 0.591786 -0.742938 -0.210172
v 0.637698 -0.734599 -0.079992
v 0.507751 -0.766956 -0.498953
v 0.540077 -0.741738 -0.344971
v 0.769758 -0.557069 -0.229102
v 0.675173 -0.662670 -0.293997
v 0.751173 -0.578130 -0.376110
v 0.130849 -0.437130 -0.821535
v 0.218822 -0.530917 -0.775454
v 0.470954 -0.412967 -0.725733
v 0.339493 -0.457982 -0.731788
v 0.390948 -0.345808 -0.819092
v 0.314005 -0.621374 -0.709541
v 0.386662 -0.665430 -0.595841
v 0.865512 -0.118785 -0.461684
v 0.744678 -0.181071 -0.511123
v 0.762223 -0.071340 -0.570153
v 0.739689 -0.413615 -0.421963
v 0.777176 -0.310677 -0.487607
v 0.858127 -0.352926 -0.363196
v 0.592892 -0.209581 -0.705936
v 0.693941 -0.264622 -0.609235
v 0.601938 -0.336588 -0.673924
v 0.547026 -0.623344 -0.572609
v 0.601536 -0.495172 -0.656475
v 0.695393 -0.549059 -0.525842
v 0.757050 -0.693111 0.000000
v 0.838262 -0.468734 -0.148645
v 0.853537 -0.613914 -0.084541
v 0.879187 -0.632363 0.087082
v 0.929701 -0.519864 0.164860
v 0.908612 0.000000 -0.381448
v 0.924790 -0.119179 -0.341350
v 1.152621 -0.140503 -0.091406
v 1.083212 -0.134669 -0.234976
v 1.137143 0.000000 -0.150844
v 0.935086 -0.243845 -0.292813
v 0.909808 -0.356781 -0.232108
v 0.960316 -0.123758 0.354462
v 0.945442 0.000000 0.396910
v 0.937589 -0.367675 0.239195
v 0.946511 -0.246825 0.296391
v 1.002853 0.000000 0.133030
v 1.040558 -0.129366 0.225724
v 1.066313 -0.129982 0.084561
v 1.038950 -0.411433 -0.089221
v 1.092075 -0.273095 0.000000
v 0.965354 -0.382289 0.082901
v 0.150290 -0.369986 1.004885
v 0.388920 -0.217474 0.854582
v 0.296801 -0.306337 0.980724
v 0.148512 -0.222728 1.029324
v 0.144805 -0.080971 1.023602
v 0.689446 0.000000 0.648884
v 0.508663 0.138648 0.783842
v 0.612093 0.072450 0.733292
v 0.593102 -0.070202 0.710541
v 0.512491 -0.139691 0.789741
v 0.151360 0.372622 1.012043
v 0.140639 0.078642 0.994150
v 0.144018 0.215988 0.998175
v 0.298390 0.307977 0.985975
v 0.414323 0.231679 0.910401
v 0.416395 -0.077612 0.906036
v 0.430108 0.080168 0.935875
v 0.292880 0.000000 1.009189
v -0.602073 -0.755853 0.213825
v -0.441926 -0.667528 0.434268
v -0.494213 -0.678749 0.315676
v -0.637096 -0.625298 0.277417
v -0.659785 -0.507795 0.330352
v -0.222227 -0.539179 0.787522
v -0.516545 -0.452945 0.795989
v -0.388612 -0.524246 0.837667
v -0.326016 -0.645143 0.736682
v -0.395849 -0.681240 0.609998
v -0.786773 -0.191306 0.540016
v -0.752443 -0.420746 0.429239
v -0.777073 -0.310636 0.487542
v -0.733442 -0.279685 0.643915
v -0.630781 -0.352716 0.706217
v -0.546341 -0.622563 0.571892
v -0.570749 -0.469829 0.622876
v -0.614867 -0.485478 0.464950
v -0.225268 -0.546556 -0.798298
v -0.431251 -0.742166 -0.664552
v -0.326122 -0.645352 -0.736922
v -0.389437 -0.525358 -0.839445
v -0.486967 -0.427008 -0.750409
v -0.562468 -0.706132 -0.199759
v -0.735103 -0.565762 -0.368063
v -0.660748 -0.648513 -0.287716
v -0.499893 -0.686549 -0.319304
v -0.467787 -0.706591 -0.459681
v -0.885694 -0.215359 -0.607912
v -0.652056 -0.364613 -0.730036
v -0.769117 -0.293289 -0.675235
v -0.927236 -0.370664 -0.581756
v -0.872866 -0.488084 -0.497935
v -0.594328 -0.677245 -0.622123
v -0.729637 -0.576097 -0.551737
v -0.631945 -0.520205 -0.689662
v 0.707534 0.000000 -0.665908
v 0.535987 -0.146096 -0.825948
v 0.609780 -0.072176 -0.730521
v 0.627501 0.074274 -0.751751
v 0.540989 0.147459 -0.833656
v 0.126283 -0.310887 -0.844371
v 0.126429 -0.070696 -0.893703
v 0.126183 -0.189241 -0.874562
v 0.263422 -0.271885 -0.870429
v 0.397639 -0.222349 -0.873740
v 0.143530 0.353345 -0.959688
v 0.412627 0.230730 -0.906675
v 0.294712 0.304181 -0.973824
v 0.143939 0.215870 -0.997627
v 0.135927 0.076007 -0.960843
v 0.440160 -0.082042 -0.957746
v 0.286973 0.000000 -0.988838
v 0.428446 0.079859 -0.932258
v 0.929004 0.119722 0.342905
v 1.061503 0.129396 0.084180
v 1.051808 0.130765 0.228164
v 0.969530 0.252828 0.303599
v 0.954933 0.374477 0.243620
v 0.910062 0.117281 -0.335913
v 0.899034 0.352556 -0.229359
v 0.955603 0.249196 -0.299238
v 1.009331 0.125484 -0.218950
v 1.146421 0.139747 -0.090914
v 0.722041 0.661059 0.000000
v 0.870378 0.486692 0.154340
v 0.830593 0.597412 0.082269
v 0.802669 0.577327 -0.079503
v 0.882764 0.493618 -0.156537
v 1.037067 0.259339 0.000000
v 1.013791 0.401470 -0.087060
v 0.962403 0.381120 0.082647
v -0.599978 0.777366 0.040594
v -0.594032 0.805526 0.109174
v -0.542357 0.833365 0.067087
v -0.715621 0.765013 0.201304
v -0.652926 0.784654 0.154089
v -0.705926 0.724770 0.124103
v -0.489512 0.833185 0.198543
v -0.566572 0.804870 0.175941
v -0.536135 0.798846 0.240238
v -0.882459 0.580068 0.377370
v -0.868785 0.647990 0.343684
v -0.941930 0.601696 0.312500
v -0.686574 0.699289 0.381852
v -0.779563 0.678914 0.366009
v -0.713632 0.643074 0.418360
v -0.824158 0.671963 0.214926
v -0.791346 0.666623 0.285742
v -0.752560 0.712954 0.244018
v -0.368308 0.805208 0.453099
v -0.443516 0.775345 0.434123
v -0.405009 0.752534 0.489570
v -0.528126 0.827953 0.320867
v -0.488186 0.806581 0.380736
v -0.457350 0.872972 0.346499
v -0.554284 0.696144 0.452885
v -0.514253 0.739267 0.411245
v -0.608467 0.733908 0.404985
v -0.662544 0.735351 0.263562
v -0.642138 0.741879 0.337522
v -0.590575 0.774488 0.289238
v -0.842613 0.037820 0.560381
v -0.828301 0.096491 0.526337
v -0.843868 0.058389 0.473228
v -0.756413 0.171080 0.609703
v -0.792888 0.133833 0.568516
v -0.745746 0.109757 0.625886
v -0.889761 0.182240 0.450444
v -0.860450 0.161669 0.521915
v -0.890246 0.230115 0.514833
v -0.577020 0.322654 0.756400
v -0.632649 0.288411 0.730891
v -0.579085 0.258507 0.781140
v -0.729707 0.342488 0.617340
v -0.667866 0.309474 0.660800
v -0.672551 0.376073 0.643108
v -0.700141 0.192481 0.739938
v -0.676125 0.249103 0.691606
v -0.700085 0.205953 0.636759
v -0.930150 0.449879 0.366607
v -0.852793 0.410411 0.420342
v -0.865943 0.484212 0.401581
v -0.903828 0.301067 0.496779
v -0.859509 0.348726 0.448262
v -0.920588 0.314069 0.415584
v -0.737141 0.412190 0.505742
v -0.796587 0.380882 0.477479
v -0.753002 0.357151 0.537943
v -0.749674 0.230950 0.582020
v -0.753316 0.294581 0.561847
v -0.823122 0.264218 0.540841
v -0.045984 0.585633 0.882790
v -0.114725 0.537894 0.848610
v -0.073349 0.510965 0.913447
v -0.198583 0.608302 0.756567
v -0.158915 0.580233 0.811257
v -0.130132 0.637831 0.761884
v -0.219099 0.465473 0.921753
v -0.194441 0.539536 0.891729
v -0.266070 0.511650 0.886961
v -0.342584 0.690301 0.527916
v -0.322901 0.703344 0.610332
v -0.304997 0.792153 0.588721
v -0.357081 0.553227 0.655563
v -0.343174 0.629822 0.638152
v -0.381255 0.560383 0.587508
v -0.223684 0.739096 0.701097
v -0.290994 0.694420 0.680578
v -0.244377 0.649418 0.715792
v -0.459445 0.321808 0.818533
v -0.449732 0.395909 0.805237
v -0.531763 0.379065 0.819439
v -0.320617 0.454720 0.829381
v -0.383577 0.423797 0.814636
v -0.329127 0.374330 0.831281
v -0.481438 0.507727 0.741889
v -0.437620 0.471540 0.788650
v -0.401826 0.520212 0.730007
v -0.263540 0.570852 0.737132
v -0.323493 0.530318 0.712825
v -0.296642 0.521912 0.796304
v -0.826242 0.545943 0.443517
v -0.719560 0.482665 0.565357
v -0.779558 0.518590 0.511357
v -0.741483 0.577730 0.461741
v -0.654054 0.600432 0.473706
v -0.557750 0.389458 0.727352
v -0.495944 0.499306 0.637087
v -0.531551 0.450508 0.688516
v -0.582613 0.400231 0.644319
v -0.622149 0.421888 0.583969
v -0.410563 0.659055 0.506645
v -0.571858 0.627160 0.489440
v -0.490457 0.644274 0.498642
v -0.440283 0.609228 0.552263
v -0.470330 0.559568 0.597647
v -0.611971 0.492778 0.558340
v -0.526160 0.512416 0.563044
v -0.593806 0.560819 0.525393
v -0.477877 0.866862 0.067259
v -0.500838 0.861174 0.000000
v -0.414908 0.846866 0.195325
v -0.428022 0.822262 0.127156
v -0.349317 0.876735 0.000000
v -0.400005 0.874068 0.065856
v -0.319244 0.862748 0.063387
v -0.305044 0.856671 0.470068
v -0.344231 0.880432 0.411218
v -0.245786 0.895472 0.266000
v -0.293891 0.890015 0.337092
v -0.222420 0.924103 0.342746
v -0.379645 0.893975 0.346276
v -0.399096 0.873759 0.270909
v -0.074883 0.977541 0.000000
v -0.119021 0.967402 0.068504
v -0.043397 0.948967 0.066875
v -0.253398 0.896053 0.064953
v -0.191961 0.949146 0.067800
v -0.207665 0.892047 0.000000
v -0.126458 0.906489 0.194870
v -0.153793 0.899267 0.128790
v -0.193660 0.878174 0.190745
v -0.331421 0.836863 0.189405
v -0.268729 0.877940 0.194818
v -0.285450 0.844304 0.124306
v 0.047807 0.608842 0.917775
v 0.000000 0.612256 0.820561
v 0.090157 0.709298 0.755525
v 0.045038 0.662614 0.790894
v 0.136978 0.671387 0.801966
v -0.043930 0.646311 0.771434
v -0.087804 0.690786 0.735807
v 0.242581 0.777658 0.505915
v 0.203485 0.747998 0.554556
v 0.297846 0.773581 0.574919
v 0.044718 0.813176 0.601477
v 0.124409 0.767714 0.568293
v 0.080281 0.785085 0.510747
v 0.216082 0.713979 0.677271
v 0.165845 0.725596 0.609033
v 0.131238 0.723931 0.683606
v -0.218978 0.804949 0.596779
v -0.256303 0.821646 0.534532
v -0.136770 0.754444 0.712420
v -0.183640 0.803452 0.674382
v -0.085223 0.833412 0.542186
v -0.132919 0.820228 0.607166
v -0.046461 0.844885 0.624931
v 0.045843 0.758110 0.716445
v 0.000000 0.806316 0.674734
v -0.044707 0.739333 0.698700
v 0.467802 0.804369 0.000000
v 0.445960 0.808966 0.062767
v 0.529885 0.814200 0.065544
v 0.316661 0.855768 0.062874
v 0.373683 0.816551 0.061523
v 0.335045 0.840915 0.000000
v 0.462690 0.787532 0.187664
v 0.421106 0.808976 0.125101
v 0.408323 0.833425 0.192225
v 0.041867 0.915497 0.064516
v 0.110916 0.901521 0.063838
v 0.067650 0.883126 0.000000
v 0.191206 0.867046 0.188328
v 0.155033 0.906520 0.129829
v 0.125025 0.896219 0.192662
v 0.204912 0.880223 0.000000
v 0.180755 0.893738 0.063842
v 0.238849 0.844606 0.061224
v 0.371848 0.812947 0.457454
v 0.328207 0.839448 0.392076
v 0.295074 0.828672 0.454705
v 0.383013 0.838549 0.259992
v 0.351007 0.826538 0.320155
v 0.420382 0.802410 0.318492
v 0.197907 0.822257 0.304972
v 0.279429 0.846218 0.320504
v 0.218541 0.796210 0.236514
v 0.304031 0.899263 0.132398
v 0.266202 0.869683 0.192985
v 0.336692 0.850173 0.192417
v -0.221665 0.878729 0.483783
v -0.044452 0.861600 0.475855
v -0.128816 0.855789 0.472143
v -0.174768 0.888639 0.407452
v -0.131687 0.907302 0.339423
v 0.205538 0.814798 0.448586
v 0.118369 0.815541 0.305095
v 0.159067 0.808804 0.370847
v 0.118925 0.790078 0.435890
v 0.041637 0.807049 0.445727
v 0.000000 0.948887 0.134572
v -0.085390 0.910639 0.264941
v -0.044837 0.962611 0.207414
v 0.041883 0.899204 0.193752
v 0.080395 0.857365 0.249442
v 0.000000 0.875532 0.403384
v 0.039790 0.820749 0.306578
v -0.042668 0.880114 0.328753
v -0.486151 0.881872 -0.068423
v -0.560164 0.860726 -0.069289
v -0.338006 0.913453 -0.067112
v -0.417571 0.912454 -0.068748
v -0.507453 0.863721 -0.205820
v -0.479281 0.920733 -0.142384
v -0.460349 0.939616 -0.216717
v -0.044252 0.967663 -0.068192
v -0.118884 0.966288 -0.068425
v -0.217527 0.986398 -0.214252
v -0.170659 0.997890 -0.142914
v -0.140349 1.006068 -0.216276
v -0.192950 0.954036 -0.068149
v -0.260327 0.920557 -0.066730
v -0.359489 0.785927 -0.442249
v -0.324697 0.830471 -0.387883
v -0.292224 0.820669 -0.450313
v -0.414519 0.907526 -0.281379
v -0.365024 0.859545 -0.332940
v -0.446929 0.853081 -0.338604
v -0.225864 0.938412 -0.348053
v -0.300067 0.908718 -0.344176
v -0.267883 0.975977 -0.289914
v -0.321021 0.949515 -0.139796
v -0.303816 0.992568 -0.220254
v -0.383148 0.967478 -0.218967
v 0.499708 0.767832 -0.061811
v 0.446644 0.810207 -0.062863
v 0.417958 0.853090 -0.196760
v 0.428860 0.823871 -0.127405
v 0.460994 0.784645 -0.186976
v 0.378844 0.827829 -0.062372
v 0.304251 0.822232 -0.060410
v 0.299896 0.842213 -0.462135
v 0.322265 0.824250 -0.384977
v 0.363149 0.793930 -0.446752
v 0.240109 0.874786 -0.259856
v 0.286087 0.866380 -0.328141
v 0.205867 0.855330 -0.317238
v 0.453126 0.864908 -0.343299
v 0.380425 0.895811 -0.346987
v 0.406681 0.890367 -0.276058
v 0.111713 0.908003 -0.064297
v 0.041996 0.918327 -0.064716
v 0.239662 0.847483 -0.061433
v 0.176465 0.872527 -0.062327
v 0.126312 0.905446 -0.194645
v 0.152018 0.888892 -0.127304
v 0.194510 0.882027 -0.191582
v 0.347096 0.876445 -0.198364
v 0.267856 0.875087 -0.194185
v 0.282045 0.834233 -0.122824
v -0.040331 0.513634 -0.774258
v 0.000000 0.554196 -0.742747
v 0.040342 0.513772 -0.774467
v -0.083900 0.660070 -0.703089
v -0.042494 0.625188 -0.746222
v -0.127696 0.625892 -0.747623
v 0.120841 0.592294 -0.707490
v 0.041329 0.608043 -0.725759
v 0.079972 0.629171 -0.670176
v -0.246221 0.789326 -0.513506
v -0.207318 0.762090 -0.565003
v -0.281967 0.732340 -0.544269
v -0.042888 0.779895 -0.576860
v -0.126623 0.781377 -0.578407
v -0.083376 0.815348 -0.530434
v -0.201197 0.664793 -0.630614
v -0.163098 0.713579 -0.598946
v -0.127862 0.705307 -0.666019
v 0.272870 0.708712 -0.526709
v 0.193085 0.709769 -0.526213
v 0.238376 0.764179 -0.497146
v 0.118501 0.653671 -0.617260
v 0.151903 0.664601 -0.557836
v 0.202544 0.669245 -0.634837
v 0.077054 0.753523 -0.490213
v 0.117099 0.722606 -0.534902
v 0.042616 0.774957 -0.573208
v -0.043543 0.720077 -0.680502
v 0.000000 0.732010 -0.612555
v 0.042077 0.695835 -0.657592
v 0.000000 0.966181 -0.137025
v 0.085224 0.908864 -0.264425
v 0.044406 0.953364 -0.205422
v -0.044311 0.951332 -0.204984
v -0.086457 0.922020 -0.268253
v 0.207083 0.820923 -0.451958
v 0.042008 0.814244 -0.449700
v 0.123343 0.819429 -0.452083
v 0.171233 0.870661 -0.399209
v 0.124969 0.861012 -0.322106
v -0.211899 0.840015 -0.462469
v -0.136800 0.942523 -0.352599
v -0.177458 0.902316 -0.413724
v -0.131737 0.875198 -0.482851
v -0.044552 0.863543 -0.476928
v 0.042893 0.884754 -0.330486
v 0.000000 0.865545 -0.398783
v -0.044185 0.911411 -0.340443
v -0.608034 0.824512 -0.111747
v -0.613561 0.794964 -0.041513
v -0.533888 0.795497 -0.239231
v -0.577597 0.820531 -0.179365
v -0.680195 0.698352 -0.119579
v -0.623184 0.748912 -0.147070
v -0.670213 0.716471 -0.188530
v -0.389716 0.724119 -0.471084
v -0.446543 0.780636 -0.437085
v -0.583535 0.703836 -0.388391
v -0.510764 0.734251 -0.408455
v -0.529774 0.665360 -0.432858
v -0.481120 0.794906 -0.375225
v -0.505005 0.791705 -0.306819
v -0.800117 0.511108 -0.265451
v -0.707861 0.527963 -0.280024
v -0.724854 0.476469 -0.309973
v -0.698986 0.662200 -0.226647
v -0.689158 0.580541 -0.248843
v -0.765069 0.623786 -0.199517
v -0.625352 0.563522 -0.366606
v -0.650949 0.566906 -0.305625
v -0.612265 0.623604 -0.340524
v -0.586288 0.768867 -0.287139
v -0.588819 0.680277 -0.309496
v -0.619929 0.688053 -0.246610
v -0.066450 0.462900 -0.827521
v -0.108374 0.508116 -0.801630
v -0.246729 0.474459 -0.822489
v -0.174915 0.485354 -0.802179
v -0.205869 0.437366 -0.866094
v -0.154097 0.562643 -0.786664
v -0.191454 0.586464 -0.729405
v -0.503069 0.358610 -0.775221
v -0.447047 0.393546 -0.800430
v -0.470621 0.329636 -0.838444
v -0.385488 0.499061 -0.700325
v -0.418671 0.451121 -0.754501
v -0.431997 0.455587 -0.665702
v -0.323746 0.368210 -0.817692
v -0.367734 0.406293 -0.780989
v -0.312200 0.442783 -0.807607
v -0.319156 0.695185 -0.603252
v -0.338933 0.682946 -0.522291
v -0.231206 0.614417 -0.677214
v -0.262721 0.626951 -0.614454
v -0.404328 0.594297 -0.623063
v -0.340785 0.625438 -0.633710
v -0.371782 0.576003 -0.682552
v -0.292676 0.514935 -0.785658
v -0.332906 0.545749 -0.733567
v -0.261391 0.566196 -0.731120
v -0.893445 0.061820 -0.501029
v -0.845060 0.098443 -0.536986
v -0.853602 0.038314 -0.567689
v -0.851682 0.220147 -0.492531
v -0.848685 0.159458 -0.514779
v -0.918278 0.188081 -0.464880
v -0.744051 0.109507 -0.624463
v -0.785653 0.132612 -0.563329
v -0.754211 0.170582 -0.607928
v -0.748301 0.418430 -0.347025
v -0.771517 0.371296 -0.380281
v -0.801360 0.387588 -0.315846
v -0.731573 0.346987 -0.522635
v -0.746128 0.356756 -0.447234
v -0.703381 0.393312 -0.482580
v -0.858463 0.292875 -0.387539
v -0.803179 0.325872 -0.418885
v -0.833744 0.277722 -0.458258
v -0.597155 0.266574 -0.805514
v -0.642038 0.292691 -0.741737
v -0.590286 0.330072 -0.773790
v -0.734207 0.215992 -0.667795
v -0.695460 0.256226 -0.711383
v -0.700049 0.192455 -0.739840
v -0.643966 0.360089 -0.615774
v -0.675386 0.312959 -0.668241
v -0.716229 0.336162 -0.605937
v -0.765134 0.245604 -0.502739
v -0.741333 0.289895 -0.552909
v -0.719179 0.221556 -0.558345
v -0.402052 0.645393 -0.496143
v -0.452663 0.538549 -0.575198
v -0.427366 0.591354 -0.536061
v -0.455223 0.597989 -0.462819
v -0.531814 0.583243 -0.455167
v -0.532573 0.371878 -0.694519
v -0.622352 0.422026 -0.584159
v -0.567070 0.389554 -0.627130
v -0.504978 0.427987 -0.654096
v -0.464432 0.467581 -0.596607
v -0.709770 0.468983 -0.380996
v -0.614114 0.563766 -0.444778
v -0.660324 0.514495 -0.411201
v -0.654062 0.435106 -0.429037
v -0.633105 0.424673 -0.497429
v -0.478549 0.466049 -0.512096
v -0.569377 0.458479 -0.519478
v -0.548544 0.518071 -0.485346
v -0.656650 0.756431 0.000000
v -0.770180 0.705132 -0.084355
v -0.699445 0.717578 -0.040965
v -0.701841 0.720036 0.041106
v -0.777988 0.712281 0.085210
v -0.875977 0.489823 -0.235454
v -0.861658 0.549082 -0.201981
v -0.868507 0.552161 -0.041154
v -0.877095 0.558055 -0.122474
v -0.899901 0.503201 -0.079294
v -0.810364 0.584633 -0.159599
v -0.817979 0.663910 -0.127777
v -0.916916 0.584295 0.214934
v -0.930206 0.520147 0.250030
v -0.834475 0.677299 0.130353
v -0.869316 0.627164 0.171210
v -0.924056 0.516708 0.081422
v -0.878273 0.558804 0.122638
v -0.872327 0.554590 0.041335
v -0.819810 0.665920 -0.042716
v -0.840787 0.604744 0.000000
v -0.834132 0.677553 0.043463
v -0.899235 0.000000 -0.450635
v -0.909111 0.060628 -0.431845
v -0.963307 0.060833 -0.307148
v -0.979437 0.063429 -0.386226
v -0.955189 0.000000 -0.327934
v -0.948228 0.126037 -0.425318
v -0.931948 0.184753 -0.393436
v -1.047872 0.063471 -0.041292
v -1.071294 0.065204 -0.113572
v -1.051523 0.000000 -0.069408
v -0.990576 0.184935 -0.188232
v -1.027602 0.126496 -0.151432
v -0.995990 0.184032 -0.119725
v -1.033096 0.000000 -0.207234
v -1.062805 0.065254 -0.185216
v -0.980155 0.061069 -0.238841
v -0.923779 0.370853 -0.311220
v -0.906333 0.427457 -0.278088
v -0.917981 0.244638 -0.361297
v -0.909687 0.302864 -0.332881
v -0.955874 0.304727 -0.198244
v -0.933013 0.303737 -0.265474
v -0.977253 0.249514 -0.231131
v -0.992591 0.125609 -0.289165
v -0.981805 0.187261 -0.258952
v -0.959134 0.186584 -0.327303
v -0.909266 0.060638 0.431919
v -0.861070 0.000000 0.431509
v -0.925648 0.183504 0.390776
v -0.886258 0.117800 0.397522
v -0.921478 0.000000 0.316360
v -0.924221 0.059853 0.364452
v -0.953300 0.060201 0.303958
v -0.970495 0.457718 0.297774
v -0.935228 0.375449 0.315077
v -0.971811 0.248125 0.229844
v -0.973926 0.317056 0.277115
v -0.996501 0.317678 0.206670
v -0.953957 0.317602 0.349081
v -0.951004 0.253438 0.374294
v -1.038492 0.000000 0.068548
v -1.047555 0.063759 0.111056
v -1.038276 0.062890 0.040914
v -1.019309 0.063509 0.248382
v -1.050901 0.064523 0.183141
v -1.027878 0.000000 0.206187
v -1.031199 0.190538 0.123957
v -1.023327 0.125969 0.150802
v -1.006222 0.187856 0.191205
v -0.902094 0.175488 0.307838
v -0.956441 0.182423 0.252263
v -0.936888 0.118560 0.272938
v -0.929295 0.439752 -0.201995
v -0.928481 0.298552 -0.116121
v -0.944215 0.372118 -0.160012
v -0.953103 0.451965 -0.123619
v -0.946247 0.449191 -0.042066
v -1.037103 0.126421 0.000000
v -0.994730 0.248752 0.080373
v -0.987058 0.182805 0.039616
v -0.964440 0.178616 -0.038708
v -0.953734 0.238500 -0.077061
v -0.966710 0.457456 0.210128
v -0.961772 0.456561 0.042756
v -0.954011 0.452395 0.123737
v -1.005906 0.396430 0.170467
v -0.977958 0.314461 0.122309
v -0.937957 0.301142 -0.039182
v -0.933444 0.299693 0.038994
v -0.938773 0.371763 0.000000
v 0.568099 0.770360 0.104408
v 0.594261 0.769958 0.040208
v 0.495495 0.738292 0.222027
v 0.534323 0.759057 0.165927
v 0.681674 0.699870 0.119839
v 0.621365 0.746726 0.146641
v 0.635920 0.679811 0.178884
v 0.436889 0.811769 0.528106
v 0.451470 0.789250 0.441908
v 0.569817 0.687289 0.379260
v 0.515338 0.740826 0.412113
v 0.551845 0.693080 0.450892
v 0.464270 0.767068 0.362085
v 0.496722 0.778719 0.301787
v 0.815927 0.521207 0.270697
v 0.780430 0.582090 0.308732
v 0.800974 0.526506 0.342525
v 0.693534 0.657035 0.224879
v 0.751278 0.632870 0.271274
v 0.750246 0.611701 0.195651
v 0.735481 0.662763 0.431168
v 0.762111 0.663716 0.357816
v 0.675362 0.687870 0.375617
v 0.556328 0.729576 0.272465
v 0.593383 0.685551 0.311895
v 0.615196 0.682800 0.244727
v 0.076037 0.529689 0.946919
v 0.119937 0.562330 0.887161
v 0.261890 0.503613 0.873027
v 0.195666 0.542934 0.897346
v 0.222388 0.472460 0.935589
v 0.165134 0.602941 0.843007
v 0.208153 0.637618 0.793027
v 0.491860 0.350620 0.757949
v 0.465854 0.410102 0.834103
v 0.453523 0.317660 0.807982
v 0.412971 0.534641 0.750255
v 0.447657 0.482355 0.806738
v 0.476594 0.502618 0.734424
v 0.353861 0.402461 0.893753
v 0.399860 0.441789 0.849219
v 0.335151 0.475333 0.866977
v 0.333686 0.726835 0.630716
v 0.369474 0.744485 0.569354
v 0.241768 0.642484 0.708150
v 0.291850 0.696464 0.682581
v 0.430711 0.633076 0.663720
v 0.363524 0.667171 0.675994
v 0.395788 0.613196 0.726626
v 0.301754 0.530905 0.810026
v 0.352266 0.577487 0.776227
v 0.284253 0.615719 0.795068
v 0.879794 0.060875 0.493374
v 0.829925 0.096680 0.527369
v 0.828441 0.037184 0.550955
v 0.832012 0.215063 0.481156
v 0.842148 0.158230 0.510814
v 0.870425 0.178280 0.440654
v 0.760665 0.111952 0.638407
v 0.783534 0.132254 0.561809
v 0.772385 0.174693 0.622577
v 0.787964 0.440609 0.365418
v 0.806677 0.388217 0.397611
v 0.818635 0.395943 0.322655
v 0.769607 0.365027 0.549806
v 0.781059 0.373458 0.468171
v 0.752043 0.420523 0.515967
v 0.879021 0.299888 0.396819
v 0.800093 0.324619 0.417275
v 0.801433 0.266959 0.440499
v 0.520090 0.232171 0.701560
v 0.588462 0.268267 0.679841
v 0.527529 0.294980 0.691523
v 0.691316 0.203374 0.628784
v 0.649018 0.239115 0.663877
v 0.609611 0.167592 0.644261
v 0.678894 0.379620 0.649173
v 0.674219 0.312418 0.667087
v 0.725119 0.340335 0.613458
v 0.801153 0.257166 0.526406
v 0.744681 0.291204 0.555406
v 0.790814 0.243624 0.613959
v 0.463047 0.743305 0.571411
v 0.519755 0.618371 0.660452
v 0.493939 0.683473 0.619566
v 0.544855 0.715732 0.553947
v 0.611532 0.670669 0.523395
v 0.544423 0.380152 0.709972
v 0.662081 0.448966 0.621449
v 0.603470 0.414559 0.667385
v 0.537265 0.455351 0.695917
v 0.532995 0.536608 0.684682
v 0.786957 0.519985 0.422430
v 0.693990 0.637094 0.502630
v 0.766551 0.597263 0.477351
v 0.770649 0.512664 0.505513
v 0.729377 0.489250 0.573070
v 0.604162 0.588381 0.646514
v 0.663551 0.534311 0.605399
v 0.670767 0.633504 0.593487
v -0.073913 0.452517 0.955018
v 0.000000 0.484678 0.969593
v -0.214433 0.392493 0.932045
v -0.145742 0.422728 0.944814
v 0.000000 0.359182 1.048829
v -0.075821 0.396827 1.008844
v -0.073228 0.317790 0.999181
v -0.452739 0.253160 0.827158
v -0.402851 0.290581 0.864681
v -0.265921 0.211725 0.897447
v -0.341781 0.256762 0.904656
v -0.331814 0.185541 0.896869
v -0.344795 0.325733 0.892384
v -0.278789 0.353895 0.901428
v 0.000000 0.063503 0.964481
v -0.065738 0.098417 0.930668
v -0.065346 0.036540 0.929596
v -0.070784 0.237948 0.978936
v -0.068736 0.167693 0.964668
v 0.000000 0.190655 0.952829
v -0.182736 0.102181 0.852177
v -0.124777 0.128391 0.873435
v -0.192764 0.168639 0.889693
v -0.209510 0.315891 0.928015
v -0.205280 0.243993 0.927406
v -0.139656 0.276338 0.950937
v -0.816242 -0.036637 0.542843
v -0.800016 0.000000 0.598423
v -0.736562 -0.075737 0.693228
v -0.802163 -0.039361 0.673740
v -0.755324 -0.111166 0.633924
v -0.831240 0.040788 0.698161
v -0.772614 0.079444 0.727159
v -0.534503 -0.220838 0.823660
v -0.586900 -0.185565 0.793609
v -0.594287 -0.265293 0.801645
v -0.616072 -0.039467 0.834996
v -0.610712 -0.115202 0.827087
v -0.537894 -0.072854 0.828887
v -0.675045 -0.185581 0.713415
v -0.625695 -0.146814 0.747315
v -0.675297 -0.111711 0.716924
v -0.600402 0.189834 0.811866
v -0.501765 0.207312 0.773212
v -0.739042 0.122256 0.784599
v -0.673107 0.157939 0.803943
v -0.559868 0.075830 0.862747
v -0.631129 0.119053 0.854737
v -0.612686 0.039250 0.830406
v -0.710840 -0.039193 0.754064
v -0.660510 0.000000 0.791296
v -0.746720 0.041171 0.792126
v 0.000000 -0.470878 0.941985
v -0.071419 -0.437248 0.922793
v -0.071713 -0.499569 0.893073
v -0.071026 -0.308236 0.969142
v -0.070802 -0.370559 0.942062
v 0.000000 -0.342356 0.999696
v -0.213811 -0.454239 0.899507
v -0.145505 -0.422039 0.943275
v -0.222425 -0.407120 0.966780
v -0.069996 -0.039140 0.995740
v -0.069202 -0.103605 0.979722
v 0.000000 -0.065648 0.997056
v -0.211478 -0.185011 0.976066
v -0.133791 -0.137665 0.936526
v -0.207841 -0.116219 0.969252
v 0.000000 -0.206034 1.029688
v -0.071065 -0.173375 0.997351
v -0.071747 -0.241186 0.992259
v -0.471516 -0.330263 0.840038
v -0.412842 -0.297788 0.886125
v -0.485907 -0.271707 0.887756
v -0.295155 -0.374670 0.954345
v -0.343708 -0.324706 0.889570
v -0.350655 -0.398815 0.885657
v -0.339846 -0.190033 0.918580
v -0.350763 -0.263509 0.928429
v -0.274828 -0.218818 0.927510
v -0.140307 -0.277627 0.955374
v -0.212761 -0.252885 0.961203
v -0.210563 -0.317480 0.932681
v -0.444619 0.175541 0.809616
v -0.485261 0.039060 0.880833
v -0.480523 0.112968 0.873161
v -0.402764 0.148861 0.880616
v -0.330744 0.110571 0.886319
v -0.477481 -0.188516 0.869457
v -0.329700 -0.110222 0.883522
v -0.417453 -0.154290 0.912732
v -0.468383 -0.110114 0.851102
v -0.468388 -0.037702 0.850206
v -0.127421 0.000000 0.900714
v -0.255098 0.070845 0.879004
v -0.181095 0.033732 0.842573
v -0.201643 -0.037560 0.938173
v -0.268310 -0.074514 0.924527
v -0.404573 0.000000 0.880313
v -0.327363 -0.036611 0.878591
v -0.321717 0.035979 0.863437
v -0.893885 -0.059613 0.424612
v -0.843225 -0.058345 0.472867
v -0.885888 -0.055944 0.282463
v -0.889826 -0.057625 0.350889
v -0.891202 -0.182535 0.451173
v -0.868368 -0.115422 0.389498
v -0.924022 -0.183182 0.390090
v -1.077391 -0.065259 0.042455
v -1.054563 -0.064185 0.111799
v -0.958655 -0.178975 0.182166
v -0.998215 -0.122878 0.147101
v -0.991681 -0.183236 0.119206
v -1.008817 -0.061939 0.175807
v -0.936271 -0.058335 0.228147
v -0.836775 -0.404717 0.329805
v -0.880346 -0.353417 0.296587
v -0.889708 -0.419616 0.272987
v -0.881432 -0.234898 0.346912
v -0.877180 -0.292041 0.320986
v -0.888843 -0.303239 0.401253
v -0.965997 -0.307954 0.200343
v -0.934890 -0.304348 0.266008
v -0.946507 -0.241664 0.223859
v -0.917509 -0.116108 0.267292
v -0.951612 -0.181502 0.250989
v -0.922966 -0.179548 0.314960
v -0.900483 -0.062307 -0.504976
v -0.939428 -0.062650 -0.446246
v -0.973442 -0.192979 -0.410953
v -0.932179 -0.123904 -0.418120
v -0.935596 -0.191628 -0.473648
v -0.955489 -0.061878 -0.376782
v -0.952105 -0.060126 -0.303577
v -0.930949 -0.439067 -0.285640
v -0.932454 -0.374336 -0.314142
v -0.914752 -0.442432 -0.360538
v -1.029040 -0.262737 -0.243379
v -1.011745 -0.329368 -0.287876
v -1.040744 -0.331783 -0.215845
v -0.970632 -0.331142 -0.438175
v -0.999253 -0.332683 -0.365656
v -0.973490 -0.259431 -0.383144
v -1.062618 -0.064676 -0.112652
v -1.109547 -0.067207 -0.043722
v -1.001375 -0.062391 -0.244012
v -1.051671 -0.064570 -0.183275
v -1.095295 -0.202381 -0.131662
v -1.063552 -0.130921 -0.156729
v -1.021780 -0.190760 -0.194161
v -0.988276 -0.192253 -0.337247
v -0.986547 -0.188165 -0.260203
v -0.955434 -0.120908 -0.278341
v -0.590727 -0.765379 0.039968
v -0.659671 -0.759911 0.000000
v -0.602140 -0.780167 -0.040741
v -0.735346 -0.673240 0.080539
v -0.674479 -0.691965 0.039503
v -0.680864 -0.699039 0.119697
v -0.723082 -0.742384 -0.127119
v -0.696611 -0.714671 -0.040799
v -0.758509 -0.694446 -0.083076
v -0.866971 -0.484787 0.233033
v -0.825275 -0.525897 0.193453
v -0.805614 -0.514619 0.267275
v -0.860606 -0.547138 0.040780
v -0.858753 -0.546385 0.119912
v -0.918886 -0.513817 0.080966
v -0.774468 -0.631450 0.201968
v -0.808084 -0.582989 0.159150
v -0.765272 -0.621130 0.119543
v -0.812819 -0.519222 -0.269665
v -0.812489 -0.517750 -0.190456
v -0.904507 -0.505777 -0.243123
v -0.765557 -0.621362 -0.119588
v -0.776839 -0.560447 -0.152997
v -0.744013 -0.606619 -0.194026
v -0.897332 -0.501765 -0.079067
v -0.832541 -0.529708 -0.116252
v -0.853191 -0.542424 -0.040428
v -0.784687 -0.637390 0.040886
v -0.810807 -0.583181 0.000000
v -0.777275 -0.631369 -0.040500
v -1.061027 -0.129338 0.000000
v -1.072790 -0.268273 -0.086680
v -1.079177 -0.199865 -0.043313
v -1.025982 -0.190014 0.041178
v -0.970203 -0.242619 0.078392
v -0.949054 -0.449101 -0.206290
v -0.939408 -0.445944 -0.041762
v -0.954439 -0.452598 -0.123793
v -1.008688 -0.397527 -0.170938
v -1.059023 -0.340528 -0.132447
v -0.908226 -0.429781 0.197415
v -0.950405 -0.305602 0.118863
v -0.928590 -0.365960 0.157364
v -0.941738 -0.446575 0.122145
v -0.935951 -0.444304 0.041608
v -1.044078 -0.335213 -0.043615
v -0.977606 -0.387141 0.000000
v -0.980967 -0.314950 0.040979
v -0.831474 0.000000 -0.621954
v -0.850087 -0.038156 -0.565352
v -0.742275 0.076324 -0.698605
v -0.804831 0.039492 -0.675981
v -0.812522 -0.119584 -0.681929
v -0.803689 -0.039436 -0.675021
v -0.774222 -0.079609 -0.728672
v -0.554316 0.229024 -0.854192
v -0.637461 0.201551 -0.861977
v -0.660807 0.042333 -0.895628
v -0.621340 0.117207 -0.841480
v -0.589371 0.079826 -0.908211
v -0.684705 0.160661 -0.817796
v -0.710169 0.117480 -0.753946
v -0.583612 -0.260528 -0.787246
v -0.619387 -0.195836 -0.837538
v -0.529066 -0.218592 -0.815283
v -0.753310 -0.124616 -0.799746
v -0.709322 -0.166437 -0.847197
v -0.728197 -0.200194 -0.769588
v -0.566536 -0.076733 -0.873023
v -0.636477 -0.120062 -0.861981
v -0.648243 -0.041528 -0.878598
v -0.730358 0.040269 -0.774769
v -0.704020 0.000000 -0.843421
v -0.721510 -0.039781 -0.765383
v 0.000000 0.428629 -0.857466
v -0.067763 0.414863 -0.875550
v -0.068963 0.299285 -0.940998
v -0.071827 0.375927 -0.955711
v 0.000000 0.312945 -0.913815
v -0.135428 0.392810 -0.877946
v -0.207219 0.379288 -0.900686
v -0.076733 0.042907 -1.091579
v -0.074823 0.112019 -1.059291
v 0.000000 0.068892 -1.046329
v -0.210569 0.184216 -0.971871
v -0.147775 0.152055 -1.034417
v -0.221877 0.124068 -1.034709
v 0.000000 0.198405 -0.991564
v -0.070854 0.172858 -0.994383
v -0.068837 0.231402 -0.952008
v -0.420164 0.303069 -0.901842
v -0.477240 0.266860 -0.871921
v -0.268227 0.340487 -0.867276
v -0.333686 0.315238 -0.863631
v -0.366664 0.205029 -0.991067
v -0.357637 0.268673 -0.946623
v -0.294187 0.234231 -0.992843
v -0.137669 0.272407 -0.937409
v -0.213823 0.254147 -0.966001
v -0.205824 0.310333 -0.911686
v -0.065435 -0.455835 -0.814892
v -0.065732 -0.402429 -0.849308
v 0.000000 -0.415306 -0.830814
v -0.188478 -0.344985 -0.819229
v -0.125194 -0.363125 -0.811600
v -0.187838 -0.399060 -0.790238
v 0.000000 -0.301609 -0.880713
v -0.064973 -0.340053 -0.864508
v -0.065077 -0.282420 -0.887973
v -0.447360 -0.250152 -0.817329
v -0.398761 -0.287631 -0.855901
v -0.432230 -0.302746 -0.770048
v -0.278182 -0.221488 -0.938830
v -0.337956 -0.253889 -0.894532
v -0.332384 -0.185860 -0.898410
v -0.319608 -0.363504 -0.807240
v -0.315614 -0.298165 -0.816858
v -0.253435 -0.321711 -0.819449
v 0.000000 -0.065844 -1.000022
v -0.072678 -0.108807 -1.028920
v -0.072417 -0.040494 -1.030193
v -0.069046 -0.232105 -0.954898
v -0.070111 -0.171047 -0.983959
v 0.000000 -0.190488 -0.951993
v -0.203871 -0.113999 -0.950737
v -0.142040 -0.146154 -0.994274
v -0.207257 -0.181319 -0.956588
v -0.190199 -0.286775 -0.842476
v -0.196811 -0.233927 -0.889146
v -0.131513 -0.260226 -0.895492
v -0.504877 0.199332 -0.919342
v -0.381430 0.127515 -1.022145
v -0.436236 0.161233 -0.953800
v -0.509890 0.119872 -0.926524
v -0.524490 0.042218 -0.952042
v -0.152451 0.000000 -1.077651
v -0.282976 -0.078587 -0.975062
v -0.216814 -0.040386 -1.008760
v -0.223094 0.041556 -1.037979
v -0.315744 0.087687 -1.087973
v -0.483875 -0.191040 -0.881099
v -0.516063 -0.041539 -0.936745
v -0.494893 -0.116346 -0.899272
v -0.402575 -0.148791 -0.880201
v -0.340066 -0.113687 -0.911299
v -0.377056 0.042168 -1.011959
v -0.358434 -0.040085 -0.961979
v -0.439844 0.000000 -0.957058
v 0.107998 0.506352 -0.798848
v 0.066926 0.466220 -0.833456
v 0.194235 0.594982 -0.740000
v 0.150942 0.551122 -0.770556
v 0.207569 0.440977 -0.873245
v 0.181853 0.504605 -0.833997
v 0.253397 0.487281 -0.844716
v 0.360577 0.726558 -0.555644
v 0.320970 0.699137 -0.606681
v 0.389512 0.603472 -0.715103
v 0.358062 0.657146 -0.665837
v 0.411361 0.604634 -0.633901
v 0.284054 0.677858 -0.664347
v 0.237329 0.630689 -0.695149
v 0.427102 0.299154 -0.760911
v 0.444525 0.391326 -0.795914
v 0.486031 0.346465 -0.748967
v 0.325160 0.461163 -0.841132
v 0.394322 0.435669 -0.837456
v 0.337321 0.383649 -0.851978
v 0.482740 0.509100 -0.743895
v 0.433687 0.467302 -0.781563
v 0.419842 0.543536 -0.762737
v 0.273018 0.591383 -0.763643
v 0.354703 0.581482 -0.781598
v 0.303427 0.533850 -0.814518
v 0.569563 0.737959 -0.038537
v 0.545354 0.739516 -0.100227
v 0.606144 0.647980 -0.170508
v 0.558000 0.670576 -0.131687
v 0.632732 0.649622 -0.111235
v 0.494545 0.702549 -0.153575
v 0.500709 0.746061 -0.224364
v 0.771892 0.507389 -0.330088
v 0.759495 0.566475 -0.300450
v 0.821180 0.524562 -0.272439
v 0.612301 0.623640 -0.340544
v 0.687054 0.598349 -0.322576
v 0.638957 0.575782 -0.374582
v 0.745010 0.607432 -0.194286
v 0.702947 0.592156 -0.253822
v 0.670260 0.634986 -0.217332
v 0.447475 0.782265 -0.437997
v 0.415478 0.771986 -0.502225
v 0.502152 0.787232 -0.305086
v 0.469676 0.775999 -0.366300
v 0.548363 0.688707 -0.448047
v 0.494693 0.711147 -0.395603
v 0.560000 0.675449 -0.372726
v 0.574562 0.637701 -0.228563
v 0.569644 0.658125 -0.299418
v 0.556076 0.729246 -0.272342
v 0.841271 0.037760 -0.559489
v 0.844201 0.098343 -0.536440
v 0.874499 0.060509 -0.490405
v 0.716719 0.162103 -0.577708
v 0.766914 0.129449 -0.549892
v 0.765478 0.112661 -0.642446
v 0.852047 0.174516 -0.431351
v 0.823827 0.154788 -0.499701
v 0.821494 0.212344 -0.475073
v 0.523202 0.292561 -0.685851
v 0.585035 0.266705 -0.675882
v 0.557250 0.248760 -0.751686
v 0.675080 0.316849 -0.571125
v 0.602837 0.279341 -0.596460
v 0.637406 0.356421 -0.609501
v 0.622174 0.171046 -0.657539
v 0.615356 0.226714 -0.629445
v 0.658324 0.193668 -0.598775
v 0.842252 0.407366 -0.331963
v 0.795570 0.382872 -0.392137
v 0.754519 0.421907 -0.349908
v 0.820905 0.273445 -0.451201
v 0.796940 0.323340 -0.415631
v 0.823583 0.280975 -0.371793
v 0.690954 0.386363 -0.474054
v 0.762044 0.364366 -0.456774
v 0.709695 0.336610 -0.507005
v 0.715847 0.220529 -0.555758
v 0.689553 0.269646 -0.514290
v 0.762945 0.244902 -0.501301
v 0.447132 0.717758 -0.551772
v 0.576563 0.632319 -0.493466
v 0.521492 0.685041 -0.530194
v 0.464343 0.642520 -0.582442
v 0.483292 0.574990 -0.614119
v 0.696105 0.459955 -0.373661
v 0.652357 0.437587 -0.512555
v 0.676592 0.450094 -0.443816
v 0.674488 0.525531 -0.420021
v 0.620801 0.569905 -0.449622
v 0.530792 0.370634 -0.692197
v 0.515084 0.518576 -0.661674
v 0.506891 0.429608 -0.656574
v 0.565057 0.388171 -0.624904
v 0.616105 0.417790 -0.578296
v 0.582821 0.550443 -0.515673
v 0.608233 0.489768 -0.554929
v 0.542103 0.527943 -0.580105
v 0.570945 -0.739749 0.038630
v 0.560094 -0.759504 0.102936
v 0.509516 -0.782902 0.063024
v 0.659691 -0.705223 0.185570
v 0.620718 -0.745949 0.146488
v 0.690424 -0.708854 0.121378
v 0.447225 -0.761210 0.181392
v 0.531721 -0.755360 0.165119
v 0.501816 -0.747710 0.224859
v 0.820189 -0.539136 0.350741
v 0.762118 -0.568432 0.301488
v 0.852005 -0.544253 0.282666
v 0.591450 -0.602403 0.328947
v 0.678027 -0.590488 0.318338
v 0.653633 -0.589008 0.383186
v 0.785115 -0.640131 0.204745
v 0.733144 -0.617593 0.264726
v 0.690885 -0.654525 0.224020
v 0.360543 -0.788231 0.443546
v 0.426850 -0.746209 0.417809
v 0.430048 -0.799058 0.519837
v 0.445695 -0.698724 0.270785
v 0.439553 -0.726230 0.342807
v 0.385457 -0.735746 0.292032
v 0.548258 -0.688575 0.447961
v 0.485170 -0.697458 0.387988
v 0.550504 -0.663995 0.366406
v 0.609782 -0.676790 0.242573
v 0.566451 -0.654436 0.297739
v 0.530543 -0.695761 0.259837
v 0.866158 -0.038877 0.576039
v 0.852715 -0.099334 0.541850
v 0.916335 -0.063403 0.513866
v 0.736434 -0.166561 0.593599
v 0.825684 -0.139369 0.592031
v 0.708819 -0.104322 0.594894
v 0.860116 -0.176168 0.435436
v 0.813138 -0.152779 0.493218
v 0.785991 -0.203167 0.454542
v 0.565462 -0.316191 0.741248
v 0.615022 -0.280376 0.710526
v 0.554264 -0.247427 0.747658
v 0.652633 -0.306313 0.552134
v 0.628830 -0.291386 0.622178
v 0.603764 -0.337609 0.577331
v 0.641395 -0.176331 0.677853
v 0.630219 -0.232190 0.644648
v 0.696754 -0.204974 0.633730
v 0.890655 -0.430777 0.351041
v 0.836155 -0.402404 0.412142
v 0.847779 -0.474056 0.393157
v 0.783859 -0.261105 0.430839
v 0.806539 -0.327235 0.420637
v 0.817568 -0.278923 0.369077
v 0.706352 -0.394974 0.484619
v 0.791563 -0.378480 0.474467
v 0.691969 -0.328203 0.494342
v 0.733837 -0.226071 0.569724
v 0.733466 -0.286818 0.547042
v 0.733543 -0.235464 0.481982
v 0.043580 -0.555015 0.836636
v 0.111187 -0.521305 0.822438
v 0.071186 -0.495893 0.886503
v 0.208179 -0.637697 0.793126
v 0.157371 -0.574594 0.803374
v 0.136100 -0.667086 0.796828
v 0.214060 -0.454768 0.900554
v 0.184469 -0.511866 0.845997
v 0.256873 -0.493965 0.856302
v 0.384020 -0.773794 0.591768
v 0.348047 -0.758115 0.657860
v 0.298013 -0.774016 0.575242
v 0.404565 -0.626794 0.742739
v 0.377858 -0.693478 0.702650
v 0.462224 -0.679395 0.712281
v 0.227520 -0.751772 0.713121
v 0.299963 -0.715824 0.701555
v 0.259236 -0.688904 0.759314
v 0.471115 -0.329982 0.839323
v 0.460135 -0.405067 0.823863
v 0.504730 -0.359794 0.777782
v 0.327738 -0.464819 0.847801
v 0.399555 -0.441451 0.848571
v 0.353973 -0.402589 0.894037
v 0.453615 -0.478385 0.699014
v 0.425055 -0.458001 0.766006
v 0.431948 -0.559210 0.784731
v 0.284264 -0.615742 0.795098
v 0.363779 -0.596360 0.801596
v 0.305224 -0.537011 0.819342
v 0.797780 -0.527137 0.428239
v 0.674454 -0.452409 0.529917
v 0.718442 -0.477934 0.471268
v 0.685505 -0.534115 0.426882
v 0.611725 -0.561573 0.443048
v 0.538506 -0.376020 0.702256
v 0.526813 -0.530385 0.676741
v 0.520059 -0.440768 0.673630
v 0.584719 -0.401678 0.646648
v 0.604341 -0.409812 0.567253
v 0.471127 -0.756275 0.581382
v 0.557574 -0.611494 0.477214
v 0.536044 -0.704157 0.544989
v 0.497745 -0.688739 0.624340
v 0.529826 -0.630352 0.673249
v 0.595287 -0.479343 0.543117
v 0.550497 -0.536118 0.589088
v 0.578541 -0.546402 0.511887
v 0.443449 -0.804411 0.062413
v 0.456429 -0.784815 0.000000
v 0.375809 -0.767062 0.176918
v 0.412124 -0.791720 0.122433
v 0.348576 -0.874873 0.000000
v 0.388992 -0.850004 0.064043
v 0.303646 -0.820595 0.060290
v 0.285895 -0.802893 0.440560
v 0.317268 -0.811470 0.379008
v 0.229212 -0.835088 0.248063
v 0.265152 -0.802981 0.304129
v 0.199811 -0.830168 0.307906
v 0.324945 -0.765169 0.296384
v 0.342424 -0.749685 0.232440
v 0.076606 -1.000043 0.000000
v 0.111063 -0.902719 0.063923
v 0.042803 -0.935957 0.065958
v 0.238695 -0.844062 0.061185
v 0.180160 -0.890800 0.063632
v 0.208401 -0.895210 0.000000
v 0.120687 -0.865124 0.185977
v 0.150724 -0.881324 0.126220
v 0.180930 -0.820444 0.178206
v 0.307443 -0.776318 0.175702
v 0.241708 -0.789662 0.175229
v 0.269482 -0.797074 0.117353
v -0.042793 -0.544992 0.821528
v 0.000000 -0.588297 0.788450
v -0.085016 -0.668851 0.712443
v -0.042379 -0.623499 0.744206
v -0.121302 -0.594553 0.710188
v 0.044837 -0.659658 0.787365
v 0.089450 -0.703731 0.749596
v -0.249305 -0.799214 0.519938
v -0.218803 -0.804306 0.596302
v -0.298003 -0.773990 0.575223
v -0.045249 -0.822843 0.608627
v -0.128977 -0.795905 0.589161
v -0.086483 -0.845735 0.550203
v -0.212639 -0.702602 0.666479
v -0.177202 -0.775285 0.650739
v -0.131466 -0.725184 0.684789
v 0.226018 -0.830830 0.615966
v 0.253826 -0.813708 0.529368
v 0.135803 -0.749108 0.707381
v 0.182793 -0.799747 0.671271
v 0.083573 -0.817277 0.531689
v 0.132188 -0.815720 0.603828
v 0.044621 -0.811413 0.600173
v -0.044165 -0.730375 0.690234
v 0.000000 -0.793099 0.663674
v 0.044566 -0.736991 0.696487
v -0.461548 -0.793617 0.000000
v -0.459360 -0.833272 0.064652
v -0.503614 -0.773834 0.062294
v -0.327821 -0.885929 0.065090
v -0.400898 -0.876020 0.066003
v -0.334918 -0.840595 0.000000
v -0.452245 -0.769753 0.183428
v -0.410690 -0.788965 0.122007
v -0.386381 -0.788639 0.181895
v -0.043654 -0.954576 0.067270
v -0.112754 -0.916464 0.064896
v -0.074603 -0.973893 0.000000
v -0.203717 -0.923777 0.200650
v -0.159575 -0.933076 0.133632
v -0.133406 -0.956293 0.205576
v -0.214430 -0.921107 0.000000
v -0.183109 -0.905379 0.064674
v -0.255766 -0.904428 0.065561
v -0.329775 -0.720966 0.405695
v -0.303823 -0.777083 0.362947
v -0.286992 -0.805974 0.442250
v -0.375487 -0.822071 0.254883
v -0.342907 -0.807465 0.312767
v -0.381184 -0.727589 0.288794
v -0.220997 -0.918189 0.340553
v -0.277910 -0.841617 0.318762
v -0.239454 -0.872401 0.259147
v -0.296163 -0.875992 0.128972
v -0.263313 -0.860244 0.190891
v -0.334685 -0.845105 0.191270
v 0.214555 -0.850545 0.468266
v 0.044597 -0.864420 0.477412
v 0.130579 -0.867504 0.478606
v 0.167901 -0.853720 0.391442
v 0.131290 -0.904561 0.338397
v -0.211317 -0.837708 0.461199
v -0.140227 -0.966140 0.361434
v -0.171945 -0.874281 0.400869
v -0.138113 -0.917557 0.506221
v -0.045351 -0.879038 0.485485
v 0.000000 -0.945258 0.134057
v 0.087232 -0.930281 0.270656
v 0.043779 -0.939898 0.202520
v -0.044945 -0.964932 0.207914
v -0.093040 -0.992218 0.288676
v 0.000000 -0.897215 0.413374
v -0.047104 -0.971617 0.362932
v 0.045615 -0.940908 0.351461
v 0.421643 -0.764854 -0.059344
v 0.500721 -0.769389 -0.061936
v 0.328097 -0.886673 -0.065145
v 0.375854 -0.821295 -0.061880
v 0.457672 -0.778990 -0.185629
v 0.428884 -0.823916 -0.127412
v 0.398246 -0.812858 -0.187481
v 0.044821 -0.980087 -0.069068
v 0.121814 -0.990101 -0.070111
v 0.208990 -0.947686 -0.205843
v 0.168933 -0.987800 -0.141469
v 0.133324 -0.955711 -0.205451
v 0.193900 -0.958736 -0.068485
v 0.260861 -0.922446 -0.066867
v 0.359737 -0.786470 -0.442555
v 0.328965 -0.841387 -0.392981
v 0.292481 -0.821390 -0.450709
v 0.369837 -0.809702 -0.251048
v 0.351359 -0.827369 -0.320476
v 0.422057 -0.805605 -0.319760
v 0.210440 -0.874328 -0.324285
v 0.282522 -0.855583 -0.324051
v 0.253620 -0.924012 -0.274478
v 0.295600 -0.874324 -0.128726
v 0.266634 -0.871097 -0.193299
v 0.334277 -0.844077 -0.191038
v -0.502924 -0.772773 -0.062209
v -0.425861 -0.772506 -0.059938
v -0.394546 -0.805305 -0.185739
v -0.413103 -0.793600 -0.122724
v -0.459156 -0.781517 -0.186231
v -0.376209 -0.822071 -0.061938
v -0.312854 -0.845480 -0.062118
v -0.283238 -0.795432 -0.436466
v -0.307169 -0.785640 -0.366944
v -0.351541 -0.768552 -0.432472
v -0.241599 -0.880215 -0.261468
v -0.279364 -0.846022 -0.320430
v -0.207972 -0.864076 -0.320482
v -0.400478 -0.764417 -0.303412
v -0.336299 -0.791906 -0.306740
v -0.355904 -0.779197 -0.241590
v -0.114922 -0.934082 -0.066144
v -0.044784 -0.979289 -0.069012
v -0.251966 -0.890992 -0.064587
v -0.181816 -0.898984 -0.064217
v -0.133441 -0.956548 -0.205631
v -0.167046 -0.976764 -0.139889
v -0.212180 -0.962154 -0.208986
v -0.336172 -0.848862 -0.192121
v -0.274552 -0.896961 -0.199039
v -0.295485 -0.873986 -0.128676
v 0.042498 -0.541234 -0.815862
v 0.000000 -0.601313 -0.805894
v -0.042978 -0.547341 -0.825069
v 0.088418 -0.695614 -0.740949
v 0.044658 -0.657021 -0.784218
v 0.133277 -0.653249 -0.780300
v -0.131780 -0.645908 -0.771531
v -0.046416 -0.682895 -0.815101
v -0.090506 -0.712041 -0.758447
v 0.255466 -0.818964 -0.532787
v 0.212510 -0.781175 -0.579152
v 0.288414 -0.749085 -0.556714
v 0.042854 -0.779293 -0.576415
v 0.126345 -0.779665 -0.577139
v 0.081706 -0.799011 -0.519806
v 0.205745 -0.679823 -0.644872
v 0.168283 -0.736264 -0.617987
v 0.131064 -0.722966 -0.682695
v -0.298423 -0.775078 -0.576032
v -0.206181 -0.757908 -0.561903
v -0.244400 -0.783490 -0.509709
v -0.133148 -0.734464 -0.693552
v -0.176384 -0.771706 -0.647735
v -0.225673 -0.745667 -0.707331
v -0.081099 -0.793078 -0.515947
v -0.123396 -0.761467 -0.563668
v -0.041957 -0.762976 -0.564346
v 0.044408 -0.734386 -0.694025
v 0.000000 -0.763144 -0.638608
v -0.045612 -0.754290 -0.712836
v 0.000000 -0.991411 -0.140603
v -0.086456 -0.922005 -0.268248
v -0.043551 -0.935020 -0.201469
v 0.044457 -0.954469 -0.205660
v 0.088614 -0.945023 -0.274945
v -0.202064 -0.801028 -0.441005
v -0.042614 -0.825989 -0.456187
v -0.124048 -0.824115 -0.454668
v -0.164845 -0.838181 -0.384317
v -0.127856 -0.880902 -0.329546
v 0.211440 -0.838196 -0.461467
v 0.130548 -0.899452 -0.336486
v 0.169751 -0.863125 -0.395754
v 0.125223 -0.831919 -0.458974
v 0.040773 -0.790292 -0.436472
v -0.043986 -0.907303 -0.338909
v 0.000000 -0.827345 -0.381183
v 0.044152 -0.910725 -0.340187
v 0.570318 -0.773368 -0.104815
v 0.568642 -0.736765 -0.038474
v 0.511896 -0.762730 -0.229376
v 0.553272 -0.785976 -0.171811
v 0.672251 -0.690196 -0.118183
v 0.600136 -0.721214 -0.141631
v 0.657161 -0.702517 -0.184859
v 0.401923 -0.746800 -0.485840
v 0.442544 -0.773646 -0.433171
v 0.615477 -0.742363 -0.409651
v 0.542181 -0.779414 -0.433579
v 0.585791 -0.735714 -0.478627
v 0.480757 -0.794307 -0.374942
v 0.507209 -0.795160 -0.308159
v 0.775631 -0.495466 -0.257327
v 0.737994 -0.550438 -0.291944
v 0.765009 -0.502864 -0.327145
v 0.677462 -0.641808 -0.219667
v 0.698873 -0.588724 -0.252351
v 0.753106 -0.614032 -0.196397
v 0.703444 -0.633894 -0.412387
v 0.717169 -0.624576 -0.336715
v 0.678902 -0.691475 -0.377586
v 0.560649 -0.735243 -0.274582
v 0.636940 -0.735873 -0.334790
v 0.655064 -0.727049 -0.260586
v 0.065208 -0.454253 -0.812062
v 0.111064 -0.520729 -0.821530
v 0.235221 -0.452329 -0.784126
v 0.180536 -0.500952 -0.827959
v 0.192995 -0.410015 -0.811933
v 0.154538 -0.564253 -0.788915
v 0.197200 -0.604064 -0.751295
v 0.492970 -0.351411 -0.759659
v 0.423096 -0.372462 -0.757546
v 0.454160 -0.318106 -0.809117
v 0.393906 -0.509960 -0.715620
v 0.402141 -0.433311 -0.724712
v 0.442160 -0.466304 -0.681362
v 0.319610 -0.363506 -0.807244
v 0.370352 -0.409186 -0.786548
v 0.296127 -0.419988 -0.766031
v 0.325496 -0.708994 -0.615235
v 0.355836 -0.717003 -0.548337
v 0.243220 -0.646344 -0.712405
v 0.285451 -0.681192 -0.667614
v 0.412412 -0.606179 -0.635521
v 0.355335 -0.652141 -0.660766
v 0.368779 -0.571351 -0.677040
v 0.272431 -0.479315 -0.731312
v 0.322371 -0.528479 -0.710353
v 0.265636 -0.575392 -0.742994
v 0.858207 -0.059381 -0.481269
v 0.804271 -0.093691 -0.511068
v 0.806096 -0.036181 -0.536095
v 0.764985 -0.197737 -0.442394
v 0.779718 -0.146500 -0.472947
v 0.835757 -0.171179 -0.423104
v 0.702513 -0.103394 -0.589601
v 0.737123 -0.124420 -0.528531
v 0.725223 -0.164026 -0.584562
v 0.768999 -0.430004 -0.356623
v 0.799167 -0.384603 -0.393910
v 0.822482 -0.397804 -0.324171
v 0.756982 -0.359039 -0.540787
v 0.787721 -0.376643 -0.472165
v 0.743464 -0.415726 -0.510081
v 0.863971 -0.294754 -0.390025
v 0.840348 -0.340952 -0.438269
v 0.826838 -0.275422 -0.454462
v 0.579148 -0.258535 -0.781225
v 0.594265 -0.270913 -0.686545
v 0.553825 -0.309684 -0.725994
v 0.680373 -0.200154 -0.618830
v 0.637190 -0.234758 -0.651779
v 0.634702 -0.174491 -0.670779
v 0.647984 -0.362336 -0.619616
v 0.652543 -0.302374 -0.645640
v 0.707240 -0.331943 -0.598332
v 0.775186 -0.248831 -0.509344
v 0.758419 -0.296576 -0.565652
v 0.759028 -0.233832 -0.589282
v 0.443451 -0.711848 -0.547229
v 0.484773 -0.576751 -0.616000
v 0.474274 -0.656262 -0.594900
v 0.539176 -0.708272 -0.548173
v 0.618519 -0.678333 -0.529375
v 0.546358 -0.381503 -0.712496
v 0.657248 -0.445689 -0.616913
v 0.609227 -0.418514 -0.673752
v 0.561882 -0.476215 -0.727804
v 0.523138 -0.526685 -0.672021
v 0.724784 -0.478904 -0.389055
v 0.689602 -0.633065 -0.499452
v 0.725062 -0.564936 -0.451515
v 0.715568 -0.476022 -0.469382
v 0.684169 -0.458926 -0.537550
v 0.581998 -0.566796 -0.622797
v 0.640423 -0.515688 -0.584298
v 0.621882 -0.587335 -0.550234
v 0.637691 -0.734591 0.000000
v 0.726373 -0.665025 -0.079557
v 0.687466 -0.705289 -0.040264
v 0.725393 -0.744199 0.042485
v 0.763756 -0.699250 0.083651
v 0.788166 -0.440722 -0.211851
v 0.807322 -0.514457 -0.189244
v 0.914824 -0.581607 -0.043349
v 0.852577 -0.542456 -0.119050
v 0.935153 -0.522913 -0.082400
v 0.808016 -0.582940 -0.159137
v 0.751948 -0.610316 -0.117462
v 0.890879 -0.567703 0.208831
v 0.897341 -0.501770 0.241196
v 0.812153 -0.659181 0.126867
v 0.855051 -0.616873 0.168400
v 0.943727 -0.527707 0.083155
v 0.923194 -0.587386 0.128911
v 0.903685 -0.574526 0.042821
v 0.778680 -0.632511 -0.040573
v 0.853068 -0.613577 0.000000
v 0.829667 -0.673926 0.043230
v 0.880561 0.000000 -0.441276
v 0.860051 -0.057356 -0.408541
v 0.988592 -0.062430 -0.315210
v 0.910267 -0.058949 -0.358950
v 0.932387 0.000000 -0.320105
v 0.870120 -0.115655 -0.390284
v 0.905684 -0.179547 -0.382348
v 1.122767 -0.068008 -0.044243
v 1.128359 -0.068677 -0.119622
v 1.145657 0.000000 -0.075621
v 1.120498 -0.209190 -0.212920
v 1.150162 -0.141582 -0.169493
v 1.114983 -0.206019 -0.134028
v 1.077614 0.000000 -0.216164
v 1.108044 -0.068032 -0.193100
v 1.049760 -0.065406 -0.255802
v 0.829582 -0.333038 -0.279485
v 0.831386 -0.392110 -0.255092
v 0.909818 -0.242462 -0.358084
v 0.891453 -0.296793 -0.326209
v 0.982481 -0.313209 -0.203762
v 0.910892 -0.296535 -0.259180
v 1.024216 -0.261505 -0.242238
v 1.015631 -0.128525 -0.295878
v 1.048725 -0.200025 -0.276603
v 0.991856 -0.192949 -0.338469
v 0.939532 -0.062657 0.446296
v 0.937455 0.000000 0.469788
v 0.920753 -0.182534 0.388710
v 0.931085 -0.123758 0.417629
v 0.975659 0.000000 0.334961
v 0.946548 -0.061299 0.373256
v 0.988611 -0.062431 0.315216
v 0.931731 -0.439436 0.285880
v 0.914600 -0.367168 0.308127
v 0.955919 -0.244067 0.226085
v 0.921374 -0.299948 0.262162
v 0.960309 -0.306141 0.199163
v 0.890738 -0.296555 0.325947
v 0.890846 -0.237407 0.350617
v 1.039753 0.000000 0.068631
v 1.011594 -0.061570 0.107243
v 1.042919 -0.063171 0.041097
v 1.025774 -0.063911 0.249957
v 1.025368 -0.062956 0.178692
v 1.021945 0.000000 0.204997
v 1.046335 -0.193335 0.125776
v 1.010313 -0.124367 0.148884
v 1.026705 -0.191680 0.195097
v 0.977694 -0.190194 0.333636
v 1.028818 -0.196228 0.271352
v 1.015743 -0.128539 0.295910
v 0.900708 -0.426224 -0.195781
v 1.038473 -0.333920 -0.129877
v 0.992830 -0.391277 -0.168251
v 0.934251 -0.443025 -0.121174
v 0.983510 -0.466880 -0.043723
v 1.080291 -0.131686 0.000000
v 1.018271 -0.254639 0.082275
v 1.065615 -0.197354 0.042769
v 1.092144 -0.202267 -0.043834
v 1.095564 -0.273968 -0.088521
v 0.972964 -0.460416 0.211487
v 0.948633 -0.450324 0.042172
v 0.946389 -0.448781 0.122749
v 0.944733 -0.372322 0.160100
v 0.965255 -0.310377 0.120720
v 1.065921 -0.342226 -0.044528
v 1.005216 -0.322736 0.041992
v 1.000943 -0.396382 0.000000
v 0.071562 -0.438125 0.924643
v 0.219445 -0.401666 0.953827
v 0.149163 -0.432650 0.966991
v 0.075419 -0.394727 1.003504
v 0.074523 -0.323411 1.016854
v 0.447790 -0.250392 0.818115
v 0.402755 -0.290512 0.864473
v 0.288915 -0.230033 0.975049
v 0.349236 -0.262363 0.924389
v 0.340624 -0.190468 0.920685
v 0.357966 -0.338176 0.926473
v 0.298356 -0.378733 0.964693
v 0.075002 -0.112287 1.061824
v 0.073080 -0.040864 1.039617
v 0.076045 -0.255634 1.051699
v 0.075175 -0.183402 1.055033
v 0.215653 -0.120588 1.005685
v 0.150097 -0.154444 1.050667
v 0.218055 -0.190765 1.006423
v 0.226143 -0.340971 1.001692
v 0.222185 -0.264086 1.003777
v 0.148590 -0.294016 1.011772
v 0.807391 0.000000 0.603940
v 0.696847 0.071653 0.655850
v 0.766046 0.037589 0.643405
v 0.764334 -0.037505 0.641967
v 0.686854 -0.070625 0.646445
v 0.483366 0.199710 0.744859
v 0.538022 0.170111 0.727516
v 0.570924 0.036575 0.773804
v 0.542954 0.102421 0.735323
v 0.529563 0.071725 0.816049
v 0.580505 0.136211 0.693342
v 0.653180 0.108052 0.693443
v 0.545800 -0.172570 0.738034
v 0.509435 -0.210481 0.785031
v 0.638399 -0.105607 0.677751
v 0.603085 -0.141509 0.720310
v 0.516786 -0.069995 0.796360
v 0.552573 -0.104235 0.748349
v 0.582132 -0.037293 0.788995
v 0.670738 0.036981 0.711524
v 0.616602 0.000000 0.738694
v 0.643139 -0.035460 0.682246
v 0.075197 0.460375 0.971601
v 0.075843 0.329142 1.034874
v 0.077042 0.403217 1.025088
v 0.153337 0.444755 0.994047
v 0.229183 0.419491 0.996156
v 0.071516 0.039990 1.017364
v 0.068337 0.102308 0.967463
v 0.211263 0.184823 0.975076
v 0.135125 0.139038 0.945868
v 0.215337 0.120411 1.004211
v 0.069122 0.168634 0.970078
v 0.071513 0.240399 0.989021
v 0.417569 0.301197 0.896270
v 0.447184 0.250053 0.817008
v 0.292349 0.371108 0.945272
v 0.361390 0.341411 0.935334
v 0.353205 0.197503 0.954688
v 0.352515 0.264825 0.933066
v 0.289768 0.230713 0.977930
v 0.148660 0.294154 1.012246
v 0.219720 0.261157 0.992645
v 0.233395 0.351904 1.033812
v 0.447297 -0.176599 0.814493
v 0.475517 -0.038276 0.863146
v 0.474045 -0.111445 0.861390
v 0.394578 -0.145836 0.862717
v 0.343816 -0.114941 0.921348
v 0.470365 0.185706 0.856499
v 0.351299 0.117443 0.941402
v 0.413927 0.152987 0.905024
v 0.475910 0.111883 0.864779
v 0.478116 0.038485 0.867865
v 0.147415 0.000000 1.042053
v 0.292235 -0.081159 1.006968
v 0.222357 -0.041418 1.034548
v 0.215840 0.040204 1.004227
v 0.288239 0.080049 0.993198
v 0.418692 0.000000 0.911033
v 0.367404 0.041089 0.986054
v 0.356823 -0.039905 0.957657
v -0.581566 -0.788621 0.106883
v -0.523406 -0.779880 0.234534
v -0.552610 -0.785036 0.171606
v -0.650047 -0.781194 0.153409
v -0.689464 -0.737050 0.193946
v -0.367593 -0.683013 0.444343
v -0.389376 -0.680698 0.381129
v -0.534262 -0.644405 0.355596
v -0.465449 -0.669107 0.372217
v -0.525352 -0.659807 0.429246
v -0.423048 -0.698960 0.329935
v -0.469328 -0.735773 0.285143
v -0.723071 -0.539308 0.286041
v -0.795557 -0.522945 0.340208
v -0.705726 -0.668585 0.228832
v -0.701717 -0.591120 0.253378
v -0.592361 -0.533793 0.347265
v -0.664404 -0.578623 0.311942
v -0.595024 -0.606043 0.330935
v -0.554703 -0.727445 0.271669
v -0.574270 -0.663469 0.301849
v -0.629388 -0.698552 0.250373
v -0.110100 -0.516210 0.814400
v -0.256826 -0.493874 0.856145
v -0.178604 -0.495589 0.819096
v -0.151167 -0.551945 0.771707
v -0.196923 -0.603217 0.750242
v -0.541081 -0.385707 0.833798
v -0.473927 -0.417209 0.848558
v -0.445830 -0.577182 0.809952
v -0.466259 -0.502399 0.840262
v -0.488261 -0.514922 0.752403
v -0.414000 -0.457410 0.879248
v -0.342602 -0.485900 0.886251
v -0.334821 -0.729307 0.632861
v -0.352945 -0.711178 0.543882
v -0.241988 -0.643070 0.708795
v -0.293035 -0.699291 0.685352
v -0.450046 -0.661494 0.693514
v -0.363643 -0.667389 0.676215
v -0.416320 -0.645006 0.764319
v -0.303147 -0.533357 0.813766
v -0.372888 -0.611294 0.821669
v -0.275578 -0.596927 0.770802
v -0.807638 -0.094083 0.513207
v -0.836703 -0.216275 0.483868
v -0.831664 -0.156260 0.504455
v -0.795525 -0.134278 0.570406
v -0.755756 -0.170931 0.609173
v -0.815849 -0.456201 0.378350
v -0.843817 -0.406091 0.415918
v -0.747367 -0.354478 0.533918
v -0.769542 -0.367951 0.461268
v -0.708135 -0.395970 0.485842
v -0.837631 -0.339849 0.436852
v -0.832451 -0.277291 0.457548
v -0.639820 -0.291680 0.739175
v -0.586324 -0.327857 0.768597
v -0.732985 -0.215632 0.666683
v -0.690801 -0.254510 0.706617
v -0.657990 -0.367931 0.629184
v -0.679632 -0.314927 0.672442
v -0.700897 -0.328966 0.592966
v -0.800721 -0.257028 0.526122
v -0.765475 -0.299335 0.570915
v -0.766323 -0.236079 0.594945
v -0.417559 -0.670285 0.515278
v -0.490265 -0.583285 0.622978
v -0.484535 -0.670460 0.607770
v -0.493738 -0.648583 0.501977
v -0.555044 -0.608720 0.475049
v -0.579461 -0.404618 0.755665
v -0.611375 -0.414582 0.573856
v -0.590470 -0.405629 0.653009
v -0.540025 -0.457690 0.699493
v -0.504262 -0.507681 0.647772
v -0.711754 -0.470294 0.382061
v -0.589353 -0.541035 0.426845
v -0.659953 -0.514206 0.410970
v -0.691313 -0.459887 0.453472
v -0.642041 -0.430667 0.504450
v -0.537436 -0.523398 0.575111
v -0.588003 -0.473477 0.536471
v -0.584897 -0.552404 0.517511
v -0.109555 -0.513653 -0.810366
v -0.199902 -0.612343 -0.761592
v -0.156403 -0.571060 -0.798432
v -0.176136 -0.488742 -0.807779
v -0.249467 -0.479724 -0.831616
v -0.373217 -0.752027 -0.575122
v -0.350248 -0.762911 -0.662021
v -0.399620 -0.619133 -0.733661
v -0.391834 -0.719128 -0.728639
v -0.448021 -0.658519 -0.690394
v -0.304606 -0.726904 -0.712415
v -0.249502 -0.663038 -0.730805
v -0.435848 -0.383687 -0.780378
v -0.457127 -0.325861 -0.704426
v -0.317401 -0.450159 -0.821061
v -0.379784 -0.419607 -0.806580
v -0.491337 -0.518167 -0.757144
v -0.437962 -0.471909 -0.789267
v -0.432808 -0.560322 -0.786293
v -0.281204 -0.609113 -0.786538
v -0.363604 -0.596074 -0.801211
v -0.306800 -0.539784 -0.823573
v -0.560207 -0.759658 -0.102957
v -0.675244 -0.721849 -0.189945
v -0.628353 -0.755124 -0.148290
v -0.530470 -0.753584 -0.164731
v -0.517213 -0.770652 -0.231759
v -0.797459 -0.524195 -0.341021
v -0.747164 -0.557278 -0.295572
v -0.648948 -0.660967 -0.360926
v -0.716296 -0.623815 -0.336305
v -0.697105 -0.628181 -0.408671
v -0.714180 -0.601618 -0.257878
v -0.709010 -0.671696 -0.229897
v -0.415381 -0.726160 -0.406583
v -0.386848 -0.718790 -0.467618
v -0.462745 -0.725453 -0.281144
v -0.430953 -0.712021 -0.336100
v -0.544935 -0.684401 -0.445245
v -0.487164 -0.700325 -0.389582
v -0.552743 -0.666695 -0.367896
v -0.613405 -0.680812 -0.244014
v -0.581330 -0.671625 -0.305560
v -0.531904 -0.697546 -0.260504
v -0.852589 -0.099320 -0.541771
v -0.813736 -0.184045 -0.655908
v -0.840570 -0.141881 -0.602705
v -0.878328 -0.165028 -0.532759
v -0.947610 -0.244943 -0.548007
v -0.563593 -0.315146 -0.738799
v -0.667346 -0.304229 -0.770975
v -0.798674 -0.374858 -0.675687
v -0.724380 -0.335662 -0.716717
v -0.727719 -0.406921 -0.695860
v -0.716343 -0.263920 -0.732745
v -0.761536 -0.224031 -0.692652
v -0.893539 -0.430020 -0.440426
v -0.838989 -0.469141 -0.389081
v -0.964332 -0.321221 -0.530034
v -0.931585 -0.377969 -0.485852
v -0.842650 -0.471187 -0.578130
v -0.874709 -0.418236 -0.524306
v -0.842059 -0.399391 -0.601566
v -0.843628 -0.259895 -0.654962
v -0.833288 -0.325853 -0.621492
v -0.905529 -0.290671 -0.594987
v -0.451129 -0.724173 -0.556704
v -0.611961 -0.671140 -0.523762
v -0.540365 -0.709834 -0.549382
v -0.508548 -0.703687 -0.637890
v -0.536125 -0.637846 -0.681253
v -0.795892 -0.525889 -0.427226
v -0.785080 -0.526614 -0.616835
v -0.800267 -0.532366 -0.524941
v -0.723423 -0.563659 -0.450494
v -0.674198 -0.618924 -0.488295
v -0.534532 -0.373246 -0.697074
v -0.553328 -0.557079 -0.710802
v -0.559643 -0.474317 -0.724903
v -0.625081 -0.429405 -0.691285
v -0.709121 -0.480865 -0.665603
v -0.683422 -0.645456 -0.604685
v -0.706013 -0.568503 -0.644139
v -0.608969 -0.593063 -0.651659
v 0.787073 0.000000 -0.588741
v 0.697395 -0.071709 -0.656365
v 0.755247 -0.037059 -0.634335
v 0.782865 0.038414 -0.657531
v 0.720572 0.074092 -0.678179
v 0.552172 -0.228138 -0.850888
v 0.578223 -0.182821 -0.781875
v 0.576402 -0.036926 -0.781228
v 0.574609 -0.108392 -0.778193
v 0.549942 -0.074486 -0.847452
v 0.611225 -0.143419 -0.730033
v 0.624874 -0.103370 -0.663393
v 0.574695 0.181706 -0.777105
v 0.506022 0.209071 -0.779772
v 0.657343 0.108741 -0.697863
v 0.629777 0.147772 -0.752191
v 0.538706 0.072964 -0.830137
v 0.593960 0.112042 -0.804399
v 0.588057 0.037673 -0.797025
v 0.657347 -0.036243 -0.697318
v 0.638441 0.000000 -0.764857
v 0.667650 0.036811 -0.708248
v 0.064539 -0.395126 -0.833895
v 0.061400 -0.266461 -0.837794
v 0.063546 -0.332586 -0.845524
v 0.129311 -0.375068 -0.838294
v 0.191573 -0.350649 -0.832680
v 0.066313 -0.037081 -0.943359
v 0.067304 -0.100763 -0.952850
v 0.191550 -0.167577 -0.884088
v 0.127071 -0.130751 -0.889489
v 0.199171 -0.111371 -0.928819
v 0.065877 -0.160717 -0.924535
v 0.063738 -0.214261 -0.881487
v 0.397588 -0.286785 -0.853383
v 0.462566 -0.258655 -0.845112
v 0.256176 -0.325189 -0.828310
v 0.325507 -0.307511 -0.842462
v 0.339656 -0.189926 -0.918066
v 0.340742 -0.255982 -0.901907
v 0.265136 -0.211101 -0.894799
v 0.121103 -0.239628 -0.824610
v 0.194398 -0.231059 -0.878242
v 0.194314 -0.292979 -0.860704
v 0.065783 0.402740 -0.849965
v 0.210744 0.385740 -0.916008
v 0.142414 0.413072 -0.923234
v 0.069272 0.362555 -0.921714
v 0.071141 0.308737 -0.970717
v 0.446989 0.249945 -0.816652
v 0.400947 0.289208 -0.860594
v 0.289807 0.230743 -0.978060
v 0.351672 0.264193 -0.930837
v 0.344854 0.192833 -0.932116
v 0.348532 0.329263 -0.902054
v 0.281698 0.357588 -0.910834
v 0.071801 0.107496 -1.016516
v 0.069581 0.038908 -0.989837
v 0.071108 0.239038 -0.983423
v 0.070509 0.172016 -0.989538
v 0.209942 0.117394 -0.979052
v 0.139761 0.143809 -0.978321
v 0.217519 0.190296 -1.003947
v 0.222328 0.335219 -0.984794
v 0.225619 0.268169 -1.019295
v 0.147705 0.292265 -1.005744
v 0.479665 -0.189378 -0.873433
v 0.360301 -0.120452 -0.965525
v 0.415407 -0.153534 -0.908258
v 0.487516 -0.114612 -0.885868
v 0.492971 -0.039681 -0.894829
v 0.132349 0.000000 -0.935553
v 0.283410 0.078708 -0.976559
v 0.204421 0.038077 -0.951098
v 0.206818 -0.038524 -0.962249
v 0.281213 -0.078098 -0.968989
v 0.467651 0.184635 -0.851556
v 0.486213 0.039137 -0.882562
v 0.473326 0.111276 -0.860083
v 0.413657 0.152887 -0.904433
v 0.340528 0.113842 -0.912536
v 0.383541 -0.042893 -1.029362
v 0.366992 0.041042 -0.984949
v 0.423402 0.000000 -0.921283
v 0.932312 0.062175 0.442866
v 0.962120 0.060758 0.306770
v 0.956657 0.061953 0.377243
v 0.918299 0.122059 0.411894
v 0.926127 0.183599 0.390979
v 1.084688 0.065701 0.042743
v 1.033854 0.062925 0.109603
v 1.057363 0.197403 0.200923
v 1.073146 0.132102 0.158143
v 1.085964 0.200657 0.130540
v 1.019900 0.062620 0.177739
v 1.001715 0.062412 0.244094
v 0.891101 0.357735 0.300210
v 0.863568 0.407288 0.264966
v 0.931534 0.248250 0.366631
v 0.929550 0.309476 0.340150
v 0.985410 0.314143 0.204369
v 0.968600 0.315322 0.275600
v 1.022495 0.261065 0.241831
v 0.979058 0.123897 0.285223
v 1.026429 0.195772 0.270722
v 0.949042 0.184621 0.323859
v 0.907881 0.060546 -0.431261
v 0.888498 0.176140 -0.375093
v 0.903475 0.120088 -0.405245
v 0.922656 0.059751 -0.363835
v 0.967207 0.061079 -0.308392
v 0.882841 0.416378 -0.270880
v 0.893165 0.358563 -0.300906
v 1.005555 0.256740 -0.237825
v 0.966387 0.314602 -0.274970
v 0.965880 0.307916 -0.200319
v 0.892452 0.297125 -0.326574
v 0.867878 0.231286 -0.341577
v 1.136492 0.069172 -0.120484
v 1.143507 0.069264 -0.045061
v 1.016214 0.063316 -0.247628
v 1.075405 0.066028 -0.187411
v 1.104463 0.204075 -0.132764
v 1.116482 0.137437 -0.164529
v 1.072618 0.200251 -0.203822
v 0.928074 0.180542 -0.316703
v 1.021495 0.194831 -0.269421
v 0.989849 0.125263 -0.288367
v 0.643929 0.741776 0.000000
v 0.726057 0.664735 0.079522
v 0.662478 0.679653 0.038800
v 0.676368 0.693902 -0.039614
v 0.671250 0.614557 -0.073519
v 0.838456 0.468843 0.225369
v 0.824967 0.525702 0.193381
v 0.894287 0.568551 0.042376
v 0.852150 0.542184 0.118991
v 0.888696 0.496935 0.078306
v 0.808226 0.583091 0.159178
v 0.787172 0.638905 0.122964
v 0.860042 0.548053 -0.201602
v 0.869533 0.486220 -0.233722
v 0.739868 0.600511 -0.115575
v 0.808131 0.583023 -0.159160
v 0.923465 0.516378 -0.081370
v 0.846797 0.538778 -0.118243
v 0.887323 0.564124 -0.042046
v 0.786662 0.638994 0.040989
v 0.822404 0.591521 0.000000
v 0.766648 0.622737 -0.039946
v 1.119196 0.136428 0.000000
v 1.058701 0.264749 -0.085542
v 1.138355 0.210825 -0.045688
v 1.089630 0.201801 0.043733
v 1.045708 0.261500 0.084492
v 0.899481 0.425643 -0.195514
v 1.008119 0.478562 -0.044817
v 0.952657 0.451753 -0.123562
v 0.957080 0.377188 -0.162193
v 1.027707 0.330458 -0.128531
v 0.930371 0.440260 0.202229
v 0.996974 0.320576 0.124687
v 0.959805 0.378262 0.162654
v 0.934265 0.443032 0.121176
v 0.906421 0.430285 0.040295
v 1.028848 0.330324 -0.042979
v 0.964907 0.382112 0.000000
v 1.002306 0.321802 0.041870
f 1 643 645
f 163 644 643
f 165 645 644
f 643 644 645
f 43 646 648
f 164 647 646
f 163 648 647
f 646 647 648
f 45 649 651
f 165 650 649
f 164 651 650
f 649 650 651
f 163 647 644
f 164 650 647
f 165 644 650
f 647 650 644
f 13 652 654
f 166 653 652
f 168 654 653
f 652 653 654
f 44 655 657
f 167 656 655
f 166 657 656
f 655 656 657
f 43 658 660
f 168 659 658
f 167 660 659
f 658 659 660
f 166 656 653
f 167 659 656
f 168 653 659
f 656 659 653
f 15 661 663
f 169 662 661
f 171 663 662
f 661 662 663
f 45 664 666
f 170 665 664
f 169 666 665
f 664 665 666
f 44 667 669
f 171 668 667
f 170 669 668
f 667 668 669
f 169 665 662
f 170 668 665
f 171 662 668
f 665 668 662
f 43 660 646
f 167 670 660
f 164 646 670
f 660 670 646
f 44 669 655
f 170 671 669
f 167 655 671
f 669 671 655
f 45 651 664
f 164 672 651
f 170 664 672
f 651 672 664
f 167 671 670
f 170 672 671
f 164 670 672
f 671 672 670
f 12 673 675
f 172 674 673
f 174 675 674
f 673 674 675
f 46 676 678
f 173 677 676
f 172 678 677
f 676 677 678
f 48 679 681
f 174 680 679
f 173 681 680
f 679 680 681
f 172 677 674
f 173 680 677
f 174 674 680
f 677 680 674
f 14 682 684
f 175 683 682
f 177 684 683
f 682 683 684
f 47 685 687
f 176 686 685
f 175 687 686
f 685 686 687
f 46 688 690
f 177 689 688
f 176 690 689
f 688 689 690
f 175 686 683
f 176 689 686
f 177 683 689
f 686 689 683
f 13 691 693
f 178 692 691
f 180 693 692
f 691 692 693
f 48 694 696
f 179 695 694
f 178 696 695
f 694 695 696
f 47 697 699
f 180 698 697
f 179 699 698
f 697 698 699
f 178 695 692
f 179 698 695
f 180 692 698
f 695 698 692
f 46 690 676
f 176 700 690
f 173 676 700
f 690 700 676
f 47 699 685
f 179 701 699
f 176 685 701
f 699 701 685
f 48 681 694
f 173 702 681
f 179 694 702
f 681 702 694
f 176 701 700
f 179 702 701
f 173 700 702
f 701 702 700
f 6 703 705
f 181 704 703
f 183 705 704
f 703 704 705
f 49 706 708
f 182 707 706
f 181 708 707
f 706 707 708
f 51 709 711
f 183 710 709
f 182 711 710
f 709 710 711
f 181 707 704
f 182 710 707
f 183 704 710
f 707 710 704
f 15 712 714
f 184 713 712
f 186 714 713
f 712 713 714
f 50 715 717
f 185 716 715
f 184 717 716
f 715 716 717
f 49 718 720
f 186 719 718
f 185 720 719
f 718 719 720
f 184 716 713
f 185 719 716
f 186 713 719
f 716 719 713
f 14 721 723
f 187 722 721
f 189 723 722
f 721 722 723
f 51 724 726
f 188 725 724
f 187 726 725
f 724 725 726
f 50 727 729
f 189 728 727
f 188 729 728
f 727 728 729
f 187 725 722
f 188 728 725
f 189 722 728
f 725 728 722
f 49 720 706
f 185 730 720
f 182 706 730
f 720 730 706
f 50 729 715
f 188 731 729
f 185 715 731
f 729 731 715
f 51 711 724
f 182 732 711
f 188 724 732
f 711 732 724
f 185 731 730
f 188 732 731
f 182 730 732
f 731 732 730
f 13 693 652
f 180 733 693
f 166 652 733
f 693 733 652
f 47 734 697
f 190 735 734
f 180 697 735
f 734 735 697
f 44 657 737
f 166 736 657
f 190 737 736
f 657 736 737
f 180 735 733
f 190 736 735
f 166 733 736
f 735 736 733
f 14 723 682
f 189 738 723
f 175 682 738
f 723 738 682
f 50 739 727
f 191 740 739
f 189 727 740
f 739 740 727
f 47 687 742
f 175 741 687
f 191 742 741
f 687 741 742
f 189 740 738
f 191 741 740
f 175 738 741
f 740 741 738
f 15 663 712
f 171 743 663
f 184 712 743
f 663 743 712
f 44 744 667
f 192 745 744
f 171 667 745
f 744 745 667
f 50 717 747
f 184 746 717
f 192 747 746
f 717 746 747
f 171 745 743
f 192 746 745
f 184 743 746
f 745 746 743
f 47 742 734
f 191 748 742
f 190 734 748
f 742 748 734
f 50 747 739
f 192 749 747
f 191 739 749
f 747 749 739
f 44 737 744
f 190 750 737
f 192 744 750
f 737 750 744
f 191 749 748
f 192 750 749
f 190 748 750
f 749 750 748
f 1 645 752
f 165 751 645
f 194 752 751
f 645 751 752
f 45 753 649
f 193 754 753
f 165 649 754
f 753 754 649
f 53 755 757
f 194 756 755
f 193 757 756
f 755 756 757
f 165 754 751
f 193 756 754
f 194 751 756
f 754 756 751
f 15 758 661
f 195 759 758
f 169 661 759
f 758 759 661
f 52 760 762
f 196 761 760
f 195 762 761
f 760 761 762
f 45 666 764
f 169 763 666
f 196 764 763
f 666 763 764
f 195 761 759
f 196 763 761
f 169 759 763
f 761 763 759
f 17 765 767
f 197 766 765
f 199 767 766
f 765 766 767
f 53 768 770
f 198 769 768
f 197 770 769
f 768 769 770
f 52 771 773
f 199 772 771
f 198 773 772
f 771 772 773
f 197 769 766
f 198 772 769
f 199 766 772
f 769 772 766
f 45 764 753
f 196 774 764
f 193 753 774
f 764 774 753
f 52 773 760
f 198 775 773
f 196 760 775
f 773 775 760
f 53 757 768
f 193 776 757
f 198 768 776
f 757 776 768
f 196 775 774
f 198 776 775
f 193 774 776
f 775 776 774
f 6 777 703
f 200 778 777
f 181 703 778
f 777 778 703
f 54 779 781
f 201 780 779
f 200 781 780
f 779 780 781
f 49 708 783
f 181 782 708
f 201 783 782
f 708 782 783
f 200 780 778
f 201 782 780
f 181 778 782
f 780 782 778
f 16 784 786
f 202 785 784
f 204 786 785
f 784 785 786
f 55 787 789
f 203 788 787
f 202 789 788
f 787 788 789
f 54 790 792
f 204 791 790
f 203 792 791
f 790 791 792
f 202 788 785
f 203 791 788
f 204 785 791
f 788 791 785
f 15 714 794
f 186 793 714
f 206 794 793
f 714 793 794
f 49 795 718
f 205 796 795
f 186 718 796
f 795 796 718
f 55 797 799
f 206 798 797
f 205 799 798
f 797 798 799
f 186 796 793
f 205 798 796
f 206 793 798
f 796 798 793
f 54 792 779
f 203 800 792
f 201 779 800
f 792 800 779
f 55 799 787
f 205 801 799
f 203 787 801
f 799 801 787
f 49 783 795
f 201 802 783
f 205 795 802
f 783 802 795
f 203 801 800
f 205 802 801
f 201 800 802
f 801 802 800
f 2 803 805
f 207 804 803
f 209 805 804
f 803 804 805
f 56 806 808
f 208 807 806
f 207 808 807
f 806 807 808
f 58 809 811
f 209 810 809
f 208 811 810
f 809 810 811
f 207 807 804
f 208 810 807
f 209 804 810
f 807 810 804
f 17 812 814
f 210 813 812
f 212 814 813
f 812 813 814
f 57 815 817
f 211 816 815
f 210 817 816
f 815 816 817
f 56 818 820
f 212 819 818
f 211 820 819
f 818 819 820
f 210 816 813
f 211 819 816
f 212 813 819
f 816 819 813
f 16 821 823
f 213 822 821
f 215 823 822
f 821 822 823
f 58 824 826
f 214 825 824
f 213 826 825
f 824 825 826
f 57 827 829
f 215 828 827
f 214 829 828
f 827 828 829
f 213 825 822
f 214 828 825
f 215 822 828
f 825 828 822
f 56 820 806
f 211 830 820
f 208 806 830
f 820 830 806
f 57 829 815
f 214 831 829
f 211 815 831
f 829 831 815
f 58 811 824
f 208 832 811
f 214 824 832
f 811 832 824
f 211 831 830
f 214 832 831
f 208 830 832
f 831 832 830
f 15 794 758
f 206 833 794
f 195 758 833
f 794 833 758
f 55 834 797
f 216 835 834
f 206 797 835
f 834 835 797
f 52 762 837
f 195 836 762
f 216 837 836
f 762 836 837
f 206 835 833
f 216 836 835
f 195 833 836
f 835 836 833
f 16 823 784
f 215 838 823
f 202 784 838
f 823 838 784
f 57 839 827
f 217 840 839
f 215 827 840
f 839 840 827
f 55 789 842
f 202 841 789
f 217 842 841
f 789 841 842
f 215 840 838
f 217 841 840
f 202 838 841
f 840 841 838
f 17 767 812
f 199 843 767
f 210 812 843
f 767 843 812
f 52 844 771
f 218 845 844
f 199 771 845
f 844 845 771
f 57 817 847
f 210 846 817
f 218 847 846
f 817 846 847
f 199 845 843
f 218 846 845
f 210 843 846
f 845 846 843
f 55 842 834
f 217 848 842
f 216 834 848
f 842 848 834
f 57 847 839
f 218 849 847
f 217 839 849
f 847 849 839
f 52 837 844
f 216 850 837
f 218 844 850
f 837 850 844
f 217 849 848
f 218 850 849
f 216 848 850
f 849 850 848
f 1 752 852
f 194 851 752
f 220 852 851
f 752 851 852
f 53 853 755
f 219 854 853
f 194 755 854
f 853 854 755
f 60 855 857
f 220 856 855
f 219 857 856
f 855 856 857
f 194 854 851
f 219 856 854
f 220 851 856
f 854 856 851
f 17 858 765
f 221 859 858
f 197 765 859
f 858 859 765
f 59 860 862
f 222 861 860
f 221 862 861
f 860 861 862
f 53 770 864
f 197 863 770
f 222 864 863
f 770 863 864
f 221 861 859
f 222 863 861
f 197 859 863
f 861 863 859
f 19 865 867
f 223 866 865
f 225 867 866
f 865 866 867
f 60 868 870
f 224 869 868
f 223 870 869
f 868 869 870
f 59 871 873
f 225 872 871
f 224 873 872
f 871 872 873
f 223 869 866
f 224 872 869
f 225 866 872
f 869 872 866
f 53 864 853
f 222 874 864
f 219 853 874
f 864 874 853
f 59 873 860
f 224 875 873
f 222 860 875
f 873 875 860
f 60 857 868
f 219 876 857
f 224 868 876
f 857 876 868
f 222 875 874
f 224 876 875
f 219 874 876
f 875 876 874
f 2 877 803
f 226 878 877
f 207 803 878
f 877 878 803
f 61 879 881
f 227 880 879
f 226 881 880
f 879 880 881
f 56 808 883
f 207 882 808
f 227 883 882
f 808 882 883
f 226 880 878
f 227 882 880
f 207 878 882
f 880 882 878
f 18 884 886
f 228 885 884
f 230 886 885
f 884 885 886
f 62 887 889
f 229 888 887
f 228 889 888
f 887 888 889
f 61 890 892
f 230 891 890
f 229 892 891
f 890 891 892
f 228 888 885
f 229 891 888
f 230 885 891
f 888 891 885
f 17 814 894
f 212 893 814
f 232 894 893
f 814 893 894
f 56 895 818
f 231 896 895
f 212 818 896
f 895 896 818
f 62 897 899
f 232 898 897
f 231 899 898
f 897 898 899
f 212 896 893
f 231 898 896
f 232 893 898
f 896 898 893
f 61 892 879
f 229 900 892
f 227 879 900
f 892 900 879
f 62 899 887
f 231 901 899
f 229 887 901
f 899 901 887
f 56 883 895
f 227 902 883
f 231 895 902
f 883 902 895
f 229 901 900
f 231 902 901
f 227 900 902
f 901 902 900
f 8 903 905
f 233 904 903
f 235 905 904
f 903 904 905
f 63 906 908
f 234 907 906
f 233 908 907
f 906 907 908
f 65 909 911
f 235 910 909
f 234 911 910
f 909 910 911
f 233 907 904
f 234 910 907
f 235 904 910
f 907 910 904
f 19 912 914
f 236 913 912
f 238 914 913
f 912 913 914
f 64 915 917
f 237 916 915
f 236 917 916
f 915 916 917
f 63 918 920
f 238 919 918
f 237 920 919
f 918 919 920
f 236 916 913
f 237 919 916
f 238 913 919
f 916 919 913
f 18 921 923
f 239 922 921
f 241 923 922
f 921 922 923
f 65 924 926
f 240 925 924
f 239 926 925
f 924 925 926
f 64 927 929
f 241 928 927
f 240 929 928
f 927 928 929
f 239 925 922
f 240 928 925
f 241 922 928
f 925 928 922
f 63 920 906
f 237 930 920
f 234 906 930
f 920 930 906
f 64 929 915
f 240 931 929
f 237 915 931
f 929 931 915
f 65 911 924
f 234 932 911
f 240 924 932
f 911 932 924
f 237 931 930
f 240 932 931
f 234 930 932
f 931 932 930
f 17 894 858
f 232 933 894
f 221 858 933
f 894 933 858
f 62 934 897
f 242 935 934
f 232 897 935
f 934 935 897
f 59 862 937
f 221 936 862
f 242 937 936
f 862 936 937
f 232 935 933
f 242 936 935
f 221 933 936
f 935 936 933
f 18 923 884
f 241 938 923
f 228 884 938
f 923 938 884
f 64 939 927
f 243 940 939
f 241 927 940
f 939 940 927
f 62 889 942
f 228 941 889
f 243 942 941
f 889 941 942
f 241 940 938
f 243 941 940
f 228 938 941
f 940 941 938
f 19 867 912
f 225 943 867
f 236 912 943
f 867 943 912
f 59 944 871
f 244 945 944
f 225 871 945
f 944 945 871
f 64 917 947
f 236 946 917
f 244 947 946
f 917 946 947
f 225 945 943
f 244 946 945
f 236 943 946
f 945 946 943
f 62 942 934
f 243 948 942
f 242 934 948
f 942 948 934
f 64 947 939
f 244 949 947
f 243 939 949
f 947 949 939
f 59 937 944
f 242 950 937
f 244 944 950
f 937 950 944
f 243 949 948
f 244 950 949
f 242 948 950
f 949 950 948
f 1 852 952
f 220 951 852
f 246 952 951
f 852 951 952
f 60 953 855
f 245 954 953
f 220 855 954
f 953 954 855
f 67 955 957
f 246 956 955
f 245 957 956
f 955 956 957
f 220 954 951
f 245 956 954
f 246 951 956
f 954 956 951
f 19 958 865
f 247 959 958
f 223 865 959
f 958 959 865
f 66 960 962
f 248 961 960
f 247 962 961
f 960 961 962
f 60 870 964
f 223 963 870
f 248 964 963
f 870 963 964
f 247 961 959
f 248 963 961
f 223 959 963
f 961 963 959
f 21 965 967
f 249 966 965
f 251 967 966
f 965 966 967
f 67 968 970
f 250 969 968
f 249 970 969
f 968 969 970
f 66 971 973
f 251 972 971
f 250 973 972
f 971 972 973
f 249 969 966
f 250 972 969
f 251 966 972
f 969 972 966
f 60 964 953
f 248 974 964
f 245 953 974
f 964 974 953
f 66 973 960
f 250 975 973
f 248 960 975
f 973 975 960
f 67 957 968
f 245 976 957
f 250 968 976
f 957 976 968
f 248 975 974
f 250 976 975
f 245 974 976
f 975 976 974
f 8 977 903
f 252 978 977
f 233 903 978
f 977 978 903
f 68 979 981
f 253 980 979
f 252 981 980
f 979 980 981
f 63 908 983
f 233 982 908
f 253 983 982
f 908 982 983
f 252 980 978
f 253 982 980
f 233 978 982
f 980 982 978
f 20 984 986
f 254 985 984
f 256 986 985
f 984 985 986
f 69 987 989
f 255 988 987
f 254 989 988
f 987 988 989
f 68 990 992
f 256 991 990
f 255 992 991
f 990 991 992
f 254 988 985
f 255 991 988
f 256 985 991
f 988 991 985
f 19 914 994
f 238 993 914
f 258 994 993
f 914 993 994
f 63 995 918
f 257 996 995
f 238 918 996
f 995 996 918
f 69 997 999
f 258 998 997
f 257 999 998
f 997 998 999
f 238 996 993
f 257 998 996
f 258 993 998
f 996 998 993
f 68 992 979
f 255 1000 992
f 253 979 1000
f 992 1000 979
f 69 999 987
f 257 1001 999
f 255 987 1001
f 999 1001 987
f 63 983 995
f 253 1002 983
f 257 995 1002
f 983 1002 995
f 255 1001 1000
f 257 1002 1001
f 253 1000 1002
f 1001 1002 1000
f 11 1003 1005
f 259 1004 1003
f 261 1005 1004
f 1003 1004 1005
f 70 1006 1008
f 260 1007 1006
f 259 1008 1007
f 1006 1007 1008
f 72 1009 1011
f 261 1010 1009
f 260 1011 1010
f 1009 1010 1011
f 259 1007 1004
f 260 1010 1007
f 261 1004 1010
f 1007 1010 1004
f 21 1012 1014
f 262 1013 1012
f 264 1014 1013
f 1012 1013 1014
f 71 1015 1017
f 263 1016 1015
f 262 1017 1016
f 1015 1016 1017
f 70 1018 1020
f 264 1019 1018
f 263 1020 1019
f 1018 1019 1020
f 262 1016 1013
f 263 1019 1016
f 264 1013 1019
f 1016 1019 1013
f 20 1021 1023
f 265 1022 1021
f 267 1023 1022
f 1021 1022 1023
f 72 1024 1026
f 266 1025 1024
f 265 1026 1025
f 1024 1025 1026
f 71 1027 1029
f 267 1028 1027
f 266 1029 1028
f 1027 1028 1029
f 265 1025 1022
f 266 1028 1025
f 267 1022 1028
f 1025 1028 1022
f 70 1020 1006
f 263 1030 1020
f 260 1006 1030
f 1020 1030 1006
f 71 1029 1015
f 266 1031 1029
f 263 1015 1031
f 1029 1031 1015
f 72 1011 1024
f 260 1032 1011
f 266 1024 1032
f 1011 1032 1024
f 263 1031 1030
f 266 1032 1031
f 260 1030 1032
f 1031 1032 1030
f 19 994 958
f 258 1033 994
f 247 958 1033
f 994 1033 958
f 69 1034 997
f 268 1035 1034
f 258 997 1035
f 1034 1035 997
f 66 962 1037
f 247 1036 962
f 268 1037 1036
f 962 1036 1037
f 258 1035 1033
f 268 1036 1035
f 247 1033 1036
f 1035 1036 1033
f 20 1023 984
f 267 1038 1023
f 254 984 1038
f 1023 1038 984
f 71 1039 1027
f 269 1040 1039
f 267 1027 1040
f 1039 1040 1027
f 69 989 1042
f 254 1041 989
f 269 1042 1041
f 989 1041 1042
f 267 1040 1038
f 269 1041 1040
f 254 1038 1041
f 1040 1041 1038
f 21 967 1012
f 251 1043 967
f 262 1012 1043
f 967 1043 1012
f 66 1044 971
f 270 1045 1044
f 251 971 1045
f 1044 1045 971
f 71 1017 1047
f 262 1046 1017
f 270 1047 1046
f 1017 1046 1047
f 251 1045 1043
f 270 1046 1045
f 262 1043 1046
f 1045 1046 1043
f 69 1042 1034
f 269 1048 1042
f 268 1034 1048
f 1042 1048 1034
f 71 1047 1039
f 270 1049 1047
f 269 1039 1049
f 1047 1049 1039
f 66 1037 1044
f 268 1050 1037
f 270 1044 1050
f 1037 1050 1044
f 269 1049 1048
f 270 1050 1049
f 268 1048 1050
f 1049 1050 1048
f 1 952 643
f 246 1051 952
f 163 643 1051
f 952 1051 643
f 67 1052 955
f 271 1053 1052
f 246 955 1053
f 1052 1053 955
f 43 648 1055
f 163 1054 648
f 271 1055 1054
f 648 1054 1055
f 246 1053 1051
f 271 1054 1053
f 163 1051 1054
f 1053 1054 1051
f 21 1056 965
f 272 1057 1056
f 249 965 1057
f 1056 1057 965
f 73 1058 1060
f 273 1059 1058
f 272 1060 1059
f 1058 1059 1060
f 67 970 1062
f 249 1061 970
f 273 1062 1061
f 970 1061 1062
f 272 1059 1057
f 273 1061 1059
f 249 1057 1061
f 1059 1061 1057
f 13 654 1064
f 168 1063 654
f 275 1064 1063
f 654 1063 1064
f 43 1065 658
f 274 1066 1065
f 168 658 1066
f 1065 1066 658
f 73 1067 1069
f 275 1068 1067
f 274 1069 1068
f 1067 1068 1069
f 168 1066 1063
f 274 1068 1066
f 275 1063 1068
f 1066 1068 1063
f 67 1062 1052
f 273 1070 1062
f 271 1052 1070
f 1062 1070 1052
f 73 1069 1058
f 274 1071 1069
f 273 1058 1071
f 1069 1071 1058
f 43 1055 1065
f 271 1072 1055
f 274 1065 1072
f 1055 1072 1065
f 273 1071 1070
f 274 1072 1071
f 271 1070 1072
f 1071 1072 1070
f 11 1073 1003
f 276 1074 1073
f 259 1003 1074
f 1073 1074 1003
f 74 1075 1077
f 277 1076 1075
f 276 1077 1076
f 1075 1076 1077
f 70 1008 1079
f 259 1078 1008
f 277 1079 1078
f 1008 1078 1079
f 276 1076 1074
f 277 1078 1076
f 259 1074 1078
f 1076 1078 1074
f 22 1080 1082
f 278 1081 1080
f 280 1082 1081
f 1080 1081 1082
f 75 1083 1085
f 279 1084 1083
f 278 1085 1084
f 1083 1084 1085
f 74 1086 1088
f 280 1087 1086
f 279 1088 1087
f 1086 1087 1088
f 278 1084 1081
f 279 1087 1084
f 280 1081 1087
f 1084 1087 1081
f 21 1014 1090
f 264 1089 1014
f 282 1090 1089
f 1014 1089 1090
f 70 1091 1018
f 281 1092 1091
f 264 1018 1092
f 1091 1092 1018
f 75 1093 1095
f 282 1094 1093
f 281 1095 1094
f 1093 1094 1095
f 264 1092 1089
f 281 1094 1092
f 282 1089 1094
f 1092 1094 1089
f 74 1088 1075
f 279 1096 1088
f 277 1075 1096
f 1088 1096 1075
f 75 1095 1083
f 281 1097 1095
f 279 1083 1097
f 1095 1097 1083
f 70 1079 1091
f 277 1098 1079
f 281 1091 1098
f 1079 1098 1091
f 279 1097 1096
f 281 1098 1097
f 277 1096 1098
f 1097 1098 1096
f 12 675 1100
f 174 1099 675
f 284 1100 1099
f 675 1099 1100
f 48 1101 679
f 283 1102 1101
f 174 679 1102
f 1101 1102 679
f 77 1103 1105
f 284 1104 1103
f 283 1105 1104
f 1103 1104 1105
f 174 1102 1099
f 283 1104 1102
f 284 1099 1104
f 1102 1104 1099
f 13 1106 691
f 285 1107 1106
f 178 691 1107
f 1106 1107 691
f 76 1108 1110
f 286 1109 1108
f 285 1110 1109
f 1108 1109 1110
f 48 696 1112
f 178 1111 696
f 286 1112 1111
f 696 1111 1112
f 285 1109 1107
f 286 1111 1109
f 178 1107 1111
f 1109 1111 1107
f 22 1113 1115
f 287 1114 1113
f 289 1115 1114
f 1113 1114 1115
f 77 1116 1118
f 288 1117 1116
f 287 1118 1117
f 1116 1117 1118
f 76 1119 1121
f 289 1120 1119
f 288 1121 1120
f 1119 1120 1121
f 287 1117 1114
f 288 1120 1117
f 289 1114 1120
f 1117 1120 1114
f 48 1112 1101
f 286 1122 1112
f 283 1101 1122
f 1112 1122 1101
f 76 1121 1108
f 288 1123 1121
f 286 1108 1123
f 1121 1123 1108
f 77 1105 1116
f 283 1124 1105
f 288 1116 1124
f 1105 1124 1116
f 286 1123 1122
f 288 1124 1123
f 283 1122 1124
f 1123 1124 1122
f 21 1090 1056
f 282 1125 1090
f 272 1056 1125
f 1090 1125 1056
f 75 1126 1093
f 290 1127 1126
f 282 1093 1127
f 1126 1127 1093
f 73 1060 1129
f 272 1128 1060
f 290 1129 1128
f 1060 1128 1129
f 282 1127 1125
f 290 1128 1127
f 272 1125 1128
f 1127 1128 1125
f 22 1115 1080
f 289 1130 1115
f 278 1080 1130
f 1115 1130 1080
f 76 1131 1119
f 291 1132 1131
f 289 1119 1132
f 1131 1132 1119
f 75 1085 1134
f 278 1133 1085
f 291 1134 1133
f 1085 1133 1134
f 289 1132 1130
f 291 1133 1132
f 278 1130 1133
f 1132 1133 1130
f 13 1064 1106
f 275 1135 1064
f 285 1106 1135
f 1064 1135 1106
f 73 1136 1067
f 292 1137 1136
f 275 1067 1137
f 1136 1137 1067
f 76 1110 1139
f 285 1138 1110
f 292 1139 1138
f 1110 1138 1139
f 275 1137 1135
f 292 1138 1137
f 285 1135 1138
f 1137 1138 1135
f 75 1134 1126
f 291 1140 1134
f 290 1126 1140
f 1134 1140 1126
f 76 1139 1131
f 292 1141 1139
f 291 1131 1141
f 1139 1141 1131
f 73 1129 1136
f 290 1142 1129
f 292 1136 1142
f 1129 1142 1136
f 291 1141 1140
f 292 1142 1141
f 290 1140 1142
f 1141 1142 1140
f 2 805 1144
f 209 1143 805
f 294 1144 1143
f 805 1143 1144
f 58 1145 809
f 293 1146 1145
f 209 809 1146
f 1145 1146 809
f 79 1147 1149
f 294 1148 1147
f 293 1149 1148
f 1147 1148 1149
f 209 1146 1143
f 293 1148 1146
f 294 1143 1148
f 1146 1148 1143
f 16 1150 821
f 295 1151 1150
f 213 821 1151
f 1150 1151 821
f 78 1152 1154
f 296 1153 1152
f 295 1154 1153
f 1152 1153 1154
f 58 826 1156
f 213 1155 826
f 296 1156 1155
f 826 1155 1156
f 295 1153 1151
f 296 1155 1153
f 213 1151 1155
f 1153 1155 1151
f 24 1157 1159
f 297 1158 1157
f 299 1159 1158
f 1157 1158 1159
f 79 1160 1162
f 298 1161 1160
f 297 1162 1161
f 1160 1161 1162
f 78 1163 1165
f 299 1164 1163
f 298 1165 1164
f 1163 1164 1165
f 297 1161 1158
f 298 1164 1161
f 299 1158 1164
f 1161 1164 1158
f 58 1156 1145
f 296 1166 1156
f 293 1145 1166
f 1156 1166 1145
f 78 1165 1152
f 298 1167 1165
f 296 1152 1167
f 1165 1167 1152
f 79 1149 1160
f 293 1168 1149
f 298 1160 1168
f 1149 1168 1160
f 296 1167 1166
f 298 1168 1167
f 293 1166 1168
f 1167 1168 1166
f 6 1169 777
f 300 1170 1169
f 200 777 1170
f 1169 1170 777
f 80 1171 1173
f 301 1172 1171
f 300 1173 1172
f 1171 1172 1173
f 54 781 1175
f 200 1174 781
f 301 1175 1174
f 781 1174 1175
f 300 1172 1170
f 301 1174 1172
f 200 1170 1174
f 1172 1174 1170
f 23 1176 1178
f 302 1177 1176
f 304 1178 1177
f 1176 1177 1178
f 81 1179 1181
f 303 1180 1179
f 302 1181 1180
f 1179 1180 1181
f 80 1182 1184
f 304 1183 1182
f 303 1184 1183
f 1182 1183 1184
f 302 1180 1177
f 303 1183 1180
f 304 1177 1183
f 1180 1183 1177
f 16 786 1186
f 204 1185 786
f 306 1186 1185
f 786 1185 1186
f 54 1187 790
f 305 1188 1187
f 204 790 1188
f 1187 1188 790
f 81 1189 1191
f 306 1190 1189
f 305 1191 1190
f 1189 1190 1191
f 204 1188 1185
f 305 1190 1188
f 306 1185 1190
f 1188 1190 1185
f 80 1184 1171
f 303 1192 1184
f 301 1171 1192
f 1184 1192 1171
f 81 1191 1179
f 305 1193 1191
f 303 1179 1193
f 1191 1193 1179
f 54 1175 1187
f 301 1194 1175
f 305 1187 1194
f 1175 1194 1187
f 303 1193 1192
f 305 1194 1193
f 301 1192 1194
f 1193 1194 1192
f 10 1195 1197
f 307 1196 1195
f 309 1197 1196
f 1195 1196 1197
f 82 1198 1200
f 308 1199 1198
f 307 1200 1199
f 1198 1199 1200
f 84 1201 1203
f 309 1202 1201
f 308 1203 1202
f 1201 1202 1203
f 307 1199 1196
f 308 1202 1199
f 309 1196 1202
f 1199 1202 1196
f 24 1204 1206
f 310 1205 1204
f 312 1206 1205
f 1204 1205 1206
f 83 1207 1209
f 311 1208 1207
f 310 1209 1208
f 1207 1208 1209
f 82 1210 1212
f 312 1211 1210
f 311 1212 1211
f 1210 1211 1212
f 310 1208 1205
f 311 1211 1208
f 312 1205 1211
f 1208 1211 1205
f 23 1213 1215
f 313 1214 1213
f 315 1215 1214
f 1213 1214 1215
f 84 1216 1218
f 314 1217 1216
f 313 1218 1217
f 1216 1217 1218
f 83 1219 1221
f 315 1220 1219
f 314 1221 1220
f 1219 1220 1221
f 313 1217 1214
f 314 1220 1217
f 315 1214 1220
f 1217 1220 1214
f 82 1212 1198
f 311 1222 1212
f 308 1198 1222
f 1212 1222 1198
f 83 1221 1207
f 314 1223 1221
f 311 1207 1223
f 1221 1223 1207
f 84 1203 1216
f 308 1224 1203
f 314 1216 1224
f 1203 1224 1216
f 311 1223 1222
f 314 1224 1223
f 308 1222 1224
f 1223 1224 1222
f 16 1186 1150
f 306 1225 1186
f 295 1150 1225
f 1186 1225 1150
f 81 1226 1189
f 316 1227 1226
f 306 1189 1227
f 1226 1227 1189
f 78 1154 1229
f 295 1228 1154
f 316 1229 1228
f 1154 1228 1229
f 306 1227 1225
f 316 1228 1227
f 295 1225 1228
f 1227 1228 1225
f 23 1215 1176
f 315 1230 1215
f 302 1176 1230
f 1215 1230 1176
f 83 1231 1219
f 317 1232 1231
f 315 1219 1232
f 1231 1232 1219
f 81 1181 1234
f 302 1233 1181
f 317 1234 1233
f 1181 1233 1234
f 315 1232 1230
f 317 1233 1232
f 302 1230 1233
f 1232 1233 1230
f 24 1159 1204
f 299 1235 1159
f 310 1204 1235
f 1159 1235 1204
f 78 1236 1163
f 318 1237 1236
f 299 1163 1237
f 1236 1237 1163
f 83 1209 1239
f 310 1238 1209
f 318 1239 1238
f 1209 1238 1239
f 299 1237 1235
f 318 1238 1237
f 310 1235 1238
f 1237 1238 1235
f 81 1234 1226
f 317 1240 1234
f 316 1226 1240
f 1234 1240 1226
f 83 1239 1231
f 318 1241 1239
f 317 1231 1241
f 1239 1241 1231
f 78 1229 1236
f 316 1242 1229
f 318 1236 1242
f 1229 1242 1236
f 317 1241 1240
f 318 1242 1241
f 316 1240 1242
f 1241 1242 1240
f 6 705 1244
f 183 1243 705
f 320 1244 1243
f 705 1243 1244
f 51 1245 709
f 319 1246 1245
f 183 709 1246
f 1245 1246 709
f 86 1247 1249
f 320 1248 1247
f 319 1249 1248
f 1247 1248 1249
f 183 1246 1243
f 319 1248 1246
f 320 1243 1248
f 1246 1248 1243
f 14 1250 721
f 321 1251 1250
f 187 721 1251
f 1250 1251 721
f 85 1252 1254
f 322 1253 1252
f 321 1254 1253
f 1252 1253 1254
f 51 726 1256
f 187 1255 726
f 322 1256 1255
f 726 1255 1256
f 321 1253 1251
f 322 1255 1253
f 187 1251 1255
f 1253 1255 1251
f 26 1257 1259
f 323 1258 1257
f 325 1259 1258
f 1257 1258 1259
f 86 1260 1262
f 324 1261 1260
f 323 1262 1261
f 1260 1261 1262
f 85 1263 1265
f 325 1264 1263
f 324 1265 1264
f 1263 1264 1265
f 323 1261 1258
f 324 1264 1261
f 325 1258 1264
f 1261 1264 1258
f 51 1256 1245
f 322 1266 1256
f 319 1245 1266
f 1256 1266 1245
f 85 1265 1252
f 324 1267 1265
f 322 1252 1267
f 1265 1267 1252
f 86 1249 1260
f 319 1268 1249
f 324 1260 1268
f 1249 1268 1260
f 322 1267 1266
f 324 1268 1267
f 319 1266 1268
f 1267 1268 1266
f 12 1269 673
f 326 1270 1269
f 172 673 1270
f 1269 1270 673
f 87 1271 1273
f 327 1272 1271
f 326 1273 1272
f 1271 1272 1273
f 46 678 1275
f 172 1274 678
f 327 1275 1274
f 678 1274 1275
f 326 1272 1270
f 327 1274 1272
f 172 1270 1274
f 1272 1274 1270
f 25 1276 1278
f 328 1277 1276
f 330 1278 1277
f 1276 1277 1278
f 88 1279 1281
f 329 1280 1279
f 328 1281 1280
f 1279 1280 1281
f 87 1282 1284
f 330 1283 1282
f 329 1284 1283
f 1282 1283 1284
f 328 1280 1277
f 329 1283 1280
f 330 1277 1283
f 1280 1283 1277
f 14 684 1286
f 177 1285 684
f 332 1286 1285
f 684 1285 1286
f 46 1287 688
f 331 1288 1287
f 177 688 1288
f 1287 1288 688
f 88 1289 1291
f 332 1290 1289
f 331 1291 1290
f 1289 1290 1291
f 177 1288 1285
f 331 1290 1288
f 332 1285 1290
f 1288 1290 1285
f 87 1284 1271
f 329 1292 1284
f 327 1271 1292
f 1284 1292 1271
f 88 1291 1279
f 331 1293 1291
f 329 1279 1293
f 1291 1293 1279
f 46 1275 1287
f 327 1294 1275
f 331 1287 1294
f 1275 1294 1287
f 329 1293 1292
f 331 1294 1293
f 327 1292 1294
f 1293 1294 1292
f 5 1295 1297
f 333 1296 1295
f 335 1297 1296
f 1295 1296 1297
f 89 1298 1300
f 334 1299 1298
f 333 1300 1299
f 1298 1299 1300
f 91 1301 1303
f 335 1302 1301
f 334 1303 1302
f 1301 1302 1303
f 333 1299 1296
f 334 1302 1299
f 335 1296 1302
f 1299 1302 1296
f 26 1304 1306
f 336 1305 1304
f 338 1306 1305
f 1304 1305 1306
f 90 1307 1309
f 337 1308 1307
f 336 1309 1308
f 1307 1308 1309
f 89 1310 1312
f 338 1311 1310
f 337 1312 1311
f 1310 1311 1312
f 336 1308 1305
f 337 1311 1308
f 338 1305 1311
f 1308 1311 1305
f 25 1313 1315
f 339 1314 1313
f 341 1315 1314
f 1313 1314 1315
f 91 1316 1318
f 340 1317 1316
f 339 1318 1317
f 1316 1317 1318
f 90 1319 1321
f 341 1320 1319
f 340 1321 1320
f 1319 1320 1321
f 339 1317 1314
f 340 1320 1317
f 341 1314 1320
f 1317 1320 1314
f 89 1312 1298
f 337 1322 1312
f 334 1298 1322
f 1312 1322 1298
f 90 1321 1307
f 340 1323 1321
f 337 1307 1323
f 1321 1323 1307
f 91 1303 1316
f 334 1324 1303
f 340 1316 1324
f 1303 1324 1316
f 337 1323 1322
f 340 1324 1323
f 334 1322 1324
f 1323 1324 1322
f 14 1286 1250
f 332 1325 1286
f 321 1250 1325
f 1286 1325 1250
f 88 1326 1289
f 342 1327 1326
f 332 1289 1327
f 1326 1327 1289
f 85 1254 1329
f 321 1328 1254
f 342 1329 1328
f 1254 1328 1329
f 332 1327 1325
f 342 1328 1327
f 321 1325 1328
f 1327 1328 1325
f 25 1315 1276
f 341 1330 1315
f 328 1276 1330
f 1315 1330 1276
f 90 1331 1319
f 343 1332 1331
f 341 1319 1332
f 1331 1332 1319
f 88 1281 1334
f 328 1333 1281
f 343 1334 1333
f 1281 1333 1334
f 341 1332 1330
f 343 1333 1332
f 328 1330 1333
f 1332 1333 1330
f 26 1259 1304
f 325 1335 1259
f 336 1304 1335
f 1259 1335 1304
f 85 1336 1263
f 344 1337 1336
f 325 1263 1337
f 1336 1337 1263
f 90 1309 1339
f 336 1338 1309
f 344 1339 1338
f 1309 1338 1339
f 325 1337 1335
f 344 1338 1337
f 336 1335 1338
f 1337 1338 1335
f 88 1334 1326
f 343 1340 1334
f 342 1326 1340
f 1334 1340 1326
f 90 1339 1331
f 344 1341 1339
f 343 1331 1341
f 1339 1341 1331
f 85 1329 1336
f 342 1342 1329
f 344 1336 1342
f 1329 1342 1336
f 343 1341 1340
f 344 1342 1341
f 342 1340 1342
f 1341 1342 1340
f 12 1100 1344
f 284 1343 1100
f 346 1344 1343
f 1100 1343 1344
f 77 1345 1103
f 345 1346 1345
f 284 1103 1346
f 1345 1346 1103
f 93 1347 1349
f 346 1348 1347
f 345 1349 1348
f 1347 1348 1349
f 284 1346 1343
f 345 1348 1346
f 346 1343 1348
f 1346 1348 1343
f 22 1350 1113
f 347 1351 1350
f 287 1113 1351
f 1350 1351 1113
f 92 1352 1354
f 348 1353 1352
f 347 1354 1353
f 1352 1353 1354
f 77 1118 1356
f 287 1355 1118
f 348 1356 1355
f 1118 1355 1356
f 347 1353 1351
f 348 1355 1353
f 287 1351 1355
f 1353 1355 1351
f 28 1357 1359
f 349 1358 1357
f 351 1359 1358
f 1357 1358 1359
f 93 1360 1362
f 350 1361 1360
f 349 1362 1361
f 1360 1361 1362
f 92 1363 1365
f 351 1364 1363
f 350 1365 1364
f 1363 1364 1365
f 349 1361 1358
f 350 1364 1361
f 351 1358 1364
f 1361 1364 1358
f 77 1356 1345
f 348 1366 1356
f 345 1345 1366
f 1356 1366 1345
f 92 1365 1352
f 350 1367 1365
f 348 1352 1367
f 1365 1367 1352
f 93 1349 1360
f 345 1368 1349
f 350 1360 1368
f 1349 1368 1360
f 348 1367 1366
f 350 1368 1367
f 345 1366 1368
f 1367 1368 1366
f 11 1369 1073
f 352 1370 1369
f 276 1073 1370
f 1369 1370 1073
f 94 1371 1373
f 353 1372 1371
f 352 1373 1372
f 1371 1372 1373
f 74 1077 1375
f 276 1374 1077
f 353 1375 1374
f 1077 1374 1375
f 352 1372 1370
f 353 1374 1372
f 276 1370 1374
f 1372 1374 1370
f 27 1376 1378
f 354 1377 1376
f 356 1378 1377
f 1376 1377 1378
f 95 1379 1381
f 355 1380 1379
f 354 1381 1380
f 1379 1380 1381
f 94 1382 1384
f 356 1383 1382
f 355 1384 1383
f 1382 1383 1384
f 354 1380 1377
f 355 1383 1380
f 356 1377 1383
f 1380 1383 1377
f 22 1082 1386
f 280 1385 1082
f 358 1386 1385
f 1082 1385 1386
f 74 1387 1086
f 357 1388 1387
f 280 1086 1388
f 1387 1388 1086
f 95 1389 1391
f 358 1390 1389
f 357 1391 1390
f 1389 1390 1391
f 280 1388 1385
f 357 1390 1388
f 358 1385 1390
f 1388 1390 1385
f 94 1384 1371
f 355 1392 1384
f 353 1371 1392
f 1384 1392 1371
f 95 1391 1379
f 357 1393 1391
f 355 1379 1393
f 1391 1393 1379
f 74 1375 1387
f 353 1394 1375
f 357 1387 1394
f 1375 1394 1387
f 355 1393 1392
f 357 1394 1393
f 353 1392 1394
f 1393 1394 1392
f 3 1395 1397
f 359 1396 1395
f 361 1397 1396
f 1395 1396 1397
f 96 1398 1400
f 360 1399 1398
f 359 1400 1399
f 1398 1399 1400
f 98 1401 1403
f 361 1402 1401
f 360 1403 1402
f 1401 1402 1403
f 359 1399 1396
f 360 1402 1399
f 361 1396 1402
f 1399 1402 1396
f 28 1404 1406
f 362 1405 1404
f 364 1406 1405
f 1404 1405 1406
f 97 1407 1409
f 363 1408 1407
f 362 1409 1408
f 1407 1408 1409
f 96 1410 1412
f 364 1411 1410
f 363 1412 1411
f 1410 1411 1412
f 362 1408 1405
f 363 1411 1408
f 364 1405 1411
f 1408 1411 1405
f 27 1413 1415
f 365 1414 1413
f 367 1415 1414
f 1413 1414 1415
f 98 1416 1418
f 366 1417 1416
f 365 1418 1417
f 1416 1417 1418
f 97 1419 1421
f 367 1420 1419
f 366 1421 1420
f 1419 1420 1421
f 365 1417 1414
f 366 1420 1417
f 367 1414 1420
f 1417 1420 1414
f 96 1412 1398
f 363 1422 1412
f 360 1398 1422
f 1412 1422 1398
f 97 1421 1407
f 366 1423 1421
f 363 1407 1423
f 1421 1423 1407
f 98 1403 1416
f 360 1424 1403
f 366 1416 1424
f 1403 1424 1416
f 363 1423 1422
f 366 1424 1423
f 360 1422 1424
f 1423 1424 1422
f 22 1386 1350
f 358 1425 1386
f 347 1350 1425
f 1386 1425 1350
f 95 1426 1389
f 368 1427 1426
f 358 1389 1427
f 1426 1427 1389
f 92 1354 1429
f 347 1428 1354
f 368 1429 1428
f 1354 1428 1429
f 358 1427 1425
f 368 1428 1427
f 347 1425 1428
f 1427 1428 1425
f 27 1415 1376
f 367 1430 1415
f 354 1376 1430
f 1415 1430 1376
f 97 1431 1419
f 369 1432 1431
f 367 1419 1432
f 1431 1432 1419
f 95 1381 1434
f 354 1433 1381
f 369 1434 1433
f 1381 1433 1434
f 367 1432 1430
f 369 1433 1432
f 354 1430 1433
f 1432 1433 1430
f 28 1359 1404
f 351 1435 1359
f 362 1404 1435
f 1359 1435 1404
f 92 1436 1363
f 370 1437 1436
f 351 1363 1437
f 1436 1437 1363
f 97 1409 1439
f 362 1438 1409
f 370 1439 1438
f 1409 1438 1439
f 351 1437 1435
f 370 1438 1437
f 362 1435 1438
f 1437 1438 1435
f 95 1434 1426
f 369 1440 1434
f 368 1426 1440
f 1434 1440 1426
f 97 1439 1431
f 370 1441 1439
f 369 1431 1441
f 1439 1441 1431
f 92 1429 1436
f 368 1442 1429
f 370 1436 1442
f 1429 1442 1436
f 369 1441 1440
f 370 1442 1441
f 368 1440 1442
f 1441 1442 1440
f 11 1005 1444
f 261 1443 1005
f 372 1444 1443
f 1005 1443 1444
f 72 1445 1009
f 371 1446 1445
f 261 1009 1446
f 1445 1446 1009
f 100 1447 1449
f 372 1448 1447
f 371 1449 1448
f 1447 1448 1449
f 261 1446 1443
f 371 1448 1446
f 372 1443 1448
f 1446 1448 1443
f 20 1450 1021
f 373 1451 1450
f 265 1021 1451
f 1450 1451 1021
f 99 1452 1454
f 374 1453 1452
f 373 1454 1453
f 1452 1453 1454
f 72 1026 1456
f 265 1455 1026
f 374 1456 1455
f 1026 1455 1456
f 373 1453 1451
f 374 1455 1453
f 265 1451 1455
f 1453 1455 1451
f 30 1457 1459
f 375 1458 1457
f 377 1459 1458
f 1457 1458 1459
f 100 1460 1462
f 376 1461 1460
f 375 1462 1461
f 1460 1461 1462
f 99 1463 1465
f 377 1464 1463
f 376 1465 1464
f 1463 1464 1465
f 375 1461 1458
f 376 1464 1461
f 377 1458 1464
f 1461 1464 1458
f 72 1456 1445
f 374 1466 1456
f 371 1445 1466
f 1456 1466 1445
f 99 1465 1452
f 376 1467 1465
f 374 1452 1467
f 1465 1467 1452
f 100 1449 1460
f 371 1468 1449
f 376 1460 1468
f 1449 1468 1460
f 374 1467 1466
f 376 1468 1467
f 371 1466 1468
f 1467 1468 1466
f 8 1469 977
f 378 1470 1469
f 252 977 1470
f 1469 1470 977
f 101 1471 1473
f 379 1472 1471
f 378 1473 1472
f 1471 1472 1473
f 68 981 1475
f 252 1474 981
f 379 1475 1474
f 981 1474 1475
f 378 1472 1470
f 379 1474 1472
f 252 1470 1474
f 1472 1474 1470
f 29 1476 1478
f 380 1477 1476
f 382 1478 1477
f 1476 1477 1478
f 102 1479 1481
f 381 1480 1479
f 380 1481 1480
f 1479 1480 1481
f 101 1482 1484
f 382 1483 1482
f 381 1484 1483
f 1482 1483 1484
f 380 1480 1477
f 381 1483 1480
f 382 1477 1483
f 1480 1483 1477
f 20 986 1486
f 256 1485 986
f 384 1486 1485
f 986 1485 1486
f 68 1487 990
f 383 1488 1487
f 256 990 1488
f 1487 1488 990
f 102 1489 1491
f 384 1490 1489
f 383 1491 1490
f 1489 1490 1491
f 256 1488 1485
f 383 1490 1488
f 384 1485 1490
f 1488 1490 1485
f 101 1484 1471
f 381 1492 1484
f 379 1471 1492
f 1484 1492 1471
f 102 1491 1479
f 383 1493 1491
f 381 1479 1493
f 1491 1493 1479
f 68 1475 1487
f 379 1494 1475
f 383 1487 1494
f 1475 1494 1487
f 381 1493 1492
f 383 1494 1493
f 379 1492 1494
f 1493 1494 1492
f 7 1495 1497
f 385 1496 1495
f 387 1497 1496
f 1495 1496 1497
f 103 1498 1500
f 386 1499 1498
f 385 1500 1499
f 1498 1499 1500
f 105 1501 1503
f 387 1502 1501
f 386 1503 1502
f 1501 1502 1503
f 385 1499 1496
f 386 1502 1499
f 387 1496 1502
f 1499 1502 1496
f 30 1504 1506
f 388 1505 1504
f 390 1506 1505
f 1504 1505 1506
f 104 1507 1509
f 389 1508 1507
f 388 1509 1508
f 1507 1508 1509
f 103 1510 1512
f 390 1511 1510
f 389 1512 1511
f 1510 1511 1512
f 388 1508 1505
f 389 1511 1508
f 390 1505 1511
f 1508 1511 1505
f 29 1513 1515
f 391 1514 1513
f 393 1515 1514
f 1513 1514 1515
f 105 1516 1518
f 392 1517 1516
f 391 1518 1517
f 1516 1517 1518
f 104 1519 1521
f 393 1520 1519
f 392 1521 1520
f 1519 1520 1521
f 391 1517 1514
f 392 1520 1517
f 393 1514 1520
f 1517 1520 1514
f 103 1512 1498
f 389 1522 1512
f 386 1498 1522
f 1512 1522 1498
f 104 1521 1507
f 392 1523 1521
f 389 1507 1523
f 1521 1523 1507
f 105 1503 1516
f 386 1524 1503
f 392 1516 1524
f 1503 1524 1516
f 389 1523 1522
f 392 1524 1523
f 386 1522 1524
f 1523 1524 1522
f 20 1486 1450
f 384 1525 1486
f 373 1450 1525
f 1486 1525 1450
f 102 1526 1489
f 394 1527 1526
f 384 1489 1527
f 1526 1527 1489
f 99 1454 1529
f 373 1528 1454
f 394 1529 1528
f 1454 1528 1529
f 384 1527 1525
f 394 1528 1527
f 373 1525 1528
f 1527 1528 1525
f 29 1515 1476
f 393 1530 1515
f 380 1476 1530
f 1515 1530 1476
f 104 1531 1519
f 395 1532 1531
f 393 1519 1532
f 1531 1532 1519
f 102 1481 1534
f 380 1533 1481
f 395 1534 1533
f 1481 1533 1534
f 393 1532 1530
f 395 1533 1532
f 380 1530 1533
f 1532 1533 1530
f 30 1459 1504
f 377 1535 1459
f 388 1504 1535
f 1459 1535 1504
f 99 1536 1463
f 396 1537 1536
f 377 1463 1537
f 1536 1537 1463
f 104 1509 1539
f 388 1538 1509
f 396 1539 1538
f 1509 1538 1539
f 377 1537 1535
f 396 1538 1537
f 388 1535 1538
f 1537 1538 1535
f 102 1534 1526
f 395 1540 1534
f 394 1526 1540
f 1534 1540 1526
f 104 1539 1531
f 396 1541 1539
f 395 1531 1541
f 1539 1541 1531
f 99 1529 1536
f 394 1542 1529
f 396 1536 1542
f 1529 1542 1536
f 395 1541 1540
f 396 1542 1541
f 394 1540 1542
f 1541 1542 1540
f 8 905 1544
f 235 1543 905
f 398 1544 1543
f 905 1543 1544
f 65 1545 909
f 397 1546 1545
f 235 909 1546
f 1545 1546 909
f 107 1547 1549
f 398 1548 1547
f 397 1549 1548
f 1547 1548 1549
f 235 1546 1543
f 397 1548 1546
f 398 1543 1548
f 1546 1548 1543
f 18 1550 921
f 399 1551 1550
f 239 921 1551
f 1550 1551 921
f 106 1552 1554
f 400 1553 1552
f 399 1554 1553
f 1552 1553 1554
f 65 926 1556
f 239 1555 926
f 400 1556 1555
f 926 1555 1556
f 399 1553 1551
f 400 1555 1553
f 239 1551 1555
f 1553 1555 1551
f 32 1557 1559
f 401 1558 1557
f 403 1559 1558
f 1557 1558 1559
f 107 1560 1562
f 402 1561 1560
f 401 1562 1561
f 1560 1561 1562
f 106 1563 1565
f 403 1564 1563
f 402 1565 1564
f 1563 1564 1565
f 401 1561 1558
f 402 1564 1561
f 403 1558 1564
f 1561 1564 1558
f 65 1556 1545
f 400 1566 1556
f 397 1545 1566
f 1556 1566 1545
f 106 1565 1552
f 402 1567 1565
f 400 1552 1567
f 1565 1567 1552
f 107 1549 1560
f 397 1568 1549
f 402 1560 1568
f 1549 1568 1560
f 400 1567 1566
f 402 1568 1567
f 397 1566 1568
f 1567 1568 1566
f 2 1569 877
f 404 1570 1569
f 226 877 1570
f 1569 1570 877
f 108 1571 1573
f 405 1572 1571
f 404 1573 1572
f 1571 1572 1573
f 61 881 1575
f 226 1574 881
f 405 1575 1574
f 881 1574 1575
f 404 1572 1570
f 405 1574 1572
f 226 1570 1574
f 1572 1574 1570
f 31 1576 1578
f 406 1577 1576
f 408 1578 1577
f 1576 1577 1578
f 109 1579 1581
f 407 1580 1579
f 406 1581 1580
f 1579 1580 1581
f 108 1582 1584
f 408 1583 1582
f 407 1584 1583
f 1582 1583 1584
f 406 1580 1577
f 407 1583 1580
f 408 1577 1583
f 1580 1583 1577
f 18 886 1586
f 230 1585 886
f 410 1586 1585
f 886 1585 1586
f 61 1587 890
f 409 1588 1587
f 230 890 1588
f 1587 1588 890
f 109 1589 1591
f 410 1590 1589
f 409 1591 1590
f 1589 1590 1591
f 230 1588 1585
f 409 1590 1588
f 410 1585 1590
f 1588 1590 1585
f 108 1584 1571
f 407 1592 1584
f 405 1571 1592
f 1584 1592 1571
f 109 1591 1579
f 409 1593 1591
f 407 1579 1593
f 1591 1593 1579
f 61 1575 1587
f 405 1594 1575
f 409 1587 1594
f 1575 1594 1587
f 407 1593 1592
f 409 1594 1593
f 405 1592 1594
f 1593 1594 1592
f 9 1595 1597
f 411 1596 1595
f 413 1597 1596
f 1595 1596 1597
f 110 1598 1600
f 412 1599 1598
f 411 1600 1599
f 1598 1599 1600
f 112 1601 1603
f 413 1602 1601
f 412 1603 1602
f 1601 1602 1603
f 411 1599 1596
f 412 1602 1599
f 413 1596 1602
f 1599 1602 1596
f 32 1604 1606
f 414 1605 1604
f 416 1606 1605
f 1604 1605 1606
f 111 1607 1609
f 415 1608 1607
f 414 1609 1608
f 1607 1608 1609
f 110 1610 1612
f 416 1611 1610
f 415 1612 1611
f 1610 1611 1612
f 414 1608 1605
f 415 1611 1608
f 416 1605 1611
f 1608 1611 1605
f 31 1613 1615
f 417 1614 1613
f 419 1615 1614
f 1613 1614 1615
f 112 1616 1618
f 418 1617 1616
f 417 1618 1617
f 1616 1617 1618
f 111 1619 1621
f 419 1620 1619
f 418 1621 1620
f 1619 1620 1621
f 417 1617 1614
f 418 1620 1617
f 419 1614 1620
f 1617 1620 1614
f 110 1612 1598
f 415 1622 1612
f 412 1598 1622
f 1612 1622 1598
f 111 1621 1607
f 418 1623 1621
f 415 1607 1623
f 1621 1623 1607
f 112 1603 1616
f 412 1624 1603
f 418 1616 1624
f 1603 1624 1616
f 415 1623 1622
f 418 1624 1623
f 412 1622 1624
f 1623 1624 1622
f 18 1586 1550
f 410 1625 1586
f 399 1550 1625
f 1586 1625 1550
f 109 1626 1589
f 420 1627 1626
f 410 1589 1627
f 1626 1627 1589
f 106 1554 1629
f 399 1628 1554
f 420 1629 1628
f 1554 1628 1629
f 410 1627 1625
f 420 1628 1627
f 399 1625 1628
f 1627 1628 1625
f 31 1615 1576
f 419 1630 1615
f 406 1576 1630
f 1615 1630 1576
f 111 1631 1619
f 421 1632 1631
f 419 1619 1632
f 1631 1632 1619
f 109 1581 1634
f 406 1633 1581
f 421 1634 1633
f 1581 1633 1634
f 419 1632 1630
f 421 1633 1632
f 406 1630 1633
f 1632 1633 1630
f 32 1559 1604
f 403 1635 1559
f 414 1604 1635
f 1559 1635 1604
f 106 1636 1563
f 422 1637 1636
f 403 1563 1637
f 1636 1637 1563
f 111 1609 1639
f 414 1638 1609
f 422 1639 1638
f 1609 1638 1639
f 403 1637 1635
f 422 1638 1637
f 414 1635 1638
f 1637 1638 1635
f 109 1634 1626
f 421 1640 1634
f 420 1626 1640
f 1634 1640 1626
f 111 1639 1631
f 422 1641 1639
f 421 1631 1641
f 1639 1641 1631
f 106 1629 1636
f 420 1642 1629
f 422 1636 1642
f 1629 1642 1636
f 421 1641 1640
f 422 1642 1641
f 420 1640 1642
f 1641 1642 1640
f 4 1643 1645
f 423 1644 1643
f 425 1645 1644
f 1643 1644 1645
f 113 1646 1648
f 424 1647 1646
f 423 1648 1647
f 1646 1647 1648
f 115 1649 1651
f 425 1650 1649
f 424 1651 1650
f 1649 1650 1651
f 423 1647 1644
f 424 1650 1647
f 425 1644 1650
f 1647 1650 1644
f 33 1652 1654
f 426 1653 1652
f 428 1654 1653
f 1652 1653 1654
f 114 1655 1657
f 427 1656 1655
f 426 1657 1656
f 1655 1656 1657
f 113 1658 1660
f 428 1659 1658
f 427 1660 1659
f 1658 1659 1660
f 426 1656 1653
f 427 1659 1656
f 428 1653 1659
f 1656 1659 1653
f 35 1661 1663
f 429 1662 1661
f 431 1663 1662
f 1661 1662 1663
f 115 1664 1666
f 430 1665 1664
f 429 1666 1665
f 1664 1665 1666
f 114 1667 1669
f 431 1668 1667
f 430 1669 1668
f 1667 1668 1669
f 429 1665 1662
f 430 1668 1665
f 431 1662 1668
f 1665 1668 1662
f 113 1660 1646
f 427 1670 1660
f 424 1646 1670
f 1660 1670 1646
f 114 1669 1655
f 430 1671 1669
f 427 1655 1671
f 1669 1671 1655
f 115 1651 1664
f 424 1672 1651
f 430 1664 1672
f 1651 1672 1664
f 427 1671 1670
f 430 1672 1671
f 424 1670 1672
f 1671 1672 1670
f 10 1673 1675
f 432 1674 1673
f 434 1675 1674
f 1673 1674 1675
f 116 1676 1678
f 433 1677 1676
f 432 1678 1677
f 1676 1677 1678
f 118 1679 1681
f 434 1680 1679
f 433 1681 1680
f 1679 1680 1681
f 432 1677 1674
f 433 1680 1677
f 434 1674 1680
f 1677 1680 1674
f 34 1682 1684
f 435 1683 1682
f 437 1684 1683
f 1682 1683 1684
f 117 1685 1687
f 436 1686 1685
f 435 1687 1686
f 1685 1686 1687
f 116 1688 1690
f 437 1689 1688
f 436 1690 1689
f 1688 1689 1690
f 435 1686 1683
f 436 1689 1686
f 437 1683 1689
f 1686 1689 1683
f 33 1691 1693
f 438 1692 1691
f 440 1693 1692
f 1691 1692 1693
f 118 1694 1696
f 439 1695 1694
f 438 1696 1695
f 1694 1695 1696
f 117 1697 1699
f 440 1698 1697
f 439 1699 1698
f 1697 1698 1699
f 438 1695 1692
f 439 1698 1695
f 440 1692 1698
f 1695 1698 1692
f 116 1690 1676
f 436 1700 1690
f 433 1676 1700
f 1690 1700 1676
f 117 1699 1685
f 439 1701 1699
f 436 1685 1701
f 1699 1701 1685
f 118 1681 1694
f 433 1702 1681
f 439 1694 1702
f 1681 1702 1694
f 436 1701 1700
f 439 1702 1701
f 433 1700 1702
f 1701 1702 1700
f 5 1703 1705
f 441 1704 1703
f 443 1705 1704
f 1703 1704 1705
f 119 1706 1708
f 442 1707 1706
f 441 1708 1707
f 1706 1707 1708
f 121 1709 1711
f 443 1710 1709
f 442 1711 1710
f 1709 1710 1711
f 441 1707 1704
f 442 1710 1707
f 443 1704 1710
f 1707 1710 1704
f 35 1712 1714
f 444 1713 1712
f 446 1714 1713
f 1712 1713 1714
f 120 1715 1717
f 445 1716 1715
f 444 1717 1716
f 1715 1716 1717
f 119 1718 1720
f 446 1719 1718
f 445 1720 1719
f 1718 1719 1720
f 444 1716 1713
f 445 1719 1716
f 446 1713 1719
f 1716 1719 1713
f 34 1721 1723
f 447 1722 1721
f 449 1723 1722
f 1721 1722 1723
f 121 1724 1726
f 448 1725 1724
f 447 1726 1725
f 1724 1725 1726
f 120 1727 1729
f 449 1728 1727
f 448 1729 1728
f 1727 1728 1729
f 447 1725 1722
f 448 1728 1725
f 449 1722 1728
f 1725 1728 1722
f 119 1720 1706
f 445 1730 1720
f 442 1706 1730
f 1720 1730 1706
f 120 1729 1715
f 448 1731 1729
f 445 1715 1731
f 1729 1731 1715
f 121 1711 1724
f 442 1732 1711
f 448 1724 1732
f 1711 1732 1724
f 445 1731 1730
f 448 1732 1731
f 442 1730 1732
f 1731 1732 1730
f 33 1693 1652
f 440 1733 1693
f 426 1652 1733
f 1693 1733 1652
f 117 1734 1697
f 450 1735 1734
f 440 1697 1735
f 1734 1735 1697
f 114 1657 1737
f 426 1736 1657
f 450 1737 1736
f 1657 1736 1737
f 440 1735 1733
f 450 1736 1735
f 426 1733 1736
f 1735 1736 1733
f 34 1723 1682
f 449 1738 1723
f 435 1682 1738
f 1723 1738 1682
f 120 1739 1727
f 451 1740 1739
f 449 1727 1740
f 1739 1740 1727
f 117 1687 1742
f 435 1741 1687
f 451 1742 1741
f 1687 1741 1742
f 449 1740 1738
f 451 1741 1740
f 435 1738 1741
f 1740 1741 1738
f 35 1663 1712
f 431 1743 1663
f 444 1712 1743
f 1663 1743 1712
f 114 1744 1667
f 452 1745 1744
f 431 1667 1745
f 1744 1745 1667
f 120 1717 1747
f 444 1746 1717
f 452 1747 1746
f 1717 1746 1747
f 431 1745 1743
f 452 1746 1745
f 444 1743 1746
f 1745 1746 1743
f 117 1742 1734
f 451 1748 1742
f 450 1734 1748
f 1742 1748 1734
f 120 1747 1739
f 452 1749 1747
f 451 1739 1749
f 1747 1749 1739
f 114 1737 1744
f 450 1750 1737
f 452 1744 1750
f 1737 1750 1744
f 451 1749 1748
f 452 1750 1749
f 450 1748 1750
f 1749 1750 1748
f 4 1645 1752
f 425 1751 1645
f 454 1752 1751
f 1645 1751 1752
f 115 1753 1649
f 453 1754 1753
f 425 1649 1754
f 1753 1754 1649
f 123 1755 1757
f 454 1756 1755
f 453 1757 1756
f 1755 1756 1757
f 425 1754 1751
f 453 1756 1754
f 454 1751 1756
f 1754 1756 1751
f 35 1758 1661
f 455 1759 1758
f 429 1661 1759
f 1758 1759 1661
f 122 1760 1762
f 456 1761 1760
f 455 1762 1761
f 1760 1761 1762
f 115 1666 1764
f 429 1763 1666
f 456 1764 1763
f 1666 1763 1764
f 455 1761 1759
f 456 1763 1761
f 429 1759 1763
f 1761 1763 1759
f 37 1765 1767
f 457 1766 1765
f 459 1767 1766
f 1765 1766 1767
f 123 1768 1770
f 458 1769 1768
f 457 1770 1769
f 1768 1769 1770
f 122 1771 1773
f 459 1772 1771
f 458 1773 1772
f 1771 1772 1773
f 457 1769 1766
f 458 1772 1769
f 459 1766 1772
f 1769 1772 1766
f 115 1764 1753
f 456 1774 1764
f 453 1753 1774
f 1764 1774 1753
f 122 1773 1760
f 458 1775 1773
f 456 1760 1775
f 1773 1775 1760
f 123 1757 1768
f 453 1776 1757
f 458 1768 1776
f 1757 1776 1768
f 456 1775 1774
f 458 1776 1775
f 453 1774 1776
f 1775 1776 1774
f 5 1777 1703
f 460 1778 1777
f 441 1703 1778
f 1777 1778 1703
f 124 1779 1781
f 461 1780 1779
f 460 1781 1780
f 1779 1780 1781
f 119 1708 1783
f 441 1782 1708
f 461 1783 1782
f 1708 1782 1783
f 460 1780 1778
f 461 1782 1780
f 441 1778 1782
f 1780 1782 1778
f 36 1784 1786
f 462 1785 1784
f 464 1786 1785
f 1784 1785 1786
f 125 1787 1789
f 463 1788 1787
f 462 1789 1788
f 1787 1788 1789
f 124 1790 1792
f 464 1791 1790
f 463 1792 1791
f 1790 1791 1792
f 462 1788 1785
f 463 1791 1788
f 464 1785 1791
f 1788 1791 1785
f 35 1714 1794
f 446 1793 1714
f 466 1794 1793
f 1714 1793 1794
f 119 1795 1718
f 465 1796 1795
f 446 1718 1796
f 1795 1796 1718
f 125 1797 1799
f 466 1798 1797
f 465 1799 1798
f 1797 1798 1799
f 446 1796 1793
f 465 1798 1796
f 466 1793 1798
f 1796 1798 1793
f 124 1792 1779
f 463 1800 1792
f 461 1779 1800
f 1792 1800 1779
f 125 1799 1787
f 465 1801 1799
f 463 1787 1801
f 1799 1801 1787
f 119 1783 1795
f 461 1802 1783
f 465 1795 1802
f 1783 1802 1795
f 463 1801 1800
f 465 1802 1801
f 461 1800 1802
f 1801 1802 1800
f 3 1803 1805
f 467 1804 1803
f 469 1805 1804
f 1803 1804 1805
f 126 1806 1808
f 468 1807 1806
f 467 1808 1807
f 1806 1807 1808
f 128 1809 1811
f 469 1810 1809
f 468 1811 1810
f 1809 1810 1811
f 467 1807 1804
f 468 1810 1807
f 469 1804 1810
f 1807 1810 1804
f 37 1812 1814
f 470 1813 1812
f 472 1814 1813
f 1812 1813 1814
f 127 1815 1817
f 471 1816 1815
f 470 1817 1816
f 1815 1816 1817
f 126 1818 1820
f 472 1819 1818
f 471 1820 1819
f 1818 1819 1820
f 470 1816 1813
f 471 1819 1816
f 472 1813 1819
f 1816 1819 1813
f 36 1821 1823
f 473 1822 1821
f 475 1823 1822
f 1821 1822 1823
f 128 1824 1826
f 474 1825 1824
f 473 1826 1825
f 1824 1825 1826
f 127 1827 1829
f 475 1828 1827
f 474 1829 1828
f 1827 1828 1829
f 473 1825 1822
f 474 1828 1825
f 475 1822 1828
f 1825 1828 1822
f 126 1820 1806
f 471 1830 1820
f 468 1806 1830
f 1820 1830 1806
f 127 1829 1815
f 474 1831 1829
f 471 1815 1831
f 1829 1831 1815
f 128 1811 1824
f 468 1832 1811
f 474 1824 1832
f 1811 1832 1824
f 471 1831 1830
f 474 1832 1831
f 468 1830 1832
f 1831 1832 1830
f 35 1794 1758
f 466 1833 1794
f 455 1758 1833
f 1794 1833 1758
f 125 1834 1797
f 476 1835 1834
f 466 1797 1835
f 1834 1835 1797
f 122 1762 1837
f 455 1836 1762
f 476 1837 1836
f 1762 1836 1837
f 466 1835 1833
f 476 1836 1835
f 455 1833 1836
f 1835 1836 1833
f 36 1823 1784
f 475 1838 1823
f 462 1784 1838
f 1823 1838 1784
f 127 1839 1827
f 477 1840 1839
f 475 1827 1840
f 1839 1840 1827
f 125 1789 1842
f 462 1841 1789
f 477 1842 1841
f 1789 1841 1842
f 475 1840 1838
f 477 1841 1840
f 462 1838 1841
f 1840 1841 1838
f 37 1767 1812
f 459 1843 1767
f 470 1812 1843
f 1767 1843 1812
f 122 1844 1771
f 478 1845 1844
f 459 1771 1845
f 1844 1845 1771
f 127 1817 1847
f 470 1846 1817
f 478 1847 1846
f 1817 1846 1847
f 459 1845 1843
f 478 1846 1845
f 470 1843 1846
f 1845 1846 1843
f 125 1842 1834
f 477 1848 1842
f 476 1834 1848
f 1842 1848 1834
f 127 1847 1839
f 478 1849 1847
f 477 1839 1849
f 1847 1849 1839
f 122 1837 1844
f 476 1850 1837
f 478 1844 1850
f 1837 1850 1844
f 477 1849 1848
f 478 1850 1849
f 476 1848 1850
f 1849 1850 1848
f 4 1752 1852
f 454 1851 1752
f 480 1852 1851
f 1752 1851 1852
f 123 1853 1755
f 479 1854 1853
f 454 1755 1854
f 1853 1854 1755
f 130 1855 1857
f 480 1856 1855
f 479 1857 1856
f 1855 1856 1857
f 454 1854 1851
f 479 1856 1854
f 480 1851 1856
f 1854 1856 1851
f 37 1858 1765
f 481 1859 1858
f 457 1765 1859
f 1858 1859 1765
f 129 1860 1862
f 482 1861 1860
f 481 1862 1861
f 1860 1861 1862
f 123 1770 1864
f 457 1863 1770
f 482 1864 1863
f 1770 1863 1864
f 481 1861 1859
f 482 1863 1861
f 457 1859 1863
f 1861 1863 1859
f 39 1865 1867
f 483 1866 1865
f 485 1867 1866
f 1865 1866 1867
f 130 1868 1870
f 484 1869 1868
f 483 1870 1869
f 1868 1869 1870
f 129 1871 1873
f 485 1872 1871
f 484 1873 1872
f 1871 1872 1873
f 483 1869 1866
f 484 1872 1869
f 485 1866 1872
f 1869 1872 1866
f 123 1864 1853
f 482 1874 1864
f 479 1853 1874
f 1864 1874 1853
f 129 1873 1860
f 484 1875 1873
f 482 1860 1875
f 1873 1875 1860
f 130 1857 1868
f 479 1876 1857
f 484 1868 1876
f 1857 1876 1868
f 482 1875 1874
f 484 1876 1875
f 479 1874 1876
f 1875 1876 1874
f 3 1877 1803
f 486 1878 1877
f 467 1803 1878
f 1877 1878 1803
f 131 1879 1881
f 487 1880 1879
f 486 1881 1880
f 1879 1880 1881
f 126 1808 1883
f 467 1882 1808
f 487 1883 1882
f 1808 1882 1883
f 486 1880 1878
f 487 1882 1880
f 467 1878 1882
f 1880 1882 1878
f 38 1884 1886
f 488 1885 1884
f 490 1886 1885
f 1884 1885 1886
f 132 1887 1889
f 489 1888 1887
f 488 1889 1888
f 1887 1888 1889
f 131 1890 1892
f 490 1891 1890
f 489 1892 1891
f 1890 1891 1892
f 488 1888 1885
f 489 1891 1888
f 490 1885 1891
f 1888 1891 1885
f 37 1814 1894
f 472 1893 1814
f 492 1894 1893
f 1814 1893 1894
f 126 1895 1818
f 491 1896 1895
f 472 1818 1896
f 1895 1896 1818
f 132 1897 1899
f 492 1898 1897
f 491 1899 1898
f 1897 1898 1899
f 472 1896 1893
f 491 1898 1896
f 492 1893 1898
f 1896 1898 1893
f 131 1892 1879
f 489 1900 1892
f 487 1879 1900
f 1892 1900 1879
f 132 1899 1887
f 491 1901 1899
f 489 1887 1901
f 1899 1901 1887
f 126 1883 1895
f 487 1902 1883
f 491 1895 1902
f 1883 1902 1895
f 489 1901 1900
f 491 1902 1901
f 487 1900 1902
f 1901 1902 1900
f 7 1903 1905
f 493 1904 1903
f 495 1905 1904
f 1903 1904 1905
f 133 1906 1908
f 494 1907 1906
f 493 1908 1907
f 1906 1907 1908
f 135 1909 1911
f 495 1910 1909
f 494 1911 1910
f 1909 1910 1911
f 493 1907 1904
f 494 1910 1907
f 495 1904 1910
f 1907 1910 1904
f 39 1912 1914
f 496 1913 1912
f 498 1914 1913
f 1912 1913 1914
f 134 1915 1917
f 497 1916 1915
f 496 1917 1916
f 1915 1916 1917
f 133 1918 1920
f 498 1919 1918
f 497 1920 1919
f 1918 1919 1920
f 496 1916 1913
f 497 1919 1916
f 498 1913 1919
f 1916 1919 1913
f 38 1921 1923
f 499 1922 1921
f 501 1923 1922
f 1921 1922 1923
f 135 1924 1926
f 500 1925 1924
f 499 1926 1925
f 1924 1925 1926
f 134 1927 1929
f 501 1928 1927
f 500 1929 1928
f 1927 1928 1929
f 499 1925 1922
f 500 1928 1925
f 501 1922 1928
f 1925 1928 1922
f 133 1920 1906
f 497 1930 1920
f 494 1906 1930
f 1920 1930 1906
f 134 1929 1915
f 500 1931 1929
f 497 1915 1931
f 1929 1931 1915
f 135 1911 1924
f 494 1932 1911
f 500 1924 1932
f 1911 1932 1924
f 497 1931 1930
f 500 1932 1931
f 494 1930 1932
f 1931 1932 1930
f 37 1894 1858
f 492 1933 1894
f 481 1858 1933
f 1894 1933 1858
f 132 1934 1897
f 502 1935 1934
f 492 1897 1935
f 1934 1935 1897
f 129 1862 1937
f 481 1936 1862
f 502 1937 1936
f 1862 1936 1937
f 492 1935 1933
f 502 1936 1935
f 481 1933 1936
f 1935 1936 1933
f 38 1923 1884
f 501 1938 1923
f 488 1884 1938
f 1923 1938 1884
f 134 1939 1927
f 503 1940 1939
f 501 1927 1940
f 1939 1940 1927
f 132 1889 1942
f 488 1941 1889
f 503 1942 1941
f 1889 1941 1942
f 501 1940 1938
f 503 1941 1940
f 488 1938 1941
f 1940 1941 1938
f 39 1867 1912
f 485 1943 1867
f 496 1912 1943
f 1867 1943 1912
f 129 1944 1871
f 504 1945 1944
f 485 1871 1945
f 1944 1945 1871
f 134 1917 1947
f 496 1946 1917
f 504 1947 1946
f 1917 1946 1947
f 485 1945 1943
f 504 1946 1945
f 496 1943 1946
f 1945 1946 1943
f 132 1942 1934
f 503 1948 1942
f 502 1934 1948
f 1942 1948 1934
f 134 1947 1939
f 504 1949 1947
f 503 1939 1949
f 1947 1949 1939
f 129 1937 1944
f 502 1950 1937
f 504 1944 1950
f 1937 1950 1944
f 503 1949 1948
f 504 1950 1949
f 502 1948 1950
f 1949 1950 1948
f 4 1852 1952
f 480 1951 1852
f 506 1952 1951
f 1852 1951 1952
f 130 1953 1855
f 505 1954 1953
f 480 1855 1954
f 1953 1954 1855
f 137 1955 1957
f 506 1956 1955
f 505 1957 1956
f 1955 1956 1957
f 480 1954 1951
f 505 1956 1954
f 506 1951 1956
f 1954 1956 1951
f 39 1958 1865
f 507 1959 1958
f 483 1865 1959
f 1958 1959 1865
f 136 1960 1962
f 508 1961 1960
f 507 1962 1961
f 1960 1961 1962
f 130 1870 1964
f 483 1963 1870
f 508 1964 1963
f 1870 1963 1964
f 507 1961 1959
f 508 1963 1961
f 483 1959 1963
f 1961 1963 1959
f 41 1965 1967
f 509 1966 1965
f 511 1967 1966
f 1965 1966 1967
f 137 1968 1970
f 510 1969 1968
f 509 1970 1969
f 1968 1969 1970
f 136 1971 1973
f 511 1972 1971
f 510 1973 1972
f 1971 1972 1973
f 509 1969 1966
f 510 1972 1969
f 511 1966 1972
f 1969 1972 1966
f 130 1964 1953
f 508 1974 1964
f 505 1953 1974
f 1964 1974 1953
f 136 1973 1960
f 510 1975 1973
f 508 1960 1975
f 1973 1975 1960
f 137 1957 1968
f 505 1976 1957
f 510 1968 1976
f 1957 1976 1968
f 508 1975 1974
f 510 1976 1975
f 505 1974 1976
f 1975 1976 1974
f 7 1977 1903
f 512 1978 1977
f 493 1903 1978
f 1977 1978 1903
f 138 1979 1981
f 513 1980 1979
f 512 1981 1980
f 1979 1980 1981
f 133 1908 1983
f 493 1982 1908
f 513 1983 1982
f 1908 1982 1983
f 512 1980 1978
f 513 1982 1980
f 493 1978 1982
f 1980 1982 1978
f 40 1984 1986
f 514 1985 1984
f 516 1986 1985
f 1984 1985 1986
f 139 1987 1989
f 515 1988 1987
f 514 1989 1988
f 1987 1988 1989
f 138 1990 1992
f 516 1991 1990
f 515 1992 1991
f 1990 1991 1992
f 514 1988 1985
f 515 1991 1988
f 516 1985 1991
f 1988 1991 1985
f 39 1914 1994
f 498 1993 1914
f 518 1994 1993
f 1914 1993 1994
f 133 1995 1918
f 517 1996 1995
f 498 1918 1996
f 1995 1996 1918
f 139 1997 1999
f 518 1998 1997
f 517 1999 1998
f 1997 1998 1999
f 498 1996 1993
f 517 1998 1996
f 518 1993 1998
f 1996 1998 1993
f 138 1992 1979
f 515 2000 1992
f 513 1979 2000
f 1992 2000 1979
f 139 1999 1987
f 517 2001 1999
f 515 1987 2001
f 1999 2001 1987
f 133 1983 1995
f 513 2002 1983
f 517 1995 2002
f 1983 2002 1995
f 515 2001 2000
f 517 2002 2001
f 513 2000 2002
f 2001 2002 2000
f 9 2003 2005
f 519 2004 2003
f 521 2005 2004
f 2003 2004 2005
f 140 2006 2008
f 520 2007 2006
f 519 2008 2007
f 2006 2007 2008
f 142 2009 2011
f 521 2010 2009
f 520 2011 2010
f 2009 2010 2011
f 519 2007 2004
f 520 2010 2007
f 521 2004 2010
f 2007 2010 2004
f 41 2012 2014
f 522 2013 2012
f 524 2014 2013
f 2012 2013 2014
f 141 2015 2017
f 523 2016 2015
f 522 2017 2016
f 2015 2016 2017
f 140 2018 2020
f 524 2019 2018
f 523 2020 2019
f 2018 2019 2020
f 522 2016 2013
f 523 2019 2016
f 524 2013 2019
f 2016 2019 2013
f 40 2021 2023
f 525 2022 2021
f 527 2023 2022
f 2021 2022 2023
f 142 2024 2026
f 526 2025 2024
f 525 2026 2025
f 2024 2025 2026
f 141 2027 2029
f 527 2028 2027
f 526 2029 2028
f 2027 2028 2029
f 525 2025 2022
f 526 2028 2025
f 527 2022 2028
f 2025 2028 2022
f 140 2020 2006
f 523 2030 2020
f 520 2006 2030
f 2020 2030 2006
f 141 2029 2015
f 526 2031 2029
f 523 2015 2031
f 2029 2031 2015
f 142 2011 2024
f 520 2032 2011
f 526 2024 2032
f 2011 2032 2024
f 523 2031 2030
f 526 2032 2031
f 520 2030 2032
f 2031 2032 2030
f 39 1994 1958
f 518 2033 1994
f 507 1958 2033
f 1994 2033 1958
f 139 2034 1997
f 528 2035 2034
f 518 1997 2035
f 2034 2035 1997
f 136 1962 2037
f 507 2036 1962
f 528 2037 2036
f 1962 2036 2037
f 518 2035 2033
f 528 2036 2035
f 507 2033 2036
f 2035 2036 2033
f 40 2023 1984
f 527 2038 2023
f 514 1984 2038
f 2023 2038 1984
f 141 2039 2027
f 529 2040 2039
f 527 2027 2040
f 2039 2040 2027
f 139 1989 2042
f 514 2041 1989
f 529 2042 2041
f 1989 2041 2042
f 527 2040 2038
f 529 2041 2040
f 514 2038 2041
f 2040 2041 2038
f 41 1967 2012
f 511 2043 1967
f 522 2012 2043
f 1967 2043 2012
f 136 2044 1971
f 530 2045 2044
f 511 1971 2045
f 2044 2045 1971
f 141 2017 2047
f 522 2046 2017
f 530 2047 2046
f 2017 2046 2047
f 511 2045 2043
f 530 2046 2045
f 522 2043 2046
f 2045 2046 2043
f 139 2042 2034
f 529 2048 2042
f 528 2034 2048
f 2042 2048 2034
f 141 2047 2039
f 530 2049 2047
f 529 2039 2049
f 2047 2049 2039
f 136 2037 2044
f 528 2050 2037
f 530 2044 2050
f 2037 2050 2044
f 529 2049 2048
f 530 2050 2049
f 528 2048 2050
f 2049 2050 2048
f 4 1952 1643
f 506 2051 1952
f 423 1643 2051
f 1952 2051 1643
f 137 2052 1955
f 531 2053 2052
f 506 1955 2053
f 2052 2053 1955
f 113 1648 2055
f 423 2054 1648
f 531 2055 2054
f 1648 2054 2055
f 506 2053 2051
f 531 2054 2053
f 423 2051 2054
f 2053 2054 2051
f 41 2056 1965
f 532 2057 2056
f 509 1965 2057
f 2056 2057 1965
f 143 2058 2060
f 533 2059 2058
f 532 2060 2059
f 2058 2059 2060
f 137 1970 2062
f 509 2061 1970
f 533 2062 2061
f 1970 2061 2062
f 532 2059 2057
f 533 2061 2059
f 509 2057 2061
f 2059 2061 2057
f 33 1654 2064
f 428 2063 1654
f 535 2064 2063
f 1654 2063 2064
f 113 2065 1658
f 534 2066 2065
f 428 1658 2066
f 2065 2066 1658
f 143 2067 2069
f 535 2068 2067
f 534 2069 2068
f 2067 2068 2069
f 428 2066 2063
f 534 2068 2066
f 535 2063 2068
f 2066 2068 2063
f 137 2062 2052
f 533 2070 2062
f 531 2052 2070
f 2062 2070 2052
f 143 2069 2058
f 534 2071 2069
f 533 2058 2071
f 2069 2071 2058
f 113 2055 2065
f 531 2072 2055
f 534 2065 2072
f 2055 2072 2065
f 533 2071 2070
f 534 2072 2071
f 531 2070 2072
f 2071 2072 2070
f 9 2073 2003
f 536 2074 2073
f 519 2003 2074
f 2073 2074 2003
f 144 2075 2077
f 537 2076 2075
f 536 2077 2076
f 2075 2076 2077
f 140 2008 2079
f 519 2078 2008
f 537 2079 2078
f 2008 2078 2079
f 536 2076 2074
f 537 2078 2076
f 519 2074 2078
f 2076 2078 2074
f 42 2080 2082
f 538 2081 2080
f 540 2082 2081
f 2080 2081 2082
f 145 2083 2085
f 539 2084 2083
f 538 2085 2084
f 2083 2084 2085
f 144 2086 2088
f 540 2087 2086
f 539 2088 2087
f 2086 2087 2088
f 538 2084 2081
f 539 2087 2084
f 540 2081 2087
f 2084 2087 2081
f 41 2014 2090
f 524 2089 2014
f 542 2090 2089
f 2014 2089 2090
f 140 2091 2018
f 541 2092 2091
f 524 2018 2092
f 2091 2092 2018
f 145 2093 2095
f 542 2094 2093
f 541 2095 2094
f 2093 2094 2095
f 524 2092 2089
f 541 2094 2092
f 542 2089 2094
f 2092 2094 2089
f 144 2088 2075
f 539 2096 2088
f 537 2075 2096
f 2088 2096 2075
f 145 2095 2083
f 541 2097 2095
f 539 2083 2097
f 2095 2097 2083
f 140 2079 2091
f 537 2098 2079
f 541 2091 2098
f 2079 2098 2091
f 539 2097 2096
f 541 2098 2097
f 537 2096 2098
f 2097 2098 2096
f 10 1675 2100
f 434 2099 1675
f 544 2100 2099
f 1675 2099 2100
f 118 2101 1679
f 543 2102 2101
f 434 1679 2102
f 2101 2102 1679
f 147 2103 2105
f 544 2104 2103
f 543 2105 2104
f 2103 2104 2105
f 434 2102 2099
f 543 2104 2102
f 544 2099 2104
f 2102 2104 2099
f 33 2106 1691
f 545 2107 2106
f 438 1691 2107
f 2106 2107 1691
f 146 2108 2110
f 546 2109 2108
f 545 2110 2109
f 2108 2109 2110
f 118 1696 2112
f 438 2111 1696
f 546 2112 2111
f 1696 2111 2112
f 545 2109 2107
f 546 2111 2109
f 438 2107 2111
f 2109 2111 2107
f 42 2113 2115
f 547 2114 2113
f 549 2115 2114
f 2113 2114 2115
f 147 2116 2118
f 548 2117 2116
f 547 2118 2117
f 2116 2117 2118
f 146 2119 2121
f 549 2120 2119
f 548 2121 2120
f 2119 2120 2121
f 547 2117 2114
f 548 2120 2117
f 549 2114 2120
f 2117 2120 2114
f 118 2112 2101
f 546 2122 2112
f 543 2101 2122
f 2112 2122 2101
f 146 2121 2108
f 548 2123 2121
f 546 2108 2123
f 2121 2123 2108
f 147 2105 2116
f 543 2124 2105
f 548 2116 2124
f 2105 2124 2116
f 546 2123 2122
f 548 2124 2123
f 543 2122 2124
f 2123 2124 2122
f 41 2090 2056
f 542 2125 2090
f 532 2056 2125
f 2090 2125 2056
f 145 2126 2093
f 550 2127 2126
f 542 2093 2127
f 2126 2127 2093
f 143 2060 2129
f 532 2128 2060
f 550 2129 2128
f 2060 2128 2129
f 542 2127 2125
f 550 2128 2127
f 532 2125 2128
f 2127 2128 2125
f 42 2115 2080
f 549 2130 2115
f 538 2080 2130
f 2115 2130 2080
f 146 2131 2119
f 551 2132 2131
f 549 2119 2132
f 2131 2132 2119
f 145 2085 2134
f 538 2133 2085
f 551 2134 2133
f 2085 2133 2134
f 549 2132 2130
f 551 2133 2132
f 538 2130 2133
f 2132 2133 2130
f 33 2064 2106
f 535 2135 2064
f 545 2106 2135
f 2064 2135 2106
f 143 2136 2067
f 552 2137 2136
f 535 2067 2137
f 2136 2137 2067
f 146 2110 2139
f 545 2138 2110
f 552 2139 2138
f 2110 2138 2139
f 535 2137 2135
f 552 2138 2137
f 545 2135 2138
f 2137 2138 2135
f 145 2134 2126
f 551 2140 2134
f 550 2126 2140
f 2134 2140 2126
f 146 2139 2131
f 552 2141 2139
f 551 2131 2141
f 2139 2141 2131
f 143 2129 2136
f 550 2142 2129
f 552 2136 2142
f 2129 2142 2136
f 551 2141 2140
f 552 2142 2141
f 550 2140 2142
f 2141 2142 2140
f 5 1705 1295
f 443 2143 1705
f 333 1295 2143
f 1705 2143 1295
f 121 2144 1709
f 553 2145 2144
f 443 1709 2145
f 2144 2145 1709
f 89 1300 2147
f 333 2146 1300
f 553 2147 2146
f 1300 2146 2147
f 443 2145 2143
f 553 2146 2145
f 333 2143 2146
f 2145 2146 2143
f 34 2148 1721
f 554 2149 2148
f 447 1721 2149
f 2148 2149 1721
f 148 2150 2152
f 555 2151 2150
f 554 2152 2151
f 2150 2151 2152
f 121 1726 2154
f 447 2153 1726
f 555 2154 2153
f 1726 2153 2154
f 554 2151 2149
f 555 2153 2151
f 447 2149 2153
f 2151 2153 2149
f 26 1306 2156
f 338 2155 1306
f 557 2156 2155
f 1306 2155 2156
f 89 2157 1310
f 556 2158 2157
f 338 1310 2158
f 2157 2158 1310
f 148 2159 2161
f 557 2160 2159
f 556 2161 2160
f 2159 2160 2161
f 338 2158 2155
f 556 2160 2158
f 557 2155 2160
f 2158 2160 2155
f 121 2154 2144
f 555 2162 2154
f 553 2144 2162
f 2154 2162 2144
f 148 2161 2150
f 556 2163 2161
f 555 2150 2163
f 2161 2163 2150
f 89 2147 2157
f 553 2164 2147
f 556 2157 2164
f 2147 2164 2157
f 555 2163 2162
f 556 2164 2163
f 553 2162 2164
f 2163 2164 2162
f 10 1197 1673
f 309 2165 1197
f 432 1673 2165
f 1197 2165 1673
f 84 2166 1201
f 558 2167 2166
f 309 1201 2167
f 2166 2167 1201
f 116 1678 2169
f 432 2168 1678
f 558 2169 2168
f 1678 2168 2169
f 309 2167 2165
f 558 2168 2167
f 432 2165 2168
f 2167 2168 2165
f 23 2170 1213
f 559 2171 2170
f 313 1213 2171
f 2170 2171 1213
f 149 2172 2174
f 560 2173 2172
f 559 2174 2173
f 2172 2173 2174
f 84 1218 2176
f 313 2175 1218
f 560 2176 2175
f 1218 2175 2176
f 559 2173 2171
f 560 2175 2173
f 313 2171 2175
f 2173 2175 2171
f 34 1684 2178
f 437 2177 1684
f 562 2178 2177
f 1684 2177 2178
f 116 2179 1688
f 561 2180 2179
f 437 1688 2180
f 2179 2180 1688
f 149 2181 2183
f 562 2182 2181
f 561 2183 2182
f 2181 2182 2183
f 437 2180 2177
f 561 2182 2180
f 562 2177 2182
f 2180 2182 2177
f 84 2176 2166
f 560 2184 2176
f 558 2166 2184
f 2176 2184 2166
f 149 2183 2172
f 561 2185 2183
f 560 2172 2185
f 2183 2185 2172
f 116 2169 2179
f 558 2186 2169
f 561 2179 2186
f 2169 2186 2179
f 560 2185 2184
f 561 2186 2185
f 558 2184 2186
f 2185 2186 2184
f 6 1244 1169
f 320 2187 1244
f 300 1169 2187
f 1244 2187 1169
f 86 2188 1247
f 563 2189 2188
f 320 1247 2189
f 2188 2189 1247
f 80 1173 2191
f 300 2190 1173
f 563 2191 2190
f 1173 2190 2191
f 320 2189 2187
f 563 2190 2189
f 300 2187 2190
f 2189 2190 2187
f 26 2192 1257
f 564 2193 2192
f 323 1257 2193
f 2192 2193 1257
f 150 2194 2196
f 565 2195 2194
f 564 2196 2195
f 2194 2195 2196
f 86 1262 2198
f 323 2197 1262
f 565 2198 2197
f 1262 2197 2198
f 564 2195 2193
f 565 2197 2195
f 323 2193 2197
f 2195 2197 2193
f 23 1178 2200
f 304 2199 1178
f 567 2200 2199
f 1178 2199 2200
f 80 2201 1182
f 566 2202 2201
f 304 1182 2202
f 2201 2202 1182
f 150 2203 2205
f 567 2204 2203
f 566 2205 2204
f 2203 2204 2205
f 304 2202 2199
f 566 2204 2202
f 567 2199 2204
f 2202 2204 2199
f 86 2198 2188
f 565 2206 2198
f 563 2188 2206
f 2198 2206 2188
f 150 2205 2194
f 566 2207 2205
f 565 2194 2207
f 2205 2207 2194
f 80 2191 2201
f 563 2208 2191
f 566 2201 2208
f 2191 2208 2201
f 565 2207 2206
f 566 2208 2207
f 563 2206 2208
f 2207 2208 2206
f 34 2178 2148
f 562 2209 2178
f 554 2148 2209
f 2178 2209 2148
f 149 2210 2181
f 568 2211 2210
f 562 2181 2211
f 2210 2211 2181
f 148 2152 2213
f 554 2212 2152
f 568 2213 2212
f 2152 2212 2213
f 562 2211 2209
f 568 2212 2211
f 554 2209 2212
f 2211 2212 2209
f 23 2200 2170
f 567 2214 2200
f 559 2170 2214
f 2200 2214 2170
f 150 2215 2203
f 569 2216 2215
f 567 2203 2216
f 2215 2216 2203
f 149 2174 2218
f 559 2217 2174
f 569 2218 2217
f 2174 2217 2218
f 567 2216 2214
f 569 2217 2216
f 559 2214 2217
f 2216 2217 2214
f 26 2156 2192
f 557 2219 2156
f 564 2192 2219
f 2156 2219 2192
f 148 2220 2159
f 570 2221 2220
f 557 2159 2221
f 2220 2221 2159
f 150 2196 2223
f 564 2222 2196
f 570 2223 2222
f 2196 2222 2223
f 557 2221 2219
f 570 2222 2221
f 564 2219 2222
f 2221 2222 2219
f 149 2218 2210
f 569 2224 2218
f 568 2210 2224
f 2218 2224 2210
f 150 2223 2215
f 570 2225 2223
f 569 2215 2225
f 2223 2225 2215
f 148 2213 2220
f 568 2226 2213
f 570 2220 2226
f 2213 2226 2220
f 569 2225 2224
f 570 2226 2225
f 568 2224 2226
f 2225 2226 2224
f 3 1805 1395
f 469 2227 1805
f 359 1395 2227
f 1805 2227 1395
f 128 2228 1809
f 571 2229 2228
f 469 1809 2229
f 2228 2229 1809
f 96 1400 2231
f 359 2230 1400
f 571 2231 2230
f 1400 2230 2231
f 469 2229 2227
f 571 2230 2229
f 359 2227 2230
f 2229 2230 2227
f 36 2232 1821
f 572 2233 2232
f 473 1821 2233
f 2232 2233 1821
f 151 2234 2236
f 573 2235 2234
f 572 2236 2235
f 2234 2235 2236
f 128 1826 2238
f 473 2237 1826
f 573 2238 2237
f 1826 2237 2238
f 572 2235 2233
f 573 2237 2235
f 473 2233 2237
f 2235 2237 2233
f 28 1406 2240
f 364 2239 1406
f 575 2240 2239
f 1406 2239 2240
f 96 2241 1410
f 574 2242 2241
f 364 1410 2242
f 2241 2242 1410
f 151 2243 2245
f 575 2244 2243
f 574 2245 2244
f 2243 2244 2245
f 364 2242 2239
f 574 2244 2242
f 575 2239 2244
f 2242 2244 2239
f 128 2238 2228
f 573 2246 2238
f 571 2228 2246
f 2238 2246 2228
f 151 2245 2234
f 574 2247 2245
f 573 2234 2247
f 2245 2247 2234
f 96 2231 2241
f 571 2248 2231
f 574 2241 2248
f 2231 2248 2241
f 573 2247 2246
f 574 2248 2247
f 571 2246 2248
f 2247 2248 2246
f 5 1297 1777
f 335 2249 1297
f 460 1777 2249
f 1297 2249 1777
f 91 2250 1301
f 576 2251 2250
f 335 1301 2251
f 2250 2251 1301
f 124 1781 2253
f 460 2252 1781
f 576 2253 2252
f 1781 2252 2253
f 335 2251 2249
f 576 2252 2251
f 460 2249 2252
f 2251 2252 2249
f 25 2254 1313
f 577 2255 2254
f 339 1313 2255
f 2254 2255 1313
f 152 2256 2258
f 578 2257 2256
f 577 2258 2257
f 2256 2257 2258
f 91 1318 2260
f 339 2259 1318
f 578 2260 2259
f 1318 2259 2260
f 577 2257 2255
f 578 2259 2257
f 339 2255 2259
f 2257 2259 2255
f 36 1786 2262
f 464 2261 1786
f 580 2262 2261
f 1786 2261 2262
f 124 2263 1790
f 579 2264 2263
f 464 1790 2264
f 2263 2264 1790
f 152 2265 2267
f 580 2266 2265
f 579 2267 2266
f 2265 2266 2267
f 464 2264 2261
f 579 2266 2264
f 580 2261 2266
f 2264 2266 2261
f 91 2260 2250
f 578 2268 2260
f 576 2250 2268
f 2260 2268 2250
f 152 2267 2256
f 579 2269 2267
f 578 2256 2269
f 2267 2269 2256
f 124 2253 2263
f 576 2270 2253
f 579 2263 2270
f 2253 2270 2263
f 578 2269 2268
f 579 2270 2269
f 576 2268 2270
f 2269 2270 2268
f 12 1344 1269
f 346 2271 1344
f 326 1269 2271
f 1344 2271 1269
f 93 2272 1347
f 581 2273 2272
f 346 1347 2273
f 2272 2273 1347
f 87 1273 2275
f 326 2274 1273
f 581 2275 2274
f 1273 2274 2275
f 346 2273 2271
f 581 2274 2273
f 326 2271 2274
f 2273 2274 2271
f 28 2276 1357
f 582 2277 2276
f 349 1357 2277
f 2276 2277 1357
f 153 2278 2280
f 583 2279 2278
f 582 2280 2279
f 2278 2279 2280
f 93 1362 2282
f 349 2281 1362
f 583 2282 2281
f 1362 2281 2282
f 582 2279 2277
f 583 2281 2279
f 349 2277 2281
f 2279 2281 2277
f 25 1278 2284
f 330 2283 1278
f 585 2284 2283
f 1278 2283 2284
f 87 2285 1282
f 584 2286 2285
f 330 1282 2286
f 2285 2286 1282
f 153 2287 2289
f 585 2288 2287
f 584 2289 2288
f 2287 2288 2289
f 330 2286 2283
f 584 2288 2286
f 585 2283 2288
f 2286 2288 2283
f 93 2282 2272
f 583 2290 2282
f 581 2272 2290
f 2282 2290 2272
f 153 2289 2278
f 584 2291 2289
f 583 2278 2291
f 2289 2291 2278
f 87 2275 2285
f 581 2292 2275
f 584 2285 2292
f 2275 2292 2285
f 583 2291 2290
f 584 2292 2291
f 581 2290 2292
f 2291 2292 2290
f 36 2262 2232
f 580 2293 2262
f 572 2232 2293
f 2262 2293 2232
f 152 2294 2265
f 586 2295 2294
f 580 2265 2295
f 2294 2295 2265
f 151 2236 2297
f 572 2296 2236
f 586 2297 2296
f 2236 2296 2297
f 580 2295 2293
f 586 2296 2295
f 572 2293 2296
f 2295 2296 2293
f 25 2284 2254
f 585 2298 2284
f 577 2254 2298
f 2284 2298 2254
f 153 2299 2287
f 587 2300 2299
f 585 2287 2300
f 2299 2300 2287
f 152 2258 2302
f 577 2301 2258
f 587 2302 2301
f 2258 2301 2302
f 585 2300 2298
f 587 2301 2300
f 577 2298 2301
f 2300 2301 2298
f 28 2240 2276
f 575 2303 2240
f 582 2276 2303
f 2240 2303 2276
f 151 2304 2243
f 588 2305 2304
f 575 2243 2305
f 2304 2305 2243
f 153 2280 2307
f 582 2306 2280
f 588 2307 2306
f 2280 2306 2307
f 575 2305 2303
f 588 2306 2305
f 582 2303 2306
f 2305 2306 2303
f 152 2302 2294
f 587 2308 2302
f 586 2294 2308
f 2302 2308 2294
f 153 2307 2299
f 588 2309 2307
f 587 2299 2309
f 2307 2309 2299
f 151 2297 2304
f 586 2310 2297
f 588 2304 2310
f 2297 2310 2304
f 587 2309 2308
f 588 2310 2309
f 586 2308 2310
f 2309 2310 2308
f 7 1905 1495
f 495 2311 1905
f 385 1495 2311
f 1905 2311 1495
f 135 2312 1909
f 589 2313 2312
f 495 1909 2313
f 2312 2313 1909
f 103 1500 2315
f 385 2314 1500
f 589 2315 2314
f 1500 2314 2315
f 495 2313 2311
f 589 2314 2313
f 385 2311 2314
f 2313 2314 2311
f 38 2316 1921
f 590 2317 2316
f 499 1921 2317
f 2316 2317 1921
f 154 2318 2320
f 591 2319 2318
f 590 2320 2319
f 2318 2319 2320
f 135 1926 2322
f 499 2321 1926
f 591 2322 2321
f 1926 2321 2322
f 590 2319 2317
f 591 2321 2319
f 499 2317 2321
f 2319 2321 2317
f 30 1506 2324
f 390 2323 1506
f 593 2324 2323
f 1506 2323 2324
f 103 2325 1510
f 592 2326 2325
f 390 1510 2326
f 2325 2326 1510
f 154 2327 2329
f 593 2328 2327
f 592 2329 2328
f 2327 2328 2329
f 390 2326 2323
f 592 2328 2326
f 593 2323 2328
f 2326 2328 2323
f 135 2322 2312
f 591 2330 2322
f 589 2312 2330
f 2322 2330 2312
f 154 2329 2318
f 592 2331 2329
f 591 2318 2331
f 2329 2331 2318
f 103 2315 2325
f 589 2332 2315
f 592 2325 2332
f 2315 2332 2325
f 591 2331 2330
f 592 2332 2331
f 589 2330 2332
f 2331 2332 2330
f 3 1397 1877
f 361 2333 1397
f 486 1877 2333
f 1397 2333 1877
f 98 2334 1401
f 594 2335 2334
f 361 1401 2335
f 2334 2335 1401
f 131 1881 2337
f 486 2336 1881
f 594 2337 2336
f 1881 2336 2337
f 361 2335 2333
f 594 2336 2335
f 486 2333 2336
f 2335 2336 2333
f 27 2338 1413
f 595 2339 2338
f 365 1413 2339
f 2338 2339 1413
f 155 2340 2342
f 596 2341 2340
f 595 2342 2341
f 2340 2341 2342
f 98 1418 2344
f 365 2343 1418
f 596 2344 2343
f 1418 2343 2344
f 595 2341 2339
f 596 2343 2341
f 365 2339 2343
f 2341 2343 2339
f 38 1886 2346
f 490 2345 1886
f 598 2346 2345
f 1886 2345 2346
f 131 2347 1890
f 597 2348 2347
f 490 1890 2348
f 2347 2348 1890
f 155 2349 2351
f 598 2350 2349
f 597 2351 2350
f 2349 2350 2351
f 490 2348 2345
f 597 2350 2348
f 598 2345 2350
f 2348 2350 2345
f 98 2344 2334
f 596 2352 2344
f 594 2334 2352
f 2344 2352 2334
f 155 2351 2340
f 597 2353 2351
f 596 2340 2353
f 2351 2353 2340
f 131 2337 2347
f 594 2354 2337
f 597 2347 2354
f 2337 2354 2347
f 596 2353 2352
f 597 2354 2353
f 594 2352 2354
f 2353 2354 2352
f 11 1444 1369
f 372 2355 1444
f 352 1369 2355
f 1444 2355 1369
f 100 2356 1447
f 599 2357 2356
f 372 1447 2357
f 2356 2357 1447
f 94 1373 2359
f 352 2358 1373
f 599 2359 2358
f 1373 2358 2359
f 372 2357 2355
f 599 2358 2357
f 352 2355 2358
f 2357 2358 2355
f 30 2360 1457
f 600 2361 2360
f 375 1457 2361
f 2360 2361 1457
f 156 2362 2364
f 601 2363 2362
f 600 2364 2363
f 2362 2363 2364
f 100 1462 2366
f 375 2365 1462
f 601 2366 2365
f 1462 2365 2366
f 600 2363 2361
f 601 2365 2363
f 375 2361 2365
f 2363 2365 2361
f 27 1378 2368
f 356 2367 1378
f 603 2368 2367
f 1378 2367 2368
f 94 2369 1382
f 602 2370 2369
f 356 1382 2370
f 2369 2370 1382
f 156 2371 2373
f 603 2372 2371
f 602 2373 2372
f 2371 2372 2373
f 356 2370 2367
f 602 2372 2370
f 603 2367 2372
f 2370 2372 2367
f 100 2366 2356
f 601 2374 2366
f 599 2356 2374
f 2366 2374 2356
f 156 2373 2362
f 602 2375 2373
f 601 2362 2375
f 2373 2375 2362
f 94 2359 2369
f 599 2376 2359
f 602 2369 2376
f 2359 2376 2369
f 601 2375 2374
f 602 2376 2375
f 599 2374 2376
f 2375 2376 2374
f 38 2346 2316
f 598 2377 2346
f 590 2316 2377
f 2346 2377 2316
f 155 2378 2349
f 604 2379 2378
f 598 2349 2379
f 2378 2379 2349
f 154 2320 2381
f 590 2380 2320
f 604 2381 2380
f 2320 2380 2381
f 598 2379 2377
f 604 2380 2379
f 590 2377 2380
f 2379 2380 2377
f 27 2368 2338
f 603 2382 2368
f 595 2338 2382
f 2368 2382 2338
f 156 2383 2371
f 605 2384 2383
f 603 2371 2384
f 2383 2384 2371
f 155 2342 2386
f 595 2385 2342
f 605 2386 2385
f 2342 2385 2386
f 603 2384 2382
f 605 2385 2384
f 595 2382 2385
f 2384 2385 2382
f 30 2324 2360
f 593 2387 2324
f 600 2360 2387
f 2324 2387 2360
f 154 2388 2327
f 606 2389 2388
f 593 2327 2389
f 2388 2389 2327
f 156 2364 2391
f 600 2390 2364
f 606 2391 2390
f 2364 2390 2391
f 593 2389 2387
f 606 2390 2389
f 600 2387 2390
f 2389 2390 2387
f 155 2386 2378
f 605 2392 2386
f 604 2378 2392
f 2386 2392 2378
f 156 2391 2383
f 606 2393 2391
f 605 2383 2393
f 2391 2393 2383
f 154 2381 2388
f 604 2394 2381
f 606 2388 2394
f 2381 2394 2388
f 605 2393 2392
f 606 2394 2393
f 604 2392 2394
f 2393 2394 2392
f 9 2005 1595
f 521 2395 2005
f 411 1595 2395
f 2005 2395 1595
f 142 2396 2009
f 607 2397 2396
f 521 2009 2397
f 2396 2397 2009
f 110 1600 2399
f 411 2398 1600
f 607 2399 2398
f 1600 2398 2399
f 521 2397 2395
f 607 2398 2397
f 411 2395 2398
f 2397 2398 2395
f 40 2400 2021
f 608 2401 2400
f 525 2021 2401
f 2400 2401 2021
f 157 2402 2404
f 609 2403 2402
f 608 2404 2403
f 2402 2403 2404
f 142 2026 2406
f 525 2405 2026
f 609 2406 2405
f 2026 2405 2406
f 608 2403 2401
f 609 2405 2403
f 525 2401 2405
f 2403 2405 2401
f 32 1606 2408
f 416 2407 1606
f 611 2408 2407
f 1606 2407 2408
f 110 2409 1610
f 610 2410 2409
f 416 1610 2410
f 2409 2410 1610
f 157 2411 2413
f 611 2412 2411
f 610 2413 2412
f 2411 2412 2413
f 416 2410 2407
f 610 2412 2410
f 611 2407 2412
f 2410 2412 2407
f 142 2406 2396
f 609 2414 2406
f 607 2396 2414
f 2406 2414 2396
f 157 2413 2402
f 610 2415 2413
f 609 2402 2415
f 2413 2415 2402
f 110 2399 2409
f 607 2416 2399
f 610 2409 2416
f 2399 2416 2409
f 609 2415 2414
f 610 2416 2415
f 607 2414 2416
f 2415 2416 2414
f 7 1497 1977
f 387 2417 1497
f 512 1977 2417
f 1497 2417 1977
f 105 2418 1501
f 612 2419 2418
f 387 1501 2419
f 2418 2419 1501
f 138 1981 2421
f 512 2420 1981
f 612 2421 2420
f 1981 2420 2421
f 387 2419 2417
f 612 2420 2419
f 512 2417 2420
f 2419 2420 2417
f 29 2422 1513
f 613 2423 2422
f 391 1513 2423
f 2422 2423 1513
f 158 2424 2426
f 614 2425 2424
f 613 2426 2425
f 2424 2425 2426
f 105 1518 2428
f 391 2427 1518
f 614 2428 2427
f 1518 2427 2428
f 613 2425 2423
f 614 2427 2425
f 391 2423 2427
f 2425 2427 2423
f 40 1986 2430
f 516 2429 1986
f 616 2430 2429
f 1986 2429 2430
f 138 2431 1990
f 615 2432 2431
f 516 1990 2432
f 2431 2432 1990
f 158 2433 2435
f 616 2434 2433
f 615 2435 2434
f 2433 2434 2435
f 516 2432 2429
f 615 2434 2432
f 616 2429 2434
f 2432 2434 2429
f 105 2428 2418
f 614 2436 2428
f 612 2418 2436
f 2428 2436 2418
f 158 2435 2424
f 615 2437 2435
f 614 2424 2437
f 2435 2437 2424
f 138 2421 2431
f 612 2438 2421
f 615 2431 2438
f 2421 2438 2431
f 614 2437 2436
f 615 2438 2437
f 612 2436 2438
f 2437 2438 2436
f 8 1544 1469
f 398 2439 1544
f 378 1469 2439
f 1544 2439 1469
f 107 2440 1547
f 617 2441 2440
f 398 1547 2441
f 2440 2441 1547
f 101 1473 2443
f 378 2442 1473
f 617 2443 2442
f 1473 2442 2443
f 398 2441 2439
f 617 2442 2441
f 378 2439 2442
f 2441 2442 2439
f 32 2444 1557
f 618 2445 2444
f 401 1557 2445
f 2444 2445 1557
f 159 2446 2448
f 619 2447 2446
f 618 2448 2447
f 2446 2447 2448
f 107 1562 2450
f 401 2449 1562
f 619 2450 2449
f 1562 2449 2450
f 618 2447 2445
f 619 2449 2447
f 401 2445 2449
f 2447 2449 2445
f 29 1478 2452
f 382 2451 1478
f 621 2452 2451
f 1478 2451 2452
f 101 2453 1482
f 620 2454 2453
f 382 1482 2454
f 2453 2454 1482
f 159 2455 2457
f 621 2456 2455
f 620 2457 2456
f 2455 2456 2457
f 382 2454 2451
f 620 2456 2454
f 621 2451 2456
f 2454 2456 2451
f 107 2450 2440
f 619 2458 2450
f 617 2440 2458
f 2450 2458 2440
f 159 2457 2446
f 620 2459 2457
f 619 2446 2459
f 2457 2459 2446
f 101 2443 2453
f 617 2460 2443
f 620 2453 2460
f 2443 2460 2453
f 619 2459 2458
f 620 2460 2459
f 617 2458 2460
f 2459 2460 2458
f 40 2430 2400
f 616 2461 2430
f 608 2400 2461
f 2430 2461 2400
f 158 2462 2433
f 622 2463 2462
f 616 2433 2463
f 2462 2463 2433
f 157 2404 2465
f 608 2464 2404
f 622 2465 2464
f 2404 2464 2465
f 616 2463 2461
f 622 2464 2463
f 608 2461 2464
f 2463 2464 2461
f 29 2452 2422
f 621 2466 2452
f 613 2422 2466
f 2452 2466 2422
f 159 2467 2455
f 623 2468 2467
f 621 2455 2468
f 2467 2468 2455
f 158 2426 2470
f 613 2469 2426
f 623 2470 2469
f 2426 2469 2470
f 621 2468 2466
f 623 2469 2468
f 613 2466 2469
f 2468 2469 2466
f 32 2408 2444
f 611 2471 2408
f 618 2444 2471
f 2408 2471 2444
f 157 2472 2411
f 624 2473 2472
f 611 2411 2473
f 2472 2473 2411
f 159 2448 2475
f 618 2474 2448
f 624 2475 2474
f 2448 2474 2475
f 611 2473 2471
f 624 2474 2473
f 618 2471 2474
f 2473 2474 2471
f 158 2470 2462
f 623 2476 2470
f 622 2462 2476
f 2470 2476 2462
f 159 2475 2467
f 624 2477 2475
f 623 2467 2477
f 2475 2477 2467
f 157 2465 2472
f 622 2478 2465
f 624 2472 2478
f 2465 2478 2472
f 623 2477 2476
f 624 2478 2477
f 622 2476 2478
f 2477 2478 2476
f 10 2100 1195
f 544 2479 2100
f 307 1195 2479
f 2100 2479 1195
f 147 2480 2103
f 625 2481 2480
f 544 2103 2481
f 2480 2481 2103
f 82 1200 2483
f 307 2482 1200
f 625 2483 2482
f 1200 2482 2483
f 544 2481 2479
f 625 2482 2481
f 307 2479 2482
f 2481 2482 2479
f 42 2484 2113
f 626 2485 2484
f 547 2113 2485
f 2484 2485 2113
f 160 2486 2488
f 627 2487 2486
f 626 2488 2487
f 2486 2487 2488
f 147 2118 2490
f 547 2489 2118
f 627 2490 2489
f 2118 2489 2490
f 626 2487 2485
f 627 2489 2487
f 547 2485 2489
f 2487 2489 2485
f 24 1206 2492
f 312 2491 1206
f 629 2492 2491
f 1206 2491 2492
f 82 2493 1210
f 628 2494 2493
f 312 1210 2494
f 2493 2494 1210
f 160 2495 2497
f 629 2496 2495
f 628 2497 2496
f 2495 2496 2497
f 312 2494 2491
f 628 2496 2494
f 629 2491 2496
f 2494 2496 2491
f 147 2490 2480
f 627 2498 2490
f 625 2480 2498
f 2490 2498 2480
f 160 2497 2486
f 628 2499 2497
f 627 2486 2499
f 2497 2499 2486
f 82 2483 2493
f 625 2500 2483
f 628 2493 2500
f 2483 2500 2493
f 627 2499 2498
f 628 2500 2499
f 625 2498 2500
f 2499 2500 2498
f 9 1597 2073
f 413 2501 1597
f 536 2073 2501
f 1597 2501 2073
f 112 2502 1601
f 630 2503 2502
f 413 1601 2503
f 2502 2503 1601
f 144 2077 2505
f 536 2504 2077
f 630 2505 2504
f 2077 2504 2505
f 413 2503 2501
f 630 2504 2503
f 536 2501 2504
f 2503 2504 2501
f 31 2506 1613
f 631 2507 2506
f 417 1613 2507
f 2506 2507 1613
f 161 2508 2510
f 632 2509 2508
f 631 2510 2509
f 2508 2509 2510
f 112 1618 2512
f 417 2511 1618
f 632 2512 2511
f 1618 2511 2512
f 631 2509 2507
f 632 2511 2509
f 417 2507 2511
f 2509 2511 2507
f 42 2082 2514
f 540 2513 2082
f 634 2514 2513
f 2082 2513 2514
f 144 2515 2086
f 633 2516 2515
f 540 2086 2516
f 2515 2516 2086
f 161 2517 2519
f 634 2518 2517
f 633 2519 2518
f 2517 2518 2519
f 540 2516 2513
f 633 2518 2516
f 634 2513 2518
f 2516 2518 2513
f 112 2512 2502
f 632 2520 2512
f 630 2502 2520
f 2512 2520 2502
f 161 2519 2508
f 633 2521 2519
f 632 2508 2521
f 2519 2521 2508
f 144 2505 2515
f 630 2522 2505
f 633 2515 2522
f 2505 2522 2515
f 632 2521 2520
f 633 2522 2521
f 630 2520 2522
f 2521 2522 2520
f 2 1144 1569
f 294 2523 1144
f 404 1569 2523
f 1144 2523 1569
f 79 2524 1147
f 635 2525 2524
f 294 1147 2525
f 2524 2525 1147
f 108 1573 2527
f 404 2526 1573
f 635 2527 2526
f 1573 2526 2527
f 294 2525 2523
f 635 2526 2525
f 404 2523 2526
f 2525 2526 2523
f 24 2528 1157
f 636 2529 2528
f 297 1157 2529
f 2528 2529 1157
f 162 2530 2532
f 637 2531 2530
f 636 2532 2531
f 2530 2531 2532
f 79 1162 2534
f 297 2533 1162
f 637 2534 2533
f 1162 2533 2534
f 636 2531 2529
f 637 2533 2531
f 297 2529 2533
f 2531 2533 2529
f 31 1578 2536
f 408 2535 1578
f 639 2536 2535
f 1578 2535 2536
f 108 2537 1582
f 638 2538 2537
f 408 1582 2538
f 2537 2538 1582
f 162 2539 2541
f 639 2540 2539
f 638 2541 2540
f 2539 2540 2541
f 408 2538 2535
f 638 2540 2538
f 639 2535 2540
f 2538 2540 2535
f 79 2534 2524
f 637 2542 2534
f 635 2524 2542
f 2534 2542 2524
f 162 2541 2530
f 638 2543 2541
f 637 2530 2543
f 2541 2543 2530
f 108 2527 2537
f 635 2544 2527
f 638 2537 2544
f 2527 2544 2537
f 637 2543 2542
f 638 2544 2543
f 635 2542 2544
f 2543 2544 2542
f 42 2514 2484
f 634 2545 2514
f 626 2484 2545
f 2514 2545 2484
f 161 2546 2517
f 640 2547 2546
f 634 2517 2547
f 2546 2547 2517
f 160 2488 2549
f 626 2548 2488
f 640 2549 2548
f 2488 2548 2549
f 634 2547 2545
f 640 2548 2547
f 626 2545 2548
f 2547 2548 2545
f 31 2536 2506
f 639 2550 2536
f 631 2506 2550
f 2536 2550 2506
f 162 2551 2539
f 641 2552 2551
f 639 2539 2552
f 2551 2552 2539
f 161 2510 2554
f 631 2553 2510
f 641 2554 2553
f 2510 2553 2554
f 639 2552 2550
f 641 2553 2552
f 631 2550 2553
f 2552 2553 2550
f 24 2492 2528
f 629 2555 2492
f 636 2528 2555
f 2492 2555 2528
f 160 2556 2495
f 642 2557 2556
f 629 2495 2557
f 2556 2557 2495
f 162 2532 2559
f 636 2558 2532
f 642 2559 2558
f 2532 2558 2559
f 629 2557 2555
f 642 2558 2557
f 636 2555 2558
f 2557 2558 2555
f 161 2554 2546
f 641 2560 2554
f 640 2546 2560
f 2554 2560 2546
f 162 2559 2551
f 642 2561 2559
f 641 2551 2561
f 2559 2561 2551
f 160 2549 2556
f 640 2562 2549
f 642 2556 2562
f 2549 2562 2556
f 641 2561 2560
f 642 2562 2561
f 640 2560 2562
f 2561 2562 2560
