# regolith_gen synthetic particle
# verts: 2562  tris: 5120
v -0.586650 0.858818 0.000000
v 0.536877 0.785953 0.000000
v -0.560926 -0.821159 0.000000
v 0.562066 -0.822829 0.000000
v 0.000000 -0.513581 0.874727
v 0.000000 0.523120 0.890974
v 0.000000 -0.513987 -0.875419
v 0.000000 0.453834 -0.772968
v 0.920073 0.000000 -0.541559
v 0.888671 0.000000 0.523075
v -0.928119 0.000000 -0.546294
v -0.871547 0.000000 0.512996
v -0.857510 0.479497 0.311943
v -0.495413 0.277022 0.763424
v -0.325297 0.770531 0.501278
v 0.331016 0.784077 0.510091
v 0.000000 0.986176 0.000000
v 0.297434 0.704531 -0.458341
v -0.309896 0.734049 -0.477544
v -0.510562 0.285493 -0.786768
v -0.855135 0.478169 -0.311079
v -1.080744 0.000000 0.000000
v 0.527675 0.295062 0.813140
v 0.858437 0.480015 0.312280
v -0.507938 -0.284025 0.782724
v 0.000000 0.000000 1.035895
v -0.807088 -0.451302 -0.293600
v -0.790234 -0.441878 0.287469
v 0.000000 0.000000 -1.066229
v -0.519778 -0.290646 -0.800970
v 0.903079 0.504978 -0.328520
v 0.533134 0.298114 -0.821551
v 0.877538 -0.490696 0.319228
v 0.515093 -0.288026 0.793750
v 0.307355 -0.728032 0.473630
v -0.349580 -0.828049 0.538697
v 0.000000 -0.880070 0.000000
v -0.355988 -0.843228 -0.548572
v 0.349511 -0.827886 -0.538591
v 0.491759 -0.274979 -0.757794
v 0.764181 -0.427310 -0.277992
v 1.040537 0.000000 0.000000
v -0.748038 0.684860 0.164937
v -0.608597 0.644695 0.419414
v -0.452042 0.813165 0.257872
v -0.766351 0.158636 0.721265
v -0.699185 0.390966 0.568739
v -0.886148 0.241540 0.424474
v -0.176059 0.688033 0.732874
v -0.446101 0.557782 0.687434
v -0.252762 0.381796 0.799049
v -0.180053 0.953662 0.277459
v -0.301138 0.959094 0.000000
v 0.170882 0.667804 0.711327
v 0.000000 0.844340 0.549295
v 0.290494 0.925192 0.000000
v 0.175567 0.929903 0.270546
v 0.487614 0.877154 0.278164
v -0.167193 0.885551 -0.257642
v -0.447669 0.805298 -0.255377
v 0.420132 0.755763 -0.239668
v 0.168358 0.891718 -0.259437
v -0.165615 0.647217 -0.689398
v 0.000000 0.768292 -0.499822
v 0.167038 0.652781 -0.695325
v -0.636619 0.674379 -0.438726
v -0.750489 0.687104 -0.165477
v -0.245460 0.370767 -0.775966
v -0.418208 0.522906 -0.644452
v -0.965980 0.263300 -0.462715
v -0.774843 0.433272 -0.630281
v -0.771263 0.159653 -0.725888
v -0.925853 0.517713 0.000000
v -0.985453 0.000000 -0.266616
v -0.987091 0.246842 -0.160586
v -1.034515 0.258701 0.168301
v -1.047287 0.000000 0.283345
v 0.698082 0.739488 0.481083
v 0.706662 0.646978 0.155814
v 0.258692 0.390753 0.817795
v 0.435263 0.544231 0.670733
v 0.838785 0.228630 0.401787
v 0.777466 0.434738 0.632415
v 0.700107 0.144923 0.658918
v -0.250146 0.139875 0.861939
v 0.000000 0.253456 0.939161
v -0.704282 -0.145787 0.662847
v -0.542601 0.000000 0.836141
v 0.000000 -0.276606 1.024942
v -0.276715 -0.154732 0.953489
v -0.291005 -0.439562 0.919946
v -1.047892 -0.262046 0.170477
v -0.889078 -0.242339 0.425878
v -0.910842 -0.248271 -0.436303
v -0.988306 -0.247146 -0.160784
v -0.712833 -0.652629 0.157174
v -0.914596 -0.511418 0.000000
v -0.701775 -0.642504 -0.154736
v -0.527359 0.000000 -0.812652
v -0.737326 -0.152628 -0.693947
v 0.000000 0.262201 -0.971563
v -0.264954 0.148155 -0.912964
v -0.273111 -0.412533 -0.863377
v -0.263043 -0.147087 -0.906379
v 0.000000 -0.267599 -0.991567
v 0.458918 0.573808 -0.707186
v 0.246527 0.372379 -0.779340
v 0.678731 0.621406 -0.149655
v 0.620899 0.657727 -0.427892
v 0.733006 0.151733 -0.689881
v 0.750386 0.419596 -0.610387
v 0.945152 0.257623 -0.452737
v 0.751386 -0.687925 0.165675
v 0.620674 -0.657489 0.427737
v 0.463082 -0.833025 0.264170
v 0.781979 -0.161871 0.735973
v 0.741273 -0.414500 0.602974
v 0.923636 -0.251758 0.442431
v 0.165460 -0.646613 0.688754
v 0.386205 -0.482891 0.595136
v 0.256729 -0.387789 0.811591
v 0.170925 -0.905316 0.263393
v 0.295509 -0.941166 0.000000
v -0.177712 -0.694494 0.739756
v 0.000000 -0.807095 0.525066
v -0.278774 -0.887865 0.000000
v -0.160425 -0.849700 0.247212
v -0.478476 -0.860718 0.272952
v 0.166664 -0.882749 -0.256827
v 0.480387 -0.864154 -0.274042
v -0.439193 -0.790052 -0.250542
v -0.164287 -0.870155 -0.253163
v 0.169853 -0.663782 -0.707042
v 0.000000 -0.903211 -0.587595
v -0.181059 -0.707572 -0.753687
v 0.584654 -0.619332 -0.402914
v 0.703627 -0.644200 -0.155144
v 0.256703 -0.387749 -0.811509
v 0.428808 -0.536160 -0.660787
v 0.887760 -0.241980 -0.425246
v 0.756770 -0.423166 -0.615579
v 0.746528 -0.154532 -0.702608
v 0.855677 -0.478472 0.000000
v 0.998684 0.000000 -0.270195
v 0.932411 -0.233168 -0.151690
v 1.021460 -0.255437 0.166177
v 0.980166 0.000000 0.265185
v 0.281809 -0.157580 0.971041
v 0.561125 0.000000 0.864685
v 0.277089 0.154941 0.954780
v -0.599397 -0.634949 0.413074
v -0.454897 -0.568780 0.700989
v -0.765347 -0.427962 0.622556
v -0.447335 -0.559325 -0.689336
v -0.636737 -0.674504 -0.438807
v -0.766755 -0.428749 -0.623702
v 0.537892 0.000000 -0.828883
v 0.275119 -0.153840 -0.947992
v 0.268046 0.149884 -0.923619
v 0.939642 0.234976 0.152867
v 1.005307 0.251397 -0.163549
v 0.809861 0.452853 0.000000
v -0.699974 0.806338 0.087803
v -0.644352 0.808930 0.228840
v -0.531689 0.858878 0.137139
v -0.778201 0.598932 0.389642
v -0.699067 0.686122 0.304402
v -0.830217 0.600823 0.247096
v -0.406434 0.827457 0.395931
v -0.572297 0.785989 0.365551
v -0.478265 0.722417 0.469977
v -0.860604 0.080548 0.643744
v -0.843783 0.205168 0.579146
v -0.933590 0.128128 0.497998
v -0.643073 0.359589 0.719979
v -0.744976 0.284084 0.654041
v -0.642817 0.227229 0.765380
v -0.879278 0.361624 0.372148
v -0.818478 0.327188 0.513520
v -0.787387 0.440286 0.449173
v -0.090305 0.620335 0.831388
v -0.221549 0.537533 0.785119
v -0.138305 0.462038 0.868346
v -0.377238 0.649211 0.581318
v -0.322186 0.637564 0.728028
v -0.255101 0.738555 0.621842
v -0.371885 0.328946 0.779152
v -0.367197 0.495356 0.791506
v -0.472610 0.414418 0.728284
v -0.629858 0.497315 0.476286
v -0.572255 0.471069 0.624520
v -0.518366 0.590686 0.542609
v -0.372657 0.869959 0.130436
v -0.434972 0.892790 0.000000
v -0.266493 0.900101 0.410662
v -0.323414 0.889947 0.270004
v -0.148480 0.964497 0.000000
v -0.241119 0.957778 0.138536
v -0.093915 1.020457 0.144722
v 0.088750 0.609657 0.817077
v 0.000000 0.691930 0.737025
v 0.162542 0.789839 0.513840
v 0.087421 0.760522 0.636414
v 0.247418 0.716311 0.603113
v -0.088220 0.767475 0.642232
v -0.177084 0.860505 0.559812
v 0.413686 0.849101 0.000000
v 0.395785 0.923949 0.138531
v 0.520289 0.840462 0.134199
v 0.093547 1.016456 0.144155
v 0.244758 0.972237 0.140627
v 0.143550 0.932472 0.000000
v 0.423350 0.861896 0.412409
v 0.334253 0.919774 0.279053
v 0.249722 0.843455 0.384818
v -0.093358 0.936751 0.431590
v 0.087448 0.877453 0.404269
v 0.000000 0.943869 0.274610
v -0.371727 0.867787 -0.130111
v -0.494268 0.798428 -0.127487
v -0.088750 0.964327 -0.136762
v -0.224540 0.891923 -0.129010
v -0.398123 0.810536 -0.387834
v -0.320361 0.881548 -0.267455
v -0.265817 0.897817 -0.409620
v 0.477935 0.772044 -0.123274
v 0.354850 0.828388 -0.124204
v 0.231877 0.783183 -0.357320
v 0.296369 0.815528 -0.247425
v 0.361704 0.736392 -0.352357
v 0.229952 0.913423 -0.132120
v 0.086169 0.936286 -0.132785
v -0.079317 0.544853 -0.730225
v 0.000000 0.616499 -0.656678
v 0.083031 0.570371 -0.764425
v -0.164170 0.797750 -0.518986
v -0.084988 0.739355 -0.618700
v -0.255757 0.740453 -0.623440
v 0.244562 0.708043 -0.596152
v 0.080671 0.701805 -0.587278
v 0.154680 0.751635 -0.488986
v 0.000000 0.947640 -0.275707
v 0.087868 0.881664 -0.406210
v -0.089301 0.896046 -0.412836
v -0.576207 0.723379 -0.204639
v -0.662475 0.763141 -0.083100
v -0.483543 0.730390 -0.475164
v -0.537483 0.738175 -0.343314
v -0.791770 0.573000 -0.235653
v -0.681213 0.668599 -0.296628
v -0.736527 0.566858 -0.368776
v -0.125476 0.419182 -0.787803
v -0.219186 0.531799 -0.776744
v -0.430049 0.377098 -0.662699
v -0.351870 0.474680 -0.758468
v -0.360990 0.319309 -0.756326
v -0.307805 0.609105 -0.695531
v -0.368895 0.634853 -0.568462
v -0.929628 0.127585 -0.495885
v -0.891848 0.216856 -0.612136
v -0.894539 0.083724 -0.669128
v -0.824973 0.461303 -0.470614
v -0.877399 0.350742 -0.550488
v -0.906367 0.372765 -0.383613
v -0.665157 0.235126 -0.791980
v -0.813281 0.310131 -0.714009
v -0.649421 0.363139 -0.727086
v -0.561078 0.639357 -0.587319
v -0.600169 0.494047 -0.654983
v -0.684801 0.540696 -0.517833
v -0.779588 0.713746 0.000000
v -0.903450 0.505185 -0.160205
v -0.867433 0.623909 -0.085918
v -0.796958 0.573220 0.078937
v -0.871347 0.487234 0.154512
v -0.936511 0.000000 -0.393160
v -0.958814 0.123564 -0.353908
v -1.007920 0.122864 -0.079931
v -0.963367 0.119769 -0.208979
v -1.013376 0.000000 -0.134426
v -0.939123 0.244898 -0.294078
v -0.958323 0.375806 -0.244485
v -1.006775 0.129745 0.371611
v -0.953651 0.000000 0.400356
v -0.926491 0.363323 0.236364
v -0.980772 0.255759 0.307120
v -1.043568 0.000000 0.138431
v -1.085983 0.135013 0.235577
v -1.087231 0.132532 0.086220
v -0.989132 0.391705 -0.084943
v -1.008478 0.252190 0.000000
v -1.012339 0.400895 0.086936
v 0.611525 0.767719 0.217182
v 0.608936 0.701466 0.076384
v 0.524042 0.791564 0.514962
v 0.613198 0.842161 0.391676
v 0.809987 0.586183 0.241075
v 0.721847 0.708480 0.314321
v 0.797423 0.613726 0.399267
v 0.131666 0.439859 0.826665
v 0.219160 0.531736 0.776652
v 0.509214 0.446516 0.784691
v 0.361655 0.487879 0.779559
v 0.396776 0.350963 0.831302
v 0.304374 0.602315 0.687778
v 0.370889 0.638285 0.571534
v 0.875241 0.120120 0.466873
v 0.857839 0.208586 0.588794
v 0.828838 0.077575 0.619983
v 0.809537 0.452672 0.461809
v 0.799635 0.319655 0.501698
v 0.811267 0.333653 0.343363
v 0.640764 0.226504 0.762935
v 0.770890 0.293965 0.676791
v 0.671471 0.375469 0.751773
v 0.568277 0.647561 0.594855
v 0.620468 0.510757 0.677136
v 0.699318 0.552158 0.528810
v -0.128650 0.316712 0.860192
v 0.000000 0.395532 0.944521
v -0.361658 0.202230 0.794679
v -0.242905 0.250709 0.802634
v 0.000000 0.140759 1.063778
v -0.135139 0.202673 0.936639
v -0.138111 0.077228 0.976285
v -0.793193 -0.074239 0.593319
v -0.755545 0.000000 0.711094
v -0.515904 -0.140622 0.795001
v -0.613254 -0.072587 0.734683
v -0.579882 -0.204983 0.690446
v -0.671630 0.079497 0.804617
v -0.521801 0.142229 0.804087
v 0.000000 -0.412030 0.983918
v -0.152565 -0.375588 1.020100
v -0.147249 -0.491919 0.924505
v -0.150148 -0.083959 1.061366
v -0.151538 -0.227267 1.050298
v 0.000000 -0.139668 1.055532
v -0.404269 -0.357591 0.847000
v -0.298361 -0.307947 0.985880
v -0.398837 -0.223019 0.876374
v -0.385549 0.071863 0.838918
v -0.415458 -0.077438 0.903997
v -0.270900 0.000000 0.933454
v -0.951396 -0.122608 0.351170
v -0.842667 -0.115650 0.449498
v -1.095891 -0.133587 0.086907
v -1.037145 -0.128942 0.224983
v -0.856756 -0.352362 0.362616
v -0.944699 -0.246352 0.295824
v -0.914842 -0.358755 0.233392
v -0.954066 -0.130938 -0.508920
v -1.042170 -0.134306 -0.384676
v -0.884112 -0.346704 -0.225553
v -0.965055 -0.251661 -0.302198
v -0.877317 -0.360818 -0.371318
v -1.017246 -0.126468 -0.220667
v -1.051457 -0.128171 -0.083383
v -0.685388 -0.789536 0.085974
v -0.718488 -0.657805 0.000000
v -0.632916 -0.729090 -0.079392
v -0.876698 -0.490226 0.155461
v -0.771356 -0.554805 0.076402
v -0.774888 -0.560782 0.230629
v -0.788326 -0.570507 -0.234628
v -0.755697 -0.543542 -0.074850
v -0.857955 -0.479746 -0.152138
v -1.029128 -0.257354 0.000000
v -0.963279 -0.381467 -0.082723
v -1.016215 -0.402430 0.087269
v -0.771211 0.000000 -0.725839
v -0.823481 -0.077074 -0.615975
v -0.517612 0.141087 -0.797632
v -0.647239 0.076610 -0.775397
v -0.657947 -0.232578 -0.783395
v -0.673198 -0.079682 -0.806497
v -0.552194 -0.150513 -0.850922
v 0.000000 0.365150 -0.871971
v -0.130914 0.322287 -0.875333
v -0.134516 0.075218 -0.950868
v -0.136460 0.204654 -0.945794
v 0.000000 0.127274 -0.961867
v -0.253601 0.261749 -0.837977
v -0.392901 0.219700 -0.863329
v -0.145726 -0.486830 -0.914940
v -0.134872 -0.332031 -0.901799
v 0.000000 -0.377840 -0.902272
v -0.402951 -0.225319 -0.885412
v -0.267048 -0.275628 -0.882412
v -0.380463 -0.336534 -0.797124
v 0.000000 -0.146058 -1.103830
v -0.140682 -0.210986 -0.975055
v -0.144780 -0.080957 -1.023421
v -0.423908 0.079013 -0.922385
v -0.266010 0.000000 -0.916604
v -0.406447 -0.075758 -0.884390
v 0.208657 0.506255 -0.739434
v 0.125696 0.419914 -0.789181
v 0.386301 0.664808 -0.595284
v 0.310018 0.613484 -0.700532
v 0.374452 0.331217 -0.784530
v 0.339955 0.458606 -0.732785
v 0.493375 0.432627 -0.760283
v 0.592941 0.683041 -0.074377
v 0.584486 0.733774 -0.207579
v 0.729361 0.561343 -0.365188
v 0.669640 0.657239 -0.291588
v 0.811678 0.587407 -0.241579
v 0.506119 0.695100 -0.323280
v 0.468210 0.707229 -0.460097
v 0.826843 0.077388 -0.618491
v 0.862241 0.209656 -0.591815
v 0.937386 0.128649 -0.500023
v 0.652060 0.364615 -0.730041
v 0.765567 0.291936 -0.672118
v 0.683434 0.241587 -0.813742
v 0.928753 0.381972 -0.393088
v 0.876182 0.350255 -0.549724
v 0.829477 0.463822 -0.473184
v 0.528335 0.602046 -0.553044
v 0.679852 0.536788 -0.514090
v 0.570309 0.469466 -0.622396
v 0.646799 -0.745082 0.081133
v 0.600877 -0.754351 0.213400
v 0.493333 -0.796919 0.127246
v 0.777294 -0.598234 0.389188
v 0.678328 -0.665767 0.295371
v 0.840353 -0.608159 0.250113
v 0.395597 -0.805395 0.385374
v 0.516228 -0.708984 0.329738
v 0.466380 -0.704465 0.458298
v 0.851466 -0.079693 0.636908
v 0.858962 -0.208859 0.589564
v 0.927826 -0.127337 0.494923
v 0.640547 -0.358177 0.717150
v 0.744708 -0.283982 0.653806
v 0.633187 -0.223825 0.753914
v 0.946310 -0.389193 0.400519
v 0.836359 -0.334336 0.524739
v 0.824956 -0.461294 0.470604
v 0.086104 -0.591474 0.792708
v 0.206696 -0.501497 0.732484
v 0.137262 -0.458555 0.861800
v 0.355487 -0.611778 0.547800
v 0.291062 -0.575972 0.657697
v 0.234164 -0.677940 0.570806
v 0.392901 -0.347536 0.823184
v 0.327076 -0.441232 0.705024
v 0.467630 -0.410052 0.720610
v 0.645888 -0.509971 0.488407
v 0.559073 -0.460217 0.610134
v 0.496643 -0.565932 0.519870
v 0.375386 -0.876329 0.131391
v 0.437485 -0.897949 0.000000
v 0.243561 -0.822645 0.375324
v 0.301970 -0.830941 0.252101
v 0.137485 -0.893076 0.000000
v 0.226083 -0.898054 0.129897
v 0.085016 -0.923760 0.131008
v -0.087845 -0.603438 0.808742
v 0.000000 -0.719400 0.766285
v -0.179010 -0.869864 0.565901
v -0.094773 -0.824482 0.689936
v -0.249872 -0.723415 0.609095
v 0.087293 -0.759408 0.635482
v 0.155854 -0.757340 0.492697
v -0.410096 -0.841732 0.000000
v -0.382112 -0.892030 0.133745
v -0.554168 -0.895189 0.142937
v -0.082304 -0.894288 0.126829
v -0.228284 -0.906794 0.131161
v -0.124411 -0.808149 0.000000
v -0.413357 -0.841551 0.402674
v -0.312762 -0.860636 0.261111
v -0.258266 -0.872312 0.397984
v 0.085944 -0.862364 0.397317
v -0.084940 -0.852284 0.392674
v 0.000000 -0.908480 0.264313
v 0.392307 -0.915830 -0.137314
v 0.534660 -0.863677 -0.137906
v 0.078732 -0.855482 -0.121325
v 0.224569 -0.892041 -0.129027
v 0.419007 -0.853054 -0.408179
v 0.317468 -0.873586 -0.265040
v 0.251844 -0.850622 -0.388088
v -0.476429 -0.769612 -0.122886
v -0.347237 -0.810616 -0.121539
v -0.247573 -0.836195 -0.381506
v -0.311352 -0.856756 -0.259934
v -0.399320 -0.812974 -0.389000
v -0.214871 -0.853518 -0.123455
v -0.078928 -0.857610 -0.121627
v 0.086496 -0.594170 -0.796320
v 0.000000 -0.721951 -0.769003
v -0.092843 -0.637769 -0.854753
v 0.185504 -0.901419 -0.586429
v 0.095830 -0.833676 -0.697629
v 0.263307 -0.762313 -0.641846
v -0.269664 -0.780718 -0.657342
v -0.093292 -0.811597 -0.679153
v -0.178381 -0.866807 -0.563912
v 0.000000 -0.853599 -0.248346
v -0.084952 -0.852405 -0.392729
v 0.087854 -0.881523 -0.406145
v 0.599826 -0.753032 -0.213027
v 0.628699 -0.724232 -0.078863
v 0.491420 -0.742288 -0.482904
v 0.562709 -0.772820 -0.359427
v 0.721221 -0.521943 -0.214656
v 0.629993 -0.618327 -0.274324
v 0.691847 -0.532471 -0.346405
v 0.127618 -0.426337 -0.801251
v 0.213346 -0.517632 -0.756051
v 0.449511 -0.394164 -0.692690
v 0.327167 -0.441354 -0.705219
v 0.369709 -0.327022 -0.774594
v 0.313035 -0.619455 -0.707350
v 0.392435 -0.675364 -0.604736
v 0.873987 -0.119948 -0.466204
v 0.861552 -0.209489 -0.591342
v 0.819076 -0.076661 -0.612680
v 0.783510 -0.438118 -0.446961
v 0.844217 -0.337477 -0.529669
v 0.799919 -0.328986 -0.338560
v 0.616908 -0.218071 -0.734531
v 0.740615 -0.282420 -0.650212
v 0.629104 -0.351778 -0.704339
v 0.519086 -0.591506 -0.543362
v 0.568180 -0.467714 -0.620073
v 0.643082 -0.507756 -0.486286
v 0.735938 -0.673782 0.000000
v 0.793970 -0.443967 -0.140791
v 0.779343 -0.560549 -0.077193
v 0.875960 -0.630042 0.086762
v 0.919901 -0.514385 0.163122
v 0.953581 0.000000 -0.400327
v 0.904965 -0.116624 -0.334032
v 1.035075 -0.126174 -0.082084
v 0.925033 -0.115004 -0.200663
v 1.070244 0.000000 -0.141969
v 0.922009 -0.240435 -0.288718
v 0.830400 -0.325641 -0.211850
v 0.964267 -0.124267 0.355921
v 0.916852 0.000000 0.384907
v 0.970260 -0.380487 0.247530
v 0.968321 -0.252512 0.303221
v 1.095176 0.000000 0.145277
v 1.049515 -0.130480 0.227667
v 1.129510 -0.137685 0.089573
v 0.889065 -0.352078 -0.076349
v 1.000288 -0.250142 0.000000
v 0.972448 -0.385098 0.083510
v 0.140718 -0.346423 0.940889
v 0.401272 -0.224381 0.881723
v 0.276750 -0.285642 0.914471
v 0.148934 -0.223362 1.032253
v 0.145711 -0.081478 1.030004
v 0.748327 0.000000 0.704301
v 0.540180 0.147239 0.832409
v 0.642086 0.076000 0.769224
v 0.695604 -0.082335 0.833339
v 0.523235 -0.142620 0.806298
v 0.135674 0.334004 0.907157
v 0.146013 0.081647 1.032142
v 0.144081 0.216083 0.998611
v 0.263687 0.272159 0.871307
v 0.393822 0.220215 0.865352
v 0.436199 -0.081304 0.949128
v 0.415301 0.077408 0.903656
v 0.301046 0.000000 1.037330
v -0.656812 -0.824573 0.233265
v -0.492056 -0.743248 0.483529
v -0.558867 -0.767543 0.356973
v -0.701801 -0.688805 0.305592
v -0.756959 -0.582583 0.379007
v -0.231477 -0.561620 0.820300
v -0.482094 -0.422735 0.742900
v -0.368989 -0.497773 0.795368
v -0.318349 -0.629971 0.719358
v -0.388032 -0.667787 0.597951
v -0.814477 -0.198042 0.559031
v -0.822452 -0.459894 0.469176
v -0.840487 -0.335986 0.527329
v -0.711241 -0.271219 0.624424
v -0.627262 -0.350748 0.702277
v -0.534744 -0.609349 0.559753
v -0.594946 -0.489747 0.649283
v -0.699541 -0.552334 0.528979
v -0.237167 -0.575426 -0.840464
v -0.393507 -0.677210 -0.606389
v -0.320913 -0.635045 -0.725151
v -0.353914 -0.477437 -0.762874
v -0.469128 -0.411365 -0.722919
v -0.562747 -0.706481 -0.199858
v -0.732198 -0.563526 -0.366609
v -0.683221 -0.670570 -0.297502
v -0.517856 -0.711220 -0.330778
v -0.476655 -0.719985 -0.468395
v -0.813564 -0.197821 -0.558405
v -0.644557 -0.360419 -0.721641
v -0.735523 -0.280479 -0.645741
v -0.849170 -0.339457 -0.532777
v -0.812918 -0.454563 -0.463738
v -0.548340 -0.624842 -0.573985
v -0.687773 -0.543042 -0.520080
v -0.615516 -0.506680 -0.671732
v 0.714685 0.000000 -0.672638
v 0.528651 -0.144096 -0.814644
v 0.609285 -0.072117 -0.729929
v 0.659013 0.078003 -0.789503
v 0.555584 0.151437 -0.856147
v 0.135869 -0.334484 -0.908462
v 0.153028 -0.085569 -1.081725
v 0.143644 -0.215428 -0.995584
v 0.264756 -0.273262 -0.874838
v 0.399922 -0.223626 -0.878758
v 0.133535 0.328739 -0.892857
v 0.408516 0.228432 -0.897642
v 0.256517 0.264759 -0.847615
v 0.141597 0.212359 -0.981401
v 0.138658 0.077534 -0.980151
v 0.407933 -0.076035 -0.887624
v 0.281700 0.000000 -0.970668
v 0.417109 0.077746 -0.907591
v 0.916393 0.118097 0.338250
v 0.983291 0.119862 0.077977
v 0.998250 0.124106 0.216546
v 0.893257 0.232938 0.279715
v 0.881056 0.345506 0.224773
v 0.943072 0.121535 -0.348098
v 0.958160 0.375742 -0.244443
v 0.990526 0.258303 -0.310174
v 0.979260 0.121745 -0.212427
v 1.028700 0.125397 -0.081578
v 0.706158 0.646517 0.000000
v 0.834141 0.466430 0.147915
v 0.746864 0.537189 0.073976
v 0.758152 0.545308 -0.075094
v 0.903923 0.505450 -0.160289
v 0.982168 0.245611 0.000000
v 0.973352 0.385456 -0.083588
v 0.899646 0.356268 0.077258
v -0.623133 0.807367 0.042161
v -0.619684 0.840310 0.113888
v -0.556059 0.854418 0.068781
v -0.689678 0.737279 0.194006
v -0.664199 0.798202 0.156749
v -0.708615 0.727530 0.124576
v -0.499716 0.850554 0.202682
v -0.583206 0.828500 0.181107
v -0.559015 0.832937 0.250490
v -0.826363 0.543194 0.353382
v -0.812431 0.605958 0.321391
v -0.863664 0.551701 0.286534
v -0.655276 0.667412 0.364446
v -0.726939 0.633085 0.341302
v -0.682412 0.614941 0.400057
v -0.785087 0.640108 0.204738
v -0.776490 0.654108 0.280377
v -0.712991 0.675468 0.231188
v -0.378447 0.827374 0.465572
v -0.454656 0.794819 0.445026
v -0.409313 0.760532 0.494773
v -0.517005 0.810518 0.314110
v -0.496355 0.820079 0.387107
v -0.427356 0.815721 0.323775
v -0.556700 0.699178 0.454858
v -0.537260 0.772340 0.429644
v -0.598501 0.721887 0.398352
v -0.669232 0.742774 0.266223
v -0.649070 0.749888 0.341166
v -0.603866 0.791919 0.295748
v -0.873242 0.039195 0.580750
v -0.919018 0.107058 0.583982
v -0.900620 0.062316 0.505053
v -0.795498 0.179920 0.641207
v -0.856656 0.144596 0.614239
v -0.834904 0.122879 0.700714
v -0.935563 0.191621 0.473631
v -0.888986 0.167030 0.539224
v -0.881144 0.227763 0.509569
v -0.583172 0.326094 0.764464
v -0.643347 0.293288 0.743250
v -0.573949 0.256214 0.774212
v -0.719625 0.337756 0.608810
v -0.683885 0.316897 0.676650
v -0.663421 0.370968 0.634377
v -0.714354 0.196388 0.754959
v -0.721930 0.265978 0.738459
v -0.752033 0.221236 0.684008
v -0.875667 0.423528 0.345133
v -0.836549 0.402593 0.412336
v -0.855186 0.478198 0.396592
v -0.873596 0.290997 0.480162
v -0.869381 0.352731 0.453411
v -0.894678 0.305230 0.403888
v -0.743398 0.415688 0.510035
v -0.772800 0.369509 0.463221
v -0.748460 0.354997 0.534699
v -0.803671 0.247585 0.623941
v -0.768365 0.300465 0.573071
v -0.831237 0.266823 0.546173
v -0.044816 0.570756 0.860365
v -0.116184 0.544733 0.859399
v -0.072278 0.503504 0.900108
v -0.202787 0.621179 0.772582
v -0.163421 0.596685 0.834261
v -0.134020 0.656889 0.784649
v -0.193388 0.410849 0.813585
v -0.179770 0.498825 0.824444
v -0.239574 0.460699 0.798635
v -0.366706 0.738906 0.565088
v -0.323951 0.705629 0.612315
v -0.292299 0.759174 0.564212
v -0.385033 0.596534 0.706881
v -0.344875 0.632945 0.641316
v -0.411389 0.604675 0.633944
v -0.213242 0.704592 0.668367
v -0.278078 0.663599 0.650371
v -0.240966 0.640353 0.705801
v -0.422281 0.295777 0.752321
v -0.418505 0.368420 0.749326
v -0.489342 0.348825 0.754068
v -0.299965 0.425431 0.775959
v -0.354176 0.391313 0.752194
v -0.306463 0.348553 0.774038
v -0.460052 0.485174 0.708934
v -0.415055 0.447226 0.747985
v -0.416287 0.538934 0.756279
v -0.267231 0.578846 0.747455
v -0.334340 0.548100 0.736726
v -0.288289 0.507215 0.773881
v -0.799106 0.528013 0.428951
v -0.674827 0.452659 0.530210
v -0.721193 0.479764 0.473072
v -0.696380 0.542589 0.433654
v -0.617072 0.566481 0.446921
v -0.566432 0.395520 0.738674
v -0.506526 0.509960 0.650680
v -0.525008 0.444963 0.680041
v -0.623448 0.428283 0.689479
v -0.634311 0.430136 0.595384
v -0.427360 0.686019 0.527373
v -0.549040 0.602134 0.469910
v -0.482640 0.634004 0.490694
v -0.447302 0.618940 0.561067
v -0.478127 0.568844 0.607554
v -0.588269 0.473692 0.536714
v -0.534393 0.520435 0.571855
v -0.559378 0.528303 0.494931
v -0.464171 0.841999 0.065330
v -0.492892 0.847511 0.000000
v -0.427593 0.872757 0.201296
v -0.458068 0.879982 0.136082
v -0.374961 0.941098 0.000000
v -0.408385 0.892381 0.067236
v -0.347524 0.939176 0.069002
v -0.303108 0.851234 0.467085
v -0.338610 0.866055 0.404503
v -0.259948 0.947067 0.281327
v -0.288731 0.874389 0.331174
v -0.221897 0.921928 0.341939
v -0.355046 0.836051 0.323839
v -0.389439 0.852616 0.264354
v -0.076172 0.994379 0.000000
v -0.122040 0.991939 0.070241
v -0.047375 1.035937 0.073004
v -0.271689 0.960734 0.069642
v -0.196585 0.972010 0.069433
v -0.224748 0.965430 0.000000
v -0.133379 0.956103 0.205535
v -0.169705 0.992313 0.142116
v -0.214664 0.973416 0.211432
v -0.343509 0.867388 0.196314
v -0.284287 0.928768 0.206097
v -0.305094 0.902405 0.132861
v 0.043962 0.559873 0.843959
v 0.000000 0.601911 0.806696
v 0.086555 0.680960 0.725340
v 0.043295 0.636968 0.760283
v 0.132186 0.647901 0.773912
v -0.043821 0.644705 0.769518
v -0.087782 0.690608 0.735617
v 0.236139 0.757007 0.492480
v 0.203646 0.748593 0.554997
v 0.279165 0.725062 0.538860
v 0.044235 0.804395 0.594982
v 0.123533 0.762310 0.564292
v 0.082528 0.807050 0.525036
v 0.206162 0.681199 0.646177
v 0.165120 0.722425 0.606371
v 0.126634 0.698534 0.659624
v -0.214481 0.788420 0.584524
v -0.249725 0.800559 0.520813
v -0.126936 0.700196 0.661194
v -0.167031 0.730785 0.613388
v -0.088887 0.869245 0.565498
v -0.131874 0.813781 0.602393
v -0.045534 0.828015 0.612453
v 0.042078 0.695855 0.657611
v 0.000000 0.746251 0.624471
v -0.042778 0.707429 0.668550
v 0.464409 0.798535 0.000000
v 0.481296 0.873065 0.067740
v 0.531929 0.817341 0.065797
v 0.350577 0.947426 0.069609
v 0.406822 0.888965 0.066979
v 0.354755 0.890384 0.000000
v 0.500538 0.851952 0.203015
v 0.468019 0.899099 0.139038
v 0.434465 0.886782 0.204531
v 0.046639 1.019858 0.071871
v 0.120523 0.979608 0.069368
v 0.072681 0.948803 0.000000
v 0.208322 0.944660 0.205186
v 0.169397 0.990508 0.141857
v 0.133460 0.956681 0.205660
v 0.214929 0.923253 0.000000
v 0.195360 0.965952 0.069000
v 0.282628 0.999417 0.072446
v 0.374175 0.818034 0.460316
v 0.341478 0.873391 0.407929
v 0.287176 0.806490 0.442533
v 0.405960 0.888786 0.275568
v 0.381887 0.899255 0.348321
v 0.459346 0.876781 0.348011
v 0.212876 0.884452 0.328039
v 0.294551 0.892012 0.337849
v 0.250330 0.912026 0.270918
v 0.330220 0.976724 0.143802
v 0.294447 0.961959 0.213462
v 0.369189 0.932232 0.210989
v -0.222404 0.881659 0.485396
v -0.046926 0.909561 0.502343
v -0.134991 0.896816 0.494778
v -0.180359 0.917063 0.420485
v -0.134548 0.927009 0.346795
v 0.209380 0.830027 0.456970
v 0.124963 0.860972 0.322091
v 0.167618 0.852282 0.390782
v 0.125139 0.831364 0.458667
v 0.045277 0.877600 0.484692
v 0.000000 0.992737 0.140791
v -0.087461 0.932721 0.271366
v -0.045339 0.973403 0.209739
v 0.044801 0.961836 0.207247
v 0.085010 0.906583 0.263762
v 0.000000 0.932057 0.429427
v 0.043884 0.905190 0.338119
v -0.044930 0.926771 0.346180
v -0.457233 0.829415 -0.064353
v -0.543906 0.835745 -0.067278
v -0.336548 0.909513 -0.066823
v -0.392378 0.857403 -0.064601
v -0.469841 0.799704 -0.190565
v -0.433190 0.832190 -0.128691
v -0.401930 0.820376 -0.189215
v -0.044381 0.970470 -0.068390
v -0.115139 0.935845 -0.066269
v -0.196360 0.890413 -0.193403
v -0.150920 0.882470 -0.126384
v -0.126176 0.904465 -0.194435
v -0.189192 0.935455 -0.066822
v -0.269647 0.953515 -0.069119
v -0.355011 0.776137 -0.436740
v -0.333216 0.852260 -0.398060
v -0.292575 0.821653 -0.450854
v -0.392688 0.859730 -0.266559
v -0.374420 0.881670 -0.341510
v -0.436316 0.832823 -0.330563
v -0.215185 0.894041 -0.331596
v -0.297887 0.902114 -0.341675
v -0.238550 0.869109 -0.258169
v -0.292967 0.866539 -0.127580
v -0.264494 0.864104 -0.191748
v -0.338791 0.855474 -0.193617
v 0.511953 0.786647 -0.063326
v 0.425058 0.771050 -0.059825
v 0.394674 0.805567 -0.185799
v 0.415710 0.798610 -0.123498
v 0.465143 0.791707 -0.188659
v 0.375024 0.819481 -0.061743
v 0.315414 0.852398 -0.062627
v 0.262481 0.737140 -0.404480
v 0.294313 0.752758 -0.351586
v 0.321351 0.702550 -0.395332
v 0.230727 0.840604 -0.249702
v 0.265240 0.803246 -0.304229
v 0.198188 0.823423 -0.305404
v 0.385782 0.736365 -0.292277
v 0.323874 0.762647 -0.295407
v 0.364210 0.797382 -0.247228
v 0.114192 0.928145 -0.065724
v 0.043453 0.950186 -0.066961
v 0.256567 0.907259 -0.065766
v 0.189268 0.935831 -0.066849
v 0.125954 0.902875 -0.194093
v 0.160599 0.939068 -0.134490
v 0.195663 0.887255 -0.192717
v 0.319113 0.805786 -0.182371
v 0.255861 0.835901 -0.185489
v 0.289073 0.855020 -0.125884
v -0.039655 0.505020 -0.761274
v 0.000000 0.554463 -0.743105
v 0.039510 0.503175 -0.758493
v -0.078865 0.620460 -0.660898
v -0.039547 0.581837 -0.694479
v -0.119843 0.587401 -0.701645
v 0.125092 0.613130 -0.732379
v 0.041116 0.604915 -0.722024
v 0.082465 0.648782 -0.691065
v -0.243058 0.779188 -0.506910
v -0.212095 0.779650 -0.578022
v -0.290427 0.754312 -0.560599
v -0.041861 0.761227 -0.563052
v -0.122424 0.755464 -0.559224
v -0.080305 0.785319 -0.510899
v -0.216200 0.714368 -0.677640
v -0.171924 0.752193 -0.631357
v -0.126703 0.698910 -0.659979
v 0.262789 0.682530 -0.507251
v 0.193909 0.712799 -0.528459
v 0.227023 0.727784 -0.473468
v 0.127014 0.700626 -0.661599
v 0.165427 0.723770 -0.607500
v 0.205604 0.679356 -0.644429
v 0.077494 0.757824 -0.493011
v 0.121057 0.747034 -0.552984
v 0.040931 0.744314 -0.550542
v -0.040536 0.670350 -0.633508
v 0.000000 0.716994 -0.599989
v 0.041263 0.682378 -0.644875
v 0.000000 0.945590 -0.134104
v 0.083978 0.895579 -0.260560
v 0.044095 0.946699 -0.203985
v -0.044506 0.955520 -0.205886
v -0.088486 0.943651 -0.274546
v 0.193836 0.768408 -0.423046
v 0.043322 0.839712 -0.463766
v 0.118965 0.790346 -0.436037
v 0.159761 0.812334 -0.372465
v 0.123245 0.849132 -0.317661
v -0.211480 0.838353 -0.461554
v -0.135413 0.932973 -0.349026
v -0.172750 0.878377 -0.402747
v -0.125709 0.835150 -0.460756
v -0.044531 0.863134 -0.476702
v 0.044908 0.926313 -0.346009
v 0.000000 0.917481 -0.422712
v -0.044933 0.926831 -0.346203
v -0.573750 0.778022 -0.105446
v -0.614329 0.795960 -0.041565
v -0.510873 0.761206 -0.228918
v -0.543798 0.772517 -0.168869
v -0.713952 0.733010 -0.125514
v -0.615975 0.740248 -0.145368
v -0.665011 0.710909 -0.187067
v -0.402782 0.748396 -0.486878
v -0.439415 0.768176 -0.430109
v -0.592679 0.714865 -0.394477
v -0.513171 0.737711 -0.410380
v -0.543153 0.682163 -0.443789
v -0.482478 0.797151 -0.376285
v -0.496325 0.778097 -0.301546
v -0.825104 0.527069 -0.273741
v -0.764848 0.570468 -0.302568
v -0.789161 0.518741 -0.337473
v -0.701594 0.664670 -0.227492
v -0.730943 0.615740 -0.263931
v -0.794622 0.647882 -0.207224
v -0.666462 0.600568 -0.390707
v -0.713098 0.621031 -0.334804
v -0.660489 0.672721 -0.367345
v -0.551468 0.723203 -0.270085
v -0.612331 0.707441 -0.321854
v -0.632559 0.702071 -0.251634
v -0.061199 0.426322 -0.762131
v -0.103422 0.484899 -0.765002
v -0.234979 0.451864 -0.783319
v -0.171718 0.476483 -0.787517
v -0.188617 0.400714 -0.793514
v -0.146556 0.535109 -0.748168
v -0.197391 0.604650 -0.752024
v -0.469267 0.334515 -0.723134
v -0.403772 0.355450 -0.722947
v -0.424271 0.297171 -0.755867
v -0.399029 0.516591 -0.724925
v -0.400140 0.431155 -0.721107
v -0.450129 0.474709 -0.693642
v -0.316478 0.359943 -0.799333
v -0.355734 0.393035 -0.755503
v -0.296765 0.420891 -0.767679
v -0.315932 0.688164 -0.597159
v -0.352403 0.710086 -0.543047
v -0.233163 0.619618 -0.682947
v -0.279060 0.665941 -0.652667
v -0.395960 0.581998 -0.610169
v -0.335252 0.615283 -0.623420
v -0.369039 0.571753 -0.677517
v -0.286260 0.503645 -0.768434
v -0.335060 0.549281 -0.738315
v -0.273450 0.592318 -0.764851
v -0.936614 0.064807 -0.525238
v -0.924572 0.107705 -0.587512
v -0.932914 0.041874 -0.620436
v -0.916472 0.236895 -0.529999
v -0.942003 0.176992 -0.571382
v -0.979347 0.200589 -0.495797
v -0.814822 0.119923 -0.683859
v -0.890556 0.150318 -0.638546
v -0.832273 0.188238 -0.670850
v -0.835046 0.466936 -0.387252
v -0.853213 0.410613 -0.420549
v -0.874805 0.423111 -0.344794
v -0.859944 0.407874 -0.614343
v -0.882904 0.422155 -0.529218
v -0.841609 0.470606 -0.577416
v -0.947948 0.323403 -0.427935
v -0.891098 0.361543 -0.464737
v -0.915335 0.304900 -0.503104
v -0.581725 0.259685 -0.784700
v -0.671270 0.306018 -0.775509
v -0.583454 0.326252 -0.764834
v -0.785326 0.231030 -0.714289
v -0.727321 0.267964 -0.743973
v -0.701044 0.192729 -0.740892
v -0.754168 0.421711 -0.721152
v -0.748760 0.346959 -0.740839
v -0.835169 0.391987 -0.706562
v -0.896138 0.287656 -0.588817
v -0.886008 0.346469 -0.660812
v -0.856856 0.263970 -0.665232
v -0.426747 0.685034 -0.526616
v -0.481042 0.572312 -0.611259
v -0.444346 0.614850 -0.557360
v -0.524311 0.688744 -0.533060
v -0.600200 0.658242 -0.513697
v -0.542886 0.379079 -0.707969
v -0.679495 0.460775 -0.637795
v -0.627896 0.431339 -0.694398
v -0.526738 0.446429 -0.682281
v -0.505337 0.508763 -0.649153
v -0.780169 0.515500 -0.418786
v -0.633555 0.581613 -0.458859
v -0.707578 0.551314 -0.440627
v -0.785082 0.522265 -0.514980
v -0.753119 0.505176 -0.591724
v -0.584682 0.569410 -0.625669
v -0.662024 0.533082 -0.604006
v -0.614320 0.580193 -0.543544
v -0.654772 0.754268 0.000000
v -0.790383 0.723628 -0.086567
v -0.727426 0.746284 -0.042604
v -0.727327 0.746183 0.042598
v -0.754519 0.690793 0.082639
v -0.886332 0.495614 -0.238237
v -0.851759 0.542775 -0.199661
v -0.886710 0.563734 -0.042017
v -0.847997 0.539542 -0.118411
v -0.890946 0.498194 -0.078505
v -0.827433 0.596948 -0.162961
v -0.834709 0.677489 -0.130390
v -0.861174 0.548774 0.201868
v -0.848163 0.474270 0.227978
v -0.794384 0.644759 0.124091
v -0.814276 0.587456 0.160370
v -0.880793 0.492516 0.077610
v -0.839807 0.534330 0.117267
v -0.861372 0.547625 0.040816
v -0.846279 0.687420 -0.044096
v -0.840283 0.604381 0.000000
v -0.820694 0.666638 0.042763
v -0.960590 0.000000 -0.481382
v -0.953393 0.063581 -0.452880
v -0.992510 0.062677 -0.316460
v -0.956181 0.061923 -0.377055
v -0.974203 0.000000 -0.334462
v -0.920784 0.122389 -0.413009
v -0.978718 0.194025 -0.413180
v -1.047605 0.063455 -0.041282
v -0.986277 0.060029 -0.104559
v -1.071166 0.000000 -0.070705
v -0.984371 0.183776 -0.187053
v -0.976026 0.120147 -0.143831
v -1.009330 0.186497 -0.121328
v -0.987251 0.000000 -0.198038
v -0.990751 0.060830 -0.172659
v -0.993694 0.061913 -0.242140
v -0.946177 0.379845 -0.318765
v -0.929320 0.438299 -0.285140
v -0.949955 0.253159 -0.373881
v -0.960168 0.319670 -0.351354
v -0.958949 0.305707 -0.198881
v -0.946921 0.308265 -0.269432
v -0.965029 0.246393 -0.228240
v -0.987347 0.124946 -0.287638
v -0.980442 0.187001 -0.258593
v -0.960921 0.186931 -0.327912
v -0.936126 0.062430 0.444678
v -0.903097 0.000000 0.452570
v -0.960489 0.190411 0.405485
v -0.951810 0.126513 0.426925
v -1.023236 0.000000 0.351295
v -0.989707 0.064094 0.390275
v -1.053044 0.066500 0.335761
v -0.909371 0.428890 0.279020
v -0.910397 0.365481 0.306711
v -0.968284 0.247224 0.229010
v -0.923660 0.300692 0.262813
v -0.952316 0.303593 0.197506
v -0.944367 0.314410 0.345572
v -0.907188 0.241762 0.357049
v -1.107587 0.000000 0.073109
v -1.093468 0.066553 0.115923
v -1.084281 0.065677 0.042727
v -1.050157 0.065431 0.255899
v -1.057071 0.064902 0.184216
v -1.061739 0.000000 0.212979
v -1.064518 0.196695 0.127962
v -1.102055 0.135661 0.162403
v -1.066082 0.199031 0.202580
v -1.016492 0.197742 0.346876
v -1.041305 0.198609 0.274646
v -1.054016 0.133383 0.307060
v -0.926005 0.438194 -0.201280
v -1.002866 0.322471 -0.125424
v -0.990939 0.390532 -0.167930
v -0.961358 0.455879 -0.124690
v -0.952632 0.452222 -0.042350
v -1.075616 0.131116 0.000000
v -1.073912 0.268553 0.086771
v -1.054583 0.195311 0.042326
v -0.998552 0.184934 -0.040077
v -1.017967 0.254563 -0.082251
v -0.897141 0.424536 0.195006
v -0.977942 0.464237 0.043475
v -0.926761 0.439473 0.120203
v -0.983565 0.387625 0.166681
v -1.066868 0.343050 0.133428
v -0.995187 0.319516 -0.041573
v -1.071928 0.344155 0.044779
v -1.001707 0.396685 0.000000
v 0.572507 0.776337 0.105218
v 0.588306 0.762243 0.039805
v 0.547485 0.815758 0.245323
v 0.556952 0.791204 0.172954
v 0.659177 0.676773 0.115884
v 0.598823 0.719636 0.141321
v 0.658780 0.704249 0.185314
v 0.408762 0.759507 0.494106
v 0.473712 0.828133 0.463679
v 0.667930 0.805629 0.444563
v 0.582711 0.837679 0.465991
v 0.632373 0.794218 0.516688
v 0.520516 0.859997 0.405950
v 0.529411 0.829967 0.321648
v 0.845996 0.540415 0.280672
v 0.822109 0.613176 0.325220
v 0.838896 0.551433 0.358741
v 0.729133 0.690760 0.236422
v 0.784201 0.660604 0.283161
v 0.751307 0.612565 0.195928
v 0.740547 0.667328 0.434138
v 0.780579 0.679800 0.366487
v 0.710558 0.723718 0.395192
v 0.623002 0.817014 0.305120
v 0.664289 0.767470 0.349165
v 0.660993 0.733629 0.262945
v 0.071106 0.495336 0.885506
v 0.112579 0.527831 0.832733
v 0.236751 0.455271 0.789226
v 0.176523 0.489816 0.809554
v 0.195693 0.415748 0.823285
v 0.156571 0.571675 0.799292
v 0.204225 0.625585 0.778062
v 0.506841 0.361299 0.781035
v 0.429030 0.377685 0.768171
v 0.450967 0.315870 0.803429
v 0.392612 0.508283 0.713267
v 0.433104 0.466674 0.780513
v 0.476914 0.502956 0.734918
v 0.322920 0.367271 0.815606
v 0.361516 0.399424 0.767784
v 0.300964 0.426848 0.778543
v 0.316507 0.689416 0.598245
v 0.348808 0.702843 0.537508
v 0.241115 0.640750 0.706239
v 0.281945 0.672826 0.659414
v 0.415885 0.611284 0.640872
v 0.354901 0.651344 0.659958
v 0.374788 0.580661 0.688073
v 0.287205 0.505309 0.770973
v 0.328707 0.538865 0.724314
v 0.261153 0.565681 0.730455
v 0.902577 0.062451 0.506150
v 0.893945 0.104138 0.568050
v 0.866090 0.038874 0.575994
v 0.871608 0.225298 0.504054
v 0.863672 0.162274 0.523870
v 0.894395 0.183189 0.452789
v 0.754439 0.111036 0.633181
v 0.804199 0.135742 0.576626
v 0.799285 0.180777 0.644260
v 0.847906 0.474127 0.393216
v 0.836440 0.402541 0.412282
v 0.834556 0.403644 0.328930
v 0.824006 0.390828 0.588669
v 0.837525 0.400457 0.502017
v 0.801223 0.448023 0.549708
v 0.833659 0.284412 0.376341
v 0.804078 0.326236 0.419353
v 0.826085 0.275171 0.454048
v 0.572924 0.255757 0.772828
v 0.660836 0.301261 0.763454
v 0.580647 0.324682 0.761154
v 0.766552 0.225507 0.697214
v 0.718950 0.264880 0.735411
v 0.670765 0.184405 0.708892
v 0.724031 0.404859 0.692334
v 0.725958 0.336393 0.718278
v 0.776587 0.364491 0.657001
v 0.825888 0.265106 0.542658
v 0.773225 0.302366 0.576695
v 0.798360 0.245949 0.619818
v 0.450204 0.722689 0.555563
v 0.500464 0.595420 0.635939
v 0.478295 0.661825 0.599942
v 0.561411 0.737480 0.570780
v 0.642076 0.704168 0.549537
v 0.584755 0.408315 0.762569
v 0.681679 0.462256 0.639845
v 0.638715 0.438771 0.706363
v 0.582037 0.493297 0.753910
v 0.530178 0.533772 0.681063
v 0.771038 0.509467 0.413884
v 0.695657 0.638624 0.503837
v 0.740597 0.577040 0.461189
v 0.778829 0.518105 0.510878
v 0.738523 0.495385 0.580256
v 0.590461 0.575038 0.631854
v 0.651950 0.524969 0.594814
v 0.654404 0.618050 0.579010
v -0.068014 0.416399 0.878791
v 0.000000 0.447347 0.894912
v -0.185077 0.338760 0.804446
v -0.132535 0.384420 0.859196
v 0.000000 0.319271 0.932288
v -0.067563 0.353609 0.898970
v -0.065098 0.282511 0.888259
v -0.426456 0.238463 0.779138
v -0.351701 0.253686 0.754891
v -0.249767 0.198864 0.842930
v -0.300839 0.226005 0.796288
v -0.303583 0.169756 0.820565
v -0.310477 0.293312 0.803562
v -0.248152 0.315004 0.802366
v 0.000000 0.068522 1.040704
v -0.071353 0.106824 1.010162
v -0.072527 0.040555 1.031756
v -0.068660 0.230806 0.949555
v -0.070448 0.171868 0.988685
v 0.000000 0.202231 1.010681
v -0.193265 0.108069 0.901277
v -0.134752 0.138655 0.943258
v -0.189984 0.166207 0.876862
v -0.185510 0.279705 0.821707
v -0.192179 0.228422 0.868220
v -0.130910 0.259032 0.891382
v -0.822423 -0.036914 0.546953
v -0.836866 0.000000 0.625987
v -0.710667 -0.073074 0.668856
v -0.770204 -0.037793 0.646897
v -0.737454 -0.108536 0.618926
v -0.819514 0.040212 0.688313
v -0.774791 0.079667 0.729208
v -0.509655 -0.210572 0.785370
v -0.538738 -0.170337 0.728484
v -0.547600 -0.244452 0.738669
v -0.590628 -0.037837 0.800510
v -0.549901 -0.103731 0.744731
v -0.518225 -0.070190 0.798577
v -0.618659 -0.170080 0.653825
v -0.581602 -0.136468 0.694652
v -0.641187 -0.106068 0.680712
v -0.591684 0.187077 0.800078
v -0.523920 0.216466 0.807353
v -0.718444 0.118848 0.762731
v -0.642405 0.150735 0.767274
v -0.533141 0.072210 0.821563
v -0.595922 0.112412 0.807057
v -0.611430 0.039170 0.828703
v -0.688980 -0.037987 0.730875
v -0.654198 0.000000 0.783734
v -0.752405 0.041484 0.798157
v 0.000000 -0.455559 0.911340
v -0.075587 -0.462764 0.976643
v -0.072812 -0.507223 0.906756
v -0.076225 -0.330797 1.040077
v -0.076662 -0.401231 1.020040
v 0.000000 -0.345196 1.007989
v -0.217020 -0.461057 0.913009
v -0.148610 -0.431046 0.963405
v -0.218693 -0.400290 0.950560
v -0.072873 -0.040749 1.036670
v -0.075245 -0.112651 1.065266
v 0.000000 -0.069791 1.059979
v -0.221956 -0.194178 1.024428
v -0.153189 -0.157626 1.072315
v -0.216489 -0.121055 1.009580
v 0.000000 -0.212118 1.060094
v -0.074246 -0.181135 1.041994
v -0.077725 -0.261281 1.074934
v -0.457030 -0.320116 0.814230
v -0.400541 -0.288914 0.859721
v -0.443644 -0.248074 0.810540
v -0.298120 -0.378433 0.963931
v -0.354695 -0.335086 0.918006
v -0.351115 -0.399339 0.886819
v -0.354876 -0.198437 0.959205
v -0.353421 -0.265506 0.935464
v -0.287462 -0.228876 0.970146
v -0.156266 -0.309204 1.064035
v -0.228855 -0.272014 1.033911
v -0.231743 -0.349414 1.026497
v -0.443561 0.175124 0.807691
v -0.474494 0.038193 0.861290
v -0.450213 0.105842 0.818085
v -0.366614 0.135500 0.801576
v -0.318629 0.106521 0.853852
v -0.439075 -0.173352 0.799522
v -0.353899 -0.118312 0.948369
v -0.395016 -0.145998 0.863675
v -0.451632 -0.106176 0.820664
v -0.483022 -0.038880 0.876769
v -0.141644 0.000000 1.001255
v -0.251450 0.069832 0.866433
v -0.204026 0.038004 0.949260
v -0.212949 -0.039666 0.990775
v -0.281269 -0.078113 0.969182
v -0.401925 0.000000 0.874550
v -0.348539 -0.038979 0.935424
v -0.337228 0.037714 0.905065
v -0.905287 -0.060373 0.430029
v -0.862473 -0.059677 0.483661
v -1.025006 -0.064729 0.326821
v -0.959607 -0.062144 0.378406
v -0.837707 -0.171579 0.424091
v -0.864757 -0.114942 0.387878
v -0.879504 -0.174357 0.371296
v -1.090575 -0.066058 0.042975
v -1.059802 -0.064504 0.112354
v -1.052337 -0.196465 0.199968
v -1.093056 -0.134553 0.161077
v -1.121532 -0.207229 0.134815
v -1.060220 -0.065095 0.184765
v -1.051476 -0.065513 0.256220
v -0.804419 -0.389068 0.317052
v -0.894257 -0.359001 0.301274
v -0.845610 -0.398818 0.259456
v -0.920820 -0.245394 0.362414
v -0.925714 -0.308199 0.338746
v -0.872289 -0.297591 0.393780
v -0.998796 -0.318410 0.207145
v -0.934986 -0.304379 0.266036
v -0.996108 -0.254328 0.235590
v -0.994168 -0.125809 0.289625
v -0.998841 -0.190510 0.263446
v -0.930948 -0.181101 0.317684
v -0.944471 -0.065350 -0.529644
v -0.995556 -0.066393 -0.472908
v -1.017398 -0.201693 -0.429510
v -0.976204 -0.129755 -0.437867
v -0.936260 -0.191764 -0.473984
v -0.988930 -0.064043 -0.389969
v -1.011402 -0.063870 -0.322483
v -0.868252 -0.409497 -0.266403
v -0.874162 -0.350934 -0.294504
v -0.821282 -0.397224 -0.323698
v -0.980423 -0.250324 -0.231881
v -0.913678 -0.297443 -0.259973
v -0.914417 -0.291510 -0.189646
v -0.909527 -0.310295 -0.410590
v -0.926700 -0.308528 -0.339107
v -0.962431 -0.256484 -0.378791
v -1.026524 -0.062479 -0.108826
v -1.067148 -0.064639 -0.042052
v -1.011220 -0.063005 -0.246411
v -0.992657 -0.060947 -0.172991
v -1.033412 -0.190947 -0.124223
v -1.026306 -0.126336 -0.151241
v -0.987250 -0.184314 -0.187600
v -1.009338 -0.196350 -0.344434
v -0.990101 -0.188843 -0.261141
v -1.014925 -0.128436 -0.295672
v -0.622508 -0.806557 0.042119
v -0.656966 -0.756795 0.000000
v -0.586206 -0.759522 -0.039663
v -0.718777 -0.658070 0.078725
v -0.683958 -0.701690 0.040058
v -0.714206 -0.733271 0.125559
v -0.680555 -0.698722 -0.119643
v -0.708524 -0.726893 -0.041497
v -0.695608 -0.636858 -0.076187
v -0.822793 -0.460084 0.221159
v -0.817988 -0.521254 0.191744
v -0.762035 -0.486781 0.252817
v -0.835890 -0.531424 0.039609
v -0.823563 -0.523995 0.114999
v -0.907005 -0.507174 0.079920
v -0.741214 -0.604337 0.193296
v -0.771213 -0.556388 0.151889
v -0.756874 -0.614313 0.118231
v -0.787018 -0.502740 -0.261106
v -0.804552 -0.512692 -0.188595
v -0.839087 -0.469196 -0.225538
v -0.730220 -0.592680 -0.114068
v -0.767138 -0.553448 -0.151086
v -0.734272 -0.598677 -0.191486
v -0.899752 -0.503117 -0.079280
v -0.819778 -0.521587 -0.114470
v -0.833114 -0.529660 -0.039477
v -0.734035 -0.596246 0.038247
v -0.783559 -0.563582 0.000000
v -0.743671 -0.604073 -0.038749
v -1.058048 -0.128974 0.000000
v -1.011640 -0.252981 -0.081740
v -1.070223 -0.198207 -0.042954
v -1.109362 -0.205456 0.044525
v -1.096915 -0.274306 0.088630
v -0.880722 -0.416766 -0.191437
v -0.943258 -0.447772 -0.041933
v -0.893089 -0.423506 -0.115836
v -0.891214 -0.351230 -0.151030
v -0.971466 -0.312374 -0.121497
v -0.923194 -0.436864 0.200669
v -1.070267 -0.344143 0.133854
v -0.987953 -0.389355 0.167424
v -0.967349 -0.458720 0.125467
v -0.963896 -0.457569 0.042851
v -1.006660 -0.323200 -0.042052
v -0.983505 -0.389477 0.000000
v -1.054912 -0.338692 0.044068
v -0.853265 0.000000 -0.638255
v -0.906827 -0.040703 -0.603087
v -0.777486 0.079945 -0.731745
v -0.824477 0.040456 -0.692481
v -0.784441 -0.115452 -0.658362
v -0.797262 -0.039121 -0.669624
v -0.773622 -0.079547 -0.728108
v -0.508914 0.210266 -0.784228
v -0.581568 0.183879 -0.786399
v -0.621909 0.039841 -0.842906
v -0.588344 0.110983 -0.796793
v -0.538305 0.072909 -0.829520
v -0.644924 0.151326 -0.770282
v -0.695713 0.115088 -0.738598
v -0.586598 -0.261861 -0.791274
v -0.585035 -0.184975 -0.791087
v -0.535943 -0.221433 -0.825880
v -0.708444 -0.117194 -0.752115
v -0.646616 -0.151723 -0.772303
v -0.676566 -0.186000 -0.715023
v -0.533189 -0.072216 -0.821636
v -0.575984 -0.108651 -0.780055
v -0.592163 -0.037936 -0.802591
v -0.714156 0.039375 -0.757581
v -0.662652 0.000000 -0.793863
v -0.710166 -0.039155 -0.753349
v 0.000000 0.405189 -0.810576
v -0.063812 0.390677 -0.824506
v -0.066146 0.287057 -0.902553
v -0.065630 0.343493 -0.873253
v 0.000000 0.309218 -0.902932
v -0.131149 0.380399 -0.850208
v -0.192043 0.351511 -0.834726
v -0.069488 0.038856 -0.988522
v -0.069867 0.104599 -0.989124
v 0.000000 0.068520 -1.040671
v -0.197944 0.173171 -0.913604
v -0.136064 0.140004 -0.952439
v -0.202184 0.113056 -0.942872
v 0.000000 0.194059 -0.969840
v -0.069978 0.170722 -0.982094
v -0.068315 0.229649 -0.944794
v -0.385416 0.278005 -0.827257
v -0.435649 0.243604 -0.795934
v -0.252103 0.320020 -0.815143
v -0.310496 0.293330 -0.803611
v -0.331503 0.185368 -0.896031
v -0.318914 0.239583 -0.844129
v -0.249533 0.198678 -0.842142
v -0.130103 0.257437 -0.885893
v -0.193646 0.230166 -0.874848
v -0.192328 0.289986 -0.851910
v -0.070929 -0.494106 -0.883308
v -0.071630 -0.438537 -0.925513
v 0.000000 -0.437287 -0.874787
v -0.214199 -0.392064 -0.931026
v -0.143314 -0.415683 -0.929070
v -0.211604 -0.449549 -0.890219
v 0.000000 -0.318777 -0.930846
v -0.067832 -0.355019 -0.902555
v -0.069298 -0.300736 -0.945559
v -0.477547 -0.267032 -0.872481
v -0.409341 -0.295262 -0.878610
v -0.451713 -0.316392 -0.804757
v -0.260777 -0.207630 -0.880087
v -0.340578 -0.255858 -0.901470
v -0.334404 -0.186990 -0.903872
v -0.315991 -0.359390 -0.798104
v -0.323046 -0.305186 -0.836092
v -0.259457 -0.329354 -0.838919
v 0.000000 -0.070781 -1.075011
v -0.074173 -0.111046 -1.050093
v -0.076096 -0.042551 -1.082520
v -0.072719 -0.244453 -1.005700
v -0.073677 -0.179746 -1.034005
v 0.000000 -0.212144 -1.060224
v -0.203795 -0.113957 -0.950385
v -0.146249 -0.150484 -1.023731
v -0.206668 -0.180803 -0.953868
v -0.208378 -0.314184 -0.922999
v -0.206997 -0.246034 -0.935164
v -0.138206 -0.273469 -0.941063
v -0.451685 0.178331 -0.822484
v -0.341169 0.114056 -0.914255
v -0.401729 0.148479 -0.878352
v -0.477494 0.112256 -0.867658
v -0.493633 0.039734 -0.896030
v -0.140476 0.000000 -0.993002
v -0.265705 -0.073791 -0.915551
v -0.206243 -0.038417 -0.959575
v -0.191023 0.035582 -0.888764
v -0.273531 0.075964 -0.942520
v -0.465831 -0.183916 -0.848243
v -0.469680 -0.037806 -0.852551
v -0.480118 -0.112873 -0.872426
v -0.409955 -0.151519 -0.896337
v -0.346029 -0.115681 -0.927279
v -0.337526 0.037747 -0.905868
v -0.342121 -0.038261 -0.918199
v -0.424346 0.000000 -0.923336
v 0.103532 0.485413 -0.765813
v 0.064117 0.446652 -0.798474
v 0.197782 0.605848 -0.753514
v 0.145644 0.531777 -0.743509
v 0.187520 0.398384 -0.788900
v 0.165773 0.459988 -0.760256
v 0.231437 0.445053 -0.771512
v 0.326579 0.658052 -0.503253
v 0.315171 0.686505 -0.595719
v 0.396685 0.614585 -0.728272
v 0.362097 0.664552 -0.673341
v 0.420519 0.618095 -0.648014
v 0.280850 0.670212 -0.656853
v 0.241487 0.641739 -0.707329
v 0.427176 0.299206 -0.761043
v 0.424959 0.374101 -0.760881
v 0.496296 0.353782 -0.764784
v 0.298211 0.422942 -0.771420
v 0.363913 0.402072 -0.772875
v 0.315421 0.358741 -0.796664
v 0.472003 0.497777 -0.727350
v 0.405592 0.437029 -0.730931
v 0.409321 0.529916 -0.743625
v 0.260508 0.564284 -0.728651
v 0.338210 0.554444 -0.745254
v 0.276907 0.487190 -0.743328
v 0.569647 0.738067 -0.038542
v 0.551031 0.747214 -0.101271
v 0.638826 0.682917 -0.179701
v 0.587938 0.706555 -0.138752
v 0.630116 0.646936 -0.110775
v 0.527270 0.749038 -0.163737
v 0.506007 0.753955 -0.226737
v 0.836981 0.550174 -0.357922
v 0.780967 0.582490 -0.308944
v 0.857082 0.547497 -0.284350
v 0.640138 0.651993 -0.356026
v 0.717021 0.624447 -0.336646
v 0.667838 0.601808 -0.391513
v 0.779433 0.635498 -0.203263
v 0.755523 0.636446 -0.272806
v 0.665505 0.630480 -0.215790
v 0.401200 0.701370 -0.392703
v 0.366997 0.681905 -0.443622
v 0.466322 0.731061 -0.283317
v 0.429726 0.709995 -0.335144
v 0.531298 0.667275 -0.434104
v 0.494629 0.711056 -0.395552
v 0.576205 0.694994 -0.383512
v 0.628088 0.697108 -0.249855
v 0.603877 0.697675 -0.317411
v 0.542239 0.711099 -0.265565
v 0.886031 0.039769 -0.589256
v 0.898471 0.104665 -0.570926
v 0.929695 0.064328 -0.521358
v 0.780362 0.176497 -0.629007
v 0.845771 0.142759 -0.606434
v 0.794261 0.116897 -0.666603
v 0.952431 0.195076 -0.482170
v 0.902616 0.169591 -0.547491
v 0.923339 0.238669 -0.533970
v 0.603911 0.337691 -0.791651
v 0.659406 0.300609 -0.761802
v 0.587653 0.262332 -0.792697
v 0.745227 0.349773 -0.630470
v 0.698553 0.323694 -0.691163
v 0.696088 0.389234 -0.665614
v 0.720748 0.198146 -0.761716
v 0.695989 0.256421 -0.711924
v 0.731589 0.215221 -0.665413
v 0.922552 0.446204 -0.363612
v 0.871345 0.419339 -0.429486
v 0.876849 0.490311 -0.406638
v 0.919021 0.306128 -0.505130
v 0.869577 0.352811 -0.453513
v 0.935450 0.319140 -0.422293
v 0.783301 0.438001 -0.537412
v 0.837499 0.400445 -0.502002
v 0.806212 0.382389 -0.575957
v 0.816817 0.251635 -0.634147
v 0.800498 0.313031 -0.597037
v 0.885444 0.284223 -0.581790
v 0.408314 0.655445 -0.503870
v 0.592838 0.650168 -0.507396
v 0.491372 0.645476 -0.499572
v 0.457092 0.632487 -0.573347
v 0.481986 0.573436 -0.612459
v 0.795234 0.525454 -0.426872
v 0.696020 0.466875 -0.546861
v 0.730685 0.486079 -0.479299
v 0.701645 0.546691 -0.436933
v 0.651100 0.597720 -0.471566
v 0.545821 0.381129 -0.711796
v 0.528392 0.531974 -0.678770
v 0.544129 0.461169 -0.704809
v 0.630181 0.432909 -0.696926
v 0.675636 0.458158 -0.634173
v 0.600854 0.567475 -0.531629
v 0.622558 0.501303 -0.567999
v 0.566614 0.551814 -0.606334
v 0.610239 -0.790660 0.041289
v 0.584549 -0.792666 0.107431
v 0.540837 -0.831029 0.066899
v 0.660918 -0.706534 0.185915
v 0.614151 -0.738057 0.144938
v 0.692941 -0.711439 0.121820
v 0.474286 -0.807270 0.192367
v 0.541479 -0.769223 0.168149
v 0.530432 -0.790349 0.237682
v 0.827334 -0.543833 0.353797
v 0.821050 -0.612386 0.324801
v 0.841244 -0.537380 0.279096
v 0.661220 -0.673466 0.367752
v 0.742018 -0.646217 0.348382
v 0.691856 -0.623451 0.405594
v 0.813514 -0.663285 0.212151
v 0.800254 -0.674126 0.288958
v 0.742351 -0.703283 0.240708
v 0.352049 -0.769663 0.433097
v 0.419301 -0.733013 0.410420
v 0.387338 -0.719700 0.468210
v 0.503471 -0.789300 0.305888
v 0.455042 -0.751821 0.354887
v 0.430063 -0.820888 0.325826
v 0.541361 -0.679913 0.442326
v 0.500571 -0.719598 0.400304
v 0.564740 -0.681166 0.375881
v 0.637815 -0.707904 0.253725
v 0.606415 -0.700607 0.318745
v 0.566170 -0.742484 0.277286
v 0.869248 -0.039016 0.578095
v 0.882962 -0.102858 0.561071
v 0.917929 -0.063514 0.514759
v 0.815960 -0.184548 0.657701
v 0.878899 -0.148351 0.630187
v 0.827697 -0.121818 0.694665
v 0.950078 -0.194594 0.480979
v 0.912256 -0.171402 0.553339
v 0.889283 -0.229866 0.514276
v 0.551525 -0.308398 0.722979
v 0.602795 -0.274801 0.696400
v 0.548572 -0.244886 0.739980
v 0.732529 -0.343813 0.619727
v 0.680450 -0.315305 0.673251
v 0.693017 -0.387517 0.662678
v 0.691832 -0.190197 0.731157
v 0.680364 -0.250664 0.695942
v 0.777129 -0.228618 0.706834
v 0.929564 -0.449596 0.366376
v 0.874244 -0.420734 0.430916
v 0.862933 -0.482529 0.400185
v 0.872739 -0.290711 0.479691
v 0.861809 -0.349659 0.449462
v 0.948913 -0.323733 0.428371
v 0.765248 -0.427907 0.525026
v 0.843041 -0.403094 0.505324
v 0.789884 -0.374644 0.564292
v 0.816602 -0.251569 0.633980
v 0.771829 -0.301820 0.575654
v 0.815624 -0.261812 0.535914
v 0.043665 -0.556091 0.838259
v 0.111291 -0.521790 0.823203
v 0.068843 -0.479571 0.857324
v 0.185080 -0.566940 0.705123
v 0.152986 -0.558585 0.780991
v 0.129496 -0.634716 0.758163
v 0.198712 -0.422161 0.835984
v 0.176774 -0.490512 0.810704
v 0.230628 -0.443496 0.768812
v 0.342162 -0.689451 0.527267
v 0.293428 -0.639145 0.554622
v 0.271593 -0.705394 0.524243
v 0.341879 -0.529674 0.627653
v 0.321125 -0.589356 0.597150
v 0.356720 -0.524320 0.549700
v 0.202744 -0.669906 0.635465
v 0.263108 -0.627874 0.615358
v 0.223417 -0.593719 0.654400
v 0.450939 -0.315850 0.803378
v 0.424607 -0.373791 0.760250
v 0.507281 -0.361613 0.781713
v 0.296025 -0.419842 0.765765
v 0.362988 -0.401050 0.770910
v 0.335044 -0.381060 0.846227
v 0.424607 -0.447793 0.654313
v 0.391436 -0.421776 0.705421
v 0.356089 -0.461001 0.646916
v 0.244072 -0.528682 0.682678
v 0.299481 -0.490955 0.659915
v 0.263362 -0.463358 0.706966
v 0.795806 -0.525832 0.427179
v 0.692987 -0.464841 0.544478
v 0.743000 -0.494271 0.487377
v 0.702819 -0.547605 0.437664
v 0.653151 -0.599603 0.473052
v 0.550807 -0.384610 0.718298
v 0.452815 -0.455884 0.581683
v 0.511010 -0.433099 0.661909
v 0.611086 -0.419791 0.675808
v 0.648339 -0.439648 0.608551
v 0.406809 -0.653030 0.502013
v 0.588705 -0.645636 0.503858
v 0.480768 -0.631546 0.488791
v 0.409401 -0.566497 0.513527
v 0.438596 -0.521812 0.557323
v 0.627535 -0.505310 0.572539
v 0.509933 -0.496613 0.545680
v 0.601385 -0.567976 0.532099
v 0.471946 -0.856103 0.066424
v 0.498477 -0.857114 0.000000
v 0.414452 -0.845935 0.195110
v 0.432192 -0.830273 0.128395
v 0.363175 -0.911515 0.000000
v 0.398712 -0.871244 0.065643
v 0.328665 -0.888210 0.065258
v 0.283708 -0.796752 0.437190
v 0.320402 -0.819485 0.382752
v 0.236676 -0.862280 0.256141
v 0.274403 -0.830998 0.314740
v 0.204687 -0.850425 0.315419
v 0.363024 -0.854838 0.331116
v 0.372648 -0.815856 0.252956
v 0.069089 -0.901915 0.000000
v 0.110160 -0.895374 0.063403
v 0.040712 -0.890243 0.062737
v 0.269549 -0.953166 0.069093
v 0.183382 -0.906728 0.064770
v 0.219907 -0.944635 0.000000
v 0.124702 -0.893904 0.192164
v 0.154757 -0.904905 0.129597
v 0.192605 -0.873388 0.189706
v 0.336489 -0.849661 0.192301
v 0.267078 -0.872545 0.193621
v 0.292458 -0.865032 0.127358
v -0.042848 -0.545692 0.822582
v 0.000000 -0.603478 0.808796
v -0.091001 -0.715938 0.762598
v -0.045247 -0.665684 0.794558
v -0.135749 -0.665365 0.794773
v 0.043980 -0.647054 0.772322
v 0.089180 -0.701608 0.747334
v -0.265278 -0.850420 0.553251
v -0.217143 -0.798207 0.591780
v -0.290692 -0.755000 0.561110
v -0.044861 -0.815786 0.603407
v -0.134477 -0.829845 0.614284
v -0.086358 -0.844513 0.549408
v -0.217242 -0.717810 0.680905
v -0.178861 -0.782546 0.656834
v -0.138857 -0.765953 0.723287
v 0.196987 -0.724112 0.536847
v 0.233005 -0.746959 0.485944
v 0.126686 -0.698820 0.659894
v 0.166463 -0.728301 0.611303
v 0.079967 -0.782007 0.508744
v 0.121901 -0.752240 0.556838
v 0.042726 -0.776951 0.574683
v -0.046759 -0.773268 0.730771
v 0.000000 -0.768533 0.643117
v 0.044660 -0.738549 0.697959
v -0.491930 -0.845857 0.000000
v -0.477119 -0.865488 0.067152
v -0.553116 -0.849896 0.068417
v -0.335384 -0.906366 0.066592
v -0.394853 -0.862810 0.065008
v -0.342845 -0.860490 0.000000
v -0.524257 -0.892323 0.212635
v -0.452232 -0.868771 0.134348
v -0.432466 -0.882703 0.203590
v -0.040062 -0.876036 0.061735
v -0.105996 -0.861528 0.061006
v -0.064932 -0.847639 0.000000
v -0.190637 -0.864463 0.187767
v -0.150492 -0.879968 0.126026
v -0.121944 -0.874134 0.187914
v -0.201946 -0.867483 0.000000
v -0.177508 -0.877686 0.062695
v -0.260026 -0.919494 0.066653
v -0.393215 -0.859662 0.483740
v -0.346478 -0.886181 0.413903
v -0.314764 -0.883967 0.485046
v -0.406090 -0.889071 0.275657
v -0.364207 -0.857622 0.332195
v -0.434184 -0.828754 0.328948
v -0.203098 -0.843826 0.312971
v -0.277340 -0.839891 0.318108
v -0.228249 -0.831579 0.247021
v -0.311650 -0.921798 0.135716
v -0.282074 -0.921538 0.204492
v -0.357722 -0.903277 0.204436
v 0.200291 -0.793998 0.437135
v 0.043284 -0.838966 0.463354
v 0.123171 -0.818288 0.451454
v 0.169441 -0.861552 0.395032
v 0.128088 -0.882504 0.330146
v -0.226085 -0.896253 0.493430
v -0.120479 -0.830079 0.310534
v -0.164785 -0.837876 0.384177
v -0.130614 -0.867737 0.478735
v -0.043868 -0.850286 0.469606
v 0.000000 -0.920599 0.130560
v 0.085612 -0.913005 0.265630
v 0.044146 -0.947792 0.204221
v -0.043055 -0.924354 0.199171
v -0.079972 -0.852860 0.248131
v 0.000000 -0.829111 0.381997
v -0.041117 -0.848127 0.316804
v 0.042449 -0.875602 0.327067
v 0.494395 -0.896826 -0.069584
v 0.557779 -0.857061 -0.068994
v 0.345506 -0.933721 -0.068602
v 0.422658 -0.923569 -0.069586
v 0.508147 -0.864903 -0.206101
v 0.475440 -0.913354 -0.141243
v 0.428283 -0.874165 -0.201621
v 0.039858 -0.871569 -0.061421
v 0.109819 -0.892603 -0.063207
v 0.194596 -0.882417 -0.191666
v 0.152206 -0.889991 -0.127461
v 0.118448 -0.849074 -0.182527
v 0.180168 -0.890837 -0.063635
v 0.258081 -0.912613 -0.066154
v 0.393620 -0.860546 -0.484238
v 0.334543 -0.855653 -0.399645
v 0.302740 -0.850200 -0.466518
v 0.398109 -0.871598 -0.270239
v 0.360828 -0.849665 -0.329113
v 0.442527 -0.844679 -0.335269
v 0.212528 -0.883002 -0.327502
v 0.295114 -0.893719 -0.338495
v 0.238915 -0.870438 -0.258564
v 0.295334 -0.873538 -0.128610
v 0.275298 -0.899401 -0.199580
v 0.351319 -0.887109 -0.200777
v -0.521992 -0.802072 -0.064567
v -0.461475 -0.837109 -0.064950
v -0.401553 -0.819607 -0.189038
v -0.422873 -0.812371 -0.125626
v -0.454677 -0.773893 -0.184414
v -0.371841 -0.812526 -0.061219
v -0.314278 -0.849327 -0.062401
v -0.300956 -0.845189 -0.463768
v -0.328446 -0.840059 -0.392361
v -0.382866 -0.837035 -0.471008
v -0.241825 -0.881037 -0.261712
v -0.281087 -0.851239 -0.322406
v -0.196365 -0.815849 -0.302595
v -0.411184 -0.784851 -0.311522
v -0.355749 -0.837706 -0.324480
v -0.389733 -0.853259 -0.264553
v -0.106440 -0.865141 -0.061262
v -0.040824 -0.892702 -0.062910
v -0.254638 -0.900438 -0.065271
v -0.173140 -0.856088 -0.061153
v -0.125102 -0.896771 -0.192781
v -0.148636 -0.869117 -0.124472
v -0.197989 -0.897804 -0.195009
v -0.319200 -0.806004 -0.182421
v -0.263395 -0.860514 -0.190951
v -0.290417 -0.858996 -0.126469
v 0.043183 -0.549951 -0.829003
v 0.000000 -0.648485 -0.869114
v -0.045219 -0.575880 -0.868088
v 0.092088 -0.724486 -0.771703
v 0.045571 -0.670452 -0.800250
v 0.129823 -0.636319 -0.760077
v -0.141410 -0.693110 -0.827914
v -0.047384 -0.697131 -0.832093
v -0.093527 -0.735813 -0.783768
v 0.259147 -0.830766 -0.540465
v 0.232668 -0.855273 -0.634088
v 0.307319 -0.798185 -0.593205
v 0.048865 -0.888590 -0.657258
v 0.139754 -0.862406 -0.638388
v 0.094183 -0.921034 -0.599190
v 0.216323 -0.714773 -0.678025
v 0.183967 -0.804883 -0.675582
v 0.136074 -0.750604 -0.708794
v -0.307353 -0.798272 -0.593269
v -0.226864 -0.833941 -0.618273
v -0.264185 -0.846914 -0.550970
v -0.136382 -0.752302 -0.710397
v -0.181464 -0.793934 -0.666392
v -0.227944 -0.753172 -0.714449
v -0.090333 -0.883379 -0.574693
v -0.137314 -0.847353 -0.627245
v -0.047929 -0.871564 -0.644664
v 0.047628 -0.787641 -0.744353
v 0.000000 -0.814020 -0.681181
v -0.046214 -0.764252 -0.722249
v 0.000000 -0.879918 -0.124791
v -0.079654 -0.849462 -0.247143
v -0.039822 -0.854949 -0.184216
v 0.038936 -0.835933 -0.180119
v 0.075783 -0.808179 -0.235132
v -0.214190 -0.849097 -0.467469
v -0.046999 -0.910984 -0.503129
v -0.131909 -0.876339 -0.483480
v -0.168677 -0.857667 -0.393251
v -0.121350 -0.836076 -0.312777
v 0.218683 -0.866910 -0.477276
v 0.125737 -0.866304 -0.324086
v 0.169781 -0.863280 -0.395825
v 0.134704 -0.894906 -0.493724
v 0.046999 -0.910979 -0.503126
v -0.040740 -0.840346 -0.313898
v 0.000000 -0.865972 -0.398980
v 0.040710 -0.839735 -0.313670
v 0.589010 -0.798715 -0.108251
v 0.607892 -0.787619 -0.041130
v 0.556842 -0.829700 -0.249516
v 0.586004 -0.832475 -0.181976
v 0.678185 -0.696289 -0.119226
v 0.620866 -0.746126 -0.146523
v 0.645205 -0.689737 -0.181496
v 0.418978 -0.778490 -0.506456
v 0.453680 -0.793113 -0.444071
v 0.588884 -0.710288 -0.391951
v 0.526505 -0.756880 -0.421043
v 0.545475 -0.685080 -0.445687
v 0.485143 -0.801555 -0.378363
v 0.529333 -0.829844 -0.321600
v 0.742097 -0.474045 -0.246202
v 0.705254 -0.526019 -0.278993
v 0.700674 -0.460575 -0.299633
v 0.684103 -0.648100 -0.221821
v 0.689998 -0.581248 -0.249146
v 0.705892 -0.575537 -0.184085
v 0.649148 -0.584966 -0.380556
v 0.682776 -0.594624 -0.320568
v 0.643033 -0.654942 -0.357636
v 0.571462 -0.749424 -0.279878
v 0.595613 -0.688127 -0.313067
v 0.614645 -0.682188 -0.244508
v 0.068115 -0.474505 -0.848267
v 0.108121 -0.506931 -0.799761
v 0.227935 -0.438318 -0.759836
v 0.165356 -0.458829 -0.758340
v 0.194838 -0.413932 -0.819688
v 0.145697 -0.531971 -0.743780
v 0.190101 -0.582319 -0.724250
v 0.473982 -0.337876 -0.730399
v 0.413208 -0.363757 -0.739842
v 0.433201 -0.303426 -0.771778
v 0.372359 -0.482064 -0.676474
v 0.390838 -0.421132 -0.704343
v 0.442724 -0.466899 -0.682231
v 0.314282 -0.357446 -0.793787
v 0.340814 -0.376551 -0.723817
v 0.302446 -0.428949 -0.782376
v 0.334145 -0.727835 -0.631583
v 0.379656 -0.765001 -0.585044
v 0.233150 -0.619584 -0.682909
v 0.288703 -0.688953 -0.675220
v 0.414732 -0.609589 -0.639096
v 0.355577 -0.652586 -0.661216
v 0.369729 -0.572823 -0.678785
v 0.267877 -0.471303 -0.719088
v 0.316794 -0.519337 -0.698065
v 0.254733 -0.551775 -0.712499
v 0.890178 -0.061594 -0.499197
v 0.882013 -0.102748 -0.560468
v 0.869917 -0.039046 -0.578539
v 0.869884 -0.224852 -0.503057
v 0.869093 -0.163293 -0.527158
v 0.901751 -0.184696 -0.456513
v 0.785908 -0.115667 -0.659593
v 0.848223 -0.143173 -0.608192
v 0.790128 -0.178705 -0.636879
v 0.747198 -0.417814 -0.346513
v 0.808239 -0.388969 -0.398381
v 0.784160 -0.379269 -0.309067
v 0.799289 -0.379105 -0.571011
v 0.798775 -0.381929 -0.478790
v 0.777997 -0.435035 -0.533773
v 0.870582 -0.297009 -0.393009
v 0.830513 -0.336962 -0.433140
v 0.851935 -0.283781 -0.468256
v 0.561999 -0.250880 -0.758091
v 0.628781 -0.286648 -0.726421
v 0.565977 -0.316480 -0.741924
v 0.741082 -0.218014 -0.674048
v 0.695566 -0.256265 -0.711492
v 0.703200 -0.193322 -0.743170
v 0.714434 -0.399493 -0.683157
v 0.684400 -0.317136 -0.677160
v 0.760182 -0.356792 -0.643122
v 0.853240 -0.273886 -0.560631
v 0.781762 -0.305704 -0.583062
v 0.789450 -0.243204 -0.612900
v 0.439242 -0.705091 -0.542035
v 0.480888 -0.572129 -0.611064
v 0.467451 -0.646821 -0.586342
v 0.494626 -0.649750 -0.502880
v 0.547323 -0.600252 -0.468441
v 0.552389 -0.385715 -0.720361
v 0.650836 -0.441341 -0.610895
v 0.603288 -0.414434 -0.667183
v 0.535135 -0.453545 -0.693158
v 0.493838 -0.497186 -0.634382
v 0.720856 -0.476309 -0.386947
v 0.611278 -0.561163 -0.442725
v 0.666828 -0.519563 -0.415251
v 0.727238 -0.483785 -0.477037
v 0.680604 -0.456535 -0.534749
v 0.538696 -0.524625 -0.576459
v 0.602476 -0.485132 -0.549676
v 0.577420 -0.545343 -0.510895
v 0.640599 -0.737940 0.000000
v 0.714442 -0.654101 -0.078250
v 0.696078 -0.714124 -0.040768
v 0.703918 -0.722167 0.041227
v 0.756819 -0.692900 0.082891
v 0.768544 -0.429750 -0.206577
v 0.769985 -0.490665 -0.180492
v 0.821885 -0.522521 -0.038945
v 0.772266 -0.491357 -0.107836
v 0.837301 -0.468196 -0.073778
v 0.763849 -0.551076 -0.150438
v 0.737519 -0.598604 -0.115208
v 0.863786 -0.550438 0.202480
v 0.880198 -0.492184 0.236588
v 0.823744 -0.668588 0.128677
v 0.849645 -0.612973 0.167336
v 0.929228 -0.519600 0.081878
v 0.901421 -0.573533 0.125871
v 0.875533 -0.556628 0.041487
v 0.754771 -0.613089 -0.039328
v 0.810646 -0.583064 0.000000
v 0.824072 -0.669381 0.042939
v 0.930816 0.000000 -0.466461
v 0.934159 -0.062298 -0.443743
v 0.953759 -0.060230 -0.304104
v 0.924174 -0.059850 -0.364433
v 0.947753 0.000000 -0.325381
v 0.919288 -0.122190 -0.412337
v 0.932054 -0.184774 -0.393481
v 1.060676 -0.064247 -0.041797
v 1.014452 -0.061744 -0.107546
v 1.073851 0.000000 -0.070882
v 0.928828 -0.173407 -0.176499
v 0.953951 -0.117429 -0.140578
v 0.962324 -0.177812 -0.115678
v 1.017775 0.000000 -0.204160
v 0.991079 -0.060850 -0.172716
v 0.988842 -0.061610 -0.240958
v 0.814139 -0.326838 -0.274282
v 0.787909 -0.371604 -0.241752
v 0.897113 -0.239077 -0.353084
v 0.866177 -0.288378 -0.316960
v 0.921783 -0.293859 -0.191173
v 0.881084 -0.286831 -0.250698
v 0.897669 -0.229194 -0.212308
v 0.933533 -0.118136 -0.271961
v 0.896181 -0.170930 -0.236369
v 0.931701 -0.181247 -0.317941
v 0.951687 -0.063467 0.452070
v 0.905477 0.000000 0.453763
v 0.955215 -0.189366 0.403258
v 0.980805 -0.130367 0.439930
v 0.930549 0.000000 0.319474
v 0.944353 -0.061157 0.372391
v 0.934145 -0.058992 0.297850
v 0.918590 -0.433238 0.281848
v 0.960049 -0.385414 0.323439
v 0.977599 -0.249602 0.231213
v 0.982996 -0.320009 0.279696
v 1.001977 -0.319424 0.207805
v 0.981305 -0.326707 0.359088
v 0.961261 -0.256172 0.378331
v 1.074977 0.000000 0.070956
v 1.112524 -0.067713 0.117943
v 1.128329 -0.068345 0.044463
v 1.005499 -0.062648 0.245017
v 1.044923 -0.064156 0.182099
v 1.015800 0.000000 0.203764
v 1.091731 -0.201723 0.131233
v 1.100791 -0.135505 0.162217
v 1.066952 -0.199194 0.202745
v 1.001111 -0.194750 0.341627
v 1.004392 -0.191569 0.264910
v 0.998389 -0.126343 0.290855
v 0.812030 -0.384260 -0.176506
v 0.921447 -0.296290 -0.115241
v 0.896808 -0.353434 -0.151978
v 0.853993 -0.404966 -0.110765
v 0.886667 -0.420908 -0.039417
v 1.114082 -0.135805 0.000000
v 1.018260 -0.254636 0.082275
v 1.091511 -0.202150 0.043808
v 1.030952 -0.190934 -0.041378
v 0.936267 -0.234132 -0.075650
v 0.914734 -0.432861 0.198830
v 0.922499 -0.437917 0.041010
v 0.936446 -0.444066 0.121459
v 0.956277 -0.376871 0.162056
v 0.989766 -0.318258 0.123786
v 0.928439 -0.298086 -0.038785
v 0.984075 -0.315948 0.041109
v 0.949170 -0.375880 0.000000
v 0.070116 -0.429271 0.905957
v 0.202858 -0.371306 0.881732
v 0.138941 -0.403001 0.900724
v 0.070051 -0.366632 0.932079
v 0.071804 -0.311611 0.979754
v 0.440881 -0.246529 0.805492
v 0.391048 -0.282067 0.839346
v 0.281691 -0.224282 0.950670
v 0.333593 -0.250611 0.882983
v 0.339755 -0.189982 0.918334
v 0.329389 -0.311178 0.852509
v 0.270047 -0.342798 0.873161
v 0.074110 -0.110951 1.049195
v 0.074326 -0.041561 1.057349
v 0.072977 -0.245321 1.009270
v 0.072664 -0.177276 1.019793
v 0.219166 -0.122552 1.022067
v 0.146965 -0.151221 1.028744
v 0.219584 -0.192102 1.013478
v 0.211728 -0.319236 0.937842
v 0.226381 -0.269073 1.022733
v 0.148809 -0.294451 1.013265
v 0.830604 0.000000 0.621303
v 0.699754 0.071952 0.658586
v 0.777870 0.038169 0.653336
v 0.789552 -0.038742 0.663147
v 0.769880 -0.079162 0.724586
v 0.547645 0.226268 0.843912
v 0.582463 0.184162 0.787610
v 0.584007 0.037413 0.791536
v 0.579499 0.109314 0.784815
v 0.564164 0.076412 0.869368
v 0.594938 0.139597 0.710580
v 0.648347 0.107253 0.688313
v 0.587442 -0.185736 0.794341
v 0.500189 -0.206661 0.770784
v 0.737274 -0.121963 0.782721
v 0.669148 -0.157010 0.799215
v 0.567465 -0.076859 0.874455
v 0.603927 -0.113922 0.817898
v 0.594842 -0.038107 0.806221
v 0.692366 0.038174 0.734467
v 0.636361 0.000000 0.762365
v 0.720658 -0.039734 0.764480
v 0.072105 0.441449 0.931657
v 0.069101 0.299883 0.942878
v 0.069709 0.364841 0.927527
v 0.134976 0.391500 0.875018
v 0.197057 0.360688 0.856519
v 0.073005 0.040823 1.038554
v 0.070641 0.105758 1.000082
v 0.211813 0.185304 0.977612
v 0.142491 0.146618 0.997430
v 0.216429 0.121021 1.009300
v 0.070826 0.172791 0.993992
v 0.070015 0.235362 0.968299
v 0.386413 0.278724 0.829397
v 0.449992 0.251624 0.822139
v 0.264859 0.336212 0.856386
v 0.325344 0.307357 0.842042
v 0.328350 0.183605 0.887507
v 0.326676 0.245414 0.864673
v 0.265311 0.211240 0.895390
v 0.142942 0.282840 0.973312
v 0.210036 0.249647 0.948894
v 0.205095 0.309234 0.908457
v 0.474364 -0.187285 0.863780
v 0.497963 -0.040083 0.903891
v 0.496504 -0.116725 0.902201
v 0.413629 -0.152877 0.904372
v 0.358660 -0.119903 0.961127
v 0.463054 0.182820 0.843185
v 0.347684 0.116234 0.931713
v 0.398575 0.147313 0.871456
v 0.477905 0.112352 0.868403
v 0.500170 0.040260 0.907895
v 0.149237 0.000000 1.054927
v 0.304411 -0.084540 1.048924
v 0.233943 -0.043576 1.088456
v 0.229343 0.042719 1.067052
v 0.289815 0.080487 0.998630
v 0.431223 0.000000 0.938301
v 0.367112 0.041056 0.985272
v 0.365839 -0.040913 0.981853
v -0.618409 -0.838582 0.113654
v -0.566589 -0.844223 0.253884
v -0.617132 -0.876696 0.191642
v -0.681727 -0.819266 0.160886
v -0.718353 -0.767933 0.202072
v -0.424435 -0.788628 0.513052
v -0.454712 -0.794918 0.445081
v -0.596782 -0.719813 0.397208
v -0.520065 -0.747621 0.415893
v -0.542834 -0.681763 0.443529
v -0.489668 -0.809030 0.381892
v -0.531235 -0.832826 0.322756
v -0.764021 -0.569851 0.302240
v -0.786676 -0.517107 0.336410
v -0.727339 -0.689061 0.235840
v -0.757005 -0.637694 0.273342
v -0.676122 -0.609273 0.396370
v -0.748611 -0.651959 0.351477
v -0.656474 -0.668632 0.365112
v -0.613244 -0.804216 0.300340
v -0.646586 -0.747017 0.339860
v -0.681876 -0.756807 0.271252
v -0.116365 -0.545584 0.860742
v -0.261470 -0.502805 0.871626
v -0.190139 -0.527598 0.871998
v -0.158766 -0.579690 0.810498
v -0.203282 -0.622696 0.774469
v -0.504969 -0.359964 0.778149
v -0.441397 -0.388572 0.790313
v -0.422026 -0.546364 0.766706
v -0.440194 -0.474313 0.793288
v -0.474562 -0.500475 0.731293
v -0.389212 -0.430023 0.826603
v -0.325850 -0.462142 0.842917
v -0.313609 -0.683104 0.592768
v -0.371284 -0.748132 0.572143
v -0.251106 -0.667300 0.735502
v -0.278980 -0.665751 0.652481
v -0.420924 -0.618691 0.648638
v -0.350702 -0.643638 0.652150
v -0.389616 -0.603634 0.715294
v -0.308082 -0.542040 0.827014
v -0.349700 -0.573281 0.770574
v -0.271486 -0.588064 0.759357
v -0.833853 -0.097137 0.529865
v -0.853103 -0.220515 0.493353
v -0.826483 -0.155287 0.501312
v -0.816477 -0.137814 0.585429
v -0.776763 -0.175683 0.626106
v -0.769442 -0.430251 0.356828
v -0.826509 -0.397762 0.407387
v -0.801732 -0.380264 0.572756
v -0.792731 -0.379039 0.475168
v -0.785634 -0.439306 0.539013
v -0.850384 -0.345024 0.443503
v -0.868197 -0.289198 0.477195
v -0.618885 -0.282136 0.714988
v -0.574712 -0.321364 0.753374
v -0.700726 -0.206142 0.637343
v -0.650498 -0.239661 0.665392
v -0.685827 -0.383497 0.655803
v -0.703090 -0.325796 0.695652
v -0.743285 -0.348861 0.628827
v -0.842233 -0.270353 0.553398
v -0.806191 -0.315257 0.601282
v -0.784589 -0.241706 0.609126
v -0.465770 -0.747677 0.574772
v -0.493850 -0.587551 0.627535
v -0.469896 -0.650203 0.589407
v -0.516214 -0.678109 0.524829
v -0.583564 -0.639997 0.499458
v -0.535589 -0.373984 0.698453
v -0.686992 -0.465859 0.644832
v -0.597649 -0.410561 0.660948
v -0.529261 -0.448567 0.685550
v -0.496563 -0.499929 0.637882
v -0.783124 -0.517452 0.420372
v -0.634192 -0.582198 0.459320
v -0.699511 -0.545028 0.435604
v -0.783190 -0.521006 0.513739
v -0.743963 -0.499034 0.584530
v -0.560731 -0.546084 0.600039
v -0.678032 -0.545972 0.618611
v -0.590768 -0.557949 0.522705
v -0.121979 -0.571902 -0.902263
v -0.216823 -0.664175 -0.826057
v -0.171440 -0.625964 -0.875196
v -0.189931 -0.527021 -0.871046
v -0.251428 -0.483496 -0.838154
v -0.380876 -0.767459 -0.586924
v -0.340472 -0.741616 -0.643543
v -0.393423 -0.609532 -0.722284
v -0.353946 -0.649592 -0.658183
v -0.418284 -0.614810 -0.644570
v -0.299126 -0.713825 -0.699596
v -0.261501 -0.694924 -0.765949
v -0.424743 -0.373911 -0.760494
v -0.488320 -0.348096 -0.752493
v -0.311242 -0.441423 -0.805128
v -0.361339 -0.399227 -0.767406
v -0.449287 -0.473821 -0.692345
v -0.415973 -0.448215 -0.749640
v -0.408784 -0.529220 -0.742648
v -0.287768 -0.623332 -0.804898
v -0.348043 -0.570564 -0.766922
v -0.307797 -0.541537 -0.826248
v -0.533005 -0.722771 -0.097958
v -0.665055 -0.710957 -0.187079
v -0.579200 -0.696053 -0.136690
v -0.513740 -0.729818 -0.159535
v -0.489040 -0.728674 -0.219135
v -0.737257 -0.484622 -0.315277
v -0.752116 -0.560972 -0.297531
v -0.655485 -0.667625 -0.364562
v -0.721297 -0.628171 -0.338654
v -0.691224 -0.622881 -0.405223
v -0.726168 -0.611717 -0.262207
v -0.686924 -0.650773 -0.222736
v -0.434295 -0.759225 -0.425097
v -0.423146 -0.786234 -0.511494
v -0.460815 -0.722428 -0.279972
v -0.472968 -0.781438 -0.368868
v -0.546341 -0.686168 -0.446395
v -0.489094 -0.703099 -0.391126
v -0.571215 -0.688975 -0.380191
v -0.635487 -0.705320 -0.252799
v -0.601147 -0.694520 -0.315976
v -0.533268 -0.699335 -0.261172
v -0.886280 -0.103245 -0.563179
v -0.790674 -0.178829 -0.637320
v -0.825007 -0.139254 -0.591546
v -0.881350 -0.165596 -0.534593
v -0.857145 -0.221559 -0.495690
v -0.563748 -0.315233 -0.739002
v -0.640514 -0.291996 -0.739976
v -0.751947 -0.352926 -0.636155
v -0.676211 -0.313341 -0.669058
v -0.707643 -0.395695 -0.676663
v -0.690435 -0.254375 -0.706243
v -0.739367 -0.217510 -0.672488
v -0.846843 -0.407548 -0.417410
v -0.809607 -0.452711 -0.375455
v -0.883648 -0.294345 -0.485687
v -0.859129 -0.348572 -0.448064
v -0.794832 -0.444449 -0.545323
v -0.829063 -0.396411 -0.496945
v -0.790261 -0.374823 -0.564562
v -0.775916 -0.239035 -0.602393
v -0.776508 -0.303650 -0.579144
v -0.806051 -0.258739 -0.529624
v -0.446617 -0.716931 -0.551136
v -0.604688 -0.663164 -0.517537
v -0.501667 -0.659000 -0.510039
v -0.480921 -0.665460 -0.603238
v -0.511326 -0.608343 -0.649741
v -0.724871 -0.478962 -0.389102
v -0.709884 -0.476175 -0.557754
v -0.737164 -0.490389 -0.483548
v -0.728144 -0.567338 -0.453435
v -0.669973 -0.615046 -0.485235
v -0.563649 -0.393577 -0.735045
v -0.520728 -0.524259 -0.668925
v -0.539844 -0.457537 -0.699258
v -0.650723 -0.447020 -0.719642
v -0.679456 -0.460749 -0.637759
v -0.610796 -0.576865 -0.540426
v -0.653984 -0.526607 -0.596670
v -0.605044 -0.589240 -0.647459
v 0.835634 0.000000 -0.625066
v 0.737451 -0.075828 -0.694065
v 0.794566 -0.038988 -0.667359
v 0.774826 0.038020 -0.650779
v 0.752807 0.077407 -0.708517
v 0.511021 -0.211136 -0.787476
v 0.577038 -0.182447 -0.780273
v 0.565414 -0.036222 -0.766336
v 0.561701 -0.105957 -0.760712
v 0.514224 -0.069648 -0.792411
v 0.630179 -0.147866 -0.752671
v 0.683614 -0.113087 -0.725754
v 0.600217 0.189775 -0.811616
v 0.536452 0.221643 -0.826664
v 0.707982 0.117118 -0.751624
v 0.675085 0.158403 -0.806306
v 0.562261 0.076154 -0.866436
v 0.642442 0.121187 -0.870059
v 0.602180 0.038577 -0.816166
v 0.661212 -0.036456 -0.701418
v 0.611216 0.000000 -0.732241
v 0.684667 0.037749 -0.726299
v 0.068429 -0.418944 -0.884162
v 0.071776 -0.311493 -0.979382
v 0.071816 -0.375865 -0.955552
v 0.136303 -0.395349 -0.883621
v 0.205297 -0.375771 -0.892335
v 0.073758 -0.041243 -1.049259
v 0.076198 -0.114078 -1.078760
v 0.215868 -0.188851 -0.996327
v 0.150317 -0.154670 -1.052208
v 0.221906 -0.124084 -1.034844
v 0.074537 -0.181845 -1.046080
v 0.072760 -0.244590 -1.006262
v 0.379314 -0.273603 -0.814160
v 0.441717 -0.246996 -0.807020
v 0.262238 -0.332884 -0.847910
v 0.316995 -0.299469 -0.820431
v 0.340483 -0.190389 -0.920301
v 0.337059 -0.253215 -0.892158
v 0.273984 -0.218146 -0.924662
v 0.136021 -0.269146 -0.926187
v 0.204321 -0.242854 -0.923074
v 0.204510 -0.308352 -0.905867
v 0.061711 0.377812 -0.797356
v 0.194546 0.356091 -0.845602
v 0.127415 0.369568 -0.825999
v 0.065434 0.342465 -0.870640
v 0.068557 0.297519 -0.935445
v 0.445988 0.249385 -0.814824
v 0.380217 0.274255 -0.816098
v 0.271347 0.216046 -0.915761
v 0.334944 0.251626 -0.886559
v 0.340723 0.190523 -0.920952
v 0.318095 0.300509 -0.823280
v 0.246867 0.313373 -0.798212
v 0.073252 0.109667 -1.037052
v 0.074280 0.041536 -1.056695
v 0.071746 0.241182 -0.992245
v 0.073342 0.178928 -1.029300
v 0.206566 0.115506 -0.963306
v 0.140960 0.145042 -0.986709
v 0.205892 0.180125 -0.950286
v 0.191375 0.288549 -0.847688
v 0.202039 0.240141 -0.912765
v 0.140276 0.277565 -0.955157
v 0.462663 -0.182665 -0.842474
v 0.356934 -0.119326 -0.956501
v 0.407827 -0.150733 -0.891686
v 0.446781 -0.105035 -0.811849
v 0.456270 -0.036727 -0.828211
v 0.149635 0.000000 -1.057743
v 0.276435 0.076771 -0.952523
v 0.210586 0.039226 -0.979781
v 0.221211 -0.041205 -1.029217
v 0.288689 -0.080174 -0.994749
v 0.476477 0.188119 -0.867627
v 0.485517 0.039081 -0.881298
v 0.488664 0.114882 -0.887954
v 0.417093 0.154157 -0.911946
v 0.344311 0.115106 -0.922675
v 0.353759 -0.039563 -0.949434
v 0.351220 0.039279 -0.942620
v 0.426042 0.000000 -0.927026
v 0.872097 0.058160 0.414263
v 0.924082 0.058356 0.294641
v 0.919792 0.059566 0.362706
v 0.908722 0.120786 0.407598
v 0.906374 0.179683 0.382639
v 1.065671 0.064549 0.041993
v 1.051226 0.063982 0.111445
v 0.970582 0.181202 0.184433
v 0.991056 0.121997 0.146046
v 0.979280 0.180945 0.117716
v 1.013221 0.062210 0.176575
v 0.989962 0.061680 0.241230
v 0.848389 0.340588 0.285821
v 0.869094 0.409894 0.266661
v 0.842810 0.224605 0.331711
v 0.856192 0.285053 0.313306
v 0.906215 0.288896 0.187945
v 0.882433 0.287271 0.251082
v 0.909681 0.232261 0.215149
v 1.004417 0.127106 0.292611
v 0.966997 0.184436 0.255047
v 0.929588 0.180836 0.317220
v 0.967028 0.064490 -0.459357
v 0.953662 0.189058 -0.402603
v 0.950250 0.126306 -0.426225
v 0.968323 0.062709 -0.381843
v 0.955089 0.060314 -0.304528
v 0.927986 0.437670 -0.284731
v 0.929481 0.373142 -0.313141
v 1.013358 0.258733 -0.239670
v 0.987977 0.321630 -0.281113
v 0.974673 0.310720 -0.202143
v 0.968519 0.322450 -0.354410
v 0.928086 0.247331 -0.365274
v 1.078478 0.065641 -0.114334
v 1.039918 0.062990 -0.040979
v 0.972565 0.060596 -0.236991
v 1.003673 0.061624 -0.174911
v 0.972448 0.179682 -0.116895
v 0.970291 0.119441 -0.142986
v 0.954018 0.178110 -0.181285
v 0.952908 0.185373 -0.325178
v 0.958602 0.182835 -0.252833
v 0.929237 0.117592 -0.270709
v 0.639570 0.736755 0.000000
v 0.684661 0.626836 0.074988
v 0.683798 0.701525 0.040049
v 0.670769 0.688159 -0.039286
v 0.689396 0.631171 -0.075507
v 0.844881 0.472435 0.227096
v 0.826071 0.526405 0.193639
v 0.773360 0.491670 0.036646
v 0.799471 0.508666 0.111635
v 0.822798 0.460087 0.072500
v 0.793842 0.572714 0.156345
v 0.740418 0.600957 0.115661
v 0.857091 0.546172 -0.200911
v 0.900346 0.503450 -0.242004
v 0.720853 0.585078 -0.112605
v 0.795501 0.573911 -0.156672
v 0.856763 0.479079 -0.075493
v 0.834562 0.530993 -0.116535
v 0.791779 0.503380 -0.037518
v 0.692756 0.562716 0.036096
v 0.758467 0.545534 0.000000
v 0.704494 0.572250 -0.036708
v 1.017554 0.124038 0.000000
v 1.003174 0.250864 -0.081056
v 1.015337 0.188042 -0.040751
v 0.970603 0.179757 0.038956
v 0.929347 0.232402 0.075090
v 0.944430 0.446913 -0.205285
v 0.900758 0.427597 -0.040044
v 0.897690 0.425688 -0.116432
v 0.938888 0.370018 -0.159110
v 0.979186 0.314856 -0.122462
v 0.871839 0.412563 0.189506
v 0.919717 0.295734 0.115025
v 0.891926 0.351510 0.151151
v 0.849243 0.402714 0.110149
v 0.858523 0.407548 0.038166
v 0.991986 0.318488 -0.041439
v 0.940944 0.372622 0.000000
v 0.982800 0.315539 0.041056
f 1 643 645
f 163 644 643
f 165 645 644
f 643 644 645
f 43 646 648
f 164 647 646
f 163 648 647
f 646 647 648
f 45 649 651
f 165 650 649
f 164 651 650
f 649 650 651
f 163 647 644
f 164 650 647
f 165 644 650
f 647 650 644
f 13 652 654
f 166 653 652
f 168 654 653
f 652 653 654
f 44 655 657
f 167 656 655
f 166 657 656
f 655 656 657
f 43 658 660
f 168 659 658
f 167 660 659
f 658 659 660
f 166 656 653
f 167 659 656
f 168 653 659
f 656 659 653
f 15 661 663
f 169 662 661
f 171 663 662
f 661 662 663
f 45 664 666
f 170 665 664
f 169 666 665
f 664 665 666
f 44 667 669
f 171 668 667
f 170 669 668
f 667 668 669
f 169 665 662
f 170 668 665
f 171 662 668
f 665 668 662
f 43 660 646
f 167 670 660
f 164 646 670
f 660 670 646
f 44 669 655
f 170 671 669
f 167 655 671
f 669 671 655
f 45 651 664
f 164 672 651
f 170 664 672
f 651 672 664
f 167 671 670
f 170 672 671
f 164 670 672
f 671 672 670
f 12 673 675
f 172 674 673
f 174 675 674
f 673 674 675
f 46 676 678
f 173 677 676
f 172 678 677
f 676 677 678
f 48 679 681
f 174 680 679
f 173 681 680
f 679 680 681
f 172 677 674
f 173 680 677
f 174 674 680
f 677 680 674
f 14 682 684
f 175 683 682
f 177 684 683
f 682 683 684
f 47 685 687
f 176 686 685
f 175 687 686
f 685 686 687
f 46 688 690
f 177 689 688
f 176 690 689
f 688 689 690
f 175 686 683
f 176 689 686
f 177 683 689
f 686 689 683
f 13 691 693
f 178 692 691
f 180 693 692
f 691 692 693
f 48 694 696
f 179 695 694
f 178 696 695
f 694 695 696
f 47 697 699
f 180 698 697
f 179 699 698
f 697 698 699
f 178 695 692
f 179 698 695
f 180 692 698
f 695 698 692
f 46 690 676
f 176 700 690
f 173 676 700
f 690 700 676
f 47 699 685
f 179 701 699
f 176 685 701
f 699 701 685
f 48 681 694
f 173 702 681
f 179 694 702
f 681 702 694
f 176 701 700
f 179 702 701
f 173 700 702
f 701 702 700
f 6 703 705
f 181 704 703
f 183 705 704
f 703 704 705
f 49 706 708
f 182 707 706
f 181 708 707
f 706 707 708
f 51 709 711
f 183 710 709
f 182 711 710
f 709 710 711
f 181 707 704
f 182 710 707
f 183 704 710
f 707 710 704
f 15 712 714
f 184 713 712
f 186 714 713
f 712 713 714
f 50 715 717
f 185 716 715
f 184 717 716
f 715 716 717
f 49 718 720
f 186 719 718
f 185 720 719
f 718 719 720
f 184 716 713
f 185 719 716
f 186 713 719
f 716 719 713
f 14 721 723
f 187 722 721
f 189 723 722
f 721 722 723
f 51 724 726
f 188 725 724
f 187 726 725
f 724 725 726
f 50 727 729
f 189 728 727
f 188 729 728
f 727 728 729
f 187 725 722
f 188 728 725
f 189 722 728
f 725 728 722
f 49 720 706
f 185 730 720
f 182 706 730
f 720 730 706
f 50 729 715
f 188 731 729
f 185 715 731
f 729 731 715
f 51 711 724
f 182 732 711
f 188 724 732
f 711 732 724
f 185 731 730
f 188 732 731
f 182 730 732
f 731 732 730
f 13 693 652
f 180 733 693
f 166 652 733
f 693 733 652
f 47 734 697
f 190 735 734
f 180 697 735
f 734 735 697
f 44 657 737
f 166 736 657
f 190 737 736
f 657 736 737
f 180 735 733
f 190 736 735
f 166 733 736
f 735 736 733
f 14 723 682
f 189 738 723
f 175 682 738
f 723 738 682
f 50 739 727
f 191 740 739
f 189 727 740
f 739 740 727
f 47 687 742
f 175 741 687
f 191 742 741
f 687 741 742
f 189 740 738
f 191 741 740
f 175 738 741
f 740 741 738
f 15 663 712
f 171 743 663
f 184 712 743
f 663 743 712
f 44 744 667
f 192 745 744
f 171 667 745
f 744 745 667
f 50 717 747
f 184 746 717
f 192 747 746
f 717 746 747
f 171 745 743
f 192 746 745
f 184 743 746
f 745 746 743
f 47 742 734
f 191 748 742
f 190 734 748
f 742 748 734
f 50 747 739
f 192 749 747
f 191 739 749
f 747 749 739
f 44 737 744
f 190 750 737
f 192 744 750
f 737 750 744
f 191 749 748
f 192 750 749
f 190 748 750
f 749 750 748
f 1 645 752
f 165 751 645
f 194 752 751
f 645 751 752
f 45 753 649
f 193 754 753
f 165 649 754
f 753 754 649
f 53 755 757
f 194 756 755
f 193 757 756
f 755 756 757
f 165 754 751
f 193 756 754
f 194 751 756
f 754 756 751
f 15 758 661
f 195 759 758
f 169 661 759
f 758 759 661
f 52 760 762
f 196 761 760
f 195 762 761
f 760 761 762
f 45 666 764
f 169 763 666
f 196 764 763
f 666 763 764
f 195 761 759
f 196 763 761
f 169 759 763
f 761 763 759
f 17 765 767
f 197 766 765
f 199 767 766
f 765 766 767
f 53 768 770
f 198 769 768
f 197 770 769
f 768 769 770
f 52 771 773
f 199 772 771
f 198 773 772
f 771 772 773
f 197 769 766
f 198 772 769
f 199 766 772
f 769 772 766
f 45 764 753
f 196 774 764
f 193 753 774
f 764 774 753
f 52 773 760
f 198 775 773
f 196 760 775
f 773 775 760
f 53 757 768
f 193 776 757
f 198 768 776
f 757 776 768
f 196 775 774
f 198 776 775
f 193 774 776
f 775 776 774
f 6 777 703
f 200 778 777
f 181 703 778
f 777 778 703
f 54 779 781
f 201 780 779
f 200 781 780
f 779 780 781
f 49 708 783
f 181 782 708
f 201 783 782
f 708 782 783
f 200 780 778
f 201 782 780
f 181 778 782
f 780 782 778
f 16 784 786
f 202 785 784
f 204 786 785
f 784 785 786
f 55 787 789
f 203 788 787
f 202 789 788
f 787 788 789
f 54 790 792
f 204 791 790
f 203 792 791
f 790 791 792
f 202 788 785
f 203 791 788
f 204 785 791
f 788 791 785
f 15 714 794
f 186 793 714
f 206 794 793
f 714 793 794
f 49 795 718
f 205 796 795
f 186 718 796
f 795 796 718
f 55 797 799
f 206 798 797
f 205 799 798
f 797 798 799
f 186 796 793
f 205 798 796
f 206 793 798
f 796 798 793
f 54 792 779
f 203 800 792
f 201 779 800
f 792 800 779
f 55 799 787
f 205 801 799
f 203 787 801
f 799 801 787
f 49 783 795
f 201 802 783
f 205 795 802
f 783 802 795
f 203 801 800
f 205 802 801
f 201 800 802
f 801 802 800
f 2 803 805
f 207 804 803
f 209 805 804
f 803 804 805
f 56 806 808
f 208 807 806
f 207 808 807
f 806 807 808
f 58 809 811
f 209 810 809
f 208 811 810
f 809 810 811
f 207 807 804
f 208 810 807
f 209 804 810
f 807 810 804
f 17 812 814
f 210 813 812
f 212 814 813
f 812 813 814
f 57 815 817
f 211 816 815
f 210 817 816
f 815 816 817
f 56 818 820
f 212 819 818
f 211 820 819
f 818 819 820
f 210 816 813
f 211 819 816
f 212 813 819
f 816 819 813
f 16 821 823
f 213 822 821
f 215 823 822
f 821 822 823
f 58 824 826
f 214 825 824
f 213 826 825
f 824 825 826
f 57 827 829
f 215 828 827
f 214 829 828
f 827 828 829
f 213 825 822
f 214 828 825
f 215 822 828
f 825 828 822
f 56 820 806
f 211 830 820
f 208 806 830
f 820 830 806
f 57 829 815
f 214 831 829
f 211 815 831
f 829 831 815
f 58 811 824
f 208 832 811
f 214 824 832
f 811 832 824
f 211 831 830
f 214 832 831
f 208 830 832
f 831 832 830
f 15 794 758
f 206 833 794
f 195 758 833
f 794 833 758
f 55 834 797
f 216 835 834
f 206 797 835
f 834 835 797
f 52 762 837
f 195 836 762
f 216 837 836
f 762 836 837
f 206 835 833
f 216 836 835
f 195 833 836
f 835 836 833
f 16 823 784
f 215 838 823
f 202 784 838
f 823 838 784
f 57 839 827
f 217 840 839
f 215 827 840
f 839 840 827
f 55 789 842
f 202 841 789
f 217 842 841
f 789 841 842
f 215 840 838
f 217 841 840
f 202 838 841
f 840 841 838
f 17 767 812
f 199 843 767
f 210 812 843
f 767 843 812
f 52 844 771
f 218 845 844
f 199 771 845
f 844 845 771
f 57 817 847
f 210 846 817
f 218 847 846
f 817 846 847
f 199 845 843
f 218 846 845
f 210 843 846
f 845 846 843
f 55 842 834
f 217 848 842
f 216 834 848
f 842 848 834
f 57 847 839
f 218 849 847
f 217 839 849
f 847 849 839
f 52 837 844
f 216 850 837
f 218 844 850
f 837 850 844
f 217 849 848
f 218 850 849
f 216 848 850
f 849 850 848
f 1 752 852
f 194 851 752
f 220 852 851
f 752 851 852
f 53 853 755
f 219 854 853
f 194 755 854
f 853 854 755
f 60 855 857
f 220 856 855
f 219 857 856
f 855 856 857
f 194 854 851
f 219 856 854
f 220 851 856
f 854 856 851
f 17 858 765
f 221 859 858
f 197 765 859
f 858 859 765
f 59 860 862
f 222 861 860
f 221 862 861
f 860 861 862
f 53 770 864
f 197 863 770
f 222 864 863
f 770 863 864
f 221 861 859
f 222 863 861
f 197 859 863
f 861 863 859
f 19 865 867
f 223 866 865
f 225 867 866
f 865 866 867
f 60 868 870
f 224 869 868
f 223 870 869
f 868 869 870
f 59 871 873
f 225 872 871
f 224 873 872
f 871 872 873
f 223 869 866
f 224 872 869
f 225 866 872
f 869 872 866
f 53 864 853
f 222 874 864
f 219 853 874
f 864 874 853
f 59 873 860
f 224 875 873
f 222 860 875
f 873 875 860
f 60 857 868
f 219 876 857
f 224 868 876
f 857 876 868
f 222 875 874
f 224 876 875
f 219 874 876
f 875 876 874
f 2 877 803
f 226 878 877
f 207 803 878
f 877 878 803
f 61 879 881
f 227 880 879
f 226 881 880
f 879 880 881
f 56 808 883
f 207 882 808
f 227 883 882
f 808 882 883
f 226 880 878
f 227 882 880
f 207 878 882
f 880 882 878
f 18 884 886
f 228 885 884
f 230 886 885
f 884 885 886
f 62 887 889
f 229 888 887
f 228 889 888
f 887 888 889
f 61 890 892
f 230 891 890
f 229 892 891
f 890 891 892
f 228 888 885
f 229 891 888
f 230 885 891
f 888 891 885
f 17 814 894
f 212 893 814
f 232 894 893
f 814 893 894
f 56 895 818
f 231 896 895
f 212 818 896
f 895 896 818
f 62 897 899
f 232 898 897
f 231 899 898
f 897 898 899
f 212 896 893
f 231 898 896
f 232 893 898
f 896 898 893
f 61 892 879
f 229 900 892
f 227 879 900
f 892 900 879
f 62 899 887
f 231 901 899
f 229 887 901
f 899 901 887
f 56 883 895
f 227 902 883
f 231 895 902
f 883 902 895
f 229 901 900
f 231 902 901
f 227 900 902
f 901 902 900
f 8 903 905
f 233 904 903
f 235 905 904
f 903 904 905
f 63 906 908
f 234 907 906
f 233 908 907
f 906 907 908
f 65 909 911
f 235 910 909
f 234 911 910
f 909 910 911
f 233 907 904
f 234 910 907
f 235 904 910
f 907 910 904
f 19 912 914
f 236 913 912
f 238 914 913
f 912 913 914
f 64 915 917
f 237 916 915
f 236 917 916
f 915 916 917
f 63 918 920
f 238 919 918
f 237 920 919
f 918 919 920
f 236 916 913
f 237 919 916
f 238 913 919
f 916 919 913
f 18 921 923
f 239 922 921
f 241 923 922
f 921 922 923
f 65 924 926
f 240 925 924
f 239 926 925
f 924 925 926
f 64 927 929
f 241 928 927
f 240 929 928
f 927 928 929
f 239 925 922
f 240 928 925
f 241 922 928
f 925 928 922
f 63 920 906
f 237 930 920
f 234 906 930
f 920 930 906
f 64 929 915
f 240 931 929
f 237 915 931
f 929 931 915
f 65 911 924
f 234 932 911
f 240 924 932
f 911 932 924
f 237 931 930
f 240 932 931
f 234 930 932
f 931 932 930
f 17 894 858
f 232 933 894
f 221 858 933
f 894 933 858
f 62 934 897
f 242 935 934
f 232 897 935
f 934 935 897
f 59 862 937
f 221 936 862
f 242 937 936
f 862 936 937
f 232 935 933
f 242 936 935
f 221 933 936
f 935 936 933
f 18 923 884
f 241 938 923
f 228 884 938
f 923 938 884
f 64 939 927
f 243 940 939
f 241 927 940
f 939 940 927
f 62 889 942
f 228 941 889
f 243 942 941
f 889 941 942
f 241 940 938
f 243 941 940
f 228 938 941
f 940 941 938
f 19 867 912
f 225 943 867
f 236 912 943
f 867 943 912
f 59 944 871
f 244 945 944
f 225 871 945
f 944 945 871
f 64 917 947
f 236 946 917
f 244 947 946
f 917 946 947
f 225 945 943
f 244 946 945
f 236 943 946
f 945 946 943
f 62 942 934
f 243 948 942
f 242 934 948
f 942 948 934
f 64 947 939
f 244 949 947
f 243 939 949
f 947 949 939
f 59 937 944
f 242 950 937
f 244 944 950
f 937 950 944
f 243 949 948
f 244 950 949
f 242 948 950
f 949 950 948
f 1 852 952
f 220 951 852
f 246 952 951
f 852 951 952
f 60 953 855
f 245 954 953
f 220 855 954
f 953 954 855
f 67 955 957
f 246 956 955
f 245 957 956
f 955 956 957
f 220 954 951
f 245 956 954
f 246 951 956
f 954 956 951
f 19 958 865
f 247 959 958
f 223 865 959
f 958 959 865
f 66 960 962
f 248 961 960
f 247 962 961
f 960 961 962
f 60 870 964
f 223 963 870
f 248 964 963
f 870 963 964
f 247 961 959
f 248 963 961
f 223 959 963
f 961 963 959
f 21 965 967
f 249 966 965
f 251 967 966
f 965 966 967
f 67 968 970
f 250 969 968
f 249 970 969
f 968 969 970
f 66 971 973
f 251 972 971
f 250 973 972
f 971 972 973
f 249 969 966
f 250 972 969
f 251 966 972
f 969 972 966
f 60 964 953
f 248 974 964
f 245 953 974
f 964 974 953
f 66 973 960
f 250 975 973
f 248 960 975
f 973 975 960
f 67 957 968
f 245 976 957
f 250 968 976
f 957 976 968
f 248 975 974
f 250 976 975
f 245 974 976
f 975 976 974
f 8 977 903
f 252 978 977
f 233 903 978
f 977 978 903
f 68 979 981
f 253 980 979
f 252 981 980
f 979 980 981
f 63 908 983
f 233 982 908
f 253 983 982
f 908 982 983
f 252 980 978
f 253 982 980
f 233 978 982
f 980 982 978
f 20 984 986
f 254 985 984
f 256 986 985
f 984 985 986
f 69 987 989
f 255 988 987
f 254 989 988
f 987 988 989
f 68 990 992
f 256 991 990
f 255 992 991
f 990 991 992
f 254 988 985
f 255 991 988
f 256 985 991
f 988 991 985
f 19 914 994
f 238 993 914
f 258 994 993
f 914 993 994
f 63 995 918
f 257 996 995
f 238 918 996
f 995 996 918
f 69 997 999
f 258 998 997
f 257 999 998
f 997 998 999
f 238 996 993
f 257 998 996
f 258 993 998
f 996 998 993
f 68 992 979
f 255 1000 992
f 253 979 1000
f 992 1000 979
f 69 999 987
f 257 1001 999
f 255 987 1001
f 999 1001 987
f 63 983 995
f 253 1002 983
f 257 995 1002
f 983 1002 995
f 255 1001 1000
f 257 1002 1001
f 253 1000 1002
f 1001 1002 1000
f 11 1003 1005
f 259 1004 1003
f 261 1005 1004
f 1003 1004 1005
f 70 1006 1008
f 260 1007 1006
f 259 1008 1007
f 1006 1007 1008
f 72 1009 1011
f 261 1010 1009
f 260 1011 1010
f 1009 1010 1011
f 259 1007 1004
f 260 1010 1007
f 261 1004 1010
f 1007 1010 1004
f 21 1012 1014
f 262 1013 1012
f 264 1014 1013
f 1012 1013 1014
f 71 1015 1017
f 263 1016 1015
f 262 1017 1016
f 1015 1016 1017
f 70 1018 1020
f 264 1019 1018
f 263 1020 1019
f 1018 1019 1020
f 262 1016 1013
f 263 1019 1016
f 264 1013 1019
f 1016 1019 1013
f 20 1021 1023
f 265 1022 1021
f 267 1023 1022
f 1021 1022 1023
f 72 1024 1026
f 266 1025 1024
f 265 1026 1025
f 1024 1025 1026
f 71 1027 1029
f 267 1028 1027
f 266 1029 1028
f 1027 1028 1029
f 265 1025 1022
f 266 1028 1025
f 267 1022 1028
f 1025 1028 1022
f 70 1020 1006
f 263 1030 1020
f 260 1006 1030
f 1020 1030 1006
f 71 1029 1015
f 266 1031 1029
f 263 1015 1031
f 1029 1031 1015
f 72 1011 1024
f 260 1032 1011
f 266 1024 1032
f 1011 1032 1024
f 263 1031 1030
f 266 1032 1031
f 260 1030 1032
f 1031 1032 1030
f 19 994 958
f 258 1033 994
f 247 958 1033
f 994 1033 958
f 69 1034 997
f 268 1035 1034
f 258 997 1035
f 1034 1035 997
f 66 962 1037
f 247 1036 962
f 268 1037 1036
f 962 1036 1037
f 258 1035 1033
f 268 1036 1035
f 247 1033 1036
f 1035 1036 1033
f 20 1023 984
f 267 1038 1023
f 254 984 1038
f 1023 1038 984
f 71 1039 1027
f 269 1040 1039
f 267 1027 1040
f 1039 1040 1027
f 69 989 1042
f 254 1041 989
f 269 1042 1041
f 989 1041 1042
f 267 1040 1038
f 269 1041 1040
f 254 1038 1041
f 1040 1041 1038
f 21 967 1012
f 251 1043 967
f 262 1012 1043
f 967 1043 1012
f 66 1044 971
f 270 1045 1044
f 251 971 1045
f 1044 1045 971
f 71 1017 1047
f 262 1046 1017
f 270 1047 1046
f 1017 1046 1047
f 251 1045 1043
f 270 1046 1045
f 262 1043 1046
f 1045 1046 1043
f 69 1042 1034
f 269 1048 1042
f 268 1034 1048
f 1042 1048 1034
f 71 1047 1039
f 270 1049 1047
f 269 1039 1049
f 1047 1049 1039
f 66 1037 1044
f 268 1050 1037
f 270 1044 1050
f 1037 1050 1044
f 269 1049 1048
f 270 1050 1049
f 268 1048 1050
f 1049 1050 1048
f 1 952 643
f 246 1051 952
f 163 643 1051
f 952 1051 643
f 67 1052 955
f 271 1053 1052
f 246 955 1053
f 1052 1053 955
f 43 648 1055
f 163 1054 648
f 271 1055 1054
f 648 1054 1055
f 246 1053 1051
f 271 1054 1053
f 163 1051 1054
f 1053 1054 1051
f 21 1056 965
f 272 1057 1056
f 249 965 1057
f 1056 1057 965
f 73 1058 1060
f 273 1059 1058
f 272 1060 1059
f 1058 1059 1060
f 67 970 1062
f 249 1061 970
f 273 1062 1061
f 970 1061 1062
f 272 1059 1057
f 273 1061 1059
f 249 1057 1061
f 1059 1061 1057
f 13 654 1064
f 168 1063 654
f 275 1064 1063
f 654 1063 1064
f 43 1065 658
f 274 1066 1065
f 168 658 1066
f 1065 1066 658
f 73 1067 1069
f 275 1068 1067
f 274 1069 1068
f 1067 1068 1069
f 168 1066 1063
f 274 1068 1066
f 275 1063 1068
f 1066 1068 1063
f 67 1062 1052
f 273 1070 1062
f 271 1052 1070
f 1062 1070 1052
f 73 1069 1058
f 274 1071 1069
f 273 1058 1071
f 1069 1071 1058
f 43 1055 1065
f 271 1072 1055
f 274 1065 1072
f 1055 1072 1065
f 273 1071 1070
f 274 1072 1071
f 271 1070 1072
f 1071 1072 1070
f 11 1073 1003
f 276 1074 1073
f 259 1003 1074
f 1073 1074 1003
f 74 1075 1077
f 277 1076 1075
f 276 1077 1076
f 1075 1076 1077
f 70 1008 1079
f 259 1078 1008
f 277 1079 1078
f 1008 1078 1079
f 276 1076 1074
f 277 1078 1076
f 259 1074 1078
f 1076 1078 1074
f 22 1080 1082
f 278 1081 1080
f 280 1082 1081
f 1080 1081 1082
f 75 1083 1085
f 279 1084 1083
f 278 1085 1084
f 1083 1084 1085
f 74 1086 1088
f 280 1087 1086
f 279 1088 1087
f 1086 1087 1088
f 278 1084 1081
f 279 1087 1084
f 280 1081 1087
f 1084 1087 1081
f 21 1014 1090
f 264 1089 1014
f 282 1090 1089
f 1014 1089 1090
f 70 1091 1018
f 281 1092 1091
f 264 1018 1092
f 1091 1092 1018
f 75 1093 1095
f 282 1094 1093
f 281 1095 1094
f 1093 1094 1095
f 264 1092 1089
f 281 1094 1092
f 282 1089 1094
f 1092 1094 1089
f 74 1088 1075
f 279 1096 1088
f 277 1075 1096
f 1088 1096 1075
f 75 1095 1083
f 281 1097 1095
f 279 1083 1097
f 1095 1097 1083
f 70 1079 1091
f 277 1098 1079
f 281 1091 1098
f 1079 1098 1091
f 279 1097 1096
f 281 1098 1097
f 277 1096 1098
f 1097 1098 1096
f 12 675 1100
f 174 1099 675
f 284 1100 1099
f 675 1099 1100
f 48 1101 679
f 283 1102 1101
f 174 679 1102
f 1101 1102 679
f 77 1103 1105
f 284 1104 1103
f 283 1105 1104
f 1103 1104 1105
f 174 1102 1099
f 283 1104 1102
f 284 1099 1104
f 1102 1104 1099
f 13 1106 691
f 285 1107 1106
f 178 691 1107
f 1106 1107 691
f 76 1108 1110
f 286 1109 1108
f 285 1110 1109
f 1108 1109 1110
f 48 696 1112
f 178 1111 696
f 286 1112 1111
f 696 1111 1112
f 285 1109 1107
f 286 1111 1109
f 178 1107 1111
f 1109 1111 1107
f 22 1113 1115
f 287 1114 1113
f 289 1115 1114
f 1113 1114 1115
f 77 1116 1118
f 288 1117 1116
f 287 1118 1117
f 1116 1117 1118
f 76 1119 1121
f 289 1120 1119
f 288 1121 1120
f 1119 1120 1121
f 287 1117 1114
f 288 1120 1117
f 289 1114 1120
f 1117 1120 1114
f 48 1112 1101
f 286 1122 1112
f 283 1101 1122
f 1112 1122 1101
f 76 1121 1108
f 288 1123 1121
f 286 1108 1123
f 1121 1123 1108
f 77 1105 1116
f 283 1124 1105
f 288 1116 1124
f 1105 1124 1116
f 286 1123 1122
f 288 1124 1123
f 283 1122 1124
f 1123 1124 1122
f 21 1090 1056
f 282 1125 1090
f 272 1056 1125
f 1090 1125 1056
f 75 1126 1093
f 290 1127 1126
f 282 1093 1127
f 1126 1127 1093
f 73 1060 1129
f 272 1128 1060
f 290 1129 1128
f 1060 1128 1129
f 282 1127 1125
f 290 1128 1127
f 272 1125 1128
f 1127 1128 1125
f 22 1115 1080
f 289 1130 1115
f 278 1080 1130
f 1115 1130 1080
f 76 1131 1119
f 291 1132 1131
f 289 1119 1132
f 1131 1132 1119
f 75 1085 1134
f 278 1133 1085
f 291 1134 1133
f 1085 1133 1134
f 289 1132 1130
f 291 1133 1132
f 278 1130 1133
f 1132 1133 1130
f 13 1064 1106
f 275 1135 1064
f 285 1106 1135
f 1064 1135 1106
f 73 1136 1067
f 292 1137 1136
f 275 1067 1137
f 1136 1137 1067
f 76 1110 1139
f 285 1138 1110
f 292 1139 1138
f 1110 1138 1139
f 275 1137 1135
f 292 1138 1137
f 285 1135 1138
f 1137 1138 1135
f 75 1134 1126
f 291 1140 1134
f 290 1126 1140
f 1134 1140 1126
f 76 1139 1131
f 292 1141 1139
f 291 1131 1141
f 1139 1141 1131
f 73 1129 1136
f 290 1142 1129
f 292 1136 1142
f 1129 1142 1136
f 291 1141 1140
f 292 1142 1141
f 290 1140 1142
f 1141 1142 1140
f 2 805 1144
f 209 1143 805
f 294 1144 1143
f 805 1143 1144
f 58 1145 809
f 293 1146 1145
f 209 809 1146
f 1145 1146 809
f 79 1147 1149
f 294 1148 1147
f 293 1149 1148
f 1147 1148 1149
f 209 1146 1143
f 293 1148 1146
f 294 1143 1148
f 1146 1148 1143
f 16 1150 821
f 295 1151 1150
f 213 821 1151
f 1150 1151 821
f 78 1152 1154
f 296 1153 1152
f 295 1154 1153
f 1152 1153 1154
f 58 826 1156
f 213 1155 826
f 296 1156 1155
f 826 1155 1156
f 295 1153 1151
f 296 1155 1153
f 213 1151 1155
f 1153 1155 1151
f 24 1157 1159
f 297 1158 1157
f 299 1159 1158
f 1157 1158 1159
f 79 1160 1162
f 298 1161 1160
f 297 1162 1161
f 1160 1161 1162
f 78 1163 1165
f 299 1164 1163
f 298 1165 1164
f 1163 1164 1165
f 297 1161 1158
f 298 1164 1161
f 299 1158 1164
f 1161 1164 1158
f 58 1156 1145
f 296 1166 1156
f 293 1145 1166
f 1156 1166 1145
f 78 1165 1152
f 298 1167 1165
f 296 1152 1167
f 1165 1167 1152
f 79 1149 1160
f 293 1168 1149
f 298 1160 1168
f 1149 1168 1160
f 296 1167 1166
f 298 1168 1167
f 293 1166 1168
f 1167 1168 1166
f 6 1169 777
f 300 1170 1169
f 200 777 1170
f 1169 1170 777
f 80 1171 1173
f 301 1172 1171
f 300 1173 1172
f 1171 1172 1173
f 54 781 1175
f 200 1174 781
f 301 1175 1174
f 781 1174 1175
f 300 1172 1170
f 301 1174 1172
f 200 1170 1174
f 1172 1174 1170
f 23 1176 1178
f 302 1177 1176
f 304 1178 1177
f 1176 1177 1178
f 81 1179 1181
f 303 1180 1179
f 302 1181 1180
f 1179 1180 1181
f 80 1182 1184
f 304 1183 1182
f 303 1184 1183
f 1182 1183 1184
f 302 1180 1177
f 303 1183 1180
f 304 1177 1183
f 1180 1183 1177
f 16 786 1186
f 204 1185 786
f 306 1186 1185
f 786 1185 1186
f 54 1187 790
f 305 1188 1187
f 204 790 1188
f 1187 1188 790
f 81 1189 1191
f 306 1190 1189
f 305 1191 1190
f 1189 1190 1191
f 204 1188 1185
f 305 1190 1188
f 306 1185 1190
f 1188 1190 1185
f 80 1184 1171
f 303 1192 1184
f 301 1171 1192
f 1184 1192 1171
f 81 1191 1179
f 305 1193 1191
f 303 1179 1193
f 1191 1193 1179
f 54 1175 1187
f 301 1194 1175
f 305 1187 1194
f 1175 1194 1187
f 303 1193 1192
f 305 1194 1193
f 301 1192 1194
f 1193 1194 1192
f 10 1195 1197
f 307 1196 1195
f 309 1197 1196
f 1195 1196 1197
f 82 1198 1200
f 308 1199 1198
f 307 1200 1199
f 1198 1199 1200
f 84 1201 1203
f 309 1202 1201
f 308 1203 1202
f 1201 1202 1203
f 307 1199 1196
f 308 1202 1199
f 309 1196 1202
f 1199 1202 1196
f 24 1204 1206
f 310 1205 1204
f 312 1206 1205
f 1204 1205 1206
f 83 1207 1209
f 311 1208 1207
f 310 1209 1208
f 1207 1208 1209
f 82 1210 1212
f 312 1211 1210
f 311 1212 1211
f 1210 1211 1212
f 310 1208 1205
f 311 1211 1208
f 312 1205 1211
f 1208 1211 1205
f 23 1213 1215
f 313 1214 1213
f 315 1215 1214
f 1213 1214 1215
f 84 1216 1218
f 314 1217 1216
f 313 1218 1217
f 1216 1217 1218
f 83 1219 1221
f 315 1220 1219
f 314 1221 1220
f 1219 1220 1221
f 313 1217 1214
f 314 1220 1217
f 315 1214 1220
f 1217 1220 1214
f 82 1212 1198
f 311 1222 1212
f 308 1198 1222
f 1212 1222 1198
f 83 1221 1207
f 314 1223 1221
f 311 1207 1223
f 1221 1223 1207
f 84 1203 1216
f 308 1224 1203
f 314 1216 1224
f 1203 1224 1216
f 311 1223 1222
f 314 1224 1223
f 308 1222 1224
f 1223 1224 1222
f 16 1186 1150
f 306 1225 1186
f 295 1150 1225
f 1186 1225 1150
f 81 1226 1189
f 316 1227 1226
f 306 1189 1227
f 1226 1227 1189
f 78 1154 1229
f 295 1228 1154
f 316 1229 1228
f 1154 1228 1229
f 306 1227 1225
f 316 1228 1227
f 295 1225 1228
f 1227 1228 1225
f 23 1215 1176
f 315 1230 1215
f 302 1176 1230
f 1215 1230 1176
f 83 1231 1219
f 317 1232 1231
f 315 1219 1232
f 1231 1232 1219
f 81 1181 1234
f 302 1233 1181
f 317 1234 1233
f 1181 1233 1234
f 315 1232 1230
f 317 1233 1232
f 302 1230 1233
f 1232 1233 1230
f 24 1159 1204
f 299 1235 1159
f 310 1204 1235
f 1159 1235 1204
f 78 1236 1163
f 318 1237 1236
f 299 1163 1237
f 1236 1237 1163
f 83 1209 1239
f 310 1238 1209
f 318 1239 1238
f 1209 1238 1239
f 299 1237 1235
f 318 1238 1237
f 310 1235 1238
f 1237 1238 1235
f 81 1234 1226
f 317 1240 1234
f 316 1226 1240
f 1234 1240 1226
f 83 1239 1231
f 318 1241 1239
f 317 1231 1241
f 1239 1241 1231
f 78 1229 1236
f 316 1242 1229
f 318 1236 1242
f 1229 1242 1236
f 317 1241 1240
f 318 1242 1241
f 316 1240 1242
f 1241 1242 1240
f 6 705 1244
f 183 1243 705
f 320 1244 1243
f 705 1243 1244
f 51 1245 709
f 319 1246 1245
f 183 709 1246
f 1245 1246 709
f 86 1247 1249
f 320 1248 1247
f 319 1249 1248
f 1247 1248 1249
f 183 1246 1243
f 319 1248 1246
f 320 1243 1248
f 1246 1248 1243
f 14 1250 721
f 321 1251 1250
f 187 721 1251
f 1250 1251 721
f 85 1252 1254
f 322 1253 1252
f 321 1254 1253
f 1252 1253 1254
f 51 726 1256
f 187 1255 726
f 322 1256 1255
f 726 1255 1256
f 321 1253 1251
f 322 1255 1253
f 187 1251 1255
f 1253 1255 1251
f 26 1257 1259
f 323 1258 1257
f 325 1259 1258
f 1257 1258 1259
f 86 1260 1262
f 324 1261 1260
f 323 1262 1261
f 1260 1261 1262
f 85 1263 1265
f 325 1264 1263
f 324 1265 1264
f 1263 1264 1265
f 323 1261 1258
f 324 1264 1261
f 325 1258 1264
f 1261 1264 1258
f 51 1256 1245
f 322 1266 1256
f 319 1245 1266
f 1256 1266 1245
f 85 1265 1252
f 324 1267 1265
f 322 1252 1267
f 1265 1267 1252
f 86 1249 1260
f 319 1268 1249
f 324 1260 1268
f 1249 1268 1260
f 322 1267 1266
f 324 1268 1267
f 319 1266 1268
f 1267 1268 1266
f 12 1269 673
f 326 1270 1269
f 172 673 1270
f 1269 1270 673
f 87 1271 1273
f 327 1272 1271
f 326 1273 1272
f 1271 1272 1273
f 46 678 1275
f 172 1274 678
f 327 1275 1274
f 678 1274 1275
f 326 1272 1270
f 327 1274 1272
f 172 1270 1274
f 1272 1274 1270
f 25 1276 1278
f 328 1277 1276
f 330 1278 1277
f 1276 1277 1278
f 88 1279 1281
f 329 1280 1279
f 328 1281 1280
f 1279 1280 1281
f 87 1282 1284
f 330 1283 1282
f 329 1284 1283
f 1282 1283 1284
f 328 1280 1277
f 329 1283 1280
f 330 1277 1283
f 1280 1283 1277
f 14 684 1286
f 177 1285 684
f 332 1286 1285
f 684 1285 1286
f 46 1287 688
f 331 1288 1287
f 177 688 1288
f 1287 1288 688
f 88 1289 1291
f 332 1290 1289
f 331 1291 1290
f 1289 1290 1291
f 177 1288 1285
f 331 1290 1288
f 332 1285 1290
f 1288 1290 1285
f 87 1284 1271
f 329 1292 1284
f 327 1271 1292
f 1284 1292 1271
f 88 1291 1279
f 331 1293 1291
f 329 1279 1293
f 1291 1293 1279
f 46 1275 1287
f 327 1294 1275
f 331 1287 1294
f 1275 1294 1287
f 329 1293 1292
f 331 1294 1293
f 327 1292 1294
f 1293 1294 1292
f 5 1295 1297
f 333 1296 1295
f 335 1297 1296
f 1295 1296 1297
f 89 1298 1300
f 334 1299 1298
f 333 1300 1299
f 1298 1299 1300
f 91 1301 1303
f 335 1302 1301
f 334 1303 1302
f 1301 1302 1303
f 333 1299 1296
f 334 1302 1299
f 335 1296 1302
f 1299 1302 1296
f 26 1304 1306
f 336 1305 1304
f 338 1306 1305
f 1304 1305 1306
f 90 1307 1309
f 337 1308 1307
f 336 1309 1308
f 1307 1308 1309
f 89 1310 1312
f 338 1311 1310
f 337 1312 1311
f 1310 1311 1312
f 336 1308 1305
f 337 1311 1308
f 338 1305 1311
f 1308 1311 1305
f 25 1313 1315
f 339 1314 1313
f 341 1315 1314
f 1313 1314 1315
f 91 1316 1318
f 340 1317 1316
f 339 1318 1317
f 1316 1317 1318
f 90 1319 1321
f 341 1320 1319
f 340 1321 1320
f 1319 1320 1321
f 339 1317 1314
f 340 1320 1317
f 341 1314 1320
f 1317 1320 1314
f 89 1312 1298
f 337 1322 1312
f 334 1298 1322
f 1312 1322 1298
f 90 1321 1307
f 340 1323 1321
f 337 1307 1323
f 1321 1323 1307
f 91 1303 1316
f 334 1324 1303
f 340 1316 1324
f 1303 1324 1316
f 337 1323 1322
f 340 1324 1323
f 334 1322 1324
f 1323 1324 1322
f 14 1286 1250
f 332 1325 1286
f 321 1250 1325
f 1286 1325 1250
f 88 1326 1289
f 342 1327 1326
f 332 1289 1327
f 1326 1327 1289
f 85 1254 1329
f 321 1328 1254
f 342 1329 1328
f 1254 1328 1329
f 332 1327 1325
f 342 1328 1327
f 321 1325 1328
f 1327 1328 1325
f 25 1315 1276
f 341 1330 1315
f 328 1276 1330
f 1315 1330 1276
f 90 1331 1319
f 343 1332 1331
f 341 1319 1332
f 1331 1332 1319
f 88 1281 1334
f 328 1333 1281
f 343 1334 1333
f 1281 1333 1334
f 341 1332 1330
f 343 1333 1332
f 328 1330 1333
f 1332 1333 1330
f 26 1259 1304
f 325 1335 1259
f 336 1304 1335
f 1259 1335 1304
f 85 1336 1263
f 344 1337 1336
f 325 1263 1337
f 1336 1337 1263
f 90 1309 1339
f 336 1338 1309
f 344 1339 1338
f 1309 1338 1339
f 325 1337 1335
f 344 1338 1337
f 336 1335 1338
f 1337 1338 1335
f 88 1334 1326
f 343 1340 1334
f 342 1326 1340
f 1334 1340 1326
f 90 1339 1331
f 344 1341 1339
f 343 1331 1341
f 1339 1341 1331
f 85 1329 1336
f 342 1342 1329
f 344 1336 1342
f 1329 1342 1336
f 343 1341 1340
f 344 1342 1341
f 342 1340 1342
f 1341 1342 1340
f 12 1100 1344
f 284 1343 1100
f 346 1344 1343
f 1100 1343 1344
f 77 1345 1103
f 345 1346 1345
f 284 1103 1346
f 1345 1346 1103
f 93 1347 1349
f 346 1348 1347
f 345 1349 1348
f 1347 1348 1349
f 284 1346 1343
f 345 1348 1346
f 346 1343 1348
f 1346 1348 1343
f 22 1350 1113
f 347 1351 1350
f 287 1113 1351
f 1350 1351 1113
f 92 1352 1354
f 348 1353 1352
f 347 1354 1353
f 1352 1353 1354
f 77 1118 1356
f 287 1355 1118
f 348 1356 1355
f 1118 1355 1356
f 347 1353 1351
f 348 1355 1353
f 287 1351 1355
f 1353 1355 1351
f 28 1357 1359
f 349 1358 1357
f 351 1359 1358
f 1357 1358 1359
f 93 1360 1362
f 350 1361 1360
f 349 1362 1361
f 1360 1361 1362
f 92 1363 1365
f 351 1364 1363
f 350 1365 1364
f 1363 1364 1365
f 349 1361 1358
f 350 1364 1361
f 351 1358 1364
f 1361 1364 1358
f 77 1356 1345
f 348 1366 1356
f 345 1345 1366
f 1356 1366 1345
f 92 1365 1352
f 350 1367 1365
f 348 1352 1367
f 1365 1367 1352
f 93 1349 1360
f 345 1368 1349
f 350 1360 1368
f 1349 1368 1360
f 348 1367 1366
f 350 1368 1367
f 345 1366 1368
f 1367 1368 1366
f 11 1369 1073
f 352 1370 1369
f 276 1073 1370
f 1369 1370 1073
f 94 1371 1373
f 353 1372 1371
f 352 1373 1372
f 1371 1372 1373
f 74 1077 1375
f 276 1374 1077
f 353 1375 1374
f 1077 1374 1375
f 352 1372 1370
f 353 1374 1372
f 276 1370 1374
f 1372 1374 1370
f 27 1376 1378
f 354 1377 1376
f 356 1378 1377
f 1376 1377 1378
f 95 1379 1381
f 355 1380 1379
f 354 1381 1380
f 1379 1380 1381
f 94 1382 1384
f 356 1383 1382
f 355 1384 1383
f 1382 1383 1384
f 354 1380 1377
f 355 1383 1380
f 356 1377 1383
f 1380 1383 1377
f 22 1082 1386
f 280 1385 1082
f 358 1386 1385
f 1082 1385 1386
f 74 1387 1086
f 357 1388 1387
f 280 1086 1388
f 1387 1388 1086
f 95 1389 1391
f 358 1390 1389
f 357 1391 1390
f 1389 1390 1391
f 280 1388 1385
f 357 1390 1388
f 358 1385 1390
f 1388 1390 1385
f 94 1384 1371
f 355 1392 1384
f 353 1371 1392
f 1384 1392 1371
f 95 1391 1379
f 357 1393 1391
f 355 1379 1393
f 1391 1393 1379
f 74 1375 1387
f 353 1394 1375
f 357 1387 1394
f 1375 1394 1387
f 355 1393 1392
f 357 1394 1393
f 353 1392 1394
f 1393 1394 1392
f 3 1395 1397
f 359 1396 1395
f 361 1397 1396
f 1395 1396 1397
f 96 1398 1400
f 360 1399 1398
f 359 1400 1399
f 1398 1399 1400
f 98 1401 1403
f 361 1402 1401
f 360 1403 1402
f 1401 1402 1403
f 359 1399 1396
f 360 1402 1399
f 361 1396 1402
f 1399 1402 1396
f 28 1404 1406
f 362 1405 1404
f 364 1406 1405
f 1404 1405 1406
f 97 1407 1409
f 363 1408 1407
f 362 1409 1408
f 1407 1408 1409
f 96 1410 1412
f 364 1411 1410
f 363 1412 1411
f 1410 1411 1412
f 362 1408 1405
f 363 1411 1408
f 364 1405 1411
f 1408 1411 1405
f 27 1413 1415
f 365 1414 1413
f 367 1415 1414
f 1413 1414 1415
f 98 1416 1418
f 366 1417 1416
f 365 1418 1417
f 1416 1417 1418
f 97 1419 1421
f 367 1420 1419
f 366 1421 1420
f 1419 1420 1421
f 365 1417 1414
f 366 1420 1417
f 367 1414 1420
f 1417 1420 1414
f 96 1412 1398
f 363 1422 1412
f 360 1398 1422
f 1412 1422 1398
f 97 1421 1407
f 366 1423 1421
f 363 1407 1423
f 1421 1423 1407
f 98 1403 1416
f 360 1424 1403
f 366 1416 1424
f 1403 1424 1416
f 363 1423 1422
f 366 1424 1423
f 360 1422 1424
f 1423 1424 1422
f 22 1386 1350
f 358 1425 1386
f 347 1350 1425
f 1386 1425 1350
f 95 1426 1389
f 368 1427 1426
f 358 1389 1427
f 1426 1427 1389
f 92 1354 1429
f 347 1428 1354
f 368 1429 1428
f 1354 1428 1429
f 358 1427 1425
f 368 1428 1427
f 347 1425 1428
f 1427 1428 1425
f 27 1415 1376
f 367 1430 1415
f 354 1376 1430
f 1415 1430 1376
f 97 1431 1419
f 369 1432 1431
f 367 1419 1432
f 1431 1432 1419
f 95 1381 1434
f 354 1433 1381
f 369 1434 1433
f 1381 1433 1434
f 367 1432 1430
f 369 1433 1432
f 354 1430 1433
f 1432 1433 1430
f 28 1359 1404
f 351 1435 1359
f 362 1404 1435
f 1359 1435 1404
f 92 1436 1363
f 370 1437 1436
f 351 1363 1437
f 1436 1437 1363
f 97 1409 1439
f 362 1438 1409
f 370 1439 1438
f 1409 1438 1439
f 351 1437 1435
f 370 1438 1437
f 362 1435 1438
f 1437 1438 1435
f 95 1434 1426
f 369 1440 1434
f 368 1426 1440
f 1434 1440 1426
f 97 1439 1431
f 370 1441 1439
f 369 1431 1441
f 1439 1441 1431
f 92 1429 1436
f 368 1442 1429
f 370 1436 1442
f 1429 1442 1436
f 369 1441 1440
f 370 1442 1441
f 368 1440 1442
f 1441 1442 1440
f 11 1005 1444
f 261 1443 1005
f 372 1444 1443
f 1005 1443 1444
f 72 1445 1009
f 371 1446 1445
f 261 1009 1446
f 1445 1446 1009
f 100 1447 1449
f 372 1448 1447
f 371 1449 1448
f 1447 1448 1449
f 261 1446 1443
f 371 1448 1446
f 372 1443 1448
f 1446 1448 1443
f 20 1450 1021
f 373 1451 1450
f 265 1021 1451
f 1450 1451 1021
f 99 1452 1454
f 374 1453 1452
f 373 1454 1453
f 1452 1453 1454
f 72 1026 1456
f 265 1455 1026
f 374 1456 1455
f 1026 1455 1456
f 373 1453 1451
f 374 1455 1453
f 265 1451 1455
f 1453 1455 1451
f 30 1457 1459
f 375 1458 1457
f 377 1459 1458
f 1457 1458 1459
f 100 1460 1462
f 376 1461 1460
f 375 1462 1461
f 1460 1461 1462
f 99 1463 1465
f 377 1464 1463
f 376 1465 1464
f 1463 1464 1465
f 375 1461 1458
f 376 1464 1461
f 377 1458 1464
f 1461 1464 1458
f 72 1456 1445
f 374 1466 1456
f 371 1445 1466
f 1456 1466 1445
f 99 1465 1452
f 376 1467 1465
f 374 1452 1467
f 1465 1467 1452
f 100 1449 1460
f 371 1468 1449
f 376 1460 1468
f 1449 1468 1460
f 374 1467 1466
f 376 1468 1467
f 371 1466 1468
f 1467 1468 1466
f 8 1469 977
f 378 1470 1469
f 252 977 1470
f 1469 1470 977
f 101 1471 1473
f 379 1472 1471
f 378 1473 1472
f 1471 1472 1473
f 68 981 1475
f 252 1474 981
f 379 1475 1474
f 981 1474 1475
f 378 1472 1470
f 379 1474 1472
f 252 1470 1474
f 1472 1474 1470
f 29 1476 1478
f 380 1477 1476
f 382 1478 1477
f 1476 1477 1478
f 102 1479 1481
f 381 1480 1479
f 380 1481 1480
f 1479 1480 1481
f 101 1482 1484
f 382 1483 1482
f 381 1484 1483
f 1482 1483 1484
f 380 1480 1477
f 381 1483 1480
f 382 1477 1483
f 1480 1483 1477
f 20 986 1486
f 256 1485 986
f 384 1486 1485
f 986 1485 1486
f 68 1487 990
f 383 1488 1487
f 256 990 1488
f 1487 1488 990
f 102 1489 1491
f 384 1490 1489
f 383 1491 1490
f 1489 1490 1491
f 256 1488 1485
f 383 1490 1488
f 384 1485 1490
f 1488 1490 1485
f 101 1484 1471
f 381 1492 1484
f 379 1471 1492
f 1484 1492 1471
f 102 1491 1479
f 383 1493 1491
f 381 1479 1493
f 1491 1493 1479
f 68 1475 1487
f 379 1494 1475
f 383 1487 1494
f 1475 1494 1487
f 381 1493 1492
f 383 1494 1493
f 379 1492 1494
f 1493 1494 1492
f 7 1495 1497
f 385 1496 1495
f 387 1497 1496
f 1495 1496 1497
f 103 1498 1500
f 386 1499 1498
f 385 1500 1499
f 1498 1499 1500
f 105 1501 1503
f 387 1502 1501
f 386 1503 1502
f 1501 1502 1503
f 385 1499 1496
f 386 1502 1499
f 387 1496 1502
f 1499 1502 1496
f 30 1504 1506
f 388 1505 1504
f 390 1506 1505
f 1504 1505 1506
f 104 1507 1509
f 389 1508 1507
f 388 1509 1508
f 1507 1508 1509
f 103 1510 1512
f 390 1511 1510
f 389 1512 1511
f 1510 1511 1512
f 388 1508 1505
f 389 1511 1508
f 390 1505 1511
f 1508 1511 1505
f 29 1513 1515
f 391 1514 1513
f 393 1515 1514
f 1513 1514 1515
f 105 1516 1518
f 392 1517 1516
f 391 1518 1517
f 1516 1517 1518
f 104 1519 1521
f 393 1520 1519
f 392 1521 1520
f 1519 1520 1521
f 391 1517 1514
f 392 1520 1517
f 393 1514 1520
f 1517 1520 1514
f 103 1512 1498
f 389 1522 1512
f 386 1498 1522
f 1512 1522 1498
f 104 1521 1507
f 392 1523 1521
f 389 1507 1523
f 1521 1523 1507
f 105 1503 1516
f 386 1524 1503
f 392 1516 1524
f 1503 1524 1516
f 389 1523 1522
f 392 1524 1523
f 386 1522 1524
f 1523 1524 1522
f 20 1486 1450
f 384 1525 1486
f 373 1450 1525
f 1486 1525 1450
f 102 1526 1489
f 394 1527 1526
f 384 1489 1527
f 1526 1527 1489
f 99 1454 1529
f 373 1528 1454
f 394 1529 1528
f 1454 1528 1529
f 384 1527 1525
f 394 1528 1527
f 373 1525 1528
f 1527 1528 1525
f 29 1515 1476
f 393 1530 1515
f 380 1476 1530
f 1515 1530 1476
f 104 1531 1519
f 395 1532 1531
f 393 1519 1532
f 1531 1532 1519
f 102 1481 1534
f 380 1533 1481
f 395 1534 1533
f 1481 1533 1534
f 393 1532 1530
f 395 1533 1532
f 380 1530 1533
f 1532 1533 1530
f 30 1459 1504
f 377 1535 1459
f 388 1504 1535
f 1459 1535 1504
f 99 1536 1463
f 396 1537 1536
f 377 1463 1537
f 1536 1537 1463
f 104 1509 1539
f 388 1538 1509
f 396 1539 1538
f 1509 1538 1539
f 377 1537 1535
f 396 1538 1537
f 388 1535 1538
f 1537 1538 1535
f 102 1534 1526
f 395 1540 1534
f 394 1526 1540
f 1534 1540 1526
f 104 1539 1531
f 396 1541 1539
f 395 1531 1541
f 1539 1541 1531
f 99 1529 1536
f 394 1542 1529
f 396 1536 1542
f 1529 1542 1536
f 395 1541 1540
f 396 1542 1541
f 394 1540 1542
f 1541 1542 1540
f 8 905 1544
f 235 1543 905
f 398 1544 1543
f 905 1543 1544
f 65 1545 909
f 397 1546 1545
f 235 909 1546
f 1545 1546 909
f 107 1547 1549
f 398 1548 1547
f 397 1549 1548
f 1547 1548 1549
f 235 1546 1543
f 397 1548 1546
f 398 1543 1548
f 1546 1548 1543
f 18 1550 921
f 399 1551 1550
f 239 921 1551
f 1550 1551 921
f 106 1552 1554
f 400 1553 1552
f 399 1554 1553
f 1552 1553 1554
f 65 926 1556
f 239 1555 926
f 400 1556 1555
f 926 1555 1556
f 399 1553 1551
f 400 1555 1553
f 239 1551 1555
f 1553 1555 1551
f 32 1557 1559
f 401 1558 1557
f 403 1559 1558
f 1557 1558 1559
f 107 1560 1562
f 402 1561 1560
f 401 1562 1561
f 1560 1561 1562
f 106 1563 1565
f 403 1564 1563
f 402 1565 1564
f 1563 1564 1565
f 401 1561 1558
f 402 1564 1561
f 403 1558 1564
f 1561 1564 1558
f 65 1556 1545
f 400 1566 1556
f 397 1545 1566
f 1556 1566 1545
f 106 1565 1552
f 402 1567 1565
f 400 1552 1567
f 1565 1567 1552
f 107 1549 1560
f 397 1568 1549
f 402 1560 1568
f 1549 1568 1560
f 400 1567 1566
f 402 1568 1567
f 397 1566 1568
f 1567 1568 1566
f 2 1569 877
f 404 1570 1569
f 226 877 1570
f 1569 1570 877
f 108 1571 1573
f 405 1572 1571
f 404 1573 1572
f 1571 1572 1573
f 61 881 1575
f 226 1574 881
f 405 1575 1574
f 881 1574 1575
f 404 1572 1570
f 405 1574 1572
f 226 1570 1574
f 1572 1574 1570
f 31 1576 1578
f 406 1577 1576
f 408 1578 1577
f 1576 1577 1578
f 109 1579 1581
f 407 1580 1579
f 406 1581 1580
f 1579 1580 1581
f 108 1582 1584
f 408 1583 1582
f 407 1584 1583
f 1582 1583 1584
f 406 1580 1577
f 407 1583 1580
f 408 1577 1583
f 1580 1583 1577
f 18 886 1586
f 230 1585 886
f 410 1586 1585
f 886 1585 1586
f 61 1587 890
f 409 1588 1587
f 230 890 1588
f 1587 1588 890
f 109 1589 1591
f 410 1590 1589
f 409 1591 1590
f 1589 1590 1591
f 230 1588 1585
f 409 1590 1588
f 410 1585 1590
f 1588 1590 1585
f 108 1584 1571
f 407 1592 1584
f 405 1571 1592
f 1584 1592 1571
f 109 1591 1579
f 409 1593 1591
f 407 1579 1593
f 1591 1593 1579
f 61 1575 1587
f 405 1594 1575
f 409 1587 1594
f 1575 1594 1587
f 407 1593 1592
f 409 1594 1593
f 405 1592 1594
f 1593 1594 1592
f 9 1595 1597
f 411 1596 1595
f 413 1597 1596
f 1595 1596 1597
f 110 1598 1600
f 412 1599 1598
f 411 1600 1599
f 1598 1599 1600
f 112 1601 1603
f 413 1602 1601
f 412 1603 1602
f 1601 1602 1603
f 411 1599 1596
f 412 1602 1599
f 413 1596 1602
f 1599 1602 1596
f 32 1604 1606
f 414 1605 1604
f 416 1606 1605
f 1604 1605 1606
f 111 1607 1609
f 415 1608 1607
f 414 1609 1608
f 1607 1608 1609
f 110 1610 1612
f 416 1611 1610
f 415 1612 1611
f 1610 1611 1612
f 414 1608 1605
f 415 1611 1608
f 416 1605 1611
f 1608 1611 1605
f 31 1613 1615
f 417 1614 1613
f 419 1615 1614
f 1613 1614 1615
f 112 1616 1618
f 418 1617 1616
f 417 1618 1617
f 1616 1617 1618
f 111 1619 1621
f 419 1620 1619
f 418 1621 1620
f 1619 1620 1621
f 417 1617 1614
f 418 1620 1617
f 419 1614 1620
f 1617 1620 1614
f 110 1612 1598
f 415 1622 1612
f 412 1598 1622
f 1612 1622 1598
f 111 1621 1607
f 418 1623 1621
f 415 1607 1623
f 1621 1623 1607
f 112 1603 1616
f 412 1624 1603
f 418 1616 1624
f 1603 1624 1616
f 415 1623 1622
f 418 1624 1623
f 412 1622 1624
f 1623 1624 1622
f 18 1586 1550
f 410 1625 1586
f 399 1550 1625
f 1586 1625 1550
f 109 1626 1589
f 420 1627 1626
f 410 1589 1627
f 1626 1627 1589
f 106 1554 1629
f 399 1628 1554
f 420 1629 1628
f 1554 1628 1629
f 410 1627 1625
f 420 1628 1627
f 399 1625 1628
f 1627 1628 1625
f 31 1615 1576
f 419 1630 1615
f 406 1576 1630
f 1615 1630 1576
f 111 1631 1619
f 421 1632 1631
f 419 1619 1632
f 1631 1632 1619
f 109 1581 1634
f 406 1633 1581
f 421 1634 1633
f 1581 1633 1634
f 419 1632 1630
f 421 1633 1632
f 406 1630 1633
f 1632 1633 1630
f 32 1559 1604
f 403 1635 1559
f 414 1604 1635
f 1559 1635 1604
f 106 1636 1563
f 422 1637 1636
f 403 1563 1637
f 1636 1637 1563
f 111 1609 1639
f 414 1638 1609
f 422 1639 1638
f 1609 1638 1639
f 403 1637 1635
f 422 1638 1637
f 414 1635 1638
f 1637 1638 1635
f 109 1634 1626
f 421 1640 1634
f 420 1626 1640
f 1634 1640 1626
f 111 1639 1631
f 422 1641 1639
f 421 1631 1641
f 1639 1641 1631
f 106 1629 1636
f 420 1642 1629
f 422 1636 1642
f 1629 1642 1636
f 421 1641 1640
f 422 1642 1641
f 420 1640 1642
f 1641 1642 1640
f 4 1643 1645
f 423 1644 1643
f 425 1645 1644
f 1643 1644 1645
f 113 1646 1648
f 424 1647 1646
f 423 1648 1647
f 1646 1647 1648
f 115 1649 1651
f 425 1650 1649
f 424 1651 1650
f 1649 1650 1651
f 423 1647 1644
f 424 1650 1647
f 425 1644 1650
f 1647 1650 1644
f 33 1652 1654
f 426 1653 1652
f 428 1654 1653
f 1652 1653 1654
f 114 1655 1657
f 427 1656 1655
f 426 1657 1656
f 1655 1656 1657
f 113 1658 1660
f 428 1659 1658
f 427 1660 1659
f 1658 1659 1660
f 426 1656 1653
f 427 1659 1656
f 428 1653 1659
f 1656 1659 1653
f 35 1661 1663
f 429 1662 1661
f 431 1663 1662
f 1661 1662 1663
f 115 1664 1666
f 430 1665 1664
f 429 1666 1665
f 1664 1665 1666
f 114 1667 1669
f 431 1668 1667
f 430 1669 1668
f 1667 1668 1669
f 429 1665 1662
f 430 1668 1665
f 431 1662 1668
f 1665 1668 1662
f 113 1660 1646
f 427 1670 1660
f 424 1646 1670
f 1660 1670 1646
f 114 1669 1655
f 430 1671 1669
f 427 1655 1671
f 1669 1671 1655
f 115 1651 1664
f 424 1672 1651
f 430 1664 1672
f 1651 1672 1664
f 427 1671 1670
f 430 1672 1671
f 424 1670 1672
f 1671 1672 1670
f 10 1673 1675
f 432 1674 1673
f 434 1675 1674
f 1673 1674 1675
f 116 1676 1678
f 433 1677 1676
f 432 1678 1677
f 1676 1677 1678
f 118 1679 1681
f 434 1680 1679
f 433 1681 1680
f 1679 1680 1681
f 432 1677 1674
f 433 1680 1677
f 434 1674 1680
f 1677 1680 1674
f 34 1682 1684
f 435 1683 1682
f 437 1684 1683
f 1682 1683 1684
f 117 1685 1687
f 436 1686 1685
f 435 1687 1686
f 1685 1686 1687
f 116 1688 1690
f 437 1689 1688
f 436 1690 1689
f 1688 1689 1690
f 435 1686 1683
f 436 1689 1686
f 437 1683 1689
f 1686 1689 1683
f 33 1691 1693
f 438 1692 1691
f 440 1693 1692
f 1691 1692 1693
f 118 1694 1696
f 439 1695 1694
f 438 1696 1695
f 1694 1695 1696
f 117 1697 1699
f 440 1698 1697
f 439 1699 1698
f 1697 1698 1699
f 438 1695 1692
f 439 1698 1695
f 440 1692 1698
f 1695 1698 1692
f 116 1690 1676
f 436 1700 1690
f 433 1676 1700
f 1690 1700 1676
f 117 1699 1685
f 439 1701 1699
f 436 1685 1701
f 1699 1701 1685
f 118 1681 1694
f 433 1702 1681
f 439 1694 1702
f 1681 1702 1694
f 436 1701 1700
f 439 1702 1701
f 433 1700 1702
f 1701 1702 1700
f 5 1703 1705
f 441 1704 1703
f 443 1705 1704
f 1703 1704 1705
f 119 1706 1708
f 442 1707 1706
f 441 1708 1707
f 1706 1707 1708
f 121 1709 1711
f 443 1710 1709
f 442 1711 1710
f 1709 1710 1711
f 441 1707 1704
f 442 1710 1707
f 443 1704 1710
f 1707 1710 1704
f 35 1712 1714
f 444 1713 1712
f 446 1714 1713
f 1712 1713 1714
f 120 1715 1717
f 445 1716 1715
f 444 1717 1716
f 1715 1716 1717
f 119 1718 1720
f 446 1719 1718
f 445 1720 1719
f 1718 1719 1720
f 444 1716 1713
f 445 1719 1716
f 446 1713 1719
f 1716 1719 1713
f 34 1721 1723
f 447 1722 1721
f 449 1723 1722
f 1721 1722 1723
f 121 1724 1726
f 448 1725 1724
f 447 1726 1725
f 1724 1725 1726
f 120 1727 1729
f 449 1728 1727
f 448 1729 1728
f 1727 1728 1729
f 447 1725 1722
f 448 1728 1725
f 449 1722 1728
f 1725 1728 1722
f 119 1720 1706
f 445 1730 1720
f 442 1706 1730
f 1720 1730 1706
f 120 1729 1715
f 448 1731 1729
f 445 1715 1731
f 1729 1731 1715
f 121 1711 1724
f 442 1732 1711
f 448 1724 1732
f 1711 1732 1724
f 445 1731 1730
f 448 1732 1731
f 442 1730 1732
f 1731 1732 1730
f 33 1693 1652
f 440 1733 1693
f 426 1652 1733
f 1693 1733 1652
f 117 1734 1697
f 450 1735 1734
f 440 1697 1735
f 1734 1735 1697
f 114 1657 1737
f 426 1736 1657
f 450 1737 1736
f 1657 1736 1737
f 440 1735 1733
f 450 1736 1735
f 426 1733 1736
f 1735 1736 1733
f 34 1723 1682
f 449 1738 1723
f 435 1682 1738
f 1723 1738 1682
f 120 1739 1727
f 451 1740 1739
f 449 1727 1740
f 1739 1740 1727
f 117 1687 1742
f 435 1741 1687
f 451 1742 1741
f 1687 1741 1742
f 449 1740 1738
f 451 1741 1740
f 435 1738 1741
f 1740 1741 1738
f 35 1663 1712
f 431 1743 1663
f 444 1712 1743
f 1663 1743 1712
f 114 1744 1667
f 452 1745 1744
f 431 1667 1745
f 1744 1745 1667
f 120 1717 1747
f 444 1746 1717
f 452 1747 1746
f 1717 1746 1747
f 431 1745 1743
f 452 1746 1745
f 444 1743 1746
f 1745 1746 1743
f 117 1742 1734
f 451 1748 1742
f 450 1734 1748
f 1742 1748 1734
f 120 1747 1739
f 452 1749 1747
f 451 1739 1749
f 1747 1749 1739
f 114 1737 1744
f 450 1750 1737
f 452 1744 1750
f 1737 1750 1744
f 451 1749 1748
f 452 1750 1749
f 450 1748 1750
f 1749 1750 1748
f 4 1645 1752
f 425 1751 1645
f 454 1752 1751
f 1645 1751 1752
f 115 1753 1649
f 453 1754 1753
f 425 1649 1754
f 1753 1754 1649
f 123 1755 1757
f 454 1756 1755
f 453 1757 1756
f 1755 1756 1757
f 425 1754 1751
f 453 1756 1754
f 454 1751 1756
f 1754 1756 1751
f 35 1758 1661
f 455 1759 1758
f 429 1661 1759
f 1758 1759 1661
f 122 1760 1762
f 456 1761 1760
f 455 1762 1761
f 1760 1761 1762
f 115 1666 1764
f 429 1763 1666
f 456 1764 1763
f 1666 1763 1764
f 455 1761 1759
f 456 1763 1761
f 429 1759 1763
f 1761 1763 1759
f 37 1765 1767
f 457 1766 1765
f 459 1767 1766
f 1765 1766 1767
f 123 1768 1770
f 458 1769 1768
f 457 1770 1769
f 1768 1769 1770
f 122 1771 1773
f 459 1772 1771
f 458 1773 1772
f 1771 1772 1773
f 457 1769 1766
f 458 1772 1769
f 459 1766 1772
f 1769 1772 1766
f 115 1764 1753
f 456 1774 1764
f 453 1753 1774
f 1764 1774 1753
f 122 1773 1760
f 458 1775 1773
f 456 1760 1775
f 1773 1775 1760
f 123 1757 1768
f 453 1776 1757
f 458 1768 1776
f 1757 1776 1768
f 456 1775 1774
f 458 1776 1775
f 453 1774 1776
f 1775 1776 1774
f 5 1777 1703
f 460 1778 1777
f 441 1703 1778
f 1777 1778 1703
f 124 1779 1781
f 461 1780 1779
f 460 1781 1780
f 1779 1780 1781
f 119 1708 1783
f 441 1782 1708
f 461 1783 1782
f 1708 1782 1783
f 460 1780 1778
f 461 1782 1780
f 441 1778 1782
f 1780 1782 1778
f 36 1784 1786
f 462 1785 1784
f 464 1786 1785
f 1784 1785 1786
f 125 1787 1789
f 463 1788 1787
f 462 1789 1788
f 1787 1788 1789
f 124 1790 1792
f 464 1791 1790
f 463 1792 1791
f 1790 1791 1792
f 462 1788 1785
f 463 1791 1788
f 464 1785 1791
f 1788 1791 1785
f 35 1714 1794
f 446 1793 1714
f 466 1794 1793
f 1714 1793 1794
f 119 1795 1718
f 465 1796 1795
f 446 1718 1796
f 1795 1796 1718
f 125 1797 1799
f 466 1798 1797
f 465 1799 1798
f 1797 1798 1799
f 446 1796 1793
f 465 1798 1796
f 466 1793 1798
f 1796 1798 1793
f 124 1792 1779
f 463 1800 1792
f 461 1779 1800
f 1792 1800 1779
f 125 1799 1787
f 465 1801 1799
f 463 1787 1801
f 1799 1801 1787
f 119 1783 1795
f 461 1802 1783
f 465 1795 1802
f 1783 1802 1795
f 463 1801 1800
f 465 1802 1801
f 461 1800 1802
f 1801 1802 1800
f 3 1803 1805
f 467 1804 1803
f 469 1805 1804
f 1803 1804 1805
f 126 1806 1808
f 468 1807 1806
f 467 1808 1807
f 1806 1807 1808
f 128 1809 1811
f 469 1810 1809
f 468 1811 1810
f 1809 1810 1811
f 467 1807 1804
f 468 1810 1807
f 469 1804 1810
f 1807 1810 1804
f 37 1812 1814
f 470 1813 1812
f 472 1814 1813
f 1812 1813 1814
f 127 1815 1817
f 471 1816 1815
f 470 1817 1816
f 1815 1816 1817
f 126 1818 1820
f 472 1819 1818
f 471 1820 1819
f 1818 1819 1820
f 470 1816 1813
f 471 1819 1816
f 472 1813 1819
f 1816 1819 1813
f 36 1821 1823
f 473 1822 1821
f 475 1823 1822
f 1821 1822 1823
f 128 1824 1826
f 474 1825 1824
f 473 1826 1825
f 1824 1825 1826
f 127 1827 1829
f 475 1828 1827
f 474 1829 1828
f 1827 1828 1829
f 473 1825 1822
f 474 1828 1825
f 475 1822 1828
f 1825 1828 1822
f 126 1820 1806
f 471 1830 1820
f 468 1806 1830
f 1820 1830 1806
f 127 1829 1815
f 474 1831 1829
f 471 1815 1831
f 1829 1831 1815
f 128 1811 1824
f 468 1832 1811
f 474 1824 1832
f 1811 1832 1824
f 471 1831 1830
f 474 1832 1831
f 468 1830 1832
f 1831 1832 1830
f 35 1794 1758
f 466 1833 1794
f 455 1758 1833
f 1794 1833 1758
f 125 1834 1797
f 476 1835 1834
f 466 1797 1835
f 1834 1835 1797
f 122 1762 1837
f 455 1836 1762
f 476 1837 1836
f 1762 1836 1837
f 466 1835 1833
f 476 1836 1835
f 455 1833 1836
f 1835 1836 1833
f 36 1823 1784
f 475 1838 1823
f 462 1784 1838
f 1823 1838 1784
f 127 1839 1827
f 477 1840 1839
f 475 1827 1840
f 1839 1840 1827
f 125 1789 1842
f 462 1841 1789
f 477 1842 1841
f 1789 1841 1842
f 475 1840 1838
f 477 1841 1840
f 462 1838 1841
f 1840 1841 1838
f 37 1767 1812
f 459 1843 1767
f 470 1812 1843
f 1767 1843 1812
f 122 1844 1771
f 478 1845 1844
f 459 1771 1845
f 1844 1845 1771
f 127 1817 1847
f 470 1846 1817
f 478 1847 1846
f 1817 1846 1847
f 459 1845 1843
f 478 1846 1845
f 470 1843 1846
f 1845 1846 1843
f 125 1842 1834
f 477 1848 1842
f 476 1834 1848
f 1842 1848 1834
f 127 1847 1839
f 478 1849 1847
f 477 1839 1849
f 1847 1849 1839
f 122 1837 1844
f 476 1850 1837
f 478 1844 1850
f 1837 1850 1844
f 477 1849 1848
f 478 1850 1849
f 476 1848 1850
f 1849 1850 1848
f 4 1752 1852
f 454 1851 1752
f 480 1852 1851
f 1752 1851 1852
f 123 1853 1755
f 479 1854 1853
f 454 1755 1854
f 1853 1854 1755
f 130 1855 1857
f 480 1856 1855
f 479 1857 1856
f 1855 1856 1857
f 454 1854 1851
f 479 1856 1854
f 480 1851 1856
f 1854 1856 1851
f 37 1858 1765
f 481 1859 1858
f 457 1765 1859
f 1858 1859 1765
f 129 1860 1862
f 482 1861 1860
f 481 1862 1861
f 1860 1861 1862
f 123 1770 1864
f 457 1863 1770
f 482 1864 1863
f 1770 1863 1864
f 481 1861 1859
f 482 1863 1861
f 457 1859 1863
f 1861 1863 1859
f 39 1865 1867
f 483 1866 1865
f 485 1867 1866
f 1865 1866 1867
f 130 1868 1870
f 484 1869 1868
f 483 1870 1869
f 1868 1869 1870
f 129 1871 1873
f 485 1872 1871
f 484 1873 1872
f 1871 1872 1873
f 483 1869 1866
f 484 1872 1869
f 485 1866 1872
f 1869 1872 1866
f 123 1864 1853
f 482 1874 1864
f 479 1853 1874
f 1864 1874 1853
f 129 1873 1860
f 484 1875 1873
f 482 1860 1875
f 1873 1875 1860
f 130 1857 1868
f 479 1876 1857
f 484 1868 1876
f 1857 1876 1868
f 482 1875 1874
f 484 1876 1875
f 479 1874 1876
f 1875 1876 1874
f 3 1877 1803
f 486 1878 1877
f 467 1803 1878
f 1877 1878 1803
f 131 1879 1881
f 487 1880 1879
f 486 1881 1880
f 1879 1880 1881
f 126 1808 1883
f 467 1882 1808
f 487 1883 1882
f 1808 1882 1883
f 486 1880 1878
f 487 1882 1880
f 467 1878 1882
f 1880 1882 1878
f 38 1884 1886
f 488 1885 1884
f 490 1886 1885
f 1884 1885 1886
f 132 1887 1889
f 489 1888 1887
f 488 1889 1888
f 1887 1888 1889
f 131 1890 1892
f 490 1891 1890
f 489 1892 1891
f 1890 1891 1892
f 488 1888 1885
f 489 1891 1888
f 490 1885 1891
f 1888 1891 1885
f 37 1814 1894
f 472 1893 1814
f 492 1894 1893
f 1814 1893 1894
f 126 1895 1818
f 491 1896 1895
f 472 1818 1896
f 1895 1896 1818
f 132 1897 1899
f 492 1898 1897
f 491 1899 1898
f 1897 1898 1899
f 472 1896 1893
f 491 1898 1896
f 492 1893 1898
f 1896 1898 1893
f 131 1892 1879
f 489 1900 1892
f 487 1879 1900
f 1892 1900 1879
f 132 1899 1887
f 491 1901 1899
f 489 1887 1901
f 1899 1901 1887
f 126 1883 1895
f 487 1902 1883
f 491 1895 1902
f 1883 1902 1895
f 489 1901 1900
f 491 1902 1901
f 487 1900 1902
f 1901 1902 1900
f 7 1903 1905
f 493 1904 1903
f 495 1905 1904
f 1903 1904 1905
f 133 1906 1908
f 494 1907 1906
f 493 1908 1907
f 1906 1907 1908
f 135 1909 1911
f 495 1910 1909
f 494 1911 1910
f 1909 1910 1911
f 493 1907 1904
f 494 1910 1907
f 495 1904 1910
f 1907 1910 1904
f 39 1912 1914
f 496 1913 1912
f 498 1914 1913
f 1912 1913 1914
f 134 1915 1917
f 497 1916 1915
f 496 1917 1916
f 1915 1916 1917
f 133 1918 1920
f 498 1919 1918
f 497 1920 1919
f 1918 1919 1920
f 496 1916 1913
f 497 1919 1916
f 498 1913 1919
f 1916 1919 1913
f 38 1921 1923
f 499 1922 1921
f 501 1923 1922
f 1921 1922 1923
f 135 1924 1926
f 500 1925 1924
f 499 1926 1925
f 1924 1925 1926
f 134 1927 1929
f 501 1928 1927
f 500 1929 1928
f 1927 1928 1929
f 499 1925 1922
f 500 1928 1925
f 501 1922 1928
f 1925 1928 1922
f 133 1920 1906
f 497 1930 1920
f 494 1906 1930
f 1920 1930 1906
f 134 1929 1915
f 500 1931 1929
f 497 1915 1931
f 1929 1931 1915
f 135 1911 1924
f 494 1932 1911
f 500 1924 1932
f 1911 1932 1924
f 497 1931 1930
f 500 1932 1931
f 494 1930 1932
f 1931 1932 1930
f 37 1894 1858
f 492 1933 1894
f 481 1858 1933
f 1894 1933 1858
f 132 1934 1897
f 502 1935 1934
f 492 1897 1935
f 1934 1935 1897
f 129 1862 1937
f 481 1936 1862
f 502 1937 1936
f 1862 1936 1937
f 492 1935 1933
f 502 1936 1935
f 481 1933 1936
f 1935 1936 1933
f 38 1923 1884
f 501 1938 1923
f 488 1884 1938
f 1923 1938 1884
f 134 1939 1927
f 503 1940 1939
f 501 1927 1940
f 1939 1940 1927
f 132 1889 1942
f 488 1941 1889
f 503 1942 1941
f 1889 1941 1942
f 501 1940 1938
f 503 1941 1940
f 488 1938 1941
f 1940 1941 1938
f 39 1867 1912
f 485 1943 1867
f 496 1912 1943
f 1867 1943 1912
f 129 1944 1871
f 504 1945 1944
f 485 1871 1945
f 1944 1945 1871
f 134 1917 1947
f 496 1946 1917
f 504 1947 1946
f 1917 1946 1947
f 485 1945 1943
f 504 1946 1945
f 496 1943 1946
f 1945 1946 1943
f 132 1942 1934
f 503 1948 1942
f 502 1934 1948
f 1942 1948 1934
f 134 1947 1939
f 504 1949 1947
f 503 1939 1949
f 1947 1949 1939
f 129 1937 1944
f 502 1950 1937
f 504 1944 1950
f 1937 1950 1944
f 503 1949 1948
f 504 1950 1949
f 502 1948 1950
f 1949 1950 1948
f 4 1852 1952
f 480 1951 1852
f 506 1952 1951
f 1852 1951 1952
f 130 1953 1855
f 505 1954 1953
f 480 1855 1954
f 1953 1954 1855
f 137 1955 1957
f 506 1956 1955
f 505 1957 1956
f 1955 1956 1957
f 480 1954 1951
f 505 1956 1954
f 506 1951 1956
f 1954 1956 1951
f 39 1958 1865
f 507 1959 1958
f 483 1865 1959
f 1958 1959 1865
f 136 1960 1962
f 508 1961 1960
f 507 1962 1961
f 1960 1961 1962
f 130 1870 1964
f 483 1963 1870
f 508 1964 1963
f 1870 1963 1964
f 507 1961 1959
f 508 1963 1961
f 483 1959 1963
f 1961 1963 1959
f 41 1965 1967
f 509 1966 1965
f 511 1967 1966
f 1965 1966 1967
f 137 1968 1970
f 510 1969 1968
f 509 1970 1969
f 1968 1969 1970
f 136 1971 1973
f 511 1972 1971
f 510 1973 1972
f 1971 1972 1973
f 509 1969 1966
f 510 1972 1969
f 511 1966 1972
f 1969 1972 1966
f 130 1964 1953
f 508 1974 1964
f 505 1953 1974
f 1964 1974 1953
f 136 1973 1960
f 510 1975 1973
f 508 1960 1975
f 1973 1975 1960
f 137 1957 1968
f 505 1976 1957
f 510 1968 1976
f 1957 1976 1968
f 508 1975 1974
f 510 1976 1975
f 505 1974 1976
f 1975 1976 1974
f 7 1977 1903
f 512 1978 1977
f 493 1903 1978
f 1977 1978 1903
f 138 1979 1981
f 513 1980 1979
f 512 1981 1980
f 1979 1980 1981
f 133 1908 1983
f 493 1982 1908
f 513 1983 1982
f 1908 1982 1983
f 512 1980 1978
f 513 1982 1980
f 493 1978 1982
f 1980 1982 1978
f 40 1984 1986
f 514 1985 1984
f 516 1986 1985
f 1984 1985 1986
f 139 1987 1989
f 515 1988 1987
f 514 1989 1988
f 1987 1988 1989
f 138 1990 1992
f 516 1991 1990
f 515 1992 1991
f 1990 1991 1992
f 514 1988 1985
f 515 1991 1988
f 516 1985 1991
f 1988 1991 1985
f 39 1914 1994
f 498 1993 1914
f 518 1994 1993
f 1914 1993 1994
f 133 1995 1918
f 517 1996 1995
f 498 1918 1996
f 1995 1996 1918
f 139 1997 1999
f 518 1998 1997
f 517 1999 1998
f 1997 1998 1999
f 498 1996 1993
f 517 1998 1996
f 518 1993 1998
f 1996 1998 1993
f 138 1992 1979
f 515 2000 1992
f 513 1979 2000
f 1992 2000 1979
f 139 1999 1987
f 517 2001 1999
f 515 1987 2001
f 1999 2001 1987
f 133 1983 1995
f 513 2002 1983
f 517 1995 2002
f 1983 2002 1995
f 515 2001 2000
f 517 2002 2001
f 513 2000 2002
f 2001 2002 2000
f 9 2003 2005
f 519 2004 2003
f 521 2005 2004
f 2003 2004 2005
f 140 2006 2008
f 520 2007 2006
f 519 2008 2007
f 2006 2007 2008
f 142 2009 2011
f 521 2010 2009
f 520 2011 2010
f 2009 2010 2011
f 519 2007 2004
f 520 2010 2007
f 521 2004 2010
f 2007 2010 2004
f 41 2012 2014
f 522 2013 2012
f 524 2014 2013
f 2012 2013 2014
f 141 2015 2017
f 523 2016 2015
f 522 2017 2016
f 2015 2016 2017
f 140 2018 2020
f 524 2019 2018
f 523 2020 2019
f 2018 2019 2020
f 522 2016 2013
f 523 2019 2016
f 524 2013 2019
f 2016 2019 2013
f 40 2021 2023
f 525 2022 2021
f 527 2023 2022
f 2021 2022 2023
f 142 2024 2026
f 526 2025 2024
f 525 2026 2025
f 2024 2025 2026
f 141 2027 2029
f 527 2028 2027
f 526 2029 2028
f 2027 2028 2029
f 525 2025 2022
f 526 2028 2025
f 527 2022 2028
f 2025 2028 2022
f 140 2020 2006
f 523 2030 2020
f 520 2006 2030
f 2020 2030 2006
f 141 2029 2015
f 526 2031 2029
f 523 2015 2031
f 2029 2031 2015
f 142 2011 2024
f 520 2032 2011
f 526 2024 2032
f 2011 2032 2024
f 523 2031 2030
f 526 2032 2031
f 520 2030 2032
f 2031 2032 2030
f 39 1994 1958
f 518 2033 1994
f 507 1958 2033
f 1994 2033 1958
f 139 2034 1997
f 528 2035 2034
f 518 1997 2035
f 2034 2035 1997
f 136 1962 2037
f 507 2036 1962
f 528 2037 2036
f 1962 2036 2037
f 518 2035 2033
f 528 2036 2035
f 507 2033 2036
f 2035 2036 2033
f 40 2023 1984
f 527 2038 2023
f 514 1984 2038
f 2023 2038 1984
f 141 2039 2027
f 529 2040 2039
f 527 2027 2040
f 2039 2040 2027
f 139 1989 2042
f 514 2041 1989
f 529 2042 2041
f 1989 2041 2042
f 527 2040 2038
f 529 2041 2040
f 514 2038 2041
f 2040 2041 2038
f 41 1967 2012
f 511 2043 1967
f 522 2012 2043
f 1967 2043 2012
f 136 2044 1971
f 530 2045 2044
f 511 1971 2045
f 2044 2045 1971
f 141 2017 2047
f 522 2046 2017
f 530 2047 2046
f 2017 2046 2047
f 511 2045 2043
f 530 2046 2045
f 522 2043 2046
f 2045 2046 2043
f 139 2042 2034
f 529 2048 2042
f 528 2034 2048
f 2042 2048 2034
f 141 2047 2039
f 530 2049 2047
f 529 2039 2049
f 2047 2049 2039
f 136 2037 2044
f 528 2050 2037
f 530 2044 2050
f 2037 2050 2044
f 529 2049 2048
f 530 2050 2049
f 528 2048 2050
f 2049 2050 2048
f 4 1952 1643
f 506 2051 1952
f 423 1643 2051
f 1952 2051 1643
f 137 2052 1955
f 531 2053 2052
f 506 1955 2053
f 2052 2053 1955
f 113 1648 2055
f 423 2054 1648
f 531 2055 2054
f 1648 2054 2055
f 506 2053 2051
f 531 2054 2053
f 423 2051 2054
f 2053 2054 2051
f 41 2056 1965
f 532 2057 2056
f 509 1965 2057
f 2056 2057 1965
f 143 2058 2060
f 533 2059 2058
f 532 2060 2059
f 2058 2059 2060
f 137 1970 2062
f 509 2061 1970
f 533 2062 2061
f 1970 2061 2062
f 532 2059 2057
f 533 2061 2059
f 509 2057 2061
f 2059 2061 2057
f 33 1654 2064
f 428 2063 1654
f 535 2064 2063
f 1654 2063 2064
f 113 2065 1658
f 534 2066 2065
f 428 1658 2066
f 2065 2066 1658
f 143 2067 2069
f 535 2068 2067
f 534 2069 2068
f 2067 2068 2069
f 428 2066 2063
f 534 2068 2066
f 535 2063 2068
f 2066 2068 2063
f 137 2062 2052
f 533 2070 2062
f 531 2052 2070
f 2062 2070 2052
f 143 2069 2058
f 534 2071 2069
f 533 2058 2071
f 2069 2071 2058
f 113 2055 2065
f 531 2072 2055
f 534 2065 2072
f 2055 2072 2065
f 533 2071 2070
f 534 2072 2071
f 531 2070 2072
f 2071 2072 2070
f 9 2073 2003
f 536 2074 2073
f 519 2003 2074
f 2073 2074 2003
f 144 2075 2077
f 537 2076 2075
f 536 2077 2076
f 2075 2076 2077
f 140 2008 2079
f 519 2078 2008
f 537 2079 2078
f 2008 2078 2079
f 536 2076 2074
f 537 2078 2076
f 519 2074 2078
f 2076 2078 2074
f 42 2080 2082
f 538 2081 2080
f 540 2082 2081
f 2080 2081 2082
f 145 2083 2085
f 539 2084 2083
f 538 2085 2084
f 2083 2084 2085
f 144 2086 2088
f 540 2087 2086
f 539 2088 2087
f 2086 2087 2088
f 538 2084 2081
f 539 2087 2084
f 540 2081 2087
f 2084 2087 2081
f 41 2014 2090
f 524 2089 2014
f 542 2090 2089
f 2014 2089 2090
f 140 2091 2018
f 541 2092 2091
f 524 2018 2092
f 2091 2092 2018
f 145 2093 2095
f 542 2094 2093
f 541 2095 2094
f 2093 2094 2095
f 524 2092 2089
f 541 2094 2092
f 542 2089 2094
f 2092 2094 2089
f 144 2088 2075
f 539 2096 2088
f 537 2075 2096
f 2088 2096 2075
f 145 2095 2083
f 541 2097 2095
f 539 2083 2097
f 2095 2097 2083
f 140 2079 2091
f 537 2098 2079
f 541 2091 2098
f 2079 2098 2091
f 539 2097 2096
f 541 2098 2097
f 537 2096 2098
f 2097 2098 2096
f 10 1675 2100
f 434 2099 1675
f 544 2100 2099
f 1675 2099 2100
f 118 2101 1679
f 543 2102 2101
f 434 1679 2102
f 2101 2102 1679
f 147 2103 2105
f 544 2104 2103
f 543 2105 2104
f 2103 2104 2105
f 434 2102 2099
f 543 2104 2102
f 544 2099 2104
f 2102 2104 2099
f 33 2106 1691
f 545 2107 2106
f 438 1691 2107
f 2106 2107 1691
f 146 2108 2110
f 546 2109 2108
f 545 2110 2109
f 2108 2109 2110
f 118 1696 2112
f 438 2111 1696
f 546 2112 2111
f 1696 2111 2112
f 545 2109 2107
f 546 2111 2109
f 438 2107 2111
f 2109 2111 2107
f 42 2113 2115
f 547 2114 2113
f 549 2115 2114
f 2113 2114 2115
f 147 2116 2118
f 548 2117 2116
f 547 2118 2117
f 2116 2117 2118
f 146 2119 2121
f 549 2120 2119
f 548 2121 2120
f 2119 2120 2121
f 547 2117 2114
f 548 2120 2117
f 549 2114 2120
f 2117 2120 2114
f 118 2112 2101
f 546 2122 2112
f 543 2101 2122
f 2112 2122 2101
f 146 2121 2108
f 548 2123 2121
f 546 2108 2123
f 2121 2123 2108
f 147 2105 2116
f 543 2124 2105
f 548 2116 2124
f 2105 2124 2116
f 546 2123 2122
f 548 2124 2123
f 543 2122 2124
f 2123 2124 2122
f 41 2090 2056
f 542 2125 2090
f 532 2056 2125
f 2090 2125 2056
f 145 2126 2093
f 550 2127 2126
f 542 2093 2127
f 2126 2127 2093
f 143 2060 2129
f 532 2128 2060
f 550 2129 2128
f 2060 2128 2129
f 542 2127 2125
f 550 2128 2127
f 532 2125 2128
f 2127 2128 2125
f 42 2115 2080
f 549 2130 2115
f 538 2080 2130
f 2115 2130 2080
f 146 2131 2119
f 551 2132 2131
f 549 2119 2132
f 2131 2132 2119
f 145 2085 2134
f 538 2133 2085
f 551 2134 2133
f 2085 2133 2134
f 549 2132 2130
f 551 2133 2132
f 538 2130 2133
f 2132 2133 2130
f 33 2064 2106
f 535 2135 2064
f 545 2106 2135
f 2064 2135 2106
f 143 2136 2067
f 552 2137 2136
f 535 2067 2137
f 2136 2137 2067
f 146 2110 2139
f 545 2138 2110
f 552 2139 2138
f 2110 2138 2139
f 535 2137 2135
f 552 2138 2137
f 545 2135 2138
f 2137 2138 2135
f 145 2134 2126
f 551 2140 2134
f 550 2126 2140
f 2134 2140 2126
f 146 2139 2131
f 552 2141 2139
f 551 2131 2141
f 2139 2141 2131
f 143 2129 2136
f 550 2142 2129
f 552 2136 2142
f 2129 2142 2136
f 551 2141 2140
f 552 2142 2141
f 550 2140 2142
f 2141 2142 2140
f 5 1705 1295
f 443 2143 1705
f 333 1295 2143
f 1705 2143 1295
f 121 2144 1709
f 553 2145 2144
f 443 1709 2145
f 2144 2145 1709
f 89 1300 2147
f 333 2146 1300
f 553 2147 2146
f 1300 2146 2147
f 443 2145 2143
f 553 2146 2145
f 333 2143 2146
f 2145 2146 2143
f 34 2148 1721
f 554 2149 2148
f 447 1721 2149
f 2148 2149 1721
f 148 2150 2152
f 555 2151 2150
f 554 2152 2151
f 2150 2151 2152
f 121 1726 2154
f 447 2153 1726
f 555 2154 2153
f 1726 2153 2154
f 554 2151 2149
f 555 2153 2151
f 447 2149 2153
f 2151 2153 2149
f 26 1306 2156
f 338 2155 1306
f 557 2156 2155
f 1306 2155 2156
f 89 2157 1310
f 556 2158 2157
f 338 1310 2158
f 2157 2158 1310
f 148 2159 2161
f 557 2160 2159
f 556 2161 2160
f 2159 2160 2161
f 338 2158 2155
f 556 2160 2158
f 557 2155 2160
f 2158 2160 2155
f 121 2154 2144
f 555 2162 2154
f 553 2144 2162
f 2154 2162 2144
f 148 2161 2150
f 556 2163 2161
f 555 2150 2163
f 2161 2163 2150
f 89 2147 2157
f 553 2164 2147
f 556 2157 2164
f 2147 2164 2157
f 555 2163 2162
f 556 2164 2163
f 553 2162 2164
f 2163 2164 2162
f 10 1197 1673
f 309 2165 1197
f 432 1673 2165
f 1197 2165 1673
f 84 2166 1201
f 558 2167 2166
f 309 1201 2167
f 2166 2167 1201
f 116 1678 2169
f 432 2168 1678
f 558 2169 2168
f 1678 2168 2169
f 309 2167 2165
f 558 2168 2167
f 432 2165 2168
f 2167 2168 2165
f 23 2170 1213
f 559 2171 2170
f 313 1213 2171
f 2170 2171 1213
f 149 2172 2174
f 560 2173 2172
f 559 2174 2173
f 2172 2173 2174
f 84 1218 2176
f 313 2175 1218
f 560 2176 2175
f 1218 2175 2176
f 559 2173 2171
f 560 2175 2173
f 313 2171 2175
f 2173 2175 2171
f 34 1684 2178
f 437 2177 1684
f 562 2178 2177
f 1684 2177 2178
f 116 2179 1688
f 561 2180 2179
f 437 1688 2180
f 2179 2180 1688
f 149 2181 2183
f 562 2182 2181
f 561 2183 2182
f 2181 2182 2183
f 437 2180 2177
f 561 2182 2180
f 562 2177 2182
f 2180 2182 2177
f 84 2176 2166
f 560 2184 2176
f 558 2166 2184
f 2176 2184 2166
f 149 2183 2172
f 561 2185 2183
f 560 2172 2185
f 2183 2185 2172
f 116 2169 2179
f 558 2186 2169
f 561 2179 2186
f 2169 2186 2179
f 560 2185 2184
f 561 2186 2185
f 558 2184 2186
f 2185 2186 2184
f 6 1244 1169
f 320 2187 1244
f 300 1169 2187
f 1244 2187 1169
f 86 2188 1247
f 563 2189 2188
f 320 1247 2189
f 2188 2189 1247
f 80 1173 2191
f 300 2190 1173
f 563 2191 2190
f 1173 2190 2191
f 320 2189 2187
f 563 2190 2189
f 300 2187 2190
f 2189 2190 2187
f 26 2192 1257
f 564 2193 2192
f 323 1257 2193
f 2192 2193 1257
f 150 2194 2196
f 565 2195 2194
f 564 2196 2195
f 2194 2195 2196
f 86 1262 2198
f 323 2197 1262
f 565 2198 2197
f 1262 2197 2198
f 564 2195 2193
f 565 2197 2195
f 323 2193 2197
f 2195 2197 2193
f 23 1178 2200
f 304 2199 1178
f 567 2200 2199
f 1178 2199 2200
f 80 2201 1182
f 566 2202 2201
f 304 1182 2202
f 2201 2202 1182
f 150 2203 2205
f 567 2204 2203
f 566 2205 2204
f 2203 2204 2205
f 304 2202 2199
f 566 2204 2202
f 567 2199 2204
f 2202 2204 2199
f 86 2198 2188
f 565 2206 2198
f 563 2188 2206
f 2198 2206 2188
f 150 2205 2194
f 566 2207 2205
f 565 2194 2207
f 2205 2207 2194
f 80 2191 2201
f 563 2208 2191
f 566 2201 2208
f 2191 2208 2201
f 565 2207 2206
f 566 2208 2207
f 563 2206 2208
f 2207 2208 2206
f 34 2178 2148
f 562 2209 2178
f 554 2148 2209
f 2178 2209 2148
f 149 2210 2181
f 568 2211 2210
f 562 2181 2211
f 2210 2211 2181
f 148 2152 2213
f 554 2212 2152
f 568 2213 2212
f 2152 2212 2213
f 562 2211 2209
f 568 2212 2211
f 554 2209 2212
f 2211 2212 2209
f 23 2200 2170
f 567 2214 2200
f 559 2170 2214
f 2200 2214 2170
f 150 2215 2203
f 569 2216 2215
f 567 2203 2216
f 2215 2216 2203
f 149 2174 2218
f 559 2217 2174
f 569 2218 2217
f 2174 2217 2218
f 567 2216 2214
f 569 2217 2216
f 559 2214 2217
f 2216 2217 2214
f 26 2156 2192
f 557 2219 2156
f 564 2192 2219
f 2156 2219 2192
f 148 2220 2159
f 570 2221 2220
f 557 2159 2221
f 2220 2221 2159
f 150 2196 2223
f 564 2222 2196
f 570 2223 2222
f 2196 2222 2223
f 557 2221 2219
f 570 2222 2221
f 564 2219 2222
f 2221 2222 2219
f 149 2218 2210
f 569 2224 2218
f 568 2210 2224
f 2218 2224 2210
f 150 2223 2215
f 570 2225 2223
f 569 2215 2225
f 2223 2225 2215
f 148 2213 2220
f 568 2226 2213
f 570 2220 2226
f 2213 2226 2220
f 569 2225 2224
f 570 2226 2225
f 568 2224 2226
f 2225 2226 2224
f 3 1805 1395
f 469 2227 1805
f 359 1395 2227
f 1805 2227 1395
f 128 2228 1809
f 571 2229 2228
f 469 1809 2229
f 2228 2229 1809
f 96 1400 2231
f 359 2230 1400
f 571 2231 2230
f 1400 2230 2231
f 469 2229 2227
f 571 2230 2229
f 359 2227 2230
f 2229 2230 2227
f 36 2232 1821
f 572 2233 2232
f 473 1821 2233
f 2232 2233 1821
f 151 2234 2236
f 573 2235 2234
f 572 2236 2235
f 2234 2235 2236
f 128 1826 2238
f 473 2237 1826
f 573 2238 2237
f 1826 2237 2238
f 572 2235 2233
f 573 2237 2235
f 473 2233 2237
f 2235 2237 2233
f 28 1406 2240
f 364 2239 1406
f 575 2240 2239
f 1406 2239 2240
f 96 2241 1410
f 574 2242 2241
f 364 1410 2242
f 2241 2242 1410
f 151 2243 2245
f 575 2244 2243
f 574 2245 2244
f 2243 2244 2245
f 364 2242 2239
f 574 2244 2242
f 575 2239 2244
f 2242 2244 2239
f 128 2238 2228
f 573 2246 2238
f 571 2228 2246
f 2238 2246 2228
f 151 2245 2234
f 574 2247 2245
f 573 2234 2247
f 2245 2247 2234
f 96 2231 2241
f 571 2248 2231
f 574 2241 2248
f 2231 2248 2241
f 573 2247 2246
f 574 2248 2247
f 571 2246 2248
f 2247 2248 2246
f 5 1297 1777
f 335 2249 1297
f 460 1777 2249
f 1297 2249 1777
f 91 2250 1301
f 576 2251 2250
f 335 1301 2251
f 2250 2251 1301
f 124 1781 2253
f 460 2252 1781
f 576 2253 2252
f 1781 2252 2253
f 335 2251 2249
f 576 2252 2251
f 460 2249 2252
f 2251 2252 2249
f 25 2254 1313
f 577 2255 2254
f 339 1313 2255
f 2254 2255 1313
f 152 2256 2258
f 578 2257 2256
f 577 2258 2257
f 2256 2257 2258
f 91 1318 2260
f 339 2259 1318
f 578 2260 2259
f 1318 2259 2260
f 577 2257 2255
f 578 2259 2257
f 339 2255 2259
f 2257 2259 2255
f 36 1786 2262
f 464 2261 1786
f 580 2262 2261
f 1786 2261 2262
f 124 2263 1790
f 579 2264 2263
f 464 1790 2264
f 2263 2264 1790
f 152 2265 2267
f 580 2266 2265
f 579 2267 2266
f 2265 2266 2267
f 464 2264 2261
f 579 2266 2264
f 580 2261 2266
f 2264 2266 2261
f 91 2260 2250
f 578 2268 2260
f 576 2250 2268
f 2260 2268 2250
f 152 2267 2256
f 579 2269 2267
f 578 2256 2269
f 2267 2269 2256
f 124 2253 2263
f 576 2270 2253
f 579 2263 2270
f 2253 2270 2263
f 578 2269 2268
f 579 2270 2269
f 576 2268 2270
f 2269 2270 2268
f 12 1344 1269
f 346 2271 1344
f 326 1269 2271
f 1344 2271 1269
f 93 2272 1347
f 581 2273 2272
f 346 1347 2273
f 2272 2273 1347
f 87 1273 2275
f 326 2274 1273
f 581 2275 2274
f 1273 2274 2275
f 346 2273 2271
f 581 2274 2273
f 326 2271 2274
f 2273 2274 2271
f 28 2276 1357
f 582 2277 2276
f 349 1357 2277
f 2276 2277 1357
f 153 2278 2280
f 583 2279 2278
f 582 2280 2279
f 2278 2279 2280
f 93 1362 2282
f 349 2281 1362
f 583 2282 2281
f 1362 2281 2282
f 582 2279 2277
f 583 2281 2279
f 349 2277 2281
f 2279 2281 2277
f 25 1278 2284
f 330 2283 1278
f 585 2284 2283
f 1278 2283 2284
f 87 2285 1282
f 584 2286 2285
f 330 1282 2286
f 2285 2286 1282
f 153 2287 2289
f 585 2288 2287
f 584 2289 2288
f 2287 2288 2289
f 330 2286 2283
f 584 2288 2286
f 585 2283 2288
f 2286 2288 2283
f 93 2282 2272
f 583 2290 2282
f 581 2272 2290
f 2282 2290 2272
f 153 2289 2278
f 584 2291 2289
f 583 2278 2291
f 2289 2291 2278
f 87 2275 2285
f 581 2292 2275
f 584 2285 2292
f 2275 2292 2285
f 583 2291 2290
f 584 2292 2291
f 581 2290 2292
f 2291 2292 2290
f 36 2262 2232
f 580 2293 2262
f 572 2232 2293
f 2262 2293 2232
f 152 2294 2265
f 586 2295 2294
f 580 2265 2295
f 2294 2295 2265
f 151 2236 2297
f 572 2296 2236
f 586 2297 2296
f 2236 2296 2297
f 580 2295 2293
f 586 2296 2295
f 572 2293 2296
f 2295 2296 2293
f 25 2284 2254
f 585 2298 2284
f 577 2254 2298
f 2284 2298 2254
f 153 2299 2287
f 587 2300 2299
f 585 2287 2300
f 2299 2300 2287
f 152 2258 2302
f 577 2301 2258
f 587 2302 2301
f 2258 2301 2302
f 585 2300 2298
f 587 2301 2300
f 577 2298 2301
f 2300 2301 2298
f 28 2240 2276
f 575 2303 2240
f 582 2276 2303
f 2240 2303 2276
f 151 2304 2243
f 588 2305 2304
f 575 2243 2305
f 2304 2305 2243
f 153 2280 2307
f 582 2306 2280
f 588 2307 2306
f 2280 2306 2307
f 575 2305 2303
f 588 2306 2305
f 582 2303 2306
f 2305 2306 2303
f 152 2302 2294
f 587 2308 2302
f 586 2294 2308
f 2302 2308 2294
f 153 2307 2299
f 588 2309 2307
f 587 2299 2309
f 2307 2309 2299
f 151 2297 2304
f 586 2310 2297
f 588 2304 2310
f 2297 2310 2304
f 587 2309 2308
f 588 2310 2309
f 586 2308 2310
f 2309 2310 2308
f 7 1905 1495
f 495 2311 1905
f 385 1495 2311
f 1905 2311 1495
f 135 2312 1909
f 589 2313 2312
f 495 1909 2313
f 2312 2313 1909
f 103 1500 2315
f 385 2314 1500
f 589 2315 2314
f 1500 2314 2315
f 495 2313 2311
f 589 2314 2313
f 385 2311 2314
f 2313 2314 2311
f 38 2316 1921
f 590 2317 2316
f 499 1921 2317
f 2316 2317 1921
f 154 2318 2320
f 591 2319 2318
f 590 2320 2319
f 2318 2319 2320
f 135 1926 2322
f 499 2321 1926
f 591 2322 2321
f 1926 2321 2322
f 590 2319 2317
f 591 2321 2319
f 499 2317 2321
f 2319 2321 2317
f 30 1506 2324
f 390 2323 1506
f 593 2324 2323
f 1506 2323 2324
f 103 2325 1510
f 592 2326 2325
f 390 1510 2326
f 2325 2326 1510
f 154 2327 2329
f 593 2328 2327
f 592 2329 2328
f 2327 2328 2329
f 390 2326 2323
f 592 2328 2326
f 593 2323 2328
f 2326 2328 2323
f 135 2322 2312
f 591 2330 2322
f 589 2312 2330
f 2322 2330 2312
f 154 2329 2318
f 592 2331 2329
f 591 2318 2331
f 2329 2331 2318
f 103 2315 2325
f 589 2332 2315
f 592 2325 2332
f 2315 2332 2325
f 591 2331 2330
f 592 2332 2331
f 589 2330 2332
f 2331 2332 2330
f 3 1397 1877
f 361 2333 1397
f 486 1877 2333
f 1397 2333 1877
f 98 2334 1401
f 594 2335 2334
f 361 1401 2335
f 2334 2335 1401
f 131 1881 2337
f 486 2336 1881
f 594 2337 2336
f 1881 2336 2337
f 361 2335 2333
f 594 2336 2335
f 486 2333 2336
f 2335 2336 2333
f 27 2338 1413
f 595 2339 2338
f 365 1413 2339
f 2338 2339 1413
f 155 2340 2342
f 596 2341 2340
f 595 2342 2341
f 2340 2341 2342
f 98 1418 2344
f 365 2343 1418
f 596 2344 2343
f 1418 2343 2344
f 595 2341 2339
f 596 2343 2341
f 365 2339 2343
f 2341 2343 2339
f 38 1886 2346
f 490 2345 1886
f 598 2346 2345
f 1886 2345 2346
f 131 2347 1890
f 597 2348 2347
f 490 1890 2348
f 2347 2348 1890
f 155 2349 2351
f 598 2350 2349
f 597 2351 2350
f 2349 2350 2351
f 490 2348 2345
f 597 2350 2348
f 598 2345 2350
f 2348 2350 2345
f 98 2344 2334
f 596 2352 2344
f 594 2334 2352
f 2344 2352 2334
f 155 2351 2340
f 597 2353 2351
f 596 2340 2353
f 2351 2353 2340
f 131 2337 2347
f 594 2354 2337
f 597 2347 2354
f 2337 2354 2347
f 596 2353 2352
f 597 2354 2353
f 594 2352 2354
f 2353 2354 2352
f 11 1444 1369
f 372 2355 1444
f 352 1369 2355
f 1444 2355 1369
f 100 2356 1447
f 599 2357 2356
f 372 1447 2357
f 2356 2357 1447
f 94 1373 2359
f 352 2358 1373
f 599 2359 2358
f 1373 2358 2359
f 372 2357 2355
f 599 2358 2357
f 352 2355 2358
f 2357 2358 2355
f 30 2360 1457
f 600 2361 2360
f 375 1457 2361
f 2360 2361 1457
f 156 2362 2364
f 601 2363 2362
f 600 2364 2363
f 2362 2363 2364
f 100 1462 2366
f 375 2365 1462
f 601 2366 2365
f 1462 2365 2366
f 600 2363 2361
f 601 2365 2363
f 375 2361 2365
f 2363 2365 2361
f 27 1378 2368
f 356 2367 1378
f 603 2368 2367
f 1378 2367 2368
f 94 2369 1382
f 602 2370 2369
f 356 1382 2370
f 2369 2370 1382
f 156 2371 2373
f 603 2372 2371
f 602 2373 2372
f 2371 2372 2373
f 356 2370 2367
f 602 2372 2370
f 603 2367 2372
f 2370 2372 2367
f 100 2366 2356
f 601 2374 2366
f 599 2356 2374
f 2366 2374 2356
f 156 2373 2362
f 602 2375 2373
f 601 2362 2375
f 2373 2375 2362
f 94 2359 2369
f 599 2376 2359
f 602 2369 2376
f 2359 2376 2369
f 601 2375 2374
f 602 2376 2375
f 599 2374 2376
f 2375 2376 2374
f 38 2346 2316
f 598 2377 2346
f 590 2316 2377
f 2346 2377 2316
f 155 2378 2349
f 604 2379 2378
f 598 2349 2379
f 2378 2379 2349
f 154 2320 2381
f 590 2380 2320
f 604 2381 2380
f 2320 2380 2381
f 598 2379 2377
f 604 2380 2379
f 590 2377 2380
f 2379 2380 2377
f 27 2368 2338
f 603 2382 2368
f 595 2338 2382
f 2368 2382 2338
f 156 2383 2371
f 605 2384 2383
f 603 2371 2384
f 2383 2384 2371
f 155 2342 2386
f 595 2385 2342
f 605 2386 2385
f 2342 2385 2386
f 603 2384 2382
f 605 2385 2384
f 595 2382 2385
f 2384 2385 2382
f 30 2324 2360
f 593 2387 2324
f 600 2360 2387
f 2324 2387 2360
f 154 2388 2327
f 606 2389 2388
f 593 2327 2389
f 2388 2389 2327
f 156 2364 2391
f 600 2390 2364
f 606 2391 2390
f 2364 2390 2391
f 593 2389 2387
f 606 2390 2389
f 600 2387 2390
f 2389 2390 2387
f 155 2386 2378
f 605 2392 2386
f 604 2378 2392
f 2386 2392 2378
f 156 2391 2383
f 606 2393 2391
f 605 2383 2393
f 2391 2393 2383
f 154 2381 2388
f 604 2394 2381
f 606 2388 2394
f 2381 2394 2388
f 605 2393 2392
f 606 2394 2393
f 604 2392 2394
f 2393 2394 2392
f 9 2005 1595
f 521 2395 2005
f 411 1595 2395
f 2005 2395 1595
f 142 2396 2009
f 607 2397 2396
f 521 2009 2397
f 2396 2397 2009
f 110 1600 2399
f 411 2398 1600
f 607 2399 2398
f 1600 2398 2399
f 521 2397 2395
f 607 2398 2397
f 411 2395 2398
f 2397 2398 2395
f 40 2400 2021
f 608 2401 2400
f 525 2021 2401
f 2400 2401 2021
f 157 2402 2404
f 609 2403 2402
f 608 2404 2403
f 2402 2403 2404
f 142 2026 2406
f 525 2405 2026
f 609 2406 2405
f 2026 2405 2406
f 608 2403 2401
f 609 2405 2403
f 525 2401 2405
f 2403 2405 2401
f 32 1606 2408
f 416 2407 1606
f 611 2408 2407
f 1606 2407 2408
f 110 2409 1610
f 610 2410 2409
f 416 1610 2410
f 2409 2410 1610
f 157 2411 2413
f 611 2412 2411
f 610 2413 2412
f 2411 2412 2413
f 416 2410 2407
f 610 2412 2410
f 611 2407 2412
f 2410 2412 2407
f 142 2406 2396
f 609 2414 2406
f 607 2396 2414
f 2406 2414 2396
f 157 2413 2402
f 610 2415 2413
f 609 2402 2415
f 2413 2415 2402
f 110 2399 2409
f 607 2416 2399
f 610 2409 2416
f 2399 2416 2409
f 609 2415 2414
f 610 2416 2415
f 607 2414 2416
f 2415 2416 2414
f 7 1497 1977
f 387 2417 1497
f 512 1977 2417
f 1497 2417 1977
f 105 2418 1501
f 612 2419 2418
f 387 1501 2419
f 2418 2419 1501
f 138 1981 2421
f 512 2420 1981
f 612 2421 2420
f 1981 2420 2421
f 387 2419 2417
f 612 2420 2419
f 512 2417 2420
f 2419 2420 2417
f 29 2422 1513
f 613 2423 2422
f 391 1513 2423
f 2422 2423 1513
f 158 2424 2426
f 614 2425 2424
f 613 2426 2425
f 2424 2425 2426
f 105 1518 2428
f 391 2427 1518
f 614 2428 2427
f 1518 2427 2428
f 613 2425 2423
f 614 2427 2425
f 391 2423 2427
f 2425 2427 2423
f 40 1986 2430
f 516 2429 1986
f 616 2430 2429
f 1986 2429 2430
f 138 2431 1990
f 615 2432 2431
f 516 1990 2432
f 2431 2432 1990
f 158 2433 2435
f 616 2434 2433
f 615 2435 2434
f 2433 2434 2435
f 516 2432 2429
f 615 2434 2432
f 616 2429 2434
f 2432 2434 2429
f 105 2428 2418
f 614 2436 2428
f 612 2418 2436
f 2428 2436 2418
f 158 2435 2424
f 615 2437 2435
f 614 2424 2437
f 2435 2437 2424
f 138 2421 2431
f 612 2438 2421
f 615 2431 2438
f 2421 2438 2431
f 614 2437 2436
f 615 2438 2437
f 612 2436 2438
f 2437 2438 2436
f 8 1544 1469
f 398 2439 1544
f 378 1469 2439
f 1544 2439 1469
f 107 2440 1547
f 617 2441 2440
f 398 1547 2441
f 2440 2441 1547
f 101 1473 2443
f 378 2442 1473
f 617 2443 2442
f 1473 2442 2443
f 398 2441 2439
f 617 2442 2441
f 378 2439 2442
f 2441 2442 2439
f 32 2444 1557
f 618 2445 2444
f 401 1557 2445
f 2444 2445 1557
f 159 2446 2448
f 619 2447 2446
f 618 2448 2447
f 2446 2447 2448
f 107 1562 2450
f 401 2449 1562
f 619 2450 2449
f 1562 2449 2450
f 618 2447 2445
f 619 2449 2447
f 401 2445 2449
f 2447 2449 2445
f 29 1478 2452
f 382 2451 1478
f 621 2452 2451
f 1478 2451 2452
f 101 2453 1482
f 620 2454 2453
f 382 1482 2454
f 2453 2454 1482
f 159 2455 2457
f 621 2456 2455
f 620 2457 2456
f 2455 2456 2457
f 382 2454 2451
f 620 2456 2454
f 621 2451 2456
f 2454 2456 2451
f 107 2450 2440
f 619 2458 2450
f 617 2440 2458
f 2450 2458 2440
f 159 2457 2446
f 620 2459 2457
f 619 2446 2459
f 2457 2459 2446
f 101 2443 2453
f 617 2460 2443
f 620 2453 2460
f 2443 2460 2453
f 619 2459 2458
f 620 2460 2459
f 617 2458 2460
f 2459 2460 2458
f 40 2430 2400
f 616 2461 2430
f 608 2400 2461
f 2430 2461 2400
f 158 2462 2433
f 622 2463 2462
f 616 2433 2463
f 2462 2463 2433
f 157 2404 2465
f 608 2464 2404
f 622 2465 2464
f 2404 2464 2465
f 616 2463 2461
f 622 2464 2463
f 608 2461 2464
f 2463 2464 2461
f 29 2452 2422
f 621 2466 2452
f 613 2422 2466
f 2452 2466 2422
f 159 2467 2455
f 623 2468 2467
f 621 2455 2468
f 2467 2468 2455
f 158 2426 2470
f 613 2469 2426
f 623 2470 2469
f 2426 2469 2470
f 621 2468 2466
f 623 2469 2468
f 613 2466 2469
f 2468 2469 2466
f 32 2408 2444
f 611 2471 2408
f 618 2444 2471
f 2408 2471 2444
f 157 2472 2411
f 624 2473 2472
f 611 2411 2473
f 2472 2473 2411
f 159 2448 2475
f 618 2474 2448
f 624 2475 2474
f 2448 2474 2475
f 611 2473 2471
f 624 2474 2473
f 618 2471 2474
f 2473 2474 2471
f 158 2470 2462
f 623 2476 2470
f 622 2462 2476
f 2470 2476 2462
f 159 2475 2467
f 624 2477 2475
f 623 2467 2477
f 2475 2477 2467
f 157 2465 2472
f 622 2478 2465
f 624 2472 2478
f 2465 2478 2472
f 623 2477 2476
f 624 2478 2477
f 622 2476 2478
f 2477 2478 2476
f 10 2100 1195
f 544 2479 2100
f 307 1195 2479
f 2100 2479 1195
f 147 2480 2103
f 625 2481 2480
f 544 2103 2481
f 2480 2481 2103
f 82 1200 2483
f 307 2482 1200
f 625 2483 2482
f 1200 2482 2483
f 544 2481 2479
f 625 2482 2481
f 307 2479 2482
f 2481 2482 2479
f 42 2484 2113
f 626 2485 2484
f 547 2113 2485
f 2484 2485 2113
f 160 2486 2488
f 627 2487 2486
f 626 2488 2487
f 2486 2487 2488
f 147 2118 2490
f 547 2489 2118
f 627 2490 2489
f 2118 2489 2490
f 626 2487 2485
f 627 2489 2487
f 547 2485 2489
f 2487 2489 2485
f 24 1206 2492
f 312 2491 1206
f 629 2492 2491
f 1206 2491 2492
f 82 2493 1210
f 628 2494 2493
f 312 1210 2494
f 2493 2494 1210
f 160 2495 2497
f 629 2496 2495
f 628 2497 2496
f 2495 2496 2497
f 312 2494 2491
f 628 2496 2494
f 629 2491 2496
f 2494 2496 2491
f 147 2490 2480
f 627 2498 2490
f 625 2480 2498
f 2490 2498 2480
f 160 2497 2486
f 628 2499 2497
f 627 2486 2499
f 2497 2499 2486
f 82 2483 2493
f 625 2500 2483
f 628 2493 2500
f 2483 2500 2493
f 627 2499 2498
f 628 2500 2499
f 625 2498 2500
f 2499 2500 2498
f 9 1597 2073
f 413 2501 1597
f 536 2073 2501
f 1597 2501 2073
f 112 2502 1601
f 630 2503 2502
f 413 1601 2503
f 2502 2503 1601
f 144 2077 2505
f 536 2504 2077
f 630 2505 2504
f 2077 2504 2505
f 413 2503 2501
f 630 2504 2503
f 536 2501 2504
f 2503 2504 2501
f 31 2506 1613
f 631 2507 2506
f 417 1613 2507
f 2506 2507 1613
f 161 2508 2510
f 632 2509 2508
f 631 2510 2509
f 2508 2509 2510
f 112 1618 2512
f 417 2511 1618
f 632 2512 2511
f 1618 2511 2512
f 631 2509 2507
f 632 2511 2509
f 417 2507 2511
f 2509 2511 2507
f 42 2082 2514
f 540 2513 2082
f 634 2514 2513
f 2082 2513 2514
f 144 2515 2086
f 633 2516 2515
f 540 2086 2516
f 2515 2516 2086
f 161 2517 2519
f 634 2518 2517
f 633 2519 2518
f 2517 2518 2519
f 540 2516 2513
f 633 2518 2516
f 634 2513 2518
f 2516 2518 2513
f 112 2512 2502
f 632 2520 2512
f 630 2502 2520
f 2512 2520 2502
f 161 2519 2508
f 633 2521 2519
f 632 2508 2521
f 2519 2521 2508
f 144 2505 2515
f 630 2522 2505
f 633 2515 2522
f 2505 2522 2515
f 632 2521 2520
f 633 2522 2521
f 630 2520 2522
f 2521 2522 2520
f 2 1144 1569
f 294 2523 1144
f 404 1569 2523
f 1144 2523 1569
f 79 2524 1147
f 635 2525 2524
f 294 1147 2525
f 2524 2525 1147
f 108 1573 2527
f 404 2526 1573
f 635 2527 2526
f 1573 2526 2527
f 294 2525 2523
f 635 2526 2525
f 404 2523 2526
f 2525 2526 2523
f 24 2528 1157
f 636 2529 2528
f 297 1157 2529
f 2528 2529 1157
f 162 2530 2532
f 637 2531 2530
f 636 2532 2531
f 2530 2531 2532
f 79 1162 2534
f 297 2533 1162
f 637 2534 2533
f 1162 2533 2534
f 636 2531 2529
f 637 2533 2531
f 297 2529 2533
f 2531 2533 2529
f 31 1578 2536
f 408 2535 1578
f 639 2536 2535
f 1578 2535 2536
f 108 2537 1582
f 638 2538 2537
f 408 1582 2538
f 2537 2538 1582
f 162 2539 2541
f 639 2540 2539
f 638 2541 2540
f 2539 2540 2541
f 408 2538 2535
f 638 2540 2538
f 639 2535 2540
f 2538 2540 2535
f 79 2534 2524
f 637 2542 2534
f 635 2524 2542
f 2534 2542 2524
f 162 2541 2530
f 638 2543 2541
f 637 2530 2543
f 2541 2543 2530
f 108 2527 2537
f 635 2544 2527
f 638 2537 2544
f 2527 2544 2537
f 637 2543 2542
f 638 2544 2543
f 635 2542 2544
f 2543 2544 2542
f 42 2514 2484
f 634 2545 2514
f 626 2484 2545
f 2514 2545 2484
f 161 2546 2517
f 640 2547 2546
f 634 2517 2547
f 2546 2547 2517
f 160 2488 2549
f 626 2548 2488
f 640 2549 2548
f 2488 2548 2549
f 634 2547 2545
f 640 2548 2547
f 626 2545 2548
f 2547 2548 2545
f 31 2536 2506
f 639 2550 2536
f 631 2506 2550
f 2536 2550 2506
f 162 2551 2539
f 641 2552 2551
f 639 2539 2552
f 2551 2552 2539
f 161 2510 2554
f 631 2553 2510
f 641 2554 2553
f 2510 2553 2554
f 639 2552 2550
f 641 2553 2552
f 631 2550 2553
f 2552 2553 2550
f 24 2492 2528
f 629 2555 2492
f 636 2528 2555
f 2492 2555 2528
f 160 2556 2495
f 642 2557 2556
f 629 2495 2557
f 2556 2557 2495
f 162 2532 2559
f 636 2558 2532
f 642 2559 2558
f 2532 2558 2559
f 629 2557 2555
f 642 2558 2557
f 636 2555 2558
f 2557 2558 2555
f 161 2554 2546
f 641 2560 2554
f 640 2546 2560
f 2554 2560 2546
f 162 2559 2551
f 642 2561 2559
f 641 2551 2561
f 2559 2561 2551
f 160 2549 2556
f 640 2562 2549
f 642 2556 2562
f 2549 2562 2556
f 641 2561 2560
f 642 2562 2561
f 640 2560 2562
f 2561 2562 2560
