# regolith_gen synthetic particle
# verts: 2562  tris: 5120
v -0.581237 0.850893 0.000000
v 0.556948 0.815336 0.000000
v -0.538645 -0.788541 0.000000
v 0.546304 -0.799753 0.000000
v 0.000000 -0.517672 0.881696
v 0.000000 0.478887 0.815637
v 0.000000 -0.473586 -0.806609
v 0.000000 0.502087 -0.855152
v 0.958747 0.000000 -0.564322
v 0.985183 0.000000 0.579883
v -0.890684 0.000000 -0.524260
v -0.879372 0.000000 0.517602
v -0.852946 0.476945 0.310282
v -0.539550 0.301702 0.831439
v -0.312177 0.739452 0.481059
v 0.312856 0.741060 0.482106
v 0.000000 0.949363 0.000000
v 0.315410 0.747111 -0.486042
v -0.328814 0.778860 -0.506697
v -0.511068 0.285776 -0.787549
v -0.790780 0.442183 -0.287668
v -1.106367 0.000000 0.000000
v 0.579591 0.324092 0.893141
v 0.953078 0.532936 0.346708
v -0.552444 -0.308912 0.851307
v 0.000000 0.000000 1.023027
v -0.924387 -0.516893 -0.336271
v -0.800336 -0.447527 0.291144
v 0.000000 0.000000 -0.920789
v -0.536513 -0.300004 -0.826758
v 0.871857 0.487519 -0.317162
v 0.546606 0.305648 -0.842312
v 0.810540 -0.453232 0.294856
v 0.515814 -0.288430 0.794862
v 0.304218 -0.720601 0.468796
v -0.343284 -0.813136 0.528996
v 0.000000 -0.920212 0.000000
v -0.340990 -0.807702 -0.525460
v 0.318335 -0.754040 -0.490550
v 0.543082 -0.303677 -0.836881
v 0.891185 -0.498327 -0.324193
v 0.995944 0.000000 0.000000
v -0.721065 0.660165 0.158989
v -0.579072 0.613419 0.399067
v -0.464052 0.834769 0.264723
v -0.717098 0.148440 0.674909
v -0.739384 0.413444 0.601438
v -0.917688 0.250137 0.439582
v -0.163458 0.638788 0.680419
v -0.422352 0.528088 0.650838
v -0.253704 0.383218 0.802026
v -0.168856 0.894357 0.260204
v -0.282825 0.900768 0.000000
v 0.184743 0.721969 0.769022
v 0.000000 0.804178 0.523167
v 0.296919 0.945655 0.000000
v 0.154051 0.815941 0.237390
v 0.429437 0.772502 0.244977
v -0.165451 0.876325 -0.254958
v -0.472059 0.849174 -0.269291
v 0.445013 0.800521 -0.253862
v 0.177541 0.940356 -0.273587
v -0.173447 0.677826 -0.722002
v 0.000000 0.844598 -0.549463
v 0.162118 0.633552 -0.674843
v -0.686969 0.727715 -0.473424
v -0.762938 0.698501 -0.168222
v -0.256778 0.387862 -0.811744
v -0.445326 0.556814 -0.686241
v -0.802132 0.218640 -0.384230
v -0.701894 0.392481 -0.570942
v -0.739961 0.153173 -0.696428
v -0.922845 0.516031 0.000000
v -0.981802 0.000000 -0.265628
v -1.018418 0.254676 -0.165683
v -0.992377 0.248164 0.161446
v -0.988055 0.000000 0.267320
v 0.627500 0.664720 0.432441
v 0.705518 0.645931 0.155561
v 0.280725 0.424034 0.887448
v 0.451878 0.565006 0.696338
v 0.891334 0.242954 0.426958
v 0.705956 0.394752 0.574246
v 0.787774 0.163070 0.741427
v -0.287378 0.160694 0.990232
v 0.000000 0.243350 0.901714
v -0.715208 -0.148049 0.673131
v -0.561396 0.000000 0.865102
v 0.000000 -0.274166 1.015898
v -0.303541 -0.169732 1.045926
v -0.281989 -0.425944 0.891445
v -1.016379 -0.254166 0.165351
v -0.877521 -0.239189 0.420342
v -0.945269 -0.257655 -0.452794
v -1.019189 -0.254869 -0.165808
v -0.664171 -0.608077 0.146445
v -0.856592 -0.478984 0.000000
v -0.775069 -0.709608 -0.170897
v -0.551167 0.000000 -0.849340
v -0.714203 -0.147841 -0.672185
v 0.000000 0.254937 -0.944649
v -0.276954 0.154865 -0.954312
v -0.270369 -0.408391 -0.854710
v -0.273885 -0.153149 -0.943738
v 0.000000 -0.244544 -0.906137
v 0.423976 0.530119 -0.653341
v 0.267918 0.404690 -0.846963
v 0.714339 0.654007 -0.157506
v 0.553528 0.586360 -0.381463
v 0.746163 0.154457 -0.702265
v 0.702756 0.392962 -0.571643
v 0.941231 0.256554 -0.450859
v 0.685964 -0.628029 0.151250
v 0.598382 -0.633875 0.412375
v 0.417910 -0.751767 0.238401
v 0.751747 -0.155613 0.707520
v 0.745392 -0.416803 0.606324
v 0.937309 -0.255485 0.448981
v 0.159876 -0.624793 0.665512
v 0.441876 -0.552500 0.680925
v 0.263454 -0.397946 0.832849
v 0.177645 -0.940910 0.273749
v 0.276843 -0.881716 0.000000
v -0.167623 -0.655067 0.697760
v 0.000000 -0.798362 0.519384
v -0.295702 -0.941780 0.000000
v -0.170572 -0.903448 0.262849
v -0.449736 -0.809017 0.256556
v 0.170713 -0.904194 -0.263066
v 0.429434 -0.772496 -0.244975
v -0.466101 -0.838456 -0.265892
v -0.191534 -1.014472 -0.295151
v 0.167251 -0.653612 -0.696210
v 0.000000 -0.832690 -0.541717
v -0.176986 -0.691657 -0.736735
v 0.641852 -0.679923 -0.442332
v 0.732491 -0.670626 -0.161509
v 0.259457 -0.391909 -0.820214
v 0.435632 -0.544693 -0.671303
v 0.865662 -0.235956 -0.414661
v 0.741458 -0.414604 -0.603124
v 0.790900 -0.163717 -0.744369
v 0.923990 -0.516671 0.000000
v 1.052644 0.000000 -0.284794
v 0.930270 -0.232633 -0.151342
v 0.998863 -0.249786 0.162501
v 1.060391 0.000000 0.286890
v 0.277410 -0.155121 0.955886
v 0.590284 0.000000 0.909618
v 0.262833 0.146969 0.905657
v -0.600991 -0.636638 0.414173
v -0.447867 -0.559990 0.690156
v -0.744207 -0.416141 0.605361
v -0.449869 -0.562493 -0.693241
v -0.657505 -0.696504 -0.453119
v -0.709540 -0.396756 -0.577162
v 0.566944 0.000000 -0.873651
v 0.267321 -0.149479 -0.921120
v 0.270279 0.151133 -0.931312
v 0.928554 0.232204 0.151063
v 1.072326 0.268157 -0.174452
v 0.936786 0.523826 0.000000
v -0.621989 0.716502 0.078021
v -0.564183 0.708285 0.200369
v -0.507835 0.820344 0.130987
v -0.720428 0.554468 0.360716
v -0.663952 0.651657 0.289111
v -0.793976 0.574596 0.236310
v -0.391755 0.797573 0.381631
v -0.480327 0.659677 0.306806
v -0.439935 0.664520 0.432311
v -0.746861 0.069902 0.558663
v -0.805193 0.195785 0.552659
v -0.876004 0.120225 0.467280
v -0.620597 0.347021 0.694815
v -0.764749 0.291624 0.671400
v -0.645760 0.228270 0.768884
v -0.803065 0.330280 0.339892
v -0.828646 0.331253 0.519900
v -0.798255 0.446363 0.455373
v -0.082365 0.565796 0.758293
v -0.211130 0.512255 0.748197
v -0.126117 0.421323 0.791828
v -0.353508 0.608372 0.544750
v -0.294367 0.582513 0.665166
v -0.239237 0.692626 0.583171
v -0.408904 0.361691 0.856713
v -0.367676 0.496003 0.792539
v -0.516064 0.452522 0.795247
v -0.692572 0.546831 0.523709
v -0.589434 0.485210 0.643268
v -0.500131 0.569906 0.523521
v -0.409277 0.955447 0.143254
v -0.443567 0.910432 0.000000
v -0.258522 0.873178 0.398379
v -0.332961 0.916218 0.277974
v -0.138686 0.900880 0.000000
v -0.248361 0.986547 0.142697
v -0.087585 0.951669 0.134967
v 0.086570 0.594678 0.797002
v 0.000000 0.706206 0.752232
v 0.164652 0.800092 0.520510
v 0.091995 0.800314 0.669712
v 0.261033 0.755730 0.636303
v -0.086902 0.756007 0.632635
v -0.158608 0.770723 0.501403
v 0.442966 0.909199 0.000000
v 0.372280 0.869078 0.130304
v 0.474619 0.766688 0.122419
v 0.081501 0.885567 0.125592
v 0.233782 0.928635 0.134320
v 0.146998 0.954868 0.000000
v 0.368114 0.749440 0.358600
v 0.310721 0.855019 0.259407
v 0.241960 0.817238 0.372857
v -0.085247 0.855362 0.394092
v 0.083268 0.835508 0.384944
v 0.000000 0.921332 0.268053
v -0.362148 0.845425 -0.126758
v -0.544542 0.879640 -0.140454
v -0.081704 0.887774 -0.125905
v -0.219021 0.870000 -0.125839
v -0.407976 0.830595 -0.397432
v -0.294308 0.809855 -0.245704
v -0.247541 0.836087 -0.381457
v 0.508821 0.821937 -0.131241
v 0.388794 0.907630 -0.136085
v 0.251025 0.847856 -0.386826
v 0.304733 0.838542 -0.254407
v 0.378483 0.770552 -0.368702
v 0.235877 0.936957 -0.135524
v 0.088647 0.963211 -0.136603
v -0.081805 0.561944 -0.753131
v 0.000000 0.655608 -0.698336
v 0.084706 0.581877 -0.779845
v -0.171240 0.832105 -0.541336
v -0.088121 0.766612 -0.641510
v -0.249743 0.723042 -0.608781
v 0.242503 0.702081 -0.591132
v 0.083608 0.727357 -0.608661
v 0.165597 0.804682 -0.523496
v 0.000000 0.879370 -0.255844
v 0.089653 0.899580 -0.414464
v -0.088081 0.883803 -0.407195
v -0.634808 0.796948 -0.225451
v -0.673844 0.776237 -0.084526
v -0.509848 0.770124 -0.501013
v -0.572477 0.786235 -0.365666
v -0.772169 0.558815 -0.229820
v -0.709839 0.696695 -0.309093
v -0.723327 0.556698 -0.362167
v -0.132723 0.443391 -0.833301
v -0.217319 0.527269 -0.770127
v -0.472695 0.414493 -0.728416
v -0.351233 0.473821 -0.757095
v -0.376909 0.333390 -0.789678
v -0.308331 0.610147 -0.696721
v -0.399203 0.687012 -0.615166
v -0.878796 0.120608 -0.468770
v -0.802225 0.195063 -0.550622
v -0.792777 0.074200 -0.593009
v -0.761232 0.425661 -0.434252
v -0.765229 0.305901 -0.480111
v -0.823888 0.338844 -0.348705
v -0.647620 0.228927 -0.771099
v -0.720562 0.274774 -0.632607
v -0.619884 0.346623 -0.694017
v -0.572892 0.652819 -0.599685
v -0.609615 0.501823 -0.665292
v -0.717995 0.566904 -0.542933
v -0.759839 0.695664 0.000000
v -0.883205 0.493865 -0.156615
v -0.817897 0.588280 -0.081011
v -0.822490 0.591584 0.081466
v -0.907864 0.507654 0.160988
v -0.962870 0.000000 -0.404226
v -0.939469 0.121071 -0.346767
v -1.048143 0.127767 -0.083120
v -0.993090 0.123465 -0.215427
v -1.036453 0.000000 -0.137487
v -0.911321 0.237648 -0.285372
v -0.896656 0.351623 -0.228753
v -0.963715 0.124196 0.355717
v -0.949809 0.000000 0.398743
v -0.921572 0.361394 0.235109
v -0.919566 0.239798 0.287953
v -1.063686 0.000000 0.141099
v -1.035614 0.128752 0.224651
v -1.115680 0.136000 0.088476
v -0.953429 0.377566 -0.081877
v -0.998338 0.249654 0.000000
v -0.986899 0.390821 0.084751
v 0.593451 0.745028 0.210763
v 0.606141 0.698246 0.076033
v 0.463095 0.699504 0.455070
v 0.541642 0.743887 0.345971
v 0.847645 0.613436 0.252283
v 0.674545 0.662054 0.293724
v 0.808853 0.622523 0.404990
v 0.139655 0.466548 0.876822
v 0.233740 0.567113 0.828322
v 0.495745 0.434705 0.763936
v 0.373959 0.504479 0.806082
v 0.401287 0.354953 0.840754
v 0.325445 0.644012 0.735391
v 0.388149 0.667988 0.598131
v 0.976624 0.134034 0.520953
v 0.873357 0.212359 0.599444
v 0.894786 0.083748 0.669313
v 0.869277 0.486077 0.495888
v 0.835797 0.334111 0.524386
v 0.927679 0.381530 0.392633
v 0.709832 0.250919 0.845173
v 0.784862 0.299294 0.689058
v 0.646994 0.361782 0.724369
v 0.536500 0.611349 0.561591
v 0.596404 0.490948 0.650875
v 0.683228 0.539453 0.516643
v -0.125453 0.308843 0.838821
v 0.000000 0.363554 0.868158
v -0.410797 0.229707 0.902653
v -0.266969 0.275546 0.882149
v 0.000000 0.124168 0.938397
v -0.136841 0.205225 0.948433
v -0.143879 0.080454 1.017058
v -0.782323 -0.073222 0.585189
v -0.642294 0.000000 0.604506
v -0.530645 -0.144639 0.817715
v -0.591968 -0.070068 0.709182
v -0.627087 -0.221669 0.746651
v -0.613430 0.072608 0.734894
v -0.573710 0.156378 0.884078
v 0.000000 -0.420753 1.004750
v -0.145372 -0.357879 0.972003
v -0.149811 -0.500476 0.940587
v -0.153673 -0.085930 1.086286
v -0.154692 -0.231996 1.072155
v 0.000000 -0.140927 1.065052
v -0.397170 -0.351311 0.832127
v -0.285428 -0.294599 0.943145
v -0.406296 -0.227190 0.892763
v -0.456020 0.084998 0.992256
v -0.459538 -0.085654 0.999911
v -0.292182 0.000000 1.006787
v -0.973038 -0.125397 0.359158
v -0.884637 -0.121410 0.471886
v -1.079808 -0.131627 0.085632
v -1.045345 -0.129961 0.226762
v -0.873085 -0.359077 0.369527
v -0.971950 -0.253458 0.304357
v -0.850542 -0.333540 0.216988
v -0.858886 -0.117876 -0.458149
v -1.004407 -0.129440 -0.370737
v -0.969759 -0.380290 -0.247402
v -0.971697 -0.253393 -0.304278
v -0.953091 -0.391982 -0.403389
v -1.061823 -0.132010 -0.230337
v -1.076761 -0.131256 -0.085390
v -0.622171 -0.716712 0.078044
v -0.730010 -0.668355 0.000000
v -0.631638 -0.727618 -0.079232
v -0.807351 -0.451449 0.143164
v -0.785877 -0.565249 0.077840
v -0.752485 -0.544569 0.223961
v -0.855101 -0.618832 -0.254502
v -0.822924 -0.591895 -0.081509
v -0.907685 -0.507553 -0.160956
v -1.008900 -0.252296 0.000000
v -0.920612 -0.364571 -0.079059
v -0.890614 -0.352691 0.076483
v -0.729092 0.000000 -0.686198
v -0.786067 -0.073572 -0.587989
v -0.554344 0.151099 -0.854235
v -0.654113 0.077423 -0.783632
v -0.643689 -0.227538 -0.766419
v -0.629158 -0.074470 -0.753736
v -0.541016 -0.147466 -0.833698
v 0.000000 0.370570 -0.884914
v -0.136709 0.336552 -0.914077
v -0.134617 0.075274 -0.951584
v -0.130315 0.195438 -0.903203
v 0.000000 0.128499 -0.971126
v -0.258936 0.267255 -0.855606
v -0.404049 0.225933 -0.887825
v -0.137370 -0.458916 -0.862480
v -0.132392 -0.325926 -0.885219
v 0.000000 -0.359995 -0.859660
v -0.395177 -0.220973 -0.868331
v -0.274143 -0.282951 -0.905855
v -0.412836 -0.365169 -0.864951
v 0.000000 -0.123538 -0.933630
v -0.125419 -0.188095 -0.869269
v -0.132194 -0.073919 -0.934456
v -0.437402 0.081528 -0.951744
v -0.296347 0.000000 -1.021137
v -0.444968 -0.082938 -0.968209
v 0.216020 0.524118 -0.765524
v 0.131252 0.438475 -0.824064
v 0.355178 0.611247 -0.547324
v 0.290164 0.574197 -0.655670
v 0.388463 0.343610 -0.813885
v 0.350454 0.472769 -0.755415
v 0.472404 0.414238 -0.727968
v 0.624986 0.719956 -0.078397
v 0.582266 0.730986 -0.206791
v 0.696295 0.535894 -0.348632
v 0.636233 0.624452 -0.277042
v 0.821867 0.594780 -0.244611
v 0.493065 0.677171 -0.314942
v 0.418186 0.631669 -0.410940
v 0.905786 0.084777 -0.677541
v 0.883876 0.214917 -0.606665
v 0.950040 0.130386 -0.506773
v 0.636695 0.356023 -0.712838
v 0.775309 0.295651 -0.680671
v 0.656771 0.232162 -0.781995
v 0.903707 0.371671 -0.382487
v 0.857968 0.342974 -0.538297
v 0.776602 0.434255 -0.443020
v 0.497885 0.567347 -0.521170
v 0.636087 0.502232 -0.480996
v 0.568898 0.468306 -0.620857
v 0.629745 -0.725438 0.078994
v 0.558099 -0.700647 0.198208
v 0.500023 -0.807725 0.128972
v 0.724265 -0.557421 0.362637
v 0.607614 -0.596362 0.264580
v 0.764857 -0.553523 0.227643
v 0.368284 -0.749788 0.358767
v 0.485613 -0.666937 0.310182
v 0.456555 -0.689625 0.448644
v 0.883929 -0.082731 0.661191
v 0.855539 -0.208027 0.587215
v 0.981138 -0.134654 0.523361
v 0.639261 -0.357458 0.715711
v 0.770958 -0.293991 0.676851
v 0.628890 -0.222306 0.748798
v 0.846070 -0.347967 0.358093
v 0.836086 -0.334227 0.524568
v 0.787342 -0.440261 0.449147
v 0.080148 -0.550567 0.737882
v 0.201469 -0.488815 0.713961
v 0.133341 -0.445457 0.837185
v 0.388758 -0.669037 0.599071
v 0.301904 -0.597429 0.682198
v 0.231753 -0.670958 0.564928
v 0.393062 -0.347678 0.823521
v 0.338773 -0.457012 0.730237
v 0.486185 -0.426322 0.749204
v 0.685235 -0.541038 0.518161
v 0.624651 -0.514200 0.681701
v 0.533437 -0.607859 0.558385
v 0.364942 -0.851948 0.127736
v 0.411632 -0.844885 0.000000
v 0.233165 -0.787532 0.359304
v 0.313689 -0.863187 0.261885
v 0.143911 -0.934818 0.000000
v 0.225662 -0.896381 0.129655
v 0.084718 -0.920521 0.130549
v -0.084671 -0.581635 0.779521
v 0.000000 -0.653720 0.696325
v -0.171856 -0.835096 0.543282
v -0.088177 -0.767100 0.641918
v -0.263235 -0.762105 0.641670
v 0.080615 -0.701316 0.586869
v 0.157816 -0.766875 0.498900
v -0.413582 -0.848888 0.000000
v -0.390146 -0.910785 0.136557
v -0.507200 -0.819318 0.130823
v -0.085525 -0.929290 0.131793
v -0.240638 -0.955870 0.138260
v -0.151910 -0.986779 0.000000
v -0.411516 -0.837804 0.400882
v -0.328941 -0.905155 0.274617
v -0.263561 -0.890196 0.406143
v 0.087305 -0.876016 0.403607
v -0.089788 -0.900931 0.415087
v 0.000000 -0.936166 0.272368
v 0.375301 -0.876130 -0.131362
v 0.484617 -0.782838 -0.124998
v 0.085229 -0.926073 -0.131337
v 0.225621 -0.896216 -0.129631
v 0.386385 -0.786639 -0.376399
v 0.309313 -0.851145 -0.258231
v 0.250291 -0.845376 -0.385695
v -0.504403 -0.814801 -0.130102
v -0.381385 -0.890334 -0.133491
v -0.290392 -0.980819 -0.447489
v -0.344828 -0.948873 -0.287881
v -0.406902 -0.828410 -0.396387
v -0.242024 -0.961375 -0.139056
v -0.090218 -0.980282 -0.139024
v 0.086433 -0.593735 -0.795737
v 0.000000 -0.693370 -0.738559
v -0.090284 -0.620193 -0.831197
v 0.175237 -0.851526 -0.553971
v 0.089326 -0.777097 -0.650283
v 0.253814 -0.734828 -0.618704
v -0.253303 -0.733349 -0.617458
v -0.085175 -0.740987 -0.620066
v -0.172279 -0.837153 -0.544620
v 0.000000 -0.928238 -0.270062
v -0.090861 -0.911701 -0.420049
v 0.088984 -0.892866 -0.411371
v 0.554484 -0.696109 -0.196924
v 0.626978 -0.722250 -0.078647
v 0.469455 -0.709111 -0.461321
v 0.549337 -0.754455 -0.350886
v 0.840911 -0.608563 -0.250279
v 0.708077 -0.694965 -0.308325
v 0.804479 -0.619156 -0.402800
v 0.130454 -0.435810 -0.819054
v 0.215278 -0.522319 -0.762897
v 0.498986 -0.437547 -0.768930
v 0.366173 -0.493975 -0.789298
v 0.421042 -0.372428 -0.882144
v 0.299997 -0.593655 -0.677889
v 0.377609 -0.649850 -0.581890
v 0.921263 -0.126437 -0.491423
v 0.862468 -0.209712 -0.591970
v 0.889423 -0.083246 -0.665301
v 0.823276 -0.460354 -0.469646
v 0.860632 -0.344039 -0.539968
v 0.914609 -0.376155 -0.387102
v 0.651082 -0.230151 -0.775221
v 0.768741 -0.293146 -0.674905
v 0.641708 -0.358826 -0.718450
v 0.532122 -0.606361 -0.557009
v 0.563229 -0.463638 -0.614669
v 0.714962 -0.564510 -0.540640
v 0.712224 -0.652071 0.000000
v 0.928595 -0.519246 -0.164664
v 0.870236 -0.625925 -0.086195
v 0.799326 -0.574923 0.079172
v 0.880493 -0.492349 0.156134
v 0.979416 0.000000 -0.411173
v 0.954850 -0.123053 -0.352445
v 1.024336 -0.124865 -0.081232
v 0.986694 -0.122670 -0.214039
v 1.072228 0.000000 -0.142233
v 0.902044 -0.235229 -0.282467
v 0.896747 -0.351659 -0.228776
v 1.015319 -0.130846 0.374765
v 1.059394 0.000000 0.444748
v 0.955371 -0.374648 0.243732
v 0.981241 -0.255881 0.307266
v 1.038583 0.000000 0.137769
v 1.031135 -0.128195 0.223680
v 1.028775 -0.125406 0.081584
v 0.936516 -0.370869 -0.080424
v 1.024740 -0.256257 0.000000
v 1.015797 -0.402265 0.087233
v 0.145607 -0.358459 0.973576
v 0.414115 -0.231562 0.909945
v 0.274748 -0.283576 0.907855
v 0.147202 -0.220764 1.020245
v 0.145213 -0.081199 1.026481
v 0.816420 0.000000 0.768388
v 0.560279 0.152717 0.863381
v 0.707652 0.083760 0.847772
v 0.665214 -0.078737 0.796932
v 0.564104 -0.153760 0.869276
v 0.134952 0.332229 0.902335
v 0.136701 0.076440 0.966316
v 0.132454 0.198646 0.918030
v 0.263817 0.272293 0.871736
v 0.383998 0.214722 0.843767
v 0.404217 -0.075342 0.879537
v 0.414893 0.077332 0.902768
v 0.280469 0.000000 0.966424
v -0.580917 -0.729292 0.206311
v -0.505772 -0.763967 0.497008
v -0.557024 -0.765012 0.355795
v -0.668834 -0.656449 0.291237
v -0.712653 -0.548484 0.356823
v -0.228206 -0.553684 0.808708
v -0.491143 -0.430670 0.756844
v -0.352464 -0.475480 0.759748
v -0.304297 -0.602163 0.687604
v -0.414849 -0.713939 0.639277
v -0.814262 -0.197990 0.558884
v -0.790613 -0.442090 0.451013
v -0.800752 -0.320102 0.502399
v -0.723085 -0.275736 0.634822
v -0.642354 -0.359188 0.719174
v -0.570737 -0.650364 0.597430
v -0.613865 -0.505321 0.669930
v -0.690692 -0.545346 0.522287
v -0.217532 -0.527788 -0.770885
v -0.389720 -0.670692 -0.600552
v -0.298796 -0.591278 -0.675175
v -0.358300 -0.483354 -0.772329
v -0.492505 -0.431864 -0.758943
v -0.597243 -0.749789 -0.212110
v -0.796703 -0.613171 -0.398906
v -0.692886 -0.680055 -0.301710
v -0.561624 -0.771330 -0.358734
v -0.480930 -0.726442 -0.472596
v -0.857627 -0.208534 -0.588648
v -0.649043 -0.362928 -0.726663
v -0.748348 -0.285369 -0.657001
v -0.890884 -0.356132 -0.558948
v -0.817720 -0.457248 -0.466477
v -0.554826 -0.632233 -0.580774
v -0.704703 -0.556410 -0.532882
v -0.599760 -0.493710 -0.654537
v 0.825678 0.000000 -0.777102
v 0.569494 -0.155229 -0.877581
v 0.679912 -0.080477 -0.814540
v 0.673336 0.079699 -0.806661
v 0.560822 0.152865 -0.864219
v 0.126872 -0.312337 -0.848310
v 0.136408 -0.076276 -0.964246
v 0.126586 -0.189845 -0.877356
v 0.276892 -0.285788 -0.914938
v 0.412847 -0.230853 -0.907157
v 0.128227 0.315671 -0.857365
v 0.414196 0.231607 -0.910121
v 0.276081 0.284952 -0.912261
v 0.133286 0.199893 -0.923792
v 0.138198 0.077277 -0.976900
v 0.444190 -0.082793 -0.966515
v 0.296462 0.000000 -1.021535
v 0.427303 0.079645 -0.929770
v 1.037221 0.133669 0.382849
v 1.034419 0.126094 0.082032
v 1.006553 0.125138 0.218347
v 0.958160 0.249863 0.300039
v 0.917766 0.359902 0.234138
v 0.984786 0.126911 -0.363494
v 0.976734 0.383025 -0.249182
v 1.000502 0.260904 -0.313298
v 1.058534 0.131601 -0.229623
v 1.082202 0.131919 -0.085821
v 0.735824 0.673677 0.000000
v 0.949422 0.530892 0.168357
v 0.860710 0.619074 0.085252
v 0.841414 0.605194 -0.083341
v 0.985015 0.550794 -0.174669
v 1.093595 0.273475 0.000000
v 0.996433 0.394597 -0.085570
v 0.952474 0.377188 0.081795
v -0.620429 0.803863 0.041978
v -0.580826 0.787618 0.106747
v -0.535830 0.823335 0.066279
v -0.636948 0.680910 0.179173
v -0.611704 0.735116 0.144361
v -0.667972 0.685802 0.117430
v -0.495980 0.844194 0.201166
v -0.528730 0.751112 0.164190
v -0.519215 0.773635 0.232656
v -0.819769 0.538860 0.350562
v -0.791152 0.590086 0.312973
v -0.844141 0.539230 0.280057
v -0.601021 0.612152 0.334271
v -0.701820 0.611209 0.329509
v -0.660831 0.595493 0.387405
v -0.758579 0.618495 0.197825
v -0.724894 0.610644 0.261747
v -0.695272 0.658682 0.225443
v -0.350844 0.767028 0.431615
v -0.406838 0.711225 0.398221
v -0.376485 0.699534 0.455090
v -0.475121 0.744856 0.288663
v -0.442666 0.731374 0.345235
v -0.415056 0.792243 0.314456
v -0.497836 0.625248 0.406763
v -0.453012 0.651229 0.362271
v -0.516859 0.623413 0.344012
v -0.622570 0.690984 0.247660
v -0.564322 0.651976 0.296620
v -0.521413 0.683789 0.255366
v -0.829536 0.037233 0.551684
v -0.809350 0.094283 0.514295
v -0.875137 0.060553 0.490762
v -0.763983 0.172792 0.615805
v -0.782520 0.132083 0.561082
v -0.742228 0.109239 0.622933
v -0.887632 0.181804 0.449366
v -0.815303 0.153186 0.494531
v -0.869840 0.224841 0.503032
v -0.605075 0.338342 0.793176
v -0.660571 0.301140 0.763147
v -0.592309 0.264410 0.798977
v -0.740294 0.347457 0.626297
v -0.702403 0.325478 0.694972
v -0.695066 0.388662 0.664636
v -0.709704 0.195110 0.750044
v -0.720370 0.265403 0.736863
v -0.776488 0.228430 0.706251
v -0.832704 0.402748 0.328200
v -0.844781 0.406555 0.416393
v -0.832283 0.465391 0.385971
v -0.874809 0.291401 0.480829
v -0.847268 0.343760 0.441878
v -0.842396 0.287393 0.380286
v -0.768186 0.429549 0.527042
v -0.801238 0.383106 0.480267
v -0.774484 0.367340 0.553290
v -0.797769 0.245767 0.619359
v -0.793043 0.310115 0.591476
v -0.809531 0.259856 0.531911
v -0.040395 0.514447 0.775484
v -0.105593 0.495075 0.781057
v -0.065508 0.456344 0.815801
v -0.187318 0.573794 0.713648
v -0.149050 0.544215 0.760899
v -0.121496 0.595503 0.711323
v -0.183948 0.390795 0.773871
v -0.173455 0.481303 0.795484
v -0.231632 0.445428 0.772162
v -0.313718 0.632136 0.483434
v -0.293068 0.638360 0.553941
v -0.275251 0.714895 0.531304
v -0.372252 0.576731 0.683415
v -0.331744 0.608846 0.616898
v -0.402475 0.591574 0.620208
v -0.206524 0.682395 0.647311
v -0.260211 0.620960 0.608582
v -0.221986 0.589915 0.650207
v -0.484171 0.339127 0.862584
v -0.462917 0.407517 0.828845
v -0.543797 0.387643 0.837983
v -0.309802 0.439382 0.801405
v -0.379845 0.419674 0.806709
v -0.332847 0.378562 0.840679
v -0.478378 0.504500 0.737174
v -0.438782 0.472792 0.790745
v -0.405390 0.524827 0.736482
v -0.268078 0.580682 0.749826
v -0.341287 0.559489 0.752035
v -0.284375 0.500329 0.763375
v -0.784667 0.518472 0.421200
v -0.721486 0.483957 0.566870
v -0.763123 0.507657 0.500576
v -0.713919 0.556254 0.444576
v -0.627070 0.575660 0.454162
v -0.593484 0.414410 0.773952
v -0.514250 0.517736 0.660602
v -0.553921 0.469467 0.717491
v -0.620944 0.426563 0.686709
v -0.679909 0.461056 0.638183
v -0.385400 0.618662 0.475593
v -0.553742 0.607292 0.473935
v -0.461053 0.605649 0.468747
v -0.411012 0.568725 0.515547
v -0.464700 0.552869 0.590493
v -0.660858 0.532143 0.602942
v -0.535816 0.521821 0.573378
v -0.612940 0.578890 0.542323
v -0.492103 0.892668 0.069261
v -0.508913 0.875059 0.000000
v -0.442160 0.902490 0.208154
v -0.467134 0.897398 0.138775
v -0.361648 0.907684 0.000000
v -0.431992 0.943965 0.071123
v -0.351403 0.949657 0.069772
v -0.290387 0.815509 0.447482
v -0.328106 0.839189 0.391955
v -0.241417 0.879552 0.261271
v -0.295196 0.893967 0.338589
v -0.204974 0.851618 0.315861
v -0.377476 0.888867 0.344297
v -0.419862 0.919224 0.285006
v -0.070432 0.919447 0.000000
v -0.115603 0.939614 0.066536
v -0.044355 0.969916 0.068351
v -0.271632 0.960533 0.069627
v -0.199513 0.986489 0.070467
v -0.212860 0.914365 0.000000
v -0.131834 0.945028 0.203154
v -0.165518 0.967828 0.138609
v -0.209226 0.948758 0.206076
v -0.375282 0.947616 0.214471
v -0.285696 0.933370 0.207118
v -0.337996 0.999725 0.147189
v 0.041750 0.531710 0.801506
v 0.000000 0.591215 0.792360
v 0.091890 0.722933 0.770049
v 0.045360 0.667347 0.796543
v 0.135614 0.664702 0.793982
v -0.043754 0.643733 0.768357
v -0.086354 0.679381 0.723658
v 0.238965 0.766067 0.498374
v 0.215850 0.793452 0.588254
v 0.288809 0.750110 0.557476
v 0.044118 0.802274 0.593413
v 0.132733 0.819080 0.606316
v 0.082022 0.802107 0.521820
v 0.223088 0.737126 0.699229
v 0.179679 0.786123 0.659836
v 0.135210 0.745837 0.704292
v -0.199745 0.734250 0.544363
v -0.230127 0.737733 0.479941
v -0.129801 0.715999 0.676116
v -0.166887 0.730157 0.612861
v -0.080431 0.786552 0.511701
v -0.122511 0.756005 0.559625
v -0.043836 0.797141 0.589617
v 0.045378 0.750431 0.709189
v 0.000000 0.770559 0.644812
v -0.043456 0.718638 0.679142
v 0.506536 0.870972 0.000000
v 0.468474 0.849806 0.065935
v 0.512479 0.787456 0.063391
v 0.337942 0.913280 0.067100
v 0.403167 0.880979 0.066377
v 0.367897 0.923367 0.000000
v 0.461090 0.784809 0.187015
v 0.433854 0.833465 0.128889
v 0.401569 0.819641 0.189045
v 0.042632 0.932230 0.065695
v 0.116117 0.943793 0.066832
v 0.074078 0.967045 0.000000
v 0.196472 0.890922 0.193514
v 0.155189 0.907431 0.129959
v 0.120967 0.867129 0.186408
v 0.222991 0.957884 0.000000
v 0.191073 0.944755 0.067486
v 0.266619 0.942805 0.068342
v 0.331551 0.724848 0.407879
v 0.300420 0.768379 0.358882
v 0.272516 0.765320 0.419942
v 0.371390 0.813102 0.252103
v 0.340656 0.802166 0.310714
v 0.407048 0.776957 0.308389
v 0.190352 0.790867 0.293329
v 0.268572 0.813338 0.308051
v 0.228525 0.832582 0.247319
v 0.300978 0.890232 0.131068
v 0.270881 0.884969 0.196377
v 0.341205 0.861568 0.194996
v -0.209008 0.828554 0.456159
v -0.042433 0.822466 0.454241
v -0.122136 0.811414 0.447661
v -0.170721 0.868061 0.398017
v -0.125366 0.863745 0.323128
v 0.195094 0.773394 0.425791
v 0.118729 0.818018 0.306022
v 0.159310 0.810038 0.371413
v 0.120922 0.803348 0.443211
v 0.041615 0.806615 0.445487
v 0.000000 0.929822 0.131868
v -0.084195 0.897894 0.261234
v -0.044845 0.962789 0.207452
v 0.041645 0.894091 0.192650
v 0.079677 0.849707 0.247214
v 0.000000 0.859326 0.395918
v 0.041578 0.857643 0.320359
v -0.042755 0.881907 0.329422
v -0.500509 0.907917 -0.070444
v -0.567577 0.872116 -0.070206
v -0.325723 0.880258 -0.064674
v -0.407713 0.890912 -0.067125
v -0.491041 0.835787 -0.199163
v -0.449023 0.862606 -0.133395
v -0.410997 0.838883 -0.193484
v -0.043627 0.953994 -0.067229
v -0.110030 0.894322 -0.063329
v -0.192936 0.874891 -0.190032
v -0.149325 0.873147 -0.125049
v -0.127958 0.917244 -0.197182
v -0.183086 0.905265 -0.064665
v -0.246320 0.871027 -0.063139
v -0.369769 0.808403 -0.454897
v -0.320379 0.819427 -0.382725
v -0.296559 0.832841 -0.456992
v -0.371526 0.813399 -0.252195
v -0.355954 0.838189 -0.324668
v -0.436559 0.833286 -0.330747
v -0.210339 0.873910 -0.324130
v -0.274445 0.831123 -0.314787
v -0.238514 0.868977 -0.258130
v -0.289003 0.854814 -0.125854
v -0.257018 0.839679 -0.186328
v -0.330311 0.834060 -0.188771
v 0.529073 0.812952 -0.065443
v 0.471559 0.855401 -0.066369
v 0.423727 0.864866 -0.199476
v 0.437615 0.840690 -0.130006
v 0.478142 0.813832 -0.193931
v 0.429576 0.938685 -0.070725
v 0.346192 0.935575 -0.068738
v 0.281650 0.790971 -0.434018
v 0.317885 0.813048 -0.379745
v 0.347532 0.759787 -0.427540
v 0.255991 0.932649 -0.277044
v 0.287348 0.870199 -0.329587
v 0.228293 0.948502 -0.351796
v 0.399446 0.762447 -0.302630
v 0.352391 0.829797 -0.321417
v 0.376117 0.823451 -0.255311
v 0.120307 0.977852 -0.069243
v 0.043776 0.957248 -0.067458
v 0.263504 0.931792 -0.067544
v 0.191503 0.946882 -0.067638
v 0.130281 0.933897 -0.200761
v 0.162325 0.949158 -0.135935
v 0.206463 0.936226 -0.203354
v 0.353110 0.891630 -0.201800
v 0.271656 0.887501 -0.196939
v 0.315108 0.932027 -0.137222
v -0.042366 0.539550 -0.813324
v 0.000000 0.583760 -0.782370
v 0.043434 0.553146 -0.833820
v -0.083878 0.659900 -0.702908
v -0.042107 0.619495 -0.739427
v -0.125999 0.617577 -0.737690
v 0.126666 0.620845 -0.741595
v 0.041357 0.608466 -0.726263
v 0.082694 0.650582 -0.692982
v -0.244687 0.784408 -0.510306
v -0.207629 0.763233 -0.565851
v -0.289003 0.750615 -0.557851
v -0.043820 0.796858 -0.589408
v -0.130036 0.802437 -0.593996
v -0.085917 0.840195 -0.546599
v -0.209086 0.690860 -0.655341
v -0.168244 0.736094 -0.617844
v -0.134336 0.741019 -0.699742
v 0.278592 0.723573 -0.537754
v 0.210429 0.773526 -0.573482
v 0.243638 0.781048 -0.508120
v 0.119450 0.658902 -0.622200
v 0.163267 0.714318 -0.599567
v 0.193818 0.640412 -0.607487
v 0.084550 0.826829 -0.537904
v 0.125023 0.771503 -0.571097
v 0.044015 0.800401 -0.592028
v -0.043868 0.725452 -0.685582
v 0.000000 0.739258 -0.618619
v 0.041802 0.691288 -0.653295
v 0.000000 0.932137 -0.132197
v 0.086591 0.923447 -0.268668
v 0.043573 0.935476 -0.201567
v -0.042059 0.902975 -0.194564
v -0.082788 0.882891 -0.256868
v 0.214629 0.850838 -0.468427
v 0.044020 0.853233 -0.471233
v 0.128453 0.853379 -0.470813
v 0.176584 0.897872 -0.411686
v 0.134106 0.923963 -0.345656
v -0.216134 0.856802 -0.471711
v -0.127794 0.880479 -0.329388
v -0.177639 0.903234 -0.414144
v -0.132121 0.877745 -0.484256
v -0.045646 0.884747 -0.488639
v 0.044389 0.915622 -0.342016
v 0.000000 0.900678 -0.414970
v -0.041160 0.849012 -0.317135
v -0.633563 0.859131 -0.116439
v -0.636667 0.824902 -0.043077
v -0.544036 0.810618 -0.243778
v -0.584035 0.829678 -0.181365
v -0.742921 0.762753 -0.130607
v -0.655596 0.787863 -0.154719
v -0.699945 0.748255 -0.196894
v -0.422781 0.785555 -0.511053
v -0.462959 0.809334 -0.453153
v -0.615770 0.742716 -0.409846
v -0.536917 0.771847 -0.429369
v -0.599312 0.752695 -0.489675
v -0.487263 0.805056 -0.380016
v -0.517321 0.811013 -0.314302
v -0.772557 0.493502 -0.256308
v -0.743479 0.554529 -0.294114
v -0.738303 0.485310 -0.315724
v -0.753106 0.713472 -0.244195
v -0.783081 0.659660 -0.282757
v -0.786641 0.641375 -0.205143
v -0.738901 0.665844 -0.433173
v -0.735023 0.640125 -0.345098
v -0.697818 0.710742 -0.388106
v -0.590492 0.774379 -0.289197
v -0.642808 0.742653 -0.337874
v -0.683907 0.759062 -0.272060
v -0.065979 0.459620 -0.821657
v -0.105536 0.494809 -0.780637
v -0.237778 0.457245 -0.792648
v -0.173195 0.480582 -0.794293
v -0.194931 0.414129 -0.820079
v -0.146895 0.536346 -0.749896
v -0.202666 0.620808 -0.772120
v -0.494437 0.352457 -0.761921
v -0.419179 0.369014 -0.750533
v -0.454342 0.318234 -0.809441
v -0.393771 0.509785 -0.715374
v -0.408602 0.440272 -0.736355
v -0.464802 0.490183 -0.716254
v -0.316453 0.359915 -0.799271
v -0.357730 0.395240 -0.759742
v -0.307161 0.435636 -0.794573
v -0.321831 0.701011 -0.608307
v -0.376634 0.758911 -0.580387
v -0.249806 0.663846 -0.731695
v -0.281947 0.672830 -0.659419
v -0.415466 0.610667 -0.640226
v -0.361167 0.662845 -0.671611
v -0.375082 0.581117 -0.688612
v -0.287407 0.505665 -0.771515
v -0.330970 0.542576 -0.729302
v -0.278826 0.603963 -0.779888
v -0.893402 0.061817 -0.501005
v -0.860419 0.100232 -0.546746
v -0.886858 0.039806 -0.589806
v -0.802205 0.207358 -0.463918
v -0.823988 0.154818 -0.499799
v -0.822526 0.168469 -0.416406
v -0.760133 0.111874 -0.637961
v -0.786238 0.132710 -0.563748
v -0.780659 0.176564 -0.629247
v -0.760538 0.425273 -0.352699
v -0.786396 0.378457 -0.387615
v -0.842863 0.407661 -0.332204
v -0.748639 0.355081 -0.534827
v -0.769079 0.367730 -0.460991
v -0.737518 0.412401 -0.506001
v -0.827838 0.282427 -0.373714
v -0.797237 0.323461 -0.415786
v -0.769089 0.256185 -0.422721
v -0.568696 0.253869 -0.767125
v -0.639205 0.291400 -0.738464
v -0.571480 0.319556 -0.749137
v -0.731954 0.215329 -0.665745
v -0.700542 0.258098 -0.716581
v -0.702892 0.193237 -0.742845
v -0.671150 0.375289 -0.641767
v -0.679374 0.314807 -0.672187
v -0.734045 0.344524 -0.621010
v -0.771239 0.247564 -0.506751
v -0.767649 0.300186 -0.572537
v -0.769307 0.236999 -0.597262
v -0.462767 0.742855 -0.571065
v -0.498110 0.592619 -0.632948
v -0.483822 0.669474 -0.606876
v -0.550245 0.722812 -0.559427
v -0.663159 0.727290 -0.567582
v -0.568055 0.396653 -0.740790
v -0.656797 0.445384 -0.616490
v -0.625530 0.429714 -0.691782
v -0.559752 0.474410 -0.725045
v -0.532975 0.536588 -0.684657
v -0.767085 0.506854 -0.411762
v -0.714324 0.655761 -0.517357
v -0.749562 0.584026 -0.466772
v -0.740533 0.492630 -0.485758
v -0.694909 0.466130 -0.545988
v -0.615496 0.599419 -0.658643
v -0.655767 0.528044 -0.598297
v -0.684794 0.646752 -0.605898
v -0.659667 0.759906 0.000000
v -0.763542 0.699054 -0.083628
v -0.730947 0.749897 -0.042810
v -0.676509 0.694047 0.039622
v -0.729910 0.668263 0.079944
v -0.831608 0.465014 -0.223528
v -0.824016 0.525096 -0.193158
v -0.876710 0.557376 -0.041543
v -0.853828 0.543251 -0.119225
v -0.905976 0.506598 -0.079829
v -0.824814 0.595058 -0.162445
v -0.793328 0.643901 -0.123926
v -0.887205 0.565362 0.207970
v -0.928868 0.519399 0.249670
v -0.759411 0.616373 0.118628
v -0.815426 0.588286 0.160596
v -0.931749 0.521010 0.082100
v -0.870509 0.553865 0.121554
v -0.887720 0.564376 0.042065
v -0.795730 0.646360 -0.041462
v -0.836291 0.601510 0.000000
v -0.804940 0.653841 0.041942
v -0.911048 0.000000 -0.456555
v -0.947471 0.063186 -0.450067
v -0.959217 0.060575 -0.305844
v -0.943583 0.061107 -0.372087
v -0.991219 0.000000 -0.340303
v -0.918677 0.122109 -0.412064
v -0.870257 0.172523 -0.367392
v -1.118868 0.067772 -0.044090
v -1.072860 0.065299 -0.113738
v -1.106533 0.000000 -0.073039
v -0.997320 0.186194 -0.189514
v -1.025523 0.126240 -0.151125
v -1.050817 0.194163 -0.126315
v -1.017040 0.000000 -0.204013
v -1.025841 0.062985 -0.178774
v -0.973764 0.060671 -0.237284
v -0.855891 0.343599 -0.288348
v -0.874712 0.412544 -0.268385
v -0.872115 0.232415 -0.343245
v -0.857162 0.285376 -0.313661
v -0.924433 0.294704 -0.191723
v -0.904204 0.294358 -0.257277
v -0.952791 0.243268 -0.225345
v -0.984822 0.124626 -0.286902
v -0.979184 0.186761 -0.258261
v -0.946109 0.184050 -0.322858
v -0.927283 0.061840 0.440477
v -0.924522 0.000000 0.463307
v -0.912549 0.180908 0.385246
v -0.907359 0.120605 0.406987
v -0.969415 0.000000 0.332818
v -0.961044 0.062237 0.378973
v -1.025346 0.064751 0.326929
v -0.889446 0.419493 0.272906
v -0.831525 0.333818 0.280139
v -0.930202 0.237501 0.220003
v -0.873951 0.284509 0.248669
v -0.961631 0.306562 0.199438
v -0.827547 0.275517 0.302824
v -0.882352 0.235143 0.347274
v -1.104124 0.000000 0.072880
v -1.093736 0.066570 0.115951
v -1.113826 0.067466 0.043891
v -1.055446 0.065760 0.257188
v -1.046143 0.064231 0.182312
v -1.021458 0.000000 0.204899
v -1.004664 0.185635 0.120767
v -1.059241 0.130390 0.156094
v -0.990017 0.184830 0.188126
v -0.985940 0.191799 0.336450
v -0.968309 0.184687 0.255393
v -1.021911 0.129320 0.297707
v -0.911968 0.431552 -0.198229
v -0.996305 0.320361 -0.124603
v -0.950022 0.374406 -0.160996
v -0.921035 0.436758 -0.119460
v -0.957752 0.454653 -0.042577
v -1.098352 0.133887 0.000000
v -1.015301 0.253896 0.082035
v -1.063170 0.196901 0.042671
v -1.086081 0.201144 -0.043590
v -1.050173 0.262617 -0.084853
v -0.922132 0.436362 0.200438
v -0.966934 0.459011 0.042986
v -0.944361 0.447819 0.122486
v -0.941921 0.371213 0.159624
v -1.015823 0.326637 0.127044
v -0.974760 0.312958 -0.040720
v -0.983491 0.315761 0.041084
v -0.944652 0.374091 0.000000
v 0.567549 0.769614 0.104306
v 0.576780 0.747309 0.039025
v 0.499709 0.744571 0.223915
v 0.553841 0.786785 0.171988
v 0.649850 0.667197 0.114245
v 0.617646 0.742257 0.145763
v 0.649821 0.694671 0.182794
v 0.386356 0.717875 0.467022
v 0.407226 0.711903 0.398601
v 0.569741 0.687198 0.379210
v 0.503451 0.723738 0.402607
v 0.532570 0.668872 0.435142
v 0.446358 0.737474 0.348115
v 0.467477 0.732872 0.284019
v 0.914699 0.584302 0.303465
v 0.849237 0.633410 0.335951
v 0.877742 0.576968 0.375353
v 0.711886 0.674421 0.230829
v 0.776102 0.653781 0.280237
v 0.796478 0.649396 0.207708
v 0.688544 0.620466 0.403652
v 0.731774 0.637296 0.343572
v 0.657299 0.669472 0.365571
v 0.543252 0.712428 0.266061
v 0.598522 0.691488 0.314596
v 0.654987 0.726964 0.260556
v 0.069626 0.485026 0.867075
v 0.111807 0.524210 0.827021
v 0.263650 0.506997 0.878893
v 0.188104 0.521950 0.862664
v 0.214323 0.455327 0.901662
v 0.161717 0.590462 0.825560
v 0.200854 0.615259 0.765219
v 0.535024 0.381389 0.824464
v 0.465003 0.409353 0.832580
v 0.492089 0.344672 0.876689
v 0.417511 0.540520 0.758504
v 0.433994 0.467632 0.782115
v 0.468017 0.493573 0.721207
v 0.337443 0.383788 0.852286
v 0.390282 0.431205 0.828875
v 0.331144 0.469651 0.856613
v 0.325071 0.708069 0.614432
v 0.362881 0.731200 0.559194
v 0.249183 0.662191 0.729870
v 0.289224 0.690196 0.676438
v 0.425326 0.625160 0.655421
v 0.359446 0.659685 0.668410
v 0.390463 0.604946 0.716849
v 0.298352 0.524920 0.800894
v 0.344535 0.564814 0.759193
v 0.277009 0.600028 0.774807
v 0.974597 0.067435 0.546538
v 0.939381 0.109430 0.596922
v 0.959864 0.043083 0.638359
v 0.891497 0.230439 0.515556
v 0.898505 0.168819 0.544998
v 0.956448 0.195899 0.484204
v 0.849785 0.125069 0.713203
v 0.912400 0.154005 0.654208
v 0.832202 0.188221 0.670792
v 0.903576 0.505256 0.419033
v 0.893146 0.429831 0.440232
v 0.925475 0.447618 0.364764
v 0.750747 0.356082 0.536333
v 0.851109 0.406952 0.510160
v 0.774819 0.433258 0.531592
v 0.922234 0.314631 0.416327
v 0.886561 0.359702 0.462371
v 0.870207 0.289868 0.478300
v 0.616030 0.275000 0.830975
v 0.681586 0.310721 0.787427
v 0.622339 0.347996 0.815807
v 0.782968 0.230336 0.712145
v 0.756219 0.278611 0.773533
v 0.746485 0.205222 0.788916
v 0.682769 0.381787 0.652878
v 0.738544 0.342225 0.730731
v 0.764937 0.359023 0.647144
v 0.820594 0.263407 0.539180
v 0.807863 0.315911 0.602530
v 0.813504 0.250614 0.631575
v 0.414916 0.666042 0.512016
v 0.490701 0.583804 0.623533
v 0.461031 0.637938 0.578289
v 0.492408 0.646836 0.500625
v 0.572257 0.627597 0.489781
v 0.580047 0.405027 0.756429
v 0.619045 0.419783 0.581055
v 0.605025 0.415627 0.669104
v 0.523496 0.443682 0.678083
v 0.518770 0.522287 0.666409
v 0.834603 0.551468 0.448005
v 0.652987 0.599453 0.472933
v 0.727743 0.567025 0.453185
v 0.772282 0.513750 0.506584
v 0.691651 0.463944 0.543428
v 0.569594 0.554716 0.609523
v 0.634881 0.511225 0.579241
v 0.602255 0.568798 0.532868
v -0.065066 0.398350 0.840700
v 0.000000 0.423855 0.847917
v -0.183939 0.336676 0.799498
v -0.125656 0.364467 0.814600
v 0.000000 0.300794 0.878334
v -0.064829 0.339297 0.862586
v -0.064305 0.279068 0.877434
v -0.486217 0.271880 0.888321
v -0.420063 0.302996 0.901625
v -0.272938 0.217312 0.921129
v -0.342194 0.257072 0.905748
v -0.342249 0.191377 0.925077
v -0.335802 0.317237 0.869108
v -0.258326 0.327919 0.835263
v 0.000000 0.063539 0.965022
v -0.068782 0.102975 0.973769
v -0.072242 0.040396 1.027694
v -0.065683 0.220800 0.908390
v -0.066869 0.163137 0.938459
v 0.000000 0.179059 0.894876
v -0.207894 0.116249 0.969501
v -0.142719 0.146852 0.999023
v -0.209095 0.182926 0.965067
v -0.189446 0.285640 0.839144
v -0.201731 0.239774 0.911370
v -0.132009 0.261208 0.898871
v -0.819379 -0.036778 0.544929
v -0.791453 0.000000 0.592018
v -0.704934 -0.072484 0.663461
v -0.720794 -0.035368 0.605398
v -0.748174 -0.110114 0.627923
v -0.727301 0.035688 0.610862
v -0.688533 0.070798 0.648025
v -0.545246 -0.225277 0.840216
v -0.578886 -0.183031 0.782773
v -0.572921 -0.255756 0.772825
v -0.556666 -0.035662 0.754479
v -0.585932 -0.110528 0.793527
v -0.553574 -0.074977 0.853049
v -0.656708 -0.180540 0.694036
v -0.590395 -0.138531 0.705155
v -0.646841 -0.107004 0.686714
v -0.592114 0.187213 0.800659
v -0.558717 0.230843 0.860975
v -0.684841 0.113290 0.727057
v -0.658489 0.154509 0.786484
v -0.565772 0.076630 0.871846
v -0.599893 0.113161 0.812435
v -0.594392 0.038078 0.805612
v -0.625480 -0.034486 0.663513
v -0.611638 0.000000 0.732747
v -0.652523 0.035977 0.692200
v 0.000000 -0.474604 0.949440
v -0.074772 -0.457775 0.966113
v -0.072770 -0.506926 0.906226
v -0.073960 -0.320969 1.009177
v -0.073036 -0.382253 0.971792
v 0.000000 -0.345457 1.008752
v -0.220840 -0.469171 0.929076
v -0.149933 -0.434882 0.971980
v -0.218114 -0.399231 0.948044
v -0.073280 -0.040976 1.042465
v -0.076836 -0.115033 1.087794
v 0.000000 -0.069933 1.062132
v -0.232459 -0.203366 1.072904
v -0.155682 -0.160191 1.089765
v -0.232099 -0.129784 1.082379
v 0.000000 -0.205466 1.026853
v -0.076042 -0.185516 1.067194
v -0.073614 -0.247461 1.018074
v -0.452762 -0.317127 0.806627
v -0.407515 -0.293945 0.874691
v -0.464424 -0.259694 0.848506
v -0.282566 -0.358689 0.913639
v -0.340403 -0.321584 0.881017
v -0.343752 -0.390964 0.868220
v -0.366175 -0.204755 0.989746
v -0.361539 -0.271605 0.956953
v -0.303331 -0.241511 1.023701
v -0.148720 -0.294274 1.012659
v -0.228370 -0.271438 1.031723
v -0.220413 -0.332331 0.976309
v -0.490489 0.193651 0.893142
v -0.530346 0.042689 0.962671
v -0.507742 0.119367 0.922620
v -0.415869 0.153705 0.909269
v -0.364210 0.121759 0.975999
v -0.507335 -0.200303 0.923818
v -0.369549 -0.123544 0.990306
v -0.452347 -0.167187 0.989025
v -0.507198 -0.119239 0.921632
v -0.508650 -0.040943 0.923289
v -0.148075 0.000000 1.046715
v -0.286021 0.079433 0.985556
v -0.220945 0.041155 1.027977
v -0.225419 -0.041988 1.048792
v -0.300175 -0.083364 1.034328
v -0.457479 0.000000 0.995431
v -0.375112 -0.041951 1.006741
v -0.363489 0.040651 0.975548
v -0.911625 -0.060796 0.433039
v -0.862621 -0.059687 0.483744
v -1.006525 -0.063562 0.320928
v -0.953000 -0.061717 0.375801
v -0.900558 -0.184452 0.455909
v -0.948950 -0.126133 0.425642
v -0.931136 -0.184592 0.393093
v -1.116905 -0.067653 0.044012
v -1.102534 -0.067105 0.116884
v -1.034052 -0.193051 0.196493
v -1.030895 -0.126901 0.151917
v -1.043004 -0.192719 0.125376
v -1.032468 -0.063392 0.179929
v -1.025583 -0.063899 0.249911
v -0.829725 -0.401307 0.327026
v -0.867218 -0.348147 0.292164
v -0.793002 -0.374007 0.243315
v -0.934375 -0.249007 0.367749
v -0.882171 -0.293703 0.322812
v -0.888744 -0.303205 0.401208
v -0.932787 -0.297367 0.193456
v -0.937539 -0.305210 0.266762
v -0.979683 -0.250134 0.231706
v -1.016670 -0.128657 0.296180
v -0.985202 -0.187909 0.259849
v -0.959476 -0.186650 0.327419
v -0.872367 -0.060361 -0.489209
v -0.910777 -0.060739 -0.432636
v -0.957930 -0.189904 -0.404405
v -0.922738 -0.122649 -0.413885
v -0.910492 -0.186486 -0.460939
v -0.947227 -0.061343 -0.373524
v -1.024339 -0.064687 -0.326608
v -0.962014 -0.453719 -0.295172
v -0.989027 -0.397047 -0.333202
v -0.949083 -0.459036 -0.374069
v -0.987589 -0.252153 -0.233576
v -0.984182 -0.320395 -0.280034
v -0.958508 -0.305567 -0.198790
v -0.915514 -0.312338 -0.413293
v -0.966235 -0.321690 -0.353574
v -0.978583 -0.260788 -0.385149
v -1.076006 -0.065491 -0.114072
v -1.104006 -0.066872 -0.043504
v -1.025806 -0.063913 -0.249965
v -1.067118 -0.065519 -0.185967
v -1.070430 -0.197787 -0.128673
v -1.048479 -0.129066 -0.154508
v -1.019141 -0.190268 -0.193660
v -0.981878 -0.191008 -0.335064
v -1.002696 -0.191245 -0.264463
v -1.023268 -0.129492 -0.298103
v -0.573995 -0.743700 0.038836
v -0.611112 -0.703972 0.000000
v -0.584796 -0.757695 -0.039567
v -0.681292 -0.623751 0.074619
v -0.669347 -0.686700 0.039202
v -0.646158 -0.663406 0.113595
v -0.682173 -0.700383 -0.119927
v -0.700366 -0.718523 -0.041019
v -0.759551 -0.695400 -0.083190
v -0.800135 -0.447414 0.215068
v -0.791440 -0.504337 0.185521
v -0.796480 -0.508784 0.264245
v -0.823086 -0.523284 0.039002
v -0.809841 -0.515264 0.113083
v -0.841647 -0.470627 0.074161
v -0.712300 -0.580762 0.185756
v -0.785824 -0.566930 0.154766
v -0.715368 -0.580625 0.111748
v -0.890794 -0.569031 -0.295535
v -0.898780 -0.572738 -0.210683
v -0.940086 -0.525671 -0.252686
v -0.830900 -0.674396 -0.129795
v -0.857153 -0.618389 -0.168814
v -0.839077 -0.684128 -0.218817
v -0.877112 -0.490458 -0.077286
v -0.866297 -0.551185 -0.120966
v -0.852700 -0.542111 -0.040405
v -0.757039 -0.614931 0.039446
v -0.809673 -0.582365 0.000000
v -0.809291 -0.657375 -0.042168
v -1.091614 -0.133066 0.000000
v -1.043648 -0.260985 -0.084326
v -1.094931 -0.202783 -0.043945
v -1.061068 -0.196512 0.042586
v -1.031417 -0.257927 0.083338
v -0.927737 -0.439014 -0.201656
v -0.852737 -0.404801 -0.037909
v -0.879662 -0.417139 -0.114094
v -0.929079 -0.366153 -0.157447
v -0.924858 -0.297387 -0.115668
v -0.814327 -0.385347 0.177005
v -0.977091 -0.314183 0.122200
v -0.882320 -0.347725 0.149523
v -0.829786 -0.393487 0.107625
v -0.848109 -0.402604 0.037703
v -0.929663 -0.298479 -0.038836
v -0.940375 -0.372397 0.000000
v -0.977000 -0.313677 0.040813
v -0.834188 0.000000 -0.623984
v -0.855121 -0.038382 -0.568699
v -0.726706 0.074723 -0.683952
v -0.766575 0.037615 -0.643850
v -0.769811 -0.113298 -0.646082
v -0.758862 -0.037236 -0.637371
v -0.717715 -0.073799 -0.675490
v -0.544958 0.225158 -0.839771
v -0.602232 0.190412 -0.814341
v -0.607031 0.038888 -0.822742
v -0.614276 0.115874 -0.831914
v -0.564568 0.076467 -0.869991
v -0.647703 0.151978 -0.773601
v -0.682443 0.112893 -0.724510
v -0.585360 -0.261308 -0.789604
v -0.576119 -0.182156 -0.779031
v -0.552804 -0.228400 -0.851863
v -0.672518 -0.111251 -0.713973
v -0.641914 -0.150620 -0.766687
v -0.677829 -0.186347 -0.716358
v -0.550643 -0.074580 -0.848532
v -0.588328 -0.110980 -0.796773
v -0.606180 -0.038834 -0.821589
v -0.679455 0.037462 -0.720771
v -0.639995 0.000000 -0.766719
v -0.676415 -0.037294 -0.717546
v 0.000000 0.435598 -0.871408
v -0.067913 0.415780 -0.877485
v -0.067956 0.294915 -0.927258
v -0.067518 0.353375 -0.898376
v 0.000000 0.313253 -0.914714
v -0.136793 0.396771 -0.886799
v -0.197171 0.360896 -0.857013
v -0.065270 0.036497 -0.928508
v -0.066115 0.098983 -0.936018
v 0.000000 0.061591 -0.935433
v -0.199056 0.174144 -0.918737
v -0.132425 0.136260 -0.926969
v -0.205857 0.115110 -0.960002
v 0.000000 0.192092 -0.960011
v -0.065820 0.160579 -0.923744
v -0.068207 0.229284 -0.943295
v -0.398922 0.287747 -0.856246
v -0.454629 0.254216 -0.830610
v -0.251695 0.319502 -0.813824
v -0.316650 0.299144 -0.819539
v -0.349006 0.195155 -0.943340
v -0.330683 0.248425 -0.875280
v -0.269100 0.214257 -0.908176
v -0.134759 0.266650 -0.917597
v -0.201929 0.240011 -0.912269
v -0.200267 0.301955 -0.887072
v -0.067853 -0.472676 -0.844996
v -0.066269 -0.405716 -0.856245
v 0.000000 -0.425885 -0.851978
v -0.196076 -0.358892 -0.852252
v -0.132740 -0.385014 -0.860524
v -0.192903 -0.409819 -0.811545
v 0.000000 -0.294777 -0.860763
v -0.065435 -0.342472 -0.870658
v -0.063680 -0.276356 -0.868907
v -0.462365 -0.258543 -0.844744
v -0.415908 -0.299999 -0.892707
v -0.475675 -0.333176 -0.847448
v -0.269667 -0.214708 -0.910091
v -0.352593 -0.264884 -0.933274
v -0.334048 -0.186791 -0.902910
v -0.334942 -0.380944 -0.845970
v -0.345688 -0.326576 -0.894693
v -0.274238 -0.348118 -0.886712
v 0.000000 -0.061633 -0.936067
v -0.064524 -0.096601 -0.913493
v -0.063343 -0.035420 -0.901104
v -0.064268 -0.216045 -0.888825
v -0.065405 -0.159565 -0.917909
v 0.000000 -0.180903 -0.904095
v -0.203544 -0.113817 -0.949216
v -0.128556 -0.132279 -0.899885
v -0.200846 -0.175710 -0.926997
v -0.195910 -0.295387 -0.867776
v -0.199134 -0.236689 -0.899641
v -0.125497 -0.248322 -0.854526
v -0.486790 0.192191 -0.886406
v -0.359787 0.120280 -0.964147
v -0.421127 0.155648 -0.920766
v -0.517839 0.121740 -0.940968
v -0.520150 0.041868 -0.944163
v -0.135490 0.000000 -0.957755
v -0.284227 -0.078935 -0.979374
v -0.211131 -0.039327 -0.982317
v -0.207761 0.038699 -0.966637
v -0.290160 0.080582 -0.999818
v -0.463880 -0.183146 -0.844690
v -0.508645 -0.040942 -0.923280
v -0.468801 -0.110212 -0.851861
v -0.399338 -0.147595 -0.873125
v -0.342102 -0.114368 -0.916756
v -0.375017 0.041940 -1.006485
v -0.367565 -0.041107 -0.986486
v -0.448959 0.000000 -0.976893
v 0.110469 0.517936 -0.817123
v 0.068038 0.473964 -0.847299
v 0.193534 0.592835 -0.737330
v 0.152471 0.556705 -0.778361
v 0.196777 0.418049 -0.827842
v 0.178090 0.494164 -0.816740
v 0.245479 0.472054 -0.818319
v 0.332974 0.670938 -0.513108
v 0.300966 0.655564 -0.568870
v 0.352362 0.545915 -0.646900
v 0.325125 0.596697 -0.604588
v 0.375795 0.552358 -0.579094
v 0.263202 0.628097 -0.615577
v 0.228870 0.608211 -0.670373
v 0.459427 0.321795 -0.818500
v 0.429579 0.378168 -0.769153
v 0.501186 0.357268 -0.772321
v 0.308134 0.437016 -0.797089
v 0.381548 0.421555 -0.810326
v 0.333338 0.379119 -0.841917
v 0.454309 0.479116 -0.700083
v 0.412563 0.444541 -0.743494
v 0.395622 0.512181 -0.718737
v 0.260329 0.563896 -0.728150
v 0.328596 0.538684 -0.724070
v 0.281112 0.494589 -0.754616
v 0.592569 0.767767 -0.040093
v 0.547415 0.742311 -0.100606
v 0.650032 0.694897 -0.182854
v 0.634742 0.762801 -0.149797
v 0.673761 0.691746 -0.118448
v 0.541519 0.769279 -0.168161
v 0.508990 0.758399 -0.228074
v 0.799799 0.525733 -0.342022
v 0.762614 0.568802 -0.301684
v 0.890946 0.569128 -0.295585
v 0.599326 0.610425 -0.333328
v 0.674219 0.587171 -0.316550
v 0.626827 0.564852 -0.367471
v 0.758852 0.618718 -0.197896
v 0.692306 0.583192 -0.249980
v 0.646117 0.612113 -0.209504
v 0.400750 0.700583 -0.392263
v 0.366228 0.680476 -0.442692
v 0.485714 0.761462 -0.295099
v 0.428407 0.707815 -0.334115
v 0.466702 0.586146 -0.381324
v 0.439686 0.632073 -0.351615
v 0.517638 0.624354 -0.344531
v 0.604801 0.671263 -0.240592
v 0.551261 0.636887 -0.289755
v 0.547454 0.717938 -0.268119
v 0.968236 0.043459 -0.643926
v 0.945757 0.110173 -0.600973
v 0.949563 0.065703 -0.532499
v 0.841911 0.190417 -0.678618
v 0.896948 0.151397 -0.643129
v 0.845536 0.124443 -0.709637
v 0.962974 0.197236 -0.487507
v 0.930292 0.174791 -0.564278
v 0.946548 0.244669 -0.547392
v 0.580912 0.324830 -0.761501
v 0.668433 0.304724 -0.772231
v 0.617170 0.275509 -0.832513
v 0.738381 0.346559 -0.624678
v 0.697577 0.323242 -0.690198
v 0.706160 0.394866 -0.675245
v 0.689602 0.189583 -0.728800
v 0.706200 0.260183 -0.722369
v 0.762943 0.224445 -0.693931
v 0.879568 0.425414 -0.346671
v 0.869161 0.418288 -0.428410
v 0.839603 0.469484 -0.389366
v 0.937372 0.312241 -0.515216
v 0.880639 0.357299 -0.459283
v 0.958594 0.327035 -0.432741
v 0.753808 0.421509 -0.517177
v 0.788089 0.376819 -0.472385
v 0.799034 0.378984 -0.570829
v 0.829157 0.255437 -0.643728
v 0.800372 0.312982 -0.596942
v 0.864644 0.277547 -0.568123
v 0.387537 0.622093 -0.478231
v 0.497871 0.546017 -0.426116
v 0.442256 0.580956 -0.449636
v 0.426628 0.590333 -0.535135
v 0.462066 0.549736 -0.587147
v 0.720276 0.475926 -0.386636
v 0.672580 0.451152 -0.528445
v 0.680363 0.452603 -0.446290
v 0.666783 0.519527 -0.415223
v 0.604720 0.555142 -0.437975
v 0.568027 0.396634 -0.740754
v 0.493387 0.496732 -0.633803
v 0.534812 0.453272 -0.692740
v 0.625438 0.429650 -0.691680
v 0.668112 0.453056 -0.627111
v 0.580901 0.548631 -0.513975
v 0.615669 0.495755 -0.561713
v 0.518372 0.504832 -0.554711
v 0.585037 -0.758007 0.039583
v 0.575559 -0.780475 0.105779
v 0.530170 -0.814638 0.065579
v 0.612653 -0.654938 0.172339
v 0.597225 -0.717715 0.140944
v 0.650245 -0.667603 0.114314
v 0.456544 -0.777071 0.185171
v 0.529570 -0.752306 0.164451
v 0.490394 -0.730691 0.219741
v 0.757322 -0.497812 0.323858
v 0.715759 -0.533854 0.283148
v 0.785333 -0.501664 0.260546
v 0.593939 -0.604938 0.330332
v 0.671329 -0.584654 0.315193
v 0.646272 -0.582374 0.378870
v 0.720449 -0.587406 0.187881
v 0.695456 -0.585846 0.251117
v 0.664753 -0.629768 0.215547
v 0.334874 -0.732115 0.411968
v 0.402776 -0.704125 0.394246
v 0.374282 -0.695442 0.452428
v 0.466848 -0.731886 0.283637
v 0.421927 -0.697108 0.329061
v 0.383347 -0.731719 0.290433
v 0.536743 -0.674113 0.438552
v 0.475713 -0.683863 0.380425
v 0.535407 -0.645785 0.356357
v 0.596720 -0.662294 0.237377
v 0.553623 -0.639615 0.290996
v 0.511717 -0.671072 0.250617
v 0.949095 -0.042600 0.631197
v 0.965894 -0.112519 0.613769
v 0.979840 -0.067797 0.549478
v 0.805566 -0.182197 0.649322
v 0.859063 -0.145003 0.615965
v 0.827901 -0.121848 0.694836
v 0.939404 -0.192408 0.475575
v 0.896750 -0.168489 0.543933
v 0.919834 -0.237763 0.531943
v 0.579656 -0.324128 0.759855
v 0.645131 -0.294101 0.745310
v 0.564815 -0.252137 0.761890
v 0.775055 -0.363772 0.655705
v 0.715979 -0.331769 0.708405
v 0.717687 -0.401312 0.686268
v 0.694296 -0.190874 0.733761
v 0.717485 -0.264341 0.733913
v 0.747888 -0.220016 0.680238
v 0.806905 -0.390270 0.318032
v 0.792553 -0.381420 0.390650
v 0.785003 -0.438953 0.364045
v 0.888030 -0.295805 0.488096
v 0.836748 -0.339491 0.436392
v 0.896288 -0.305779 0.404614
v 0.757361 -0.423496 0.519615
v 0.804316 -0.384578 0.482112
v 0.782606 -0.371192 0.559093
v 0.820461 -0.252758 0.636976
v 0.834727 -0.326416 0.622565
v 0.869733 -0.279180 0.571467
v 0.041834 -0.532780 0.803119
v 0.109925 -0.515387 0.813102
v 0.072328 -0.503851 0.900729
v 0.182814 -0.559998 0.696488
v 0.142526 -0.520394 0.727593
v 0.119085 -0.583689 0.697211
v 0.198339 -0.421367 0.834413
v 0.166422 -0.461789 0.763231
v 0.231526 -0.445224 0.771808
v 0.348292 -0.701804 0.536713
v 0.312271 -0.680189 0.590238
v 0.266873 -0.693135 0.515133
v 0.360346 -0.558285 0.661558
v 0.342734 -0.629015 0.637334
v 0.412582 -0.606429 0.635783
v 0.202371 -0.668675 0.634296
v 0.266487 -0.635937 0.623260
v 0.224748 -0.597255 0.658298
v 0.456089 -0.319457 0.812553
v 0.432830 -0.381030 0.774974
v 0.504379 -0.359544 0.777241
v 0.288877 -0.409704 0.747275
v 0.366542 -0.404976 0.778457
v 0.329103 -0.374303 0.831222
v 0.461621 -0.486828 0.711351
v 0.423989 -0.456852 0.764086
v 0.390798 -0.505935 0.709972
v 0.252411 -0.546745 0.706003
v 0.312220 -0.511837 0.687984
v 0.266363 -0.468640 0.715025
v 0.743103 -0.491009 0.398889
v 0.712351 -0.477830 0.559693
v 0.754714 -0.502063 0.495060
v 0.706348 -0.550355 0.439862
v 0.611001 -0.560909 0.442524
v 0.564057 -0.393862 0.735577
v 0.538825 -0.542478 0.692171
v 0.572937 -0.485584 0.742123
v 0.657168 -0.451447 0.726770
v 0.700025 -0.474697 0.657065
v 0.431730 -0.693033 0.532765
v 0.554547 -0.608175 0.474624
v 0.490818 -0.644747 0.499008
v 0.468992 -0.648953 0.588273
v 0.506872 -0.603043 0.644081
v 0.663481 -0.534255 0.605335
v 0.579725 -0.564582 0.620365
v 0.589274 -0.556538 0.521383
v 0.462279 -0.838568 0.065063
v 0.474934 -0.816633 0.000000
v 0.393682 -0.803541 0.185332
v 0.426206 -0.818772 0.126616
v 0.347982 -0.873383 0.000000
v 0.389984 -0.852171 0.064206
v 0.323330 -0.873791 0.064199
v 0.273665 -0.768549 0.421714
v 0.288482 -0.737843 0.344620
v 0.238002 -0.867109 0.257575
v 0.274227 -0.830463 0.314537
v 0.212494 -0.882863 0.327450
v 0.316978 -0.746408 0.289117
v 0.356009 -0.779427 0.241662
v 0.072033 -0.940341 0.000000
v 0.112082 -0.910999 0.064510
v 0.042136 -0.921380 0.064931
v 0.243646 -0.861570 0.062454
v 0.175142 -0.865989 0.061860
v 0.205981 -0.884816 0.000000
v 0.135065 -0.968185 0.208133
v 0.158889 -0.929069 0.133058
v 0.207465 -0.940774 0.204342
v 0.334094 -0.843615 0.190933
v 0.268703 -0.877853 0.194798
v 0.293071 -0.866846 0.127625
v -0.042762 -0.544600 0.820936
v 0.000000 -0.580665 0.778221
v -0.087209 -0.686103 0.730818
v -0.043385 -0.638292 0.761863
v -0.125906 -0.617121 0.737146
v 0.041494 -0.610474 0.728659
v 0.077838 -0.612377 0.652287
v -0.254593 -0.816164 0.530966
v -0.213660 -0.785402 0.582286
v -0.306805 -0.796848 0.592211
v -0.044389 -0.807198 0.597055
v -0.128829 -0.794994 0.588486
v -0.083793 -0.819421 0.533084
v -0.212524 -0.702222 0.666119
v -0.172354 -0.754076 0.632937
v -0.130757 -0.721273 0.681097
v 0.187392 -0.688843 0.510699
v 0.228806 -0.733500 0.477188
v 0.121520 -0.670324 0.632986
v 0.154592 -0.676363 0.567709
v 0.081664 -0.798602 0.519540
v 0.119763 -0.739044 0.547070
v 0.042175 -0.766942 0.567279
v -0.043405 -0.717792 0.678343
v 0.000000 -0.741480 0.620478
v 0.041225 -0.681744 0.644276
v -0.487064 -0.837490 0.000000
v -0.478595 -0.868164 0.067360
v -0.528171 -0.811566 0.065332
v -0.346245 -0.935719 0.068748
v -0.405816 -0.886766 0.066813
v -0.346400 -0.869414 0.000000
v -0.475655 -0.809599 0.192922
v -0.451958 -0.868244 0.134267
v -0.425497 -0.868479 0.200310
v -0.042465 -0.928584 0.065438
v -0.121067 -0.984028 0.069681
v -0.073236 -0.956050 0.000000
v -0.205581 -0.932230 0.202486
v -0.165419 -0.967250 0.138526
v -0.127770 -0.915893 0.196891
v -0.227810 -0.978585 0.000000
v -0.194478 -0.961591 0.068689
v -0.276857 -0.979009 0.070967
v -0.380243 -0.831302 0.467782
v -0.336287 -0.860114 0.401728
v -0.305158 -0.856990 0.470243
v -0.396728 -0.868574 0.269302
v -0.361240 -0.850635 0.329488
v -0.440916 -0.841603 0.334049
v -0.218301 -0.906989 0.336399
v -0.296072 -0.896618 0.339593
v -0.250051 -0.911008 0.270615
v -0.322712 -0.954517 0.140533
v -0.292303 -0.954957 0.211908
v -0.368513 -0.930524 0.210603
v 0.195324 -0.774306 0.426293
v 0.043301 -0.839307 0.463543
v 0.126886 -0.842966 0.465069
v 0.161988 -0.823657 0.377657
v 0.133205 -0.917757 0.343334
v -0.215995 -0.856253 0.471409
v -0.134396 -0.925966 0.346405
v -0.181724 -0.924008 0.423670
v -0.129164 -0.858101 0.473419
v -0.043491 -0.842972 0.465566
v 0.000000 -0.902728 0.128026
v 0.088290 -0.941564 0.273939
v 0.043920 -0.942934 0.203174
v -0.042546 -0.913436 0.196818
v -0.086016 -0.917316 0.266884
v 0.000000 -0.912680 0.420500
v -0.046034 -0.949544 0.354687
v 0.043809 -0.903655 0.337546
v 0.449032 -0.814539 -0.063199
v 0.510227 -0.783995 -0.063112
v 0.335806 -0.907508 -0.066676
v 0.398806 -0.871449 -0.065659
v 0.453502 -0.771893 -0.183937
v 0.423541 -0.813654 -0.125825
v 0.392816 -0.801775 -0.184925
v 0.041032 -0.897242 -0.063230
v 0.112150 -0.911554 -0.064549
v 0.199588 -0.905053 -0.196583
v 0.158109 -0.924504 -0.132404
v 0.128084 -0.918148 -0.197376
v 0.183638 -0.907995 -0.064860
v 0.245676 -0.868747 -0.062974
v 0.351557 -0.768588 -0.432492
v 0.316050 -0.808355 -0.377553
v 0.282075 -0.792167 -0.434674
v 0.377988 -0.827548 -0.256581
v 0.351067 -0.826680 -0.320210
v 0.435916 -0.832059 -0.330260
v 0.217865 -0.905177 -0.335727
v 0.288560 -0.873869 -0.330977
v 0.231598 -0.843779 -0.250645
v 0.299644 -0.886287 -0.130487
v 0.263491 -0.860826 -0.191020
v 0.340713 -0.860328 -0.194716
v -0.509807 -0.783349 -0.063060
v -0.458390 -0.831513 -0.064516
v -0.427912 -0.873408 -0.201446
v -0.446295 -0.857364 -0.132584
v -0.490349 -0.834609 -0.198882
v -0.408299 -0.892193 -0.067222
v -0.329059 -0.889274 -0.065336
v -0.321869 -0.903921 -0.495995
v -0.363115 -0.928733 -0.433777
v -0.371464 -0.812109 -0.456982
v -0.279279 -1.017495 -0.302247
v -0.317930 -0.962814 -0.364665
v -0.241404 -1.002976 -0.372000
v -0.438782 -0.837530 -0.332432
v -0.384153 -0.904590 -0.350387
v -0.403453 -0.883298 -0.273867
v -0.120775 -0.981658 -0.069513
v -0.043454 -0.950205 -0.066962
v -0.267326 -0.945305 -0.068524
v -0.193576 -0.957133 -0.068371
v -0.138645 -0.993852 -0.213650
v -0.164899 -0.964207 -0.138090
v -0.221119 -1.002686 -0.217790
v -0.362923 -0.916408 -0.207408
v -0.290562 -0.949269 -0.210646
v -0.314775 -0.931041 -0.137077
v 0.041742 -0.531609 -0.801355
v 0.000000 -0.599739 -0.803784
v -0.042895 -0.546284 -0.823476
v 0.086140 -0.677693 -0.721860
v 0.044863 -0.660046 -0.787828
v 0.129730 -0.635863 -0.759532
v -0.137020 -0.671594 -0.802214
v -0.044921 -0.660891 -0.788837
v -0.088834 -0.698892 -0.744441
v 0.246198 -0.789253 -0.513458
v 0.216492 -0.795814 -0.590006
v 0.286858 -0.745041 -0.553709
v 0.045192 -0.821795 -0.607853
v 0.133733 -0.825251 -0.610884
v 0.085600 -0.837095 -0.544582
v 0.207423 -0.685364 -0.650128
v 0.173535 -0.759241 -0.637273
v 0.132341 -0.730014 -0.689350
v -0.300393 -0.780196 -0.579835
v -0.220750 -0.811464 -0.601609
v -0.269119 -0.862731 -0.561260
v -0.129093 -0.712098 -0.672432
v -0.168705 -0.738112 -0.619538
v -0.217658 -0.719183 -0.682208
v -0.086347 -0.844403 -0.549336
v -0.124738 -0.769745 -0.569796
v -0.043987 -0.799897 -0.591655
v 0.044221 -0.731299 -0.691108
v 0.000000 -0.754391 -0.631282
v -0.045057 -0.745113 -0.704163
v 0.000000 -0.939367 -0.133222
v -0.093855 -1.000913 -0.291206
v -0.046131 -0.990401 -0.213402
v 0.043373 -0.931177 -0.200641
v 0.087183 -0.929753 -0.270503
v -0.231398 -0.917315 -0.505027
v -0.042668 -0.827035 -0.456765
v -0.138203 -0.918155 -0.506551
v -0.188520 -0.958559 -0.439512
v -0.143286 -0.987211 -0.369317
v 0.210429 -0.834186 -0.459260
v 0.132616 -0.913700 -0.341816
v 0.175504 -0.892378 -0.409167
v 0.129817 -0.862444 -0.475815
v 0.046012 -0.891838 -0.492555
v -0.045603 -0.940664 -0.351370
v 0.000000 -0.919913 -0.423832
v 0.044854 -0.925215 -0.345599
v 0.537778 -0.729243 -0.098835
v 0.589018 -0.763165 -0.039853
v 0.505863 -0.753740 -0.226673
v 0.513007 -0.728776 -0.159308
v 0.657022 -0.674561 -0.115505
v 0.581564 -0.698895 -0.137248
v 0.646908 -0.691557 -0.181975
v 0.384444 -0.714323 -0.464711
v 0.428511 -0.749113 -0.419435
v 0.603621 -0.728063 -0.401760
v 0.529631 -0.761373 -0.423543
v 0.573843 -0.720708 -0.468865
v 0.478556 -0.790672 -0.373226
v 0.499184 -0.782579 -0.303283
v 0.875592 -0.559320 -0.290491
v 0.844176 -0.629635 -0.333949
v 0.865533 -0.568942 -0.370132
v 0.737629 -0.698809 -0.239177
v 0.810277 -0.682570 -0.292577
v 0.795406 -0.648521 -0.207428
v 0.738047 -0.665075 -0.432673
v 0.781271 -0.680402 -0.366812
v 0.712380 -0.725573 -0.396205
v 0.556668 -0.730022 -0.272632
v 0.629156 -0.726880 -0.330698
v 0.635141 -0.704936 -0.252661
v 0.063927 -0.445324 -0.796101
v 0.106551 -0.499570 -0.788148
v 0.231190 -0.444577 -0.770686
v 0.165855 -0.460214 -0.760628
v 0.199825 -0.424525 -0.840666
v 0.149948 -0.547492 -0.765481
v 0.191688 -0.587182 -0.730298
v 0.531174 -0.378645 -0.818532
v 0.476412 -0.419396 -0.853006
v 0.510673 -0.357690 -0.909799
v 0.403073 -0.521827 -0.732273
v 0.448133 -0.482868 -0.807596
v 0.463148 -0.488439 -0.713705
v 0.330275 -0.375636 -0.834182
v 0.389629 -0.430484 -0.827489
v 0.312574 -0.443314 -0.808576
v 0.310789 -0.676961 -0.587437
v 0.347970 -0.701154 -0.536216
v 0.223769 -0.594653 -0.655430
v 0.278393 -0.664349 -0.651106
v 0.407914 -0.599568 -0.628590
v 0.336417 -0.617422 -0.625587
v 0.366936 -0.568496 -0.673657
v 0.281303 -0.494924 -0.755127
v 0.331994 -0.544254 -0.731557
v 0.258351 -0.559613 -0.722620
v 0.951431 -0.065832 -0.533547
v 0.918123 -0.106954 -0.583414
v 0.931183 -0.041796 -0.619285
v 0.867322 -0.224190 -0.501576
v 0.903843 -0.169822 -0.548236
v 0.871217 -0.178442 -0.441055
v 0.858779 -0.126392 -0.720751
v 0.903252 -0.152461 -0.647649
v 0.846923 -0.191551 -0.682659
v 0.872215 -0.487720 -0.404490
v 0.859538 -0.413657 -0.423667
v 0.899936 -0.435266 -0.354699
v 0.812676 -0.385454 -0.580575
v 0.844387 -0.403738 -0.506130
v 0.779603 -0.435933 -0.534875
v 0.892681 -0.304548 -0.402986
v 0.867906 -0.352133 -0.452642
v 0.855292 -0.284900 -0.470102
v 0.600052 -0.267867 -0.809423
v 0.639274 -0.291432 -0.738544
v 0.596687 -0.333652 -0.782181
v 0.773449 -0.227536 -0.703487
v 0.723275 -0.266474 -0.739835
v 0.748528 -0.205783 -0.791075
v 0.711393 -0.397792 -0.680248
v 0.713661 -0.330695 -0.706111
v 0.781151 -0.366633 -0.660862
v 0.857771 -0.275341 -0.563608
v 0.862314 -0.337204 -0.643141
v 0.847527 -0.261096 -0.657990
v 0.422263 -0.677837 -0.521084
v 0.480228 -0.571344 -0.610225
v 0.462829 -0.640426 -0.580544
v 0.522910 -0.686905 -0.531636
v 0.616787 -0.676433 -0.527893
v 0.589500 -0.411628 -0.768757
v 0.654778 -0.444014 -0.614595
v 0.604330 -0.415150 -0.668336
v 0.552940 -0.468636 -0.716222
v 0.523720 -0.527271 -0.672768
v 0.806666 -0.533008 -0.433009
v 0.707047 -0.649080 -0.512087
v 0.774318 -0.603315 -0.482188
v 0.772205 -0.513699 -0.506534
v 0.716883 -0.480870 -0.563253
v 0.545311 -0.531068 -0.583539
v 0.649029 -0.522617 -0.592149
v 0.634086 -0.598861 -0.561032
v 0.622254 -0.716808 0.000000
v 0.734711 -0.672659 -0.080470
v 0.678859 -0.696458 -0.039760
v 0.657402 -0.674445 0.038503
v 0.691712 -0.633291 0.075760
v 0.889182 -0.497207 -0.239003
v 0.922741 -0.588007 -0.216300
v 0.889429 -0.565462 -0.042146
v 0.912959 -0.580874 -0.127482
v 0.947020 -0.529549 -0.083445
v 0.889603 -0.641801 -0.175205
v 0.818667 -0.664468 -0.127884
v 0.827583 -0.527368 0.193994
v 0.863219 -0.482689 0.232025
v 0.727743 -0.590669 0.113681
v 0.792349 -0.571637 0.156051
v 0.896164 -0.501111 0.078964
v 0.831954 -0.529334 0.116170
v 0.832012 -0.528959 0.039425
v 0.796905 -0.647314 -0.041523
v 0.810489 -0.582951 0.000000
v 0.732643 -0.595115 0.038175
v 0.999808 0.000000 -0.501035
v 0.954988 -0.063687 -0.453638
v 1.019253 -0.064366 -0.324986
v 0.956362 -0.061934 -0.377127
v 1.000673 0.000000 -0.343549
v 0.907101 -0.120570 -0.406871
v 0.878020 -0.174062 -0.370669
v 1.033274 -0.062587 -0.040717
v 1.054306 -0.064170 -0.111771
v 1.029603 0.000000 -0.067961
v 0.951711 -0.177679 -0.180847
v 1.028374 -0.126591 -0.151545
v 0.989038 -0.182748 -0.118889
v 1.056700 0.000000 -0.211969
v 1.020787 -0.062674 -0.177893
v 1.027891 -0.064043 -0.250473
v 0.925990 -0.371741 -0.311964
v 0.899743 -0.424349 -0.276065
v 0.886140 -0.236152 -0.348765
v 0.891399 -0.296775 -0.326189
v 0.886478 -0.282604 -0.183851
v 0.877680 -0.285723 -0.249730
v 0.894806 -0.228464 -0.211631
v 0.949800 -0.120194 -0.276700
v 0.902785 -0.172189 -0.238111
v 0.887479 -0.172645 -0.302851
v 1.018526 -0.067925 0.483819
v 1.021508 0.000000 0.511909
v 0.976236 -0.193533 0.412132
v 0.998778 -0.132756 0.447992
v 1.050563 0.000000 0.360677
v 1.038540 -0.067256 0.409532
v 1.048477 -0.066212 0.334305
v 0.846783 -0.399372 0.259816
v 0.868453 -0.348643 0.292580
v 1.025054 -0.261719 0.242436
v 0.953912 -0.310540 0.271420
v 1.006848 -0.320977 0.208816
v 0.922021 -0.306970 0.337395
v 0.958749 -0.255502 0.377342
v 1.008802 0.000000 0.066588
v 1.016095 -0.061844 0.107720
v 1.052213 -0.063734 0.041463
v 1.039188 -0.064747 0.253226
v 1.071267 -0.065774 0.186690
v 1.048984 0.000000 0.210421
v 1.027794 -0.189909 0.123548
v 1.027158 -0.126441 0.151366
v 1.054114 -0.196797 0.200306
v 0.996283 -0.193811 0.339980
v 0.986816 -0.188217 0.260274
v 1.006462 -0.127365 0.293207
v 0.903638 -0.427610 -0.196418
v 0.914145 -0.293943 -0.114328
v 0.905171 -0.356730 -0.153396
v 0.928953 -0.440513 -0.120487
v 0.999672 -0.474552 -0.044441
v 1.032406 -0.125849 0.000000
v 1.045676 -0.261492 0.084490
v 1.039448 -0.192508 0.041719
v 1.017040 -0.188358 -0.040819
v 0.970084 -0.242589 -0.078382
v 0.906724 -0.429070 0.197089
v 0.964941 -0.458065 0.042897
v 0.954750 -0.452745 0.123833
v 0.993111 -0.391388 0.168299
v 1.032718 -0.332070 0.129157
v 0.988381 -0.317331 -0.041289
v 1.032856 -0.331610 0.043147
v 1.003043 -0.397214 0.000000
v 0.076205 -0.466548 0.984628
v 0.205846 -0.376776 0.894721
v 0.140821 -0.408452 0.912908
v 0.077384 -0.405009 1.029643
v 0.073121 -0.317326 0.997723
v 0.466386 -0.260791 0.852090
v 0.407237 -0.293745 0.874094
v 0.287271 -0.228725 0.969503
v 0.345744 -0.259739 0.915144
v 0.338778 -0.189436 0.915693
v 0.337395 -0.318742 0.873230
v 0.274522 -0.348479 0.887632
v 0.076290 -0.114216 1.080069
v 0.074327 -0.041562 1.057354
v 0.074365 -0.249984 1.028458
v 0.074713 -0.182275 1.048551
v 0.213934 -0.119626 0.997665
v 0.148589 -0.152893 1.040116
v 0.211399 -0.184942 0.975701
v 0.207054 -0.312188 0.917136
v 0.216989 -0.257911 0.980305
v 0.143085 -0.283124 0.974288
v 0.911916 0.000000 0.682126
v 0.793997 0.081642 0.747285
v 0.851659 0.041790 0.715312
v 0.881907 -0.043274 0.740717
v 0.775801 -0.079771 0.730159
v 0.569721 0.235389 0.877931
v 0.622994 0.196977 0.842415
v 0.630881 0.040416 0.855066
v 0.626757 0.118229 0.848817
v 0.562916 0.076243 0.867446
v 0.709542 0.166488 0.847461
v 0.728764 0.120556 0.773687
v 0.600660 -0.189915 0.812215
v 0.541843 -0.223871 0.834971
v 0.710172 -0.117480 0.753949
v 0.647731 -0.151985 0.773635
v 0.555714 -0.075267 0.856347
v 0.607268 -0.114552 0.822423
v 0.627544 -0.040202 0.850544
v 0.758900 0.041842 0.805046
v 0.694252 0.000000 0.831720
v 0.744583 -0.041053 0.789858
v 0.070215 0.429877 0.907237
v 0.064215 0.278678 0.876206
v 0.068252 0.357215 0.908139
v 0.142788 0.414159 0.925663
v 0.203368 0.372240 0.883951
v 0.070343 0.039334 1.000682
v 0.067995 0.101797 0.962632
v 0.200686 0.175570 0.926255
v 0.133508 0.137375 0.934549
v 0.207431 0.115990 0.967339
v 0.064649 0.157722 0.907307
v 0.065714 0.220904 0.908818
v 0.400261 0.288713 0.859121
v 0.475990 0.266161 0.869636
v 0.268698 0.341085 0.868799
v 0.326333 0.308292 0.844601
v 0.321889 0.179992 0.870044
v 0.315521 0.237034 0.835149
v 0.259007 0.206221 0.874115
v 0.132842 0.262856 0.904543
v 0.194225 0.230853 0.877462
v 0.199340 0.300558 0.882968
v 0.486508 -0.192080 0.885894
v 0.482099 -0.038806 0.875094
v 0.472537 -0.111090 0.858651
v 0.406792 -0.150350 0.889422
v 0.340717 -0.113905 0.913042
v 0.473039 0.186762 0.861367
v 0.338175 0.113055 0.906232
v 0.402546 0.148781 0.880138
v 0.500463 0.117655 0.909394
v 0.496647 0.039977 0.901501
v 0.142832 0.000000 1.009651
v 0.274060 -0.076111 0.944340
v 0.210272 -0.039167 0.978323
v 0.213849 0.039833 0.994962
v 0.275496 0.076510 0.949289
v 0.404329 0.000000 0.879781
v 0.349961 0.039138 0.939241
v 0.336872 -0.037674 0.904111
v -0.563475 -0.764089 0.103558
v -0.515583 -0.768224 0.231029
v -0.536340 -0.761922 0.166553
v -0.585377 -0.703477 0.138147
v -0.624950 -0.668083 0.175798
v -0.416540 -0.773960 0.503509
v -0.470126 -0.821864 0.460169
v -0.590522 -0.712263 0.393041
v -0.536475 -0.771211 0.429016
v -0.563498 -0.707715 0.460412
v -0.482966 -0.797957 0.376665
v -0.492747 -0.772488 0.299372
v -0.730699 -0.544997 0.289058
v -0.772814 -0.507995 0.330483
v -0.683043 -0.647096 0.221477
v -0.705514 -0.594319 0.254749
v -0.654570 -0.589851 0.383735
v -0.687265 -0.598533 0.322675
v -0.619181 -0.630648 0.344370
v -0.542450 -0.711377 0.265669
v -0.595461 -0.687952 0.312987
v -0.597809 -0.663502 0.237810
v -0.115755 -0.542720 0.856224
v -0.251764 -0.484141 0.839272
v -0.182188 -0.505535 0.835534
v -0.156709 -0.572179 0.799997
v -0.200394 -0.613850 0.763467
v -0.520906 -0.371325 0.802708
v -0.444790 -0.391559 0.796389
v -0.398812 -0.516310 0.724532
v -0.419104 -0.451588 0.755282
v -0.473964 -0.499845 0.730371
v -0.375998 -0.415424 0.798539
v -0.319338 -0.452907 0.826073
v -0.356714 -0.776994 0.674242
v -0.386514 -0.778819 0.595611
v -0.245486 -0.652367 0.719042
v -0.288550 -0.688588 0.674862
v -0.439654 -0.646221 0.677501
v -0.366572 -0.672764 0.681662
v -0.384766 -0.596119 0.706390
v -0.299197 -0.526407 0.803162
v -0.332326 -0.544798 0.732288
v -0.263758 -0.571323 0.737741
v -0.829635 -0.096646 0.527185
v -0.854738 -0.220937 0.494298
v -0.851715 -0.160027 0.516617
v -0.806650 -0.136156 0.578384
v -0.747358 -0.169032 0.602405
v -0.815720 -0.456129 0.378290
v -0.839158 -0.403849 0.413622
v -0.753345 -0.357314 0.538189
v -0.816481 -0.390394 0.489403
v -0.756150 -0.422819 0.518784
v -0.840128 -0.340863 0.438155
v -0.864172 -0.287858 0.474983
v -0.655259 -0.298718 0.757010
v -0.591514 -0.330759 0.775399
v -0.730059 -0.214771 0.664022
v -0.694619 -0.255916 0.710523
v -0.704351 -0.393854 0.673515
v -0.702947 -0.325730 0.695510
v -0.742113 -0.348311 0.627835
v -0.832401 -0.267197 0.546938
v -0.758643 -0.296664 0.565820
v -0.782429 -0.241041 0.607450
v -0.469163 -0.753122 0.578959
v -0.518714 -0.617132 0.659128
v -0.497633 -0.688584 0.624199
v -0.545376 -0.716416 0.554477
v -0.595728 -0.653338 0.509869
v -0.580436 -0.405299 0.756936
v -0.689652 -0.467663 0.647329
v -0.622252 -0.427461 0.688156
v -0.555920 -0.471162 0.720081
v -0.520594 -0.524123 0.668752
v -0.783688 -0.517825 0.420674
v -0.666535 -0.611889 0.482745
v -0.712176 -0.554896 0.443491
v -0.762094 -0.506972 0.499901
v -0.712485 -0.477919 0.559798
v -0.591431 -0.575983 0.632892
v -0.658388 -0.530154 0.600688
v -0.618877 -0.584497 0.547576
v -0.112977 -0.529696 -0.835676
v -0.205738 -0.630219 -0.783825
v -0.159041 -0.580692 -0.811900
v -0.176227 -0.488996 -0.808199
v -0.243858 -0.468937 -0.812916
v -0.368192 -0.741902 -0.567379
v -0.318065 -0.692808 -0.601189
v -0.365091 -0.565636 -0.670268
v -0.340913 -0.625672 -0.633947
v -0.407674 -0.599215 -0.628219
v -0.278437 -0.664454 -0.651209
v -0.247759 -0.658405 -0.725698
v -0.466706 -0.410852 -0.835629
v -0.517739 -0.369068 -0.797828
v -0.319568 -0.453233 -0.826668
v -0.388496 -0.429232 -0.825083
v -0.475175 -0.501123 -0.732238
v -0.429954 -0.463280 -0.774835
v -0.402146 -0.520628 -0.730590
v -0.264425 -0.572768 -0.739607
v -0.317172 -0.519956 -0.698897
v -0.286840 -0.504666 -0.769992
v -0.552667 -0.749433 -0.101571
v -0.679111 -0.725983 -0.191033
v -0.636151 -0.764495 -0.150130
v -0.550590 -0.782166 -0.170979
v -0.542365 -0.808129 -0.243029
v -0.887075 -0.583102 -0.379344
v -0.846593 -0.631438 -0.334905
v -0.687972 -0.700712 -0.382630
v -0.758286 -0.660384 -0.356020
v -0.738619 -0.665591 -0.433008
v -0.811868 -0.683910 -0.293152
v -0.749292 -0.709858 -0.242958
v -0.436522 -0.763117 -0.427276
v -0.412693 -0.766812 -0.498859
v -0.509074 -0.798083 -0.309291
v -0.475674 -0.785910 -0.370979
v -0.577484 -0.725281 -0.471840
v -0.525995 -0.756146 -0.420635
v -0.603033 -0.727354 -0.401369
v -0.667718 -0.741094 -0.265620
v -0.615272 -0.710840 -0.323400
v -0.572046 -0.750190 -0.280164
v -0.852180 -0.099272 -0.541511
v -0.785547 -0.177669 -0.633187
v -0.836131 -0.141132 -0.599522
v -0.851431 -0.159974 -0.516445
v -0.865536 -0.223728 -0.500542
v -0.583929 -0.326518 -0.765456
v -0.634609 -0.289304 -0.733154
v -0.768821 -0.360846 -0.650431
v -0.693182 -0.321205 -0.685849
v -0.698435 -0.390546 -0.667858
v -0.697809 -0.257091 -0.713786
v -0.741413 -0.218112 -0.674349
v -0.933198 -0.449106 -0.459974
v -0.890276 -0.497819 -0.412865
v -0.909876 -0.303082 -0.500103
v -0.917500 -0.372254 -0.478507
v -0.788926 -0.441147 -0.541272
v -0.873617 -0.417714 -0.523651
v -0.786582 -0.373078 -0.561933
v -0.803021 -0.247385 -0.623436
v -0.818116 -0.319920 -0.610176
v -0.879293 -0.282249 -0.577748
v -0.459348 -0.737367 -0.566846
v -0.638944 -0.700733 -0.546856
v -0.538388 -0.707236 -0.547372
v -0.480886 -0.665412 -0.603194
v -0.509922 -0.606672 -0.647956
v -0.839086 -0.554430 -0.450412
v -0.705804 -0.473438 -0.554548
v -0.750076 -0.498978 -0.492018
v -0.746505 -0.581644 -0.464868
v -0.700080 -0.642685 -0.507041
v -0.554919 -0.387481 -0.723660
v -0.552348 -0.556092 -0.709543
v -0.544740 -0.461686 -0.705599
v -0.630351 -0.433025 -0.697113
v -0.672877 -0.456288 -0.631584
v -0.658428 -0.621851 -0.582570
v -0.665964 -0.536254 -0.607601
v -0.582022 -0.566819 -0.622823
v 0.919700 0.000000 -0.687949
v 0.784062 -0.080621 -0.737933
v 0.889284 -0.043636 -0.746913
v 0.871668 0.042772 -0.732117
v 0.793642 0.081606 -0.746950
v 0.566708 -0.234144 -0.873288
v 0.634293 -0.200549 -0.857693
v 0.609958 -0.039076 -0.826709
v 0.613339 -0.115698 -0.830644
v 0.562177 -0.076143 -0.866306
v 0.678584 -0.159224 -0.810484
v 0.748254 -0.123780 -0.794379
v 0.621932 0.196641 -0.840980
v 0.571065 0.235945 -0.880003
v 0.696560 0.115228 -0.739497
v 0.657080 0.154179 -0.784801
v 0.563229 0.076285 -0.867927
v 0.597106 0.112636 -0.808661
v 0.626747 0.040151 -0.849464
v 0.754509 -0.041600 -0.800389
v 0.697939 0.000000 -0.836136
v 0.740795 0.040844 -0.785841
v 0.065049 -0.398248 -0.840485
v 0.064896 -0.281631 -0.885492
v 0.062602 -0.327646 -0.832966
v 0.128945 -0.374006 -0.835920
v 0.190023 -0.347813 -0.825945
v 0.065216 -0.036467 -0.927746
v 0.067166 -0.100556 -0.950892
v 0.191423 -0.167466 -0.883503
v 0.134566 -0.138464 -0.941958
v 0.203029 -0.113528 -0.946812
v 0.065759 -0.160430 -0.922885
v 0.065041 -0.218640 -0.899504
v 0.428024 -0.308739 -0.918712
v 0.500478 -0.279854 -0.914377
v 0.266603 -0.338426 -0.862026
v 0.342056 -0.323146 -0.885295
v 0.345715 -0.193315 -0.934445
v 0.349000 -0.262185 -0.923764
v 0.277289 -0.220777 -0.935816
v 0.126186 -0.249685 -0.859218
v 0.199073 -0.236616 -0.899366
v 0.199149 -0.300270 -0.882123
v 0.064083 0.392336 -0.828008
v 0.192006 0.351443 -0.834565
v 0.125784 0.364837 -0.815427
v 0.064547 0.337821 -0.858834
v 0.065578 0.284591 -0.894799
v 0.478059 0.267318 -0.873417
v 0.414275 0.298821 -0.889201
v 0.274444 0.218512 -0.926212
v 0.340582 0.255861 -0.901483
v 0.344578 0.192679 -0.931372
v 0.341784 0.322889 -0.884591
v 0.269167 0.341681 -0.870316
v 0.067635 0.101258 -0.957528
v 0.066963 0.037444 -0.952601
v 0.066537 0.223672 -0.920205
v 0.067091 0.163680 -0.941582
v 0.206544 0.115494 -0.963202
v 0.135228 0.139145 -0.946591
v 0.207181 0.181252 -0.956237
v 0.197610 0.297950 -0.875306
v 0.199498 0.237121 -0.901286
v 0.129555 0.256351 -0.882156
v 0.504051 -0.199006 -0.917839
v 0.358289 -0.119779 -0.960133
v 0.430733 -0.159199 -0.941768
v 0.502200 -0.118064 -0.912552
v 0.494346 -0.039791 -0.897324
v 0.133145 0.000000 -0.941181
v 0.284102 0.078900 -0.978942
v 0.216341 0.040298 -1.006560
v 0.203894 -0.037979 -0.948648
v 0.279184 -0.077534 -0.961998
v 0.480419 0.189675 -0.874805
v 0.498672 0.040140 -0.905177
v 0.489614 0.115105 -0.889681
v 0.406382 0.150199 -0.888526
v 0.339404 0.113466 -0.909526
v 0.378816 -0.042365 -1.016683
v 0.370689 0.041456 -0.994871
v 0.446744 0.000000 -0.972072
v 0.991308 0.066110 0.470890
v 1.054390 0.066585 0.336190
v 1.048781 0.067919 0.413571
v 1.014994 0.134911 0.455266
v 0.972538 0.192800 0.410572
v 1.042493 0.063146 0.041080
v 1.027839 0.062559 0.108965
v 0.970259 0.181142 0.184371
v 0.993870 0.122343 0.146461
v 0.998106 0.184423 0.119979
v 1.020411 0.062651 0.177828
v 1.016270 0.063319 0.247641
v 0.949764 0.381285 0.319974
v 0.944129 0.445283 0.289684
v 0.951807 0.253652 0.374610
v 0.975298 0.324707 0.356890
v 0.922064 0.293948 0.191232
v 0.940402 0.306142 0.267577
v 0.962468 0.245739 0.227634
v 1.026336 0.129880 0.298996
v 0.980526 0.187017 0.258615
v 0.984516 0.191521 0.335964
v 0.958713 0.063936 -0.455407
v 0.990152 0.196292 -0.418007
v 0.970773 0.129033 -0.435430
v 0.977655 0.063313 -0.385523
v 1.028604 0.064957 -0.327968
v 0.933971 0.440492 -0.286568
v 0.910889 0.365678 -0.306877
v 1.022752 0.261131 -0.241892
v 0.981590 0.319551 -0.279296
v 1.035217 0.330021 -0.214699
v 0.967790 0.322208 -0.354143
v 0.972233 0.259096 -0.382649
v 1.074826 0.065419 -0.113947
v 1.029634 0.062367 -0.040573
v 1.062083 0.066174 -0.258805
v 1.085382 0.066640 -0.189150
v 1.101894 0.203601 -0.132455
v 1.092260 0.134455 -0.160960
v 1.094552 0.204346 -0.207990
v 0.978780 0.190406 -0.334007
v 1.048379 0.199959 -0.276512
v 1.017589 0.128773 -0.296448
v 0.623951 0.718763 0.000000
v 0.704341 0.644853 0.077143
v 0.677205 0.694761 0.039663
v 0.689901 0.707787 -0.040406
v 0.749801 0.686474 -0.082123
v 0.930292 0.520195 0.250053
v 0.893400 0.569310 0.209422
v 0.925031 0.588097 0.043833
v 0.915470 0.582471 0.127832
v 0.940988 0.526176 0.082914
v 0.841083 0.606796 0.165649
v 0.770093 0.625043 0.120296
v 0.899841 0.573414 -0.210932
v 0.946220 0.529101 -0.254334
v 0.812411 0.659390 -0.126907
v 0.838778 0.605133 -0.165195
v 0.979172 0.547527 -0.086278
v 0.924086 0.587953 -0.129035
v 0.889726 0.565651 -0.042160
v 0.765777 0.622029 0.039901
v 0.840249 0.604357 0.000000
v 0.797448 0.647755 -0.041551
v 1.030727 0.125644 0.000000
v 1.093259 0.273391 -0.088334
v 1.087553 0.201417 -0.043649
v 1.073964 0.198900 0.043104
v 1.030977 0.257816 0.083302
v 0.979934 0.463714 -0.213002
v 1.022745 0.485505 -0.045467
v 0.970895 0.460402 -0.125927
v 0.977937 0.385408 -0.165727
v 1.013426 0.325866 -0.126745
v 0.925937 0.438162 0.201265
v 0.977483 0.314309 0.122249
v 0.924377 0.364300 0.156651
v 0.976424 0.463024 0.126644
v 0.982518 0.466409 0.043678
v 1.012288 0.325007 -0.042287
v 1.008755 0.399476 0.000000
v 1.019007 0.327164 0.042568
f 1 643 645
f 163 644 643
f 165 645 644
f 643 644 645
f 43 646 648
f 164 647 646
f 163 648 647
f 646 647 648
f 45 649 651
f 165 650 649
f 164 651 650
f 649 650 651
f 163 647 644
f 164 650 647
f 165 644 650
f 647 650 644
f 13 652 654
f 166 653 652
f 168 654 653
f 652 653 654
f 44 655 657
f 167 656 655
f 166 657 656
f 655 656 657
f 43 658 660
f 168 659 658
f 167 660 659
f 658 659 660
f 166 656 653
f 167 659 656
f 168 653 659
f 656 659 653
f 15 661 663
f 169 662 661
f 171 663 662
f 661 662 663
f 45 664 666
f 170 665 664
f 169 666 665
f 664 665 666
f 44 667 669
f 171 668 667
f 170 669 668
f 667 668 669
f 169 665 662
f 170 668 665
f 171 662 668
f 665 668 662
f 43 660 646
f 167 670 660
f 164 646 670
f 660 670 646
f 44 669 655
f 170 671 669
f 167 655 671
f 669 671 655
f 45 651 664
f 164 672 651
f 170 664 672
f 651 672 664
f 167 671 670
f 170 672 671
f 164 670 672
f 671 672 670
f 12 673 675
f 172 674 673
f 174 675 674
f 673 674 675
f 46 676 678
f 173 677 676
f 172 678 677
f 676 677 678
f 48 679 681
f 174 680 679
f 173 681 680
f 679 680 681
f 172 677 674
f 173 680 677
f 174 674 680
f 677 680 674
f 14 682 684
f 175 683 682
f 177 684 683
f 682 683 684
f 47 685 687
f 176 686 685
f 175 687 686
f 685 686 687
f 46 688 690
f 177 689 688
f 176 690 689
f 688 689 690
f 175 686 683
f 176 689 686
f 177 683 689
f 686 689 683
f 13 691 693
f 178 692 691
f 180 693 692
f 691 692 693
f 48 694 696
f 179 695 694
f 178 696 695
f 694 695 696
f 47 697 699
f 180 698 697
f 179 699 698
f 697 698 699
f 178 695 692
f 179 698 695
f 180 692 698
f 695 698 692
f 46 690 676
f 176 700 690
f 173 676 700
f 690 700 676
f 47 699 685
f 179 701 699
f 176 685 701
f 699 701 685
f 48 681 694
f 173 702 681
f 179 694 702
f 681 702 694
f 176 701 700
f 179 702 701
f 173 700 702
f 701 702 700
f 6 703 705
f 181 704 703
f 183 705 704
f 703 704 705
f 49 706 708
f 182 707 706
f 181 708 707
f 706 707 708
f 51 709 711
f 183 710 709
f 182 711 710
f 709 710 711
f 181 707 704
f 182 710 707
f 183 704 710
f 707 710 704
f 15 712 714
f 184 713 712
f 186 714 713
f 712 713 714
f 50 715 717
f 185 716 715
f 184 717 716
f 715 716 717
f 49 718 720
f 186 719 718
f 185 720 719
f 718 719 720
f 184 716 713
f 185 719 716
f 186 713 719
f 716 719 713
f 14 721 723
f 187 722 721
f 189 723 722
f 721 722 723
f 51 724 726
f 188 725 724
f 187 726 725
f 724 725 726
f 50 727 729
f 189 728 727
f 188 729 728
f 727 728 729
f 187 725 722
f 188 728 725
f 189 722 728
f 725 728 722
f 49 720 706
f 185 730 720
f 182 706 730
f 720 730 706
f 50 729 715
f 188 731 729
f 185 715 731
f 729 731 715
f 51 711 724
f 182 732 711
f 188 724 732
f 711 732 724
f 185 731 730
f 188 732 731
f 182 730 732
f 731 732 730
f 13 693 652
f 180 733 693
f 166 652 733
f 693 733 652
f 47 734 697
f 190 735 734
f 180 697 735
f 734 735 697
f 44 657 737
f 166 736 657
f 190 737 736
f 657 736 737
f 180 735 733
f 190 736 735
f 166 733 736
f 735 736 733
f 14 723 682
f 189 738 723
f 175 682 738
f 723 738 682
f 50 739 727
f 191 740 739
f 189 727 740
f 739 740 727
f 47 687 742
f 175 741 687
f 191 742 741
f 687 741 742
f 189 740 738
f 191 741 740
f 175 738 741
f 740 741 738
f 15 663 712
f 171 743 663
f 184 712 743
f 663 743 712
f 44 744 667
f 192 745 744
f 171 667 745
f 744 745 667
f 50 717 747
f 184 746 717
f 192 747 746
f 717 746 747
f 171 745 743
f 192 746 745
f 184 743 746
f 745 746 743
f 47 742 734
f 191 748 742
f 190 734 748
f 742 748 734
f 50 747 739
f 192 749 747
f 191 739 749
f 747 749 739
f 44 737 744
f 190 750 737
f 192 744 750
f 737 750 744
f 191 749 748
f 192 750 749
f 190 748 750
f 749 750 748
f 1 645 752
f 165 751 645
f 194 752 751
f 645 751 752
f 45 753 649
f 193 754 753
f 165 649 754
f 753 754 649
f 53 755 757
f 194 756 755
f 193 757 756
f 755 756 757
f 165 754 751
f 193 756 754
f 194 751 756
f 754 756 751
f 15 758 661
f 195 759 758
f 169 661 759
f 758 759 661
f 52 760 762
f 196 761 760
f 195 762 761
f 760 761 762
f 45 666 764
f 169 763 666
f 196 764 763
f 666 763 764
f 195 761 759
f 196 763 761
f 169 759 763
f 761 763 759
f 17 765 767
f 197 766 765
f 199 767 766
f 765 766 767
f 53 768 770
f 198 769 768
f 197 770 769
f 768 769 770
f 52 771 773
f 199 772 771
f 198 773 772
f 771 772 773
f 197 769 766
f 198 772 769
f 199 766 772
f 769 772 766
f 45 764 753
f 196 774 764
f 193 753 774
f 764 774 753
f 52 773 760
f 198 775 773
f 196 760 775
f 773 775 760
f 53 757 768
f 193 776 757
f 198 768 776
f 757 776 768
f 196 775 774
f 198 776 775
f 193 774 776
f 775 776 774
f 6 777 703
f 200 778 777
f 181 703 778
f 777 778 703
f 54 779 781
f 201 780 779
f 200 781 780
f 779 780 781
f 49 708 783
f 181 782 708
f 201 783 782
f 708 782 783
f 200 780 778
f 201 782 780
f 181 778 782
f 780 782 778
f 16 784 786
f 202 785 784
f 204 786 785
f 784 785 786
f 55 787 789
f 203 788 787
f 202 789 788
f 787 788 789
f 54 790 792
f 204 791 790
f 203 792 791
f 790 791 792
f 202 788 785
f 203 791 788
f 204 785 791
f 788 791 785
f 15 714 794
f 186 793 714
f 206 794 793
f 714 793 794
f 49 795 718
f 205 796 795
f 186 718 796
f 795 796 718
f 55 797 799
f 206 798 797
f 205 799 798
f 797 798 799
f 186 796 793
f 205 798 796
f 206 793 798
f 796 798 793
f 54 792 779
f 203 800 792
f 201 779 800
f 792 800 779
f 55 799 787
f 205 801 799
f 203 787 801
f 799 801 787
f 49 783 795
f 201 802 783
f 205 795 802
f 783 802 795
f 203 801 800
f 205 802 801
f 201 800 802
f 801 802 800
f 2 803 805
f 207 804 803
f 209 805 804
f 803 804 805
f 56 806 808
f 208 807 806
f 207 808 807
f 806 807 808
f 58 809 811
f 209 810 809
f 208 811 810
f 809 810 811
f 207 807 804
f 208 810 807
f 209 804 810
f 807 810 804
f 17 812 814
f 210 813 812
f 212 814 813
f 812 813 814
f 57 815 817
f 211 816 815
f 210 817 816
f 815 816 817
f 56 818 820
f 212 819 818
f 211 820 819
f 818 819 820
f 210 816 813
f 211 819 816
f 212 813 819
f 816 819 813
f 16 821 823
f 213 822 821
f 215 823 822
f 821 822 823
f 58 824 826
f 214 825 824
f 213 826 825
f 824 825 826
f 57 827 829
f 215 828 827
f 214 829 828
f 827 828 829
f 213 825 822
f 214 828 825
f 215 822 828
f 825 828 822
f 56 820 806
f 211 830 820
f 208 806 830
f 820 830 806
f 57 829 815
f 214 831 829
f 211 815 831
f 829 831 815
f 58 811 824
f 208 832 811
f 214 824 832
f 811 832 824
f 211 831 830
f 214 832 831
f 208 830 832
f 831 832 830
f 15 794 758
f 206 833 794
f 195 758 833
f 794 833 758
f 55 834 797
f 216 835 834
f 206 797 835
f 834 835 797
f 52 762 837
f 195 836 762
f 216 837 836
f 762 836 837
f 206 835 833
f 216 836 835
f 195 833 836
f 835 836 833
f 16 823 784
f 215 838 823
f 202 784 838
f 823 838 784
f 57 839 827
f 217 840 839
f 215 827 840
f 839 840 827
f 55 789 842
f 202 841 789
f 217 842 841
f 789 841 842
f 215 840 838
f 217 841 840
f 202 838 841
f 840 841 838
f 17 767 812
f 199 843 767
f 210 812 843
f 767 843 812
f 52 844 771
f 218 845 844
f 199 771 845
f 844 845 771
f 57 817 847
f 210 846 817
f 218 847 846
f 817 846 847
f 199 845 843
f 218 846 845
f 210 843 846
f 845 846 843
f 55 842 834
f 217 848 842
f 216 834 848
f 842 848 834
f 57 847 839
f 218 849 847
f 217 839 849
f 847 849 839
f 52 837 844
f 216 850 837
f 218 844 850
f 837 850 844
f 217 849 848
f 218 850 849
f 216 848 850
f 849 850 848
f 1 752 852
f 194 851 752
f 220 852 851
f 752 851 852
f 53 853 755
f 219 854 853
f 194 755 854
f 853 854 755
f 60 855 857
f 220 856 855
f 219 857 856
f 855 856 857
f 194 854 851
f 219 856 854
f 220 851 856
f 854 856 851
f 17 858 765
f 221 859 858
f 197 765 859
f 858 859 765
f 59 860 862
f 222 861 860
f 221 862 861
f 860 861 862
f 53 770 864
f 197 863 770
f 222 864 863
f 770 863 864
f 221 861 859
f 222 863 861
f 197 859 863
f 861 863 859
f 19 865 867
f 223 866 865
f 225 867 866
f 865 866 867
f 60 868 870
f 224 869 868
f 223 870 869
f 868 869 870
f 59 871 873
f 225 872 871
f 224 873 872
f 871 872 873
f 223 869 866
f 224 872 869
f 225 866 872
f 869 872 866
f 53 864 853
f 222 874 864
f 219 853 874
f 864 874 853
f 59 873 860
f 224 875 873
f 222 860 875
f 873 875 860
f 60 857 868
f 219 876 857
f 224 868 876
f 857 876 868
f 222 875 874
f 224 876 875
f 219 874 876
f 875 876 874
f 2 877 803
f 226 878 877
f 207 803 878
f 877 878 803
f 61 879 881
f 227 880 879
f 226 881 880
f 879 880 881
f 56 808 883
f 207 882 808
f 227 883 882
f 808 882 883
f 226 880 878
f 227 882 880
f 207 878 882
f 880 882 878
f 18 884 886
f 228 885 884
f 230 886 885
f 884 885 886
f 62 887 889
f 229 888 887
f 228 889 888
f 887 888 889
f 61 890 892
f 230 891 890
f 229 892 891
f 890 891 892
f 228 888 885
f 229 891 888
f 230 885 891
f 888 891 885
f 17 814 894
f 212 893 814
f 232 894 893
f 814 893 894
f 56 895 818
f 231 896 895
f 212 818 896
f 895 896 818
f 62 897 899
f 232 898 897
f 231 899 898
f 897 898 899
f 212 896 893
f 231 898 896
f 232 893 898
f 896 898 893
f 61 892 879
f 229 900 892
f 227 879 900
f 892 900 879
f 62 899 887
f 231 901 899
f 229 887 901
f 899 901 887
f 56 883 895
f 227 902 883
f 231 895 902
f 883 902 895
f 229 901 900
f 231 902 901
f 227 900 902
f 901 902 900
f 8 903 905
f 233 904 903
f 235 905 904
f 903 904 905
f 63 906 908
f 234 907 906
f 233 908 907
f 906 907 908
f 65 909 911
f 235 910 909
f 234 911 910
f 909 910 911
f 233 907 904
f 234 910 907
f 235 904 910
f 907 910 904
f 19 912 914
f 236 913 912
f 238 914 913
f 912 913 914
f 64 915 917
f 237 916 915
f 236 917 916
f 915 916 917
f 63 918 920
f 238 919 918
f 237 920 919
f 918 919 920
f 236 916 913
f 237 919 916
f 238 913 919
f 916 919 913
f 18 921 923
f 239 922 921
f 241 923 922
f 921 922 923
f 65 924 926
f 240 925 924
f 239 926 925
f 924 925 926
f 64 927 929
f 241 928 927
f 240 929 928
f 927 928 929
f 239 925 922
f 240 928 925
f 241 922 928
f 925 928 922
f 63 920 906
f 237 930 920
f 234 906 930
f 920 930 906
f 64 929 915
f 240 931 929
f 237 915 931
f 929 931 915
f 65 911 924
f 234 932 911
f 240 924 932
f 911 932 924
f 237 931 930
f 240 932 931
f 234 930 932
f 931 932 930
f 17 894 858
f 232 933 894
f 221 858 933
f 894 933 858
f 62 934 897
f 242 935 934
f 232 897 935
f 934 935 897
f 59 862 937
f 221 936 862
f 242 937 936
f 862 936 937
f 232 935 933
f 242 936 935
f 221 933 936
f 935 936 933
f 18 923 884
f 241 938 923
f 228 884 938
f 923 938 884
f 64 939 927
f 243 940 939
f 241 927 940
f 939 940 927
f 62 889 942
f 228 941 889
f 243 942 941
f 889 941 942
f 241 940 938
f 243 941 940
f 228 938 941
f 940 941 938
f 19 867 912
f 225 943 867
f 236 912 943
f 867 943 912
f 59 944 871
f 244 945 944
f 225 871 945
f 944 945 871
f 64 917 947
f 236 946 917
f 244 947 946
f 917 946 947
f 225 945 943
f 244 946 945
f 236 943 946
f 945 946 943
f 62 942 934
f 243 948 942
f 242 934 948
f 942 948 934
f 64 947 939
f 244 949 947
f 243 939 949
f 947 949 939
f 59 937 944
f 242 950 937
f 244 944 950
f 937 950 944
f 243 949 948
f 244 950 949
f 242 948 950
f 949 950 948
f 1 852 952
f 220 951 852
f 246 952 951
f 852 951 952
f 60 953 855
f 245 954 953
f 220 855 954
f 953 954 855
f 67 955 957
f 246 956 955
f 245 957 956
f 955 956 957
f 220 954 951
f 245 956 954
f 246 951 956
f 954 956 951
f 19 958 865
f 247 959 958
f 223 865 959
f 958 959 865
f 66 960 962
f 248 961 960
f 247 962 961
f 960 961 962
f 60 870 964
f 223 963 870
f 248 964 963
f 870 963 964
f 247 961 959
f 248 963 961
f 223 959 963
f 961 963 959
f 21 965 967
f 249 966 965
f 251 967 966
f 965 966 967
f 67 968 970
f 250 969 968
f 249 970 969
f 968 969 970
f 66 971 973
f 251 972 971
f 250 973 972
f 971 972 973
f 249 969 966
f 250 972 969
f 251 966 972
f 969 972 966
f 60 964 953
f 248 974 964
f 245 953 974
f 964 974 953
f 66 973 960
f 250 975 973
f 248 960 975
f 973 975 960
f 67 957 968
f 245 976 957
f 250 968 976
f 957 976 968
f 248 975 974
f 250 976 975
f 245 974 976
f 975 976 974
f 8 977 903
f 252 978 977
f 233 903 978
f 977 978 903
f 68 979 981
f 253 980 979
f 252 981 980
f 979 980 981
f 63 908 983
f 233 982 908
f 253 983 982
f 908 982 983
f 252 980 978
f 253 982 980
f 233 978 982
f 980 982 978
f 20 984 986
f 254 985 984
f 256 986 985
f 984 985 986
f 69 987 989
f 255 988 987
f 254 989 988
f 987 988 989
f 68 990 992
f 256 991 990
f 255 992 991
f 990 991 992
f 254 988 985
f 255 991 988
f 256 985 991
f 988 991 985
f 19 914 994
f 238 993 914
f 258 994 993
f 914 993 994
f 63 995 918
f 257 996 995
f 238 918 996
f 995 996 918
f 69 997 999
f 258 998 997
f 257 999 998
f 997 998 999
f 238 996 993
f 257 998 996
f 258 993 998
f 996 998 993
f 68 992 979
f 255 1000 992
f 253 979 1000
f 992 1000 979
f 69 999 987
f 257 1001 999
f 255 987 1001
f 999 1001 987
f 63 983 995
f 253 1002 983
f 257 995 1002
f 983 1002 995
f 255 1001 1000
f 257 1002 1001
f 253 1000 1002
f 1001 1002 1000
f 11 1003 1005
f 259 1004 1003
f 261 1005 1004
f 1003 1004 1005
f 70 1006 1008
f 260 1007 1006
f 259 1008 1007
f 1006 1007 1008
f 72 1009 1011
f 261 1010 1009
f 260 1011 1010
f 1009 1010 1011
f 259 1007 1004
f 260 1010 1007
f 261 1004 1010
f 1007 1010 1004
f 21 1012 1014
f 262 1013 1012
f 264 1014 1013
f 1012 1013 1014
f 71 1015 1017
f 263 1016 1015
f 262 1017 1016
f 1015 1016 1017
f 70 1018 1020
f 264 1019 1018
f 263 1020 1019
f 1018 1019 1020
f 262 1016 1013
f 263 1019 1016
f 264 1013 1019
f 1016 1019 1013
f 20 1021 1023
f 265 1022 1021
f 267 1023 1022
f 1021 1022 1023
f 72 1024 1026
f 266 1025 1024
f 265 1026 1025
f 1024 1025 1026
f 71 1027 1029
f 267 1028 1027
f 266 1029 1028
f 1027 1028 1029
f 265 1025 1022
f 266 1028 1025
f 267 1022 1028
f 1025 1028 1022
f 70 1020 1006
f 263 1030 1020
f 260 1006 1030
f 1020 1030 1006
f 71 1029 1015
f 266 1031 1029
f 263 1015 1031
f 1029 1031 1015
f 72 1011 1024
f 260 1032 1011
f 266 1024 1032
f 1011 1032 1024
f 263 1031 1030
f 266 1032 1031
f 260 1030 1032
f 1031 1032 1030
f 19 994 958
f 258 1033 994
f 247 958 1033
f 994 1033 958
f 69 1034 997
f 268 1035 1034
f 258 997 1035
f 1034 1035 997
f 66 962 1037
f 247 1036 962
f 268 1037 1036
f 962 1036 1037
f 258 1035 1033
f 268 1036 1035
f 247 1033 1036
f 1035 1036 1033
f 20 1023 984
f 267 1038 1023
f 254 984 1038
f 1023 1038 984
f 71 1039 1027
f 269 1040 1039
f 267 1027 1040
f 1039 1040 1027
f 69 989 1042
f 254 1041 989
f 269 1042 1041
f 989 1041 1042
f 267 1040 1038
f 269 1041 1040
f 254 1038 1041
f 1040 1041 1038
f 21 967 1012
f 251 1043 967
f 262 1012 1043
f 967 1043 1012
f 66 1044 971
f 270 1045 1044
f 251 971 1045
f 1044 1045 971
f 71 1017 1047
f 262 1046 1017
f 270 1047 1046
f 1017 1046 1047
f 251 1045 1043
f 270 1046 1045
f 262 1043 1046
f 1045 1046 1043
f 69 1042 1034
f 269 1048 1042
f 268 1034 1048
f 1042 1048 1034
f 71 1047 1039
f 270 1049 1047
f 269 1039 1049
f 1047 1049 1039
f 66 1037 1044
f 268 1050 1037
f 270 1044 1050
f 1037 1050 1044
f 269 1049 1048
f 270 1050 1049
f 268 1048 1050
f 1049 1050 1048
f 1 952 643
f 246 1051 952
f 163 643 1051
f 952 1051 643
f 67 1052 955
f 271 1053 1052
f 246 955 1053
f 1052 1053 955
f 43 648 1055
f 163 1054 648
f 271 1055 1054
f 648 1054 1055
f 246 1053 1051
f 271 1054 1053
f 163 1051 1054
f 1053 1054 1051
f 21 1056 965
f 272 1057 1056
f 249 965 1057
f 1056 1057 965
f 73 1058 1060
f 273 1059 1058
f 272 1060 1059
f 1058 1059 1060
f 67 970 1062
f 249 1061 970
f 273 1062 1061
f 970 1061 1062
f 272 1059 1057
f 273 1061 1059
f 249 1057 1061
f 1059 1061 1057
f 13 654 1064
f 168 1063 654
f 275 1064 1063
f 654 1063 1064
f 43 1065 658
f 274 1066 1065
f 168 658 1066
f 1065 1066 658
f 73 1067 1069
f 275 1068 1067
f 274 1069 1068
f 1067 1068 1069
f 168 1066 1063
f 274 1068 1066
f 275 1063 1068
f 1066 1068 1063
f 67 1062 1052
f 273 1070 1062
f 271 1052 1070
f 1062 1070 1052
f 73 1069 1058
f 274 1071 1069
f 273 1058 1071
f 1069 1071 1058
f 43 1055 1065
f 271 1072 1055
f 274 1065 1072
f 1055 1072 1065
f 273 1071 1070
f 274 1072 1071
f 271 1070 1072
f 1071 1072 1070
f 11 1073 1003
f 276 1074 1073
f 259 1003 1074
f 1073 1074 1003
f 74 1075 1077
f 277 1076 1075
f 276 1077 1076
f 1075 1076 1077
f 70 1008 1079
f 259 1078 1008
f 277 1079 1078
f 1008 1078 1079
f 276 1076 1074
f 277 1078 1076
f 259 1074 1078
f 1076 1078 1074
f 22 1080 1082
f 278 1081 1080
f 280 1082 1081
f 1080 1081 1082
f 75 1083 1085
f 279 1084 1083
f 278 1085 1084
f 1083 1084 1085
f 74 1086 1088
f 280 1087 1086
f 279 1088 1087
f 1086 1087 1088
f 278 1084 1081
f 279 1087 1084
f 280 1081 1087
f 1084 1087 1081
f 21 1014 1090
f 264 1089 1014
f 282 1090 1089
f 1014 1089 1090
f 70 1091 1018
f 281 1092 1091
f 264 1018 1092
f 1091 1092 1018
f 75 1093 1095
f 282 1094 1093
f 281 1095 1094
f 1093 1094 1095
f 264 1092 1089
f 281 1094 1092
f 282 1089 1094
f 1092 1094 1089
f 74 1088 1075
f 279 1096 1088
f 277 1075 1096
f 1088 1096 1075
f 75 1095 1083
f 281 1097 1095
f 279 1083 1097
f 1095 1097 1083
f 70 1079 1091
f 277 1098 1079
f 281 1091 1098
f 1079 1098 1091
f 279 1097 1096
f 281 1098 1097
f 277 1096 1098
f 1097 1098 1096
f 12 675 1100
f 174 1099 675
f 284 1100 1099
f 675 1099 1100
f 48 1101 679
f 283 1102 1101
f 174 679 1102
f 1101 1102 679
f 77 1103 1105
f 284 1104 1103
f 283 1105 1104
f 1103 1104 1105
f 174 1102 1099
f 283 1104 1102
f 284 1099 1104
f 1102 1104 1099
f 13 1106 691
f 285 1107 1106
f 178 691 1107
f 1106 1107 691
f 76 1108 1110
f 286 1109 1108
f 285 1110 1109
f 1108 1109 1110
f 48 696 1112
f 178 1111 696
f 286 1112 1111
f 696 1111 1112
f 285 1109 1107
f 286 1111 1109
f 178 1107 1111
f 1109 1111 1107
f 22 1113 1115
f 287 1114 1113
f 289 1115 1114
f 1113 1114 1115
f 77 1116 1118
f 288 1117 1116
f 287 1118 1117
f 1116 1117 1118
f 76 1119 1121
f 289 1120 1119
f 288 1121 1120
f 1119 1120 1121
f 287 1117 1114
f 288 1120 1117
f 289 1114 1120
f 1117 1120 1114
f 48 1112 1101
f 286 1122 1112
f 283 1101 1122
f 1112 1122 1101
f 76 1121 1108
f 288 1123 1121
f 286 1108 1123
f 1121 1123 1108
f 77 1105 1116
f 283 1124 1105
f 288 1116 1124
f 1105 1124 1116
f 286 1123 1122
f 288 1124 1123
f 283 1122 1124
f 1123 1124 1122
f 21 1090 1056
f 282 1125 1090
f 272 1056 1125
f 1090 1125 1056
f 75 1126 1093
f 290 1127 1126
f 282 1093 1127
f 1126 1127 1093
f 73 1060 1129
f 272 1128 1060
f 290 1129 1128
f 1060 1128 1129
f 282 1127 1125
f 290 1128 1127
f 272 1125 1128
f 1127 1128 1125
f 22 1115 1080
f 289 1130 1115
f 278 1080 1130
f 1115 1130 1080
f 76 1131 1119
f 291 1132 1131
f 289 1119 1132
f 1131 1132 1119
f 75 1085 1134
f 278 1133 1085
f 291 1134 1133
f 1085 1133 1134
f 289 1132 1130
f 291 1133 1132
f 278 1130 1133
f 1132 1133 1130
f 13 1064 1106
f 275 1135 1064
f 285 1106 1135
f 1064 1135 1106
f 73 1136 1067
f 292 1137 1136
f 275 1067 1137
f 1136 1137 1067
f 76 1110 1139
f 285 1138 1110
f 292 1139 1138
f 1110 1138 1139
f 275 1137 1135
f 292 1138 1137
f 285 1135 1138
f 1137 1138 1135
f 75 1134 1126
f 291 1140 1134
f 290 1126 1140
f 1134 1140 1126
f 76 1139 1131
f 292 1141 1139
f 291 1131 1141
f 1139 1141 1131
f 73 1129 1136
f 290 1142 1129
f 292 1136 1142
f 1129 1142 1136
f 291 1141 1140
f 292 1142 1141
f 290 1140 1142
f 1141 1142 1140
f 2 805 1144
f 209 1143 805
f 294 1144 1143
f 805 1143 1144
f 58 1145 809
f 293 1146 1145
f 209 809 1146
f 1145 1146 809
f 79 1147 1149
f 294 1148 1147
f 293 1149 1148
f 1147 1148 1149
f 209 1146 1143
f 293 1148 1146
f 294 1143 1148
f 1146 1148 1143
f 16 1150 821
f 295 1151 1150
f 213 821 1151
f 1150 1151 821
f 78 1152 1154
f 296 1153 1152
f 295 1154 1153
f 1152 1153 1154
f 58 826 1156
f 213 1155 826
f 296 1156 1155
f 826 1155 1156
f 295 1153 1151
f 296 1155 1153
f 213 1151 1155
f 1153 1155 1151
f 24 1157 1159
f 297 1158 1157
f 299 1159 1158
f 1157 1158 1159
f 79 1160 1162
f 298 1161 1160
f 297 1162 1161
f 1160 1161 1162
f 78 1163 1165
f 299 1164 1163
f 298 1165 1164
f 1163 1164 1165
f 297 1161 1158
f 298 1164 1161
f 299 1158 1164
f 1161 1164 1158
f 58 1156 1145
f 296 1166 1156
f 293 1145 1166
f 1156 1166 1145
f 78 1165 1152
f 298 1167 1165
f 296 1152 1167
f 1165 1167 1152
f 79 1149 1160
f 293 1168 1149
f 298 1160 1168
f 1149 1168 1160
f 296 1167 1166
f 298 1168 1167
f 293 1166 1168
f 1167 1168 1166
f 6 1169 777
f 300 1170 1169
f 200 777 1170
f 1169 1170 777
f 80 1171 1173
f 301 1172 1171
f 300 1173 1172
f 1171 1172 1173
f 54 781 1175
f 200 1174 781
f 301 1175 1174
f 781 1174 1175
f 300 1172 1170
f 301 1174 1172
f 200 1170 1174
f 1172 1174 1170
f 23 1176 1178
f 302 1177 1176
f 304 1178 1177
f 1176 1177 1178
f 81 1179 1181
f 303 1180 1179
f 302 1181 1180
f 1179 1180 1181
f 80 1182 1184
f 304 1183 1182
f 303 1184 1183
f 1182 1183 1184
f 302 1180 1177
f 303 1183 1180
f 304 1177 1183
f 1180 1183 1177
f 16 786 1186
f 204 1185 786
f 306 1186 1185
f 786 1185 1186
f 54 1187 790
f 305 1188 1187
f 204 790 1188
f 1187 1188 790
f 81 1189 1191
f 306 1190 1189
f 305 1191 1190
f 1189 1190 1191
f 204 1188 1185
f 305 1190 1188
f 306 1185 1190
f 1188 1190 1185
f 80 1184 1171
f 303 1192 1184
f 301 1171 1192
f 1184 1192 1171
f 81 1191 1179
f 305 1193 1191
f 303 1179 1193
f 1191 1193 1179
f 54 1175 1187
f 301 1194 1175
f 305 1187 1194
f 1175 1194 1187
f 303 1193 1192
f 305 1194 1193
f 301 1192 1194
f 1193 1194 1192
f 10 1195 1197
f 307 1196 1195
f 309 1197 1196
f 1195 1196 1197
f 82 1198 1200
f 308 1199 1198
f 307 1200 1199
f 1198 1199 1200
f 84 1201 1203
f 309 1202 1201
f 308 1203 1202
f 1201 1202 1203
f 307 1199 1196
f 308 1202 1199
f 309 1196 1202
f 1199 1202 1196
f 24 1204 1206
f 310 1205 1204
f 312 1206 1205
f 1204 1205 1206
f 83 1207 1209
f 311 1208 1207
f 310 1209 1208
f 1207 1208 1209
f 82 1210 1212
f 312 1211 1210
f 311 1212 1211
f 1210 1211 1212
f 310 1208 1205
f 311 1211 1208
f 312 1205 1211
f 1208 1211 1205
f 23 1213 1215
f 313 1214 1213
f 315 1215 1214
f 1213 1214 1215
f 84 1216 1218
f 314 1217 1216
f 313 1218 1217
f 1216 1217 1218
f 83 1219 1221
f 315 1220 1219
f 314 1221 1220
f 1219 1220 1221
f 313 1217 1214
f 314 1220 1217
f 315 1214 1220
f 1217 1220 1214
f 82 1212 1198
f 311 1222 1212
f 308 1198 1222
f 1212 1222 1198
f 83 1221 1207
f 314 1223 1221
f 311 1207 1223
f 1221 1223 1207
f 84 1203 1216
f 308 1224 1203
f 314 1216 1224
f 1203 1224 1216
f 311 1223 1222
f 314 1224 1223
f 308 1222 1224
f 1223 1224 1222
f 16 1186 1150
f 306 1225 1186
f 295 1150 1225
f 1186 1225 1150
f 81 1226 1189
f 316 1227 1226
f 306 1189 1227
f 1226 1227 1189
f 78 1154 1229
f 295 1228 1154
f 316 1229 1228
f 1154 1228 1229
f 306 1227 1225
f 316 1228 1227
f 295 1225 1228
f 1227 1228 1225
f 23 1215 1176
f 315 1230 1215
f 302 1176 1230
f 1215 1230 1176
f 83 1231 1219
f 317 1232 1231
f 315 1219 1232
f 1231 1232 1219
f 81 1181 1234
f 302 1233 1181
f 317 1234 1233
f 1181 1233 1234
f 315 1232 1230
f 317 1233 1232
f 302 1230 1233
f 1232 1233 1230
f 24 1159 1204
f 299 1235 1159
f 310 1204 1235
f 1159 1235 1204
f 78 1236 1163
f 318 1237 1236
f 299 1163 1237
f 1236 1237 1163
f 83 1209 1239
f 310 1238 1209
f 318 1239 1238
f 1209 1238 1239
f 299 1237 1235
f 318 1238 1237
f 310 1235 1238
f 1237 1238 1235
f 81 1234 1226
f 317 1240 1234
f 316 1226 1240
f 1234 1240 1226
f 83 1239 1231
f 318 1241 1239
f 317 1231 1241
f 1239 1241 1231
f 78 1229 1236
f 316 1242 1229
f 318 1236 1242
f 1229 1242 1236
f 317 1241 1240
f 318 1242 1241
f 316 1240 1242
f 1241 1242 1240
f 6 705 1244
f 183 1243 705
f 320 1244 1243
f 705 1243 1244
f 51 1245 709
f 319 1246 1245
f 183 709 1246
f 1245 1246 709
f 86 1247 1249
f 320 1248 1247
f 319 1249 1248
f 1247 1248 1249
f 183 1246 1243
f 319 1248 1246
f 320 1243 1248
f 1246 1248 1243
f 14 1250 721
f 321 1251 1250
f 187 721 1251
f 1250 1251 721
f 85 1252 1254
f 322 1253 1252
f 321 1254 1253
f 1252 1253 1254
f 51 726 1256
f 187 1255 726
f 322 1256 1255
f 726 1255 1256
f 321 1253 1251
f 322 1255 1253
f 187 1251 1255
f 1253 1255 1251
f 26 1257 1259
f 323 1258 1257
f 325 1259 1258
f 1257 1258 1259
f 86 1260 1262
f 324 1261 1260
f 323 1262 1261
f 1260 1261 1262
f 85 1263 1265
f 325 1264 1263
f 324 1265 1264
f 1263 1264 1265
f 323 1261 1258
f 324 1264 1261
f 325 1258 1264
f 1261 1264 1258
f 51 1256 1245
f 322 1266 1256
f 319 1245 1266
f 1256 1266 1245
f 85 1265 1252
f 324 1267 1265
f 322 1252 1267
f 1265 1267 1252
f 86 1249 1260
f 319 1268 1249
f 324 1260 1268
f 1249 1268 1260
f 322 1267 1266
f 324 1268 1267
f 319 1266 1268
f 1267 1268 1266
f 12 1269 673
f 326 1270 1269
f 172 673 1270
f 1269 1270 673
f 87 1271 1273
f 327 1272 1271
f 326 1273 1272
f 1271 1272 1273
f 46 678 1275
f 172 1274 678
f 327 1275 1274
f 678 1274 1275
f 326 1272 1270
f 327 1274 1272
f 172 1270 1274
f 1272 1274 1270
f 25 1276 1278
f 328 1277 1276
f 330 1278 1277
f 1276 1277 1278
f 88 1279 1281
f 329 1280 1279
f 328 1281 1280
f 1279 1280 1281
f 87 1282 1284
f 330 1283 1282
f 329 1284 1283
f 1282 1283 1284
f 328 1280 1277
f 329 1283 1280
f 330 1277 1283
f 1280 1283 1277
f 14 684 1286
f 177 1285 684
f 332 1286 1285
f 684 1285 1286
f 46 1287 688
f 331 1288 1287
f 177 688 1288
f 1287 1288 688
f 88 1289 1291
f 332 1290 1289
f 331 1291 1290
f 1289 1290 1291
f 177 1288 1285
f 331 1290 1288
f 332 1285 1290
f 1288 1290 1285
f 87 1284 1271
f 329 1292 1284
f 327 1271 1292
f 1284 1292 1271
f 88 1291 1279
f 331 1293 1291
f 329 1279 1293
f 1291 1293 1279
f 46 1275 1287
f 327 1294 1275
f 331 1287 1294
f 1275 1294 1287
f 329 1293 1292
f 331 1294 1293
f 327 1292 1294
f 1293 1294 1292
f 5 1295 1297
f 333 1296 1295
f 335 1297 1296
f 1295 1296 1297
f 89 1298 1300
f 334 1299 1298
f 333 1300 1299
f 1298 1299 1300
f 91 1301 1303
f 335 1302 1301
f 334 1303 1302
f 1301 1302 1303
f 333 1299 1296
f 334 1302 1299
f 335 1296 1302
f 1299 1302 1296
f 26 1304 1306
f 336 1305 1304
f 338 1306 1305
f 1304 1305 1306
f 90 1307 1309
f 337 1308 1307
f 336 1309 1308
f 1307 1308 1309
f 89 1310 1312
f 338 1311 1310
f 337 1312 1311
f 1310 1311 1312
f 336 1308 1305
f 337 1311 1308
f 338 1305 1311
f 1308 1311 1305
f 25 1313 1315
f 339 1314 1313
f 341 1315 1314
f 1313 1314 1315
f 91 1316 1318
f 340 1317 1316
f 339 1318 1317
f 1316 1317 1318
f 90 1319 1321
f 341 1320 1319
f 340 1321 1320
f 1319 1320 1321
f 339 1317 1314
f 340 1320 1317
f 341 1314 1320
f 1317 1320 1314
f 89 1312 1298
f 337 1322 1312
f 334 1298 1322
f 1312 1322 1298
f 90 1321 1307
f 340 1323 1321
f 337 1307 1323
f 1321 1323 1307
f 91 1303 1316
f 334 1324 1303
f 340 1316 1324
f 1303 1324 1316
f 337 1323 1322
f 340 1324 1323
f 334 1322 1324
f 1323 1324 1322
f 14 1286 1250
f 332 1325 1286
f 321 1250 1325
f 1286 1325 1250
f 88 1326 1289
f 342 1327 1326
f 332 1289 1327
f 1326 1327 1289
f 85 1254 1329
f 321 1328 1254
f 342 1329 1328
f 1254 1328 1329
f 332 1327 1325
f 342 1328 1327
f 321 1325 1328
f 1327 1328 1325
f 25 1315 1276
f 341 1330 1315
f 328 1276 1330
f 1315 1330 1276
f 90 1331 1319
f 343 1332 1331
f 341 1319 1332
f 1331 1332 1319
f 88 1281 1334
f 328 1333 1281
f 343 1334 1333
f 1281 1333 1334
f 341 1332 1330
f 343 1333 1332
f 328 1330 1333
f 1332 1333 1330
f 26 1259 1304
f 325 1335 1259
f 336 1304 1335
f 1259 1335 1304
f 85 1336 1263
f 344 1337 1336
f 325 1263 1337
f 1336 1337 1263
f 90 1309 1339
f 336 1338 1309
f 344 1339 1338
f 1309 1338 1339
f 325 1337 1335
f 344 1338 1337
f 336 1335 1338
f 1337 1338 1335
f 88 1334 1326
f 343 1340 1334
f 342 1326 1340
f 1334 1340 1326
f 90 1339 1331
f 344 1341 1339
f 343 1331 1341
f 1339 1341 1331
f 85 1329 1336
f 342 1342 1329
f 344 1336 1342
f 1329 1342 1336
f 343 1341 1340
f 344 1342 1341
f 342 1340 1342
f 1341 1342 1340
f 12 1100 1344
f 284 1343 1100
f 346 1344 1343
f 1100 1343 1344
f 77 1345 1103
f 345 1346 1345
f 284 1103 1346
f 1345 1346 1103
f 93 1347 1349
f 346 1348 1347
f 345 1349 1348
f 1347 1348 1349
f 284 1346 1343
f 345 1348 1346
f 346 1343 1348
f 1346 1348 1343
f 22 1350 1113
f 347 1351 1350
f 287 1113 1351
f 1350 1351 1113
f 92 1352 1354
f 348 1353 1352
f 347 1354 1353
f 1352 1353 1354
f 77 1118 1356
f 287 1355 1118
f 348 1356 1355
f 1118 1355 1356
f 347 1353 1351
f 348 1355 1353
f 287 1351 1355
f 1353 1355 1351
f 28 1357 1359
f 349 1358 1357
f 351 1359 1358
f 1357 1358 1359
f 93 1360 1362
f 350 1361 1360
f 349 1362 1361
f 1360 1361 1362
f 92 1363 1365
f 351 1364 1363
f 350 1365 1364
f 1363 1364 1365
f 349 1361 1358
f 350 1364 1361
f 351 1358 1364
f 1361 1364 1358
f 77 1356 1345
f 348 1366 1356
f 345 1345 1366
f 1356 1366 1345
f 92 1365 1352
f 350 1367 1365
f 348 1352 1367
f 1365 1367 1352
f 93 1349 1360
f 345 1368 1349
f 350 1360 1368
f 1349 1368 1360
f 348 1367 1366
f 350 1368 1367
f 345 1366 1368
f 1367 1368 1366
f 11 1369 1073
f 352 1370 1369
f 276 1073 1370
f 1369 1370 1073
f 94 1371 1373
f 353 1372 1371
f 352 1373 1372
f 1371 1372 1373
f 74 1077 1375
f 276 1374 1077
f 353 1375 1374
f 1077 1374 1375
f 352 1372 1370
f 353 1374 1372
f 276 1370 1374
f 1372 1374 1370
f 27 1376 1378
f 354 1377 1376
f 356 1378 1377
f 1376 1377 1378
f 95 1379 1381
f 355 1380 1379
f 354 1381 1380
f 1379 1380 1381
f 94 1382 1384
f 356 1383 1382
f 355 1384 1383
f 1382 1383 1384
f 354 1380 1377
f 355 1383 1380
f 356 1377 1383
f 1380 1383 1377
f 22 1082 1386
f 280 1385 1082
f 358 1386 1385
f 1082 1385 1386
f 74 1387 1086
f 357 1388 1387
f 280 1086 1388
f 1387 1388 1086
f 95 1389 1391
f 358 1390 1389
f 357 1391 1390
f 1389 1390 1391
f 280 1388 1385
f 357 1390 1388
f 358 1385 1390
f 1388 1390 1385
f 94 1384 1371
f 355 1392 1384
f 353 1371 1392
f 1384 1392 1371
f 95 1391 1379
f 357 1393 1391
f 355 1379 1393
f 1391 1393 1379
f 74 1375 1387
f 353 1394 1375
f 357 1387 1394
f 1375 1394 1387
f 355 1393 1392
f 357 1394 1393
f 353 1392 1394
f 1393 1394 1392
f 3 1395 1397
f 359 1396 1395
f 361 1397 1396
f 1395 1396 1397
f 96 1398 1400
f 360 1399 1398
f 359 1400 1399
f 1398 1399 1400
f 98 1401 1403
f 361 1402 1401
f 360 1403 1402
f 1401 1402 1403
f 359 1399 1396
f 360 1402 1399
f 361 1396 1402
f 1399 1402 1396
f 28 1404 1406
f 362 1405 1404
f 364 1406 1405
f 1404 1405 1406
f 97 1407 1409
f 363 1408 1407
f 362 1409 1408
f 1407 1408 1409
f 96 1410 1412
f 364 1411 1410
f 363 1412 1411
f 1410 1411 1412
f 362 1408 1405
f 363 1411 1408
f 364 1405 1411
f 1408 1411 1405
f 27 1413 1415
f 365 1414 1413
f 367 1415 1414
f 1413 1414 1415
f 98 1416 1418
f 366 1417 1416
f 365 1418 1417
f 1416 1417 1418
f 97 1419 1421
f 367 1420 1419
f 366 1421 1420
f 1419 1420 1421
f 365 1417 1414
f 366 1420 1417
f 367 1414 1420
f 1417 1420 1414
f 96 1412 1398
f 363 1422 1412
f 360 1398 1422
f 1412 1422 1398
f 97 1421 1407
f 366 1423 1421
f 363 1407 1423
f 1421 1423 1407
f 98 1403 1416
f 360 1424 1403
f 366 1416 1424
f 1403 1424 1416
f 363 1423 1422
f 366 1424 1423
f 360 1422 1424
f 1423 1424 1422
f 22 1386 1350
f 358 1425 1386
f 347 1350 1425
f 1386 1425 1350
f 95 1426 1389
f 368 1427 1426
f 358 1389 1427
f 1426 1427 1389
f 92 1354 1429
f 347 1428 1354
f 368 1429 1428
f 1354 1428 1429
f 358 1427 1425
f 368 1428 1427
f 347 1425 1428
f 1427 1428 1425
f 27 1415 1376
f 367 1430 1415
f 354 1376 1430
f 1415 1430 1376
f 97 1431 1419
f 369 1432 1431
f 367 1419 1432
f 1431 1432 1419
f 95 1381 1434
f 354 1433 1381
f 369 1434 1433
f 1381 1433 1434
f 367 1432 1430
f 369 1433 1432
f 354 1430 1433
f 1432 1433 1430
f 28 1359 1404
f 351 1435 1359
f 362 1404 1435
f 1359 1435 1404
f 92 1436 1363
f 370 1437 1436
f 351 1363 1437
f 1436 1437 1363
f 97 1409 1439
f 362 1438 1409
f 370 1439 1438
f 1409 1438 1439
f 351 1437 1435
f 370 1438 1437
f 362 1435 1438
f 1437 1438 1435
f 95 1434 1426
f 369 1440 1434
f 368 1426 1440
f 1434 1440 1426
f 97 1439 1431
f 370 1441 1439
f 369 1431 1441
f 1439 1441 1431
f 92 1429 1436
f 368 1442 1429
f 370 1436 1442
f 1429 1442 1436
f 369 1441 1440
f 370 1442 1441
f 368 1440 1442
f 1441 1442 1440
f 11 1005 1444
f 261 1443 1005
f 372 1444 1443
f 1005 1443 1444
f 72 1445 1009
f 371 1446 1445
f 261 1009 1446
f 1445 1446 1009
f 100 1447 1449
f 372 1448 1447
f 371 1449 1448
f 1447 1448 1449
f 261 1446 1443
f 371 1448 1446
f 372 1443 1448
f 1446 1448 1443
f 20 1450 1021
f 373 1451 1450
f 265 1021 1451
f 1450 1451 1021
f 99 1452 1454
f 374 1453 1452
f 373 1454 1453
f 1452 1453 1454
f 72 1026 1456
f 265 1455 1026
f 374 1456 1455
f 1026 1455 1456
f 373 1453 1451
f 374 1455 1453
f 265 1451 1455
f 1453 1455 1451
f 30 1457 1459
f 375 1458 1457
f 377 1459 1458
f 1457 1458 1459
f 100 1460 1462
f 376 1461 1460
f 375 1462 1461
f 1460 1461 1462
f 99 1463 1465
f 377 1464 1463
f 376 1465 1464
f 1463 1464 1465
f 375 1461 1458
f 376 1464 1461
f 377 1458 1464
f 1461 1464 1458
f 72 1456 1445
f 374 1466 1456
f 371 1445 1466
f 1456 1466 1445
f 99 1465 1452
f 376 1467 1465
f 374 1452 1467
f 1465 1467 1452
f 100 1449 1460
f 371 1468 1449
f 376 1460 1468
f 1449 1468 1460
f 374 1467 1466
f 376 1468 1467
f 371 1466 1468
f 1467 1468 1466
f 8 1469 977
f 378 1470 1469
f 252 977 1470
f 1469 1470 977
f 101 1471 1473
f 379 1472 1471
f 378 1473 1472
f 1471 1472 1473
f 68 981 1475
f 252 1474 981
f 379 1475 1474
f 981 1474 1475
f 378 1472 1470
f 379 1474 1472
f 252 1470 1474
f 1472 1474 1470
f 29 1476 1478
f 380 1477 1476
f 382 1478 1477
f 1476 1477 1478
f 102 1479 1481
f 381 1480 1479
f 380 1481 1480
f 1479 1480 1481
f 101 1482 1484
f 382 1483 1482
f 381 1484 1483
f 1482 1483 1484
f 380 1480 1477
f 381 1483 1480
f 382 1477 1483
f 1480 1483 1477
f 20 986 1486
f 256 1485 986
f 384 1486 1485
f 986 1485 1486
f 68 1487 990
f 383 1488 1487
f 256 990 1488
f 1487 1488 990
f 102 1489 1491
f 384 1490 1489
f 383 1491 1490
f 1489 1490 1491
f 256 1488 1485
f 383 1490 1488
f 384 1485 1490
f 1488 1490 1485
f 101 1484 1471
f 381 1492 1484
f 379 1471 1492
f 1484 1492 1471
f 102 1491 1479
f 383 1493 1491
f 381 1479 1493
f 1491 1493 1479
f 68 1475 1487
f 379 1494 1475
f 383 1487 1494
f 1475 1494 1487
f 381 1493 1492
f 383 1494 1493
f 379 1492 1494
f 1493 1494 1492
f 7 1495 1497
f 385 1496 1495
f 387 1497 1496
f 1495 1496 1497
f 103 1498 1500
f 386 1499 1498
f 385 1500 1499
f 1498 1499 1500
f 105 1501 1503
f 387 1502 1501
f 386 1503 1502
f 1501 1502 1503
f 385 1499 1496
f 386 1502 1499
f 387 1496 1502
f 1499 1502 1496
f 30 1504 1506
f 388 1505 1504
f 390 1506 1505
f 1504 1505 1506
f 104 1507 1509
f 389 1508 1507
f 388 1509 1508
f 1507 1508 1509
f 103 1510 1512
f 390 1511 1510
f 389 1512 1511
f 1510 1511 1512
f 388 1508 1505
f 389 1511 1508
f 390 1505 1511
f 1508 1511 1505
f 29 1513 1515
f 391 1514 1513
f 393 1515 1514
f 1513 1514 1515
f 105 1516 1518
f 392 1517 1516
f 391 1518 1517
f 1516 1517 1518
f 104 1519 1521
f 393 1520 1519
f 392 1521 1520
f 1519 1520 1521
f 391 1517 1514
f 392 1520 1517
f 393 1514 1520
f 1517 1520 1514
f 103 1512 1498
f 389 1522 1512
f 386 1498 1522
f 1512 1522 1498
f 104 1521 1507
f 392 1523 1521
f 389 1507 1523
f 1521 1523 1507
f 105 1503 1516
f 386 1524 1503
f 392 1516 1524
f 1503 1524 1516
f 389 1523 1522
f 392 1524 1523
f 386 1522 1524
f 1523 1524 1522
f 20 1486 1450
f 384 1525 1486
f 373 1450 1525
f 1486 1525 1450
f 102 1526 1489
f 394 1527 1526
f 384 1489 1527
f 1526 1527 1489
f 99 1454 1529
f 373 1528 1454
f 394 1529 1528
f 1454 1528 1529
f 384 1527 1525
f 394 1528 1527
f 373 1525 1528
f 1527 1528 1525
f 29 1515 1476
f 393 1530 1515
f 380 1476 1530
f 1515 1530 1476
f 104 1531 1519
f 395 1532 1531
f 393 1519 1532
f 1531 1532 1519
f 102 1481 1534
f 380 1533 1481
f 395 1534 1533
f 1481 1533 1534
f 393 1532 1530
f 395 1533 1532
f 380 1530 1533
f 1532 1533 1530
f 30 1459 1504
f 377 1535 1459
f 388 1504 1535
f 1459 1535 1504
f 99 1536 1463
f 396 1537 1536
f 377 1463 1537
f 1536 1537 1463
f 104 1509 1539
f 388 1538 1509
f 396 1539 1538
f 1509 1538 1539
f 377 1537 1535
f 396 1538 1537
f 388 1535 1538
f 1537 1538 1535
f 102 1534 1526
f 395 1540 1534
f 394 1526 1540
f 1534 1540 1526
f 104 1539 1531
f 396 1541 1539
f 395 1531 1541
f 1539 1541 1531
f 99 1529 1536
f 394 1542 1529
f 396 1536 1542
f 1529 1542 1536
f 395 1541 1540
f 396 1542 1541
f 394 1540 1542
f 1541 1542 1540
f 8 905 1544
f 235 1543 905
f 398 1544 1543
f 905 1543 1544
f 65 1545 909
f 397 1546 1545
f 235 909 1546
f 1545 1546 909
f 107 1547 1549
f 398 1548 1547
f 397 1549 1548
f 1547 1548 1549
f 235 1546 1543
f 397 1548 1546
f 398 1543 1548
f 1546 1548 1543
f 18 1550 921
f 399 1551 1550
f 239 921 1551
f 1550 1551 921
f 106 1552 1554
f 400 1553 1552
f 399 1554 1553
f 1552 1553 1554
f 65 926 1556
f 239 1555 926
f 400 1556 1555
f 926 1555 1556
f 399 1553 1551
f 400 1555 1553
f 239 1551 1555
f 1553 1555 1551
f 32 1557 1559
f 401 1558 1557
f 403 1559 1558
f 1557 1558 1559
f 107 1560 1562
f 402 1561 1560
f 401 1562 1561
f 1560 1561 1562
f 106 1563 1565
f 403 1564 1563
f 402 1565 1564
f 1563 1564 1565
f 401 1561 1558
f 402 1564 1561
f 403 1558 1564
f 1561 1564 1558
f 65 1556 1545
f 400 1566 1556
f 397 1545 1566
f 1556 1566 1545
f 106 1565 1552
f 402 1567 1565
f 400 1552 1567
f 1565 1567 1552
f 107 1549 1560
f 397 1568 1549
f 402 1560 1568
f 1549 1568 1560
f 400 1567 1566
f 402 1568 1567
f 397 1566 1568
f 1567 1568 1566
f 2 1569 877
f 404 1570 1569
f 226 877 1570
f 1569 1570 877
f 108 1571 1573
f 405 1572 1571
f 404 1573 1572
f 1571 1572 1573
f 61 881 1575
f 226 1574 881
f 405 1575 1574
f 881 1574 1575
f 404 1572 1570
f 405 1574 1572
f 226 1570 1574
f 1572 1574 1570
f 31 1576 1578
f 406 1577 1576
f 408 1578 1577
f 1576 1577 1578
f 109 1579 1581
f 407 1580 1579
f 406 1581 1580
f 1579 1580 1581
f 108 1582 1584
f 408 1583 1582
f 407 1584 1583
f 1582 1583 1584
f 406 1580 1577
f 407 1583 1580
f 408 1577 1583
f 1580 1583 1577
f 18 886 1586
f 230 1585 886
f 410 1586 1585
f 886 1585 1586
f 61 1587 890
f 409 1588 1587
f 230 890 1588
f 1587 1588 890
f 109 1589 1591
f 410 1590 1589
f 409 1591 1590
f 1589 1590 1591
f 230 1588 1585
f 409 1590 1588
f 410 1585 1590
f 1588 1590 1585
f 108 1584 1571
f 407 1592 1584
f 405 1571 1592
f 1584 1592 1571
f 109 1591 1579
f 409 1593 1591
f 407 1579 1593
f 1591 1593 1579
f 61 1575 1587
f 405 1594 1575
f 409 1587 1594
f 1575 1594 1587
f 407 1593 1592
f 409 1594 1593
f 405 1592 1594
f 1593 1594 1592
f 9 1595 1597
f 411 1596 1595
f 413 1597 1596
f 1595 1596 1597
f 110 1598 1600
f 412 1599 1598
f 411 1600 1599
f 1598 1599 1600
f 112 1601 1603
f 413 1602 1601
f 412 1603 1602
f 1601 1602 1603
f 411 1599 1596
f 412 1602 1599
f 413 1596 1602
f 1599 1602 1596
f 32 1604 1606
f 414 1605 1604
f 416 1606 1605
f 1604 1605 1606
f 111 1607 1609
f 415 1608 1607
f 414 1609 1608
f 1607 1608 1609
f 110 1610 1612
f 416 1611 1610
f 415 1612 1611
f 1610 1611 1612
f 414 1608 1605
f 415 1611 1608
f 416 1605 1611
f 1608 1611 1605
f 31 1613 1615
f 417 1614 1613
f 419 1615 1614
f 1613 1614 1615
f 112 1616 1618
f 418 1617 1616
f 417 1618 1617
f 1616 1617 1618
f 111 1619 1621
f 419 1620 1619
f 418 1621 1620
f 1619 1620 1621
f 417 1617 1614
f 418 1620 1617
f 419 1614 1620
f 1617 1620 1614
f 110 1612 1598
f 415 1622 1612
f 412 1598 1622
f 1612 1622 1598
f 111 1621 1607
f 418 1623 1621
f 415 1607 1623
f 1621 1623 1607
f 112 1603 1616
f 412 1624 1603
f 418 1616 1624
f 1603 1624 1616
f 415 1623 1622
f 418 1624 1623
f 412 1622 1624
f 1623 1624 1622
f 18 1586 1550
f 410 1625 1586
f 399 1550 1625
f 1586 1625 1550
f 109 1626 1589
f 420 1627 1626
f 410 1589 1627
f 1626 1627 1589
f 106 1554 1629
f 399 1628 1554
f 420 1629 1628
f 1554 1628 1629
f 410 1627 1625
f 420 1628 1627
f 399 1625 1628
f 1627 1628 1625
f 31 1615 1576
f 419 1630 1615
f 406 1576 1630
f 1615 1630 1576
f 111 1631 1619
f 421 1632 1631
f 419 1619 1632
f 1631 1632 1619
f 109 1581 1634
f 406 1633 1581
f 421 1634 1633
f 1581 1633 1634
f 419 1632 1630
f 421 1633 1632
f 406 1630 1633
f 1632 1633 1630
f 32 1559 1604
f 403 1635 1559
f 414 1604 1635
f 1559 1635 1604
f 106 1636 1563
f 422 1637 1636
f 403 1563 1637
f 1636 1637 1563
f 111 1609 1639
f 414 1638 1609
f 422 1639 1638
f 1609 1638 1639
f 403 1637 1635
f 422 1638 1637
f 414 1635 1638
f 1637 1638 1635
f 109 1634 1626
f 421 1640 1634
f 420 1626 1640
f 1634 1640 1626
f 111 1639 1631
f 422 1641 1639
f 421 1631 1641
f 1639 1641 1631
f 106 1629 1636
f 420 1642 1629
f 422 1636 1642
f 1629 1642 1636
f 421 1641 1640
f 422 1642 1641
f 420 1640 1642
f 1641 1642 1640
f 4 1643 1645
f 423 1644 1643
f 425 1645 1644
f 1643 1644 1645
f 113 1646 1648
f 424 1647 1646
f 423 1648 1647
f 1646 1647 1648
f 115 1649 1651
f 425 1650 1649
f 424 1651 1650
f 1649 1650 1651
f 423 1647 1644
f 424 1650 1647
f 425 1644 1650
f 1647 1650 1644
f 33 1652 1654
f 426 1653 1652
f 428 1654 1653
f 1652 1653 1654
f 114 1655 1657
f 427 1656 1655
f 426 1657 1656
f 1655 1656 1657
f 113 1658 1660
f 428 1659 1658
f 427 1660 1659
f 1658 1659 1660
f 426 1656 1653
f 427 1659 1656
f 428 1653 1659
f 1656 1659 1653
f 35 1661 1663
f 429 1662 1661
f 431 1663 1662
f 1661 1662 1663
f 115 1664 1666
f 430 1665 1664
f 429 1666 1665
f 1664 1665 1666
f 114 1667 1669
f 431 1668 1667
f 430 1669 1668
f 1667 1668 1669
f 429 1665 1662
f 430 1668 1665
f 431 1662 1668
f 1665 1668 1662
f 113 1660 1646
f 427 1670 1660
f 424 1646 1670
f 1660 1670 1646
f 114 1669 1655
f 430 1671 1669
f 427 1655 1671
f 1669 1671 1655
f 115 1651 1664
f 424 1672 1651
f 430 1664 1672
f 1651 1672 1664
f 427 1671 1670
f 430 1672 1671
f 424 1670 1672
f 1671 1672 1670
f 10 1673 1675
f 432 1674 1673
f 434 1675 1674
f 1673 1674 1675
f 116 1676 1678
f 433 1677 1676
f 432 1678 1677
f 1676 1677 1678
f 118 1679 1681
f 434 1680 1679
f 433 1681 1680
f 1679 1680 1681
f 432 1677 1674
f 433 1680 1677
f 434 1674 1680
f 1677 1680 1674
f 34 1682 1684
f 435 1683 1682
f 437 1684 1683
f 1682 1683 1684
f 117 1685 1687
f 436 1686 1685
f 435 1687 1686
f 1685 1686 1687
f 116 1688 1690
f 437 1689 1688
f 436 1690 1689
f 1688 1689 1690
f 435 1686 1683
f 436 1689 1686
f 437 1683 1689
f 1686 1689 1683
f 33 1691 1693
f 438 1692 1691
f 440 1693 1692
f 1691 1692 1693
f 118 1694 1696
f 439 1695 1694
f 438 1696 1695
f 1694 1695 1696
f 117 1697 1699
f 440 1698 1697
f 439 1699 1698
f 1697 1698 1699
f 438 1695 1692
f 439 1698 1695
f 440 1692 1698
f 1695 1698 1692
f 116 1690 1676
f 436 1700 1690
f 433 1676 1700
f 1690 1700 1676
f 117 1699 1685
f 439 1701 1699
f 436 1685 1701
f 1699 1701 1685
f 118 1681 1694
f 433 1702 1681
f 439 1694 1702
f 1681 1702 1694
f 436 1701 1700
f 439 1702 1701
f 433 1700 1702
f 1701 1702 1700
f 5 1703 1705
f 441 1704 1703
f 443 1705 1704
f 1703 1704 1705
f 119 1706 1708
f 442 1707 1706
f 441 1708 1707
f 1706 1707 1708
f 121 1709 1711
f 443 1710 1709
f 442 1711 1710
f 1709 1710 1711
f 441 1707 1704
f 442 1710 1707
f 443 1704 1710
f 1707 1710 1704
f 35 1712 1714
f 444 1713 1712
f 446 1714 1713
f 1712 1713 1714
f 120 1715 1717
f 445 1716 1715
f 444 1717 1716
f 1715 1716 1717
f 119 1718 1720
f 446 1719 1718
f 445 1720 1719
f 1718 1719 1720
f 444 1716 1713
f 445 1719 1716
f 446 1713 1719
f 1716 1719 1713
f 34 1721 1723
f 447 1722 1721
f 449 1723 1722
f 1721 1722 1723
f 121 1724 1726
f 448 1725 1724
f 447 1726 1725
f 1724 1725 1726
f 120 1727 1729
f 449 1728 1727
f 448 1729 1728
f 1727 1728 1729
f 447 1725 1722
f 448 1728 1725
f 449 1722 1728
f 1725 1728 1722
f 119 1720 1706
f 445 1730 1720
f 442 1706 1730
f 1720 1730 1706
f 120 1729 1715
f 448 1731 1729
f 445 1715 1731
f 1729 1731 1715
f 121 1711 1724
f 442 1732 1711
f 448 1724 1732
f 1711 1732 1724
f 445 1731 1730
f 448 1732 1731
f 442 1730 1732
f 1731 1732 1730
f 33 1693 1652
f 440 1733 1693
f 426 1652 1733
f 1693 1733 1652
f 117 1734 1697
f 450 1735 1734
f 440 1697 1735
f 1734 1735 1697
f 114 1657 1737
f 426 1736 1657
f 450 1737 1736
f 1657 1736 1737
f 440 1735 1733
f 450 1736 1735
f 426 1733 1736
f 1735 1736 1733
f 34 1723 1682
f 449 1738 1723
f 435 1682 1738
f 1723 1738 1682
f 120 1739 1727
f 451 1740 1739
f 449 1727 1740
f 1739 1740 1727
f 117 1687 1742
f 435 1741 1687
f 451 1742 1741
f 1687 1741 1742
f 449 1740 1738
f 451 1741 1740
f 435 1738 1741
f 1740 1741 1738
f 35 1663 1712
f 431 1743 1663
f 444 1712 1743
f 1663 1743 1712
f 114 1744 1667
f 452 1745 1744
f 431 1667 1745
f 1744 1745 1667
f 120 1717 1747
f 444 1746 1717
f 452 1747 1746
f 1717 1746 1747
f 431 1745 1743
f 452 1746 1745
f 444 1743 1746
f 1745 1746 1743
f 117 1742 1734
f 451 1748 1742
f 450 1734 1748
f 1742 1748 1734
f 120 1747 1739
f 452 1749 1747
f 451 1739 1749
f 1747 1749 1739
f 114 1737 1744
f 450 1750 1737
f 452 1744 1750
f 1737 1750 1744
f 451 1749 1748
f 452 1750 1749
f 450 1748 1750
f 1749 1750 1748
f 4 1645 1752
f 425 1751 1645
f 454 1752 1751
f 1645 1751 1752
f 115 1753 1649
f 453 1754 1753
f 425 1649 1754
f 1753 1754 1649
f 123 1755 1757
f 454 1756 1755
f 453 1757 1756
f 1755 1756 1757
f 425 1754 1751
f 453 1756 1754
f 454 1751 1756
f 1754 1756 1751
f 35 1758 1661
f 455 1759 1758
f 429 1661 1759
f 1758 1759 1661
f 122 1760 1762
f 456 1761 1760
f 455 1762 1761
f 1760 1761 1762
f 115 1666 1764
f 429 1763 1666
f 456 1764 1763
f 1666 1763 1764
f 455 1761 1759
f 456 1763 1761
f 429 1759 1763
f 1761 1763 1759
f 37 1765 1767
f 457 1766 1765
f 459 1767 1766
f 1765 1766 1767
f 123 1768 1770
f 458 1769 1768
f 457 1770 1769
f 1768 1769 1770
f 122 1771 1773
f 459 1772 1771
f 458 1773 1772
f 1771 1772 1773
f 457 1769 1766
f 458 1772 1769
f 459 1766 1772
f 1769 1772 1766
f 115 1764 1753
f 456 1774 1764
f 453 1753 1774
f 1764 1774 1753
f 122 1773 1760
f 458 1775 1773
f 456 1760 1775
f 1773 1775 1760
f 123 1757 1768
f 453 1776 1757
f 458 1768 1776
f 1757 1776 1768
f 456 1775 1774
f 458 1776 1775
f 453 1774 1776
f 1775 1776 1774
f 5 1777 1703
f 460 1778 1777
f 441 1703 1778
f 1777 1778 1703
f 124 1779 1781
f 461 1780 1779
f 460 1781 1780
f 1779 1780 1781
f 119 1708 1783
f 441 1782 1708
f 461 1783 1782
f 1708 1782 1783
f 460 1780 1778
f 461 1782 1780
f 441 1778 1782
f 1780 1782 1778
f 36 1784 1786
f 462 1785 1784
f 464 1786 1785
f 1784 1785 1786
f 125 1787 1789
f 463 1788 1787
f 462 1789 1788
f 1787 1788 1789
f 124 1790 1792
f 464 1791 1790
f 463 1792 1791
f 1790 1791 1792
f 462 1788 1785
f 463 1791 1788
f 464 1785 1791
f 1788 1791 1785
f 35 1714 1794
f 446 1793 1714
f 466 1794 1793
f 1714 1793 1794
f 119 1795 1718
f 465 1796 1795
f 446 1718 1796
f 1795 1796 1718
f 125 1797 1799
f 466 1798 1797
f 465 1799 1798
f 1797 1798 1799
f 446 1796 1793
f 465 1798 1796
f 466 1793 1798
f 1796 1798 1793
f 124 1792 1779
f 463 1800 1792
f 461 1779 1800
f 1792 1800 1779
f 125 1799 1787
f 465 1801 1799
f 463 1787 1801
f 1799 1801 1787
f 119 1783 1795
f 461 1802 1783
f 465 1795 1802
f 1783 1802 1795
f 463 1801 1800
f 465 1802 1801
f 461 1800 1802
f 1801 1802 1800
f 3 1803 1805
f 467 1804 1803
f 469 1805 1804
f 1803 1804 1805
f 126 1806 1808
f 468 1807 1806
f 467 1808 1807
f 1806 1807 1808
f 128 1809 1811
f 469 1810 1809
f 468 1811 1810
f 1809 1810 1811
f 467 1807 1804
f 468 1810 1807
f 469 1804 1810
f 1807 1810 1804
f 37 1812 1814
f 470 1813 1812
f 472 1814 1813
f 1812 1813 1814
f 127 1815 1817
f 471 1816 1815
f 470 1817 1816
f 1815 1816 1817
f 126 1818 1820
f 472 1819 1818
f 471 1820 1819
f 1818 1819 1820
f 470 1816 1813
f 471 1819 1816
f 472 1813 1819
f 1816 1819 1813
f 36 1821 1823
f 473 1822 1821
f 475 1823 1822
f 1821 1822 1823
f 128 1824 1826
f 474 1825 1824
f 473 1826 1825
f 1824 1825 1826
f 127 1827 1829
f 475 1828 1827
f 474 1829 1828
f 1827 1828 1829
f 473 1825 1822
f 474 1828 1825
f 475 1822 1828
f 1825 1828 1822
f 126 1820 1806
f 471 1830 1820
f 468 1806 1830
f 1820 1830 1806
f 127 1829 1815
f 474 1831 1829
f 471 1815 1831
f 1829 1831 1815
f 128 1811 1824
f 468 1832 1811
f 474 1824 1832
f 1811 1832 1824
f 471 1831 1830
f 474 1832 1831
f 468 1830 1832
f 1831 1832 1830
f 35 1794 1758
f 466 1833 1794
f 455 1758 1833
f 1794 1833 1758
f 125 1834 1797
f 476 1835 1834
f 466 1797 1835
f 1834 1835 1797
f 122 1762 1837
f 455 1836 1762
f 476 1837 1836
f 1762 1836 1837
f 466 1835 1833
f 476 1836 1835
f 455 1833 1836
f 1835 1836 1833
f 36 1823 1784
f 475 1838 1823
f 462 1784 1838
f 1823 1838 1784
f 127 1839 1827
f 477 1840 1839
f 475 1827 1840
f 1839 1840 1827
f 125 1789 1842
f 462 1841 1789
f 477 1842 1841
f 1789 1841 1842
f 475 1840 1838
f 477 1841 1840
f 462 1838 1841
f 1840 1841 1838
f 37 1767 1812
f 459 1843 1767
f 470 1812 1843
f 1767 1843 1812
f 122 1844 1771
f 478 1845 1844
f 459 1771 1845
f 1844 1845 1771
f 127 1817 1847
f 470 1846 1817
f 478 1847 1846
f 1817 1846 1847
f 459 1845 1843
f 478 1846 1845
f 470 1843 1846
f 1845 1846 1843
f 125 1842 1834
f 477 1848 1842
f 476 1834 1848
f 1842 1848 1834
f 127 1847 1839
f 478 1849 1847
f 477 1839 1849
f 1847 1849 1839
f 122 1837 1844
f 476 1850 1837
f 478 1844 1850
f 1837 1850 1844
f 477 1849 1848
f 478 1850 1849
f 476 1848 1850
f 1849 1850 1848
f 4 1752 1852
f 454 1851 1752
f 480 1852 1851
f 1752 1851 1852
f 123 1853 1755
f 479 1854 1853
f 454 1755 1854
f 1853 1854 1755
f 130 1855 1857
f 480 1856 1855
f 479 1857 1856
f 1855 1856 1857
f 454 1854 1851
f 479 1856 1854
f 480 1851 1856
f 1854 1856 1851
f 37 1858 1765
f 481 1859 1858
f 457 1765 1859
f 1858 1859 1765
f 129 1860 1862
f 482 1861 1860
f 481 1862 1861
f 1860 1861 1862
f 123 1770 1864
f 457 1863 1770
f 482 1864 1863
f 1770 1863 1864
f 481 1861 1859
f 482 1863 1861
f 457 1859 1863
f 1861 1863 1859
f 39 1865 1867
f 483 1866 1865
f 485 1867 1866
f 1865 1866 1867
f 130 1868 1870
f 484 1869 1868
f 483 1870 1869
f 1868 1869 1870
f 129 1871 1873
f 485 1872 1871
f 484 1873 1872
f 1871 1872 1873
f 483 1869 1866
f 484 1872 1869
f 485 1866 1872
f 1869 1872 1866
f 123 1864 1853
f 482 1874 1864
f 479 1853 1874
f 1864 1874 1853
f 129 1873 1860
f 484 1875 1873
f 482 1860 1875
f 1873 1875 1860
f 130 1857 1868
f 479 1876 1857
f 484 1868 1876
f 1857 1876 1868
f 482 1875 1874
f 484 1876 1875
f 479 1874 1876
f 1875 1876 1874
f 3 1877 1803
f 486 1878 1877
f 467 1803 1878
f 1877 1878 1803
f 131 1879 1881
f 487 1880 1879
f 486 1881 1880
f 1879 1880 1881
f 126 1808 1883
f 467 1882 1808
f 487 1883 1882
f 1808 1882 1883
f 486 1880 1878
f 487 1882 1880
f 467 1878 1882
f 1880 1882 1878
f 38 1884 1886
f 488 1885 1884
f 490 1886 1885
f 1884 1885 1886
f 132 1887 1889
f 489 1888 1887
f 488 1889 1888
f 1887 1888 1889
f 131 1890 1892
f 490 1891 1890
f 489 1892 1891
f 1890 1891 1892
f 488 1888 1885
f 489 1891 1888
f 490 1885 1891
f 1888 1891 1885
f 37 1814 1894
f 472 1893 1814
f 492 1894 1893
f 1814 1893 1894
f 126 1895 1818
f 491 1896 1895
f 472 1818 1896
f 1895 1896 1818
f 132 1897 1899
f 492 1898 1897
f 491 1899 1898
f 1897 1898 1899
f 472 1896 1893
f 491 1898 1896
f 492 1893 1898
f 1896 1898 1893
f 131 1892 1879
f 489 1900 1892
f 487 1879 1900
f 1892 1900 1879
f 132 1899 1887
f 491 1901 1899
f 489 1887 1901
f 1899 1901 1887
f 126 1883 1895
f 487 1902 1883
f 491 1895 1902
f 1883 1902 1895
f 489 1901 1900
f 491 1902 1901
f 487 1900 1902
f 1901 1902 1900
f 7 1903 1905
f 493 1904 1903
f 495 1905 1904
f 1903 1904 1905
f 133 1906 1908
f 494 1907 1906
f 493 1908 1907
f 1906 1907 1908
f 135 1909 1911
f 495 1910 1909
f 494 1911 1910
f 1909 1910 1911
f 493 1907 1904
f 494 1910 1907
f 495 1904 1910
f 1907 1910 1904
f 39 1912 1914
f 496 1913 1912
f 498 1914 1913
f 1912 1913 1914
f 134 1915 1917
f 497 1916 1915
f 496 1917 1916
f 1915 1916 1917
f 133 1918 1920
f 498 1919 1918
f 497 1920 1919
f 1918 1919 1920
f 496 1916 1913
f 497 1919 1916
f 498 1913 1919
f 1916 1919 1913
f 38 1921 1923
f 499 1922 1921
f 501 1923 1922
f 1921 1922 1923
f 135 1924 1926
f 500 1925 1924
f 499 1926 1925
f 1924 1925 1926
f 134 1927 1929
f 501 1928 1927
f 500 1929 1928
f 1927 1928 1929
f 499 1925 1922
f 500 1928 1925
f 501 1922 1928
f 1925 1928 1922
f 133 1920 1906
f 497 1930 1920
f 494 1906 1930
f 1920 1930 1906
f 134 1929 1915
f 500 1931 1929
f 497 1915 1931
f 1929 1931 1915
f 135 1911 1924
f 494 1932 1911
f 500 1924 1932
f 1911 1932 1924
f 497 1931 1930
f 500 1932 1931
f 494 1930 1932
f 1931 1932 1930
f 37 1894 1858
f 492 1933 1894
f 481 1858 1933
f 1894 1933 1858
f 132 1934 1897
f 502 1935 1934
f 492 1897 1935
f 1934 1935 1897
f 129 1862 1937
f 481 1936 1862
f 502 1937 1936
f 1862 1936 1937
f 492 1935 1933
f 502 1936 1935
f 481 1933 1936
f 1935 1936 1933
f 38 1923 1884
f 501 1938 1923
f 488 1884 1938
f 1923 1938 1884
f 134 1939 1927
f 503 1940 1939
f 501 1927 1940
f 1939 1940 1927
f 132 1889 1942
f 488 1941 1889
f 503 1942 1941
f 1889 1941 1942
f 501 1940 1938
f 503 1941 1940
f 488 1938 1941
f 1940 1941 1938
f 39 1867 1912
f 485 1943 1867
f 496 1912 1943
f 1867 1943 1912
f 129 1944 1871
f 504 1945 1944
f 485 1871 1945
f 1944 1945 1871
f 134 1917 1947
f 496 1946 1917
f 504 1947 1946
f 1917 1946 1947
f 485 1945 1943
f 504 1946 1945
f 496 1943 1946
f 1945 1946 1943
f 132 1942 1934
f 503 1948 1942
f 502 1934 1948
f 1942 1948 1934
f 134 1947 1939
f 504 1949 1947
f 503 1939 1949
f 1947 1949 1939
f 129 1937 1944
f 502 1950 1937
f 504 1944 1950
f 1937 1950 1944
f 503 1949 1948
f 504 1950 1949
f 502 1948 1950
f 1949 1950 1948
f 4 1852 1952
f 480 1951 1852
f 506 1952 1951
f 1852 1951 1952
f 130 1953 1855
f 505 1954 1953
f 480 1855 1954
f 1953 1954 1855
f 137 1955 1957
f 506 1956 1955
f 505 1957 1956
f 1955 1956 1957
f 480 1954 1951
f 505 1956 1954
f 506 1951 1956
f 1954 1956 1951
f 39 1958 1865
f 507 1959 1958
f 483 1865 1959
f 1958 1959 1865
f 136 1960 1962
f 508 1961 1960
f 507 1962 1961
f 1960 1961 1962
f 130 1870 1964
f 483 1963 1870
f 508 1964 1963
f 1870 1963 1964
f 507 1961 1959
f 508 1963 1961
f 483 1959 1963
f 1961 1963 1959
f 41 1965 1967
f 509 1966 1965
f 511 1967 1966
f 1965 1966 1967
f 137 1968 1970
f 510 1969 1968
f 509 1970 1969
f 1968 1969 1970
f 136 1971 1973
f 511 1972 1971
f 510 1973 1972
f 1971 1972 1973
f 509 1969 1966
f 510 1972 1969
f 511 1966 1972
f 1969 1972 1966
f 130 1964 1953
f 508 1974 1964
f 505 1953 1974
f 1964 1974 1953
f 136 1973 1960
f 510 1975 1973
f 508 1960 1975
f 1973 1975 1960
f 137 1957 1968
f 505 1976 1957
f 510 1968 1976
f 1957 1976 1968
f 508 1975 1974
f 510 1976 1975
f 505 1974 1976
f 1975 1976 1974
f 7 1977 1903
f 512 1978 1977
f 493 1903 1978
f 1977 1978 1903
f 138 1979 1981
f 513 1980 1979
f 512 1981 1980
f 1979 1980 1981
f 133 1908 1983
f 493 1982 1908
f 513 1983 1982
f 1908 1982 1983
f 512 1980 1978
f 513 1982 1980
f 493 1978 1982
f 1980 1982 1978
f 40 1984 1986
f 514 1985 1984
f 516 1986 1985
f 1984 1985 1986
f 139 1987 1989
f 515 1988 1987
f 514 1989 1988
f 1987 1988 1989
f 138 1990 1992
f 516 1991 1990
f 515 1992 1991
f 1990 1991 1992
f 514 1988 1985
f 515 1991 1988
f 516 1985 1991
f 1988 1991 1985
f 39 1914 1994
f 498 1993 1914
f 518 1994 1993
f 1914 1993 1994
f 133 1995 1918
f 517 1996 1995
f 498 1918 1996
f 1995 1996 1918
f 139 1997 1999
f 518 1998 1997
f 517 1999 1998
f 1997 1998 1999
f 498 1996 1993
f 517 1998 1996
f 518 1993 1998
f 1996 1998 1993
f 138 1992 1979
f 515 2000 1992
f 513 1979 2000
f 1992 2000 1979
f 139 1999 1987
f 517 2001 1999
f 515 1987 2001
f 1999 2001 1987
f 133 1983 1995
f 513 2002 1983
f 517 1995 2002
f 1983 2002 1995
f 515 2001 2000
f 517 2002 2001
f 513 2000 2002
f 2001 2002 2000
f 9 2003 2005
f 519 2004 2003
f 521 2005 2004
f 2003 2004 2005
f 140 2006 2008
f 520 2007 2006
f 519 2008 2007
f 2006 2007 2008
f 142 2009 2011
f 521 2010 2009
f 520 2011 2010
f 2009 2010 2011
f 519 2007 2004
f 520 2010 2007
f 521 2004 2010
f 2007 2010 2004
f 41 2012 2014
f 522 2013 2012
f 524 2014 2013
f 2012 2013 2014
f 141 2015 2017
f 523 2016 2015
f 522 2017 2016
f 2015 2016 2017
f 140 2018 2020
f 524 2019 2018
f 523 2020 2019
f 2018 2019 2020
f 522 2016 2013
f 523 2019 2016
f 524 2013 2019
f 2016 2019 2013
f 40 2021 2023
f 525 2022 2021
f 527 2023 2022
f 2021 2022 2023
f 142 2024 2026
f 526 2025 2024
f 525 2026 2025
f 2024 2025 2026
f 141 2027 2029
f 527 2028 2027
f 526 2029 2028
f 2027 2028 2029
f 525 2025 2022
f 526 2028 2025
f 527 2022 2028
f 2025 2028 2022
f 140 2020 2006
f 523 2030 2020
f 520 2006 2030
f 2020 2030 2006
f 141 2029 2015
f 526 2031 2029
f 523 2015 2031
f 2029 2031 2015
f 142 2011 2024
f 520 2032 2011
f 526 2024 2032
f 2011 2032 2024
f 523 2031 2030
f 526 2032 2031
f 520 2030 2032
f 2031 2032 2030
f 39 1994 1958
f 518 2033 1994
f 507 1958 2033
f 1994 2033 1958
f 139 2034 1997
f 528 2035 2034
f 518 1997 2035
f 2034 2035 1997
f 136 1962 2037
f 507 2036 1962
f 528 2037 2036
f 1962 2036 2037
f 518 2035 2033
f 528 2036 2035
f 507 2033 2036
f 2035 2036 2033
f 40 2023 1984
f 527 2038 2023
f 514 1984 2038
f 2023 2038 1984
f 141 2039 2027
f 529 2040 2039
f 527 2027 2040
f 2039 2040 2027
f 139 1989 2042
f 514 2041 1989
f 529 2042 2041
f 1989 2041 2042
f 527 2040 2038
f 529 2041 2040
f 514 2038 2041
f 2040 2041 2038
f 41 1967 2012
f 511 2043 1967
f 522 2012 2043
f 1967 2043 2012
f 136 2044 1971
f 530 2045 2044
f 511 1971 2045
f 2044 2045 1971
f 141 2017 2047
f 522 2046 2017
f 530 2047 2046
f 2017 2046 2047
f 511 2045 2043
f 530 2046 2045
f 522 2043 2046
f 2045 2046 2043
f 139 2042 2034
f 529 2048 2042
f 528 2034 2048
f 2042 2048 2034
f 141 2047 2039
f 530 2049 2047
f 529 2039 2049
f 2047 2049 2039
f 136 2037 2044
f 528 2050 2037
f 530 2044 2050
f 2037 2050 2044
f 529 2049 2048
f 530 2050 2049
f 528 2048 2050
f 2049 2050 2048
f 4 1952 1643
f 506 2051 1952
f 423 1643 2051
f 1952 2051 1643
f 137 2052 1955
f 531 2053 2052
f 506 1955 2053
f 2052 2053 1955
f 113 1648 2055
f 423 2054 1648
f 531 2055 2054
f 1648 2054 2055
f 506 2053 2051
f 531 2054 2053
f 423 2051 2054
f 2053 2054 2051
f 41 2056 1965
f 532 2057 2056
f 509 1965 2057
f 2056 2057 1965
f 143 2058 2060
f 533 2059 2058
f 532 2060 2059
f 2058 2059 2060
f 137 1970 2062
f 509 2061 1970
f 533 2062 2061
f 1970 2061 2062
f 532 2059 2057
f 533 2061 2059
f 509 2057 2061
f 2059 2061 2057
f 33 1654 2064
f 428 2063 1654
f 535 2064 2063
f 1654 2063 2064
f 113 2065 1658
f 534 2066 2065
f 428 1658 2066
f 2065 2066 1658
f 143 2067 2069
f 535 2068 2067
f 534 2069 2068
f 2067 2068 2069
f 428 2066 2063
f 534 2068 2066
f 535 2063 2068
f 2066 2068 2063
f 137 2062 2052
f 533 2070 2062
f 531 2052 2070
f 2062 2070 2052
f 143 2069 2058
f 534 2071 2069
f 533 2058 2071
f 2069 2071 2058
f 113 2055 2065
f 531 2072 2055
f 534 2065 2072
f 2055 2072 2065
f 533 2071 2070
f 534 2072 2071
f 531 2070 2072
f 2071 2072 2070
f 9 2073 2003
f 536 2074 2073
f 519 2003 2074
f 2073 2074 2003
f 144 2075 2077
f 537 2076 2075
f 536 2077 2076
f 2075 2076 2077
f 140 2008 2079
f 519 2078 2008
f 537 2079 2078
f 2008 2078 2079
f 536 2076 2074
f 537 2078 2076
f 519 2074 2078
f 2076 2078 2074
f 42 2080 2082
f 538 2081 2080
f 540 2082 2081
f 2080 2081 2082
f 145 2083 2085
f 539 2084 2083
f 538 2085 2084
f 2083 2084 2085
f 144 2086 2088
f 540 2087 2086
f 539 2088 2087
f 2086 2087 2088
f 538 2084 2081
f 539 2087 2084
f 540 2081 2087
f 2084 2087 2081
f 41 2014 2090
f 524 2089 2014
f 542 2090 2089
f 2014 2089 2090
f 140 2091 2018
f 541 2092 2091
f 524 2018 2092
f 2091 2092 2018
f 145 2093 2095
f 542 2094 2093
f 541 2095 2094
f 2093 2094 2095
f 524 2092 2089
f 541 2094 2092
f 542 2089 2094
f 2092 2094 2089
f 144 2088 2075
f 539 2096 2088
f 537 2075 2096
f 2088 2096 2075
f 145 2095 2083
f 541 2097 2095
f 539 2083 2097
f 2095 2097 2083
f 140 2079 2091
f 537 2098 2079
f 541 2091 2098
f 2079 2098 2091
f 539 2097 2096
f 541 2098 2097
f 537 2096 2098
f 2097 2098 2096
f 10 1675 2100
f 434 2099 1675
f 544 2100 2099
f 1675 2099 2100
f 118 2101 1679
f 543 2102 2101
f 434 1679 2102
f 2101 2102 1679
f 147 2103 2105
f 544 2104 2103
f 543 2105 2104
f 2103 2104 2105
f 434 2102 2099
f 543 2104 2102
f 544 2099 2104
f 2102 2104 2099
f 33 2106 1691
f 545 2107 2106
f 438 1691 2107
f 2106 2107 1691
f 146 2108 2110
f 546 2109 2108
f 545 2110 2109
f 2108 2109 2110
f 118 1696 2112
f 438 2111 1696
f 546 2112 2111
f 1696 2111 2112
f 545 2109 2107
f 546 2111 2109
f 438 2107 2111
f 2109 2111 2107
f 42 2113 2115
f 547 2114 2113
f 549 2115 2114
f 2113 2114 2115
f 147 2116 2118
f 548 2117 2116
f 547 2118 2117
f 2116 2117 2118
f 146 2119 2121
f 549 2120 2119
f 548 2121 2120
f 2119 2120 2121
f 547 2117 2114
f 548 2120 2117
f 549 2114 2120
f 2117 2120 2114
f 118 2112 2101
f 546 2122 2112
f 543 2101 2122
f 2112 2122 2101
f 146 2121 2108
f 548 2123 2121
f 546 2108 2123
f 2121 2123 2108
f 147 2105 2116
f 543 2124 2105
f 548 2116 2124
f 2105 2124 2116
f 546 2123 2122
f 548 2124 2123
f 543 2122 2124
f 2123 2124 2122
f 41 2090 2056
f 542 2125 2090
f 532 2056 2125
f 2090 2125 2056
f 145 2126 2093
f 550 2127 2126
f 542 2093 2127
f 2126 2127 2093
f 143 2060 2129
f 532 2128 2060
f 550 2129 2128
f 2060 2128 2129
f 542 2127 2125
f 550 2128 2127
f 532 2125 2128
f 2127 2128 2125
f 42 2115 2080
f 549 2130 2115
f 538 2080 2130
f 2115 2130 2080
f 146 2131 2119
f 551 2132 2131
f 549 2119 2132
f 2131 2132 2119
f 145 2085 2134
f 538 2133 2085
f 551 2134 2133
f 2085 2133 2134
f 549 2132 2130
f 551 2133 2132
f 538 2130 2133
f 2132 2133 2130
f 33 2064 2106
f 535 2135 2064
f 545 2106 2135
f 2064 2135 2106
f 143 2136 2067
f 552 2137 2136
f 535 2067 2137
f 2136 2137 2067
f 146 2110 2139
f 545 2138 2110
f 552 2139 2138
f 2110 2138 2139
f 535 2137 2135
f 552 2138 2137
f 545 2135 2138
f 2137 2138 2135
f 145 2134 2126
f 551 2140 2134
f 550 2126 2140
f 2134 2140 2126
f 146 2139 2131
f 552 2141 2139
f 551 2131 2141
f 2139 2141 2131
f 143 2129 2136
f 550 2142 2129
f 552 2136 2142
f 2129 2142 2136
f 551 2141 2140
f 552 2142 2141
f 550 2140 2142
f 2141 2142 2140
f 5 1705 1295
f 443 2143 1705
f 333 1295 2143
f 1705 2143 1295
f 121 2144 1709
f 553 2145 2144
f 443 1709 2145
f 2144 2145 1709
f 89 1300 2147
f 333 2146 1300
f 553 2147 2146
f 1300 2146 2147
f 443 2145 2143
f 553 2146 2145
f 333 2143 2146
f 2145 2146 2143
f 34 2148 1721
f 554 2149 2148
f 447 1721 2149
f 2148 2149 1721
f 148 2150 2152
f 555 2151 2150
f 554 2152 2151
f 2150 2151 2152
f 121 1726 2154
f 447 2153 1726
f 555 2154 2153
f 1726 2153 2154
f 554 2151 2149
f 555 2153 2151
f 447 2149 2153
f 2151 2153 2149
f 26 1306 2156
f 338 2155 1306
f 557 2156 2155
f 1306 2155 2156
f 89 2157 1310
f 556 2158 2157
f 338 1310 2158
f 2157 2158 1310
f 148 2159 2161
f 557 2160 2159
f 556 2161 2160
f 2159 2160 2161
f 338 2158 2155
f 556 2160 2158
f 557 2155 2160
f 2158 2160 2155
f 121 2154 2144
f 555 2162 2154
f 553 2144 2162
f 2154 2162 2144
f 148 2161 2150
f 556 2163 2161
f 555 2150 2163
f 2161 2163 2150
f 89 2147 2157
f 553 2164 2147
f 556 2157 2164
f 2147 2164 2157
f 555 2163 2162
f 556 2164 2163
f 553 2162 2164
f 2163 2164 2162
f 10 1197 1673
f 309 2165 1197
f 432 1673 2165
f 1197 2165 1673
f 84 2166 1201
f 558 2167 2166
f 309 1201 2167
f 2166 2167 1201
f 116 1678 2169
f 432 2168 1678
f 558 2169 2168
f 1678 2168 2169
f 309 2167 2165
f 558 2168 2167
f 432 2165 2168
f 2167 2168 2165
f 23 2170 1213
f 559 2171 2170
f 313 1213 2171
f 2170 2171 1213
f 149 2172 2174
f 560 2173 2172
f 559 2174 2173
f 2172 2173 2174
f 84 1218 2176
f 313 2175 1218
f 560 2176 2175
f 1218 2175 2176
f 559 2173 2171
f 560 2175 2173
f 313 2171 2175
f 2173 2175 2171
f 34 1684 2178
f 437 2177 1684
f 562 2178 2177
f 1684 2177 2178
f 116 2179 1688
f 561 2180 2179
f 437 1688 2180
f 2179 2180 1688
f 149 2181 2183
f 562 2182 2181
f 561 2183 2182
f 2181 2182 2183
f 437 2180 2177
f 561 2182 2180
f 562 2177 2182
f 2180 2182 2177
f 84 2176 2166
f 560 2184 2176
f 558 2166 2184
f 2176 2184 2166
f 149 2183 2172
f 561 2185 2183
f 560 2172 2185
f 2183 2185 2172
f 116 2169 2179
f 558 2186 2169
f 561 2179 2186
f 2169 2186 2179
f 560 2185 2184
f 561 2186 2185
f 558 2184 2186
f 2185 2186 2184
f 6 1244 1169
f 320 2187 1244
f 300 1169 2187
f 1244 2187 1169
f 86 2188 1247
f 563 2189 2188
f 320 1247 2189
f 2188 2189 1247
f 80 1173 2191
f 300 2190 1173
f 563 2191 2190
f 1173 2190 2191
f 320 2189 2187
f 563 2190 2189
f 300 2187 2190
f 2189 2190 2187
f 26 2192 1257
f 564 2193 2192
f 323 1257 2193
f 2192 2193 1257
f 150 2194 2196
f 565 2195 2194
f 564 2196 2195
f 2194 2195 2196
f 86 1262 2198
f 323 2197 1262
f 565 2198 2197
f 1262 2197 2198
f 564 2195 2193
f 565 2197 2195
f 323 2193 2197
f 2195 2197 2193
f 23 1178 2200
f 304 2199 1178
f 567 2200 2199
f 1178 2199 2200
f 80 2201 1182
f 566 2202 2201
f 304 1182 2202
f 2201 2202 1182
f 150 2203 2205
f 567 2204 2203
f 566 2205 2204
f 2203 2204 2205
f 304 2202 2199
f 566 2204 2202
f 567 2199 2204
f 2202 2204 2199
f 86 2198 2188
f 565 2206 2198
f 563 2188 2206
f 2198 2206 2188
f 150 2205 2194
f 566 2207 2205
f 565 2194 2207
f 2205 2207 2194
f 80 2191 2201
f 563 2208 2191
f 566 2201 2208
f 2191 2208 2201
f 565 2207 2206
f 566 2208 2207
f 563 2206 2208
f 2207 2208 2206
f 34 2178 2148
f 562 2209 2178
f 554 2148 2209
f 2178 2209 2148
f 149 2210 2181
f 568 2211 2210
f 562 2181 2211
f 2210 2211 2181
f 148 2152 2213
f 554 2212 2152
f 568 2213 2212
f 2152 2212 2213
f 562 2211 2209
f 568 2212 2211
f 554 2209 2212
f 2211 2212 2209
f 23 2200 2170
f 567 2214 2200
f 559 2170 2214
f 2200 2214 2170
f 150 2215 2203
f 569 2216 2215
f 567 2203 2216
f 2215 2216 2203
f 149 2174 2218
f 559 2217 2174
f 569 2218 2217
f 2174 2217 2218
f 567 2216 2214
f 569 2217 2216
f 559 2214 2217
f 2216 2217 2214
f 26 2156 2192
f 557 2219 2156
f 564 2192 2219
f 2156 2219 2192
f 148 2220 2159
f 570 2221 2220
f 557 2159 2221
f 2220 2221 2159
f 150 2196 2223
f 564 2222 2196
f 570 2223 2222
f 2196 2222 2223
f 557 2221 2219
f 570 2222 2221
f 564 2219 2222
f 2221 2222 2219
f 149 2218 2210
f 569 2224 2218
f 568 2210 2224
f 2218 2224 2210
f 150 2223 2215
f 570 2225 2223
f 569 2215 2225
f 2223 2225 2215
f 148 2213 2220
f 568 2226 2213
f 570 2220 2226
f 2213 2226 2220
f 569 2225 2224
f 570 2226 2225
f 568 2224 2226
f 2225 2226 2224
f 3 1805 1395
f 469 2227 1805
f 359 1395 2227
f 1805 2227 1395
f 128 2228 1809
f 571 2229 2228
f 469 1809 2229
f 2228 2229 1809
f 96 1400 2231
f 359 2230 1400
f 571 2231 2230
f 1400 2230 2231
f 469 2229 2227
f 571 2230 2229
f 359 2227 2230
f 2229 2230 2227
f 36 2232 1821
f 572 2233 2232
f 473 1821 2233
f 2232 2233 1821
f 151 2234 2236
f 573 2235 2234
f 572 2236 2235
f 2234 2235 2236
f 128 1826 2238
f 473 2237 1826
f 573 2238 2237
f 1826 2237 2238
f 572 2235 2233
f 573 2237 2235
f 473 2233 2237
f 2235 2237 2233
f 28 1406 2240
f 364 2239 1406
f 575 2240 2239
f 1406 2239 2240
f 96 2241 1410
f 574 2242 2241
f 364 1410 2242
f 2241 2242 1410
f 151 2243 2245
f 575 2244 2243
f 574 2245 2244
f 2243 2244 2245
f 364 2242 2239
f 574 2244 2242
f 575 2239 2244
f 2242 2244 2239
f 128 2238 2228
f 573 2246 2238
f 571 2228 2246
f 2238 2246 2228
f 151 2245 2234
f 574 2247 2245
f 573 2234 2247
f 2245 2247 2234
f 96 2231 2241
f 571 2248 2231
f 574 2241 2248
f 2231 2248 2241
f 573 2247 2246
f 574 2248 2247
f 571 2246 2248
f 2247 2248 2246
f 5 1297 1777
f 335 2249 1297
f 460 1777 2249
f 1297 2249 1777
f 91 2250 1301
f 576 2251 2250
f 335 1301 2251
f 2250 2251 1301
f 124 1781 2253
f 460 2252 1781
f 576 2253 2252
f 1781 2252 2253
f 335 2251 2249
f 576 2252 2251
f 460 2249 2252
f 2251 2252 2249
f 25 2254 1313
f 577 2255 2254
f 339 1313 2255
f 2254 2255 1313
f 152 2256 2258
f 578 2257 2256
f 577 2258 2257
f 2256 2257 2258
f 91 1318 2260
f 339 2259 1318
f 578 2260 2259
f 1318 2259 2260
f 577 2257 2255
f 578 2259 2257
f 339 2255 2259
f 2257 2259 2255
f 36 1786 2262
f 464 2261 1786
f 580 2262 2261
f 1786 2261 2262
f 124 2263 1790
f 579 2264 2263
f 464 1790 2264
f 2263 2264 1790
f 152 2265 2267
f 580 2266 2265
f 579 2267 2266
f 2265 2266 2267
f 464 2264 2261
f 579 2266 2264
f 580 2261 2266
f 2264 2266 2261
f 91 2260 2250
f 578 2268 2260
f 576 2250 2268
f 2260 2268 2250
f 152 2267 2256
f 579 2269 2267
f 578 2256 2269
f 2267 2269 2256
f 124 2253 2263
f 576 2270 2253
f 579 2263 2270
f 2253 2270 2263
f 578 2269 2268
f 579 2270 2269
f 576 2268 2270
f 2269 2270 2268
f 12 1344 1269
f 346 2271 1344
f 326 1269 2271
f 1344 2271 1269
f 93 2272 1347
f 581 2273 2272
f 346 1347 2273
f 2272 2273 1347
f 87 1273 2275
f 326 2274 1273
f 581 2275 2274
f 1273 2274 2275
f 346 2273 2271
f 581 2274 2273
f 326 2271 2274
f 2273 2274 2271
f 28 2276 1357
f 582 2277 2276
f 349 1357 2277
f 2276 2277 1357
f 153 2278 2280
f 583 2279 2278
f 582 2280 2279
f 2278 2279 2280
f 93 1362 2282
f 349 2281 1362
f 583 2282 2281
f 1362 2281 2282
f 582 2279 2277
f 583 2281 2279
f 349 2277 2281
f 2279 2281 2277
f 25 1278 2284
f 330 2283 1278
f 585 2284 2283
f 1278 2283 2284
f 87 2285 1282
f 584 2286 2285
f 330 1282 2286
f 2285 2286 1282
f 153 2287 2289
f 585 2288 2287
f 584 2289 2288
f 2287 2288 2289
f 330 2286 2283
f 584 2288 2286
f 585 2283 2288
f 2286 2288 2283
f 93 2282 2272
f 583 2290 2282
f 581 2272 2290
f 2282 2290 2272
f 153 2289 2278
f 584 2291 2289
f 583 2278 2291
f 2289 2291 2278
f 87 2275 2285
f 581 2292 2275
f 584 2285 2292
f 2275 2292 2285
f 583 2291 2290
f 584 2292 2291
f 581 2290 2292
f 2291 2292 2290
f 36 2262 2232
f 580 2293 2262
f 572 2232 2293
f 2262 2293 2232
f 152 2294 2265
f 586 2295 2294
f 580 2265 2295
f 2294 2295 2265
f 151 2236 2297
f 572 2296 2236
f 586 2297 2296
f 2236 2296 2297
f 580 2295 2293
f 586 2296 2295
f 572 2293 2296
f 2295 2296 2293
f 25 2284 2254
f 585 2298 2284
f 577 2254 2298
f 2284 2298 2254
f 153 2299 2287
f 587 2300 2299
f 585 2287 2300
f 2299 2300 2287
f 152 2258 2302
f 577 2301 2258
f 587 2302 2301
f 2258 2301 2302
f 585 2300 2298
f 587 2301 2300
f 577 2298 2301
f 2300 2301 2298
f 28 2240 2276
f 575 2303 2240
f 582 2276 2303
f 2240 2303 2276
f 151 2304 2243
f 588 2305 2304
f 575 2243 2305
f 2304 2305 2243
f 153 2280 2307
f 582 2306 2280
f 588 2307 2306
f 2280 2306 2307
f 575 2305 2303
f 588 2306 2305
f 582 2303 2306
f 2305 2306 2303
f 152 2302 2294
f 587 2308 2302
f 586 2294 2308
f 2302 2308 2294
f 153 2307 2299
f 588 2309 2307
f 587 2299 2309
f 2307 2309 2299
f 151 2297 2304
f 586 2310 2297
f 588 2304 2310
f 2297 2310 2304
f 587 2309 2308
f 588 2310 2309
f 586 2308 2310
f 2309 2310 2308
f 7 1905 1495
f 495 2311 1905
f 385 1495 2311
f 1905 2311 1495
f 135 2312 1909
f 589 2313 2312
f 495 1909 2313
f 2312 2313 1909
f 103 1500 2315
f 385 2314 1500
f 589 2315 2314
f 1500 2314 2315
f 495 2313 2311
f 589 2314 2313
f 385 2311 2314
f 2313 2314 2311
f 38 2316 1921
f 590 2317 2316
f 499 1921 2317
f 2316 2317 1921
f 154 2318 2320
f 591 2319 2318
f 590 2320 2319
f 2318 2319 2320
f 135 1926 2322
f 499 2321 1926
f 591 2322 2321
f 1926 2321 2322
f 590 2319 2317
f 591 2321 2319
f 499 2317 2321
f 2319 2321 2317
f 30 1506 2324
f 390 2323 1506
f 593 2324 2323
f 1506 2323 2324
f 103 2325 1510
f 592 2326 2325
f 390 1510 2326
f 2325 2326 1510
f 154 2327 2329
f 593 2328 2327
f 592 2329 2328
f 2327 2328 2329
f 390 2326 2323
f 592 2328 2326
f 593 2323 2328
f 2326 2328 2323
f 135 2322 2312
f 591 2330 2322
f 589 2312 2330
f 2322 2330 2312
f 154 2329 2318
f 592 2331 2329
f 591 2318 2331
f 2329 2331 2318
f 103 2315 2325
f 589 2332 2315
f 592 2325 2332
f 2315 2332 2325
f 591 2331 2330
f 592 2332 2331
f 589 2330 2332
f 2331 2332 2330
f 3 1397 1877
f 361 2333 1397
f 486 1877 2333
f 1397 2333 1877
f 98 2334 1401
f 594 2335 2334
f 361 1401 2335
f 2334 2335 1401
f 131 1881 2337
f 486 2336 1881
f 594 2337 2336
f 1881 2336 2337
f 361 2335 2333
f 594 2336 2335
f 486 2333 2336
f 2335 2336 2333
f 27 2338 1413
f 595 2339 2338
f 365 1413 2339
f 2338 2339 1413
f 155 2340 2342
f 596 2341 2340
f 595 2342 2341
f 2340 2341 2342
f 98 1418 2344
f 365 2343 1418
f 596 2344 2343
f 1418 2343 2344
f 595 2341 2339
f 596 2343 2341
f 365 2339 2343
f 2341 2343 2339
f 38 1886 2346
f 490 2345 1886
f 598 2346 2345
f 1886 2345 2346
f 131 2347 1890
f 597 2348 2347
f 490 1890 2348
f 2347 2348 1890
f 155 2349 2351
f 598 2350 2349
f 597 2351 2350
f 2349 2350 2351
f 490 2348 2345
f 597 2350 2348
f 598 2345 2350
f 2348 2350 2345
f 98 2344 2334
f 596 2352 2344
f 594 2334 2352
f 2344 2352 2334
f 155 2351 2340
f 597 2353 2351
f 596 2340 2353
f 2351 2353 2340
f 131 2337 2347
f 594 2354 2337
f 597 2347 2354
f 2337 2354 2347
f 596 2353 2352
f 597 2354 2353
f 594 2352 2354
f 2353 2354 2352
f 11 1444 1369
f 372 2355 1444
f 352 1369 2355
f 1444 2355 1369
f 100 2356 1447
f 599 2357 2356
f 372 1447 2357
f 2356 2357 1447
f 94 1373 2359
f 352 2358 1373
f 599 2359 2358
f 1373 2358 2359
f 372 2357 2355
f 599 2358 2357
f 352 2355 2358
f 2357 2358 2355
f 30 2360 1457
f 600 2361 2360
f 375 1457 2361
f 2360 2361 1457
f 156 2362 2364
f 601 2363 2362
f 600 2364 2363
f 2362 2363 2364
f 100 1462 2366
f 375 2365 1462
f 601 2366 2365
f 1462 2365 2366
f 600 2363 2361
f 601 2365 2363
f 375 2361 2365
f 2363 2365 2361
f 27 1378 2368
f 356 2367 1378
f 603 2368 2367
f 1378 2367 2368
f 94 2369 1382
f 602 2370 2369
f 356 1382 2370
f 2369 2370 1382
f 156 2371 2373
f 603 2372 2371
f 602 2373 2372
f 2371 2372 2373
f 356 2370 2367
f 602 2372 2370
f 603 2367 2372
f 2370 2372 2367
f 100 2366 2356
f 601 2374 2366
f 599 2356 2374
f 2366 2374 2356
f 156 2373 2362
f 602 2375 2373
f 601 2362 2375
f 2373 2375 2362
f 94 2359 2369
f 599 2376 2359
f 602 2369 2376
f 2359 2376 2369
f 601 2375 2374
f 602 2376 2375
f 599 2374 2376
f 2375 2376 2374
f 38 2346 2316
f 598 2377 2346
f 590 2316 2377
f 2346 2377 2316
f 155 2378 2349
f 604 2379 2378
f 598 2349 2379
f 2378 2379 2349
f 154 2320 2381
f 590 2380 2320
f 604 2381 2380
f 2320 2380 2381
f 598 2379 2377
f 604 2380 2379
f 590 2377 2380
f 2379 2380 2377
f 27 2368 2338
f 603 2382 2368
f 595 2338 2382
f 2368 2382 2338
f 156 2383 2371
f 605 2384 2383
f 603 2371 2384
f 2383 2384 2371
f 155 2342 2386
f 595 2385 2342
f 605 2386 2385
f 2342 2385 2386
f 603 2384 2382
f 605 2385 2384
f 595 2382 2385
f 2384 2385 2382
f 30 2324 2360
f 593 2387 2324
f 600 2360 2387
f 2324 2387 2360
f 154 2388 2327
f 606 2389 2388
f 593 2327 2389
f 2388 2389 2327
f 156 2364 2391
f 600 2390 2364
f 606 2391 2390
f 2364 2390 2391
f 593 2389 2387
f 606 2390 2389
f 600 2387 2390
f 2389 2390 2387
f 155 2386 2378
f 605 2392 2386
f 604 2378 2392
f 2386 2392 2378
f 156 2391 2383
f 606 2393 2391
f 605 2383 2393
f 2391 2393 2383
f 154 2381 2388
f 604 2394 2381
f 606 2388 2394
f 2381 2394 2388
f 605 2393 2392
f 606 2394 2393
f 604 2392 2394
f 2393 2394 2392
f 9 2005 1595
f 521 2395 2005
f 411 1595 2395
f 2005 2395 1595
f 142 2396 2009
f 607 2397 2396
f 521 2009 2397
f 2396 2397 2009
f 110 1600 2399
f 411 2398 1600
f 607 2399 2398
f 1600 2398 2399
f 521 2397 2395
f 607 2398 2397
f 411 2395 2398
f 2397 2398 2395
f 40 2400 2021
f 608 2401 2400
f 525 2021 2401
f 2400 2401 2021
f 157 2402 2404
f 609 2403 2402
f 608 2404 2403
f 2402 2403 2404
f 142 2026 2406
f 525 2405 2026
f 609 2406 2405
f 2026 2405 2406
f 608 2403 2401
f 609 2405 2403
f 525 2401 2405
f 2403 2405 2401
f 32 1606 2408
f 416 2407 1606
f 611 2408 2407
f 1606 2407 2408
f 110 2409 1610
f 610 2410 2409
f 416 1610 2410
f 2409 2410 1610
f 157 2411 2413
f 611 2412 2411
f 610 2413 2412
f 2411 2412 2413
f 416 2410 2407
f 610 2412 2410
f 611 2407 2412
f 2410 2412 2407
f 142 2406 2396
f 609 2414 2406
f 607 2396 2414
f 2406 2414 2396
f 157 2413 2402
f 610 2415 2413
f 609 2402 2415
f 2413 2415 2402
f 110 2399 2409
f 607 2416 2399
f 610 2409 2416
f 2399 2416 2409
f 609 2415 2414
f 610 2416 2415
f 607 2414 2416
f 2415 2416 2414
f 7 1497 1977
f 387 2417 1497
f 512 1977 2417
f 1497 2417 1977
f 105 2418 1501
f 612 2419 2418
f 387 1501 2419
f 2418 2419 1501
f 138 1981 2421
f 512 2420 1981
f 612 2421 2420
f 1981 2420 2421
f 387 2419 2417
f 612 2420 2419
f 512 2417 2420
f 2419 2420 2417
f 29 2422 1513
f 613 2423 2422
f 391 1513 2423
f 2422 2423 1513
f 158 2424 2426
f 614 2425 2424
f 613 2426 2425
f 2424 2425 2426
f 105 1518 2428
f 391 2427 1518
f 614 2428 2427
f 1518 2427 2428
f 613 2425 2423
f 614 2427 2425
f 391 2423 2427
f 2425 2427 2423
f 40 1986 2430
f 516 2429 1986
f 616 2430 2429
f 1986 2429 2430
f 138 2431 1990
f 615 2432 2431
f 516 1990 2432
f 2431 2432 1990
f 158 2433 2435
f 616 2434 2433
f 615 2435 2434
f 2433 2434 2435
f 516 2432 2429
f 615 2434 2432
f 616 2429 2434
f 2432 2434 2429
f 105 2428 2418
f 614 2436 2428
f 612 2418 2436
f 2428 2436 2418
f 158 2435 2424
f 615 2437 2435
f 614 2424 2437
f 2435 2437 2424
f 138 2421 2431
f 612 2438 2421
f 615 2431 2438
f 2421 2438 2431
f 614 2437 2436
f 615 2438 2437
f 612 2436 2438
f 2437 2438 2436
f 8 1544 1469
f 398 2439 1544
f 378 1469 2439
f 1544 2439 1469
f 107 2440 1547
f 617 2441 2440
f 398 1547 2441
f 2440 2441 1547
f 101 1473 2443
f 378 2442 1473
f 617 2443 2442
f 1473 2442 2443
f 398 2441 2439
f 617 2442 2441
f 378 2439 2442
f 2441 2442 2439
f 32 2444 1557
f 618 2445 2444
f 401 1557 2445
f 2444 2445 1557
f 159 2446 2448
f 619 2447 2446
f 618 2448 2447
f 2446 2447 2448
f 107 1562 2450
f 401 2449 1562
f 619 2450 2449
f 1562 2449 2450
f 618 2447 2445
f 619 2449 2447
f 401 2445 2449
f 2447 2449 2445
f 29 1478 2452
f 382 2451 1478
f 621 2452 2451
f 1478 2451 2452
f 101 2453 1482
f 620 2454 2453
f 382 1482 2454
f 2453 2454 1482
f 159 2455 2457
f 621 2456 2455
f 620 2457 2456
f 2455 2456 2457
f 382 2454 2451
f 620 2456 2454
f 621 2451 2456
f 2454 2456 2451
f 107 2450 2440
f 619 2458 2450
f 617 2440 2458
f 2450 2458 2440
f 159 2457 2446
f 620 2459 2457
f 619 2446 2459
f 2457 2459 2446
f 101 2443 2453
f 617 2460 2443
f 620 2453 2460
f 2443 2460 2453
f 619 2459 2458
f 620 2460 2459
f 617 2458 2460
f 2459 2460 2458
f 40 2430 2400
f 616 2461 2430
f 608 2400 2461
f 2430 2461 2400
f 158 2462 2433
f 622 2463 2462
f 616 2433 2463
f 2462 2463 2433
f 157 2404 2465
f 608 2464 2404
f 622 2465 2464
f 2404 2464 2465
f 616 2463 2461
f 622 2464 2463
f 608 2461 2464
f 2463 2464 2461
f 29 2452 2422
f 621 2466 2452
f 613 2422 2466
f 2452 2466 2422
f 159 2467 2455
f 623 2468 2467
f 621 2455 2468
f 2467 2468 2455
f 158 2426 2470
f 613 2469 2426
f 623 2470 2469
f 2426 2469 2470
f 621 2468 2466
f 623 2469 2468
f 613 2466 2469
f 2468 2469 2466
f 32 2408 2444
f 611 2471 2408
f 618 2444 2471
f 2408 2471 2444
f 157 2472 2411
f 624 2473 2472
f 611 2411 2473
f 2472 2473 2411
f 159 2448 2475
f 618 2474 2448
f 624 2475 2474
f 2448 2474 2475
f 611 2473 2471
f 624 2474 2473
f 618 2471 2474
f 2473 2474 2471
f 158 2470 2462
f 623 2476 2470
f 622 2462 2476
f 2470 2476 2462
f 159 2475 2467
f 624 2477 2475
f 623 2467 2477
f 2475 2477 2467
f 157 2465 2472
f 622 2478 2465
f 624 2472 2478
f 2465 2478 2472
f 623 2477 2476
f 624 2478 2477
f 622 2476 2478
f 2477 2478 2476
f 10 2100 1195
f 544 2479 2100
f 307 1195 2479
f 2100 2479 1195
f 147 2480 2103
f 625 2481 2480
f 544 2103 2481
f 2480 2481 2103
f 82 1200 2483
f 307 2482 1200
f 625 2483 2482
f 1200 2482 2483
f 544 2481 2479
f 625 2482 2481
f 307 2479 2482
f 2481 2482 2479
f 42 2484 2113
f 626 2485 2484
f 547 2113 2485
f 2484 2485 2113
f 160 2486 2488
f 627 2487 2486
f 626 2488 2487
f 2486 2487 2488
f 147 2118 2490
f 547 2489 2118
f 627 2490 2489
f 2118 2489 2490
f 626 2487 2485
f 627 2489 2487
f 547 2485 2489
f 2487 2489 2485
f 24 1206 2492
f 312 2491 1206
f 629 2492 2491
f 1206 2491 2492
f 82 2493 1210
f 628 2494 2493
f 312 1210 2494
f 2493 2494 1210
f 160 2495 2497
f 629 2496 2495
f 628 2497 2496
f 2495 2496 2497
f 312 2494 2491
f 628 2496 2494
f 629 2491 2496
f 2494 2496 2491
f 147 2490 2480
f 627 2498 2490
f 625 2480 2498
f 2490 2498 2480
f 160 2497 2486
f 628 2499 2497
f 627 2486 2499
f 2497 2499 2486
f 82 2483 2493
f 625 2500 2483
f 628 2493 2500
f 2483 2500 2493
f 627 2499 2498
f 628 2500 2499
f 625 2498 2500
f 2499 2500 2498
f 9 1597 2073
f 413 2501 1597
f 536 2073 2501
f 1597 2501 2073
f 112 2502 1601
f 630 2503 2502
f 413 1601 2503
f 2502 2503 1601
f 144 2077 2505
f 536 2504 2077
f 630 2505 2504
f 2077 2504 2505
f 413 2503 2501
f 630 2504 2503
f 536 2501 2504
f 2503 2504 2501
f 31 2506 1613
f 631 2507 2506
f 417 1613 2507
f 2506 2507 1613
f 161 2508 2510
f 632 2509 2508
f 631 2510 2509
f 2508 2509 2510
f 112 1618 2512
f 417 2511 1618
f 632 2512 2511
f 1618 2511 2512
f 631 2509 2507
f 632 2511 2509
f 417 2507 2511
f 2509 2511 2507
f 42 2082 2514
f 540 2513 2082
f 634 2514 2513
f 2082 2513 2514
f 144 2515 2086
f 633 2516 2515
f 540 2086 2516
f 2515 2516 2086
f 161 2517 2519
f 634 2518 2517
f 633 2519 2518
f 2517 2518 2519
f 540 2516 2513
f 633 2518 2516
f 634 2513 2518
f 2516 2518 2513
f 112 2512 2502
f 632 2520 2512
f 630 2502 2520
f 2512 2520 2502
f 161 2519 2508
f 633 2521 2519
f 632 2508 2521
f 2519 2521 2508
f 144 2505 2515
f 630 2522 2505
f 633 2515 2522
f 2505 2522 2515
f 632 2521 2520
f 633 2522 2521
f 630 2520 2522
f 2521 2522 2520
f 2 1144 1569
f 294 2523 1144
f 404 1569 2523
f 1144 2523 1569
f 79 2524 1147
f 635 2525 2524
f 294 1147 2525
f 2524 2525 1147
f 108 1573 2527
f 404 2526 1573
f 635 2527 2526
f 1573 2526 2527
f 294 2525 2523
f 635 2526 2525
f 404 2523 2526
f 2525 2526 2523
f 24 2528 1157
f 636 2529 2528
f 297 1157 2529
f 2528 2529 1157
f 162 2530 2532
f 637 2531 2530
f 636 2532 2531
f 2530 2531 2532
f 79 1162 2534
f 297 2533 1162
f 637 2534 2533
f 1162 2533 2534
f 636 2531 2529
f 637 2533 2531
f 297 2529 2533
f 2531 2533 2529
f 31 1578 2536
f 408 2535 1578
f 639 2536 2535
f 1578 2535 2536
f 108 2537 1582
f 638 2538 2537
f 408 1582 2538
f 2537 2538 1582
f 162 2539 2541
f 639 2540 2539
f 638 2541 2540
f 2539 2540 2541
f 408 2538 2535
f 638 2540 2538
f 639 2535 2540
f 2538 2540 2535
f 79 2534 2524
f 637 2542 2534
f 635 2524 2542
f 2534 2542 2524
f 162 2541 2530
f 638 2543 2541
f 637 2530 2543
f 2541 2543 2530
f 108 2527 2537
f 635 2544 2527
f 638 2537 2544
f 2527 2544 2537
f 637 2543 2542
f 638 2544 2543
f 635 2542 2544
f 2543 2544 2542
f 42 2514 2484
f 634 2545 2514
f 626 2484 2545
f 2514 2545 2484
f 161 2546 2517
f 640 2547 2546
f 634 2517 2547
f 2546 2547 2517
f 160 2488 2549
f 626 2548 2488
f 640 2549 2548
f 2488 2548 2549
f 634 2547 2545
f 640 2548 2547
f 626 2545 2548
f 2547 2548 2545
f 31 2536 2506
f 639 2550 2536
f 631 2506 2550
f 2536 2550 2506
f 162 2551 2539
f 641 2552 2551
f 639 2539 2552
f 2551 2552 2539
f 161 2510 2554
f 631 2553 2510
f 641 2554 2553
f 2510 2553 2554
f 639 2552 2550
f 641 2553 2552
f 631 2550 2553
f 2552 2553 2550
f 24 2492 2528
f 629 2555 2492
f 636 2528 2555
f 2492 2555 2528
f 160 2556 2495
f 642 2557 2556
f 629 2495 2557
f 2556 2557 2495
f 162 2532 2559
f 636 2558 2532
f 642 2559 2558
f 2532 2558 2559
f 629 2557 2555
f 642 2558 2557
f 636 2555 2558
f 2557 2558 2555
f 161 2554 2546
f 641 2560 2554
f 640 2546 2560
f 2554 2560 2546
f 162 2559 2551
f 642 2561 2559
f 641 2551 2561
f 2559 2561 2551
f 160 2549 2556
f 640 2562 2549
f 642 2556 2562
f 2549 2562 2556
f 641 2561 2560
f 642 2562 2561
f 640 2560 2562
f 2561 2562 2560
