# regolith_gen synthetic particle
# verts: 2562  tris: 5120
v -0.493404 0.722311 0.000000
v 0.543849 0.796160 0.000000
v -0.547310 -0.801227 0.000000
v 0.544465 -0.797062 0.000000
v 0.000000 -0.475016 0.809043
v 0.000000 0.520599 0.886682
v 0.000000 -0.479081 -0.815967
v 0.000000 0.491026 -0.836313
v 0.905387 0.000000 -0.532914
v 0.927538 0.000000 0.545952
v -0.910805 0.000000 -0.536103
v -0.889309 0.000000 0.523451
v -0.826920 0.462392 0.300815
v -0.537803 0.300725 0.828746
v -0.338867 0.802673 0.522189
v 0.327952 0.776820 0.505369
v 0.000000 0.930186 0.000000
v 0.307415 0.728174 -0.473722
v -0.333138 0.789104 -0.513361
v -0.521086 0.291378 -0.802986
v -0.872376 0.487810 -0.317351
v -1.003491 0.000000 0.000000
v 0.514207 0.287531 0.792385
v 0.815998 0.456285 0.296841
v -0.472158 -0.264018 0.727588
v 0.000000 0.000000 1.009030
v -0.769010 -0.430010 -0.279748
v -0.807610 -0.451594 0.293790
v 0.000000 0.000000 -0.940737
v -0.508745 -0.284477 -0.783969
v 0.819917 0.458476 -0.298267
v 0.534161 0.298689 -0.823134
v 0.913501 -0.510806 0.332311
v 0.483301 -0.270249 0.744759
v 0.358701 -0.849655 0.552753
v -0.297484 -0.704649 0.458418
v 0.000000 -1.007135 0.000000
v -0.328432 -0.777957 -0.506109
v 0.311403 -0.737620 -0.479868
v 0.498985 -0.279020 -0.768929
v 0.839640 -0.469504 -0.305442
v 1.031519 0.000000 0.000000
v -0.722825 0.661776 0.159377
v -0.635643 0.673345 0.438053
v -0.450813 0.810955 0.257171
v -0.722650 0.149590 0.680135
v -0.702207 0.392655 0.571196
v -0.844884 0.230293 0.404708
v -0.172124 0.672657 0.716496
v -0.454936 0.568829 0.701050
v -0.275243 0.415754 0.870118
v -0.173231 0.917530 0.266946
v -0.288303 0.918215 0.000000
v 0.161476 0.631044 0.672172
v 0.000000 0.792098 0.515309
v 0.261803 0.833814 0.000000
v 0.167668 0.888065 0.258374
v 0.454784 0.818097 0.259436
v -0.187143 0.991216 -0.288385
v -0.440842 0.793018 -0.251483
v 0.431240 0.775746 -0.246005
v 0.162704 0.861772 -0.250724
v -0.176863 0.691174 -0.736220
v 0.000000 0.772026 -0.502251
v 0.164539 0.643012 -0.684919
v -0.612513 0.648844 -0.422113
v -0.726697 0.665321 -0.160231
v -0.290215 0.438368 -0.917448
v -0.465260 0.581738 -0.716959
v -0.951028 0.259225 -0.455552
v -0.727811 0.406973 -0.592024
v -0.724569 0.149987 -0.681941
v -0.810566 0.453247 0.000000
v -1.000385 0.000000 -0.270656
v -1.041687 0.260495 -0.169468
v -0.890063 0.222578 0.144801
v -0.990847 0.000000 0.268075
v 0.632884 0.670423 0.436152
v 0.693750 0.635157 0.152967
v 0.286879 0.433330 0.906904
v 0.467817 0.584935 0.720899
v 0.923972 0.251850 0.442592
v 0.720931 0.403126 0.586427
v 0.683289 0.141442 0.643090
v -0.272744 0.152511 0.939807
v 0.000000 0.268787 0.995968
v -0.754391 -0.156160 0.710008
v -0.582912 0.000000 0.898259
v 0.000000 -0.253682 0.939999
v -0.261002 -0.145946 0.899348
v -0.276231 -0.417246 0.873241
v -1.071220 -0.267880 0.174273
v -0.910761 -0.248249 0.436264
v -0.862040 -0.234969 -0.412926
v -1.026419 -0.256677 -0.166984
v -0.715250 -0.654841 0.157707
v -0.908404 -0.507955 0.000000
v -0.685541 -0.627641 -0.151157
v -0.516197 0.000000 -0.795452
v -0.713403 -0.147676 -0.671432
v 0.000000 0.254304 -0.942302
v -0.279473 0.156274 -0.962994
v -0.284046 -0.429051 -0.897948
v -0.282457 -0.157943 -0.973276
v 0.000000 -0.256126 -0.949055
v 0.449459 0.561981 -0.692609
v 0.264936 0.400186 -0.837536
v 0.730314 0.668633 -0.161029
v 0.599700 0.635270 -0.413283
v 0.721279 0.149306 -0.678845
v 0.695757 0.389049 -0.565950
v 0.825787 0.225087 -0.395560
v 0.752603 -0.689039 0.165943
v 0.631199 -0.668638 0.434991
v 0.455425 -0.819251 0.259802
v 0.694392 -0.143740 0.653539
v 0.756131 -0.422809 0.615060
v 0.868478 -0.236724 0.416010
v 0.170535 -0.666448 0.709882
v 0.461865 -0.577493 0.711728
v 0.286054 -0.432083 0.904294
v 0.171354 -0.907587 0.264054
v 0.308654 -0.983030 0.000000
v -0.165751 -0.647752 0.689968
v 0.000000 -0.816069 0.530904
v -0.312955 -0.996730 0.000000
v -0.174308 -0.923234 0.268606
v -0.447756 -0.805456 0.255427
v 0.160014 -0.847527 -0.246580
v 0.462605 -0.832167 -0.263898
v -0.457199 -0.822441 -0.260814
v -0.164794 -0.872842 -0.253945
v 0.153948 -0.601625 -0.640834
v 0.000000 -0.808541 -0.526006
v -0.173158 -0.676697 -0.720800
v 0.644323 -0.682541 -0.444035
v 0.744983 -0.682063 -0.164263
v 0.269536 -0.407133 -0.852076
v 0.468782 -0.586141 -0.722386
v 0.885352 -0.241323 -0.424093
v 0.725075 -0.405443 -0.589798
v 0.741127 -0.153414 -0.697525
v 0.992036 -0.554720 0.000000
v 1.029507 0.000000 -0.278535
v 1.041766 -0.260514 -0.169481
v 0.962343 -0.240653 0.156560
v 0.947138 0.000000 0.256250
v 0.299238 -0.167326 1.031097
v 0.565731 0.000000 0.871783
v 0.286990 0.160477 0.988894
v -0.561095 -0.594376 0.386678
v -0.427698 -0.534772 0.659076
v -0.694694 -0.388455 0.565085
v -0.451627 -0.564692 -0.695950
v -0.616431 -0.652994 -0.424813
v -0.658154 -0.368022 -0.535362
v 0.581033 0.000000 -0.895362
v 0.268344 -0.150051 -0.924645
v 0.256989 0.143702 -0.885520
v 1.070596 0.267724 0.174171
v 1.041688 0.260495 -0.169468
v 0.956645 0.534931 0.000000
v -0.594995 0.685407 0.074635
v -0.572567 0.718810 0.203346
v -0.473352 0.764641 0.122092
v -0.780360 0.600594 0.390724
v -0.690946 0.678152 0.300866
v -0.805884 0.583213 0.239854
v -0.406963 0.828533 0.396446
v -0.524814 0.720776 0.335222
v -0.489948 0.740065 0.481458
v -0.812186 0.076017 0.607527
v -0.804352 0.195581 0.552082
v -0.884318 0.121366 0.471715
v -0.606962 0.339397 0.679549
v -0.718798 0.274101 0.631059
v -0.622883 0.220183 0.741646
v -0.870422 0.357982 0.368400
v -0.787379 0.314756 0.494008
v -0.818408 0.457632 0.466869
v -0.079945 0.549169 0.736009
v -0.226405 0.549314 0.802326
v -0.136833 0.457121 0.859106
v -0.409186 0.704192 0.630549
v -0.325619 0.644357 0.735785
v -0.248748 0.720161 0.606355
v -0.378592 0.334879 0.793204
v -0.355760 0.479927 0.766853
v -0.498552 0.437167 0.768262
v -0.685441 0.541201 0.518317
v -0.587302 0.483455 0.640941
v -0.569030 0.648418 0.595642
v -0.345309 0.806115 0.120864
v -0.388264 0.796922 0.000000
v -0.260050 0.878339 0.400734
v -0.314217 0.864639 0.262325
v -0.149768 0.972864 0.000000
v -0.222618 0.884290 0.127906
v -0.081026 0.880405 0.124860
v 0.080173 0.550736 0.738109
v 0.000000 0.616398 0.656570
v 0.175005 0.850402 0.553239
v 0.083749 0.728578 0.609682
v 0.251443 0.727964 0.612925
v -0.081771 0.711372 0.595284
v -0.170013 0.826145 0.537458
v 0.378587 0.777060 0.000000
v 0.351074 0.819573 0.122882
v 0.472876 0.763873 0.121970
v 0.080709 0.876962 0.124372
v 0.235969 0.937323 0.135577
v 0.138985 0.902821 0.000000
v 0.409602 0.833906 0.399017
v 0.328535 0.904041 0.274279
v 0.258381 0.872701 0.398161
v -0.085820 0.861118 0.396744
v 0.086303 0.865958 0.398973
v 0.000000 0.894743 0.260317
v -0.385977 0.901054 -0.135099
v -0.489839 0.791274 -0.126345
v -0.094275 1.024365 -0.145276
v -0.260805 1.035977 -0.149846
v -0.402625 0.819702 -0.392220
v -0.322153 0.886478 -0.268951
v -0.261090 0.881850 -0.402335
v 0.493803 0.797677 -0.127367
v 0.358234 0.836288 -0.125388
v 0.233662 0.789210 -0.360069
v 0.295633 0.813503 -0.246811
v 0.385563 0.784966 -0.375599
v 0.221558 0.880079 -0.127297
v 0.088745 0.964277 -0.136755
v -0.083379 0.572756 -0.767622
v 0.000000 0.663397 -0.706632
v 0.082444 0.566334 -0.759014
v -0.157678 0.766205 -0.498464
v -0.083158 0.723439 -0.605382
v -0.243624 0.705328 -0.593866
v 0.234356 0.678494 -0.571272
v 0.086481 0.752349 -0.629574
v 0.149926 0.728536 -0.473958
v 0.000000 0.944151 -0.274691
v 0.083988 0.842728 -0.388271
v -0.083365 0.836486 -0.385395
v -0.607116 0.762183 -0.215616
v -0.621730 0.716205 -0.077989
v -0.488602 0.738031 -0.480135
v -0.540587 0.742438 -0.345296
v -0.807554 0.584422 -0.240351
v -0.698922 0.685979 -0.304339
v -0.775694 0.597002 -0.388387
v -0.138865 0.463910 -0.871866
v -0.227713 0.552489 -0.806964
v -0.510710 0.447828 -0.786996
v -0.377739 0.509578 -0.814230
v -0.427321 0.377981 -0.895298
v -0.331594 0.656180 -0.749286
v -0.401555 0.691059 -0.618790
v -0.946472 0.129896 -0.504870
v -0.829525 0.201701 -0.569360
v -0.811783 0.075979 -0.607225
v -0.828716 0.463396 -0.472750
v -0.843649 0.337250 -0.529313
v -0.952071 0.391562 -0.402957
v -0.592572 0.209468 -0.705555
v -0.717899 0.273758 -0.630269
v -0.600456 0.335759 -0.672265
v -0.570957 0.650614 -0.597660
v -0.578822 0.476474 -0.631687
v -0.657962 0.519504 -0.497538
v -0.730431 0.668740 0.000000
v -0.866580 0.484569 -0.153667
v -0.795339 0.572055 -0.078777
v -0.799218 0.574845 0.079161
v -0.849844 0.475210 0.150699
v -0.994094 0.000000 -0.417334
v -1.003050 0.129265 -0.370236
v -0.994320 0.121206 -0.078852
v -1.010456 0.125624 -0.219194
v -1.024934 0.000000 -0.135959
v -0.976327 0.254600 -0.305728
v -0.936530 0.367259 -0.238925
v -0.924564 0.119150 0.341266
v -1.000075 0.000000 0.419846
v -0.892288 0.349910 0.227638
v -0.876564 0.228585 0.274488
v -0.986153 0.000000 0.130815
v -0.924005 0.114876 0.200440
v -0.938196 0.114365 0.074401
v -0.913850 0.361893 -0.078478
v -0.932520 0.233195 0.000000
v -0.877940 0.347672 0.075394
v 0.589433 0.739984 0.209336
v 0.592713 0.682779 0.074349
v 0.492249 0.743540 0.483719
v 0.580681 0.797502 0.370906
v 0.775093 0.560930 0.230690
v 0.678287 0.665727 0.295353
v 0.691206 0.531978 0.346084
v 0.133242 0.445124 0.836558
v 0.223379 0.541973 0.791604
v 0.502047 0.440231 0.773647
v 0.382849 0.516472 0.825245
v 0.400272 0.354055 0.838626
v 0.319746 0.632735 0.722514
v 0.402796 0.693196 0.620703
v 0.945370 0.129745 0.504282
v 0.837993 0.203760 0.575172
v 0.825563 0.077269 0.617533
v 0.764806 0.427659 0.436291
v 0.837088 0.334627 0.525196
v 0.868007 0.356989 0.367378
v 0.591489 0.209086 0.704266
v 0.716958 0.273400 0.629443
v 0.615531 0.344188 0.689142
v 0.557090 0.634812 0.583143
v 0.615385 0.506573 0.671590
v 0.687244 0.542625 0.519680
v -0.138313 0.340501 0.924802
v 0.000000 0.370741 0.885321
v -0.406494 0.227301 0.893198
v -0.282431 0.291506 0.933244
v 0.000000 0.140466 1.061565
v -0.146804 0.220167 1.017487
v -0.138481 0.077435 0.978899
v -0.818229 -0.076582 0.612047
v -0.731296 0.000000 0.688272
v -0.551214 -0.150246 0.849413
v -0.647306 -0.076618 0.775477
v -0.576423 -0.203760 0.686327
v -0.683565 0.080910 0.818917
v -0.592517 0.161504 0.913060
v 0.000000 -0.380410 0.908410
v -0.132619 -0.326483 0.886731
v -0.131881 -0.440578 0.828015
v -0.143085 -0.080009 1.011440
v -0.137220 -0.205794 0.951064
v 0.000000 -0.131102 0.990797
v -0.389856 -0.344842 0.816803
v -0.254528 -0.262706 0.841042
v -0.370626 -0.207245 0.814385
v -0.453962 0.084614 0.987778
v -0.418400 -0.077986 0.910399
v -0.265797 0.000000 0.915868
v -0.994206 -0.128125 0.366971
v -0.899774 -0.123487 0.479960
v -1.087734 -0.132593 0.086260
v -1.073047 -0.133405 0.232771
v -0.921163 -0.378851 0.389876
v -0.992761 -0.258886 0.310874
v -0.964250 -0.378130 0.245997
v -0.826328 -0.113407 -0.440782
v -1.001262 -0.129034 -0.369576
v -0.903331 -0.354241 -0.230456
v -0.965906 -0.251883 -0.302464
v -0.824071 -0.338919 -0.348782
v -1.029231 -0.127958 -0.223267
v -1.019020 -0.124217 -0.080811
v -0.628689 -0.724221 0.078862
v -0.691507 -0.633104 0.000000
v -0.601280 -0.692647 -0.075424
v -0.844543 -0.472246 0.149759
v -0.829195 -0.596406 0.082130
v -0.745177 -0.539281 0.221786
v -0.725916 -0.525341 -0.216053
v -0.792537 -0.570040 -0.078499
v -0.891644 -0.498584 -0.158111
v -1.025829 -0.256529 0.000000
v -1.013369 -0.401303 -0.087024
v -0.983744 -0.389571 0.084480
v -0.726085 0.000000 -0.683368
v -0.750816 -0.070273 -0.561621
v -0.505842 0.137879 -0.779494
v -0.630828 0.074667 -0.755737
v -0.591159 -0.208969 -0.703873
v -0.632342 -0.074847 -0.757551
v -0.517241 -0.140986 -0.797060
v 0.000000 0.380379 -0.908337
v -0.147210 0.362405 -0.984296
v -0.138861 0.077647 -0.981584
v -0.143360 0.215002 -0.993616
v 0.000000 0.123558 -0.933782
v -0.296564 0.306092 -0.979941
v -0.403089 0.225397 -0.885715
v -0.139108 -0.464720 -0.873388
v -0.146989 -0.361859 -0.982813
v 0.000000 -0.384341 -0.917798
v -0.424405 -0.237316 -0.932554
v -0.287464 -0.296700 -0.949872
v -0.409665 -0.362364 -0.858306
v 0.000000 -0.124740 -0.942719
v -0.144282 -0.216385 -1.000010
v -0.146815 -0.082095 -1.037805
v -0.405368 0.075557 -0.882043
v -0.281445 0.000000 -0.969789
v -0.417237 -0.077769 -0.907869
v 0.214914 0.521435 -0.761606
v 0.136349 0.455506 -0.856071
v 0.372739 0.641469 -0.574386
v 0.297480 0.588673 -0.672200
v 0.383513 0.339231 -0.803514
v 0.345261 0.465763 -0.744221
v 0.482605 0.423183 -0.743687
v 0.646016 0.744180 -0.081035
v 0.570126 0.715745 -0.202479
v 0.709441 0.546012 -0.355215
v 0.661558 0.649308 -0.288069
v 0.822975 0.595582 -0.244941
v 0.522634 0.717781 -0.333829
v 0.471809 0.712666 -0.463634
v 0.838549 0.078484 -0.627246
v 0.804885 0.195710 -0.552447
v 0.904327 0.124112 -0.482388
v 0.646626 0.361576 -0.723957
v 0.718986 0.274173 -0.631223
v 0.656012 0.231894 -0.781091
v 0.825898 0.339670 -0.349555
v 0.783071 0.313034 -0.491306
v 0.759327 0.424595 -0.433166
v 0.518862 0.591251 -0.543128
v 0.647918 0.511574 -0.489943
v 0.590179 0.485823 -0.644081
v 0.638596 -0.735633 0.080104
v 0.607869 -0.763129 0.215883
v 0.510876 -0.825256 0.131771
v 0.775510 -0.596861 0.388295
v 0.679011 -0.666438 0.295669
v 0.839332 -0.607419 0.249809
v 0.417772 -0.850540 0.406975
v 0.552195 -0.758381 0.352711
v 0.505035 -0.762854 0.496284
v 0.806282 -0.075464 0.603110
v 0.816393 -0.198508 0.560346
v 0.898439 -0.123304 0.479248
v 0.561272 -0.313849 0.628395
v 0.701134 -0.267365 0.615550
v 0.603999 -0.213508 0.719161
v 0.914653 -0.376173 0.387121
v 0.851817 -0.340515 0.534438
v 0.838399 -0.468810 0.478273
v 0.081337 -0.558733 0.748827
v 0.235904 -0.572362 0.835990
v 0.137918 -0.460745 0.865917
v 0.408800 -0.703528 0.629955
v 0.325558 -0.644235 0.735646
v 0.262788 -0.760811 0.640581
v 0.413513 -0.365767 0.866368
v 0.389129 -0.524943 0.838781
v 0.490360 -0.429983 0.755637
v 0.710724 -0.561164 0.537435
v 0.578231 -0.475988 0.631041
v 0.555926 -0.633486 0.581926
v 0.397474 -0.927893 0.139123
v 0.419301 -0.860625 0.000000
v 0.260091 -0.878475 0.400796
v 0.328083 -0.902794 0.273901
v 0.147761 -0.959827 0.000000
v 0.245887 -0.976721 0.141276
v 0.093285 -1.013612 0.143751
v -0.082252 -0.565014 0.757245
v 0.000000 -0.630332 0.671412
v -0.164959 -0.801585 0.521481
v -0.085040 -0.739815 0.619086
v -0.253732 -0.734592 0.618506
v 0.082454 -0.717313 0.600255
v 0.165330 -0.803388 0.522654
v -0.446524 -0.916502 0.000000
v -0.390244 -0.911015 0.136592
v -0.497227 -0.803208 0.128250
v -0.094142 -1.022924 0.145072
v -0.254509 -1.010969 0.146229
v -0.160034 -1.039551 0.000000
v -0.359821 -0.732558 0.350522
v -0.316957 -0.872181 0.264613
v -0.251160 -0.848313 0.387035
v 0.085319 -0.856087 0.394425
v -0.086527 -0.868208 0.400010
v 0.000000 -0.966779 0.281275
v 0.405898 -0.947559 -0.142071
v 0.531760 -0.858991 -0.137158
v 0.082824 -0.899942 -0.127631
v 0.246102 -0.977575 -0.141399
v 0.406051 -0.826676 -0.395557
v 0.320710 -0.882506 -0.267746
v 0.242384 -0.818669 -0.373510
v -0.497936 -0.804354 -0.128433
v -0.388169 -0.906171 -0.135866
v -0.249888 -0.844015 -0.385074
v -0.324494 -0.892919 -0.270905
v -0.393473 -0.801070 -0.383305
v -0.236230 -0.938359 -0.135727
v -0.080925 -0.879303 -0.124704
v 0.085268 -0.585732 -0.785012
v 0.000000 -0.652446 -0.694968
v -0.086155 -0.591830 -0.793185
v 0.164589 -0.799786 -0.520311
v 0.082978 -0.721875 -0.604073
v 0.223258 -0.646366 -0.544222
v -0.259564 -0.751476 -0.632721
v -0.082654 -0.719057 -0.601715
v -0.164187 -0.797835 -0.519041
v 0.000000 -0.834734 -0.242858
v -0.083808 -0.840928 -0.387441
v 0.084763 -0.850508 -0.391855
v 0.620522 -0.779014 -0.220377
v 0.629692 -0.725377 -0.078987
v 0.482343 -0.728578 -0.473985
v 0.570526 -0.783556 -0.364420
v 0.851041 -0.615894 -0.253294
v 0.721240 -0.707884 -0.314057
v 0.794144 -0.611202 -0.397625
v 0.137474 -0.459263 -0.863131
v 0.230186 -0.558488 -0.815725
v 0.476905 -0.418185 -0.734904
v 0.363778 -0.490743 -0.784135
v 0.390218 -0.345163 -0.817563
v 0.305608 -0.604758 -0.690568
v 0.397180 -0.683530 -0.612048
v 0.947822 -0.130081 -0.505590
v 0.830959 -0.202050 -0.570344
v 0.846323 -0.079212 -0.633062
v 0.821154 -0.459168 -0.468436
v 0.858040 -0.343003 -0.538342
v 0.894526 -0.367896 -0.378602
v 0.651166 -0.230181 -0.775321
v 0.766267 -0.292202 -0.672733
v 0.628342 -0.351352 -0.703486
v 0.553979 -0.631268 -0.579888
v 0.594201 -0.489134 -0.648470
v 0.674582 -0.532627 -0.510105
v 0.766339 -0.701615 0.000000
v 0.928451 -0.519166 -0.164638
v 0.864894 -0.622083 -0.085666
v 0.877751 -0.631331 0.086940
v 0.956281 -0.534727 0.169573
v 0.990084 0.000000 -0.415651
v 0.971465 -0.125194 -0.358578
v 1.108744 -0.135154 -0.087926
v 1.048736 -0.130383 -0.227498
v 1.103859 0.000000 -0.146428
v 0.929887 -0.242490 -0.291185
v 0.946296 -0.371090 -0.241417
v 0.918441 -0.118361 0.339006
v 0.954866 0.000000 0.400866
v 0.945960 -0.370957 0.241331
v 0.933857 -0.243525 0.292429
v 1.026156 0.000000 0.136121
v 0.944043 -0.117367 0.204787
v 1.009949 -0.123111 0.080091
v 1.007411 -0.398944 -0.086513
v 1.025407 -0.256424 0.000000
v 0.994769 -0.393937 0.085427
v 0.141780 -0.349038 0.947989
v 0.419520 -0.234584 0.921820
v 0.301507 -0.311195 0.996276
v 0.137243 -0.205827 0.951217
v 0.138868 -0.077651 0.981630
v 0.727564 0.000000 0.684760
v 0.536778 0.146311 0.827166
v 0.599440 0.070952 0.718134
v 0.620755 -0.073475 0.743670
v 0.529715 -0.144386 0.816283
v 0.143007 0.352057 0.956189
v 0.145298 0.081247 1.027085
v 0.153691 0.230495 1.065217
v 0.298098 0.307675 0.985009
v 0.415720 0.232459 0.913469
v 0.439931 -0.081999 0.957248
v 0.462077 0.086127 1.005436
v 0.298137 0.000000 1.027304
v -0.572751 -0.719042 0.203412
v -0.444488 -0.671398 0.436786
v -0.514622 -0.706778 0.328712
v -0.638708 -0.626880 0.278119
v -0.699338 -0.538236 0.350156
v -0.223918 -0.543280 0.793512
v -0.478734 -0.419789 0.737723
v -0.356712 -0.481211 0.768904
v -0.318312 -0.629897 0.719274
v -0.374621 -0.644707 0.577285
v -0.848825 -0.206394 0.582607
v -0.790949 -0.442278 0.451205
v -0.834852 -0.333733 0.523793
v -0.733763 -0.279808 0.644196
v -0.584923 -0.327074 0.654875
v -0.502725 -0.572863 0.526237
v -0.564577 -0.464748 0.616141
v -0.640534 -0.505744 0.484359
v -0.232998 -0.565312 -0.825692
v -0.406936 -0.700320 -0.627082
v -0.329295 -0.651631 -0.744092
v -0.353771 -0.477244 -0.762565
v -0.495581 -0.434561 -0.763682
v -0.565844 -0.710370 -0.200958
v -0.666739 -0.513146 -0.333834
v -0.644116 -0.632188 -0.280474
v -0.525585 -0.721834 -0.335714
v -0.480261 -0.725432 -0.471939
v -0.774078 -0.188219 -0.531303
v -0.586918 -0.328189 -0.657108
v -0.702296 -0.267808 -0.616570
v -0.757618 -0.302859 -0.475336
v -0.726328 -0.406144 -0.414341
v -0.553988 -0.631277 -0.579896
v -0.641542 -0.506539 -0.485121
v -0.581120 -0.478366 -0.634195
v 0.784373 0.000000 -0.738226
v 0.580357 -0.158190 -0.894321
v 0.696097 -0.082393 -0.833930
v 0.664054 0.078600 -0.795542
v 0.565973 0.154269 -0.872156
v 0.136296 -0.335537 -0.911320
v 0.125824 -0.070357 -0.889427
v 0.128717 -0.193042 -0.892129
v 0.280165 -0.289167 -0.925755
v 0.392860 -0.219677 -0.863239
v 0.130830 0.322081 -0.874774
v 0.377254 0.210950 -0.828947
v 0.275365 0.284212 -0.909893
v 0.127343 0.190981 -0.882606
v 0.125735 0.070308 -0.888801
v 0.434284 -0.080947 -0.944960
v 0.264894 0.000000 -0.912758
v 0.407424 0.075940 -0.886516
v 1.020872 0.131562 0.376814
v 1.060214 0.129238 0.084078
v 1.094857 0.136117 0.237502
v 0.991397 0.258530 0.310446
v 0.909699 0.356738 0.232080
v 0.930397 0.119902 -0.343419
v 0.978544 0.383736 -0.249644
v 0.933766 0.243501 -0.292400
v 1.007247 0.125225 -0.218498
v 1.072651 0.130754 -0.085064
v 0.715415 0.654993 0.000000
v 0.881738 0.493045 0.156355
v 0.774998 0.557424 0.076762
v 0.807280 0.580644 -0.079960
v 0.916645 0.512564 -0.162545
v 1.058697 0.264748 0.000000
v 0.996905 0.394783 -0.085610
v 1.037053 0.410682 0.089058
v -0.526610 0.682306 0.035630
v -0.514341 0.697462 0.094528
v -0.469346 0.721179 0.058055
v -0.628486 0.671864 0.176793
v -0.591168 0.710437 0.139514
v -0.637487 0.654504 0.112071
v -0.457781 0.779177 0.185673
v -0.508596 0.722510 0.157938
v -0.506780 0.755107 0.227084
v -0.841496 0.553142 0.359853
v -0.822363 0.613366 0.325320
v -0.837140 0.534758 0.277734
v -0.696484 0.709382 0.387364
v -0.757163 0.659407 0.355493
v -0.721385 0.650061 0.422905
v -0.766685 0.625104 0.199938
v -0.775997 0.653693 0.280199
v -0.680462 0.644651 0.220640
v -0.386826 0.845693 0.475880
v -0.449430 0.785683 0.439911
v -0.423285 0.786491 0.511661
v -0.479517 0.751747 0.291334
v -0.471302 0.778687 0.367569
v -0.426940 0.814926 0.323460
v -0.564182 0.708574 0.460971
v -0.521349 0.749467 0.416920
v -0.596747 0.719771 0.397185
v -0.639150 0.709386 0.254256
v -0.604626 0.698540 0.317805
v -0.555700 0.728753 0.272158
v -0.840213 0.037713 0.558785
v -0.851234 0.099162 0.540910
v -0.883080 0.061102 0.495217
v -0.775258 0.175342 0.624893
v -0.802609 0.135474 0.575486
v -0.789138 0.116143 0.662304
v -0.840751 0.172202 0.425632
v -0.809141 0.152028 0.490793
v -0.800010 0.206791 0.462649
v -0.564013 0.315381 0.739350
v -0.604649 0.275646 0.698542
v -0.574367 0.256401 0.774775
v -0.706660 0.331671 0.597842
v -0.675719 0.313113 0.668570
v -0.657773 0.367809 0.628976
v -0.668711 0.183840 0.706721
v -0.678055 0.249813 0.693579
v -0.718623 0.211407 0.653621
v -0.829975 0.401428 0.327124
v -0.842883 0.405642 0.415458
v -0.838511 0.468873 0.388859
v -0.797454 0.265634 0.438312
v -0.840908 0.341179 0.438561
v -0.865872 0.295402 0.390883
v -0.751963 0.420478 0.515911
v -0.825770 0.394836 0.494971
v -0.754002 0.357625 0.538658
v -0.761375 0.234555 0.591104
v -0.758419 0.296576 0.565652
v -0.759933 0.243935 0.499322
v -0.042810 0.545204 0.821848
v -0.111094 0.520869 0.821751
v -0.068401 0.476494 0.851823
v -0.207610 0.635953 0.790957
v -0.155136 0.566433 0.791964
v -0.122020 0.598074 0.714395
v -0.207897 0.441674 0.874626
v -0.184582 0.512179 0.846515
v -0.248465 0.477798 0.828276
v -0.375469 0.756564 0.578592
v -0.332436 0.724112 0.628353
v -0.298754 0.775938 0.576671
v -0.394884 0.611795 0.724965
v -0.362661 0.665587 0.674390
v -0.430055 0.632112 0.662709
v -0.208750 0.689752 0.654290
v -0.285548 0.681423 0.667840
v -0.243788 0.647854 0.714069
v -0.455850 0.319290 0.812128
v -0.438352 0.385891 0.784861
v -0.494268 0.352337 0.761660
v -0.314982 0.446728 0.814803
v -0.374459 0.413723 0.795271
v -0.331106 0.376581 0.836280
v -0.470788 0.496495 0.725477
v -0.423206 0.456009 0.762675
v -0.409964 0.530748 0.744791
v -0.279364 0.605128 0.781393
v -0.346830 0.568576 0.764250
v -0.288773 0.508066 0.775179
v -0.817286 0.540025 0.438709
v -0.689293 0.462363 0.541576
v -0.785447 0.522508 0.515220
v -0.783119 0.610172 0.487669
v -0.688754 0.632287 0.498837
v -0.545369 0.380813 0.711206
v -0.530095 0.533689 0.680957
v -0.544032 0.461086 0.704683
v -0.587290 0.403444 0.649492
v -0.639850 0.433891 0.600583
v -0.449485 0.721534 0.554676
v -0.612074 0.671264 0.523859
v -0.533949 0.701406 0.542860
v -0.492559 0.681563 0.617835
v -0.491242 0.584448 0.624220
v -0.624474 0.502845 0.569747
v -0.559557 0.544941 0.598783
v -0.627035 0.592202 0.554794
v -0.434014 0.787296 0.061085
v -0.456544 0.785012 0.000000
v -0.393411 0.802989 0.185205
v -0.405656 0.779295 0.120511
v -0.342102 0.858626 0.000000
v -0.373465 0.816075 0.061487
v -0.309598 0.836681 0.061472
v -0.294367 0.826687 0.453616
v -0.333173 0.852150 0.398008
v -0.246405 0.897725 0.266669
v -0.292018 0.884341 0.334943
v -0.218752 0.908862 0.337093
v -0.358629 0.844487 0.327107
v -0.379924 0.831786 0.257895
v -0.075646 0.987513 0.000000
v -0.112367 0.913315 0.064673
v -0.042599 0.931501 0.065644
v -0.254641 0.900451 0.065272
v -0.183414 0.906888 0.064781
v -0.227018 0.975182 0.000000
v -0.122849 0.880618 0.189308
v -0.154764 0.904948 0.129603
v -0.202652 0.918947 0.199601
v -0.337729 0.852792 0.193010
v -0.273481 0.893465 0.198263
v -0.293845 0.869134 0.127962
v 0.041129 0.523798 0.789579
v 0.000000 0.547457 0.733715
v 0.079623 0.626420 0.667246
v 0.041325 0.607993 0.725698
v 0.118257 0.579629 0.692361
v -0.037653 0.553971 0.661219
v -0.078760 0.619629 0.660012
v 0.254960 0.817341 0.531731
v 0.219010 0.805067 0.596866
v 0.296797 0.770857 0.572895
v 0.042048 0.764632 0.565571
v 0.125993 0.777492 0.575531
v 0.080849 0.790634 0.514356
v 0.208705 0.689603 0.654149
v 0.167701 0.733720 0.615851
v 0.121803 0.671881 0.634456
v -0.207316 0.762082 0.564998
v -0.257427 0.825252 0.536878
v -0.123824 0.683031 0.644984
v -0.170202 0.744659 0.625033
v -0.082163 0.803485 0.522717
v -0.127582 0.787297 0.582789
v -0.042907 0.780247 0.577121
v 0.041553 0.687180 0.649413
v 0.000000 0.720929 0.603281
v -0.040081 0.662834 0.626406
v 0.453107 0.779102 0.000000
v 0.420939 0.763578 0.059245
v 0.499732 0.767869 0.061814
v 0.307914 0.832129 0.061138
v 0.356414 0.778817 0.058680
v 0.308152 0.773417 0.000000
v 0.473380 0.805727 0.192000
v 0.402664 0.773547 0.119623
v 0.412632 0.842220 0.194253
v 0.040385 0.883089 0.062232
v 0.112289 0.912679 0.064628
v 0.071119 0.928413 0.000000
v 0.203652 0.923482 0.200586
v 0.156746 0.916538 0.131263
v 0.123195 0.883101 0.189842
v 0.198467 0.852538 0.000000
v 0.186700 0.923134 0.065942
v 0.248379 0.878305 0.063667
v 0.371442 0.812059 0.456954
v 0.330331 0.844881 0.394613
v 0.302215 0.848725 0.465708
v 0.400732 0.877342 0.272020
v 0.372913 0.878123 0.340136
v 0.443158 0.845883 0.335747
v 0.214217 0.890021 0.330105
v 0.292229 0.884982 0.335186
v 0.253920 0.925104 0.274803
v 0.307523 0.909592 0.133919
v 0.283242 0.925353 0.205339
v 0.357247 0.902077 0.204165
v -0.211836 0.839764 0.462331
v -0.044785 0.868056 0.479420
v -0.129359 0.859397 0.474134
v -0.168351 0.856008 0.392491
v -0.124867 0.860310 0.321843
v 0.218063 0.864452 0.475923
v 0.130982 0.902443 0.337605
v 0.172935 0.879317 0.403178
v 0.129839 0.862584 0.475892
v 0.043668 0.846413 0.467467
v 0.000000 0.847979 0.120261
v -0.083802 0.893698 0.260013
v -0.041891 0.899370 0.193787
v 0.040407 0.867508 0.186922
v 0.080248 0.855801 0.248987
v 0.000000 0.870196 0.400926
v 0.042259 0.871689 0.325606
v -0.042787 0.882566 0.329668
v -0.455145 0.825627 -0.064059
v -0.486135 0.746976 -0.060132
v -0.342687 0.926104 -0.068042
v -0.398981 0.871832 -0.065688
v -0.472657 0.804496 -0.191706
v -0.433547 0.832876 -0.128797
v -0.413640 0.844279 -0.194728
v -0.045395 0.992647 -0.069953
v -0.124724 1.013755 -0.071786
v -0.222502 1.008958 -0.219152
v -0.180573 1.055859 -0.151216
v -0.136740 0.980198 -0.210715
v -0.209629 1.036508 -0.074040
v -0.281735 0.996260 -0.072217
v -0.371455 0.812089 -0.456971
v -0.343849 0.879457 -0.410762
v -0.297570 0.835682 -0.458551
v -0.393900 0.862383 -0.267382
v -0.375769 0.884848 -0.342740
v -0.420391 0.802425 -0.318498
v -0.223841 0.930007 -0.344936
v -0.293004 0.887328 -0.336075
v -0.262781 0.957389 -0.284393
v -0.328631 0.972023 -0.143110
v -0.293888 0.960133 -0.213057
v -0.358055 0.904117 -0.204626
v 0.527557 0.810623 -0.065256
v 0.444193 0.805760 -0.062518
v 0.393097 0.802348 -0.185057
v 0.441180 0.847538 -0.131065
v 0.462227 0.786744 -0.187476
v 0.372837 0.814703 -0.061383
v 0.296357 0.800898 -0.058843
v 0.267911 0.752387 -0.412846
v 0.307986 0.787731 -0.367920
v 0.347474 0.759660 -0.427469
v 0.223693 0.814977 -0.242089
v 0.264929 0.802307 -0.303873
v 0.197722 0.821487 -0.304686
v 0.410509 0.783564 -0.311011
v 0.327623 0.771476 -0.298827
v 0.366581 0.802572 -0.248838
v 0.113793 0.924908 -0.065494
v 0.044757 0.978699 -0.068970
v 0.236736 0.837136 -0.060683
v 0.181027 0.895087 -0.063938
v 0.129186 0.926046 -0.199074
v 0.159582 0.933119 -0.133638
v 0.189948 0.861338 -0.187088
v 0.320711 0.809821 -0.183285
v 0.261871 0.855534 -0.189846
v 0.287958 0.851722 -0.125398
v -0.039889 0.508006 -0.765774
v 0.000000 0.567104 -0.760047
v 0.040635 0.517507 -0.780097
v -0.085042 0.669057 -0.712662
v -0.043342 0.637659 -0.761107
v -0.126871 0.621849 -0.742793
v 0.121041 0.593274 -0.708661
v 0.041930 0.616893 -0.736321
v 0.080695 0.634855 -0.676230
v -0.241823 0.775228 -0.504334
v -0.198349 0.729120 -0.540560
v -0.286223 0.743392 -0.552483
v -0.041552 0.755604 -0.558893
v -0.118039 0.728404 -0.539194
v -0.078704 0.769658 -0.500710
v -0.218873 0.723199 -0.686018
v -0.163050 0.713370 -0.598771
v -0.129210 0.712743 -0.673041
v 0.267718 0.695330 -0.516764
v 0.195798 0.719741 -0.533607
v 0.219688 0.704269 -0.458171
v 0.127666 0.704225 -0.664998
v 0.165128 0.722461 -0.606402
v 0.202248 0.668265 -0.633908
v 0.079077 0.773309 -0.503086
v 0.118773 0.732935 -0.542548
v 0.041375 0.752390 -0.556516
v -0.041977 0.694179 -0.656027
v 0.000000 0.732425 -0.612901
v 0.042617 0.704767 -0.666034
v 0.000000 1.019042 -0.144521
v 0.087619 0.934403 -0.271856
v 0.045544 0.977790 -0.210685
v -0.045268 0.971868 -0.209409
v -0.087268 0.930663 -0.270767
v 0.195700 0.775799 -0.427115
v 0.042574 0.825213 -0.455758
v 0.117606 0.781316 -0.431056
v 0.158799 0.807438 -0.370221
v 0.124861 0.860265 -0.321826
v -0.213720 0.847235 -0.466444
v -0.128155 0.882964 -0.330318
v -0.166062 0.844367 -0.387153
v -0.124980 0.830309 -0.458086
v -0.042722 0.828070 -0.457336
v 0.041002 0.845743 -0.315914
v 0.000000 0.829629 -0.382235
v -0.041263 0.851129 -0.317926
v -0.569229 0.771892 -0.104615
v -0.548540 0.710720 -0.037114
v -0.517290 0.770768 -0.231794
v -0.556175 0.790099 -0.172713
v -0.677062 0.695135 -0.119028
v -0.624268 0.750214 -0.147326
v -0.659088 0.704577 -0.185401
v -0.404432 0.751461 -0.488872
v -0.435390 0.761140 -0.426169
v -0.583810 0.704167 -0.388574
v -0.505857 0.727197 -0.404531
v -0.544478 0.683828 -0.444872
v -0.459467 0.759132 -0.358338
v -0.487306 0.763958 -0.296066
v -0.833756 0.532596 -0.276611
v -0.797727 0.594990 -0.315574
v -0.820250 0.539176 -0.350768
v -0.710274 0.672894 -0.230307
v -0.749326 0.631226 -0.270569
v -0.764530 0.623347 -0.199376
v -0.697876 0.628876 -0.409123
v -0.723869 0.630411 -0.339861
v -0.676585 0.689115 -0.376297
v -0.573003 0.751444 -0.280632
v -0.610810 0.705685 -0.321055
v -0.656426 0.728560 -0.261128
v -0.068138 0.474661 -0.848546
v -0.110363 0.517441 -0.816342
v -0.260044 0.500062 -0.866873
v -0.183222 0.508404 -0.840275
v -0.211655 0.449658 -0.890436
v -0.155790 0.568823 -0.795304
v -0.201876 0.618388 -0.769111
v -0.516131 0.367922 -0.795351
v -0.467325 0.411397 -0.836736
v -0.482714 0.338106 -0.859988
v -0.423951 0.548857 -0.770203
v -0.455145 0.490423 -0.820232
v -0.481670 0.507972 -0.742246
v -0.367498 0.417972 -0.928198
v -0.405450 0.447964 -0.861090
v -0.332443 0.471493 -0.859973
v -0.323528 0.704708 -0.611515
v -0.358181 0.721730 -0.551952
v -0.256128 0.680646 -0.750212
v -0.288591 0.688686 -0.674959
v -0.426990 0.627607 -0.657986
v -0.363152 0.666487 -0.675302
v -0.392409 0.607961 -0.720422
v -0.305908 0.538214 -0.821177
v -0.367878 0.603081 -0.810629
v -0.278300 0.602823 -0.778415
v -0.954897 0.066072 -0.535491
v -0.890641 0.103753 -0.565951
v -0.865117 0.038831 -0.575347
v -0.875392 0.226276 -0.506242
v -0.911055 0.171177 -0.552610
v -0.926799 0.189826 -0.469194
v -0.766357 0.112790 -0.643184
v -0.832747 0.140561 -0.597096
v -0.762725 0.172508 -0.614791
v -0.856326 0.478835 -0.397121
v -0.895408 0.430919 -0.441347
v -0.913516 0.441834 -0.360051
v -0.770747 0.365568 -0.550621
v -0.845393 0.404219 -0.506733
v -0.796790 0.445544 -0.546667
v -0.941418 0.321176 -0.424987
v -0.898847 0.364686 -0.468778
v -0.906747 0.302039 -0.498383
v -0.551427 0.246160 -0.743831
v -0.608027 0.277186 -0.702444
v -0.565894 0.316433 -0.741816
v -0.724023 0.212996 -0.658532
v -0.695115 0.256099 -0.711030
v -0.694336 0.190885 -0.733803
v -0.638687 0.357137 -0.610726
v -0.677791 0.314074 -0.670621
v -0.706844 0.331757 -0.597997
v -0.842235 0.270354 -0.553400
v -0.774720 0.302951 -0.577810
v -0.766434 0.236114 -0.595032
v -0.451878 0.725376 -0.557629
v -0.513122 0.610479 -0.652023
v -0.500650 0.692759 -0.627984
v -0.541951 0.711917 -0.550995
v -0.606893 0.665582 -0.519425
v -0.556940 0.388893 -0.726296
v -0.603685 0.409368 -0.566638
v -0.591378 0.406252 -0.654012
v -0.553804 0.469368 -0.717340
v -0.519009 0.522527 -0.666716
v -0.787443 0.520306 -0.422690
v -0.646030 0.593065 -0.467894
v -0.731446 0.569910 -0.455491
v -0.749459 0.498568 -0.491613
v -0.703714 0.472036 -0.552906
v -0.568857 0.553998 -0.608735
v -0.603987 0.486348 -0.551055
v -0.619155 0.584759 -0.547822
v -0.604970 0.696898 0.000000
v -0.711910 0.651783 -0.077973
v -0.676596 0.694137 -0.039627
v -0.643021 0.659691 0.037661
v -0.700481 0.641320 0.076721
v -0.891918 0.498737 -0.239739
v -0.817811 0.521141 -0.191703
v -0.823315 0.523430 -0.039013
v -0.843647 0.536774 -0.117803
v -0.811545 0.453795 -0.071508
v -0.794037 0.572855 -0.156384
v -0.776120 0.629935 -0.121238
v -0.840334 0.535494 0.196983
v -0.818809 0.457856 0.220088
v -0.757215 0.614591 0.118285
v -0.778943 0.561965 0.153411
v -0.799339 0.446969 0.070433
v -0.808918 0.514677 0.112954
v -0.806796 0.512928 0.038230
v -0.756672 0.614634 -0.039427
v -0.810387 0.582878 0.000000
v -0.780687 0.634141 0.040678
v -0.938168 0.000000 -0.470145
v -0.969596 0.064662 -0.460577
v -0.986172 0.062277 -0.314439
v -1.010911 0.065467 -0.398637
v -1.007934 0.000000 -0.346042
v -0.966963 0.128527 -0.433722
v -0.931586 0.184681 -0.393283
v -1.025335 0.062106 -0.040404
v -1.009203 0.061425 -0.106990
v -1.050211 0.000000 -0.069321
v -1.054689 0.196904 -0.200415
v -1.051010 0.129377 -0.154881
v -1.034612 0.191169 -0.124367
v -0.981364 0.000000 -0.196857
v -0.995210 0.061104 -0.173436
v -0.996862 0.062110 -0.242912
v -0.938798 0.376882 -0.316279
v -0.919531 0.433682 -0.282137
v -0.961189 0.256153 -0.378303
v -0.939679 0.312849 -0.343856
v -0.995450 0.317344 -0.206452
v -0.970874 0.316062 -0.276247
v -0.996060 0.254316 -0.235579
v -1.016623 0.128651 -0.296167
v -1.002325 0.191175 -0.264365
v -1.011504 0.196772 -0.345174
v -0.959033 0.063957 0.455559
v -0.934992 0.000000 0.468553
v -0.841342 0.166791 0.355185
v -0.931988 0.123878 0.418034
v -1.013476 0.000000 0.347945
v -0.995494 0.064468 0.392557
v -0.956216 0.060385 0.304887
v -0.859328 0.405288 0.263665
v -0.891026 0.357705 0.300185
v -0.862922 0.220323 0.204090
v -0.879789 0.286410 0.250330
v -0.875033 0.278955 0.181478
v -0.884748 0.294560 0.323755
v -0.844229 0.224983 0.332270
v -0.957843 0.000000 0.063224
v -0.906587 0.055179 0.096111
v -0.977994 0.059239 0.038539
v -0.970328 0.060457 0.236446
v -0.943659 0.057939 0.164452
v -1.019657 0.000000 0.204538
v -0.893238 0.165047 0.107373
v -0.906767 0.111621 0.133625
v -0.902829 0.168553 0.171558
v -0.880832 0.171351 0.300582
v -0.900312 0.171718 0.237459
v -0.929906 0.117677 0.270904
v -0.916392 0.433646 -0.199190
v -0.950072 0.305495 -0.118821
v -0.917006 0.361395 -0.155401
v -0.872015 0.413512 -0.113102
v -0.847075 0.402113 -0.037657
v -0.958874 0.116885 0.000000
v -0.897507 0.224440 0.072518
v -0.928858 0.172026 0.037280
v -0.924500 0.171219 -0.037105
v -0.968106 0.242094 -0.078222
v -0.855622 0.404888 0.185981
v -0.837411 0.397526 0.037228
v -0.864214 0.409813 0.112090
v -0.881384 0.347356 0.149365
v -0.906548 0.291500 0.113378
v -0.929313 0.298366 -0.038821
v -0.882806 0.283435 0.036878
v -0.890617 0.352692 0.000000
v 0.544788 0.738749 0.100123
v 0.586131 0.759425 0.039657
v 0.536615 0.799561 0.240453
v 0.512000 0.727346 0.158995
v 0.654477 0.671947 0.115058
v 0.590044 0.709086 0.139249
v 0.639733 0.683887 0.179956
v 0.418176 0.776999 0.505486
v 0.446055 0.779783 0.436607
v 0.625148 0.754028 0.416088
v 0.540968 0.777670 0.432609
v 0.581248 0.730009 0.474916
v 0.483554 0.798928 0.377124
v 0.523522 0.820735 0.318070
v 0.777765 0.496829 0.258035
v 0.760922 0.567540 0.301015
v 0.738981 0.485755 0.316014
v 0.685427 0.649355 0.222250
v 0.714133 0.601579 0.257861
v 0.757056 0.617253 0.197427
v 0.677705 0.610699 0.397298
v 0.700637 0.610179 0.328954
v 0.675978 0.688497 0.375960
v 0.591042 0.775101 0.289467
v 0.639634 0.738986 0.336206
v 0.635764 0.705628 0.252909
v 0.068897 0.479947 0.857996
v 0.107453 0.503796 0.794815
v 0.260706 0.501337 0.869082
v 0.176260 0.489087 0.808348
v 0.206307 0.438296 0.867936
v 0.148024 0.540467 0.755658
v 0.190360 0.583114 0.725238
v 0.497511 0.354648 0.766657
v 0.453117 0.398890 0.811298
v 0.466951 0.327065 0.831904
v 0.428128 0.554264 0.777792
v 0.445231 0.479740 0.802365
v 0.499165 0.526422 0.769206
v 0.340403 0.387155 0.859763
v 0.399843 0.441769 0.849181
v 0.336277 0.476930 0.869890
v 0.336473 0.732905 0.635983
v 0.372282 0.750144 0.573682
v 0.236383 0.628176 0.692379
v 0.289454 0.690746 0.676977
v 0.437518 0.643080 0.674208
v 0.365188 0.670224 0.679088
v 0.394283 0.610864 0.723862
v 0.311420 0.547912 0.835974
v 0.345636 0.566619 0.761618
v 0.264220 0.572326 0.739035
v 0.904688 0.062598 0.507334
v 0.907301 0.105693 0.576537
v 0.850196 0.038161 0.565424
v 0.886842 0.229236 0.512864
v 0.888124 0.166868 0.538701
v 0.954344 0.195468 0.483139
v 0.747002 0.109941 0.626940
v 0.844333 0.142516 0.605403
v 0.781629 0.176783 0.630028
v 0.779787 0.436036 0.361626
v 0.805020 0.387420 0.396795
v 0.836169 0.404424 0.329566
v 0.769975 0.365202 0.550070
v 0.796120 0.380659 0.477199
v 0.753493 0.421333 0.516961
v 0.921033 0.314221 0.415785
v 0.834757 0.338684 0.435354
v 0.881491 0.293627 0.484502
v 0.532063 0.237516 0.717711
v 0.619720 0.282517 0.715953
v 0.540812 0.302408 0.708935
v 0.733973 0.215923 0.667582
v 0.670322 0.246965 0.685670
v 0.626585 0.172259 0.662201
v 0.667046 0.372995 0.637844
v 0.698080 0.323475 0.690695
v 0.753751 0.353773 0.637681
v 0.849858 0.272800 0.558408
v 0.786066 0.307387 0.586273
v 0.815587 0.251256 0.633192
v 0.458603 0.736171 0.565927
v 0.524366 0.623857 0.666311
v 0.476543 0.659402 0.597745
v 0.537710 0.706345 0.546683
v 0.604145 0.662568 0.517073
v 0.564167 0.393939 0.735721
v 0.661603 0.448642 0.621001
v 0.625909 0.429974 0.692200
v 0.581131 0.492529 0.752737
v 0.557413 0.561192 0.716049
v 0.713240 0.471276 0.382859
v 0.643983 0.591186 0.466411
v 0.683995 0.532939 0.425942
v 0.716674 0.476758 0.470108
v 0.709613 0.475993 0.557541
v 0.588290 0.572923 0.629530
v 0.647902 0.521710 0.591122
v 0.607755 0.573993 0.537735
v -0.067350 0.412337 0.870219
v 0.000000 0.431678 0.863566
v -0.211753 0.387587 0.920394
v -0.137998 0.400266 0.894611
v 0.000000 0.315594 0.921550
v -0.066845 0.349849 0.889413
v -0.070367 0.305377 0.960153
v -0.481377 0.269173 0.879478
v -0.401399 0.289533 0.861563
v -0.276337 0.220019 0.932603
v -0.328008 0.246415 0.868199
v -0.330284 0.184686 0.892736
v -0.341391 0.322517 0.883574
v -0.286856 0.364134 0.927509
v 0.000000 0.066549 1.010732
v -0.073104 0.109446 1.034957
v -0.072239 0.040394 1.027659
v -0.072212 0.242749 0.998690
v -0.074324 0.181324 1.043082
v 0.000000 0.210129 1.050152
v -0.208393 0.116528 0.971826
v -0.143826 0.147991 1.006774
v -0.212371 0.185793 0.980190
v -0.216513 0.326451 0.959036
v -0.212201 0.252219 0.958673
v -0.141960 0.280898 0.966628
v -0.836863 -0.037562 0.556557
v -0.834623 0.000000 0.624310
v -0.757255 -0.077864 0.712704
v -0.776270 -0.038091 0.651992
v -0.801212 -0.117920 0.672437
v -0.789953 0.038762 0.663484
v -0.751031 0.077224 0.706846
v -0.514018 -0.212375 0.792094
v -0.561555 -0.177551 0.759338
v -0.531349 -0.237197 0.716747
v -0.617563 -0.039563 0.837016
v -0.593005 -0.111862 0.803106
v -0.561445 -0.076043 0.865178
v -0.650433 -0.178815 0.687404
v -0.637048 -0.149478 0.760875
v -0.695075 -0.114983 0.737922
v -0.622810 0.196919 0.842167
v -0.567040 0.234282 0.873800
v -0.692416 0.114543 0.735098
v -0.656828 0.154119 0.784500
v -0.594283 0.080491 0.915782
v -0.624476 0.117798 0.845728
v -0.625717 0.040085 0.848067
v -0.702101 -0.038711 0.744794
v -0.661572 0.000000 0.792569
v -0.711924 0.039252 0.755214
v 0.000000 -0.425122 0.850451
v -0.067110 -0.410867 0.867117
v -0.066098 -0.460452 0.823145
v -0.067364 -0.292345 0.919179
v -0.067877 -0.355251 0.903146
v 0.000000 -0.326643 0.953816
v -0.209764 -0.445642 0.882482
v -0.135388 -0.392695 0.877690
v -0.206670 -0.378283 0.898300
v -0.073771 -0.041251 1.049444
v -0.070392 -0.105386 0.996566
v 0.000000 -0.067984 1.032525
v -0.208311 -0.182240 0.961448
v -0.138027 -0.142025 0.966183
v -0.202230 -0.113082 0.943087
v 0.000000 -0.197670 0.987887
v -0.069137 -0.168671 0.970293
v -0.068178 -0.229188 0.942897
v -0.447050 -0.313126 0.796450
v -0.372366 -0.268592 0.799247
v -0.447725 -0.250356 0.817996
v -0.275560 -0.349795 0.890985
v -0.331837 -0.313491 0.858846
v -0.339586 -0.386226 0.857699
v -0.312445 -0.174711 0.844516
v -0.312279 -0.234598 0.826566
v -0.252312 -0.200890 0.851519
v -0.133618 -0.264391 0.909824
v -0.194287 -0.230927 0.877743
v -0.200123 -0.301738 0.886436
v -0.494582 0.195268 0.900596
v -0.499360 0.040195 0.906425
v -0.524543 0.123316 0.953150
v -0.438914 0.162222 0.959655
v -0.357242 0.119429 0.957326
v -0.458318 -0.180950 0.834562
v -0.330660 -0.110543 0.886092
v -0.397888 -0.147059 0.869954
v -0.498556 -0.117207 0.905930
v -0.496869 -0.039994 0.901904
v -0.139224 0.000000 0.984152
v -0.281502 0.078178 0.969983
v -0.211856 0.039462 0.985691
v -0.197885 -0.036860 0.920690
v -0.262177 -0.072811 0.903396
v -0.430015 0.000000 0.935673
v -0.343452 -0.038410 0.921770
v -0.345562 0.038646 0.927434
v -0.961379 -0.064114 0.456673
v -0.882852 -0.061087 0.495089
v -1.038990 -0.065613 0.331280
v -0.996937 -0.064562 0.393127
v -0.907817 -0.185939 0.459585
v -0.930546 -0.123687 0.417387
v -0.934214 -0.185203 0.394393
v -1.038682 -0.062915 0.040930
v -1.042134 -0.063429 0.110481
v -1.069626 -0.199693 0.203253
v -1.084402 -0.133488 0.159802
v -1.099623 -0.203181 0.132182
v -1.072681 -0.065860 0.186937
v -1.080351 -0.067312 0.263256
v -0.837701 -0.405165 0.330170
v -0.913416 -0.366693 0.307728
v -0.876609 -0.413438 0.268967
v -0.952686 -0.253887 0.374956
v -0.946574 -0.315144 0.346379
v -0.930684 -0.317514 0.420142
v -1.017780 -0.324462 0.211083
v -0.986679 -0.321207 0.280744
v -1.040345 -0.265623 0.246053
v -1.050277 -0.132910 0.305971
v -1.030774 -0.196601 0.271868
v -0.985173 -0.191649 0.336188
v -0.865025 -0.059853 -0.485092
v -0.916209 -0.061101 -0.435217
v -0.923978 -0.183173 -0.390071
v -0.928085 -0.123359 -0.416284
v -0.830265 -0.170054 -0.420324
v -0.977444 -0.063300 -0.385440
v -0.985714 -0.062248 -0.314293
v -0.845460 -0.398747 -0.259410
v -0.881055 -0.353702 -0.296826
v -0.799153 -0.386521 -0.314976
v -0.997171 -0.254600 -0.235842
v -0.952558 -0.310100 -0.271035
v -0.991934 -0.316222 -0.205722
v -0.862088 -0.294111 -0.389175
v -0.906065 -0.301657 -0.331556
v -0.932034 -0.248383 -0.366828
v -1.039519 -0.063270 -0.110204
v -1.048679 -0.063520 -0.041324
v -0.973931 -0.060681 -0.237324
v -1.020323 -0.062646 -0.177812
v -1.053213 -0.194606 -0.126603
v -1.028096 -0.126556 -0.151505
v -1.022390 -0.190874 -0.194277
v -0.995534 -0.193665 -0.339724
v -1.021770 -0.194883 -0.269494
v -1.016516 -0.128637 -0.296135
v -0.578338 -0.749328 0.039130
v -0.632160 -0.728219 0.000000
v -0.568589 -0.736696 -0.038471
v -0.719191 -0.658449 0.078770
v -0.646950 -0.663723 0.037891
v -0.691214 -0.709666 0.121516
v -0.630841 -0.647681 -0.110903
v -0.630663 -0.647013 -0.036937
v -0.660078 -0.604328 -0.072296
v -0.829339 -0.463745 0.222918
v -0.799287 -0.509337 0.187361
v -0.779787 -0.498121 0.258706
v -0.848484 -0.539431 0.040205
v -0.829970 -0.528072 0.115893
v -0.871723 -0.487445 0.076811
v -0.720569 -0.587504 0.187912
v -0.816209 -0.588851 0.160751
v -0.788875 -0.640287 0.123230
v -0.743919 -0.475209 -0.246806
v -0.799937 -0.509751 -0.187513
v -0.830276 -0.464269 -0.223170
v -0.723173 -0.586961 -0.112967
v -0.746492 -0.538553 -0.147020
v -0.698313 -0.569358 -0.182108
v -0.898765 -0.502566 -0.079194
v -0.817411 -0.520081 -0.114140
v -0.869952 -0.553080 -0.041223
v -0.780403 -0.633910 0.040663
v -0.838182 -0.602870 0.000000
v -0.725172 -0.589046 -0.037785
v -1.039299 -0.126689 0.000000
v -1.021632 -0.255479 -0.082547
v -1.027902 -0.190369 -0.041255
v -1.060710 -0.196445 0.042572
v -1.050414 -0.262677 0.084873
v -0.876885 -0.414951 -0.190603
v -0.932088 -0.442470 -0.041437
v -0.934139 -0.442972 -0.121160
v -0.930234 -0.366608 -0.157643
v -1.010031 -0.324774 -0.126320
v -0.893521 -0.422823 0.194219
v -1.013858 -0.326005 0.126799
v -0.971975 -0.383058 0.164717
v -0.895319 -0.424563 0.116125
v -0.919142 -0.436324 0.040861
v -1.010781 -0.324523 -0.042224
v -0.980511 -0.388291 0.000000
v -1.050258 -0.337197 0.043874
v -0.786243 0.000000 -0.588121
v -0.824858 -0.037024 -0.548573
v -0.714527 0.073471 -0.672490
v -0.759808 0.037283 -0.638165
v -0.745620 -0.109738 -0.625780
v -0.748556 -0.036731 -0.628715
v -0.705108 -0.072502 -0.663624
v -0.504279 0.208351 -0.777086
v -0.560284 0.177149 -0.757618
v -0.578298 0.037047 -0.783799
v -0.566852 0.106928 -0.767687
v -0.527182 0.071403 -0.812379
v -0.630058 0.147838 -0.752527
v -0.692655 0.114582 -0.735352
v -0.545454 -0.243494 -0.735774
v -0.552684 -0.174746 -0.747342
v -0.530238 -0.219076 -0.817088
v -0.651783 -0.107821 -0.691960
v -0.587834 -0.137930 -0.702095
v -0.651212 -0.179029 -0.688228
v -0.519435 -0.070354 -0.800441
v -0.548461 -0.103459 -0.742780
v -0.567965 -0.036385 -0.769794
v -0.694650 0.038300 -0.736890
v -0.636588 0.000000 -0.762637
v -0.678441 -0.037406 -0.719694
v 0.000000 0.430763 -0.861736
v -0.068513 0.419456 -0.885242
v -0.071733 0.311304 -0.978787
v -0.072075 0.377223 -0.959005
v 0.000000 0.318764 -0.930806
v -0.142735 0.414004 -0.925316
v -0.217510 0.398124 -0.945417
v -0.068423 0.038261 -0.973373
v -0.067693 0.101345 -0.958350
v 0.000000 0.061148 -0.928704
v -0.206573 0.180720 -0.953427
v -0.138193 0.142195 -0.967342
v -0.206719 0.115592 -0.964019
v 0.000000 0.186009 -0.929609
v -0.068207 0.166401 -0.957234
v -0.068032 0.228695 -0.940869
v -0.420668 0.303432 -0.902922
v -0.474703 0.265441 -0.867285
v -0.295052 0.374538 -0.954010
v -0.361384 0.341405 -0.935318
v -0.348362 0.194795 -0.941599
v -0.353533 0.265591 -0.935762
v -0.284593 0.226592 -0.960465
v -0.147202 0.291269 -1.002317
v -0.221128 0.262831 -0.999006
v -0.224526 0.338533 -0.994530
v -0.065297 -0.454868 -0.813162
v -0.067603 -0.413885 -0.873485
v 0.000000 -0.427887 -0.855983
v -0.216797 -0.396820 -0.942319
v -0.144853 -0.420149 -0.939050
v -0.212669 -0.451813 -0.894702
v 0.000000 -0.329490 -0.962128
v -0.070338 -0.368133 -0.935896
v -0.073514 -0.319032 -1.003086
v -0.475915 -0.266119 -0.869499
v -0.424661 -0.306313 -0.911493
v -0.467697 -0.327588 -0.833234
v -0.288995 -0.230097 -0.975319
v -0.360765 -0.271024 -0.954904
v -0.361490 -0.202136 -0.977082
v -0.343392 -0.390554 -0.867311
v -0.346870 -0.327693 -0.897753
v -0.284530 -0.361183 -0.919991
v 0.000000 -0.061134 -0.928492
v -0.067652 -0.101283 -0.957768
v -0.066504 -0.037187 -0.946065
v -0.071088 -0.238969 -0.983138
v -0.070133 -0.171101 -0.984273
v 0.000000 -0.194061 -0.969851
v -0.213110 -0.119165 -0.993822
v -0.141858 -0.145966 -0.992997
v -0.214300 -0.187480 -0.989092
v -0.218499 -0.329444 -0.967830
v -0.220043 -0.261540 -0.994101
v -0.141674 -0.280331 -0.964678
v -0.452863 0.178796 -0.824629
v -0.336272 0.112419 -0.901132
v -0.391321 0.144632 -0.855596
v -0.456827 0.107397 -0.830104
v -0.458658 0.036919 -0.832544
v -0.142313 0.000000 -1.005983
v -0.279033 -0.077492 -0.961478
v -0.215542 -0.040149 -1.002838
v -0.211188 0.039338 -0.982583
v -0.285492 0.079286 -0.983732
v -0.483159 -0.190757 -0.879795
v -0.462202 -0.037204 -0.838978
v -0.479481 -0.112723 -0.871268
v -0.437909 -0.161851 -0.957457
v -0.361392 -0.120817 -0.968449
v -0.351198 0.039276 -0.942560
v -0.350956 -0.039249 -0.941911
v -0.416477 0.000000 -0.906215
v 0.106945 0.501414 -0.791058
v 0.066800 0.465338 -0.831880
v 0.183046 0.560708 -0.697372
v 0.147335 0.537952 -0.752142
v 0.195870 0.416122 -0.824026
v 0.174897 0.485305 -0.802098
v 0.246289 0.473612 -0.821020
v 0.345040 0.695251 -0.531702
v 0.301012 0.655663 -0.568956
v 0.379282 0.587623 -0.696322
v 0.332705 0.610610 -0.618685
v 0.407705 0.599261 -0.628268
v 0.274339 0.654674 -0.641624
v 0.233005 0.619199 -0.682485
v 0.460567 0.322594 -0.820532
v 0.425758 0.374805 -0.762312
v 0.511469 0.364598 -0.788167
v 0.305881 0.433821 -0.791262
v 0.366816 0.405280 -0.779040
v 0.326887 0.371782 -0.825623
v 0.479380 0.505557 -0.738717
v 0.414124 0.446222 -0.746307
v 0.403361 0.522200 -0.732797
v 0.246292 0.533492 -0.688889
v 0.325659 0.533870 -0.717599
v 0.278491 0.489977 -0.747580
v 0.598046 0.774862 -0.040464
v 0.590314 0.800484 -0.108490
v 0.668438 0.714574 -0.188031
v 0.603933 0.725776 -0.142527
v 0.709470 0.728409 -0.124726
v 0.549298 0.780330 -0.170577
v 0.497848 0.741799 -0.223082
v 0.755276 0.496467 -0.322982
v 0.778009 0.580284 -0.307774
v 0.834262 0.532919 -0.276779
v 0.644436 0.656370 -0.358416
v 0.686165 0.597575 -0.322159
v 0.662464 0.596965 -0.388363
v 0.747871 0.609764 -0.195032
v 0.728666 0.613821 -0.263109
v 0.704123 0.667067 -0.228312
v 0.435813 0.761878 -0.426582
v 0.396210 0.736184 -0.478934
v 0.486647 0.762925 -0.295666
v 0.456799 0.754724 -0.356258
v 0.532979 0.669386 -0.435477
v 0.512927 0.737360 -0.410185
v 0.571050 0.688777 -0.380081
v 0.638887 0.709094 -0.254151
v 0.599386 0.692487 -0.315051
v 0.541303 0.709872 -0.265107
v 0.854236 0.038342 -0.568111
v 0.844800 0.098412 -0.536821
v 0.891554 0.061689 -0.499969
v 0.744618 0.168412 -0.600196
v 0.816976 0.137899 -0.585788
v 0.778037 0.114509 -0.652987
v 0.862414 0.176639 -0.436599
v 0.849575 0.159625 -0.515319
v 0.819138 0.211735 -0.473710
v 0.592523 0.331323 -0.776723
v 0.644298 0.293722 -0.744348
v 0.607374 0.271135 -0.819299
v 0.715736 0.335931 -0.605520
v 0.693125 0.321179 -0.685792
v 0.679584 0.380006 -0.649833
v 0.672439 0.184865 -0.710661
v 0.666730 0.245641 -0.681995
v 0.708335 0.208380 -0.644263
v 0.846334 0.409340 -0.333572
v 0.771499 0.371288 -0.380273
v 0.800149 0.447422 -0.371069
v 0.814955 0.271463 -0.447931
v 0.785780 0.318812 -0.409811
v 0.823714 0.281019 -0.371852
v 0.719289 0.402208 -0.493495
v 0.773219 0.369709 -0.463472
v 0.740825 0.351375 -0.529244
v 0.762531 0.234911 -0.592001
v 0.766230 0.299630 -0.571478
v 0.804525 0.258249 -0.528621
v 0.418569 0.671907 -0.516525
v 0.547161 0.600074 -0.468302
v 0.469930 0.617308 -0.477772
v 0.444829 0.615518 -0.557965
v 0.477112 0.567637 -0.606266
v 0.746460 0.493226 -0.400691
v 0.659113 0.442119 -0.517863
v 0.687280 0.457203 -0.450826
v 0.684092 0.533014 -0.426002
v 0.616384 0.565850 -0.446423
v 0.551738 0.385260 -0.719512
v 0.533896 0.537516 -0.685840
v 0.543237 0.460412 -0.703653
v 0.596932 0.410068 -0.660155
v 0.618801 0.419618 -0.580826
v 0.577602 0.545515 -0.511056
v 0.607848 0.489457 -0.554577
v 0.557689 0.543122 -0.596784
v 0.577392 -0.748101 0.039066
v 0.570368 -0.773436 0.104824
v 0.528062 -0.811399 0.065318
v 0.644981 -0.689498 0.181433
v 0.607529 -0.730098 0.143375
v 0.691131 -0.709580 0.121502
v 0.493793 -0.840472 0.200279
v 0.558204 -0.792983 0.173343
v 0.532088 -0.792816 0.238424
v 0.864176 -0.568050 0.369552
v 0.816201 -0.608769 0.322882
v 0.897313 -0.573196 0.297698
v 0.647969 -0.659969 0.360382
v 0.737027 -0.641870 0.346038
v 0.692261 -0.623816 0.405831
v 0.791773 -0.645559 0.206481
v 0.765829 -0.645127 0.276528
v 0.698592 -0.661827 0.226519
v 0.390848 -0.854487 0.480829
v 0.448167 -0.783476 0.438675
v 0.427194 -0.793755 0.516387
v 0.501348 -0.785972 0.304598
v 0.481550 -0.795617 0.375561
v 0.426480 -0.814048 0.323111
v 0.583077 -0.732306 0.476410
v 0.530718 -0.762936 0.424412
v 0.614022 -0.740608 0.408683
v 0.658831 -0.731229 0.262085
v 0.624845 -0.721900 0.328432
v 0.586522 -0.769172 0.287253
v 0.872235 -0.039150 0.580081
v 0.879209 -0.102421 0.558686
v 0.933173 -0.064568 0.523308
v 0.756368 -0.171070 0.609667
v 0.807928 -0.136372 0.579300
v 0.736500 -0.108396 0.618126
v 0.863431 -0.176847 0.437114
v 0.859760 -0.161539 0.521497
v 0.865546 -0.223731 0.500548
v 0.544764 -0.304618 0.714117
v 0.589631 -0.268800 0.681192
v 0.524837 -0.234291 0.707964
v 0.729167 -0.342235 0.616883
v 0.623455 -0.288895 0.616859
v 0.658244 -0.368072 0.629426
v 0.653565 -0.179676 0.690715
v 0.666550 -0.245575 0.681812
v 0.716272 -0.210715 0.651482
v 0.891406 -0.431140 0.351337
v 0.920785 -0.443132 0.453855
v 0.893053 -0.499372 0.414153
v 0.886654 -0.295346 0.487340
v 0.930126 -0.377377 0.485092
v 0.914075 -0.311847 0.412644
v 0.775557 -0.433671 0.532099
v 0.849066 -0.405975 0.508935
v 0.823741 -0.390703 0.588480
v 0.761725 -0.234663 0.591376
v 0.783292 -0.306303 0.584204
v 0.823836 -0.264447 0.541310
v 0.040812 -0.519761 0.783494
v 0.108552 -0.508952 0.802950
v 0.070121 -0.488476 0.873243
v 0.204027 -0.624978 0.777307
v 0.155133 -0.566423 0.791950
v 0.121755 -0.596772 0.712839
v 0.204393 -0.434231 0.859886
v 0.182437 -0.506226 0.836676
v 0.257658 -0.495474 0.858919
v 0.381455 -0.768626 0.587816
v 0.342186 -0.745349 0.646782
v 0.311894 -0.810068 0.602036
v 0.382757 -0.593007 0.702702
v 0.370029 -0.679110 0.688091
v 0.430936 -0.633407 0.664067
v 0.221462 -0.731754 0.694133
v 0.296590 -0.707773 0.693665
v 0.254275 -0.675721 0.744783
v 0.461907 -0.323532 0.822918
v 0.460217 -0.405139 0.824010
v 0.516526 -0.368203 0.795959
v 0.348735 -0.494599 0.902117
v 0.402971 -0.445226 0.855826
v 0.358655 -0.407914 0.905862
v 0.464830 -0.490212 0.716296
v 0.449439 -0.484275 0.809950
v 0.430260 -0.557025 0.781665
v 0.289853 -0.627848 0.810730
v 0.364275 -0.597174 0.802690
v 0.316478 -0.556812 0.849552
v 0.807126 -0.533312 0.433256
v 0.741108 -0.497119 0.582287
v 0.776734 -0.516712 0.509504
v 0.748005 -0.582812 0.465802
v 0.692576 -0.635796 0.501606
v 0.533984 -0.372863 0.696359
v 0.523000 -0.526546 0.671843
v 0.524552 -0.444576 0.679451
v 0.580735 -0.398941 0.642242
v 0.675240 -0.457890 0.633801
v 0.468000 -0.751256 0.577524
v 0.617110 -0.676788 0.528170
v 0.545682 -0.716818 0.554788
v 0.504803 -0.698505 0.633193
v 0.498262 -0.592799 0.633140
v 0.669809 -0.539350 0.611108
v 0.583369 -0.568131 0.624264
v 0.649625 -0.613537 0.574781
v 0.471518 -0.855327 0.066364
v 0.474918 -0.816605 0.000000
v 0.423290 -0.863973 0.199270
v 0.445712 -0.856245 0.132411
v 0.374098 -0.938932 0.000000
v 0.412509 -0.901391 0.067915
v 0.357840 -0.967054 0.071051
v 0.310610 -0.872301 0.478645
v 0.343082 -0.877494 0.409846
v 0.258823 -0.942968 0.280109
v 0.301148 -0.911990 0.345416
v 0.215516 -0.895417 0.332107
v 0.367519 -0.865421 0.335216
v 0.390436 -0.854799 0.265031
v 0.076958 -1.004629 0.000000
v 0.122353 -0.994482 0.070421
v 0.047531 -1.039362 0.073245
v 0.278264 -0.983984 0.071327
v 0.201363 -0.995637 0.071121
v 0.234995 -1.009449 0.000000
v 0.136401 -0.977763 0.210191
v 0.166589 -0.974089 0.139505
v 0.207384 -0.940404 0.204262
v 0.360608 -0.910563 0.206085
v 0.299894 -0.979757 0.217411
v 0.335606 -0.992654 0.146148
v -0.040489 -0.515646 0.777291
v 0.000000 -0.557925 0.747745
v -0.083413 -0.656242 0.699012
v -0.040786 -0.600064 0.716234
v -0.126077 -0.617959 0.738146
v 0.040476 -0.595502 0.710789
v 0.078815 -0.620067 0.660478
v -0.236342 -0.757656 0.492902
v -0.195585 -0.718958 0.533026
v -0.273644 -0.710721 0.528202
v -0.041965 -0.763118 0.564451
v -0.126313 -0.779468 0.576993
v -0.080759 -0.789758 0.513787
v -0.208556 -0.689111 0.653682
v -0.168941 -0.739143 0.620404
v -0.130960 -0.722392 0.682153
v 0.219723 -0.807689 0.598810
v 0.255738 -0.819835 0.533354
v 0.123199 -0.679582 0.641728
v 0.169615 -0.742094 0.622881
v 0.084107 -0.822493 0.535083
v 0.125911 -0.776984 0.575155
v 0.043412 -0.789436 0.583918
v -0.040745 -0.673810 0.636778
v 0.000000 -0.729734 0.610649
v 0.040668 -0.672534 0.635573
v -0.508872 -0.874988 0.000000
v -0.480489 -0.871601 0.067626
v -0.520822 -0.800275 0.064423
v -0.348305 -0.941285 0.069157
v -0.407104 -0.889581 0.067025
v -0.388031 -0.973900 0.000000
v -0.467742 -0.796130 0.189713
v -0.457679 -0.879235 0.135966
v -0.425238 -0.867950 0.200188
v -0.045542 -0.995867 0.070180
v -0.127349 -1.035087 0.073296
v -0.077412 -1.010559 0.000000
v -0.217991 -0.988502 0.214709
v -0.176800 -1.033796 0.148057
v -0.136859 -0.981050 0.210898
v -0.236779 -1.017110 0.000000
v -0.214407 -1.060130 0.075728
v -0.279824 -0.989499 0.071727
v -0.314869 -0.688378 0.387358
v -0.308385 -0.788750 0.368396
v -0.271271 -0.761823 0.418024
v -0.375485 -0.822067 0.254882
v -0.339905 -0.800397 0.310029
v -0.419244 -0.800237 0.317630
v -0.219204 -0.910739 0.337789
v -0.288430 -0.873476 0.330829
v -0.250842 -0.913892 0.271472
v -0.324368 -0.959414 0.141254
v -0.288564 -0.942741 0.209197
v -0.348265 -0.879397 0.199031
v 0.209723 -0.831389 0.457720
v 0.043573 -0.844571 0.466450
v 0.126862 -0.842812 0.464983
v 0.169477 -0.861735 0.395116
v 0.126565 -0.872011 0.326220
v -0.212455 -0.842220 0.463683
v -0.131117 -0.903370 0.337952
v -0.175199 -0.890831 0.408457
v -0.127828 -0.849227 0.468522
v -0.042839 -0.830344 0.458592
v 0.000000 -1.017964 0.144369
v 0.091308 -0.973755 0.283304
v 0.046198 -0.991829 0.213710
v -0.046449 -0.997227 0.214873
v -0.089655 -0.956125 0.278175
v 0.000000 -0.871764 0.401648
v -0.045054 -0.929326 0.347135
v 0.044786 -0.923805 0.345073
v 0.470865 -0.854143 -0.066272
v 0.522957 -0.803555 -0.064687
v 0.353529 -0.955403 -0.070195
v 0.421390 -0.920799 -0.069377
v 0.495506 -0.843387 -0.200974
v 0.471307 -0.905414 -0.140015
v 0.418615 -0.854432 -0.197070
v 0.043720 -0.956014 -0.067371
v 0.116840 -0.949673 -0.067248
v 0.201148 -0.912125 -0.198119
v 0.156996 -0.917999 -0.131473
v 0.123938 -0.888424 -0.190986
v 0.191664 -0.947677 -0.067695
v 0.273915 -0.968606 -0.070213
v 0.360521 -0.788184 -0.443519
v 0.314650 -0.804774 -0.375881
v 0.279300 -0.784371 -0.430396
v 0.387660 -0.848723 -0.263147
v 0.345726 -0.814104 -0.315338
v 0.414746 -0.791652 -0.314222
v 0.198141 -0.823228 -0.305332
v 0.281178 -0.851516 -0.322511
v 0.232348 -0.846510 -0.251456
v 0.324604 -0.960115 -0.141357
v 0.285791 -0.933680 -0.207187
v 0.356961 -0.901354 -0.204001
v -0.541904 -0.832669 -0.067031
v -0.495681 -0.899158 -0.069764
v -0.431107 -0.879929 -0.202950
v -0.460509 -0.884670 -0.136807
v -0.482103 -0.820575 -0.195538
v -0.421147 -0.920267 -0.069337
v -0.346550 -0.936544 -0.068809
v -0.293086 -0.823089 -0.451642
v -0.340390 -0.870609 -0.406630
v -0.363625 -0.794971 -0.447338
v -0.245597 -0.894781 -0.265795
v -0.295119 -0.893734 -0.338501
v -0.215420 -0.895021 -0.331960
v -0.412528 -0.787417 -0.312541
v -0.372176 -0.876388 -0.339464
v -0.389791 -0.853387 -0.264593
v -0.120016 -0.975489 -0.069076
v -0.044442 -0.971808 -0.068485
v -0.283494 -1.002477 -0.072668
v -0.200258 -0.990172 -0.070731
v -0.124976 -0.895868 -0.192586
v -0.157214 -0.919271 -0.131655
v -0.199321 -0.903840 -0.196320
v -0.361730 -0.913396 -0.206726
v -0.281227 -0.918769 -0.203878
v -0.327135 -0.967601 -0.142459
v 0.042773 -0.544735 -0.821140
v 0.000000 -0.591196 -0.792334
v -0.043228 -0.550526 -0.829870
v 0.082952 -0.652612 -0.695145
v 0.043274 -0.636668 -0.759925
v 0.122959 -0.602675 -0.719890
v -0.132128 -0.647617 -0.773573
v -0.042309 -0.622461 -0.742967
v -0.084409 -0.664078 -0.707358
v 0.240275 -0.770266 -0.501106
v 0.197721 -0.726812 -0.538848
v 0.278700 -0.723854 -0.537962
v 0.042112 -0.765795 -0.566431
v 0.126389 -0.779937 -0.577340
v 0.083480 -0.816361 -0.531093
v 0.190453 -0.629295 -0.596942
v 0.155731 -0.681349 -0.571894
v 0.113213 -0.624498 -0.589712
v -0.303104 -0.787238 -0.585069
v -0.213370 -0.784338 -0.581497
v -0.254319 -0.815288 -0.530395
v -0.122327 -0.674774 -0.637187
v -0.164318 -0.718919 -0.603428
v -0.212543 -0.702285 -0.666179
v -0.080811 -0.790263 -0.514115
v -0.125278 -0.773078 -0.572263
v -0.041873 -0.761448 -0.563216
v 0.041635 -0.688528 -0.650688
v 0.000000 -0.698965 -0.584902
v -0.041419 -0.684953 -0.647309
v 0.000000 -0.895018 -0.126932
v -0.085355 -0.910266 -0.264833
v -0.041648 -0.894157 -0.192664
v 0.041813 -0.897692 -0.193426
v 0.082372 -0.878453 -0.255577
v -0.210641 -0.835029 -0.459724
v -0.042862 -0.830780 -0.458833
v -0.121953 -0.810197 -0.446990
v -0.168541 -0.856974 -0.392934
v -0.121869 -0.839656 -0.314116
v 0.205253 -0.813670 -0.447965
v 0.123312 -0.849595 -0.317835
v 0.169063 -0.859628 -0.394150
v 0.126718 -0.841851 -0.464453
v 0.044064 -0.854088 -0.471706
v -0.042315 -0.872836 -0.326034
v 0.000000 -0.855786 -0.394287
v 0.041640 -0.858903 -0.320829
v 0.570449 -0.773546 -0.104839
v 0.603984 -0.782556 -0.040865
v 0.554770 -0.826612 -0.248588
v 0.554022 -0.787042 -0.172044
v 0.684034 -0.702294 -0.120254
v 0.619128 -0.744038 -0.146113
v 0.676803 -0.723516 -0.190384
v 0.408441 -0.758910 -0.493718
v 0.447424 -0.782176 -0.437947
v 0.609723 -0.735422 -0.405821
v 0.519208 -0.746389 -0.415207
v 0.571984 -0.718373 -0.467346
v 0.477519 -0.788958 -0.372417
v 0.506882 -0.794647 -0.307960
v 0.851639 -0.544019 -0.282544
v 0.808175 -0.602784 -0.319708
v 0.818071 -0.537744 -0.349836
v 0.749292 -0.709858 -0.242958
v 0.797907 -0.672150 -0.288111
v 0.808348 -0.659074 -0.210804
v 0.724168 -0.652568 -0.424536
v 0.743843 -0.647806 -0.349239
v 0.679867 -0.692458 -0.378122
v 0.589966 -0.773690 -0.288940
v 0.646156 -0.746521 -0.339634
v 0.661617 -0.734321 -0.263193
v 0.065708 -0.457732 -0.818281
v 0.109293 -0.512423 -0.808426
v 0.252375 -0.485316 -0.841309
v 0.183526 -0.509248 -0.841670
v 0.200238 -0.425403 -0.842405
v 0.150296 -0.548762 -0.767256
v 0.188773 -0.578251 -0.719191
v 0.483916 -0.344957 -0.745708
v 0.435165 -0.383086 -0.779155
v 0.444182 -0.311118 -0.791341
v 0.409618 -0.530300 -0.744163
v 0.417503 -0.449863 -0.752397
v 0.472632 -0.498440 -0.728318
v 0.328840 -0.374003 -0.830556
v 0.372612 -0.411683 -0.791350
v 0.322573 -0.457494 -0.834440
v 0.314702 -0.685484 -0.594833
v 0.364705 -0.734876 -0.562005
v 0.226482 -0.601865 -0.663379
v 0.262756 -0.627035 -0.614536
v 0.438008 -0.643802 -0.674964
v 0.348838 -0.640218 -0.648685
v 0.394809 -0.611679 -0.724829
v 0.300751 -0.529140 -0.807333
v 0.350816 -0.575110 -0.773032
v 0.276032 -0.597910 -0.772072
v 0.931837 -0.064476 -0.522559
v 0.887363 -0.103371 -0.563868
v 0.880398 -0.039516 -0.585510
v 0.885313 -0.228840 -0.511980
v 0.861977 -0.161956 -0.522842
v 0.906979 -0.185767 -0.459160
v 0.774392 -0.113973 -0.649928
v 0.789922 -0.133332 -0.566389
v 0.771245 -0.174435 -0.621659
v 0.829763 -0.463982 -0.384803
v 0.874167 -0.420697 -0.430877
v 0.863792 -0.417784 -0.340453
v 0.776283 -0.368193 -0.554576
v 0.852199 -0.407473 -0.510813
v 0.761169 -0.425626 -0.522228
v 0.880522 -0.300400 -0.397497
v 0.902559 -0.366192 -0.470714
v 0.897694 -0.299024 -0.493407
v 0.579522 -0.258702 -0.781728
v 0.666214 -0.303713 -0.769666
v 0.557424 -0.311697 -0.730712
v 0.744446 -0.219004 -0.677108
v 0.695989 -0.256421 -0.711924
v 0.727224 -0.199926 -0.768560
v 0.669765 -0.374515 -0.640444
v 0.686635 -0.318171 -0.679371
v 0.737366 -0.346083 -0.623820
v 0.838000 -0.268994 -0.550617
v 0.784111 -0.306623 -0.584814
v 0.795022 -0.244921 -0.617227
v 0.442397 -0.710156 -0.545928
v 0.523165 -0.622427 -0.664785
v 0.483842 -0.669501 -0.606900
v 0.532444 -0.699429 -0.541329
v 0.596790 -0.654503 -0.510778
v 0.565119 -0.394603 -0.736962
v 0.658719 -0.446687 -0.618294
v 0.609247 -0.418528 -0.673774
v 0.540687 -0.458251 -0.700349
v 0.527592 -0.531169 -0.677742
v 0.789361 -0.521574 -0.423720
v 0.693767 -0.636889 -0.502469
v 0.747183 -0.582171 -0.465290
v 0.729119 -0.485037 -0.478271
v 0.695700 -0.466661 -0.546610
v 0.575611 -0.560576 -0.615963
v 0.644761 -0.519181 -0.588256
v 0.636795 -0.601419 -0.563429
v 0.630156 -0.725911 0.000000
v 0.757395 -0.693426 -0.082954
v 0.696453 -0.714508 -0.040790
v 0.705029 -0.723307 0.041292
v 0.765405 -0.700760 0.083832
v 0.898529 -0.502434 -0.241516
v 0.847626 -0.540141 -0.198692
v 0.947118 -0.602139 -0.044879
v 0.873456 -0.555740 -0.121966
v 0.982623 -0.549457 -0.086583
v 0.815876 -0.588610 -0.160685
v 0.787784 -0.639402 -0.123060
v 0.928181 -0.591473 0.217575
v 0.940747 -0.526041 0.252863
v 0.816635 -0.662819 0.127567
v 0.848118 -0.611871 0.167035
v 0.976951 -0.546285 0.086083
v 0.922010 -0.586632 0.128745
v 0.910693 -0.578981 0.043153
v 0.829583 -0.673858 -0.043226
v 0.873084 -0.627974 0.000000
v 0.807803 -0.656167 0.042091
v 0.948374 0.000000 -0.475260
v 0.963593 -0.064261 -0.457725
v 1.009181 -0.063730 -0.321775
v 0.972533 -0.062982 -0.383503
v 0.976589 0.000000 -0.335281
v 0.952602 -0.126618 -0.427280
v 0.893154 -0.177063 -0.377059
v 1.061232 -0.064281 -0.041819
v 1.074696 -0.065411 -0.113933
v 1.109497 0.000000 -0.073235
v 1.042823 -0.194689 -0.198160
v 1.089559 -0.134122 -0.160562
v 1.143022 -0.211200 -0.137399
v 1.043756 0.000000 -0.209372
v 1.117217 -0.068595 -0.194698
v 1.049900 -0.065415 -0.255836
v 0.905136 -0.363369 -0.304939
v 0.910355 -0.429354 -0.279321
v 0.889601 -0.237075 -0.350127
v 0.896291 -0.298403 -0.327979
v 0.983044 -0.313388 -0.203879
v 0.917263 -0.298610 -0.260993
v 0.978353 -0.249795 -0.231391
v 1.022117 -0.129346 -0.297767
v 0.966256 -0.184295 -0.254852
v 0.931423 -0.181193 -0.317846
v 0.918333 -0.061243 0.436226
v 0.938374 0.000000 0.470248
v 0.898530 -0.178128 0.379328
v 0.904519 -0.120227 0.405713
v 0.931718 0.000000 0.319876
v 0.903330 -0.058500 0.356214
v 0.911120 -0.057537 0.290508
v 0.912189 -0.430219 0.279884
v 0.899857 -0.361250 0.303160
v 0.932998 -0.238215 0.220664
v 0.936650 -0.304921 0.266509
v 0.955851 -0.304719 0.198239
v 0.905703 -0.301537 0.331424
v 0.873959 -0.232906 0.343971
v 1.035839 0.000000 0.068373
v 0.997797 -0.060730 0.105781
v 1.016811 -0.061590 0.040068
v 0.945420 -0.058905 0.230377
v 0.961834 -0.059055 0.167619
v 0.995160 0.000000 0.199624
v 1.003829 -0.185481 0.120667
v 0.960597 -0.118247 0.141558
v 0.946147 -0.176640 0.179789
v 0.918901 -0.178757 0.313573
v 0.926495 -0.176712 0.244365
v 0.906824 -0.114756 0.264180
v 0.909620 -0.430441 -0.197718
v 1.023474 -0.329097 -0.128001
v 0.981689 -0.386886 -0.166363
v 0.988742 -0.468865 -0.128242
v 1.048190 -0.497584 -0.046598
v 1.066437 -0.129997 0.000000
v 0.983069 -0.245836 0.079431
v 0.997240 -0.184691 0.040025
v 1.064071 -0.197068 -0.042707
v 1.055613 -0.263977 -0.085293
v 0.939119 -0.444400 0.204130
v 0.988295 -0.469152 0.043935
v 0.972094 -0.460970 0.126083
v 0.959091 -0.377980 0.162533
v 0.969141 -0.311626 0.121206
v 1.023608 -0.328641 -0.042760
v 0.985396 -0.316373 0.041164
v 1.031061 -0.408309 0.000000
v 0.070223 -0.429922 0.907330
v 0.218266 -0.399508 0.948704
v 0.142032 -0.411966 0.920762
v 0.070721 -0.370138 0.940993
v 0.069481 -0.301532 0.948062
v 0.454437 -0.254109 0.830260
v 0.417813 -0.301373 0.896794
v 0.294289 -0.234312 0.993187
v 0.378477 -0.284330 1.001786
v 0.386147 -0.215923 1.043730
v 0.366179 -0.345935 0.947729
v 0.292571 -0.371390 0.945991
v 0.070842 -0.106059 1.002932
v 0.070759 -0.039567 1.006603
v 0.068599 -0.230603 0.948721
v 0.069556 -0.169692 0.976170
v 0.214914 -0.120174 1.002236
v 0.139172 -0.143203 0.974198
v 0.219733 -0.192233 1.014166
v 0.226247 -0.341128 1.002152
v 0.220471 -0.262049 0.996036
v 0.144040 -0.285013 0.980788
v 0.828184 0.000000 0.619493
v 0.709049 0.072908 0.667334
v 0.767272 0.037649 0.644434
v 0.803920 -0.039447 0.675216
v 0.721058 -0.074142 0.678637
v 0.520102 0.214888 0.801468
v 0.562615 0.177886 0.760770
v 0.601460 0.038531 0.815190
v 0.575597 0.108578 0.779530
v 0.548519 0.074293 0.845259
v 0.594652 0.139530 0.710238
v 0.658395 0.108915 0.698980
v 0.564456 -0.178468 0.763260
v 0.507702 -0.209765 0.782361
v 0.666749 -0.110297 0.707849
v 0.610714 -0.143299 0.729423
v 0.547297 -0.074127 0.843376
v 0.580756 -0.109551 0.786517
v 0.586487 -0.037572 0.794897
v 0.671204 0.037007 0.712017
v 0.631601 0.000000 0.756663
v 0.684105 -0.037718 0.725704
v 0.068420 0.418885 0.884039
v 0.073299 0.318100 1.000155
v 0.068740 0.359767 0.914627
v 0.138152 0.400711 0.895605
v 0.210690 0.385642 0.915776
v 0.071030 0.039718 1.010456
v 0.073150 0.109515 1.035615
v 0.225655 0.197414 1.041500
v 0.150060 0.154406 1.050413
v 0.223301 0.124864 1.041351
v 0.075941 0.185270 1.065782
v 0.075057 0.252311 1.038031
v 0.423297 0.305329 0.908565
v 0.468282 0.261851 0.855554
v 0.287797 0.365330 0.930555
v 0.345634 0.326525 0.894554
v 0.353282 0.197546 0.954897
v 0.357075 0.268252 0.945138
v 0.298047 0.237305 1.005871
v 0.151813 0.300393 1.033714
v 0.231833 0.275554 1.047367
v 0.219041 0.330261 0.970231
v 0.490760 -0.193758 0.893636
v 0.511774 -0.041194 0.928959
v 0.496988 -0.116839 0.903080
v 0.431215 -0.159377 0.942822
v 0.377154 -0.126086 1.010687
v 0.469553 0.185386 0.855020
v 0.372006 0.124365 0.996892
v 0.452946 0.167409 0.990335
v 0.516131 0.121339 0.937864
v 0.512041 0.041216 0.929444
v 0.146981 0.000000 1.038982
v 0.300383 -0.083422 1.035044
v 0.224146 -0.041751 1.042873
v 0.227763 0.042425 1.059701
v 0.294285 0.081728 1.014031
v 0.446572 0.000000 0.971699
v 0.382599 0.042788 1.026835
v 0.383370 -0.042874 1.028905
v -0.562264 -0.762447 0.103335
v -0.509204 -0.758719 0.228170
v -0.541692 -0.769525 0.168215
v -0.603175 -0.724866 0.142348
v -0.661586 -0.707249 0.186104
v -0.346655 -0.644109 0.419033
v -0.400369 -0.699916 0.391889
v -0.534185 -0.644311 0.355544
v -0.474209 -0.681702 0.379223
v -0.501787 -0.630210 0.409991
v -0.453353 -0.749030 0.353570
v -0.481861 -0.755422 0.292758
v -0.703330 -0.524584 0.278231
v -0.741586 -0.487468 0.317128
v -0.662824 -0.627941 0.214921
v -0.696656 -0.586856 0.251550
v -0.616871 -0.555880 0.361634
v -0.658784 -0.573729 0.309303
v -0.589446 -0.600363 0.327833
v -0.535553 -0.702332 0.262291
v -0.586156 -0.677201 0.308096
v -0.617433 -0.685283 0.245617
v -0.107290 -0.503031 0.793608
v -0.257886 -0.495914 0.859682
v -0.179724 -0.498699 0.824235
v -0.154444 -0.563907 0.788432
v -0.200201 -0.613259 0.762731
v -0.480303 -0.342381 0.740140
v -0.427121 -0.376005 0.764753
v -0.393881 -0.509928 0.715575
v -0.420179 -0.452746 0.757218
v -0.450076 -0.474653 0.693561
v -0.370167 -0.408982 0.786156
v -0.333891 -0.473546 0.863718
v -0.313896 -0.683729 0.593310
v -0.331254 -0.667471 0.510457
v -0.241769 -0.642489 0.708155
v -0.284035 -0.677812 0.664301
v -0.402116 -0.591045 0.619654
v -0.352588 -0.647100 0.655658
v -0.382285 -0.592276 0.701835
v -0.301487 -0.530436 0.809310
v -0.345663 -0.566663 0.761679
v -0.274854 -0.595358 0.768777
v -0.863226 -0.100559 0.548530
v -0.899429 -0.232489 0.520143
v -0.862909 -0.162131 0.523407
v -0.842271 -0.142168 0.603924
v -0.819099 -0.185258 0.660231
v -0.790288 -0.441908 0.366496
v -0.855936 -0.411924 0.421892
v -0.744479 -0.353108 0.531855
v -0.788522 -0.377026 0.472645
v -0.726210 -0.406078 0.498243
v -0.888272 -0.360396 0.463264
v -0.885370 -0.294919 0.486634
v -0.575047 -0.262152 0.664343
v -0.517947 -0.289622 0.678963
v -0.735434 -0.216352 0.668911
v -0.629590 -0.231958 0.644005
v -0.644220 -0.360231 0.616017
v -0.653325 -0.302736 0.646414
v -0.701889 -0.329432 0.593805
v -0.849452 -0.272670 0.558141
v -0.786294 -0.307476 0.586443
v -0.802769 -0.247307 0.623240
v -0.389756 -0.625654 0.480968
v -0.454515 -0.540753 0.577552
v -0.440044 -0.608897 0.551963
v -0.463212 -0.608484 0.470942
v -0.533843 -0.585468 0.456904
v -0.538286 -0.375867 0.701970
v -0.626432 -0.424793 0.587989
v -0.575929 -0.395640 0.636927
v -0.518179 -0.439175 0.671195
v -0.494003 -0.497352 0.634593
v -0.720273 -0.475924 0.386634
v -0.573135 -0.526147 0.415099
v -0.649263 -0.505877 0.404313
v -0.730176 -0.485739 0.478964
v -0.661229 -0.443538 0.519526
v -0.516125 -0.502644 0.552307
v -0.582589 -0.469118 0.531532
v -0.563855 -0.532531 0.498893
v -0.113352 -0.531456 -0.838453
v -0.206150 -0.631480 -0.785394
v -0.161214 -0.588629 -0.822996
v -0.185558 -0.514887 -0.850990
v -0.254610 -0.489613 -0.848759
v -0.371164 -0.747890 -0.571958
v -0.332202 -0.723602 -0.627911
v -0.382131 -0.592037 -0.701553
v -0.361828 -0.664058 -0.672841
v -0.433492 -0.637163 -0.668005
v -0.291509 -0.695649 -0.681783
v -0.252096 -0.669931 -0.738402
v -0.460054 -0.404996 -0.823718
v -0.486915 -0.347095 -0.750329
v -0.327065 -0.463865 -0.846060
v -0.386375 -0.426889 -0.820579
v -0.479974 -0.506183 -0.739633
v -0.429950 -0.463275 -0.774828
v -0.414536 -0.536667 -0.753098
v -0.289553 -0.627198 -0.809892
v -0.339442 -0.556464 -0.747969
v -0.302553 -0.532311 -0.812171
v -0.561197 -0.761000 -0.103139
v -0.626677 -0.669930 -0.176284
v -0.591381 -0.710692 -0.139564
v -0.562395 -0.798936 -0.174644
v -0.515382 -0.767923 -0.230938
v -0.714531 -0.469684 -0.305559
v -0.709643 -0.529293 -0.280729
v -0.615303 -0.626698 -0.342214
v -0.646536 -0.563062 -0.303553
v -0.637224 -0.574221 -0.373566
v -0.676925 -0.570235 -0.244426
v -0.672015 -0.636649 -0.217901
v -0.428753 -0.749536 -0.419672
v -0.412073 -0.765659 -0.498109
v -0.481454 -0.754784 -0.292511
v -0.452757 -0.748047 -0.353106
v -0.542717 -0.681616 -0.443433
v -0.468530 -0.673537 -0.374681
v -0.559623 -0.674994 -0.372475
v -0.626004 -0.694795 -0.249026
v -0.575883 -0.665333 -0.302697
v -0.543565 -0.712839 -0.266215
v -0.793179 -0.092399 -0.504019
v -0.735655 -0.166385 -0.592971
v -0.753352 -0.127159 -0.540168
v -0.780538 -0.146654 -0.473444
v -0.793047 -0.204991 -0.458622
v -0.551751 -0.308524 -0.723275
v -0.584572 -0.266494 -0.675347
v -0.668881 -0.313940 -0.565881
v -0.643207 -0.298048 -0.636402
v -0.620994 -0.347243 -0.593807
v -0.650017 -0.239484 -0.664900
v -0.728092 -0.214193 -0.662233
v -0.772456 -0.371748 -0.380744
v -0.730395 -0.408418 -0.338721
v -0.786508 -0.261988 -0.432296
v -0.788800 -0.320037 -0.411385
v -0.684141 -0.382553 -0.469379
v -0.744960 -0.356198 -0.446533
v -0.711823 -0.337620 -0.508526
v -0.748778 -0.230674 -0.581324
v -0.714754 -0.279501 -0.533086
v -0.769171 -0.246900 -0.505392
v -0.449386 -0.721376 -0.554554
v -0.584061 -0.640542 -0.499883
v -0.520010 -0.683095 -0.528688
v -0.483568 -0.669122 -0.606557
v -0.522416 -0.621536 -0.663833
v -0.687816 -0.454477 -0.369212
v -0.639864 -0.429207 -0.502740
v -0.665327 -0.442600 -0.436427
v -0.669508 -0.521651 -0.416920
v -0.614599 -0.564212 -0.445130
v -0.548499 -0.382998 -0.715288
v -0.530134 -0.533728 -0.681007
v -0.542565 -0.459843 -0.702783
v -0.567165 -0.389619 -0.627235
v -0.607041 -0.411643 -0.569788
v -0.610686 -0.576761 -0.540328
v -0.621884 -0.500759 -0.567383
v -0.579225 -0.564095 -0.619830
v 0.826033 0.000000 -0.617885
v 0.769753 -0.079149 -0.724467
v 0.818407 -0.040158 -0.687383
v 0.812067 0.039847 -0.682058
v 0.778794 0.080079 -0.732976
v 0.555119 -0.229356 -0.855430
v 0.623947 -0.197278 -0.843704
v 0.635201 -0.040693 -0.860922
v 0.622943 -0.117509 -0.843652
v 0.583223 -0.078993 -0.898737
v 0.686995 -0.161198 -0.820531
v 0.735536 -0.121676 -0.780876
v 0.602011 0.190343 -0.814042
v 0.560725 0.231672 -0.864068
v 0.670117 0.110854 -0.711425
v 0.648820 0.152240 -0.774935
v 0.562463 0.076181 -0.866746
v 0.619820 0.116920 -0.839422
v 0.617185 0.039539 -0.836504
v 0.724113 -0.039924 -0.768144
v 0.662114 0.000000 -0.793218
v 0.726319 0.040046 -0.770484
v 0.067541 -0.413505 -0.872683
v 0.068499 -0.297269 -0.934660
v 0.067987 -0.355826 -0.904607
v 0.138524 -0.401790 -0.898017
v 0.204103 -0.373585 -0.887145
v 0.067149 -0.037548 -0.955250
v 0.065995 -0.098802 -0.934307
v 0.200745 -0.175621 -0.926528
v 0.127446 -0.131137 -0.892116
v 0.196494 -0.109874 -0.916335
v 0.063418 -0.154718 -0.890028
v 0.066018 -0.221926 -0.913021
v 0.380804 -0.274678 -0.817358
v 0.451725 -0.252593 -0.825305
v 0.270526 -0.343406 -0.874711
v 0.335140 -0.316611 -0.867393
v 0.328481 -0.183678 -0.887863
v 0.323593 -0.243098 -0.856514
v 0.268792 -0.214012 -0.907139
v 0.135433 -0.267982 -0.922183
v 0.206466 -0.245403 -0.932765
v 0.200701 -0.302610 -0.888997
v 0.069077 0.422907 -0.892525
v 0.197797 0.362042 -0.859733
v 0.137154 0.397816 -0.889135
v 0.064682 0.338532 -0.860642
v 0.065711 0.285170 -0.896618
v 0.465120 0.260083 -0.849778
v 0.379775 0.273936 -0.815150
v 0.261530 0.208230 -0.882630
v 0.325955 0.244872 -0.862765
v 0.315597 0.176473 -0.853037
v 0.327067 0.308985 -0.846501
v 0.265948 0.337595 -0.859908
v 0.060247 0.090197 -0.852938
v 0.065351 0.036543 -0.929670
v 0.064853 0.218011 -0.896916
v 0.063302 0.154435 -0.888400
v 0.187356 0.104764 -0.873721
v 0.126780 0.130452 -0.887452
v 0.186931 0.163536 -0.862770
v 0.196439 0.296183 -0.870116
v 0.196375 0.233409 -0.887176
v 0.132613 0.262403 -0.902983
v 0.479428 -0.189285 -0.873002
v 0.356163 -0.119069 -0.954436
v 0.412002 -0.152276 -0.900814
v 0.501363 -0.117867 -0.911029
v 0.488088 -0.039288 -0.885965
v 0.132948 0.000000 -0.939784
v 0.251797 0.069928 -0.867629
v 0.194964 0.036316 -0.907096
v 0.193358 -0.036017 -0.899625
v 0.260404 -0.072319 -0.897285
v 0.469978 0.185553 -0.855794
v 0.493771 0.039745 -0.896281
v 0.472967 0.111191 -0.859431
v 0.386701 0.142925 -0.845496
v 0.315689 0.105538 -0.845973
v 0.338953 -0.037907 -0.909697
v 0.329428 0.036841 -0.884132
v 0.416508 0.000000 -0.906281
v 0.948914 0.063282 0.450752
v 1.002876 0.063332 0.319765
v 0.932311 0.060377 0.367642
v 0.974010 0.129464 0.436882
v 0.999267 0.198099 0.421856
v 1.071419 0.064898 0.042220
v 1.056288 0.064290 0.111981
v 1.102661 0.205860 0.209531
v 1.081919 0.133182 0.159436
v 1.123973 0.207680 0.135109
v 1.060319 0.065101 0.184782
v 1.043083 0.064990 0.254175
v 0.894317 0.359026 0.301294
v 0.848987 0.400411 0.260492
v 0.969929 0.258482 0.381742
v 0.936831 0.311900 0.342814
v 0.999377 0.318595 0.207266
v 0.948070 0.308639 0.269758
v 1.052931 0.268836 0.249030
v 1.073617 0.135863 0.312771
v 1.067838 0.203670 0.281644
v 1.031987 0.200756 0.352164
v 0.944101 0.062961 -0.448466
v 0.881899 0.174831 -0.372307
v 0.928355 0.123395 -0.416405
v 0.967109 0.062630 -0.381364
v 0.949735 0.059976 -0.302821
v 0.907331 0.427928 -0.278394
v 0.891992 0.358092 -0.300510
v 0.997308 0.254635 -0.235874
v 0.963991 0.313822 -0.274288
v 1.009935 0.321961 -0.209456
v 0.869027 0.289327 -0.318003
v 0.883992 0.235580 -0.347920
v 1.099076 0.066895 -0.116517
v 1.084649 0.065699 -0.042741
v 0.984543 0.061342 -0.239910
v 1.065649 0.065429 -0.185711
v 1.026391 0.189650 -0.123379
v 1.046869 0.128867 -0.154271
v 1.031233 0.192525 -0.195958
v 0.928204 0.180567 -0.316748
v 0.957960 0.182713 -0.252664
v 0.950154 0.120239 -0.276803
v 0.632562 0.728682 0.000000
v 0.697657 0.638734 0.076412
v 0.652084 0.668990 0.038191
v 0.685970 0.703754 -0.040176
v 0.744829 0.681922 -0.081578
v 0.815687 0.456111 0.219249
v 0.834254 0.531620 0.195558
v 0.876396 0.557176 0.041528
v 0.835928 0.531862 0.116725
v 0.916809 0.512656 0.080783
v 0.798208 0.575864 0.157205
v 0.732326 0.594389 0.114397
v 0.885807 0.564471 -0.207642
v 0.910216 0.508969 -0.244657
v 0.776223 0.630019 -0.121254
v 0.803057 0.579362 -0.158160
v 0.939164 0.525156 -0.082753
v 0.871402 0.554433 -0.121679
v 0.893343 0.567951 -0.042331
v 0.761125 0.618250 0.039659
v 0.799483 0.575036 0.000000
v 0.744791 0.604983 -0.038808
v 1.071610 0.130628 0.000000
v 1.039657 0.259987 -0.084003
v 1.070022 0.198170 -0.042946
v 1.076621 0.199392 0.043211
v 1.073042 0.268336 0.086701
v 0.927521 0.438912 -0.201609
v 0.994890 0.472282 -0.044228
v 0.955519 0.453111 -0.123933
v 0.986379 0.388735 -0.167158
v 0.995818 0.320204 -0.124542
v 0.892310 0.422249 0.193956
v 1.039093 0.334119 0.129955
v 0.965149 0.380368 0.163560
v 0.937034 0.444345 0.121535
v 0.967250 0.459161 0.043000
v 1.031586 0.331203 -0.043094
v 1.020453 0.404108 0.000000
v 1.059028 0.340013 0.044240
f 1 643 645
f 163 644 643
f 165 645 644
f 643 644 645
f 43 646 648
f 164 647 646
f 163 648 647
f 646 647 648
f 45 649 651
f 165 650 649
f 164 651 650
f 649 650 651
f 163 647 644
f 164 650 647
f 165 644 650
f 647 650 644
f 13 652 654
f 166 653 652
f 168 654 653
f 652 653 654
f 44 655 657
f 167 656 655
f 166 657 656
f 655 656 657
f 43 658 660
f 168 659 658
f 167 660 659
f 658 659 660
f 166 656 653
f 167 659 656
f 168 653 659
f 656 659 653
f 15 661 663
f 169 662 661
f 171 663 662
f 661 662 663
f 45 664 666
f 170 665 664
f 169 666 665
f 664 665 666
f 44 667 669
f 171 668 667
f 170 669 668
f 667 668 669
f 169 665 662
f 170 668 665
f 171 662 668
f 665 668 662
f 43 660 646
f 167 670 660
f 164 646 670
f 660 670 646
f 44 669 655
f 170 671 669
f 167 655 671
f 669 671 655
f 45 651 664
f 164 672 651
f 170 664 672
f 651 672 664
f 167 671 670
f 170 672 671
f 164 670 672
f 671 672 670
f 12 673 675
f 172 674 673
f 174 675 674
f 673 674 675
f 46 676 678
f 173 677 676
f 172 678 677
f 676 677 678
f 48 679 681
f 174 680 679
f 173 681 680
f 679 680 681
f 172 677 674
f 173 680 677
f 174 674 680
f 677 680 674
f 14 682 684
f 175 683 682
f 177 684 683
f 682 683 684
f 47 685 687
f 176 686 685
f 175 687 686
f 685 686 687
f 46 688 690
f 177 689 688
f 176 690 689
f 688 689 690
f 175 686 683
f 176 689 686
f 177 683 689
f 686 689 683
f 13 691 693
f 178 692 691
f 180 693 692
f 691 692 693
f 48 694 696
f 179 695 694
f 178 696 695
f 694 695 696
f 47 697 699
f 180 698 697
f 179 699 698
f 697 698 699
f 178 695 692
f 179 698 695
f 180 692 698
f 695 698 692
f 46 690 676
f 176 700 690
f 173 676 700
f 690 700 676
f 47 699 685
f 179 701 699
f 176 685 701
f 699 701 685
f 48 681 694
f 173 702 681
f 179 694 702
f 681 702 694
f 176 701 700
f 179 702 701
f 173 700 702
f 701 702 700
f 6 703 705
f 181 704 703
f 183 705 704
f 703 704 705
f 49 706 708
f 182 707 706
f 181 708 707
f 706 707 708
f 51 709 711
f 183 710 709
f 182 711 710
f 709 710 711
f 181 707 704
f 182 710 707
f 183 704 710
f 707 710 704
f 15 712 714
f 184 713 712
f 186 714 713
f 712 713 714
f 50 715 717
f 185 716 715
f 184 717 716
f 715 716 717
f 49 718 720
f 186 719 718
f 185 720 719
f 718 719 720
f 184 716 713
f 185 719 716
f 186 713 719
f 716 719 713
f 14 721 723
f 187 722 721
f 189 723 722
f 721 722 723
f 51 724 726
f 188 725 724
f 187 726 725
f 724 725 726
f 50 727 729
f 189 728 727
f 188 729 728
f 727 728 729
f 187 725 722
f 188 728 725
f 189 722 728
f 725 728 722
f 49 720 706
f 185 730 720
f 182 706 730
f 720 730 706
f 50 729 715
f 188 731 729
f 185 715 731
f 729 731 715
f 51 711 724
f 182 732 711
f 188 724 732
f 711 732 724
f 185 731 730
f 188 732 731
f 182 730 732
f 731 732 730
f 13 693 652
f 180 733 693
f 166 652 733
f 693 733 652
f 47 734 697
f 190 735 734
f 180 697 735
f 734 735 697
f 44 657 737
f 166 736 657
f 190 737 736
f 657 736 737
f 180 735 733
f 190 736 735
f 166 733 736
f 735 736 733
f 14 723 682
f 189 738 723
f 175 682 738
f 723 738 682
f 50 739 727
f 191 740 739
f 189 727 740
f 739 740 727
f 47 687 742
f 175 741 687
f 191 742 741
f 687 741 742
f 189 740 738
f 191 741 740
f 175 738 741
f 740 741 738
f 15 663 712
f 171 743 663
f 184 712 743
f 663 743 712
f 44 744 667
f 192 745 744
f 171 667 745
f 744 745 667
f 50 717 747
f 184 746 717
f 192 747 746
f 717 746 747
f 171 745 743
f 192 746 745
f 184 743 746
f 745 746 743
f 47 742 734
f 191 748 742
f 190 734 748
f 742 748 734
f 50 747 739
f 192 749 747
f 191 739 749
f 747 749 739
f 44 737 744
f 190 750 737
f 192 744 750
f 737 750 744
f 191 749 748
f 192 750 749
f 190 748 750
f 749 750 748
f 1 645 752
f 165 751 645
f 194 752 751
f 645 751 752
f 45 753 649
f 193 754 753
f 165 649 754
f 753 754 649
f 53 755 757
f 194 756 755
f 193 757 756
f 755 756 757
f 165 754 751
f 193 756 754
f 194 751 756
f 754 756 751
f 15 758 661
f 195 759 758
f 169 661 759
f 758 759 661
f 52 760 762
f 196 761 760
f 195 762 761
f 760 761 762
f 45 666 764
f 169 763 666
f 196 764 763
f 666 763 764
f 195 761 759
f 196 763 761
f 169 759 763
f 761 763 759
f 17 765 767
f 197 766 765
f 199 767 766
f 765 766 767
f 53 768 770
f 198 769 768
f 197 770 769
f 768 769 770
f 52 771 773
f 199 772 771
f 198 773 772
f 771 772 773
f 197 769 766
f 198 772 769
f 199 766 772
f 769 772 766
f 45 764 753
f 196 774 764
f 193 753 774
f 764 774 753
f 52 773 760
f 198 775 773
f 196 760 775
f 773 775 760
f 53 757 768
f 193 776 757
f 198 768 776
f 757 776 768
f 196 775 774
f 198 776 775
f 193 774 776
f 775 776 774
f 6 777 703
f 200 778 777
f 181 703 778
f 777 778 703
f 54 779 781
f 201 780 779
f 200 781 780
f 779 780 781
f 49 708 783
f 181 782 708
f 201 783 782
f 708 782 783
f 200 780 778
f 201 782 780
f 181 778 782
f 780 782 778
f 16 784 786
f 202 785 784
f 204 786 785
f 784 785 786
f 55 787 789
f 203 788 787
f 202 789 788
f 787 788 789
f 54 790 792
f 204 791 790
f 203 792 791
f 790 791 792
f 202 788 785
f 203 791 788
f 204 785 791
f 788 791 785
f 15 714 794
f 186 793 714
f 206 794 793
f 714 793 794
f 49 795 718
f 205 796 795
f 186 718 796
f 795 796 718
f 55 797 799
f 206 798 797
f 205 799 798
f 797 798 799
f 186 796 793
f 205 798 796
f 206 793 798
f 796 798 793
f 54 792 779
f 203 800 792
f 201 779 800
f 792 800 779
f 55 799 787
f 205 801 799
f 203 787 801
f 799 801 787
f 49 783 795
f 201 802 783
f 205 795 802
f 783 802 795
f 203 801 800
f 205 802 801
f 201 800 802
f 801 802 800
f 2 803 805
f 207 804 803
f 209 805 804
f 803 804 805
f 56 806 808
f 208 807 806
f 207 808 807
f 806 807 808
f 58 809 811
f 209 810 809
f 208 811 810
f 809 810 811
f 207 807 804
f 208 810 807
f 209 804 810
f 807 810 804
f 17 812 814
f 210 813 812
f 212 814 813
f 812 813 814
f 57 815 817
f 211 816 815
f 210 817 816
f 815 816 817
f 56 818 820
f 212 819 818
f 211 820 819
f 818 819 820
f 210 816 813
f 211 819 816
f 212 813 819
f 816 819 813
f 16 821 823
f 213 822 821
f 215 823 822
f 821 822 823
f 58 824 826
f 214 825 824
f 213 826 825
f 824 825 826
f 57 827 829
f 215 828 827
f 214 829 828
f 827 828 829
f 213 825 822
f 214 828 825
f 215 822 828
f 825 828 822
f 56 820 806
f 211 830 820
f 208 806 830
f 820 830 806
f 57 829 815
f 214 831 829
f 211 815 831
f 829 831 815
f 58 811 824
f 208 832 811
f 214 824 832
f 811 832 824
f 211 831 830
f 214 832 831
f 208 830 832
f 831 832 830
f 15 794 758
f 206 833 794
f 195 758 833
f 794 833 758
f 55 834 797
f 216 835 834
f 206 797 835
f 834 835 797
f 52 762 837
f 195 836 762
f 216 837 836
f 762 836 837
f 206 835 833
f 216 836 835
f 195 833 836
f 835 836 833
f 16 823 784
f 215 838 823
f 202 784 838
f 823 838 784
f 57 839 827
f 217 840 839
f 215 827 840
f 839 840 827
f 55 789 842
f 202 841 789
f 217 842 841
f 789 841 842
f 215 840 838
f 217 841 840
f 202 838 841
f 840 841 838
f 17 767 812
f 199 843 767
f 210 812 843
f 767 843 812
f 52 844 771
f 218 845 844
f 199 771 845
f 844 845 771
f 57 817 847
f 210 846 817
f 218 847 846
f 817 846 847
f 199 845 843
f 218 846 845
f 210 843 846
f 845 846 843
f 55 842 834
f 217 848 842
f 216 834 848
f 842 848 834
f 57 847 839
f 218 849 847
f 217 839 849
f 847 849 839
f 52 837 844
f 216 850 837
f 218 844 850
f 837 850 844
f 217 849 848
f 218 850 849
f 216 848 850
f 849 850 848
f 1 752 852
f 194 851 752
f 220 852 851
f 752 851 852
f 53 853 755
f 219 854 853
f 194 755 854
f 853 854 755
f 60 855 857
f 220 856 855
f 219 857 856
f 855 856 857
f 194 854 851
f 219 856 854
f 220 851 856
f 854 856 851
f 17 858 765
f 221 859 858
f 197 765 859
f 858 859 765
f 59 860 862
f 222 861 860
f 221 862 861
f 860 861 862
f 53 770 864
f 197 863 770
f 222 864 863
f 770 863 864
f 221 861 859
f 222 863 861
f 197 859 863
f 861 863 859
f 19 865 867
f 223 866 865
f 225 867 866
f 865 866 867
f 60 868 870
f 224 869 868
f 223 870 869
f 868 869 870
f 59 871 873
f 225 872 871
f 224 873 872
f 871 872 873
f 223 869 866
f 224 872 869
f 225 866 872
f 869 872 866
f 53 864 853
f 222 874 864
f 219 853 874
f 864 874 853
f 59 873 860
f 224 875 873
f 222 860 875
f 873 875 860
f 60 857 868
f 219 876 857
f 224 868 876
f 857 876 868
f 222 875 874
f 224 876 875
f 219 874 876
f 875 876 874
f 2 877 803
f 226 878 877
f 207 803 878
f 877 878 803
f 61 879 881
f 227 880 879
f 226 881 880
f 879 880 881
f 56 808 883
f 207 882 808
f 227 883 882
f 808 882 883
f 226 880 878
f 227 882 880
f 207 878 882
f 880 882 878
f 18 884 886
f 228 885 884
f 230 886 885
f 884 885 886
f 62 887 889
f 229 888 887
f 228 889 888
f 887 888 889
f 61 890 892
f 230 891 890
f 229 892 891
f 890 891 892
f 228 888 885
f 229 891 888
f 230 885 891
f 888 891 885
f 17 814 894
f 212 893 814
f 232 894 893
f 814 893 894
f 56 895 818
f 231 896 895
f 212 818 896
f 895 896 818
f 62 897 899
f 232 898 897
f 231 899 898
f 897 898 899
f 212 896 893
f 231 898 896
f 232 893 898
f 896 898 893
f 61 892 879
f 229 900 892
f 227 879 900
f 892 900 879
f 62 899 887
f 231 901 899
f 229 887 901
f 899 901 887
f 56 883 895
f 227 902 883
f 231 895 902
f 883 902 895
f 229 901 900
f 231 902 901
f 227 900 902
f 901 902 900
f 8 903 905
f 233 904 903
f 235 905 904
f 903 904 905
f 63 906 908
f 234 907 906
f 233 908 907
f 906 907 908
f 65 909 911
f 235 910 909
f 234 911 910
f 909 910 911
f 233 907 904
f 234 910 907
f 235 904 910
f 907 910 904
f 19 912 914
f 236 913 912
f 238 914 913
f 912 913 914
f 64 915 917
f 237 916 915
f 236 917 916
f 915 916 917
f 63 918 920
f 238 919 918
f 237 920 919
f 918 919 920
f 236 916 913
f 237 919 916
f 238 913 919
f 916 919 913
f 18 921 923
f 239 922 921
f 241 923 922
f 921 922 923
f 65 924 926
f 240 925 924
f 239 926 925
f 924 925 926
f 64 927 929
f 241 928 927
f 240 929 928
f 927 928 929
f 239 925 922
f 240 928 925
f 241 922 928
f 925 928 922
f 63 920 906
f 237 930 920
f 234 906 930
f 920 930 906
f 64 929 915
f 240 931 929
f 237 915 931
f 929 931 915
f 65 911 924
f 234 932 911
f 240 924 932
f 911 932 924
f 237 931 930
f 240 932 931
f 234 930 932
f 931 932 930
f 17 894 858
f 232 933 894
f 221 858 933
f 894 933 858
f 62 934 897
f 242 935 934
f 232 897 935
f 934 935 897
f 59 862 937
f 221 936 862
f 242 937 936
f 862 936 937
f 232 935 933
f 242 936 935
f 221 933 936
f 935 936 933
f 18 923 884
f 241 938 923
f 228 884 938
f 923 938 884
f 64 939 927
f 243 940 939
f 241 927 940
f 939 940 927
f 62 889 942
f 228 941 889
f 243 942 941
f 889 941 942
f 241 940 938
f 243 941 940
f 228 938 941
f 940 941 938
f 19 867 912
f 225 943 867
f 236 912 943
f 867 943 912
f 59 944 871
f 244 945 944
f 225 871 945
f 944 945 871
f 64 917 947
f 236 946 917
f 244 947 946
f 917 946 947
f 225 945 943
f 244 946 945
f 236 943 946
f 945 946 943
f 62 942 934
f 243 948 942
f 242 934 948
f 942 948 934
f 64 947 939
f 244 949 947
f 243 939 949
f 947 949 939
f 59 937 944
f 242 950 937
f 244 944 950
f 937 950 944
f 243 949 948
f 244 950 949
f 242 948 950
f 949 950 948
f 1 852 952
f 220 951 852
f 246 952 951
f 852 951 952
f 60 953 855
f 245 954 953
f 220 855 954
f 953 954 855
f 67 955 957
f 246 956 955
f 245 957 956
f 955 956 957
f 220 954 951
f 245 956 954
f 246 951 956
f 954 956 951
f 19 958 865
f 247 959 958
f 223 865 959
f 958 959 865
f 66 960 962
f 248 961 960
f 247 962 961
f 960 961 962
f 60 870 964
f 223 963 870
f 248 964 963
f 870 963 964
f 247 961 959
f 248 963 961
f 223 959 963
f 961 963 959
f 21 965 967
f 249 966 965
f 251 967 966
f 965 966 967
f 67 968 970
f 250 969 968
f 249 970 969
f 968 969 970
f 66 971 973
f 251 972 971
f 250 973 972
f 971 972 973
f 249 969 966
f 250 972 969
f 251 966 972
f 969 972 966
f 60 964 953
f 248 974 964
f 245 953 974
f 964 974 953
f 66 973 960
f 250 975 973
f 248 960 975
f 973 975 960
f 67 957 968
f 245 976 957
f 250 968 976
f 957 976 968
f 248 975 974
f 250 976 975
f 245 974 976
f 975 976 974
f 8 977 903
f 252 978 977
f 233 903 978
f 977 978 903
f 68 979 981
f 253 980 979
f 252 981 980
f 979 980 981
f 63 908 983
f 233 982 908
f 253 983 982
f 908 982 983
f 252 980 978
f 253 982 980
f 233 978 982
f 980 982 978
f 20 984 986
f 254 985 984
f 256 986 985
f 984 985 986
f 69 987 989
f 255 988 987
f 254 989 988
f 987 988 989
f 68 990 992
f 256 991 990
f 255 992 991
f 990 991 992
f 254 988 985
f 255 991 988
f 256 985 991
f 988 991 985
f 19 914 994
f 238 993 914
f 258 994 993
f 914 993 994
f 63 995 918
f 257 996 995
f 238 918 996
f 995 996 918
f 69 997 999
f 258 998 997
f 257 999 998
f 997 998 999
f 238 996 993
f 257 998 996
f 258 993 998
f 996 998 993
f 68 992 979
f 255 1000 992
f 253 979 1000
f 992 1000 979
f 69 999 987
f 257 1001 999
f 255 987 1001
f 999 1001 987
f 63 983 995
f 253 1002 983
f 257 995 1002
f 983 1002 995
f 255 1001 1000
f 257 1002 1001
f 253 1000 1002
f 1001 1002 1000
f 11 1003 1005
f 259 1004 1003
f 261 1005 1004
f 1003 1004 1005
f 70 1006 1008
f 260 1007 1006
f 259 1008 1007
f 1006 1007 1008
f 72 1009 1011
f 261 1010 1009
f 260 1011 1010
f 1009 1010 1011
f 259 1007 1004
f 260 1010 1007
f 261 1004 1010
f 1007 1010 1004
f 21 1012 1014
f 262 1013 1012
f 264 1014 1013
f 1012 1013 1014
f 71 1015 1017
f 263 1016 1015
f 262 1017 1016
f 1015 1016 1017
f 70 1018 1020
f 264 1019 1018
f 263 1020 1019
f 1018 1019 1020
f 262 1016 1013
f 263 1019 1016
f 264 1013 1019
f 1016 1019 1013
f 20 1021 1023
f 265 1022 1021
f 267 1023 1022
f 1021 1022 1023
f 72 1024 1026
f 266 1025 1024
f 265 1026 1025
f 1024 1025 1026
f 71 1027 1029
f 267 1028 1027
f 266 1029 1028
f 1027 1028 1029
f 265 1025 1022
f 266 1028 1025
f 267 1022 1028
f 1025 1028 1022
f 70 1020 1006
f 263 1030 1020
f 260 1006 1030
f 1020 1030 1006
f 71 1029 1015
f 266 1031 1029
f 263 1015 1031
f 1029 1031 1015
f 72 1011 1024
f 260 1032 1011
f 266 1024 1032
f 1011 1032 1024
f 263 1031 1030
f 266 1032 1031
f 260 1030 1032
f 1031 1032 1030
f 19 994 958
f 258 1033 994
f 247 958 1033
f 994 1033 958
f 69 1034 997
f 268 1035 1034
f 258 997 1035
f 1034 1035 997
f 66 962 1037
f 247 1036 962
f 268 1037 1036
f 962 1036 1037
f 258 1035 1033
f 268 1036 1035
f 247 1033 1036
f 1035 1036 1033
f 20 1023 984
f 267 1038 1023
f 254 984 1038
f 1023 1038 984
f 71 1039 1027
f 269 1040 1039
f 267 1027 1040
f 1039 1040 1027
f 69 989 1042
f 254 1041 989
f 269 1042 1041
f 989 1041 1042
f 267 1040 1038
f 269 1041 1040
f 254 1038 1041
f 1040 1041 1038
f 21 967 1012
f 251 1043 967
f 262 1012 1043
f 967 1043 1012
f 66 1044 971
f 270 1045 1044
f 251 971 1045
f 1044 1045 971
f 71 1017 1047
f 262 1046 1017
f 270 1047 1046
f 1017 1046 1047
f 251 1045 1043
f 270 1046 1045
f 262 1043 1046
f 1045 1046 1043
f 69 1042 1034
f 269 1048 1042
f 268 1034 1048
f 1042 1048 1034
f 71 1047 1039
f 270 1049 1047
f 269 1039 1049
f 1047 1049 1039
f 66 1037 1044
f 268 1050 1037
f 270 1044 1050
f 1037 1050 1044
f 269 1049 1048
f 270 1050 1049
f 268 1048 1050
f 1049 1050 1048
f 1 952 643
f 246 1051 952
f 163 643 1051
f 952 1051 643
f 67 1052 955
f 271 1053 1052
f 246 955 1053
f 1052 1053 955
f 43 648 1055
f 163 1054 648
f 271 1055 1054
f 648 1054 1055
f 246 1053 1051
f 271 1054 1053
f 163 1051 1054
f 1053 1054 1051
f 21 1056 965
f 272 1057 1056
f 249 965 1057
f 1056 1057 965
f 73 1058 1060
f 273 1059 1058
f 272 1060 1059
f 1058 1059 1060
f 67 970 1062
f 249 1061 970
f 273 1062 1061
f 970 1061 1062
f 272 1059 1057
f 273 1061 1059
f 249 1057 1061
f 1059 1061 1057
f 13 654 1064
f 168 1063 654
f 275 1064 1063
f 654 1063 1064
f 43 1065 658
f 274 1066 1065
f 168 658 1066
f 1065 1066 658
f 73 1067 1069
f 275 1068 1067
f 274 1069 1068
f 1067 1068 1069
f 168 1066 1063
f 274 1068 1066
f 275 1063 1068
f 1066 1068 1063
f 67 1062 1052
f 273 1070 1062
f 271 1052 1070
f 1062 1070 1052
f 73 1069 1058
f 274 1071 1069
f 273 1058 1071
f 1069 1071 1058
f 43 1055 1065
f 271 1072 1055
f 274 1065 1072
f 1055 1072 1065
f 273 1071 1070
f 274 1072 1071
f 271 1070 1072
f 1071 1072 1070
f 11 1073 1003
f 276 1074 1073
f 259 1003 1074
f 1073 1074 1003
f 74 1075 1077
f 277 1076 1075
f 276 1077 1076
f 1075 1076 1077
f 70 1008 1079
f 259 1078 1008
f 277 1079 1078
f 1008 1078 1079
f 276 1076 1074
f 277 1078 1076
f 259 1074 1078
f 1076 1078 1074
f 22 1080 1082
f 278 1081 1080
f 280 1082 1081
f 1080 1081 1082
f 75 1083 1085
f 279 1084 1083
f 278 1085 1084
f 1083 1084 1085
f 74 1086 1088
f 280 1087 1086
f 279 1088 1087
f 1086 1087 1088
f 278 1084 1081
f 279 1087 1084
f 280 1081 1087
f 1084 1087 1081
f 21 1014 1090
f 264 1089 1014
f 282 1090 1089
f 1014 1089 1090
f 70 1091 1018
f 281 1092 1091
f 264 1018 1092
f 1091 1092 1018
f 75 1093 1095
f 282 1094 1093
f 281 1095 1094
f 1093 1094 1095
f 264 1092 1089
f 281 1094 1092
f 282 1089 1094
f 1092 1094 1089
f 74 1088 1075
f 279 1096 1088
f 277 1075 1096
f 1088 1096 1075
f 75 1095 1083
f 281 1097 1095
f 279 1083 1097
f 1095 1097 1083
f 70 1079 1091
f 277 1098 1079
f 281 1091 1098
f 1079 1098 1091
f 279 1097 1096
f 281 1098 1097
f 277 1096 1098
f 1097 1098 1096
f 12 675 1100
f 174 1099 675
f 284 1100 1099
f 675 1099 1100
f 48 1101 679
f 283 1102 1101
f 174 679 1102
f 1101 1102 679
f 77 1103 1105
f 284 1104 1103
f 283 1105 1104
f 1103 1104 1105
f 174 1102 1099
f 283 1104 1102
f 284 1099 1104
f 1102 1104 1099
f 13 1106 691
f 285 1107 1106
f 178 691 1107
f 1106 1107 691
f 76 1108 1110
f 286 1109 1108
f 285 1110 1109
f 1108 1109 1110
f 48 696 1112
f 178 1111 696
f 286 1112 1111
f 696 1111 1112
f 285 1109 1107
f 286 1111 1109
f 178 1107 1111
f 1109 1111 1107
f 22 1113 1115
f 287 1114 1113
f 289 1115 1114
f 1113 1114 1115
f 77 1116 1118
f 288 1117 1116
f 287 1118 1117
f 1116 1117 1118
f 76 1119 1121
f 289 1120 1119
f 288 1121 1120
f 1119 1120 1121
f 287 1117 1114
f 288 1120 1117
f 289 1114 1120
f 1117 1120 1114
f 48 1112 1101
f 286 1122 1112
f 283 1101 1122
f 1112 1122 1101
f 76 1121 1108
f 288 1123 1121
f 286 1108 1123
f 1121 1123 1108
f 77 1105 1116
f 283 1124 1105
f 288 1116 1124
f 1105 1124 1116
f 286 1123 1122
f 288 1124 1123
f 283 1122 1124
f 1123 1124 1122
f 21 1090 1056
f 282 1125 1090
f 272 1056 1125
f 1090 1125 1056
f 75 1126 1093
f 290 1127 1126
f 282 1093 1127
f 1126 1127 1093
f 73 1060 1129
f 272 1128 1060
f 290 1129 1128
f 1060 1128 1129
f 282 1127 1125
f 290 1128 1127
f 272 1125 1128
f 1127 1128 1125
f 22 1115 1080
f 289 1130 1115
f 278 1080 1130
f 1115 1130 1080
f 76 1131 1119
f 291 1132 1131
f 289 1119 1132
f 1131 1132 1119
f 75 1085 1134
f 278 1133 1085
f 291 1134 1133
f 1085 1133 1134
f 289 1132 1130
f 291 1133 1132
f 278 1130 1133
f 1132 1133 1130
f 13 1064 1106
f 275 1135 1064
f 285 1106 1135
f 1064 1135 1106
f 73 1136 1067
f 292 1137 1136
f 275 1067 1137
f 1136 1137 1067
f 76 1110 1139
f 285 1138 1110
f 292 1139 1138
f 1110 1138 1139
f 275 1137 1135
f 292 1138 1137
f 285 1135 1138
f 1137 1138 1135
f 75 1134 1126
f 291 1140 1134
f 290 1126 1140
f 1134 1140 1126
f 76 1139 1131
f 292 1141 1139
f 291 1131 1141
f 1139 1141 1131
f 73 1129 1136
f 290 1142 1129
f 292 1136 1142
f 1129 1142 1136
f 291 1141 1140
f 292 1142 1141
f 290 1140 1142
f 1141 1142 1140
f 2 805 1144
f 209 1143 805
f 294 1144 1143
f 805 1143 1144
f 58 1145 809
f 293 1146 1145
f 209 809 1146
f 1145 1146 809
f 79 1147 1149
f 294 1148 1147
f 293 1149 1148
f 1147 1148 1149
f 209 1146 1143
f 293 1148 1146
f 294 1143 1148
f 1146 1148 1143
f 16 1150 821
f 295 1151 1150
f 213 821 1151
f 1150 1151 821
f 78 1152 1154
f 296 1153 1152
f 295 1154 1153
f 1152 1153 1154
f 58 826 1156
f 213 1155 826
f 296 1156 1155
f 826 1155 1156
f 295 1153 1151
f 296 1155 1153
f 213 1151 1155
f 1153 1155 1151
f 24 1157 1159
f 297 1158 1157
f 299 1159 1158
f 1157 1158 1159
f 79 1160 1162
f 298 1161 1160
f 297 1162 1161
f 1160 1161 1162
f 78 1163 1165
f 299 1164 1163
f 298 1165 1164
f 1163 1164 1165
f 297 1161 1158
f 298 1164 1161
f 299 1158 1164
f 1161 1164 1158
f 58 1156 1145
f 296 1166 1156
f 293 1145 1166
f 1156 1166 1145
f 78 1165 1152
f 298 1167 1165
f 296 1152 1167
f 1165 1167 1152
f 79 1149 1160
f 293 1168 1149
f 298 1160 1168
f 1149 1168 1160
f 296 1167 1166
f 298 1168 1167
f 293 1166 1168
f 1167 1168 1166
f 6 1169 777
f 300 1170 1169
f 200 777 1170
f 1169 1170 777
f 80 1171 1173
f 301 1172 1171
f 300 1173 1172
f 1171 1172 1173
f 54 781 1175
f 200 1174 781
f 301 1175 1174
f 781 1174 1175
f 300 1172 1170
f 301 1174 1172
f 200 1170 1174
f 1172 1174 1170
f 23 1176 1178
f 302 1177 1176
f 304 1178 1177
f 1176 1177 1178
f 81 1179 1181
f 303 1180 1179
f 302 1181 1180
f 1179 1180 1181
f 80 1182 1184
f 304 1183 1182
f 303 1184 1183
f 1182 1183 1184
f 302 1180 1177
f 303 1183 1180
f 304 1177 1183
f 1180 1183 1177
f 16 786 1186
f 204 1185 786
f 306 1186 1185
f 786 1185 1186
f 54 1187 790
f 305 1188 1187
f 204 790 1188
f 1187 1188 790
f 81 1189 1191
f 306 1190 1189
f 305 1191 1190
f 1189 1190 1191
f 204 1188 1185
f 305 1190 1188
f 306 1185 1190
f 1188 1190 1185
f 80 1184 1171
f 303 1192 1184
f 301 1171 1192
f 1184 1192 1171
f 81 1191 1179
f 305 1193 1191
f 303 1179 1193
f 1191 1193 1179
f 54 1175 1187
f 301 1194 1175
f 305 1187 1194
f 1175 1194 1187
f 303 1193 1192
f 305 1194 1193
f 301 1192 1194
f 1193 1194 1192
f 10 1195 1197
f 307 1196 1195
f 309 1197 1196
f 1195 1196 1197
f 82 1198 1200
f 308 1199 1198
f 307 1200 1199
f 1198 1199 1200
f 84 1201 1203
f 309 1202 1201
f 308 1203 1202
f 1201 1202 1203
f 307 1199 1196
f 308 1202 1199
f 309 1196 1202
f 1199 1202 1196
f 24 1204 1206
f 310 1205 1204
f 312 1206 1205
f 1204 1205 1206
f 83 1207 1209
f 311 1208 1207
f 310 1209 1208
f 1207 1208 1209
f 82 1210 1212
f 312 1211 1210
f 311 1212 1211
f 1210 1211 1212
f 310 1208 1205
f 311 1211 1208
f 312 1205 1211
f 1208 1211 1205
f 23 1213 1215
f 313 1214 1213
f 315 1215 1214
f 1213 1214 1215
f 84 1216 1218
f 314 1217 1216
f 313 1218 1217
f 1216 1217 1218
f 83 1219 1221
f 315 1220 1219
f 314 1221 1220
f 1219 1220 1221
f 313 1217 1214
f 314 1220 1217
f 315 1214 1220
f 1217 1220 1214
f 82 1212 1198
f 311 1222 1212
f 308 1198 1222
f 1212 1222 1198
f 83 1221 1207
f 314 1223 1221
f 311 1207 1223
f 1221 1223 1207
f 84 1203 1216
f 308 1224 1203
f 314 1216 1224
f 1203 1224 1216
f 311 1223 1222
f 314 1224 1223
f 308 1222 1224
f 1223 1224 1222
f 16 1186 1150
f 306 1225 1186
f 295 1150 1225
f 1186 1225 1150
f 81 1226 1189
f 316 1227 1226
f 306 1189 1227
f 1226 1227 1189
f 78 1154 1229
f 295 1228 1154
f 316 1229 1228
f 1154 1228 1229
f 306 1227 1225
f 316 1228 1227
f 295 1225 1228
f 1227 1228 1225
f 23 1215 1176
f 315 1230 1215
f 302 1176 1230
f 1215 1230 1176
f 83 1231 1219
f 317 1232 1231
f 315 1219 1232
f 1231 1232 1219
f 81 1181 1234
f 302 1233 1181
f 317 1234 1233
f 1181 1233 1234
f 315 1232 1230
f 317 1233 1232
f 302 1230 1233
f 1232 1233 1230
f 24 1159 1204
f 299 1235 1159
f 310 1204 1235
f 1159 1235 1204
f 78 1236 1163
f 318 1237 1236
f 299 1163 1237
f 1236 1237 1163
f 83 1209 1239
f 310 1238 1209
f 318 1239 1238
f 1209 1238 1239
f 299 1237 1235
f 318 1238 1237
f 310 1235 1238
f 1237 1238 1235
f 81 1234 1226
f 317 1240 1234
f 316 1226 1240
f 1234 1240 1226
f 83 1239 1231
f 318 1241 1239
f 317 1231 1241
f 1239 1241 1231
f 78 1229 1236
f 316 1242 1229
f 318 1236 1242
f 1229 1242 1236
f 317 1241 1240
f 318 1242 1241
f 316 1240 1242
f 1241 1242 1240
f 6 705 1244
f 183 1243 705
f 320 1244 1243
f 705 1243 1244
f 51 1245 709
f 319 1246 1245
f 183 709 1246
f 1245 1246 709
f 86 1247 1249
f 320 1248 1247
f 319 1249 1248
f 1247 1248 1249
f 183 1246 1243
f 319 1248 1246
f 320 1243 1248
f 1246 1248 1243
f 14 1250 721
f 321 1251 1250
f 187 721 1251
f 1250 1251 721
f 85 1252 1254
f 322 1253 1252
f 321 1254 1253
f 1252 1253 1254
f 51 726 1256
f 187 1255 726
f 322 1256 1255
f 726 1255 1256
f 321 1253 1251
f 322 1255 1253
f 187 1251 1255
f 1253 1255 1251
f 26 1257 1259
f 323 1258 1257
f 325 1259 1258
f 1257 1258 1259
f 86 1260 1262
f 324 1261 1260
f 323 1262 1261
f 1260 1261 1262
f 85 1263 1265
f 325 1264 1263
f 324 1265 1264
f 1263 1264 1265
f 323 1261 1258
f 324 1264 1261
f 325 1258 1264
f 1261 1264 1258
f 51 1256 1245
f 322 1266 1256
f 319 1245 1266
f 1256 1266 1245
f 85 1265 1252
f 324 1267 1265
f 322 1252 1267
f 1265 1267 1252
f 86 1249 1260
f 319 1268 1249
f 324 1260 1268
f 1249 1268 1260
f 322 1267 1266
f 324 1268 1267
f 319 1266 1268
f 1267 1268 1266
f 12 1269 673
f 326 1270 1269
f 172 673 1270
f 1269 1270 673
f 87 1271 1273
f 327 1272 1271
f 326 1273 1272
f 1271 1272 1273
f 46 678 1275
f 172 1274 678
f 327 1275 1274
f 678 1274 1275
f 326 1272 1270
f 327 1274 1272
f 172 1270 1274
f 1272 1274 1270
f 25 1276 1278
f 328 1277 1276
f 330 1278 1277
f 1276 1277 1278
f 88 1279 1281
f 329 1280 1279
f 328 1281 1280
f 1279 1280 1281
f 87 1282 1284
f 330 1283 1282
f 329 1284 1283
f 1282 1283 1284
f 328 1280 1277
f 329 1283 1280
f 330 1277 1283
f 1280 1283 1277
f 14 684 1286
f 177 1285 684
f 332 1286 1285
f 684 1285 1286
f 46 1287 688
f 331 1288 1287
f 177 688 1288
f 1287 1288 688
f 88 1289 1291
f 332 1290 1289
f 331 1291 1290
f 1289 1290 1291
f 177 1288 1285
f 331 1290 1288
f 332 1285 1290
f 1288 1290 1285
f 87 1284 1271
f 329 1292 1284
f 327 1271 1292
f 1284 1292 1271
f 88 1291 1279
f 331 1293 1291
f 329 1279 1293
f 1291 1293 1279
f 46 1275 1287
f 327 1294 1275
f 331 1287 1294
f 1275 1294 1287
f 329 1293 1292
f 331 1294 1293
f 327 1292 1294
f 1293 1294 1292
f 5 1295 1297
f 333 1296 1295
f 335 1297 1296
f 1295 1296 1297
f 89 1298 1300
f 334 1299 1298
f 333 1300 1299
f 1298 1299 1300
f 91 1301 1303
f 335 1302 1301
f 334 1303 1302
f 1301 1302 1303
f 333 1299 1296
f 334 1302 1299
f 335 1296 1302
f 1299 1302 1296
f 26 1304 1306
f 336 1305 1304
f 338 1306 1305
f 1304 1305 1306
f 90 1307 1309
f 337 1308 1307
f 336 1309 1308
f 1307 1308 1309
f 89 1310 1312
f 338 1311 1310
f 337 1312 1311
f 1310 1311 1312
f 336 1308 1305
f 337 1311 1308
f 338 1305 1311
f 1308 1311 1305
f 25 1313 1315
f 339 1314 1313
f 341 1315 1314
f 1313 1314 1315
f 91 1316 1318
f 340 1317 1316
f 339 1318 1317
f 1316 1317 1318
f 90 1319 1321
f 341 1320 1319
f 340 1321 1320
f 1319 1320 1321
f 339 1317 1314
f 340 1320 1317
f 341 1314 1320
f 1317 1320 1314
f 89 1312 1298
f 337 1322 1312
f 334 1298 1322
f 1312 1322 1298
f 90 1321 1307
f 340 1323 1321
f 337 1307 1323
f 1321 1323 1307
f 91 1303 1316
f 334 1324 1303
f 340 1316 1324
f 1303 1324 1316
f 337 1323 1322
f 340 1324 1323
f 334 1322 1324
f 1323 1324 1322
f 14 1286 1250
f 332 1325 1286
f 321 1250 1325
f 1286 1325 1250
f 88 1326 1289
f 342 1327 1326
f 332 1289 1327
f 1326 1327 1289
f 85 1254 1329
f 321 1328 1254
f 342 1329 1328
f 1254 1328 1329
f 332 1327 1325
f 342 1328 1327
f 321 1325 1328
f 1327 1328 1325
f 25 1315 1276
f 341 1330 1315
f 328 1276 1330
f 1315 1330 1276
f 90 1331 1319
f 343 1332 1331
f 341 1319 1332
f 1331 1332 1319
f 88 1281 1334
f 328 1333 1281
f 343 1334 1333
f 1281 1333 1334
f 341 1332 1330
f 343 1333 1332
f 328 1330 1333
f 1332 1333 1330
f 26 1259 1304
f 325 1335 1259
f 336 1304 1335
f 1259 1335 1304
f 85 1336 1263
f 344 1337 1336
f 325 1263 1337
f 1336 1337 1263
f 90 1309 1339
f 336 1338 1309
f 344 1339 1338
f 1309 1338 1339
f 325 1337 1335
f 344 1338 1337
f 336 1335 1338
f 1337 1338 1335
f 88 1334 1326
f 343 1340 1334
f 342 1326 1340
f 1334 1340 1326
f 90 1339 1331
f 344 1341 1339
f 343 1331 1341
f 1339 1341 1331
f 85 1329 1336
f 342 1342 1329
f 344 1336 1342
f 1329 1342 1336
f 343 1341 1340
f 344 1342 1341
f 342 1340 1342
f 1341 1342 1340
f 12 1100 1344
f 284 1343 1100
f 346 1344 1343
f 1100 1343 1344
f 77 1345 1103
f 345 1346 1345
f 284 1103 1346
f 1345 1346 1103
f 93 1347 1349
f 346 1348 1347
f 345 1349 1348
f 1347 1348 1349
f 284 1346 1343
f 345 1348 1346
f 346 1343 1348
f 1346 1348 1343
f 22 1350 1113
f 347 1351 1350
f 287 1113 1351
f 1350 1351 1113
f 92 1352 1354
f 348 1353 1352
f 347 1354 1353
f 1352 1353 1354
f 77 1118 1356
f 287 1355 1118
f 348 1356 1355
f 1118 1355 1356
f 347 1353 1351
f 348 1355 1353
f 287 1351 1355
f 1353 1355 1351
f 28 1357 1359
f 349 1358 1357
f 351 1359 1358
f 1357 1358 1359
f 93 1360 1362
f 350 1361 1360
f 349 1362 1361
f 1360 1361 1362
f 92 1363 1365
f 351 1364 1363
f 350 1365 1364
f 1363 1364 1365
f 349 1361 1358
f 350 1364 1361
f 351 1358 1364
f 1361 1364 1358
f 77 1356 1345
f 348 1366 1356
f 345 1345 1366
f 1356 1366 1345
f 92 1365 1352
f 350 1367 1365
f 348 1352 1367
f 1365 1367 1352
f 93 1349 1360
f 345 1368 1349
f 350 1360 1368
f 1349 1368 1360
f 348 1367 1366
f 350 1368 1367
f 345 1366 1368
f 1367 1368 1366
f 11 1369 1073
f 352 1370 1369
f 276 1073 1370
f 1369 1370 1073
f 94 1371 1373
f 353 1372 1371
f 352 1373 1372
f 1371 1372 1373
f 74 1077 1375
f 276 1374 1077
f 353 1375 1374
f 1077 1374 1375
f 352 1372 1370
f 353 1374 1372
f 276 1370 1374
f 1372 1374 1370
f 27 1376 1378
f 354 1377 1376
f 356 1378 1377
f 1376 1377 1378
f 95 1379 1381
f 355 1380 1379
f 354 1381 1380
f 1379 1380 1381
f 94 1382 1384
f 356 1383 1382
f 355 1384 1383
f 1382 1383 1384
f 354 1380 1377
f 355 1383 1380
f 356 1377 1383
f 1380 1383 1377
f 22 1082 1386
f 280 1385 1082
f 358 1386 1385
f 1082 1385 1386
f 74 1387 1086
f 357 1388 1387
f 280 1086 1388
f 1387 1388 1086
f 95 1389 1391
f 358 1390 1389
f 357 1391 1390
f 1389 1390 1391
f 280 1388 1385
f 357 1390 1388
f 358 1385 1390
f 1388 1390 1385
f 94 1384 1371
f 355 1392 1384
f 353 1371 1392
f 1384 1392 1371
f 95 1391 1379
f 357 1393 1391
f 355 1379 1393
f 1391 1393 1379
f 74 1375 1387
f 353 1394 1375
f 357 1387 1394
f 1375 1394 1387
f 355 1393 1392
f 357 1394 1393
f 353 1392 1394
f 1393 1394 1392
f 3 1395 1397
f 359 1396 1395
f 361 1397 1396
f 1395 1396 1397
f 96 1398 1400
f 360 1399 1398
f 359 1400 1399
f 1398 1399 1400
f 98 1401 1403
f 361 1402 1401
f 360 1403 1402
f 1401 1402 1403
f 359 1399 1396
f 360 1402 1399
f 361 1396 1402
f 1399 1402 1396
f 28 1404 1406
f 362 1405 1404
f 364 1406 1405
f 1404 1405 1406
f 97 1407 1409
f 363 1408 1407
f 362 1409 1408
f 1407 1408 1409
f 96 1410 1412
f 364 1411 1410
f 363 1412 1411
f 1410 1411 1412
f 362 1408 1405
f 363 1411 1408
f 364 1405 1411
f 1408 1411 1405
f 27 1413 1415
f 365 1414 1413
f 367 1415 1414
f 1413 1414 1415
f 98 1416 1418
f 366 1417 1416
f 365 1418 1417
f 1416 1417 1418
f 97 1419 1421
f 367 1420 1419
f 366 1421 1420
f 1419 1420 1421
f 365 1417 1414
f 366 1420 1417
f 367 1414 1420
f 1417 1420 1414
f 96 1412 1398
f 363 1422 1412
f 360 1398 1422
f 1412 1422 1398
f 97 1421 1407
f 366 1423 1421
f 363 1407 1423
f 1421 1423 1407
f 98 1403 1416
f 360 1424 1403
f 366 1416 1424
f 1403 1424 1416
f 363 1423 1422
f 366 1424 1423
f 360 1422 1424
f 1423 1424 1422
f 22 1386 1350
f 358 1425 1386
f 347 1350 1425
f 1386 1425 1350
f 95 1426 1389
f 368 1427 1426
f 358 1389 1427
f 1426 1427 1389
f 92 1354 1429
f 347 1428 1354
f 368 1429 1428
f 1354 1428 1429
f 358 1427 1425
f 368 1428 1427
f 347 1425 1428
f 1427 1428 1425
f 27 1415 1376
f 367 1430 1415
f 354 1376 1430
f 1415 1430 1376
f 97 1431 1419
f 369 1432 1431
f 367 1419 1432
f 1431 1432 1419
f 95 1381 1434
f 354 1433 1381
f 369 1434 1433
f 1381 1433 1434
f 367 1432 1430
f 369 1433 1432
f 354 1430 1433
f 1432 1433 1430
f 28 1359 1404
f 351 1435 1359
f 362 1404 1435
f 1359 1435 1404
f 92 1436 1363
f 370 1437 1436
f 351 1363 1437
f 1436 1437 1363
f 97 1409 1439
f 362 1438 1409
f 370 1439 1438
f 1409 1438 1439
f 351 1437 1435
f 370 1438 1437
f 362 1435 1438
f 1437 1438 1435
f 95 1434 1426
f 369 1440 1434
f 368 1426 1440
f 1434 1440 1426
f 97 1439 1431
f 370 1441 1439
f 369 1431 1441
f 1439 1441 1431
f 92 1429 1436
f 368 1442 1429
f 370 1436 1442
f 1429 1442 1436
f 369 1441 1440
f 370 1442 1441
f 368 1440 1442
f 1441 1442 1440
f 11 1005 1444
f 261 1443 1005
f 372 1444 1443
f 1005 1443 1444
f 72 1445 1009
f 371 1446 1445
f 261 1009 1446
f 1445 1446 1009
f 100 1447 1449
f 372 1448 1447
f 371 1449 1448
f 1447 1448 1449
f 261 1446 1443
f 371 1448 1446
f 372 1443 1448
f 1446 1448 1443
f 20 1450 1021
f 373 1451 1450
f 265 1021 1451
f 1450 1451 1021
f 99 1452 1454
f 374 1453 1452
f 373 1454 1453
f 1452 1453 1454
f 72 1026 1456
f 265 1455 1026
f 374 1456 1455
f 1026 1455 1456
f 373 1453 1451
f 374 1455 1453
f 265 1451 1455
f 1453 1455 1451
f 30 1457 1459
f 375 1458 1457
f 377 1459 1458
f 1457 1458 1459
f 100 1460 1462
f 376 1461 1460
f 375 1462 1461
f 1460 1461 1462
f 99 1463 1465
f 377 1464 1463
f 376 1465 1464
f 1463 1464 1465
f 375 1461 1458
f 376 1464 1461
f 377 1458 1464
f 1461 1464 1458
f 72 1456 1445
f 374 1466 1456
f 371 1445 1466
f 1456 1466 1445
f 99 1465 1452
f 376 1467 1465
f 374 1452 1467
f 1465 1467 1452
f 100 1449 1460
f 371 1468 1449
f 376 1460 1468
f 1449 1468 1460
f 374 1467 1466
f 376 1468 1467
f 371 1466 1468
f 1467 1468 1466
f 8 1469 977
f 378 1470 1469
f 252 977 1470
f 1469 1470 977
f 101 1471 1473
f 379 1472 1471
f 378 1473 1472
f 1471 1472 1473
f 68 981 1475
f 252 1474 981
f 379 1475 1474
f 981 1474 1475
f 378 1472 1470
f 379 1474 1472
f 252 1470 1474
f 1472 1474 1470
f 29 1476 1478
f 380 1477 1476
f 382 1478 1477
f 1476 1477 1478
f 102 1479 1481
f 381 1480 1479
f 380 1481 1480
f 1479 1480 1481
f 101 1482 1484
f 382 1483 1482
f 381 1484 1483
f 1482 1483 1484
f 380 1480 1477
f 381 1483 1480
f 382 1477 1483
f 1480 1483 1477
f 20 986 1486
f 256 1485 986
f 384 1486 1485
f 986 1485 1486
f 68 1487 990
f 383 1488 1487
f 256 990 1488
f 1487 1488 990
f 102 1489 1491
f 384 1490 1489
f 383 1491 1490
f 1489 1490 1491
f 256 1488 1485
f 383 1490 1488
f 384 1485 1490
f 1488 1490 1485
f 101 1484 1471
f 381 1492 1484
f 379 1471 1492
f 1484 1492 1471
f 102 1491 1479
f 383 1493 1491
f 381 1479 1493
f 1491 1493 1479
f 68 1475 1487
f 379 1494 1475
f 383 1487 1494
f 1475 1494 1487
f 381 1493 1492
f 383 1494 1493
f 379 1492 1494
f 1493 1494 1492
f 7 1495 1497
f 385 1496 1495
f 387 1497 1496
f 1495 1496 1497
f 103 1498 1500
f 386 1499 1498
f 385 1500 1499
f 1498 1499 1500
f 105 1501 1503
f 387 1502 1501
f 386 1503 1502
f 1501 1502 1503
f 385 1499 1496
f 386 1502 1499
f 387 1496 1502
f 1499 1502 1496
f 30 1504 1506
f 388 1505 1504
f 390 1506 1505
f 1504 1505 1506
f 104 1507 1509
f 389 1508 1507
f 388 1509 1508
f 1507 1508 1509
f 103 1510 1512
f 390 1511 1510
f 389 1512 1511
f 1510 1511 1512
f 388 1508 1505
f 389 1511 1508
f 390 1505 1511
f 1508 1511 1505
f 29 1513 1515
f 391 1514 1513
f 393 1515 1514
f 1513 1514 1515
f 105 1516 1518
f 392 1517 1516
f 391 1518 1517
f 1516 1517 1518
f 104 1519 1521
f 393 1520 1519
f 392 1521 1520
f 1519 1520 1521
f 391 1517 1514
f 392 1520 1517
f 393 1514 1520
f 1517 1520 1514
f 103 1512 1498
f 389 1522 1512
f 386 1498 1522
f 1512 1522 1498
f 104 1521 1507
f 392 1523 1521
f 389 1507 1523
f 1521 1523 1507
f 105 1503 1516
f 386 1524 1503
f 392 1516 1524
f 1503 1524 1516
f 389 1523 1522
f 392 1524 1523
f 386 1522 1524
f 1523 1524 1522
f 20 1486 1450
f 384 1525 1486
f 373 1450 1525
f 1486 1525 1450
f 102 1526 1489
f 394 1527 1526
f 384 1489 1527
f 1526 1527 1489
f 99 1454 1529
f 373 1528 1454
f 394 1529 1528
f 1454 1528 1529
f 384 1527 1525
f 394 1528 1527
f 373 1525 1528
f 1527 1528 1525
f 29 1515 1476
f 393 1530 1515
f 380 1476 1530
f 1515 1530 1476
f 104 1531 1519
f 395 1532 1531
f 393 1519 1532
f 1531 1532 1519
f 102 1481 1534
f 380 1533 1481
f 395 1534 1533
f 1481 1533 1534
f 393 1532 1530
f 395 1533 1532
f 380 1530 1533
f 1532 1533 1530
f 30 1459 1504
f 377 1535 1459
f 388 1504 1535
f 1459 1535 1504
f 99 1536 1463
f 396 1537 1536
f 377 1463 1537
f 1536 1537 1463
f 104 1509 1539
f 388 1538 1509
f 396 1539 1538
f 1509 1538 1539
f 377 1537 1535
f 396 1538 1537
f 388 1535 1538
f 1537 1538 1535
f 102 1534 1526
f 395 1540 1534
f 394 1526 1540
f 1534 1540 1526
f 104 1539 1531
f 396 1541 1539
f 395 1531 1541
f 1539 1541 1531
f 99 1529 1536
f 394 1542 1529
f 396 1536 1542
f 1529 1542 1536
f 395 1541 1540
f 396 1542 1541
f 394 1540 1542
f 1541 1542 1540
f 8 905 1544
f 235 1543 905
f 398 1544 1543
f 905 1543 1544
f 65 1545 909
f 397 1546 1545
f 235 909 1546
f 1545 1546 909
f 107 1547 1549
f 398 1548 1547
f 397 1549 1548
f 1547 1548 1549
f 235 1546 1543
f 397 1548 1546
f 398 1543 1548
f 1546 1548 1543
f 18 1550 921
f 399 1551 1550
f 239 921 1551
f 1550 1551 921
f 106 1552 1554
f 400 1553 1552
f 399 1554 1553
f 1552 1553 1554
f 65 926 1556
f 239 1555 926
f 400 1556 1555
f 926 1555 1556
f 399 1553 1551
f 400 1555 1553
f 239 1551 1555
f 1553 1555 1551
f 32 1557 1559
f 401 1558 1557
f 403 1559 1558
f 1557 1558 1559
f 107 1560 1562
f 402 1561 1560
f 401 1562 1561
f 1560 1561 1562
f 106 1563 1565
f 403 1564 1563
f 402 1565 1564
f 1563 1564 1565
f 401 1561 1558
f 402 1564 1561
f 403 1558 1564
f 1561 1564 1558
f 65 1556 1545
f 400 1566 1556
f 397 1545 1566
f 1556 1566 1545
f 106 1565 1552
f 402 1567 1565
f 400 1552 1567
f 1565 1567 1552
f 107 1549 1560
f 397 1568 1549
f 402 1560 1568
f 1549 1568 1560
f 400 1567 1566
f 402 1568 1567
f 397 1566 1568
f 1567 1568 1566
f 2 1569 877
f 404 1570 1569
f 226 877 1570
f 1569 1570 877
f 108 1571 1573
f 405 1572 1571
f 404 1573 1572
f 1571 1572 1573
f 61 881 1575
f 226 1574 881
f 405 1575 1574
f 881 1574 1575
f 404 1572 1570
f 405 1574 1572
f 226 1570 1574
f 1572 1574 1570
f 31 1576 1578
f 406 1577 1576
f 408 1578 1577
f 1576 1577 1578
f 109 1579 1581
f 407 1580 1579
f 406 1581 1580
f 1579 1580 1581
f 108 1582 1584
f 408 1583 1582
f 407 1584 1583
f 1582 1583 1584
f 406 1580 1577
f 407 1583 1580
f 408 1577 1583
f 1580 1583 1577
f 18 886 1586
f 230 1585 886
f 410 1586 1585
f 886 1585 1586
f 61 1587 890
f 409 1588 1587
f 230 890 1588
f 1587 1588 890
f 109 1589 1591
f 410 1590 1589
f 409 1591 1590
f 1589 1590 1591
f 230 1588 1585
f 409 1590 1588
f 410 1585 1590
f 1588 1590 1585
f 108 1584 1571
f 407 1592 1584
f 405 1571 1592
f 1584 1592 1571
f 109 1591 1579
f 409 1593 1591
f 407 1579 1593
f 1591 1593 1579
f 61 1575 1587
f 405 1594 1575
f 409 1587 1594
f 1575 1594 1587
f 407 1593 1592
f 409 1594 1593
f 405 1592 1594
f 1593 1594 1592
f 9 1595 1597
f 411 1596 1595
f 413 1597 1596
f 1595 1596 1597
f 110 1598 1600
f 412 1599 1598
f 411 1600 1599
f 1598 1599 1600
f 112 1601 1603
f 413 1602 1601
f 412 1603 1602
f 1601 1602 1603
f 411 1599 1596
f 412 1602 1599
f 413 1596 1602
f 1599 1602 1596
f 32 1604 1606
f 414 1605 1604
f 416 1606 1605
f 1604 1605 1606
f 111 1607 1609
f 415 1608 1607
f 414 1609 1608
f 1607 1608 1609
f 110 1610 1612
f 416 1611 1610
f 415 1612 1611
f 1610 1611 1612
f 414 1608 1605
f 415 1611 1608
f 416 1605 1611
f 1608 1611 1605
f 31 1613 1615
f 417 1614 1613
f 419 1615 1614
f 1613 1614 1615
f 112 1616 1618
f 418 1617 1616
f 417 1618 1617
f 1616 1617 1618
f 111 1619 1621
f 419 1620 1619
f 418 1621 1620
f 1619 1620 1621
f 417 1617 1614
f 418 1620 1617
f 419 1614 1620
f 1617 1620 1614
f 110 1612 1598
f 415 1622 1612
f 412 1598 1622
f 1612 1622 1598
f 111 1621 1607
f 418 1623 1621
f 415 1607 1623
f 1621 1623 1607
f 112 1603 1616
f 412 1624 1603
f 418 1616 1624
f 1603 1624 1616
f 415 1623 1622
f 418 1624 1623
f 412 1622 1624
f 1623 1624 1622
f 18 1586 1550
f 410 1625 1586
f 399 1550 1625
f 1586 1625 1550
f 109 1626 1589
f 420 1627 1626
f 410 1589 1627
f 1626 1627 1589
f 106 1554 1629
f 399 1628 1554
f 420 1629 1628
f 1554 1628 1629
f 410 1627 1625
f 420 1628 1627
f 399 1625 1628
f 1627 1628 1625
f 31 1615 1576
f 419 1630 1615
f 406 1576 1630
f 1615 1630 1576
f 111 1631 1619
f 421 1632 1631
f 419 1619 1632
f 1631 1632 1619
f 109 1581 1634
f 406 1633 1581
f 421 1634 1633
f 1581 1633 1634
f 419 1632 1630
f 421 1633 1632
f 406 1630 1633
f 1632 1633 1630
f 32 1559 1604
f 403 1635 1559
f 414 1604 1635
f 1559 1635 1604
f 106 1636 1563
f 422 1637 1636
f 403 1563 1637
f 1636 1637 1563
f 111 1609 1639
f 414 1638 1609
f 422 1639 1638
f 1609 1638 1639
f 403 1637 1635
f 422 1638 1637
f 414 1635 1638
f 1637 1638 1635
f 109 1634 1626
f 421 1640 1634
f 420 1626 1640
f 1634 1640 1626
f 111 1639 1631
f 422 1641 1639
f 421 1631 1641
f 1639 1641 1631
f 106 1629 1636
f 420 1642 1629
f 422 1636 1642
f 1629 1642 1636
f 421 1641 1640
f 422 1642 1641
f 420 1640 1642
f 1641 1642 1640
f 4 1643 1645
f 423 1644 1643
f 425 1645 1644
f 1643 1644 1645
f 113 1646 1648
f 424 1647 1646
f 423 1648 1647
f 1646 1647 1648
f 115 1649 1651
f 425 1650 1649
f 424 1651 1650
f 1649 1650 1651
f 423 1647 1644
f 424 1650 1647
f 425 1644 1650
f 1647 1650 1644
f 33 1652 1654
f 426 1653 1652
f 428 1654 1653
f 1652 1653 1654
f 114 1655 1657
f 427 1656 1655
f 426 1657 1656
f 1655 1656 1657
f 113 1658 1660
f 428 1659 1658
f 427 1660 1659
f 1658 1659 1660
f 426 1656 1653
f 427 1659 1656
f 428 1653 1659
f 1656 1659 1653
f 35 1661 1663
f 429 1662 1661
f 431 1663 1662
f 1661 1662 1663
f 115 1664 1666
f 430 1665 1664
f 429 1666 1665
f 1664 1665 1666
f 114 1667 1669
f 431 1668 1667
f 430 1669 1668
f 1667 1668 1669
f 429 1665 1662
f 430 1668 1665
f 431 1662 1668
f 1665 1668 1662
f 113 1660 1646
f 427 1670 1660
f 424 1646 1670
f 1660 1670 1646
f 114 1669 1655
f 430 1671 1669
f 427 1655 1671
f 1669 1671 1655
f 115 1651 1664
f 424 1672 1651
f 430 1664 1672
f 1651 1672 1664
f 427 1671 1670
f 430 1672 1671
f 424 1670 1672
f 1671 1672 1670
f 10 1673 1675
f 432 1674 1673
f 434 1675 1674
f 1673 1674 1675
f 116 1676 1678
f 433 1677 1676
f 432 1678 1677
f 1676 1677 1678
f 118 1679 1681
f 434 1680 1679
f 433 1681 1680
f 1679 1680 1681
f 432 1677 1674
f 433 1680 1677
f 434 1674 1680
f 1677 1680 1674
f 34 1682 1684
f 435 1683 1682
f 437 1684 1683
f 1682 1683 1684
f 117 1685 1687
f 436 1686 1685
f 435 1687 1686
f 1685 1686 1687
f 116 1688 1690
f 437 1689 1688
f 436 1690 1689
f 1688 1689 1690
f 435 1686 1683
f 436 1689 1686
f 437 1683 1689
f 1686 1689 1683
f 33 1691 1693
f 438 1692 1691
f 440 1693 1692
f 1691 1692 1693
f 118 1694 1696
f 439 1695 1694
f 438 1696 1695
f 1694 1695 1696
f 117 1697 1699
f 440 1698 1697
f 439 1699 1698
f 1697 1698 1699
f 438 1695 1692
f 439 1698 1695
f 440 1692 1698
f 1695 1698 1692
f 116 1690 1676
f 436 1700 1690
f 433 1676 1700
f 1690 1700 1676
f 117 1699 1685
f 439 1701 1699
f 436 1685 1701
f 1699 1701 1685
f 118 1681 1694
f 433 1702 1681
f 439 1694 1702
f 1681 1702 1694
f 436 1701 1700
f 439 1702 1701
f 433 1700 1702
f 1701 1702 1700
f 5 1703 1705
f 441 1704 1703
f 443 1705 1704
f 1703 1704 1705
f 119 1706 1708
f 442 1707 1706
f 441 1708 1707
f 1706 1707 1708
f 121 1709 1711
f 443 1710 1709
f 442 1711 1710
f 1709 1710 1711
f 441 1707 1704
f 442 1710 1707
f 443 1704 1710
f 1707 1710 1704
f 35 1712 1714
f 444 1713 1712
f 446 1714 1713
f 1712 1713 1714
f 120 1715 1717
f 445 1716 1715
f 444 1717 1716
f 1715 1716 1717
f 119 1718 1720
f 446 1719 1718
f 445 1720 1719
f 1718 1719 1720
f 444 1716 1713
f 445 1719 1716
f 446 1713 1719
f 1716 1719 1713
f 34 1721 1723
f 447 1722 1721
f 449 1723 1722
f 1721 1722 1723
f 121 1724 1726
f 448 1725 1724
f 447 1726 1725
f 1724 1725 1726
f 120 1727 1729
f 449 1728 1727
f 448 1729 1728
f 1727 1728 1729
f 447 1725 1722
f 448 1728 1725
f 449 1722 1728
f 1725 1728 1722
f 119 1720 1706
f 445 1730 1720
f 442 1706 1730
f 1720 1730 1706
f 120 1729 1715
f 448 1731 1729
f 445 1715 1731
f 1729 1731 1715
f 121 1711 1724
f 442 1732 1711
f 448 1724 1732
f 1711 1732 1724
f 445 1731 1730
f 448 1732 1731
f 442 1730 1732
f 1731 1732 1730
f 33 1693 1652
f 440 1733 1693
f 426 1652 1733
f 1693 1733 1652
f 117 1734 1697
f 450 1735 1734
f 440 1697 1735
f 1734 1735 1697
f 114 1657 1737
f 426 1736 1657
f 450 1737 1736
f 1657 1736 1737
f 440 1735 1733
f 450 1736 1735
f 426 1733 1736
f 1735 1736 1733
f 34 1723 1682
f 449 1738 1723
f 435 1682 1738
f 1723 1738 1682
f 120 1739 1727
f 451 1740 1739
f 449 1727 1740
f 1739 1740 1727
f 117 1687 1742
f 435 1741 1687
f 451 1742 1741
f 1687 1741 1742
f 449 1740 1738
f 451 1741 1740
f 435 1738 1741
f 1740 1741 1738
f 35 1663 1712
f 431 1743 1663
f 444 1712 1743
f 1663 1743 1712
f 114 1744 1667
f 452 1745 1744
f 431 1667 1745
f 1744 1745 1667
f 120 1717 1747
f 444 1746 1717
f 452 1747 1746
f 1717 1746 1747
f 431 1745 1743
f 452 1746 1745
f 444 1743 1746
f 1745 1746 1743
f 117 1742 1734
f 451 1748 1742
f 450 1734 1748
f 1742 1748 1734
f 120 1747 1739
f 452 1749 1747
f 451 1739 1749
f 1747 1749 1739
f 114 1737 1744
f 450 1750 1737
f 452 1744 1750
f 1737 1750 1744
f 451 1749 1748
f 452 1750 1749
f 450 1748 1750
f 1749 1750 1748
f 4 1645 1752
f 425 1751 1645
f 454 1752 1751
f 1645 1751 1752
f 115 1753 1649
f 453 1754 1753
f 425 1649 1754
f 1753 1754 1649
f 123 1755 1757
f 454 1756 1755
f 453 1757 1756
f 1755 1756 1757
f 425 1754 1751
f 453 1756 1754
f 454 1751 1756
f 1754 1756 1751
f 35 1758 1661
f 455 1759 1758
f 429 1661 1759
f 1758 1759 1661
f 122 1760 1762
f 456 1761 1760
f 455 1762 1761
f 1760 1761 1762
f 115 1666 1764
f 429 1763 1666
f 456 1764 1763
f 1666 1763 1764
f 455 1761 1759
f 456 1763 1761
f 429 1759 1763
f 1761 1763 1759
f 37 1765 1767
f 457 1766 1765
f 459 1767 1766
f 1765 1766 1767
f 123 1768 1770
f 458 1769 1768
f 457 1770 1769
f 1768 1769 1770
f 122 1771 1773
f 459 1772 1771
f 458 1773 1772
f 1771 1772 1773
f 457 1769 1766
f 458 1772 1769
f 459 1766 1772
f 1769 1772 1766
f 115 1764 1753
f 456 1774 1764
f 453 1753 1774
f 1764 1774 1753
f 122 1773 1760
f 458 1775 1773
f 456 1760 1775
f 1773 1775 1760
f 123 1757 1768
f 453 1776 1757
f 458 1768 1776
f 1757 1776 1768
f 456 1775 1774
f 458 1776 1775
f 453 1774 1776
f 1775 1776 1774
f 5 1777 1703
f 460 1778 1777
f 441 1703 1778
f 1777 1778 1703
f 124 1779 1781
f 461 1780 1779
f 460 1781 1780
f 1779 1780 1781
f 119 1708 1783
f 441 1782 1708
f 461 1783 1782
f 1708 1782 1783
f 460 1780 1778
f 461 1782 1780
f 441 1778 1782
f 1780 1782 1778
f 36 1784 1786
f 462 1785 1784
f 464 1786 1785
f 1784 1785 1786
f 125 1787 1789
f 463 1788 1787
f 462 1789 1788
f 1787 1788 1789
f 124 1790 1792
f 464 1791 1790
f 463 1792 1791
f 1790 1791 1792
f 462 1788 1785
f 463 1791 1788
f 464 1785 1791
f 1788 1791 1785
f 35 1714 1794
f 446 1793 1714
f 466 1794 1793
f 1714 1793 1794
f 119 1795 1718
f 465 1796 1795
f 446 1718 1796
f 1795 1796 1718
f 125 1797 1799
f 466 1798 1797
f 465 1799 1798
f 1797 1798 1799
f 446 1796 1793
f 465 1798 1796
f 466 1793 1798
f 1796 1798 1793
f 124 1792 1779
f 463 1800 1792
f 461 1779 1800
f 1792 1800 1779
f 125 1799 1787
f 465 1801 1799
f 463 1787 1801
f 1799 1801 1787
f 119 1783 1795
f 461 1802 1783
f 465 1795 1802
f 1783 1802 1795
f 463 1801 1800
f 465 1802 1801
f 461 1800 1802
f 1801 1802 1800
f 3 1803 1805
f 467 1804 1803
f 469 1805 1804
f 1803 1804 1805
f 126 1806 1808
f 468 1807 1806
f 467 1808 1807
f 1806 1807 1808
f 128 1809 1811
f 469 1810 1809
f 468 1811 1810
f 1809 1810 1811
f 467 1807 1804
f 468 1810 1807
f 469 1804 1810
f 1807 1810 1804
f 37 1812 1814
f 470 1813 1812
f 472 1814 1813
f 1812 1813 1814
f 127 1815 1817
f 471 1816 1815
f 470 1817 1816
f 1815 1816 1817
f 126 1818 1820
f 472 1819 1818
f 471 1820 1819
f 1818 1819 1820
f 470 1816 1813
f 471 1819 1816
f 472 1813 1819
f 1816 1819 1813
f 36 1821 1823
f 473 1822 1821
f 475 1823 1822
f 1821 1822 1823
f 128 1824 1826
f 474 1825 1824
f 473 1826 1825
f 1824 1825 1826
f 127 1827 1829
f 475 1828 1827
f 474 1829 1828
f 1827 1828 1829
f 473 1825 1822
f 474 1828 1825
f 475 1822 1828
f 1825 1828 1822
f 126 1820 1806
f 471 1830 1820
f 468 1806 1830
f 1820 1830 1806
f 127 1829 1815
f 474 1831 1829
f 471 1815 1831
f 1829 1831 1815
f 128 1811 1824
f 468 1832 1811
f 474 1824 1832
f 1811 1832 1824
f 471 1831 1830
f 474 1832 1831
f 468 1830 1832
f 1831 1832 1830
f 35 1794 1758
f 466 1833 1794
f 455 1758 1833
f 1794 1833 1758
f 125 1834 1797
f 476 1835 1834
f 466 1797 1835
f 1834 1835 1797
f 122 1762 1837
f 455 1836 1762
f 476 1837 1836
f 1762 1836 1837
f 466 1835 1833
f 476 1836 1835
f 455 1833 1836
f 1835 1836 1833
f 36 1823 1784
f 475 1838 1823
f 462 1784 1838
f 1823 1838 1784
f 127 1839 1827
f 477 1840 1839
f 475 1827 1840
f 1839 1840 1827
f 125 1789 1842
f 462 1841 1789
f 477 1842 1841
f 1789 1841 1842
f 475 1840 1838
f 477 1841 1840
f 462 1838 1841
f 1840 1841 1838
f 37 1767 1812
f 459 1843 1767
f 470 1812 1843
f 1767 1843 1812
f 122 1844 1771
f 478 1845 1844
f 459 1771 1845
f 1844 1845 1771
f 127 1817 1847
f 470 1846 1817
f 478 1847 1846
f 1817 1846 1847
f 459 1845 1843
f 478 1846 1845
f 470 1843 1846
f 1845 1846 1843
f 125 1842 1834
f 477 1848 1842
f 476 1834 1848
f 1842 1848 1834
f 127 1847 1839
f 478 1849 1847
f 477 1839 1849
f 1847 1849 1839
f 122 1837 1844
f 476 1850 1837
f 478 1844 1850
f 1837 1850 1844
f 477 1849 1848
f 478 1850 1849
f 476 1848 1850
f 1849 1850 1848
f 4 1752 1852
f 454 1851 1752
f 480 1852 1851
f 1752 1851 1852
f 123 1853 1755
f 479 1854 1853
f 454 1755 1854
f 1853 1854 1755
f 130 1855 1857
f 480 1856 1855
f 479 1857 1856
f 1855 1856 1857
f 454 1854 1851
f 479 1856 1854
f 480 1851 1856
f 1854 1856 1851
f 37 1858 1765
f 481 1859 1858
f 457 1765 1859
f 1858 1859 1765
f 129 1860 1862
f 482 1861 1860
f 481 1862 1861
f 1860 1861 1862
f 123 1770 1864
f 457 1863 1770
f 482 1864 1863
f 1770 1863 1864
f 481 1861 1859
f 482 1863 1861
f 457 1859 1863
f 1861 1863 1859
f 39 1865 1867
f 483 1866 1865
f 485 1867 1866
f 1865 1866 1867
f 130 1868 1870
f 484 1869 1868
f 483 1870 1869
f 1868 1869 1870
f 129 1871 1873
f 485 1872 1871
f 484 1873 1872
f 1871 1872 1873
f 483 1869 1866
f 484 1872 1869
f 485 1866 1872
f 1869 1872 1866
f 123 1864 1853
f 482 1874 1864
f 479 1853 1874
f 1864 1874 1853
f 129 1873 1860
f 484 1875 1873
f 482 1860 1875
f 1873 1875 1860
f 130 1857 1868
f 479 1876 1857
f 484 1868 1876
f 1857 1876 1868
f 482 1875 1874
f 484 1876 1875
f 479 1874 1876
f 1875 1876 1874
f 3 1877 1803
f 486 1878 1877
f 467 1803 1878
f 1877 1878 1803
f 131 1879 1881
f 487 1880 1879
f 486 1881 1880
f 1879 1880 1881
f 126 1808 1883
f 467 1882 1808
f 487 1883 1882
f 1808 1882 1883
f 486 1880 1878
f 487 1882 1880
f 467 1878 1882
f 1880 1882 1878
f 38 1884 1886
f 488 1885 1884
f 490 1886 1885
f 1884 1885 1886
f 132 1887 1889
f 489 1888 1887
f 488 1889 1888
f 1887 1888 1889
f 131 1890 1892
f 490 1891 1890
f 489 1892 1891
f 1890 1891 1892
f 488 1888 1885
f 489 1891 1888
f 490 1885 1891
f 1888 1891 1885
f 37 1814 1894
f 472 1893 1814
f 492 1894 1893
f 1814 1893 1894
f 126 1895 1818
f 491 1896 1895
f 472 1818 1896
f 1895 1896 1818
f 132 1897 1899
f 492 1898 1897
f 491 1899 1898
f 1897 1898 1899
f 472 1896 1893
f 491 1898 1896
f 492 1893 1898
f 1896 1898 1893
f 131 1892 1879
f 489 1900 1892
f 487 1879 1900
f 1892 1900 1879
f 132 1899 1887
f 491 1901 1899
f 489 1887 1901
f 1899 1901 1887
f 126 1883 1895
f 487 1902 1883
f 491 1895 1902
f 1883 1902 1895
f 489 1901 1900
f 491 1902 1901
f 487 1900 1902
f 1901 1902 1900
f 7 1903 1905
f 493 1904 1903
f 495 1905 1904
f 1903 1904 1905
f 133 1906 1908
f 494 1907 1906
f 493 1908 1907
f 1906 1907 1908
f 135 1909 1911
f 495 1910 1909
f 494 1911 1910
f 1909 1910 1911
f 493 1907 1904
f 494 1910 1907
f 495 1904 1910
f 1907 1910 1904
f 39 1912 1914
f 496 1913 1912
f 498 1914 1913
f 1912 1913 1914
f 134 1915 1917
f 497 1916 1915
f 496 1917 1916
f 1915 1916 1917
f 133 1918 1920
f 498 1919 1918
f 497 1920 1919
f 1918 1919 1920
f 496 1916 1913
f 497 1919 1916
f 498 1913 1919
f 1916 1919 1913
f 38 1921 1923
f 499 1922 1921
f 501 1923 1922
f 1921 1922 1923
f 135 1924 1926
f 500 1925 1924
f 499 1926 1925
f 1924 1925 1926
f 134 1927 1929
f 501 1928 1927
f 500 1929 1928
f 1927 1928 1929
f 499 1925 1922
f 500 1928 1925
f 501 1922 1928
f 1925 1928 1922
f 133 1920 1906
f 497 1930 1920
f 494 1906 1930
f 1920 1930 1906
f 134 1929 1915
f 500 1931 1929
f 497 1915 1931
f 1929 1931 1915
f 135 1911 1924
f 494 1932 1911
f 500 1924 1932
f 1911 1932 1924
f 497 1931 1930
f 500 1932 1931
f 494 1930 1932
f 1931 1932 1930
f 37 1894 1858
f 492 1933 1894
f 481 1858 1933
f 1894 1933 1858
f 132 1934 1897
f 502 1935 1934
f 492 1897 1935
f 1934 1935 1897
f 129 1862 1937
f 481 1936 1862
f 502 1937 1936
f 1862 1936 1937
f 492 1935 1933
f 502 1936 1935
f 481 1933 1936
f 1935 1936 1933
f 38 1923 1884
f 501 1938 1923
f 488 1884 1938
f 1923 1938 1884
f 134 1939 1927
f 503 1940 1939
f 501 1927 1940
f 1939 1940 1927
f 132 1889 1942
f 488 1941 1889
f 503 1942 1941
f 1889 1941 1942
f 501 1940 1938
f 503 1941 1940
f 488 1938 1941
f 1940 1941 1938
f 39 1867 1912
f 485 1943 1867
f 496 1912 1943
f 1867 1943 1912
f 129 1944 1871
f 504 1945 1944
f 485 1871 1945
f 1944 1945 1871
f 134 1917 1947
f 496 1946 1917
f 504 1947 1946
f 1917 1946 1947
f 485 1945 1943
f 504 1946 1945
f 496 1943 1946
f 1945 1946 1943
f 132 1942 1934
f 503 1948 1942
f 502 1934 1948
f 1942 1948 1934
f 134 1947 1939
f 504 1949 1947
f 503 1939 1949
f 1947 1949 1939
f 129 1937 1944
f 502 1950 1937
f 504 1944 1950
f 1937 1950 1944
f 503 1949 1948
f 504 1950 1949
f 502 1948 1950
f 1949 1950 1948
f 4 1852 1952
f 480 1951 1852
f 506 1952 1951
f 1852 1951 1952
f 130 1953 1855
f 505 1954 1953
f 480 1855 1954
f 1953 1954 1855
f 137 1955 1957
f 506 1956 1955
f 505 1957 1956
f 1955 1956 1957
f 480 1954 1951
f 505 1956 1954
f 506 1951 1956
f 1954 1956 1951
f 39 1958 1865
f 507 1959 1958
f 483 1865 1959
f 1958 1959 1865
f 136 1960 1962
f 508 1961 1960
f 507 1962 1961
f 1960 1961 1962
f 130 1870 1964
f 483 1963 1870
f 508 1964 1963
f 1870 1963 1964
f 507 1961 1959
f 508 1963 1961
f 483 1959 1963
f 1961 1963 1959
f 41 1965 1967
f 509 1966 1965
f 511 1967 1966
f 1965 1966 1967
f 137 1968 1970
f 510 1969 1968
f 509 1970 1969
f 1968 1969 1970
f 136 1971 1973
f 511 1972 1971
f 510 1973 1972
f 1971 1972 1973
f 509 1969 1966
f 510 1972 1969
f 511 1966 1972
f 1969 1972 1966
f 130 1964 1953
f 508 1974 1964
f 505 1953 1974
f 1964 1974 1953
f 136 1973 1960
f 510 1975 1973
f 508 1960 1975
f 1973 1975 1960
f 137 1957 1968
f 505 1976 1957
f 510 1968 1976
f 1957 1976 1968
f 508 1975 1974
f 510 1976 1975
f 505 1974 1976
f 1975 1976 1974
f 7 1977 1903
f 512 1978 1977
f 493 1903 1978
f 1977 1978 1903
f 138 1979 1981
f 513 1980 1979
f 512 1981 1980
f 1979 1980 1981
f 133 1908 1983
f 493 1982 1908
f 513 1983 1982
f 1908 1982 1983
f 512 1980 1978
f 513 1982 1980
f 493 1978 1982
f 1980 1982 1978
f 40 1984 1986
f 514 1985 1984
f 516 1986 1985
f 1984 1985 1986
f 139 1987 1989
f 515 1988 1987
f 514 1989 1988
f 1987 1988 1989
f 138 1990 1992
f 516 1991 1990
f 515 1992 1991
f 1990 1991 1992
f 514 1988 1985
f 515 1991 1988
f 516 1985 1991
f 1988 1991 1985
f 39 1914 1994
f 498 1993 1914
f 518 1994 1993
f 1914 1993 1994
f 133 1995 1918
f 517 1996 1995
f 498 1918 1996
f 1995 1996 1918
f 139 1997 1999
f 518 1998 1997
f 517 1999 1998
f 1997 1998 1999
f 498 1996 1993
f 517 1998 1996
f 518 1993 1998
f 1996 1998 1993
f 138 1992 1979
f 515 2000 1992
f 513 1979 2000
f 1992 2000 1979
f 139 1999 1987
f 517 2001 1999
f 515 1987 2001
f 1999 2001 1987
f 133 1983 1995
f 513 2002 1983
f 517 1995 2002
f 1983 2002 1995
f 515 2001 2000
f 517 2002 2001
f 513 2000 2002
f 2001 2002 2000
f 9 2003 2005
f 519 2004 2003
f 521 2005 2004
f 2003 2004 2005
f 140 2006 2008
f 520 2007 2006
f 519 2008 2007
f 2006 2007 2008
f 142 2009 2011
f 521 2010 2009
f 520 2011 2010
f 2009 2010 2011
f 519 2007 2004
f 520 2010 2007
f 521 2004 2010
f 2007 2010 2004
f 41 2012 2014
f 522 2013 2012
f 524 2014 2013
f 2012 2013 2014
f 141 2015 2017
f 523 2016 2015
f 522 2017 2016
f 2015 2016 2017
f 140 2018 2020
f 524 2019 2018
f 523 2020 2019
f 2018 2019 2020
f 522 2016 2013
f 523 2019 2016
f 524 2013 2019
f 2016 2019 2013
f 40 2021 2023
f 525 2022 2021
f 527 2023 2022
f 2021 2022 2023
f 142 2024 2026
f 526 2025 2024
f 525 2026 2025
f 2024 2025 2026
f 141 2027 2029
f 527 2028 2027
f 526 2029 2028
f 2027 2028 2029
f 525 2025 2022
f 526 2028 2025
f 527 2022 2028
f 2025 2028 2022
f 140 2020 2006
f 523 2030 2020
f 520 2006 2030
f 2020 2030 2006
f 141 2029 2015
f 526 2031 2029
f 523 2015 2031
f 2029 2031 2015
f 142 2011 2024
f 520 2032 2011
f 526 2024 2032
f 2011 2032 2024
f 523 2031 2030
f 526 2032 2031
f 520 2030 2032
f 2031 2032 2030
f 39 1994 1958
f 518 2033 1994
f 507 1958 2033
f 1994 2033 1958
f 139 2034 1997
f 528 2035 2034
f 518 1997 2035
f 2034 2035 1997
f 136 1962 2037
f 507 2036 1962
f 528 2037 2036
f 1962 2036 2037
f 518 2035 2033
f 528 2036 2035
f 507 2033 2036
f 2035 2036 2033
f 40 2023 1984
f 527 2038 2023
f 514 1984 2038
f 2023 2038 1984
f 141 2039 2027
f 529 2040 2039
f 527 2027 2040
f 2039 2040 2027
f 139 1989 2042
f 514 2041 1989
f 529 2042 2041
f 1989 2041 2042
f 527 2040 2038
f 529 2041 2040
f 514 2038 2041
f 2040 2041 2038
f 41 1967 2012
f 511 2043 1967
f 522 2012 2043
f 1967 2043 2012
f 136 2044 1971
f 530 2045 2044
f 511 1971 2045
f 2044 2045 1971
f 141 2017 2047
f 522 2046 2017
f 530 2047 2046
f 2017 2046 2047
f 511 2045 2043
f 530 2046 2045
f 522 2043 2046
f 2045 2046 2043
f 139 2042 2034
f 529 2048 2042
f 528 2034 2048
f 2042 2048 2034
f 141 2047 2039
f 530 2049 2047
f 529 2039 2049
f 2047 2049 2039
f 136 2037 2044
f 528 2050 2037
f 530 2044 2050
f 2037 2050 2044
f 529 2049 2048
f 530 2050 2049
f 528 2048 2050
f 2049 2050 2048
f 4 1952 1643
f 506 2051 1952
f 423 1643 2051
f 1952 2051 1643
f 137 2052 1955
f 531 2053 2052
f 506 1955 2053
f 2052 2053 1955
f 113 1648 2055
f 423 2054 1648
f 531 2055 2054
f 1648 2054 2055
f 506 2053 2051
f 531 2054 2053
f 423 2051 2054
f 2053 2054 2051
f 41 2056 1965
f 532 2057 2056
f 509 1965 2057
f 2056 2057 1965
f 143 2058 2060
f 533 2059 2058
f 532 2060 2059
f 2058 2059 2060
f 137 1970 2062
f 509 2061 1970
f 533 2062 2061
f 1970 2061 2062
f 532 2059 2057
f 533 2061 2059
f 509 2057 2061
f 2059 2061 2057
f 33 1654 2064
f 428 2063 1654
f 535 2064 2063
f 1654 2063 2064
f 113 2065 1658
f 534 2066 2065
f 428 1658 2066
f 2065 2066 1658
f 143 2067 2069
f 535 2068 2067
f 534 2069 2068
f 2067 2068 2069
f 428 2066 2063
f 534 2068 2066
f 535 2063 2068
f 2066 2068 2063
f 137 2062 2052
f 533 2070 2062
f 531 2052 2070
f 2062 2070 2052
f 143 2069 2058
f 534 2071 2069
f 533 2058 2071
f 2069 2071 2058
f 113 2055 2065
f 531 2072 2055
f 534 2065 2072
f 2055 2072 2065
f 533 2071 2070
f 534 2072 2071
f 531 2070 2072
f 2071 2072 2070
f 9 2073 2003
f 536 2074 2073
f 519 2003 2074
f 2073 2074 2003
f 144 2075 2077
f 537 2076 2075
f 536 2077 2076
f 2075 2076 2077
f 140 2008 2079
f 519 2078 2008
f 537 2079 2078
f 2008 2078 2079
f 536 2076 2074
f 537 2078 2076
f 519 2074 2078
f 2076 2078 2074
f 42 2080 2082
f 538 2081 2080
f 540 2082 2081
f 2080 2081 2082
f 145 2083 2085
f 539 2084 2083
f 538 2085 2084
f 2083 2084 2085
f 144 2086 2088
f 540 2087 2086
f 539 2088 2087
f 2086 2087 2088
f 538 2084 2081
f 539 2087 2084
f 540 2081 2087
f 2084 2087 2081
f 41 2014 2090
f 524 2089 2014
f 542 2090 2089
f 2014 2089 2090
f 140 2091 2018
f 541 2092 2091
f 524 2018 2092
f 2091 2092 2018
f 145 2093 2095
f 542 2094 2093
f 541 2095 2094
f 2093 2094 2095
f 524 2092 2089
f 541 2094 2092
f 542 2089 2094
f 2092 2094 2089
f 144 2088 2075
f 539 2096 2088
f 537 2075 2096
f 2088 2096 2075
f 145 2095 2083
f 541 2097 2095
f 539 2083 2097
f 2095 2097 2083
f 140 2079 2091
f 537 2098 2079
f 541 2091 2098
f 2079 2098 2091
f 539 2097 2096
f 541 2098 2097
f 537 2096 2098
f 2097 2098 2096
f 10 1675 2100
f 434 2099 1675
f 544 2100 2099
f 1675 2099 2100
f 118 2101 1679
f 543 2102 2101
f 434 1679 2102
f 2101 2102 1679
f 147 2103 2105
f 544 2104 2103
f 543 2105 2104
f 2103 2104 2105
f 434 2102 2099
f 543 2104 2102
f 544 2099 2104
f 2102 2104 2099
f 33 2106 1691
f 545 2107 2106
f 438 1691 2107
f 2106 2107 1691
f 146 2108 2110
f 546 2109 2108
f 545 2110 2109
f 2108 2109 2110
f 118 1696 2112
f 438 2111 1696
f 546 2112 2111
f 1696 2111 2112
f 545 2109 2107
f 546 2111 2109
f 438 2107 2111
f 2109 2111 2107
f 42 2113 2115
f 547 2114 2113
f 549 2115 2114
f 2113 2114 2115
f 147 2116 2118
f 548 2117 2116
f 547 2118 2117
f 2116 2117 2118
f 146 2119 2121
f 549 2120 2119
f 548 2121 2120
f 2119 2120 2121
f 547 2117 2114
f 548 2120 2117
f 549 2114 2120
f 2117 2120 2114
f 118 2112 2101
f 546 2122 2112
f 543 2101 2122
f 2112 2122 2101
f 146 2121 2108
f 548 2123 2121
f 546 2108 2123
f 2121 2123 2108
f 147 2105 2116
f 543 2124 2105
f 548 2116 2124
f 2105 2124 2116
f 546 2123 2122
f 548 2124 2123
f 543 2122 2124
f 2123 2124 2122
f 41 2090 2056
f 542 2125 2090
f 532 2056 2125
f 2090 2125 2056
f 145 2126 2093
f 550 2127 2126
f 542 2093 2127
f 2126 2127 2093
f 143 2060 2129
f 532 2128 2060
f 550 2129 2128
f 2060 2128 2129
f 542 2127 2125
f 550 2128 2127
f 532 2125 2128
f 2127 2128 2125
f 42 2115 2080
f 549 2130 2115
f 538 2080 2130
f 2115 2130 2080
f 146 2131 2119
f 551 2132 2131
f 549 2119 2132
f 2131 2132 2119
f 145 2085 2134
f 538 2133 2085
f 551 2134 2133
f 2085 2133 2134
f 549 2132 2130
f 551 2133 2132
f 538 2130 2133
f 2132 2133 2130
f 33 2064 2106
f 535 2135 2064
f 545 2106 2135
f 2064 2135 2106
f 143 2136 2067
f 552 2137 2136
f 535 2067 2137
f 2136 2137 2067
f 146 2110 2139
f 545 2138 2110
f 552 2139 2138
f 2110 2138 2139
f 535 2137 2135
f 552 2138 2137
f 545 2135 2138
f 2137 2138 2135
f 145 2134 2126
f 551 2140 2134
f 550 2126 2140
f 2134 2140 2126
f 146 2139 2131
f 552 2141 2139
f 551 2131 2141
f 2139 2141 2131
f 143 2129 2136
f 550 2142 2129
f 552 2136 2142
f 2129 2142 2136
f 551 2141 2140
f 552 2142 2141
f 550 2140 2142
f 2141 2142 2140
f 5 1705 1295
f 443 2143 1705
f 333 1295 2143
f 1705 2143 1295
f 121 2144 1709
f 553 2145 2144
f 443 1709 2145
f 2144 2145 1709
f 89 1300 2147
f 333 2146 1300
f 553 2147 2146
f 1300 2146 2147
f 443 2145 2143
f 553 2146 2145
f 333 2143 2146
f 2145 2146 2143
f 34 2148 1721
f 554 2149 2148
f 447 1721 2149
f 2148 2149 1721
f 148 2150 2152
f 555 2151 2150
f 554 2152 2151
f 2150 2151 2152
f 121 1726 2154
f 447 2153 1726
f 555 2154 2153
f 1726 2153 2154
f 554 2151 2149
f 555 2153 2151
f 447 2149 2153
f 2151 2153 2149
f 26 1306 2156
f 338 2155 1306
f 557 2156 2155
f 1306 2155 2156
f 89 2157 1310
f 556 2158 2157
f 338 1310 2158
f 2157 2158 1310
f 148 2159 2161
f 557 2160 2159
f 556 2161 2160
f 2159 2160 2161
f 338 2158 2155
f 556 2160 2158
f 557 2155 2160
f 2158 2160 2155
f 121 2154 2144
f 555 2162 2154
f 553 2144 2162
f 2154 2162 2144
f 148 2161 2150
f 556 2163 2161
f 555 2150 2163
f 2161 2163 2150
f 89 2147 2157
f 553 2164 2147
f 556 2157 2164
f 2147 2164 2157
f 555 2163 2162
f 556 2164 2163
f 553 2162 2164
f 2163 2164 2162
f 10 1197 1673
f 309 2165 1197
f 432 1673 2165
f 1197 2165 1673
f 84 2166 1201
f 558 2167 2166
f 309 1201 2167
f 2166 2167 1201
f 116 1678 2169
f 432 2168 1678
f 558 2169 2168
f 1678 2168 2169
f 309 2167 2165
f 558 2168 2167
f 432 2165 2168
f 2167 2168 2165
f 23 2170 1213
f 559 2171 2170
f 313 1213 2171
f 2170 2171 1213
f 149 2172 2174
f 560 2173 2172
f 559 2174 2173
f 2172 2173 2174
f 84 1218 2176
f 313 2175 1218
f 560 2176 2175
f 1218 2175 2176
f 559 2173 2171
f 560 2175 2173
f 313 2171 2175
f 2173 2175 2171
f 34 1684 2178
f 437 2177 1684
f 562 2178 2177
f 1684 2177 2178
f 116 2179 1688
f 561 2180 2179
f 437 1688 2180
f 2179 2180 1688
f 149 2181 2183
f 562 2182 2181
f 561 2183 2182
f 2181 2182 2183
f 437 2180 2177
f 561 2182 2180
f 562 2177 2182
f 2180 2182 2177
f 84 2176 2166
f 560 2184 2176
f 558 2166 2184
f 2176 2184 2166
f 149 2183 2172
f 561 2185 2183
f 560 2172 2185
f 2183 2185 2172
f 116 2169 2179
f 558 2186 2169
f 561 2179 2186
f 2169 2186 2179
f 560 2185 2184
f 561 2186 2185
f 558 2184 2186
f 2185 2186 2184
f 6 1244 1169
f 320 2187 1244
f 300 1169 2187
f 1244 2187 1169
f 86 2188 1247
f 563 2189 2188
f 320 1247 2189
f 2188 2189 1247
f 80 1173 2191
f 300 2190 1173
f 563 2191 2190
f 1173 2190 2191
f 320 2189 2187
f 563 2190 2189
f 300 2187 2190
f 2189 2190 2187
f 26 2192 1257
f 564 2193 2192
f 323 1257 2193
f 2192 2193 1257
f 150 2194 2196
f 565 2195 2194
f 564 2196 2195
f 2194 2195 2196
f 86 1262 2198
f 323 2197 1262
f 565 2198 2197
f 1262 2197 2198
f 564 2195 2193
f 565 2197 2195
f 323 2193 2197
f 2195 2197 2193
f 23 1178 2200
f 304 2199 1178
f 567 2200 2199
f 1178 2199 2200
f 80 2201 1182
f 566 2202 2201
f 304 1182 2202
f 2201 2202 1182
f 150 2203 2205
f 567 2204 2203
f 566 2205 2204
f 2203 2204 2205
f 304 2202 2199
f 566 2204 2202
f 567 2199 2204
f 2202 2204 2199
f 86 2198 2188
f 565 2206 2198
f 563 2188 2206
f 2198 2206 2188
f 150 2205 2194
f 566 2207 2205
f 565 2194 2207
f 2205 2207 2194
f 80 2191 2201
f 563 2208 2191
f 566 2201 2208
f 2191 2208 2201
f 565 2207 2206
f 566 2208 2207
f 563 2206 2208
f 2207 2208 2206
f 34 2178 2148
f 562 2209 2178
f 554 2148 2209
f 2178 2209 2148
f 149 2210 2181
f 568 2211 2210
f 562 2181 2211
f 2210 2211 2181
f 148 2152 2213
f 554 2212 2152
f 568 2213 2212
f 2152 2212 2213
f 562 2211 2209
f 568 2212 2211
f 554 2209 2212
f 2211 2212 2209
f 23 2200 2170
f 567 2214 2200
f 559 2170 2214
f 2200 2214 2170
f 150 2215 2203
f 569 2216 2215
f 567 2203 2216
f 2215 2216 2203
f 149 2174 2218
f 559 2217 2174
f 569 2218 2217
f 2174 2217 2218
f 567 2216 2214
f 569 2217 2216
f 559 2214 2217
f 2216 2217 2214
f 26 2156 2192
f 557 2219 2156
f 564 2192 2219
f 2156 2219 2192
f 148 2220 2159
f 570 2221 2220
f 557 2159 2221
f 2220 2221 2159
f 150 2196 2223
f 564 2222 2196
f 570 2223 2222
f 2196 2222 2223
f 557 2221 2219
f 570 2222 2221
f 564 2219 2222
f 2221 2222 2219
f 149 2218 2210
f 569 2224 2218
f 568 2210 2224
f 2218 2224 2210
f 150 2223 2215
f 570 2225 2223
f 569 2215 2225
f 2223 2225 2215
f 148 2213 2220
f 568 2226 2213
f 570 2220 2226
f 2213 2226 2220
f 569 2225 2224
f 570 2226 2225
f 568 2224 2226
f 2225 2226 2224
f 3 1805 1395
f 469 2227 1805
f 359 1395 2227
f 1805 2227 1395
f 128 2228 1809
f 571 2229 2228
f 469 1809 2229
f 2228 2229 1809
f 96 1400 2231
f 359 2230 1400
f 571 2231 2230
f 1400 2230 2231
f 469 2229 2227
f 571 2230 2229
f 359 2227 2230
f 2229 2230 2227
f 36 2232 1821
f 572 2233 2232
f 473 1821 2233
f 2232 2233 1821
f 151 2234 2236
f 573 2235 2234
f 572 2236 2235
f 2234 2235 2236
f 128 1826 2238
f 473 2237 1826
f 573 2238 2237
f 1826 2237 2238
f 572 2235 2233
f 573 2237 2235
f 473 2233 2237
f 2235 2237 2233
f 28 1406 2240
f 364 2239 1406
f 575 2240 2239
f 1406 2239 2240
f 96 2241 1410
f 574 2242 2241
f 364 1410 2242
f 2241 2242 1410
f 151 2243 2245
f 575 2244 2243
f 574 2245 2244
f 2243 2244 2245
f 364 2242 2239
f 574 2244 2242
f 575 2239 2244
f 2242 2244 2239
f 128 2238 2228
f 573 2246 2238
f 571 2228 2246
f 2238 2246 2228
f 151 2245 2234
f 574 2247 2245
f 573 2234 2247
f 2245 2247 2234
f 96 2231 2241
f 571 2248 2231
f 574 2241 2248
f 2231 2248 2241
f 573 2247 2246
f 574 2248 2247
f 571 2246 2248
f 2247 2248 2246
f 5 1297 1777
f 335 2249 1297
f 460 1777 2249
f 1297 2249 1777
f 91 2250 1301
f 576 2251 2250
f 335 1301 2251
f 2250 2251 1301
f 124 1781 2253
f 460 2252 1781
f 576 2253 2252
f 1781 2252 2253
f 335 2251 2249
f 576 2252 2251
f 460 2249 2252
f 2251 2252 2249
f 25 2254 1313
f 577 2255 2254
f 339 1313 2255
f 2254 2255 1313
f 152 2256 2258
f 578 2257 2256
f 577 2258 2257
f 2256 2257 2258
f 91 1318 2260
f 339 2259 1318
f 578 2260 2259
f 1318 2259 2260
f 577 2257 2255
f 578 2259 2257
f 339 2255 2259
f 2257 2259 2255
f 36 1786 2262
f 464 2261 1786
f 580 2262 2261
f 1786 2261 2262
f 124 2263 1790
f 579 2264 2263
f 464 1790 2264
f 2263 2264 1790
f 152 2265 2267
f 580 2266 2265
f 579 2267 2266
f 2265 2266 2267
f 464 2264 2261
f 579 2266 2264
f 580 2261 2266
f 2264 2266 2261
f 91 2260 2250
f 578 2268 2260
f 576 2250 2268
f 2260 2268 2250
f 152 2267 2256
f 579 2269 2267
f 578 2256 2269
f 2267 2269 2256
f 124 2253 2263
f 576 2270 2253
f 579 2263 2270
f 2253 2270 2263
f 578 2269 2268
f 579 2270 2269
f 576 2268 2270
f 2269 2270 2268
f 12 1344 1269
f 346 2271 1344
f 326 1269 2271
f 1344 2271 1269
f 93 2272 1347
f 581 2273 2272
f 346 1347 2273
f 2272 2273 1347
f 87 1273 2275
f 326 2274 1273
f 581 2275 2274
f 1273 2274 2275
f 346 2273 2271
f 581 2274 2273
f 326 2271 2274
f 2273 2274 2271
f 28 2276 1357
f 582 2277 2276
f 349 1357 2277
f 2276 2277 1357
f 153 2278 2280
f 583 2279 2278
f 582 2280 2279
f 2278 2279 2280
f 93 1362 2282
f 349 2281 1362
f 583 2282 2281
f 1362 2281 2282
f 582 2279 2277
f 583 2281 2279
f 349 2277 2281
f 2279 2281 2277
f 25 1278 2284
f 330 2283 1278
f 585 2284 2283
f 1278 2283 2284
f 87 2285 1282
f 584 2286 2285
f 330 1282 2286
f 2285 2286 1282
f 153 2287 2289
f 585 2288 2287
f 584 2289 2288
f 2287 2288 2289
f 330 2286 2283
f 584 2288 2286
f 585 2283 2288
f 2286 2288 2283
f 93 2282 2272
f 583 2290 2282
f 581 2272 2290
f 2282 2290 2272
f 153 2289 2278
f 584 2291 2289
f 583 2278 2291
f 2289 2291 2278
f 87 2275 2285
f 581 2292 2275
f 584 2285 2292
f 2275 2292 2285
f 583 2291 2290
f 584 2292 2291
f 581 2290 2292
f 2291 2292 2290
f 36 2262 2232
f 580 2293 2262
f 572 2232 2293
f 2262 2293 2232
f 152 2294 2265
f 586 2295 2294
f 580 2265 2295
f 2294 2295 2265
f 151 2236 2297
f 572 2296 2236
f 586 2297 2296
f 2236 2296 2297
f 580 2295 2293
f 586 2296 2295
f 572 2293 2296
f 2295 2296 2293
f 25 2284 2254
f 585 2298 2284
f 577 2254 2298
f 2284 2298 2254
f 153 2299 2287
f 587 2300 2299
f 585 2287 2300
f 2299 2300 2287
f 152 2258 2302
f 577 2301 2258
f 587 2302 2301
f 2258 2301 2302
f 585 2300 2298
f 587 2301 2300
f 577 2298 2301
f 2300 2301 2298
f 28 2240 2276
f 575 2303 2240
f 582 2276 2303
f 2240 2303 2276
f 151 2304 2243
f 588 2305 2304
f 575 2243 2305
f 2304 2305 2243
f 153 2280 2307
f 582 2306 2280
f 588 2307 2306
f 2280 2306 2307
f 575 2305 2303
f 588 2306 2305
f 582 2303 2306
f 2305 2306 2303
f 152 2302 2294
f 587 2308 2302
f 586 2294 2308
f 2302 2308 2294
f 153 2307 2299
f 588 2309 2307
f 587 2299 2309
f 2307 2309 2299
f 151 2297 2304
f 586 2310 2297
f 588 2304 2310
f 2297 2310 2304
f 587 2309 2308
f 588 2310 2309
f 586 2308 2310
f 2309 2310 2308
f 7 1905 1495
f 495 2311 1905
f 385 1495 2311
f 1905 2311 1495
f 135 2312 1909
f 589 2313 2312
f 495 1909 2313
f 2312 2313 1909
f 103 1500 2315
f 385 2314 1500
f 589 2315 2314
f 1500 2314 2315
f 495 2313 2311
f 589 2314 2313
f 385 2311 2314
f 2313 2314 2311
f 38 2316 1921
f 590 2317 2316
f 499 1921 2317
f 2316 2317 1921
f 154 2318 2320
f 591 2319 2318
f 590 2320 2319
f 2318 2319 2320
f 135 1926 2322
f 499 2321 1926
f 591 2322 2321
f 1926 2321 2322
f 590 2319 2317
f 591 2321 2319
f 499 2317 2321
f 2319 2321 2317
f 30 1506 2324
f 390 2323 1506
f 593 2324 2323
f 1506 2323 2324
f 103 2325 1510
f 592 2326 2325
f 390 1510 2326
f 2325 2326 1510
f 154 2327 2329
f 593 2328 2327
f 592 2329 2328
f 2327 2328 2329
f 390 2326 2323
f 592 2328 2326
f 593 2323 2328
f 2326 2328 2323
f 135 2322 2312
f 591 2330 2322
f 589 2312 2330
f 2322 2330 2312
f 154 2329 2318
f 592 2331 2329
f 591 2318 2331
f 2329 2331 2318
f 103 2315 2325
f 589 2332 2315
f 592 2325 2332
f 2315 2332 2325
f 591 2331 2330
f 592 2332 2331
f 589 2330 2332
f 2331 2332 2330
f 3 1397 1877
f 361 2333 1397
f 486 1877 2333
f 1397 2333 1877
f 98 2334 1401
f 594 2335 2334
f 361 1401 2335
f 2334 2335 1401
f 131 1881 2337
f 486 2336 1881
f 594 2337 2336
f 1881 2336 2337
f 361 2335 2333
f 594 2336 2335
f 486 2333 2336
f 2335 2336 2333
f 27 2338 1413
f 595 2339 2338
f 365 1413 2339
f 2338 2339 1413
f 155 2340 2342
f 596 2341 2340
f 595 2342 2341
f 2340 2341 2342
f 98 1418 2344
f 365 2343 1418
f 596 2344 2343
f 1418 2343 2344
f 595 2341 2339
f 596 2343 2341
f 365 2339 2343
f 2341 2343 2339
f 38 1886 2346
f 490 2345 1886
f 598 2346 2345
f 1886 2345 2346
f 131 2347 1890
f 597 2348 2347
f 490 1890 2348
f 2347 2348 1890
f 155 2349 2351
f 598 2350 2349
f 597 2351 2350
f 2349 2350 2351
f 490 2348 2345
f 597 2350 2348
f 598 2345 2350
f 2348 2350 2345
f 98 2344 2334
f 596 2352 2344
f 594 2334 2352
f 2344 2352 2334
f 155 2351 2340
f 597 2353 2351
f 596 2340 2353
f 2351 2353 2340
f 131 2337 2347
f 594 2354 2337
f 597 2347 2354
f 2337 2354 2347
f 596 2353 2352
f 597 2354 2353
f 594 2352 2354
f 2353 2354 2352
f 11 1444 1369
f 372 2355 1444
f 352 1369 2355
f 1444 2355 1369
f 100 2356 1447
f 599 2357 2356
f 372 1447 2357
f 2356 2357 1447
f 94 1373 2359
f 352 2358 1373
f 599 2359 2358
f 1373 2358 2359
f 372 2357 2355
f 599 2358 2357
f 352 2355 2358
f 2357 2358 2355
f 30 2360 1457
f 600 2361 2360
f 375 1457 2361
f 2360 2361 1457
f 156 2362 2364
f 601 2363 2362
f 600 2364 2363
f 2362 2363 2364
f 100 1462 2366
f 375 2365 1462
f 601 2366 2365
f 1462 2365 2366
f 600 2363 2361
f 601 2365 2363
f 375 2361 2365
f 2363 2365 2361
f 27 1378 2368
f 356 2367 1378
f 603 2368 2367
f 1378 2367 2368
f 94 2369 1382
f 602 2370 2369
f 356 1382 2370
f 2369 2370 1382
f 156 2371 2373
f 603 2372 2371
f 602 2373 2372
f 2371 2372 2373
f 356 2370 2367
f 602 2372 2370
f 603 2367 2372
f 2370 2372 2367
f 100 2366 2356
f 601 2374 2366
f 599 2356 2374
f 2366 2374 2356
f 156 2373 2362
f 602 2375 2373
f 601 2362 2375
f 2373 2375 2362
f 94 2359 2369
f 599 2376 2359
f 602 2369 2376
f 2359 2376 2369
f 601 2375 2374
f 602 2376 2375
f 599 2374 2376
f 2375 2376 2374
f 38 2346 2316
f 598 2377 2346
f 590 2316 2377
f 2346 2377 2316
f 155 2378 2349
f 604 2379 2378
f 598 2349 2379
f 2378 2379 2349
f 154 2320 2381
f 590 2380 2320
f 604 2381 2380
f 2320 2380 2381
f 598 2379 2377
f 604 2380 2379
f 590 2377 2380
f 2379 2380 2377
f 27 2368 2338
f 603 2382 2368
f 595 2338 2382
f 2368 2382 2338
f 156 2383 2371
f 605 2384 2383
f 603 2371 2384
f 2383 2384 2371
f 155 2342 2386
f 595 2385 2342
f 605 2386 2385
f 2342 2385 2386
f 603 2384 2382
f 605 2385 2384
f 595 2382 2385
f 2384 2385 2382
f 30 2324 2360
f 593 2387 2324
f 600 2360 2387
f 2324 2387 2360
f 154 2388 2327
f 606 2389 2388
f 593 2327 2389
f 2388 2389 2327
f 156 2364 2391
f 600 2390 2364
f 606 2391 2390
f 2364 2390 2391
f 593 2389 2387
f 606 2390 2389
f 600 2387 2390
f 2389 2390 2387
f 155 2386 2378
f 605 2392 2386
f 604 2378 2392
f 2386 2392 2378
f 156 2391 2383
f 606 2393 2391
f 605 2383 2393
f 2391 2393 2383
f 154 2381 2388
f 604 2394 2381
f 606 2388 2394
f 2381 2394 2388
f 605 2393 2392
f 606 2394 2393
f 604 2392 2394
f 2393 2394 2392
f 9 2005 1595
f 521 2395 2005
f 411 1595 2395
f 2005 2395 1595
f 142 2396 2009
f 607 2397 2396
f 521 2009 2397
f 2396 2397 2009
f 110 1600 2399
f 411 2398 1600
f 607 2399 2398
f 1600 2398 2399
f 521 2397 2395
f 607 2398 2397
f 411 2395 2398
f 2397 2398 2395
f 40 2400 2021
f 608 2401 2400
f 525 2021 2401
f 2400 2401 2021
f 157 2402 2404
f 609 2403 2402
f 608 2404 2403
f 2402 2403 2404
f 142 2026 2406
f 525 2405 2026
f 609 2406 2405
f 2026 2405 2406
f 608 2403 2401
f 609 2405 2403
f 525 2401 2405
f 2403 2405 2401
f 32 1606 2408
f 416 2407 1606
f 611 2408 2407
f 1606 2407 2408
f 110 2409 1610
f 610 2410 2409
f 416 1610 2410
f 2409 2410 1610
f 157 2411 2413
f 611 2412 2411
f 610 2413 2412
f 2411 2412 2413
f 416 2410 2407
f 610 2412 2410
f 611 2407 2412
f 2410 2412 2407
f 142 2406 2396
f 609 2414 2406
f 607 2396 2414
f 2406 2414 2396
f 157 2413 2402
f 610 2415 2413
f 609 2402 2415
f 2413 2415 2402
f 110 2399 2409
f 607 2416 2399
f 610 2409 2416
f 2399 2416 2409
f 609 2415 2414
f 610 2416 2415
f 607 2414 2416
f 2415 2416 2414
f 7 1497 1977
f 387 2417 1497
f 512 1977 2417
f 1497 2417 1977
f 105 2418 1501
f 612 2419 2418
f 387 1501 2419
f 2418 2419 1501
f 138 1981 2421
f 512 2420 1981
f 612 2421 2420
f 1981 2420 2421
f 387 2419 2417
f 612 2420 2419
f 512 2417 2420
f 2419 2420 2417
f 29 2422 1513
f 613 2423 2422
f 391 1513 2423
f 2422 2423 1513
f 158 2424 2426
f 614 2425 2424
f 613 2426 2425
f 2424 2425 2426
f 105 1518 2428
f 391 2427 1518
f 614 2428 2427
f 1518 2427 2428
f 613 2425 2423
f 614 2427 2425
f 391 2423 2427
f 2425 2427 2423
f 40 1986 2430
f 516 2429 1986
f 616 2430 2429
f 1986 2429 2430
f 138 2431 1990
f 615 2432 2431
f 516 1990 2432
f 2431 2432 1990
f 158 2433 2435
f 616 2434 2433
f 615 2435 2434
f 2433 2434 2435
f 516 2432 2429
f 615 2434 2432
f 616 2429 2434
f 2432 2434 2429
f 105 2428 2418
f 614 2436 2428
f 612 2418 2436
f 2428 2436 2418
f 158 2435 2424
f 615 2437 2435
f 614 2424 2437
f 2435 2437 2424
f 138 2421 2431
f 612 2438 2421
f 615 2431 2438
f 2421 2438 2431
f 614 2437 2436
f 615 2438 2437
f 612 2436 2438
f 2437 2438 2436
f 8 1544 1469
f 398 2439 1544
f 378 1469 2439
f 1544 2439 1469
f 107 2440 1547
f 617 2441 2440
f 398 1547 2441
f 2440 2441 1547
f 101 1473 2443
f 378 2442 1473
f 617 2443 2442
f 1473 2442 2443
f 398 2441 2439
f 617 2442 2441
f 378 2439 2442
f 2441 2442 2439
f 32 2444 1557
f 618 2445 2444
f 401 1557 2445
f 2444 2445 1557
f 159 2446 2448
f 619 2447 2446
f 618 2448 2447
f 2446 2447 2448
f 107 1562 2450
f 401 2449 1562
f 619 2450 2449
f 1562 2449 2450
f 618 2447 2445
f 619 2449 2447
f 401 2445 2449
f 2447 2449 2445
f 29 1478 2452
f 382 2451 1478
f 621 2452 2451
f 1478 2451 2452
f 101 2453 1482
f 620 2454 2453
f 382 1482 2454
f 2453 2454 1482
f 159 2455 2457
f 621 2456 2455
f 620 2457 2456
f 2455 2456 2457
f 382 2454 2451
f 620 2456 2454
f 621 2451 2456
f 2454 2456 2451
f 107 2450 2440
f 619 2458 2450
f 617 2440 2458
f 2450 2458 2440
f 159 2457 2446
f 620 2459 2457
f 619 2446 2459
f 2457 2459 2446
f 101 2443 2453
f 617 2460 2443
f 620 2453 2460
f 2443 2460 2453
f 619 2459 2458
f 620 2460 2459
f 617 2458 2460
f 2459 2460 2458
f 40 2430 2400
f 616 2461 2430
f 608 2400 2461
f 2430 2461 2400
f 158 2462 2433
f 622 2463 2462
f 616 2433 2463
f 2462 2463 2433
f 157 2404 2465
f 608 2464 2404
f 622 2465 2464
f 2404 2464 2465
f 616 2463 2461
f 622 2464 2463
f 608 2461 2464
f 2463 2464 2461
f 29 2452 2422
f 621 2466 2452
f 613 2422 2466
f 2452 2466 2422
f 159 2467 2455
f 623 2468 2467
f 621 2455 2468
f 2467 2468 2455
f 158 2426 2470
f 613 2469 2426
f 623 2470 2469
f 2426 2469 2470
f 621 2468 2466
f 623 2469 2468
f 613 2466 2469
f 2468 2469 2466
f 32 2408 2444
f 611 2471 2408
f 618 2444 2471
f 2408 2471 2444
f 157 2472 2411
f 624 2473 2472
f 611 2411 2473
f 2472 2473 2411
f 159 2448 2475
f 618 2474 2448
f 624 2475 2474
f 2448 2474 2475
f 611 2473 2471
f 624 2474 2473
f 618 2471 2474
f 2473 2474 2471
f 158 2470 2462
f 623 2476 2470
f 622 2462 2476
f 2470 2476 2462
f 159 2475 2467
f 624 2477 2475
f 623 2467 2477
f 2475 2477 2467
f 157 2465 2472
f 622 2478 2465
f 624 2472 2478
f 2465 2478 2472
f 623 2477 2476
f 624 2478 2477
f 622 2476 2478
f 2477 2478 2476
f 10 2100 1195
f 544 2479 2100
f 307 1195 2479
f 2100 2479 1195
f 147 2480 2103
f 625 2481 2480
f 544 2103 2481
f 2480 2481 2103
f 82 1200 2483
f 307 2482 1200
f 625 2483 2482
f 1200 2482 2483
f 544 2481 2479
f 625 2482 2481
f 307 2479 2482
f 2481 2482 2479
f 42 2484 2113
f 626 2485 2484
f 547 2113 2485
f 2484 2485 2113
f 160 2486 2488
f 627 2487 2486
f 626 2488 2487
f 2486 2487 2488
f 147 2118 2490
f 547 2489 2118
f 627 2490 2489
f 2118 2489 2490
f 626 2487 2485
f 627 2489 2487
f 547 2485 2489
f 2487 2489 2485
f 24 1206 2492
f 312 2491 1206
f 629 2492 2491
f 1206 2491 2492
f 82 2493 1210
f 628 2494 2493
f 312 1210 2494
f 2493 2494 1210
f 160 2495 2497
f 629 2496 2495
f 628 2497 2496
f 2495 2496 2497
f 312 2494 2491
f 628 2496 2494
f 629 2491 2496
f 2494 2496 2491
f 147 2490 2480
f 627 2498 2490
f 625 2480 2498
f 2490 2498 2480
f 160 2497 2486
f 628 2499 2497
f 627 2486 2499
f 2497 2499 2486
f 82 2483 2493
f 625 2500 2483
f 628 2493 2500
f 2483 2500 2493
f 627 2499 2498
f 628 2500 2499
f 625 2498 2500
f 2499 2500 2498
f 9 1597 2073
f 413 2501 1597
f 536 2073 2501
f 1597 2501 2073
f 112 2502 1601
f 630 2503 2502
f 413 1601 2503
f 2502 2503 1601
f 144 2077 2505
f 536 2504 2077
f 630 2505 2504
f 2077 2504 2505
f 413 2503 2501
f 630 2504 2503
f 536 2501 2504
f 2503 2504 2501
f 31 2506 1613
f 631 2507 2506
f 417 1613 2507
f 2506 2507 1613
f 161 2508 2510
f 632 2509 2508
f 631 2510 2509
f 2508 2509 2510
f 112 1618 2512
f 417 2511 1618
f 632 2512 2511
f 1618 2511 2512
f 631 2509 2507
f 632 2511 2509
f 417 2507 2511
f 2509 2511 2507
f 42 2082 2514
f 540 2513 2082
f 634 2514 2513
f 2082 2513 2514
f 144 2515 2086
f 633 2516 2515
f 540 2086 2516
f 2515 2516 2086
f 161 2517 2519
f 634 2518 2517
f 633 2519 2518
f 2517 2518 2519
f 540 2516 2513
f 633 2518 2516
f 634 2513 2518
f 2516 2518 2513
f 112 2512 2502
f 632 2520 2512
f 630 2502 2520
f 2512 2520 2502
f 161 2519 2508
f 633 2521 2519
f 632 2508 2521
f 2519 2521 2508
f 144 2505 2515
f 630 2522 2505
f 633 2515 2522
f 2505 2522 2515
f 632 2521 2520
f 633 2522 2521
f 630 2520 2522
f 2521 2522 2520
f 2 1144 1569
f 294 2523 1144
f 404 1569 2523
f 1144 2523 1569
f 79 2524 1147
f 635 2525 2524
f 294 1147 2525
f 2524 2525 1147
f 108 1573 2527
f 404 2526 1573
f 635 2527 2526
f 1573 2526 2527
f 294 2525 2523
f 635 2526 2525
f 404 2523 2526
f 2525 2526 2523
f 24 2528 1157
f 636 2529 2528
f 297 1157 2529
f 2528 2529 1157
f 162 2530 2532
f 637 2531 2530
f 636 2532 2531
f 2530 2531 2532
f 79 1162 2534
f 297 2533 1162
f 637 2534 2533
f 1162 2533 2534
f 636 2531 2529
f 637 2533 2531
f 297 2529 2533
f 2531 2533 2529
f 31 1578 2536
f 408 2535 1578
f 639 2536 2535
f 1578 2535 2536
f 108 2537 1582
f 638 2538 2537
f 408 1582 2538
f 2537 2538 1582
f 162 2539 2541
f 639 2540 2539
f 638 2541 2540
f 2539 2540 2541
f 408 2538 2535
f 638 2540 2538
f 639 2535 2540
f 2538 2540 2535
f 79 2534 2524
f 637 2542 2534
f 635 2524 2542
f 2534 2542 2524
f 162 2541 2530
f 638 2543 2541
f 637 2530 2543
f 2541 2543 2530
f 108 2527 2537
f 635 2544 2527
f 638 2537 2544
f 2527 2544 2537
f 637 2543 2542
f 638 2544 2543
f 635 2542 2544
f 2543 2544 2542
f 42 2514 2484
f 634 2545 2514
f 626 2484 2545
f 2514 2545 2484
f 161 2546 2517
f 640 2547 2546
f 634 2517 2547
f 2546 2547 2517
f 160 2488 2549
f 626 2548 2488
f 640 2549 2548
f 2488 2548 2549
f 634 2547 2545
f 640 2548 2547
f 626 2545 2548
f 2547 2548 2545
f 31 2536 2506
f 639 2550 2536
f 631 2506 2550
f 2536 2550 2506
f 162 2551 2539
f 641 2552 2551
f 639 2539 2552
f 2551 2552 2539
f 161 2510 2554
f 631 2553 2510
f 641 2554 2553
f 2510 2553 2554
f 639 2552 2550
f 641 2553 2552
f 631 2550 2553
f 2552 2553 2550
f 24 2492 2528
f 629 2555 2492
f 636 2528 2555
f 2492 2555 2528
f 160 2556 2495
f 642 2557 2556
f 629 2495 2557
f 2556 2557 2495
f 162 2532 2559
f 636 2558 2532
f 642 2559 2558
f 2532 2558 2559
f 629 2557 2555
f 642 2558 2557
f 636 2555 2558
f 2557 2558 2555
f 161 2554 2546
f 641 2560 2554
f 640 2546 2560
f 2554 2560 2546
f 162 2559 2551
f 642 2561 2559
f 641 2551 2561
f 2559 2561 2551
f 160 2549 2556
f 640 2562 2549
f 642 2556 2562
f 2549 2562 2556
f 641 2561 2560
f 642 2562 2561
f 640 2560 2562
f 2561 2562 2560
