# regolith_gen synthetic particle
# verts: 2562  tris: 5120
v -0.544554 0.797192 0.000000
v 0.536337 0.785162 0.000000
v -0.566782 -0.829732 0.000000
v 0.572337 -0.837864 0.000000
v 0.000000 -0.484361 0.824961
v 0.000000 0.504561 0.859365
v 0.000000 -0.491515 -0.837146
v 0.000000 0.512124 -0.872247
v 0.901048 0.000000 -0.530361
v 0.839125 0.000000 0.493912
v -0.814347 0.000000 -0.479328
v -0.878467 0.000000 0.517069
v -0.869587 0.486250 0.316336
v -0.541484 0.302783 0.834418
v -0.307954 0.729451 0.474553
v 0.299135 0.708561 0.460963
v 0.000000 1.036907 0.000000
v 0.300168 0.711006 -0.462554
v -0.326890 0.774304 -0.503733
v -0.515917 0.288487 -0.795021
v -0.843335 0.471571 -0.306786
v -1.041307 0.000000 0.000000
v 0.546285 0.305468 0.841818
v 0.895173 0.500557 0.325643
v -0.521235 -0.291461 0.803216
v 0.000000 0.000000 0.947105
v -0.804350 -0.449771 -0.292604
v -0.888406 -0.496773 0.323182
v 0.000000 0.000000 -0.951887
v -0.556664 -0.311272 -0.857810
v 0.830666 0.464486 -0.302177
v 0.538961 0.301373 -0.830530
v 0.854327 -0.477717 0.310785
v 0.567029 -0.317067 0.873783
v 0.353173 -0.836560 0.544234
v -0.332279 -0.787069 0.512037
v 0.000000 -0.831738 0.000000
v -0.333508 -0.789981 -0.513932
v 0.298232 -0.706421 -0.459571
v 0.554094 -0.309835 -0.853851
v 0.790912 -0.442257 -0.287716
v 1.096453 0.000000 0.000000
v -0.716028 0.655554 0.157879
v -0.606824 0.642817 0.418193
v -0.454920 0.818342 0.259514
v -0.761216 0.157573 0.716432
v -0.717638 0.401284 0.583749
v -0.939222 0.256007 0.449897
v -0.165239 0.645750 0.687835
v -0.433877 0.542499 0.668599
v -0.264850 0.400055 0.837262
v -0.172321 0.912708 0.265544
v -0.299121 0.952669 0.000000
v 0.169350 0.661813 0.704946
v 0.000000 0.750243 0.488080
v 0.314362 1.001209 0.000000
v 0.168306 0.891446 0.259358
v 0.453217 0.815279 0.258542
v -0.171692 0.909381 -0.264575
v -0.442186 0.795435 -0.252249
v 0.419383 0.754417 -0.239241
v 0.171999 0.911002 -0.265047
v -0.173038 0.676228 -0.720300
v 0.000000 0.785759 -0.511185
v 0.160582 0.627549 -0.668448
v -0.623386 0.660361 -0.429606
v -0.781744 0.715719 -0.172369
v -0.267479 0.404026 -0.845573
v -0.434197 0.542899 -0.669091
v -0.892299 0.243217 -0.427420
v -0.749996 0.419378 -0.610069
v -0.758206 0.156950 -0.713599
v -0.993574 0.555581 0.000000
v -0.916377 0.000000 -0.247927
v -1.036426 0.259179 -0.168612
v -1.102064 0.275593 0.179291
v -1.002162 0.000000 0.271136
v 0.623408 0.660385 0.429622
v 0.732154 0.670317 0.161434
v 0.275786 0.416574 0.871835
v 0.456818 0.571182 0.703949
v 0.888130 0.242080 0.425423
v 0.731373 0.408965 0.594921
v 0.731981 0.151521 0.688917
v -0.278847 0.155924 0.960838
v 0.000000 0.247992 0.918916
v -0.671509 -0.139003 0.632003
v -0.540371 0.000000 0.832703
v 0.000000 -0.237304 0.879310
v -0.294801 -0.164845 1.015811
v -0.260336 -0.393236 0.822992
v -1.031752 -0.258010 0.167852
v -0.929340 -0.253313 0.445163
v -0.781577 -0.213037 -0.374384
v -0.924943 -0.231301 -0.150475
v -0.735180 -0.673088 0.162102
v -0.860067 -0.480927 0.000000
v -0.745816 -0.682825 -0.164447
v -0.578048 0.000000 -0.890764
v -0.749506 -0.155149 -0.705411
v 0.000000 0.265612 -0.984204
v -0.270587 0.151305 -0.932373
v -0.272333 -0.411358 -0.860919
v -0.277353 -0.155088 -0.955687
v 0.000000 -0.268299 -0.994159
v 0.437984 0.547634 -0.674927
v 0.287964 0.434968 -0.910332
v 0.667133 0.610788 -0.147098
v 0.552901 0.585695 -0.381031
v 0.769967 0.159384 -0.724668
v 0.697267 0.389893 -0.567178
v 0.873688 0.238144 -0.418506
v 0.681014 -0.623497 0.150158
v 0.616059 -0.652600 0.424557
v 0.484113 -0.870857 0.276167
v 0.792979 -0.164148 0.746326
v 0.784762 -0.438818 0.638349
v 0.954340 -0.260127 0.457139
v 0.158230 -0.618358 0.658658
v 0.428579 -0.535874 0.660434
v 0.279983 -0.422913 0.885103
v 0.170409 -0.902582 0.262597
v 0.301271 -0.959517 0.000000
v -0.177206 -0.692517 0.737650
v 0.000000 -0.854902 0.556167
v -0.269729 -0.859060 0.000000
v -0.170681 -0.904022 0.263016
v -0.445525 -0.801443 0.254155
v 0.157175 -0.832487 -0.242204
v 0.478647 -0.861023 -0.273049
v -0.459184 -0.826012 -0.261946
v -0.159584 -0.845250 -0.245917
v 0.168661 -0.659121 -0.702078
v 0.000000 -0.805862 -0.524263
v -0.163897 -0.640503 -0.682247
v 0.596422 -0.631798 -0.411024
v 0.761974 -0.697619 -0.168010
v 0.300171 -0.453407 -0.948921
v 0.428731 -0.536064 -0.660668
v 0.845757 -0.230531 -0.405126
v 0.693727 -0.387914 -0.564298
v 0.775124 -0.160452 -0.729522
v 0.939128 -0.525135 0.000000
v 1.064638 0.000000 -0.288040
v 1.027911 -0.257050 -0.167227
v 1.041170 -0.260365 0.169384
v 1.021894 0.000000 0.276475
v 0.259422 -0.145062 0.893902
v 0.590930 0.000000 0.910614
v 0.265784 0.148619 0.915825
v -0.578942 -0.613281 0.398977
v -0.468357 -0.585610 0.721731
v -0.721931 -0.403684 0.587240
v -0.441152 -0.551595 -0.679809
v -0.602125 -0.637839 -0.414954
v -0.760108 -0.425032 -0.618295
v 0.546218 0.000000 -0.841714
v 0.279993 -0.156565 -0.964786
v 0.287431 0.160724 -0.990413
v 0.955054 0.238830 0.155374
v 0.966349 0.241655 -0.157212
v 0.936281 0.523544 0.000000
v -0.647818 0.746256 0.081261
v -0.564457 0.708629 0.200466
v -0.498930 0.805959 0.128690
v -0.717866 0.552496 0.359433
v -0.662571 0.650302 0.288510
v -0.834517 0.603935 0.248376
v -0.394553 0.803269 0.384357
v -0.547947 0.752546 0.349998
v -0.479303 0.723986 0.470998
v -0.815034 0.076283 0.609657
v -0.876593 0.213146 0.601666
v -0.875789 0.120196 0.467166
v -0.620209 0.346805 0.694381
v -0.749713 0.285890 0.658199
v -0.685243 0.242227 0.815895
v -0.907232 0.373121 0.383979
v -0.837015 0.334598 0.525150
v -0.742743 0.415322 0.423705
v -0.083391 0.572844 0.767739
v -0.218776 0.530804 0.775290
v -0.145288 0.485366 0.912189
v -0.373926 0.643511 0.576214
v -0.284256 0.562505 0.642319
v -0.241384 0.698843 0.588406
v -0.398939 0.352876 0.835834
v -0.369308 0.498203 0.796055
v -0.504845 0.442685 0.777959
v -0.636091 0.502236 0.480999
v -0.583995 0.480732 0.637332
v -0.545670 0.621799 0.571190
v -0.402173 0.938862 0.140767
v -0.426698 0.875807 0.000000
v -0.247572 0.836191 0.381504
v -0.317035 0.872395 0.264678
v -0.153969 1.000152 0.000000
v -0.241866 0.960746 0.138965
v -0.093800 1.019205 0.144545
v 0.084307 0.579133 0.776167
v 0.000000 0.686777 0.731536
v 0.151247 0.734954 0.478133
v 0.081466 0.708720 0.593065
v 0.239358 0.692978 0.583467
v -0.087426 0.760566 0.636450
v -0.154923 0.752817 0.489754
v 0.444719 0.912797 0.000000
v 0.407566 0.951452 0.142655
v 0.498384 0.805078 0.128549
v 0.092821 1.008563 0.143035
v 0.254849 1.012318 0.146424
v 0.155909 1.012753 0.000000
v 0.390468 0.794952 0.380377
v 0.325158 0.894746 0.271459
v 0.247551 0.836122 0.381473
v -0.079448 0.797175 0.367283
v 0.082063 0.823417 0.379374
v 0.000000 0.911921 0.265314
v -0.372296 0.869114 -0.130310
v -0.488767 0.789542 -0.126068
v -0.092208 1.001907 -0.142091
v -0.222691 0.884578 -0.127948
v -0.380516 0.774690 -0.370682
v -0.300281 0.826292 -0.250691
v -0.247227 0.835028 -0.380973
v 0.476396 0.769558 -0.122877
v 0.384541 0.897700 -0.134596
v 0.241599 0.816018 -0.372300
v 0.321011 0.883335 -0.267997
v 0.359179 0.731251 -0.349897
v 0.244492 0.971180 -0.140474
v 0.088542 0.962070 -0.136442
v -0.087201 0.599010 -0.802808
v 0.000000 0.684635 -0.729255
v 0.087191 0.598941 -0.802715
v -0.168723 0.819873 -0.533378
v -0.086473 0.752278 -0.629515
v -0.253842 0.734910 -0.618773
v 0.221563 0.641458 -0.540089
v 0.084632 0.736260 -0.616111
v 0.151394 0.735668 -0.478598
v 0.000000 0.929188 -0.270338
v 0.085283 0.855725 -0.394259
v -0.085054 0.853425 -0.393199
v -0.581370 0.729861 -0.206472
v -0.677737 0.780722 -0.085014
v -0.468005 0.706921 -0.459896
v -0.514407 0.706483 -0.328575
v -0.793603 0.574326 -0.236199
v -0.685928 0.673226 -0.298680
v -0.764364 0.588283 -0.382714
v -0.135992 0.454312 -0.853826
v -0.212214 0.514884 -0.752037
v -0.457767 0.401404 -0.705413
v -0.347659 0.468999 -0.749391
v -0.381205 0.337190 -0.798679
v -0.295147 0.584056 -0.666929
v -0.396778 0.682840 -0.611430
v -0.899731 0.123481 -0.479937
v -0.805724 0.195914 -0.553023
v -0.784850 0.073458 -0.587079
v -0.811466 0.453750 -0.462909
v -0.837692 0.334869 -0.525575
v -0.880584 0.362162 -0.372701
v -0.642942 0.227274 -0.765529
v -0.786609 0.299960 -0.690592
v -0.605880 0.338792 -0.678338
v -0.524867 0.598094 -0.549414
v -0.552252 0.454603 -0.602690
v -0.714338 0.564017 -0.540168
v -0.783265 0.717112 0.000000
v -0.896373 0.501228 -0.158950
v -0.895053 0.643775 -0.088654
v -0.927044 0.666785 0.091822
v -0.977087 0.546361 0.173263
v -0.866763 0.000000 -0.363879
v -0.915181 0.117941 -0.337803
v -1.059571 0.129160 -0.084027
v -0.948413 0.117910 -0.205735
v -0.942105 0.000000 -0.124971
v -0.993609 0.259107 -0.311139
v -0.934514 0.366469 -0.238411
v -0.970488 0.125068 0.358217
v -0.913881 0.000000 0.383660
v -0.969346 0.380128 0.247297
v -1.016599 0.265102 0.318338
v -1.073575 0.000000 0.142411
v -1.071110 0.133164 0.232351
v -1.081967 0.131890 0.085803
v -0.986193 0.390541 -0.084690
v -1.077121 0.269356 0.000000
v -1.088631 0.431108 0.093487
v 0.575072 0.721955 0.204236
v 0.661439 0.761947 0.082970
v 0.467230 0.705750 0.459134
v 0.532928 0.731919 0.340404
v 0.815844 0.590421 0.242818
v 0.691049 0.678252 0.300910
v 0.804981 0.619543 0.403051
v 0.137941 0.460822 0.866062
v 0.227375 0.551669 0.805765
v 0.515025 0.451612 0.793646
v 0.377394 0.509111 0.813485
v 0.386826 0.342162 0.810456
v 0.309420 0.612301 0.699181
v 0.367681 0.632765 0.566592
v 0.818573 0.112343 0.436645
v 0.812227 0.197495 0.557487
v 0.757630 0.070910 0.566718
v 0.822778 0.460076 0.469362
v 0.810639 0.324054 0.508602
v 0.854117 0.351276 0.361499
v 0.649569 0.229616 0.773419
v 0.742437 0.283115 0.651812
v 0.657542 0.367680 0.736178
v 0.512672 0.584198 0.536649
v 0.606470 0.499233 0.661859
v 0.655681 0.517703 0.495813
v -0.132479 0.326139 0.885797
v 0.000000 0.379149 0.905400
v -0.417130 0.233248 0.916568
v -0.267364 0.275954 0.883455
v 0.000000 0.121780 0.920345
v -0.139046 0.208532 0.963718
v -0.141768 0.079273 1.002129
v -0.780202 -0.073023 0.583602
v -0.730230 0.000000 0.687269
v -0.541514 -0.147602 0.834465
v -0.603407 -0.071422 0.722886
v -0.603459 -0.213317 0.718518
v -0.664572 0.078661 0.796162
v -0.575173 0.156777 0.886332
v 0.000000 -0.349183 0.833841
v -0.132705 -0.326695 0.887307
v -0.130182 -0.434903 0.817350
v -0.140594 -0.078617 0.993836
v -0.140711 -0.211029 0.975258
v 0.000000 -0.129029 0.975133
v -0.397658 -0.351743 0.833150
v -0.281067 -0.290097 0.928734
v -0.425741 -0.238063 0.935489
v -0.430370 0.080217 0.936445
v -0.443988 -0.082756 0.966077
v -0.303206 0.000000 1.044770
v -0.941250 -0.121301 0.347425
v -0.882710 -0.121145 0.470857
v -1.062351 -0.129499 0.084247
v -1.018638 -0.126641 0.220969
v -0.954188 -0.392433 0.403853
v -0.996342 -0.259819 0.311995
v -0.998289 -0.391478 0.254681
v -0.832737 -0.114287 -0.444201
v -0.870325 -0.112160 -0.321246
v -0.807603 -0.316701 -0.206034
v -0.828272 -0.215991 -0.259365
v -0.800946 -0.329409 -0.338995
v -0.914836 -0.113736 -0.198451
v -0.995937 -0.121403 -0.078980
v -0.662828 -0.763547 0.083144
v -0.717062 -0.656500 0.000000
v -0.687021 -0.791417 -0.086179
v -0.914830 -0.511549 0.162223
v -0.809930 -0.582550 0.080222
v -0.793494 -0.574247 0.236166
v -0.801572 -0.580093 -0.238571
v -0.788221 -0.566935 -0.078072
v -0.798293 -0.446385 -0.141558
v -0.981149 -0.245356 0.000000
v -0.870335 -0.344660 -0.074741
v -0.928595 -0.367732 0.079744
v -0.752922 0.000000 -0.708625
v -0.806526 -0.075487 -0.603293
v -0.550714 0.150110 -0.848641
v -0.656813 0.077743 -0.786867
v -0.668782 -0.236408 -0.796296
v -0.685292 -0.081114 -0.820985
v -0.561217 -0.152973 -0.864826
v 0.000000 0.404469 -0.965864
v -0.138215 0.340260 -0.924149
v -0.140704 0.078678 -0.994614
v -0.135616 0.203387 -0.939941
v 0.000000 0.129401 -0.977945
v -0.269738 0.278405 -0.891301
v -0.399899 0.223613 -0.878707
v -0.140078 -0.467961 -0.879478
v -0.137366 -0.338171 -0.918475
v 0.000000 -0.395277 -0.943912
v -0.418553 -0.234044 -0.919695
v -0.279494 -0.288474 -0.923537
v -0.410536 -0.363135 -0.860132
v 0.000000 -0.125156 -0.945862
v -0.139693 -0.209503 -0.968202
v -0.143486 -0.080234 -1.014280
v -0.426769 0.079546 -0.928610
v -0.304627 0.000000 -1.049669
v -0.430280 -0.080200 -0.936249
v 0.219741 0.533147 -0.778712
v 0.145418 0.485802 -0.913008
v 0.354075 0.609349 -0.545624
v 0.297724 0.589157 -0.672753
v 0.408676 0.361489 -0.856234
v 0.376117 0.507389 -0.810733
v 0.499791 0.438253 -0.770170
v 0.633916 0.730242 -0.079517
v 0.560648 0.703847 -0.199113
v 0.689967 0.531024 -0.345464
v 0.615071 0.603681 -0.267827
v 0.748414 0.541623 -0.222749
v 0.456242 0.626599 -0.291422
v 0.438619 0.662533 -0.431019
v 0.839989 0.078619 -0.628323
v 0.834025 0.202796 -0.572449
v 0.904790 0.124176 -0.482636
v 0.620703 0.347081 -0.694934
v 0.734070 0.279925 -0.644466
v 0.653050 0.230847 -0.777565
v 0.855775 0.351958 -0.362201
v 0.793651 0.317263 -0.497943
v 0.762311 0.426264 -0.434868
v 0.486811 0.554728 -0.509578
v 0.637028 0.502976 -0.481708
v 0.552575 0.454869 -0.603043
v 0.659938 -0.760218 0.082781
v 0.588614 -0.738955 0.209045
v 0.543709 -0.878294 0.140240
v 0.723587 -0.556899 0.362297
v 0.629253 -0.617600 0.274002
v 0.789710 -0.571509 0.235040
v 0.420112 -0.855304 0.409255
v 0.562532 -0.772576 0.359314
v 0.507976 -0.767296 0.499174
v 0.843700 -0.078966 0.631100
v 0.823853 -0.200322 0.565466
v 0.873567 -0.119891 0.465981
v 0.680711 -0.380636 0.762118
v 0.786938 -0.300085 0.690881
v 0.702641 -0.248377 0.836611
v 0.953003 -0.391946 0.403352
v 0.833105 -0.333035 0.522697
v 0.822760 -0.460066 0.469352
v 0.083772 -0.575460 0.771246
v 0.222198 -0.539108 0.787418
v 0.133281 -0.445255 0.836804
v 0.401772 -0.691433 0.619124
v 0.313487 -0.620349 0.708371
v 0.253721 -0.734560 0.618478
v 0.407353 -0.360319 0.853462
v 0.363831 -0.490815 0.784249
v 0.509423 -0.446699 0.785013
v 0.697406 -0.550648 0.527364
v 0.633103 -0.521158 0.690926
v 0.545634 -0.621758 0.571152
v 0.404240 -0.943689 0.141491
v 0.439464 -0.902011 0.000000
v 0.267519 -0.903566 0.412243
v 0.343694 -0.945754 0.286935
v 0.133793 -0.869094 0.000000
v 0.249035 -0.989226 0.143084
v 0.078534 -0.853326 0.121019
v -0.086581 -0.594751 0.797100
v 0.000000 -0.668571 0.712144
v -0.178275 -0.866292 0.563577
v -0.092350 -0.803404 0.672298
v -0.263850 -0.763883 0.643168
v 0.086687 -0.754136 0.631070
v 0.164895 -0.801272 0.521277
v -0.424333 -0.870954 0.000000
v -0.380798 -0.888963 0.133286
v -0.507810 -0.820304 0.130980
v -0.079721 -0.866228 0.122849
v -0.224659 -0.892398 0.129079
v -0.134342 -0.872659 0.000000
v -0.383235 -0.780225 0.373331
v -0.310455 -0.854288 0.259185
v -0.246816 -0.833641 0.380340
v 0.083873 -0.841579 0.387741
v -0.085063 -0.853517 0.393241
v 0.000000 -0.884700 0.257395
v 0.378826 -0.884359 -0.132595
v 0.536534 -0.866703 -0.138389
v 0.081081 -0.881006 -0.124945
v 0.234707 -0.932311 -0.134852
v 0.370092 -0.753469 -0.360528
v 0.302304 -0.831858 -0.252380
v 0.231456 -0.781759 -0.356670
v -0.532393 -0.860015 -0.137321
v -0.365156 -0.852446 -0.127811
v -0.243755 -0.823300 -0.375623
v -0.307534 -0.846249 -0.256746
v -0.393038 -0.800184 -0.382881
v -0.224346 -0.891154 -0.128899
v -0.085026 -0.923868 -0.131024
v 0.086484 -0.594088 -0.796211
v 0.000000 -0.663698 -0.706954
v -0.082811 -0.568860 -0.762400
v 0.158034 -0.767933 -0.499588
v 0.083087 -0.722819 -0.604863
v 0.230054 -0.666041 -0.560787
v -0.253912 -0.735113 -0.618944
v -0.087814 -0.763945 -0.639278
v -0.168712 -0.819821 -0.533345
v 0.000000 -0.895749 -0.260610
v -0.083622 -0.839063 -0.386582
v 0.082361 -0.826410 -0.380753
v 0.638278 -0.801305 -0.226683
v 0.684026 -0.787966 -0.085803
v 0.475558 -0.718329 -0.467317
v 0.530763 -0.728946 -0.339022
v 0.789351 -0.571249 -0.234933
v 0.695059 -0.682188 -0.302656
v 0.729440 -0.561404 -0.365228
v 0.140410 -0.469070 -0.881564
v 0.233291 -0.566022 -0.826729
v 0.537416 -0.471245 -0.828149
v 0.389885 -0.525963 -0.840411
v 0.455919 -0.403278 -0.955216
v 0.311853 -0.617115 -0.704678
v 0.374100 -0.643812 -0.576483
v 0.916708 -0.125811 -0.488993
v 0.850995 -0.206922 -0.584096
v 0.876025 -0.081992 -0.655279
v 0.738570 -0.412989 -0.421325
v 0.805745 -0.322098 -0.505531
v 0.843134 -0.346759 -0.356851
v 0.634617 -0.224331 -0.755617
v 0.729479 -0.278174 -0.640435
v 0.623623 -0.348713 -0.698203
v 0.520643 -0.593281 -0.544993
v 0.568004 -0.467570 -0.619881
v 0.652783 -0.515415 -0.493621
v 0.741181 -0.678582 0.000000
v 0.818626 -0.457754 -0.145164
v 0.829775 -0.596823 -0.082188
v 0.835318 -0.600810 0.082737
v 0.900521 -0.503548 0.159686
v 0.973406 0.000000 -0.408649
v 0.983592 -0.126757 -0.363054
v 1.039462 -0.126709 -0.082432
v 1.052234 -0.130818 -0.228256
v 1.097372 0.000000 -0.145568
v 0.971256 -0.253278 -0.304140
v 0.909443 -0.356637 -0.232015
v 0.952175 -0.122709 0.351458
v 0.885905 0.000000 0.371915
v 0.982309 -0.385212 0.250604
v 1.055635 -0.275281 0.330562
v 1.047964 0.000000 0.139014
v 1.052940 -0.130905 0.228410
v 1.083577 -0.132086 0.085930
v 0.968982 -0.383725 -0.083212
v 1.068900 -0.267300 0.000000
v 1.014044 -0.401571 0.087082
v 0.135276 -0.333025 0.904498
v 0.407255 -0.227726 0.894869
v 0.280499 -0.289511 0.926858
v 0.129979 -0.194934 0.900876
v 0.129385 -0.072349 0.914600
v 0.748479 0.000000 0.704444
v 0.562596 0.153349 0.866952
v 0.693909 0.082134 0.831308
v 0.704823 -0.083426 0.844383
v 0.587474 -0.160130 0.905288
v 0.132855 0.327065 0.888311
v 0.129735 0.072544 0.917073
v 0.136605 0.204872 0.946802
v 0.282638 0.291719 0.933927
v 0.410459 0.229518 0.901910
v 0.420660 -0.078407 0.915317
v 0.423650 0.078965 0.921823
v 0.273251 0.000000 0.941555
v -0.573918 -0.720506 0.203826
v -0.474277 -0.716393 0.466058
v -0.513363 -0.705049 0.327908
v -0.632414 -0.620703 0.275378
v -0.716251 -0.551253 0.358624
v -0.219727 -0.533112 0.778661
v -0.508863 -0.446208 0.784150
v -0.349452 -0.471417 0.753255
v -0.319536 -0.632320 0.722040
v -0.389376 -0.670101 0.600023
v -0.785544 -0.191007 0.539173
v -0.812295 -0.454214 0.463382
v -0.830810 -0.332118 0.521258
v -0.752331 -0.286888 0.660498
v -0.607987 -0.339970 0.680697
v -0.532242 -0.606498 0.557134
v -0.589305 -0.485104 0.643127
v -0.641155 -0.506234 0.484829
v -0.226238 -0.548909 -0.801734
v -0.371031 -0.638529 -0.571753
v -0.307076 -0.607662 -0.693883
v -0.358023 -0.482980 -0.771731
v -0.522926 -0.458539 -0.805821
v -0.599304 -0.752377 -0.212842
v -0.754548 -0.580728 -0.377800
v -0.707703 -0.694598 -0.308162
v -0.535834 -0.735911 -0.342261
v -0.449621 -0.679151 -0.441830
v -0.825483 -0.200719 -0.566585
v -0.690450 -0.386082 -0.773022
v -0.743759 -0.283620 -0.652973
v -0.806078 -0.322231 -0.505741
v -0.772333 -0.431868 -0.440585
v -0.532001 -0.606223 -0.556882
v -0.659742 -0.520909 -0.498883
v -0.634546 -0.522346 -0.692501
v 0.780169 0.000000 -0.734269
v 0.527642 -0.143821 -0.813088
v 0.651790 -0.077148 -0.780849
v 0.659571 0.078070 -0.790172
v 0.530252 0.144532 -0.817110
v 0.143596 -0.353508 -0.960130
v 0.137778 -0.077042 -0.973929
v 0.141853 -0.212742 -0.983171
v 0.286758 -0.295971 -0.947539
v 0.426354 -0.238406 -0.936837
v 0.150882 0.371445 -1.008847
v 0.404623 0.226255 -0.889087
v 0.283563 0.292674 -0.936983
v 0.149824 0.224697 -1.038420
v 0.140733 0.078694 -0.994816
v 0.417516 -0.077821 -0.908476
v 0.288965 0.000000 -0.995701
v 0.424127 0.079054 -0.922861
v 0.890492 0.114759 0.328690
v 0.998440 0.121708 0.079179
v 0.930107 0.115634 0.201764
v 0.895969 0.233645 0.280564
v 0.912547 0.357855 0.232807
v 0.956107 0.123215 -0.352909
v 0.867624 0.340238 -0.221346
v 0.899768 0.234636 -0.281754
v 1.009636 0.125522 -0.219016
v 1.054272 0.128514 -0.083606
v 0.771897 0.706704 0.000000
v 0.902567 0.504692 0.160048
v 0.884067 0.635873 0.087565
v 0.846077 0.608549 -0.083803
v 0.901655 0.504182 -0.159887
v 0.983445 0.245930 0.000000
v 0.955146 0.378247 -0.082024
v 0.981915 0.388847 0.084323
v -0.586660 0.760110 0.039693
v -0.545716 0.740007 0.100294
v -0.506349 0.778036 0.062633
v -0.648660 0.693430 0.182467
v -0.609489 0.732454 0.143838
v -0.691405 0.709861 0.121550
v -0.481740 0.819957 0.195391
v -0.543935 0.772712 0.168912
v -0.532148 0.792906 0.238451
v -0.803835 0.528386 0.343748
v -0.787852 0.587626 0.311668
v -0.858406 0.548342 0.284789
v -0.639525 0.651369 0.355685
v -0.696313 0.606413 0.326923
v -0.673726 0.607113 0.394965
v -0.773741 0.630857 0.201779
v -0.759559 0.639846 0.274264
v -0.709399 0.672064 0.230023
v -0.352659 0.770995 0.433847
v -0.436062 0.762314 0.426826
v -0.396021 0.735833 0.478705
v -0.506886 0.794654 0.307962
v -0.489448 0.808667 0.381721
v -0.430431 0.821591 0.326105
v -0.545083 0.684587 0.445366
v -0.523647 0.752770 0.418757
v -0.567759 0.684807 0.377890
v -0.636980 0.706977 0.253392
v -0.599353 0.692448 0.315033
v -0.571152 0.749017 0.279726
v -0.810981 0.036401 0.539344
v -0.847188 0.098691 0.538338
v -0.860180 0.059518 0.482375
v -0.788450 0.178326 0.635527
v -0.835289 0.140990 0.598918
v -0.804987 0.118475 0.675605
v -0.893709 0.183049 0.452442
v -0.867625 0.163017 0.526267
v -0.884565 0.228647 0.511547
v -0.597746 0.334244 0.783569
v -0.645739 0.294379 0.746012
v -0.632446 0.282328 0.853119
v -0.730432 0.342829 0.617953
v -0.661388 0.306473 0.654391
v -0.691503 0.386670 0.661230
v -0.743988 0.204535 0.786277
v -0.711671 0.262199 0.727966
v -0.760591 0.223753 0.691792
v -0.900589 0.435582 0.354956
v -0.829146 0.399030 0.408687
v -0.842885 0.471319 0.390888
v -0.903404 0.300926 0.496546
v -0.874505 0.354810 0.456084
v -0.971391 0.331401 0.438518
v -0.703418 0.393333 0.482605
v -0.774566 0.370353 0.464279
v -0.766401 0.363506 0.547516
v -0.818599 0.252184 0.635531
v -0.794791 0.310799 0.592780
v -0.849157 0.272575 0.557947
v -0.042558 0.541995 0.817010
v -0.114417 0.536447 0.846327
v -0.072439 0.504625 0.902112
v -0.182591 0.559314 0.695638
v -0.152489 0.556770 0.778452
v -0.123328 0.604483 0.722050
v -0.205825 0.437273 0.865911
v -0.182338 0.505953 0.836225
v -0.243517 0.468281 0.811779
v -0.356782 0.718910 0.549795
v -0.323488 0.704622 0.611440
v -0.276060 0.716998 0.532867
v -0.359166 0.556458 0.659392
v -0.332624 0.610460 0.618533
v -0.396868 0.583332 0.611568
v -0.202842 0.670229 0.635770
v -0.275646 0.657795 0.644683
v -0.227781 0.605314 0.667181
v -0.467777 0.327644 0.833376
v -0.465993 0.410225 0.834353
v -0.535183 0.381503 0.824709
v -0.328403 0.465763 0.849522
v -0.387588 0.428229 0.823155
v -0.331782 0.377350 0.837988
v -0.466829 0.492320 0.719376
v -0.440412 0.474548 0.793682
v -0.400653 0.518695 0.727877
v -0.245266 0.531268 0.686019
v -0.320973 0.526186 0.707271
v -0.289558 0.509449 0.777288
v -0.732776 0.484185 0.393346
v -0.681217 0.456946 0.535231
v -0.679865 0.452271 0.445963
v -0.685143 0.533833 0.426656
v -0.632923 0.581033 0.458401
v -0.572117 0.399490 0.746088
v -0.507608 0.511049 0.652070
v -0.532455 0.451275 0.689687
v -0.617567 0.424243 0.682975
v -0.643285 0.436221 0.603807
v -0.438373 0.703697 0.540963
v -0.587659 0.644488 0.502963
v -0.506950 0.665940 0.515410
v -0.474388 0.656420 0.595043
v -0.490510 0.583577 0.623290
v -0.622003 0.500856 0.567492
v -0.559114 0.544510 0.598309
v -0.604228 0.570661 0.534614
v -0.449195 0.814834 0.063222
v -0.479675 0.824786 0.000000
v -0.433627 0.885073 0.204137
v -0.447435 0.859555 0.132923
v -0.354637 0.890087 0.000000
v -0.400458 0.875060 0.065931
v -0.327446 0.884916 0.065016
v -0.278533 0.782218 0.429215
v -0.315022 0.805725 0.376325
v -0.244446 0.890586 0.264549
v -0.287189 0.869717 0.329405
v -0.209310 0.869635 0.322544
v -0.361816 0.851992 0.330014
v -0.395054 0.864910 0.268166
v -0.078035 1.018692 0.000000
v -0.126886 1.031328 0.073030
v -0.047673 1.042452 0.073463
v -0.272996 0.965357 0.069977
v -0.203687 1.007125 0.071942
v -0.230077 0.988320 0.000000
v -0.138015 0.989335 0.212679
v -0.173521 1.014623 0.145311
v -0.204560 0.927600 0.201481
v -0.358017 0.904021 0.204605
v -0.286127 0.934779 0.207431
v -0.325131 0.961672 0.141586
v 0.042740 0.544319 0.820514
v 0.000000 0.583845 0.782482
v 0.085659 0.673912 0.717833
v 0.043311 0.637213 0.760575
v 0.127687 0.625847 0.747570
v -0.041757 0.614346 0.733281
v -0.085545 0.673012 0.716874
v 0.234129 0.750562 0.488288
v 0.190071 0.698690 0.517999
v 0.268575 0.697557 0.518419
v 0.039713 0.722159 0.534155
v 0.117679 0.726189 0.537554
v 0.074965 0.733099 0.476926
v 0.213237 0.704576 0.668352
v 0.164485 0.719648 0.604040
v 0.125481 0.692171 0.653615
v -0.207333 0.762143 0.565043
v -0.237751 0.762174 0.495842
v -0.130485 0.719773 0.679680
v -0.165897 0.725825 0.609225
v -0.081437 0.796389 0.518101
v -0.123517 0.762208 0.564217
v -0.041957 0.762979 0.564349
v 0.044071 0.728813 0.688758
v 0.000000 0.735916 0.615822
v -0.043255 0.715314 0.676002
v 0.489957 0.842464 0.000000
v 0.479873 0.870484 0.067540
v 0.519913 0.798878 0.064310
v 0.371297 1.003422 0.073723
v 0.429056 0.937550 0.070639
v 0.387464 0.972477 0.000000
v 0.465520 0.792350 0.188812
v 0.451734 0.867813 0.134200
v 0.425732 0.868958 0.200420
v 0.047653 1.042024 0.073433
v 0.127440 1.035828 0.073349
v 0.078833 1.029118 0.000000
v 0.211572 0.959394 0.208386
v 0.168868 0.987415 0.141414
v 0.136173 0.976129 0.209840
v 0.233332 1.002306 0.000000
v 0.203766 1.007519 0.071970
v 0.292245 1.033422 0.074911
v 0.348635 0.762199 0.428897
v 0.322797 0.825612 0.385613
v 0.288764 0.810949 0.444980
v 0.396200 0.867419 0.268943
v 0.357514 0.841861 0.326090
v 0.427706 0.816389 0.324040
v 0.211856 0.880210 0.326466
v 0.294071 0.890560 0.337299
v 0.249250 0.908090 0.269748
v 0.346348 1.024428 0.150826
v 0.289861 0.946978 0.210138
v 0.373025 0.941917 0.213182
v -0.198155 0.785532 0.432474
v -0.039902 0.773408 0.427147
v -0.120097 0.797864 0.440185
v -0.161305 0.820181 0.376063
v -0.125926 0.867607 0.324573
v 0.199415 0.790525 0.435223
v 0.127203 0.876407 0.327865
v 0.165259 0.840287 0.385282
v 0.115530 0.767525 0.423447
v 0.039663 0.768775 0.424588
v 0.000000 1.022115 0.144957
v -0.086588 0.923408 0.268657
v -0.045186 0.970121 0.209032
v 0.044961 0.965279 0.207989
v 0.084391 0.899980 0.261840
v 0.000000 0.801053 0.369069
v 0.041364 0.853215 0.318705
v -0.040923 0.844132 0.315312
v -0.459528 0.833577 -0.064676
v -0.510817 0.784901 -0.063185
v -0.336395 0.909099 -0.066793
v -0.403742 0.882236 -0.066472
v -0.463446 0.788820 -0.187971
v -0.433486 0.832758 -0.128779
v -0.400334 0.817120 -0.188464
v -0.046335 1.013204 -0.071402
v -0.122776 0.997919 -0.070665
v -0.203437 0.922505 -0.200374
v -0.159664 0.933601 -0.133707
v -0.131981 0.946084 -0.203381
v -0.196299 0.970595 -0.069332
v -0.265572 0.939102 -0.068074
v -0.339445 0.742107 -0.417591
v -0.312849 0.800167 -0.373729
v -0.292587 0.821688 -0.450873
v -0.358324 0.784495 -0.243233
v -0.343238 0.808246 -0.313069
v -0.411633 0.785709 -0.311863
v -0.204442 0.849410 -0.315043
v -0.268588 0.813386 -0.308069
v -0.243505 0.887159 -0.263531
v -0.296524 0.877059 -0.129129
v -0.264561 0.864322 -0.191796
v -0.325686 0.822383 -0.186128
v 0.511313 0.785664 -0.063247
v 0.463460 0.840711 -0.065230
v 0.397494 0.811322 -0.187127
v 0.434121 0.833978 -0.128968
v 0.458814 0.780935 -0.186092
v 0.406915 0.889169 -0.066994
v 0.353393 0.955037 -0.070168
v 0.272615 0.765598 -0.420095
v 0.301510 0.771166 -0.360184
v 0.338366 0.739749 -0.416264
v 0.246395 0.897688 -0.266659
v 0.269157 0.815109 -0.308722
v 0.203768 0.846610 -0.314004
v 0.375185 0.716139 -0.284249
v 0.331261 0.780042 -0.302145
v 0.374308 0.819491 -0.254083
v 0.122175 0.993034 -0.070319
v 0.046090 1.007853 -0.071025
v 0.277943 0.982848 -0.071245
v 0.206833 1.022680 -0.073053
v 0.133163 0.954551 -0.205202
v 0.165212 0.966039 -0.138353
v 0.210211 0.953223 -0.207046
v 0.353449 0.892485 -0.201994
v 0.282813 0.923953 -0.205028
v 0.323399 0.956549 -0.140832
v -0.042217 0.537657 -0.810471
v 0.000000 0.618227 -0.828562
v 0.044244 0.563474 -0.849387
v -0.089485 0.704008 -0.749891
v -0.045191 0.664862 -0.793577
v -0.125626 0.615747 -0.735504
v 0.124202 0.608767 -0.727167
v 0.043014 0.632833 -0.755347
v 0.084890 0.667857 -0.711383
v -0.248083 0.795296 -0.517389
v -0.212290 0.780365 -0.578552
v -0.299960 0.779072 -0.579000
v -0.042956 0.781143 -0.577783
v -0.126781 0.782351 -0.579128
v -0.084212 0.823522 -0.535752
v -0.218873 0.723198 -0.686017
v -0.173405 0.758676 -0.636799
v -0.126958 0.700317 -0.661308
v 0.261452 0.679057 -0.504670
v 0.194806 0.716098 -0.530905
v 0.221080 0.708731 -0.461074
v 0.121967 0.672790 -0.635314
v 0.159525 0.697947 -0.585826
v 0.193564 0.639572 -0.606690
v 0.080984 0.791959 -0.515218
v 0.126175 0.778616 -0.576363
v 0.042243 0.768173 -0.568190
v -0.044266 0.732032 -0.691800
v 0.000000 0.753053 -0.630163
v 0.042777 0.707410 -0.668532
v 0.000000 0.997439 -0.141458
v 0.088750 0.946469 -0.275366
v 0.045556 0.978050 -0.210741
v -0.045922 0.985919 -0.212436
v -0.086799 0.925659 -0.269311
v 0.192800 0.764302 -0.420786
v 0.043336 0.839981 -0.463914
v 0.117159 0.778350 -0.429420
v 0.161984 0.823634 -0.377647
v 0.128457 0.885043 -0.331096
v -0.216928 0.859952 -0.473446
v -0.127400 0.877763 -0.328373
v -0.171421 0.871618 -0.399648
v -0.129290 0.858942 -0.473882
v -0.043285 0.838996 -0.463370
v 0.045014 0.928499 -0.346826
v 0.000000 0.896436 -0.413016
v -0.042281 0.872142 -0.325775
v -0.576349 0.781547 -0.105924
v -0.626058 0.811156 -0.042359
v -0.510268 0.760303 -0.228647
v -0.545478 0.774904 -0.169391
v -0.748811 0.768799 -0.131642
v -0.636597 0.765031 -0.150235
v -0.681744 0.728797 -0.191774
v -0.394514 0.733033 -0.476884
v -0.427754 0.747791 -0.418694
v -0.556824 0.671618 -0.370612
v -0.497101 0.714609 -0.397529
v -0.547265 0.687327 -0.447149
v -0.446949 0.738449 -0.348575
v -0.489052 0.766696 -0.297127
v -0.831020 0.530848 -0.275704
v -0.761651 0.568083 -0.301303
v -0.797767 0.524398 -0.341153
v -0.711031 0.673611 -0.230552
v -0.754499 0.635583 -0.272437
v -0.801196 0.653242 -0.208938
v -0.691758 0.623363 -0.405536
v -0.720622 0.627584 -0.338337
v -0.636785 0.648578 -0.354162
v -0.529062 0.693819 -0.259112
v -0.576319 0.665837 -0.302926
v -0.607366 0.674109 -0.241612
v -0.069784 0.486130 -0.869049
v -0.109245 0.512201 -0.808075
v -0.241571 0.464540 -0.805294
v -0.174711 0.484789 -0.801245
v -0.207075 0.439928 -0.871168
v -0.156346 0.570855 -0.798146
v -0.190382 0.583182 -0.725323
v -0.480033 0.342189 -0.739723
v -0.409842 0.360794 -0.733815
v -0.444581 0.311397 -0.792052
v -0.377282 0.488437 -0.685417
v -0.389800 0.420013 -0.702472
v -0.427520 0.450865 -0.658803
v -0.320789 0.364847 -0.810222
v -0.360774 0.398604 -0.766208
v -0.306494 0.434691 -0.792848
v -0.324923 0.707747 -0.614152
v -0.359192 0.723767 -0.553510
v -0.234275 0.622574 -0.686205
v -0.286009 0.682524 -0.668919
v -0.409702 0.602196 -0.631345
v -0.353260 0.648333 -0.656908
v -0.371735 0.575930 -0.682466
v -0.279699 0.492102 -0.750822
v -0.319479 0.523738 -0.703981
v -0.240652 0.521273 -0.673112
v -0.843782 0.058383 -0.473179
v -0.822946 0.095867 -0.522934
v -0.811431 0.036421 -0.539643
v -0.863495 0.223201 -0.499362
v -0.878341 0.165030 -0.532767
v -0.934887 0.191483 -0.473289
v -0.788104 0.115991 -0.661436
v -0.811362 0.136951 -0.581762
v -0.788859 0.178418 -0.635856
v -0.828403 0.463221 -0.384171
v -0.840460 0.404475 -0.414263
v -0.841503 0.407004 -0.331668
v -0.793229 0.376231 -0.566682
v -0.847795 0.405367 -0.508173
v -0.818795 0.457848 -0.561764
v -0.925993 0.315913 -0.418024
v -0.859475 0.348712 -0.448245
v -0.880055 0.293148 -0.483712
v -0.572120 0.255398 -0.771744
v -0.644033 0.293601 -0.744042
v -0.558875 0.312508 -0.732614
v -0.758983 0.223280 -0.690329
v -0.727202 0.267921 -0.743852
v -0.691355 0.190065 -0.730652
v -0.661068 0.369652 -0.632127
v -0.697218 0.323075 -0.689842
v -0.756988 0.355292 -0.640420
v -0.839974 0.269628 -0.551913
v -0.829876 0.324519 -0.618947
v -0.796822 0.245475 -0.618624
v -0.427679 0.686530 -0.527766
v -0.471368 0.560803 -0.598966
v -0.461484 0.638564 -0.578856
v -0.482827 0.634251 -0.490884
v -0.574675 0.630249 -0.491850
v -0.528069 0.368733 -0.688646
v -0.672118 0.455773 -0.630871
v -0.584590 0.401590 -0.646506
v -0.536784 0.454943 -0.695294
v -0.514672 0.518161 -0.661145
v -0.806474 0.532881 -0.432906
v -0.652531 0.599034 -0.472603
v -0.740235 0.576759 -0.460964
v -0.795707 0.529333 -0.521950
v -0.746797 0.500935 -0.586757
v -0.550790 0.536403 -0.589401
v -0.625914 0.504005 -0.571060
v -0.610019 0.576131 -0.539738
v -0.660595 0.760975 0.000000
v -0.821583 0.752193 -0.089985
v -0.759553 0.779244 -0.044486
v -0.695645 0.713679 0.040743
v -0.787614 0.721093 0.086264
v -0.891699 0.498615 -0.239680
v -0.860323 0.548232 -0.201668
v -0.949655 0.603752 -0.044999
v -0.883760 0.562296 -0.123404
v -0.933224 0.521834 -0.082230
v -0.859748 0.620262 -0.169326
v -0.850673 0.690446 -0.132884
v -0.909121 0.579328 0.213107
v -0.912568 0.510284 0.245289
v -0.826547 0.670863 0.129115
v -0.884917 0.638420 0.174283
v -1.025152 0.573238 0.090330
v -0.970997 0.617801 0.135586
v -0.999390 0.635371 0.047356
v -0.856223 0.695498 -0.044614
v -0.926748 0.666572 0.000000
v -0.867708 0.704826 0.045212
v -0.829441 0.000000 -0.415659
v -0.885830 0.059075 -0.420786
v -0.900996 0.056898 -0.287280
v -0.880918 0.057048 -0.347376
v -0.930507 0.000000 -0.319460
v -0.900696 0.119719 -0.403999
v -0.909695 0.180342 -0.384042
v -1.015092 0.061486 -0.040000
v -0.965848 0.058786 -0.102393
v -0.956179 0.000000 -0.063115
v -1.043558 0.194826 -0.198300
v -0.993394 0.122285 -0.146391
v -1.060351 0.195925 -0.127461
v -0.957466 0.000000 -0.192063
v -0.930872 0.057154 -0.162224
v -0.934510 0.058225 -0.227718
v -0.897883 0.360457 -0.302495
v -0.875407 0.412872 -0.268599
v -0.958766 0.255507 -0.377349
v -0.957775 0.318873 -0.350478
v -0.965382 0.307758 -0.200216
v -0.988307 0.321737 -0.281207
v -1.018311 0.259997 -0.240842
v -0.929792 0.117662 -0.270871
v -0.959060 0.182923 -0.252954
v -0.933368 0.181571 -0.318510
v -0.886947 0.059150 0.421317
v -0.890916 0.000000 0.446466
v -0.943583 0.187060 0.398348
v -0.891746 0.118529 0.399984
v -0.973495 0.000000 0.334218
v -0.931767 0.060341 0.367428
v -0.975153 0.061581 0.310925
v -0.927680 0.437526 0.284637
v -0.948394 0.380735 0.319512
v -1.065355 0.272008 0.251968
v -0.998028 0.324902 0.283973
v -1.040489 0.331702 0.215792
v -0.992895 0.330566 0.363329
v -1.000069 0.266514 0.393605
v -1.056824 0.000000 0.069758
v -1.067552 0.064976 0.113176
v -1.026803 0.062195 0.040462
v -1.003706 0.062536 0.244580
v -1.072433 0.065845 0.186894
v -1.060453 0.000000 0.212721
v -1.126093 0.208072 0.135364
v -1.075649 0.132410 0.158512
v -1.109710 0.207176 0.210870
v -1.035730 0.201484 0.353441
v -1.078537 0.205711 0.284466
v -1.049175 0.132770 0.305650
v -0.896955 0.424448 -0.194965
v -0.999648 0.321436 -0.125022
v -0.930297 0.366632 -0.157654
v -0.932439 0.442166 -0.120939
v -1.014434 0.481560 -0.045097
v -1.078797 0.131504 0.000000
v -1.102413 0.275680 0.089074
v -1.103391 0.204350 0.044285
v -1.112918 0.206114 -0.044667
v -1.077395 0.269424 -0.087053
v -0.973711 0.460769 0.211649
v -1.044186 0.495683 0.046420
v -1.057730 0.501579 0.137190
v -1.005217 0.396159 0.170350
v -1.096138 0.352462 0.137089
v -1.032061 0.331355 -0.043113
v -1.077197 0.345846 0.044999
v -1.048775 0.415324 0.000000
v 0.583016 0.790587 0.107149
v 0.577365 0.748066 0.039064
v 0.495157 0.737788 0.221876
v 0.522946 0.742895 0.162394
v 0.693493 0.712005 0.121917
v 0.626363 0.752732 0.147820
v 0.642572 0.686922 0.180755
v 0.374007 0.694930 0.452095
v 0.427021 0.746508 0.417976
v 0.579425 0.698878 0.385655
v 0.507871 0.730092 0.406142
v 0.533125 0.669570 0.435597
v 0.462863 0.764742 0.360987
v 0.483846 0.758533 0.293964
v 0.864716 0.552373 0.286883
v 0.777329 0.579776 0.307505
v 0.831828 0.546787 0.355719
v 0.712026 0.674554 0.230875
v 0.740517 0.623804 0.267388
v 0.791564 0.645389 0.206427
v 0.732030 0.659653 0.429145
v 0.758766 0.660803 0.356245
v 0.673616 0.686091 0.374646
v 0.556856 0.730268 0.272724
v 0.589716 0.681314 0.309968
v 0.617063 0.684872 0.245469
v 0.068453 0.476859 0.852474
v 0.114725 0.537894 0.848609
v 0.250209 0.481151 0.834090
v 0.178293 0.494727 0.817671
v 0.207226 0.440248 0.871801
v 0.152968 0.558518 0.780897
v 0.193402 0.592432 0.736828
v 0.508108 0.362202 0.782986
v 0.449173 0.395417 0.804235
v 0.461829 0.323477 0.822779
v 0.424574 0.549663 0.771335
v 0.430932 0.464333 0.776597
v 0.489969 0.516724 0.755035
v 0.336238 0.382418 0.849243
v 0.387232 0.427836 0.822398
v 0.321249 0.455616 0.831016
v 0.290239 0.632200 0.548595
v 0.319836 0.644464 0.492862
v 0.248152 0.659451 0.726851
v 0.273790 0.653365 0.640341
v 0.419949 0.617257 0.647135
v 0.343748 0.630876 0.639219
v 0.377589 0.585000 0.693214
v 0.305959 0.538305 0.821316
v 0.355545 0.582863 0.783454
v 0.278767 0.603835 0.779723
v 0.834346 0.057730 0.467888
v 0.799676 0.093156 0.508147
v 0.786166 0.035287 0.522840
v 0.844032 0.218170 0.488107
v 0.794473 0.149272 0.481896
v 0.866800 0.177537 0.438819
v 0.768579 0.113117 0.645049
v 0.783617 0.132268 0.561869
v 0.778764 0.176135 0.627719
v 0.871294 0.487205 0.404062
v 0.836582 0.402609 0.412352
v 0.878946 0.425114 0.346426
v 0.774047 0.367133 0.552978
v 0.824615 0.394284 0.494279
v 0.771907 0.431630 0.529595
v 0.910106 0.310493 0.410852
v 0.841823 0.341550 0.439039
v 0.831774 0.277066 0.457176
v 0.617589 0.275696 0.833078
v 0.645583 0.294307 0.745832
v 0.626148 0.350125 0.820800
v 0.748477 0.220189 0.680774
v 0.707552 0.260681 0.723752
v 0.723304 0.198849 0.764418
v 0.692979 0.387495 0.662641
v 0.712027 0.329937 0.704494
v 0.721922 0.338834 0.610754
v 0.825551 0.264998 0.542437
v 0.768789 0.300631 0.573387
v 0.787270 0.242532 0.611208
v 0.406903 0.653180 0.502128
v 0.507053 0.603259 0.644311
v 0.440949 0.610149 0.553098
v 0.494249 0.649255 0.502497
v 0.572435 0.627792 0.489933
v 0.566573 0.395619 0.738858
v 0.658946 0.446841 0.618507
v 0.618968 0.425206 0.684524
v 0.548830 0.465152 0.710897
v 0.526984 0.530557 0.676961
v 0.801493 0.529590 0.430232
v 0.663781 0.609361 0.480751
v 0.754873 0.588164 0.470079
v 0.755517 0.502598 0.495587
v 0.686136 0.460245 0.539095
v 0.568835 0.553977 0.608711
v 0.638106 0.513822 0.582184
v 0.597898 0.564684 0.529014
v -0.070012 0.428633 0.904610
v 0.000000 0.443561 0.887338
v -0.205441 0.376033 0.892959
v -0.135188 0.392115 0.876393
v 0.000000 0.306688 0.895543
v -0.068847 0.360328 0.916053
v -0.065134 0.282666 0.888746
v -0.469144 0.262333 0.857130
v -0.410933 0.296411 0.882028
v -0.284939 0.226867 0.961630
v -0.340043 0.255456 0.900055
v -0.345998 0.193473 0.935209
v -0.326886 0.308813 0.846030
v -0.261797 0.332325 0.846485
v 0.000000 0.062267 0.945705
v -0.067570 0.101161 0.956614
v -0.067677 0.037843 0.962758
v -0.067590 0.227212 0.934769
v -0.067450 0.164554 0.946611
v 0.000000 0.181537 0.907260
v -0.219592 0.122790 1.024053
v -0.141877 0.145986 0.993130
v -0.209404 0.183197 0.966494
v -0.194868 0.293815 0.863159
v -0.202228 0.240366 0.913619
v -0.134708 0.266548 0.917248
v -0.821742 -0.036884 0.546500
v -0.798890 0.000000 0.597581
v -0.727438 -0.074798 0.684641
v -0.776482 -0.038101 0.652170
v -0.729295 -0.107335 0.612078
v -0.796409 0.039079 0.668907
v -0.794538 0.081698 0.747794
v -0.534123 -0.220681 0.823076
v -0.570401 -0.180348 0.771299
v -0.568083 -0.253596 0.766299
v -0.592140 -0.037934 0.802559
v -0.558696 -0.105390 0.756641
v -0.556401 -0.075360 0.857406
v -0.636465 -0.174975 0.672643
v -0.598929 -0.140534 0.715347
v -0.644416 -0.106602 0.684140
v -0.653066 0.206485 0.883078
v -0.583031 0.240888 0.898442
v -0.733878 0.121401 0.779116
v -0.666643 0.156422 0.796223
v -0.574531 0.077816 0.885344
v -0.630107 0.118861 0.853354
v -0.610468 0.039108 0.827400
v -0.703677 -0.038798 0.746466
v -0.628585 0.000000 0.753050
v -0.702461 0.038730 0.745175
v 0.000000 -0.421658 0.843522
v -0.062183 -0.380700 0.803451
v -0.065864 -0.458821 0.820229
v -0.065532 -0.284395 0.894181
v -0.062815 -0.328759 0.835795
v 0.000000 -0.294045 0.858627
v -0.192857 -0.409722 0.811353
v -0.125257 -0.363309 0.812012
v -0.197392 -0.361302 0.857976
v -0.067625 -0.037814 0.962017
v -0.070156 -0.105033 0.993228
v 0.000000 -0.064514 0.979829
v -0.216194 -0.189137 0.997833
v -0.142520 -0.146647 0.997630
v -0.220020 -0.123030 1.026050
v 0.000000 -0.185241 0.925774
v -0.069479 -0.169505 0.975089
v -0.067615 -0.227294 0.935105
v -0.469870 -0.329110 0.837105
v -0.408632 -0.294751 0.877088
v -0.481696 -0.269352 0.880061
v -0.260935 -0.331230 0.843697
v -0.330975 -0.312677 0.856615
v -0.335785 -0.381903 0.848098
v -0.366478 -0.204925 0.990565
v -0.345623 -0.259648 0.914825
v -0.286822 -0.228367 0.967985
v -0.137911 -0.272885 0.939054
v -0.213110 -0.253300 0.962779
v -0.201323 -0.303548 0.891752
v -0.493844 0.194976 0.899252
v -0.503424 0.040522 0.913803
v -0.502047 0.118028 0.912273
v -0.429138 0.158609 0.938281
v -0.359870 0.120308 0.964369
v -0.492674 -0.194514 0.897122
v -0.381167 -0.127428 1.021441
v -0.436891 -0.161475 0.955232
v -0.496681 -0.116766 0.902521
v -0.502615 -0.040457 0.912334
v -0.141581 0.000000 1.000812
v -0.287902 0.079955 0.992037
v -0.216128 0.040258 1.005565
v -0.225154 -0.041939 1.047560
v -0.305490 -0.084840 1.052641
v -0.443261 0.000000 0.964494
v -0.380808 -0.042588 1.022028
v -0.381353 0.042649 1.023492
v -0.906530 -0.060456 0.430619
v -0.886194 -0.061318 0.496963
v -0.983671 -0.062119 0.313641
v -0.886586 -0.057416 0.349611
v -0.915330 -0.187477 0.463388
v -0.920797 -0.122391 0.413014
v -0.970845 -0.192464 0.409857
v -1.033316 -0.062590 0.040718
v -1.035588 -0.063031 0.109787
v -1.030190 -0.192330 0.195760
v -1.028830 -0.126647 0.151613
v -1.046498 -0.193365 0.125796
v -1.039179 -0.063804 0.181098
v -1.024865 -0.063855 0.249736
v -0.911119 -0.440675 0.359106
v -0.995433 -0.399619 0.335360
v -0.975445 -0.460053 0.299293
v -0.978362 -0.260729 0.385062
v -0.974950 -0.324591 0.356763
v -0.932883 -0.318264 0.421135
v -0.995484 -0.317354 0.206459
v -1.011838 -0.329398 0.287902
v -1.013724 -0.258826 0.239757
v -0.964382 -0.122040 0.280948
v -1.041554 -0.198657 0.274712
v -0.992538 -0.193082 0.338701
v -0.815110 -0.056399 -0.457100
v -0.815475 -0.054383 -0.387366
v -0.799023 -0.158402 -0.337320
v -0.862689 -0.114667 -0.386951
v -0.817280 -0.167395 -0.413750
v -0.883217 -0.057197 -0.348283
v -0.911401 -0.057555 -0.290598
v -0.828100 -0.390560 -0.254084
v -0.815738 -0.327480 -0.274821
v -0.828381 -0.400657 -0.326496
v -0.865237 -0.220914 -0.204638
v -0.811994 -0.264340 -0.231040
v -0.863479 -0.275272 -0.179081
v -0.772485 -0.263542 -0.348726
v -0.802064 -0.267032 -0.293499
v -0.808305 -0.215410 -0.318131
v -0.973285 -0.059238 -0.103182
v -0.998455 -0.060478 -0.039345
v -0.944520 -0.058849 -0.230157
v -0.947967 -0.058203 -0.165203
v -0.951484 -0.175809 -0.114375
v -0.919945 -0.113243 -0.135567
v -0.907554 -0.169435 -0.172456
v -0.804957 -0.156591 -0.274690
v -0.837241 -0.159688 -0.220824
v -0.898832 -0.113745 -0.261852
v -0.636932 -0.825245 0.043095
v -0.660093 -0.760397 0.000000
v -0.619347 -0.802461 -0.041905
v -0.745370 -0.682417 0.081637
v -0.666959 -0.684250 0.039063
v -0.682367 -0.700582 0.119961
v -0.705565 -0.724399 -0.124039
v -0.684180 -0.701917 -0.040071
v -0.715724 -0.655275 -0.078390
v -0.922673 -0.515935 0.248005
v -0.873967 -0.556926 0.204866
v -0.850503 -0.543294 0.282167
v -0.880882 -0.560028 0.041741
v -0.843404 -0.536619 0.117769
v -0.869984 -0.486472 0.076658
v -0.750931 -0.612259 0.195830
v -0.792173 -0.571510 0.156017
v -0.776438 -0.630193 0.121287
v -0.812502 -0.519019 -0.269560
v -0.803179 -0.511817 -0.188273
v -0.789388 -0.441405 -0.212180
v -0.773736 -0.628000 -0.120865
v -0.780341 -0.562974 -0.153686
v -0.788021 -0.642500 -0.205502
v -0.801135 -0.447974 -0.070591
v -0.758135 -0.482367 -0.105863
v -0.851697 -0.541474 -0.040358
v -0.771981 -0.627069 0.040224
v -0.833803 -0.599720 0.000000
v -0.767566 -0.623482 -0.039994
v -1.035228 -0.126193 0.000000
v -0.928327 -0.232147 -0.075008
v -1.021284 -0.189144 -0.040990
v -1.013755 -0.187749 0.040687
v -1.012301 -0.253146 0.081793
v -0.808768 -0.382717 -0.175797
v -0.846176 -0.401686 -0.037617
v -0.804131 -0.381322 -0.104298
v -0.854126 -0.336613 -0.144745
v -0.930239 -0.299118 -0.116341
v -0.945123 -0.447241 0.205435
v -0.976917 -0.314127 0.122179
v -0.975182 -0.384322 0.165260
v -0.906674 -0.429948 0.117597
v -0.895331 -0.425021 0.039803
v -0.950351 -0.305121 -0.039700
v -0.914204 -0.362033 0.000000
v -0.954859 -0.306568 0.039888
v -0.790805 0.000000 -0.591534
v -0.808986 -0.036311 -0.538017
v -0.779264 0.080127 -0.733418
v -0.784987 0.038518 -0.659314
v -0.792415 -0.116625 -0.665054
v -0.761598 -0.037371 -0.639669
v -0.745953 -0.076702 -0.702067
v -0.526948 0.217717 -0.812019
v -0.590001 0.186545 -0.797802
v -0.607017 0.038887 -0.822723
v -0.588826 0.111074 -0.797446
v -0.550523 0.074564 -0.848347
v -0.656824 0.154118 -0.784495
v -0.700563 0.115890 -0.743748
v -0.626713 -0.279769 -0.845386
v -0.600547 -0.189880 -0.812063
v -0.550568 -0.227476 -0.848416
v -0.723287 -0.119649 -0.767872
v -0.685671 -0.160887 -0.818950
v -0.727813 -0.200088 -0.769183
v -0.577409 -0.078206 -0.889778
v -0.640990 -0.120914 -0.868093
v -0.657568 -0.042126 -0.891236
v -0.730130 0.040256 -0.774527
v -0.696204 0.000000 -0.834058
v -0.712637 -0.039292 -0.755970
v 0.000000 0.463572 -0.927370
v -0.072924 0.446458 -0.942230
v -0.071565 0.310575 -0.976496
v -0.073346 0.383877 -0.975921
v 0.000000 0.336331 -0.982103
v -0.143011 0.414805 -0.927107
v -0.205621 0.376362 -0.893740
v -0.067244 0.037601 -0.956595
v -0.071460 0.106984 -1.011681
v 0.000000 0.061692 -0.936971
v -0.203598 0.178117 -0.939697
v -0.140069 0.144125 -0.980474
v -0.207186 0.115853 -0.966200
v 0.000000 0.196552 -0.982300
v -0.070173 0.171197 -0.984825
v -0.068831 0.231383 -0.951931
v -0.398896 0.287728 -0.856191
v -0.446462 0.249650 -0.815688
v -0.266128 0.337822 -0.860488
v -0.336043 0.317464 -0.869730
v -0.356144 0.199147 -0.962634
v -0.337495 0.253542 -0.893311
v -0.277445 0.220901 -0.936340
v -0.134979 0.267085 -0.919095
v -0.198645 0.236107 -0.897429
v -0.198120 0.298718 -0.877564
v -0.069450 -0.483801 -0.864885
v -0.069033 -0.422639 -0.891962
v 0.000000 -0.450218 -0.900654
v -0.207338 -0.379507 -0.901206
v -0.135438 -0.392840 -0.878013
v -0.212236 -0.450894 -0.892882
v 0.000000 -0.329499 -0.962153
v -0.068944 -0.360839 -0.917351
v -0.071042 -0.308305 -0.969358
v -0.481043 -0.268987 -0.878869
v -0.412356 -0.297437 -0.885083
v -0.491373 -0.344171 -0.875414
v -0.278157 -0.221468 -0.938743
v -0.346899 -0.260607 -0.918203
v -0.348612 -0.194935 -0.942274
v -0.337298 -0.383624 -0.851921
v -0.336322 -0.317728 -0.870453
v -0.276785 -0.351351 -0.894947
v 0.000000 -0.059765 -0.907699
v -0.071025 -0.106333 -1.005526
v -0.069457 -0.038839 -0.988078
v -0.070349 -0.236485 -0.972921
v -0.068698 -0.167599 -0.964126
v 0.000000 -0.198887 -0.993972
v -0.219118 -0.122525 -1.021842
v -0.141513 -0.145612 -0.990586
v -0.206335 -0.180512 -0.952332
v -0.210685 -0.317663 -0.933218
v -0.206936 -0.245962 -0.934889
v -0.141378 -0.279746 -0.962664
v -0.473934 0.187115 -0.862997
v -0.357712 0.119587 -0.958587
v -0.427010 0.157822 -0.933627
v -0.500518 0.117668 -0.909494
v -0.499114 0.040175 -0.905979
v -0.141931 0.000000 -1.003282
v -0.297858 -0.082720 -1.026345
v -0.229240 -0.042700 -1.066570
v -0.208504 0.038838 -0.970093
v -0.284528 0.079018 -0.980413
v -0.485114 -0.191529 -0.883356
v -0.502898 -0.040480 -0.912848
v -0.491177 -0.115472 -0.892520
v -0.428545 -0.158390 -0.936983
v -0.363298 -0.121454 -0.973556
v -0.377411 0.042208 -1.012911
v -0.362781 -0.040572 -0.973647
v -0.433452 0.000000 -0.943150
v 0.118258 0.554455 -0.874738
v 0.073764 0.513857 -0.918616
v 0.197961 0.606395 -0.754194
v 0.158288 0.577943 -0.808056
v 0.209827 0.445774 -0.882744
v 0.186991 0.518864 -0.857563
v 0.258822 0.497714 -0.862801
v 0.322349 0.649529 -0.496735
v 0.296822 0.646538 -0.561038
v 0.362365 0.561414 -0.665265
v 0.329787 0.605254 -0.613259
v 0.403555 0.593160 -0.621872
v 0.257557 0.614626 -0.602374
v 0.230504 0.612551 -0.675157
v 0.477319 0.334328 -0.850377
v 0.461532 0.406297 -0.826364
v 0.528825 0.376970 -0.814911
v 0.329646 0.467525 -0.852736
v 0.396800 0.438407 -0.842718
v 0.356086 0.404991 -0.899372
v 0.472966 0.498793 -0.728834
v 0.443788 0.478185 -0.799765
v 0.420858 0.544852 -0.764584
v 0.258384 0.559685 -0.722712
v 0.324313 0.531662 -0.714631
v 0.289772 0.509825 -0.777862
v 0.591637 0.766558 -0.040030
v 0.563546 0.764185 -0.103571
v 0.608627 0.650634 -0.171206
v 0.592967 0.712599 -0.139939
v 0.652045 0.669451 -0.114631
v 0.527075 0.748761 -0.163676
v 0.495212 0.737870 -0.221900
v 0.790382 0.519543 -0.337995
v 0.721116 0.537850 -0.285268
v 0.805675 0.514658 -0.267295
v 0.589836 0.600759 -0.328050
v 0.680424 0.592576 -0.319463
v 0.606108 0.546181 -0.355325
v 0.718249 0.585612 -0.187307
v 0.699308 0.589090 -0.252508
v 0.653944 0.619528 -0.212042
v 0.392506 0.686171 -0.384193
v 0.362361 0.673290 -0.438017
v 0.434978 0.681922 -0.264274
v 0.407928 0.673979 -0.318143
v 0.482361 0.605813 -0.394119
v 0.443403 0.637415 -0.354587
v 0.516851 0.623405 -0.344007
v 0.576103 0.639411 -0.229176
v 0.538477 0.622116 -0.283035
v 0.525614 0.689297 -0.257423
v 0.884195 0.039687 -0.588035
v 0.902092 0.105086 -0.573227
v 0.931285 0.064438 -0.522249
v 0.814054 0.184117 -0.656165
v 0.865659 0.146116 -0.620694
v 0.806005 0.118625 -0.676460
v 0.909933 0.186372 -0.460656
v 0.904343 0.169916 -0.548539
v 0.870973 0.225134 -0.503687
v 0.549040 0.307009 -0.719722
v 0.605492 0.276031 -0.699516
v 0.571291 0.255028 -0.770626
v 0.723397 0.339527 -0.612002
v 0.673308 0.311996 -0.666185
v 0.671007 0.375209 -0.641631
v 0.720411 0.198053 -0.761360
v 0.690037 0.254228 -0.705836
v 0.780688 0.229665 -0.710071
v 0.826278 0.399640 -0.325667
v 0.784984 0.377778 -0.386919
v 0.821846 0.459554 -0.381131
v 0.806583 0.268675 -0.443330
v 0.805665 0.326880 -0.420181
v 0.848286 0.289403 -0.382944
v 0.746867 0.417628 -0.512415
v 0.785225 0.375450 -0.470668
v 0.763838 0.362291 -0.545685
v 0.774186 0.238502 -0.601050
v 0.742705 0.290431 -0.553932
v 0.781656 0.250908 -0.513595
v 0.400169 0.642370 -0.493818
v 0.503988 0.552726 -0.431351
v 0.457142 0.600510 -0.464770
v 0.430588 0.595813 -0.540102
v 0.456360 0.542947 -0.579895
v 0.745957 0.492894 -0.400421
v 0.683014 0.458151 -0.536642
v 0.684443 0.455317 -0.448966
v 0.644057 0.501821 -0.401071
v 0.609431 0.559468 -0.441387
v 0.539657 0.376824 -0.703757
v 0.487992 0.491300 -0.626872
v 0.515164 0.436620 -0.667290
v 0.588956 0.404588 -0.651334
v 0.641901 0.435282 -0.602509
v 0.562045 0.530822 -0.497291
v 0.612572 0.493261 -0.558888
v 0.517573 0.504054 -0.553856
v 0.623580 -0.807946 0.042191
v 0.604576 -0.819823 0.111111
v 0.545953 -0.838890 0.067531
v 0.642666 -0.687023 0.180781
v 0.627183 -0.753718 0.148014
v 0.686724 -0.705056 0.120727
v 0.517908 -0.881516 0.210060
v 0.600029 -0.852399 0.186331
v 0.558841 -0.832678 0.250412
v 0.811963 -0.533729 0.347224
v 0.745230 -0.555835 0.294807
v 0.829740 -0.530031 0.275279
v 0.632668 -0.644385 0.351872
v 0.671275 -0.584608 0.315168
v 0.670649 -0.604341 0.393161
v 0.729833 -0.595057 0.190328
v 0.686569 -0.578359 0.247908
v 0.645684 -0.611703 0.209363
v 0.395326 -0.864277 0.486338
v 0.474504 -0.829518 0.464454
v 0.428466 -0.796119 0.517925
v 0.526103 -0.824780 0.319637
v 0.509281 -0.841434 0.397188
v 0.444222 -0.847913 0.336553
v 0.573085 -0.719756 0.468246
v 0.543178 -0.780848 0.434376
v 0.604493 -0.729114 0.402340
v 0.600976 -0.667017 0.239070
v 0.579338 -0.669325 0.304513
v 0.586777 -0.769507 0.287378
v 0.846658 -0.038002 0.563071
v 0.877798 -0.102256 0.557789
v 0.891130 -0.061659 0.499731
v 0.831091 -0.187970 0.669897
v 0.856043 -0.144493 0.613799
v 0.835647 -0.122988 0.701337
v 0.922569 -0.188960 0.467052
v 0.884098 -0.166112 0.536259
v 0.885043 -0.228771 0.511824
v 0.646324 -0.361407 0.847249
v 0.711126 -0.324187 0.821554
v 0.667641 -0.298039 0.900594
v 0.762471 -0.357866 0.645059
v 0.742469 -0.344043 0.734614
v 0.731643 -0.409116 0.699613
v 0.751283 -0.206541 0.793986
v 0.767711 -0.282845 0.785288
v 0.809602 -0.238172 0.736370
v 0.891139 -0.431011 0.351231
v 0.886492 -0.426629 0.436952
v 0.863343 -0.482758 0.400375
v 0.892318 -0.297233 0.490453
v 0.909780 -0.369122 0.474480
v 0.978283 -0.333753 0.441630
v 0.792863 -0.443348 0.543972
v 0.847682 -0.405313 0.508105
v 0.812724 -0.385477 0.580609
v 0.791989 -0.243986 0.614871
v 0.811863 -0.317475 0.605513
v 0.860946 -0.276360 0.565694
v 0.041693 -0.530976 0.800400
v 0.106410 -0.498908 0.787104
v 0.069273 -0.482565 0.862676
v 0.192296 -0.589042 0.732611
v 0.152753 -0.557736 0.779803
v 0.120279 -0.589538 0.704198
v 0.201127 -0.427292 0.846146
v 0.174679 -0.484699 0.801097
v 0.246351 -0.473731 0.821227
v 0.385263 -0.776300 0.593685
v 0.323300 -0.704213 0.611086
v 0.302465 -0.785578 0.583835
v 0.368330 -0.570656 0.676216
v 0.350600 -0.643452 0.651962
v 0.413527 -0.607818 0.637240
v 0.202906 -0.670442 0.635973
v 0.272771 -0.650933 0.637958
v 0.233275 -0.619916 0.683275
v 0.491106 -0.343984 0.874938
v 0.463214 -0.407778 0.829377
v 0.526092 -0.375022 0.810700
v 0.321931 -0.456584 0.832780
v 0.397306 -0.438966 0.843793
v 0.342429 -0.389459 0.864880
v 0.473088 -0.498921 0.729022
v 0.442428 -0.476720 0.797315
v 0.384254 -0.497464 0.698084
v 0.265577 -0.575264 0.742829
v 0.323558 -0.530425 0.712969
v 0.290437 -0.510995 0.779648
v 0.767007 -0.506803 0.411720
v 0.770990 -0.517164 0.605765
v 0.782458 -0.520520 0.513259
v 0.717070 -0.558709 0.446538
v 0.678223 -0.622620 0.491211
v 0.598558 -0.417953 0.780570
v 0.530054 -0.533647 0.680904
v 0.561891 -0.476222 0.727815
v 0.667976 -0.458872 0.738724
v 0.710677 -0.481920 0.667063
v 0.447168 -0.717815 0.551816
v 0.611400 -0.670525 0.523283
v 0.523852 -0.688141 0.532593
v 0.482527 -0.667682 0.605252
v 0.483136 -0.574803 0.613919
v 0.666061 -0.536332 0.607689
v 0.557315 -0.542757 0.596383
v 0.626692 -0.591878 0.554490
v 0.497651 -0.902733 0.070042
v 0.517523 -0.889864 0.000000
v 0.439573 -0.897208 0.206936
v 0.476541 -0.915469 0.141570
v 0.378467 -0.949897 0.000000
v 0.427243 -0.933588 0.070341
v 0.367530 -0.993241 0.072975
v 0.297383 -0.835157 0.458263
v 0.342248 -0.875361 0.408849
v 0.256670 -0.935122 0.277778
v 0.313552 -0.949556 0.359644
v 0.226229 -0.939928 0.348615
v 0.385227 -0.907120 0.351367
v 0.397603 -0.870491 0.269896
v 0.064200 -0.838082 0.000000
v 0.105838 -0.860249 0.060916
v 0.038059 -0.832238 0.058649
v 0.276533 -0.977862 0.070884
v 0.185503 -0.917217 0.065519
v 0.206393 -0.886583 0.000000
v 0.123705 -0.886756 0.190628
v 0.158067 -0.924260 0.132369
v 0.208383 -0.944933 0.205245
v 0.373175 -0.942297 0.213268
v 0.296347 -0.968167 0.214839
v 0.336704 -0.995903 0.146626
v -0.041795 -0.532274 0.802356
v 0.000000 -0.585002 0.784034
v -0.088619 -0.697197 0.742635
v -0.043358 -0.637894 0.761388
v -0.132774 -0.650784 0.777357
v 0.042161 -0.620295 0.740382
v 0.080175 -0.630764 0.671873
v -0.248910 -0.797947 0.519114
v -0.222031 -0.816172 0.605099
v -0.298234 -0.774588 0.575668
v -0.046598 -0.847371 0.626770
v -0.141502 -0.873197 0.646375
v -0.089579 -0.876006 0.569896
v -0.223358 -0.738018 0.700075
v -0.185820 -0.812992 0.682389
v -0.137724 -0.759707 0.717389
v 0.205758 -0.756353 0.560750
v 0.244087 -0.782486 0.509056
v 0.120433 -0.664328 0.627324
v 0.166662 -0.729174 0.612036
v 0.082047 -0.802346 0.521976
v 0.126183 -0.778661 0.576396
v 0.043192 -0.785436 0.580959
v -0.043906 -0.726085 0.686180
v 0.000000 -0.758991 0.635132
v 0.042851 -0.708643 0.669697
v -0.507185 -0.872088 0.000000
v -0.478215 -0.867475 0.067306
v -0.554698 -0.852327 0.068613
v -0.336262 -0.908741 0.066766
v -0.417675 -0.912681 0.068765
v -0.354314 -0.889276 0.000000
v -0.464515 -0.790638 0.188404
v -0.440932 -0.847063 0.130991
v -0.407397 -0.831535 0.191789
v -0.037019 -0.809489 0.057046
v -0.103325 -0.839821 0.059469
v -0.065966 -0.861144 0.000000
v -0.191525 -0.868491 0.188642
v -0.155532 -0.909435 0.130246
v -0.120845 -0.866256 0.186220
v -0.203991 -0.876267 0.000000
v -0.174393 -0.862281 0.061595
v -0.248249 -0.877847 0.063634
v -0.351712 -0.768926 0.432682
v -0.318816 -0.815430 0.380858
v -0.288880 -0.811277 0.445160
v -0.372867 -0.816335 0.253105
v -0.346482 -0.815884 0.316028
v -0.397066 -0.757904 0.300826
v -0.203427 -0.845191 0.313478
v -0.279468 -0.846335 0.320549
v -0.247176 -0.900534 0.267504
v -0.298547 -0.883042 0.130010
v -0.274105 -0.895501 0.198715
v -0.341200 -0.861558 0.194994
v 0.211162 -0.837094 0.460861
v 0.042457 -0.822948 0.454508
v 0.124680 -0.828311 0.456983
v 0.169738 -0.863062 0.395725
v 0.129776 -0.894129 0.334495
v -0.210889 -0.836011 0.460264
v -0.124867 -0.860311 0.321843
v -0.170998 -0.869467 0.398662
v -0.129173 -0.858161 0.473452
v -0.045677 -0.885352 0.488973
v 0.000000 -0.836546 0.118640
v 0.083776 -0.893422 0.259932
v 0.040020 -0.859201 0.185132
v -0.039428 -0.846495 0.182394
v -0.081964 -0.874104 0.254312
v 0.000000 -0.855210 0.394021
v -0.042082 -0.868023 0.324236
v 0.042647 -0.879686 0.328593
v 0.478541 -0.868067 -0.067352
v 0.570415 -0.876478 -0.070557
v 0.345471 -0.933627 -0.068595
v 0.396251 -0.865866 -0.065238
v 0.517145 -0.880219 -0.209751
v 0.444975 -0.854830 -0.132192
v 0.429982 -0.877632 -0.202421
v 0.040113 -0.877141 -0.061813
v 0.108213 -0.879555 -0.062283
v 0.194346 -0.881282 -0.191420
v 0.153036 -0.894845 -0.128156
v 0.120592 -0.864439 -0.185830
v 0.185204 -0.915738 -0.065414
v 0.256098 -0.905603 -0.065646
v 0.347336 -0.759358 -0.427299
v 0.296657 -0.758753 -0.354386
v 0.271925 -0.763662 -0.419033
v 0.381945 -0.836209 -0.259267
v 0.329197 -0.775181 -0.300262
v 0.417976 -0.797817 -0.316669
v 0.188334 -0.782484 -0.290220
v 0.254856 -0.771800 -0.292319
v 0.222406 -0.810290 -0.240697
v 0.295952 -0.875367 -0.128880
v 0.261327 -0.853756 -0.189451
v 0.350114 -0.884065 -0.200088
v -0.574393 -0.882589 -0.071049
v -0.476071 -0.863587 -0.067005
v -0.401851 -0.820215 -0.189178
v -0.452164 -0.868639 -0.134328
v -0.492953 -0.839043 -0.199939
v -0.404520 -0.883934 -0.066600
v -0.317212 -0.857257 -0.062984
v -0.303920 -0.853515 -0.468337
v -0.321746 -0.822922 -0.384357
v -0.370068 -0.809057 -0.455265
v -0.236741 -0.862516 -0.256211
v -0.279249 -0.845674 -0.320298
v -0.202609 -0.841792 -0.312217
v -0.424565 -0.810393 -0.321660
v -0.345018 -0.812436 -0.314692
v -0.374422 -0.819739 -0.254160
v -0.106042 -0.861903 -0.061033
v -0.040167 -0.878319 -0.061896
v -0.243533 -0.861171 -0.062425
v -0.179766 -0.888851 -0.063493
v -0.121949 -0.874170 -0.187922
v -0.157396 -0.920335 -0.131807
v -0.194134 -0.880322 -0.191212
v -0.327969 -0.828149 -0.187433
v -0.261891 -0.855600 -0.189861
v -0.287501 -0.850369 -0.125199
v 0.042089 -0.536021 -0.808005
v 0.000000 -0.591096 -0.792201
v -0.042564 -0.542076 -0.817132
v 0.082477 -0.648872 -0.691161
v 0.041658 -0.612883 -0.731536
v 0.126363 -0.619357 -0.739817
v -0.121120 -0.593662 -0.709124
v -0.042316 -0.622563 -0.743089
v -0.084498 -0.664777 -0.708102
v 0.228093 -0.731213 -0.475699
v 0.201050 -0.739049 -0.547921
v 0.254448 -0.660866 -0.491150
v 0.042866 -0.779495 -0.576564
v 0.125317 -0.773321 -0.572443
v 0.081407 -0.796097 -0.517910
v 0.207721 -0.686351 -0.651064
v 0.162551 -0.711185 -0.596937
v 0.125758 -0.693702 -0.655061
v -0.286336 -0.743687 -0.552702
v -0.210755 -0.774723 -0.574369
v -0.256242 -0.821453 -0.534406
v -0.129458 -0.714108 -0.674330
v -0.177057 -0.774652 -0.650208
v -0.211917 -0.700215 -0.664215
v -0.082234 -0.804179 -0.523168
v -0.130438 -0.804919 -0.595833
v -0.042871 -0.779588 -0.576634
v 0.043119 -0.713061 -0.673872
v 0.000000 -0.746223 -0.624448
v -0.043127 -0.713207 -0.674010
v 0.000000 -0.902471 -0.127989
v -0.081247 -0.866453 -0.252086
v -0.042138 -0.904670 -0.194930
v 0.042648 -0.915632 -0.197291
v 0.079981 -0.852958 -0.248160
v -0.214609 -0.850759 -0.468384
v -0.043160 -0.836560 -0.462025
v -0.125876 -0.836262 -0.461370
v -0.163618 -0.831945 -0.381457
v -0.122763 -0.845815 -0.316420
v 0.202839 -0.804098 -0.442695
v 0.117833 -0.811849 -0.303714
v 0.157727 -0.801988 -0.367722
v 0.120565 -0.800973 -0.441901
v 0.043688 -0.846802 -0.467682
v -0.041010 -0.845920 -0.315980
v 0.000000 -0.879060 -0.405010
v 0.041403 -0.854031 -0.319010
v 0.617702 -0.837623 -0.113524
v 0.623535 -0.807887 -0.042188
v 0.554113 -0.825634 -0.248293
v 0.602256 -0.855562 -0.187023
v 0.738206 -0.757911 -0.129778
v 0.662400 -0.796040 -0.156325
v 0.727420 -0.777626 -0.204623
v 0.383354 -0.712298 -0.463394
v 0.428802 -0.749623 -0.419720
v 0.563927 -0.680185 -0.375340
v 0.497367 -0.714991 -0.397741
v 0.542956 -0.681916 -0.443628
v 0.474642 -0.784204 -0.370173
v 0.515126 -0.807571 -0.312968
v 0.799034 -0.510416 -0.265092
v 0.766544 -0.571733 -0.303239
v 0.766188 -0.503639 -0.327649
v 0.716336 -0.678636 -0.232272
v 0.731771 -0.616437 -0.264230
v 0.773914 -0.630998 -0.201824
v 0.651049 -0.586679 -0.381671
v 0.690378 -0.601244 -0.324137
v 0.633539 -0.645271 -0.352356
v 0.579058 -0.759385 -0.283598
v 0.607439 -0.701791 -0.319283
v 0.681411 -0.756291 -0.271068
v 0.068880 -0.479833 -0.857792
v 0.114708 -0.537812 -0.848480
v 0.261818 -0.503475 -0.872788
v 0.184219 -0.511171 -0.844849
v 0.212876 -0.452252 -0.895573
v 0.159647 -0.582906 -0.814996
v 0.198413 -0.607782 -0.755919
v 0.556382 -0.396614 -0.857376
v 0.495586 -0.436276 -0.887337
v 0.519831 -0.364104 -0.926114
v 0.402372 -0.520919 -0.730999
v 0.457918 -0.493411 -0.825230
v 0.492247 -0.519126 -0.758545
v 0.376196 -0.427864 -0.950165
v 0.418759 -0.462668 -0.889355
v 0.344985 -0.489280 -0.892416
v 0.290979 -0.633810 -0.549993
v 0.313483 -0.631663 -0.483072
v 0.234633 -0.623524 -0.687252
v 0.277307 -0.661757 -0.648566
v 0.412495 -0.606300 -0.635648
v 0.344965 -0.633110 -0.641483
v 0.375950 -0.582461 -0.690205
v 0.308860 -0.543408 -0.829102
v 0.348873 -0.571924 -0.768750
v 0.278406 -0.603053 -0.778713
v 0.899513 -0.062239 -0.504432
v 0.886757 -0.103300 -0.563482
v 0.869252 -0.039016 -0.578097
v 0.843708 -0.218086 -0.487920
v 0.891904 -0.167579 -0.540994
v 0.865643 -0.177300 -0.438234
v 0.831623 -0.122396 -0.697960
v 0.840733 -0.141909 -0.602822
v 0.827239 -0.187099 -0.666793
v 0.767722 -0.429290 -0.356031
v 0.771041 -0.371067 -0.380047
v 0.825584 -0.399304 -0.325394
v 0.733093 -0.347708 -0.523721
v 0.777338 -0.371679 -0.465941
v 0.721570 -0.403483 -0.495059
v 0.849545 -0.289832 -0.383513
v 0.815247 -0.330768 -0.425178
v 0.811271 -0.270236 -0.445906
v 0.604558 -0.269879 -0.815501
v 0.635970 -0.289925 -0.734727
v 0.586861 -0.328157 -0.769300
v 0.749069 -0.220364 -0.681313
v 0.680601 -0.250752 -0.696184
v 0.681686 -0.187407 -0.720434
v 0.631517 -0.353128 -0.603870
v 0.680782 -0.315459 -0.673580
v 0.706176 -0.331444 -0.597432
v 0.819107 -0.262929 -0.538203
v 0.803233 -0.314100 -0.599076
v 0.836961 -0.257841 -0.649786
v 0.414710 -0.665713 -0.511763
v 0.470170 -0.559377 -0.597444
v 0.459318 -0.635568 -0.576140
v 0.506015 -0.664711 -0.514459
v 0.562345 -0.616726 -0.481297
v 0.585180 -0.408611 -0.763123
v 0.622625 -0.422211 -0.584415
v 0.602451 -0.413859 -0.666258
v 0.566189 -0.479865 -0.733383
v 0.533504 -0.537121 -0.685336
v 0.741094 -0.489681 -0.397811
v 0.634570 -0.582545 -0.459594
v 0.673616 -0.524852 -0.419478
v 0.678743 -0.451524 -0.445226
v 0.664624 -0.445815 -0.522194
v 0.535695 -0.521702 -0.573248
v 0.611516 -0.492411 -0.557924
v 0.583622 -0.551200 -0.516382
v 0.652572 -0.751732 0.000000
v 0.749184 -0.685909 -0.082055
v 0.718633 -0.737263 -0.042089
v 0.687391 -0.705211 0.040259
v 0.706317 -0.646662 0.077360
v 0.832866 -0.465717 -0.223866
v 0.829429 -0.528545 -0.194426
v 0.877910 -0.558139 -0.041600
v 0.851263 -0.541620 -0.118867
v 0.891306 -0.498395 -0.078536
v 0.835693 -0.602907 -0.164588
v 0.785086 -0.637212 -0.122638
v 0.864096 -0.550636 0.202553
v 0.897710 -0.501976 0.241295
v 0.782081 -0.634773 0.122169
v 0.835858 -0.603026 0.164620
v 0.940011 -0.525629 0.082828
v 0.867895 -0.552202 0.121189
v 0.922751 -0.586647 0.043725
v 0.803986 -0.653066 -0.041892
v 0.868382 -0.624592 0.000000
v 0.796901 -0.647311 0.041523
v 0.894584 0.000000 -0.448304
v 0.895561 -0.059724 -0.425408
v 1.012949 -0.063968 -0.322976
v 0.958300 -0.062060 -0.377891
v 0.981291 0.000000 -0.336895
v 0.957912 -0.127324 -0.429662
v 0.922984 -0.182976 -0.389651
v 1.063201 -0.064400 -0.041896
v 1.088333 -0.066241 -0.115379
v 1.065096 0.000000 -0.070304
v 1.026263 -0.191597 -0.195013
v 1.088219 -0.133957 -0.160364
v 1.060202 -0.195897 -0.127443
v 1.063886 0.000000 -0.213410
v 1.103913 -0.067778 -0.192380
v 1.034139 -0.064432 -0.251995
v 0.882445 -0.354260 -0.297294
v 0.847632 -0.399772 -0.260076
v 0.883449 -0.235435 -0.347706
v 0.910284 -0.303062 -0.333100
v 0.959377 -0.305844 -0.198970
v 0.920794 -0.299759 -0.261997
v 0.959051 -0.244867 -0.226826
v 0.989354 -0.125200 -0.288223
v 0.975144 -0.185990 -0.257196
v 0.957310 -0.186229 -0.326680
v 0.890507 -0.059387 0.423008
v 0.872194 0.000000 0.437084
v 0.969553 -0.192208 0.409311
v 0.923013 -0.122685 0.414008
v 0.933284 0.000000 0.320413
v 0.931622 -0.060332 0.367370
v 0.959587 -0.060598 0.305962
v 0.920338 -0.434062 0.282385
v 0.968507 -0.388809 0.326288
v 1.029355 -0.262817 0.243454
v 0.993198 -0.323330 0.282599
v 0.999844 -0.318744 0.207363
v 0.995753 -0.331518 0.364375
v 1.026031 -0.273433 0.403823
v 1.076473 0.000000 0.071055
v 1.075211 -0.065442 0.113987
v 1.073102 -0.065000 0.042286
v 1.022408 -0.063702 0.249137
v 1.061703 -0.065186 0.185024
v 1.017125 0.000000 0.204030
v 1.062829 -0.196382 0.127759
v 1.077417 -0.132628 0.158773
v 1.061631 -0.198200 0.201734
v 0.998613 -0.194264 0.340775
v 1.001727 -0.191061 0.264207
v 0.995563 -0.125986 0.290032
v 0.834736 -0.395005 -0.181441
v 1.016041 -0.326707 -0.127072
v 0.949926 -0.374368 -0.160980
v 0.902056 -0.427758 -0.116999
v 0.942194 -0.447267 -0.041886
v 1.036114 -0.126301 0.000000
v 1.051058 -0.262838 0.084925
v 1.053982 -0.195199 0.042302
v 1.081053 -0.200213 -0.043388
v 1.062209 -0.265627 -0.085826
v 0.936296 -0.443064 0.203517
v 0.968028 -0.459531 0.043034
v 0.975350 -0.462514 0.126505
v 1.015222 -0.400102 0.172046
v 1.034584 -0.332670 0.129391
v 1.014648 -0.325764 -0.042386
v 1.055637 -0.338924 0.044098
v 0.986693 -0.390739 0.000000
v 0.066406 -0.406554 0.858013
v 0.206393 -0.377776 0.897096
v 0.136356 -0.395503 0.883965
v 0.063574 -0.332733 0.845899
v 0.062949 -0.273182 0.858928
v 0.481146 -0.269044 0.879057
v 0.414025 -0.298641 0.888665
v 0.276492 -0.220142 0.933124
v 0.338331 -0.254170 0.895525
v 0.327978 -0.183396 0.886501
v 0.347887 -0.328654 0.900385
v 0.278994 -0.354155 0.902090
v 0.067753 -0.101434 0.959199
v 0.065756 -0.036769 0.935424
v 0.062399 -0.209761 0.862974
v 0.065577 -0.159985 0.920328
v 0.191505 -0.107084 0.893069
v 0.131485 -0.135293 0.920386
v 0.196049 -0.171513 0.904857
v 0.203282 -0.306500 0.900426
v 0.202163 -0.240289 0.913326
v 0.129401 -0.256047 0.881110
v 0.773698 0.000000 0.578737
v 0.742013 0.076297 0.698359
v 0.772578 0.037909 0.648891
v 0.806036 -0.039551 0.676992
v 0.791040 -0.081338 0.744501
v 0.559207 0.231045 0.861730
v 0.600456 0.189851 0.811939
v 0.640621 0.041040 0.868268
v 0.621443 0.117226 0.841620
v 0.579987 0.078555 0.893751
v 0.661095 0.155120 0.789596
v 0.696392 0.115201 0.739320
v 0.675715 -0.213646 0.913704
v 0.594462 -0.245611 0.916057
v 0.745967 -0.123401 0.791951
v 0.721583 -0.169314 0.861842
v 0.572636 -0.077559 0.882423
v 0.656099 -0.123764 0.888554
v 0.644235 -0.041271 0.873166
v 0.750919 0.041402 0.796580
v 0.708933 0.000000 0.849308
v 0.731950 -0.040356 0.776458
v 0.068340 0.418396 0.883006
v 0.065210 0.282994 0.889776
v 0.068987 0.361063 0.917922
v 0.138389 0.401400 0.897145
v 0.205834 0.376752 0.894666
v 0.065547 0.036652 0.932452
v 0.063940 0.095726 0.905216
v 0.203834 0.178324 0.940788
v 0.134139 0.138024 0.938968
v 0.199740 0.111689 0.931473
v 0.067203 0.163952 0.943150
v 0.065829 0.221291 0.910409
v 0.393846 0.284086 0.845352
v 0.472224 0.264055 0.862757
v 0.274573 0.348543 0.887797
v 0.343252 0.324275 0.888390
v 0.341188 0.190783 0.922207
v 0.346319 0.260171 0.916668
v 0.278225 0.221522 0.938974
v 0.133026 0.263220 0.905793
v 0.205020 0.243684 0.926232
v 0.210841 0.317898 0.933909
v 0.500243 -0.197502 0.910904
v 0.502854 -0.040476 0.912767
v 0.499639 -0.117462 0.907896
v 0.410888 -0.151864 0.898379
v 0.336277 -0.112421 0.901147
v 0.496941 0.196199 0.904891
v 0.336309 0.112431 0.901231
v 0.414233 0.153100 0.905691
v 0.497143 0.116875 0.903361
v 0.509895 0.041043 0.925549
v 0.129929 0.000000 0.918448
v 0.265390 -0.073703 0.914466
v 0.201828 -0.037594 0.939035
v 0.199225 0.037109 0.926921
v 0.261847 0.072720 0.902260
v 0.428134 0.000000 0.931579
v 0.353274 0.039508 0.948132
v 0.337066 -0.037696 0.904631
v -0.603127 -0.817858 0.110845
v -0.517003 -0.770339 0.231665
v -0.547129 -0.777249 0.169904
v -0.613038 -0.736719 0.144675
v -0.636693 -0.680637 0.179101
v -0.408654 -0.759307 0.493976
v -0.426402 -0.745427 0.417371
v -0.557261 -0.672145 0.370903
v -0.516080 -0.741893 0.412707
v -0.534604 -0.671427 0.436805
v -0.452450 -0.747539 0.352866
v -0.482447 -0.756340 0.293114
v -0.766001 -0.571328 0.303024
v -0.820123 -0.539093 0.350713
v -0.708701 -0.671404 0.229797
v -0.709785 -0.597916 0.256291
v -0.642505 -0.578979 0.376662
v -0.687971 -0.599148 0.323007
v -0.614496 -0.625876 0.341765
v -0.534567 -0.701039 0.261808
v -0.565049 -0.652816 0.297002
v -0.605067 -0.671557 0.240697
v -0.109378 -0.512823 0.809057
v -0.234214 -0.450393 0.780769
v -0.181395 -0.503336 0.831899
v -0.160555 -0.586222 0.819631
v -0.202692 -0.620889 0.772221
v -0.517303 -0.368757 0.797156
v -0.463629 -0.408143 0.830119
v -0.410665 -0.531656 0.746066
v -0.418362 -0.450789 0.753945
v -0.482345 -0.508683 0.743286
v -0.377901 -0.417526 0.802581
v -0.303230 -0.430061 0.784404
v -0.333303 -0.726001 0.629992
v -0.372919 -0.751425 0.574662
v -0.239691 -0.636966 0.702068
v -0.286676 -0.684115 0.670479
v -0.438215 -0.644105 0.675283
v -0.364489 -0.668942 0.677789
v -0.390963 -0.605720 0.717766
v -0.285371 -0.502082 0.766048
v -0.337622 -0.553481 0.743960
v -0.265348 -0.574768 0.742188
v -0.832297 -0.096956 0.528876
v -0.881117 -0.227756 0.509554
v -0.849788 -0.159665 0.515448
v -0.781570 -0.131923 0.560401
v -0.736227 -0.166515 0.593432
v -0.862565 -0.482323 0.400014
v -0.873082 -0.420175 0.430343
v -0.784892 -0.372276 0.560726
v -0.832435 -0.398023 0.498966
v -0.764767 -0.427637 0.524696
v -0.908193 -0.368478 0.473653
v -0.890279 -0.296554 0.489332
v -0.618052 -0.281757 0.714026
v -0.561566 -0.314013 0.736141
v -0.711804 -0.209401 0.647418
v -0.657850 -0.242370 0.672912
v -0.690905 -0.386336 0.660658
v -0.674599 -0.312594 0.667462
v -0.739212 -0.346949 0.625381
v -0.799828 -0.256741 0.525535
v -0.790449 -0.309101 0.589542
v -0.745637 -0.229707 0.578885
v -0.446235 -0.716317 0.550665
v -0.482779 -0.574379 0.613466
v -0.454121 -0.628375 0.569620
v -0.508979 -0.668605 0.517473
v -0.544129 -0.596749 0.465707
v -0.561383 -0.391995 0.732090
v -0.672848 -0.456267 0.631556
v -0.609819 -0.418921 0.674407
v -0.542786 -0.460030 0.703068
v -0.531636 -0.535241 0.682937
v -0.775880 -0.512666 0.416484
v -0.602866 -0.553440 0.436632
v -0.668370 -0.520764 0.416212
v -0.710290 -0.472511 0.465920
v -0.683931 -0.458766 0.537363
v -0.551350 -0.536949 0.590001
v -0.630089 -0.507367 0.574870
v -0.575245 -0.543289 0.508971
v -0.110995 -0.520404 -0.821017
v -0.188018 -0.575940 -0.716316
v -0.146699 -0.535628 -0.748893
v -0.184855 -0.512935 -0.847764
v -0.254700 -0.489786 -0.849058
v -0.359238 -0.723860 -0.553581
v -0.310653 -0.676664 -0.587180
v -0.371688 -0.575858 -0.682381
v -0.340309 -0.624565 -0.632825
v -0.400023 -0.587969 -0.616429
v -0.276839 -0.660640 -0.647472
v -0.232058 -0.616681 -0.679709
v -0.467250 -0.411332 -0.836604
v -0.551413 -0.393072 -0.849719
v -0.323829 -0.459276 -0.837690
v -0.397260 -0.438915 -0.843695
v -0.470491 -0.496182 -0.725019
v -0.418477 -0.450913 -0.754152
v -0.403108 -0.521872 -0.732336
v -0.260692 -0.564683 -0.729167
v -0.326308 -0.534934 -0.719029
v -0.295587 -0.520056 -0.793473
v -0.610131 -0.827356 -0.112132
v -0.707807 -0.756659 -0.199105
v -0.637343 -0.765928 -0.150411
v -0.573955 -0.815358 -0.178234
v -0.535040 -0.797214 -0.239747
v -0.799580 -0.525589 -0.341928
v -0.795601 -0.593405 -0.314733
v -0.645198 -0.657146 -0.358840
v -0.713434 -0.621324 -0.334962
v -0.670539 -0.604242 -0.393097
v -0.781584 -0.658400 -0.282217
v -0.760952 -0.720905 -0.246739
v -0.429336 -0.750555 -0.420242
v -0.398159 -0.739805 -0.481289
v -0.501440 -0.786116 -0.304654
v -0.473142 -0.781726 -0.369003
v -0.541196 -0.679705 -0.442191
v -0.488204 -0.701820 -0.390414
v -0.570888 -0.688581 -0.379973
v -0.653291 -0.725080 -0.259881
v -0.630465 -0.728392 -0.331386
v -0.588494 -0.771759 -0.288219
v -0.812430 -0.094642 -0.516252
v -0.785265 -0.177606 -0.632959
v -0.828683 -0.139875 -0.594181
v -0.789553 -0.148348 -0.478912
v -0.790244 -0.204266 -0.457001
v -0.610978 -0.341643 -0.800915
v -0.688997 -0.314099 -0.795988
v -0.793918 -0.372626 -0.671663
v -0.734129 -0.340179 -0.726363
v -0.764190 -0.427315 -0.730734
v -0.734906 -0.270759 -0.751732
v -0.752313 -0.221318 -0.684263
v -0.791642 -0.380982 -0.390201
v -0.806506 -0.450977 -0.374017
v -0.791036 -0.263496 -0.434784
v -0.761869 -0.309111 -0.397340
v -0.760738 -0.425384 -0.521932
v -0.770514 -0.368416 -0.461851
v -0.785087 -0.372369 -0.560866
v -0.782150 -0.240955 -0.607233
v -0.808567 -0.316186 -0.603055
v -0.805434 -0.258541 -0.529219
v -0.426841 -0.685186 -0.526733
v -0.554790 -0.608441 -0.474831
v -0.494121 -0.649087 -0.502367
v -0.459827 -0.636272 -0.576778
v -0.490240 -0.583255 -0.622947
v -0.787084 -0.520069 -0.422497
v -0.720652 -0.483398 -0.566215
v -0.739861 -0.492182 -0.485317
v -0.668204 -0.520635 -0.416108
v -0.600101 -0.550902 -0.434630
v -0.612216 -0.427490 -0.798380
v -0.543414 -0.547099 -0.698067
v -0.583771 -0.494767 -0.756157
v -0.677097 -0.465138 -0.748810
v -0.713823 -0.484054 -0.670017
v -0.573862 -0.541983 -0.507747
v -0.642157 -0.517084 -0.585880
v -0.571658 -0.556726 -0.611732
v 0.851640 0.000000 -0.637039
v 0.784584 -0.080674 -0.738425
v 0.828852 -0.040671 -0.696156
v 0.837480 0.041094 -0.703402
v 0.791312 0.081366 -0.744757
v 0.557192 -0.230213 -0.858624
v 0.576669 -0.182330 -0.779775
v 0.583493 -0.037380 -0.790840
v 0.589293 -0.111162 -0.798080
v 0.555270 -0.075207 -0.855662
v 0.644020 -0.151114 -0.769203
v 0.700671 -0.115908 -0.743862
v 0.586171 0.185334 -0.792623
v 0.546394 0.225751 -0.841985
v 0.726233 0.120137 -0.770999
v 0.648674 0.152206 -0.774761
v 0.541139 0.073293 -0.833887
v 0.589738 0.111246 -0.798681
v 0.591436 0.037889 -0.801605
v 0.732313 -0.040376 -0.776843
v 0.649253 0.000000 -0.777811
v 0.716475 0.039503 -0.760042
v 0.071166 -0.435699 -0.919522
v 0.070085 -0.304150 -0.956295
v 0.072536 -0.379638 -0.965144
v 0.146322 -0.424408 -0.948571
v 0.213497 -0.390779 -0.927975
v 0.065834 -0.036813 -0.936537
v 0.067861 -0.101596 -0.960733
v 0.219352 -0.191899 -1.012408
v 0.142162 -0.146279 -0.995126
v 0.209900 -0.117370 -0.978854
v 0.069303 -0.169075 -0.972619
v 0.072752 -0.244562 -1.006150
v 0.430876 -0.310796 -0.924832
v 0.499446 -0.279277 -0.912491
v 0.292997 -0.371931 -0.947368
v 0.360158 -0.340247 -0.932145
v 0.348288 -0.194753 -0.941398
v 0.351833 -0.264313 -0.931262
v 0.281212 -0.223900 -0.949053
v 0.147246 -0.291357 -1.002621
v 0.214641 -0.255120 -0.969699
v 0.215110 -0.324334 -0.952818
v 0.071283 0.436416 -0.921036
v 0.221254 0.404978 -0.961692
v 0.147044 0.426503 -0.953253
v 0.071175 0.372514 -0.947033
v 0.070941 0.307867 -0.967981
v 0.486861 0.272240 -0.889499
v 0.413927 0.298570 -0.888454
v 0.292532 0.232914 -0.987259
v 0.343489 0.258045 -0.909177
v 0.353911 0.197898 -0.956597
v 0.364796 0.344628 -0.944148
v 0.297359 0.377467 -0.961470
v 0.068080 0.101925 -0.963835
v 0.067248 0.037603 -0.956653
v 0.072077 0.242295 -0.996820
v 0.070396 0.171741 -0.987955
v 0.220226 0.123145 -1.027009
v 0.148590 0.152894 -1.040125
v 0.225560 0.197331 -1.041062
v 0.231687 0.349329 -1.026245
v 0.227975 0.270969 -1.029939
v 0.152435 0.301625 -1.037955
v 0.475914 -0.187897 -0.866603
v 0.346939 -0.115985 -0.929716
v 0.403900 -0.149281 -0.883100
v 0.480795 -0.113032 -0.873655
v 0.478346 -0.038503 -0.868281
v 0.136389 0.000000 -0.964108
v 0.291353 0.080914 -1.003929
v 0.216618 0.040349 -1.007844
v 0.217476 -0.040509 -1.011837
v 0.286214 -0.079487 -0.986221
v 0.472955 0.186729 -0.861214
v 0.482542 0.038841 -0.875898
v 0.469430 0.110360 -0.853005
v 0.431284 0.159402 -0.942972
v 0.368706 0.123262 -0.988048
v 0.357935 -0.040030 -0.960641
v 0.377061 0.042169 -1.011973
v 0.422183 0.000000 -0.918631
v 0.867220 0.057834 0.411946
v 0.927205 0.058553 0.295637
v 0.873562 0.056572 0.344475
v 0.858240 0.114076 0.384955
v 0.896731 0.177772 0.378568
v 1.038842 0.062924 0.040936
v 1.000238 0.060879 0.106039
v 0.941793 0.175827 0.178962
v 0.957564 0.117874 0.141111
v 0.973840 0.179940 0.117062
v 0.945142 0.058030 0.164711
v 0.963832 0.060052 0.234863
v 0.881287 0.353795 0.296904
v 0.911288 0.429794 0.279608
v 0.867092 0.231076 0.341268
v 0.898885 0.299267 0.328929
v 0.973461 0.310333 0.201891
v 0.905390 0.294744 0.257614
v 0.953693 0.243499 0.225559
v 0.905918 0.114641 0.263916
v 0.933542 0.178056 0.246223
v 0.907032 0.176448 0.309523
v 0.943211 0.062902 -0.448043
v 0.949824 0.188297 -0.400983
v 0.979107 0.130141 -0.439169
v 0.955468 0.061876 -0.376774
v 0.992036 0.062647 -0.316308
v 0.859220 0.405237 -0.263632
v 0.870016 0.349270 -0.293107
v 0.926158 0.236468 -0.219046
v 0.901612 0.293514 -0.256539
v 0.919713 0.293199 -0.190744
v 0.856822 0.285263 -0.313536
v 0.879808 0.234465 -0.346273
v 1.083940 0.065973 -0.114913
v 1.077934 0.065292 -0.042477
v 1.022811 0.063727 -0.249235
v 1.059458 0.065049 -0.184632
v 0.973145 0.179811 -0.116978
v 1.041899 0.128256 -0.153539
v 0.982312 0.183392 -0.186662
v 0.942796 0.183406 -0.321727
v 0.934333 0.178206 -0.246432
v 0.987137 0.124919 -0.287577
v 0.636663 0.733407 0.000000
v 0.765696 0.701026 0.083863
v 0.740860 0.760066 0.043391
v 0.707628 0.725973 -0.041445
v 0.744739 0.681840 -0.081568
v 0.884171 0.494405 0.237656
v 0.864775 0.551069 0.202712
v 0.899682 0.571981 0.042631
v 0.917290 0.583629 0.128086
v 0.922261 0.515704 0.081264
v 0.837314 0.604077 0.164907
v 0.821028 0.666384 0.128253
v 0.844806 0.538343 -0.198031
v 0.880988 0.492625 -0.236801
v 0.771065 0.625832 -0.120448
v 0.799744 0.576972 -0.157508
v 0.934959 0.522805 -0.082383
v 0.884901 0.563021 -0.123564
v 0.867839 0.551737 -0.041123
v 0.839946 0.682276 0.043766
v 0.854485 0.614596 0.000000
v 0.800390 0.650145 -0.041705
v 1.003806 0.122362 0.000000
v 0.983080 0.245839 -0.079432
v 0.988688 0.183107 -0.039681
v 0.970728 0.179780 0.038961
v 0.967548 0.241955 0.078177
v 0.910261 0.430744 -0.197858
v 0.952918 0.452358 -0.042363
v 0.973695 0.461729 -0.126290
v 0.943312 0.371762 -0.159859
v 0.954728 0.306992 -0.119404
v 0.901509 0.426603 0.195955
v 0.973926 0.313165 0.121805
v 0.974572 0.384082 0.165157
v 0.947018 0.449079 0.122830
v 0.975824 0.463231 0.043381
v 0.962084 0.308888 -0.040190
v 0.953464 0.377580 0.000000
v 0.955573 0.306798 0.039918
f 1 643 645
f 163 644 643
f 165 645 644
f 643 644 645
f 43 646 648
f 164 647 646
f 163 648 647
f 646 647 648
f 45 649 651
f 165 650 649
f 164 651 650
f 649 650 651
f 163 647 644
f 164 650 647
f 165 644 650
f 647 650 644
f 13 652 654
f 166 653 652
f 168 654 653
f 652 653 654
f 44 655 657
f 167 656 655
f 166 657 656
f 655 656 657
f 43 658 660
f 168 659 658
f 167 660 659
f 658 659 660
f 166 656 653
f 167 659 656
f 168 653 659
f 656 659 653
f 15 661 663
f 169 662 661
f 171 663 662
f 661 662 663
f 45 664 666
f 170 665 664
f 169 666 665
f 664 665 666
f 44 667 669
f 171 668 667
f 170 669 668
f 667 668 669
f 169 665 662
f 170 668 665
f 171 662 668
f 665 668 662
f 43 660 646
f 167 670 660
f 164 646 670
f 660 670 646
f 44 669 655
f 170 671 669
f 167 655 671
f 669 671 655
f 45 651 664
f 164 672 651
f 170 664 672
f 651 672 664
f 167 671 670
f 170 672 671
f 164 670 672
f 671 672 670
f 12 673 675
f 172 674 673
f 174 675 674
f 673 674 675
f 46 676 678
f 173 677 676
f 172 678 677
f 676 677 678
f 48 679 681
f 174 680 679
f 173 681 680
f 679 680 681
f 172 677 674
f 173 680 677
f 174 674 680
f 677 680 674
f 14 682 684
f 175 683 682
f 177 684 683
f 682 683 684
f 47 685 687
f 176 686 685
f 175 687 686
f 685 686 687
f 46 688 690
f 177 689 688
f 176 690 689
f 688 689 690
f 175 686 683
f 176 689 686
f 177 683 689
f 686 689 683
f 13 691 693
f 178 692 691
f 180 693 692
f 691 692 693
f 48 694 696
f 179 695 694
f 178 696 695
f 694 695 696
f 47 697 699
f 180 698 697
f 179 699 698
f 697 698 699
f 178 695 692
f 179 698 695
f 180 692 698
f 695 698 692
f 46 690 676
f 176 700 690
f 173 676 700
f 690 700 676
f 47 699 685
f 179 701 699
f 176 685 701
f 699 701 685
f 48 681 694
f 173 702 681
f 179 694 702
f 681 702 694
f 176 701 700
f 179 702 701
f 173 700 702
f 701 702 700
f 6 703 705
f 181 704 703
f 183 705 704
f 703 704 705
f 49 706 708
f 182 707 706
f 181 708 707
f 706 707 708
f 51 709 711
f 183 710 709
f 182 711 710
f 709 710 711
f 181 707 704
f 182 710 707
f 183 704 710
f 707 710 704
f 15 712 714
f 184 713 712
f 186 714 713
f 712 713 714
f 50 715 717
f 185 716 715
f 184 717 716
f 715 716 717
f 49 718 720
f 186 719 718
f 185 720 719
f 718 719 720
f 184 716 713
f 185 719 716
f 186 713 719
f 716 719 713
f 14 721 723
f 187 722 721
f 189 723 722
f 721 722 723
f 51 724 726
f 188 725 724
f 187 726 725
f 724 725 726
f 50 727 729
f 189 728 727
f 188 729 728
f 727 728 729
f 187 725 722
f 188 728 725
f 189 722 728
f 725 728 722
f 49 720 706
f 185 730 720
f 182 706 730
f 720 730 706
f 50 729 715
f 188 731 729
f 185 715 731
f 729 731 715
f 51 711 724
f 182 732 711
f 188 724 732
f 711 732 724
f 185 731 730
f 188 732 731
f 182 730 732
f 731 732 730
f 13 693 652
f 180 733 693
f 166 652 733
f 693 733 652
f 47 734 697
f 190 735 734
f 180 697 735
f 734 735 697
f 44 657 737
f 166 736 657
f 190 737 736
f 657 736 737
f 180 735 733
f 190 736 735
f 166 733 736
f 735 736 733
f 14 723 682
f 189 738 723
f 175 682 738
f 723 738 682
f 50 739 727
f 191 740 739
f 189 727 740
f 739 740 727
f 47 687 742
f 175 741 687
f 191 742 741
f 687 741 742
f 189 740 738
f 191 741 740
f 175 738 741
f 740 741 738
f 15 663 712
f 171 743 663
f 184 712 743
f 663 743 712
f 44 744 667
f 192 745 744
f 171 667 745
f 744 745 667
f 50 717 747
f 184 746 717
f 192 747 746
f 717 746 747
f 171 745 743
f 192 746 745
f 184 743 746
f 745 746 743
f 47 742 734
f 191 748 742
f 190 734 748
f 742 748 734
f 50 747 739
f 192 749 747
f 191 739 749
f 747 749 739
f 44 737 744
f 190 750 737
f 192 744 750
f 737 750 744
f 191 749 748
f 192 750 749
f 190 748 750
f 749 750 748
f 1 645 752
f 165 751 645
f 194 752 751
f 645 751 752
f 45 753 649
f 193 754 753
f 165 649 754
f 753 754 649
f 53 755 757
f 194 756 755
f 193 757 756
f 755 756 757
f 165 754 751
f 193 756 754
f 194 751 756
f 754 756 751
f 15 758 661
f 195 759 758
f 169 661 759
f 758 759 661
f 52 760 762
f 196 761 760
f 195 762 761
f 760 761 762
f 45 666 764
f 169 763 666
f 196 764 763
f 666 763 764
f 195 761 759
f 196 763 761
f 169 759 763
f 761 763 759
f 17 765 767
f 197 766 765
f 199 767 766
f 765 766 767
f 53 768 770
f 198 769 768
f 197 770 769
f 768 769 770
f 52 771 773
f 199 772 771
f 198 773 772
f 771 772 773
f 197 769 766
f 198 772 769
f 199 766 772
f 769 772 766
f 45 764 753
f 196 774 764
f 193 753 774
f 764 774 753
f 52 773 760
f 198 775 773
f 196 760 775
f 773 775 760
f 53 757 768
f 193 776 757
f 198 768 776
f 757 776 768
f 196 775 774
f 198 776 775
f 193 774 776
f 775 776 774
f 6 777 703
f 200 778 777
f 181 703 778
f 777 778 703
f 54 779 781
f 201 780 779
f 200 781 780
f 779 780 781
f 49 708 783
f 181 782 708
f 201 783 782
f 708 782 783
f 200 780 778
f 201 782 780
f 181 778 782
f 780 782 778
f 16 784 786
f 202 785 784
f 204 786 785
f 784 785 786
f 55 787 789
f 203 788 787
f 202 789 788
f 787 788 789
f 54 790 792
f 204 791 790
f 203 792 791
f 790 791 792
f 202 788 785
f 203 791 788
f 204 785 791
f 788 791 785
f 15 714 794
f 186 793 714
f 206 794 793
f 714 793 794
f 49 795 718
f 205 796 795
f 186 718 796
f 795 796 718
f 55 797 799
f 206 798 797
f 205 799 798
f 797 798 799
f 186 796 793
f 205 798 796
f 206 793 798
f 796 798 793
f 54 792 779
f 203 800 792
f 201 779 800
f 792 800 779
f 55 799 787
f 205 801 799
f 203 787 801
f 799 801 787
f 49 783 795
f 201 802 783
f 205 795 802
f 783 802 795
f 203 801 800
f 205 802 801
f 201 800 802
f 801 802 800
f 2 803 805
f 207 804 803
f 209 805 804
f 803 804 805
f 56 806 808
f 208 807 806
f 207 808 807
f 806 807 808
f 58 809 811
f 209 810 809
f 208 811 810
f 809 810 811
f 207 807 804
f 208 810 807
f 209 804 810
f 807 810 804
f 17 812 814
f 210 813 812
f 212 814 813
f 812 813 814
f 57 815 817
f 211 816 815
f 210 817 816
f 815 816 817
f 56 818 820
f 212 819 818
f 211 820 819
f 818 819 820
f 210 816 813
f 211 819 816
f 212 813 819
f 816 819 813
f 16 821 823
f 213 822 821
f 215 823 822
f 821 822 823
f 58 824 826
f 214 825 824
f 213 826 825
f 824 825 826
f 57 827 829
f 215 828 827
f 214 829 828
f 827 828 829
f 213 825 822
f 214 828 825
f 215 822 828
f 825 828 822
f 56 820 806
f 211 830 820
f 208 806 830
f 820 830 806
f 57 829 815
f 214 831 829
f 211 815 831
f 829 831 815
f 58 811 824
f 208 832 811
f 214 824 832
f 811 832 824
f 211 831 830
f 214 832 831
f 208 830 832
f 831 832 830
f 15 794 758
f 206 833 794
f 195 758 833
f 794 833 758
f 55 834 797
f 216 835 834
f 206 797 835
f 834 835 797
f 52 762 837
f 195 836 762
f 216 837 836
f 762 836 837
f 206 835 833
f 216 836 835
f 195 833 836
f 835 836 833
f 16 823 784
f 215 838 823
f 202 784 838
f 823 838 784
f 57 839 827
f 217 840 839
f 215 827 840
f 839 840 827
f 55 789 842
f 202 841 789
f 217 842 841
f 789 841 842
f 215 840 838
f 217 841 840
f 202 838 841
f 840 841 838
f 17 767 812
f 199 843 767
f 210 812 843
f 767 843 812
f 52 844 771
f 218 845 844
f 199 771 845
f 844 845 771
f 57 817 847
f 210 846 817
f 218 847 846
f 817 846 847
f 199 845 843
f 218 846 845
f 210 843 846
f 845 846 843
f 55 842 834
f 217 848 842
f 216 834 848
f 842 848 834
f 57 847 839
f 218 849 847
f 217 839 849
f 847 849 839
f 52 837 844
f 216 850 837
f 218 844 850
f 837 850 844
f 217 849 848
f 218 850 849
f 216 848 850
f 849 850 848
f 1 752 852
f 194 851 752
f 220 852 851
f 752 851 852
f 53 853 755
f 219 854 853
f 194 755 854
f 853 854 755
f 60 855 857
f 220 856 855
f 219 857 856
f 855 856 857
f 194 854 851
f 219 856 854
f 220 851 856
f 854 856 851
f 17 858 765
f 221 859 858
f 197 765 859
f 858 859 765
f 59 860 862
f 222 861 860
f 221 862 861
f 860 861 862
f 53 770 864
f 197 863 770
f 222 864 863
f 770 863 864
f 221 861 859
f 222 863 861
f 197 859 863
f 861 863 859
f 19 865 867
f 223 866 865
f 225 867 866
f 865 866 867
f 60 868 870
f 224 869 868
f 223 870 869
f 868 869 870
f 59 871 873
f 225 872 871
f 224 873 872
f 871 872 873
f 223 869 866
f 224 872 869
f 225 866 872
f 869 872 866
f 53 864 853
f 222 874 864
f 219 853 874
f 864 874 853
f 59 873 860
f 224 875 873
f 222 860 875
f 873 875 860
f 60 857 868
f 219 876 857
f 224 868 876
f 857 876 868
f 222 875 874
f 224 876 875
f 219 874 876
f 875 876 874
f 2 877 803
f 226 878 877
f 207 803 878
f 877 878 803
f 61 879 881
f 227 880 879
f 226 881 880
f 879 880 881
f 56 808 883
f 207 882 808
f 227 883 882
f 808 882 883
f 226 880 878
f 227 882 880
f 207 878 882
f 880 882 878
f 18 884 886
f 228 885 884
f 230 886 885
f 884 885 886
f 62 887 889
f 229 888 887
f 228 889 888
f 887 888 889
f 61 890 892
f 230 891 890
f 229 892 891
f 890 891 892
f 228 888 885
f 229 891 888
f 230 885 891
f 888 891 885
f 17 814 894
f 212 893 814
f 232 894 893
f 814 893 894
f 56 895 818
f 231 896 895
f 212 818 896
f 895 896 818
f 62 897 899
f 232 898 897
f 231 899 898
f 897 898 899
f 212 896 893
f 231 898 896
f 232 893 898
f 896 898 893
f 61 892 879
f 229 900 892
f 227 879 900
f 892 900 879
f 62 899 887
f 231 901 899
f 229 887 901
f 899 901 887
f 56 883 895
f 227 902 883
f 231 895 902
f 883 902 895
f 229 901 900
f 231 902 901
f 227 900 902
f 901 902 900
f 8 903 905
f 233 904 903
f 235 905 904
f 903 904 905
f 63 906 908
f 234 907 906
f 233 908 907
f 906 907 908
f 65 909 911
f 235 910 909
f 234 911 910
f 909 910 911
f 233 907 904
f 234 910 907
f 235 904 910
f 907 910 904
f 19 912 914
f 236 913 912
f 238 914 913
f 912 913 914
f 64 915 917
f 237 916 915
f 236 917 916
f 915 916 917
f 63 918 920
f 238 919 918
f 237 920 919
f 918 919 920
f 236 916 913
f 237 919 916
f 238 913 919
f 916 919 913
f 18 921 923
f 239 922 921
f 241 923 922
f 921 922 923
f 65 924 926
f 240 925 924
f 239 926 925
f 924 925 926
f 64 927 929
f 241 928 927
f 240 929 928
f 927 928 929
f 239 925 922
f 240 928 925
f 241 922 928
f 925 928 922
f 63 920 906
f 237 930 920
f 234 906 930
f 920 930 906
f 64 929 915
f 240 931 929
f 237 915 931
f 929 931 915
f 65 911 924
f 234 932 911
f 240 924 932
f 911 932 924
f 237 931 930
f 240 932 931
f 234 930 932
f 931 932 930
f 17 894 858
f 232 933 894
f 221 858 933
f 894 933 858
f 62 934 897
f 242 935 934
f 232 897 935
f 934 935 897
f 59 862 937
f 221 936 862
f 242 937 936
f 862 936 937
f 232 935 933
f 242 936 935
f 221 933 936
f 935 936 933
f 18 923 884
f 241 938 923
f 228 884 938
f 923 938 884
f 64 939 927
f 243 940 939
f 241 927 940
f 939 940 927
f 62 889 942
f 228 941 889
f 243 942 941
f 889 941 942
f 241 940 938
f 243 941 940
f 228 938 941
f 940 941 938
f 19 867 912
f 225 943 867
f 236 912 943
f 867 943 912
f 59 944 871
f 244 945 944
f 225 871 945
f 944 945 871
f 64 917 947
f 236 946 917
f 244 947 946
f 917 946 947
f 225 945 943
f 244 946 945
f 236 943 946
f 945 946 943
f 62 942 934
f 243 948 942
f 242 934 948
f 942 948 934
f 64 947 939
f 244 949 947
f 243 939 949
f 947 949 939
f 59 937 944
f 242 950 937
f 244 944 950
f 937 950 944
f 243 949 948
f 244 950 949
f 242 948 950
f 949 950 948
f 1 852 952
f 220 951 852
f 246 952 951
f 852 951 952
f 60 953 855
f 245 954 953
f 220 855 954
f 953 954 855
f 67 955 957
f 246 956 955
f 245 957 956
f 955 956 957
f 220 954 951
f 245 956 954
f 246 951 956
f 954 956 951
f 19 958 865
f 247 959 958
f 223 865 959
f 958 959 865
f 66 960 962
f 248 961 960
f 247 962 961
f 960 961 962
f 60 870 964
f 223 963 870
f 248 964 963
f 870 963 964
f 247 961 959
f 248 963 961
f 223 959 963
f 961 963 959
f 21 965 967
f 249 966 965
f 251 967 966
f 965 966 967
f 67 968 970
f 250 969 968
f 249 970 969
f 968 969 970
f 66 971 973
f 251 972 971
f 250 973 972
f 971 972 973
f 249 969 966
f 250 972 969
f 251 966 972
f 969 972 966
f 60 964 953
f 248 974 964
f 245 953 974
f 964 974 953
f 66 973 960
f 250 975 973
f 248 960 975
f 973 975 960
f 67 957 968
f 245 976 957
f 250 968 976
f 957 976 968
f 248 975 974
f 250 976 975
f 245 974 976
f 975 976 974
f 8 977 903
f 252 978 977
f 233 903 978
f 977 978 903
f 68 979 981
f 253 980 979
f 252 981 980
f 979 980 981
f 63 908 983
f 233 982 908
f 253 983 982
f 908 982 983
f 252 980 978
f 253 982 980
f 233 978 982
f 980 982 978
f 20 984 986
f 254 985 984
f 256 986 985
f 984 985 986
f 69 987 989
f 255 988 987
f 254 989 988
f 987 988 989
f 68 990 992
f 256 991 990
f 255 992 991
f 990 991 992
f 254 988 985
f 255 991 988
f 256 985 991
f 988 991 985
f 19 914 994
f 238 993 914
f 258 994 993
f 914 993 994
f 63 995 918
f 257 996 995
f 238 918 996
f 995 996 918
f 69 997 999
f 258 998 997
f 257 999 998
f 997 998 999
f 238 996 993
f 257 998 996
f 258 993 998
f 996 998 993
f 68 992 979
f 255 1000 992
f 253 979 1000
f 992 1000 979
f 69 999 987
f 257 1001 999
f 255 987 1001
f 999 1001 987
f 63 983 995
f 253 1002 983
f 257 995 1002
f 983 1002 995
f 255 1001 1000
f 257 1002 1001
f 253 1000 1002
f 1001 1002 1000
f 11 1003 1005
f 259 1004 1003
f 261 1005 1004
f 1003 1004 1005
f 70 1006 1008
f 260 1007 1006
f 259 1008 1007
f 1006 1007 1008
f 72 1009 1011
f 261 1010 1009
f 260 1011 1010
f 1009 1010 1011
f 259 1007 1004
f 260 1010 1007
f 261 1004 1010
f 1007 1010 1004
f 21 1012 1014
f 262 1013 1012
f 264 1014 1013
f 1012 1013 1014
f 71 1015 1017
f 263 1016 1015
f 262 1017 1016
f 1015 1016 1017
f 70 1018 1020
f 264 1019 1018
f 263 1020 1019
f 1018 1019 1020
f 262 1016 1013
f 263 1019 1016
f 264 1013 1019
f 1016 1019 1013
f 20 1021 1023
f 265 1022 1021
f 267 1023 1022
f 1021 1022 1023
f 72 1024 1026
f 266 1025 1024
f 265 1026 1025
f 1024 1025 1026
f 71 1027 1029
f 267 1028 1027
f 266 1029 1028
f 1027 1028 1029
f 265 1025 1022
f 266 1028 1025
f 267 1022 1028
f 1025 1028 1022
f 70 1020 1006
f 263 1030 1020
f 260 1006 1030
f 1020 1030 1006
f 71 1029 1015
f 266 1031 1029
f 263 1015 1031
f 1029 1031 1015
f 72 1011 1024
f 260 1032 1011
f 266 1024 1032
f 1011 1032 1024
f 263 1031 1030
f 266 1032 1031
f 260 1030 1032
f 1031 1032 1030
f 19 994 958
f 258 1033 994
f 247 958 1033
f 994 1033 958
f 69 1034 997
f 268 1035 1034
f 258 997 1035
f 1034 1035 997
f 66 962 1037
f 247 1036 962
f 268 1037 1036
f 962 1036 1037
f 258 1035 1033
f 268 1036 1035
f 247 1033 1036
f 1035 1036 1033
f 20 1023 984
f 267 1038 1023
f 254 984 1038
f 1023 1038 984
f 71 1039 1027
f 269 1040 1039
f 267 1027 1040
f 1039 1040 1027
f 69 989 1042
f 254 1041 989
f 269 1042 1041
f 989 1041 1042
f 267 1040 1038
f 269 1041 1040
f 254 1038 1041
f 1040 1041 1038
f 21 967 1012
f 251 1043 967
f 262 1012 1043
f 967 1043 1012
f 66 1044 971
f 270 1045 1044
f 251 971 1045
f 1044 1045 971
f 71 1017 1047
f 262 1046 1017
f 270 1047 1046
f 1017 1046 1047
f 251 1045 1043
f 270 1046 1045
f 262 1043 1046
f 1045 1046 1043
f 69 1042 1034
f 269 1048 1042
f 268 1034 1048
f 1042 1048 1034
f 71 1047 1039
f 270 1049 1047
f 269 1039 1049
f 1047 1049 1039
f 66 1037 1044
f 268 1050 1037
f 270 1044 1050
f 1037 1050 1044
f 269 1049 1048
f 270 1050 1049
f 268 1048 1050
f 1049 1050 1048
f 1 952 643
f 246 1051 952
f 163 643 1051
f 952 1051 643
f 67 1052 955
f 271 1053 1052
f 246 955 1053
f 1052 1053 955
f 43 648 1055
f 163 1054 648
f 271 1055 1054
f 648 1054 1055
f 246 1053 1051
f 271 1054 1053
f 163 1051 1054
f 1053 1054 1051
f 21 1056 965
f 272 1057 1056
f 249 965 1057
f 1056 1057 965
f 73 1058 1060
f 273 1059 1058
f 272 1060 1059
f 1058 1059 1060
f 67 970 1062
f 249 1061 970
f 273 1062 1061
f 970 1061 1062
f 272 1059 1057
f 273 1061 1059
f 249 1057 1061
f 1059 1061 1057
f 13 654 1064
f 168 1063 654
f 275 1064 1063
f 654 1063 1064
f 43 1065 658
f 274 1066 1065
f 168 658 1066
f 1065 1066 658
f 73 1067 1069
f 275 1068 1067
f 274 1069 1068
f 1067 1068 1069
f 168 1066 1063
f 274 1068 1066
f 275 1063 1068
f 1066 1068 1063
f 67 1062 1052
f 273 1070 1062
f 271 1052 1070
f 1062 1070 1052
f 73 1069 1058
f 274 1071 1069
f 273 1058 1071
f 1069 1071 1058
f 43 1055 1065
f 271 1072 1055
f 274 1065 1072
f 1055 1072 1065
f 273 1071 1070
f 274 1072 1071
f 271 1070 1072
f 1071 1072 1070
f 11 1073 1003
f 276 1074 1073
f 259 1003 1074
f 1073 1074 1003
f 74 1075 1077
f 277 1076 1075
f 276 1077 1076
f 1075 1076 1077
f 70 1008 1079
f 259 1078 1008
f 277 1079 1078
f 1008 1078 1079
f 276 1076 1074
f 277 1078 1076
f 259 1074 1078
f 1076 1078 1074
f 22 1080 1082
f 278 1081 1080
f 280 1082 1081
f 1080 1081 1082
f 75 1083 1085
f 279 1084 1083
f 278 1085 1084
f 1083 1084 1085
f 74 1086 1088
f 280 1087 1086
f 279 1088 1087
f 1086 1087 1088
f 278 1084 1081
f 279 1087 1084
f 280 1081 1087
f 1084 1087 1081
f 21 1014 1090
f 264 1089 1014
f 282 1090 1089
f 1014 1089 1090
f 70 1091 1018
f 281 1092 1091
f 264 1018 1092
f 1091 1092 1018
f 75 1093 1095
f 282 1094 1093
f 281 1095 1094
f 1093 1094 1095
f 264 1092 1089
f 281 1094 1092
f 282 1089 1094
f 1092 1094 1089
f 74 1088 1075
f 279 1096 1088
f 277 1075 1096
f 1088 1096 1075
f 75 1095 1083
f 281 1097 1095
f 279 1083 1097
f 1095 1097 1083
f 70 1079 1091
f 277 1098 1079
f 281 1091 1098
f 1079 1098 1091
f 279 1097 1096
f 281 1098 1097
f 277 1096 1098
f 1097 1098 1096
f 12 675 1100
f 174 1099 675
f 284 1100 1099
f 675 1099 1100
f 48 1101 679
f 283 1102 1101
f 174 679 1102
f 1101 1102 679
f 77 1103 1105
f 284 1104 1103
f 283 1105 1104
f 1103 1104 1105
f 174 1102 1099
f 283 1104 1102
f 284 1099 1104
f 1102 1104 1099
f 13 1106 691
f 285 1107 1106
f 178 691 1107
f 1106 1107 691
f 76 1108 1110
f 286 1109 1108
f 285 1110 1109
f 1108 1109 1110
f 48 696 1112
f 178 1111 696
f 286 1112 1111
f 696 1111 1112
f 285 1109 1107
f 286 1111 1109
f 178 1107 1111
f 1109 1111 1107
f 22 1113 1115
f 287 1114 1113
f 289 1115 1114
f 1113 1114 1115
f 77 1116 1118
f 288 1117 1116
f 287 1118 1117
f 1116 1117 1118
f 76 1119 1121
f 289 1120 1119
f 288 1121 1120
f 1119 1120 1121
f 287 1117 1114
f 288 1120 1117
f 289 1114 1120
f 1117 1120 1114
f 48 1112 1101
f 286 1122 1112
f 283 1101 1122
f 1112 1122 1101
f 76 1121 1108
f 288 1123 1121
f 286 1108 1123
f 1121 1123 1108
f 77 1105 1116
f 283 1124 1105
f 288 1116 1124
f 1105 1124 1116
f 286 1123 1122
f 288 1124 1123
f 283 1122 1124
f 1123 1124 1122
f 21 1090 1056
f 282 1125 1090
f 272 1056 1125
f 1090 1125 1056
f 75 1126 1093
f 290 1127 1126
f 282 1093 1127
f 1126 1127 1093
f 73 1060 1129
f 272 1128 1060
f 290 1129 1128
f 1060 1128 1129
f 282 1127 1125
f 290 1128 1127
f 272 1125 1128
f 1127 1128 1125
f 22 1115 1080
f 289 1130 1115
f 278 1080 1130
f 1115 1130 1080
f 76 1131 1119
f 291 1132 1131
f 289 1119 1132
f 1131 1132 1119
f 75 1085 1134
f 278 1133 1085
f 291 1134 1133
f 1085 1133 1134
f 289 1132 1130
f 291 1133 1132
f 278 1130 1133
f 1132 1133 1130
f 13 1064 1106
f 275 1135 1064
f 285 1106 1135
f 1064 1135 1106
f 73 1136 1067
f 292 1137 1136
f 275 1067 1137
f 1136 1137 1067
f 76 1110 1139
f 285 1138 1110
f 292 1139 1138
f 1110 1138 1139
f 275 1137 1135
f 292 1138 1137
f 285 1135 1138
f 1137 1138 1135
f 75 1134 1126
f 291 1140 1134
f 290 1126 1140
f 1134 1140 1126
f 76 1139 1131
f 292 1141 1139
f 291 1131 1141
f 1139 1141 1131
f 73 1129 1136
f 290 1142 1129
f 292 1136 1142
f 1129 1142 1136
f 291 1141 1140
f 292 1142 1141
f 290 1140 1142
f 1141 1142 1140
f 2 805 1144
f 209 1143 805
f 294 1144 1143
f 805 1143 1144
f 58 1145 809
f 293 1146 1145
f 209 809 1146
f 1145 1146 809
f 79 1147 1149
f 294 1148 1147
f 293 1149 1148
f 1147 1148 1149
f 209 1146 1143
f 293 1148 1146
f 294 1143 1148
f 1146 1148 1143
f 16 1150 821
f 295 1151 1150
f 213 821 1151
f 1150 1151 821
f 78 1152 1154
f 296 1153 1152
f 295 1154 1153
f 1152 1153 1154
f 58 826 1156
f 213 1155 826
f 296 1156 1155
f 826 1155 1156
f 295 1153 1151
f 296 1155 1153
f 213 1151 1155
f 1153 1155 1151
f 24 1157 1159
f 297 1158 1157
f 299 1159 1158
f 1157 1158 1159
f 79 1160 1162
f 298 1161 1160
f 297 1162 1161
f 1160 1161 1162
f 78 1163 1165
f 299 1164 1163
f 298 1165 1164
f 1163 1164 1165
f 297 1161 1158
f 298 1164 1161
f 299 1158 1164
f 1161 1164 1158
f 58 1156 1145
f 296 1166 1156
f 293 1145 1166
f 1156 1166 1145
f 78 1165 1152
f 298 1167 1165
f 296 1152 1167
f 1165 1167 1152
f 79 1149 1160
f 293 1168 1149
f 298 1160 1168
f 1149 1168 1160
f 296 1167 1166
f 298 1168 1167
f 293 1166 1168
f 1167 1168 1166
f 6 1169 777
f 300 1170 1169
f 200 777 1170
f 1169 1170 777
f 80 1171 1173
f 301 1172 1171
f 300 1173 1172
f 1171 1172 1173
f 54 781 1175
f 200 1174 781
f 301 1175 1174
f 781 1174 1175
f 300 1172 1170
f 301 1174 1172
f 200 1170 1174
f 1172 1174 1170
f 23 1176 1178
f 302 1177 1176
f 304 1178 1177
f 1176 1177 1178
f 81 1179 1181
f 303 1180 1179
f 302 1181 1180
f 1179 1180 1181
f 80 1182 1184
f 304 1183 1182
f 303 1184 1183
f 1182 1183 1184
f 302 1180 1177
f 303 1183 1180
f 304 1177 1183
f 1180 1183 1177
f 16 786 1186
f 204 1185 786
f 306 1186 1185
f 786 1185 1186
f 54 1187 790
f 305 1188 1187
f 204 790 1188
f 1187 1188 790
f 81 1189 1191
f 306 1190 1189
f 305 1191 1190
f 1189 1190 1191
f 204 1188 1185
f 305 1190 1188
f 306 1185 1190
f 1188 1190 1185
f 80 1184 1171
f 303 1192 1184
f 301 1171 1192
f 1184 1192 1171
f 81 1191 1179
f 305 1193 1191
f 303 1179 1193
f 1191 1193 1179
f 54 1175 1187
f 301 1194 1175
f 305 1187 1194
f 1175 1194 1187
f 303 1193 1192
f 305 1194 1193
f 301 1192 1194
f 1193 1194 1192
f 10 1195 1197
f 307 1196 1195
f 309 1197 1196
f 1195 1196 1197
f 82 1198 1200
f 308 1199 1198
f 307 1200 1199
f 1198 1199 1200
f 84 1201 1203
f 309 1202 1201
f 308 1203 1202
f 1201 1202 1203
f 307 1199 1196
f 308 1202 1199
f 309 1196 1202
f 1199 1202 1196
f 24 1204 1206
f 310 1205 1204
f 312 1206 1205
f 1204 1205 1206
f 83 1207 1209
f 311 1208 1207
f 310 1209 1208
f 1207 1208 1209
f 82 1210 1212
f 312 1211 1210
f 311 1212 1211
f 1210 1211 1212
f 310 1208 1205
f 311 1211 1208
f 312 1205 1211
f 1208 1211 1205
f 23 1213 1215
f 313 1214 1213
f 315 1215 1214
f 1213 1214 1215
f 84 1216 1218
f 314 1217 1216
f 313 1218 1217
f 1216 1217 1218
f 83 1219 1221
f 315 1220 1219
f 314 1221 1220
f 1219 1220 1221
f 313 1217 1214
f 314 1220 1217
f 315 1214 1220
f 1217 1220 1214
f 82 1212 1198
f 311 1222 1212
f 308 1198 1222
f 1212 1222 1198
f 83 1221 1207
f 314 1223 1221
f 311 1207 1223
f 1221 1223 1207
f 84 1203 1216
f 308 1224 1203
f 314 1216 1224
f 1203 1224 1216
f 311 1223 1222
f 314 1224 1223
f 308 1222 1224
f 1223 1224 1222
f 16 1186 1150
f 306 1225 1186
f 295 1150 1225
f 1186 1225 1150
f 81 1226 1189
f 316 1227 1226
f 306 1189 1227
f 1226 1227 1189
f 78 1154 1229
f 295 1228 1154
f 316 1229 1228
f 1154 1228 1229
f 306 1227 1225
f 316 1228 1227
f 295 1225 1228
f 1227 1228 1225
f 23 1215 1176
f 315 1230 1215
f 302 1176 1230
f 1215 1230 1176
f 83 1231 1219
f 317 1232 1231
f 315 1219 1232
f 1231 1232 1219
f 81 1181 1234
f 302 1233 1181
f 317 1234 1233
f 1181 1233 1234
f 315 1232 1230
f 317 1233 1232
f 302 1230 1233
f 1232 1233 1230
f 24 1159 1204
f 299 1235 1159
f 310 1204 1235
f 1159 1235 1204
f 78 1236 1163
f 318 1237 1236
f 299 1163 1237
f 1236 1237 1163
f 83 1209 1239
f 310 1238 1209
f 318 1239 1238
f 1209 1238 1239
f 299 1237 1235
f 318 1238 1237
f 310 1235 1238
f 1237 1238 1235
f 81 1234 1226
f 317 1240 1234
f 316 1226 1240
f 1234 1240 1226
f 83 1239 1231
f 318 1241 1239
f 317 1231 1241
f 1239 1241 1231
f 78 1229 1236
f 316 1242 1229
f 318 1236 1242
f 1229 1242 1236
f 317 1241 1240
f 318 1242 1241
f 316 1240 1242
f 1241 1242 1240
f 6 705 1244
f 183 1243 705
f 320 1244 1243
f 705 1243 1244
f 51 1245 709
f 319 1246 1245
f 183 709 1246
f 1245 1246 709
f 86 1247 1249
f 320 1248 1247
f 319 1249 1248
f 1247 1248 1249
f 183 1246 1243
f 319 1248 1246
f 320 1243 1248
f 1246 1248 1243
f 14 1250 721
f 321 1251 1250
f 187 721 1251
f 1250 1251 721
f 85 1252 1254
f 322 1253 1252
f 321 1254 1253
f 1252 1253 1254
f 51 726 1256
f 187 1255 726
f 322 1256 1255
f 726 1255 1256
f 321 1253 1251
f 322 1255 1253
f 187 1251 1255
f 1253 1255 1251
f 26 1257 1259
f 323 1258 1257
f 325 1259 1258
f 1257 1258 1259
f 86 1260 1262
f 324 1261 1260
f 323 1262 1261
f 1260 1261 1262
f 85 1263 1265
f 325 1264 1263
f 324 1265 1264
f 1263 1264 1265
f 323 1261 1258
f 324 1264 1261
f 325 1258 1264
f 1261 1264 1258
f 51 1256 1245
f 322 1266 1256
f 319 1245 1266
f 1256 1266 1245
f 85 1265 1252
f 324 1267 1265
f 322 1252 1267
f 1265 1267 1252
f 86 1249 1260
f 319 1268 1249
f 324 1260 1268
f 1249 1268 1260
f 322 1267 1266
f 324 1268 1267
f 319 1266 1268
f 1267 1268 1266
f 12 1269 673
f 326 1270 1269
f 172 673 1270
f 1269 1270 673
f 87 1271 1273
f 327 1272 1271
f 326 1273 1272
f 1271 1272 1273
f 46 678 1275
f 172 1274 678
f 327 1275 1274
f 678 1274 1275
f 326 1272 1270
f 327 1274 1272
f 172 1270 1274
f 1272 1274 1270
f 25 1276 1278
f 328 1277 1276
f 330 1278 1277
f 1276 1277 1278
f 88 1279 1281
f 329 1280 1279
f 328 1281 1280
f 1279 1280 1281
f 87 1282 1284
f 330 1283 1282
f 329 1284 1283
f 1282 1283 1284
f 328 1280 1277
f 329 1283 1280
f 330 1277 1283
f 1280 1283 1277
f 14 684 1286
f 177 1285 684
f 332 1286 1285
f 684 1285 1286
f 46 1287 688
f 331 1288 1287
f 177 688 1288
f 1287 1288 688
f 88 1289 1291
f 332 1290 1289
f 331 1291 1290
f 1289 1290 1291
f 177 1288 1285
f 331 1290 1288
f 332 1285 1290
f 1288 1290 1285
f 87 1284 1271
f 329 1292 1284
f 327 1271 1292
f 1284 1292 1271
f 88 1291 1279
f 331 1293 1291
f 329 1279 1293
f 1291 1293 1279
f 46 1275 1287
f 327 1294 1275
f 331 1287 1294
f 1275 1294 1287
f 329 1293 1292
f 331 1294 1293
f 327 1292 1294
f 1293 1294 1292
f 5 1295 1297
f 333 1296 1295
f 335 1297 1296
f 1295 1296 1297
f 89 1298 1300
f 334 1299 1298
f 333 1300 1299
f 1298 1299 1300
f 91 1301 1303
f 335 1302 1301
f 334 1303 1302
f 1301 1302 1303
f 333 1299 1296
f 334 1302 1299
f 335 1296 1302
f 1299 1302 1296
f 26 1304 1306
f 336 1305 1304
f 338 1306 1305
f 1304 1305 1306
f 90 1307 1309
f 337 1308 1307
f 336 1309 1308
f 1307 1308 1309
f 89 1310 1312
f 338 1311 1310
f 337 1312 1311
f 1310 1311 1312
f 336 1308 1305
f 337 1311 1308
f 338 1305 1311
f 1308 1311 1305
f 25 1313 1315
f 339 1314 1313
f 341 1315 1314
f 1313 1314 1315
f 91 1316 1318
f 340 1317 1316
f 339 1318 1317
f 1316 1317 1318
f 90 1319 1321
f 341 1320 1319
f 340 1321 1320
f 1319 1320 1321
f 339 1317 1314
f 340 1320 1317
f 341 1314 1320
f 1317 1320 1314
f 89 1312 1298
f 337 1322 1312
f 334 1298 1322
f 1312 1322 1298
f 90 1321 1307
f 340 1323 1321
f 337 1307 1323
f 1321 1323 1307
f 91 1303 1316
f 334 1324 1303
f 340 1316 1324
f 1303 1324 1316
f 337 1323 1322
f 340 1324 1323
f 334 1322 1324
f 1323 1324 1322
f 14 1286 1250
f 332 1325 1286
f 321 1250 1325
f 1286 1325 1250
f 88 1326 1289
f 342 1327 1326
f 332 1289 1327
f 1326 1327 1289
f 85 1254 1329
f 321 1328 1254
f 342 1329 1328
f 1254 1328 1329
f 332 1327 1325
f 342 1328 1327
f 321 1325 1328
f 1327 1328 1325
f 25 1315 1276
f 341 1330 1315
f 328 1276 1330
f 1315 1330 1276
f 90 1331 1319
f 343 1332 1331
f 341 1319 1332
f 1331 1332 1319
f 88 1281 1334
f 328 1333 1281
f 343 1334 1333
f 1281 1333 1334
f 341 1332 1330
f 343 1333 1332
f 328 1330 1333
f 1332 1333 1330
f 26 1259 1304
f 325 1335 1259
f 336 1304 1335
f 1259 1335 1304
f 85 1336 1263
f 344 1337 1336
f 325 1263 1337
f 1336 1337 1263
f 90 1309 1339
f 336 1338 1309
f 344 1339 1338
f 1309 1338 1339
f 325 1337 1335
f 344 1338 1337
f 336 1335 1338
f 1337 1338 1335
f 88 1334 1326
f 343 1340 1334
f 342 1326 1340
f 1334 1340 1326
f 90 1339 1331
f 344 1341 1339
f 343 1331 1341
f 1339 1341 1331
f 85 1329 1336
f 342 1342 1329
f 344 1336 1342
f 1329 1342 1336
f 343 1341 1340
f 344 1342 1341
f 342 1340 1342
f 1341 1342 1340
f 12 1100 1344
f 284 1343 1100
f 346 1344 1343
f 1100 1343 1344
f 77 1345 1103
f 345 1346 1345
f 284 1103 1346
f 1345 1346 1103
f 93 1347 1349
f 346 1348 1347
f 345 1349 1348
f 1347 1348 1349
f 284 1346 1343
f 345 1348 1346
f 346 1343 1348
f 1346 1348 1343
f 22 1350 1113
f 347 1351 1350
f 287 1113 1351
f 1350 1351 1113
f 92 1352 1354
f 348 1353 1352
f 347 1354 1353
f 1352 1353 1354
f 77 1118 1356
f 287 1355 1118
f 348 1356 1355
f 1118 1355 1356
f 347 1353 1351
f 348 1355 1353
f 287 1351 1355
f 1353 1355 1351
f 28 1357 1359
f 349 1358 1357
f 351 1359 1358
f 1357 1358 1359
f 93 1360 1362
f 350 1361 1360
f 349 1362 1361
f 1360 1361 1362
f 92 1363 1365
f 351 1364 1363
f 350 1365 1364
f 1363 1364 1365
f 349 1361 1358
f 350 1364 1361
f 351 1358 1364
f 1361 1364 1358
f 77 1356 1345
f 348 1366 1356
f 345 1345 1366
f 1356 1366 1345
f 92 1365 1352
f 350 1367 1365
f 348 1352 1367
f 1365 1367 1352
f 93 1349 1360
f 345 1368 1349
f 350 1360 1368
f 1349 1368 1360
f 348 1367 1366
f 350 1368 1367
f 345 1366 1368
f 1367 1368 1366
f 11 1369 1073
f 352 1370 1369
f 276 1073 1370
f 1369 1370 1073
f 94 1371 1373
f 353 1372 1371
f 352 1373 1372
f 1371 1372 1373
f 74 1077 1375
f 276 1374 1077
f 353 1375 1374
f 1077 1374 1375
f 352 1372 1370
f 353 1374 1372
f 276 1370 1374
f 1372 1374 1370
f 27 1376 1378
f 354 1377 1376
f 356 1378 1377
f 1376 1377 1378
f 95 1379 1381
f 355 1380 1379
f 354 1381 1380
f 1379 1380 1381
f 94 1382 1384
f 356 1383 1382
f 355 1384 1383
f 1382 1383 1384
f 354 1380 1377
f 355 1383 1380
f 356 1377 1383
f 1380 1383 1377
f 22 1082 1386
f 280 1385 1082
f 358 1386 1385
f 1082 1385 1386
f 74 1387 1086
f 357 1388 1387
f 280 1086 1388
f 1387 1388 1086
f 95 1389 1391
f 358 1390 1389
f 357 1391 1390
f 1389 1390 1391
f 280 1388 1385
f 357 1390 1388
f 358 1385 1390
f 1388 1390 1385
f 94 1384 1371
f 355 1392 1384
f 353 1371 1392
f 1384 1392 1371
f 95 1391 1379
f 357 1393 1391
f 355 1379 1393
f 1391 1393 1379
f 74 1375 1387
f 353 1394 1375
f 357 1387 1394
f 1375 1394 1387
f 355 1393 1392
f 357 1394 1393
f 353 1392 1394
f 1393 1394 1392
f 3 1395 1397
f 359 1396 1395
f 361 1397 1396
f 1395 1396 1397
f 96 1398 1400
f 360 1399 1398
f 359 1400 1399
f 1398 1399 1400
f 98 1401 1403
f 361 1402 1401
f 360 1403 1402
f 1401 1402 1403
f 359 1399 1396
f 360 1402 1399
f 361 1396 1402
f 1399 1402 1396
f 28 1404 1406
f 362 1405 1404
f 364 1406 1405
f 1404 1405 1406
f 97 1407 1409
f 363 1408 1407
f 362 1409 1408
f 1407 1408 1409
f 96 1410 1412
f 364 1411 1410
f 363 1412 1411
f 1410 1411 1412
f 362 1408 1405
f 363 1411 1408
f 364 1405 1411
f 1408 1411 1405
f 27 1413 1415
f 365 1414 1413
f 367 1415 1414
f 1413 1414 1415
f 98 1416 1418
f 366 1417 1416
f 365 1418 1417
f 1416 1417 1418
f 97 1419 1421
f 367 1420 1419
f 366 1421 1420
f 1419 1420 1421
f 365 1417 1414
f 366 1420 1417
f 367 1414 1420
f 1417 1420 1414
f 96 1412 1398
f 363 1422 1412
f 360 1398 1422
f 1412 1422 1398
f 97 1421 1407
f 366 1423 1421
f 363 1407 1423
f 1421 1423 1407
f 98 1403 1416
f 360 1424 1403
f 366 1416 1424
f 1403 1424 1416
f 363 1423 1422
f 366 1424 1423
f 360 1422 1424
f 1423 1424 1422
f 22 1386 1350
f 358 1425 1386
f 347 1350 1425
f 1386 1425 1350
f 95 1426 1389
f 368 1427 1426
f 358 1389 1427
f 1426 1427 1389
f 92 1354 1429
f 347 1428 1354
f 368 1429 1428
f 1354 1428 1429
f 358 1427 1425
f 368 1428 1427
f 347 1425 1428
f 1427 1428 1425
f 27 1415 1376
f 367 1430 1415
f 354 1376 1430
f 1415 1430 1376
f 97 1431 1419
f 369 1432 1431
f 367 1419 1432
f 1431 1432 1419
f 95 1381 1434
f 354 1433 1381
f 369 1434 1433
f 1381 1433 1434
f 367 1432 1430
f 369 1433 1432
f 354 1430 1433
f 1432 1433 1430
f 28 1359 1404
f 351 1435 1359
f 362 1404 1435
f 1359 1435 1404
f 92 1436 1363
f 370 1437 1436
f 351 1363 1437
f 1436 1437 1363
f 97 1409 1439
f 362 1438 1409
f 370 1439 1438
f 1409 1438 1439
f 351 1437 1435
f 370 1438 1437
f 362 1435 1438
f 1437 1438 1435
f 95 1434 1426
f 369 1440 1434
f 368 1426 1440
f 1434 1440 1426
f 97 1439 1431
f 370 1441 1439
f 369 1431 1441
f 1439 1441 1431
f 92 1429 1436
f 368 1442 1429
f 370 1436 1442
f 1429 1442 1436
f 369 1441 1440
f 370 1442 1441
f 368 1440 1442
f 1441 1442 1440
f 11 1005 1444
f 261 1443 1005
f 372 1444 1443
f 1005 1443 1444
f 72 1445 1009
f 371 1446 1445
f 261 1009 1446
f 1445 1446 1009
f 100 1447 1449
f 372 1448 1447
f 371 1449 1448
f 1447 1448 1449
f 261 1446 1443
f 371 1448 1446
f 372 1443 1448
f 1446 1448 1443
f 20 1450 1021
f 373 1451 1450
f 265 1021 1451
f 1450 1451 1021
f 99 1452 1454
f 374 1453 1452
f 373 1454 1453
f 1452 1453 1454
f 72 1026 1456
f 265 1455 1026
f 374 1456 1455
f 1026 1455 1456
f 373 1453 1451
f 374 1455 1453
f 265 1451 1455
f 1453 1455 1451
f 30 1457 1459
f 375 1458 1457
f 377 1459 1458
f 1457 1458 1459
f 100 1460 1462
f 376 1461 1460
f 375 1462 1461
f 1460 1461 1462
f 99 1463 1465
f 377 1464 1463
f 376 1465 1464
f 1463 1464 1465
f 375 1461 1458
f 376 1464 1461
f 377 1458 1464
f 1461 1464 1458
f 72 1456 1445
f 374 1466 1456
f 371 1445 1466
f 1456 1466 1445
f 99 1465 1452
f 376 1467 1465
f 374 1452 1467
f 1465 1467 1452
f 100 1449 1460
f 371 1468 1449
f 376 1460 1468
f 1449 1468 1460
f 374 1467 1466
f 376 1468 1467
f 371 1466 1468
f 1467 1468 1466
f 8 1469 977
f 378 1470 1469
f 252 977 1470
f 1469 1470 977
f 101 1471 1473
f 379 1472 1471
f 378 1473 1472
f 1471 1472 1473
f 68 981 1475
f 252 1474 981
f 379 1475 1474
f 981 1474 1475
f 378 1472 1470
f 379 1474 1472
f 252 1470 1474
f 1472 1474 1470
f 29 1476 1478
f 380 1477 1476
f 382 1478 1477
f 1476 1477 1478
f 102 1479 1481
f 381 1480 1479
f 380 1481 1480
f 1479 1480 1481
f 101 1482 1484
f 382 1483 1482
f 381 1484 1483
f 1482 1483 1484
f 380 1480 1477
f 381 1483 1480
f 382 1477 1483
f 1480 1483 1477
f 20 986 1486
f 256 1485 986
f 384 1486 1485
f 986 1485 1486
f 68 1487 990
f 383 1488 1487
f 256 990 1488
f 1487 1488 990
f 102 1489 1491
f 384 1490 1489
f 383 1491 1490
f 1489 1490 1491
f 256 1488 1485
f 383 1490 1488
f 384 1485 1490
f 1488 1490 1485
f 101 1484 1471
f 381 1492 1484
f 379 1471 1492
f 1484 1492 1471
f 102 1491 1479
f 383 1493 1491
f 381 1479 1493
f 1491 1493 1479
f 68 1475 1487
f 379 1494 1475
f 383 1487 1494
f 1475 1494 1487
f 381 1493 1492
f 383 1494 1493
f 379 1492 1494
f 1493 1494 1492
f 7 1495 1497
f 385 1496 1495
f 387 1497 1496
f 1495 1496 1497
f 103 1498 1500
f 386 1499 1498
f 385 1500 1499
f 1498 1499 1500
f 105 1501 1503
f 387 1502 1501
f 386 1503 1502
f 1501 1502 1503
f 385 1499 1496
f 386 1502 1499
f 387 1496 1502
f 1499 1502 1496
f 30 1504 1506
f 388 1505 1504
f 390 1506 1505
f 1504 1505 1506
f 104 1507 1509
f 389 1508 1507
f 388 1509 1508
f 1507 1508 1509
f 103 1510 1512
f 390 1511 1510
f 389 1512 1511
f 1510 1511 1512
f 388 1508 1505
f 389 1511 1508
f 390 1505 1511
f 1508 1511 1505
f 29 1513 1515
f 391 1514 1513
f 393 1515 1514
f 1513 1514 1515
f 105 1516 1518
f 392 1517 1516
f 391 1518 1517
f 1516 1517 1518
f 104 1519 1521
f 393 1520 1519
f 392 1521 1520
f 1519 1520 1521
f 391 1517 1514
f 392 1520 1517
f 393 1514 1520
f 1517 1520 1514
f 103 1512 1498
f 389 1522 1512
f 386 1498 1522
f 1512 1522 1498
f 104 1521 1507
f 392 1523 1521
f 389 1507 1523
f 1521 1523 1507
f 105 1503 1516
f 386 1524 1503
f 392 1516 1524
f 1503 1524 1516
f 389 1523 1522
f 392 1524 1523
f 386 1522 1524
f 1523 1524 1522
f 20 1486 1450
f 384 1525 1486
f 373 1450 1525
f 1486 1525 1450
f 102 1526 1489
f 394 1527 1526
f 384 1489 1527
f 1526 1527 1489
f 99 1454 1529
f 373 1528 1454
f 394 1529 1528
f 1454 1528 1529
f 384 1527 1525
f 394 1528 1527
f 373 1525 1528
f 1527 1528 1525
f 29 1515 1476
f 393 1530 1515
f 380 1476 1530
f 1515 1530 1476
f 104 1531 1519
f 395 1532 1531
f 393 1519 1532
f 1531 1532 1519
f 102 1481 1534
f 380 1533 1481
f 395 1534 1533
f 1481 1533 1534
f 393 1532 1530
f 395 1533 1532
f 380 1530 1533
f 1532 1533 1530
f 30 1459 1504
f 377 1535 1459
f 388 1504 1535
f 1459 1535 1504
f 99 1536 1463
f 396 1537 1536
f 377 1463 1537
f 1536 1537 1463
f 104 1509 1539
f 388 1538 1509
f 396 1539 1538
f 1509 1538 1539
f 377 1537 1535
f 396 1538 1537
f 388 1535 1538
f 1537 1538 1535
f 102 1534 1526
f 395 1540 1534
f 394 1526 1540
f 1534 1540 1526
f 104 1539 1531
f 396 1541 1539
f 395 1531 1541
f 1539 1541 1531
f 99 1529 1536
f 394 1542 1529
f 396 1536 1542
f 1529 1542 1536
f 395 1541 1540
f 396 1542 1541
f 394 1540 1542
f 1541 1542 1540
f 8 905 1544
f 235 1543 905
f 398 1544 1543
f 905 1543 1544
f 65 1545 909
f 397 1546 1545
f 235 909 1546
f 1545 1546 909
f 107 1547 1549
f 398 1548 1547
f 397 1549 1548
f 1547 1548 1549
f 235 1546 1543
f 397 1548 1546
f 398 1543 1548
f 1546 1548 1543
f 18 1550 921
f 399 1551 1550
f 239 921 1551
f 1550 1551 921
f 106 1552 1554
f 400 1553 1552
f 399 1554 1553
f 1552 1553 1554
f 65 926 1556
f 239 1555 926
f 400 1556 1555
f 926 1555 1556
f 399 1553 1551
f 400 1555 1553
f 239 1551 1555
f 1553 1555 1551
f 32 1557 1559
f 401 1558 1557
f 403 1559 1558
f 1557 1558 1559
f 107 1560 1562
f 402 1561 1560
f 401 1562 1561
f 1560 1561 1562
f 106 1563 1565
f 403 1564 1563
f 402 1565 1564
f 1563 1564 1565
f 401 1561 1558
f 402 1564 1561
f 403 1558 1564
f 1561 1564 1558
f 65 1556 1545
f 400 1566 1556
f 397 1545 1566
f 1556 1566 1545
f 106 1565 1552
f 402 1567 1565
f 400 1552 1567
f 1565 1567 1552
f 107 1549 1560
f 397 1568 1549
f 402 1560 1568
f 1549 1568 1560
f 400 1567 1566
f 402 1568 1567
f 397 1566 1568
f 1567 1568 1566
f 2 1569 877
f 404 1570 1569
f 226 877 1570
f 1569 1570 877
f 108 1571 1573
f 405 1572 1571
f 404 1573 1572
f 1571 1572 1573
f 61 881 1575
f 226 1574 881
f 405 1575 1574
f 881 1574 1575
f 404 1572 1570
f 405 1574 1572
f 226 1570 1574
f 1572 1574 1570
f 31 1576 1578
f 406 1577 1576
f 408 1578 1577
f 1576 1577 1578
f 109 1579 1581
f 407 1580 1579
f 406 1581 1580
f 1579 1580 1581
f 108 1582 1584
f 408 1583 1582
f 407 1584 1583
f 1582 1583 1584
f 406 1580 1577
f 407 1583 1580
f 408 1577 1583
f 1580 1583 1577
f 18 886 1586
f 230 1585 886
f 410 1586 1585
f 886 1585 1586
f 61 1587 890
f 409 1588 1587
f 230 890 1588
f 1587 1588 890
f 109 1589 1591
f 410 1590 1589
f 409 1591 1590
f 1589 1590 1591
f 230 1588 1585
f 409 1590 1588
f 410 1585 1590
f 1588 1590 1585
f 108 1584 1571
f 407 1592 1584
f 405 1571 1592
f 1584 1592 1571
f 109 1591 1579
f 409 1593 1591
f 407 1579 1593
f 1591 1593 1579
f 61 1575 1587
f 405 1594 1575
f 409 1587 1594
f 1575 1594 1587
f 407 1593 1592
f 409 1594 1593
f 405 1592 1594
f 1593 1594 1592
f 9 1595 1597
f 411 1596 1595
f 413 1597 1596
f 1595 1596 1597
f 110 1598 1600
f 412 1599 1598
f 411 1600 1599
f 1598 1599 1600
f 112 1601 1603
f 413 1602 1601
f 412 1603 1602
f 1601 1602 1603
f 411 1599 1596
f 412 1602 1599
f 413 1596 1602
f 1599 1602 1596
f 32 1604 1606
f 414 1605 1604
f 416 1606 1605
f 1604 1605 1606
f 111 1607 1609
f 415 1608 1607
f 414 1609 1608
f 1607 1608 1609
f 110 1610 1612
f 416 1611 1610
f 415 1612 1611
f 1610 1611 1612
f 414 1608 1605
f 415 1611 1608
f 416 1605 1611
f 1608 1611 1605
f 31 1613 1615
f 417 1614 1613
f 419 1615 1614
f 1613 1614 1615
f 112 1616 1618
f 418 1617 1616
f 417 1618 1617
f 1616 1617 1618
f 111 1619 1621
f 419 1620 1619
f 418 1621 1620
f 1619 1620 1621
f 417 1617 1614
f 418 1620 1617
f 419 1614 1620
f 1617 1620 1614
f 110 1612 1598
f 415 1622 1612
f 412 1598 1622
f 1612 1622 1598
f 111 1621 1607
f 418 1623 1621
f 415 1607 1623
f 1621 1623 1607
f 112 1603 1616
f 412 1624 1603
f 418 1616 1624
f 1603 1624 1616
f 415 1623 1622
f 418 1624 1623
f 412 1622 1624
f 1623 1624 1622
f 18 1586 1550
f 410 1625 1586
f 399 1550 1625
f 1586 1625 1550
f 109 1626 1589
f 420 1627 1626
f 410 1589 1627
f 1626 1627 1589
f 106 1554 1629
f 399 1628 1554
f 420 1629 1628
f 1554 1628 1629
f 410 1627 1625
f 420 1628 1627
f 399 1625 1628
f 1627 1628 1625
f 31 1615 1576
f 419 1630 1615
f 406 1576 1630
f 1615 1630 1576
f 111 1631 1619
f 421 1632 1631
f 419 1619 1632
f 1631 1632 1619
f 109 1581 1634
f 406 1633 1581
f 421 1634 1633
f 1581 1633 1634
f 419 1632 1630
f 421 1633 1632
f 406 1630 1633
f 1632 1633 1630
f 32 1559 1604
f 403 1635 1559
f 414 1604 1635
f 1559 1635 1604
f 106 1636 1563
f 422 1637 1636
f 403 1563 1637
f 1636 1637 1563
f 111 1609 1639
f 414 1638 1609
f 422 1639 1638
f 1609 1638 1639
f 403 1637 1635
f 422 1638 1637
f 414 1635 1638
f 1637 1638 1635
f 109 1634 1626
f 421 1640 1634
f 420 1626 1640
f 1634 1640 1626
f 111 1639 1631
f 422 1641 1639
f 421 1631 1641
f 1639 1641 1631
f 106 1629 1636
f 420 1642 1629
f 422 1636 1642
f 1629 1642 1636
f 421 1641 1640
f 422 1642 1641
f 420 1640 1642
f 1641 1642 1640
f 4 1643 1645
f 423 1644 1643
f 425 1645 1644
f 1643 1644 1645
f 113 1646 1648
f 424 1647 1646
f 423 1648 1647
f 1646 1647 1648
f 115 1649 1651
f 425 1650 1649
f 424 1651 1650
f 1649 1650 1651
f 423 1647 1644
f 424 1650 1647
f 425 1644 1650
f 1647 1650 1644
f 33 1652 1654
f 426 1653 1652
f 428 1654 1653
f 1652 1653 1654
f 114 1655 1657
f 427 1656 1655
f 426 1657 1656
f 1655 1656 1657
f 113 1658 1660
f 428 1659 1658
f 427 1660 1659
f 1658 1659 1660
f 426 1656 1653
f 427 1659 1656
f 428 1653 1659
f 1656 1659 1653
f 35 1661 1663
f 429 1662 1661
f 431 1663 1662
f 1661 1662 1663
f 115 1664 1666
f 430 1665 1664
f 429 1666 1665
f 1664 1665 1666
f 114 1667 1669
f 431 1668 1667
f 430 1669 1668
f 1667 1668 1669
f 429 1665 1662
f 430 1668 1665
f 431 1662 1668
f 1665 1668 1662
f 113 1660 1646
f 427 1670 1660
f 424 1646 1670
f 1660 1670 1646
f 114 1669 1655
f 430 1671 1669
f 427 1655 1671
f 1669 1671 1655
f 115 1651 1664
f 424 1672 1651
f 430 1664 1672
f 1651 1672 1664
f 427 1671 1670
f 430 1672 1671
f 424 1670 1672
f 1671 1672 1670
f 10 1673 1675
f 432 1674 1673
f 434 1675 1674
f 1673 1674 1675
f 116 1676 1678
f 433 1677 1676
f 432 1678 1677
f 1676 1677 1678
f 118 1679 1681
f 434 1680 1679
f 433 1681 1680
f 1679 1680 1681
f 432 1677 1674
f 433 1680 1677
f 434 1674 1680
f 1677 1680 1674
f 34 1682 1684
f 435 1683 1682
f 437 1684 1683
f 1682 1683 1684
f 117 1685 1687
f 436 1686 1685
f 435 1687 1686
f 1685 1686 1687
f 116 1688 1690
f 437 1689 1688
f 436 1690 1689
f 1688 1689 1690
f 435 1686 1683
f 436 1689 1686
f 437 1683 1689
f 1686 1689 1683
f 33 1691 1693
f 438 1692 1691
f 440 1693 1692
f 1691 1692 1693
f 118 1694 1696
f 439 1695 1694
f 438 1696 1695
f 1694 1695 1696
f 117 1697 1699
f 440 1698 1697
f 439 1699 1698
f 1697 1698 1699
f 438 1695 1692
f 439 1698 1695
f 440 1692 1698
f 1695 1698 1692
f 116 1690 1676
f 436 1700 1690
f 433 1676 1700
f 1690 1700 1676
f 117 1699 1685
f 439 1701 1699
f 436 1685 1701
f 1699 1701 1685
f 118 1681 1694
f 433 1702 1681
f 439 1694 1702
f 1681 1702 1694
f 436 1701 1700
f 439 1702 1701
f 433 1700 1702
f 1701 1702 1700
f 5 1703 1705
f 441 1704 1703
f 443 1705 1704
f 1703 1704 1705
f 119 1706 1708
f 442 1707 1706
f 441 1708 1707
f 1706 1707 1708
f 121 1709 1711
f 443 1710 1709
f 442 1711 1710
f 1709 1710 1711
f 441 1707 1704
f 442 1710 1707
f 443 1704 1710
f 1707 1710 1704
f 35 1712 1714
f 444 1713 1712
f 446 1714 1713
f 1712 1713 1714
f 120 1715 1717
f 445 1716 1715
f 444 1717 1716
f 1715 1716 1717
f 119 1718 1720
f 446 1719 1718
f 445 1720 1719
f 1718 1719 1720
f 444 1716 1713
f 445 1719 1716
f 446 1713 1719
f 1716 1719 1713
f 34 1721 1723
f 447 1722 1721
f 449 1723 1722
f 1721 1722 1723
f 121 1724 1726
f 448 1725 1724
f 447 1726 1725
f 1724 1725 1726
f 120 1727 1729
f 449 1728 1727
f 448 1729 1728
f 1727 1728 1729
f 447 1725 1722
f 448 1728 1725
f 449 1722 1728
f 1725 1728 1722
f 119 1720 1706
f 445 1730 1720
f 442 1706 1730
f 1720 1730 1706
f 120 1729 1715
f 448 1731 1729
f 445 1715 1731
f 1729 1731 1715
f 121 1711 1724
f 442 1732 1711
f 448 1724 1732
f 1711 1732 1724
f 445 1731 1730
f 448 1732 1731
f 442 1730 1732
f 1731 1732 1730
f 33 1693 1652
f 440 1733 1693
f 426 1652 1733
f 1693 1733 1652
f 117 1734 1697
f 450 1735 1734
f 440 1697 1735
f 1734 1735 1697
f 114 1657 1737
f 426 1736 1657
f 450 1737 1736
f 1657 1736 1737
f 440 1735 1733
f 450 1736 1735
f 426 1733 1736
f 1735 1736 1733
f 34 1723 1682
f 449 1738 1723
f 435 1682 1738
f 1723 1738 1682
f 120 1739 1727
f 451 1740 1739
f 449 1727 1740
f 1739 1740 1727
f 117 1687 1742
f 435 1741 1687
f 451 1742 1741
f 1687 1741 1742
f 449 1740 1738
f 451 1741 1740
f 435 1738 1741
f 1740 1741 1738
f 35 1663 1712
f 431 1743 1663
f 444 1712 1743
f 1663 1743 1712
f 114 1744 1667
f 452 1745 1744
f 431 1667 1745
f 1744 1745 1667
f 120 1717 1747
f 444 1746 1717
f 452 1747 1746
f 1717 1746 1747
f 431 1745 1743
f 452 1746 1745
f 444 1743 1746
f 1745 1746 1743
f 117 1742 1734
f 451 1748 1742
f 450 1734 1748
f 1742 1748 1734
f 120 1747 1739
f 452 1749 1747
f 451 1739 1749
f 1747 1749 1739
f 114 1737 1744
f 450 1750 1737
f 452 1744 1750
f 1737 1750 1744
f 451 1749 1748
f 452 1750 1749
f 450 1748 1750
f 1749 1750 1748
f 4 1645 1752
f 425 1751 1645
f 454 1752 1751
f 1645 1751 1752
f 115 1753 1649
f 453 1754 1753
f 425 1649 1754
f 1753 1754 1649
f 123 1755 1757
f 454 1756 1755
f 453 1757 1756
f 1755 1756 1757
f 425 1754 1751
f 453 1756 1754
f 454 1751 1756
f 1754 1756 1751
f 35 1758 1661
f 455 1759 1758
f 429 1661 1759
f 1758 1759 1661
f 122 1760 1762
f 456 1761 1760
f 455 1762 1761
f 1760 1761 1762
f 115 1666 1764
f 429 1763 1666
f 456 1764 1763
f 1666 1763 1764
f 455 1761 1759
f 456 1763 1761
f 429 1759 1763
f 1761 1763 1759
f 37 1765 1767
f 457 1766 1765
f 459 1767 1766
f 1765 1766 1767
f 123 1768 1770
f 458 1769 1768
f 457 1770 1769
f 1768 1769 1770
f 122 1771 1773
f 459 1772 1771
f 458 1773 1772
f 1771 1772 1773
f 457 1769 1766
f 458 1772 1769
f 459 1766 1772
f 1769 1772 1766
f 115 1764 1753
f 456 1774 1764
f 453 1753 1774
f 1764 1774 1753
f 122 1773 1760
f 458 1775 1773
f 456 1760 1775
f 1773 1775 1760
f 123 1757 1768
f 453 1776 1757
f 458 1768 1776
f 1757 1776 1768
f 456 1775 1774
f 458 1776 1775
f 453 1774 1776
f 1775 1776 1774
f 5 1777 1703
f 460 1778 1777
f 441 1703 1778
f 1777 1778 1703
f 124 1779 1781
f 461 1780 1779
f 460 1781 1780
f 1779 1780 1781
f 119 1708 1783
f 441 1782 1708
f 461 1783 1782
f 1708 1782 1783
f 460 1780 1778
f 461 1782 1780
f 441 1778 1782
f 1780 1782 1778
f 36 1784 1786
f 462 1785 1784
f 464 1786 1785
f 1784 1785 1786
f 125 1787 1789
f 463 1788 1787
f 462 1789 1788
f 1787 1788 1789
f 124 1790 1792
f 464 1791 1790
f 463 1792 1791
f 1790 1791 1792
f 462 1788 1785
f 463 1791 1788
f 464 1785 1791
f 1788 1791 1785
f 35 1714 1794
f 446 1793 1714
f 466 1794 1793
f 1714 1793 1794
f 119 1795 1718
f 465 1796 1795
f 446 1718 1796
f 1795 1796 1718
f 125 1797 1799
f 466 1798 1797
f 465 1799 1798
f 1797 1798 1799
f 446 1796 1793
f 465 1798 1796
f 466 1793 1798
f 1796 1798 1793
f 124 1792 1779
f 463 1800 1792
f 461 1779 1800
f 1792 1800 1779
f 125 1799 1787
f 465 1801 1799
f 463 1787 1801
f 1799 1801 1787
f 119 1783 1795
f 461 1802 1783
f 465 1795 1802
f 1783 1802 1795
f 463 1801 1800
f 465 1802 1801
f 461 1800 1802
f 1801 1802 1800
f 3 1803 1805
f 467 1804 1803
f 469 1805 1804
f 1803 1804 1805
f 126 1806 1808
f 468 1807 1806
f 467 1808 1807
f 1806 1807 1808
f 128 1809 1811
f 469 1810 1809
f 468 1811 1810
f 1809 1810 1811
f 467 1807 1804
f 468 1810 1807
f 469 1804 1810
f 1807 1810 1804
f 37 1812 1814
f 470 1813 1812
f 472 1814 1813
f 1812 1813 1814
f 127 1815 1817
f 471 1816 1815
f 470 1817 1816
f 1815 1816 1817
f 126 1818 1820
f 472 1819 1818
f 471 1820 1819
f 1818 1819 1820
f 470 1816 1813
f 471 1819 1816
f 472 1813 1819
f 1816 1819 1813
f 36 1821 1823
f 473 1822 1821
f 475 1823 1822
f 1821 1822 1823
f 128 1824 1826
f 474 1825 1824
f 473 1826 1825
f 1824 1825 1826
f 127 1827 1829
f 475 1828 1827
f 474 1829 1828
f 1827 1828 1829
f 473 1825 1822
f 474 1828 1825
f 475 1822 1828
f 1825 1828 1822
f 126 1820 1806
f 471 1830 1820
f 468 1806 1830
f 1820 1830 1806
f 127 1829 1815
f 474 1831 1829
f 471 1815 1831
f 1829 1831 1815
f 128 1811 1824
f 468 1832 1811
f 474 1824 1832
f 1811 1832 1824
f 471 1831 1830
f 474 1832 1831
f 468 1830 1832
f 1831 1832 1830
f 35 1794 1758
f 466 1833 1794
f 455 1758 1833
f 1794 1833 1758
f 125 1834 1797
f 476 1835 1834
f 466 1797 1835
f 1834 1835 1797
f 122 1762 1837
f 455 1836 1762
f 476 1837 1836
f 1762 1836 1837
f 466 1835 1833
f 476 1836 1835
f 455 1833 1836
f 1835 1836 1833
f 36 1823 1784
f 475 1838 1823
f 462 1784 1838
f 1823 1838 1784
f 127 1839 1827
f 477 1840 1839
f 475 1827 1840
f 1839 1840 1827
f 125 1789 1842
f 462 1841 1789
f 477 1842 1841
f 1789 1841 1842
f 475 1840 1838
f 477 1841 1840
f 462 1838 1841
f 1840 1841 1838
f 37 1767 1812
f 459 1843 1767
f 470 1812 1843
f 1767 1843 1812
f 122 1844 1771
f 478 1845 1844
f 459 1771 1845
f 1844 1845 1771
f 127 1817 1847
f 470 1846 1817
f 478 1847 1846
f 1817 1846 1847
f 459 1845 1843
f 478 1846 1845
f 470 1843 1846
f 1845 1846 1843
f 125 1842 1834
f 477 1848 1842
f 476 1834 1848
f 1842 1848 1834
f 127 1847 1839
f 478 1849 1847
f 477 1839 1849
f 1847 1849 1839
f 122 1837 1844
f 476 1850 1837
f 478 1844 1850
f 1837 1850 1844
f 477 1849 1848
f 478 1850 1849
f 476 1848 1850
f 1849 1850 1848
f 4 1752 1852
f 454 1851 1752
f 480 1852 1851
f 1752 1851 1852
f 123 1853 1755
f 479 1854 1853
f 454 1755 1854
f 1853 1854 1755
f 130 1855 1857
f 480 1856 1855
f 479 1857 1856
f 1855 1856 1857
f 454 1854 1851
f 479 1856 1854
f 480 1851 1856
f 1854 1856 1851
f 37 1858 1765
f 481 1859 1858
f 457 1765 1859
f 1858 1859 1765
f 129 1860 1862
f 482 1861 1860
f 481 1862 1861
f 1860 1861 1862
f 123 1770 1864
f 457 1863 1770
f 482 1864 1863
f 1770 1863 1864
f 481 1861 1859
f 482 1863 1861
f 457 1859 1863
f 1861 1863 1859
f 39 1865 1867
f 483 1866 1865
f 485 1867 1866
f 1865 1866 1867
f 130 1868 1870
f 484 1869 1868
f 483 1870 1869
f 1868 1869 1870
f 129 1871 1873
f 485 1872 1871
f 484 1873 1872
f 1871 1872 1873
f 483 1869 1866
f 484 1872 1869
f 485 1866 1872
f 1869 1872 1866
f 123 1864 1853
f 482 1874 1864
f 479 1853 1874
f 1864 1874 1853
f 129 1873 1860
f 484 1875 1873
f 482 1860 1875
f 1873 1875 1860
f 130 1857 1868
f 479 1876 1857
f 484 1868 1876
f 1857 1876 1868
f 482 1875 1874
f 484 1876 1875
f 479 1874 1876
f 1875 1876 1874
f 3 1877 1803
f 486 1878 1877
f 467 1803 1878
f 1877 1878 1803
f 131 1879 1881
f 487 1880 1879
f 486 1881 1880
f 1879 1880 1881
f 126 1808 1883
f 467 1882 1808
f 487 1883 1882
f 1808 1882 1883
f 486 1880 1878
f 487 1882 1880
f 467 1878 1882
f 1880 1882 1878
f 38 1884 1886
f 488 1885 1884
f 490 1886 1885
f 1884 1885 1886
f 132 1887 1889
f 489 1888 1887
f 488 1889 1888
f 1887 1888 1889
f 131 1890 1892
f 490 1891 1890
f 489 1892 1891
f 1890 1891 1892
f 488 1888 1885
f 489 1891 1888
f 490 1885 1891
f 1888 1891 1885
f 37 1814 1894
f 472 1893 1814
f 492 1894 1893
f 1814 1893 1894
f 126 1895 1818
f 491 1896 1895
f 472 1818 1896
f 1895 1896 1818
f 132 1897 1899
f 492 1898 1897
f 491 1899 1898
f 1897 1898 1899
f 472 1896 1893
f 491 1898 1896
f 492 1893 1898
f 1896 1898 1893
f 131 1892 1879
f 489 1900 1892
f 487 1879 1900
f 1892 1900 1879
f 132 1899 1887
f 491 1901 1899
f 489 1887 1901
f 1899 1901 1887
f 126 1883 1895
f 487 1902 1883
f 491 1895 1902
f 1883 1902 1895
f 489 1901 1900
f 491 1902 1901
f 487 1900 1902
f 1901 1902 1900
f 7 1903 1905
f 493 1904 1903
f 495 1905 1904
f 1903 1904 1905
f 133 1906 1908
f 494 1907 1906
f 493 1908 1907
f 1906 1907 1908
f 135 1909 1911
f 495 1910 1909
f 494 1911 1910
f 1909 1910 1911
f 493 1907 1904
f 494 1910 1907
f 495 1904 1910
f 1907 1910 1904
f 39 1912 1914
f 496 1913 1912
f 498 1914 1913
f 1912 1913 1914
f 134 1915 1917
f 497 1916 1915
f 496 1917 1916
f 1915 1916 1917
f 133 1918 1920
f 498 1919 1918
f 497 1920 1919
f 1918 1919 1920
f 496 1916 1913
f 497 1919 1916
f 498 1913 1919
f 1916 1919 1913
f 38 1921 1923
f 499 1922 1921
f 501 1923 1922
f 1921 1922 1923
f 135 1924 1926
f 500 1925 1924
f 499 1926 1925
f 1924 1925 1926
f 134 1927 1929
f 501 1928 1927
f 500 1929 1928
f 1927 1928 1929
f 499 1925 1922
f 500 1928 1925
f 501 1922 1928
f 1925 1928 1922
f 133 1920 1906
f 497 1930 1920
f 494 1906 1930
f 1920 1930 1906
f 134 1929 1915
f 500 1931 1929
f 497 1915 1931
f 1929 1931 1915
f 135 1911 1924
f 494 1932 1911
f 500 1924 1932
f 1911 1932 1924
f 497 1931 1930
f 500 1932 1931
f 494 1930 1932
f 1931 1932 1930
f 37 1894 1858
f 492 1933 1894
f 481 1858 1933
f 1894 1933 1858
f 132 1934 1897
f 502 1935 1934
f 492 1897 1935
f 1934 1935 1897
f 129 1862 1937
f 481 1936 1862
f 502 1937 1936
f 1862 1936 1937
f 492 1935 1933
f 502 1936 1935
f 481 1933 1936
f 1935 1936 1933
f 38 1923 1884
f 501 1938 1923
f 488 1884 1938
f 1923 1938 1884
f 134 1939 1927
f 503 1940 1939
f 501 1927 1940
f 1939 1940 1927
f 132 1889 1942
f 488 1941 1889
f 503 1942 1941
f 1889 1941 1942
f 501 1940 1938
f 503 1941 1940
f 488 1938 1941
f 1940 1941 1938
f 39 1867 1912
f 485 1943 1867
f 496 1912 1943
f 1867 1943 1912
f 129 1944 1871
f 504 1945 1944
f 485 1871 1945
f 1944 1945 1871
f 134 1917 1947
f 496 1946 1917
f 504 1947 1946
f 1917 1946 1947
f 485 1945 1943
f 504 1946 1945
f 496 1943 1946
f 1945 1946 1943
f 132 1942 1934
f 503 1948 1942
f 502 1934 1948
f 1942 1948 1934
f 134 1947 1939
f 504 1949 1947
f 503 1939 1949
f 1947 1949 1939
f 129 1937 1944
f 502 1950 1937
f 504 1944 1950
f 1937 1950 1944
f 503 1949 1948
f 504 1950 1949
f 502 1948 1950
f 1949 1950 1948
f 4 1852 1952
f 480 1951 1852
f 506 1952 1951
f 1852 1951 1952
f 130 1953 1855
f 505 1954 1953
f 480 1855 1954
f 1953 1954 1855
f 137 1955 1957
f 506 1956 1955
f 505 1957 1956
f 1955 1956 1957
f 480 1954 1951
f 505 1956 1954
f 506 1951 1956
f 1954 1956 1951
f 39 1958 1865
f 507 1959 1958
f 483 1865 1959
f 1958 1959 1865
f 136 1960 1962
f 508 1961 1960
f 507 1962 1961
f 1960 1961 1962
f 130 1870 1964
f 483 1963 1870
f 508 1964 1963
f 1870 1963 1964
f 507 1961 1959
f 508 1963 1961
f 483 1959 1963
f 1961 1963 1959
f 41 1965 1967
f 509 1966 1965
f 511 1967 1966
f 1965 1966 1967
f 137 1968 1970
f 510 1969 1968
f 509 1970 1969
f 1968 1969 1970
f 136 1971 1973
f 511 1972 1971
f 510 1973 1972
f 1971 1972 1973
f 509 1969 1966
f 510 1972 1969
f 511 1966 1972
f 1969 1972 1966
f 130 1964 1953
f 508 1974 1964
f 505 1953 1974
f 1964 1974 1953
f 136 1973 1960
f 510 1975 1973
f 508 1960 1975
f 1973 1975 1960
f 137 1957 1968
f 505 1976 1957
f 510 1968 1976
f 1957 1976 1968
f 508 1975 1974
f 510 1976 1975
f 505 1974 1976
f 1975 1976 1974
f 7 1977 1903
f 512 1978 1977
f 493 1903 1978
f 1977 1978 1903
f 138 1979 1981
f 513 1980 1979
f 512 1981 1980
f 1979 1980 1981
f 133 1908 1983
f 493 1982 1908
f 513 1983 1982
f 1908 1982 1983
f 512 1980 1978
f 513 1982 1980
f 493 1978 1982
f 1980 1982 1978
f 40 1984 1986
f 514 1985 1984
f 516 1986 1985
f 1984 1985 1986
f 139 1987 1989
f 515 1988 1987
f 514 1989 1988
f 1987 1988 1989
f 138 1990 1992
f 516 1991 1990
f 515 1992 1991
f 1990 1991 1992
f 514 1988 1985
f 515 1991 1988
f 516 1985 1991
f 1988 1991 1985
f 39 1914 1994
f 498 1993 1914
f 518 1994 1993
f 1914 1993 1994
f 133 1995 1918
f 517 1996 1995
f 498 1918 1996
f 1995 1996 1918
f 139 1997 1999
f 518 1998 1997
f 517 1999 1998
f 1997 1998 1999
f 498 1996 1993
f 517 1998 1996
f 518 1993 1998
f 1996 1998 1993
f 138 1992 1979
f 515 2000 1992
f 513 1979 2000
f 1992 2000 1979
f 139 1999 1987
f 517 2001 1999
f 515 1987 2001
f 1999 2001 1987
f 133 1983 1995
f 513 2002 1983
f 517 1995 2002
f 1983 2002 1995
f 515 2001 2000
f 517 2002 2001
f 513 2000 2002
f 2001 2002 2000
f 9 2003 2005
f 519 2004 2003
f 521 2005 2004
f 2003 2004 2005
f 140 2006 2008
f 520 2007 2006
f 519 2008 2007
f 2006 2007 2008
f 142 2009 2011
f 521 2010 2009
f 520 2011 2010
f 2009 2010 2011
f 519 2007 2004
f 520 2010 2007
f 521 2004 2010
f 2007 2010 2004
f 41 2012 2014
f 522 2013 2012
f 524 2014 2013
f 2012 2013 2014
f 141 2015 2017
f 523 2016 2015
f 522 2017 2016
f 2015 2016 2017
f 140 2018 2020
f 524 2019 2018
f 523 2020 2019
f 2018 2019 2020
f 522 2016 2013
f 523 2019 2016
f 524 2013 2019
f 2016 2019 2013
f 40 2021 2023
f 525 2022 2021
f 527 2023 2022
f 2021 2022 2023
f 142 2024 2026
f 526 2025 2024
f 525 2026 2025
f 2024 2025 2026
f 141 2027 2029
f 527 2028 2027
f 526 2029 2028
f 2027 2028 2029
f 525 2025 2022
f 526 2028 2025
f 527 2022 2028
f 2025 2028 2022
f 140 2020 2006
f 523 2030 2020
f 520 2006 2030
f 2020 2030 2006
f 141 2029 2015
f 526 2031 2029
f 523 2015 2031
f 2029 2031 2015
f 142 2011 2024
f 520 2032 2011
f 526 2024 2032
f 2011 2032 2024
f 523 2031 2030
f 526 2032 2031
f 520 2030 2032
f 2031 2032 2030
f 39 1994 1958
f 518 2033 1994
f 507 1958 2033
f 1994 2033 1958
f 139 2034 1997
f 528 2035 2034
f 518 1997 2035
f 2034 2035 1997
f 136 1962 2037
f 507 2036 1962
f 528 2037 2036
f 1962 2036 2037
f 518 2035 2033
f 528 2036 2035
f 507 2033 2036
f 2035 2036 2033
f 40 2023 1984
f 527 2038 2023
f 514 1984 2038
f 2023 2038 1984
f 141 2039 2027
f 529 2040 2039
f 527 2027 2040
f 2039 2040 2027
f 139 1989 2042
f 514 2041 1989
f 529 2042 2041
f 1989 2041 2042
f 527 2040 2038
f 529 2041 2040
f 514 2038 2041
f 2040 2041 2038
f 41 1967 2012
f 511 2043 1967
f 522 2012 2043
f 1967 2043 2012
f 136 2044 1971
f 530 2045 2044
f 511 1971 2045
f 2044 2045 1971
f 141 2017 2047
f 522 2046 2017
f 530 2047 2046
f 2017 2046 2047
f 511 2045 2043
f 530 2046 2045
f 522 2043 2046
f 2045 2046 2043
f 139 2042 2034
f 529 2048 2042
f 528 2034 2048
f 2042 2048 2034
f 141 2047 2039
f 530 2049 2047
f 529 2039 2049
f 2047 2049 2039
f 136 2037 2044
f 528 2050 2037
f 530 2044 2050
f 2037 2050 2044
f 529 2049 2048
f 530 2050 2049
f 528 2048 2050
f 2049 2050 2048
f 4 1952 1643
f 506 2051 1952
f 423 1643 2051
f 1952 2051 1643
f 137 2052 1955
f 531 2053 2052
f 506 1955 2053
f 2052 2053 1955
f 113 1648 2055
f 423 2054 1648
f 531 2055 2054
f 1648 2054 2055
f 506 2053 2051
f 531 2054 2053
f 423 2051 2054
f 2053 2054 2051
f 41 2056 1965
f 532 2057 2056
f 509 1965 2057
f 2056 2057 1965
f 143 2058 2060
f 533 2059 2058
f 532 2060 2059
f 2058 2059 2060
f 137 1970 2062
f 509 2061 1970
f 533 2062 2061
f 1970 2061 2062
f 532 2059 2057
f 533 2061 2059
f 509 2057 2061
f 2059 2061 2057
f 33 1654 2064
f 428 2063 1654
f 535 2064 2063
f 1654 2063 2064
f 113 2065 1658
f 534 2066 2065
f 428 1658 2066
f 2065 2066 1658
f 143 2067 2069
f 535 2068 2067
f 534 2069 2068
f 2067 2068 2069
f 428 2066 2063
f 534 2068 2066
f 535 2063 2068
f 2066 2068 2063
f 137 2062 2052
f 533 2070 2062
f 531 2052 2070
f 2062 2070 2052
f 143 2069 2058
f 534 2071 2069
f 533 2058 2071
f 2069 2071 2058
f 113 2055 2065
f 531 2072 2055
f 534 2065 2072
f 2055 2072 2065
f 533 2071 2070
f 534 2072 2071
f 531 2070 2072
f 2071 2072 2070
f 9 2073 2003
f 536 2074 2073
f 519 2003 2074
f 2073 2074 2003
f 144 2075 2077
f 537 2076 2075
f 536 2077 2076
f 2075 2076 2077
f 140 2008 2079
f 519 2078 2008
f 537 2079 2078
f 2008 2078 2079
f 536 2076 2074
f 537 2078 2076
f 519 2074 2078
f 2076 2078 2074
f 42 2080 2082
f 538 2081 2080
f 540 2082 2081
f 2080 2081 2082
f 145 2083 2085
f 539 2084 2083
f 538 2085 2084
f 2083 2084 2085
f 144 2086 2088
f 540 2087 2086
f 539 2088 2087
f 2086 2087 2088
f 538 2084 2081
f 539 2087 2084
f 540 2081 2087
f 2084 2087 2081
f 41 2014 2090
f 524 2089 2014
f 542 2090 2089
f 2014 2089 2090
f 140 2091 2018
f 541 2092 2091
f 524 2018 2092
f 2091 2092 2018
f 145 2093 2095
f 542 2094 2093
f 541 2095 2094
f 2093 2094 2095
f 524 2092 2089
f 541 2094 2092
f 542 2089 2094
f 2092 2094 2089
f 144 2088 2075
f 539 2096 2088
f 537 2075 2096
f 2088 2096 2075
f 145 2095 2083
f 541 2097 2095
f 539 2083 2097
f 2095 2097 2083
f 140 2079 2091
f 537 2098 2079
f 541 2091 2098
f 2079 2098 2091
f 539 2097 2096
f 541 2098 2097
f 537 2096 2098
f 2097 2098 2096
f 10 1675 2100
f 434 2099 1675
f 544 2100 2099
f 1675 2099 2100
f 118 2101 1679
f 543 2102 2101
f 434 1679 2102
f 2101 2102 1679
f 147 2103 2105
f 544 2104 2103
f 543 2105 2104
f 2103 2104 2105
f 434 2102 2099
f 543 2104 2102
f 544 2099 2104
f 2102 2104 2099
f 33 2106 1691
f 545 2107 2106
f 438 1691 2107
f 2106 2107 1691
f 146 2108 2110
f 546 2109 2108
f 545 2110 2109
f 2108 2109 2110
f 118 1696 2112
f 438 2111 1696
f 546 2112 2111
f 1696 2111 2112
f 545 2109 2107
f 546 2111 2109
f 438 2107 2111
f 2109 2111 2107
f 42 2113 2115
f 547 2114 2113
f 549 2115 2114
f 2113 2114 2115
f 147 2116 2118
f 548 2117 2116
f 547 2118 2117
f 2116 2117 2118
f 146 2119 2121
f 549 2120 2119
f 548 2121 2120
f 2119 2120 2121
f 547 2117 2114
f 548 2120 2117
f 549 2114 2120
f 2117 2120 2114
f 118 2112 2101
f 546 2122 2112
f 543 2101 2122
f 2112 2122 2101
f 146 2121 2108
f 548 2123 2121
f 546 2108 2123
f 2121 2123 2108
f 147 2105 2116
f 543 2124 2105
f 548 2116 2124
f 2105 2124 2116
f 546 2123 2122
f 548 2124 2123
f 543 2122 2124
f 2123 2124 2122
f 41 2090 2056
f 542 2125 2090
f 532 2056 2125
f 2090 2125 2056
f 145 2126 2093
f 550 2127 2126
f 542 2093 2127
f 2126 2127 2093
f 143 2060 2129
f 532 2128 2060
f 550 2129 2128
f 2060 2128 2129
f 542 2127 2125
f 550 2128 2127
f 532 2125 2128
f 2127 2128 2125
f 42 2115 2080
f 549 2130 2115
f 538 2080 2130
f 2115 2130 2080
f 146 2131 2119
f 551 2132 2131
f 549 2119 2132
f 2131 2132 2119
f 145 2085 2134
f 538 2133 2085
f 551 2134 2133
f 2085 2133 2134
f 549 2132 2130
f 551 2133 2132
f 538 2130 2133
f 2132 2133 2130
f 33 2064 2106
f 535 2135 2064
f 545 2106 2135
f 2064 2135 2106
f 143 2136 2067
f 552 2137 2136
f 535 2067 2137
f 2136 2137 2067
f 146 2110 2139
f 545 2138 2110
f 552 2139 2138
f 2110 2138 2139
f 535 2137 2135
f 552 2138 2137
f 545 2135 2138
f 2137 2138 2135
f 145 2134 2126
f 551 2140 2134
f 550 2126 2140
f 2134 2140 2126
f 146 2139 2131
f 552 2141 2139
f 551 2131 2141
f 2139 2141 2131
f 143 2129 2136
f 550 2142 2129
f 552 2136 2142
f 2129 2142 2136
f 551 2141 2140
f 552 2142 2141
f 550 2140 2142
f 2141 2142 2140
f 5 1705 1295
f 443 2143 1705
f 333 1295 2143
f 1705 2143 1295
f 121 2144 1709
f 553 2145 2144
f 443 1709 2145
f 2144 2145 1709
f 89 1300 2147
f 333 2146 1300
f 553 2147 2146
f 1300 2146 2147
f 443 2145 2143
f 553 2146 2145
f 333 2143 2146
f 2145 2146 2143
f 34 2148 1721
f 554 2149 2148
f 447 1721 2149
f 2148 2149 1721
f 148 2150 2152
f 555 2151 2150
f 554 2152 2151
f 2150 2151 2152
f 121 1726 2154
f 447 2153 1726
f 555 2154 2153
f 1726 2153 2154
f 554 2151 2149
f 555 2153 2151
f 447 2149 2153
f 2151 2153 2149
f 26 1306 2156
f 338 2155 1306
f 557 2156 2155
f 1306 2155 2156
f 89 2157 1310
f 556 2158 2157
f 338 1310 2158
f 2157 2158 1310
f 148 2159 2161
f 557 2160 2159
f 556 2161 2160
f 2159 2160 2161
f 338 2158 2155
f 556 2160 2158
f 557 2155 2160
f 2158 2160 2155
f 121 2154 2144
f 555 2162 2154
f 553 2144 2162
f 2154 2162 2144
f 148 2161 2150
f 556 2163 2161
f 555 2150 2163
f 2161 2163 2150
f 89 2147 2157
f 553 2164 2147
f 556 2157 2164
f 2147 2164 2157
f 555 2163 2162
f 556 2164 2163
f 553 2162 2164
f 2163 2164 2162
f 10 1197 1673
f 309 2165 1197
f 432 1673 2165
f 1197 2165 1673
f 84 2166 1201
f 558 2167 2166
f 309 1201 2167
f 2166 2167 1201
f 116 1678 2169
f 432 2168 1678
f 558 2169 2168
f 1678 2168 2169
f 309 2167 2165
f 558 2168 2167
f 432 2165 2168
f 2167 2168 2165
f 23 2170 1213
f 559 2171 2170
f 313 1213 2171
f 2170 2171 1213
f 149 2172 2174
f 560 2173 2172
f 559 2174 2173
f 2172 2173 2174
f 84 1218 2176
f 313 2175 1218
f 560 2176 2175
f 1218 2175 2176
f 559 2173 2171
f 560 2175 2173
f 313 2171 2175
f 2173 2175 2171
f 34 1684 2178
f 437 2177 1684
f 562 2178 2177
f 1684 2177 2178
f 116 2179 1688
f 561 2180 2179
f 437 1688 2180
f 2179 2180 1688
f 149 2181 2183
f 562 2182 2181
f 561 2183 2182
f 2181 2182 2183
f 437 2180 2177
f 561 2182 2180
f 562 2177 2182
f 2180 2182 2177
f 84 2176 2166
f 560 2184 2176
f 558 2166 2184
f 2176 2184 2166
f 149 2183 2172
f 561 2185 2183
f 560 2172 2185
f 2183 2185 2172
f 116 2169 2179
f 558 2186 2169
f 561 2179 2186
f 2169 2186 2179
f 560 2185 2184
f 561 2186 2185
f 558 2184 2186
f 2185 2186 2184
f 6 1244 1169
f 320 2187 1244
f 300 1169 2187
f 1244 2187 1169
f 86 2188 1247
f 563 2189 2188
f 320 1247 2189
f 2188 2189 1247
f 80 1173 2191
f 300 2190 1173
f 563 2191 2190
f 1173 2190 2191
f 320 2189 2187
f 563 2190 2189
f 300 2187 2190
f 2189 2190 2187
f 26 2192 1257
f 564 2193 2192
f 323 1257 2193
f 2192 2193 1257
f 150 2194 2196
f 565 2195 2194
f 564 2196 2195
f 2194 2195 2196
f 86 1262 2198
f 323 2197 1262
f 565 2198 2197
f 1262 2197 2198
f 564 2195 2193
f 565 2197 2195
f 323 2193 2197
f 2195 2197 2193
f 23 1178 2200
f 304 2199 1178
f 567 2200 2199
f 1178 2199 2200
f 80 2201 1182
f 566 2202 2201
f 304 1182 2202
f 2201 2202 1182
f 150 2203 2205
f 567 2204 2203
f 566 2205 2204
f 2203 2204 2205
f 304 2202 2199
f 566 2204 2202
f 567 2199 2204
f 2202 2204 2199
f 86 2198 2188
f 565 2206 2198
f 563 2188 2206
f 2198 2206 2188
f 150 2205 2194
f 566 2207 2205
f 565 2194 2207
f 2205 2207 2194
f 80 2191 2201
f 563 2208 2191
f 566 2201 2208
f 2191 2208 2201
f 565 2207 2206
f 566 2208 2207
f 563 2206 2208
f 2207 2208 2206
f 34 2178 2148
f 562 2209 2178
f 554 2148 2209
f 2178 2209 2148
f 149 2210 2181
f 568 2211 2210
f 562 2181 2211
f 2210 2211 2181
f 148 2152 2213
f 554 2212 2152
f 568 2213 2212
f 2152 2212 2213
f 562 2211 2209
f 568 2212 2211
f 554 2209 2212
f 2211 2212 2209
f 23 2200 2170
f 567 2214 2200
f 559 2170 2214
f 2200 2214 2170
f 150 2215 2203
f 569 2216 2215
f 567 2203 2216
f 2215 2216 2203
f 149 2174 2218
f 559 2217 2174
f 569 2218 2217
f 2174 2217 2218
f 567 2216 2214
f 569 2217 2216
f 559 2214 2217
f 2216 2217 2214
f 26 2156 2192
f 557 2219 2156
f 564 2192 2219
f 2156 2219 2192
f 148 2220 2159
f 570 2221 2220
f 557 2159 2221
f 2220 2221 2159
f 150 2196 2223
f 564 2222 2196
f 570 2223 2222
f 2196 2222 2223
f 557 2221 2219
f 570 2222 2221
f 564 2219 2222
f 2221 2222 2219
f 149 2218 2210
f 569 2224 2218
f 568 2210 2224
f 2218 2224 2210
f 150 2223 2215
f 570 2225 2223
f 569 2215 2225
f 2223 2225 2215
f 148 2213 2220
f 568 2226 2213
f 570 2220 2226
f 2213 2226 2220
f 569 2225 2224
f 570 2226 2225
f 568 2224 2226
f 2225 2226 2224
f 3 1805 1395
f 469 2227 1805
f 359 1395 2227
f 1805 2227 1395
f 128 2228 1809
f 571 2229 2228
f 469 1809 2229
f 2228 2229 1809
f 96 1400 2231
f 359 2230 1400
f 571 2231 2230
f 1400 2230 2231
f 469 2229 2227
f 571 2230 2229
f 359 2227 2230
f 2229 2230 2227
f 36 2232 1821
f 572 2233 2232
f 473 1821 2233
f 2232 2233 1821
f 151 2234 2236
f 573 2235 2234
f 572 2236 2235
f 2234 2235 2236
f 128 1826 2238
f 473 2237 1826
f 573 2238 2237
f 1826 2237 2238
f 572 2235 2233
f 573 2237 2235
f 473 2233 2237
f 2235 2237 2233
f 28 1406 2240
f 364 2239 1406
f 575 2240 2239
f 1406 2239 2240
f 96 2241 1410
f 574 2242 2241
f 364 1410 2242
f 2241 2242 1410
f 151 2243 2245
f 575 2244 2243
f 574 2245 2244
f 2243 2244 2245
f 364 2242 2239
f 574 2244 2242
f 575 2239 2244
f 2242 2244 2239
f 128 2238 2228
f 573 2246 2238
f 571 2228 2246
f 2238 2246 2228
f 151 2245 2234
f 574 2247 2245
f 573 2234 2247
f 2245 2247 2234
f 96 2231 2241
f 571 2248 2231
f 574 2241 2248
f 2231 2248 2241
f 573 2247 2246
f 574 2248 2247
f 571 2246 2248
f 2247 2248 2246
f 5 1297 1777
f 335 2249 1297
f 460 1777 2249
f 1297 2249 1777
f 91 2250 1301
f 576 2251 2250
f 335 1301 2251
f 2250 2251 1301
f 124 1781 2253
f 460 2252 1781
f 576 2253 2252
f 1781 2252 2253
f 335 2251 2249
f 576 2252 2251
f 460 2249 2252
f 2251 2252 2249
f 25 2254 1313
f 577 2255 2254
f 339 1313 2255
f 2254 2255 1313
f 152 2256 2258
f 578 2257 2256
f 577 2258 2257
f 2256 2257 2258
f 91 1318 2260
f 339 2259 1318
f 578 2260 2259
f 1318 2259 2260
f 577 2257 2255
f 578 2259 2257
f 339 2255 2259
f 2257 2259 2255
f 36 1786 2262
f 464 2261 1786
f 580 2262 2261
f 1786 2261 2262
f 124 2263 1790
f 579 2264 2263
f 464 1790 2264
f 2263 2264 1790
f 152 2265 2267
f 580 2266 2265
f 579 2267 2266
f 2265 2266 2267
f 464 2264 2261
f 579 2266 2264
f 580 2261 2266
f 2264 2266 2261
f 91 2260 2250
f 578 2268 2260
f 576 2250 2268
f 2260 2268 2250
f 152 2267 2256
f 579 2269 2267
f 578 2256 2269
f 2267 2269 2256
f 124 2253 2263
f 576 2270 2253
f 579 2263 2270
f 2253 2270 2263
f 578 2269 2268
f 579 2270 2269
f 576 2268 2270
f 2269 2270 2268
f 12 1344 1269
f 346 2271 1344
f 326 1269 2271
f 1344 2271 1269
f 93 2272 1347
f 581 2273 2272
f 346 1347 2273
f 2272 2273 1347
f 87 1273 2275
f 326 2274 1273
f 581 2275 2274
f 1273 2274 2275
f 346 2273 2271
f 581 2274 2273
f 326 2271 2274
f 2273 2274 2271
f 28 2276 1357
f 582 2277 2276
f 349 1357 2277
f 2276 2277 1357
f 153 2278 2280
f 583 2279 2278
f 582 2280 2279
f 2278 2279 2280
f 93 1362 2282
f 349 2281 1362
f 583 2282 2281
f 1362 2281 2282
f 582 2279 2277
f 583 2281 2279
f 349 2277 2281
f 2279 2281 2277
f 25 1278 2284
f 330 2283 1278
f 585 2284 2283
f 1278 2283 2284
f 87 2285 1282
f 584 2286 2285
f 330 1282 2286
f 2285 2286 1282
f 153 2287 2289
f 585 2288 2287
f 584 2289 2288
f 2287 2288 2289
f 330 2286 2283
f 584 2288 2286
f 585 2283 2288
f 2286 2288 2283
f 93 2282 2272
f 583 2290 2282
f 581 2272 2290
f 2282 2290 2272
f 153 2289 2278
f 584 2291 2289
f 583 2278 2291
f 2289 2291 2278
f 87 2275 2285
f 581 2292 2275
f 584 2285 2292
f 2275 2292 2285
f 583 2291 2290
f 584 2292 2291
f 581 2290 2292
f 2291 2292 2290
f 36 2262 2232
f 580 2293 2262
f 572 2232 2293
f 2262 2293 2232
f 152 2294 2265
f 586 2295 2294
f 580 2265 2295
f 2294 2295 2265
f 151 2236 2297
f 572 2296 2236
f 586 2297 2296
f 2236 2296 2297
f 580 2295 2293
f 586 2296 2295
f 572 2293 2296
f 2295 2296 2293
f 25 2284 2254
f 585 2298 2284
f 577 2254 2298
f 2284 2298 2254
f 153 2299 2287
f 587 2300 2299
f 585 2287 2300
f 2299 2300 2287
f 152 2258 2302
f 577 2301 2258
f 587 2302 2301
f 2258 2301 2302
f 585 2300 2298
f 587 2301 2300
f 577 2298 2301
f 2300 2301 2298
f 28 2240 2276
f 575 2303 2240
f 582 2276 2303
f 2240 2303 2276
f 151 2304 2243
f 588 2305 2304
f 575 2243 2305
f 2304 2305 2243
f 153 2280 2307
f 582 2306 2280
f 588 2307 2306
f 2280 2306 2307
f 575 2305 2303
f 588 2306 2305
f 582 2303 2306
f 2305 2306 2303
f 152 2302 2294
f 587 2308 2302
f 586 2294 2308
f 2302 2308 2294
f 153 2307 2299
f 588 2309 2307
f 587 2299 2309
f 2307 2309 2299
f 151 2297 2304
f 586 2310 2297
f 588 2304 2310
f 2297 2310 2304
f 587 2309 2308
f 588 2310 2309
f 586 2308 2310
f 2309 2310 2308
f 7 1905 1495
f 495 2311 1905
f 385 1495 2311
f 1905 2311 1495
f 135 2312 1909
f 589 2313 2312
f 495 1909 2313
f 2312 2313 1909
f 103 1500 2315
f 385 2314 1500
f 589 2315 2314
f 1500 2314 2315
f 495 2313 2311
f 589 2314 2313
f 385 2311 2314
f 2313 2314 2311
f 38 2316 1921
f 590 2317 2316
f 499 1921 2317
f 2316 2317 1921
f 154 2318 2320
f 591 2319 2318
f 590 2320 2319
f 2318 2319 2320
f 135 1926 2322
f 499 2321 1926
f 591 2322 2321
f 1926 2321 2322
f 590 2319 2317
f 591 2321 2319
f 499 2317 2321
f 2319 2321 2317
f 30 1506 2324
f 390 2323 1506
f 593 2324 2323
f 1506 2323 2324
f 103 2325 1510
f 592 2326 2325
f 390 1510 2326
f 2325 2326 1510
f 154 2327 2329
f 593 2328 2327
f 592 2329 2328
f 2327 2328 2329
f 390 2326 2323
f 592 2328 2326
f 593 2323 2328
f 2326 2328 2323
f 135 2322 2312
f 591 2330 2322
f 589 2312 2330
f 2322 2330 2312
f 154 2329 2318
f 592 2331 2329
f 591 2318 2331
f 2329 2331 2318
f 103 2315 2325
f 589 2332 2315
f 592 2325 2332
f 2315 2332 2325
f 591 2331 2330
f 592 2332 2331
f 589 2330 2332
f 2331 2332 2330
f 3 1397 1877
f 361 2333 1397
f 486 1877 2333
f 1397 2333 1877
f 98 2334 1401
f 594 2335 2334
f 361 1401 2335
f 2334 2335 1401
f 131 1881 2337
f 486 2336 1881
f 594 2337 2336
f 1881 2336 2337
f 361 2335 2333
f 594 2336 2335
f 486 2333 2336
f 2335 2336 2333
f 27 2338 1413
f 595 2339 2338
f 365 1413 2339
f 2338 2339 1413
f 155 2340 2342
f 596 2341 2340
f 595 2342 2341
f 2340 2341 2342
f 98 1418 2344
f 365 2343 1418
f 596 2344 2343
f 1418 2343 2344
f 595 2341 2339
f 596 2343 2341
f 365 2339 2343
f 2341 2343 2339
f 38 1886 2346
f 490 2345 1886
f 598 2346 2345
f 1886 2345 2346
f 131 2347 1890
f 597 2348 2347
f 490 1890 2348
f 2347 2348 1890
f 155 2349 2351
f 598 2350 2349
f 597 2351 2350
f 2349 2350 2351
f 490 2348 2345
f 597 2350 2348
f 598 2345 2350
f 2348 2350 2345
f 98 2344 2334
f 596 2352 2344
f 594 2334 2352
f 2344 2352 2334
f 155 2351 2340
f 597 2353 2351
f 596 2340 2353
f 2351 2353 2340
f 131 2337 2347
f 594 2354 2337
f 597 2347 2354
f 2337 2354 2347
f 596 2353 2352
f 597 2354 2353
f 594 2352 2354
f 2353 2354 2352
f 11 1444 1369
f 372 2355 1444
f 352 1369 2355
f 1444 2355 1369
f 100 2356 1447
f 599 2357 2356
f 372 1447 2357
f 2356 2357 1447
f 94 1373 2359
f 352 2358 1373
f 599 2359 2358
f 1373 2358 2359
f 372 2357 2355
f 599 2358 2357
f 352 2355 2358
f 2357 2358 2355
f 30 2360 1457
f 600 2361 2360
f 375 1457 2361
f 2360 2361 1457
f 156 2362 2364
f 601 2363 2362
f 600 2364 2363
f 2362 2363 2364
f 100 1462 2366
f 375 2365 1462
f 601 2366 2365
f 1462 2365 2366
f 600 2363 2361
f 601 2365 2363
f 375 2361 2365
f 2363 2365 2361
f 27 1378 2368
f 356 2367 1378
f 603 2368 2367
f 1378 2367 2368
f 94 2369 1382
f 602 2370 2369
f 356 1382 2370
f 2369 2370 1382
f 156 2371 2373
f 603 2372 2371
f 602 2373 2372
f 2371 2372 2373
f 356 2370 2367
f 602 2372 2370
f 603 2367 2372
f 2370 2372 2367
f 100 2366 2356
f 601 2374 2366
f 599 2356 2374
f 2366 2374 2356
f 156 2373 2362
f 602 2375 2373
f 601 2362 2375
f 2373 2375 2362
f 94 2359 2369
f 599 2376 2359
f 602 2369 2376
f 2359 2376 2369
f 601 2375 2374
f 602 2376 2375
f 599 2374 2376
f 2375 2376 2374
f 38 2346 2316
f 598 2377 2346
f 590 2316 2377
f 2346 2377 2316
f 155 2378 2349
f 604 2379 2378
f 598 2349 2379
f 2378 2379 2349
f 154 2320 2381
f 590 2380 2320
f 604 2381 2380
f 2320 2380 2381
f 598 2379 2377
f 604 2380 2379
f 590 2377 2380
f 2379 2380 2377
f 27 2368 2338
f 603 2382 2368
f 595 2338 2382
f 2368 2382 2338
f 156 2383 2371
f 605 2384 2383
f 603 2371 2384
f 2383 2384 2371
f 155 2342 2386
f 595 2385 2342
f 605 2386 2385
f 2342 2385 2386
f 603 2384 2382
f 605 2385 2384
f 595 2382 2385
f 2384 2385 2382
f 30 2324 2360
f 593 2387 2324
f 600 2360 2387
f 2324 2387 2360
f 154 2388 2327
f 606 2389 2388
f 593 2327 2389
f 2388 2389 2327
f 156 2364 2391
f 600 2390 2364
f 606 2391 2390
f 2364 2390 2391
f 593 2389 2387
f 606 2390 2389
f 600 2387 2390
f 2389 2390 2387
f 155 2386 2378
f 605 2392 2386
f 604 2378 2392
f 2386 2392 2378
f 156 2391 2383
f 606 2393 2391
f 605 2383 2393
f 2391 2393 2383
f 154 2381 2388
f 604 2394 2381
f 606 2388 2394
f 2381 2394 2388
f 605 2393 2392
f 606 2394 2393
f 604 2392 2394
f 2393 2394 2392
f 9 2005 1595
f 521 2395 2005
f 411 1595 2395
f 2005 2395 1595
f 142 2396 2009
f 607 2397 2396
f 521 2009 2397
f 2396 2397 2009
f 110 1600 2399
f 411 2398 1600
f 607 2399 2398
f 1600 2398 2399
f 521 2397 2395
f 607 2398 2397
f 411 2395 2398
f 2397 2398 2395
f 40 2400 2021
f 608 2401 2400
f 525 2021 2401
f 2400 2401 2021
f 157 2402 2404
f 609 2403 2402
f 608 2404 2403
f 2402 2403 2404
f 142 2026 2406
f 525 2405 2026
f 609 2406 2405
f 2026 2405 2406
f 608 2403 2401
f 609 2405 2403
f 525 2401 2405
f 2403 2405 2401
f 32 1606 2408
f 416 2407 1606
f 611 2408 2407
f 1606 2407 2408
f 110 2409 1610
f 610 2410 2409
f 416 1610 2410
f 2409 2410 1610
f 157 2411 2413
f 611 2412 2411
f 610 2413 2412
f 2411 2412 2413
f 416 2410 2407
f 610 2412 2410
f 611 2407 2412
f 2410 2412 2407
f 142 2406 2396
f 609 2414 2406
f 607 2396 2414
f 2406 2414 2396
f 157 2413 2402
f 610 2415 2413
f 609 2402 2415
f 2413 2415 2402
f 110 2399 2409
f 607 2416 2399
f 610 2409 2416
f 2399 2416 2409
f 609 2415 2414
f 610 2416 2415
f 607 2414 2416
f 2415 2416 2414
f 7 1497 1977
f 387 2417 1497
f 512 1977 2417
f 1497 2417 1977
f 105 2418 1501
f 612 2419 2418
f 387 1501 2419
f 2418 2419 1501
f 138 1981 2421
f 512 2420 1981
f 612 2421 2420
f 1981 2420 2421
f 387 2419 2417
f 612 2420 2419
f 512 2417 2420
f 2419 2420 2417
f 29 2422 1513
f 613 2423 2422
f 391 1513 2423
f 2422 2423 1513
f 158 2424 2426
f 614 2425 2424
f 613 2426 2425
f 2424 2425 2426
f 105 1518 2428
f 391 2427 1518
f 614 2428 2427
f 1518 2427 2428
f 613 2425 2423
f 614 2427 2425
f 391 2423 2427
f 2425 2427 2423
f 40 1986 2430
f 516 2429 1986
f 616 2430 2429
f 1986 2429 2430
f 138 2431 1990
f 615 2432 2431
f 516 1990 2432
f 2431 2432 1990
f 158 2433 2435
f 616 2434 2433
f 615 2435 2434
f 2433 2434 2435
f 516 2432 2429
f 615 2434 2432
f 616 2429 2434
f 2432 2434 2429
f 105 2428 2418
f 614 2436 2428
f 612 2418 2436
f 2428 2436 2418
f 158 2435 2424
f 615 2437 2435
f 614 2424 2437
f 2435 2437 2424
f 138 2421 2431
f 612 2438 2421
f 615 2431 2438
f 2421 2438 2431
f 614 2437 2436
f 615 2438 2437
f 612 2436 2438
f 2437 2438 2436
f 8 1544 1469
f 398 2439 1544
f 378 1469 2439
f 1544 2439 1469
f 107 2440 1547
f 617 2441 2440
f 398 1547 2441
f 2440 2441 1547
f 101 1473 2443
f 378 2442 1473
f 617 2443 2442
f 1473 2442 2443
f 398 2441 2439
f 617 2442 2441
f 378 2439 2442
f 2441 2442 2439
f 32 2444 1557
f 618 2445 2444
f 401 1557 2445
f 2444 2445 1557
f 159 2446 2448
f 619 2447 2446
f 618 2448 2447
f 2446 2447 2448
f 107 1562 2450
f 401 2449 1562
f 619 2450 2449
f 1562 2449 2450
f 618 2447 2445
f 619 2449 2447
f 401 2445 2449
f 2447 2449 2445
f 29 1478 2452
f 382 2451 1478
f 621 2452 2451
f 1478 2451 2452
f 101 2453 1482
f 620 2454 2453
f 382 1482 2454
f 2453 2454 1482
f 159 2455 2457
f 621 2456 2455
f 620 2457 2456
f 2455 2456 2457
f 382 2454 2451
f 620 2456 2454
f 621 2451 2456
f 2454 2456 2451
f 107 2450 2440
f 619 2458 2450
f 617 2440 2458
f 2450 2458 2440
f 159 2457 2446
f 620 2459 2457
f 619 2446 2459
f 2457 2459 2446
f 101 2443 2453
f 617 2460 2443
f 620 2453 2460
f 2443 2460 2453
f 619 2459 2458
f 620 2460 2459
f 617 2458 2460
f 2459 2460 2458
f 40 2430 2400
f 616 2461 2430
f 608 2400 2461
f 2430 2461 2400
f 158 2462 2433
f 622 2463 2462
f 616 2433 2463
f 2462 2463 2433
f 157 2404 2465
f 608 2464 2404
f 622 2465 2464
f 2404 2464 2465
f 616 2463 2461
f 622 2464 2463
f 608 2461 2464
f 2463 2464 2461
f 29 2452 2422
f 621 2466 2452
f 613 2422 2466
f 2452 2466 2422
f 159 2467 2455
f 623 2468 2467
f 621 2455 2468
f 2467 2468 2455
f 158 2426 2470
f 613 2469 2426
f 623 2470 2469
f 2426 2469 2470
f 621 2468 2466
f 623 2469 2468
f 613 2466 2469
f 2468 2469 2466
f 32 2408 2444
f 611 2471 2408
f 618 2444 2471
f 2408 2471 2444
f 157 2472 2411
f 624 2473 2472
f 611 2411 2473
f 2472 2473 2411
f 159 2448 2475
f 618 2474 2448
f 624 2475 2474
f 2448 2474 2475
f 611 2473 2471
f 624 2474 2473
f 618 2471 2474
f 2473 2474 2471
f 158 2470 2462
f 623 2476 2470
f 622 2462 2476
f 2470 2476 2462
f 159 2475 2467
f 624 2477 2475
f 623 2467 2477
f 2475 2477 2467
f 157 2465 2472
f 622 2478 2465
f 624 2472 2478
f 2465 2478 2472
f 623 2477 2476
f 624 2478 2477
f 622 2476 2478
f 2477 2478 2476
f 10 2100 1195
f 544 2479 2100
f 307 1195 2479
f 2100 2479 1195
f 147 2480 2103
f 625 2481 2480
f 544 2103 2481
f 2480 2481 2103
f 82 1200 2483
f 307 2482 1200
f 625 2483 2482
f 1200 2482 2483
f 544 2481 2479
f 625 2482 2481
f 307 2479 2482
f 2481 2482 2479
f 42 2484 2113
f 626 2485 2484
f 547 2113 2485
f 2484 2485 2113
f 160 2486 2488
f 627 2487 2486
f 626 2488 2487
f 2486 2487 2488
f 147 2118 2490
f 547 2489 2118
f 627 2490 2489
f 2118 2489 2490
f 626 2487 2485
f 627 2489 2487
f 547 2485 2489
f 2487 2489 2485
f 24 1206 2492
f 312 2491 1206
f 629 2492 2491
f 1206 2491 2492
f 82 2493 1210
f 628 2494 2493
f 312 1210 2494
f 2493 2494 1210
f 160 2495 2497
f 629 2496 2495
f 628 2497 2496
f 2495 2496 2497
f 312 2494 2491
f 628 2496 2494
f 629 2491 2496
f 2494 2496 2491
f 147 2490 2480
f 627 2498 2490
f 625 2480 2498
f 2490 2498 2480
f 160 2497 2486
f 628 2499 2497
f 627 2486 2499
f 2497 2499 2486
f 82 2483 2493
f 625 2500 2483
f 628 2493 2500
f 2483 2500 2493
f 627 2499 2498
f 628 2500 2499
f 625 2498 2500
f 2499 2500 2498
f 9 1597 2073
f 413 2501 1597
f 536 2073 2501
f 1597 2501 2073
f 112 2502 1601
f 630 2503 2502
f 413 1601 2503
f 2502 2503 1601
f 144 2077 2505
f 536 2504 2077
f 630 2505 2504
f 2077 2504 2505
f 413 2503 2501
f 630 2504 2503
f 536 2501 2504
f 2503 2504 2501
f 31 2506 1613
f 631 2507 2506
f 417 1613 2507
f 2506 2507 1613
f 161 2508 2510
f 632 2509 2508
f 631 2510 2509
f 2508 2509 2510
f 112 1618 2512
f 417 2511 1618
f 632 2512 2511
f 1618 2511 2512
f 631 2509 2507
f 632 2511 2509
f 417 2507 2511
f 2509 2511 2507
f 42 2082 2514
f 540 2513 2082
f 634 2514 2513
f 2082 2513 2514
f 144 2515 2086
f 633 2516 2515
f 540 2086 2516
f 2515 2516 2086
f 161 2517 2519
f 634 2518 2517
f 633 2519 2518
f 2517 2518 2519
f 540 2516 2513
f 633 2518 2516
f 634 2513 2518
f 2516 2518 2513
f 112 2512 2502
f 632 2520 2512
f 630 2502 2520
f 2512 2520 2502
f 161 2519 2508
f 633 2521 2519
f 632 2508 2521
f 2519 2521 2508
f 144 2505 2515
f 630 2522 2505
f 633 2515 2522
f 2505 2522 2515
f 632 2521 2520
f 633 2522 2521
f 630 2520 2522
f 2521 2522 2520
f 2 1144 1569
f 294 2523 1144
f 404 1569 2523
f 1144 2523 1569
f 79 2524 1147
f 635 2525 2524
f 294 1147 2525
f 2524 2525 1147
f 108 1573 2527
f 404 2526 1573
f 635 2527 2526
f 1573 2526 2527
f 294 2525 2523
f 635 2526 2525
f 404 2523 2526
f 2525 2526 2523
f 24 2528 1157
f 636 2529 2528
f 297 1157 2529
f 2528 2529 1157
f 162 2530 2532
f 637 2531 2530
f 636 2532 2531
f 2530 2531 2532
f 79 1162 2534
f 297 2533 1162
f 637 2534 2533
f 1162 2533 2534
f 636 2531 2529
f 637 2533 2531
f 297 2529 2533
f 2531 2533 2529
f 31 1578 2536
f 408 2535 1578
f 639 2536 2535
f 1578 2535 2536
f 108 2537 1582
f 638 2538 2537
f 408 1582 2538
f 2537 2538 1582
f 162 2539 2541
f 639 2540 2539
f 638 2541 2540
f 2539 2540 2541
f 408 2538 2535
f 638 2540 2538
f 639 2535 2540
f 2538 2540 2535
f 79 2534 2524
f 637 2542 2534
f 635 2524 2542
f 2534 2542 2524
f 162 2541 2530
f 638 2543 2541
f 637 2530 2543
f 2541 2543 2530
f 108 2527 2537
f 635 2544 2527
f 638 2537 2544
f 2527 2544 2537
f 637 2543 2542
f 638 2544 2543
f 635 2542 2544
f 2543 2544 2542
f 42 2514 2484
f 634 2545 2514
f 626 2484 2545
f 2514 2545 2484
f 161 2546 2517
f 640 2547 2546
f 634 2517 2547
f 2546 2547 2517
f 160 2488 2549
f 626 2548 2488
f 640 2549 2548
f 2488 2548 2549
f 634 2547 2545
f 640 2548 2547
f 626 2545 2548
f 2547 2548 2545
f 31 2536 2506
f 639 2550 2536
f 631 2506 2550
f 2536 2550 2506
f 162 2551 2539
f 641 2552 2551
f 639 2539 2552
f 2551 2552 2539
f 161 2510 2554
f 631 2553 2510
f 641 2554 2553
f 2510 2553 2554
f 639 2552 2550
f 641 2553 2552
f 631 2550 2553
f 2552 2553 2550
f 24 2492 2528
f 629 2555 2492
f 636 2528 2555
f 2492 2555 2528
f 160 2556 2495
f 642 2557 2556
f 629 2495 2557
f 2556 2557 2495
f 162 2532 2559
f 636 2558 2532
f 642 2559 2558
f 2532 2558 2559
f 629 2557 2555
f 642 2558 2557
f 636 2555 2558
f 2557 2558 2555
f 161 2554 2546
f 641 2560 2554
f 640 2546 2560
f 2554 2560 2546
f 162 2559 2551
f 642 2561 2559
f 641 2551 2561
f 2559 2561 2551
f 160 2549 2556
f 640 2562 2549
f 642 2556 2562
f 2549 2562 2556
f 641 2561 2560
f 642 2562 2561
f 640 2560 2562
f 2561 2562 2560
