# regolith_gen synthetic particle
# verts: 2562  tris: 5120
v -0.567864 0.831316 0.000000
v 0.538943 0.788978 0.000000
v -0.579302 -0.848061 0.000000
v 0.584898 -0.856253 0.000000
v 0.000000 -0.488466 0.831952
v 0.000000 0.494418 0.842089
v 0.000000 -0.532626 -0.907166
v 0.000000 0.519346 -0.884547
v 0.857968 0.000000 -0.505003
v 0.954631 0.000000 0.561899
v -0.872515 0.000000 -0.513566
v -0.923911 0.000000 0.543817
v -0.850206 0.475413 0.309286
v -0.567686 0.317435 0.874795
v -0.287966 0.682103 0.443751
v 0.348229 0.824848 0.536615
v 0.000000 0.919891 0.000000
v 0.333592 0.790179 -0.514060
v -0.292941 0.693889 -0.451418
v -0.550595 0.307878 -0.848458
v -0.808416 0.452045 -0.294083
v -1.033836 0.000000 0.000000
v 0.534638 0.298955 0.823869
v 0.909366 0.508493 0.330806
v -0.530439 -0.296608 0.817399
v 0.000000 0.000000 0.968501
v -0.879057 -0.491546 -0.319781
v -0.812124 -0.454118 0.295432
v 0.000000 0.000000 -1.023909
v -0.501372 -0.280354 -0.772606
v 0.834578 0.466674 -0.303600
v 0.503850 0.281740 -0.776425
v 0.838562 -0.468902 0.305050
v 0.530214 -0.296482 0.817051
v 0.323157 -0.765460 0.497980
v -0.334635 -0.792648 0.515667
v 0.000000 -0.965983 0.000000
v -0.310334 -0.735086 -0.478219
v 0.320632 -0.759481 -0.494089
v 0.506108 -0.283002 -0.779905
v 0.887890 -0.496485 -0.322994
v 1.062599 0.000000 0.000000
v -0.705657 0.646058 0.155592
v -0.605280 0.641182 0.417129
v -0.477187 0.858397 0.272216
v -0.757502 0.156804 0.712936
v -0.760710 0.425369 0.618784
v -0.909068 0.247788 0.435453
v -0.155362 0.607150 0.646720
v -0.467021 0.583940 0.719673
v -0.289858 0.437830 0.916320
v -0.180692 0.957048 0.278444
v -0.284633 0.906527 0.000000
v 0.177936 0.695370 0.740689
v 0.000000 0.790052 0.513978
v 0.269787 0.859243 0.000000
v 0.163353 0.865212 0.251725
v 0.484143 0.870911 0.276184
v -0.171172 0.906624 -0.263773
v -0.436109 0.784504 -0.248783
v 0.463535 0.833839 -0.264428
v 0.177291 0.939032 -0.273202
v -0.168231 0.657443 -0.700290
v 0.000000 0.765224 -0.497826
v 0.168044 0.656710 -0.699509
v -0.615780 0.652304 -0.424364
v -0.785925 0.719547 -0.173290
v -0.269163 0.406570 -0.850898
v -0.439260 0.549229 -0.676893
v -0.887112 0.241803 -0.424936
v -0.739933 0.413751 -0.601884
v -0.730754 0.151267 -0.687762
v -0.909037 0.508309 0.000000
v -1.088563 0.000000 -0.294512
v -1.026417 0.256676 -0.166984
v -0.952622 0.238222 0.154978
v -1.039130 0.000000 0.281138
v 0.599648 0.635216 0.413247
v 0.751274 0.687823 0.165650
v 0.280857 0.424234 0.887866
v 0.457497 0.572032 0.704997
v 0.920698 0.250958 0.441024
v 0.705647 0.394579 0.573995
v 0.724355 0.149943 0.681740
v -0.290350 0.162356 1.000474
v 0.000000 0.276213 1.023483
v -0.722550 -0.149569 0.680041
v -0.552719 0.000000 0.851732
v 0.000000 -0.248645 0.921334
v -0.260716 -0.145786 0.898362
v -0.271323 -0.409833 0.857726
v -1.039635 -0.259982 0.169134
v -0.964698 -0.262951 0.462101
v -0.921335 -0.251131 -0.441329
v -1.044363 -0.261164 -0.169903
v -0.742590 -0.679872 0.163736
v -0.890293 -0.497828 0.000000
v -0.805670 -0.737624 -0.177644
v -0.534705 0.000000 -0.823973
v -0.687144 -0.142240 -0.646718
v 0.000000 0.253639 -0.939838
v -0.274743 0.153629 -0.946695
v -0.285512 -0.431265 -0.902581
v -0.268002 -0.149860 -0.923469
v 0.000000 -0.283554 -1.050685
v 0.449024 0.561437 -0.691939
v 0.259471 0.391930 -0.820258
v 0.719973 0.659165 -0.158749
v 0.612954 0.649310 -0.422417
v 0.777515 0.160947 -0.731772
v 0.687088 0.384202 -0.558898
v 0.887535 0.241918 -0.425139
v 0.748549 -0.685327 0.165049
v 0.586755 -0.621557 0.404362
v 0.431461 -0.776143 0.246131
v 0.720612 -0.149168 0.678217
v 0.733411 -0.410104 0.596579
v 0.963721 -0.262684 0.461632
v 0.177159 -0.692333 0.737455
v 0.465642 -0.582216 0.717547
v 0.282873 -0.427279 0.894240
v 0.173355 -0.918185 0.267137
v 0.298304 -0.950066 0.000000
v -0.178383 -0.697116 0.742550
v 0.000000 -0.857616 0.557932
v -0.284690 -0.906707 0.000000
v -0.156336 -0.828047 0.240912
v -0.413755 -0.744291 0.236030
v 0.181143 -0.959437 -0.279139
v 0.467050 -0.840163 -0.266433
v -0.463960 -0.834604 -0.264670
v -0.171004 -0.905733 -0.263514
v 0.170909 -0.667907 -0.711436
v 0.000000 -0.781542 -0.508442
v -0.169528 -0.662512 -0.705690
v 0.639655 -0.677595 -0.440818
v 0.814102 -0.745344 -0.179503
v 0.257859 -0.389495 -0.815162
v 0.447286 -0.559265 -0.689262
v 0.889491 -0.242451 -0.426075
v 0.683143 -0.381995 -0.555689
v 0.712221 -0.147431 -0.670319
v 0.903899 -0.505436 0.000000
v 1.068614 0.000000 -0.289115
v 0.976032 -0.244076 -0.158787
v 0.941153 -0.235354 0.153112
v 1.006381 0.000000 0.272278
v 0.266810 -0.149193 0.919361
v 0.512703 0.000000 0.790068
v 0.282156 0.157774 0.972240
v -0.572943 -0.606927 0.394844
v -0.451779 -0.564882 0.696185
v -0.758070 -0.423893 0.616637
v -0.478616 -0.598437 -0.737540
v -0.649954 -0.688505 -0.447915
v -0.680685 -0.380621 -0.553690
v 0.570783 0.000000 -0.879568
v 0.274812 -0.153668 -0.946934
v 0.272574 0.152416 -0.939221
v 1.003243 0.250881 0.163214
v 1.008448 0.252183 -0.164060
v 0.878067 0.490992 0.000000
v -0.653085 0.752323 0.081922
v -0.610692 0.766673 0.216886
v -0.505892 0.817206 0.130486
v -0.740034 0.569557 0.370532
v -0.689246 0.676483 0.300125
v -0.742821 0.537575 0.221085
v -0.378207 0.769989 0.368433
v -0.522364 0.717410 0.333657
v -0.478594 0.722915 0.470301
v -0.821268 0.076867 0.614320
v -0.837378 0.203611 0.574750
v -0.918316 0.126032 0.489850
v -0.677690 0.378946 0.758736
v -0.752180 0.286831 0.660365
v -0.685798 0.242423 0.816556
v -0.872610 0.358882 0.369326
v -0.820191 0.327873 0.514595
v -0.836088 0.467518 0.476955
v -0.084000 0.577025 0.773342
v -0.217466 0.527627 0.770650
v -0.144715 0.483453 0.908595
v -0.366787 0.631226 0.565214
v -0.289060 0.572010 0.653173
v -0.222203 0.643309 0.541648
v -0.431776 0.381922 0.904632
v -0.393716 0.531131 0.848669
v -0.548473 0.480941 0.845189
v -0.680041 0.536937 0.514233
v -0.618643 0.509254 0.675144
v -0.540496 0.615903 0.565774
v -0.385486 0.899906 0.134926
v -0.409309 0.840117 0.000000
v -0.236743 0.799617 0.364817
v -0.325074 0.894516 0.271390
v -0.143120 0.929683 0.000000
v -0.245522 0.975268 0.141065
v -0.089013 0.967188 0.137167
v 0.084954 0.583576 0.782123
v 0.000000 0.673663 0.717567
v 0.176847 0.859351 0.559061
v 0.089748 0.780772 0.653359
v 0.255888 0.740832 0.623759
v -0.081202 0.706426 0.591146
v -0.159165 0.773432 0.503165
v 0.443404 0.910097 0.000000
v 0.369260 0.862029 0.129247
v 0.477657 0.771595 0.123203
v 0.084228 0.915202 0.129795
v 0.223263 0.886850 0.128276
v 0.132121 0.858234 0.000000
v 0.411069 0.836893 0.400446
v 0.320587 0.882169 0.267644
v 0.251692 0.850107 0.387853
v -0.080581 0.808543 0.372520
v 0.087277 0.875736 0.403478
v 0.000000 0.891316 0.259320
v -0.356879 0.833125 -0.124914
v -0.480535 0.776245 -0.123945
v -0.084507 0.918228 -0.130224
v -0.232098 0.921946 -0.133353
v -0.385443 0.784722 -0.375482
v -0.317122 0.872635 -0.264751
v -0.240411 0.812006 -0.370470
v 0.521051 0.841693 -0.134395
v 0.382680 0.893355 -0.133944
v 0.270458 0.913493 -0.416772
v 0.329721 0.907302 -0.275269
v 0.393415 0.800951 -0.383248
v 0.225882 0.897254 -0.129781
v 0.084674 0.920044 -0.130481
v -0.088704 0.609336 -0.816646
v 0.000000 0.649676 -0.692017
v 0.089614 0.615587 -0.825024
v -0.158143 0.768463 -0.499933
v -0.082447 0.717255 -0.600207
v -0.241261 0.698485 -0.588104
v 0.253612 0.734243 -0.618212
v 0.081744 0.711137 -0.595088
v 0.162230 0.788325 -0.512854
v 0.000000 0.921030 -0.267965
v 0.085406 0.856961 -0.394828
v -0.089688 0.899927 -0.414624
v -0.610038 0.765852 -0.216654
v -0.648793 0.747379 -0.081383
v -0.477419 0.721139 -0.469146
v -0.539815 0.741377 -0.344803
v -0.808905 0.585400 -0.240753
v -0.651232 0.639173 -0.283573
v -0.718200 0.552753 -0.359600
v -0.145157 0.484930 -0.911370
v -0.230920 0.560269 -0.818327
v -0.492203 0.431599 -0.758477
v -0.346655 0.467645 -0.747227
v -0.383058 0.338829 -0.802560
v -0.294820 0.583409 -0.666189
v -0.365758 0.629454 -0.563627
v -0.898688 0.123338 -0.479380
v -0.814359 0.198014 -0.558950
v -0.810000 0.075812 -0.605891
v -0.784681 0.438773 -0.447629
v -0.836005 0.334194 -0.524517
v -0.861646 0.354373 -0.364685
v -0.672462 0.237709 -0.800677
v -0.757838 0.288988 -0.665333
v -0.638959 0.357289 -0.715373
v -0.518726 0.591095 -0.542985
v -0.621315 0.511454 -0.678061
v -0.692596 0.546850 -0.523727
v -0.749805 0.686478 0.000000
v -0.899011 0.502703 -0.159418
v -0.845863 0.608394 -0.083781
v -0.809841 0.582486 0.080213
v -0.876331 0.490021 0.155396
v -0.994433 0.000000 -0.417477
v -0.962051 0.123981 -0.355103
v -1.055797 0.128700 -0.083727
v -1.019723 0.126776 -0.221204
v -1.116251 0.000000 -0.148072
v -0.976241 0.254578 -0.305701
v -0.952512 0.373527 -0.243003
v -1.041040 0.134161 0.384258
v -0.996744 0.000000 0.418447
v -0.874309 0.342860 0.223052
v -0.962826 0.251079 0.301500
v -1.020897 0.000000 0.135423
v -0.985253 0.122490 0.213727
v -1.047224 0.127655 0.083048
v -0.988050 0.391277 -0.084850
v -0.972783 0.243264 0.000000
v -0.980144 0.388146 0.084171
v 0.619074 0.777196 0.219863
v 0.610088 0.702793 0.076528
v 0.501798 0.757964 0.493103
v 0.536451 0.736758 0.342655
v 0.865978 0.626703 0.257740
v 0.673352 0.660883 0.293205
v 0.727160 0.559649 0.364086
v 0.137598 0.459676 0.863908
v 0.227628 0.552283 0.806662
v 0.524068 0.459541 0.807581
v 0.362626 0.489190 0.781653
v 0.391904 0.346654 0.821095
v 0.324318 0.641783 0.732846
v 0.412543 0.709970 0.635722
v 0.962309 0.132070 0.513318
v 0.809252 0.196772 0.555445
v 0.798012 0.074690 0.596925
v 0.817586 0.457172 0.466400
v 0.848934 0.339363 0.532628
v 0.930732 0.382786 0.393926
v 0.630950 0.223035 0.751251
v 0.719672 0.274434 0.631826
v 0.627630 0.350954 0.702689
v 0.530797 0.604851 0.555621
v 0.586303 0.482633 0.639851
v 0.659152 0.520444 0.498437
v -0.141184 0.347569 0.944000
v 0.000000 0.398011 0.950440
v -0.426217 0.238329 0.936536
v -0.285942 0.295129 0.944844
v 0.000000 0.136029 1.028032
v -0.147004 0.220467 1.018872
v -0.143209 0.080079 1.012316
v -0.842757 -0.078878 0.630394
v -0.759556 0.000000 0.714870
v -0.519564 -0.141619 0.800640
v -0.660256 -0.078151 0.790992
v -0.613038 -0.216703 0.729924
v -0.706902 0.083672 0.846874
v -0.594501 0.162045 0.916117
v 0.000000 -0.379569 0.906403
v -0.133550 -0.328776 0.892957
v -0.134801 -0.450332 0.846346
v -0.134796 -0.075374 0.952850
v -0.135656 -0.203447 0.940218
v 0.000000 -0.124665 0.942149
v -0.401107 -0.354794 0.840375
v -0.258157 -0.266451 0.853032
v -0.377870 -0.211295 0.830301
v -0.425127 0.079240 0.925035
v -0.438823 -0.081793 0.954837
v -0.285989 0.000000 0.985446
v -1.044656 -0.134627 0.385593
v -0.952208 -0.130683 0.507929
v -1.075039 -0.131046 0.085253
v -1.066701 -0.132616 0.231395
v -0.918245 -0.377650 0.388641
v -1.023361 -0.266865 0.320456
v -0.939092 -0.368264 0.239579
v -0.886032 -0.121601 -0.472630
v -1.003047 -0.129264 -0.370235
v -0.862490 -0.338225 -0.220036
v -0.984346 -0.256691 -0.308239
v -0.862864 -0.354874 -0.365201
v -1.067782 -0.132751 -0.231629
v -1.117388 -0.136208 -0.088612
v -0.682921 -0.786693 0.085664
v -0.827457 -0.757571 0.000000
v -0.706216 -0.813528 -0.088586
v -0.873265 -0.488307 0.154852
v -0.837952 -0.602705 0.082998
v -0.735680 -0.532407 0.218959
v -0.832226 -0.602277 -0.247694
v -0.851208 -0.612239 -0.084311
v -0.843531 -0.471680 -0.149580
v -1.053459 -0.263438 0.000000
v -0.912307 -0.361282 -0.078345
v -0.933473 -0.369664 0.080163
v -0.740554 0.000000 -0.696985
v -0.806482 -0.075483 -0.603260
v -0.556459 0.151676 -0.857494
v -0.694236 0.082173 -0.831700
v -0.602467 -0.212966 -0.717337
v -0.628915 -0.074441 -0.753445
v -0.511368 -0.139385 -0.788011
v 0.000000 0.376580 -0.899264
v -0.147047 0.362003 -0.983202
v -0.143579 0.080285 -1.014932
v -0.145760 0.218602 -1.010254
v 0.000000 0.129165 -0.976155
v -0.273132 0.281908 -0.902515
v -0.385914 0.215793 -0.847976
v -0.138195 -0.461672 -0.867658
v -0.147682 -0.363566 -0.987449
v 0.000000 -0.407112 -0.972174
v -0.390230 -0.218206 -0.857460
v -0.283973 -0.293097 -0.938336
v -0.416158 -0.368107 -0.871909
v 0.000000 -0.128416 -0.970499
v -0.143146 -0.214680 -0.992131
v -0.139361 -0.077927 -0.985121
v -0.375872 0.070059 -0.817862
v -0.264104 0.000000 -0.910034
v -0.384830 -0.071729 -0.837354
v 0.226324 0.549118 -0.802040
v 0.131101 0.437973 -0.823119
v 0.391231 0.673293 -0.602881
v 0.309805 0.613062 -0.700050
v 0.368144 0.325637 -0.771314
v 0.355360 0.479387 -0.765990
v 0.487177 0.427192 -0.750732
v 0.649093 0.747725 -0.081421
v 0.610198 0.766052 -0.216711
v 0.711599 0.547673 -0.356295
v 0.680901 0.668292 -0.296492
v 0.787354 0.569804 -0.234339
v 0.553739 0.760501 -0.353697
v 0.504465 0.761992 -0.495723
v 0.814654 0.076248 -0.609373
v 0.836878 0.203489 -0.574407
v 0.944442 0.129618 -0.503787
v 0.608550 0.340285 -0.681327
v 0.750788 0.286300 -0.659143
v 0.642516 0.227123 -0.765022
v 0.876425 0.360451 -0.370941
v 0.826740 0.330491 -0.518704
v 0.799841 0.447250 -0.456277
v 0.521321 0.594053 -0.545702
v 0.688762 0.543823 -0.520828
v 0.575367 0.473630 -0.627916
v 0.681390 -0.784930 0.085472
v 0.622326 -0.781278 0.221018
v 0.491925 -0.794644 0.126883
v 0.717531 -0.552238 0.359265
v 0.688699 -0.675946 0.299887
v 0.830255 -0.600851 0.247108
v 0.383238 -0.780232 0.373334
v 0.544064 -0.747213 0.347518
v 0.461909 -0.697712 0.453905
v 0.812264 -0.076024 0.607585
v 0.853620 -0.207560 0.585898
v 0.985826 -0.135297 0.525862
v 0.648158 -0.362433 0.725672
v 0.742041 -0.282964 0.651464
v 0.631211 -0.223127 0.751561
v 0.891116 -0.366493 0.377158
v 0.830843 -0.332131 0.521278
v 0.802398 -0.448680 0.457736
v 0.091849 -0.630942 0.845603
v 0.234597 -0.569191 0.831358
v 0.141694 -0.473362 0.889629
v 0.413389 -0.711426 0.637026
v 0.322930 -0.639036 0.729709
v 0.256563 -0.742788 0.625406
v 0.423313 -0.374436 0.886901
v 0.368199 -0.496708 0.793666
v 0.516426 -0.452840 0.795805
v 0.692235 -0.546565 0.523454
v 0.639441 -0.526375 0.697842
v 0.536063 -0.610852 0.561134
v 0.354237 -0.826957 0.123989
v 0.413948 -0.849637 0.000000
v 0.246740 -0.833384 0.380223
v 0.304316 -0.837394 0.254059
v 0.148582 -0.965158 0.000000
v 0.223905 -0.889403 0.128646
v 0.083217 -0.904211 0.128236
v -0.085090 -0.584510 0.783374
v 0.000000 -0.696851 0.742266
v -0.180342 -0.876333 0.570109
v -0.094555 -0.822587 0.688350
v -0.270048 -0.781827 0.658276
v 0.092848 -0.807737 0.675924
v 0.169226 -0.822319 0.534969
v -0.421408 -0.864951 0.000000
v -0.336665 -0.785935 0.117838
v -0.465620 -0.752152 0.120098
v -0.080100 -0.870347 0.123433
v -0.213910 -0.849698 0.122903
v -0.145503 -0.945163 0.000000
v -0.380918 -0.775510 0.371074
v -0.289895 -0.797712 0.242020
v -0.240194 -0.811274 0.370136
v 0.086901 -0.871966 0.401742
v -0.085123 -0.854121 0.393520
v 0.000000 -0.905551 0.263461
v 0.353410 -0.825025 -0.123699
v 0.535791 -0.865503 -0.138197
v 0.086489 -0.939763 -0.133278
v 0.228331 -0.906981 -0.131188
v 0.397515 -0.809299 -0.387242
v 0.310229 -0.853665 -0.258996
v 0.245952 -0.830722 -0.379009
v -0.530654 -0.857206 -0.136873
v -0.366261 -0.855026 -0.128197
v -0.251036 -0.847892 -0.386843
v -0.320398 -0.881649 -0.267486
v -0.392037 -0.798146 -0.381905
v -0.233624 -0.928007 -0.134229
v -0.088978 -0.966813 -0.137114
v 0.087278 -0.599545 -0.803525
v 0.000000 -0.672009 -0.715806
v -0.087718 -0.602565 -0.807572
v 0.154777 -0.752106 -0.489292
v 0.080657 -0.701683 -0.587176
v 0.247674 -0.717052 -0.603737
v -0.243799 -0.705833 -0.594291
v -0.080766 -0.702628 -0.587967
v -0.152567 -0.741365 -0.482304
v 0.000000 -0.902740 -0.262643
v -0.085547 -0.858379 -0.395481
v 0.085834 -0.861252 -0.396805
v 0.630947 -0.792101 -0.224079
v 0.691684 -0.796788 -0.086764
v 0.472445 -0.713626 -0.464258
v 0.564807 -0.775701 -0.360767
v 0.844257 -0.610984 -0.251275
v 0.744819 -0.731027 -0.324324
v 0.795086 -0.611927 -0.398096
v 0.141328 -0.472138 -0.887329
v 0.226491 -0.549523 -0.802631
v 0.477842 -0.419006 -0.736347
v 0.349260 -0.471159 -0.752843
v 0.390165 -0.345115 -0.817450
v 0.305876 -0.605289 -0.691173
v 0.388084 -0.667878 -0.598032
v 0.899449 -0.123443 -0.479786
v 0.750887 -0.182580 -0.515385
v 0.802242 -0.075086 -0.600088
v 0.856806 -0.479103 -0.488774
v 0.764215 -0.305496 -0.479475
v 0.867190 -0.356653 -0.367032
v 0.621102 -0.219553 -0.739525
v 0.670544 -0.255700 -0.588695
v 0.601627 -0.336414 -0.673576
v 0.555499 -0.633000 -0.581479
v 0.567363 -0.467041 -0.619181
v 0.685536 -0.541276 -0.518389
v 0.760379 -0.696158 0.000000
v 0.890852 -0.498141 -0.157971
v 0.826598 -0.594538 -0.081873
v 0.859520 -0.618218 0.085134
v 0.839203 -0.469260 0.148812
v 0.942045 0.000000 -0.395483
v 0.916204 -0.118073 -0.338180
v 1.119484 -0.136463 -0.088778
v 1.031249 -0.128209 -0.223704
v 1.127775 0.000000 -0.149601
v 0.911162 -0.237607 -0.285322
v 0.903032 -0.354123 -0.230379
v 1.037096 -0.133652 0.382803
v 1.054899 0.000000 0.442861
v 0.889835 -0.348948 0.227012
v 0.996428 -0.259842 0.312022
v 1.081563 0.000000 0.143471
v 1.023036 -0.127188 0.221923
v 0.990599 -0.120753 0.078557
v 0.896603 -0.355063 -0.076997
v 0.977280 -0.244389 0.000000
v 0.917035 -0.363154 0.078751
v 0.132528 -0.326261 0.886127
v 0.395828 -0.221336 0.869760
v 0.277944 -0.286874 0.918417
v 0.135919 -0.203842 0.942044
v 0.141810 -0.079297 1.002431
v 0.699244 0.000000 0.658106
v 0.519363 0.141565 0.800331
v 0.603232 0.071401 0.722677
v 0.576989 -0.068295 0.691238
v 0.513372 -0.139931 0.791099
v 0.141784 0.349047 0.948013
v 0.133206 0.074485 0.941611
v 0.144037 0.216018 0.998310
v 0.281112 0.290144 0.928883
v 0.398092 0.222602 0.874735
v 0.392545 -0.073167 0.854141
v 0.387541 0.072234 0.843253
v 0.283313 0.000000 0.976223
v -0.585344 -0.734851 0.207884
v -0.463193 -0.699652 0.455167
v -0.508320 -0.698122 0.324686
v -0.630251 -0.618580 0.274437
v -0.717657 -0.552335 0.359328
v -0.211493 -0.513135 0.749483
v -0.487318 -0.427316 0.750950
v -0.350664 -0.473053 0.755869
v -0.331414 -0.655824 0.748879
v -0.424503 -0.730552 0.654152
v -0.895851 -0.217829 0.614884
v -0.780333 -0.436341 0.445149
v -0.842254 -0.336692 0.528437
v -0.778452 -0.296849 0.683431
v -0.654871 -0.366186 0.733187
v -0.537649 -0.612659 0.562794
v -0.616451 -0.507450 0.672753
v -0.678299 -0.535562 0.512916
v -0.232350 -0.563738 -0.823393
v -0.390609 -0.672222 -0.601922
v -0.307211 -0.607930 -0.694190
v -0.379853 -0.512430 -0.818787
v -0.504772 -0.442621 -0.777846
v -0.632108 -0.793559 -0.224492
v -0.827410 -0.636805 -0.414281
v -0.761295 -0.747198 -0.331499
v -0.569729 -0.782462 -0.363911
v -0.488069 -0.737227 -0.479612
v -0.828567 -0.201468 -0.568702
v -0.609087 -0.340585 -0.681928
v -0.691421 -0.263661 -0.607023
v -0.786912 -0.314569 -0.493715
v -0.839523 -0.469439 -0.478915
v -0.555120 -0.632567 -0.581082
v -0.706923 -0.558162 -0.534561
v -0.603865 -0.497090 -0.659017
v 0.762264 0.000000 -0.717418
v 0.566451 -0.154399 -0.872892
v 0.652697 -0.077256 -0.781937
v 0.666188 0.078853 -0.798099
v 0.603954 0.164622 -0.930684
v 0.142902 -0.351798 -0.955487
v 0.142310 -0.079576 -1.005961
v 0.137591 -0.206350 -0.953632
v 0.267283 -0.275870 -0.883187
v 0.406703 -0.227417 -0.893657
v 0.133836 0.329481 -0.894873
v 0.414022 0.231510 -0.909740
v 0.267517 0.276112 -0.883962
v 0.130002 0.194968 -0.901032
v 0.136375 0.076257 -0.964008
v 0.438126 -0.081663 -0.953320
v 0.288403 0.000000 -0.993764
v 0.452840 0.084405 -0.985338
v 1.032222 0.133024 0.381004
v 1.059255 0.129122 0.084002
v 0.964926 0.119963 0.209317
v 0.947918 0.247192 0.296831
v 0.972952 0.381543 0.248217
v 1.041590 0.134232 -0.384462
v 0.940335 0.368752 -0.239896
v 0.972056 0.253486 -0.304390
v 1.141445 0.141909 -0.247608
v 1.090419 0.132920 -0.086473
v 0.753758 0.690096 0.000000
v 0.882504 0.493473 0.156491
v 0.854895 0.614891 0.084676
v 0.838284 0.602943 -0.083031
v 0.861867 0.481933 -0.152831
v 1.055623 0.263980 0.000000
v 0.945829 0.374557 -0.081224
v 0.944945 0.374207 0.081148
v -0.612230 0.793240 0.041423
v -0.583282 0.790948 0.107198
v -0.526321 0.808724 0.065103
v -0.669583 0.715797 0.188353
v -0.636585 0.765016 0.150232
v -0.678001 0.696099 0.119194
v -0.509950 0.867971 0.206832
v -0.573263 0.814375 0.178019
v -0.548834 0.817768 0.245928
v -0.791760 0.520449 0.338584
v -0.748314 0.558135 0.296027
v -0.789154 0.504105 0.261814
v -0.647199 0.659185 0.359953
v -0.700345 0.609924 0.328816
v -0.676810 0.609893 0.396773
v -0.704445 0.574358 0.183707
v -0.717923 0.604772 0.259230
v -0.703427 0.666407 0.228087
v -0.323654 0.707585 0.398165
v -0.416187 0.727570 0.407373
v -0.372130 0.691442 0.449826
v -0.491594 0.770680 0.298671
v -0.468929 0.774765 0.365718
v -0.424010 0.809334 0.321240
v -0.522938 0.656775 0.427273
v -0.502268 0.722037 0.401661
v -0.566545 0.683343 0.377083
v -0.651740 0.723359 0.259264
v -0.594051 0.686322 0.312246
v -0.563844 0.739433 0.276146
v -0.857827 0.038503 0.570499
v -0.860492 0.100240 0.546792
v -0.914601 0.063283 0.512893
v -0.781633 0.176784 0.630032
v -0.827031 0.139596 0.592997
v -0.761040 0.112007 0.638722
v -0.911742 0.186742 0.461571
v -0.867188 0.162935 0.526003
v -0.910495 0.235350 0.526543
v -0.639646 0.357673 0.838495
v -0.689396 0.314281 0.796449
v -0.629265 0.280908 0.848828
v -0.750583 0.352286 0.635001
v -0.711495 0.329691 0.703968
v -0.706646 0.395138 0.675710
v -0.721645 0.198393 0.762665
v -0.750171 0.276383 0.767346
v -0.767036 0.225649 0.697654
v -0.894452 0.432613 0.352537
v -0.870561 0.418961 0.429100
v -0.836785 0.467908 0.388059
v -0.869220 0.289539 0.477757
v -0.847713 0.343940 0.442110
v -0.867439 0.295937 0.391591
v -0.756260 0.422881 0.518860
v -0.820494 0.392314 0.491809
v -0.781058 0.370458 0.557987
v -0.806376 0.248418 0.626041
v -0.800024 0.312846 0.596683
v -0.841663 0.270170 0.553024
v -0.042594 0.542449 0.817695
v -0.109301 0.512461 0.808485
v -0.070313 0.489815 0.875636
v -0.180969 0.554346 0.689459
v -0.147376 0.538103 0.752353
v -0.120268 0.589483 0.704132
v -0.210589 0.447394 0.885952
v -0.176822 0.490645 0.810924
v -0.251931 0.484463 0.839830
v -0.330465 0.665881 0.509241
v -0.284708 0.620152 0.538141
v -0.257015 0.667531 0.496104
v -0.375300 0.581454 0.689012
v -0.323909 0.594465 0.602327
v -0.410544 0.603434 0.632642
v -0.191402 0.632430 0.599916
v -0.255683 0.610156 0.597993
v -0.219937 0.584471 0.644208
v -0.527588 0.369537 0.939934
v -0.490732 0.432003 0.878648
v -0.568439 0.405209 0.875956
v -0.347303 0.492569 0.898414
v -0.421944 0.466188 0.896120
v -0.360684 0.410221 0.910986
v -0.497091 0.524235 0.766009
v -0.471059 0.507571 0.848912
v -0.432156 0.559479 0.785109
v -0.253061 0.548153 0.707821
v -0.354410 0.581002 0.780952
v -0.307335 0.540724 0.825007
v -0.801277 0.529447 0.430116
v -0.701499 0.470550 0.551166
v -0.764459 0.508546 0.501453
v -0.734183 0.572043 0.457195
v -0.635277 0.583194 0.460106
v -0.602362 0.420609 0.785530
v -0.542560 0.546238 0.696969
v -0.572160 0.484926 0.741117
v -0.650251 0.446696 0.719121
v -0.699759 0.474517 0.656816
v -0.417492 0.670179 0.515196
v -0.551926 0.605299 0.472380
v -0.496798 0.652604 0.505089
v -0.452671 0.626369 0.567802
v -0.513020 0.610358 0.651894
v -0.657724 0.529619 0.600082
v -0.594273 0.578750 0.635932
v -0.612638 0.578604 0.542055
v -0.471686 0.855631 0.066387
v -0.484515 0.833108 0.000000
v -0.444555 0.907378 0.209282
v -0.455092 0.874265 0.135198
v -0.345843 0.868015 0.000000
v -0.396422 0.866239 0.065266
v -0.326932 0.883525 0.064914
v -0.264655 0.743243 0.407829
v -0.302417 0.773485 0.361267
v -0.246514 0.898123 0.266788
v -0.274365 0.830882 0.314696
v -0.208053 0.864413 0.320607
v -0.347281 0.817764 0.316756
v -0.402228 0.880617 0.273035
v -0.070926 0.925889 0.000000
v -0.117479 0.954869 0.067616
v -0.042635 0.932303 0.065701
v -0.254452 0.899783 0.065224
v -0.191983 0.949255 0.067808
v -0.218096 0.936856 0.000000
v -0.138167 0.990424 0.212913
v -0.167846 0.981444 0.140559
v -0.216551 0.981975 0.213291
v -0.357795 0.903462 0.204478
v -0.276808 0.904333 0.200674
v -0.309065 0.914153 0.134590
v 0.043368 0.552317 0.832569
v 0.000000 0.575237 0.770946
v 0.086848 0.683262 0.727793
v 0.043354 0.637840 0.761324
v 0.132349 0.648699 0.774865
v -0.042519 0.625553 0.746659
v -0.083807 0.659342 0.702313
v 0.263348 0.844234 0.549226
v 0.219090 0.805364 0.597086
v 0.300631 0.780815 0.580296
v 0.042500 0.772845 0.571646
v 0.135029 0.833248 0.616803
v 0.083660 0.818127 0.532243
v 0.224706 0.742472 0.704300
v 0.178162 0.779486 0.654266
v 0.131032 0.722793 0.682532
v -0.197268 0.725146 0.537613
v -0.235101 0.753680 0.490316
v -0.120787 0.666277 0.629164
v -0.159415 0.697465 0.585421
v -0.076442 0.747541 0.486322
v -0.121441 0.749402 0.554738
v -0.040925 0.744203 0.550460
v 0.044283 0.732326 0.692079
v 0.000000 0.744110 0.622680
v -0.043096 0.712695 0.673526
v 0.495203 0.851485 0.000000
v 0.457114 0.829198 0.064336
v 0.511049 0.785259 0.063214
v 0.330158 0.892244 0.065554
v 0.402882 0.880356 0.066330
v 0.358032 0.898607 0.000000
v 0.497638 0.847016 0.201839
v 0.440902 0.847004 0.130982
v 0.432821 0.883428 0.203757
v 0.041317 0.903464 0.063668
v 0.107069 0.870251 0.061624
v 0.064777 0.845614 0.000000
v 0.190232 0.862628 0.187368
v 0.153570 0.897966 0.128603
v 0.121991 0.874471 0.187987
v 0.202418 0.869509 0.000000
v 0.182280 0.901280 0.064381
v 0.250695 0.886496 0.064261
v 0.385408 0.842592 0.474135
v 0.326656 0.835481 0.390223
v 0.305526 0.858024 0.470811
v 0.401465 0.878947 0.272518
v 0.366983 0.864159 0.334727
v 0.456814 0.871948 0.346093
v 0.207276 0.861182 0.319409
v 0.286286 0.866982 0.328369
v 0.237098 0.863817 0.256597
v 0.307776 0.910340 0.134029
v 0.266402 0.870338 0.193131
v 0.347973 0.878660 0.198865
v -0.199114 0.789331 0.434565
v -0.041750 0.809228 0.446930
v -0.118186 0.785168 0.433181
v -0.164697 0.837427 0.383971
v -0.126718 0.873064 0.326614
v 0.222414 0.881700 0.485418
v 0.129520 0.892367 0.333836
v 0.171560 0.872328 0.399973
v 0.130354 0.866009 0.477781
v 0.043130 0.835991 0.461711
v 0.000000 0.946407 0.134220
v -0.086959 0.927368 0.269808
v -0.045054 0.967271 0.208418
v 0.042281 0.907739 0.195591
v 0.080622 0.859788 0.250147
v 0.000000 0.837577 0.385898
v 0.041287 0.851636 0.318115
v -0.041514 0.856316 0.319863
v -0.456249 0.827630 -0.064215
v -0.519252 0.797862 -0.064229
v -0.337446 0.911941 -0.067001
v -0.389741 0.851640 -0.064166
v -0.455349 0.775037 -0.184686
v -0.424311 0.815132 -0.126053
v -0.393618 0.803411 -0.185302
v -0.041152 0.899872 -0.063415
v -0.116370 0.945849 -0.066977
v -0.197091 0.893730 -0.194124
v -0.158693 0.927922 -0.132894
v -0.123948 0.888501 -0.191003
v -0.188414 0.931609 -0.066547
v -0.252757 0.893788 -0.064789
v -0.342785 0.749409 -0.421700
v -0.316412 0.809280 -0.377985
v -0.272600 0.765557 -0.420073
v -0.387926 0.849304 -0.263327
v -0.360700 0.849364 -0.328996
v -0.414064 0.790348 -0.313705
v -0.214945 0.893047 -0.331227
v -0.284944 0.862919 -0.326830
v -0.238825 0.870111 -0.258467
v -0.299994 0.887322 -0.130640
v -0.263645 0.861330 -0.191132
v -0.346142 0.874036 -0.197818
v 0.525155 0.806932 -0.064959
v 0.489078 0.887180 -0.068835
v 0.425606 0.868701 -0.200361
v 0.448381 0.861373 -0.133204
v 0.486473 0.828012 -0.197310
v 0.413471 0.903494 -0.068073
v 0.336749 0.910057 -0.066863
v 0.294922 0.828244 -0.454470
v 0.349151 0.893018 -0.417096
v 0.370716 0.810473 -0.456062
v 0.258106 0.940355 -0.279333
v 0.305626 0.925553 -0.350552
v 0.222469 0.924304 -0.342821
v 0.424022 0.809357 -0.321249
v 0.378289 0.890781 -0.345039
v 0.396837 0.868814 -0.269376
v 0.108314 0.880374 -0.062341
v 0.040511 0.885846 -0.062427
v 0.251696 0.890035 -0.064517
v 0.183914 0.909361 -0.064958
v 0.132664 0.950976 -0.204433
v 0.156168 0.913156 -0.130779
v 0.210718 0.955525 -0.207546
v 0.345240 0.871758 -0.197303
v 0.288054 0.941074 -0.208828
v 0.305101 0.902428 -0.132864
v -0.044178 0.562622 -0.848103
v 0.000000 0.586706 -0.786318
v 0.044221 0.563178 -0.848941
v -0.084702 0.666379 -0.709809
v -0.043346 0.637729 -0.761191
v -0.125715 0.616183 -0.736025
v 0.130199 0.638160 -0.762277
v 0.041844 0.615630 -0.734814
v 0.085329 0.671310 -0.715061
v -0.226546 0.726254 -0.472473
v -0.191190 0.702802 -0.521048
v -0.278083 0.722250 -0.536771
v -0.041369 0.752277 -0.556432
v -0.120178 0.741608 -0.548968
v -0.080121 0.783516 -0.509726
v -0.202849 0.670253 -0.635794
v -0.159126 0.696201 -0.584359
v -0.126367 0.697058 -0.658230
v 0.285749 0.742163 -0.551570
v 0.205339 0.754813 -0.559609
v 0.246574 0.790458 -0.514242
v 0.129365 0.713599 -0.673850
v 0.166659 0.729158 -0.612022
v 0.208503 0.688935 -0.653515
v 0.079751 0.779897 -0.507371
v 0.123527 0.762273 -0.564265
v 0.040529 0.737000 -0.545133
v -0.040840 0.675386 -0.638268
v 0.000000 0.711259 -0.595189
v 0.040578 0.671054 -0.634174
v 0.000000 0.923759 -0.131008
v 0.087912 0.937538 -0.272767
v 0.043737 0.939013 -0.202329
v -0.041434 0.889554 -0.191672
v -0.081867 0.873071 -0.254011
v 0.210037 0.832633 -0.458405
v 0.040379 0.782666 -0.432260
v 0.117687 0.781856 -0.431353
v 0.179022 0.910267 -0.417369
v 0.132116 0.910254 -0.340527
v -0.198780 0.788007 -0.433836
v -0.133953 0.922914 -0.345263
v -0.170282 0.865825 -0.396992
v -0.126302 0.839088 -0.462929
v -0.042369 0.821243 -0.453565
v 0.044546 0.918856 -0.343224
v 0.000000 0.854727 -0.393799
v -0.043430 0.895830 -0.334623
v -0.549732 0.745453 -0.101032
v -0.599390 0.776604 -0.040555
v -0.525868 0.783548 -0.235637
v -0.525206 0.746106 -0.163096
v -0.698220 0.716858 -0.122748
v -0.633664 0.761506 -0.149543
v -0.665092 0.710996 -0.187090
v -0.383605 0.712763 -0.463697
v -0.432335 0.755798 -0.423178
v -0.576026 0.694778 -0.383393
v -0.507070 0.728941 -0.405501
v -0.558174 0.701029 -0.456063
v -0.452894 0.748272 -0.353212
v -0.504471 0.790868 -0.306495
v -0.790581 0.505017 -0.262288
v -0.726237 0.541669 -0.287293
v -0.768767 0.505335 -0.328752
v -0.739637 0.700712 -0.239828
v -0.739193 0.622689 -0.266910
v -0.812228 0.662237 -0.211815
v -0.673017 0.606475 -0.394550
v -0.673858 0.586857 -0.316380
v -0.637554 0.649361 -0.354589
v -0.586765 0.769492 -0.287372
v -0.622620 0.719329 -0.327263
v -0.636405 0.706339 -0.253164
v -0.070641 0.492099 -0.879719
v -0.116125 0.544457 -0.858965
v -0.243778 0.468784 -0.812651
v -0.190008 0.527234 -0.871398
v -0.211850 0.450072 -0.891255
v -0.156669 0.572031 -0.799790
v -0.193314 0.592163 -0.736493
v -0.533842 0.380547 -0.822643
v -0.445904 0.392540 -0.798383
v -0.470618 0.329634 -0.838438
v -0.386452 0.500309 -0.702077
v -0.416728 0.449028 -0.751000
v -0.470116 0.495787 -0.724441
v -0.319822 0.363747 -0.807780
v -0.358087 0.395635 -0.760500
v -0.306563 0.434788 -0.793026
v -0.316342 0.689057 -0.597934
v -0.341009 0.687127 -0.525489
v -0.230098 0.611474 -0.673970
v -0.263821 0.629576 -0.617027
v -0.388257 0.570676 -0.598299
v -0.329640 0.604984 -0.612985
v -0.342459 0.530574 -0.628720
v -0.289390 0.509153 -0.776837
v -0.324280 0.531608 -0.714559
v -0.266086 0.576368 -0.744254
v -0.869770 0.060181 -0.487753
v -0.831965 0.096917 -0.528665
v -0.821885 0.036890 -0.546596
v -0.889817 0.230005 -0.514585
v -0.875008 0.164404 -0.530746
v -0.893023 0.182908 -0.452095
v -0.772931 0.113758 -0.648701
v -0.806171 0.136075 -0.578040
v -0.764346 0.172874 -0.616098
v -0.808836 0.452280 -0.375097
v -0.809087 0.389377 -0.398800
v -0.834105 0.403426 -0.328752
v -0.792822 0.376038 -0.566391
v -0.802394 0.383659 -0.480959
v -0.774642 0.433159 -0.531471
v -0.895766 0.305601 -0.404379
v -0.832932 0.337943 -0.434402
v -0.882627 0.294005 -0.485126
v -0.621454 0.277421 -0.838292
v -0.665880 0.303560 -0.769281
v -0.605573 0.338620 -0.793828
v -0.726898 0.213841 -0.661147
v -0.687873 0.253431 -0.703622
v -0.694758 0.191001 -0.734249
v -0.682559 0.381669 -0.652677
v -0.718127 0.332764 -0.710530
v -0.761604 0.357459 -0.644325
v -0.841121 0.269996 -0.552667
v -0.792026 0.309718 -0.590717
v -0.785271 0.241917 -0.609656
v -0.423048 0.679097 -0.522052
v -0.477542 0.568148 -0.606812
v -0.439671 0.608381 -0.551495
v -0.502559 0.660171 -0.510946
v -0.587929 0.644785 -0.503194
v -0.591866 0.413280 -0.771842
v -0.685512 0.464855 -0.643443
v -0.653810 0.449141 -0.723057
v -0.585556 0.496280 -0.758469
v -0.525098 0.528658 -0.674538
v -0.738599 0.488032 -0.396471
v -0.661197 0.606989 -0.478879
v -0.697863 0.543744 -0.434578
v -0.766447 0.509869 -0.502757
v -0.718532 0.481976 -0.564549
v -0.570415 0.555516 -0.610403
v -0.642550 0.517400 -0.586238
v -0.602576 0.569102 -0.533153
v -0.663988 0.764883 0.000000
v -0.755718 0.691892 -0.082771
v -0.715244 0.733786 -0.041891
v -0.702985 0.721210 0.041173
v -0.713018 0.652798 0.078094
v -0.865359 0.483886 -0.232600
v -0.844652 0.538246 -0.197995
v -0.871690 0.554185 -0.041305
v -0.864912 0.550304 -0.120773
v -0.912766 0.510395 -0.080427
v -0.825336 0.595435 -0.162548
v -0.828948 0.672813 -0.129490
v -0.814405 0.518971 0.190905
v -0.887835 0.496454 0.238641
v -0.739995 0.600614 0.115595
v -0.728988 0.525926 0.143573
v -0.895127 0.500531 0.078873
v -0.833715 0.530454 0.116416
v -0.840392 0.534287 0.039822
v -0.793718 0.644726 -0.041357
v -0.835874 0.601210 0.000000
v -0.766991 0.623016 0.039964
v -0.929255 0.000000 -0.465679
v -0.963378 0.064247 -0.457623
v -1.029129 0.064990 -0.328135
v -0.987330 0.063940 -0.389338
v -1.044326 0.000000 -0.358536
v -0.908447 0.120749 -0.407475
v -0.912742 0.180946 -0.385328
v -1.091347 0.066105 -0.043005
v -1.081806 0.065844 -0.114687
v -1.104318 0.000000 -0.072893
v -1.013860 0.189282 -0.192656
v -1.064566 0.131046 -0.156879
v -1.014534 0.187459 -0.121954
v -1.095469 0.000000 -0.219745
v -1.079285 0.066266 -0.188088
v -1.099071 0.068478 -0.267818
v -0.905447 0.363494 -0.305043
v -0.911483 0.429886 -0.279668
v -0.943248 0.251371 -0.371241
v -0.958131 0.318992 -0.350608
v -1.025300 0.326859 -0.212642
v -1.008711 0.328380 -0.287013
v -1.045803 0.267016 -0.247344
v -1.008842 0.127666 -0.293900
v -0.981832 0.187266 -0.258960
v -0.963036 0.187343 -0.328634
v -0.954662 0.063666 0.453483
v -0.963501 0.000000 0.482840
v -0.956183 0.189558 0.403667
v -0.976528 0.129798 0.438012
v -1.034841 0.000000 0.355280
v -1.017702 0.065907 0.401315
v -1.034113 0.065305 0.329724
v -0.922399 0.435035 0.283017
v -0.906076 0.363746 0.305255
v -0.935232 0.238785 0.221192
v -0.897435 0.292155 0.255351
v -0.875046 0.278959 0.181480
v -0.894673 0.297865 0.327387
v -0.938248 0.250039 0.369273
v -1.057893 0.000000 0.069828
v -1.036632 0.063094 0.109898
v -1.042889 0.063170 0.041096
v -1.025521 0.063896 0.249895
v -1.035241 0.063562 0.180412
v -1.038533 0.000000 0.208324
v -1.012698 0.187120 0.121733
v -0.989895 0.121854 0.145875
v -0.955178 0.178326 0.181506
v -1.010759 0.196627 0.344920
v -0.988067 0.188455 0.260604
v -1.021903 0.129319 0.297705
v -0.924815 0.437631 -0.201021
v -1.004738 0.323072 -0.125658
v -0.991276 0.390664 -0.167988
v -0.966574 0.458353 -0.125367
v -0.964020 0.457628 -0.042856
v -0.994993 0.121288 0.000000
v -0.951063 0.237832 0.076845
v -1.011585 0.187347 0.040600
v -0.974172 0.180418 -0.039099
v -0.948009 0.237069 -0.076598
v -0.916560 0.433725 0.199227
v -0.948223 0.450129 0.042154
v -0.933912 0.442864 0.121130
v -0.951524 0.374998 0.161251
v -0.956834 0.307669 0.119667
v -1.011046 0.324608 -0.042236
v -0.984643 0.316131 0.041133
v -0.982256 0.388982 0.000000
v 0.544452 0.738293 0.100062
v 0.573137 0.742588 0.038778
v 0.535503 0.797904 0.239954
v 0.530284 0.753320 0.164673
v 0.702163 0.720906 0.123441
v 0.608783 0.731605 0.143671
v 0.710318 0.759343 0.199812
v 0.418274 0.777181 0.505604
v 0.460133 0.804394 0.450387
v 0.570609 0.688244 0.379787
v 0.512865 0.737270 0.410135
v 0.551994 0.693267 0.451013
v 0.494085 0.816328 0.385337
v 0.498174 0.780996 0.302669
v 0.875347 0.559164 0.290410
v 0.794248 0.592396 0.314198
v 0.790426 0.519572 0.338014
v 0.742207 0.703147 0.240661
v 0.767300 0.646367 0.277059
v 0.807219 0.658153 0.210509
v 0.650389 0.586084 0.381284
v 0.687948 0.599128 0.322996
v 0.639110 0.650946 0.355454
v 0.569304 0.746592 0.278820
v 0.605661 0.699736 0.318349
v 0.640942 0.711374 0.254968
v 0.066785 0.465239 0.831703
v 0.108785 0.510041 0.804668
v 0.252146 0.484875 0.840545
v 0.177508 0.492549 0.814071
v 0.211611 0.449564 0.890250
v 0.156754 0.572344 0.800227
v 0.213134 0.652873 0.812001
v 0.516849 0.368433 0.796457
v 0.439539 0.386937 0.786987
v 0.453415 0.317585 0.807790
v 0.399588 0.517315 0.725941
v 0.434590 0.468275 0.783190
v 0.479675 0.505867 0.739171
v 0.328506 0.373624 0.829715
v 0.375565 0.414946 0.797620
v 0.317664 0.450533 0.821743
v 0.334305 0.728184 0.631886
v 0.380997 0.767703 0.587110
v 0.259835 0.690497 0.761070
v 0.292597 0.698246 0.684328
v 0.430206 0.632333 0.662941
v 0.367473 0.674417 0.683337
v 0.390913 0.605643 0.717676
v 0.293103 0.515685 0.786804
v 0.355427 0.582669 0.783192
v 0.277805 0.601751 0.777032
v 0.952091 0.065877 0.533917
v 0.860759 0.100272 0.546962
v 0.886882 0.039807 0.589822
v 0.902042 0.233165 0.521654
v 0.860237 0.161629 0.521786
v 0.933495 0.191198 0.472584
v 0.757173 0.111438 0.635476
v 0.799089 0.134880 0.572962
v 0.749529 0.169523 0.604154
v 0.856510 0.478937 0.397206
v 0.890361 0.428491 0.438860
v 0.901847 0.436190 0.355452
v 0.774567 0.367379 0.553350
v 0.857470 0.409993 0.513973
v 0.767620 0.429233 0.526653
v 0.933726 0.318552 0.421515
v 0.893036 0.362329 0.465748
v 0.915814 0.305060 0.503367
v 0.577065 0.257605 0.778415
v 0.643626 0.293415 0.743571
v 0.575419 0.321759 0.754301
v 0.723543 0.212854 0.658096
v 0.676477 0.249232 0.691965
v 0.684629 0.188216 0.723544
v 0.660184 0.369157 0.631282
v 0.688184 0.318889 0.680904
v 0.717173 0.336605 0.606735
v 0.838193 0.269056 0.550743
v 0.774451 0.302845 0.577610
v 0.777317 0.239466 0.603481
v 0.455289 0.730852 0.561838
v 0.483805 0.575599 0.614770
v 0.469919 0.650236 0.589437
v 0.534770 0.702484 0.543694
v 0.572161 0.627491 0.489698
v 0.587484 0.410221 0.766128
v 0.647557 0.439118 0.607817
v 0.635880 0.436824 0.703228
v 0.580604 0.492082 0.752054
v 0.524739 0.528297 0.674077
v 0.762420 0.503772 0.409258
v 0.631811 0.580012 0.457596
v 0.693050 0.539994 0.431580
v 0.723626 0.481382 0.474668
v 0.693529 0.465204 0.544904
v 0.552294 0.537868 0.591011
v 0.632920 0.509646 0.577452
v 0.584951 0.552455 0.517558
v -0.070215 0.429877 0.907236
v 0.000000 0.445907 0.892031
v -0.204291 0.373928 0.887960
v -0.142952 0.414634 0.926724
v 0.000000 0.327148 0.955289
v -0.069297 0.362684 0.922043
v -0.072750 0.315719 0.992670
v -0.520123 0.290839 0.950269
v -0.434247 0.313227 0.932068
v -0.291815 0.232342 0.984837
v -0.355763 0.267265 0.941663
v -0.349798 0.195598 0.945480
v -0.365165 0.344977 0.945104
v -0.283872 0.360347 0.917861
v 0.000000 0.065395 0.993203
v -0.072191 0.108079 1.022033
v -0.068172 0.038120 0.969797
v -0.074935 0.251901 1.036342
v -0.073049 0.178214 1.025190
v 0.000000 0.216132 1.080154
v -0.217780 0.121777 1.015602
v -0.148219 0.152511 1.037522
v -0.225101 0.196929 1.038944
v -0.214927 0.324059 0.952009
v -0.222573 0.264548 1.005533
v -0.147466 0.291793 1.004119
v -0.878245 -0.039420 0.584078
v -0.831670 0.000000 0.622101
v -0.753004 -0.077427 0.708703
v -0.770341 -0.037800 0.647012
v -0.785455 -0.115601 0.659212
v -0.764706 0.037523 0.642280
v -0.759421 0.078087 0.714743
v -0.504847 -0.208586 0.777962
v -0.573677 -0.181384 0.775728
v -0.588044 -0.262506 0.793224
v -0.619610 -0.039694 0.839791
v -0.589770 -0.111252 0.798725
v -0.542726 -0.073508 0.836332
v -0.679011 -0.186672 0.717607
v -0.628074 -0.147372 0.750157
v -0.711763 -0.117743 0.755638
v -0.651091 0.205860 0.880408
v -0.581463 0.240241 0.896026
v -0.752459 0.124475 0.798843
v -0.710056 0.166609 0.848075
v -0.570947 0.077331 0.879821
v -0.660904 0.124670 0.895062
v -0.653708 0.041878 0.886005
v -0.743539 -0.040995 0.788751
v -0.696303 0.000000 0.834177
v -0.732106 0.040365 0.776624
v 0.000000 -0.437108 0.874428
v -0.065873 -0.403292 0.851131
v -0.068541 -0.477471 0.853569
v -0.067411 -0.292548 0.919815
v -0.066629 -0.348722 0.886547
v 0.000000 -0.300885 0.878600
v -0.204747 -0.434983 0.861375
v -0.129711 -0.376229 0.840889
v -0.197217 -0.360981 0.857214
v -0.067445 -0.037713 0.959454
v -0.067684 -0.101331 0.958224
v 0.000000 -0.062681 0.951986
v -0.199011 -0.174104 0.918525
v -0.132241 -0.136071 0.925681
v -0.194272 -0.108632 0.905973
v 0.000000 -0.194851 0.973801
v -0.068018 -0.165941 0.954590
v -0.068880 -0.231547 0.952606
v -0.462955 -0.324267 0.824786
v -0.394162 -0.284313 0.846030
v -0.454477 -0.254131 0.830332
v -0.270924 -0.343911 0.875998
v -0.341354 -0.322482 0.883477
v -0.334540 -0.380486 0.844953
v -0.324660 -0.181541 0.877533
v -0.328683 -0.246922 0.869986
v -0.255165 -0.203162 0.861149
v -0.132080 -0.261348 0.899353
v -0.199096 -0.236643 0.899467
v -0.194502 -0.293262 0.861536
v -0.519370 0.205054 0.945733
v -0.502685 0.040463 0.912462
v -0.516241 0.121365 0.938065
v -0.435676 0.161025 0.952575
v -0.357003 0.119350 0.956687
v -0.457651 -0.180686 0.833347
v -0.331463 -0.110811 0.888246
v -0.399764 -0.147753 0.874057
v -0.483195 -0.113596 0.878017
v -0.498032 -0.040088 0.904016
v -0.135731 0.000000 0.959457
v -0.283509 0.078735 0.976901
v -0.210127 0.039140 0.977645
v -0.203133 -0.037837 0.945106
v -0.269113 -0.074737 0.927297
v -0.422272 0.000000 0.918823
v -0.347998 -0.038918 0.933971
v -0.356461 0.039865 0.956685
v -0.994291 -0.066309 0.472307
v -0.961339 -0.066517 0.539103
v -1.017406 -0.064249 0.324397
v -1.002195 -0.064902 0.395200
v -0.967101 -0.198081 0.489597
v -0.987418 -0.131246 0.442897
v -1.009733 -0.200174 0.426274
v -1.045603 -0.063334 0.041203
v -1.077675 -0.065592 0.114249
v -1.045401 -0.195170 0.198650
v -1.043038 -0.128396 0.153706
v -1.074241 -0.198491 0.129131
v -1.022957 -0.062808 0.178271
v -1.037006 -0.064611 0.252694
v -0.860981 -0.416424 0.339345
v -0.916348 -0.367870 0.308716
v -0.869159 -0.409925 0.266681
v -1.019200 -0.271612 0.401135
v -0.968858 -0.322563 0.354534
v -0.943607 -0.321922 0.425975
v -1.007309 -0.321124 0.208911
v -0.973073 -0.316778 0.276873
v -1.022308 -0.261018 0.241787
v -1.066075 -0.134909 0.310573
v -1.059036 -0.201991 0.279323
v -1.049236 -0.204112 0.358050
v -0.879001 -0.060820 -0.492930
v -0.948319 -0.063243 -0.450469
v -0.972122 -0.192718 -0.410396
v -0.932471 -0.123942 -0.418251
v -0.903007 -0.184953 -0.457149
v -1.026138 -0.066453 -0.404642
v -1.052632 -0.066474 -0.335629
v -0.875035 -0.412696 -0.268484
v -0.880748 -0.353578 -0.296723
v -0.872158 -0.421830 -0.343750
v -1.022841 -0.261154 -0.241913
v -0.930340 -0.302867 -0.264713
v -0.925761 -0.295127 -0.191998
v -0.918831 -0.313470 -0.414791
v -0.934516 -0.311130 -0.341967
v -0.981511 -0.261568 -0.386301
v -1.102527 -0.067105 -0.116883
v -1.077271 -0.065252 -0.042451
v -1.087414 -0.067752 -0.264977
v -1.083877 -0.066548 -0.188888
v -1.083561 -0.200213 -0.130251
v -1.073739 -0.132175 -0.158231
v -1.084904 -0.202545 -0.206156
v -1.030383 -0.200444 -0.351616
v -1.054595 -0.201144 -0.278151
v -1.052677 -0.133213 -0.306670
v -0.622347 -0.806348 0.042108
v -0.706168 -0.813473 0.000000
v -0.642592 -0.832579 -0.043478
v -0.793700 -0.726666 0.086931
v -0.734045 -0.753075 0.042992
v -0.710826 -0.729801 0.124964
v -0.765242 -0.785670 -0.134531
v -0.745606 -0.764936 -0.043669
v -0.814065 -0.745310 -0.089161
v -0.800136 -0.447415 0.215069
v -0.817508 -0.520949 0.191632
v -0.770630 -0.492272 0.255668
v -0.889409 -0.565449 0.042145
v -0.883108 -0.561881 0.123313
v -0.894882 -0.500394 0.078851
v -0.725937 -0.591881 0.189312
v -0.801180 -0.578008 0.157791
v -0.784232 -0.636519 0.122505
v -0.867716 -0.554289 -0.287878
v -0.836103 -0.532798 -0.195991
v -0.865950 -0.484216 -0.232759
v -0.824878 -0.669509 -0.128854
v -0.829162 -0.598196 -0.163302
v -0.832898 -0.679090 -0.217206
v -0.861361 -0.481651 -0.075898
v -0.839970 -0.534434 -0.117290
v -0.866720 -0.551025 -0.041069
v -0.822591 -0.668178 0.042861
v -0.847380 -0.609486 0.000000
v -0.832228 -0.676007 -0.043363
v -1.107335 -0.134982 0.000000
v -1.031033 -0.257831 -0.083307
v -1.047779 -0.194051 -0.042053
v -1.054821 -0.195355 0.042336
v -1.030010 -0.257575 0.083224
v -0.862589 -0.408185 -0.187495
v -0.909903 -0.431938 -0.040450
v -0.862668 -0.409080 -0.111890
v -0.889456 -0.350537 -0.150733
v -0.945757 -0.304107 -0.118282
v -0.887756 -0.420094 0.192966
v -0.997713 -0.320814 0.124779
v -0.957247 -0.377254 0.162221
v -0.906605 -0.429915 0.117589
v -0.896162 -0.425415 0.039839
v -0.944577 -0.303267 -0.039459
v -0.947441 -0.375195 0.000000
v -1.004884 -0.322630 0.041978
v -0.816385 0.000000 -0.610667
v -0.832160 -0.037351 -0.553429
v -0.745382 0.076643 -0.701529
v -0.765096 0.037542 -0.642607
v -0.731610 -0.107676 -0.614022
v -0.762542 -0.037417 -0.640462
v -0.712283 -0.073240 -0.670377
v -0.562171 0.232270 -0.866297
v -0.640553 0.202529 -0.866158
v -0.637932 0.040868 -0.864624
v -0.634120 0.119618 -0.858788
v -0.559938 0.075839 -0.862856
v -0.681074 0.159809 -0.813459
v -0.704966 0.116619 -0.748422
v -0.556656 -0.248495 -0.750884
v -0.552540 -0.174701 -0.747147
v -0.512267 -0.211651 -0.789396
v -0.640883 -0.106018 -0.680388
v -0.584917 -0.137246 -0.698611
v -0.640197 -0.176001 -0.676586
v -0.501728 -0.067955 -0.773156
v -0.555710 -0.104827 -0.752598
v -0.590266 -0.037814 -0.800019
v -0.733082 0.040419 -0.777658
v -0.664535 0.000000 -0.796118
v -0.686410 -0.037846 -0.728149
v 0.000000 0.436319 -0.872851
v -0.071577 0.438215 -0.924834
v -0.072570 0.314937 -0.990210
v -0.071878 0.376192 -0.956382
v 0.000000 0.330470 -0.964990
v -0.145516 0.422071 -0.943348
v -0.213221 0.390274 -0.926776
v -0.073473 0.041084 -1.045208
v -0.067382 0.100879 -0.953947
v 0.000000 0.066486 -1.009778
v -0.216569 0.189465 -0.999564
v -0.142093 0.146209 -0.994645
v -0.208095 0.116361 -0.970435
v 0.000000 0.189925 -0.949184
v -0.068312 0.166657 -0.958711
v -0.070505 0.237011 -0.975083
v -0.387613 0.279590 -0.831973
v -0.460387 0.257436 -0.841130
v -0.278086 0.353002 -0.899154
v -0.327766 0.309646 -0.848310
v -0.333553 0.186514 -0.901570
v -0.318764 0.239471 -0.843733
v -0.275879 0.219654 -0.931054
v -0.145117 0.287145 -0.988126
v -0.215900 0.256616 -0.975384
v -0.219820 0.331436 -0.973682
v -0.071189 -0.495916 -0.886544
v -0.072050 -0.441111 -0.930945
v 0.000000 -0.469925 -0.940079
v -0.210702 -0.385663 -0.915827
v -0.143234 -0.415453 -0.928555
v -0.211839 -0.450048 -0.891208
v 0.000000 -0.341201 -0.996324
v -0.074650 -0.390701 -0.993268
v -0.072914 -0.316430 -0.994904
v -0.452410 -0.252975 -0.826555
v -0.419935 -0.302904 -0.901349
v -0.469109 -0.328577 -0.835749
v -0.264362 -0.210484 -0.892187
v -0.345020 -0.259196 -0.913230
v -0.327133 -0.182924 -0.884219
v -0.355927 -0.404811 -0.898973
v -0.360614 -0.340677 -0.933324
v -0.286727 -0.363971 -0.927093
v 0.000000 -0.065249 -0.990997
v -0.071097 -0.106442 -1.006550
v -0.070481 -0.039411 -1.002649
v -0.072747 -0.244547 -1.006089
v -0.069519 -0.169602 -0.975649
v 0.000000 -0.206414 -1.031591
v -0.211340 -0.118176 -0.985571
v -0.141013 -0.145097 -0.987085
v -0.209438 -0.183227 -0.966652
v -0.217198 -0.327484 -0.962070
v -0.212217 -0.252239 -0.958748
v -0.143232 -0.283414 -0.975286
v -0.474571 0.187367 -0.864158
v -0.323870 0.108273 -0.867897
v -0.370670 0.137000 -0.810445
v -0.452063 0.106277 -0.821447
v -0.463783 0.037331 -0.841847
v -0.142599 0.000000 -1.008005
v -0.263155 -0.073083 -0.906766
v -0.204952 -0.038176 -0.953571
v -0.208066 0.038756 -0.968056
v -0.268936 0.074688 -0.926685
v -0.455099 -0.179679 -0.828700
v -0.465762 -0.037491 -0.845440
v -0.448302 -0.105393 -0.814612
v -0.392178 -0.144949 -0.857470
v -0.328232 -0.109731 -0.879587
v -0.313010 0.035005 -0.840069
v -0.308588 -0.034511 -0.828201
v -0.386102 0.000000 -0.840121
v 0.117221 0.549594 -0.867069
v 0.070324 0.489888 -0.875768
v 0.197694 0.605577 -0.753178
v 0.158630 0.579193 -0.809804
v 0.191124 0.406041 -0.804062
v 0.179558 0.498239 -0.823475
v 0.238027 0.457724 -0.793478
v 0.360391 0.726182 -0.555357
v 0.327479 0.713315 -0.618984
v 0.378449 0.586333 -0.694793
v 0.337432 0.619284 -0.627474
v 0.416412 0.612058 -0.641684
v 0.283911 0.677518 -0.664013
v 0.239013 0.635163 -0.700080
v 0.438293 0.306993 -0.780849
v 0.429128 0.377771 -0.768345
v 0.482387 0.343867 -0.743352
v 0.310643 0.440575 -0.803581
v 0.363418 0.401525 -0.771823
v 0.314866 0.358111 -0.795263
v 0.469561 0.495202 -0.723587
v 0.428457 0.461666 -0.772137
v 0.405775 0.525326 -0.737182
v 0.272653 0.590591 -0.762621
v 0.342264 0.561090 -0.754188
v 0.292491 0.514608 -0.785160
v 0.589171 0.763364 -0.039863
v 0.589065 0.798790 -0.108261
v 0.678073 0.724873 -0.190741
v 0.651759 0.783251 -0.153813
v 0.695184 0.713741 -0.122214
v 0.564705 0.802218 -0.175362
v 0.529824 0.789442 -0.237410
v 0.789964 0.519268 -0.337816
v 0.770674 0.574813 -0.304872
v 0.835821 0.533915 -0.277296
v 0.652205 0.664283 -0.362737
v 0.697128 0.607123 -0.327306
v 0.662484 0.596983 -0.388375
v 0.777484 0.633909 -0.202755
v 0.760909 0.640983 -0.274751
v 0.725935 0.687730 -0.235385
v 0.442184 0.773016 -0.432818
v 0.398541 0.740516 -0.481752
v 0.502531 0.787826 -0.305316
v 0.456438 0.754127 -0.355976
v 0.577714 0.725570 -0.472029
v 0.539178 0.775097 -0.431178
v 0.617487 0.744787 -0.410989
v 0.659735 0.732233 -0.262445
v 0.646380 0.746780 -0.339751
v 0.598448 0.784813 -0.293094
v 0.854873 0.038371 -0.568535
v 0.876496 0.102105 -0.556962
v 0.908146 0.062837 -0.509273
v 0.812465 0.183758 -0.654884
v 0.843811 0.142428 -0.605029
v 0.794341 0.116909 -0.666670
v 0.913699 0.187143 -0.462562
v 0.895420 0.168239 -0.543127
v 0.859631 0.222202 -0.497128
v 0.563493 0.315090 -0.738667
v 0.606341 0.276418 -0.700497
v 0.590954 0.263806 -0.797150
v 0.714284 0.335250 -0.604292
v 0.663299 0.307358 -0.656282
v 0.649501 0.363184 -0.621067
v 0.712430 0.195859 -0.752925
v 0.681672 0.251146 -0.697280
v 0.769787 0.226459 -0.700156
v 0.879265 0.425268 -0.346551
v 0.849335 0.408746 -0.418638
v 0.839746 0.469564 -0.389432
v 0.876807 0.292066 -0.481927
v 0.863687 0.350421 -0.450442
v 0.887431 0.302757 -0.400616
v 0.769742 0.430419 -0.528109
v 0.809688 0.387147 -0.485332
v 0.757413 0.359243 -0.541095
v 0.801873 0.247031 -0.622545
v 0.772510 0.302086 -0.576162
v 0.828479 0.265938 -0.544361
v 0.432443 0.694178 -0.533645
v 0.593151 0.650511 -0.507664
v 0.538079 0.706830 -0.547058
v 0.466350 0.645298 -0.584960
v 0.502816 0.598217 -0.638927
v 0.774182 0.511544 -0.415572
v 0.687501 0.461161 -0.540168
v 0.732315 0.487163 -0.480368
v 0.694658 0.541247 -0.432582
v 0.618117 0.567441 -0.447678
v 0.538287 0.375867 -0.701970
v 0.511830 0.515300 -0.657494
v 0.529209 0.448523 -0.685482
v 0.578615 0.397485 -0.639898
v 0.623462 0.422779 -0.585201
v 0.569176 0.537557 -0.503601
v 0.640117 0.515441 -0.584018
v 0.560039 0.545410 -0.599298
v 0.658269 -0.852890 0.044538
v 0.616824 -0.836432 0.113362
v 0.552344 -0.848710 0.068322
v 0.704109 -0.752707 0.198065
v 0.660657 -0.793945 0.155913
v 0.737519 -0.757207 0.129657
v 0.452038 -0.769402 0.183344
v 0.547737 -0.778113 0.170093
v 0.518714 -0.772888 0.232431
v 0.787883 -0.517900 0.336926
v 0.757998 -0.565359 0.299858
v 0.806613 -0.515257 0.267606
v 0.636149 -0.647930 0.353807
v 0.683616 -0.595355 0.320962
v 0.664242 -0.598568 0.389405
v 0.790944 -0.644883 0.206265
v 0.762501 -0.642324 0.275326
v 0.728267 -0.689940 0.236141
v 0.358184 -0.783075 0.440644
v 0.428593 -0.749256 0.419515
v 0.407468 -0.757102 0.492542
v 0.488262 -0.765457 0.296647
v 0.455664 -0.752849 0.355372
v 0.401281 -0.765949 0.304020
v 0.527338 -0.662301 0.430868
v 0.500794 -0.719919 0.400482
v 0.574897 -0.693416 0.382641
v 0.652762 -0.724494 0.259671
v 0.614648 -0.710119 0.323072
v 0.567787 -0.744604 0.278078
v 0.898691 -0.040337 0.597675
v 0.917908 -0.106929 0.583277
v 0.996530 -0.068952 0.558838
v 0.776221 -0.175560 0.625669
v 0.843955 -0.142453 0.605132
v 0.733704 -0.107984 0.615779
v 0.964500 -0.197548 0.488280
v 0.935835 -0.175833 0.567641
v 0.914407 -0.236361 0.528805
v 0.596925 -0.333785 0.782492
v 0.631264 -0.287780 0.729290
v 0.600460 -0.268049 0.809972
v 0.744808 -0.349576 0.630116
v 0.710565 -0.329260 0.703048
v 0.708879 -0.396387 0.677845
v 0.674243 -0.185361 0.712568
v 0.693341 -0.255446 0.709216
v 0.744674 -0.219071 0.677315
v 0.843679 -0.408056 0.332526
v 0.847618 -0.407920 0.417791
v 0.798433 -0.446463 0.370273
v 0.907861 -0.302411 0.498996
v 0.879370 -0.356784 0.458621
v 0.936127 -0.319371 0.422599
v 0.797802 -0.446110 0.547361
v 0.828913 -0.396339 0.496855
v 0.786046 -0.372824 0.561551
v 0.775244 -0.238828 0.601871
v 0.786785 -0.307668 0.586809
v 0.857243 -0.275171 0.563260
v 0.044217 -0.563122 0.848857
v 0.115906 -0.543429 0.857343
v 0.071864 -0.500620 0.894952
v 0.204411 -0.626153 0.778768
v 0.160450 -0.585836 0.819091
v 0.134446 -0.658979 0.787145
v 0.207243 -0.440284 0.871873
v 0.177429 -0.492330 0.813710
v 0.259011 -0.498078 0.863432
v 0.364423 -0.734308 0.561571
v 0.329587 -0.717906 0.622968
v 0.284738 -0.739535 0.549617
v 0.384976 -0.596446 0.706777
v 0.376930 -0.691775 0.700924
v 0.430449 -0.632691 0.663316
v 0.220625 -0.728988 0.691509
v 0.295441 -0.705032 0.690978
v 0.250952 -0.666892 0.735052
v 0.482231 -0.337768 0.859127
v 0.471973 -0.415489 0.845059
v 0.537565 -0.383200 0.828379
v 0.324712 -0.460528 0.839974
v 0.382435 -0.422536 0.812210
v 0.346026 -0.393550 0.873965
v 0.496306 -0.523407 0.764800
v 0.436578 -0.470417 0.786772
v 0.421298 -0.545421 0.765383
v 0.285483 -0.618383 0.798508
v 0.338994 -0.555729 0.746981
v 0.302513 -0.532241 0.812063
v 0.737415 -0.487250 0.395836
v 0.759608 -0.509529 0.596822
v 0.739041 -0.491637 0.484779
v 0.683341 -0.532429 0.425534
v 0.628655 -0.577115 0.455310
v 0.604487 -0.422093 0.788301
v 0.564373 -0.568199 0.724990
v 0.582528 -0.493713 0.754546
v 0.655892 -0.450571 0.725359
v 0.707150 -0.479528 0.663753
v 0.441015 -0.707938 0.544223
v 0.560285 -0.614467 0.479534
v 0.501324 -0.658549 0.509690
v 0.479324 -0.663250 0.601234
v 0.505624 -0.601558 0.642495
v 0.676265 -0.544549 0.616998
v 0.591408 -0.575960 0.632867
v 0.631361 -0.596287 0.558621
v 0.463968 -0.841632 0.065301
v 0.484167 -0.832508 0.000000
v 0.390023 -0.796074 0.183610
v 0.419542 -0.805970 0.124637
v 0.364238 -0.914183 0.000000
v 0.390848 -0.854060 0.064349
v 0.328071 -0.886605 0.065140
v 0.277754 -0.780032 0.428015
v 0.306195 -0.783148 0.365780
v 0.243768 -0.888117 0.263815
v 0.273756 -0.829037 0.313997
v 0.207140 -0.860617 0.319199
v 0.330960 -0.779333 0.301870
v 0.356945 -0.781477 0.242297
v 0.073083 -0.954052 0.000000
v 0.112166 -0.911680 0.064558
v 0.042396 -0.927070 0.065332
v 0.258678 -0.914724 0.066307
v 0.193544 -0.956975 0.068359
v 0.226483 -0.972885 0.000000
v 0.124922 -0.895483 0.192504
v 0.157304 -0.919801 0.131731
v 0.195227 -0.885279 0.192288
v 0.317120 -0.800752 0.181232
v 0.266871 -0.871869 0.193471
v 0.298908 -0.884111 0.130167
v -0.044107 -0.561718 0.846741
v 0.000000 -0.620844 0.832070
v -0.087594 -0.689130 0.734043
v -0.044016 -0.647587 0.772958
v -0.124954 -0.612453 0.731570
v 0.045151 -0.664274 0.792875
v 0.090913 -0.715244 0.761859
v -0.255645 -0.819538 0.533161
v -0.221684 -0.814900 0.604156
v -0.307396 -0.798385 0.593354
v -0.047372 -0.861450 0.637184
v -0.139861 -0.863071 0.638879
v -0.089807 -0.878242 0.571351
v -0.223266 -0.737713 0.699785
v -0.180621 -0.790247 0.663298
v -0.137262 -0.757156 0.714981
v 0.209269 -0.769261 0.570319
v 0.238852 -0.765704 0.498138
v 0.135246 -0.746038 0.704482
v 0.171490 -0.750296 0.629764
v 0.085943 -0.840449 0.546764
v 0.127300 -0.785556 0.581500
v 0.045878 -0.834280 0.617087
v -0.045219 -0.747804 0.706706
v 0.000000 -0.815677 0.682568
v 0.045768 -0.756883 0.715286
v -0.493293 -0.848200 0.000000
v -0.446658 -0.810231 0.062865
v -0.516354 -0.793409 0.063870
v -0.309785 -0.837187 0.061509
v -0.379167 -0.828534 0.062425
v -0.352937 -0.885819 0.000000
v -0.439062 -0.747315 0.178081
v -0.393102 -0.755177 0.116782
v -0.373948 -0.763262 0.176042
v -0.041615 -0.909991 0.064128
v -0.114751 -0.932692 0.066046
v -0.072240 -0.943050 0.000000
v -0.181852 -0.824629 0.179115
v -0.148723 -0.869626 0.124545
v -0.123331 -0.884077 0.190052
v -0.214527 -0.921523 0.000000
v -0.181332 -0.896591 0.064046
v -0.249030 -0.880607 0.063834
v -0.361823 -0.791031 0.445121
v -0.314929 -0.805487 0.376214
v -0.299465 -0.841003 0.461471
v -0.354295 -0.775675 0.240498
v -0.328843 -0.774347 0.299939
v -0.398711 -0.761044 0.302073
v -0.200284 -0.832135 0.308635
v -0.265912 -0.805284 0.305001
v -0.224456 -0.817758 0.242915
v -0.279570 -0.826912 0.121746
v -0.247715 -0.809288 0.179584
v -0.308467 -0.778904 0.176287
v 0.212279 -0.841523 0.463299
v 0.042376 -0.821377 0.453640
v 0.121109 -0.804586 0.443894
v 0.165806 -0.843071 0.386559
v 0.132132 -0.910365 0.340569
v -0.212243 -0.841377 0.463219
v -0.122537 -0.844254 0.315837
v -0.169470 -0.861696 0.395099
v -0.133856 -0.889277 0.490618
v -0.045105 -0.874256 0.482844
v 0.000000 -0.896856 0.127193
v 0.087131 -0.929209 0.270344
v 0.042860 -0.920167 0.198269
v -0.041965 -0.900960 0.194130
v -0.083340 -0.888776 0.258581
v 0.000000 -0.819571 0.377601
v -0.041338 -0.852681 0.318505
v 0.043858 -0.904663 0.337922
v 0.457460 -0.829826 -0.064385
v 0.561662 -0.863028 -0.069475
v 0.335853 -0.907634 -0.066685
v 0.397730 -0.869098 -0.065482
v 0.487011 -0.828928 -0.197529
v 0.434536 -0.834776 -0.129091
v 0.410449 -0.837765 -0.193226
v 0.041976 -0.917882 -0.064684
v 0.117367 -0.953951 -0.067551
v 0.211717 -0.960054 -0.208530
v 0.165362 -0.966914 -0.138478
v 0.130905 -0.938364 -0.201722
v 0.193225 -0.955400 -0.068247
v 0.262671 -0.928843 -0.067330
v 0.361042 -0.789323 -0.444160
v 0.323419 -0.827202 -0.386356
v 0.281976 -0.791888 -0.434521
v 0.381245 -0.834677 -0.258792
v 0.361277 -0.850721 -0.329522
v 0.421241 -0.804049 -0.319142
v 0.217536 -0.903812 -0.335220
v 0.292148 -0.884734 -0.335092
v 0.251692 -0.916988 -0.272392
v 0.301741 -0.892489 -0.131401
v 0.277033 -0.905068 -0.200838
v 0.332873 -0.840530 -0.190235
v -0.560729 -0.861594 -0.069359
v -0.481530 -0.873489 -0.067773
v -0.415782 -0.848650 -0.195736
v -0.441234 -0.847642 -0.131081
v -0.492872 -0.838903 -0.199906
v -0.408866 -0.893432 -0.067315
v -0.338379 -0.914460 -0.067187
v -0.284280 -0.798359 -0.438071
v -0.328826 -0.841033 -0.392816
v -0.346207 -0.756889 -0.425909
v -0.252429 -0.919673 -0.273189
v -0.299807 -0.907930 -0.343878
v -0.212840 -0.884299 -0.327983
v -0.434081 -0.828556 -0.328870
v -0.372374 -0.876853 -0.339644
v -0.393254 -0.860970 -0.266944
v -0.121061 -0.983981 -0.069677
v -0.044418 -0.971285 -0.068448
v -0.270327 -0.955919 -0.069293
v -0.190793 -0.943373 -0.067388
v -0.131751 -0.944430 -0.203026
v -0.162810 -0.951997 -0.136342
v -0.204291 -0.926377 -0.201215
v -0.351943 -0.888684 -0.201134
v -0.285605 -0.933074 -0.207052
v -0.309219 -0.914607 -0.134657
v 0.045656 -0.581450 -0.876485
v 0.000000 -0.611708 -0.819825
v -0.045064 -0.573911 -0.865120
v 0.084625 -0.665773 -0.709163
v 0.043611 -0.641617 -0.765832
v 0.131887 -0.646435 -0.772161
v -0.127096 -0.622951 -0.744109
v -0.043078 -0.633775 -0.756472
v -0.084684 -0.666240 -0.709661
v 0.233502 -0.748552 -0.486979
v 0.198743 -0.730570 -0.541634
v 0.282113 -0.732718 -0.544550
v 0.040289 -0.732638 -0.541906
v 0.117097 -0.722591 -0.534891
v 0.076695 -0.750015 -0.487932
v 0.216905 -0.716697 -0.679850
v 0.169073 -0.739721 -0.620889
v 0.127623 -0.703988 -0.664774
v -0.274690 -0.713440 -0.530223
v -0.198921 -0.731223 -0.542119
v -0.229983 -0.737271 -0.479640
v -0.126990 -0.700493 -0.661474
v -0.159493 -0.697806 -0.585707
v -0.206328 -0.681748 -0.646698
v -0.081472 -0.796728 -0.518321
v -0.119777 -0.739131 -0.547134
v -0.041505 -0.754753 -0.558263
v 0.042383 -0.700906 -0.662385
v 0.000000 -0.736139 -0.616010
v -0.042378 -0.700819 -0.662303
v 0.000000 -0.959369 -0.136059
v -0.087166 -0.929574 -0.270450
v -0.044590 -0.957317 -0.206273
v 0.043695 -0.938104 -0.202133
v 0.086712 -0.924733 -0.269042
v -0.200961 -0.796655 -0.438597
v -0.041922 -0.812571 -0.448776
v -0.118819 -0.789374 -0.435502
v -0.161119 -0.819235 -0.375630
v -0.129823 -0.894454 -0.334616
v 0.204467 -0.810554 -0.446249
v 0.129846 -0.894617 -0.334677
v 0.171640 -0.872731 -0.400158
v 0.122542 -0.814107 -0.449147
v 0.041663 -0.807555 -0.446006
v -0.043597 -0.899271 -0.335908
v 0.000000 -0.844994 -0.389315
v 0.043407 -0.895366 -0.334450
v 0.603683 -0.818612 -0.110947
v 0.654170 -0.847580 -0.044261
v 0.551461 -0.821682 -0.247105
v 0.582810 -0.827937 -0.180984
v 0.743808 -0.763664 -0.130763
v 0.661230 -0.794634 -0.156049
v 0.709785 -0.758774 -0.199662
v 0.392357 -0.729025 -0.474276
v 0.428578 -0.749230 -0.419500
v 0.604180 -0.728737 -0.402132
v 0.514232 -0.739236 -0.411228
v 0.551228 -0.692305 -0.450387
v 0.458544 -0.757607 -0.357619
v 0.522434 -0.819028 -0.317408
v 0.887101 -0.566672 -0.294309
v 0.858951 -0.640655 -0.339794
v 0.870487 -0.572199 -0.372251
v 0.781372 -0.740250 -0.253360
v 0.826768 -0.696462 -0.298532
v 0.852246 -0.694865 -0.222251
v 0.748470 -0.674467 -0.438783
v 0.768208 -0.669026 -0.360679
v 0.681109 -0.693723 -0.378813
v 0.591779 -0.776067 -0.289828
v 0.656813 -0.758833 -0.345235
v 0.709845 -0.787850 -0.282379
v 0.074032 -0.515717 -0.921942
v 0.117029 -0.548693 -0.865647
v 0.244408 -0.469995 -0.814750
v 0.185902 -0.515842 -0.852569
v 0.195984 -0.416366 -0.824509
v 0.160826 -0.587210 -0.821013
v 0.198364 -0.607629 -0.755729
v 0.491668 -0.350483 -0.757653
v 0.430746 -0.379195 -0.771242
v 0.451013 -0.315902 -0.803510
v 0.405620 -0.525124 -0.736900
v 0.413162 -0.445185 -0.744573
v 0.465893 -0.491334 -0.717935
v 0.332192 -0.377816 -0.839024
v 0.382329 -0.422419 -0.811985
v 0.304876 -0.432395 -0.788662
v 0.323656 -0.704988 -0.611758
v 0.355834 -0.717001 -0.548335
v 0.249627 -0.663370 -0.731170
v 0.291906 -0.696596 -0.682710
v 0.425586 -0.625542 -0.655821
v 0.354762 -0.651089 -0.659700
v 0.386026 -0.598071 -0.708703
v 0.291345 -0.512593 -0.782085
v 0.335089 -0.549329 -0.738378
v 0.268127 -0.580789 -0.749963
v 0.889071 -0.061517 -0.498576
v 0.817091 -0.095185 -0.519214
v 0.818141 -0.036722 -0.544106
v 0.817853 -0.211403 -0.472967
v 0.823701 -0.154764 -0.499625
v 0.892920 -0.182887 -0.452043
v 0.755860 -0.111245 -0.634374
v 0.768411 -0.129701 -0.550965
v 0.717679 -0.162320 -0.578482
v 0.877269 -0.490546 -0.406833
v 0.846926 -0.407587 -0.417450
v 0.873465 -0.422462 -0.344265
v 0.737075 -0.349597 -0.526565
v 0.819071 -0.391633 -0.490956
v 0.758198 -0.423964 -0.520189
v 0.889211 -0.303365 -0.401419
v 0.861044 -0.349349 -0.449063
v 0.862320 -0.287241 -0.473965
v 0.549876 -0.245468 -0.741739
v 0.616837 -0.281203 -0.712623
v 0.529829 -0.296266 -0.694538
v 0.664730 -0.195553 -0.604602
v 0.641727 -0.236429 -0.656420
v 0.649517 -0.178564 -0.686437
v 0.659057 -0.368527 -0.630204
v 0.640708 -0.296890 -0.633930
v 0.676146 -0.317349 -0.572027
v 0.754553 -0.242208 -0.495787
v 0.707204 -0.276549 -0.527455
v 0.683701 -0.210626 -0.530801
v 0.432727 -0.694634 -0.533996
v 0.508611 -0.605112 -0.646291
v 0.479812 -0.663925 -0.601846
v 0.517748 -0.680124 -0.526388
v 0.588184 -0.645064 -0.503412
v 0.550797 -0.384603 -0.718284
v 0.641685 -0.435136 -0.602306
v 0.602777 -0.414083 -0.666619
v 0.535105 -0.453520 -0.693120
v 0.528311 -0.531893 -0.678665
v 0.850486 -0.561962 -0.456531
v 0.678713 -0.623069 -0.491565
v 0.780875 -0.608423 -0.486271
v 0.791772 -0.526716 -0.519369
v 0.703480 -0.471879 -0.552722
v 0.605573 -0.589755 -0.648025
v 0.640968 -0.516126 -0.584795
v 0.639343 -0.603826 -0.565684
v 0.706530 -0.813890 0.000000
v 0.756119 -0.692259 -0.082815
v 0.741711 -0.760940 -0.043441
v 0.730912 -0.749861 0.042808
v 0.784745 -0.718466 0.085950
v 0.891916 -0.498736 -0.239738
v 0.874222 -0.557089 -0.204926
v 0.881041 -0.560129 -0.041748
v 0.847515 -0.539234 -0.118343
v 0.875895 -0.489777 -0.077178
v 0.831863 -0.600144 -0.163834
v 0.822564 -0.667631 -0.128493
v 0.883564 -0.563042 0.207116
v 0.845077 -0.472545 0.227148
v 0.807287 -0.655231 0.126106
v 0.848344 -0.612034 0.167079
v 0.870783 -0.486919 0.076728
v 0.888651 -0.565408 0.124087
v 0.905407 -0.575620 0.042903
v 0.796925 -0.647330 -0.041524
v 0.865835 -0.622759 0.000000
v 0.830013 -0.674208 0.043248
v 0.911553 0.000000 -0.456807
v 0.899392 -0.059980 -0.427228
v 0.985353 -0.062225 -0.314178
v 0.930929 -0.060287 -0.367097
v 0.967025 0.000000 -0.331997
v 0.895761 -0.119063 -0.401785
v 0.909717 -0.180346 -0.384051
v 1.072411 -0.064958 -0.042259
v 1.099769 -0.066937 -0.116591
v 1.109192 0.000000 -0.073215
v 0.975932 -0.182201 -0.185449
v 1.090941 -0.134293 -0.160766
v 1.007315 -0.186125 -0.121086
v 1.112253 0.000000 -0.223112
v 1.104512 -0.067815 -0.192484
v 1.051962 -0.065543 -0.256339
v 0.862568 -0.346280 -0.290598
v 0.903964 -0.426340 -0.277361
v 0.903651 -0.240819 -0.355657
v 0.874798 -0.291248 -0.320114
v 0.937518 -0.298875 -0.194437
v 0.902342 -0.293752 -0.256747
v 0.924151 -0.235956 -0.218572
v 0.973448 -0.123187 -0.283589
v 0.948013 -0.180816 -0.250040
v 0.942127 -0.183276 -0.321499
v 1.045632 -0.069732 0.496695
v 1.011629 0.000000 0.506959
v 1.018286 -0.201869 0.429885
v 1.017781 -0.135282 0.456515
v 1.057697 0.000000 0.363127
v 1.059070 -0.068586 0.417628
v 1.030122 -0.065052 0.328452
v 0.903316 -0.426034 0.277162
v 0.885873 -0.355636 0.298449
v 0.992132 -0.253313 0.234650
v 0.942035 -0.306674 0.268041
v 0.913791 -0.291311 0.189516
v 0.930632 -0.309837 0.340546
v 0.981965 -0.261689 0.386479
v 1.099382 0.000000 0.072567
v 1.072836 -0.065298 0.113736
v 1.030422 -0.062414 0.040604
v 1.005467 -0.062646 0.245009
v 1.025283 -0.062950 0.178677
v 1.029675 0.000000 0.206547
v 1.045307 -0.193145 0.125653
v 1.044323 -0.128554 0.153896
v 1.040169 -0.194193 0.197656
v 1.061826 -0.206561 0.362346
v 1.019999 -0.194546 0.269026
v 1.043945 -0.132108 0.304126
v 0.887256 -0.419858 -0.192857
v 0.944129 -0.303584 -0.118078
v 0.890889 -0.351102 -0.150975
v 0.873397 -0.414168 -0.113281
v 0.935684 -0.444177 -0.041596
v 1.019714 -0.124302 0.000000
v 0.965143 -0.241353 0.077983
v 0.982087 -0.181884 0.039416
v 1.027300 -0.190258 -0.041231
v 0.953784 -0.238513 -0.077065
v 0.863177 -0.408464 0.187623
v 0.916388 -0.435017 0.040739
v 0.884517 -0.419441 0.114724
v 0.892459 -0.351720 0.151241
v 0.910897 -0.292898 0.113922
v 0.895891 -0.287636 -0.037425
v 0.918889 -0.295020 0.038386
v 0.902126 -0.357250 0.000000
v 0.069926 -0.428106 0.903497
v 0.212847 -0.389590 0.925150
v 0.139659 -0.405083 0.905377
v 0.066013 -0.345497 0.878349
v 0.064727 -0.280900 0.883194
v 0.467679 -0.261514 0.854452
v 0.424171 -0.305959 0.910441
v 0.258464 -0.205789 0.872283
v 0.328814 -0.247020 0.870333
v 0.316335 -0.176886 0.855031
v 0.353102 -0.333581 0.913883
v 0.290883 -0.369247 0.940532
v 0.068728 -0.102894 0.973006
v 0.068144 -0.038104 0.969394
v 0.066870 -0.224789 0.924801
v 0.066420 -0.162042 0.932160
v 0.209725 -0.117273 0.978041
v 0.141013 -0.145097 0.987084
v 0.201089 -0.175923 0.928119
v 0.208782 -0.314794 0.924792
v 0.196940 -0.234080 0.889727
v 0.135815 -0.268737 0.924781
v 0.814871 0.000000 0.609535
v 0.697753 0.071746 0.656703
v 0.736199 0.036124 0.618336
v 0.770412 -0.037803 0.647072
v 0.684183 -0.070351 0.643931
v 0.530900 0.219350 0.818109
v 0.591613 0.187055 0.799982
v 0.537094 0.034408 0.727953
v 0.547151 0.103212 0.741006
v 0.508947 0.068933 0.784280
v 0.625058 0.146665 0.746555
v 0.653723 0.108142 0.694020
v 0.586727 -0.185510 0.793376
v 0.512244 -0.211642 0.789360
v 0.674884 -0.111642 0.716485
v 0.612064 -0.143616 0.731035
v 0.512496 -0.069414 0.789748
v 0.569565 -0.107440 0.771361
v 0.534755 -0.034258 0.724782
v 0.660669 0.036426 0.700843
v 0.581715 0.000000 0.696899
v 0.628659 -0.034661 0.666886
v 0.068761 0.420972 0.888442
v 0.072381 0.314117 0.987633
v 0.071867 0.376133 0.956232
v 0.141222 0.409617 0.915511
v 0.211710 0.387509 0.920210
v 0.069094 0.038636 0.982917
v 0.070832 0.106044 1.002794
v 0.213084 0.186417 0.983481
v 0.137503 0.141485 0.962513
v 0.204034 0.114091 0.951500
v 0.074489 0.181726 1.045395
v 0.075400 0.253464 1.042773
v 0.388561 0.280274 0.834008
v 0.443777 0.248148 0.810783
v 0.276344 0.350791 0.893522
v 0.334652 0.316150 0.866130
v 0.336647 0.188244 0.909935
v 0.345789 0.259773 0.915265
v 0.288424 0.229642 0.973393
v 0.143732 0.284404 0.978694
v 0.216131 0.256891 0.976430
v 0.218574 0.329559 0.968165
v 0.445624 -0.175938 0.811447
v 0.457939 -0.036861 0.831239
v 0.439946 -0.103428 0.799429
v 0.386504 -0.142851 0.845063
v 0.327665 -0.109542 0.878069
v 0.454638 0.179497 0.827860
v 0.340258 0.113751 0.911814
v 0.387314 0.143151 0.846834
v 0.458799 0.107861 0.833687
v 0.458597 0.036914 0.832434
v 0.142310 0.000000 1.005963
v 0.268745 -0.074635 0.926027
v 0.213065 -0.039687 0.991316
v 0.213203 0.039713 0.991957
v 0.279656 0.077665 0.963622
v 0.408075 0.000000 0.887932
v 0.342215 0.038272 0.918451
v 0.337654 -0.037761 0.906211
v -0.561162 -0.760952 0.103133
v -0.490090 -0.730238 0.219605
v -0.515126 -0.731787 0.159966
v -0.612910 -0.736565 0.144645
v -0.660814 -0.706423 0.185886
v -0.399007 -0.741382 0.482315
v -0.421841 -0.737453 0.412906
v -0.554960 -0.669370 0.369372
v -0.489136 -0.703160 0.391160
v -0.511237 -0.642079 0.417712
v -0.453867 -0.749880 0.353971
v -0.473625 -0.742510 0.287754
v -0.741412 -0.552987 0.293296
v -0.784000 -0.515348 0.335266
v -0.683730 -0.647747 0.221700
v -0.696960 -0.587113 0.251660
v -0.644615 -0.580881 0.377899
v -0.672453 -0.585633 0.315721
v -0.607595 -0.618847 0.337927
v -0.534260 -0.700635 0.261657
v -0.576109 -0.665594 0.302815
v -0.622295 -0.690679 0.247551
v -0.106998 -0.501665 0.791454
v -0.248143 -0.477177 0.827201
v -0.168370 -0.467192 0.772162
v -0.151067 -0.551579 0.771195
v -0.199113 -0.609925 0.758585
v -0.508001 -0.362126 0.782822
v -0.455549 -0.401030 0.815652
v -0.413771 -0.535677 0.751708
v -0.420742 -0.453353 0.758233
v -0.477115 -0.503168 0.735227
v -0.382512 -0.422621 0.812374
v -0.318104 -0.451156 0.822880
v -0.355495 -0.774338 0.671937
v -0.367826 -0.741164 0.566815
v -0.252615 -0.671311 0.739922
v -0.307337 -0.733421 0.718801
v -0.435210 -0.639688 0.670651
v -0.380281 -0.697925 0.707155
v -0.403474 -0.625104 0.740736
v -0.287258 -0.505401 0.771113
v -0.345874 -0.567009 0.762143
v -0.261009 -0.565369 0.730052
v -0.897194 -0.104516 0.570114
v -0.952437 -0.246191 0.550798
v -0.934366 -0.175557 0.566750
v -0.858458 -0.144901 0.615531
v -0.812710 -0.183813 0.655081
v -0.839101 -0.469203 0.389133
v -0.863639 -0.415630 0.425688
v -0.814787 -0.386456 0.582083
v -0.822248 -0.393152 0.492860
v -0.795636 -0.444899 0.545875
v -0.892539 -0.362127 0.465489
v -0.926426 -0.308594 0.509200
v -0.654144 -0.298210 0.755723
v -0.590955 -0.330447 0.774667
v -0.738450 -0.217240 0.671654
v -0.709822 -0.261517 0.726074
v -0.733993 -0.410430 0.701860
v -0.720883 -0.334041 0.713257
v -0.786666 -0.369222 0.665528
v -0.906208 -0.290889 0.595434
v -0.843284 -0.329762 0.628947
v -0.832245 -0.256388 0.646125
v -0.440439 -0.707013 0.543512
v -0.502615 -0.597978 0.638672
v -0.487301 -0.674288 0.611240
v -0.500624 -0.657630 0.508979
v -0.532147 -0.583608 0.455451
v -0.577508 -0.403254 0.753118
v -0.672379 -0.455950 0.631116
v -0.638561 -0.438665 0.706192
v -0.548200 -0.464619 0.710081
v -0.532767 -0.536378 0.684389
v -0.787008 -0.520019 0.422457
v -0.626699 -0.575320 0.453894
v -0.704288 -0.548750 0.438578
v -0.761253 -0.506413 0.499350
v -0.707595 -0.474639 0.555955
v -0.572156 -0.557212 0.612266
v -0.653319 -0.526072 0.596064
v -0.601195 -0.567797 0.531931
v -0.116273 -0.545149 -0.860056
v -0.201885 -0.618415 -0.769144
v -0.161834 -0.590893 -0.826161
v -0.190335 -0.528141 -0.872896
v -0.259895 -0.499777 -0.866378
v -0.357495 -0.720347 -0.550894
v -0.308524 -0.672028 -0.583156
v -0.398075 -0.616739 -0.730824
v -0.341550 -0.626841 -0.635131
v -0.446448 -0.656207 -0.687970
v -0.269423 -0.642944 -0.630128
v -0.235546 -0.625952 -0.689927
v -0.468556 -0.412480 -0.838940
v -0.513634 -0.366142 -0.791503
v -0.337781 -0.479064 -0.873782
v -0.408368 -0.451189 -0.867288
v -0.494630 -0.521639 -0.762217
v -0.445060 -0.479556 -0.802058
v -0.445558 -0.576829 -0.809457
v -0.269224 -0.583164 -0.753031
v -0.349102 -0.572300 -0.769255
v -0.314518 -0.553363 -0.844291
v -0.590984 -0.801392 -0.108613
v -0.736562 -0.787400 -0.207194
v -0.651418 -0.782842 -0.153733
v -0.575358 -0.817352 -0.178670
v -0.546218 -0.813869 -0.244756
v -0.883537 -0.580777 -0.377831
v -0.871803 -0.650241 -0.344878
v -0.698501 -0.711437 -0.388486
v -0.797206 -0.694280 -0.374293
v -0.733137 -0.660650 -0.429794
v -0.807781 -0.680467 -0.291676
v -0.808743 -0.766180 -0.262235
v -0.429771 -0.751316 -0.420668
v -0.399714 -0.742695 -0.483169
v -0.489425 -0.767279 -0.297353
v -0.472060 -0.779938 -0.368160
v -0.571133 -0.717304 -0.466651
v -0.523819 -0.753018 -0.418895
v -0.624917 -0.753749 -0.415934
v -0.699703 -0.776593 -0.278344
v -0.667904 -0.771647 -0.351065
v -0.623761 -0.818009 -0.305491
v -0.840634 -0.097927 -0.534174
v -0.726573 -0.164331 -0.585651
v -0.818063 -0.138082 -0.586567
v -0.843491 -0.158482 -0.511629
v -0.875710 -0.226358 -0.506427
v -0.538582 -0.301161 -0.706012
v -0.595231 -0.271353 -0.687661
v -0.728309 -0.341832 -0.616157
v -0.655179 -0.303596 -0.648248
v -0.667780 -0.373405 -0.638545
v -0.629795 -0.232033 -0.644215
v -0.678123 -0.199493 -0.616784
v -0.869843 -0.418616 -0.428746
v -0.866585 -0.484571 -0.401879
v -0.881535 -0.293641 -0.484526
v -0.877927 -0.356199 -0.457868
v -0.769513 -0.430291 -0.527952
v -0.842514 -0.402842 -0.505008
v -0.721715 -0.342312 -0.515592
v -0.764631 -0.235558 -0.593632
v -0.756569 -0.295853 -0.564273
v -0.807208 -0.259110 -0.530384
v -0.449928 -0.722246 -0.555223
v -0.619973 -0.679927 -0.530620
v -0.534689 -0.702377 -0.543611
v -0.490857 -0.679208 -0.615700
v -0.513146 -0.610507 -0.652053
v -0.826335 -0.546004 -0.443567
v -0.714618 -0.479350 -0.561473
v -0.762435 -0.507200 -0.500125
v -0.769809 -0.599801 -0.479380
v -0.681357 -0.625497 -0.493480
v -0.553269 -0.386329 -0.721509
v -0.529061 -0.532648 -0.679629
v -0.549556 -0.465768 -0.711837
v -0.602708 -0.414036 -0.666543
v -0.650875 -0.441368 -0.610932
v -0.626113 -0.591331 -0.553978
v -0.646908 -0.520910 -0.590214
v -0.583428 -0.568189 -0.624327
v 0.799988 0.000000 -0.598402
v 0.748007 -0.076913 -0.704000
v 0.782591 -0.038401 -0.657301
v 0.764747 0.037525 -0.642314
v 0.754116 0.077542 -0.709749
v 0.542932 -0.224321 -0.836649
v 0.580670 -0.183595 -0.785185
v 0.612604 -0.039245 -0.830295
v 0.604259 -0.113985 -0.818348
v 0.555697 -0.075265 -0.856320
v 0.639058 -0.149950 -0.763276
v 0.704391 -0.116524 -0.747812
v 0.618551 0.195572 -0.836407
v 0.559048 0.230979 -0.861484
v 0.733762 0.121382 -0.778993
v 0.691137 0.162170 -0.825478
v 0.605234 0.081974 -0.932657
v 0.647116 0.122069 -0.876389
v 0.625945 0.040100 -0.848377
v 0.709011 -0.039092 -0.752123
v 0.667658 0.000000 -0.799859
v 0.716631 0.039512 -0.760207
v 0.073614 -0.450688 -0.951156
v 0.076998 -0.334152 -1.050625
v 0.076408 -0.399901 -1.016658
v 0.142362 -0.412922 -0.922897
v 0.201357 -0.368559 -0.875210
v 0.071389 -0.039919 -1.015567
v 0.070955 -0.106228 -1.004534
v 0.212980 -0.186325 -0.983000
v 0.144837 -0.149031 -1.013848
v 0.207772 -0.116181 -0.968930
v 0.072252 -0.176270 -1.014006
v 0.074142 -0.249237 -1.025380
v 0.389148 -0.280697 -0.835268
v 0.452583 -0.253073 -0.826873
v 0.275033 -0.349126 -0.889282
v 0.340959 -0.322109 -0.882456
v 0.337376 -0.188652 -0.911905
v 0.339462 -0.255020 -0.898518
v 0.271725 -0.216347 -0.917036
v 0.146431 -0.289744 -0.997069
v 0.209682 -0.249225 -0.947291
v 0.210691 -0.317673 -0.933248
v 0.066213 0.405376 -0.855528
v 0.194913 0.356764 -0.847199
v 0.132377 0.383961 -0.858169
v 0.067112 0.351250 -0.892974
v 0.066925 0.290438 -0.913182
v 0.472466 0.264191 -0.863199
v 0.394567 0.284606 -0.846900
v 0.271665 0.216299 -0.916835
v 0.330993 0.248657 -0.876100
v 0.354848 0.198422 -0.959130
v 0.322262 0.304445 -0.834063
v 0.266430 0.338206 -0.861465
v 0.069527 0.104090 -0.984311
v 0.069315 0.038759 -0.986059
v 0.065934 0.221645 -0.911866
v 0.067347 0.164303 -0.945168
v 0.203966 0.114052 -0.951180
v 0.132377 0.136211 -0.926630
v 0.205948 0.180174 -0.950546
v 0.197329 0.297525 -0.874060
v 0.200660 0.238502 -0.906535
v 0.130312 0.257850 -0.887317
v 0.493905 -0.195000 -0.899364
v 0.358356 -0.119802 -0.960312
v 0.430425 -0.159085 -0.941095
v 0.501660 -0.117937 -0.911570
v 0.517535 -0.041658 -0.939417
v 0.138749 0.000000 -0.980790
v 0.278720 0.077405 -0.960400
v 0.212165 0.039520 -0.987129
v 0.213167 -0.039706 -0.991789
v 0.283525 -0.078740 -0.976954
v 0.520062 0.205327 -0.946993
v 0.524624 0.042229 -0.952285
v 0.528837 0.124326 -0.960952
v 0.445580 0.164686 -0.974230
v 0.371308 0.124132 -0.995019
v 0.362268 -0.040514 -0.972271
v 0.368280 0.041187 -0.988407
v 0.436226 0.000000 -0.949186
v 1.017056 0.067827 0.483121
v 1.015507 0.064130 0.323792
v 1.045318 0.067695 0.412205
v 0.989051 0.131463 0.443629
v 0.962685 0.190847 0.406412
v 1.053159 0.063792 0.041500
v 1.077796 0.065599 0.114261
v 0.983017 0.183523 0.186796
v 1.011393 0.124500 0.149043
v 1.033024 0.190875 0.124176
v 1.032872 0.063416 0.179999
v 1.028602 0.064088 0.250646
v 0.968421 0.388775 0.326259
v 0.942755 0.444635 0.289263
v 0.947756 0.252573 0.373016
v 0.956121 0.318323 0.349873
v 0.984993 0.314010 0.204283
v 0.987847 0.321588 0.281076
v 0.955292 0.243907 0.225937
v 1.022717 0.129422 0.297942
v 0.968177 0.184662 0.255358
v 0.955975 0.185969 0.326225
v 0.959504 0.063989 -0.455783
v 0.960977 0.190508 -0.405691
v 0.957350 0.127249 -0.429410
v 0.979318 0.063421 -0.386179
v 1.038035 0.065552 -0.330975
v 0.901113 0.424995 -0.276486
v 0.932700 0.374434 -0.314225
v 0.992007 0.253281 -0.234620
v 0.978206 0.318449 -0.278333
v 0.949187 0.302595 -0.196857
v 0.915443 0.304780 -0.334987
v 0.925606 0.246670 -0.364298
v 1.104559 0.067228 -0.117099
v 1.054709 0.063886 -0.041562
v 1.120335 0.069803 -0.273000
v 1.085508 0.066648 -0.189172
v 1.061541 0.196144 -0.127604
v 1.133417 0.139521 -0.167025
v 1.072748 0.200276 -0.203846
v 1.029380 0.200249 -0.351274
v 1.032235 0.196879 -0.272254
v 1.110131 0.140484 -0.323408
v 0.630616 0.726441 0.000000
v 0.750091 0.686739 0.082154
v 0.679351 0.696963 0.039788
v 0.688472 0.706321 -0.040323
v 0.758931 0.694833 -0.083123
v 0.927075 0.518396 0.249188
v 0.874882 0.557510 0.205081
v 0.869364 0.552706 0.041195
v 0.856507 0.544956 0.119599
v 0.859808 0.480782 0.075761
v 0.844362 0.609161 0.166295
v 0.784375 0.636635 0.122527
v 0.839767 0.535132 -0.196850
v 0.855496 0.478371 -0.229949
v 0.788555 0.640027 -0.123180
v 0.800372 0.577425 -0.157632
v 0.871953 0.487573 -0.076831
v 0.871500 0.554496 -0.121693
v 0.856908 0.544787 -0.040605
v 0.789698 0.641460 0.041147
v 0.827306 0.595048 0.000000
v 0.779242 0.632967 -0.040603
v 1.048663 0.127830 0.000000
v 1.011512 0.252949 -0.081729
v 1.090702 0.202000 -0.043776
v 1.049439 0.194358 0.042120
v 1.013361 0.253411 0.081879
v 0.925304 0.437863 -0.201127
v 0.902901 0.428614 -0.040139
v 0.929795 0.440912 -0.120596
v 0.945505 0.372626 -0.160231
v 0.969705 0.311808 -0.121277
v 0.941347 0.445455 0.204615
v 0.958993 0.308363 0.119937
v 0.950659 0.374657 0.161104
v 0.887492 0.420852 0.115110
v 0.908734 0.431383 0.040398
v 0.985565 0.316427 -0.041171
v 0.935044 0.370286 0.000000
v 0.933522 0.299718 0.038997
f 1 643 645
f 163 644 643
f 165 645 644
f 643 644 645
f 43 646 648
f 164 647 646
f 163 648 647
f 646 647 648
f 45 649 651
f 165 650 649
f 164 651 650
f 649 650 651
f 163 647 644
f 164 650 647
f 165 644 650
f 647 650 644
f 13 652 654
f 166 653 652
f 168 654 653
f 652 653 654
f 44 655 657
f 167 656 655
f 166 657 656
f 655 656 657
f 43 658 660
f 168 659 658
f 167 660 659
f 658 659 660
f 166 656 653
f 167 659 656
f 168 653 659
f 656 659 653
f 15 661 663
f 169 662 661
f 171 663 662
f 661 662 663
f 45 664 666
f 170 665 664
f 169 666 665
f 664 665 666
f 44 667 669
f 171 668 667
f 170 669 668
f 667 668 669
f 169 665 662
f 170 668 665
f 171 662 668
f 665 668 662
f 43 660 646
f 167 670 660
f 164 646 670
f 660 670 646
f 44 669 655
f 170 671 669
f 167 655 671
f 669 671 655
f 45 651 664
f 164 672 651
f 170 664 672
f 651 672 664
f 167 671 670
f 170 672 671
f 164 670 672
f 671 672 670
f 12 673 675
f 172 674 673
f 174 675 674
f 673 674 675
f 46 676 678
f 173 677 676
f 172 678 677
f 676 677 678
f 48 679 681
f 174 680 679
f 173 681 680
f 679 680 681
f 172 677 674
f 173 680 677
f 174 674 680
f 677 680 674
f 14 682 684
f 175 683 682
f 177 684 683
f 682 683 684
f 47 685 687
f 176 686 685
f 175 687 686
f 685 686 687
f 46 688 690
f 177 689 688
f 176 690 689
f 688 689 690
f 175 686 683
f 176 689 686
f 177 683 689
f 686 689 683
f 13 691 693
f 178 692 691
f 180 693 692
f 691 692 693
f 48 694 696
f 179 695 694
f 178 696 695
f 694 695 696
f 47 697 699
f 180 698 697
f 179 699 698
f 697 698 699
f 178 695 692
f 179 698 695
f 180 692 698
f 695 698 692
f 46 690 676
f 176 700 690
f 173 676 700
f 690 700 676
f 47 699 685
f 179 701 699
f 176 685 701
f 699 701 685
f 48 681 694
f 173 702 681
f 179 694 702
f 681 702 694
f 176 701 700
f 179 702 701
f 173 700 702
f 701 702 700
f 6 703 705
f 181 704 703
f 183 705 704
f 703 704 705
f 49 706 708
f 182 707 706
f 181 708 707
f 706 707 708
f 51 709 711
f 183 710 709
f 182 711 710
f 709 710 711
f 181 707 704
f 182 710 707
f 183 704 710
f 707 710 704
f 15 712 714
f 184 713 712
f 186 714 713
f 712 713 714
f 50 715 717
f 185 716 715
f 184 717 716
f 715 716 717
f 49 718 720
f 186 719 718
f 185 720 719
f 718 719 720
f 184 716 713
f 185 719 716
f 186 713 719
f 716 719 713
f 14 721 723
f 187 722 721
f 189 723 722
f 721 722 723
f 51 724 726
f 188 725 724
f 187 726 725
f 724 725 726
f 50 727 729
f 189 728 727
f 188 729 728
f 727 728 729
f 187 725 722
f 188 728 725
f 189 722 728
f 725 728 722
f 49 720 706
f 185 730 720
f 182 706 730
f 720 730 706
f 50 729 715
f 188 731 729
f 185 715 731
f 729 731 715
f 51 711 724
f 182 732 711
f 188 724 732
f 711 732 724
f 185 731 730
f 188 732 731
f 182 730 732
f 731 732 730
f 13 693 652
f 180 733 693
f 166 652 733
f 693 733 652
f 47 734 697
f 190 735 734
f 180 697 735
f 734 735 697
f 44 657 737
f 166 736 657
f 190 737 736
f 657 736 737
f 180 735 733
f 190 736 735
f 166 733 736
f 735 736 733
f 14 723 682
f 189 738 723
f 175 682 738
f 723 738 682
f 50 739 727
f 191 740 739
f 189 727 740
f 739 740 727
f 47 687 742
f 175 741 687
f 191 742 741
f 687 741 742
f 189 740 738
f 191 741 740
f 175 738 741
f 740 741 738
f 15 663 712
f 171 743 663
f 184 712 743
f 663 743 712
f 44 744 667
f 192 745 744
f 171 667 745
f 744 745 667
f 50 717 747
f 184 746 717
f 192 747 746
f 717 746 747
f 171 745 743
f 192 746 745
f 184 743 746
f 745 746 743
f 47 742 734
f 191 748 742
f 190 734 748
f 742 748 734
f 50 747 739
f 192 749 747
f 191 739 749
f 747 749 739
f 44 737 744
f 190 750 737
f 192 744 750
f 737 750 744
f 191 749 748
f 192 750 749
f 190 748 750
f 749 750 748
f 1 645 752
f 165 751 645
f 194 752 751
f 645 751 752
f 45 753 649
f 193 754 753
f 165 649 754
f 753 754 649
f 53 755 757
f 194 756 755
f 193 757 756
f 755 756 757
f 165 754 751
f 193 756 754
f 194 751 756
f 754 756 751
f 15 758 661
f 195 759 758
f 169 661 759
f 758 759 661
f 52 760 762
f 196 761 760
f 195 762 761
f 760 761 762
f 45 666 764
f 169 763 666
f 196 764 763
f 666 763 764
f 195 761 759
f 196 763 761
f 169 759 763
f 761 763 759
f 17 765 767
f 197 766 765
f 199 767 766
f 765 766 767
f 53 768 770
f 198 769 768
f 197 770 769
f 768 769 770
f 52 771 773
f 199 772 771
f 198 773 772
f 771 772 773
f 197 769 766
f 198 772 769
f 199 766 772
f 769 772 766
f 45 764 753
f 196 774 764
f 193 753 774
f 764 774 753
f 52 773 760
f 198 775 773
f 196 760 775
f 773 775 760
f 53 757 768
f 193 776 757
f 198 768 776
f 757 776 768
f 196 775 774
f 198 776 775
f 193 774 776
f 775 776 774
f 6 777 703
f 200 778 777
f 181 703 778
f 777 778 703
f 54 779 781
f 201 780 779
f 200 781 780
f 779 780 781
f 49 708 783
f 181 782 708
f 201 783 782
f 708 782 783
f 200 780 778
f 201 782 780
f 181 778 782
f 780 782 778
f 16 784 786
f 202 785 784
f 204 786 785
f 784 785 786
f 55 787 789
f 203 788 787
f 202 789 788
f 787 788 789
f 54 790 792
f 204 791 790
f 203 792 791
f 790 791 792
f 202 788 785
f 203 791 788
f 204 785 791
f 788 791 785
f 15 714 794
f 186 793 714
f 206 794 793
f 714 793 794
f 49 795 718
f 205 796 795
f 186 718 796
f 795 796 718
f 55 797 799
f 206 798 797
f 205 799 798
f 797 798 799
f 186 796 793
f 205 798 796
f 206 793 798
f 796 798 793
f 54 792 779
f 203 800 792
f 201 779 800
f 792 800 779
f 55 799 787
f 205 801 799
f 203 787 801
f 799 801 787
f 49 783 795
f 201 802 783
f 205 795 802
f 783 802 795
f 203 801 800
f 205 802 801
f 201 800 802
f 801 802 800
f 2 803 805
f 207 804 803
f 209 805 804
f 803 804 805
f 56 806 808
f 208 807 806
f 207 808 807
f 806 807 808
f 58 809 811
f 209 810 809
f 208 811 810
f 809 810 811
f 207 807 804
f 208 810 807
f 209 804 810
f 807 810 804
f 17 812 814
f 210 813 812
f 212 814 813
f 812 813 814
f 57 815 817
f 211 816 815
f 210 817 816
f 815 816 817
f 56 818 820
f 212 819 818
f 211 820 819
f 818 819 820
f 210 816 813
f 211 819 816
f 212 813 819
f 816 819 813
f 16 821 823
f 213 822 821
f 215 823 822
f 821 822 823
f 58 824 826
f 214 825 824
f 213 826 825
f 824 825 826
f 57 827 829
f 215 828 827
f 214 829 828
f 827 828 829
f 213 825 822
f 214 828 825
f 215 822 828
f 825 828 822
f 56 820 806
f 211 830 820
f 208 806 830
f 820 830 806
f 57 829 815
f 214 831 829
f 211 815 831
f 829 831 815
f 58 811 824
f 208 832 811
f 214 824 832
f 811 832 824
f 211 831 830
f 214 832 831
f 208 830 832
f 831 832 830
f 15 794 758
f 206 833 794
f 195 758 833
f 794 833 758
f 55 834 797
f 216 835 834
f 206 797 835
f 834 835 797
f 52 762 837
f 195 836 762
f 216 837 836
f 762 836 837
f 206 835 833
f 216 836 835
f 195 833 836
f 835 836 833
f 16 823 784
f 215 838 823
f 202 784 838
f 823 838 784
f 57 839 827
f 217 840 839
f 215 827 840
f 839 840 827
f 55 789 842
f 202 841 789
f 217 842 841
f 789 841 842
f 215 840 838
f 217 841 840
f 202 838 841
f 840 841 838
f 17 767 812
f 199 843 767
f 210 812 843
f 767 843 812
f 52 844 771
f 218 845 844
f 199 771 845
f 844 845 771
f 57 817 847
f 210 846 817
f 218 847 846
f 817 846 847
f 199 845 843
f 218 846 845
f 210 843 846
f 845 846 843
f 55 842 834
f 217 848 842
f 216 834 848
f 842 848 834
f 57 847 839
f 218 849 847
f 217 839 849
f 847 849 839
f 52 837 844
f 216 850 837
f 218 844 850
f 837 850 844
f 217 849 848
f 218 850 849
f 216 848 850
f 849 850 848
f 1 752 852
f 194 851 752
f 220 852 851
f 752 851 852
f 53 853 755
f 219 854 853
f 194 755 854
f 853 854 755
f 60 855 857
f 220 856 855
f 219 857 856
f 855 856 857
f 194 854 851
f 219 856 854
f 220 851 856
f 854 856 851
f 17 858 765
f 221 859 858
f 197 765 859
f 858 859 765
f 59 860 862
f 222 861 860
f 221 862 861
f 860 861 862
f 53 770 864
f 197 863 770
f 222 864 863
f 770 863 864
f 221 861 859
f 222 863 861
f 197 859 863
f 861 863 859
f 19 865 867
f 223 866 865
f 225 867 866
f 865 866 867
f 60 868 870
f 224 869 868
f 223 870 869
f 868 869 870
f 59 871 873
f 225 872 871
f 224 873 872
f 871 872 873
f 223 869 866
f 224 872 869
f 225 866 872
f 869 872 866
f 53 864 853
f 222 874 864
f 219 853 874
f 864 874 853
f 59 873 860
f 224 875 873
f 222 860 875
f 873 875 860
f 60 857 868
f 219 876 857
f 224 868 876
f 857 876 868
f 222 875 874
f 224 876 875
f 219 874 876
f 875 876 874
f 2 877 803
f 226 878 877
f 207 803 878
f 877 878 803
f 61 879 881
f 227 880 879
f 226 881 880
f 879 880 881
f 56 808 883
f 207 882 808
f 227 883 882
f 808 882 883
f 226 880 878
f 227 882 880
f 207 878 882
f 880 882 878
f 18 884 886
f 228 885 884
f 230 886 885
f 884 885 886
f 62 887 889
f 229 888 887
f 228 889 888
f 887 888 889
f 61 890 892
f 230 891 890
f 229 892 891
f 890 891 892
f 228 888 885
f 229 891 888
f 230 885 891
f 888 891 885
f 17 814 894
f 212 893 814
f 232 894 893
f 814 893 894
f 56 895 818
f 231 896 895
f 212 818 896
f 895 896 818
f 62 897 899
f 232 898 897
f 231 899 898
f 897 898 899
f 212 896 893
f 231 898 896
f 232 893 898
f 896 898 893
f 61 892 879
f 229 900 892
f 227 879 900
f 892 900 879
f 62 899 887
f 231 901 899
f 229 887 901
f 899 901 887
f 56 883 895
f 227 902 883
f 231 895 902
f 883 902 895
f 229 901 900
f 231 902 901
f 227 900 902
f 901 902 900
f 8 903 905
f 233 904 903
f 235 905 904
f 903 904 905
f 63 906 908
f 234 907 906
f 233 908 907
f 906 907 908
f 65 909 911
f 235 910 909
f 234 911 910
f 909 910 911
f 233 907 904
f 234 910 907
f 235 904 910
f 907 910 904
f 19 912 914
f 236 913 912
f 238 914 913
f 912 913 914
f 64 915 917
f 237 916 915
f 236 917 916
f 915 916 917
f 63 918 920
f 238 919 918
f 237 920 919
f 918 919 920
f 236 916 913
f 237 919 916
f 238 913 919
f 916 919 913
f 18 921 923
f 239 922 921
f 241 923 922
f 921 922 923
f 65 924 926
f 240 925 924
f 239 926 925
f 924 925 926
f 64 927 929
f 241 928 927
f 240 929 928
f 927 928 929
f 239 925 922
f 240 928 925
f 241 922 928
f 925 928 922
f 63 920 906
f 237 930 920
f 234 906 930
f 920 930 906
f 64 929 915
f 240 931 929
f 237 915 931
f 929 931 915
f 65 911 924
f 234 932 911
f 240 924 932
f 911 932 924
f 237 931 930
f 240 932 931
f 234 930 932
f 931 932 930
f 17 894 858
f 232 933 894
f 221 858 933
f 894 933 858
f 62 934 897
f 242 935 934
f 232 897 935
f 934 935 897
f 59 862 937
f 221 936 862
f 242 937 936
f 862 936 937
f 232 935 933
f 242 936 935
f 221 933 936
f 935 936 933
f 18 923 884
f 241 938 923
f 228 884 938
f 923 938 884
f 64 939 927
f 243 940 939
f 241 927 940
f 939 940 927
f 62 889 942
f 228 941 889
f 243 942 941
f 889 941 942
f 241 940 938
f 243 941 940
f 228 938 941
f 940 941 938
f 19 867 912
f 225 943 867
f 236 912 943
f 867 943 912
f 59 944 871
f 244 945 944
f 225 871 945
f 944 945 871
f 64 917 947
f 236 946 917
f 244 947 946
f 917 946 947
f 225 945 943
f 244 946 945
f 236 943 946
f 945 946 943
f 62 942 934
f 243 948 942
f 242 934 948
f 942 948 934
f 64 947 939
f 244 949 947
f 243 939 949
f 947 949 939
f 59 937 944
f 242 950 937
f 244 944 950
f 937 950 944
f 243 949 948
f 244 950 949
f 242 948 950
f 949 950 948
f 1 852 952
f 220 951 852
f 246 952 951
f 852 951 952
f 60 953 855
f 245 954 953
f 220 855 954
f 953 954 855
f 67 955 957
f 246 956 955
f 245 957 956
f 955 956 957
f 220 954 951
f 245 956 954
f 246 951 956
f 954 956 951
f 19 958 865
f 247 959 958
f 223 865 959
f 958 959 865
f 66 960 962
f 248 961 960
f 247 962 961
f 960 961 962
f 60 870 964
f 223 963 870
f 248 964 963
f 870 963 964
f 247 961 959
f 248 963 961
f 223 959 963
f 961 963 959
f 21 965 967
f 249 966 965
f 251 967 966
f 965 966 967
f 67 968 970
f 250 969 968
f 249 970 969
f 968 969 970
f 66 971 973
f 251 972 971
f 250 973 972
f 971 972 973
f 249 969 966
f 250 972 969
f 251 966 972
f 969 972 966
f 60 964 953
f 248 974 964
f 245 953 974
f 964 974 953
f 66 973 960
f 250 975 973
f 248 960 975
f 973 975 960
f 67 957 968
f 245 976 957
f 250 968 976
f 957 976 968
f 248 975 974
f 250 976 975
f 245 974 976
f 975 976 974
f 8 977 903
f 252 978 977
f 233 903 978
f 977 978 903
f 68 979 981
f 253 980 979
f 252 981 980
f 979 980 981
f 63 908 983
f 233 982 908
f 253 983 982
f 908 982 983
f 252 980 978
f 253 982 980
f 233 978 982
f 980 982 978
f 20 984 986
f 254 985 984
f 256 986 985
f 984 985 986
f 69 987 989
f 255 988 987
f 254 989 988
f 987 988 989
f 68 990 992
f 256 991 990
f 255 992 991
f 990 991 992
f 254 988 985
f 255 991 988
f 256 985 991
f 988 991 985
f 19 914 994
f 238 993 914
f 258 994 993
f 914 993 994
f 63 995 918
f 257 996 995
f 238 918 996
f 995 996 918
f 69 997 999
f 258 998 997
f 257 999 998
f 997 998 999
f 238 996 993
f 257 998 996
f 258 993 998
f 996 998 993
f 68 992 979
f 255 1000 992
f 253 979 1000
f 992 1000 979
f 69 999 987
f 257 1001 999
f 255 987 1001
f 999 1001 987
f 63 983 995
f 253 1002 983
f 257 995 1002
f 983 1002 995
f 255 1001 1000
f 257 1002 1001
f 253 1000 1002
f 1001 1002 1000
f 11 1003 1005
f 259 1004 1003
f 261 1005 1004
f 1003 1004 1005
f 70 1006 1008
f 260 1007 1006
f 259 1008 1007
f 1006 1007 1008
f 72 1009 1011
f 261 1010 1009
f 260 1011 1010
f 1009 1010 1011
f 259 1007 1004
f 260 1010 1007
f 261 1004 1010
f 1007 1010 1004
f 21 1012 1014
f 262 1013 1012
f 264 1014 1013
f 1012 1013 1014
f 71 1015 1017
f 263 1016 1015
f 262 1017 1016
f 1015 1016 1017
f 70 1018 1020
f 264 1019 1018
f 263 1020 1019
f 1018 1019 1020
f 262 1016 1013
f 263 1019 1016
f 264 1013 1019
f 1016 1019 1013
f 20 1021 1023
f 265 1022 1021
f 267 1023 1022
f 1021 1022 1023
f 72 1024 1026
f 266 1025 1024
f 265 1026 1025
f 1024 1025 1026
f 71 1027 1029
f 267 1028 1027
f 266 1029 1028
f 1027 1028 1029
f 265 1025 1022
f 266 1028 1025
f 267 1022 1028
f 1025 1028 1022
f 70 1020 1006
f 263 1030 1020
f 260 1006 1030
f 1020 1030 1006
f 71 1029 1015
f 266 1031 1029
f 263 1015 1031
f 1029 1031 1015
f 72 1011 1024
f 260 1032 1011
f 266 1024 1032
f 1011 1032 1024
f 263 1031 1030
f 266 1032 1031
f 260 1030 1032
f 1031 1032 1030
f 19 994 958
f 258 1033 994
f 247 958 1033
f 994 1033 958
f 69 1034 997
f 268 1035 1034
f 258 997 1035
f 1034 1035 997
f 66 962 1037
f 247 1036 962
f 268 1037 1036
f 962 1036 1037
f 258 1035 1033
f 268 1036 1035
f 247 1033 1036
f 1035 1036 1033
f 20 1023 984
f 267 1038 1023
f 254 984 1038
f 1023 1038 984
f 71 1039 1027
f 269 1040 1039
f 267 1027 1040
f 1039 1040 1027
f 69 989 1042
f 254 1041 989
f 269 1042 1041
f 989 1041 1042
f 267 1040 1038
f 269 1041 1040
f 254 1038 1041
f 1040 1041 1038
f 21 967 1012
f 251 1043 967
f 262 1012 1043
f 967 1043 1012
f 66 1044 971
f 270 1045 1044
f 251 971 1045
f 1044 1045 971
f 71 1017 1047
f 262 1046 1017
f 270 1047 1046
f 1017 1046 1047
f 251 1045 1043
f 270 1046 1045
f 262 1043 1046
f 1045 1046 1043
f 69 1042 1034
f 269 1048 1042
f 268 1034 1048
f 1042 1048 1034
f 71 1047 1039
f 270 1049 1047
f 269 1039 1049
f 1047 1049 1039
f 66 1037 1044
f 268 1050 1037
f 270 1044 1050
f 1037 1050 1044
f 269 1049 1048
f 270 1050 1049
f 268 1048 1050
f 1049 1050 1048
f 1 952 643
f 246 1051 952
f 163 643 1051
f 952 1051 643
f 67 1052 955
f 271 1053 1052
f 246 955 1053
f 1052 1053 955
f 43 648 1055
f 163 1054 648
f 271 1055 1054
f 648 1054 1055
f 246 1053 1051
f 271 1054 1053
f 163 1051 1054
f 1053 1054 1051
f 21 1056 965
f 272 1057 1056
f 249 965 1057
f 1056 1057 965
f 73 1058 1060
f 273 1059 1058
f 272 1060 1059
f 1058 1059 1060
f 67 970 1062
f 249 1061 970
f 273 1062 1061
f 970 1061 1062
f 272 1059 1057
f 273 1061 1059
f 249 1057 1061
f 1059 1061 1057
f 13 654 1064
f 168 1063 654
f 275 1064 1063
f 654 1063 1064
f 43 1065 658
f 274 1066 1065
f 168 658 1066
f 1065 1066 658
f 73 1067 1069
f 275 1068 1067
f 274 1069 1068
f 1067 1068 1069
f 168 1066 1063
f 274 1068 1066
f 275 1063 1068
f 1066 1068 1063
f 67 1062 1052
f 273 1070 1062
f 271 1052 1070
f 1062 1070 1052
f 73 1069 1058
f 274 1071 1069
f 273 1058 1071
f 1069 1071 1058
f 43 1055 1065
f 271 1072 1055
f 274 1065 1072
f 1055 1072 1065
f 273 1071 1070
f 274 1072 1071
f 271 1070 1072
f 1071 1072 1070
f 11 1073 1003
f 276 1074 1073
f 259 1003 1074
f 1073 1074 1003
f 74 1075 1077
f 277 1076 1075
f 276 1077 1076
f 1075 1076 1077
f 70 1008 1079
f 259 1078 1008
f 277 1079 1078
f 1008 1078 1079
f 276 1076 1074
f 277 1078 1076
f 259 1074 1078
f 1076 1078 1074
f 22 1080 1082
f 278 1081 1080
f 280 1082 1081
f 1080 1081 1082
f 75 1083 1085
f 279 1084 1083
f 278 1085 1084
f 1083 1084 1085
f 74 1086 1088
f 280 1087 1086
f 279 1088 1087
f 1086 1087 1088
f 278 1084 1081
f 279 1087 1084
f 280 1081 1087
f 1084 1087 1081
f 21 1014 1090
f 264 1089 1014
f 282 1090 1089
f 1014 1089 1090
f 70 1091 1018
f 281 1092 1091
f 264 1018 1092
f 1091 1092 1018
f 75 1093 1095
f 282 1094 1093
f 281 1095 1094
f 1093 1094 1095
f 264 1092 1089
f 281 1094 1092
f 282 1089 1094
f 1092 1094 1089
f 74 1088 1075
f 279 1096 1088
f 277 1075 1096
f 1088 1096 1075
f 75 1095 1083
f 281 1097 1095
f 279 1083 1097
f 1095 1097 1083
f 70 1079 1091
f 277 1098 1079
f 281 1091 1098
f 1079 1098 1091
f 279 1097 1096
f 281 1098 1097
f 277 1096 1098
f 1097 1098 1096
f 12 675 1100
f 174 1099 675
f 284 1100 1099
f 675 1099 1100
f 48 1101 679
f 283 1102 1101
f 174 679 1102
f 1101 1102 679
f 77 1103 1105
f 284 1104 1103
f 283 1105 1104
f 1103 1104 1105
f 174 1102 1099
f 283 1104 1102
f 284 1099 1104
f 1102 1104 1099
f 13 1106 691
f 285 1107 1106
f 178 691 1107
f 1106 1107 691
f 76 1108 1110
f 286 1109 1108
f 285 1110 1109
f 1108 1109 1110
f 48 696 1112
f 178 1111 696
f 286 1112 1111
f 696 1111 1112
f 285 1109 1107
f 286 1111 1109
f 178 1107 1111
f 1109 1111 1107
f 22 1113 1115
f 287 1114 1113
f 289 1115 1114
f 1113 1114 1115
f 77 1116 1118
f 288 1117 1116
f 287 1118 1117
f 1116 1117 1118
f 76 1119 1121
f 289 1120 1119
f 288 1121 1120
f 1119 1120 1121
f 287 1117 1114
f 288 1120 1117
f 289 1114 1120
f 1117 1120 1114
f 48 1112 1101
f 286 1122 1112
f 283 1101 1122
f 1112 1122 1101
f 76 1121 1108
f 288 1123 1121
f 286 1108 1123
f 1121 1123 1108
f 77 1105 1116
f 283 1124 1105
f 288 1116 1124
f 1105 1124 1116
f 286 1123 1122
f 288 1124 1123
f 283 1122 1124
f 1123 1124 1122
f 21 1090 1056
f 282 1125 1090
f 272 1056 1125
f 1090 1125 1056
f 75 1126 1093
f 290 1127 1126
f 282 1093 1127
f 1126 1127 1093
f 73 1060 1129
f 272 1128 1060
f 290 1129 1128
f 1060 1128 1129
f 282 1127 1125
f 290 1128 1127
f 272 1125 1128
f 1127 1128 1125
f 22 1115 1080
f 289 1130 1115
f 278 1080 1130
f 1115 1130 1080
f 76 1131 1119
f 291 1132 1131
f 289 1119 1132
f 1131 1132 1119
f 75 1085 1134
f 278 1133 1085
f 291 1134 1133
f 1085 1133 1134
f 289 1132 1130
f 291 1133 1132
f 278 1130 1133
f 1132 1133 1130
f 13 1064 1106
f 275 1135 1064
f 285 1106 1135
f 1064 1135 1106
f 73 1136 1067
f 292 1137 1136
f 275 1067 1137
f 1136 1137 1067
f 76 1110 1139
f 285 1138 1110
f 292 1139 1138
f 1110 1138 1139
f 275 1137 1135
f 292 1138 1137
f 285 1135 1138
f 1137 1138 1135
f 75 1134 1126
f 291 1140 1134
f 290 1126 1140
f 1134 1140 1126
f 76 1139 1131
f 292 1141 1139
f 291 1131 1141
f 1139 1141 1131
f 73 1129 1136
f 290 1142 1129
f 292 1136 1142
f 1129 1142 1136
f 291 1141 1140
f 292 1142 1141
f 290 1140 1142
f 1141 1142 1140
f 2 805 1144
f 209 1143 805
f 294 1144 1143
f 805 1143 1144
f 58 1145 809
f 293 1146 1145
f 209 809 1146
f 1145 1146 809
f 79 1147 1149
f 294 1148 1147
f 293 1149 1148
f 1147 1148 1149
f 209 1146 1143
f 293 1148 1146
f 294 1143 1148
f 1146 1148 1143
f 16 1150 821
f 295 1151 1150
f 213 821 1151
f 1150 1151 821
f 78 1152 1154
f 296 1153 1152
f 295 1154 1153
f 1152 1153 1154
f 58 826 1156
f 213 1155 826
f 296 1156 1155
f 826 1155 1156
f 295 1153 1151
f 296 1155 1153
f 213 1151 1155
f 1153 1155 1151
f 24 1157 1159
f 297 1158 1157
f 299 1159 1158
f 1157 1158 1159
f 79 1160 1162
f 298 1161 1160
f 297 1162 1161
f 1160 1161 1162
f 78 1163 1165
f 299 1164 1163
f 298 1165 1164
f 1163 1164 1165
f 297 1161 1158
f 298 1164 1161
f 299 1158 1164
f 1161 1164 1158
f 58 1156 1145
f 296 1166 1156
f 293 1145 1166
f 1156 1166 1145
f 78 1165 1152
f 298 1167 1165
f 296 1152 1167
f 1165 1167 1152
f 79 1149 1160
f 293 1168 1149
f 298 1160 1168
f 1149 1168 1160
f 296 1167 1166
f 298 1168 1167
f 293 1166 1168
f 1167 1168 1166
f 6 1169 777
f 300 1170 1169
f 200 777 1170
f 1169 1170 777
f 80 1171 1173
f 301 1172 1171
f 300 1173 1172
f 1171 1172 1173
f 54 781 1175
f 200 1174 781
f 301 1175 1174
f 781 1174 1175
f 300 1172 1170
f 301 1174 1172
f 200 1170 1174
f 1172 1174 1170
f 23 1176 1178
f 302 1177 1176
f 304 1178 1177
f 1176 1177 1178
f 81 1179 1181
f 303 1180 1179
f 302 1181 1180
f 1179 1180 1181
f 80 1182 1184
f 304 1183 1182
f 303 1184 1183
f 1182 1183 1184
f 302 1180 1177
f 303 1183 1180
f 304 1177 1183
f 1180 1183 1177
f 16 786 1186
f 204 1185 786
f 306 1186 1185
f 786 1185 1186
f 54 1187 790
f 305 1188 1187
f 204 790 1188
f 1187 1188 790
f 81 1189 1191
f 306 1190 1189
f 305 1191 1190
f 1189 1190 1191
f 204 1188 1185
f 305 1190 1188
f 306 1185 1190
f 1188 1190 1185
f 80 1184 1171
f 303 1192 1184
f 301 1171 1192
f 1184 1192 1171
f 81 1191 1179
f 305 1193 1191
f 303 1179 1193
f 1191 1193 1179
f 54 1175 1187
f 301 1194 1175
f 305 1187 1194
f 1175 1194 1187
f 303 1193 1192
f 305 1194 1193
f 301 1192 1194
f 1193 1194 1192
f 10 1195 1197
f 307 1196 1195
f 309 1197 1196
f 1195 1196 1197
f 82 1198 1200
f 308 1199 1198
f 307 1200 1199
f 1198 1199 1200
f 84 1201 1203
f 309 1202 1201
f 308 1203 1202
f 1201 1202 1203
f 307 1199 1196
f 308 1202 1199
f 309 1196 1202
f 1199 1202 1196
f 24 1204 1206
f 310 1205 1204
f 312 1206 1205
f 1204 1205 1206
f 83 1207 1209
f 311 1208 1207
f 310 1209 1208
f 1207 1208 1209
f 82 1210 1212
f 312 1211 1210
f 311 1212 1211
f 1210 1211 1212
f 310 1208 1205
f 311 1211 1208
f 312 1205 1211
f 1208 1211 1205
f 23 1213 1215
f 313 1214 1213
f 315 1215 1214
f 1213 1214 1215
f 84 1216 1218
f 314 1217 1216
f 313 1218 1217
f 1216 1217 1218
f 83 1219 1221
f 315 1220 1219
f 314 1221 1220
f 1219 1220 1221
f 313 1217 1214
f 314 1220 1217
f 315 1214 1220
f 1217 1220 1214
f 82 1212 1198
f 311 1222 1212
f 308 1198 1222
f 1212 1222 1198
f 83 1221 1207
f 314 1223 1221
f 311 1207 1223
f 1221 1223 1207
f 84 1203 1216
f 308 1224 1203
f 314 1216 1224
f 1203 1224 1216
f 311 1223 1222
f 314 1224 1223
f 308 1222 1224
f 1223 1224 1222
f 16 1186 1150
f 306 1225 1186
f 295 1150 1225
f 1186 1225 1150
f 81 1226 1189
f 316 1227 1226
f 306 1189 1227
f 1226 1227 1189
f 78 1154 1229
f 295 1228 1154
f 316 1229 1228
f 1154 1228 1229
f 306 1227 1225
f 316 1228 1227
f 295 1225 1228
f 1227 1228 1225
f 23 1215 1176
f 315 1230 1215
f 302 1176 1230
f 1215 1230 1176
f 83 1231 1219
f 317 1232 1231
f 315 1219 1232
f 1231 1232 1219
f 81 1181 1234
f 302 1233 1181
f 317 1234 1233
f 1181 1233 1234
f 315 1232 1230
f 317 1233 1232
f 302 1230 1233
f 1232 1233 1230
f 24 1159 1204
f 299 1235 1159
f 310 1204 1235
f 1159 1235 1204
f 78 1236 1163
f 318 1237 1236
f 299 1163 1237
f 1236 1237 1163
f 83 1209 1239
f 310 1238 1209
f 318 1239 1238
f 1209 1238 1239
f 299 1237 1235
f 318 1238 1237
f 310 1235 1238
f 1237 1238 1235
f 81 1234 1226
f 317 1240 1234
f 316 1226 1240
f 1234 1240 1226
f 83 1239 1231
f 318 1241 1239
f 317 1231 1241
f 1239 1241 1231
f 78 1229 1236
f 316 1242 1229
f 318 1236 1242
f 1229 1242 1236
f 317 1241 1240
f 318 1242 1241
f 316 1240 1242
f 1241 1242 1240
f 6 705 1244
f 183 1243 705
f 320 1244 1243
f 705 1243 1244
f 51 1245 709
f 319 1246 1245
f 183 709 1246
f 1245 1246 709
f 86 1247 1249
f 320 1248 1247
f 319 1249 1248
f 1247 1248 1249
f 183 1246 1243
f 319 1248 1246
f 320 1243 1248
f 1246 1248 1243
f 14 1250 721
f 321 1251 1250
f 187 721 1251
f 1250 1251 721
f 85 1252 1254
f 322 1253 1252
f 321 1254 1253
f 1252 1253 1254
f 51 726 1256
f 187 1255 726
f 322 1256 1255
f 726 1255 1256
f 321 1253 1251
f 322 1255 1253
f 187 1251 1255
f 1253 1255 1251
f 26 1257 1259
f 323 1258 1257
f 325 1259 1258
f 1257 1258 1259
f 86 1260 1262
f 324 1261 1260
f 323 1262 1261
f 1260 1261 1262
f 85 1263 1265
f 325 1264 1263
f 324 1265 1264
f 1263 1264 1265
f 323 1261 1258
f 324 1264 1261
f 325 1258 1264
f 1261 1264 1258
f 51 1256 1245
f 322 1266 1256
f 319 1245 1266
f 1256 1266 1245
f 85 1265 1252
f 324 1267 1265
f 322 1252 1267
f 1265 1267 1252
f 86 1249 1260
f 319 1268 1249
f 324 1260 1268
f 1249 1268 1260
f 322 1267 1266
f 324 1268 1267
f 319 1266 1268
f 1267 1268 1266
f 12 1269 673
f 326 1270 1269
f 172 673 1270
f 1269 1270 673
f 87 1271 1273
f 327 1272 1271
f 326 1273 1272
f 1271 1272 1273
f 46 678 1275
f 172 1274 678
f 327 1275 1274
f 678 1274 1275
f 326 1272 1270
f 327 1274 1272
f 172 1270 1274
f 1272 1274 1270
f 25 1276 1278
f 328 1277 1276
f 330 1278 1277
f 1276 1277 1278
f 88 1279 1281
f 329 1280 1279
f 328 1281 1280
f 1279 1280 1281
f 87 1282 1284
f 330 1283 1282
f 329 1284 1283
f 1282 1283 1284
f 328 1280 1277
f 329 1283 1280
f 330 1277 1283
f 1280 1283 1277
f 14 684 1286
f 177 1285 684
f 332 1286 1285
f 684 1285 1286
f 46 1287 688
f 331 1288 1287
f 177 688 1288
f 1287 1288 688
f 88 1289 1291
f 332 1290 1289
f 331 1291 1290
f 1289 1290 1291
f 177 1288 1285
f 331 1290 1288
f 332 1285 1290
f 1288 1290 1285
f 87 1284 1271
f 329 1292 1284
f 327 1271 1292
f 1284 1292 1271
f 88 1291 1279
f 331 1293 1291
f 329 1279 1293
f 1291 1293 1279
f 46 1275 1287
f 327 1294 1275
f 331 1287 1294
f 1275 1294 1287
f 329 1293 1292
f 331 1294 1293
f 327 1292 1294
f 1293 1294 1292
f 5 1295 1297
f 333 1296 1295
f 335 1297 1296
f 1295 1296 1297
f 89 1298 1300
f 334 1299 1298
f 333 1300 1299
f 1298 1299 1300
f 91 1301 1303
f 335 1302 1301
f 334 1303 1302
f 1301 1302 1303
f 333 1299 1296
f 334 1302 1299
f 335 1296 1302
f 1299 1302 1296
f 26 1304 1306
f 336 1305 1304
f 338 1306 1305
f 1304 1305 1306
f 90 1307 1309
f 337 1308 1307
f 336 1309 1308
f 1307 1308 1309
f 89 1310 1312
f 338 1311 1310
f 337 1312 1311
f 1310 1311 1312
f 336 1308 1305
f 337 1311 1308
f 338 1305 1311
f 1308 1311 1305
f 25 1313 1315
f 339 1314 1313
f 341 1315 1314
f 1313 1314 1315
f 91 1316 1318
f 340 1317 1316
f 339 1318 1317
f 1316 1317 1318
f 90 1319 1321
f 341 1320 1319
f 340 1321 1320
f 1319 1320 1321
f 339 1317 1314
f 340 1320 1317
f 341 1314 1320
f 1317 1320 1314
f 89 1312 1298
f 337 1322 1312
f 334 1298 1322
f 1312 1322 1298
f 90 1321 1307
f 340 1323 1321
f 337 1307 1323
f 1321 1323 1307
f 91 1303 1316
f 334 1324 1303
f 340 1316 1324
f 1303 1324 1316
f 337 1323 1322
f 340 1324 1323
f 334 1322 1324
f 1323 1324 1322
f 14 1286 1250
f 332 1325 1286
f 321 1250 1325
f 1286 1325 1250
f 88 1326 1289
f 342 1327 1326
f 332 1289 1327
f 1326 1327 1289
f 85 1254 1329
f 321 1328 1254
f 342 1329 1328
f 1254 1328 1329
f 332 1327 1325
f 342 1328 1327
f 321 1325 1328
f 1327 1328 1325
f 25 1315 1276
f 341 1330 1315
f 328 1276 1330
f 1315 1330 1276
f 90 1331 1319
f 343 1332 1331
f 341 1319 1332
f 1331 1332 1319
f 88 1281 1334
f 328 1333 1281
f 343 1334 1333
f 1281 1333 1334
f 341 1332 1330
f 343 1333 1332
f 328 1330 1333
f 1332 1333 1330
f 26 1259 1304
f 325 1335 1259
f 336 1304 1335
f 1259 1335 1304
f 85 1336 1263
f 344 1337 1336
f 325 1263 1337
f 1336 1337 1263
f 90 1309 1339
f 336 1338 1309
f 344 1339 1338
f 1309 1338 1339
f 325 1337 1335
f 344 1338 1337
f 336 1335 1338
f 1337 1338 1335
f 88 1334 1326
f 343 1340 1334
f 342 1326 1340
f 1334 1340 1326
f 90 1339 1331
f 344 1341 1339
f 343 1331 1341
f 1339 1341 1331
f 85 1329 1336
f 342 1342 1329
f 344 1336 1342
f 1329 1342 1336
f 343 1341 1340
f 344 1342 1341
f 342 1340 1342
f 1341 1342 1340
f 12 1100 1344
f 284 1343 1100
f 346 1344 1343
f 1100 1343 1344
f 77 1345 1103
f 345 1346 1345
f 284 1103 1346
f 1345 1346 1103
f 93 1347 1349
f 346 1348 1347
f 345 1349 1348
f 1347 1348 1349
f 284 1346 1343
f 345 1348 1346
f 346 1343 1348
f 1346 1348 1343
f 22 1350 1113
f 347 1351 1350
f 287 1113 1351
f 1350 1351 1113
f 92 1352 1354
f 348 1353 1352
f 347 1354 1353
f 1352 1353 1354
f 77 1118 1356
f 287 1355 1118
f 348 1356 1355
f 1118 1355 1356
f 347 1353 1351
f 348 1355 1353
f 287 1351 1355
f 1353 1355 1351
f 28 1357 1359
f 349 1358 1357
f 351 1359 1358
f 1357 1358 1359
f 93 1360 1362
f 350 1361 1360
f 349 1362 1361
f 1360 1361 1362
f 92 1363 1365
f 351 1364 1363
f 350 1365 1364
f 1363 1364 1365
f 349 1361 1358
f 350 1364 1361
f 351 1358 1364
f 1361 1364 1358
f 77 1356 1345
f 348 1366 1356
f 345 1345 1366
f 1356 1366 1345
f 92 1365 1352
f 350 1367 1365
f 348 1352 1367
f 1365 1367 1352
f 93 1349 1360
f 345 1368 1349
f 350 1360 1368
f 1349 1368 1360
f 348 1367 1366
f 350 1368 1367
f 345 1366 1368
f 1367 1368 1366
f 11 1369 1073
f 352 1370 1369
f 276 1073 1370
f 1369 1370 1073
f 94 1371 1373
f 353 1372 1371
f 352 1373 1372
f 1371 1372 1373
f 74 1077 1375
f 276 1374 1077
f 353 1375 1374
f 1077 1374 1375
f 352 1372 1370
f 353 1374 1372
f 276 1370 1374
f 1372 1374 1370
f 27 1376 1378
f 354 1377 1376
f 356 1378 1377
f 1376 1377 1378
f 95 1379 1381
f 355 1380 1379
f 354 1381 1380
f 1379 1380 1381
f 94 1382 1384
f 356 1383 1382
f 355 1384 1383
f 1382 1383 1384
f 354 1380 1377
f 355 1383 1380
f 356 1377 1383
f 1380 1383 1377
f 22 1082 1386
f 280 1385 1082
f 358 1386 1385
f 1082 1385 1386
f 74 1387 1086
f 357 1388 1387
f 280 1086 1388
f 1387 1388 1086
f 95 1389 1391
f 358 1390 1389
f 357 1391 1390
f 1389 1390 1391
f 280 1388 1385
f 357 1390 1388
f 358 1385 1390
f 1388 1390 1385
f 94 1384 1371
f 355 1392 1384
f 353 1371 1392
f 1384 1392 1371
f 95 1391 1379
f 357 1393 1391
f 355 1379 1393
f 1391 1393 1379
f 74 1375 1387
f 353 1394 1375
f 357 1387 1394
f 1375 1394 1387
f 355 1393 1392
f 357 1394 1393
f 353 1392 1394
f 1393 1394 1392
f 3 1395 1397
f 359 1396 1395
f 361 1397 1396
f 1395 1396 1397
f 96 1398 1400
f 360 1399 1398
f 359 1400 1399
f 1398 1399 1400
f 98 1401 1403
f 361 1402 1401
f 360 1403 1402
f 1401 1402 1403
f 359 1399 1396
f 360 1402 1399
f 361 1396 1402
f 1399 1402 1396
f 28 1404 1406
f 362 1405 1404
f 364 1406 1405
f 1404 1405 1406
f 97 1407 1409
f 363 1408 1407
f 362 1409 1408
f 1407 1408 1409
f 96 1410 1412
f 364 1411 1410
f 363 1412 1411
f 1410 1411 1412
f 362 1408 1405
f 363 1411 1408
f 364 1405 1411
f 1408 1411 1405
f 27 1413 1415
f 365 1414 1413
f 367 1415 1414
f 1413 1414 1415
f 98 1416 1418
f 366 1417 1416
f 365 1418 1417
f 1416 1417 1418
f 97 1419 1421
f 367 1420 1419
f 366 1421 1420
f 1419 1420 1421
f 365 1417 1414
f 366 1420 1417
f 367 1414 1420
f 1417 1420 1414
f 96 1412 1398
f 363 1422 1412
f 360 1398 1422
f 1412 1422 1398
f 97 1421 1407
f 366 1423 1421
f 363 1407 1423
f 1421 1423 1407
f 98 1403 1416
f 360 1424 1403
f 366 1416 1424
f 1403 1424 1416
f 363 1423 1422
f 366 1424 1423
f 360 1422 1424
f 1423 1424 1422
f 22 1386 1350
f 358 1425 1386
f 347 1350 1425
f 1386 1425 1350
f 95 1426 1389
f 368 1427 1426
f 358 1389 1427
f 1426 1427 1389
f 92 1354 1429
f 347 1428 1354
f 368 1429 1428
f 1354 1428 1429
f 358 1427 1425
f 368 1428 1427
f 347 1425 1428
f 1427 1428 1425
f 27 1415 1376
f 367 1430 1415
f 354 1376 1430
f 1415 1430 1376
f 97 1431 1419
f 369 1432 1431
f 367 1419 1432
f 1431 1432 1419
f 95 1381 1434
f 354 1433 1381
f 369 1434 1433
f 1381 1433 1434
f 367 1432 1430
f 369 1433 1432
f 354 1430 1433
f 1432 1433 1430
f 28 1359 1404
f 351 1435 1359
f 362 1404 1435
f 1359 1435 1404
f 92 1436 1363
f 370 1437 1436
f 351 1363 1437
f 1436 1437 1363
f 97 1409 1439
f 362 1438 1409
f 370 1439 1438
f 1409 1438 1439
f 351 1437 1435
f 370 1438 1437
f 362 1435 1438
f 1437 1438 1435
f 95 1434 1426
f 369 1440 1434
f 368 1426 1440
f 1434 1440 1426
f 97 1439 1431
f 370 1441 1439
f 369 1431 1441
f 1439 1441 1431
f 92 1429 1436
f 368 1442 1429
f 370 1436 1442
f 1429 1442 1436
f 369 1441 1440
f 370 1442 1441
f 368 1440 1442
f 1441 1442 1440
f 11 1005 1444
f 261 1443 1005
f 372 1444 1443
f 1005 1443 1444
f 72 1445 1009
f 371 1446 1445
f 261 1009 1446
f 1445 1446 1009
f 100 1447 1449
f 372 1448 1447
f 371 1449 1448
f 1447 1448 1449
f 261 1446 1443
f 371 1448 1446
f 372 1443 1448
f 1446 1448 1443
f 20 1450 1021
f 373 1451 1450
f 265 1021 1451
f 1450 1451 1021
f 99 1452 1454
f 374 1453 1452
f 373 1454 1453
f 1452 1453 1454
f 72 1026 1456
f 265 1455 1026
f 374 1456 1455
f 1026 1455 1456
f 373 1453 1451
f 374 1455 1453
f 265 1451 1455
f 1453 1455 1451
f 30 1457 1459
f 375 1458 1457
f 377 1459 1458
f 1457 1458 1459
f 100 1460 1462
f 376 1461 1460
f 375 1462 1461
f 1460 1461 1462
f 99 1463 1465
f 377 1464 1463
f 376 1465 1464
f 1463 1464 1465
f 375 1461 1458
f 376 1464 1461
f 377 1458 1464
f 1461 1464 1458
f 72 1456 1445
f 374 1466 1456
f 371 1445 1466
f 1456 1466 1445
f 99 1465 1452
f 376 1467 1465
f 374 1452 1467
f 1465 1467 1452
f 100 1449 1460
f 371 1468 1449
f 376 1460 1468
f 1449 1468 1460
f 374 1467 1466
f 376 1468 1467
f 371 1466 1468
f 1467 1468 1466
f 8 1469 977
f 378 1470 1469
f 252 977 1470
f 1469 1470 977
f 101 1471 1473
f 379 1472 1471
f 378 1473 1472
f 1471 1472 1473
f 68 981 1475
f 252 1474 981
f 379 1475 1474
f 981 1474 1475
f 378 1472 1470
f 379 1474 1472
f 252 1470 1474
f 1472 1474 1470
f 29 1476 1478
f 380 1477 1476
f 382 1478 1477
f 1476 1477 1478
f 102 1479 1481
f 381 1480 1479
f 380 1481 1480
f 1479 1480 1481
f 101 1482 1484
f 382 1483 1482
f 381 1484 1483
f 1482 1483 1484
f 380 1480 1477
f 381 1483 1480
f 382 1477 1483
f 1480 1483 1477
f 20 986 1486
f 256 1485 986
f 384 1486 1485
f 986 1485 1486
f 68 1487 990
f 383 1488 1487
f 256 990 1488
f 1487 1488 990
f 102 1489 1491
f 384 1490 1489
f 383 1491 1490
f 1489 1490 1491
f 256 1488 1485
f 383 1490 1488
f 384 1485 1490
f 1488 1490 1485
f 101 1484 1471
f 381 1492 1484
f 379 1471 1492
f 1484 1492 1471
f 102 1491 1479
f 383 1493 1491
f 381 1479 1493
f 1491 1493 1479
f 68 1475 1487
f 379 1494 1475
f 383 1487 1494
f 1475 1494 1487
f 381 1493 1492
f 383 1494 1493
f 379 1492 1494
f 1493 1494 1492
f 7 1495 1497
f 385 1496 1495
f 387 1497 1496
f 1495 1496 1497
f 103 1498 1500
f 386 1499 1498
f 385 1500 1499
f 1498 1499 1500
f 105 1501 1503
f 387 1502 1501
f 386 1503 1502
f 1501 1502 1503
f 385 1499 1496
f 386 1502 1499
f 387 1496 1502
f 1499 1502 1496
f 30 1504 1506
f 388 1505 1504
f 390 1506 1505
f 1504 1505 1506
f 104 1507 1509
f 389 1508 1507
f 388 1509 1508
f 1507 1508 1509
f 103 1510 1512
f 390 1511 1510
f 389 1512 1511
f 1510 1511 1512
f 388 1508 1505
f 389 1511 1508
f 390 1505 1511
f 1508 1511 1505
f 29 1513 1515
f 391 1514 1513
f 393 1515 1514
f 1513 1514 1515
f 105 1516 1518
f 392 1517 1516
f 391 1518 1517
f 1516 1517 1518
f 104 1519 1521
f 393 1520 1519
f 392 1521 1520
f 1519 1520 1521
f 391 1517 1514
f 392 1520 1517
f 393 1514 1520
f 1517 1520 1514
f 103 1512 1498
f 389 1522 1512
f 386 1498 1522
f 1512 1522 1498
f 104 1521 1507
f 392 1523 1521
f 389 1507 1523
f 1521 1523 1507
f 105 1503 1516
f 386 1524 1503
f 392 1516 1524
f 1503 1524 1516
f 389 1523 1522
f 392 1524 1523
f 386 1522 1524
f 1523 1524 1522
f 20 1486 1450
f 384 1525 1486
f 373 1450 1525
f 1486 1525 1450
f 102 1526 1489
f 394 1527 1526
f 384 1489 1527
f 1526 1527 1489
f 99 1454 1529
f 373 1528 1454
f 394 1529 1528
f 1454 1528 1529
f 384 1527 1525
f 394 1528 1527
f 373 1525 1528
f 1527 1528 1525
f 29 1515 1476
f 393 1530 1515
f 380 1476 1530
f 1515 1530 1476
f 104 1531 1519
f 395 1532 1531
f 393 1519 1532
f 1531 1532 1519
f 102 1481 1534
f 380 1533 1481
f 395 1534 1533
f 1481 1533 1534
f 393 1532 1530
f 395 1533 1532
f 380 1530 1533
f 1532 1533 1530
f 30 1459 1504
f 377 1535 1459
f 388 1504 1535
f 1459 1535 1504
f 99 1536 1463
f 396 1537 1536
f 377 1463 1537
f 1536 1537 1463
f 104 1509 1539
f 388 1538 1509
f 396 1539 1538
f 1509 1538 1539
f 377 1537 1535
f 396 1538 1537
f 388 1535 1538
f 1537 1538 1535
f 102 1534 1526
f 395 1540 1534
f 394 1526 1540
f 1534 1540 1526
f 104 1539 1531
f 396 1541 1539
f 395 1531 1541
f 1539 1541 1531
f 99 1529 1536
f 394 1542 1529
f 396 1536 1542
f 1529 1542 1536
f 395 1541 1540
f 396 1542 1541
f 394 1540 1542
f 1541 1542 1540
f 8 905 1544
f 235 1543 905
f 398 1544 1543
f 905 1543 1544
f 65 1545 909
f 397 1546 1545
f 235 909 1546
f 1545 1546 909
f 107 1547 1549
f 398 1548 1547
f 397 1549 1548
f 1547 1548 1549
f 235 1546 1543
f 397 1548 1546
f 398 1543 1548
f 1546 1548 1543
f 18 1550 921
f 399 1551 1550
f 239 921 1551
f 1550 1551 921
f 106 1552 1554
f 400 1553 1552
f 399 1554 1553
f 1552 1553 1554
f 65 926 1556
f 239 1555 926
f 400 1556 1555
f 926 1555 1556
f 399 1553 1551
f 400 1555 1553
f 239 1551 1555
f 1553 1555 1551
f 32 1557 1559
f 401 1558 1557
f 403 1559 1558
f 1557 1558 1559
f 107 1560 1562
f 402 1561 1560
f 401 1562 1561
f 1560 1561 1562
f 106 1563 1565
f 403 1564 1563
f 402 1565 1564
f 1563 1564 1565
f 401 1561 1558
f 402 1564 1561
f 403 1558 1564
f 1561 1564 1558
f 65 1556 1545
f 400 1566 1556
f 397 1545 1566
f 1556 1566 1545
f 106 1565 1552
f 402 1567 1565
f 400 1552 1567
f 1565 1567 1552
f 107 1549 1560
f 397 1568 1549
f 402 1560 1568
f 1549 1568 1560
f 400 1567 1566
f 402 1568 1567
f 397 1566 1568
f 1567 1568 1566
f 2 1569 877
f 404 1570 1569
f 226 877 1570
f 1569 1570 877
f 108 1571 1573
f 405 1572 1571
f 404 1573 1572
f 1571 1572 1573
f 61 881 1575
f 226 1574 881
f 405 1575 1574
f 881 1574 1575
f 404 1572 1570
f 405 1574 1572
f 226 1570 1574
f 1572 1574 1570
f 31 1576 1578
f 406 1577 1576
f 408 1578 1577
f 1576 1577 1578
f 109 1579 1581
f 407 1580 1579
f 406 1581 1580
f 1579 1580 1581
f 108 1582 1584
f 408 1583 1582
f 407 1584 1583
f 1582 1583 1584
f 406 1580 1577
f 407 1583 1580
f 408 1577 1583
f 1580 1583 1577
f 18 886 1586
f 230 1585 886
f 410 1586 1585
f 886 1585 1586
f 61 1587 890
f 409 1588 1587
f 230 890 1588
f 1587 1588 890
f 109 1589 1591
f 410 1590 1589
f 409 1591 1590
f 1589 1590 1591
f 230 1588 1585
f 409 1590 1588
f 410 1585 1590
f 1588 1590 1585
f 108 1584 1571
f 407 1592 1584
f 405 1571 1592
f 1584 1592 1571
f 109 1591 1579
f 409 1593 1591
f 407 1579 1593
f 1591 1593 1579
f 61 1575 1587
f 405 1594 1575
f 409 1587 1594
f 1575 1594 1587
f 407 1593 1592
f 409 1594 1593
f 405 1592 1594
f 1593 1594 1592
f 9 1595 1597
f 411 1596 1595
f 413 1597 1596
f 1595 1596 1597
f 110 1598 1600
f 412 1599 1598
f 411 1600 1599
f 1598 1599 1600
f 112 1601 1603
f 413 1602 1601
f 412 1603 1602
f 1601 1602 1603
f 411 1599 1596
f 412 1602 1599
f 413 1596 1602
f 1599 1602 1596
f 32 1604 1606
f 414 1605 1604
f 416 1606 1605
f 1604 1605 1606
f 111 1607 1609
f 415 1608 1607
f 414 1609 1608
f 1607 1608 1609
f 110 1610 1612
f 416 1611 1610
f 415 1612 1611
f 1610 1611 1612
f 414 1608 1605
f 415 1611 1608
f 416 1605 1611
f 1608 1611 1605
f 31 1613 1615
f 417 1614 1613
f 419 1615 1614
f 1613 1614 1615
f 112 1616 1618
f 418 1617 1616
f 417 1618 1617
f 1616 1617 1618
f 111 1619 1621
f 419 1620 1619
f 418 1621 1620
f 1619 1620 1621
f 417 1617 1614
f 418 1620 1617
f 419 1614 1620
f 1617 1620 1614
f 110 1612 1598
f 415 1622 1612
f 412 1598 1622
f 1612 1622 1598
f 111 1621 1607
f 418 1623 1621
f 415 1607 1623
f 1621 1623 1607
f 112 1603 1616
f 412 1624 1603
f 418 1616 1624
f 1603 1624 1616
f 415 1623 1622
f 418 1624 1623
f 412 1622 1624
f 1623 1624 1622
f 18 1586 1550
f 410 1625 1586
f 399 1550 1625
f 1586 1625 1550
f 109 1626 1589
f 420 1627 1626
f 410 1589 1627
f 1626 1627 1589
f 106 1554 1629
f 399 1628 1554
f 420 1629 1628
f 1554 1628 1629
f 410 1627 1625
f 420 1628 1627
f 399 1625 1628
f 1627 1628 1625
f 31 1615 1576
f 419 1630 1615
f 406 1576 1630
f 1615 1630 1576
f 111 1631 1619
f 421 1632 1631
f 419 1619 1632
f 1631 1632 1619
f 109 1581 1634
f 406 1633 1581
f 421 1634 1633
f 1581 1633 1634
f 419 1632 1630
f 421 1633 1632
f 406 1630 1633
f 1632 1633 1630
f 32 1559 1604
f 403 1635 1559
f 414 1604 1635
f 1559 1635 1604
f 106 1636 1563
f 422 1637 1636
f 403 1563 1637
f 1636 1637 1563
f 111 1609 1639
f 414 1638 1609
f 422 1639 1638
f 1609 1638 1639
f 403 1637 1635
f 422 1638 1637
f 414 1635 1638
f 1637 1638 1635
f 109 1634 1626
f 421 1640 1634
f 420 1626 1640
f 1634 1640 1626
f 111 1639 1631
f 422 1641 1639
f 421 1631 1641
f 1639 1641 1631
f 106 1629 1636
f 420 1642 1629
f 422 1636 1642
f 1629 1642 1636
f 421 1641 1640
f 422 1642 1641
f 420 1640 1642
f 1641 1642 1640
f 4 1643 1645
f 423 1644 1643
f 425 1645 1644
f 1643 1644 1645
f 113 1646 1648
f 424 1647 1646
f 423 1648 1647
f 1646 1647 1648
f 115 1649 1651
f 425 1650 1649
f 424 1651 1650
f 1649 1650 1651
f 423 1647 1644
f 424 1650 1647
f 425 1644 1650
f 1647 1650 1644
f 33 1652 1654
f 426 1653 1652
f 428 1654 1653
f 1652 1653 1654
f 114 1655 1657
f 427 1656 1655
f 426 1657 1656
f 1655 1656 1657
f 113 1658 1660
f 428 1659 1658
f 427 1660 1659
f 1658 1659 1660
f 426 1656 1653
f 427 1659 1656
f 428 1653 1659
f 1656 1659 1653
f 35 1661 1663
f 429 1662 1661
f 431 1663 1662
f 1661 1662 1663
f 115 1664 1666
f 430 1665 1664
f 429 1666 1665
f 1664 1665 1666
f 114 1667 1669
f 431 1668 1667
f 430 1669 1668
f 1667 1668 1669
f 429 1665 1662
f 430 1668 1665
f 431 1662 1668
f 1665 1668 1662
f 113 1660 1646
f 427 1670 1660
f 424 1646 1670
f 1660 1670 1646
f 114 1669 1655
f 430 1671 1669
f 427 1655 1671
f 1669 1671 1655
f 115 1651 1664
f 424 1672 1651
f 430 1664 1672
f 1651 1672 1664
f 427 1671 1670
f 430 1672 1671
f 424 1670 1672
f 1671 1672 1670
f 10 1673 1675
f 432 1674 1673
f 434 1675 1674
f 1673 1674 1675
f 116 1676 1678
f 433 1677 1676
f 432 1678 1677
f 1676 1677 1678
f 118 1679 1681
f 434 1680 1679
f 433 1681 1680
f 1679 1680 1681
f 432 1677 1674
f 433 1680 1677
f 434 1674 1680
f 1677 1680 1674
f 34 1682 1684
f 435 1683 1682
f 437 1684 1683
f 1682 1683 1684
f 117 1685 1687
f 436 1686 1685
f 435 1687 1686
f 1685 1686 1687
f 116 1688 1690
f 437 1689 1688
f 436 1690 1689
f 1688 1689 1690
f 435 1686 1683
f 436 1689 1686
f 437 1683 1689
f 1686 1689 1683
f 33 1691 1693
f 438 1692 1691
f 440 1693 1692
f 1691 1692 1693
f 118 1694 1696
f 439 1695 1694
f 438 1696 1695
f 1694 1695 1696
f 117 1697 1699
f 440 1698 1697
f 439 1699 1698
f 1697 1698 1699
f 438 1695 1692
f 439 1698 1695
f 440 1692 1698
f 1695 1698 1692
f 116 1690 1676
f 436 1700 1690
f 433 1676 1700
f 1690 1700 1676
f 117 1699 1685
f 439 1701 1699
f 436 1685 1701
f 1699 1701 1685
f 118 1681 1694
f 433 1702 1681
f 439 1694 1702
f 1681 1702 1694
f 436 1701 1700
f 439 1702 1701
f 433 1700 1702
f 1701 1702 1700
f 5 1703 1705
f 441 1704 1703
f 443 1705 1704
f 1703 1704 1705
f 119 1706 1708
f 442 1707 1706
f 441 1708 1707
f 1706 1707 1708
f 121 1709 1711
f 443 1710 1709
f 442 1711 1710
f 1709 1710 1711
f 441 1707 1704
f 442 1710 1707
f 443 1704 1710
f 1707 1710 1704
f 35 1712 1714
f 444 1713 1712
f 446 1714 1713
f 1712 1713 1714
f 120 1715 1717
f 445 1716 1715
f 444 1717 1716
f 1715 1716 1717
f 119 1718 1720
f 446 1719 1718
f 445 1720 1719
f 1718 1719 1720
f 444 1716 1713
f 445 1719 1716
f 446 1713 1719
f 1716 1719 1713
f 34 1721 1723
f 447 1722 1721
f 449 1723 1722
f 1721 1722 1723
f 121 1724 1726
f 448 1725 1724
f 447 1726 1725
f 1724 1725 1726
f 120 1727 1729
f 449 1728 1727
f 448 1729 1728
f 1727 1728 1729
f 447 1725 1722
f 448 1728 1725
f 449 1722 1728
f 1725 1728 1722
f 119 1720 1706
f 445 1730 1720
f 442 1706 1730
f 1720 1730 1706
f 120 1729 1715
f 448 1731 1729
f 445 1715 1731
f 1729 1731 1715
f 121 1711 1724
f 442 1732 1711
f 448 1724 1732
f 1711 1732 1724
f 445 1731 1730
f 448 1732 1731
f 442 1730 1732
f 1731 1732 1730
f 33 1693 1652
f 440 1733 1693
f 426 1652 1733
f 1693 1733 1652
f 117 1734 1697
f 450 1735 1734
f 440 1697 1735
f 1734 1735 1697
f 114 1657 1737
f 426 1736 1657
f 450 1737 1736
f 1657 1736 1737
f 440 1735 1733
f 450 1736 1735
f 426 1733 1736
f 1735 1736 1733
f 34 1723 1682
f 449 1738 1723
f 435 1682 1738
f 1723 1738 1682
f 120 1739 1727
f 451 1740 1739
f 449 1727 1740
f 1739 1740 1727
f 117 1687 1742
f 435 1741 1687
f 451 1742 1741
f 1687 1741 1742
f 449 1740 1738
f 451 1741 1740
f 435 1738 1741
f 1740 1741 1738
f 35 1663 1712
f 431 1743 1663
f 444 1712 1743
f 1663 1743 1712
f 114 1744 1667
f 452 1745 1744
f 431 1667 1745
f 1744 1745 1667
f 120 1717 1747
f 444 1746 1717
f 452 1747 1746
f 1717 1746 1747
f 431 1745 1743
f 452 1746 1745
f 444 1743 1746
f 1745 1746 1743
f 117 1742 1734
f 451 1748 1742
f 450 1734 1748
f 1742 1748 1734
f 120 1747 1739
f 452 1749 1747
f 451 1739 1749
f 1747 1749 1739
f 114 1737 1744
f 450 1750 1737
f 452 1744 1750
f 1737 1750 1744
f 451 1749 1748
f 452 1750 1749
f 450 1748 1750
f 1749 1750 1748
f 4 1645 1752
f 425 1751 1645
f 454 1752 1751
f 1645 1751 1752
f 115 1753 1649
f 453 1754 1753
f 425 1649 1754
f 1753 1754 1649
f 123 1755 1757
f 454 1756 1755
f 453 1757 1756
f 1755 1756 1757
f 425 1754 1751
f 453 1756 1754
f 454 1751 1756
f 1754 1756 1751
f 35 1758 1661
f 455 1759 1758
f 429 1661 1759
f 1758 1759 1661
f 122 1760 1762
f 456 1761 1760
f 455 1762 1761
f 1760 1761 1762
f 115 1666 1764
f 429 1763 1666
f 456 1764 1763
f 1666 1763 1764
f 455 1761 1759
f 456 1763 1761
f 429 1759 1763
f 1761 1763 1759
f 37 1765 1767
f 457 1766 1765
f 459 1767 1766
f 1765 1766 1767
f 123 1768 1770
f 458 1769 1768
f 457 1770 1769
f 1768 1769 1770
f 122 1771 1773
f 459 1772 1771
f 458 1773 1772
f 1771 1772 1773
f 457 1769 1766
f 458 1772 1769
f 459 1766 1772
f 1769 1772 1766
f 115 1764 1753
f 456 1774 1764
f 453 1753 1774
f 1764 1774 1753
f 122 1773 1760
f 458 1775 1773
f 456 1760 1775
f 1773 1775 1760
f 123 1757 1768
f 453 1776 1757
f 458 1768 1776
f 1757 1776 1768
f 456 1775 1774
f 458 1776 1775
f 453 1774 1776
f 1775 1776 1774
f 5 1777 1703
f 460 1778 1777
f 441 1703 1778
f 1777 1778 1703
f 124 1779 1781
f 461 1780 1779
f 460 1781 1780
f 1779 1780 1781
f 119 1708 1783
f 441 1782 1708
f 461 1783 1782
f 1708 1782 1783
f 460 1780 1778
f 461 1782 1780
f 441 1778 1782
f 1780 1782 1778
f 36 1784 1786
f 462 1785 1784
f 464 1786 1785
f 1784 1785 1786
f 125 1787 1789
f 463 1788 1787
f 462 1789 1788
f 1787 1788 1789
f 124 1790 1792
f 464 1791 1790
f 463 1792 1791
f 1790 1791 1792
f 462 1788 1785
f 463 1791 1788
f 464 1785 1791
f 1788 1791 1785
f 35 1714 1794
f 446 1793 1714
f 466 1794 1793
f 1714 1793 1794
f 119 1795 1718
f 465 1796 1795
f 446 1718 1796
f 1795 1796 1718
f 125 1797 1799
f 466 1798 1797
f 465 1799 1798
f 1797 1798 1799
f 446 1796 1793
f 465 1798 1796
f 466 1793 1798
f 1796 1798 1793
f 124 1792 1779
f 463 1800 1792
f 461 1779 1800
f 1792 1800 1779
f 125 1799 1787
f 465 1801 1799
f 463 1787 1801
f 1799 1801 1787
f 119 1783 1795
f 461 1802 1783
f 465 1795 1802
f 1783 1802 1795
f 463 1801 1800
f 465 1802 1801
f 461 1800 1802
f 1801 1802 1800
f 3 1803 1805
f 467 1804 1803
f 469 1805 1804
f 1803 1804 1805
f 126 1806 1808
f 468 1807 1806
f 467 1808 1807
f 1806 1807 1808
f 128 1809 1811
f 469 1810 1809
f 468 1811 1810
f 1809 1810 1811
f 467 1807 1804
f 468 1810 1807
f 469 1804 1810
f 1807 1810 1804
f 37 1812 1814
f 470 1813 1812
f 472 1814 1813
f 1812 1813 1814
f 127 1815 1817
f 471 1816 1815
f 470 1817 1816
f 1815 1816 1817
f 126 1818 1820
f 472 1819 1818
f 471 1820 1819
f 1818 1819 1820
f 470 1816 1813
f 471 1819 1816
f 472 1813 1819
f 1816 1819 1813
f 36 1821 1823
f 473 1822 1821
f 475 1823 1822
f 1821 1822 1823
f 128 1824 1826
f 474 1825 1824
f 473 1826 1825
f 1824 1825 1826
f 127 1827 1829
f 475 1828 1827
f 474 1829 1828
f 1827 1828 1829
f 473 1825 1822
f 474 1828 1825
f 475 1822 1828
f 1825 1828 1822
f 126 1820 1806
f 471 1830 1820
f 468 1806 1830
f 1820 1830 1806
f 127 1829 1815
f 474 1831 1829
f 471 1815 1831
f 1829 1831 1815
f 128 1811 1824
f 468 1832 1811
f 474 1824 1832
f 1811 1832 1824
f 471 1831 1830
f 474 1832 1831
f 468 1830 1832
f 1831 1832 1830
f 35 1794 1758
f 466 1833 1794
f 455 1758 1833
f 1794 1833 1758
f 125 1834 1797
f 476 1835 1834
f 466 1797 1835
f 1834 1835 1797
f 122 1762 1837
f 455 1836 1762
f 476 1837 1836
f 1762 1836 1837
f 466 1835 1833
f 476 1836 1835
f 455 1833 1836
f 1835 1836 1833
f 36 1823 1784
f 475 1838 1823
f 462 1784 1838
f 1823 1838 1784
f 127 1839 1827
f 477 1840 1839
f 475 1827 1840
f 1839 1840 1827
f 125 1789 1842
f 462 1841 1789
f 477 1842 1841
f 1789 1841 1842
f 475 1840 1838
f 477 1841 1840
f 462 1838 1841
f 1840 1841 1838
f 37 1767 1812
f 459 1843 1767
f 470 1812 1843
f 1767 1843 1812
f 122 1844 1771
f 478 1845 1844
f 459 1771 1845
f 1844 1845 1771
f 127 1817 1847
f 470 1846 1817
f 478 1847 1846
f 1817 1846 1847
f 459 1845 1843
f 478 1846 1845
f 470 1843 1846
f 1845 1846 1843
f 125 1842 1834
f 477 1848 1842
f 476 1834 1848
f 1842 1848 1834
f 127 1847 1839
f 478 1849 1847
f 477 1839 1849
f 1847 1849 1839
f 122 1837 1844
f 476 1850 1837
f 478 1844 1850
f 1837 1850 1844
f 477 1849 1848
f 478 1850 1849
f 476 1848 1850
f 1849 1850 1848
f 4 1752 1852
f 454 1851 1752
f 480 1852 1851
f 1752 1851 1852
f 123 1853 1755
f 479 1854 1853
f 454 1755 1854
f 1853 1854 1755
f 130 1855 1857
f 480 1856 1855
f 479 1857 1856
f 1855 1856 1857
f 454 1854 1851
f 479 1856 1854
f 480 1851 1856
f 1854 1856 1851
f 37 1858 1765
f 481 1859 1858
f 457 1765 1859
f 1858 1859 1765
f 129 1860 1862
f 482 1861 1860
f 481 1862 1861
f 1860 1861 1862
f 123 1770 1864
f 457 1863 1770
f 482 1864 1863
f 1770 1863 1864
f 481 1861 1859
f 482 1863 1861
f 457 1859 1863
f 1861 1863 1859
f 39 1865 1867
f 483 1866 1865
f 485 1867 1866
f 1865 1866 1867
f 130 1868 1870
f 484 1869 1868
f 483 1870 1869
f 1868 1869 1870
f 129 1871 1873
f 485 1872 1871
f 484 1873 1872
f 1871 1872 1873
f 483 1869 1866
f 484 1872 1869
f 485 1866 1872
f 1869 1872 1866
f 123 1864 1853
f 482 1874 1864
f 479 1853 1874
f 1864 1874 1853
f 129 1873 1860
f 484 1875 1873
f 482 1860 1875
f 1873 1875 1860
f 130 1857 1868
f 479 1876 1857
f 484 1868 1876
f 1857 1876 1868
f 482 1875 1874
f 484 1876 1875
f 479 1874 1876
f 1875 1876 1874
f 3 1877 1803
f 486 1878 1877
f 467 1803 1878
f 1877 1878 1803
f 131 1879 1881
f 487 1880 1879
f 486 1881 1880
f 1879 1880 1881
f 126 1808 1883
f 467 1882 1808
f 487 1883 1882
f 1808 1882 1883
f 486 1880 1878
f 487 1882 1880
f 467 1878 1882
f 1880 1882 1878
f 38 1884 1886
f 488 1885 1884
f 490 1886 1885
f 1884 1885 1886
f 132 1887 1889
f 489 1888 1887
f 488 1889 1888
f 1887 1888 1889
f 131 1890 1892
f 490 1891 1890
f 489 1892 1891
f 1890 1891 1892
f 488 1888 1885
f 489 1891 1888
f 490 1885 1891
f 1888 1891 1885
f 37 1814 1894
f 472 1893 1814
f 492 1894 1893
f 1814 1893 1894
f 126 1895 1818
f 491 1896 1895
f 472 1818 1896
f 1895 1896 1818
f 132 1897 1899
f 492 1898 1897
f 491 1899 1898
f 1897 1898 1899
f 472 1896 1893
f 491 1898 1896
f 492 1893 1898
f 1896 1898 1893
f 131 1892 1879
f 489 1900 1892
f 487 1879 1900
f 1892 1900 1879
f 132 1899 1887
f 491 1901 1899
f 489 1887 1901
f 1899 1901 1887
f 126 1883 1895
f 487 1902 1883
f 491 1895 1902
f 1883 1902 1895
f 489 1901 1900
f 491 1902 1901
f 487 1900 1902
f 1901 1902 1900
f 7 1903 1905
f 493 1904 1903
f 495 1905 1904
f 1903 1904 1905
f 133 1906 1908
f 494 1907 1906
f 493 1908 1907
f 1906 1907 1908
f 135 1909 1911
f 495 1910 1909
f 494 1911 1910
f 1909 1910 1911
f 493 1907 1904
f 494 1910 1907
f 495 1904 1910
f 1907 1910 1904
f 39 1912 1914
f 496 1913 1912
f 498 1914 1913
f 1912 1913 1914
f 134 1915 1917
f 497 1916 1915
f 496 1917 1916
f 1915 1916 1917
f 133 1918 1920
f 498 1919 1918
f 497 1920 1919
f 1918 1919 1920
f 496 1916 1913
f 497 1919 1916
f 498 1913 1919
f 1916 1919 1913
f 38 1921 1923
f 499 1922 1921
f 501 1923 1922
f 1921 1922 1923
f 135 1924 1926
f 500 1925 1924
f 499 1926 1925
f 1924 1925 1926
f 134 1927 1929
f 501 1928 1927
f 500 1929 1928
f 1927 1928 1929
f 499 1925 1922
f 500 1928 1925
f 501 1922 1928
f 1925 1928 1922
f 133 1920 1906
f 497 1930 1920
f 494 1906 1930
f 1920 1930 1906
f 134 1929 1915
f 500 1931 1929
f 497 1915 1931
f 1929 1931 1915
f 135 1911 1924
f 494 1932 1911
f 500 1924 1932
f 1911 1932 1924
f 497 1931 1930
f 500 1932 1931
f 494 1930 1932
f 1931 1932 1930
f 37 1894 1858
f 492 1933 1894
f 481 1858 1933
f 1894 1933 1858
f 132 1934 1897
f 502 1935 1934
f 492 1897 1935
f 1934 1935 1897
f 129 1862 1937
f 481 1936 1862
f 502 1937 1936
f 1862 1936 1937
f 492 1935 1933
f 502 1936 1935
f 481 1933 1936
f 1935 1936 1933
f 38 1923 1884
f 501 1938 1923
f 488 1884 1938
f 1923 1938 1884
f 134 1939 1927
f 503 1940 1939
f 501 1927 1940
f 1939 1940 1927
f 132 1889 1942
f 488 1941 1889
f 503 1942 1941
f 1889 1941 1942
f 501 1940 1938
f 503 1941 1940
f 488 1938 1941
f 1940 1941 1938
f 39 1867 1912
f 485 1943 1867
f 496 1912 1943
f 1867 1943 1912
f 129 1944 1871
f 504 1945 1944
f 485 1871 1945
f 1944 1945 1871
f 134 1917 1947
f 496 1946 1917
f 504 1947 1946
f 1917 1946 1947
f 485 1945 1943
f 504 1946 1945
f 496 1943 1946
f 1945 1946 1943
f 132 1942 1934
f 503 1948 1942
f 502 1934 1948
f 1942 1948 1934
f 134 1947 1939
f 504 1949 1947
f 503 1939 1949
f 1947 1949 1939
f 129 1937 1944
f 502 1950 1937
f 504 1944 1950
f 1937 1950 1944
f 503 1949 1948
f 504 1950 1949
f 502 1948 1950
f 1949 1950 1948
f 4 1852 1952
f 480 1951 1852
f 506 1952 1951
f 1852 1951 1952
f 130 1953 1855
f 505 1954 1953
f 480 1855 1954
f 1953 1954 1855
f 137 1955 1957
f 506 1956 1955
f 505 1957 1956
f 1955 1956 1957
f 480 1954 1951
f 505 1956 1954
f 506 1951 1956
f 1954 1956 1951
f 39 1958 1865
f 507 1959 1958
f 483 1865 1959
f 1958 1959 1865
f 136 1960 1962
f 508 1961 1960
f 507 1962 1961
f 1960 1961 1962
f 130 1870 1964
f 483 1963 1870
f 508 1964 1963
f 1870 1963 1964
f 507 1961 1959
f 508 1963 1961
f 483 1959 1963
f 1961 1963 1959
f 41 1965 1967
f 509 1966 1965
f 511 1967 1966
f 1965 1966 1967
f 137 1968 1970
f 510 1969 1968
f 509 1970 1969
f 1968 1969 1970
f 136 1971 1973
f 511 1972 1971
f 510 1973 1972
f 1971 1972 1973
f 509 1969 1966
f 510 1972 1969
f 511 1966 1972
f 1969 1972 1966
f 130 1964 1953
f 508 1974 1964
f 505 1953 1974
f 1964 1974 1953
f 136 1973 1960
f 510 1975 1973
f 508 1960 1975
f 1973 1975 1960
f 137 1957 1968
f 505 1976 1957
f 510 1968 1976
f 1957 1976 1968
f 508 1975 1974
f 510 1976 1975
f 505 1974 1976
f 1975 1976 1974
f 7 1977 1903
f 512 1978 1977
f 493 1903 1978
f 1977 1978 1903
f 138 1979 1981
f 513 1980 1979
f 512 1981 1980
f 1979 1980 1981
f 133 1908 1983
f 493 1982 1908
f 513 1983 1982
f 1908 1982 1983
f 512 1980 1978
f 513 1982 1980
f 493 1978 1982
f 1980 1982 1978
f 40 1984 1986
f 514 1985 1984
f 516 1986 1985
f 1984 1985 1986
f 139 1987 1989
f 515 1988 1987
f 514 1989 1988
f 1987 1988 1989
f 138 1990 1992
f 516 1991 1990
f 515 1992 1991
f 1990 1991 1992
f 514 1988 1985
f 515 1991 1988
f 516 1985 1991
f 1988 1991 1985
f 39 1914 1994
f 498 1993 1914
f 518 1994 1993
f 1914 1993 1994
f 133 1995 1918
f 517 1996 1995
f 498 1918 1996
f 1995 1996 1918
f 139 1997 1999
f 518 1998 1997
f 517 1999 1998
f 1997 1998 1999
f 498 1996 1993
f 517 1998 1996
f 518 1993 1998
f 1996 1998 1993
f 138 1992 1979
f 515 2000 1992
f 513 1979 2000
f 1992 2000 1979
f 139 1999 1987
f 517 2001 1999
f 515 1987 2001
f 1999 2001 1987
f 133 1983 1995
f 513 2002 1983
f 517 1995 2002
f 1983 2002 1995
f 515 2001 2000
f 517 2002 2001
f 513 2000 2002
f 2001 2002 2000
f 9 2003 2005
f 519 2004 2003
f 521 2005 2004
f 2003 2004 2005
f 140 2006 2008
f 520 2007 2006
f 519 2008 2007
f 2006 2007 2008
f 142 2009 2011
f 521 2010 2009
f 520 2011 2010
f 2009 2010 2011
f 519 2007 2004
f 520 2010 2007
f 521 2004 2010
f 2007 2010 2004
f 41 2012 2014
f 522 2013 2012
f 524 2014 2013
f 2012 2013 2014
f 141 2015 2017
f 523 2016 2015
f 522 2017 2016
f 2015 2016 2017
f 140 2018 2020
f 524 2019 2018
f 523 2020 2019
f 2018 2019 2020
f 522 2016 2013
f 523 2019 2016
f 524 2013 2019
f 2016 2019 2013
f 40 2021 2023
f 525 2022 2021
f 527 2023 2022
f 2021 2022 2023
f 142 2024 2026
f 526 2025 2024
f 525 2026 2025
f 2024 2025 2026
f 141 2027 2029
f 527 2028 2027
f 526 2029 2028
f 2027 2028 2029
f 525 2025 2022
f 526 2028 2025
f 527 2022 2028
f 2025 2028 2022
f 140 2020 2006
f 523 2030 2020
f 520 2006 2030
f 2020 2030 2006
f 141 2029 2015
f 526 2031 2029
f 523 2015 2031
f 2029 2031 2015
f 142 2011 2024
f 520 2032 2011
f 526 2024 2032
f 2011 2032 2024
f 523 2031 2030
f 526 2032 2031
f 520 2030 2032
f 2031 2032 2030
f 39 1994 1958
f 518 2033 1994
f 507 1958 2033
f 1994 2033 1958
f 139 2034 1997
f 528 2035 2034
f 518 1997 2035
f 2034 2035 1997
f 136 1962 2037
f 507 2036 1962
f 528 2037 2036
f 1962 2036 2037
f 518 2035 2033
f 528 2036 2035
f 507 2033 2036
f 2035 2036 2033
f 40 2023 1984
f 527 2038 2023
f 514 1984 2038
f 2023 2038 1984
f 141 2039 2027
f 529 2040 2039
f 527 2027 2040
f 2039 2040 2027
f 139 1989 2042
f 514 2041 1989
f 529 2042 2041
f 1989 2041 2042
f 527 2040 2038
f 529 2041 2040
f 514 2038 2041
f 2040 2041 2038
f 41 1967 2012
f 511 2043 1967
f 522 2012 2043
f 1967 2043 2012
f 136 2044 1971
f 530 2045 2044
f 511 1971 2045
f 2044 2045 1971
f 141 2017 2047
f 522 2046 2017
f 530 2047 2046
f 2017 2046 2047
f 511 2045 2043
f 530 2046 2045
f 522 2043 2046
f 2045 2046 2043
f 139 2042 2034
f 529 2048 2042
f 528 2034 2048
f 2042 2048 2034
f 141 2047 2039
f 530 2049 2047
f 529 2039 2049
f 2047 2049 2039
f 136 2037 2044
f 528 2050 2037
f 530 2044 2050
f 2037 2050 2044
f 529 2049 2048
f 530 2050 2049
f 528 2048 2050
f 2049 2050 2048
f 4 1952 1643
f 506 2051 1952
f 423 1643 2051
f 1952 2051 1643
f 137 2052 1955
f 531 2053 2052
f 506 1955 2053
f 2052 2053 1955
f 113 1648 2055
f 423 2054 1648
f 531 2055 2054
f 1648 2054 2055
f 506 2053 2051
f 531 2054 2053
f 423 2051 2054
f 2053 2054 2051
f 41 2056 1965
f 532 2057 2056
f 509 1965 2057
f 2056 2057 1965
f 143 2058 2060
f 533 2059 2058
f 532 2060 2059
f 2058 2059 2060
f 137 1970 2062
f 509 2061 1970
f 533 2062 2061
f 1970 2061 2062
f 532 2059 2057
f 533 2061 2059
f 509 2057 2061
f 2059 2061 2057
f 33 1654 2064
f 428 2063 1654
f 535 2064 2063
f 1654 2063 2064
f 113 2065 1658
f 534 2066 2065
f 428 1658 2066
f 2065 2066 1658
f 143 2067 2069
f 535 2068 2067
f 534 2069 2068
f 2067 2068 2069
f 428 2066 2063
f 534 2068 2066
f 535 2063 2068
f 2066 2068 2063
f 137 2062 2052
f 533 2070 2062
f 531 2052 2070
f 2062 2070 2052
f 143 2069 2058
f 534 2071 2069
f 533 2058 2071
f 2069 2071 2058
f 113 2055 2065
f 531 2072 2055
f 534 2065 2072
f 2055 2072 2065
f 533 2071 2070
f 534 2072 2071
f 531 2070 2072
f 2071 2072 2070
f 9 2073 2003
f 536 2074 2073
f 519 2003 2074
f 2073 2074 2003
f 144 2075 2077
f 537 2076 2075
f 536 2077 2076
f 2075 2076 2077
f 140 2008 2079
f 519 2078 2008
f 537 2079 2078
f 2008 2078 2079
f 536 2076 2074
f 537 2078 2076
f 519 2074 2078
f 2076 2078 2074
f 42 2080 2082
f 538 2081 2080
f 540 2082 2081
f 2080 2081 2082
f 145 2083 2085
f 539 2084 2083
f 538 2085 2084
f 2083 2084 2085
f 144 2086 2088
f 540 2087 2086
f 539 2088 2087
f 2086 2087 2088
f 538 2084 2081
f 539 2087 2084
f 540 2081 2087
f 2084 2087 2081
f 41 2014 2090
f 524 2089 2014
f 542 2090 2089
f 2014 2089 2090
f 140 2091 2018
f 541 2092 2091
f 524 2018 2092
f 2091 2092 2018
f 145 2093 2095
f 542 2094 2093
f 541 2095 2094
f 2093 2094 2095
f 524 2092 2089
f 541 2094 2092
f 542 2089 2094
f 2092 2094 2089
f 144 2088 2075
f 539 2096 2088
f 537 2075 2096
f 2088 2096 2075
f 145 2095 2083
f 541 2097 2095
f 539 2083 2097
f 2095 2097 2083
f 140 2079 2091
f 537 2098 2079
f 541 2091 2098
f 2079 2098 2091
f 539 2097 2096
f 541 2098 2097
f 537 2096 2098
f 2097 2098 2096
f 10 1675 2100
f 434 2099 1675
f 544 2100 2099
f 1675 2099 2100
f 118 2101 1679
f 543 2102 2101
f 434 1679 2102
f 2101 2102 1679
f 147 2103 2105
f 544 2104 2103
f 543 2105 2104
f 2103 2104 2105
f 434 2102 2099
f 543 2104 2102
f 544 2099 2104
f 2102 2104 2099
f 33 2106 1691
f 545 2107 2106
f 438 1691 2107
f 2106 2107 1691
f 146 2108 2110
f 546 2109 2108
f 545 2110 2109
f 2108 2109 2110
f 118 1696 2112
f 438 2111 1696
f 546 2112 2111
f 1696 2111 2112
f 545 2109 2107
f 546 2111 2109
f 438 2107 2111
f 2109 2111 2107
f 42 2113 2115
f 547 2114 2113
f 549 2115 2114
f 2113 2114 2115
f 147 2116 2118
f 548 2117 2116
f 547 2118 2117
f 2116 2117 2118
f 146 2119 2121
f 549 2120 2119
f 548 2121 2120
f 2119 2120 2121
f 547 2117 2114
f 548 2120 2117
f 549 2114 2120
f 2117 2120 2114
f 118 2112 2101
f 546 2122 2112
f 543 2101 2122
f 2112 2122 2101
f 146 2121 2108
f 548 2123 2121
f 546 2108 2123
f 2121 2123 2108
f 147 2105 2116
f 543 2124 2105
f 548 2116 2124
f 2105 2124 2116
f 546 2123 2122
f 548 2124 2123
f 543 2122 2124
f 2123 2124 2122
f 41 2090 2056
f 542 2125 2090
f 532 2056 2125
f 2090 2125 2056
f 145 2126 2093
f 550 2127 2126
f 542 2093 2127
f 2126 2127 2093
f 143 2060 2129
f 532 2128 2060
f 550 2129 2128
f 2060 2128 2129
f 542 2127 2125
f 550 2128 2127
f 532 2125 2128
f 2127 2128 2125
f 42 2115 2080
f 549 2130 2115
f 538 2080 2130
f 2115 2130 2080
f 146 2131 2119
f 551 2132 2131
f 549 2119 2132
f 2131 2132 2119
f 145 2085 2134
f 538 2133 2085
f 551 2134 2133
f 2085 2133 2134
f 549 2132 2130
f 551 2133 2132
f 538 2130 2133
f 2132 2133 2130
f 33 2064 2106
f 535 2135 2064
f 545 2106 2135
f 2064 2135 2106
f 143 2136 2067
f 552 2137 2136
f 535 2067 2137
f 2136 2137 2067
f 146 2110 2139
f 545 2138 2110
f 552 2139 2138
f 2110 2138 2139
f 535 2137 2135
f 552 2138 2137
f 545 2135 2138
f 2137 2138 2135
f 145 2134 2126
f 551 2140 2134
f 550 2126 2140
f 2134 2140 2126
f 146 2139 2131
f 552 2141 2139
f 551 2131 2141
f 2139 2141 2131
f 143 2129 2136
f 550 2142 2129
f 552 2136 2142
f 2129 2142 2136
f 551 2141 2140
f 552 2142 2141
f 550 2140 2142
f 2141 2142 2140
f 5 1705 1295
f 443 2143 1705
f 333 1295 2143
f 1705 2143 1295
f 121 2144 1709
f 553 2145 2144
f 443 1709 2145
f 2144 2145 1709
f 89 1300 2147
f 333 2146 1300
f 553 2147 2146
f 1300 2146 2147
f 443 2145 2143
f 553 2146 2145
f 333 2143 2146
f 2145 2146 2143
f 34 2148 1721
f 554 2149 2148
f 447 1721 2149
f 2148 2149 1721
f 148 2150 2152
f 555 2151 2150
f 554 2152 2151
f 2150 2151 2152
f 121 1726 2154
f 447 2153 1726
f 555 2154 2153
f 1726 2153 2154
f 554 2151 2149
f 555 2153 2151
f 447 2149 2153
f 2151 2153 2149
f 26 1306 2156
f 338 2155 1306
f 557 2156 2155
f 1306 2155 2156
f 89 2157 1310
f 556 2158 2157
f 338 1310 2158
f 2157 2158 1310
f 148 2159 2161
f 557 2160 2159
f 556 2161 2160
f 2159 2160 2161
f 338 2158 2155
f 556 2160 2158
f 557 2155 2160
f 2158 2160 2155
f 121 2154 2144
f 555 2162 2154
f 553 2144 2162
f 2154 2162 2144
f 148 2161 2150
f 556 2163 2161
f 555 2150 2163
f 2161 2163 2150
f 89 2147 2157
f 553 2164 2147
f 556 2157 2164
f 2147 2164 2157
f 555 2163 2162
f 556 2164 2163
f 553 2162 2164
f 2163 2164 2162
f 10 1197 1673
f 309 2165 1197
f 432 1673 2165
f 1197 2165 1673
f 84 2166 1201
f 558 2167 2166
f 309 1201 2167
f 2166 2167 1201
f 116 1678 2169
f 432 2168 1678
f 558 2169 2168
f 1678 2168 2169
f 309 2167 2165
f 558 2168 2167
f 432 2165 2168
f 2167 2168 2165
f 23 2170 1213
f 559 2171 2170
f 313 1213 2171
f 2170 2171 1213
f 149 2172 2174
f 560 2173 2172
f 559 2174 2173
f 2172 2173 2174
f 84 1218 2176
f 313 2175 1218
f 560 2176 2175
f 1218 2175 2176
f 559 2173 2171
f 560 2175 2173
f 313 2171 2175
f 2173 2175 2171
f 34 1684 2178
f 437 2177 1684
f 562 2178 2177
f 1684 2177 2178
f 116 2179 1688
f 561 2180 2179
f 437 1688 2180
f 2179 2180 1688
f 149 2181 2183
f 562 2182 2181
f 561 2183 2182
f 2181 2182 2183
f 437 2180 2177
f 561 2182 2180
f 562 2177 2182
f 2180 2182 2177
f 84 2176 2166
f 560 2184 2176
f 558 2166 2184
f 2176 2184 2166
f 149 2183 2172
f 561 2185 2183
f 560 2172 2185
f 2183 2185 2172
f 116 2169 2179
f 558 2186 2169
f 561 2179 2186
f 2169 2186 2179
f 560 2185 2184
f 561 2186 2185
f 558 2184 2186
f 2185 2186 2184
f 6 1244 1169
f 320 2187 1244
f 300 1169 2187
f 1244 2187 1169
f 86 2188 1247
f 563 2189 2188
f 320 1247 2189
f 2188 2189 1247
f 80 1173 2191
f 300 2190 1173
f 563 2191 2190
f 1173 2190 2191
f 320 2189 2187
f 563 2190 2189
f 300 2187 2190
f 2189 2190 2187
f 26 2192 1257
f 564 2193 2192
f 323 1257 2193
f 2192 2193 1257
f 150 2194 2196
f 565 2195 2194
f 564 2196 2195
f 2194 2195 2196
f 86 1262 2198
f 323 2197 1262
f 565 2198 2197
f 1262 2197 2198
f 564 2195 2193
f 565 2197 2195
f 323 2193 2197
f 2195 2197 2193
f 23 1178 2200
f 304 2199 1178
f 567 2200 2199
f 1178 2199 2200
f 80 2201 1182
f 566 2202 2201
f 304 1182 2202
f 2201 2202 1182
f 150 2203 2205
f 567 2204 2203
f 566 2205 2204
f 2203 2204 2205
f 304 2202 2199
f 566 2204 2202
f 567 2199 2204
f 2202 2204 2199
f 86 2198 2188
f 565 2206 2198
f 563 2188 2206
f 2198 2206 2188
f 150 2205 2194
f 566 2207 2205
f 565 2194 2207
f 2205 2207 2194
f 80 2191 2201
f 563 2208 2191
f 566 2201 2208
f 2191 2208 2201
f 565 2207 2206
f 566 2208 2207
f 563 2206 2208
f 2207 2208 2206
f 34 2178 2148
f 562 2209 2178
f 554 2148 2209
f 2178 2209 2148
f 149 2210 2181
f 568 2211 2210
f 562 2181 2211
f 2210 2211 2181
f 148 2152 2213
f 554 2212 2152
f 568 2213 2212
f 2152 2212 2213
f 562 2211 2209
f 568 2212 2211
f 554 2209 2212
f 2211 2212 2209
f 23 2200 2170
f 567 2214 2200
f 559 2170 2214
f 2200 2214 2170
f 150 2215 2203
f 569 2216 2215
f 567 2203 2216
f 2215 2216 2203
f 149 2174 2218
f 559 2217 2174
f 569 2218 2217
f 2174 2217 2218
f 567 2216 2214
f 569 2217 2216
f 559 2214 2217
f 2216 2217 2214
f 26 2156 2192
f 557 2219 2156
f 564 2192 2219
f 2156 2219 2192
f 148 2220 2159
f 570 2221 2220
f 557 2159 2221
f 2220 2221 2159
f 150 2196 2223
f 564 2222 2196
f 570 2223 2222
f 2196 2222 2223
f 557 2221 2219
f 570 2222 2221
f 564 2219 2222
f 2221 2222 2219
f 149 2218 2210
f 569 2224 2218
f 568 2210 2224
f 2218 2224 2210
f 150 2223 2215
f 570 2225 2223
f 569 2215 2225
f 2223 2225 2215
f 148 2213 2220
f 568 2226 2213
f 570 2220 2226
f 2213 2226 2220
f 569 2225 2224
f 570 2226 2225
f 568 2224 2226
f 2225 2226 2224
f 3 1805 1395
f 469 2227 1805
f 359 1395 2227
f 1805 2227 1395
f 128 2228 1809
f 571 2229 2228
f 469 1809 2229
f 2228 2229 1809
f 96 1400 2231
f 359 2230 1400
f 571 2231 2230
f 1400 2230 2231
f 469 2229 2227
f 571 2230 2229
f 359 2227 2230
f 2229 2230 2227
f 36 2232 1821
f 572 2233 2232
f 473 1821 2233
f 2232 2233 1821
f 151 2234 2236
f 573 2235 2234
f 572 2236 2235
f 2234 2235 2236
f 128 1826 2238
f 473 2237 1826
f 573 2238 2237
f 1826 2237 2238
f 572 2235 2233
f 573 2237 2235
f 473 2233 2237
f 2235 2237 2233
f 28 1406 2240
f 364 2239 1406
f 575 2240 2239
f 1406 2239 2240
f 96 2241 1410
f 574 2242 2241
f 364 1410 2242
f 2241 2242 1410
f 151 2243 2245
f 575 2244 2243
f 574 2245 2244
f 2243 2244 2245
f 364 2242 2239
f 574 2244 2242
f 575 2239 2244
f 2242 2244 2239
f 128 2238 2228
f 573 2246 2238
f 571 2228 2246
f 2238 2246 2228
f 151 2245 2234
f 574 2247 2245
f 573 2234 2247
f 2245 2247 2234
f 96 2231 2241
f 571 2248 2231
f 574 2241 2248
f 2231 2248 2241
f 573 2247 2246
f 574 2248 2247
f 571 2246 2248
f 2247 2248 2246
f 5 1297 1777
f 335 2249 1297
f 460 1777 2249
f 1297 2249 1777
f 91 2250 1301
f 576 2251 2250
f 335 1301 2251
f 2250 2251 1301
f 124 1781 2253
f 460 2252 1781
f 576 2253 2252
f 1781 2252 2253
f 335 2251 2249
f 576 2252 2251
f 460 2249 2252
f 2251 2252 2249
f 25 2254 1313
f 577 2255 2254
f 339 1313 2255
f 2254 2255 1313
f 152 2256 2258
f 578 2257 2256
f 577 2258 2257
f 2256 2257 2258
f 91 1318 2260
f 339 2259 1318
f 578 2260 2259
f 1318 2259 2260
f 577 2257 2255
f 578 2259 2257
f 339 2255 2259
f 2257 2259 2255
f 36 1786 2262
f 464 2261 1786
f 580 2262 2261
f 1786 2261 2262
f 124 2263 1790
f 579 2264 2263
f 464 1790 2264
f 2263 2264 1790
f 152 2265 2267
f 580 2266 2265
f 579 2267 2266
f 2265 2266 2267
f 464 2264 2261
f 579 2266 2264
f 580 2261 2266
f 2264 2266 2261
f 91 2260 2250
f 578 2268 2260
f 576 2250 2268
f 2260 2268 2250
f 152 2267 2256
f 579 2269 2267
f 578 2256 2269
f 2267 2269 2256
f 124 2253 2263
f 576 2270 2253
f 579 2263 2270
f 2253 2270 2263
f 578 2269 2268
f 579 2270 2269
f 576 2268 2270
f 2269 2270 2268
f 12 1344 1269
f 346 2271 1344
f 326 1269 2271
f 1344 2271 1269
f 93 2272 1347
f 581 2273 2272
f 346 1347 2273
f 2272 2273 1347
f 87 1273 2275
f 326 2274 1273
f 581 2275 2274
f 1273 2274 2275
f 346 2273 2271
f 581 2274 2273
f 326 2271 2274
f 2273 2274 2271
f 28 2276 1357
f 582 2277 2276
f 349 1357 2277
f 2276 2277 1357
f 153 2278 2280
f 583 2279 2278
f 582 2280 2279
f 2278 2279 2280
f 93 1362 2282
f 349 2281 1362
f 583 2282 2281
f 1362 2281 2282
f 582 2279 2277
f 583 2281 2279
f 349 2277 2281
f 2279 2281 2277
f 25 1278 2284
f 330 2283 1278
f 585 2284 2283
f 1278 2283 2284
f 87 2285 1282
f 584 2286 2285
f 330 1282 2286
f 2285 2286 1282
f 153 2287 2289
f 585 2288 2287
f 584 2289 2288
f 2287 2288 2289
f 330 2286 2283
f 584 2288 2286
f 585 2283 2288
f 2286 2288 2283
f 93 2282 2272
f 583 2290 2282
f 581 2272 2290
f 2282 2290 2272
f 153 2289 2278
f 584 2291 2289
f 583 2278 2291
f 2289 2291 2278
f 87 2275 2285
f 581 2292 2275
f 584 2285 2292
f 2275 2292 2285
f 583 2291 2290
f 584 2292 2291
f 581 2290 2292
f 2291 2292 2290
f 36 2262 2232
f 580 2293 2262
f 572 2232 2293
f 2262 2293 2232
f 152 2294 2265
f 586 2295 2294
f 580 2265 2295
f 2294 2295 2265
f 151 2236 2297
f 572 2296 2236
f 586 2297 2296
f 2236 2296 2297
f 580 2295 2293
f 586 2296 2295
f 572 2293 2296
f 2295 2296 2293
f 25 2284 2254
f 585 2298 2284
f 577 2254 2298
f 2284 2298 2254
f 153 2299 2287
f 587 2300 2299
f 585 2287 2300
f 2299 2300 2287
f 152 2258 2302
f 577 2301 2258
f 587 2302 2301
f 2258 2301 2302
f 585 2300 2298
f 587 2301 2300
f 577 2298 2301
f 2300 2301 2298
f 28 2240 2276
f 575 2303 2240
f 582 2276 2303
f 2240 2303 2276
f 151 2304 2243
f 588 2305 2304
f 575 2243 2305
f 2304 2305 2243
f 153 2280 2307
f 582 2306 2280
f 588 2307 2306
f 2280 2306 2307
f 575 2305 2303
f 588 2306 2305
f 582 2303 2306
f 2305 2306 2303
f 152 2302 2294
f 587 2308 2302
f 586 2294 2308
f 2302 2308 2294
f 153 2307 2299
f 588 2309 2307
f 587 2299 2309
f 2307 2309 2299
f 151 2297 2304
f 586 2310 2297
f 588 2304 2310
f 2297 2310 2304
f 587 2309 2308
f 588 2310 2309
f 586 2308 2310
f 2309 2310 2308
f 7 1905 1495
f 495 2311 1905
f 385 1495 2311
f 1905 2311 1495
f 135 2312 1909
f 589 2313 2312
f 495 1909 2313
f 2312 2313 1909
f 103 1500 2315
f 385 2314 1500
f 589 2315 2314
f 1500 2314 2315
f 495 2313 2311
f 589 2314 2313
f 385 2311 2314
f 2313 2314 2311
f 38 2316 1921
f 590 2317 2316
f 499 1921 2317
f 2316 2317 1921
f 154 2318 2320
f 591 2319 2318
f 590 2320 2319
f 2318 2319 2320
f 135 1926 2322
f 499 2321 1926
f 591 2322 2321
f 1926 2321 2322
f 590 2319 2317
f 591 2321 2319
f 499 2317 2321
f 2319 2321 2317
f 30 1506 2324
f 390 2323 1506
f 593 2324 2323
f 1506 2323 2324
f 103 2325 1510
f 592 2326 2325
f 390 1510 2326
f 2325 2326 1510
f 154 2327 2329
f 593 2328 2327
f 592 2329 2328
f 2327 2328 2329
f 390 2326 2323
f 592 2328 2326
f 593 2323 2328
f 2326 2328 2323
f 135 2322 2312
f 591 2330 2322
f 589 2312 2330
f 2322 2330 2312
f 154 2329 2318
f 592 2331 2329
f 591 2318 2331
f 2329 2331 2318
f 103 2315 2325
f 589 2332 2315
f 592 2325 2332
f 2315 2332 2325
f 591 2331 2330
f 592 2332 2331
f 589 2330 2332
f 2331 2332 2330
f 3 1397 1877
f 361 2333 1397
f 486 1877 2333
f 1397 2333 1877
f 98 2334 1401
f 594 2335 2334
f 361 1401 2335
f 2334 2335 1401
f 131 1881 2337
f 486 2336 1881
f 594 2337 2336
f 1881 2336 2337
f 361 2335 2333
f 594 2336 2335
f 486 2333 2336
f 2335 2336 2333
f 27 2338 1413
f 595 2339 2338
f 365 1413 2339
f 2338 2339 1413
f 155 2340 2342
f 596 2341 2340
f 595 2342 2341
f 2340 2341 2342
f 98 1418 2344
f 365 2343 1418
f 596 2344 2343
f 1418 2343 2344
f 595 2341 2339
f 596 2343 2341
f 365 2339 2343
f 2341 2343 2339
f 38 1886 2346
f 490 2345 1886
f 598 2346 2345
f 1886 2345 2346
f 131 2347 1890
f 597 2348 2347
f 490 1890 2348
f 2347 2348 1890
f 155 2349 2351
f 598 2350 2349
f 597 2351 2350
f 2349 2350 2351
f 490 2348 2345
f 597 2350 2348
f 598 2345 2350
f 2348 2350 2345
f 98 2344 2334
f 596 2352 2344
f 594 2334 2352
f 2344 2352 2334
f 155 2351 2340
f 597 2353 2351
f 596 2340 2353
f 2351 2353 2340
f 131 2337 2347
f 594 2354 2337
f 597 2347 2354
f 2337 2354 2347
f 596 2353 2352
f 597 2354 2353
f 594 2352 2354
f 2353 2354 2352
f 11 1444 1369
f 372 2355 1444
f 352 1369 2355
f 1444 2355 1369
f 100 2356 1447
f 599 2357 2356
f 372 1447 2357
f 2356 2357 1447
f 94 1373 2359
f 352 2358 1373
f 599 2359 2358
f 1373 2358 2359
f 372 2357 2355
f 599 2358 2357
f 352 2355 2358
f 2357 2358 2355
f 30 2360 1457
f 600 2361 2360
f 375 1457 2361
f 2360 2361 1457
f 156 2362 2364
f 601 2363 2362
f 600 2364 2363
f 2362 2363 2364
f 100 1462 2366
f 375 2365 1462
f 601 2366 2365
f 1462 2365 2366
f 600 2363 2361
f 601 2365 2363
f 375 2361 2365
f 2363 2365 2361
f 27 1378 2368
f 356 2367 1378
f 603 2368 2367
f 1378 2367 2368
f 94 2369 1382
f 602 2370 2369
f 356 1382 2370
f 2369 2370 1382
f 156 2371 2373
f 603 2372 2371
f 602 2373 2372
f 2371 2372 2373
f 356 2370 2367
f 602 2372 2370
f 603 2367 2372
f 2370 2372 2367
f 100 2366 2356
f 601 2374 2366
f 599 2356 2374
f 2366 2374 2356
f 156 2373 2362
f 602 2375 2373
f 601 2362 2375
f 2373 2375 2362
f 94 2359 2369
f 599 2376 2359
f 602 2369 2376
f 2359 2376 2369
f 601 2375 2374
f 602 2376 2375
f 599 2374 2376
f 2375 2376 2374
f 38 2346 2316
f 598 2377 2346
f 590 2316 2377
f 2346 2377 2316
f 155 2378 2349
f 604 2379 2378
f 598 2349 2379
f 2378 2379 2349
f 154 2320 2381
f 590 2380 2320
f 604 2381 2380
f 2320 2380 2381
f 598 2379 2377
f 604 2380 2379
f 590 2377 2380
f 2379 2380 2377
f 27 2368 2338
f 603 2382 2368
f 595 2338 2382
f 2368 2382 2338
f 156 2383 2371
f 605 2384 2383
f 603 2371 2384
f 2383 2384 2371
f 155 2342 2386
f 595 2385 2342
f 605 2386 2385
f 2342 2385 2386
f 603 2384 2382
f 605 2385 2384
f 595 2382 2385
f 2384 2385 2382
f 30 2324 2360
f 593 2387 2324
f 600 2360 2387
f 2324 2387 2360
f 154 2388 2327
f 606 2389 2388
f 593 2327 2389
f 2388 2389 2327
f 156 2364 2391
f 600 2390 2364
f 606 2391 2390
f 2364 2390 2391
f 593 2389 2387
f 606 2390 2389
f 600 2387 2390
f 2389 2390 2387
f 155 2386 2378
f 605 2392 2386
f 604 2378 2392
f 2386 2392 2378
f 156 2391 2383
f 606 2393 2391
f 605 2383 2393
f 2391 2393 2383
f 154 2381 2388
f 604 2394 2381
f 606 2388 2394
f 2381 2394 2388
f 605 2393 2392
f 606 2394 2393
f 604 2392 2394
f 2393 2394 2392
f 9 2005 1595
f 521 2395 2005
f 411 1595 2395
f 2005 2395 1595
f 142 2396 2009
f 607 2397 2396
f 521 2009 2397
f 2396 2397 2009
f 110 1600 2399
f 411 2398 1600
f 607 2399 2398
f 1600 2398 2399
f 521 2397 2395
f 607 2398 2397
f 411 2395 2398
f 2397 2398 2395
f 40 2400 2021
f 608 2401 2400
f 525 2021 2401
f 2400 2401 2021
f 157 2402 2404
f 609 2403 2402
f 608 2404 2403
f 2402 2403 2404
f 142 2026 2406
f 525 2405 2026
f 609 2406 2405
f 2026 2405 2406
f 608 2403 2401
f 609 2405 2403
f 525 2401 2405
f 2403 2405 2401
f 32 1606 2408
f 416 2407 1606
f 611 2408 2407
f 1606 2407 2408
f 110 2409 1610
f 610 2410 2409
f 416 1610 2410
f 2409 2410 1610
f 157 2411 2413
f 611 2412 2411
f 610 2413 2412
f 2411 2412 2413
f 416 2410 2407
f 610 2412 2410
f 611 2407 2412
f 2410 2412 2407
f 142 2406 2396
f 609 2414 2406
f 607 2396 2414
f 2406 2414 2396
f 157 2413 2402
f 610 2415 2413
f 609 2402 2415
f 2413 2415 2402
f 110 2399 2409
f 607 2416 2399
f 610 2409 2416
f 2399 2416 2409
f 609 2415 2414
f 610 2416 2415
f 607 2414 2416
f 2415 2416 2414
f 7 1497 1977
f 387 2417 1497
f 512 1977 2417
f 1497 2417 1977
f 105 2418 1501
f 612 2419 2418
f 387 1501 2419
f 2418 2419 1501
f 138 1981 2421
f 512 2420 1981
f 612 2421 2420
f 1981 2420 2421
f 387 2419 2417
f 612 2420 2419
f 512 2417 2420
f 2419 2420 2417
f 29 2422 1513
f 613 2423 2422
f 391 1513 2423
f 2422 2423 1513
f 158 2424 2426
f 614 2425 2424
f 613 2426 2425
f 2424 2425 2426
f 105 1518 2428
f 391 2427 1518
f 614 2428 2427
f 1518 2427 2428
f 613 2425 2423
f 614 2427 2425
f 391 2423 2427
f 2425 2427 2423
f 40 1986 2430
f 516 2429 1986
f 616 2430 2429
f 1986 2429 2430
f 138 2431 1990
f 615 2432 2431
f 516 1990 2432
f 2431 2432 1990
f 158 2433 2435
f 616 2434 2433
f 615 2435 2434
f 2433 2434 2435
f 516 2432 2429
f 615 2434 2432
f 616 2429 2434
f 2432 2434 2429
f 105 2428 2418
f 614 2436 2428
f 612 2418 2436
f 2428 2436 2418
f 158 2435 2424
f 615 2437 2435
f 614 2424 2437
f 2435 2437 2424
f 138 2421 2431
f 612 2438 2421
f 615 2431 2438
f 2421 2438 2431
f 614 2437 2436
f 615 2438 2437
f 612 2436 2438
f 2437 2438 2436
f 8 1544 1469
f 398 2439 1544
f 378 1469 2439
f 1544 2439 1469
f 107 2440 1547
f 617 2441 2440
f 398 1547 2441
f 2440 2441 1547
f 101 1473 2443
f 378 2442 1473
f 617 2443 2442
f 1473 2442 2443
f 398 2441 2439
f 617 2442 2441
f 378 2439 2442
f 2441 2442 2439
f 32 2444 1557
f 618 2445 2444
f 401 1557 2445
f 2444 2445 1557
f 159 2446 2448
f 619 2447 2446
f 618 2448 2447
f 2446 2447 2448
f 107 1562 2450
f 401 2449 1562
f 619 2450 2449
f 1562 2449 2450
f 618 2447 2445
f 619 2449 2447
f 401 2445 2449
f 2447 2449 2445
f 29 1478 2452
f 382 2451 1478
f 621 2452 2451
f 1478 2451 2452
f 101 2453 1482
f 620 2454 2453
f 382 1482 2454
f 2453 2454 1482
f 159 2455 2457
f 621 2456 2455
f 620 2457 2456
f 2455 2456 2457
f 382 2454 2451
f 620 2456 2454
f 621 2451 2456
f 2454 2456 2451
f 107 2450 2440
f 619 2458 2450
f 617 2440 2458
f 2450 2458 2440
f 159 2457 2446
f 620 2459 2457
f 619 2446 2459
f 2457 2459 2446
f 101 2443 2453
f 617 2460 2443
f 620 2453 2460
f 2443 2460 2453
f 619 2459 2458
f 620 2460 2459
f 617 2458 2460
f 2459 2460 2458
f 40 2430 2400
f 616 2461 2430
f 608 2400 2461
f 2430 2461 2400
f 158 2462 2433
f 622 2463 2462
f 616 2433 2463
f 2462 2463 2433
f 157 2404 2465
f 608 2464 2404
f 622 2465 2464
f 2404 2464 2465
f 616 2463 2461
f 622 2464 2463
f 608 2461 2464
f 2463 2464 2461
f 29 2452 2422
f 621 2466 2452
f 613 2422 2466
f 2452 2466 2422
f 159 2467 2455
f 623 2468 2467
f 621 2455 2468
f 2467 2468 2455
f 158 2426 2470
f 613 2469 2426
f 623 2470 2469
f 2426 2469 2470
f 621 2468 2466
f 623 2469 2468
f 613 2466 2469
f 2468 2469 2466
f 32 2408 2444
f 611 2471 2408
f 618 2444 2471
f 2408 2471 2444
f 157 2472 2411
f 624 2473 2472
f 611 2411 2473
f 2472 2473 2411
f 159 2448 2475
f 618 2474 2448
f 624 2475 2474
f 2448 2474 2475
f 611 2473 2471
f 624 2474 2473
f 618 2471 2474
f 2473 2474 2471
f 158 2470 2462
f 623 2476 2470
f 622 2462 2476
f 2470 2476 2462
f 159 2475 2467
f 624 2477 2475
f 623 2467 2477
f 2475 2477 2467
f 157 2465 2472
f 622 2478 2465
f 624 2472 2478
f 2465 2478 2472
f 623 2477 2476
f 624 2478 2477
f 622 2476 2478
f 2477 2478 2476
f 10 2100 1195
f 544 2479 2100
f 307 1195 2479
f 2100 2479 1195
f 147 2480 2103
f 625 2481 2480
f 544 2103 2481
f 2480 2481 2103
f 82 1200 2483
f 307 2482 1200
f 625 2483 2482
f 1200 2482 2483
f 544 2481 2479
f 625 2482 2481
f 307 2479 2482
f 2481 2482 2479
f 42 2484 2113
f 626 2485 2484
f 547 2113 2485
f 2484 2485 2113
f 160 2486 2488
f 627 2487 2486
f 626 2488 2487
f 2486 2487 2488
f 147 2118 2490
f 547 2489 2118
f 627 2490 2489
f 2118 2489 2490
f 626 2487 2485
f 627 2489 2487
f 547 2485 2489
f 2487 2489 2485
f 24 1206 2492
f 312 2491 1206
f 629 2492 2491
f 1206 2491 2492
f 82 2493 1210
f 628 2494 2493
f 312 1210 2494
f 2493 2494 1210
f 160 2495 2497
f 629 2496 2495
f 628 2497 2496
f 2495 2496 2497
f 312 2494 2491
f 628 2496 2494
f 629 2491 2496
f 2494 2496 2491
f 147 2490 2480
f 627 2498 2490
f 625 2480 2498
f 2490 2498 2480
f 160 2497 2486
f 628 2499 2497
f 627 2486 2499
f 2497 2499 2486
f 82 2483 2493
f 625 2500 2483
f 628 2493 2500
f 2483 2500 2493
f 627 2499 2498
f 628 2500 2499
f 625 2498 2500
f 2499 2500 2498
f 9 1597 2073
f 413 2501 1597
f 536 2073 2501
f 1597 2501 2073
f 112 2502 1601
f 630 2503 2502
f 413 1601 2503
f 2502 2503 1601
f 144 2077 2505
f 536 2504 2077
f 630 2505 2504
f 2077 2504 2505
f 413 2503 2501
f 630 2504 2503
f 536 2501 2504
f 2503 2504 2501
f 31 2506 1613
f 631 2507 2506
f 417 1613 2507
f 2506 2507 1613
f 161 2508 2510
f 632 2509 2508
f 631 2510 2509
f 2508 2509 2510
f 112 1618 2512
f 417 2511 1618
f 632 2512 2511
f 1618 2511 2512
f 631 2509 2507
f 632 2511 2509
f 417 2507 2511
f 2509 2511 2507
f 42 2082 2514
f 540 2513 2082
f 634 2514 2513
f 2082 2513 2514
f 144 2515 2086
f 633 2516 2515
f 540 2086 2516
f 2515 2516 2086
f 161 2517 2519
f 634 2518 2517
f 633 2519 2518
f 2517 2518 2519
f 540 2516 2513
f 633 2518 2516
f 634 2513 2518
f 2516 2518 2513
f 112 2512 2502
f 632 2520 2512
f 630 2502 2520
f 2512 2520 2502
f 161 2519 2508
f 633 2521 2519
f 632 2508 2521
f 2519 2521 2508
f 144 2505 2515
f 630 2522 2505
f 633 2515 2522
f 2505 2522 2515
f 632 2521 2520
f 633 2522 2521
f 630 2520 2522
f 2521 2522 2520
f 2 1144 1569
f 294 2523 1144
f 404 1569 2523
f 1144 2523 1569
f 79 2524 1147
f 635 2525 2524
f 294 1147 2525
f 2524 2525 1147
f 108 1573 2527
f 404 2526 1573
f 635 2527 2526
f 1573 2526 2527
f 294 2525 2523
f 635 2526 2525
f 404 2523 2526
f 2525 2526 2523
f 24 2528 1157
f 636 2529 2528
f 297 1157 2529
f 2528 2529 1157
f 162 2530 2532
f 637 2531 2530
f 636 2532 2531
f 2530 2531 2532
f 79 1162 2534
f 297 2533 1162
f 637 2534 2533
f 1162 2533 2534
f 636 2531 2529
f 637 2533 2531
f 297 2529 2533
f 2531 2533 2529
f 31 1578 2536
f 408 2535 1578
f 639 2536 2535
f 1578 2535 2536
f 108 2537 1582
f 638 2538 2537
f 408 1582 2538
f 2537 2538 1582
f 162 2539 2541
f 639 2540 2539
f 638 2541 2540
f 2539 2540 2541
f 408 2538 2535
f 638 2540 2538
f 639 2535 2540
f 2538 2540 2535
f 79 2534 2524
f 637 2542 2534
f 635 2524 2542
f 2534 2542 2524
f 162 2541 2530
f 638 2543 2541
f 637 2530 2543
f 2541 2543 2530
f 108 2527 2537
f 635 2544 2527
f 638 2537 2544
f 2527 2544 2537
f 637 2543 2542
f 638 2544 2543
f 635 2542 2544
f 2543 2544 2542
f 42 2514 2484
f 634 2545 2514
f 626 2484 2545
f 2514 2545 2484
f 161 2546 2517
f 640 2547 2546
f 634 2517 2547
f 2546 2547 2517
f 160 2488 2549
f 626 2548 2488
f 640 2549 2548
f 2488 2548 2549
f 634 2547 2545
f 640 2548 2547
f 626 2545 2548
f 2547 2548 2545
f 31 2536 2506
f 639 2550 2536
f 631 2506 2550
f 2536 2550 2506
f 162 2551 2539
f 641 2552 2551
f 639 2539 2552
f 2551 2552 2539
f 161 2510 2554
f 631 2553 2510
f 641 2554 2553
f 2510 2553 2554
f 639 2552 2550
f 641 2553 2552
f 631 2550 2553
f 2552 2553 2550
f 24 2492 2528
f 629 2555 2492
f 636 2528 2555
f 2492 2555 2528
f 160 2556 2495
f 642 2557 2556
f 629 2495 2557
f 2556 2557 2495
f 162 2532 2559
f 636 2558 2532
f 642 2559 2558
f 2532 2558 2559
f 629 2557 2555
f 642 2558 2557
f 636 2555 2558
f 2557 2558 2555
f 161 2554 2546
f 641 2560 2554
f 640 2546 2560
f 2554 2560 2546
f 162 2559 2551
f 642 2561 2559
f 641 2551 2561
f 2559 2561 2551
f 160 2549 2556
f 640 2562 2549
f 642 2556 2562
f 2549 2562 2556
f 641 2561 2560
f 642 2562 2561
f 640 2560 2562
f 2561 2562 2560
